"Sim","Outcome","Scenario","Scenario_name","method","fit_ok","metric_name","metric_value","elapsed_time","error_message","n_rules_total","n_rule_terms_selected","n_linear_selected","n_rules_deg1","n_rules_deg2","n_rules_deg3","n_rules_deg4","n_rules_deg5plus","prop_deg1","prop_deg2","prop_deg_le2","avg_rule_degree"
1,"continuous",1,"Purely rule-based","BRP-GABLE full",TRUE,"MSE",1.02275676999858,54.68,NA,34,31,3,31,3,0,0,0,0.911764705882353,0.0882352941176471,1,1.08823529411765
1,"continuous",1,"Purely rule-based","BRP-GABLE rule-only",TRUE,"MSE",1.01943131781885,54.49,NA,29,29,0,26,3,0,0,0,0.896551724137931,0.103448275862069,1,1.10344827586207
1,"continuous",1,"Purely rule-based","GABLE",TRUE,"MSE",1.87976146232227,1.41,NA,5,5,0,5,0,0,0,0,1,0,1,1
1,"continuous",1,"Purely rule-based","GBM",TRUE,"MSE",1.37121787696717,0.0499999999999972,NA,NA,NA,NA,NA,NA,NA,NA,NA,NA,NA,NA,NA
1,"continuous",1,"Purely rule-based","Linear",TRUE,"MSE",3.33626058606897,0,NA,20,0,20,20,0,0,0,0,1,0,1,1
1,"continuous",1,"Purely rule-based","Random forest",TRUE,"MSE",1.52736795725937,2.54,NA,NA,NA,NA,NA,NA,NA,NA,NA,NA,NA,NA,NA
1,"continuous",1,"Purely rule-based","RuleFit",TRUE,"MSE",1.13382995950077,29.84,NA,84,84,0,3,71,10,0,0,0.0357142857142857,0.845238095238095,0.880952380952381,2.08333333333333
2,"continuous",1,"Purely rule-based","BRP-GABLE full",TRUE,"MSE",1.18293939619467,54.39,NA,40,39,1,36,4,0,0,0,0.9,0.1,1,1.1
2,"continuous",1,"Purely rule-based","BRP-GABLE rule-only",TRUE,"MSE",1.17124043281076,54.24,NA,43,43,0,39,4,0,0,0,0.906976744186046,0.0930232558139535,1,1.09302325581395
2,"continuous",1,"Purely rule-based","GABLE",TRUE,"MSE",2.2218815396518,1.3,NA,5,5,0,5,0,0,0,0,1,0,1,1
2,"continuous",1,"Purely rule-based","GBM",TRUE,"MSE",1.41914778769522,0.0500000000000043,NA,NA,NA,NA,NA,NA,NA,NA,NA,NA,NA,NA,NA
2,"continuous",1,"Purely rule-based","Linear",TRUE,"MSE",3.24285666793636,0.019999999999996,NA,20,0,20,20,0,0,0,0,1,0,1,1
2,"continuous",1,"Purely rule-based","Random forest",TRUE,"MSE",1.57410331815231,2.67,NA,NA,NA,NA,NA,NA,NA,NA,NA,NA,NA,NA,NA
2,"continuous",1,"Purely rule-based","RuleFit",TRUE,"MSE",1.20759666847443,27.12,NA,70,70,0,2,66,2,0,0,0.0285714285714286,0.942857142857143,0.971428571428571,2
3,"continuous",1,"Purely rule-based","BRP-GABLE full",TRUE,"MSE",1.14223639822599,53.97,NA,43,41,2,38,5,0,0,0,0.883720930232558,0.116279069767442,1,1.11627906976744
3,"continuous",1,"Purely rule-based","BRP-GABLE rule-only",TRUE,"MSE",1.14023025403193,53.73,NA,42,42,0,37,5,0,0,0,0.880952380952381,0.119047619047619,1,1.11904761904762
3,"continuous",1,"Purely rule-based","GABLE",TRUE,"MSE",2.24481610168976,1.39,NA,5,5,0,5,0,0,0,0,1,0,1,1
3,"continuous",1,"Purely rule-based","GBM",TRUE,"MSE",1.49370292461678,0.0600000000000023,NA,NA,NA,NA,NA,NA,NA,NA,NA,NA,NA,NA,NA
3,"continuous",1,"Purely rule-based","Linear",TRUE,"MSE",3.57824748002857,0,NA,20,0,20,20,0,0,0,0,1,0,1,1
3,"continuous",1,"Purely rule-based","Random forest",TRUE,"MSE",1.57301839725935,2.45,NA,NA,NA,NA,NA,NA,NA,NA,NA,NA,NA,NA,NA
3,"continuous",1,"Purely rule-based","RuleFit",TRUE,"MSE",1.22904668446455,26.53,NA,87,87,0,0,73,14,0,0,0,0.839080459770115,0.839080459770115,2.16091954022989
4,"continuous",1,"Purely rule-based","BRP-GABLE full",TRUE,"MSE",1.16448376911481,53.29,NA,41,40,1,36,5,0,0,0,0.878048780487805,0.121951219512195,1,1.1219512195122
4,"continuous",1,"Purely rule-based","BRP-GABLE rule-only",TRUE,"MSE",1.15854271129118,52.76,NA,43,43,0,38,5,0,0,0,0.883720930232558,0.116279069767442,1,1.11627906976744
4,"continuous",1,"Purely rule-based","GABLE",TRUE,"MSE",2.15043603579655,1.37,NA,5,5,0,5,0,0,0,0,1,0,1,1
4,"continuous",1,"Purely rule-based","GBM",TRUE,"MSE",1.42813912071176,0.0399999999999991,NA,NA,NA,NA,NA,NA,NA,NA,NA,NA,NA,NA,NA
4,"continuous",1,"Purely rule-based","Linear",TRUE,"MSE",3.26964330297249,0,NA,20,0,20,20,0,0,0,0,1,0,1,1
4,"continuous",1,"Purely rule-based","Random forest",TRUE,"MSE",1.53349015408479,2.57,NA,NA,NA,NA,NA,NA,NA,NA,NA,NA,NA,NA,NA
4,"continuous",1,"Purely rule-based","RuleFit",TRUE,"MSE",1.19799001931982,27.21,NA,89,89,0,4,66,19,0,0,0.0449438202247191,0.741573033707865,0.786516853932584,2.1685393258427
5,"continuous",1,"Purely rule-based","BRP-GABLE full",TRUE,"MSE",1.11257571233115,53.5,NA,34,33,1,28,6,0,0,0,0.823529411764706,0.176470588235294,1,1.17647058823529
5,"continuous",1,"Purely rule-based","BRP-GABLE rule-only",TRUE,"MSE",1.11306843953906,53.04,NA,33,33,0,27,6,0,0,0,0.818181818181818,0.181818181818182,1,1.18181818181818
5,"continuous",1,"Purely rule-based","GABLE",TRUE,"MSE",1.9406797509228,1.26,NA,5,5,0,5,0,0,0,0,1,0,1,1
5,"continuous",1,"Purely rule-based","GBM",TRUE,"MSE",1.3610924339545,0.0500000000000043,NA,NA,NA,NA,NA,NA,NA,NA,NA,NA,NA,NA,NA
5,"continuous",1,"Purely rule-based","Linear",TRUE,"MSE",3.01298876374785,0.00999999999999801,NA,20,0,20,20,0,0,0,0,1,0,1,1
5,"continuous",1,"Purely rule-based","Random forest",TRUE,"MSE",1.49645377562392,2.66,NA,NA,NA,NA,NA,NA,NA,NA,NA,NA,NA,NA,NA
5,"continuous",1,"Purely rule-based","RuleFit",TRUE,"MSE",1.14364538271482,29.09,NA,98,98,0,5,78,15,0,0,0.0510204081632653,0.795918367346939,0.846938775510204,2.10204081632653
6,"continuous",1,"Purely rule-based","BRP-GABLE full",TRUE,"MSE",1.18121227359084,53.55,NA,33,30,3,28,5,0,0,0,0.848484848484849,0.151515151515152,1,1.15151515151515
6,"continuous",1,"Purely rule-based","BRP-GABLE rule-only",TRUE,"MSE",1.17437861761231,53.22,NA,35,35,0,30,5,0,0,0,0.857142857142857,0.142857142857143,1,1.14285714285714
6,"continuous",1,"Purely rule-based","GABLE",TRUE,"MSE",2.06472982157258,1.34999999999999,NA,5,5,0,5,0,0,0,0,1,0,1,1
6,"continuous",1,"Purely rule-based","GBM",TRUE,"MSE",1.52962096072186,0.0400000000000063,NA,NA,NA,NA,NA,NA,NA,NA,NA,NA,NA,NA,NA
6,"continuous",1,"Purely rule-based","Linear",TRUE,"MSE",3.53281906297294,0.0299999999999869,NA,20,0,20,20,0,0,0,0,1,0,1,1
6,"continuous",1,"Purely rule-based","Random forest",TRUE,"MSE",1.63626391881155,2.17999999999999,NA,NA,NA,NA,NA,NA,NA,NA,NA,NA,NA,NA,NA
6,"continuous",1,"Purely rule-based","RuleFit",TRUE,"MSE",1.2602391823043,26.4,NA,66,66,0,1,59,6,0,0,0.0151515151515152,0.893939393939394,0.909090909090909,2.07575757575758
7,"continuous",1,"Purely rule-based","BRP-GABLE full",TRUE,"MSE",0.998790896600152,54.44,NA,34,34,0,28,6,0,0,0,0.823529411764706,0.176470588235294,1,1.17647058823529
7,"continuous",1,"Purely rule-based","BRP-GABLE rule-only",TRUE,"MSE",0.992554229841585,54.09,NA,34,34,0,28,6,0,0,0,0.823529411764706,0.176470588235294,1,1.17647058823529
7,"continuous",1,"Purely rule-based","GABLE",TRUE,"MSE",2.18934571643617,1.34,NA,5,5,0,5,0,0,0,0,1,0,1,1
7,"continuous",1,"Purely rule-based","GBM",TRUE,"MSE",1.35425176476125,0.0499999999999829,NA,NA,NA,NA,NA,NA,NA,NA,NA,NA,NA,NA,NA
7,"continuous",1,"Purely rule-based","Linear",TRUE,"MSE",3.48192103214539,0.0300000000000011,NA,20,0,20,20,0,0,0,0,1,0,1,1
7,"continuous",1,"Purely rule-based","Random forest",TRUE,"MSE",1.44606306540038,2.36000000000001,NA,NA,NA,NA,NA,NA,NA,NA,NA,NA,NA,NA,NA
7,"continuous",1,"Purely rule-based","RuleFit",TRUE,"MSE",1.04186659539551,25.37,NA,71,71,0,3,64,4,0,0,0.0422535211267606,0.901408450704225,0.943661971830986,2.01408450704225
8,"continuous",1,"Purely rule-based","BRP-GABLE full",TRUE,"MSE",1.33154534941538,52.9,NA,33,32,1,30,3,0,0,0,0.909090909090909,0.0909090909090909,1,1.09090909090909
8,"continuous",1,"Purely rule-based","BRP-GABLE rule-only",TRUE,"MSE",1.31544898264427,52.33,NA,33,33,0,30,3,0,0,0,0.909090909090909,0.0909090909090909,1,1.09090909090909
8,"continuous",1,"Purely rule-based","GABLE",TRUE,"MSE",1.9433666892938,1.15000000000001,NA,5,5,0,5,0,0,0,0,1,0,1,1
8,"continuous",1,"Purely rule-based","GBM",TRUE,"MSE",1.49561757576089,0.039999999999992,NA,NA,NA,NA,NA,NA,NA,NA,NA,NA,NA,NA,NA
8,"continuous",1,"Purely rule-based","Linear",TRUE,"MSE",3.27473712248928,0.0200000000000102,NA,20,0,20,20,0,0,0,0,1,0,1,1
8,"continuous",1,"Purely rule-based","Random forest",TRUE,"MSE",1.5355920398219,2.34999999999999,NA,NA,NA,NA,NA,NA,NA,NA,NA,NA,NA,NA,NA
8,"continuous",1,"Purely rule-based","RuleFit",TRUE,"MSE",1.18380629998737,26.5,NA,78,78,0,1,73,4,0,0,0.0128205128205128,0.935897435897436,0.948717948717949,2.03846153846154
9,"continuous",1,"Purely rule-based","BRP-GABLE full",TRUE,"MSE",1.15380857794694,53.62,NA,31,30,1,28,3,0,0,0,0.903225806451613,0.0967741935483871,1,1.09677419354839
9,"continuous",1,"Purely rule-based","BRP-GABLE rule-only",TRUE,"MSE",1.13908187889329,53.85,NA,33,33,0,30,3,0,0,0,0.909090909090909,0.0909090909090909,1,1.09090909090909
9,"continuous",1,"Purely rule-based","GABLE",TRUE,"MSE",1.89988971333423,1.28,NA,5,5,0,5,0,0,0,0,1,0,1,1
9,"continuous",1,"Purely rule-based","GBM",TRUE,"MSE",1.42370079426677,0.0500000000000114,NA,NA,NA,NA,NA,NA,NA,NA,NA,NA,NA,NA,NA
9,"continuous",1,"Purely rule-based","Linear",TRUE,"MSE",3.1886416296548,0.0199999999999818,NA,20,0,20,20,0,0,0,0,1,0,1,1
9,"continuous",1,"Purely rule-based","Random forest",TRUE,"MSE",1.55778774188377,2.28999999999999,NA,NA,NA,NA,NA,NA,NA,NA,NA,NA,NA,NA,NA
9,"continuous",1,"Purely rule-based","RuleFit",TRUE,"MSE",1.15045482376489,25.72,NA,78,78,0,2,69,7,0,0,0.0256410256410256,0.884615384615385,0.91025641025641,2.06410256410256
10,"continuous",1,"Purely rule-based","BRP-GABLE full",TRUE,"MSE",1.22465842202532,54.11,NA,26,26,0,22,4,0,0,0,0.846153846153846,0.153846153846154,1,1.15384615384615
10,"continuous",1,"Purely rule-based","BRP-GABLE rule-only",TRUE,"MSE",1.20695543749392,53.59,NA,27,27,0,23,4,0,0,0,0.851851851851852,0.148148148148148,1,1.14814814814815
10,"continuous",1,"Purely rule-based","GABLE",TRUE,"MSE",2.19910038860424,1.43000000000001,NA,5,5,0,5,0,0,0,0,1,0,1,1
10,"continuous",1,"Purely rule-based","GBM",TRUE,"MSE",1.53112483522198,0.039999999999992,NA,NA,NA,NA,NA,NA,NA,NA,NA,NA,NA,NA,NA
10,"continuous",1,"Purely rule-based","Linear",TRUE,"MSE",3.36373350150317,0.0200000000000102,NA,20,0,20,20,0,0,0,0,1,0,1,1
10,"continuous",1,"Purely rule-based","Random forest",TRUE,"MSE",1.59018257736209,2.31,NA,NA,NA,NA,NA,NA,NA,NA,NA,NA,NA,NA,NA
10,"continuous",1,"Purely rule-based","RuleFit",TRUE,"MSE",1.19928233515244,25.28,NA,65,65,0,4,55,6,0,0,0.0615384615384615,0.846153846153846,0.907692307692308,2.03076923076923
11,"continuous",1,"Purely rule-based","BRP-GABLE full",TRUE,"MSE",1.27939650048722,54.21,NA,28,28,0,25,3,0,0,0,0.892857142857143,0.107142857142857,1,1.10714285714286
11,"continuous",1,"Purely rule-based","BRP-GABLE rule-only",TRUE,"MSE",1.27308830002167,53.69,NA,27,27,0,24,3,0,0,0,0.888888888888889,0.111111111111111,1,1.11111111111111
11,"continuous",1,"Purely rule-based","GABLE",TRUE,"MSE",2.02305364793605,1.30000000000001,NA,5,5,0,5,0,0,0,0,1,0,1,1
11,"continuous",1,"Purely rule-based","GBM",TRUE,"MSE",1.4445580716555,0.0500000000000114,NA,NA,NA,NA,NA,NA,NA,NA,NA,NA,NA,NA,NA
11,"continuous",1,"Purely rule-based","Linear",TRUE,"MSE",3.17904367637303,0.0199999999999818,NA,20,0,20,20,0,0,0,0,1,0,1,1
11,"continuous",1,"Purely rule-based","Random forest",TRUE,"MSE",1.55371415167202,2.28999999999999,NA,NA,NA,NA,NA,NA,NA,NA,NA,NA,NA,NA,NA
11,"continuous",1,"Purely rule-based","RuleFit",TRUE,"MSE",1.17383094177189,25.33,NA,87,87,0,4,67,16,0,0,0.0459770114942529,0.770114942528736,0.816091954022989,2.13793103448276
12,"continuous",1,"Purely rule-based","BRP-GABLE full",TRUE,"MSE",1.05030696885619,54.37,NA,40,39,1,34,6,0,0,0,0.85,0.15,1,1.15
12,"continuous",1,"Purely rule-based","BRP-GABLE rule-only",TRUE,"MSE",1.04069414393544,53.67,NA,41,41,0,35,6,0,0,0,0.853658536585366,0.146341463414634,1,1.14634146341463
12,"continuous",1,"Purely rule-based","GABLE",TRUE,"MSE",2.10517301385186,1.36000000000001,NA,5,5,0,5,0,0,0,0,1,0,1,1
12,"continuous",1,"Purely rule-based","GBM",TRUE,"MSE",1.37900909729127,0.0400000000000205,NA,NA,NA,NA,NA,NA,NA,NA,NA,NA,NA,NA,NA
12,"continuous",1,"Purely rule-based","Linear",TRUE,"MSE",3.17793101556776,0,NA,20,0,20,20,0,0,0,0,1,0,1,1
12,"continuous",1,"Purely rule-based","Random forest",TRUE,"MSE",1.42952316318089,2.23999999999998,NA,NA,NA,NA,NA,NA,NA,NA,NA,NA,NA,NA,NA
12,"continuous",1,"Purely rule-based","RuleFit",TRUE,"MSE",1.06182650225885,24.87,NA,85,85,0,5,67,13,0,0,0.0588235294117647,0.788235294117647,0.847058823529412,2.09411764705882
13,"continuous",1,"Purely rule-based","BRP-GABLE full",TRUE,"MSE",1.21184555243988,51.24,NA,30,30,0,24,6,0,0,0,0.8,0.2,1,1.2
13,"continuous",1,"Purely rule-based","BRP-GABLE rule-only",TRUE,"MSE",1.19752368124939,50.78,NA,30,30,0,24,6,0,0,0,0.8,0.2,1,1.2
13,"continuous",1,"Purely rule-based","GABLE",TRUE,"MSE",2.24664043150399,1.26000000000002,NA,5,5,0,5,0,0,0,0,1,0,1,1
13,"continuous",1,"Purely rule-based","GBM",TRUE,"MSE",1.67180455452115,0.0500000000000114,NA,NA,NA,NA,NA,NA,NA,NA,NA,NA,NA,NA,NA
13,"continuous",1,"Purely rule-based","Linear",TRUE,"MSE",3.63117070962448,0,NA,20,0,20,20,0,0,0,0,1,0,1,1
13,"continuous",1,"Purely rule-based","Random forest",TRUE,"MSE",1.78472361301327,2.32999999999998,NA,NA,NA,NA,NA,NA,NA,NA,NA,NA,NA,NA,NA
13,"continuous",1,"Purely rule-based","RuleFit",TRUE,"MSE",1.2395553673466,25.78,NA,90,90,0,3,75,12,0,0,0.0333333333333333,0.833333333333333,0.866666666666667,2.1
14,"continuous",1,"Purely rule-based","BRP-GABLE full",TRUE,"MSE",1.05012645361321,52.28,NA,30,29,1,26,4,0,0,0,0.866666666666667,0.133333333333333,1,1.13333333333333
14,"continuous",1,"Purely rule-based","BRP-GABLE rule-only",TRUE,"MSE",1.04632613166538,51.92,NA,28,28,0,24,4,0,0,0,0.857142857142857,0.142857142857143,1,1.14285714285714
14,"continuous",1,"Purely rule-based","GABLE",TRUE,"MSE",1.81280214825503,1.28999999999999,NA,5,5,0,5,0,0,0,0,1,0,1,1
14,"continuous",1,"Purely rule-based","GBM",TRUE,"MSE",1.39741698732816,0.0499999999999829,NA,NA,NA,NA,NA,NA,NA,NA,NA,NA,NA,NA,NA
14,"continuous",1,"Purely rule-based","Linear",TRUE,"MSE",3.37579745598909,0,NA,20,0,20,20,0,0,0,0,1,0,1,1
14,"continuous",1,"Purely rule-based","Random forest",TRUE,"MSE",1.42670121104556,2.26000000000002,NA,NA,NA,NA,NA,NA,NA,NA,NA,NA,NA,NA,NA
14,"continuous",1,"Purely rule-based","RuleFit",TRUE,"MSE",1.12199757353457,27.59,NA,75,75,0,3,62,10,0,0,0.04,0.826666666666667,0.866666666666667,2.09333333333333
15,"continuous",1,"Purely rule-based","BRP-GABLE full",TRUE,"MSE",1.33599522561132,49.7,NA,35,33,2,27,8,0,0,0,0.771428571428571,0.228571428571429,1,1.22857142857143
15,"continuous",1,"Purely rule-based","BRP-GABLE rule-only",TRUE,"MSE",1.7400763405881,49.62,NA,32,32,0,25,7,0,0,0,0.78125,0.21875,1,1.21875
15,"continuous",1,"Purely rule-based","GABLE",TRUE,"MSE",2.35121887945912,1.05000000000001,NA,5,5,0,4,1,0,0,0,0.8,0.2,1,1.2
15,"continuous",1,"Purely rule-based","GBM",TRUE,"MSE",1.59234113166479,0.0400000000000205,NA,NA,NA,NA,NA,NA,NA,NA,NA,NA,NA,NA,NA
15,"continuous",1,"Purely rule-based","Linear",TRUE,"MSE",3.39234494588456,0,NA,20,0,20,20,0,0,0,0,1,0,1,1
15,"continuous",1,"Purely rule-based","Random forest",TRUE,"MSE",1.7358591389406,2.38999999999999,NA,NA,NA,NA,NA,NA,NA,NA,NA,NA,NA,NA,NA
15,"continuous",1,"Purely rule-based","RuleFit",TRUE,"MSE",1.27814626175495,27.55,NA,90,90,0,2,75,13,0,0,0.0222222222222222,0.833333333333333,0.855555555555556,2.12222222222222
16,"continuous",1,"Purely rule-based","BRP-GABLE full",TRUE,"MSE",1.31047500222342,54.03,NA,28,28,0,27,1,0,0,0,0.964285714285714,0.0357142857142857,1,1.03571428571429
16,"continuous",1,"Purely rule-based","BRP-GABLE rule-only",TRUE,"MSE",1.31047500222342,53.8,NA,28,28,0,27,1,0,0,0,0.964285714285714,0.0357142857142857,1,1.03571428571429
16,"continuous",1,"Purely rule-based","GABLE",TRUE,"MSE",2.0178855928064,1.22000000000003,NA,5,5,0,5,0,0,0,0,1,0,1,1
16,"continuous",1,"Purely rule-based","GBM",TRUE,"MSE",1.43759914648788,0.0399999999999636,NA,NA,NA,NA,NA,NA,NA,NA,NA,NA,NA,NA,NA
16,"continuous",1,"Purely rule-based","Linear",TRUE,"MSE",3.36887385108453,0.0200000000000387,NA,20,0,20,20,0,0,0,0,1,0,1,1
16,"continuous",1,"Purely rule-based","Random forest",TRUE,"MSE",1.55588005325931,2.24000000000001,NA,NA,NA,NA,NA,NA,NA,NA,NA,NA,NA,NA,NA
16,"continuous",1,"Purely rule-based","RuleFit",TRUE,"MSE",1.16142653943322,26.06,NA,80,80,0,4,68,8,0,0,0.05,0.85,0.9,2.05
17,"continuous",1,"Purely rule-based","BRP-GABLE full",TRUE,"MSE",0.983026158666557,52.46,NA,38,36,2,33,5,0,0,0,0.868421052631579,0.131578947368421,1,1.13157894736842
17,"continuous",1,"Purely rule-based","BRP-GABLE rule-only",TRUE,"MSE",0.981803952260197,51.86,NA,36,36,0,31,5,0,0,0,0.861111111111111,0.138888888888889,1,1.13888888888889
17,"continuous",1,"Purely rule-based","GABLE",TRUE,"MSE",1.96057965439815,1.21999999999997,NA,5,5,0,5,0,0,0,0,1,0,1,1
17,"continuous",1,"Purely rule-based","GBM",TRUE,"MSE",1.28014811881208,0.0499999999999545,NA,NA,NA,NA,NA,NA,NA,NA,NA,NA,NA,NA,NA
17,"continuous",1,"Purely rule-based","Linear",TRUE,"MSE",3.24548818473055,0.0200000000000387,NA,20,0,20,20,0,0,0,0,1,0,1,1
17,"continuous",1,"Purely rule-based","Random forest",TRUE,"MSE",1.39002161662207,2.32000000000005,NA,NA,NA,NA,NA,NA,NA,NA,NA,NA,NA,NA,NA
17,"continuous",1,"Purely rule-based","RuleFit",TRUE,"MSE",1.01834229078759,25.39,NA,84,84,0,3,68,13,0,0,0.0357142857142857,0.80952380952381,0.845238095238095,2.11904761904762
18,"continuous",1,"Purely rule-based","BRP-GABLE full",TRUE,"MSE",1.25256671764631,53.3000000000001,NA,34,33,1,31,3,0,0,0,0.911764705882353,0.0882352941176471,1,1.08823529411765
18,"continuous",1,"Purely rule-based","BRP-GABLE rule-only",TRUE,"MSE",1.23455075856513,52.8,NA,34,34,0,31,3,0,0,0,0.911764705882353,0.0882352941176471,1,1.08823529411765
18,"continuous",1,"Purely rule-based","GABLE",TRUE,"MSE",2.20801699029367,1.27999999999997,NA,5,5,0,5,0,0,0,0,1,0,1,1
18,"continuous",1,"Purely rule-based","GBM",TRUE,"MSE",1.52307448964183,0.0699999999999932,NA,NA,NA,NA,NA,NA,NA,NA,NA,NA,NA,NA,NA
18,"continuous",1,"Purely rule-based","Linear",TRUE,"MSE",3.44781610169441,0,NA,20,0,20,20,0,0,0,0,1,0,1,1
18,"continuous",1,"Purely rule-based","Random forest",TRUE,"MSE",1.53662275400053,2.26000000000005,NA,NA,NA,NA,NA,NA,NA,NA,NA,NA,NA,NA,NA
18,"continuous",1,"Purely rule-based","RuleFit",TRUE,"MSE",1.13514415161603,25.8,NA,67,67,0,2,60,5,0,0,0.0298507462686567,0.895522388059702,0.925373134328358,2.04477611940298
19,"continuous",1,"Purely rule-based","BRP-GABLE full",TRUE,"MSE",1.11656381852258,52,NA,27,27,0,23,4,0,0,0,0.851851851851852,0.148148148148148,1,1.14814814814815
19,"continuous",1,"Purely rule-based","BRP-GABLE rule-only",TRUE,"MSE",1.09940958463149,51.97,NA,28,28,0,24,4,0,0,0,0.857142857142857,0.142857142857143,1,1.14285714285714
19,"continuous",1,"Purely rule-based","GABLE",TRUE,"MSE",1.94691920081783,1.31999999999999,NA,5,5,0,5,0,0,0,0,1,0,1,1
19,"continuous",1,"Purely rule-based","GBM",TRUE,"MSE",1.41152517515772,0.0400000000000205,NA,NA,NA,NA,NA,NA,NA,NA,NA,NA,NA,NA,NA
19,"continuous",1,"Purely rule-based","Linear",TRUE,"MSE",3.28870305194342,0,NA,20,0,20,20,0,0,0,0,1,0,1,1
19,"continuous",1,"Purely rule-based","Random forest",TRUE,"MSE",1.49758879963705,2.31,NA,NA,NA,NA,NA,NA,NA,NA,NA,NA,NA,NA,NA
19,"continuous",1,"Purely rule-based","RuleFit",TRUE,"MSE",1.10825805405995,26.89,NA,72,72,0,1,63,8,0,0,0.0138888888888889,0.875,0.888888888888889,2.09722222222222
20,"continuous",1,"Purely rule-based","BRP-GABLE full",TRUE,"MSE",1.08197028957062,52.92,NA,24,23,1,20,4,0,0,0,0.833333333333333,0.166666666666667,1,1.16666666666667
20,"continuous",1,"Purely rule-based","BRP-GABLE rule-only",TRUE,"MSE",1.07282750301104,52.42,NA,23,23,0,19,4,0,0,0,0.826086956521739,0.173913043478261,1,1.17391304347826
20,"continuous",1,"Purely rule-based","GABLE",TRUE,"MSE",2.13325377301402,1.29999999999995,NA,5,5,0,5,0,0,0,0,1,0,1,1
20,"continuous",1,"Purely rule-based","GBM",TRUE,"MSE",1.43939380236062,0.0500000000000114,NA,NA,NA,NA,NA,NA,NA,NA,NA,NA,NA,NA,NA
20,"continuous",1,"Purely rule-based","Linear",TRUE,"MSE",3.37708386965118,0.00999999999999091,NA,20,0,20,20,0,0,0,0,1,0,1,1
20,"continuous",1,"Purely rule-based","Random forest",TRUE,"MSE",1.53432356944704,2.22000000000003,NA,NA,NA,NA,NA,NA,NA,NA,NA,NA,NA,NA,NA
20,"continuous",1,"Purely rule-based","RuleFit",TRUE,"MSE",1.09956910002822,27.73,NA,91,91,0,3,73,15,0,0,0.032967032967033,0.802197802197802,0.835164835164835,2.13186813186813
21,"continuous",1,"Purely rule-based","BRP-GABLE full",TRUE,"MSE",1.18799540258633,52.04,NA,35,35,0,31,4,0,0,0,0.885714285714286,0.114285714285714,1,1.11428571428571
21,"continuous",1,"Purely rule-based","BRP-GABLE rule-only",TRUE,"MSE",1.17980580532712,51.45,NA,34,34,0,30,4,0,0,0,0.882352941176471,0.117647058823529,1,1.11764705882353
21,"continuous",1,"Purely rule-based","GABLE",TRUE,"MSE",2.06286025524523,1.33000000000004,NA,5,5,0,5,0,0,0,0,1,0,1,1
21,"continuous",1,"Purely rule-based","GBM",TRUE,"MSE",1.39154386980756,0.0400000000000205,NA,NA,NA,NA,NA,NA,NA,NA,NA,NA,NA,NA,NA
21,"continuous",1,"Purely rule-based","Linear",TRUE,"MSE",3.47724981573453,0,NA,20,0,20,20,0,0,0,0,1,0,1,1
21,"continuous",1,"Purely rule-based","Random forest",TRUE,"MSE",1.43515401379649,2.23999999999995,NA,NA,NA,NA,NA,NA,NA,NA,NA,NA,NA,NA,NA
21,"continuous",1,"Purely rule-based","RuleFit",TRUE,"MSE",1.09570980848014,26.73,NA,87,87,0,2,75,10,0,0,0.0229885057471264,0.862068965517241,0.885057471264368,2.09195402298851
22,"continuous",1,"Purely rule-based","BRP-GABLE full",TRUE,"MSE",1.20207935719208,50.61,NA,42,41,1,33,9,0,0,0,0.785714285714286,0.214285714285714,1,1.21428571428571
22,"continuous",1,"Purely rule-based","BRP-GABLE rule-only",TRUE,"MSE",1.19262821372053,50.1,NA,41,41,0,32,9,0,0,0,0.780487804878049,0.219512195121951,1,1.21951219512195
22,"continuous",1,"Purely rule-based","GABLE",TRUE,"MSE",2.02674313237885,1.25,NA,5,5,0,5,0,0,0,0,1,0,1,1
22,"continuous",1,"Purely rule-based","GBM",TRUE,"MSE",1.56533518772086,0.0500000000000114,NA,NA,NA,NA,NA,NA,NA,NA,NA,NA,NA,NA,NA
22,"continuous",1,"Purely rule-based","Linear",TRUE,"MSE",3.58474608683325,0,NA,20,0,20,20,0,0,0,0,1,0,1,1
22,"continuous",1,"Purely rule-based","Random forest",TRUE,"MSE",1.68577138885715,2.10999999999996,NA,NA,NA,NA,NA,NA,NA,NA,NA,NA,NA,NA,NA
22,"continuous",1,"Purely rule-based","RuleFit",TRUE,"MSE",1.22397632140449,24.5700000000001,NA,78,78,0,5,65,8,0,0,0.0641025641025641,0.833333333333333,0.897435897435897,2.03846153846154
23,"continuous",1,"Purely rule-based","BRP-GABLE full",TRUE,"MSE",1.35719136627397,49.81,NA,24,24,0,22,2,0,0,0,0.916666666666667,0.0833333333333333,1,1.08333333333333
23,"continuous",1,"Purely rule-based","BRP-GABLE rule-only",TRUE,"MSE",1.33702630773594,49.59,NA,25,25,0,23,2,0,0,0,0.92,0.08,1,1.08
23,"continuous",1,"Purely rule-based","GABLE",TRUE,"MSE",2.52884816713233,1.02000000000004,NA,5,5,0,4,1,0,0,0,0.8,0.2,1,1.2
23,"continuous",1,"Purely rule-based","GBM",TRUE,"MSE",1.54830174248833,0.0500000000000114,NA,NA,NA,NA,NA,NA,NA,NA,NA,NA,NA,NA,NA
23,"continuous",1,"Purely rule-based","Linear",TRUE,"MSE",3.45255967096716,0,NA,20,0,20,20,0,0,0,0,1,0,1,1
23,"continuous",1,"Purely rule-based","Random forest",TRUE,"MSE",1.65382296882252,2.22999999999996,NA,NA,NA,NA,NA,NA,NA,NA,NA,NA,NA,NA,NA
23,"continuous",1,"Purely rule-based","RuleFit",TRUE,"MSE",1.20198136740528,24.97,NA,68,68,0,1,62,5,0,0,0.0147058823529412,0.911764705882353,0.926470588235294,2.05882352941176
24,"continuous",1,"Purely rule-based","BRP-GABLE full",TRUE,"MSE",1.23513987350574,54.05,NA,42,41,1,40,2,0,0,0,0.952380952380952,0.0476190476190476,1,1.04761904761905
24,"continuous",1,"Purely rule-based","BRP-GABLE rule-only",TRUE,"MSE",1.22348102530081,53.5,NA,41,41,0,39,2,0,0,0,0.951219512195122,0.0487804878048781,1,1.04878048780488
24,"continuous",1,"Purely rule-based","GABLE",TRUE,"MSE",1.99633467989337,1.35999999999996,NA,5,5,0,5,0,0,0,0,1,0,1,1
24,"continuous",1,"Purely rule-based","GBM",TRUE,"MSE",1.46692373042327,0.0400000000000205,NA,NA,NA,NA,NA,NA,NA,NA,NA,NA,NA,NA,NA
24,"continuous",1,"Purely rule-based","Linear",TRUE,"MSE",3.44824733764557,0.0199999999999818,NA,20,0,20,20,0,0,0,0,1,0,1,1
24,"continuous",1,"Purely rule-based","Random forest",TRUE,"MSE",1.57895892117661,2.38,NA,NA,NA,NA,NA,NA,NA,NA,NA,NA,NA,NA,NA
24,"continuous",1,"Purely rule-based","RuleFit",TRUE,"MSE",1.13760666002748,26.39,NA,81,81,0,2,74,5,0,0,0.0246913580246914,0.91358024691358,0.938271604938272,2.03703703703704
25,"continuous",1,"Purely rule-based","BRP-GABLE full",TRUE,"MSE",1.1789472235936,53.45,NA,42,42,0,40,2,0,0,0,0.952380952380952,0.0476190476190476,1,1.04761904761905
25,"continuous",1,"Purely rule-based","BRP-GABLE rule-only",TRUE,"MSE",1.16726640257579,52.77,NA,42,42,0,40,2,0,0,0,0.952380952380952,0.0476190476190476,1,1.04761904761905
25,"continuous",1,"Purely rule-based","GABLE",TRUE,"MSE",2.00807775060517,1.39999999999998,NA,5,5,0,5,0,0,0,0,1,0,1,1
25,"continuous",1,"Purely rule-based","GBM",TRUE,"MSE",1.49984669715191,0.0500000000000114,NA,NA,NA,NA,NA,NA,NA,NA,NA,NA,NA,NA,NA
25,"continuous",1,"Purely rule-based","Linear",TRUE,"MSE",3.29647229254679,0,NA,20,0,20,20,0,0,0,0,1,0,1,1
25,"continuous",1,"Purely rule-based","Random forest",TRUE,"MSE",1.61520020709522,2.36000000000001,NA,NA,NA,NA,NA,NA,NA,NA,NA,NA,NA,NA,NA
25,"continuous",1,"Purely rule-based","RuleFit",TRUE,"MSE",1.19493942349377,26.79,NA,83,83,0,2,72,9,0,0,0.0240963855421687,0.867469879518072,0.891566265060241,2.08433734939759
26,"continuous",1,"Purely rule-based","BRP-GABLE full",TRUE,"MSE",1.09818745266617,52.24,NA,39,39,0,33,6,0,0,0,0.846153846153846,0.153846153846154,1,1.15384615384615
26,"continuous",1,"Purely rule-based","BRP-GABLE rule-only",TRUE,"MSE",1.08100866430955,51.71,NA,40,40,0,34,6,0,0,0,0.85,0.15,1,1.15
26,"continuous",1,"Purely rule-based","GABLE",TRUE,"MSE",2.1033400232903,1.20999999999998,NA,5,5,0,5,0,0,0,0,1,0,1,1
26,"continuous",1,"Purely rule-based","GBM",TRUE,"MSE",1.41885435975953,0.0400000000000205,NA,NA,NA,NA,NA,NA,NA,NA,NA,NA,NA,NA,NA
26,"continuous",1,"Purely rule-based","Linear",TRUE,"MSE",3.29137783811438,0.00999999999999091,NA,20,0,20,20,0,0,0,0,1,0,1,1
26,"continuous",1,"Purely rule-based","Random forest",TRUE,"MSE",1.45264085913907,2.49000000000001,NA,NA,NA,NA,NA,NA,NA,NA,NA,NA,NA,NA,NA
26,"continuous",1,"Purely rule-based","RuleFit",TRUE,"MSE",1.12721008073214,25.83,NA,83,83,0,2,70,11,0,0,0.0240963855421687,0.843373493975904,0.867469879518072,2.10843373493976
27,"continuous",1,"Purely rule-based","BRP-GABLE full",TRUE,"MSE",1.12306674593176,50.97,NA,40,40,0,31,9,0,0,0,0.775,0.225,1,1.225
27,"continuous",1,"Purely rule-based","BRP-GABLE rule-only",TRUE,"MSE",1.1198707217866,50.64,NA,42,42,0,33,9,0,0,0,0.785714285714286,0.214285714285714,1,1.21428571428571
27,"continuous",1,"Purely rule-based","GABLE",TRUE,"MSE",1.97574492392378,1.43000000000001,NA,5,5,0,5,0,0,0,0,1,0,1,1
27,"continuous",1,"Purely rule-based","GBM",TRUE,"MSE",1.44302237445363,0.0399999999999636,NA,NA,NA,NA,NA,NA,NA,NA,NA,NA,NA,NA,NA
27,"continuous",1,"Purely rule-based","Linear",TRUE,"MSE",3.38872487353457,0.0200000000000387,NA,20,0,20,20,0,0,0,0,1,0,1,1
27,"continuous",1,"Purely rule-based","Random forest",TRUE,"MSE",1.5001923794281,2.35000000000002,NA,NA,NA,NA,NA,NA,NA,NA,NA,NA,NA,NA,NA
27,"continuous",1,"Purely rule-based","RuleFit",TRUE,"MSE",1.1866050911018,25.91,NA,88,88,0,2,79,7,0,0,0.0227272727272727,0.897727272727273,0.920454545454545,2.05681818181818
28,"continuous",1,"Purely rule-based","BRP-GABLE full",TRUE,"MSE",1.08756206477822,51.1,NA,32,31,1,25,7,0,0,0,0.78125,0.21875,1,1.21875
28,"continuous",1,"Purely rule-based","BRP-GABLE rule-only",TRUE,"MSE",1.09515892033871,50.84,NA,29,29,0,22,7,0,0,0,0.758620689655172,0.241379310344828,1,1.24137931034483
28,"continuous",1,"Purely rule-based","GABLE",TRUE,"MSE",2.2212887497893,1.03000000000003,NA,5,5,0,4,1,0,0,0,0.8,0.2,1,1.2
28,"continuous",1,"Purely rule-based","GBM",TRUE,"MSE",1.41713289944061,0.0500000000000114,NA,NA,NA,NA,NA,NA,NA,NA,NA,NA,NA,NA,NA
28,"continuous",1,"Purely rule-based","Linear",TRUE,"MSE",3.42590633688513,0,NA,20,0,20,20,0,0,0,0,1,0,1,1
28,"continuous",1,"Purely rule-based","Random forest",TRUE,"MSE",1.49279113548616,2.29999999999995,NA,NA,NA,NA,NA,NA,NA,NA,NA,NA,NA,NA,NA
28,"continuous",1,"Purely rule-based","RuleFit",TRUE,"MSE",1.1487671948467,25.11,NA,68,68,0,2,62,4,0,0,0.0294117647058824,0.911764705882353,0.941176470588235,2.02941176470588
29,"continuous",1,"Purely rule-based","BRP-GABLE full",TRUE,"MSE",1.08388464180568,54.14,NA,21,21,0,17,4,0,0,0,0.80952380952381,0.19047619047619,1,1.19047619047619
29,"continuous",1,"Purely rule-based","BRP-GABLE rule-only",TRUE,"MSE",1.07505044235692,53.6100000000001,NA,21,21,0,17,4,0,0,0,0.80952380952381,0.19047619047619,1,1.19047619047619
29,"continuous",1,"Purely rule-based","GABLE",TRUE,"MSE",2.11425335447433,1.29000000000002,NA,5,5,0,5,0,0,0,0,1,0,1,1
29,"continuous",1,"Purely rule-based","GBM",TRUE,"MSE",1.4218830693385,0.0400000000000205,NA,NA,NA,NA,NA,NA,NA,NA,NA,NA,NA,NA,NA
29,"continuous",1,"Purely rule-based","Linear",TRUE,"MSE",3.40019120913293,0,NA,20,0,20,20,0,0,0,0,1,0,1,1
29,"continuous",1,"Purely rule-based","Random forest",TRUE,"MSE",1.51565552393943,2.27999999999997,NA,NA,NA,NA,NA,NA,NA,NA,NA,NA,NA,NA,NA
29,"continuous",1,"Purely rule-based","RuleFit",TRUE,"MSE",1.12099166457313,24.9299999999999,NA,61,61,0,5,46,10,0,0,0.0819672131147541,0.754098360655738,0.836065573770492,2.08196721311475
30,"continuous",1,"Purely rule-based","BRP-GABLE full",TRUE,"MSE",1.09960124386857,51.8200000000001,NA,31,30,1,26,5,0,0,0,0.838709677419355,0.161290322580645,1,1.16129032258065
30,"continuous",1,"Purely rule-based","BRP-GABLE rule-only",TRUE,"MSE",1.08506824170304,51.38,NA,32,32,0,27,5,0,0,0,0.84375,0.15625,1,1.15625
30,"continuous",1,"Purely rule-based","GABLE",TRUE,"MSE",2.00773173965494,1.22000000000003,NA,5,5,0,4,1,0,0,0,0.8,0.2,1,1.2
30,"continuous",1,"Purely rule-based","GBM",TRUE,"MSE",1.3624972047737,0.0300000000000296,NA,NA,NA,NA,NA,NA,NA,NA,NA,NA,NA,NA,NA
30,"continuous",1,"Purely rule-based","Linear",TRUE,"MSE",3.39098904380416,0.00999999999999091,NA,20,0,20,20,0,0,0,0,1,0,1,1
30,"continuous",1,"Purely rule-based","Random forest",TRUE,"MSE",1.51876858647625,2.23999999999995,NA,NA,NA,NA,NA,NA,NA,NA,NA,NA,NA,NA,NA
30,"continuous",1,"Purely rule-based","RuleFit",TRUE,"MSE",1.17266823081254,26.01,NA,78,78,0,6,67,5,0,0,0.0769230769230769,0.858974358974359,0.935897435897436,1.98717948717949
31,"continuous",1,"Purely rule-based","BRP-GABLE full",TRUE,"MSE",1.05063517302154,51.42,NA,40,40,0,32,8,0,0,0,0.8,0.2,1,1.2
31,"continuous",1,"Purely rule-based","BRP-GABLE rule-only",TRUE,"MSE",1.043571577435,50.8900000000001,NA,43,43,0,35,8,0,0,0,0.813953488372093,0.186046511627907,1,1.18604651162791
31,"continuous",1,"Purely rule-based","GABLE",TRUE,"MSE",1.83395895512231,1.16999999999996,NA,5,5,0,5,0,0,0,0,1,0,1,1
31,"continuous",1,"Purely rule-based","GBM",TRUE,"MSE",1.33248513416817,0.0300000000000864,NA,NA,NA,NA,NA,NA,NA,NA,NA,NA,NA,NA,NA
31,"continuous",1,"Purely rule-based","Linear",TRUE,"MSE",3.21597027086489,0.0199999999999818,NA,20,0,20,20,0,0,0,0,1,0,1,1
31,"continuous",1,"Purely rule-based","Random forest",TRUE,"MSE",1.42755798138857,2.41999999999996,NA,NA,NA,NA,NA,NA,NA,NA,NA,NA,NA,NA,NA
31,"continuous",1,"Purely rule-based","RuleFit",TRUE,"MSE",1.07773567571918,25.14,NA,78,78,0,2,71,5,0,0,0.0256410256410256,0.91025641025641,0.935897435897436,2.03846153846154
32,"continuous",1,"Purely rule-based","BRP-GABLE full",TRUE,"MSE",1.18156972510885,53.2,NA,39,38,1,35,4,0,0,0,0.897435897435897,0.102564102564103,1,1.1025641025641
32,"continuous",1,"Purely rule-based","BRP-GABLE rule-only",TRUE,"MSE",1.16889906360683,53.11,NA,41,41,0,37,4,0,0,0,0.902439024390244,0.0975609756097561,1,1.09756097560976
32,"continuous",1,"Purely rule-based","GABLE",TRUE,"MSE",2.01123773313554,1.17000000000007,NA,5,5,0,5,0,0,0,0,1,0,1,1
32,"continuous",1,"Purely rule-based","GBM",TRUE,"MSE",1.41379009296481,0.0299999999999727,NA,NA,NA,NA,NA,NA,NA,NA,NA,NA,NA,NA,NA
32,"continuous",1,"Purely rule-based","Linear",TRUE,"MSE",3.5412935821299,0.0199999999999818,NA,20,0,20,20,0,0,0,0,1,0,1,1
32,"continuous",1,"Purely rule-based","Random forest",TRUE,"MSE",1.47829375729988,2.48000000000002,NA,NA,NA,NA,NA,NA,NA,NA,NA,NA,NA,NA,NA
32,"continuous",1,"Purely rule-based","RuleFit",TRUE,"MSE",1.13648071089106,26.39,NA,88,88,0,2,74,12,0,0,0.0227272727272727,0.840909090909091,0.863636363636364,2.11363636363636
33,"continuous",1,"Purely rule-based","BRP-GABLE full",TRUE,"MSE",1.16741907776379,52.9699999999999,NA,35,34,1,32,3,0,0,0,0.914285714285714,0.0857142857142857,1,1.08571428571429
33,"continuous",1,"Purely rule-based","BRP-GABLE rule-only",TRUE,"MSE",1.15862078292834,52.64,NA,37,37,0,34,3,0,0,0,0.918918918918919,0.0810810810810811,1,1.08108108108108
33,"continuous",1,"Purely rule-based","GABLE",TRUE,"MSE",1.86166734139884,1.28999999999996,NA,5,5,0,5,0,0,0,0,1,0,1,1
33,"continuous",1,"Purely rule-based","GBM",TRUE,"MSE",1.4502718700932,0.0499999999999545,NA,NA,NA,NA,NA,NA,NA,NA,NA,NA,NA,NA,NA
33,"continuous",1,"Purely rule-based","Linear",TRUE,"MSE",3.35611556133197,0,NA,20,0,20,20,0,0,0,0,1,0,1,1
33,"continuous",1,"Purely rule-based","Random forest",TRUE,"MSE",1.61871463112524,2.24000000000001,NA,NA,NA,NA,NA,NA,NA,NA,NA,NA,NA,NA,NA
33,"continuous",1,"Purely rule-based","RuleFit",TRUE,"MSE",1.17187615730198,26.33,NA,81,81,0,6,71,4,0,0,0.0740740740740741,0.876543209876543,0.950617283950617,1.97530864197531
34,"continuous",1,"Purely rule-based","BRP-GABLE full",TRUE,"MSE",1.14593810301456,54.1500000000001,NA,33,33,0,31,2,0,0,0,0.939393939393939,0.0606060606060606,1,1.06060606060606
34,"continuous",1,"Purely rule-based","BRP-GABLE rule-only",TRUE,"MSE",1.13461140220515,53.84,NA,34,34,0,32,2,0,0,0,0.941176470588235,0.0588235294117647,1,1.05882352941176
34,"continuous",1,"Purely rule-based","GABLE",TRUE,"MSE",1.8544798127452,1.27999999999997,NA,5,5,0,5,0,0,0,0,1,0,1,1
34,"continuous",1,"Purely rule-based","GBM",TRUE,"MSE",1.31333221544255,0.0399999999999636,NA,NA,NA,NA,NA,NA,NA,NA,NA,NA,NA,NA,NA
34,"continuous",1,"Purely rule-based","Linear",TRUE,"MSE",3.14136091278654,0,NA,20,0,20,20,0,0,0,0,1,0,1,1
34,"continuous",1,"Purely rule-based","Random forest",TRUE,"MSE",1.50816591877579,2.33000000000004,NA,NA,NA,NA,NA,NA,NA,NA,NA,NA,NA,NA,NA
34,"continuous",1,"Purely rule-based","RuleFit",TRUE,"MSE",1.10682795102047,25.58,NA,79,79,0,4,71,4,0,0,0.0506329113924051,0.89873417721519,0.949367088607595,2
35,"continuous",1,"Purely rule-based","BRP-GABLE full",TRUE,"MSE",1.19852031640754,50.88,NA,36,34,2,32,4,0,0,0,0.888888888888889,0.111111111111111,1,1.11111111111111
35,"continuous",1,"Purely rule-based","BRP-GABLE rule-only",TRUE,"MSE",1.19998584167973,50.5599999999999,NA,32,32,0,28,4,0,0,0,0.875,0.125,1,1.125
35,"continuous",1,"Purely rule-based","GABLE",TRUE,"MSE",2.27408972875511,1.44000000000005,NA,5,5,0,5,0,0,0,0,1,0,1,1
35,"continuous",1,"Purely rule-based","GBM",TRUE,"MSE",1.44827578856889,0.0299999999999727,NA,NA,NA,NA,NA,NA,NA,NA,NA,NA,NA,NA,NA
35,"continuous",1,"Purely rule-based","Linear",TRUE,"MSE",3.46289548268657,0.0199999999999818,NA,20,0,20,20,0,0,0,0,1,0,1,1
35,"continuous",1,"Purely rule-based","Random forest",TRUE,"MSE",1.60234605042205,2.37,NA,NA,NA,NA,NA,NA,NA,NA,NA,NA,NA,NA,NA
35,"continuous",1,"Purely rule-based","RuleFit",TRUE,"MSE",1.17599454934231,26.97,NA,85,85,0,3,69,13,0,0,0.0352941176470588,0.811764705882353,0.847058823529412,2.11764705882353
36,"continuous",1,"Purely rule-based","BRP-GABLE full",TRUE,"MSE",1.08531265468212,53.98,NA,37,37,0,35,2,0,0,0,0.945945945945946,0.0540540540540541,1,1.05405405405405
36,"continuous",1,"Purely rule-based","BRP-GABLE rule-only",TRUE,"MSE",1.07647626327438,53.66,NA,40,40,0,38,2,0,0,0,0.95,0.05,1,1.05
36,"continuous",1,"Purely rule-based","GABLE",TRUE,"MSE",1.96906828364228,1.38,NA,5,5,0,5,0,0,0,0,1,0,1,1
36,"continuous",1,"Purely rule-based","GBM",TRUE,"MSE",1.36414275075322,0.0499999999999545,NA,NA,NA,NA,NA,NA,NA,NA,NA,NA,NA,NA,NA
36,"continuous",1,"Purely rule-based","Linear",TRUE,"MSE",3.05510667560829,0.0199999999999818,NA,20,0,20,20,0,0,0,0,1,0,1,1
36,"continuous",1,"Purely rule-based","Random forest",TRUE,"MSE",1.53646754477841,2.25999999999999,NA,NA,NA,NA,NA,NA,NA,NA,NA,NA,NA,NA,NA
36,"continuous",1,"Purely rule-based","RuleFit",TRUE,"MSE",1.09954436962749,26.1800000000001,NA,84,84,0,2,70,12,0,0,0.0238095238095238,0.833333333333333,0.857142857142857,2.11904761904762
37,"continuous",1,"Purely rule-based","BRP-GABLE full",TRUE,"MSE",1.12214173126094,53.47,NA,32,31,1,29,3,0,0,0,0.90625,0.09375,1,1.09375
37,"continuous",1,"Purely rule-based","BRP-GABLE rule-only",TRUE,"MSE",1.11542989896116,53.02,NA,32,32,0,29,3,0,0,0,0.90625,0.09375,1,1.09375
37,"continuous",1,"Purely rule-based","GABLE",TRUE,"MSE",2.04396768663252,1.24000000000001,NA,5,5,0,5,0,0,0,0,1,0,1,1
37,"continuous",1,"Purely rule-based","GBM",TRUE,"MSE",1.44721062516478,0.0300000000000864,NA,NA,NA,NA,NA,NA,NA,NA,NA,NA,NA,NA,NA
37,"continuous",1,"Purely rule-based","Linear",TRUE,"MSE",3.21558370961127,0.0199999999999818,NA,20,0,20,20,0,0,0,0,1,0,1,1
37,"continuous",1,"Purely rule-based","Random forest",TRUE,"MSE",1.46399867437148,2.27999999999997,NA,NA,NA,NA,NA,NA,NA,NA,NA,NA,NA,NA,NA
37,"continuous",1,"Purely rule-based","RuleFit",TRUE,"MSE",1.16765238320171,27.25,NA,77,77,0,2,63,12,0,0,0.025974025974026,0.818181818181818,0.844155844155844,2.12987012987013
38,"continuous",1,"Purely rule-based","BRP-GABLE full",TRUE,"MSE",1.38349248310504,52.85,NA,30,30,0,28,2,0,0,0,0.933333333333333,0.0666666666666667,1,1.06666666666667
38,"continuous",1,"Purely rule-based","BRP-GABLE rule-only",TRUE,"MSE",1.37314820919866,52.35,NA,29,29,0,27,2,0,0,0,0.931034482758621,0.0689655172413793,1,1.06896551724138
38,"continuous",1,"Purely rule-based","GABLE",TRUE,"MSE",2.23886506767905,1.22000000000003,NA,5,5,0,5,0,0,0,0,1,0,1,1
38,"continuous",1,"Purely rule-based","GBM",TRUE,"MSE",1.60824273252819,0.0499999999999545,NA,NA,NA,NA,NA,NA,NA,NA,NA,NA,NA,NA,NA
38,"continuous",1,"Purely rule-based","Linear",TRUE,"MSE",3.75081404881531,0.0200000000000955,NA,20,0,20,20,0,0,0,0,1,0,1,1
38,"continuous",1,"Purely rule-based","Random forest",TRUE,"MSE",1.72327754303165,2.37,NA,NA,NA,NA,NA,NA,NA,NA,NA,NA,NA,NA,NA
38,"continuous",1,"Purely rule-based","RuleFit",TRUE,"MSE",1.34414491577243,26.14,NA,82,82,0,5,72,5,0,0,0.0609756097560976,0.878048780487805,0.939024390243902,2
39,"continuous",1,"Purely rule-based","BRP-GABLE full",TRUE,"MSE",1.05100069910096,52.6700000000001,NA,39,38,1,31,8,0,0,0,0.794871794871795,0.205128205128205,1,1.20512820512821
39,"continuous",1,"Purely rule-based","BRP-GABLE rule-only",TRUE,"MSE",1.04800622462081,52.0700000000001,NA,36,36,0,28,8,0,0,0,0.777777777777778,0.222222222222222,1,1.22222222222222
39,"continuous",1,"Purely rule-based","GABLE",TRUE,"MSE",1.89945143290641,1.31999999999994,NA,5,5,0,5,0,0,0,0,1,0,1,1
39,"continuous",1,"Purely rule-based","GBM",TRUE,"MSE",1.42098700651944,0.0600000000000591,NA,NA,NA,NA,NA,NA,NA,NA,NA,NA,NA,NA,NA
39,"continuous",1,"Purely rule-based","Linear",TRUE,"MSE",3.30644502315754,0,NA,20,0,20,20,0,0,0,0,1,0,1,1
39,"continuous",1,"Purely rule-based","Random forest",TRUE,"MSE",1.55124329617594,2.37,NA,NA,NA,NA,NA,NA,NA,NA,NA,NA,NA,NA,NA
39,"continuous",1,"Purely rule-based","RuleFit",TRUE,"MSE",1.13726492011342,26.89,NA,90,90,0,3,81,6,0,0,0.0333333333333333,0.9,0.933333333333333,2.03333333333333
40,"continuous",1,"Purely rule-based","BRP-GABLE full",TRUE,"MSE",1.20172708205559,51.9499999999999,NA,24,24,0,18,6,0,0,0,0.75,0.25,1,1.25
40,"continuous",1,"Purely rule-based","BRP-GABLE rule-only",TRUE,"MSE",1.19074966465444,51.7799999999999,NA,27,27,0,21,6,0,0,0,0.777777777777778,0.222222222222222,1,1.22222222222222
40,"continuous",1,"Purely rule-based","GABLE",TRUE,"MSE",2.20354118578208,1.27999999999997,NA,5,5,0,5,0,0,0,0,1,0,1,1
40,"continuous",1,"Purely rule-based","GBM",TRUE,"MSE",1.523038795154,0.0399999999999636,NA,NA,NA,NA,NA,NA,NA,NA,NA,NA,NA,NA,NA
40,"continuous",1,"Purely rule-based","Linear",TRUE,"MSE",3.72590302461498,0,NA,20,0,20,20,0,0,0,0,1,0,1,1
40,"continuous",1,"Purely rule-based","Random forest",TRUE,"MSE",1.61988397711833,2.25,NA,NA,NA,NA,NA,NA,NA,NA,NA,NA,NA,NA,NA
40,"continuous",1,"Purely rule-based","RuleFit",TRUE,"MSE",1.24934175807973,25.3900000000001,NA,64,64,0,4,51,9,0,0,0.0625,0.796875,0.859375,2.078125
41,"continuous",1,"Purely rule-based","BRP-GABLE full",TRUE,"MSE",1.14780447156638,51.74,NA,30,28,2,25,5,0,0,0,0.833333333333333,0.166666666666667,1,1.16666666666667
41,"continuous",1,"Purely rule-based","BRP-GABLE rule-only",TRUE,"MSE",1.13890112536592,51.55,NA,29,29,0,24,5,0,0,0,0.827586206896552,0.172413793103448,1,1.17241379310345
41,"continuous",1,"Purely rule-based","GABLE",TRUE,"MSE",2.18092308870496,1.50999999999999,NA,5,5,0,5,0,0,0,0,1,0,1,1
41,"continuous",1,"Purely rule-based","GBM",TRUE,"MSE",1.46687472801125,0.0399999999999636,NA,NA,NA,NA,NA,NA,NA,NA,NA,NA,NA,NA,NA
41,"continuous",1,"Purely rule-based","Linear",TRUE,"MSE",3.7130607644383,0.0199999999999818,NA,20,0,20,20,0,0,0,0,1,0,1,1
41,"continuous",1,"Purely rule-based","Random forest",TRUE,"MSE",1.68981959123648,2.24000000000001,NA,NA,NA,NA,NA,NA,NA,NA,NA,NA,NA,NA,NA
41,"continuous",1,"Purely rule-based","RuleFit",TRUE,"MSE",1.17954362416424,26.11,NA,67,67,0,6,57,4,0,0,0.0895522388059701,0.850746268656716,0.940298507462687,1.97014925373134
42,"continuous",1,"Purely rule-based","BRP-GABLE full",TRUE,"MSE",1.15949145815177,51.75,NA,34,32,2,30,4,0,0,0,0.882352941176471,0.117647058823529,1,1.11764705882353
42,"continuous",1,"Purely rule-based","BRP-GABLE rule-only",TRUE,"MSE",1.15593564926496,51.4100000000001,NA,34,34,0,30,4,0,0,0,0.882352941176471,0.117647058823529,1,1.11764705882353
42,"continuous",1,"Purely rule-based","GABLE",TRUE,"MSE",2.18536935982326,1.23000000000002,NA,5,5,0,5,0,0,0,0,1,0,1,1
42,"continuous",1,"Purely rule-based","GBM",TRUE,"MSE",1.50273393649259,0.0500000000000682,NA,NA,NA,NA,NA,NA,NA,NA,NA,NA,NA,NA,NA
42,"continuous",1,"Purely rule-based","Linear",TRUE,"MSE",3.49601300338099,0,NA,20,0,20,20,0,0,0,0,1,0,1,1
42,"continuous",1,"Purely rule-based","Random forest",TRUE,"MSE",1.65435526811018,2.36000000000001,NA,NA,NA,NA,NA,NA,NA,NA,NA,NA,NA,NA,NA
42,"continuous",1,"Purely rule-based","RuleFit",TRUE,"MSE",1.1923855432894,26.5799999999999,NA,85,85,0,3,73,9,0,0,0.0352941176470588,0.858823529411765,0.894117647058824,2.07058823529412
43,"continuous",1,"Purely rule-based","BRP-GABLE full",TRUE,"MSE",1.43486490861819,53.2600000000001,NA,31,30,1,28,3,0,0,0,0.903225806451613,0.0967741935483871,1,1.09677419354839
43,"continuous",1,"Purely rule-based","BRP-GABLE rule-only",TRUE,"MSE",1.78078242245076,53.14,NA,30,30,0,27,3,0,0,0,0.9,0.1,1,1.1
43,"continuous",1,"Purely rule-based","GABLE",TRUE,"MSE",2.24443098801782,1.26999999999998,NA,5,5,0,5,0,0,0,0,1,0,1,1
43,"continuous",1,"Purely rule-based","GBM",TRUE,"MSE",1.463388195157,0.0699999999999363,NA,NA,NA,NA,NA,NA,NA,NA,NA,NA,NA,NA,NA
43,"continuous",1,"Purely rule-based","Linear",TRUE,"MSE",3.50218502932827,0,NA,20,0,20,20,0,0,0,0,1,0,1,1
43,"continuous",1,"Purely rule-based","Random forest",TRUE,"MSE",1.62260742994821,2.25999999999999,NA,NA,NA,NA,NA,NA,NA,NA,NA,NA,NA,NA,NA
43,"continuous",1,"Purely rule-based","RuleFit",TRUE,"MSE",1.22598775116084,25.72,NA,85,85,0,1,69,15,0,0,0.0117647058823529,0.811764705882353,0.823529411764706,2.16470588235294
44,"continuous",1,"Purely rule-based","BRP-GABLE full",TRUE,"MSE",1.10819417378694,52.2499999999999,NA,36,34,2,31,5,0,0,0,0.861111111111111,0.138888888888889,1,1.13888888888889
44,"continuous",1,"Purely rule-based","BRP-GABLE rule-only",TRUE,"MSE",1.11780602959642,51.9199999999998,NA,33,33,0,29,4,0,0,0,0.878787878787879,0.121212121212121,1,1.12121212121212
44,"continuous",1,"Purely rule-based","GABLE",TRUE,"MSE",2.00643704469174,1.28999999999996,NA,5,5,0,5,0,0,0,0,1,0,1,1
44,"continuous",1,"Purely rule-based","GBM",TRUE,"MSE",1.46251350550979,0.0299999999999727,NA,NA,NA,NA,NA,NA,NA,NA,NA,NA,NA,NA,NA
44,"continuous",1,"Purely rule-based","Linear",TRUE,"MSE",3.28747678048536,0.0199999999999818,NA,20,0,20,20,0,0,0,0,1,0,1,1
44,"continuous",1,"Purely rule-based","Random forest",TRUE,"MSE",1.66742866546616,2.29000000000008,NA,NA,NA,NA,NA,NA,NA,NA,NA,NA,NA,NA,NA
44,"continuous",1,"Purely rule-based","RuleFit",TRUE,"MSE",1.14435678938878,26.34,NA,78,78,0,2,64,12,0,0,0.0256410256410256,0.82051282051282,0.846153846153846,2.12820512820513
45,"continuous",1,"Purely rule-based","BRP-GABLE full",TRUE,"MSE",1.06312306491526,52.3000000000001,NA,39,36,3,33,6,0,0,0,0.846153846153846,0.153846153846154,1,1.15384615384615
45,"continuous",1,"Purely rule-based","BRP-GABLE rule-only",TRUE,"MSE",1.04270843659746,51.78,NA,38,38,0,31,7,0,0,0,0.815789473684211,0.184210526315789,1,1.18421052631579
45,"continuous",1,"Purely rule-based","GABLE",TRUE,"MSE",2.05088900810169,1.31000000000006,NA,5,5,0,5,0,0,0,0,1,0,1,1
45,"continuous",1,"Purely rule-based","GBM",TRUE,"MSE",1.4214033338703,0.0499999999999545,NA,NA,NA,NA,NA,NA,NA,NA,NA,NA,NA,NA,NA
45,"continuous",1,"Purely rule-based","Linear",TRUE,"MSE",3.40197516662548,0,NA,20,0,20,20,0,0,0,0,1,0,1,1
45,"continuous",1,"Purely rule-based","Random forest",TRUE,"MSE",1.52444495349148,2.25,NA,NA,NA,NA,NA,NA,NA,NA,NA,NA,NA,NA,NA
45,"continuous",1,"Purely rule-based","RuleFit",TRUE,"MSE",1.15871646616941,27.88,NA,87,87,0,2,75,10,0,0,0.0229885057471264,0.862068965517241,0.885057471264368,2.09195402298851
46,"continuous",1,"Purely rule-based","BRP-GABLE full",TRUE,"MSE",1.23409180195894,52.4100000000001,NA,36,33,3,33,3,0,0,0,0.916666666666667,0.0833333333333333,1,1.08333333333333
46,"continuous",1,"Purely rule-based","BRP-GABLE rule-only",TRUE,"MSE",1.22285315157596,51.9300000000002,NA,33,33,0,30,3,0,0,0,0.909090909090909,0.0909090909090909,1,1.09090909090909
46,"continuous",1,"Purely rule-based","GABLE",TRUE,"MSE",1.9411028976609,1.25,NA,5,5,0,5,0,0,0,0,1,0,1,1
46,"continuous",1,"Purely rule-based","GBM",TRUE,"MSE",1.39465456682556,0.0499999999999545,NA,NA,NA,NA,NA,NA,NA,NA,NA,NA,NA,NA,NA
46,"continuous",1,"Purely rule-based","Linear",TRUE,"MSE",3.27441009151293,0,NA,20,0,20,20,0,0,0,0,1,0,1,1
46,"continuous",1,"Purely rule-based","Random forest",TRUE,"MSE",1.54348928862005,2.25,NA,NA,NA,NA,NA,NA,NA,NA,NA,NA,NA,NA,NA
46,"continuous",1,"Purely rule-based","RuleFit",TRUE,"MSE",1.20151554650187,27.25,NA,84,84,0,0,72,12,0,0,0,0.857142857142857,0.857142857142857,2.14285714285714
47,"continuous",1,"Purely rule-based","BRP-GABLE full",TRUE,"MSE",1.24432930580873,53.99,NA,45,43,2,42,3,0,0,0,0.933333333333333,0.0666666666666667,1,1.06666666666667
47,"continuous",1,"Purely rule-based","BRP-GABLE rule-only",TRUE,"MSE",1.2155039579424,53.6399999999999,NA,41,41,0,38,3,0,0,0,0.926829268292683,0.0731707317073171,1,1.07317073170732
47,"continuous",1,"Purely rule-based","GABLE",TRUE,"MSE",2.04129631022431,1.3599999999999,NA,5,5,0,5,0,0,0,0,1,0,1,1
47,"continuous",1,"Purely rule-based","GBM",TRUE,"MSE",1.44216759141582,0.0400000000000773,NA,NA,NA,NA,NA,NA,NA,NA,NA,NA,NA,NA,NA
47,"continuous",1,"Purely rule-based","Linear",TRUE,"MSE",3.3824981147798,0,NA,20,0,20,20,0,0,0,0,1,0,1,1
47,"continuous",1,"Purely rule-based","Random forest",TRUE,"MSE",1.46071418881374,2.24000000000001,NA,NA,NA,NA,NA,NA,NA,NA,NA,NA,NA,NA,NA
47,"continuous",1,"Purely rule-based","RuleFit",TRUE,"MSE",1.16107847631338,28.2600000000001,NA,78,78,0,2,71,5,0,0,0.0256410256410256,0.91025641025641,0.935897435897436,2.03846153846154
48,"continuous",1,"Purely rule-based","BRP-GABLE full",TRUE,"MSE",1.10761130271683,51.8000000000001,NA,35,32,3,29,6,0,0,0,0.828571428571429,0.171428571428571,1,1.17142857142857
48,"continuous",1,"Purely rule-based","BRP-GABLE rule-only",TRUE,"MSE",1.10308727011423,51,NA,35,35,0,29,6,0,0,0,0.828571428571429,0.171428571428571,1,1.17142857142857
48,"continuous",1,"Purely rule-based","GABLE",TRUE,"MSE",2.10817006046411,1.25,NA,5,5,0,5,0,0,0,0,1,0,1,1
48,"continuous",1,"Purely rule-based","GBM",TRUE,"MSE",1.5198374975844,0.0500000000000682,NA,NA,NA,NA,NA,NA,NA,NA,NA,NA,NA,NA,NA
48,"continuous",1,"Purely rule-based","Linear",TRUE,"MSE",3.4007715964768,0.00999999999999091,NA,20,0,20,20,0,0,0,0,1,0,1,1
48,"continuous",1,"Purely rule-based","Random forest",TRUE,"MSE",1.64712569285779,2.36000000000001,NA,NA,NA,NA,NA,NA,NA,NA,NA,NA,NA,NA,NA
48,"continuous",1,"Purely rule-based","RuleFit",TRUE,"MSE",1.14150058674909,28.03,NA,85,85,0,3,65,17,0,0,0.0352941176470588,0.764705882352941,0.8,2.16470588235294
49,"continuous",1,"Purely rule-based","BRP-GABLE full",TRUE,"MSE",1.2011544510429,51.7499999999999,NA,50,49,1,46,4,0,0,0,0.92,0.08,1,1.08
49,"continuous",1,"Purely rule-based","BRP-GABLE rule-only",TRUE,"MSE",1.18353001449013,51.41,NA,42,42,0,38,4,0,0,0,0.904761904761905,0.0952380952380952,1,1.0952380952381
49,"continuous",1,"Purely rule-based","GABLE",TRUE,"MSE",2.03104218489615,1.28000000000009,NA,5,5,0,5,0,0,0,0,1,0,1,1
49,"continuous",1,"Purely rule-based","GBM",TRUE,"MSE",1.46571441866569,0.0699999999999363,NA,NA,NA,NA,NA,NA,NA,NA,NA,NA,NA,NA,NA
49,"continuous",1,"Purely rule-based","Linear",TRUE,"MSE",3.54679355402567,0,NA,20,0,20,20,0,0,0,0,1,0,1,1
49,"continuous",1,"Purely rule-based","Random forest",TRUE,"MSE",1.7009172404764,2.39999999999998,NA,NA,NA,NA,NA,NA,NA,NA,NA,NA,NA,NA,NA
49,"continuous",1,"Purely rule-based","RuleFit",TRUE,"MSE",1.25748184487057,26.4699999999999,NA,96,96,0,5,74,17,0,0,0.0520833333333333,0.770833333333333,0.822916666666667,2.125
50,"continuous",1,"Purely rule-based","BRP-GABLE full",TRUE,"MSE",1.05990348916581,51.78,NA,32,32,0,26,6,0,0,0,0.8125,0.1875,1,1.1875
50,"continuous",1,"Purely rule-based","BRP-GABLE rule-only",TRUE,"MSE",1.05017775636178,51.39,NA,32,32,0,26,6,0,0,0,0.8125,0.1875,1,1.1875
50,"continuous",1,"Purely rule-based","GABLE",TRUE,"MSE",2.09250808419291,1.25999999999999,NA,5,5,0,5,0,0,0,0,1,0,1,1
50,"continuous",1,"Purely rule-based","GBM",TRUE,"MSE",1.42137117231367,0.0300000000000864,NA,NA,NA,NA,NA,NA,NA,NA,NA,NA,NA,NA,NA
50,"continuous",1,"Purely rule-based","Linear",TRUE,"MSE",3.56310206692776,0,NA,20,0,20,20,0,0,0,0,1,0,1,1
50,"continuous",1,"Purely rule-based","Random forest",TRUE,"MSE",1.5885019524031,2.25,NA,NA,NA,NA,NA,NA,NA,NA,NA,NA,NA,NA,NA
50,"continuous",1,"Purely rule-based","RuleFit",TRUE,"MSE",1.14492170664361,26.88,NA,80,80,0,4,66,10,0,0,0.05,0.825,0.875,2.075
51,"continuous",1,"Purely rule-based","BRP-GABLE full",TRUE,"MSE",1.1729292234965,54.63,NA,40,39,1,38,2,0,0,0,0.95,0.05,1,1.05
51,"continuous",1,"Purely rule-based","BRP-GABLE rule-only",TRUE,"MSE",1.16408839071743,54.0999999999999,NA,39,39,0,37,2,0,0,0,0.948717948717949,0.0512820512820513,1,1.05128205128205
51,"continuous",1,"Purely rule-based","GABLE",TRUE,"MSE",1.97845617687444,1.30000000000007,NA,5,5,0,5,0,0,0,0,1,0,1,1
51,"continuous",1,"Purely rule-based","GBM",TRUE,"MSE",1.3773048902287,0.0499999999999545,NA,NA,NA,NA,NA,NA,NA,NA,NA,NA,NA,NA,NA
51,"continuous",1,"Purely rule-based","Linear",TRUE,"MSE",3.23971994099537,0,NA,20,0,20,20,0,0,0,0,1,0,1,1
51,"continuous",1,"Purely rule-based","Random forest",TRUE,"MSE",1.61855075227896,2.17999999999995,NA,NA,NA,NA,NA,NA,NA,NA,NA,NA,NA,NA,NA
51,"continuous",1,"Purely rule-based","RuleFit",TRUE,"MSE",1.103160532447,26.28,NA,73,73,0,2,57,14,0,0,0.0273972602739726,0.780821917808219,0.808219178082192,2.16438356164384
52,"continuous",1,"Purely rule-based","BRP-GABLE full",TRUE,"MSE",1.05264693298752,52.4499999999999,NA,38,36,2,30,8,0,0,0,0.789473684210526,0.210526315789474,1,1.21052631578947
52,"continuous",1,"Purely rule-based","BRP-GABLE rule-only",TRUE,"MSE",1.05192783641803,52.5,NA,36,36,0,28,8,0,0,0,0.777777777777778,0.222222222222222,1,1.22222222222222
52,"continuous",1,"Purely rule-based","GABLE",TRUE,"MSE",2.0732252355635,1.25999999999999,NA,5,5,0,5,0,0,0,0,1,0,1,1
52,"continuous",1,"Purely rule-based","GBM",TRUE,"MSE",1.38932003219588,0.0499999999999545,NA,NA,NA,NA,NA,NA,NA,NA,NA,NA,NA,NA,NA
52,"continuous",1,"Purely rule-based","Linear",TRUE,"MSE",3.23820433203447,0,NA,20,0,20,20,0,0,0,0,1,0,1,1
52,"continuous",1,"Purely rule-based","Random forest",TRUE,"MSE",1.43367559564707,2.42000000000007,NA,NA,NA,NA,NA,NA,NA,NA,NA,NA,NA,NA,NA
52,"continuous",1,"Purely rule-based","RuleFit",TRUE,"MSE",1.09695194860833,26.74,NA,74,74,0,3,62,9,0,0,0.0405405405405405,0.837837837837838,0.878378378378378,2.08108108108108
53,"continuous",1,"Purely rule-based","BRP-GABLE full",TRUE,"MSE",1.16826694827115,53.0300000000001,NA,39,39,0,35,4,0,0,0,0.897435897435897,0.102564102564103,1,1.1025641025641
53,"continuous",1,"Purely rule-based","BRP-GABLE rule-only",TRUE,"MSE",1.15754364060119,52.29,NA,39,39,0,35,4,0,0,0,0.897435897435897,0.102564102564103,1,1.1025641025641
53,"continuous",1,"Purely rule-based","GABLE",TRUE,"MSE",1.86623189069145,1.39999999999998,NA,5,5,0,5,0,0,0,0,1,0,1,1
53,"continuous",1,"Purely rule-based","GBM",TRUE,"MSE",1.34249425263034,0.0299999999999727,NA,NA,NA,NA,NA,NA,NA,NA,NA,NA,NA,NA,NA
53,"continuous",1,"Purely rule-based","Linear",TRUE,"MSE",3.1760842000898,0.0199999999999818,NA,20,0,20,20,0,0,0,0,1,0,1,1
53,"continuous",1,"Purely rule-based","Random forest",TRUE,"MSE",1.43275805474648,2.36000000000001,NA,NA,NA,NA,NA,NA,NA,NA,NA,NA,NA,NA,NA
53,"continuous",1,"Purely rule-based","RuleFit",TRUE,"MSE",1.04110474460226,25.61,NA,71,71,0,3,59,9,0,0,0.0422535211267606,0.830985915492958,0.873239436619718,2.08450704225352
54,"continuous",1,"Purely rule-based","BRP-GABLE full",TRUE,"MSE",1.2467279007284,53.0400000000001,NA,37,36,1,31,6,0,0,0,0.837837837837838,0.162162162162162,1,1.16216216216216
54,"continuous",1,"Purely rule-based","BRP-GABLE rule-only",TRUE,"MSE",1.24675263677751,52.7300000000001,NA,36,36,0,30,6,0,0,0,0.833333333333333,0.166666666666667,1,1.16666666666667
54,"continuous",1,"Purely rule-based","GABLE",TRUE,"MSE",2.07720722106605,1.38999999999999,NA,5,5,0,5,0,0,0,0,1,0,1,1
54,"continuous",1,"Purely rule-based","GBM",TRUE,"MSE",1.51997760797393,0.0600000000000591,NA,NA,NA,NA,NA,NA,NA,NA,NA,NA,NA,NA,NA
54,"continuous",1,"Purely rule-based","Linear",TRUE,"MSE",3.48417524845437,0,NA,20,0,20,20,0,0,0,0,1,0,1,1
54,"continuous",1,"Purely rule-based","Random forest",TRUE,"MSE",1.62163069774751,2.31999999999994,NA,NA,NA,NA,NA,NA,NA,NA,NA,NA,NA,NA,NA
54,"continuous",1,"Purely rule-based","RuleFit",TRUE,"MSE",1.30861174086289,27.03,NA,79,79,0,3,64,12,0,0,0.0379746835443038,0.810126582278481,0.848101265822785,2.11392405063291
55,"continuous",1,"Purely rule-based","BRP-GABLE full",TRUE,"MSE",1.066869871391,52.4899999999999,NA,28,26,2,23,5,0,0,0,0.821428571428571,0.178571428571429,1,1.17857142857143
55,"continuous",1,"Purely rule-based","BRP-GABLE rule-only",TRUE,"MSE",1.05433264501812,52.3499999999999,NA,26,26,0,21,5,0,0,0,0.807692307692308,0.192307692307692,1,1.19230769230769
55,"continuous",1,"Purely rule-based","GABLE",TRUE,"MSE",2.05726479861218,1.28000000000009,NA,5,5,0,5,0,0,0,0,1,0,1,1
55,"continuous",1,"Purely rule-based","GBM",TRUE,"MSE",1.43554264669518,0.0500000000000682,NA,NA,NA,NA,NA,NA,NA,NA,NA,NA,NA,NA,NA
55,"continuous",1,"Purely rule-based","Linear",TRUE,"MSE",3.20807526770616,0,NA,20,0,20,20,0,0,0,0,1,0,1,1
55,"continuous",1,"Purely rule-based","Random forest",TRUE,"MSE",1.57928775357096,2.19999999999993,NA,NA,NA,NA,NA,NA,NA,NA,NA,NA,NA,NA,NA
55,"continuous",1,"Purely rule-based","RuleFit",TRUE,"MSE",1.14167834236056,26.74,NA,76,76,0,5,67,4,0,0,0.0657894736842105,0.881578947368421,0.947368421052632,1.98684210526316
56,"continuous",1,"Purely rule-based","BRP-GABLE full",TRUE,"MSE",1.07951591866741,52.99,NA,39,39,0,34,5,0,0,0,0.871794871794872,0.128205128205128,1,1.12820512820513
56,"continuous",1,"Purely rule-based","BRP-GABLE rule-only",TRUE,"MSE",1.06184681890285,52.54,NA,38,38,0,33,5,0,0,0,0.868421052631579,0.131578947368421,1,1.13157894736842
56,"continuous",1,"Purely rule-based","GABLE",TRUE,"MSE",1.95164934711912,1.34999999999991,NA,5,5,0,5,0,0,0,0,1,0,1,1
56,"continuous",1,"Purely rule-based","GBM",TRUE,"MSE",1.35538808252984,0.0499999999999545,NA,NA,NA,NA,NA,NA,NA,NA,NA,NA,NA,NA,NA
56,"continuous",1,"Purely rule-based","Linear",TRUE,"MSE",3.56916961464016,0.0200000000000955,NA,20,0,20,20,0,0,0,0,1,0,1,1
56,"continuous",1,"Purely rule-based","Random forest",TRUE,"MSE",1.44172041743047,2.32000000000005,NA,NA,NA,NA,NA,NA,NA,NA,NA,NA,NA,NA,NA
56,"continuous",1,"Purely rule-based","RuleFit",TRUE,"MSE",1.1144702440776,25.9200000000001,NA,70,70,0,1,60,9,0,0,0.0142857142857143,0.857142857142857,0.871428571428571,2.11428571428571
57,"continuous",1,"Purely rule-based","BRP-GABLE full",TRUE,"MSE",1.27765309721078,53.5899999999998,NA,26,26,0,23,3,0,0,0,0.884615384615385,0.115384615384615,1,1.11538461538462
57,"continuous",1,"Purely rule-based","BRP-GABLE rule-only",TRUE,"MSE",1.26790909851082,53.3600000000001,NA,26,26,0,23,3,0,0,0,0.884615384615385,0.115384615384615,1,1.11538461538462
57,"continuous",1,"Purely rule-based","GABLE",TRUE,"MSE",2.15332365681938,1.28999999999996,NA,5,5,0,5,0,0,0,0,1,0,1,1
57,"continuous",1,"Purely rule-based","GBM",TRUE,"MSE",1.48743149723929,0.07000000000005,NA,NA,NA,NA,NA,NA,NA,NA,NA,NA,NA,NA,NA
57,"continuous",1,"Purely rule-based","Linear",TRUE,"MSE",3.7122100234908,0,NA,20,0,20,20,0,0,0,0,1,0,1,1
57,"continuous",1,"Purely rule-based","Random forest",TRUE,"MSE",1.54465169338224,2.25,NA,NA,NA,NA,NA,NA,NA,NA,NA,NA,NA,NA,NA
57,"continuous",1,"Purely rule-based","RuleFit",TRUE,"MSE",1.15657951670593,27.35,NA,79,79,0,5,66,8,0,0,0.0632911392405063,0.835443037974684,0.89873417721519,2.0379746835443
58,"continuous",1,"Purely rule-based","BRP-GABLE full",TRUE,"MSE",1.09764173404933,48.0299999999999,NA,43,41,2,34,9,0,0,0,0.790697674418605,0.209302325581395,1,1.2093023255814
58,"continuous",1,"Purely rule-based","BRP-GABLE rule-only",TRUE,"MSE",1.08785864817664,47.37,NA,43,43,0,34,9,0,0,0,0.790697674418605,0.209302325581395,1,1.2093023255814
58,"continuous",1,"Purely rule-based","GABLE",TRUE,"MSE",2.02577372573386,1.00999999999999,NA,5,5,0,3,2,0,0,0,0.6,0.4,1,1.4
58,"continuous",1,"Purely rule-based","GBM",TRUE,"MSE",1.3333350161581,0.0499999999999545,NA,NA,NA,NA,NA,NA,NA,NA,NA,NA,NA,NA,NA
58,"continuous",1,"Purely rule-based","Linear",TRUE,"MSE",3.31919144157337,0,NA,20,0,20,20,0,0,0,0,1,0,1,1
58,"continuous",1,"Purely rule-based","Random forest",TRUE,"MSE",1.42218523559897,2.16999999999996,NA,NA,NA,NA,NA,NA,NA,NA,NA,NA,NA,NA,NA
58,"continuous",1,"Purely rule-based","RuleFit",TRUE,"MSE",1.15737996103792,26.38,NA,77,77,0,3,70,4,0,0,0.038961038961039,0.909090909090909,0.948051948051948,2.01298701298701
59,"continuous",1,"Purely rule-based","BRP-GABLE full",TRUE,"MSE",1.18971039127443,54.5500000000002,NA,38,38,0,35,3,0,0,0,0.921052631578947,0.0789473684210526,1,1.07894736842105
59,"continuous",1,"Purely rule-based","BRP-GABLE rule-only",TRUE,"MSE",1.17858944766618,53.97,NA,37,37,0,34,3,0,0,0,0.918918918918919,0.0810810810810811,1,1.08108108108108
59,"continuous",1,"Purely rule-based","GABLE",TRUE,"MSE",1.96878981830235,1.28999999999996,NA,5,5,0,5,0,0,0,0,1,0,1,1
59,"continuous",1,"Purely rule-based","GBM",TRUE,"MSE",1.37569268762403,0.0500000000001819,NA,NA,NA,NA,NA,NA,NA,NA,NA,NA,NA,NA,NA
59,"continuous",1,"Purely rule-based","Linear",TRUE,"MSE",3.39010396678942,0.00999999999999091,NA,20,0,20,20,0,0,0,0,1,0,1,1
59,"continuous",1,"Purely rule-based","Random forest",TRUE,"MSE",1.59100906474437,2.39999999999986,NA,NA,NA,NA,NA,NA,NA,NA,NA,NA,NA,NA,NA
59,"continuous",1,"Purely rule-based","RuleFit",TRUE,"MSE",1.08029294007406,26.76,NA,87,87,0,1,73,13,0,0,0.0114942528735632,0.839080459770115,0.850574712643678,2.13793103448276
60,"continuous",1,"Purely rule-based","BRP-GABLE full",TRUE,"MSE",1.09435317099144,53.3299999999999,NA,46,45,1,42,4,0,0,0,0.91304347826087,0.0869565217391304,1,1.08695652173913
60,"continuous",1,"Purely rule-based","BRP-GABLE rule-only",TRUE,"MSE",1.07938308471794,52.9200000000001,NA,46,46,0,42,4,0,0,0,0.91304347826087,0.0869565217391304,1,1.08695652173913
60,"continuous",1,"Purely rule-based","GABLE",TRUE,"MSE",1.96814594887127,1.17000000000007,NA,5,5,0,4,1,0,0,0,0.8,0.2,1,1.2
60,"continuous",1,"Purely rule-based","GBM",TRUE,"MSE",1.42136397904181,0.0499999999999545,NA,NA,NA,NA,NA,NA,NA,NA,NA,NA,NA,NA,NA
60,"continuous",1,"Purely rule-based","Linear",TRUE,"MSE",3.28279115586474,0,NA,20,0,20,20,0,0,0,0,1,0,1,1
60,"continuous",1,"Purely rule-based","Random forest",TRUE,"MSE",1.53132535969596,2.25,NA,NA,NA,NA,NA,NA,NA,NA,NA,NA,NA,NA,NA
60,"continuous",1,"Purely rule-based","RuleFit",TRUE,"MSE",1.15720915630225,27,NA,75,75,0,1,64,10,0,0,0.0133333333333333,0.853333333333333,0.866666666666667,2.12
61,"continuous",1,"Purely rule-based","BRP-GABLE full",TRUE,"MSE",1.15413575478453,51.7399999999999,NA,40,39,1,29,11,0,0,0,0.725,0.275,1,1.275
61,"continuous",1,"Purely rule-based","BRP-GABLE rule-only",TRUE,"MSE",1.1230471466215,51.2299999999999,NA,41,41,0,30,11,0,0,0,0.731707317073171,0.268292682926829,1,1.26829268292683
61,"continuous",1,"Purely rule-based","GABLE",TRUE,"MSE",2.07775681292493,1.04999999999995,NA,5,5,0,4,1,0,0,0,0.8,0.2,1,1.2
61,"continuous",1,"Purely rule-based","GBM",TRUE,"MSE",1.41426967842634,0.0499999999999545,NA,NA,NA,NA,NA,NA,NA,NA,NA,NA,NA,NA,NA
61,"continuous",1,"Purely rule-based","Linear",TRUE,"MSE",3.41350952812158,0.00999999999999091,NA,20,0,20,20,0,0,0,0,1,0,1,1
61,"continuous",1,"Purely rule-based","Random forest",TRUE,"MSE",1.65208912104012,2.36000000000013,NA,NA,NA,NA,NA,NA,NA,NA,NA,NA,NA,NA,NA
61,"continuous",1,"Purely rule-based","RuleFit",TRUE,"MSE",1.26273375263346,26.22,NA,70,70,0,7,60,3,0,0,0.1,0.857142857142857,0.957142857142857,1.94285714285714
62,"continuous",1,"Purely rule-based","BRP-GABLE full",TRUE,"MSE",1.18281885041186,53.4299999999998,NA,31,31,0,28,3,0,0,0,0.903225806451613,0.0967741935483871,1,1.09677419354839
62,"continuous",1,"Purely rule-based","BRP-GABLE rule-only",TRUE,"MSE",1.17103922967255,53.4499999999998,NA,32,32,0,29,3,0,0,0,0.90625,0.09375,1,1.09375
62,"continuous",1,"Purely rule-based","GABLE",TRUE,"MSE",1.91792525861262,1.33000000000015,NA,5,5,0,5,0,0,0,0,1,0,1,1
62,"continuous",1,"Purely rule-based","GBM",TRUE,"MSE",1.40122513130687,0.0499999999999545,NA,NA,NA,NA,NA,NA,NA,NA,NA,NA,NA,NA,NA
62,"continuous",1,"Purely rule-based","Linear",TRUE,"MSE",3.32168119983163,0,NA,20,0,20,20,0,0,0,0,1,0,1,1
62,"continuous",1,"Purely rule-based","Random forest",TRUE,"MSE",1.52474362274481,2.27999999999997,NA,NA,NA,NA,NA,NA,NA,NA,NA,NA,NA,NA,NA
62,"continuous",1,"Purely rule-based","RuleFit",TRUE,"MSE",1.16252811855971,26.9400000000001,NA,82,82,0,2,69,11,0,0,0.024390243902439,0.841463414634146,0.865853658536585,2.10975609756098
63,"continuous",1,"Purely rule-based","BRP-GABLE full",TRUE,"MSE",1.17890613785705,52.7,NA,33,32,1,26,7,0,0,0,0.787878787878788,0.212121212121212,1,1.21212121212121
63,"continuous",1,"Purely rule-based","BRP-GABLE rule-only",TRUE,"MSE",1.17116245669942,52.1300000000001,NA,33,33,0,26,7,0,0,0,0.787878787878788,0.212121212121212,1,1.21212121212121
63,"continuous",1,"Purely rule-based","GABLE",TRUE,"MSE",1.96761459284593,1.30999999999995,NA,5,5,0,5,0,0,0,0,1,0,1,1
63,"continuous",1,"Purely rule-based","GBM",TRUE,"MSE",1.49067707219393,0.0499999999999545,NA,NA,NA,NA,NA,NA,NA,NA,NA,NA,NA,NA,NA
63,"continuous",1,"Purely rule-based","Linear",TRUE,"MSE",3.57328473644908,0.0199999999999818,NA,20,0,20,20,0,0,0,0,1,0,1,1
63,"continuous",1,"Purely rule-based","Random forest",TRUE,"MSE",1.5327188713383,2.25999999999999,NA,NA,NA,NA,NA,NA,NA,NA,NA,NA,NA,NA,NA
63,"continuous",1,"Purely rule-based","RuleFit",TRUE,"MSE",1.23846126596194,25.4000000000001,NA,58,58,0,4,54,0,0,0,0.0689655172413793,0.931034482758621,1,1.93103448275862
64,"continuous",1,"Purely rule-based","BRP-GABLE full",TRUE,"MSE",1.31599961576664,54.05,NA,32,32,0,26,6,0,0,0,0.8125,0.1875,1,1.1875
64,"continuous",1,"Purely rule-based","BRP-GABLE rule-only",TRUE,"MSE",1.29240625998109,53.5899999999999,NA,33,33,0,27,6,0,0,0,0.818181818181818,0.181818181818182,1,1.18181818181818
64,"continuous",1,"Purely rule-based","GABLE",TRUE,"MSE",2.29364684456781,1.20000000000005,NA,5,5,0,4,1,0,0,0,0.8,0.2,1,1.2
64,"continuous",1,"Purely rule-based","GBM",TRUE,"MSE",1.60078384199094,0.0699999999999363,NA,NA,NA,NA,NA,NA,NA,NA,NA,NA,NA,NA,NA
64,"continuous",1,"Purely rule-based","Linear",TRUE,"MSE",3.68569113482082,0,NA,20,0,20,20,0,0,0,0,1,0,1,1
64,"continuous",1,"Purely rule-based","Random forest",TRUE,"MSE",1.75370521757335,2.37000000000012,NA,NA,NA,NA,NA,NA,NA,NA,NA,NA,NA,NA,NA
64,"continuous",1,"Purely rule-based","RuleFit",TRUE,"MSE",1.25910642302809,26.8499999999999,NA,74,74,0,4,64,6,0,0,0.0540540540540541,0.864864864864865,0.918918918918919,2.02702702702703
65,"continuous",1,"Purely rule-based","BRP-GABLE full",TRUE,"MSE",1.29701822574642,55.21,NA,40,38,2,38,2,0,0,0,0.95,0.05,1,1.05
65,"continuous",1,"Purely rule-based","BRP-GABLE rule-only",TRUE,"MSE",1.28014226114717,54.8399999999999,NA,38,38,0,36,2,0,0,0,0.947368421052632,0.0526315789473684,1,1.05263157894737
65,"continuous",1,"Purely rule-based","GABLE",TRUE,"MSE",2.27411460862032,1.25,NA,5,5,0,5,0,0,0,0,1,0,1,1
65,"continuous",1,"Purely rule-based","GBM",TRUE,"MSE",1.53145701762384,0.0500000000001819,NA,NA,NA,NA,NA,NA,NA,NA,NA,NA,NA,NA,NA
65,"continuous",1,"Purely rule-based","Linear",TRUE,"MSE",3.60302373926485,0,NA,20,0,20,20,0,0,0,0,1,0,1,1
65,"continuous",1,"Purely rule-based","Random forest",TRUE,"MSE",1.72463379873643,2.32999999999993,NA,NA,NA,NA,NA,NA,NA,NA,NA,NA,NA,NA,NA
65,"continuous",1,"Purely rule-based","RuleFit",TRUE,"MSE",1.17458929839058,27.1700000000001,NA,80,80,0,2,66,12,0,0,0.025,0.825,0.85,2.125
66,"continuous",1,"Purely rule-based","BRP-GABLE full",TRUE,"MSE",1.21731232027269,55.8300000000002,NA,35,33,2,34,1,0,0,0,0.971428571428571,0.0285714285714286,1,1.02857142857143
66,"continuous",1,"Purely rule-based","BRP-GABLE rule-only",TRUE,"MSE",1.20954019719631,55.49,NA,34,34,0,33,1,0,0,0,0.970588235294118,0.0294117647058824,1,1.02941176470588
66,"continuous",1,"Purely rule-based","GABLE",TRUE,"MSE",2.25383932321272,1.42000000000007,NA,5,5,0,5,0,0,0,0,1,0,1,1
66,"continuous",1,"Purely rule-based","GBM",TRUE,"MSE",1.47632754989447,0.0499999999999545,NA,NA,NA,NA,NA,NA,NA,NA,NA,NA,NA,NA,NA
66,"continuous",1,"Purely rule-based","Linear",TRUE,"MSE",3.09479541683371,0,NA,20,0,20,20,0,0,0,0,1,0,1,1
66,"continuous",1,"Purely rule-based","Random forest",TRUE,"MSE",1.58752286295029,2.36999999999989,NA,NA,NA,NA,NA,NA,NA,NA,NA,NA,NA,NA,NA
66,"continuous",1,"Purely rule-based","RuleFit",TRUE,"MSE",1.2234367951005,27.9100000000001,NA,78,78,0,4,66,8,0,0,0.0512820512820513,0.846153846153846,0.897435897435897,2.05128205128205
67,"continuous",1,"Purely rule-based","BRP-GABLE full",TRUE,"MSE",1.55501335751085,56.2000000000003,NA,34,34,0,34,0,0,0,0,1,0,1,1
67,"continuous",1,"Purely rule-based","BRP-GABLE rule-only",TRUE,"MSE",1.5390063322051,55.75,NA,37,37,0,37,0,0,0,0,1,0,1,1
67,"continuous",1,"Purely rule-based","GABLE",TRUE,"MSE",2.26518210528405,1.23000000000002,NA,5,5,0,5,0,0,0,0,1,0,1,1
67,"continuous",1,"Purely rule-based","GBM",TRUE,"MSE",1.63739026959191,0.0399999999999636,NA,NA,NA,NA,NA,NA,NA,NA,NA,NA,NA,NA,NA
67,"continuous",1,"Purely rule-based","Linear",TRUE,"MSE",3.44181918098779,0.0199999999999818,NA,20,0,20,20,0,0,0,0,1,0,1,1
67,"continuous",1,"Purely rule-based","Random forest",TRUE,"MSE",1.76093498658506,2.26999999999998,NA,NA,NA,NA,NA,NA,NA,NA,NA,NA,NA,NA,NA
67,"continuous",1,"Purely rule-based","RuleFit",TRUE,"MSE",1.25133713747929,25.6000000000001,NA,73,73,0,3,66,4,0,0,0.0410958904109589,0.904109589041096,0.945205479452055,2.01369863013699
68,"continuous",1,"Purely rule-based","BRP-GABLE full",TRUE,"MSE",1.25773520219673,55.6900000000001,NA,30,29,1,29,1,0,0,0,0.966666666666667,0.0333333333333333,1,1.03333333333333
68,"continuous",1,"Purely rule-based","BRP-GABLE rule-only",TRUE,"MSE",1.25764404311322,55.28,NA,29,29,0,28,1,0,0,0,0.96551724137931,0.0344827586206897,1,1.03448275862069
68,"continuous",1,"Purely rule-based","GABLE",TRUE,"MSE",1.93172172706008,1.22000000000003,NA,5,5,0,5,0,0,0,0,1,0,1,1
68,"continuous",1,"Purely rule-based","GBM",TRUE,"MSE",1.35616308635183,0.0499999999999545,NA,NA,NA,NA,NA,NA,NA,NA,NA,NA,NA,NA,NA
68,"continuous",1,"Purely rule-based","Linear",TRUE,"MSE",3.28093419386959,0,NA,20,0,20,20,0,0,0,0,1,0,1,1
68,"continuous",1,"Purely rule-based","Random forest",TRUE,"MSE",1.46763559160167,2.3900000000001,NA,NA,NA,NA,NA,NA,NA,NA,NA,NA,NA,NA,NA
68,"continuous",1,"Purely rule-based","RuleFit",TRUE,"MSE",1.12785247420175,27.47,NA,82,82,0,1,73,8,0,0,0.0121951219512195,0.890243902439024,0.902439024390244,2.08536585365854
69,"continuous",1,"Purely rule-based","BRP-GABLE full",TRUE,"MSE",1.15952803775512,53.2,NA,34,34,0,31,3,0,0,0,0.911764705882353,0.0882352941176471,1,1.08823529411765
69,"continuous",1,"Purely rule-based","BRP-GABLE rule-only",TRUE,"MSE",1.13381418125277,52.73,NA,36,36,0,33,3,0,0,0,0.916666666666667,0.0833333333333333,1,1.08333333333333
69,"continuous",1,"Purely rule-based","GABLE",TRUE,"MSE",1.93873830084185,1.25,NA,5,5,0,5,0,0,0,0,1,0,1,1
69,"continuous",1,"Purely rule-based","GBM",TRUE,"MSE",1.44744104488322,0.0499999999999545,NA,NA,NA,NA,NA,NA,NA,NA,NA,NA,NA,NA,NA
69,"continuous",1,"Purely rule-based","Linear",TRUE,"MSE",3.50952223190509,0.00999999999999091,NA,20,0,20,20,0,0,0,0,1,0,1,1
69,"continuous",1,"Purely rule-based","Random forest",TRUE,"MSE",1.54076925066669,2.44000000000005,NA,NA,NA,NA,NA,NA,NA,NA,NA,NA,NA,NA,NA
69,"continuous",1,"Purely rule-based","RuleFit",TRUE,"MSE",1.15521907210019,25.6200000000001,NA,86,86,0,2,71,13,0,0,0.0232558139534884,0.825581395348837,0.848837209302326,2.12790697674419
70,"continuous",1,"Purely rule-based","BRP-GABLE full",TRUE,"MSE",0.981433446250592,53.0599999999999,NA,37,36,1,35,2,0,0,0,0.945945945945946,0.0540540540540541,1,1.05405405405405
70,"continuous",1,"Purely rule-based","BRP-GABLE rule-only",TRUE,"MSE",0.974597919058071,52.7400000000002,NA,37,37,0,35,2,0,0,0,0.945945945945946,0.0540540540540541,1,1.05405405405405
70,"continuous",1,"Purely rule-based","GABLE",TRUE,"MSE",1.91767054529703,1.34000000000015,NA,5,5,0,5,0,0,0,0,1,0,1,1
70,"continuous",1,"Purely rule-based","GBM",TRUE,"MSE",1.33643735933752,0.0499999999999545,NA,NA,NA,NA,NA,NA,NA,NA,NA,NA,NA,NA,NA
70,"continuous",1,"Purely rule-based","Linear",TRUE,"MSE",3.3629310815463,0.0199999999999818,NA,20,0,20,20,0,0,0,0,1,0,1,1
70,"continuous",1,"Purely rule-based","Random forest",TRUE,"MSE",1.4436315963782,2.27999999999997,NA,NA,NA,NA,NA,NA,NA,NA,NA,NA,NA,NA,NA
70,"continuous",1,"Purely rule-based","RuleFit",TRUE,"MSE",1.06345040440943,27.8299999999999,NA,88,88,0,4,76,8,0,0,0.0454545454545455,0.863636363636364,0.909090909090909,2.04545454545455
71,"continuous",1,"Purely rule-based","BRP-GABLE full",TRUE,"MSE",1.13558453667406,50.8999999999999,NA,37,37,0,26,11,0,0,0,0.702702702702703,0.297297297297297,1,1.2972972972973
71,"continuous",1,"Purely rule-based","BRP-GABLE rule-only",TRUE,"MSE",1.11112667320282,50.4099999999999,NA,38,38,0,26,12,0,0,0,0.684210526315789,0.315789473684211,1,1.31578947368421
71,"continuous",1,"Purely rule-based","GABLE",TRUE,"MSE",2.2205723733947,1.1099999999999,NA,5,5,0,4,1,0,0,0,0.8,0.2,1,1.2
71,"continuous",1,"Purely rule-based","GBM",TRUE,"MSE",1.48822999447184,0.0599999999999454,NA,NA,NA,NA,NA,NA,NA,NA,NA,NA,NA,NA,NA
71,"continuous",1,"Purely rule-based","Linear",TRUE,"MSE",3.51412799053483,0,NA,20,0,20,20,0,0,0,0,1,0,1,1
71,"continuous",1,"Purely rule-based","Random forest",TRUE,"MSE",1.60565524696247,2.27999999999997,NA,NA,NA,NA,NA,NA,NA,NA,NA,NA,NA,NA,NA
71,"continuous",1,"Purely rule-based","RuleFit",TRUE,"MSE",1.15326014347163,26.23,NA,66,66,0,2,60,4,0,0,0.0303030303030303,0.909090909090909,0.939393939393939,2.03030303030303
72,"continuous",1,"Purely rule-based","BRP-GABLE full",TRUE,"MSE",1.1733775230442,52.1299999999999,NA,33,33,0,26,7,0,0,0,0.787878787878788,0.212121212121212,1,1.21212121212121
72,"continuous",1,"Purely rule-based","BRP-GABLE rule-only",TRUE,"MSE",1.1733775230442,51.6700000000001,NA,33,33,0,26,7,0,0,0,0.787878787878788,0.212121212121212,1,1.21212121212121
72,"continuous",1,"Purely rule-based","GABLE",TRUE,"MSE",1.93654693646931,1.48000000000002,NA,5,5,0,5,0,0,0,0,1,0,1,1
72,"continuous",1,"Purely rule-based","GBM",TRUE,"MSE",1.43041731536931,0.0499999999999545,NA,NA,NA,NA,NA,NA,NA,NA,NA,NA,NA,NA,NA
72,"continuous",1,"Purely rule-based","Linear",TRUE,"MSE",3.50014794615502,0,NA,20,0,20,20,0,0,0,0,1,0,1,1
72,"continuous",1,"Purely rule-based","Random forest",TRUE,"MSE",1.74073233840814,2.27999999999997,NA,NA,NA,NA,NA,NA,NA,NA,NA,NA,NA,NA,NA
72,"continuous",1,"Purely rule-based","RuleFit",TRUE,"MSE",1.22829729804299,24.9400000000001,NA,63,63,0,6,55,2,0,0,0.0952380952380952,0.873015873015873,0.968253968253968,1.93650793650794
73,"continuous",1,"Purely rule-based","BRP-GABLE full",TRUE,"MSE",1.28959641210349,51.7900000000002,NA,33,33,0,28,5,0,0,0,0.848484848484849,0.151515151515152,1,1.15151515151515
73,"continuous",1,"Purely rule-based","BRP-GABLE rule-only",TRUE,"MSE",1.27532098255665,51.29,NA,33,33,0,28,5,0,0,0,0.848484848484849,0.151515151515152,1,1.15151515151515
73,"continuous",1,"Purely rule-based","GABLE",TRUE,"MSE",2.04112701154894,1.2800000000002,NA,5,5,0,5,0,0,0,0,1,0,1,1
73,"continuous",1,"Purely rule-based","GBM",TRUE,"MSE",1.43186709504472,0.0499999999999545,NA,NA,NA,NA,NA,NA,NA,NA,NA,NA,NA,NA,NA
73,"continuous",1,"Purely rule-based","Linear",TRUE,"MSE",3.54850979735053,0,NA,20,0,20,20,0,0,0,0,1,0,1,1
73,"continuous",1,"Purely rule-based","Random forest",TRUE,"MSE",1.5789562056371,2.36999999999989,NA,NA,NA,NA,NA,NA,NA,NA,NA,NA,NA,NA,NA
73,"continuous",1,"Purely rule-based","RuleFit",TRUE,"MSE",1.1213305760392,26.27,NA,75,75,0,2,68,5,0,0,0.0266666666666667,0.906666666666667,0.933333333333333,2.04
74,"continuous",1,"Purely rule-based","BRP-GABLE full",TRUE,"MSE",1.26761515726566,54.5099999999998,NA,35,31,4,34,1,0,0,0,0.971428571428571,0.0285714285714286,1,1.02857142857143
74,"continuous",1,"Purely rule-based","BRP-GABLE rule-only",TRUE,"MSE",1.28014226993527,53.9299999999998,NA,32,32,0,31,1,0,0,0,0.96875,0.03125,1,1.03125
74,"continuous",1,"Purely rule-based","GABLE",TRUE,"MSE",2.03827440334603,1.25999999999999,NA,5,5,0,5,0,0,0,0,1,0,1,1
74,"continuous",1,"Purely rule-based","GBM",TRUE,"MSE",1.44561303843736,0.0500000000001819,NA,NA,NA,NA,NA,NA,NA,NA,NA,NA,NA,NA,NA
74,"continuous",1,"Purely rule-based","Linear",TRUE,"MSE",3.21021137209456,0,NA,20,0,20,20,0,0,0,0,1,0,1,1
74,"continuous",1,"Purely rule-based","Random forest",TRUE,"MSE",1.53828195305848,2.22000000000003,NA,NA,NA,NA,NA,NA,NA,NA,NA,NA,NA,NA,NA
74,"continuous",1,"Purely rule-based","RuleFit",TRUE,"MSE",1.13401765203515,27.75,NA,89,89,0,6,71,12,0,0,0.0674157303370786,0.797752808988764,0.865168539325843,2.06741573033708
75,"continuous",1,"Purely rule-based","BRP-GABLE full",TRUE,"MSE",1.12192390332893,50.8299999999999,NA,44,43,1,33,11,0,0,0,0.75,0.25,1,1.25
75,"continuous",1,"Purely rule-based","BRP-GABLE rule-only",TRUE,"MSE",1.12186917490108,50.6099999999999,NA,44,44,0,33,11,0,0,0,0.75,0.25,1,1.25
75,"continuous",1,"Purely rule-based","GABLE",TRUE,"MSE",2.18156144737898,1.14999999999986,NA,5,5,0,4,1,0,0,0,0.8,0.2,1,1.2
75,"continuous",1,"Purely rule-based","GBM",TRUE,"MSE",1.45066478016207,0.0399999999999636,NA,NA,NA,NA,NA,NA,NA,NA,NA,NA,NA,NA,NA
75,"continuous",1,"Purely rule-based","Linear",TRUE,"MSE",3.24884052964385,0,NA,20,0,20,20,0,0,0,0,1,0,1,1
75,"continuous",1,"Purely rule-based","Random forest",TRUE,"MSE",1.52581908291789,2.26999999999998,NA,NA,NA,NA,NA,NA,NA,NA,NA,NA,NA,NA,NA
75,"continuous",1,"Purely rule-based","RuleFit",TRUE,"MSE",1.2117543948674,28.1100000000001,NA,78,78,0,1,70,7,0,0,0.0128205128205128,0.897435897435897,0.91025641025641,2.07692307692308
76,"continuous",1,"Purely rule-based","BRP-GABLE full",TRUE,"MSE",1.21405393784834,53.95,NA,23,22,1,22,1,0,0,0,0.956521739130435,0.0434782608695652,1,1.04347826086957
76,"continuous",1,"Purely rule-based","BRP-GABLE rule-only",TRUE,"MSE",1.20370364813685,53.6400000000001,NA,26,26,0,25,1,0,0,0,0.961538461538462,0.0384615384615385,1,1.03846153846154
76,"continuous",1,"Purely rule-based","GABLE",TRUE,"MSE",2.20815173832944,1.44999999999982,NA,5,5,0,5,0,0,0,0,1,0,1,1
76,"continuous",1,"Purely rule-based","GBM",TRUE,"MSE",1.38122178001398,0.0399999999999636,NA,NA,NA,NA,NA,NA,NA,NA,NA,NA,NA,NA,NA
76,"continuous",1,"Purely rule-based","Linear",TRUE,"MSE",3.65449678153118,0.0199999999999818,NA,20,0,20,20,0,0,0,0,1,0,1,1
76,"continuous",1,"Purely rule-based","Random forest",TRUE,"MSE",1.45598391001158,2.32000000000016,NA,NA,NA,NA,NA,NA,NA,NA,NA,NA,NA,NA,NA
76,"continuous",1,"Purely rule-based","RuleFit",TRUE,"MSE",1.19729604068292,25.8900000000001,NA,70,70,0,2,62,6,0,0,0.0285714285714286,0.885714285714286,0.914285714285714,2.05714285714286
77,"continuous",1,"Purely rule-based","BRP-GABLE full",TRUE,"MSE",1.30291970656585,53.7499999999998,NA,41,41,0,36,5,0,0,0,0.878048780487805,0.121951219512195,1,1.1219512195122
77,"continuous",1,"Purely rule-based","BRP-GABLE rule-only",TRUE,"MSE",1.28955836262722,53.1299999999999,NA,42,42,0,37,5,0,0,0,0.880952380952381,0.119047619047619,1,1.11904761904762
77,"continuous",1,"Purely rule-based","GABLE",TRUE,"MSE",2.08691881331027,1.22000000000003,NA,5,5,0,4,1,0,0,0,0.8,0.2,1,1.2
77,"continuous",1,"Purely rule-based","GBM",TRUE,"MSE",1.49015808465073,0.0500000000001819,NA,NA,NA,NA,NA,NA,NA,NA,NA,NA,NA,NA,NA
77,"continuous",1,"Purely rule-based","Linear",TRUE,"MSE",3.55305597368684,0,NA,20,0,20,20,0,0,0,0,1,0,1,1
77,"continuous",1,"Purely rule-based","Random forest",TRUE,"MSE",1.60267725978224,2.25999999999999,NA,NA,NA,NA,NA,NA,NA,NA,NA,NA,NA,NA,NA
77,"continuous",1,"Purely rule-based","RuleFit",TRUE,"MSE",1.17277416424557,26,NA,78,78,0,2,63,13,0,0,0.0256410256410256,0.807692307692308,0.833333333333333,2.14102564102564
78,"continuous",1,"Purely rule-based","BRP-GABLE full",TRUE,"MSE",1.09269710163844,53.79,NA,38,37,1,34,4,0,0,0,0.894736842105263,0.105263157894737,1,1.10526315789474
78,"continuous",1,"Purely rule-based","BRP-GABLE rule-only",TRUE,"MSE",1.08280642386579,53.1600000000001,NA,37,37,0,33,4,0,0,0,0.891891891891892,0.108108108108108,1,1.10810810810811
78,"continuous",1,"Purely rule-based","GABLE",TRUE,"MSE",2.15814936666552,1.43000000000006,NA,5,5,0,5,0,0,0,0,1,0,1,1
78,"continuous",1,"Purely rule-based","GBM",TRUE,"MSE",1.42261292417709,0.0299999999999727,NA,NA,NA,NA,NA,NA,NA,NA,NA,NA,NA,NA,NA
78,"continuous",1,"Purely rule-based","Linear",TRUE,"MSE",3.39956347999911,0,NA,20,0,20,20,0,0,0,0,1,0,1,1
78,"continuous",1,"Purely rule-based","Random forest",TRUE,"MSE",1.54405818512439,2.24000000000001,NA,NA,NA,NA,NA,NA,NA,NA,NA,NA,NA,NA,NA
78,"continuous",1,"Purely rule-based","RuleFit",TRUE,"MSE",1.20116151287749,26.8,NA,79,79,0,5,70,4,0,0,0.0632911392405063,0.886075949367089,0.949367088607595,1.9873417721519
79,"continuous",1,"Purely rule-based","BRP-GABLE full",TRUE,"MSE",1.05175573152991,51.8899999999999,NA,26,26,0,20,6,0,0,0,0.769230769230769,0.230769230769231,1,1.23076923076923
79,"continuous",1,"Purely rule-based","BRP-GABLE rule-only",TRUE,"MSE",1.04537626993048,51.4100000000001,NA,28,28,0,22,6,0,0,0,0.785714285714286,0.214285714285714,1,1.21428571428571
79,"continuous",1,"Purely rule-based","GABLE",TRUE,"MSE",2.12457514733524,1.27999999999997,NA,5,5,0,5,0,0,0,0,1,0,1,1
79,"continuous",1,"Purely rule-based","GBM",TRUE,"MSE",1.41045786618165,0.0399999999999636,NA,NA,NA,NA,NA,NA,NA,NA,NA,NA,NA,NA,NA
79,"continuous",1,"Purely rule-based","Linear",TRUE,"MSE",3.29664909878344,0,NA,20,0,20,20,0,0,0,0,1,0,1,1
79,"continuous",1,"Purely rule-based","Random forest",TRUE,"MSE",1.56001467765076,2.38000000000011,NA,NA,NA,NA,NA,NA,NA,NA,NA,NA,NA,NA,NA
79,"continuous",1,"Purely rule-based","RuleFit",TRUE,"MSE",1.13301164006994,27.22,NA,78,78,0,1,73,4,0,0,0.0128205128205128,0.935897435897436,0.948717948717949,2.03846153846154
80,"continuous",1,"Purely rule-based","BRP-GABLE full",TRUE,"MSE",1.25596752308768,54.5000000000002,NA,38,37,1,35,3,0,0,0,0.921052631578947,0.0789473684210526,1,1.07894736842105
80,"continuous",1,"Purely rule-based","BRP-GABLE rule-only",TRUE,"MSE",1.2439205979233,54.1500000000001,NA,40,40,0,37,3,0,0,0,0.925,0.075,1,1.075
80,"continuous",1,"Purely rule-based","GABLE",TRUE,"MSE",2.07696324600922,1.25,NA,5,5,0,5,0,0,0,0,1,0,1,1
80,"continuous",1,"Purely rule-based","GBM",TRUE,"MSE",1.51463381553038,0.0599999999999454,NA,NA,NA,NA,NA,NA,NA,NA,NA,NA,NA,NA,NA
80,"continuous",1,"Purely rule-based","Linear",TRUE,"MSE",3.7101573072733,0,NA,20,0,20,20,0,0,0,0,1,0,1,1
80,"continuous",1,"Purely rule-based","Random forest",TRUE,"MSE",1.63080851581748,2.35000000000014,NA,NA,NA,NA,NA,NA,NA,NA,NA,NA,NA,NA,NA
80,"continuous",1,"Purely rule-based","RuleFit",TRUE,"MSE",1.1960605565679,26.8699999999999,NA,92,92,0,4,82,6,0,0,0.0434782608695652,0.891304347826087,0.934782608695652,2.02173913043478
81,"continuous",1,"Purely rule-based","BRP-GABLE full",TRUE,"MSE",1.08972563811288,52.6899999999998,NA,52,52,0,47,5,0,0,0,0.903846153846154,0.0961538461538462,1,1.09615384615385
81,"continuous",1,"Purely rule-based","BRP-GABLE rule-only",TRUE,"MSE",1.08089055329587,52.1700000000001,NA,50,50,0,45,5,0,0,0,0.9,0.1,1,1.1
81,"continuous",1,"Purely rule-based","GABLE",TRUE,"MSE",2.14091070181204,1.19000000000005,NA,5,5,0,5,0,0,0,0,1,0,1,1
81,"continuous",1,"Purely rule-based","GBM",TRUE,"MSE",1.47902962476513,0.0500000000001819,NA,NA,NA,NA,NA,NA,NA,NA,NA,NA,NA,NA,NA
81,"continuous",1,"Purely rule-based","Linear",TRUE,"MSE",3.24801910749094,0,NA,20,0,20,20,0,0,0,0,1,0,1,1
81,"continuous",1,"Purely rule-based","Random forest",TRUE,"MSE",1.57270935820056,2.39999999999986,NA,NA,NA,NA,NA,NA,NA,NA,NA,NA,NA,NA,NA
81,"continuous",1,"Purely rule-based","RuleFit",TRUE,"MSE",1.16210324525273,25.8299999999999,NA,72,72,0,3,56,13,0,0,0.0416666666666667,0.777777777777778,0.819444444444444,2.13888888888889
82,"continuous",1,"Purely rule-based","BRP-GABLE full",TRUE,"MSE",1.22122157501843,53.2800000000002,NA,23,22,1,19,4,0,0,0,0.826086956521739,0.173913043478261,1,1.17391304347826
82,"continuous",1,"Purely rule-based","BRP-GABLE rule-only",TRUE,"MSE",1.21408422284459,52.8300000000002,NA,22,22,0,18,4,0,0,0,0.818181818181818,0.181818181818182,1,1.18181818181818
82,"continuous",1,"Purely rule-based","GABLE",TRUE,"MSE",2.29386439011942,1.31999999999994,NA,5,5,0,5,0,0,0,0,1,0,1,1
82,"continuous",1,"Purely rule-based","GBM",TRUE,"MSE",1.51067365277367,0.0299999999999727,NA,NA,NA,NA,NA,NA,NA,NA,NA,NA,NA,NA,NA
82,"continuous",1,"Purely rule-based","Linear",TRUE,"MSE",3.54371166680262,0.0199999999999818,NA,20,0,20,20,0,0,0,0,1,0,1,1
82,"continuous",1,"Purely rule-based","Random forest",TRUE,"MSE",1.57982864579917,2.30999999999995,NA,NA,NA,NA,NA,NA,NA,NA,NA,NA,NA,NA,NA
82,"continuous",1,"Purely rule-based","RuleFit",TRUE,"MSE",1.20432618383788,28.7,NA,79,79,0,4,61,14,0,0,0.0506329113924051,0.772151898734177,0.822784810126582,2.12658227848101
83,"continuous",1,"Purely rule-based","BRP-GABLE full",TRUE,"MSE",1.08093121418464,51.5800000000002,NA,23,22,1,19,4,0,0,0,0.826086956521739,0.173913043478261,1,1.17391304347826
83,"continuous",1,"Purely rule-based","BRP-GABLE rule-only",TRUE,"MSE",1.0736176864162,51.3,NA,23,23,0,19,4,0,0,0,0.826086956521739,0.173913043478261,1,1.17391304347826
83,"continuous",1,"Purely rule-based","GABLE",TRUE,"MSE",2.26190630687642,1.06999999999994,NA,5,5,0,4,1,0,0,0,0.8,0.2,1,1.2
83,"continuous",1,"Purely rule-based","GBM",TRUE,"MSE",1.38186869717888,0.0500000000001819,NA,NA,NA,NA,NA,NA,NA,NA,NA,NA,NA,NA,NA
83,"continuous",1,"Purely rule-based","Linear",TRUE,"MSE",3.49401166414558,0.0199999999999818,NA,20,0,20,20,0,0,0,0,1,0,1,1
83,"continuous",1,"Purely rule-based","Random forest",TRUE,"MSE",1.49671155539472,2.3599999999999,NA,NA,NA,NA,NA,NA,NA,NA,NA,NA,NA,NA,NA
83,"continuous",1,"Purely rule-based","RuleFit",TRUE,"MSE",1.14540871228829,26.6900000000001,NA,66,66,0,3,52,11,0,0,0.0454545454545455,0.787878787878788,0.833333333333333,2.12121212121212
84,"continuous",1,"Purely rule-based","BRP-GABLE full",TRUE,"MSE",1.18285695569054,54.54,NA,26,24,2,24,2,0,0,0,0.923076923076923,0.0769230769230769,1,1.07692307692308
84,"continuous",1,"Purely rule-based","BRP-GABLE rule-only",TRUE,"MSE",1.17916512517907,53.8699999999997,NA,24,24,0,22,2,0,0,0,0.916666666666667,0.0833333333333333,1,1.08333333333333
84,"continuous",1,"Purely rule-based","GABLE",TRUE,"MSE",1.92366173834267,1.33000000000015,NA,5,5,0,5,0,0,0,0,1,0,1,1
84,"continuous",1,"Purely rule-based","GBM",TRUE,"MSE",1.51498047449675,0.0299999999999727,NA,NA,NA,NA,NA,NA,NA,NA,NA,NA,NA,NA,NA
84,"continuous",1,"Purely rule-based","Linear",TRUE,"MSE",3.43021154686699,0,NA,20,0,20,20,0,0,0,0,1,0,1,1
84,"continuous",1,"Purely rule-based","Random forest",TRUE,"MSE",1.67149064454058,2.42999999999984,NA,NA,NA,NA,NA,NA,NA,NA,NA,NA,NA,NA,NA
84,"continuous",1,"Purely rule-based","RuleFit",TRUE,"MSE",1.29621868566545,25.46,NA,64,64,0,2,54,8,0,0,0.03125,0.84375,0.875,2.09375
85,"continuous",1,"Purely rule-based","BRP-GABLE full",TRUE,"MSE",1.06135352977501,52.3699999999997,NA,31,30,1,27,4,0,0,0,0.870967741935484,0.129032258064516,1,1.12903225806452
85,"continuous",1,"Purely rule-based","BRP-GABLE rule-only",TRUE,"MSE",1.05373352713021,51.7199999999998,NA,32,32,0,28,4,0,0,0,0.875,0.125,1,1.125
85,"continuous",1,"Purely rule-based","GABLE",TRUE,"MSE",2.0541694636597,1.34999999999991,NA,5,5,0,5,0,0,0,0,1,0,1,1
85,"continuous",1,"Purely rule-based","GBM",TRUE,"MSE",1.3283322365261,0.0399999999999636,NA,NA,NA,NA,NA,NA,NA,NA,NA,NA,NA,NA,NA
85,"continuous",1,"Purely rule-based","Linear",TRUE,"MSE",3.52627678946996,0,NA,20,0,20,20,0,0,0,0,1,0,1,1
85,"continuous",1,"Purely rule-based","Random forest",TRUE,"MSE",1.5194486491355,2.25,NA,NA,NA,NA,NA,NA,NA,NA,NA,NA,NA,NA,NA
85,"continuous",1,"Purely rule-based","RuleFit",TRUE,"MSE",1.13147327335693,27.8700000000001,NA,70,70,0,1,61,8,0,0,0.0142857142857143,0.871428571428571,0.885714285714286,2.1
86,"continuous",1,"Purely rule-based","BRP-GABLE full",TRUE,"MSE",1.12932616233265,51.9299999999998,NA,45,43,2,40,5,0,0,0,0.888888888888889,0.111111111111111,1,1.11111111111111
86,"continuous",1,"Purely rule-based","BRP-GABLE rule-only",TRUE,"MSE",1.12192202570962,51.6099999999999,NA,44,44,0,39,5,0,0,0,0.886363636363636,0.113636363636364,1,1.11363636363636
86,"continuous",1,"Purely rule-based","GABLE",TRUE,"MSE",2.13840058380537,1.25999999999999,NA,5,5,0,5,0,0,0,0,1,0,1,1
86,"continuous",1,"Purely rule-based","GBM",TRUE,"MSE",1.46595133327155,0.0399999999999636,NA,NA,NA,NA,NA,NA,NA,NA,NA,NA,NA,NA,NA
86,"continuous",1,"Purely rule-based","Linear",TRUE,"MSE",3.44446399241555,0.0199999999999818,NA,20,0,20,20,0,0,0,0,1,0,1,1
86,"continuous",1,"Purely rule-based","Random forest",TRUE,"MSE",1.49138785080858,2.34999999999991,NA,NA,NA,NA,NA,NA,NA,NA,NA,NA,NA,NA,NA
86,"continuous",1,"Purely rule-based","RuleFit",TRUE,"MSE",1.17883126623145,26.49,NA,77,77,0,1,69,7,0,0,0.012987012987013,0.896103896103896,0.909090909090909,2.07792207792208
87,"continuous",1,"Purely rule-based","BRP-GABLE full",TRUE,"MSE",1.22896736723102,51.52,NA,33,31,2,26,7,0,0,0,0.787878787878788,0.212121212121212,1,1.21212121212121
87,"continuous",1,"Purely rule-based","BRP-GABLE rule-only",TRUE,"MSE",1.21322410107275,51.1400000000001,NA,34,34,0,27,7,0,0,0,0.794117647058823,0.205882352941176,1,1.20588235294118
87,"continuous",1,"Purely rule-based","GABLE",TRUE,"MSE",2.41095544444541,1.29999999999995,NA,5,5,0,5,0,0,0,0,1,0,1,1
87,"continuous",1,"Purely rule-based","GBM",TRUE,"MSE",1.63985077335076,0.0499999999999545,NA,NA,NA,NA,NA,NA,NA,NA,NA,NA,NA,NA,NA
87,"continuous",1,"Purely rule-based","Linear",TRUE,"MSE",3.53328856085572,0.0199999999999818,NA,20,0,20,20,0,0,0,0,1,0,1,1
87,"continuous",1,"Purely rule-based","Random forest",TRUE,"MSE",1.73364380411698,2.37000000000012,NA,NA,NA,NA,NA,NA,NA,NA,NA,NA,NA,NA,NA
87,"continuous",1,"Purely rule-based","RuleFit",TRUE,"MSE",1.25967685110548,27.4099999999999,NA,83,83,0,1,74,8,0,0,0.0120481927710843,0.891566265060241,0.903614457831325,2.08433734939759
88,"continuous",1,"Purely rule-based","BRP-GABLE full",TRUE,"MSE",1.0968269138534,50.6099999999999,NA,41,37,4,33,8,0,0,0,0.804878048780488,0.195121951219512,1,1.19512195121951
88,"continuous",1,"Purely rule-based","BRP-GABLE rule-only",TRUE,"MSE",1.08946721142404,50.1499999999999,NA,36,36,0,27,9,0,0,0,0.75,0.25,1,1.25
88,"continuous",1,"Purely rule-based","GABLE",TRUE,"MSE",2.06737974217568,0.980000000000018,NA,5,5,0,4,1,0,0,0,0.8,0.2,1,1.2
88,"continuous",1,"Purely rule-based","GBM",TRUE,"MSE",1.43016829160657,0.0299999999999727,NA,NA,NA,NA,NA,NA,NA,NA,NA,NA,NA,NA,NA
88,"continuous",1,"Purely rule-based","Linear",TRUE,"MSE",3.5225944514586,0.00999999999999091,NA,20,0,20,20,0,0,0,0,1,0,1,1
88,"continuous",1,"Purely rule-based","Random forest",TRUE,"MSE",1.49422797318726,2.29999999999995,NA,NA,NA,NA,NA,NA,NA,NA,NA,NA,NA,NA,NA
88,"continuous",1,"Purely rule-based","RuleFit",TRUE,"MSE",1.11411584817734,27.1900000000001,NA,87,87,0,3,76,8,0,0,0.0344827586206897,0.873563218390805,0.908045977011494,2.05747126436782
89,"continuous",1,"Purely rule-based","BRP-GABLE full",TRUE,"MSE",1.46015750512075,54.9200000000001,NA,32,29,3,32,0,0,0,0,1,0,1,1
89,"continuous",1,"Purely rule-based","BRP-GABLE rule-only",TRUE,"MSE",1.46040144011838,54.5999999999999,NA,29,29,0,29,0,0,0,0,1,0,1,1
89,"continuous",1,"Purely rule-based","GABLE",TRUE,"MSE",2.09073335796256,1.30999999999995,NA,5,5,0,5,0,0,0,0,1,0,1,1
89,"continuous",1,"Purely rule-based","GBM",TRUE,"MSE",1.52947183367299,0.0499999999999545,NA,NA,NA,NA,NA,NA,NA,NA,NA,NA,NA,NA,NA
89,"continuous",1,"Purely rule-based","Linear",TRUE,"MSE",3.40740154982842,0,NA,20,0,20,20,0,0,0,0,1,0,1,1
89,"continuous",1,"Purely rule-based","Random forest",TRUE,"MSE",1.61974949107034,2.36000000000013,NA,NA,NA,NA,NA,NA,NA,NA,NA,NA,NA,NA,NA
89,"continuous",1,"Purely rule-based","RuleFit",TRUE,"MSE",1.17102570128205,27.52,NA,110,110,0,5,69,36,0,0,0.0454545454545455,0.627272727272727,0.672727272727273,2.28181818181818
90,"continuous",1,"Purely rule-based","BRP-GABLE full",TRUE,"MSE",1.25476520531969,54.1900000000003,NA,31,31,0,27,4,0,0,0,0.870967741935484,0.129032258064516,1,1.12903225806452
90,"continuous",1,"Purely rule-based","BRP-GABLE rule-only",TRUE,"MSE",1.25476520531969,53.55,NA,31,31,0,27,4,0,0,0,0.870967741935484,0.129032258064516,1,1.12903225806452
90,"continuous",1,"Purely rule-based","GABLE",TRUE,"MSE",1.85962306862611,1.29999999999995,NA,5,5,0,5,0,0,0,0,1,0,1,1
90,"continuous",1,"Purely rule-based","GBM",TRUE,"MSE",1.39617020773898,0.0499999999999545,NA,NA,NA,NA,NA,NA,NA,NA,NA,NA,NA,NA,NA
90,"continuous",1,"Purely rule-based","Linear",TRUE,"MSE",3.57533912346621,0.0199999999999818,NA,20,0,20,20,0,0,0,0,1,0,1,1
90,"continuous",1,"Purely rule-based","Random forest",TRUE,"MSE",1.57364813764132,2.25999999999999,NA,NA,NA,NA,NA,NA,NA,NA,NA,NA,NA,NA,NA
90,"continuous",1,"Purely rule-based","RuleFit",TRUE,"MSE",1.04415658586866,25.8400000000001,NA,78,78,0,7,65,6,0,0,0.0897435897435897,0.833333333333333,0.923076923076923,1.98717948717949
91,"continuous",1,"Purely rule-based","BRP-GABLE full",TRUE,"MSE",1.22294257348228,53.3300000000002,NA,31,31,0,26,5,0,0,0,0.838709677419355,0.161290322580645,1,1.16129032258065
91,"continuous",1,"Purely rule-based","BRP-GABLE rule-only",TRUE,"MSE",1.21005499407934,52.8400000000001,NA,30,30,0,25,5,0,0,0,0.833333333333333,0.166666666666667,1,1.16666666666667
91,"continuous",1,"Purely rule-based","GABLE",TRUE,"MSE",2.2163604532486,1.44000000000005,NA,5,5,0,5,0,0,0,0,1,0,1,1
91,"continuous",1,"Purely rule-based","GBM",TRUE,"MSE",1.51343517129734,0.0399999999999636,NA,NA,NA,NA,NA,NA,NA,NA,NA,NA,NA,NA,NA
91,"continuous",1,"Purely rule-based","Linear",TRUE,"MSE",3.5599141354484,0.0199999999999818,NA,20,0,20,20,0,0,0,0,1,0,1,1
91,"continuous",1,"Purely rule-based","Random forest",TRUE,"MSE",1.67786564235219,2.29999999999995,NA,NA,NA,NA,NA,NA,NA,NA,NA,NA,NA,NA,NA
91,"continuous",1,"Purely rule-based","RuleFit",TRUE,"MSE",1.19947909241445,25.0599999999999,NA,73,73,0,3,64,6,0,0,0.0410958904109589,0.876712328767123,0.917808219178082,2.04109589041096
92,"continuous",1,"Purely rule-based","BRP-GABLE full",TRUE,"MSE",1.06550075483206,52.8600000000001,NA,32,31,1,27,5,0,0,0,0.84375,0.15625,1,1.15625
92,"continuous",1,"Purely rule-based","BRP-GABLE rule-only",TRUE,"MSE",1.04132455864822,52.52,NA,33,33,0,28,5,0,0,0,0.848484848484849,0.151515151515152,1,1.15151515151515
92,"continuous",1,"Purely rule-based","GABLE",TRUE,"MSE",1.89061396447098,1.44999999999982,NA,5,5,0,5,0,0,0,0,1,0,1,1
92,"continuous",1,"Purely rule-based","GBM",TRUE,"MSE",1.37840444739446,0.0399999999999636,NA,NA,NA,NA,NA,NA,NA,NA,NA,NA,NA,NA,NA
92,"continuous",1,"Purely rule-based","Linear",TRUE,"MSE",3.64626667278334,0,NA,20,0,20,20,0,0,0,0,1,0,1,1
92,"continuous",1,"Purely rule-based","Random forest",TRUE,"MSE",1.48882351359082,2.30000000000018,NA,NA,NA,NA,NA,NA,NA,NA,NA,NA,NA,NA,NA
92,"continuous",1,"Purely rule-based","RuleFit",TRUE,"MSE",1.17181303334912,27.9400000000001,NA,90,90,0,4,78,8,0,0,0.0444444444444444,0.866666666666667,0.911111111111111,2.04444444444444
93,"continuous",1,"Purely rule-based","BRP-GABLE full",TRUE,"MSE",1.26593270997336,52.3100000000002,NA,37,37,0,33,4,0,0,0,0.891891891891892,0.108108108108108,1,1.10810810810811
93,"continuous",1,"Purely rule-based","BRP-GABLE rule-only",TRUE,"MSE",1.25642378799217,51.7700000000002,NA,37,37,0,33,4,0,0,0,0.891891891891892,0.108108108108108,1,1.10810810810811
93,"continuous",1,"Purely rule-based","GABLE",TRUE,"MSE",2.13870706715068,1.36000000000013,NA,5,5,0,5,0,0,0,0,1,0,1,1
93,"continuous",1,"Purely rule-based","GBM",TRUE,"MSE",1.39398415263195,0.0499999999999545,NA,NA,NA,NA,NA,NA,NA,NA,NA,NA,NA,NA,NA
93,"continuous",1,"Purely rule-based","Linear",TRUE,"MSE",3.21368182354477,0,NA,20,0,20,20,0,0,0,0,1,0,1,1
93,"continuous",1,"Purely rule-based","Random forest",TRUE,"MSE",1.47523113100299,2.30999999999995,NA,NA,NA,NA,NA,NA,NA,NA,NA,NA,NA,NA,NA
93,"continuous",1,"Purely rule-based","RuleFit",TRUE,"MSE",1.1362669888024,27.01,NA,71,71,0,3,65,3,0,0,0.0422535211267606,0.915492957746479,0.957746478873239,2
94,"continuous",1,"Purely rule-based","BRP-GABLE full",TRUE,"MSE",1.08631861191034,50.6599999999999,NA,32,29,3,25,7,0,0,0,0.78125,0.21875,1,1.21875
94,"continuous",1,"Purely rule-based","BRP-GABLE rule-only",TRUE,"MSE",1.07305471931658,50.5799999999999,NA,30,30,0,23,7,0,0,0,0.766666666666667,0.233333333333333,1,1.23333333333333
94,"continuous",1,"Purely rule-based","GABLE",TRUE,"MSE",2.06946849028112,1.22000000000003,NA,5,5,0,5,0,0,0,0,1,0,1,1
94,"continuous",1,"Purely rule-based","GBM",TRUE,"MSE",1.37401797593939,0.0499999999999545,NA,NA,NA,NA,NA,NA,NA,NA,NA,NA,NA,NA,NA
94,"continuous",1,"Purely rule-based","Linear",TRUE,"MSE",3.09429106638534,0,NA,20,0,20,20,0,0,0,0,1,0,1,1
94,"continuous",1,"Purely rule-based","Random forest",TRUE,"MSE",1.51679929476573,2.47000000000003,NA,NA,NA,NA,NA,NA,NA,NA,NA,NA,NA,NA,NA
94,"continuous",1,"Purely rule-based","RuleFit",TRUE,"MSE",1.1312461506895,27.6799999999998,NA,92,92,0,3,65,24,0,0,0.0326086956521739,0.706521739130435,0.739130434782609,2.22826086956522
95,"continuous",1,"Purely rule-based","BRP-GABLE full",TRUE,"MSE",1.33537983472185,52.75,NA,34,34,0,31,3,0,0,0,0.911764705882353,0.0882352941176471,1,1.08823529411765
95,"continuous",1,"Purely rule-based","BRP-GABLE rule-only",TRUE,"MSE",1.33537983472185,52.6299999999999,NA,34,34,0,31,3,0,0,0,0.911764705882353,0.0882352941176471,1,1.08823529411765
95,"continuous",1,"Purely rule-based","GABLE",TRUE,"MSE",2.16760694606865,1.20000000000005,NA,5,5,0,4,1,0,0,0,0.8,0.2,1,1.2
95,"continuous",1,"Purely rule-based","GBM",TRUE,"MSE",1.51891258437625,0.0499999999999545,NA,NA,NA,NA,NA,NA,NA,NA,NA,NA,NA,NA,NA
95,"continuous",1,"Purely rule-based","Linear",TRUE,"MSE",3.74184174540747,0,NA,20,0,20,20,0,0,0,0,1,0,1,1
95,"continuous",1,"Purely rule-based","Random forest",TRUE,"MSE",1.60897748040366,2.25,NA,NA,NA,NA,NA,NA,NA,NA,NA,NA,NA,NA,NA
95,"continuous",1,"Purely rule-based","RuleFit",TRUE,"MSE",1.16653449712949,26.03,NA,74,74,0,4,65,5,0,0,0.0540540540540541,0.878378378378378,0.932432432432432,2.01351351351351
96,"continuous",1,"Purely rule-based","BRP-GABLE full",TRUE,"MSE",1.09940044371164,51.76,NA,28,28,0,21,7,0,0,0,0.75,0.25,1,1.25
96,"continuous",1,"Purely rule-based","BRP-GABLE rule-only",TRUE,"MSE",1.09137353044384,51.1900000000001,NA,27,27,0,20,7,0,0,0,0.740740740740741,0.259259259259259,1,1.25925925925926
96,"continuous",1,"Purely rule-based","GABLE",TRUE,"MSE",1.84184186439452,1.24000000000001,NA,5,5,0,5,0,0,0,0,1,0,1,1
96,"continuous",1,"Purely rule-based","GBM",TRUE,"MSE",1.34754485021286,0.0399999999999636,NA,NA,NA,NA,NA,NA,NA,NA,NA,NA,NA,NA,NA
96,"continuous",1,"Purely rule-based","Linear",TRUE,"MSE",3.12203955320853,0.00999999999999091,NA,20,0,20,20,0,0,0,0,1,0,1,1
96,"continuous",1,"Purely rule-based","Random forest",TRUE,"MSE",1.43980009623353,2.34999999999991,NA,NA,NA,NA,NA,NA,NA,NA,NA,NA,NA,NA,NA
96,"continuous",1,"Purely rule-based","RuleFit",TRUE,"MSE",1.18749802786845,27.3600000000001,NA,77,77,0,6,67,4,0,0,0.0779220779220779,0.87012987012987,0.948051948051948,1.97402597402597
97,"continuous",1,"Purely rule-based","BRP-GABLE full",TRUE,"MSE",1.09672750161823,52.71,NA,42,42,0,37,5,0,0,0,0.880952380952381,0.119047619047619,1,1.11904761904762
97,"continuous",1,"Purely rule-based","BRP-GABLE rule-only",TRUE,"MSE",1.08636675116409,52.1900000000001,NA,43,43,0,38,5,0,0,0,0.883720930232558,0.116279069767442,1,1.11627906976744
97,"continuous",1,"Purely rule-based","GABLE",TRUE,"MSE",2.20159249229095,1.44000000000005,NA,5,5,0,5,0,0,0,0,1,0,1,1
97,"continuous",1,"Purely rule-based","GBM",TRUE,"MSE",1.43657043113406,0.0499999999999545,NA,NA,NA,NA,NA,NA,NA,NA,NA,NA,NA,NA,NA
97,"continuous",1,"Purely rule-based","Linear",TRUE,"MSE",3.34520099661343,0,NA,20,0,20,20,0,0,0,0,1,0,1,1
97,"continuous",1,"Purely rule-based","Random forest",TRUE,"MSE",1.5266343893637,2.45000000000005,NA,NA,NA,NA,NA,NA,NA,NA,NA,NA,NA,NA,NA
97,"continuous",1,"Purely rule-based","RuleFit",TRUE,"MSE",1.14318558702419,26.3399999999999,NA,69,69,0,3,62,4,0,0,0.0434782608695652,0.898550724637681,0.942028985507246,2.01449275362319
98,"continuous",1,"Purely rule-based","BRP-GABLE full",TRUE,"MSE",1.09540324982059,53.0299999999997,NA,32,28,4,29,3,0,0,0,0.90625,0.09375,1,1.09375
98,"continuous",1,"Purely rule-based","BRP-GABLE rule-only",TRUE,"MSE",1.09681349412513,52.8299999999999,NA,34,34,0,31,3,0,0,0,0.911764705882353,0.0882352941176471,1,1.08823529411765
98,"continuous",1,"Purely rule-based","GABLE",TRUE,"MSE",2.41688383271043,1.27999999999997,NA,5,5,0,5,0,0,0,0,1,0,1,1
98,"continuous",1,"Purely rule-based","GBM",TRUE,"MSE",1.45291782085958,0.0399999999999636,NA,NA,NA,NA,NA,NA,NA,NA,NA,NA,NA,NA,NA
98,"continuous",1,"Purely rule-based","Linear",TRUE,"MSE",3.36126180475264,0,NA,20,0,20,20,0,0,0,0,1,0,1,1
98,"continuous",1,"Purely rule-based","Random forest",TRUE,"MSE",1.5091054150755,2.21000000000004,NA,NA,NA,NA,NA,NA,NA,NA,NA,NA,NA,NA,NA
98,"continuous",1,"Purely rule-based","RuleFit",TRUE,"MSE",1.14905385120443,23.29,NA,84,84,0,3,71,10,0,0,0.0357142857142857,0.845238095238095,0.880952380952381,2.08333333333333
99,"continuous",1,"Purely rule-based","BRP-GABLE full",TRUE,"MSE",1.04550394029628,51.0000000000002,NA,42,40,2,39,3,0,0,0,0.928571428571429,0.0714285714285714,1,1.07142857142857
99,"continuous",1,"Purely rule-based","BRP-GABLE rule-only",TRUE,"MSE",1.04007121380439,50.6800000000001,NA,40,40,0,37,3,0,0,0,0.925,0.075,1,1.075
99,"continuous",1,"Purely rule-based","GABLE",TRUE,"MSE",1.8882130697871,1.23000000000002,NA,5,5,0,5,0,0,0,0,1,0,1,1
99,"continuous",1,"Purely rule-based","GBM",TRUE,"MSE",1.40082957751407,0.0499999999999545,NA,NA,NA,NA,NA,NA,NA,NA,NA,NA,NA,NA,NA
99,"continuous",1,"Purely rule-based","Linear",TRUE,"MSE",3.21659525647279,0.0199999999999818,NA,20,0,20,20,0,0,0,0,1,0,1,1
99,"continuous",1,"Purely rule-based","Random forest",TRUE,"MSE",1.43431285758612,2.45000000000005,NA,NA,NA,NA,NA,NA,NA,NA,NA,NA,NA,NA,NA
99,"continuous",1,"Purely rule-based","RuleFit",TRUE,"MSE",1.13457857857208,21.52,NA,80,80,0,4,66,10,0,0,0.05,0.825,0.875,2.075
100,"continuous",1,"Purely rule-based","BRP-GABLE full",TRUE,"MSE",1.08382507327505,47.5300000000002,NA,40,40,0,31,9,0,0,0,0.775,0.225,1,1.225
100,"continuous",1,"Purely rule-based","BRP-GABLE rule-only",TRUE,"MSE",1.07407236188474,47.53,NA,40,40,0,31,9,0,0,0,0.775,0.225,1,1.225
100,"continuous",1,"Purely rule-based","GABLE",TRUE,"MSE",1.99527712412276,0.809999999999945,NA,5,5,0,4,1,0,0,0,0.8,0.2,1,1.2
100,"continuous",1,"Purely rule-based","GBM",TRUE,"MSE",1.41753094107704,0.0300000000002001,NA,NA,NA,NA,NA,NA,NA,NA,NA,NA,NA,NA,NA
100,"continuous",1,"Purely rule-based","Linear",TRUE,"MSE",3.15092456473123,0.0199999999999818,NA,20,0,20,20,0,0,0,0,1,0,1,1
100,"continuous",1,"Purely rule-based","Random forest",TRUE,"MSE",1.5903695033167,2.05999999999995,NA,NA,NA,NA,NA,NA,NA,NA,NA,NA,NA,NA,NA
100,"continuous",1,"Purely rule-based","RuleFit",TRUE,"MSE",1.14840584386322,15.5,NA,76,76,0,3,67,6,0,0,0.0394736842105263,0.881578947368421,0.921052631578947,2.03947368421053
1,"continuous",2,"Purely linear","BRP-GABLE full",TRUE,"MSE",1.10309096291193,55.34,NA,14,8,6,13,1,0,0,0,0.928571428571429,0.0714285714285714,1,1.07142857142857
1,"continuous",2,"Purely linear","BRP-GABLE rule-only",TRUE,"MSE",2.02842968299253,56.52,NA,74,74,0,71,3,0,0,0,0.959459459459459,0.0405405405405405,1,1.04054054054054
1,"continuous",2,"Purely linear","GABLE",TRUE,"MSE",3.90277243487733,1.35,NA,5,5,0,5,0,0,0,0,1,0,1,1
1,"continuous",2,"Purely linear","GBM",TRUE,"MSE",1.85398533750878,0.0499999999999972,NA,NA,NA,NA,NA,NA,NA,NA,NA,NA,NA,NA,NA
1,"continuous",2,"Purely linear","Linear",TRUE,"MSE",0.966331648701487,0.0200000000000031,NA,20,0,20,20,0,0,0,0,1,0,1,1
1,"continuous",2,"Purely linear","Random forest",TRUE,"MSE",2.23846878658518,2.6,NA,NA,NA,NA,NA,NA,NA,NA,NA,NA,NA,NA,NA
1,"continuous",2,"Purely linear","RuleFit",TRUE,"MSE",1.25011624259437,35.97,NA,172,172,0,4,103,65,0,0,0.0232558139534884,0.598837209302326,0.622093023255814,2.3546511627907
2,"continuous",2,"Purely linear","BRP-GABLE full",TRUE,"MSE",1.23169239553347,55.66,NA,16,10,6,15,1,0,0,0,0.9375,0.0625,1,1.0625
2,"continuous",2,"Purely linear","BRP-GABLE rule-only",TRUE,"MSE",2.24915533715342,57.25,NA,72,72,0,69,3,0,0,0,0.958333333333333,0.0416666666666667,1,1.04166666666667
2,"continuous",2,"Purely linear","GABLE",TRUE,"MSE",4.28654398265272,1.46,NA,5,5,0,5,0,0,0,0,1,0,1,1
2,"continuous",2,"Purely linear","GBM",TRUE,"MSE",2.0302112427512,0.0399999999999991,NA,NA,NA,NA,NA,NA,NA,NA,NA,NA,NA,NA,NA
2,"continuous",2,"Purely linear","Linear",TRUE,"MSE",1.09027292343395,0.019999999999996,NA,20,0,20,20,0,0,0,0,1,0,1,1
2,"continuous",2,"Purely linear","Random forest",TRUE,"MSE",2.3822452279417,2.64,NA,NA,NA,NA,NA,NA,NA,NA,NA,NA,NA,NA,NA
2,"continuous",2,"Purely linear","RuleFit",TRUE,"MSE",1.36082531217796,36.57,NA,188,188,0,5,110,73,0,0,0.0265957446808511,0.585106382978723,0.611702127659574,2.36170212765957
3,"continuous",2,"Purely linear","BRP-GABLE full",TRUE,"MSE",1.17216343498674,56.74,NA,9,3,6,9,0,0,0,0,1,0,1,1
3,"continuous",2,"Purely linear","BRP-GABLE rule-only",TRUE,"MSE",1.98163621745363,57.69,NA,74,74,0,73,1,0,0,0,0.986486486486487,0.0135135135135135,1,1.01351351351351
3,"continuous",2,"Purely linear","GABLE",TRUE,"MSE",3.74753034454846,1.31,NA,5,5,0,5,0,0,0,0,1,0,1,1
3,"continuous",2,"Purely linear","GBM",TRUE,"MSE",1.8194939554887,0.0700000000000003,NA,NA,NA,NA,NA,NA,NA,NA,NA,NA,NA,NA,NA
3,"continuous",2,"Purely linear","Linear",TRUE,"MSE",1.08953049447017,0,NA,20,0,20,20,0,0,0,0,1,0,1,1
3,"continuous",2,"Purely linear","Random forest",TRUE,"MSE",2.20410466856812,2.61,NA,NA,NA,NA,NA,NA,NA,NA,NA,NA,NA,NA,NA
3,"continuous",2,"Purely linear","RuleFit",TRUE,"MSE",1.26969678119294,36.33,NA,174,174,0,5,86,83,0,0,0.028735632183908,0.494252873563218,0.522988505747126,2.44827586206897
4,"continuous",2,"Purely linear","BRP-GABLE full",TRUE,"MSE",1.17786080763906,54.56,NA,13,7,6,10,3,0,0,0,0.769230769230769,0.230769230769231,1,1.23076923076923
4,"continuous",2,"Purely linear","BRP-GABLE rule-only",TRUE,"MSE",2.10763035830823,55.89,NA,74,74,0,71,3,0,0,0,0.959459459459459,0.0405405405405405,1,1.04054054054054
4,"continuous",2,"Purely linear","GABLE",TRUE,"MSE",4.11357495298504,1.27,NA,5,5,0,5,0,0,0,0,1,0,1,1
4,"continuous",2,"Purely linear","GBM",TRUE,"MSE",1.88108273424842,0.0499999999999972,NA,NA,NA,NA,NA,NA,NA,NA,NA,NA,NA,NA,NA
4,"continuous",2,"Purely linear","Linear",TRUE,"MSE",1.06614386105577,0,NA,20,0,20,20,0,0,0,0,1,0,1,1
4,"continuous",2,"Purely linear","Random forest",TRUE,"MSE",2.27209661966331,2.73,NA,NA,NA,NA,NA,NA,NA,NA,NA,NA,NA,NA,NA
4,"continuous",2,"Purely linear","RuleFit",TRUE,"MSE",1.32396173491348,37.15,NA,161,161,0,1,92,68,0,0,0.0062111801242236,0.571428571428571,0.577639751552795,2.41614906832298
5,"continuous",2,"Purely linear","BRP-GABLE full",TRUE,"MSE",1.14099138786535,53.65,NA,14,8,6,11,3,0,0,0,0.785714285714286,0.214285714285714,1,1.21428571428571
5,"continuous",2,"Purely linear","BRP-GABLE rule-only",TRUE,"MSE",2.11157029680411,55.24,NA,64,64,0,55,9,0,0,0,0.859375,0.140625,1,1.140625
5,"continuous",2,"Purely linear","GABLE",TRUE,"MSE",3.91078865111479,1.39,NA,5,5,0,5,0,0,0,0,1,0,1,1
5,"continuous",2,"Purely linear","GBM",TRUE,"MSE",1.90468722995502,0.0499999999999972,NA,NA,NA,NA,NA,NA,NA,NA,NA,NA,NA,NA,NA
5,"continuous",2,"Purely linear","Linear",TRUE,"MSE",1.0422169027083,0,NA,20,0,20,20,0,0,0,0,1,0,1,1
5,"continuous",2,"Purely linear","Random forest",TRUE,"MSE",2.25013964098209,2.57,NA,NA,NA,NA,NA,NA,NA,NA,NA,NA,NA,NA,NA
5,"continuous",2,"Purely linear","RuleFit",TRUE,"MSE",1.27691368958924,35.43,NA,158,158,0,3,76,79,0,0,0.0189873417721519,0.481012658227848,0.5,2.48101265822785
6,"continuous",2,"Purely linear","BRP-GABLE full",TRUE,"MSE",1.21574518562585,56.34,NA,13,7,6,13,0,0,0,0,1,0,1,1
6,"continuous",2,"Purely linear","BRP-GABLE rule-only",TRUE,"MSE",2.07508423711201,57.54,NA,83,83,0,83,0,0,0,0,1,0,1,1
6,"continuous",2,"Purely linear","GABLE",TRUE,"MSE",4.28409349943862,1.21000000000001,NA,5,5,0,5,0,0,0,0,1,0,1,1
6,"continuous",2,"Purely linear","GBM",TRUE,"MSE",1.99297137135757,0.0499999999999972,NA,NA,NA,NA,NA,NA,NA,NA,NA,NA,NA,NA,NA
6,"continuous",2,"Purely linear","Linear",TRUE,"MSE",1.08070690700362,0.0100000000000051,NA,20,0,20,20,0,0,0,0,1,0,1,1
6,"continuous",2,"Purely linear","Random forest",TRUE,"MSE",2.37095348723594,2.33999999999999,NA,NA,NA,NA,NA,NA,NA,NA,NA,NA,NA,NA,NA
6,"continuous",2,"Purely linear","RuleFit",TRUE,"MSE",1.32645551766575,32.51,NA,174,174,0,5,104,65,0,0,0.028735632183908,0.597701149425287,0.626436781609195,2.3448275862069
7,"continuous",2,"Purely linear","BRP-GABLE full",TRUE,"MSE",1.00963655662355,54.2,NA,28,21,7,26,2,0,0,0,0.928571428571429,0.0714285714285714,1,1.07142857142857
7,"continuous",2,"Purely linear","BRP-GABLE rule-only",TRUE,"MSE",1.75041539165362,55.12,NA,69,69,0,67,2,0,0,0,0.971014492753623,0.0289855072463768,1,1.02898550724638
7,"continuous",2,"Purely linear","GABLE",TRUE,"MSE",3.80729479962191,1.28999999999999,NA,5,5,0,5,0,0,0,0,1,0,1,1
7,"continuous",2,"Purely linear","GBM",TRUE,"MSE",1.68288850385448,0.0500000000000114,NA,NA,NA,NA,NA,NA,NA,NA,NA,NA,NA,NA,NA
7,"continuous",2,"Purely linear","Linear",TRUE,"MSE",0.92798022101199,0.0300000000000011,NA,20,0,20,20,0,0,0,0,1,0,1,1
7,"continuous",2,"Purely linear","Random forest",TRUE,"MSE",2.04418668041078,2.59999999999999,NA,NA,NA,NA,NA,NA,NA,NA,NA,NA,NA,NA,NA
7,"continuous",2,"Purely linear","RuleFit",TRUE,"MSE",1.23979022035913,32.29,NA,146,146,0,0,83,63,0,0,0,0.568493150684932,0.568493150684932,2.43150684931507
8,"continuous",2,"Purely linear","BRP-GABLE full",TRUE,"MSE",1.23118429504941,54.37,NA,9,3,6,8,1,0,0,0,0.888888888888889,0.111111111111111,1,1.11111111111111
8,"continuous",2,"Purely linear","BRP-GABLE rule-only",TRUE,"MSE",2.31656018129064,55.97,NA,67,67,0,66,1,0,0,0,0.985074626865672,0.0149253731343284,1,1.01492537313433
8,"continuous",2,"Purely linear","GABLE",TRUE,"MSE",4.35617924601201,1.26999999999998,NA,5,5,0,5,0,0,0,0,1,0,1,1
8,"continuous",2,"Purely linear","GBM",TRUE,"MSE",2.10192210413514,0.039999999999992,NA,NA,NA,NA,NA,NA,NA,NA,NA,NA,NA,NA,NA
8,"continuous",2,"Purely linear","Linear",TRUE,"MSE",1.04298160495469,0.0200000000000102,NA,20,0,20,20,0,0,0,0,1,0,1,1
8,"continuous",2,"Purely linear","Random forest",TRUE,"MSE",2.59664326709931,2.55000000000001,NA,NA,NA,NA,NA,NA,NA,NA,NA,NA,NA,NA,NA
8,"continuous",2,"Purely linear","RuleFit",TRUE,"MSE",1.38325670623387,32.39,NA,170,170,0,3,79,88,0,0,0.0176470588235294,0.464705882352941,0.482352941176471,2.5
9,"continuous",2,"Purely linear","BRP-GABLE full",TRUE,"MSE",1.13728314312091,56.14,NA,10,4,6,9,1,0,0,0,0.9,0.1,1,1.1
9,"continuous",2,"Purely linear","BRP-GABLE rule-only",TRUE,"MSE",2.18867569700115,57.36,NA,71,71,0,70,1,0,0,0,0.985915492957746,0.0140845070422535,1,1.01408450704225
9,"continuous",2,"Purely linear","GABLE",TRUE,"MSE",3.87985231164837,1.23000000000002,NA,5,5,0,5,0,0,0,0,1,0,1,1
9,"continuous",2,"Purely linear","GBM",TRUE,"MSE",1.77465472254376,0.0500000000000114,NA,NA,NA,NA,NA,NA,NA,NA,NA,NA,NA,NA,NA
9,"continuous",2,"Purely linear","Linear",TRUE,"MSE",1.04568162217006,0.0300000000000011,NA,20,0,20,20,0,0,0,0,1,0,1,1
9,"continuous",2,"Purely linear","Random forest",TRUE,"MSE",2.19803450351497,2.35999999999999,NA,NA,NA,NA,NA,NA,NA,NA,NA,NA,NA,NA,NA
9,"continuous",2,"Purely linear","RuleFit",TRUE,"MSE",1.31462936494384,34.67,NA,187,187,0,2,91,94,0,0,0.0106951871657754,0.486631016042781,0.497326203208556,2.49197860962567
10,"continuous",2,"Purely linear","BRP-GABLE full",TRUE,"MSE",1.22339684595406,54.31,NA,17,11,6,16,1,0,0,0,0.941176470588235,0.0588235294117647,1,1.05882352941176
10,"continuous",2,"Purely linear","BRP-GABLE rule-only",TRUE,"MSE",2.17927062224137,55.36,NA,71,71,0,70,1,0,0,0,0.985915492957746,0.0140845070422535,1,1.01408450704225
10,"continuous",2,"Purely linear","GABLE",TRUE,"MSE",3.8345924255076,1.28999999999999,NA,5,5,0,5,0,0,0,0,1,0,1,1
10,"continuous",2,"Purely linear","GBM",TRUE,"MSE",1.93975193011465,0.0500000000000114,NA,NA,NA,NA,NA,NA,NA,NA,NA,NA,NA,NA,NA
10,"continuous",2,"Purely linear","Linear",TRUE,"MSE",1.12067390395783,0.0199999999999818,NA,20,0,20,20,0,0,0,0,1,0,1,1
10,"continuous",2,"Purely linear","Random forest",TRUE,"MSE",2.27326534134172,2.25,NA,NA,NA,NA,NA,NA,NA,NA,NA,NA,NA,NA,NA
10,"continuous",2,"Purely linear","RuleFit",TRUE,"MSE",1.37100754602235,33.63,NA,166,166,0,1,88,77,0,0,0.00602409638554217,0.530120481927711,0.536144578313253,2.4578313253012
11,"continuous",2,"Purely linear","BRP-GABLE full",TRUE,"MSE",1.16263967129672,54.66,NA,21,15,6,19,2,0,0,0,0.904761904761905,0.0952380952380952,1,1.0952380952381
11,"continuous",2,"Purely linear","BRP-GABLE rule-only",TRUE,"MSE",2.09804689481282,55.72,NA,72,72,0,70,2,0,0,0,0.972222222222222,0.0277777777777778,1,1.02777777777778
11,"continuous",2,"Purely linear","GABLE",TRUE,"MSE",3.77166935145834,1.19999999999999,NA,5,5,0,5,0,0,0,0,1,0,1,1
11,"continuous",2,"Purely linear","GBM",TRUE,"MSE",1.91007504146517,0.0500000000000114,NA,NA,NA,NA,NA,NA,NA,NA,NA,NA,NA,NA,NA
11,"continuous",2,"Purely linear","Linear",TRUE,"MSE",1.05998467581425,0,NA,20,0,20,20,0,0,0,0,1,0,1,1
11,"continuous",2,"Purely linear","Random forest",TRUE,"MSE",2.21941501586325,2.47,NA,NA,NA,NA,NA,NA,NA,NA,NA,NA,NA,NA,NA
11,"continuous",2,"Purely linear","RuleFit",TRUE,"MSE",1.35031817793433,32.78,NA,176,176,0,0,109,67,0,0,0,0.619318181818182,0.619318181818182,2.38068181818182
12,"continuous",2,"Purely linear","BRP-GABLE full",TRUE,"MSE",1.01253083748378,53.41,NA,14,7,7,11,3,0,0,0,0.785714285714286,0.214285714285714,1,1.21428571428571
12,"continuous",2,"Purely linear","BRP-GABLE rule-only",TRUE,"MSE",2.11433467954726,54.17,NA,62,62,0,57,5,0,0,0,0.919354838709677,0.0806451612903226,1,1.08064516129032
12,"continuous",2,"Purely linear","GABLE",TRUE,"MSE",3.94999965128097,1.15000000000001,NA,5,5,0,4,1,0,0,0,0.8,0.2,1,1.2
12,"continuous",2,"Purely linear","GBM",TRUE,"MSE",1.68753537855098,0.0300000000000011,NA,NA,NA,NA,NA,NA,NA,NA,NA,NA,NA,NA,NA
12,"continuous",2,"Purely linear","Linear",TRUE,"MSE",0.944634469146835,0.0200000000000102,NA,20,0,20,20,0,0,0,0,1,0,1,1
12,"continuous",2,"Purely linear","Random forest",TRUE,"MSE",2.07204366735933,2.32999999999998,NA,NA,NA,NA,NA,NA,NA,NA,NA,NA,NA,NA,NA
12,"continuous",2,"Purely linear","RuleFit",TRUE,"MSE",1.2063477749931,31.88,NA,241,241,0,6,80,155,0,0,0.024896265560166,0.33195020746888,0.356846473029046,2.61825726141079
13,"continuous",2,"Purely linear","BRP-GABLE full",TRUE,"MSE",1.19110363717395,53.47,NA,9,3,6,8,1,0,0,0,0.888888888888889,0.111111111111111,1,1.11111111111111
13,"continuous",2,"Purely linear","BRP-GABLE rule-only",TRUE,"MSE",1.98586898943632,54.82,NA,73,73,0,70,3,0,0,0,0.958904109589041,0.0410958904109589,1,1.04109589041096
13,"continuous",2,"Purely linear","GABLE",TRUE,"MSE",3.98567539852176,1.19,NA,5,5,0,5,0,0,0,0,1,0,1,1
13,"continuous",2,"Purely linear","GBM",TRUE,"MSE",1.89211647609905,0.0500000000000114,NA,NA,NA,NA,NA,NA,NA,NA,NA,NA,NA,NA,NA
13,"continuous",2,"Purely linear","Linear",TRUE,"MSE",1.0686546933093,0.0199999999999818,NA,20,0,20,20,0,0,0,0,1,0,1,1
13,"continuous",2,"Purely linear","Random forest",TRUE,"MSE",2.3102420077734,2.43000000000001,NA,NA,NA,NA,NA,NA,NA,NA,NA,NA,NA,NA,NA
13,"continuous",2,"Purely linear","RuleFit",TRUE,"MSE",1.33203217144178,32.83,NA,181,181,0,2,97,82,0,0,0.0110497237569061,0.535911602209945,0.546961325966851,2.44198895027624
14,"continuous",2,"Purely linear","BRP-GABLE full",TRUE,"MSE",1.12704907224938,53.54,NA,20,13,7,18,2,0,0,0,0.9,0.1,1,1.1
14,"continuous",2,"Purely linear","BRP-GABLE rule-only",TRUE,"MSE",1.99133874452251,54.04,NA,75,75,0,70,5,0,0,0,0.933333333333333,0.0666666666666667,1,1.06666666666667
14,"continuous",2,"Purely linear","GABLE",TRUE,"MSE",3.97605927933195,1.36000000000001,NA,5,5,0,5,0,0,0,0,1,0,1,1
14,"continuous",2,"Purely linear","GBM",TRUE,"MSE",1.90263726117921,0.039999999999992,NA,NA,NA,NA,NA,NA,NA,NA,NA,NA,NA,NA,NA
14,"continuous",2,"Purely linear","Linear",TRUE,"MSE",1.03016078189313,0,NA,20,0,20,20,0,0,0,0,1,0,1,1
14,"continuous",2,"Purely linear","Random forest",TRUE,"MSE",2.19975436447607,2.44,NA,NA,NA,NA,NA,NA,NA,NA,NA,NA,NA,NA,NA
14,"continuous",2,"Purely linear","RuleFit",TRUE,"MSE",1.28217755081967,32.84,NA,134,134,0,3,65,66,0,0,0.0223880597014925,0.485074626865672,0.507462686567164,2.47014925373134
15,"continuous",2,"Purely linear","BRP-GABLE full",TRUE,"MSE",1.26282689178112,52.6200000000001,NA,10,4,6,7,3,0,0,0,0.7,0.3,1,1.3
15,"continuous",2,"Purely linear","BRP-GABLE rule-only",TRUE,"MSE",2.00397927320302,53.91,NA,63,63,0,57,6,0,0,0,0.904761904761905,0.0952380952380952,1,1.0952380952381
15,"continuous",2,"Purely linear","GABLE",TRUE,"MSE",4.23571577075477,1.44999999999999,NA,5,5,0,5,0,0,0,0,1,0,1,1
15,"continuous",2,"Purely linear","GBM",TRUE,"MSE",2.01151622066037,0.0600000000000023,NA,NA,NA,NA,NA,NA,NA,NA,NA,NA,NA,NA,NA
15,"continuous",2,"Purely linear","Linear",TRUE,"MSE",1.12980295428323,0,NA,20,0,20,20,0,0,0,0,1,0,1,1
15,"continuous",2,"Purely linear","Random forest",TRUE,"MSE",2.39505206933066,2.44,NA,NA,NA,NA,NA,NA,NA,NA,NA,NA,NA,NA,NA
15,"continuous",2,"Purely linear","RuleFit",TRUE,"MSE",1.48144799893702,33.19,NA,141,141,0,3,71,67,0,0,0.0212765957446809,0.50354609929078,0.524822695035461,2.45390070921986
16,"continuous",2,"Purely linear","BRP-GABLE full",TRUE,"MSE",1.22137417126645,53.73,NA,13,7,6,10,3,0,0,0,0.769230769230769,0.230769230769231,1,1.23076923076923
16,"continuous",2,"Purely linear","BRP-GABLE rule-only",TRUE,"MSE",2.34749385754676,54.66,NA,66,66,0,63,3,0,0,0,0.954545454545455,0.0454545454545455,1,1.04545454545455
16,"continuous",2,"Purely linear","GABLE",TRUE,"MSE",4.33074848318959,1.22000000000003,NA,5,5,0,5,0,0,0,0,1,0,1,1
16,"continuous",2,"Purely linear","GBM",TRUE,"MSE",1.91154860646886,0.0500000000000114,NA,NA,NA,NA,NA,NA,NA,NA,NA,NA,NA,NA,NA
16,"continuous",2,"Purely linear","Linear",TRUE,"MSE",1.05419096231095,0,NA,20,0,20,20,0,0,0,0,1,0,1,1
16,"continuous",2,"Purely linear","Random forest",TRUE,"MSE",2.25408145443558,2.37,NA,NA,NA,NA,NA,NA,NA,NA,NA,NA,NA,NA,NA
16,"continuous",2,"Purely linear","RuleFit",TRUE,"MSE",1.41267081760484,31.84,NA,132,132,0,0,78,54,0,0,0,0.590909090909091,0.590909090909091,2.40909090909091
17,"continuous",2,"Purely linear","BRP-GABLE full",TRUE,"MSE",1.07113401473342,54.44,NA,14,8,6,13,1,0,0,0,0.928571428571429,0.0714285714285714,1,1.07142857142857
17,"continuous",2,"Purely linear","BRP-GABLE rule-only",TRUE,"MSE",1.9319945807579,55.02,NA,69,69,0,68,1,0,0,0,0.985507246376812,0.0144927536231884,1,1.01449275362319
17,"continuous",2,"Purely linear","GABLE",TRUE,"MSE",3.96656759580392,1.13999999999999,NA,5,5,0,5,0,0,0,0,1,0,1,1
17,"continuous",2,"Purely linear","GBM",TRUE,"MSE",1.77008756172992,0.0400000000000205,NA,NA,NA,NA,NA,NA,NA,NA,NA,NA,NA,NA,NA
17,"continuous",2,"Purely linear","Linear",TRUE,"MSE",0.934736512999864,0.0199999999999818,NA,20,0,20,20,0,0,0,0,1,0,1,1
17,"continuous",2,"Purely linear","Random forest",TRUE,"MSE",2.0909384683798,2.51999999999998,NA,NA,NA,NA,NA,NA,NA,NA,NA,NA,NA,NA,NA
17,"continuous",2,"Purely linear","RuleFit",TRUE,"MSE",1.23792572667196,32.61,NA,194,194,0,7,82,105,0,0,0.0360824742268041,0.422680412371134,0.458762886597938,2.50515463917526
18,"continuous",2,"Purely linear","BRP-GABLE full",TRUE,"MSE",1.11820509618999,54.52,NA,16,10,6,14,2,0,0,0,0.875,0.125,1,1.125
18,"continuous",2,"Purely linear","BRP-GABLE rule-only",TRUE,"MSE",1.99509192049219,55.3700000000001,NA,64,64,0,60,4,0,0,0,0.9375,0.0625,1,1.0625
18,"continuous",2,"Purely linear","GABLE",TRUE,"MSE",3.76146710833588,1.18000000000001,NA,5,5,0,5,0,0,0,0,1,0,1,1
18,"continuous",2,"Purely linear","GBM",TRUE,"MSE",1.84592741283608,0.0500000000000114,NA,NA,NA,NA,NA,NA,NA,NA,NA,NA,NA,NA,NA
18,"continuous",2,"Purely linear","Linear",TRUE,"MSE",1.01390660081368,0.0199999999999818,NA,20,0,20,20,0,0,0,0,1,0,1,1
18,"continuous",2,"Purely linear","Random forest",TRUE,"MSE",2.13849966397217,2.5,NA,NA,NA,NA,NA,NA,NA,NA,NA,NA,NA,NA,NA
18,"continuous",2,"Purely linear","RuleFit",TRUE,"MSE",1.29196670317578,32.11,NA,138,138,0,0,67,71,0,0,0,0.485507246376812,0.485507246376812,2.51449275362319
19,"continuous",2,"Purely linear","BRP-GABLE full",TRUE,"MSE",1.16602874804969,54.5,NA,9,3,6,7,2,0,0,0,0.777777777777778,0.222222222222222,1,1.22222222222222
19,"continuous",2,"Purely linear","BRP-GABLE rule-only",TRUE,"MSE",2.075190965428,55.3899999999999,NA,75,75,0,66,9,0,0,0,0.88,0.12,1,1.12
19,"continuous",2,"Purely linear","GABLE",TRUE,"MSE",3.85328193239811,1.25,NA,5,5,0,5,0,0,0,0,1,0,1,1
19,"continuous",2,"Purely linear","GBM",TRUE,"MSE",1.9607446213077,0.0400000000000205,NA,NA,NA,NA,NA,NA,NA,NA,NA,NA,NA,NA,NA
19,"continuous",2,"Purely linear","Linear",TRUE,"MSE",1.03736891690306,0,NA,20,0,20,20,0,0,0,0,1,0,1,1
19,"continuous",2,"Purely linear","Random forest",TRUE,"MSE",2.31994287337443,2.32999999999998,NA,NA,NA,NA,NA,NA,NA,NA,NA,NA,NA,NA,NA
19,"continuous",2,"Purely linear","RuleFit",TRUE,"MSE",1.38667338945702,33.28,NA,136,136,0,0,70,66,0,0,0,0.514705882352941,0.514705882352941,2.48529411764706
20,"continuous",2,"Purely linear","BRP-GABLE full",TRUE,"MSE",1.09612335989583,53.9,NA,15,8,7,15,0,0,0,0,1,0,1,1
20,"continuous",2,"Purely linear","BRP-GABLE rule-only",TRUE,"MSE",1.89992729908874,56.51,NA,75,75,0,75,0,0,0,0,1,0,1,1
20,"continuous",2,"Purely linear","GABLE",TRUE,"MSE",3.8831911581833,1.47999999999996,NA,5,5,0,5,0,0,0,0,1,0,1,1
20,"continuous",2,"Purely linear","GBM",TRUE,"MSE",1.82215587864191,0.0499999999999545,NA,NA,NA,NA,NA,NA,NA,NA,NA,NA,NA,NA,NA
20,"continuous",2,"Purely linear","Linear",TRUE,"MSE",1.02517763269528,0,NA,20,0,20,20,0,0,0,0,1,0,1,1
20,"continuous",2,"Purely linear","Random forest",TRUE,"MSE",2.27052279184483,2.39000000000004,NA,NA,NA,NA,NA,NA,NA,NA,NA,NA,NA,NA,NA
20,"continuous",2,"Purely linear","RuleFit",TRUE,"MSE",1.27440672458172,32.47,NA,157,157,0,6,72,79,0,0,0.0382165605095541,0.45859872611465,0.496815286624204,2.46496815286624
21,"continuous",2,"Purely linear","BRP-GABLE full",TRUE,"MSE",1.11234524286617,54.33,NA,12,6,6,10,2,0,0,0,0.833333333333333,0.166666666666667,1,1.16666666666667
21,"continuous",2,"Purely linear","BRP-GABLE rule-only",TRUE,"MSE",2.21997276889041,55.72,NA,65,65,0,61,4,0,0,0,0.938461538461538,0.0615384615384615,1,1.06153846153846
21,"continuous",2,"Purely linear","GABLE",TRUE,"MSE",4.01509151472345,1.41000000000003,NA,5,5,0,5,0,0,0,0,1,0,1,1
21,"continuous",2,"Purely linear","GBM",TRUE,"MSE",1.88592677483006,0.0499999999999545,NA,NA,NA,NA,NA,NA,NA,NA,NA,NA,NA,NA,NA
21,"continuous",2,"Purely linear","Linear",TRUE,"MSE",0.967535766902957,0.0200000000000387,NA,20,0,20,20,0,0,0,0,1,0,1,1
21,"continuous",2,"Purely linear","Random forest",TRUE,"MSE",2.23939530693493,2.43000000000001,NA,NA,NA,NA,NA,NA,NA,NA,NA,NA,NA,NA,NA
21,"continuous",2,"Purely linear","RuleFit",TRUE,"MSE",1.25852227644772,32.27,NA,172,172,0,0,96,76,0,0,0,0.558139534883721,0.558139534883721,2.44186046511628
22,"continuous",2,"Purely linear","BRP-GABLE full",TRUE,"MSE",1.1704215417435,53.97,NA,17,11,6,14,3,0,0,0,0.823529411764706,0.176470588235294,1,1.17647058823529
22,"continuous",2,"Purely linear","BRP-GABLE rule-only",TRUE,"MSE",2.02282995542415,54.59,NA,71,71,0,67,4,0,0,0,0.943661971830986,0.0563380281690141,1,1.05633802816901
22,"continuous",2,"Purely linear","GABLE",TRUE,"MSE",3.80320159074386,1.21999999999997,NA,5,5,0,5,0,0,0,0,1,0,1,1
22,"continuous",2,"Purely linear","GBM",TRUE,"MSE",1.87583700906045,0.0500000000000114,NA,NA,NA,NA,NA,NA,NA,NA,NA,NA,NA,NA,NA
22,"continuous",2,"Purely linear","Linear",TRUE,"MSE",1.04878019247774,0,NA,20,0,20,20,0,0,0,0,1,0,1,1
22,"continuous",2,"Purely linear","Random forest",TRUE,"MSE",2.23988146034427,2.30000000000001,NA,NA,NA,NA,NA,NA,NA,NA,NA,NA,NA,NA,NA
22,"continuous",2,"Purely linear","RuleFit",TRUE,"MSE",1.46198819488353,30.5700000000001,NA,106,106,0,0,46,60,0,0,0,0.433962264150943,0.433962264150943,2.56603773584906
23,"continuous",2,"Purely linear","BRP-GABLE full",TRUE,"MSE",1.13957706372268,53.53,NA,10,4,6,6,4,0,0,0,0.6,0.4,1,1.4
23,"continuous",2,"Purely linear","BRP-GABLE rule-only",TRUE,"MSE",1.89701954026465,54.53,NA,66,66,0,61,5,0,0,0,0.924242424242424,0.0757575757575758,1,1.07575757575758
23,"continuous",2,"Purely linear","GABLE",TRUE,"MSE",3.73303235042742,1.28000000000003,NA,5,5,0,5,0,0,0,0,1,0,1,1
23,"continuous",2,"Purely linear","GBM",TRUE,"MSE",1.76990154842873,0.0500000000000114,NA,NA,NA,NA,NA,NA,NA,NA,NA,NA,NA,NA,NA
23,"continuous",2,"Purely linear","Linear",TRUE,"MSE",0.998992101798699,0.00999999999999091,NA,20,0,20,20,0,0,0,0,1,0,1,1
23,"continuous",2,"Purely linear","Random forest",TRUE,"MSE",2.01549057017532,2.21999999999997,NA,NA,NA,NA,NA,NA,NA,NA,NA,NA,NA,NA,NA
23,"continuous",2,"Purely linear","RuleFit",TRUE,"MSE",1.16447649504054,32.83,NA,190,190,0,6,98,86,0,0,0.0315789473684211,0.515789473684211,0.547368421052632,2.42105263157895
24,"continuous",2,"Purely linear","BRP-GABLE full",TRUE,"MSE",1.15293062160056,52.86,NA,15,9,6,12,3,0,0,0,0.8,0.2,1,1.2
24,"continuous",2,"Purely linear","BRP-GABLE rule-only",TRUE,"MSE",2.11571136322796,54.01,NA,64,64,0,60,4,0,0,0,0.9375,0.0625,1,1.0625
24,"continuous",2,"Purely linear","GABLE",TRUE,"MSE",3.8165809278503,1.17000000000002,NA,5,5,0,5,0,0,0,0,1,0,1,1
24,"continuous",2,"Purely linear","GBM",TRUE,"MSE",1.92763029025056,0.0400000000000205,NA,NA,NA,NA,NA,NA,NA,NA,NA,NA,NA,NA,NA
24,"continuous",2,"Purely linear","Linear",TRUE,"MSE",0.988029097595309,0.0199999999999818,NA,20,0,20,20,0,0,0,0,1,0,1,1
24,"continuous",2,"Purely linear","Random forest",TRUE,"MSE",2.37775059518446,2.55000000000001,NA,NA,NA,NA,NA,NA,NA,NA,NA,NA,NA,NA,NA
24,"continuous",2,"Purely linear","RuleFit",TRUE,"MSE",1.42705365935942,32.69,NA,124,124,0,0,62,62,0,0,0,0.5,0.5,2.5
25,"continuous",2,"Purely linear","BRP-GABLE full",TRUE,"MSE",1.20118513847915,53.98,NA,10,4,6,10,0,0,0,0,1,0,1,1
25,"continuous",2,"Purely linear","BRP-GABLE rule-only",TRUE,"MSE",2.34516438843432,55.8,NA,69,69,0,68,1,0,0,0,0.985507246376812,0.0144927536231884,1,1.01449275362319
25,"continuous",2,"Purely linear","GABLE",TRUE,"MSE",4.04062902534556,1.29000000000002,NA,5,5,0,5,0,0,0,0,1,0,1,1
25,"continuous",2,"Purely linear","GBM",TRUE,"MSE",1.88363441312519,0.0299999999999727,NA,NA,NA,NA,NA,NA,NA,NA,NA,NA,NA,NA,NA
25,"continuous",2,"Purely linear","Linear",TRUE,"MSE",1.0527882992173,0.0200000000000387,NA,20,0,20,20,0,0,0,0,1,0,1,1
25,"continuous",2,"Purely linear","Random forest",TRUE,"MSE",2.2485390662713,2.44,NA,NA,NA,NA,NA,NA,NA,NA,NA,NA,NA,NA,NA
25,"continuous",2,"Purely linear","RuleFit",TRUE,"MSE",1.35665099948526,33.05,NA,144,144,0,0,85,59,0,0,0,0.590277777777778,0.590277777777778,2.40972222222222
26,"continuous",2,"Purely linear","BRP-GABLE full",TRUE,"MSE",1.13032277963729,54.53,NA,19,13,6,17,2,0,0,0,0.894736842105263,0.105263157894737,1,1.10526315789474
26,"continuous",2,"Purely linear","BRP-GABLE rule-only",TRUE,"MSE",2.21368706039563,54.92,NA,79,79,0,77,2,0,0,0,0.974683544303797,0.0253164556962025,1,1.0253164556962
26,"continuous",2,"Purely linear","GABLE",TRUE,"MSE",4.15700033466615,1.18000000000001,NA,5,5,0,5,0,0,0,0,1,0,1,1
26,"continuous",2,"Purely linear","GBM",TRUE,"MSE",1.96092877090358,0.0400000000000205,NA,NA,NA,NA,NA,NA,NA,NA,NA,NA,NA,NA,NA
26,"continuous",2,"Purely linear","Linear",TRUE,"MSE",1.01714963532695,0.0199999999999818,NA,20,0,20,20,0,0,0,0,1,0,1,1
26,"continuous",2,"Purely linear","Random forest",TRUE,"MSE",2.32968114273666,2.41999999999996,NA,NA,NA,NA,NA,NA,NA,NA,NA,NA,NA,NA,NA
26,"continuous",2,"Purely linear","RuleFit",TRUE,"MSE",1.30425634394183,33.95,NA,159,159,0,2,81,76,0,0,0.0125786163522013,0.509433962264151,0.522012578616352,2.46540880503145
27,"continuous",2,"Purely linear","BRP-GABLE full",TRUE,"MSE",1.20232421259816,55.0000000000001,NA,14,8,6,13,1,0,0,0,0.928571428571429,0.0714285714285714,1,1.07142857142857
27,"continuous",2,"Purely linear","BRP-GABLE rule-only",TRUE,"MSE",2.21191741037552,55.42,NA,77,77,0,76,1,0,0,0,0.987012987012987,0.012987012987013,1,1.01298701298701
27,"continuous",2,"Purely linear","GABLE",TRUE,"MSE",3.95172452990218,1.37,NA,5,5,0,5,0,0,0,0,1,0,1,1
27,"continuous",2,"Purely linear","GBM",TRUE,"MSE",2.07127439127333,0.0600000000000023,NA,NA,NA,NA,NA,NA,NA,NA,NA,NA,NA,NA,NA
27,"continuous",2,"Purely linear","Linear",TRUE,"MSE",1.10511503001497,0,NA,20,0,20,20,0,0,0,0,1,0,1,1
27,"continuous",2,"Purely linear","Random forest",TRUE,"MSE",2.42003417072289,2.38,NA,NA,NA,NA,NA,NA,NA,NA,NA,NA,NA,NA,NA
27,"continuous",2,"Purely linear","RuleFit",TRUE,"MSE",1.33028721606224,33.25,NA,163,163,0,5,89,69,0,0,0.0306748466257669,0.54601226993865,0.576687116564417,2.39263803680982
28,"continuous",2,"Purely linear","BRP-GABLE full",TRUE,"MSE",1.12139264644048,55.21,NA,16,9,7,14,2,0,0,0,0.875,0.125,1,1.125
28,"continuous",2,"Purely linear","BRP-GABLE rule-only",TRUE,"MSE",1.88234099135682,57.5,NA,77,77,0,73,4,0,0,0,0.948051948051948,0.051948051948052,1,1.05194805194805
28,"continuous",2,"Purely linear","GABLE",TRUE,"MSE",4.13461898696189,1.31,NA,5,5,0,5,0,0,0,0,1,0,1,1
28,"continuous",2,"Purely linear","GBM",TRUE,"MSE",1.90532556202244,0.0500000000000114,NA,NA,NA,NA,NA,NA,NA,NA,NA,NA,NA,NA,NA
28,"continuous",2,"Purely linear","Linear",TRUE,"MSE",1.01601594330367,0,NA,20,0,20,20,0,0,0,0,1,0,1,1
28,"continuous",2,"Purely linear","Random forest",TRUE,"MSE",2.30933822084066,2.44999999999999,NA,NA,NA,NA,NA,NA,NA,NA,NA,NA,NA,NA,NA
28,"continuous",2,"Purely linear","RuleFit",TRUE,"MSE",1.34080873579936,31.91,NA,168,168,0,1,91,76,0,0,0.00595238095238095,0.541666666666667,0.547619047619048,2.44642857142857
29,"continuous",2,"Purely linear","BRP-GABLE full",TRUE,"MSE",1.09142774377346,54.3,NA,12,6,6,11,1,0,0,0,0.916666666666667,0.0833333333333333,1,1.08333333333333
29,"continuous",2,"Purely linear","BRP-GABLE rule-only",TRUE,"MSE",2.12136911433986,55.6199999999999,NA,75,75,0,72,3,0,0,0,0.96,0.04,1,1.04
29,"continuous",2,"Purely linear","GABLE",TRUE,"MSE",4.27428399700317,1.24000000000001,NA,5,5,0,5,0,0,0,0,1,0,1,1
29,"continuous",2,"Purely linear","GBM",TRUE,"MSE",1.91985354777464,0.0400000000000205,NA,NA,NA,NA,NA,NA,NA,NA,NA,NA,NA,NA,NA
29,"continuous",2,"Purely linear","Linear",TRUE,"MSE",1.0010559326601,0,NA,20,0,20,20,0,0,0,0,1,0,1,1
29,"continuous",2,"Purely linear","Random forest",TRUE,"MSE",2.27215099887208,2.38999999999999,NA,NA,NA,NA,NA,NA,NA,NA,NA,NA,NA,NA,NA
29,"continuous",2,"Purely linear","RuleFit",TRUE,"MSE",1.26336244628738,32.14,NA,178,178,0,3,95,80,0,0,0.0168539325842697,0.533707865168539,0.550561797752809,2.43258426966292
30,"continuous",2,"Purely linear","BRP-GABLE full",TRUE,"MSE",1.10618359300726,53.24,NA,17,11,6,10,7,0,0,0,0.588235294117647,0.411764705882353,1,1.41176470588235
30,"continuous",2,"Purely linear","BRP-GABLE rule-only",TRUE,"MSE",1.90197566959105,53.5300000000001,NA,75,75,0,64,11,0,0,0,0.853333333333333,0.146666666666667,1,1.14666666666667
30,"continuous",2,"Purely linear","GABLE",TRUE,"MSE",4.11360535070685,1.17000000000007,NA,5,5,0,5,0,0,0,0,1,0,1,1
30,"continuous",2,"Purely linear","GBM",TRUE,"MSE",1.76840457722162,0.0499999999999545,NA,NA,NA,NA,NA,NA,NA,NA,NA,NA,NA,NA,NA
30,"continuous",2,"Purely linear","Linear",TRUE,"MSE",1.04758042663888,0.00999999999999091,NA,20,0,20,20,0,0,0,0,1,0,1,1
30,"continuous",2,"Purely linear","Random forest",TRUE,"MSE",2.16312604139842,2.37,NA,NA,NA,NA,NA,NA,NA,NA,NA,NA,NA,NA,NA
30,"continuous",2,"Purely linear","RuleFit",TRUE,"MSE",1.29077199026571,32.2099999999999,NA,147,147,0,2,84,61,0,0,0.0136054421768707,0.571428571428571,0.585034013605442,2.40136054421769
31,"continuous",2,"Purely linear","BRP-GABLE full",TRUE,"MSE",1.13260179549627,52.5400000000001,NA,18,12,6,12,6,0,0,0,0.666666666666667,0.333333333333333,1,1.33333333333333
31,"continuous",2,"Purely linear","BRP-GABLE rule-only",TRUE,"MSE",2.23059464303082,53.74,NA,67,67,0,58,9,0,0,0,0.865671641791045,0.134328358208955,1,1.13432835820896
31,"continuous",2,"Purely linear","GABLE",TRUE,"MSE",4.27057446250177,1.34000000000003,NA,5,5,0,5,0,0,0,0,1,0,1,1
31,"continuous",2,"Purely linear","GBM",TRUE,"MSE",2.05101077125862,0.0300000000000864,NA,NA,NA,NA,NA,NA,NA,NA,NA,NA,NA,NA,NA
31,"continuous",2,"Purely linear","Linear",TRUE,"MSE",0.971952273232437,0.0199999999999818,NA,20,0,20,20,0,0,0,0,1,0,1,1
31,"continuous",2,"Purely linear","Random forest",TRUE,"MSE",2.43078137872886,2.3599999999999,NA,NA,NA,NA,NA,NA,NA,NA,NA,NA,NA,NA,NA
31,"continuous",2,"Purely linear","RuleFit",TRUE,"MSE",1.32870951976632,31.95,NA,144,144,0,1,64,79,0,0,0.00694444444444444,0.444444444444444,0.451388888888889,2.54166666666667
32,"continuous",2,"Purely linear","BRP-GABLE full",TRUE,"MSE",1.14194361853847,53.61,NA,9,3,6,8,1,0,0,0,0.888888888888889,0.111111111111111,1,1.11111111111111
32,"continuous",2,"Purely linear","BRP-GABLE rule-only",TRUE,"MSE",2.07362541002457,54.7500000000001,NA,90,90,0,88,2,0,0,0,0.977777777777778,0.0222222222222222,1,1.02222222222222
32,"continuous",2,"Purely linear","GABLE",TRUE,"MSE",4.41002971687126,1.14999999999998,NA,5,5,0,5,0,0,0,0,1,0,1,1
32,"continuous",2,"Purely linear","GBM",TRUE,"MSE",1.87999099580569,0.0400000000000773,NA,NA,NA,NA,NA,NA,NA,NA,NA,NA,NA,NA,NA
32,"continuous",2,"Purely linear","Linear",TRUE,"MSE",0.990184239526803,0,NA,20,0,20,20,0,0,0,0,1,0,1,1
32,"continuous",2,"Purely linear","Random forest",TRUE,"MSE",2.26486844867536,2.38,NA,NA,NA,NA,NA,NA,NA,NA,NA,NA,NA,NA,NA
32,"continuous",2,"Purely linear","RuleFit",TRUE,"MSE",1.28423017976302,32.8299999999999,NA,186,186,0,6,105,75,0,0,0.032258064516129,0.564516129032258,0.596774193548387,2.37096774193548
33,"continuous",2,"Purely linear","BRP-GABLE full",TRUE,"MSE",1.18040091243,54.3899999999999,NA,14,8,6,11,3,0,0,0,0.785714285714286,0.214285714285714,1,1.21428571428571
33,"continuous",2,"Purely linear","BRP-GABLE rule-only",TRUE,"MSE",2.01707019165507,55.1499999999999,NA,72,72,0,68,4,0,0,0,0.944444444444444,0.0555555555555556,1,1.05555555555556
33,"continuous",2,"Purely linear","GABLE",TRUE,"MSE",3.84764581976103,1.27999999999997,NA,5,5,0,5,0,0,0,0,1,0,1,1
33,"continuous",2,"Purely linear","GBM",TRUE,"MSE",1.90648830463567,0.0499999999999545,NA,NA,NA,NA,NA,NA,NA,NA,NA,NA,NA,NA,NA
33,"continuous",2,"Purely linear","Linear",TRUE,"MSE",1.0252004825939,0.0199999999999818,NA,20,0,20,20,0,0,0,0,1,0,1,1
33,"continuous",2,"Purely linear","Random forest",TRUE,"MSE",2.2606142808786,2.31000000000006,NA,NA,NA,NA,NA,NA,NA,NA,NA,NA,NA,NA,NA
33,"continuous",2,"Purely linear","RuleFit",TRUE,"MSE",1.32909119686714,32.7,NA,143,143,0,1,87,55,0,0,0.00699300699300699,0.608391608391608,0.615384615384615,2.37762237762238
34,"continuous",2,"Purely linear","BRP-GABLE full",TRUE,"MSE",1.10088324343795,54.0699999999999,NA,13,7,6,12,1,0,0,0,0.923076923076923,0.0769230769230769,1,1.07692307692308
34,"continuous",2,"Purely linear","BRP-GABLE rule-only",TRUE,"MSE",2.01161232266267,55.5300000000001,NA,70,70,0,69,1,0,0,0,0.985714285714286,0.0142857142857143,1,1.01428571428571
34,"continuous",2,"Purely linear","GABLE",TRUE,"MSE",4.21026529364555,1.23000000000002,NA,5,5,0,5,0,0,0,0,1,0,1,1
34,"continuous",2,"Purely linear","GBM",TRUE,"MSE",1.83709944747194,0.0400000000000773,NA,NA,NA,NA,NA,NA,NA,NA,NA,NA,NA,NA,NA
34,"continuous",2,"Purely linear","Linear",TRUE,"MSE",1.00218527595878,0,NA,20,0,20,20,0,0,0,0,1,0,1,1
34,"continuous",2,"Purely linear","Random forest",TRUE,"MSE",2.23575058447241,2.42999999999995,NA,NA,NA,NA,NA,NA,NA,NA,NA,NA,NA,NA,NA
34,"continuous",2,"Purely linear","RuleFit",TRUE,"MSE",1.37418152894376,34.17,NA,126,126,0,2,72,52,0,0,0.0158730158730159,0.571428571428571,0.587301587301587,2.3968253968254
35,"continuous",2,"Purely linear","BRP-GABLE full",TRUE,"MSE",1.15833786024972,55.11,NA,11,5,6,9,2,0,0,0,0.818181818181818,0.181818181818182,1,1.18181818181818
35,"continuous",2,"Purely linear","BRP-GABLE rule-only",TRUE,"MSE",2.20647160582281,55.4599999999999,NA,57,57,0,52,5,0,0,0,0.912280701754386,0.087719298245614,1,1.08771929824561
35,"continuous",2,"Purely linear","GABLE",TRUE,"MSE",4.08475168342281,1.38999999999999,NA,5,5,0,5,0,0,0,0,1,0,1,1
35,"continuous",2,"Purely linear","GBM",TRUE,"MSE",1.97136098806134,0.0499999999999545,NA,NA,NA,NA,NA,NA,NA,NA,NA,NA,NA,NA,NA
35,"continuous",2,"Purely linear","Linear",TRUE,"MSE",1.00823629957346,0.00999999999999091,NA,20,0,20,20,0,0,0,0,1,0,1,1
35,"continuous",2,"Purely linear","Random forest",TRUE,"MSE",2.31899093518148,2.38999999999999,NA,NA,NA,NA,NA,NA,NA,NA,NA,NA,NA,NA,NA
35,"continuous",2,"Purely linear","RuleFit",TRUE,"MSE",1.22946796178458,32.0300000000001,NA,152,152,0,2,70,80,0,0,0.0131578947368421,0.460526315789474,0.473684210526316,2.51315789473684
36,"continuous",2,"Purely linear","BRP-GABLE full",TRUE,"MSE",1.10522895976137,54.21,NA,16,10,6,14,2,0,0,0,0.875,0.125,1,1.125
36,"continuous",2,"Purely linear","BRP-GABLE rule-only",TRUE,"MSE",2.03067840001267,55.87,NA,63,63,0,60,3,0,0,0,0.952380952380952,0.0476190476190476,1,1.04761904761905
36,"continuous",2,"Purely linear","GABLE",TRUE,"MSE",3.91179289539876,1.27999999999997,NA,5,5,0,5,0,0,0,0,1,0,1,1
36,"continuous",2,"Purely linear","GBM",TRUE,"MSE",1.83487502965448,0.0400000000000773,NA,NA,NA,NA,NA,NA,NA,NA,NA,NA,NA,NA,NA
36,"continuous",2,"Purely linear","Linear",TRUE,"MSE",0.988942992920219,0.0199999999999818,NA,20,0,20,20,0,0,0,0,1,0,1,1
36,"continuous",2,"Purely linear","Random forest",TRUE,"MSE",2.2516332376108,2.38,NA,NA,NA,NA,NA,NA,NA,NA,NA,NA,NA,NA,NA
36,"continuous",2,"Purely linear","RuleFit",TRUE,"MSE",1.22904528661884,32.37,NA,139,139,0,1,72,66,0,0,0.00719424460431655,0.517985611510791,0.525179856115108,2.46762589928058
37,"continuous",2,"Purely linear","BRP-GABLE full",TRUE,"MSE",1.15228157782226,55.4,NA,10,4,6,10,0,0,0,0,1,0,1,1
37,"continuous",2,"Purely linear","BRP-GABLE rule-only",TRUE,"MSE",2.07414859267462,55.3099999999999,NA,70,70,0,69,1,0,0,0,0.985714285714286,0.0142857142857143,1,1.01428571428571
37,"continuous",2,"Purely linear","GABLE",TRUE,"MSE",3.48031214333481,1.16999999999996,NA,5,5,0,5,0,0,0,0,1,0,1,1
37,"continuous",2,"Purely linear","GBM",TRUE,"MSE",1.87113063846672,0.0500000000000682,NA,NA,NA,NA,NA,NA,NA,NA,NA,NA,NA,NA,NA
37,"continuous",2,"Purely linear","Linear",TRUE,"MSE",1.03422199364071,0,NA,20,0,20,20,0,0,0,0,1,0,1,1
37,"continuous",2,"Purely linear","Random forest",TRUE,"MSE",2.21376319249798,2.38,NA,NA,NA,NA,NA,NA,NA,NA,NA,NA,NA,NA,NA
37,"continuous",2,"Purely linear","RuleFit",TRUE,"MSE",1.23485699587849,32.64,NA,206,206,0,5,90,111,0,0,0.0242718446601942,0.436893203883495,0.461165048543689,2.51456310679612
38,"continuous",2,"Purely linear","BRP-GABLE full",TRUE,"MSE",1.24527817473272,53.96,NA,15,9,6,9,6,0,0,0,0.6,0.4,1,1.4
38,"continuous",2,"Purely linear","BRP-GABLE rule-only",TRUE,"MSE",2.22399313514854,54.8599999999999,NA,57,57,0,50,7,0,0,0,0.87719298245614,0.12280701754386,1,1.12280701754386
38,"continuous",2,"Purely linear","GABLE",TRUE,"MSE",4.13044800336027,1.25,NA,5,5,0,5,0,0,0,0,1,0,1,1
38,"continuous",2,"Purely linear","GBM",TRUE,"MSE",2.10428597343436,0.0299999999999727,NA,NA,NA,NA,NA,NA,NA,NA,NA,NA,NA,NA,NA
38,"continuous",2,"Purely linear","Linear",TRUE,"MSE",1.11659000431364,0.00999999999999091,NA,20,0,20,20,0,0,0,0,1,0,1,1
38,"continuous",2,"Purely linear","Random forest",TRUE,"MSE",2.5046786684784,2.51999999999998,NA,NA,NA,NA,NA,NA,NA,NA,NA,NA,NA,NA,NA
38,"continuous",2,"Purely linear","RuleFit",TRUE,"MSE",1.37647367055225,32.5600000000001,NA,189,189,0,5,91,93,0,0,0.0264550264550265,0.481481481481481,0.507936507936508,2.46560846560847
39,"continuous",2,"Purely linear","BRP-GABLE full",TRUE,"MSE",1.10990413031791,55.0599999999999,NA,7,1,6,7,0,0,0,0,1,0,1,1
39,"continuous",2,"Purely linear","BRP-GABLE rule-only",TRUE,"MSE",2.12122312473265,56.67,NA,66,66,0,65,1,0,0,0,0.984848484848485,0.0151515151515152,1,1.01515151515152
39,"continuous",2,"Purely linear","GABLE",TRUE,"MSE",3.91212040406032,1.44000000000005,NA,5,5,0,5,0,0,0,0,1,0,1,1
39,"continuous",2,"Purely linear","GBM",TRUE,"MSE",1.80878803354947,0.0499999999999545,NA,NA,NA,NA,NA,NA,NA,NA,NA,NA,NA,NA,NA
39,"continuous",2,"Purely linear","Linear",TRUE,"MSE",0.993095943052595,0.0199999999999818,NA,20,0,20,20,0,0,0,0,1,0,1,1
39,"continuous",2,"Purely linear","Random forest",TRUE,"MSE",2.26537551936637,2.39999999999998,NA,NA,NA,NA,NA,NA,NA,NA,NA,NA,NA,NA,NA
39,"continuous",2,"Purely linear","RuleFit",TRUE,"MSE",1.32880367185045,32.09,NA,120,120,0,2,56,62,0,0,0.0166666666666667,0.466666666666667,0.483333333333333,2.5
40,"continuous",2,"Purely linear","BRP-GABLE full",TRUE,"MSE",1.30252417251224,54.99,NA,8,2,6,6,2,0,0,0,0.75,0.25,1,1.25
40,"continuous",2,"Purely linear","BRP-GABLE rule-only",TRUE,"MSE",2.28831011660978,55.92,NA,69,69,0,64,5,0,0,0,0.927536231884058,0.072463768115942,1,1.07246376811594
40,"continuous",2,"Purely linear","GABLE",TRUE,"MSE",3.99273197492007,1.47000000000003,NA,5,5,0,5,0,0,0,0,1,0,1,1
40,"continuous",2,"Purely linear","GBM",TRUE,"MSE",2.06047644748589,0.0499999999999545,NA,NA,NA,NA,NA,NA,NA,NA,NA,NA,NA,NA,NA
40,"continuous",2,"Purely linear","Linear",TRUE,"MSE",1.12584902862099,0.0199999999999818,NA,20,0,20,20,0,0,0,0,1,0,1,1
40,"continuous",2,"Purely linear","Random forest",TRUE,"MSE",2.4957654021321,2.45000000000005,NA,NA,NA,NA,NA,NA,NA,NA,NA,NA,NA,NA,NA
40,"continuous",2,"Purely linear","RuleFit",TRUE,"MSE",1.39752125689132,31.6099999999999,NA,165,165,0,1,85,79,0,0,0.00606060606060606,0.515151515151515,0.521212121212121,2.47272727272727
41,"continuous",2,"Purely linear","BRP-GABLE full",TRUE,"MSE",1.14647568756355,54.0700000000001,NA,10,4,6,8,2,0,0,0,0.8,0.2,1,1.2
41,"continuous",2,"Purely linear","BRP-GABLE rule-only",TRUE,"MSE",1.94039506218128,54.54,NA,75,75,0,69,6,0,0,0,0.92,0.08,1,1.08
41,"continuous",2,"Purely linear","GABLE",TRUE,"MSE",3.88519214863079,1.28999999999996,NA,5,5,0,5,0,0,0,0,1,0,1,1
41,"continuous",2,"Purely linear","GBM",TRUE,"MSE",1.82923299372186,0.0499999999999545,NA,NA,NA,NA,NA,NA,NA,NA,NA,NA,NA,NA,NA
41,"continuous",2,"Purely linear","Linear",TRUE,"MSE",1.02898442798235,0,NA,20,0,20,20,0,0,0,0,1,0,1,1
41,"continuous",2,"Purely linear","Random forest",TRUE,"MSE",2.20961212512391,2.38999999999999,NA,NA,NA,NA,NA,NA,NA,NA,NA,NA,NA,NA,NA
41,"continuous",2,"Purely linear","RuleFit",TRUE,"MSE",1.31769190444432,33.0700000000001,NA,159,159,0,1,79,79,0,0,0.00628930817610063,0.49685534591195,0.50314465408805,2.49056603773585
42,"continuous",2,"Purely linear","BRP-GABLE full",TRUE,"MSE",1.17034758528441,53.52,NA,11,5,6,8,3,0,0,0,0.727272727272727,0.272727272727273,1,1.27272727272727
42,"continuous",2,"Purely linear","BRP-GABLE rule-only",TRUE,"MSE",2.10010010385018,54.4,NA,68,68,0,64,4,0,0,0,0.941176470588235,0.0588235294117647,1,1.05882352941176
42,"continuous",2,"Purely linear","GABLE",TRUE,"MSE",4.13721714333262,1.34000000000003,NA,5,5,0,5,0,0,0,0,1,0,1,1
42,"continuous",2,"Purely linear","GBM",TRUE,"MSE",1.82950318880162,0.0400000000000773,NA,NA,NA,NA,NA,NA,NA,NA,NA,NA,NA,NA,NA
42,"continuous",2,"Purely linear","Linear",TRUE,"MSE",1.03590629843403,0,NA,20,0,20,20,0,0,0,0,1,0,1,1
42,"continuous",2,"Purely linear","Random forest",TRUE,"MSE",2.23115242330066,2.29999999999995,NA,NA,NA,NA,NA,NA,NA,NA,NA,NA,NA,NA,NA
42,"continuous",2,"Purely linear","RuleFit",TRUE,"MSE",1.43246441198669,32.4599999999999,NA,129,129,0,4,68,57,0,0,0.0310077519379845,0.527131782945736,0.558139534883721,2.41085271317829
43,"continuous",2,"Purely linear","BRP-GABLE full",TRUE,"MSE",1.24191546041898,54.5700000000001,NA,17,11,6,15,2,0,0,0,0.882352941176471,0.117647058823529,1,1.11764705882353
43,"continuous",2,"Purely linear","BRP-GABLE rule-only",TRUE,"MSE",2.52882608275663,55.5500000000001,NA,63,63,0,60,3,0,0,0,0.952380952380952,0.0476190476190476,1,1.04761904761905
43,"continuous",2,"Purely linear","GABLE",TRUE,"MSE",4.00772609113068,1.27999999999997,NA,5,5,0,5,0,0,0,0,1,0,1,1
43,"continuous",2,"Purely linear","GBM",TRUE,"MSE",1.90711798392169,0.0299999999999727,NA,NA,NA,NA,NA,NA,NA,NA,NA,NA,NA,NA,NA
43,"continuous",2,"Purely linear","Linear",TRUE,"MSE",1.09456271972864,0,NA,20,0,20,20,0,0,0,0,1,0,1,1
43,"continuous",2,"Purely linear","Random forest",TRUE,"MSE",2.26911605577097,2.2600000000001,NA,NA,NA,NA,NA,NA,NA,NA,NA,NA,NA,NA,NA
43,"continuous",2,"Purely linear","RuleFit",TRUE,"MSE",1.45785527639741,32.1899999999999,NA,134,134,0,2,66,66,0,0,0.0149253731343284,0.492537313432836,0.507462686567164,2.47761194029851
44,"continuous",2,"Purely linear","BRP-GABLE full",TRUE,"MSE",1.15740881475951,53.64,NA,15,9,6,10,5,0,0,0,0.666666666666667,0.333333333333333,1,1.33333333333333
44,"continuous",2,"Purely linear","BRP-GABLE rule-only",TRUE,"MSE",2.20427204329025,54.49,NA,64,64,0,58,6,0,0,0,0.90625,0.09375,1,1.09375
44,"continuous",2,"Purely linear","GABLE",TRUE,"MSE",4.31910956345751,1.36000000000001,NA,5,5,0,5,0,0,0,0,1,0,1,1
44,"continuous",2,"Purely linear","GBM",TRUE,"MSE",1.94531489902883,0.0500000000000682,NA,NA,NA,NA,NA,NA,NA,NA,NA,NA,NA,NA,NA
44,"continuous",2,"Purely linear","Linear",TRUE,"MSE",0.990405441963215,0,NA,20,0,20,20,0,0,0,0,1,0,1,1
44,"continuous",2,"Purely linear","Random forest",TRUE,"MSE",2.38080432420379,2.30999999999995,NA,NA,NA,NA,NA,NA,NA,NA,NA,NA,NA,NA,NA
44,"continuous",2,"Purely linear","RuleFit",TRUE,"MSE",1.37336164842565,32.37,NA,157,157,0,2,78,77,0,0,0.0127388535031847,0.496815286624204,0.509554140127389,2.47770700636943
45,"continuous",2,"Purely linear","BRP-GABLE full",TRUE,"MSE",1.07821334730935,52.8200000000001,NA,14,8,6,13,1,0,0,0,0.928571428571429,0.0714285714285714,1,1.07142857142857
45,"continuous",2,"Purely linear","BRP-GABLE rule-only",TRUE,"MSE",2.14045606036658,53.6999999999999,NA,70,70,0,66,4,0,0,0,0.942857142857143,0.0571428571428571,1,1.05714285714286
45,"continuous",2,"Purely linear","GABLE",TRUE,"MSE",3.71608482383331,1.31000000000006,NA,5,5,0,5,0,0,0,0,1,0,1,1
45,"continuous",2,"Purely linear","GBM",TRUE,"MSE",1.76398334528841,0.0500000000000682,NA,NA,NA,NA,NA,NA,NA,NA,NA,NA,NA,NA,NA
45,"continuous",2,"Purely linear","Linear",TRUE,"MSE",0.980264210075702,0.00999999999999091,NA,20,0,20,20,0,0,0,0,1,0,1,1
45,"continuous",2,"Purely linear","Random forest",TRUE,"MSE",2.1065853172725,2.43999999999994,NA,NA,NA,NA,NA,NA,NA,NA,NA,NA,NA,NA,NA
45,"continuous",2,"Purely linear","RuleFit",TRUE,"MSE",1.17560919899551,33.09,NA,145,145,0,0,74,71,0,0,0,0.510344827586207,0.510344827586207,2.48965517241379
46,"continuous",2,"Purely linear","BRP-GABLE full",TRUE,"MSE",1.19366370015605,52.6,NA,9,3,6,6,3,0,0,0,0.666666666666667,0.333333333333333,1,1.33333333333333
46,"continuous",2,"Purely linear","BRP-GABLE rule-only",TRUE,"MSE",2.35038026298562,53.1400000000001,NA,65,65,0,60,5,0,0,0,0.923076923076923,0.0769230769230769,1,1.07692307692308
46,"continuous",2,"Purely linear","GABLE",TRUE,"MSE",4.00122887988289,1.25,NA,5,5,0,5,0,0,0,0,1,0,1,1
46,"continuous",2,"Purely linear","GBM",TRUE,"MSE",1.87889913022962,0.0500000000000682,NA,NA,NA,NA,NA,NA,NA,NA,NA,NA,NA,NA,NA
46,"continuous",2,"Purely linear","Linear",TRUE,"MSE",1.02401618373815,0.0199999999999818,NA,20,0,20,20,0,0,0,0,1,0,1,1
46,"continuous",2,"Purely linear","Random forest",TRUE,"MSE",2.3742685361039,2.44999999999993,NA,NA,NA,NA,NA,NA,NA,NA,NA,NA,NA,NA,NA
46,"continuous",2,"Purely linear","RuleFit",TRUE,"MSE",1.39439220782816,33.47,NA,175,175,0,2,75,98,0,0,0.0114285714285714,0.428571428571429,0.44,2.54857142857143
47,"continuous",2,"Purely linear","BRP-GABLE full",TRUE,"MSE",1.16274146719473,54.49,NA,7,1,6,7,0,0,0,0,1,0,1,1
47,"continuous",2,"Purely linear","BRP-GABLE rule-only",TRUE,"MSE",2.19395747890733,55.8099999999999,NA,67,67,0,66,1,0,0,0,0.985074626865672,0.0149253731343284,1,1.01492537313433
47,"continuous",2,"Purely linear","GABLE",TRUE,"MSE",4.06772340205864,1.21999999999991,NA,5,5,0,5,0,0,0,0,1,0,1,1
47,"continuous",2,"Purely linear","GBM",TRUE,"MSE",1.97498453167518,0.0499999999999545,NA,NA,NA,NA,NA,NA,NA,NA,NA,NA,NA,NA,NA
47,"continuous",2,"Purely linear","Linear",TRUE,"MSE",0.999931733860857,0.0199999999999818,NA,20,0,20,20,0,0,0,0,1,0,1,1
47,"continuous",2,"Purely linear","Random forest",TRUE,"MSE",2.37054884849987,2.43000000000006,NA,NA,NA,NA,NA,NA,NA,NA,NA,NA,NA,NA,NA
47,"continuous",2,"Purely linear","RuleFit",TRUE,"MSE",1.27225637262941,33.5500000000001,NA,168,168,0,3,73,92,0,0,0.0178571428571429,0.43452380952381,0.452380952380952,2.5297619047619
48,"continuous",2,"Purely linear","BRP-GABLE full",TRUE,"MSE",1.13887351062943,55.6199999999999,NA,11,5,6,9,2,0,0,0,0.818181818181818,0.181818181818182,1,1.18181818181818
48,"continuous",2,"Purely linear","BRP-GABLE rule-only",TRUE,"MSE",1.95016526354369,56.39,NA,72,72,0,68,4,0,0,0,0.944444444444444,0.0555555555555556,1,1.05555555555556
48,"continuous",2,"Purely linear","GABLE",TRUE,"MSE",3.84650660378853,1.27999999999997,NA,5,5,0,5,0,0,0,0,1,0,1,1
48,"continuous",2,"Purely linear","GBM",TRUE,"MSE",1.94388202443871,0.0499999999999545,NA,NA,NA,NA,NA,NA,NA,NA,NA,NA,NA,NA,NA
48,"continuous",2,"Purely linear","Linear",TRUE,"MSE",0.982669501413123,0,NA,20,0,20,20,0,0,0,0,1,0,1,1
48,"continuous",2,"Purely linear","Random forest",TRUE,"MSE",2.3586728499376,2.5,NA,NA,NA,NA,NA,NA,NA,NA,NA,NA,NA,NA,NA
48,"continuous",2,"Purely linear","RuleFit",TRUE,"MSE",1.41164548366715,33.0600000000001,NA,128,128,0,1,54,73,0,0,0.0078125,0.421875,0.4296875,2.5625
49,"continuous",2,"Purely linear","BRP-GABLE full",TRUE,"MSE",1.19820739543491,54.25,NA,16,9,7,16,0,0,0,0,1,0,1,1
49,"continuous",2,"Purely linear","BRP-GABLE rule-only",TRUE,"MSE",2.27657237029007,54.9899999999999,NA,61,61,0,61,0,0,0,0,1,0,1,1
49,"continuous",2,"Purely linear","GABLE",TRUE,"MSE",4.1325037209407,1.31000000000006,NA,5,5,0,5,0,0,0,0,1,0,1,1
49,"continuous",2,"Purely linear","GBM",TRUE,"MSE",2.03328254605972,0.0299999999999727,NA,NA,NA,NA,NA,NA,NA,NA,NA,NA,NA,NA,NA
49,"continuous",2,"Purely linear","Linear",TRUE,"MSE",1.09401537848161,0.0199999999999818,NA,20,0,20,20,0,0,0,0,1,0,1,1
49,"continuous",2,"Purely linear","Random forest",TRUE,"MSE",2.459335434715,2.40999999999997,NA,NA,NA,NA,NA,NA,NA,NA,NA,NA,NA,NA,NA
49,"continuous",2,"Purely linear","RuleFit",TRUE,"MSE",1.39655326908812,33.89,NA,177,177,0,6,83,88,0,0,0.0338983050847458,0.468926553672316,0.502824858757062,2.46327683615819
50,"continuous",2,"Purely linear","BRP-GABLE full",TRUE,"MSE",1.19359376956515,54.58,NA,13,7,6,12,1,0,0,0,0.923076923076923,0.0769230769230769,1,1.07692307692308
50,"continuous",2,"Purely linear","BRP-GABLE rule-only",TRUE,"MSE",2.20494199291208,55.38,NA,59,59,0,58,1,0,0,0,0.983050847457627,0.0169491525423729,1,1.01694915254237
50,"continuous",2,"Purely linear","GABLE",TRUE,"MSE",4.03469318680628,1.23000000000002,NA,5,5,0,5,0,0,0,0,1,0,1,1
50,"continuous",2,"Purely linear","GBM",TRUE,"MSE",2.00575399358226,0.0499999999999545,NA,NA,NA,NA,NA,NA,NA,NA,NA,NA,NA,NA,NA
50,"continuous",2,"Purely linear","Linear",TRUE,"MSE",1.00634193866601,0.00999999999999091,NA,20,0,20,20,0,0,0,0,1,0,1,1
50,"continuous",2,"Purely linear","Random forest",TRUE,"MSE",2.3651365806104,2.47000000000003,NA,NA,NA,NA,NA,NA,NA,NA,NA,NA,NA,NA,NA
50,"continuous",2,"Purely linear","RuleFit",TRUE,"MSE",1.3851685754404,33.4299999999999,NA,139,139,0,2,63,74,0,0,0.0143884892086331,0.453237410071942,0.467625899280576,2.51798561151079
51,"continuous",2,"Purely linear","BRP-GABLE full",TRUE,"MSE",1.12457639274426,55.4200000000001,NA,13,7,6,8,5,0,0,0,0.615384615384615,0.384615384615385,1,1.38461538461538
51,"continuous",2,"Purely linear","BRP-GABLE rule-only",TRUE,"MSE",2.13690813230829,56.22,NA,57,57,0,52,5,0,0,0,0.912280701754386,0.087719298245614,1,1.08771929824561
51,"continuous",2,"Purely linear","GABLE",TRUE,"MSE",3.83309998871026,1.25,NA,5,5,0,5,0,0,0,0,1,0,1,1
51,"continuous",2,"Purely linear","GBM",TRUE,"MSE",1.83801136393221,0.0500000000000682,NA,NA,NA,NA,NA,NA,NA,NA,NA,NA,NA,NA,NA
51,"continuous",2,"Purely linear","Linear",TRUE,"MSE",0.98404599860773,0,NA,20,0,20,20,0,0,0,0,1,0,1,1
51,"continuous",2,"Purely linear","Random forest",TRUE,"MSE",2.18622333291135,2.30999999999995,NA,NA,NA,NA,NA,NA,NA,NA,NA,NA,NA,NA,NA
51,"continuous",2,"Purely linear","RuleFit",TRUE,"MSE",1.34329485010219,33.41,NA,130,130,0,0,61,69,0,0,0,0.469230769230769,0.469230769230769,2.53076923076923
52,"continuous",2,"Purely linear","BRP-GABLE full",TRUE,"MSE",1.06914596819688,53.9899999999999,NA,18,12,6,13,5,0,0,0,0.722222222222222,0.277777777777778,1,1.27777777777778
52,"continuous",2,"Purely linear","BRP-GABLE rule-only",TRUE,"MSE",2.07686990516466,54.41,NA,59,59,0,54,5,0,0,0,0.915254237288136,0.0847457627118644,1,1.08474576271186
52,"continuous",2,"Purely linear","GABLE",TRUE,"MSE",3.84542554287668,1.36000000000001,NA,5,5,0,5,0,0,0,0,1,0,1,1
52,"continuous",2,"Purely linear","GBM",TRUE,"MSE",1.79941659817959,0.0499999999999545,NA,NA,NA,NA,NA,NA,NA,NA,NA,NA,NA,NA,NA
52,"continuous",2,"Purely linear","Linear",TRUE,"MSE",0.977782420632461,0,NA,20,0,20,20,0,0,0,0,1,0,1,1
52,"continuous",2,"Purely linear","Random forest",TRUE,"MSE",2.19750990559489,2.38,NA,NA,NA,NA,NA,NA,NA,NA,NA,NA,NA,NA,NA
52,"continuous",2,"Purely linear","RuleFit",TRUE,"MSE",1.20524386404912,32.62,NA,181,181,0,4,97,80,0,0,0.0220994475138122,0.535911602209945,0.558011049723757,2.41988950276243
53,"continuous",2,"Purely linear","BRP-GABLE full",TRUE,"MSE",1.08648025267384,54.42,NA,20,14,6,20,0,0,0,0,1,0,1,1
53,"continuous",2,"Purely linear","BRP-GABLE rule-only",TRUE,"MSE",2.0405350166465,55.6800000000001,NA,71,71,0,71,0,0,0,0,1,0,1,1
53,"continuous",2,"Purely linear","GABLE",TRUE,"MSE",3.98714958584431,1.38999999999999,NA,5,5,0,5,0,0,0,0,1,0,1,1
53,"continuous",2,"Purely linear","GBM",TRUE,"MSE",1.77134321971227,0.0399999999999636,NA,NA,NA,NA,NA,NA,NA,NA,NA,NA,NA,NA,NA
53,"continuous",2,"Purely linear","Linear",TRUE,"MSE",0.945523467717395,0.0199999999999818,NA,20,0,20,20,0,0,0,0,1,0,1,1
53,"continuous",2,"Purely linear","Random forest",TRUE,"MSE",2.18972491492984,2.36000000000001,NA,NA,NA,NA,NA,NA,NA,NA,NA,NA,NA,NA,NA
53,"continuous",2,"Purely linear","RuleFit",TRUE,"MSE",1.19711286420609,34.24,NA,188,188,0,5,93,90,0,0,0.0265957446808511,0.49468085106383,0.521276595744681,2.45212765957447
54,"continuous",2,"Purely linear","BRP-GABLE full",TRUE,"MSE",1.22250734380406,54.1300000000001,NA,15,8,7,14,1,0,0,0,0.933333333333333,0.0666666666666667,1,1.06666666666667
54,"continuous",2,"Purely linear","BRP-GABLE rule-only",TRUE,"MSE",2.25593352091981,55.52,NA,68,68,0,64,4,0,0,0,0.941176470588235,0.0588235294117647,1,1.05882352941176
54,"continuous",2,"Purely linear","GABLE",TRUE,"MSE",3.84764718981185,1.33000000000004,NA,5,5,0,5,0,0,0,0,1,0,1,1
54,"continuous",2,"Purely linear","GBM",TRUE,"MSE",1.90760660007458,0.0500000000000682,NA,NA,NA,NA,NA,NA,NA,NA,NA,NA,NA,NA,NA
54,"continuous",2,"Purely linear","Linear",TRUE,"MSE",1.14222380357886,0.00999999999999091,NA,20,0,20,20,0,0,0,0,1,0,1,1
54,"continuous",2,"Purely linear","Random forest",TRUE,"MSE",2.31872014467153,2.32999999999993,NA,NA,NA,NA,NA,NA,NA,NA,NA,NA,NA,NA,NA
54,"continuous",2,"Purely linear","RuleFit",TRUE,"MSE",1.46759424504347,33.4300000000001,NA,118,118,0,0,71,47,0,0,0,0.601694915254237,0.601694915254237,2.39830508474576
55,"continuous",2,"Purely linear","BRP-GABLE full",TRUE,"MSE",1.12002886285678,54.3,NA,15,9,6,15,0,0,0,0,1,0,1,1
55,"continuous",2,"Purely linear","BRP-GABLE rule-only",TRUE,"MSE",2.03205848380266,55.77,NA,78,78,0,78,0,0,0,0,1,0,1,1
55,"continuous",2,"Purely linear","GABLE",TRUE,"MSE",3.86906670470057,1.26999999999998,NA,5,5,0,5,0,0,0,0,1,0,1,1
55,"continuous",2,"Purely linear","GBM",TRUE,"MSE",1.79092934798318,0.0499999999999545,NA,NA,NA,NA,NA,NA,NA,NA,NA,NA,NA,NA,NA
55,"continuous",2,"Purely linear","Linear",TRUE,"MSE",1.03284778600356,0.0199999999999818,NA,20,0,20,20,0,0,0,0,1,0,1,1
55,"continuous",2,"Purely linear","Random forest",TRUE,"MSE",2.17795035013877,2.37,NA,NA,NA,NA,NA,NA,NA,NA,NA,NA,NA,NA,NA
55,"continuous",2,"Purely linear","RuleFit",TRUE,"MSE",1.28401325364236,33.12,NA,167,167,0,1,94,72,0,0,0.00598802395209581,0.562874251497006,0.568862275449102,2.4251497005988
56,"continuous",2,"Purely linear","BRP-GABLE full",TRUE,"MSE",1.13467492052382,55.2899999999998,NA,15,9,6,14,1,0,0,0,0.933333333333333,0.0666666666666667,1,1.06666666666667
56,"continuous",2,"Purely linear","BRP-GABLE rule-only",TRUE,"MSE",1.89042022914384,55.8299999999999,NA,75,75,0,72,3,0,0,0,0.96,0.04,1,1.04
56,"continuous",2,"Purely linear","GABLE",TRUE,"MSE",3.86803199339222,1.29999999999995,NA,5,5,0,5,0,0,0,0,1,0,1,1
56,"continuous",2,"Purely linear","GBM",TRUE,"MSE",1.89578450000091,0.0399999999999636,NA,NA,NA,NA,NA,NA,NA,NA,NA,NA,NA,NA,NA
56,"continuous",2,"Purely linear","Linear",TRUE,"MSE",0.985491959246501,0,NA,20,0,20,20,0,0,0,0,1,0,1,1
56,"continuous",2,"Purely linear","Random forest",TRUE,"MSE",2.26338539898406,2.3900000000001,NA,NA,NA,NA,NA,NA,NA,NA,NA,NA,NA,NA,NA
56,"continuous",2,"Purely linear","RuleFit",TRUE,"MSE",1.32977762006627,33.25,NA,119,119,0,2,59,58,0,0,0.0168067226890756,0.495798319327731,0.512605042016807,2.47058823529412
57,"continuous",2,"Purely linear","BRP-GABLE full",TRUE,"MSE",1.15279300887359,54.53,NA,14,8,6,14,0,0,0,0,1,0,1,1
57,"continuous",2,"Purely linear","BRP-GABLE rule-only",TRUE,"MSE",2.32720396126948,56.2700000000002,NA,68,68,0,66,2,0,0,0,0.970588235294118,0.0294117647058824,1,1.02941176470588
57,"continuous",2,"Purely linear","GABLE",TRUE,"MSE",3.98543505303841,1.25,NA,5,5,0,5,0,0,0,0,1,0,1,1
57,"continuous",2,"Purely linear","GBM",TRUE,"MSE",1.87420363433511,0.0300000000000864,NA,NA,NA,NA,NA,NA,NA,NA,NA,NA,NA,NA,NA
57,"continuous",2,"Purely linear","Linear",TRUE,"MSE",1.02992737559335,0,NA,20,0,20,20,0,0,0,0,1,0,1,1
57,"continuous",2,"Purely linear","Random forest",TRUE,"MSE",2.33627551544927,2.41999999999996,NA,NA,NA,NA,NA,NA,NA,NA,NA,NA,NA,NA,NA
57,"continuous",2,"Purely linear","RuleFit",TRUE,"MSE",1.30454063978822,32.9899999999999,NA,143,143,0,2,75,66,0,0,0.013986013986014,0.524475524475524,0.538461538461538,2.44755244755245
58,"continuous",2,"Purely linear","BRP-GABLE full",TRUE,"MSE",1.12140976098305,55.52,NA,16,10,6,15,1,0,0,0,0.9375,0.0625,1,1.0625
58,"continuous",2,"Purely linear","BRP-GABLE rule-only",TRUE,"MSE",2.28244674949905,56.6199999999999,NA,76,76,0,73,3,0,0,0,0.960526315789474,0.0394736842105263,1,1.03947368421053
58,"continuous",2,"Purely linear","GABLE",TRUE,"MSE",4.12820496909917,1.28000000000009,NA,5,5,0,5,0,0,0,0,1,0,1,1
58,"continuous",2,"Purely linear","GBM",TRUE,"MSE",1.86457106155976,0.0500000000000682,NA,NA,NA,NA,NA,NA,NA,NA,NA,NA,NA,NA,NA
58,"continuous",2,"Purely linear","Linear",TRUE,"MSE",1.00547229135564,0.00999999999999091,NA,20,0,20,20,0,0,0,0,1,0,1,1
58,"continuous",2,"Purely linear","Random forest",TRUE,"MSE",2.24495724242614,2.3599999999999,NA,NA,NA,NA,NA,NA,NA,NA,NA,NA,NA,NA,NA
58,"continuous",2,"Purely linear","RuleFit",TRUE,"MSE",1.35161750893219,32.8000000000001,NA,128,128,0,0,62,66,0,0,0,0.484375,0.484375,2.515625
59,"continuous",2,"Purely linear","BRP-GABLE full",TRUE,"MSE",1.07861749155331,54.4199999999998,NA,19,13,6,17,2,0,0,0,0.894736842105263,0.105263157894737,1,1.10526315789474
59,"continuous",2,"Purely linear","BRP-GABLE rule-only",TRUE,"MSE",2.1453797414336,55.5599999999999,NA,84,84,0,82,2,0,0,0,0.976190476190476,0.0238095238095238,1,1.02380952380952
59,"continuous",2,"Purely linear","GABLE",TRUE,"MSE",4.0406992726796,1.35000000000014,NA,5,5,0,5,0,0,0,0,1,0,1,1
59,"continuous",2,"Purely linear","GBM",TRUE,"MSE",1.80585262211413,0.0599999999999454,NA,NA,NA,NA,NA,NA,NA,NA,NA,NA,NA,NA,NA
59,"continuous",2,"Purely linear","Linear",TRUE,"MSE",0.938135133816014,0,NA,20,0,20,20,0,0,0,0,1,0,1,1
59,"continuous",2,"Purely linear","Random forest",TRUE,"MSE",2.18043316908944,2.33999999999992,NA,NA,NA,NA,NA,NA,NA,NA,NA,NA,NA,NA,NA
59,"continuous",2,"Purely linear","RuleFit",TRUE,"MSE",1.3111077375258,33.3299999999999,NA,126,126,0,0,64,62,0,0,0,0.507936507936508,0.507936507936508,2.49206349206349
60,"continuous",2,"Purely linear","BRP-GABLE full",TRUE,"MSE",1.12868796761652,54.5500000000001,NA,14,8,6,11,3,0,0,0,0.785714285714286,0.214285714285714,1,1.21428571428571
60,"continuous",2,"Purely linear","BRP-GABLE rule-only",TRUE,"MSE",1.92827525834687,54.8599999999998,NA,80,80,0,74,6,0,0,0,0.925,0.075,1,1.075
60,"continuous",2,"Purely linear","GABLE",TRUE,"MSE",4.27367959876638,1.48000000000002,NA,5,5,0,5,0,0,0,0,1,0,1,1
60,"continuous",2,"Purely linear","GBM",TRUE,"MSE",1.89980230807172,0.0500000000001819,NA,NA,NA,NA,NA,NA,NA,NA,NA,NA,NA,NA,NA
60,"continuous",2,"Purely linear","Linear",TRUE,"MSE",1.01303813351899,0.0199999999999818,NA,20,0,20,20,0,0,0,0,1,0,1,1
60,"continuous",2,"Purely linear","Random forest",TRUE,"MSE",2.26514484359652,2.32999999999993,NA,NA,NA,NA,NA,NA,NA,NA,NA,NA,NA,NA,NA
60,"continuous",2,"Purely linear","RuleFit",TRUE,"MSE",1.25502049339943,33.22,NA,148,148,0,0,73,75,0,0,0,0.493243243243243,0.493243243243243,2.50675675675676
61,"continuous",2,"Purely linear","BRP-GABLE full",TRUE,"MSE",1.15421241584094,53.1700000000001,NA,13,7,6,8,5,0,0,0,0.615384615384615,0.384615384615385,1,1.38461538461538
61,"continuous",2,"Purely linear","BRP-GABLE rule-only",TRUE,"MSE",2.06658512819212,54.1400000000001,NA,76,76,0,65,11,0,0,0,0.855263157894737,0.144736842105263,1,1.14473684210526
61,"continuous",2,"Purely linear","GABLE",TRUE,"MSE",3.94989851618869,1.27999999999997,NA,5,5,0,5,0,0,0,0,1,0,1,1
61,"continuous",2,"Purely linear","GBM",TRUE,"MSE",1.93176936210521,0.0599999999999454,NA,NA,NA,NA,NA,NA,NA,NA,NA,NA,NA,NA,NA
61,"continuous",2,"Purely linear","Linear",TRUE,"MSE",1.03212481977543,0,NA,20,0,20,20,0,0,0,0,1,0,1,1
61,"continuous",2,"Purely linear","Random forest",TRUE,"MSE",2.27169551349243,2.44000000000005,NA,NA,NA,NA,NA,NA,NA,NA,NA,NA,NA,NA,NA
61,"continuous",2,"Purely linear","RuleFit",TRUE,"MSE",1.31047243079441,33.1800000000001,NA,141,141,0,2,87,52,0,0,0.0141843971631206,0.617021276595745,0.631205673758865,2.35460992907801
62,"continuous",2,"Purely linear","BRP-GABLE full",TRUE,"MSE",1.21418260734374,55.01,NA,10,4,6,6,4,0,0,0,0.6,0.4,1,1.4
62,"continuous",2,"Purely linear","BRP-GABLE rule-only",TRUE,"MSE",1.99593489225442,56.3,NA,74,74,0,69,5,0,0,0,0.932432432432432,0.0675675675675676,1,1.06756756756757
62,"continuous",2,"Purely linear","GABLE",TRUE,"MSE",3.9303192952022,1.44000000000005,NA,5,5,0,5,0,0,0,0,1,0,1,1
62,"continuous",2,"Purely linear","GBM",TRUE,"MSE",1.94853997163408,0.0499999999999545,NA,NA,NA,NA,NA,NA,NA,NA,NA,NA,NA,NA,NA
62,"continuous",2,"Purely linear","Linear",TRUE,"MSE",1.04976383245046,0,NA,20,0,20,20,0,0,0,0,1,0,1,1
62,"continuous",2,"Purely linear","Random forest",TRUE,"MSE",2.4061632821489,2.42000000000007,NA,NA,NA,NA,NA,NA,NA,NA,NA,NA,NA,NA,NA
62,"continuous",2,"Purely linear","RuleFit",TRUE,"MSE",1.39823519436411,33.8599999999999,NA,137,137,0,1,61,75,0,0,0.0072992700729927,0.445255474452555,0.452554744525547,2.54014598540146
63,"continuous",2,"Purely linear","BRP-GABLE full",TRUE,"MSE",1.26546524930436,55.2899999999997,NA,16,10,6,15,1,0,0,0,0.9375,0.0625,1,1.0625
63,"continuous",2,"Purely linear","BRP-GABLE rule-only",TRUE,"MSE",2.32114890814599,56.0399999999997,NA,75,75,0,73,2,0,0,0,0.973333333333333,0.0266666666666667,1,1.02666666666667
63,"continuous",2,"Purely linear","GABLE",TRUE,"MSE",4.07686069211236,1.32999999999993,NA,5,5,0,5,0,0,0,0,1,0,1,1
63,"continuous",2,"Purely linear","GBM",TRUE,"MSE",2.04723051497204,0.0499999999999545,NA,NA,NA,NA,NA,NA,NA,NA,NA,NA,NA,NA,NA
63,"continuous",2,"Purely linear","Linear",TRUE,"MSE",1.05898703397355,0,NA,20,0,20,20,0,0,0,0,1,0,1,1
63,"continuous",2,"Purely linear","Random forest",TRUE,"MSE",2.45752494124615,2.40000000000009,NA,NA,NA,NA,NA,NA,NA,NA,NA,NA,NA,NA,NA
63,"continuous",2,"Purely linear","RuleFit",TRUE,"MSE",1.48019946192615,33.48,NA,153,153,0,3,75,75,0,0,0.0196078431372549,0.490196078431373,0.509803921568627,2.47058823529412
64,"continuous",2,"Purely linear","BRP-GABLE full",TRUE,"MSE",1.21202707168496,54.8299999999999,NA,9,3,6,7,2,0,0,0,0.777777777777778,0.222222222222222,1,1.22222222222222
64,"continuous",2,"Purely linear","BRP-GABLE rule-only",TRUE,"MSE",2.09742340814489,55.7400000000002,NA,63,63,0,61,2,0,0,0,0.968253968253968,0.0317460317460317,1,1.03174603174603
64,"continuous",2,"Purely linear","GABLE",TRUE,"MSE",3.72596133243619,1.28999999999996,NA,5,5,0,5,0,0,0,0,1,0,1,1
64,"continuous",2,"Purely linear","GBM",TRUE,"MSE",1.86627556773345,0.0499999999999545,NA,NA,NA,NA,NA,NA,NA,NA,NA,NA,NA,NA,NA
64,"continuous",2,"Purely linear","Linear",TRUE,"MSE",1.06567115275731,0.00999999999999091,NA,20,0,20,20,0,0,0,0,1,0,1,1
64,"continuous",2,"Purely linear","Random forest",TRUE,"MSE",2.26032338010311,2.38000000000011,NA,NA,NA,NA,NA,NA,NA,NA,NA,NA,NA,NA,NA
64,"continuous",2,"Purely linear","RuleFit",TRUE,"MSE",1.33941517247428,34.0599999999999,NA,131,131,0,1,70,60,0,0,0.00763358778625954,0.534351145038168,0.541984732824427,2.45038167938931
65,"continuous",2,"Purely linear","BRP-GABLE full",TRUE,"MSE",1.15153534059114,56.2900000000002,NA,11,5,6,9,2,0,0,0,0.818181818181818,0.181818181818182,1,1.18181818181818
65,"continuous",2,"Purely linear","BRP-GABLE rule-only",TRUE,"MSE",2.10079875673893,57.3799999999999,NA,66,66,0,63,3,0,0,0,0.954545454545455,0.0454545454545455,1,1.04545454545455
65,"continuous",2,"Purely linear","GABLE",TRUE,"MSE",4.08006460134248,1.29999999999995,NA,5,5,0,5,0,0,0,0,1,0,1,1
65,"continuous",2,"Purely linear","GBM",TRUE,"MSE",1.93929602592726,0.0499999999999545,NA,NA,NA,NA,NA,NA,NA,NA,NA,NA,NA,NA,NA
65,"continuous",2,"Purely linear","Linear",TRUE,"MSE",1.06059310774157,0.00999999999999091,NA,20,0,20,20,0,0,0,0,1,0,1,1
65,"continuous",2,"Purely linear","Random forest",TRUE,"MSE",2.28827672060797,2.45000000000005,NA,NA,NA,NA,NA,NA,NA,NA,NA,NA,NA,NA,NA
65,"continuous",2,"Purely linear","RuleFit",TRUE,"MSE",1.28578499901359,34.9100000000001,NA,145,145,0,1,77,67,0,0,0.00689655172413793,0.531034482758621,0.537931034482759,2.4551724137931
66,"continuous",2,"Purely linear","BRP-GABLE full",TRUE,"MSE",1.09256682171927,57.5299999999997,NA,14,8,6,13,1,0,0,0,0.928571428571429,0.0714285714285714,1,1.07142857142857
66,"continuous",2,"Purely linear","BRP-GABLE rule-only",TRUE,"MSE",1.9644584369025,58.2299999999998,NA,60,60,0,58,2,0,0,0,0.966666666666667,0.0333333333333333,1,1.03333333333333
66,"continuous",2,"Purely linear","GABLE",TRUE,"MSE",3.95184535976414,1.37000000000012,NA,5,5,0,5,0,0,0,0,1,0,1,1
66,"continuous",2,"Purely linear","GBM",TRUE,"MSE",1.84068954626306,0.0399999999999636,NA,NA,NA,NA,NA,NA,NA,NA,NA,NA,NA,NA,NA
66,"continuous",2,"Purely linear","Linear",TRUE,"MSE",0.960525195008413,0,NA,20,0,20,20,0,0,0,0,1,0,1,1
66,"continuous",2,"Purely linear","Random forest",TRUE,"MSE",2.24823691903091,2.62999999999988,NA,NA,NA,NA,NA,NA,NA,NA,NA,NA,NA,NA,NA
66,"continuous",2,"Purely linear","RuleFit",TRUE,"MSE",1.25816604676323,34.21,NA,168,168,0,4,85,79,0,0,0.0238095238095238,0.505952380952381,0.529761904761905,2.44642857142857
67,"continuous",2,"Purely linear","BRP-GABLE full",TRUE,"MSE",1.22876305152821,55.8,NA,11,5,6,8,3,0,0,0,0.727272727272727,0.272727272727273,1,1.27272727272727
67,"continuous",2,"Purely linear","BRP-GABLE rule-only",TRUE,"MSE",2.19192528761977,57.0700000000002,NA,77,77,0,72,5,0,0,0,0.935064935064935,0.0649350649350649,1,1.06493506493506
67,"continuous",2,"Purely linear","GABLE",TRUE,"MSE",4.23759402860513,1.51999999999998,NA,5,5,0,5,0,0,0,0,1,0,1,1
67,"continuous",2,"Purely linear","GBM",TRUE,"MSE",1.94813016646707,0.0299999999999727,NA,NA,NA,NA,NA,NA,NA,NA,NA,NA,NA,NA,NA
67,"continuous",2,"Purely linear","Linear",TRUE,"MSE",1.07906954323733,0,NA,20,0,20,20,0,0,0,0,1,0,1,1
67,"continuous",2,"Purely linear","Random forest",TRUE,"MSE",2.33125631402759,2.3900000000001,NA,NA,NA,NA,NA,NA,NA,NA,NA,NA,NA,NA,NA
67,"continuous",2,"Purely linear","RuleFit",TRUE,"MSE",1.34264477348698,32.77,NA,152,152,0,3,79,70,0,0,0.0197368421052632,0.519736842105263,0.539473684210526,2.44078947368421
68,"continuous",2,"Purely linear","BRP-GABLE full",TRUE,"MSE",1.16251960894086,57.4400000000001,NA,21,14,7,18,3,0,0,0,0.857142857142857,0.142857142857143,1,1.14285714285714
68,"continuous",2,"Purely linear","BRP-GABLE rule-only",TRUE,"MSE",2.11147633848455,58.1799999999998,NA,62,62,0,58,4,0,0,0,0.935483870967742,0.0645161290322581,1,1.06451612903226
68,"continuous",2,"Purely linear","GABLE",TRUE,"MSE",4.15654552874149,1.30000000000018,NA,5,5,0,5,0,0,0,0,1,0,1,1
68,"continuous",2,"Purely linear","GBM",TRUE,"MSE",2.0534505063412,0.0499999999999545,NA,NA,NA,NA,NA,NA,NA,NA,NA,NA,NA,NA,NA
68,"continuous",2,"Purely linear","Linear",TRUE,"MSE",1.04391755923323,0.00999999999999091,NA,20,0,20,20,0,0,0,0,1,0,1,1
68,"continuous",2,"Purely linear","Random forest",TRUE,"MSE",2.51536302374599,2.39999999999986,NA,NA,NA,NA,NA,NA,NA,NA,NA,NA,NA,NA,NA
68,"continuous",2,"Purely linear","RuleFit",TRUE,"MSE",1.42517922219897,33.25,NA,137,137,0,1,67,69,0,0,0.0072992700729927,0.489051094890511,0.496350364963504,2.4963503649635
69,"continuous",2,"Purely linear","BRP-GABLE full",TRUE,"MSE",1.18687384133596,55.72,NA,7,1,6,6,1,0,0,0,0.857142857142857,0.142857142857143,1,1.14285714285714
69,"continuous",2,"Purely linear","BRP-GABLE rule-only",TRUE,"MSE",2.0526040357334,56.8,NA,65,65,0,64,1,0,0,0,0.984615384615385,0.0153846153846154,1,1.01538461538462
69,"continuous",2,"Purely linear","GABLE",TRUE,"MSE",4.17749482478354,1.28999999999996,NA,5,5,0,5,0,0,0,0,1,0,1,1
69,"continuous",2,"Purely linear","GBM",TRUE,"MSE",1.9423834283915,0.040000000000191,NA,NA,NA,NA,NA,NA,NA,NA,NA,NA,NA,NA,NA
69,"continuous",2,"Purely linear","Linear",TRUE,"MSE",1.01286239566692,0.0199999999999818,NA,20,0,20,20,0,0,0,0,1,0,1,1
69,"continuous",2,"Purely linear","Random forest",TRUE,"MSE",2.3511399496033,2.49000000000001,NA,NA,NA,NA,NA,NA,NA,NA,NA,NA,NA,NA,NA
69,"continuous",2,"Purely linear","RuleFit",TRUE,"MSE",1.29895707182567,33.5799999999999,NA,152,152,0,2,92,58,0,0,0.0131578947368421,0.605263157894737,0.618421052631579,2.36842105263158
70,"continuous",2,"Purely linear","BRP-GABLE full",TRUE,"MSE",1.03351506848453,54.72,NA,11,5,6,8,3,0,0,0,0.727272727272727,0.272727272727273,1,1.27272727272727
70,"continuous",2,"Purely linear","BRP-GABLE rule-only",TRUE,"MSE",1.88614199994424,55.7299999999998,NA,63,63,0,59,4,0,0,0,0.936507936507937,0.0634920634920635,1,1.06349206349206
70,"continuous",2,"Purely linear","GABLE",TRUE,"MSE",3.60667756405145,1.32999999999993,NA,5,5,0,5,0,0,0,0,1,0,1,1
70,"continuous",2,"Purely linear","GBM",TRUE,"MSE",1.66765215392262,0.0399999999999636,NA,NA,NA,NA,NA,NA,NA,NA,NA,NA,NA,NA,NA
70,"continuous",2,"Purely linear","Linear",TRUE,"MSE",0.936125382010339,0,NA,20,0,20,20,0,0,0,0,1,0,1,1
70,"continuous",2,"Purely linear","Random forest",TRUE,"MSE",2.05095912508248,2.44000000000005,NA,NA,NA,NA,NA,NA,NA,NA,NA,NA,NA,NA,NA
70,"continuous",2,"Purely linear","RuleFit",TRUE,"MSE",1.21784825405099,33.3100000000002,NA,147,147,0,1,67,79,0,0,0.00680272108843537,0.45578231292517,0.462585034013605,2.53061224489796
71,"continuous",2,"Purely linear","BRP-GABLE full",TRUE,"MSE",1.11428207434512,53.7099999999998,NA,16,10,6,13,3,0,0,0,0.8125,0.1875,1,1.1875
71,"continuous",2,"Purely linear","BRP-GABLE rule-only",TRUE,"MSE",2.35468869745121,54.0999999999999,NA,80,80,0,75,5,0,0,0,0.9375,0.0625,1,1.0625
71,"continuous",2,"Purely linear","GABLE",TRUE,"MSE",4.14199543684254,1.25,NA,5,5,0,5,0,0,0,0,1,0,1,1
71,"continuous",2,"Purely linear","GBM",TRUE,"MSE",1.98279146487463,0.0699999999999363,NA,NA,NA,NA,NA,NA,NA,NA,NA,NA,NA,NA,NA
71,"continuous",2,"Purely linear","Linear",TRUE,"MSE",0.983093902403255,0,NA,20,0,20,20,0,0,0,0,1,0,1,1
71,"continuous",2,"Purely linear","Random forest",TRUE,"MSE",2.35032991447597,2.31999999999994,NA,NA,NA,NA,NA,NA,NA,NA,NA,NA,NA,NA,NA
71,"continuous",2,"Purely linear","RuleFit",TRUE,"MSE",1.34408759629537,32.8,NA,150,150,0,0,74,76,0,0,0,0.493333333333333,0.493333333333333,2.50666666666667
72,"continuous",2,"Purely linear","BRP-GABLE full",TRUE,"MSE",1.20590625391237,55.79,NA,20,14,6,18,2,0,0,0,0.9,0.1,1,1.1
72,"continuous",2,"Purely linear","BRP-GABLE rule-only",TRUE,"MSE",2.06601578269059,56.7399999999998,NA,81,81,0,79,2,0,0,0,0.975308641975309,0.0246913580246914,1,1.02469135802469
72,"continuous",2,"Purely linear","GABLE",TRUE,"MSE",3.78448277361012,1.32000000000016,NA,5,5,0,5,0,0,0,0,1,0,1,1
72,"continuous",2,"Purely linear","GBM",TRUE,"MSE",1.98819571682574,0.0499999999999545,NA,NA,NA,NA,NA,NA,NA,NA,NA,NA,NA,NA,NA
72,"continuous",2,"Purely linear","Linear",TRUE,"MSE",1.04119888740401,0,NA,20,0,20,20,0,0,0,0,1,0,1,1
72,"continuous",2,"Purely linear","Random forest",TRUE,"MSE",2.34816389976341,2.40999999999985,NA,NA,NA,NA,NA,NA,NA,NA,NA,NA,NA,NA,NA
72,"continuous",2,"Purely linear","RuleFit",TRUE,"MSE",1.32787840830944,33.97,NA,149,149,0,1,80,68,0,0,0.00671140939597315,0.536912751677852,0.543624161073825,2.4496644295302
73,"continuous",2,"Purely linear","BRP-GABLE full",TRUE,"MSE",1.15314684189447,55.5600000000002,NA,12,6,6,10,2,0,0,0,0.833333333333333,0.166666666666667,1,1.16666666666667
73,"continuous",2,"Purely linear","BRP-GABLE rule-only",TRUE,"MSE",2.11777910461244,56.6000000000001,NA,74,74,0,71,3,0,0,0,0.959459459459459,0.0405405405405405,1,1.04054054054054
73,"continuous",2,"Purely linear","GABLE",TRUE,"MSE",4.22049600974242,1.25,NA,5,5,0,5,0,0,0,0,1,0,1,1
73,"continuous",2,"Purely linear","GBM",TRUE,"MSE",2.15106223261193,0.0399999999999636,NA,NA,NA,NA,NA,NA,NA,NA,NA,NA,NA,NA,NA
73,"continuous",2,"Purely linear","Linear",TRUE,"MSE",1.01250854193654,0,NA,20,0,20,20,0,0,0,0,1,0,1,1
73,"continuous",2,"Purely linear","Random forest",TRUE,"MSE",2.54380654963095,2.41000000000008,NA,NA,NA,NA,NA,NA,NA,NA,NA,NA,NA,NA,NA
73,"continuous",2,"Purely linear","RuleFit",TRUE,"MSE",1.33761735369693,32.3899999999999,NA,128,128,0,1,65,62,0,0,0.0078125,0.5078125,0.515625,2.4765625
74,"continuous",2,"Purely linear","BRP-GABLE full",TRUE,"MSE",1.14492973884142,55.1799999999998,NA,12,5,7,11,1,0,0,0,0.916666666666667,0.0833333333333333,1,1.08333333333333
74,"continuous",2,"Purely linear","BRP-GABLE rule-only",TRUE,"MSE",2.08066972198633,57.6199999999999,NA,70,70,0,69,1,0,0,0,0.985714285714286,0.0142857142857143,1,1.01428571428571
74,"continuous",2,"Purely linear","GABLE",TRUE,"MSE",3.67024471249197,1.24000000000001,NA,5,5,0,5,0,0,0,0,1,0,1,1
74,"continuous",2,"Purely linear","GBM",TRUE,"MSE",1.93706723077632,0.0399999999999636,NA,NA,NA,NA,NA,NA,NA,NA,NA,NA,NA,NA,NA
74,"continuous",2,"Purely linear","Linear",TRUE,"MSE",1.03274176035267,0.0199999999999818,NA,20,0,20,20,0,0,0,0,1,0,1,1
74,"continuous",2,"Purely linear","Random forest",TRUE,"MSE",2.32630477181418,2.5,NA,NA,NA,NA,NA,NA,NA,NA,NA,NA,NA,NA,NA
74,"continuous",2,"Purely linear","RuleFit",TRUE,"MSE",1.35738267551331,32.8000000000002,NA,175,175,0,3,90,82,0,0,0.0171428571428571,0.514285714285714,0.531428571428571,2.45142857142857
75,"continuous",2,"Purely linear","BRP-GABLE full",TRUE,"MSE",1.11285014823254,55.1100000000001,NA,16,10,6,15,1,0,0,0,0.9375,0.0625,1,1.0625
75,"continuous",2,"Purely linear","BRP-GABLE rule-only",TRUE,"MSE",2.02609936836428,58.3,NA,81,81,0,79,2,0,0,0,0.975308641975309,0.0246913580246914,1,1.02469135802469
75,"continuous",2,"Purely linear","GABLE",TRUE,"MSE",4.09489741056832,1.25,NA,5,5,0,5,0,0,0,0,1,0,1,1
75,"continuous",2,"Purely linear","GBM",TRUE,"MSE",1.93715244977009,0.0500000000001819,NA,NA,NA,NA,NA,NA,NA,NA,NA,NA,NA,NA,NA
75,"continuous",2,"Purely linear","Linear",TRUE,"MSE",1.00012798635539,0,NA,20,0,20,20,0,0,0,0,1,0,1,1
75,"continuous",2,"Purely linear","Random forest",TRUE,"MSE",2.36157456486837,2.32999999999993,NA,NA,NA,NA,NA,NA,NA,NA,NA,NA,NA,NA,NA
75,"continuous",2,"Purely linear","RuleFit",TRUE,"MSE",1.26595148733424,34.5699999999999,NA,195,195,0,6,104,85,0,0,0.0307692307692308,0.533333333333333,0.564102564102564,2.40512820512821
76,"continuous",2,"Purely linear","BRP-GABLE full",TRUE,"MSE",1.12294753132198,55.2,NA,15,9,6,14,1,0,0,0,0.933333333333333,0.0666666666666667,1,1.06666666666667
76,"continuous",2,"Purely linear","BRP-GABLE rule-only",TRUE,"MSE",2.18199588348477,56.3900000000001,NA,71,71,0,69,2,0,0,0,0.971830985915493,0.028169014084507,1,1.02816901408451
76,"continuous",2,"Purely linear","GABLE",TRUE,"MSE",3.68672886862323,1.31000000000017,NA,5,5,0,5,0,0,0,0,1,0,1,1
76,"continuous",2,"Purely linear","GBM",TRUE,"MSE",1.86649709909595,0.0600000000001728,NA,NA,NA,NA,NA,NA,NA,NA,NA,NA,NA,NA,NA
76,"continuous",2,"Purely linear","Linear",TRUE,"MSE",1.02669925667963,0,NA,20,0,20,20,0,0,0,0,1,0,1,1
76,"continuous",2,"Purely linear","Random forest",TRUE,"MSE",2.17010165823939,2.41999999999985,NA,NA,NA,NA,NA,NA,NA,NA,NA,NA,NA,NA,NA
76,"continuous",2,"Purely linear","RuleFit",TRUE,"MSE",1.2733150526346,33.3299999999999,NA,165,165,0,0,77,88,0,0,0,0.466666666666667,0.466666666666667,2.53333333333333
77,"continuous",2,"Purely linear","BRP-GABLE full",TRUE,"MSE",1.21283744684039,54.1300000000001,NA,15,9,6,11,4,0,0,0,0.733333333333333,0.266666666666667,1,1.26666666666667
77,"continuous",2,"Purely linear","BRP-GABLE rule-only",TRUE,"MSE",1.99987976410288,55.02,NA,64,64,0,60,4,0,0,0,0.9375,0.0625,1,1.0625
77,"continuous",2,"Purely linear","GABLE",TRUE,"MSE",3.97809937497229,1.23000000000002,NA,5,5,0,5,0,0,0,0,1,0,1,1
77,"continuous",2,"Purely linear","GBM",TRUE,"MSE",1.82387856376883,0.0399999999999636,NA,NA,NA,NA,NA,NA,NA,NA,NA,NA,NA,NA,NA
77,"continuous",2,"Purely linear","Linear",TRUE,"MSE",1.09207314743193,0,NA,20,0,20,20,0,0,0,0,1,0,1,1
77,"continuous",2,"Purely linear","Random forest",TRUE,"MSE",2.24763987912447,2.38000000000011,NA,NA,NA,NA,NA,NA,NA,NA,NA,NA,NA,NA,NA
77,"continuous",2,"Purely linear","RuleFit",TRUE,"MSE",1.32553888326866,33,NA,154,154,0,2,88,64,0,0,0.012987012987013,0.571428571428571,0.584415584415584,2.4025974025974
78,"continuous",2,"Purely linear","BRP-GABLE full",TRUE,"MSE",1.15287971976057,55.3700000000001,NA,19,12,7,19,0,0,0,0,1,0,1,1
78,"continuous",2,"Purely linear","BRP-GABLE rule-only",TRUE,"MSE",2.26067104698523,56.4200000000001,NA,64,64,0,64,0,0,0,0,1,0,1,1
78,"continuous",2,"Purely linear","GABLE",TRUE,"MSE",3.88915400961792,1.27999999999997,NA,5,5,0,5,0,0,0,0,1,0,1,1
78,"continuous",2,"Purely linear","GBM",TRUE,"MSE",1.85615780190479,0.0399999999999636,NA,NA,NA,NA,NA,NA,NA,NA,NA,NA,NA,NA,NA
78,"continuous",2,"Purely linear","Linear",TRUE,"MSE",1.06149924817676,0.0199999999999818,NA,20,0,20,20,0,0,0,0,1,0,1,1
78,"continuous",2,"Purely linear","Random forest",TRUE,"MSE",2.19423953549334,2.29999999999995,NA,NA,NA,NA,NA,NA,NA,NA,NA,NA,NA,NA,NA
78,"continuous",2,"Purely linear","RuleFit",TRUE,"MSE",1.32729441587589,33.1300000000001,NA,145,145,0,1,81,63,0,0,0.00689655172413793,0.558620689655172,0.56551724137931,2.42758620689655
79,"continuous",2,"Purely linear","BRP-GABLE full",TRUE,"MSE",1.05595770440081,55.1399999999999,NA,15,9,6,14,1,0,0,0,0.933333333333333,0.0666666666666667,1,1.06666666666667
79,"continuous",2,"Purely linear","BRP-GABLE rule-only",TRUE,"MSE",2.06306134462197,56.05,NA,66,66,0,65,1,0,0,0,0.984848484848485,0.0151515151515152,1,1.01515151515152
79,"continuous",2,"Purely linear","GABLE",TRUE,"MSE",3.99227343861857,1.26999999999998,NA,5,5,0,5,0,0,0,0,1,0,1,1
79,"continuous",2,"Purely linear","GBM",TRUE,"MSE",2.04112639369671,0.0499999999999545,NA,NA,NA,NA,NA,NA,NA,NA,NA,NA,NA,NA,NA
79,"continuous",2,"Purely linear","Linear",TRUE,"MSE",0.925486283179848,0.00999999999999091,NA,20,0,20,20,0,0,0,0,1,0,1,1
79,"continuous",2,"Purely linear","Random forest",TRUE,"MSE",2.33007171776696,2.61000000000013,NA,NA,NA,NA,NA,NA,NA,NA,NA,NA,NA,NA,NA
79,"continuous",2,"Purely linear","RuleFit",TRUE,"MSE",1.25597542771985,33.28,NA,148,148,0,0,70,78,0,0,0,0.472972972972973,0.472972972972973,2.52702702702703
80,"continuous",2,"Purely linear","BRP-GABLE full",TRUE,"MSE",1.12682349821371,54.49,NA,19,13,6,17,2,0,0,0,0.894736842105263,0.105263157894737,1,1.10526315789474
80,"continuous",2,"Purely linear","BRP-GABLE rule-only",TRUE,"MSE",1.97393477936558,55.8899999999999,NA,72,72,0,69,3,0,0,0,0.958333333333333,0.0416666666666667,1,1.04166666666667
80,"continuous",2,"Purely linear","GABLE",TRUE,"MSE",3.90756614826371,1.16999999999985,NA,5,5,0,5,0,0,0,0,1,0,1,1
80,"continuous",2,"Purely linear","GBM",TRUE,"MSE",1.77048342630431,0.0499999999999545,NA,NA,NA,NA,NA,NA,NA,NA,NA,NA,NA,NA,NA
80,"continuous",2,"Purely linear","Linear",TRUE,"MSE",1.04432600231974,0,NA,20,0,20,20,0,0,0,0,1,0,1,1
80,"continuous",2,"Purely linear","Random forest",TRUE,"MSE",2.14898206752372,2.52000000000021,NA,NA,NA,NA,NA,NA,NA,NA,NA,NA,NA,NA,NA
80,"continuous",2,"Purely linear","RuleFit",TRUE,"MSE",1.29556587867919,33.5,NA,155,155,0,2,95,58,0,0,0.0129032258064516,0.612903225806452,0.625806451612903,2.36129032258065
81,"continuous",2,"Purely linear","BRP-GABLE full",TRUE,"MSE",1.11019229062924,55.8299999999999,NA,13,7,6,10,3,0,0,0,0.769230769230769,0.230769230769231,1,1.23076923076923
81,"continuous",2,"Purely linear","BRP-GABLE rule-only",TRUE,"MSE",1.82960530925215,56.6100000000001,NA,64,64,0,60,4,0,0,0,0.9375,0.0625,1,1.0625
81,"continuous",2,"Purely linear","GABLE",TRUE,"MSE",3.8012329930763,1.28999999999996,NA,5,5,0,5,0,0,0,0,1,0,1,1
81,"continuous",2,"Purely linear","GBM",TRUE,"MSE",1.78060550410743,0.0399999999999636,NA,NA,NA,NA,NA,NA,NA,NA,NA,NA,NA,NA,NA
81,"continuous",2,"Purely linear","Linear",TRUE,"MSE",0.960655170967172,0.0199999999999818,NA,20,0,20,20,0,0,0,0,1,0,1,1
81,"continuous",2,"Purely linear","Random forest",TRUE,"MSE",2.14932426957886,2.46000000000004,NA,NA,NA,NA,NA,NA,NA,NA,NA,NA,NA,NA,NA
81,"continuous",2,"Purely linear","RuleFit",TRUE,"MSE",1.21956764798731,33.3600000000001,NA,170,170,0,0,83,87,0,0,0,0.488235294117647,0.488235294117647,2.51176470588235
82,"continuous",2,"Purely linear","BRP-GABLE full",TRUE,"MSE",1.14571138857383,54.1600000000001,NA,13,7,6,12,1,0,0,0,0.923076923076923,0.0769230769230769,1,1.07692307692308
82,"continuous",2,"Purely linear","BRP-GABLE rule-only",TRUE,"MSE",2.19159386106852,54.8999999999999,NA,61,61,0,59,2,0,0,0,0.967213114754098,0.0327868852459016,1,1.0327868852459
82,"continuous",2,"Purely linear","GABLE",TRUE,"MSE",3.94576890697209,1.30000000000018,NA,5,5,0,5,0,0,0,0,1,0,1,1
82,"continuous",2,"Purely linear","GBM",TRUE,"MSE",1.89067971301618,0.0399999999999636,NA,NA,NA,NA,NA,NA,NA,NA,NA,NA,NA,NA,NA
82,"continuous",2,"Purely linear","Linear",TRUE,"MSE",1.06876299238455,0.0199999999999818,NA,20,0,20,20,0,0,0,0,1,0,1,1
82,"continuous",2,"Purely linear","Random forest",TRUE,"MSE",2.21705059471539,2.54999999999995,NA,NA,NA,NA,NA,NA,NA,NA,NA,NA,NA,NA,NA
82,"continuous",2,"Purely linear","RuleFit",TRUE,"MSE",1.41727738080672,33.22,NA,137,137,0,0,69,68,0,0,0,0.503649635036496,0.503649635036496,2.4963503649635
83,"continuous",2,"Purely linear","BRP-GABLE full",TRUE,"MSE",1.0711367981142,54.6800000000001,NA,13,7,6,11,2,0,0,0,0.846153846153846,0.153846153846154,1,1.15384615384615
83,"continuous",2,"Purely linear","BRP-GABLE rule-only",TRUE,"MSE",2.03591346290666,55.9200000000001,NA,58,58,0,56,2,0,0,0,0.96551724137931,0.0344827586206897,1,1.03448275862069
83,"continuous",2,"Purely linear","GABLE",TRUE,"MSE",3.96745961157004,1.26999999999998,NA,5,5,0,5,0,0,0,0,1,0,1,1
83,"continuous",2,"Purely linear","GBM",TRUE,"MSE",1.80954381893661,0.0499999999999545,NA,NA,NA,NA,NA,NA,NA,NA,NA,NA,NA,NA,NA
83,"continuous",2,"Purely linear","Linear",TRUE,"MSE",1.02405998306358,0,NA,20,0,20,20,0,0,0,0,1,0,1,1
83,"continuous",2,"Purely linear","Random forest",TRUE,"MSE",2.17908156769725,2.45000000000005,NA,NA,NA,NA,NA,NA,NA,NA,NA,NA,NA,NA,NA
83,"continuous",2,"Purely linear","RuleFit",TRUE,"MSE",1.27445548598805,33,NA,149,149,0,1,74,74,0,0,0.00671140939597315,0.496644295302013,0.503355704697987,2.48993288590604
84,"continuous",2,"Purely linear","BRP-GABLE full",TRUE,"MSE",1.23327980008569,55.1900000000001,NA,10,4,6,9,1,0,0,0,0.9,0.1,1,1.1
84,"continuous",2,"Purely linear","BRP-GABLE rule-only",TRUE,"MSE",2.38628147675987,56.0399999999997,NA,71,71,0,68,3,0,0,0,0.957746478873239,0.0422535211267606,1,1.04225352112676
84,"continuous",2,"Purely linear","GABLE",TRUE,"MSE",4.08294121997404,1.24000000000001,NA,5,5,0,5,0,0,0,0,1,0,1,1
84,"continuous",2,"Purely linear","GBM",TRUE,"MSE",1.89380732710174,0.0499999999999545,NA,NA,NA,NA,NA,NA,NA,NA,NA,NA,NA,NA,NA
84,"continuous",2,"Purely linear","Linear",TRUE,"MSE",1.11290542394944,0,NA,20,0,20,20,0,0,0,0,1,0,1,1
84,"continuous",2,"Purely linear","Random forest",TRUE,"MSE",2.22151084599973,2.48000000000002,NA,NA,NA,NA,NA,NA,NA,NA,NA,NA,NA,NA,NA
84,"continuous",2,"Purely linear","RuleFit",TRUE,"MSE",1.38084872470927,33.0799999999999,NA,156,156,0,2,82,72,0,0,0.0128205128205128,0.525641025641026,0.538461538461538,2.44871794871795
85,"continuous",2,"Purely linear","BRP-GABLE full",TRUE,"MSE",1.1342254776368,53.8600000000001,NA,18,11,7,12,6,0,0,0,0.666666666666667,0.333333333333333,1,1.33333333333333
85,"continuous",2,"Purely linear","BRP-GABLE rule-only",TRUE,"MSE",1.97865566879092,54.3,NA,65,65,0,57,8,0,0,0,0.876923076923077,0.123076923076923,1,1.12307692307692
85,"continuous",2,"Purely linear","GABLE",TRUE,"MSE",4.41584199548288,1.06999999999994,NA,5,5,0,4,1,0,0,0,0.8,0.2,1,1.2
85,"continuous",2,"Purely linear","GBM",TRUE,"MSE",1.99521570957968,0.0499999999999545,NA,NA,NA,NA,NA,NA,NA,NA,NA,NA,NA,NA,NA
85,"continuous",2,"Purely linear","Linear",TRUE,"MSE",0.993871351219859,0.00999999999999091,NA,20,0,20,20,0,0,0,0,1,0,1,1
85,"continuous",2,"Purely linear","Random forest",TRUE,"MSE",2.45206678263864,2.40000000000009,NA,NA,NA,NA,NA,NA,NA,NA,NA,NA,NA,NA,NA
85,"continuous",2,"Purely linear","RuleFit",TRUE,"MSE",1.27829746373883,33.1400000000001,NA,152,152,0,2,71,79,0,0,0.0131578947368421,0.467105263157895,0.480263157894737,2.50657894736842
86,"continuous",2,"Purely linear","BRP-GABLE full",TRUE,"MSE",1.14406382188672,54.8299999999999,NA,12,6,6,9,3,0,0,0,0.75,0.25,1,1.25
86,"continuous",2,"Purely linear","BRP-GABLE rule-only",TRUE,"MSE",1.96159165679314,56.3600000000001,NA,69,69,0,65,4,0,0,0,0.942028985507246,0.0579710144927536,1,1.05797101449275
86,"continuous",2,"Purely linear","GABLE",TRUE,"MSE",3.72254200346685,1.44000000000005,NA,5,5,0,5,0,0,0,0,1,0,1,1
86,"continuous",2,"Purely linear","GBM",TRUE,"MSE",1.93813941842431,0.0299999999999727,NA,NA,NA,NA,NA,NA,NA,NA,NA,NA,NA,NA,NA
86,"continuous",2,"Purely linear","Linear",TRUE,"MSE",1.05954599518586,0.0199999999999818,NA,20,0,20,20,0,0,0,0,1,0,1,1
86,"continuous",2,"Purely linear","Random forest",TRUE,"MSE",2.24146232421558,2.45000000000005,NA,NA,NA,NA,NA,NA,NA,NA,NA,NA,NA,NA,NA
86,"continuous",2,"Purely linear","RuleFit",TRUE,"MSE",1.30752926596292,32.9699999999998,NA,149,149,0,3,64,82,0,0,0.0201342281879195,0.429530201342282,0.449664429530201,2.53020134228188
87,"continuous",2,"Purely linear","BRP-GABLE full",TRUE,"MSE",1.18874786371088,54.99,NA,12,6,6,10,2,0,0,0,0.833333333333333,0.166666666666667,1,1.16666666666667
87,"continuous",2,"Purely linear","BRP-GABLE rule-only",TRUE,"MSE",2.14360306785483,57.22,NA,61,61,0,60,1,0,0,0,0.983606557377049,0.0163934426229508,1,1.01639344262295
87,"continuous",2,"Purely linear","GABLE",TRUE,"MSE",3.88351537131101,1.26999999999998,NA,5,5,0,5,0,0,0,0,1,0,1,1
87,"continuous",2,"Purely linear","GBM",TRUE,"MSE",1.97446764531339,0.040000000000191,NA,NA,NA,NA,NA,NA,NA,NA,NA,NA,NA,NA,NA
87,"continuous",2,"Purely linear","Linear",TRUE,"MSE",1.08978231754955,0.0199999999999818,NA,20,0,20,20,0,0,0,0,1,0,1,1
87,"continuous",2,"Purely linear","Random forest",TRUE,"MSE",2.39926240521735,2.3599999999999,NA,NA,NA,NA,NA,NA,NA,NA,NA,NA,NA,NA,NA
87,"continuous",2,"Purely linear","RuleFit",TRUE,"MSE",1.46870325814794,33.3700000000001,NA,138,138,0,1,77,60,0,0,0.0072463768115942,0.557971014492754,0.565217391304348,2.42753623188406
88,"continuous",2,"Purely linear","BRP-GABLE full",TRUE,"MSE",1.03586966824682,54.6999999999998,NA,15,9,6,15,0,0,0,0,1,0,1,1
88,"continuous",2,"Purely linear","BRP-GABLE rule-only",TRUE,"MSE",1.92664212114217,55.9100000000001,NA,69,69,0,67,2,0,0,0,0.971014492753623,0.0289855072463768,1,1.02898550724638
88,"continuous",2,"Purely linear","GABLE",TRUE,"MSE",3.8316775434848,1.28999999999996,NA,5,5,0,5,0,0,0,0,1,0,1,1
88,"continuous",2,"Purely linear","GBM",TRUE,"MSE",1.73027544145645,0.0500000000001819,NA,NA,NA,NA,NA,NA,NA,NA,NA,NA,NA,NA,NA
88,"continuous",2,"Purely linear","Linear",TRUE,"MSE",0.969312744238989,0,NA,20,0,20,20,0,0,0,0,1,0,1,1
88,"continuous",2,"Purely linear","Random forest",TRUE,"MSE",2.10915680061155,2.34999999999991,NA,NA,NA,NA,NA,NA,NA,NA,NA,NA,NA,NA,NA
88,"continuous",2,"Purely linear","RuleFit",TRUE,"MSE",1.15818038220441,34.3,NA,158,158,0,5,83,70,0,0,0.0316455696202532,0.525316455696203,0.556962025316456,2.41139240506329
89,"continuous",2,"Purely linear","BRP-GABLE full",TRUE,"MSE",1.11888822967576,54.4000000000001,NA,11,5,6,10,1,0,0,0,0.909090909090909,0.0909090909090909,1,1.09090909090909
89,"continuous",2,"Purely linear","BRP-GABLE rule-only",TRUE,"MSE",1.99803669357966,55.6400000000001,NA,71,71,0,66,5,0,0,0,0.929577464788732,0.0704225352112676,1,1.07042253521127
89,"continuous",2,"Purely linear","GABLE",TRUE,"MSE",3.98196292761458,1.25999999999999,NA,5,5,0,5,0,0,0,0,1,0,1,1
89,"continuous",2,"Purely linear","GBM",TRUE,"MSE",1.7395137070925,0.0500000000001819,NA,NA,NA,NA,NA,NA,NA,NA,NA,NA,NA,NA,NA
89,"continuous",2,"Purely linear","Linear",TRUE,"MSE",1.02712520027695,0,NA,20,0,20,20,0,0,0,0,1,0,1,1
89,"continuous",2,"Purely linear","Random forest",TRUE,"MSE",2.03668455991126,2.5,NA,NA,NA,NA,NA,NA,NA,NA,NA,NA,NA,NA,NA
89,"continuous",2,"Purely linear","RuleFit",TRUE,"MSE",1.27561716149264,32.8299999999999,NA,203,203,0,4,103,96,0,0,0.0197044334975369,0.507389162561576,0.527093596059113,2.45320197044335
90,"continuous",2,"Purely linear","BRP-GABLE full",TRUE,"MSE",1.10711746756558,54.24,NA,20,14,6,17,3,0,0,0,0.85,0.15,1,1.15
90,"continuous",2,"Purely linear","BRP-GABLE rule-only",TRUE,"MSE",1.94692771408433,54.7300000000002,NA,60,60,0,57,3,0,0,0,0.95,0.05,1,1.05
90,"continuous",2,"Purely linear","GABLE",TRUE,"MSE",4.18212680011663,0.949999999999818,NA,5,5,0,4,1,0,0,0,0.8,0.2,1,1.2
90,"continuous",2,"Purely linear","GBM",TRUE,"MSE",1.84179126921263,0.0299999999999727,NA,NA,NA,NA,NA,NA,NA,NA,NA,NA,NA,NA,NA
90,"continuous",2,"Purely linear","Linear",TRUE,"MSE",0.952527174339167,0,NA,20,0,20,20,0,0,0,0,1,0,1,1
90,"continuous",2,"Purely linear","Random forest",TRUE,"MSE",2.19586963002673,2.3900000000001,NA,NA,NA,NA,NA,NA,NA,NA,NA,NA,NA,NA,NA
90,"continuous",2,"Purely linear","RuleFit",TRUE,"MSE",1.27260941183733,33.72,NA,147,147,0,0,84,63,0,0,0,0.571428571428571,0.571428571428571,2.42857142857143
91,"continuous",2,"Purely linear","BRP-GABLE full",TRUE,"MSE",1.15602827559615,55.3499999999999,NA,12,6,6,11,1,0,0,0,0.916666666666667,0.0833333333333333,1,1.08333333333333
91,"continuous",2,"Purely linear","BRP-GABLE rule-only",TRUE,"MSE",1.9595977244394,56.5799999999999,NA,78,78,0,77,1,0,0,0,0.987179487179487,0.0128205128205128,1,1.01282051282051
91,"continuous",2,"Purely linear","GABLE",TRUE,"MSE",4.19464452012987,1.20000000000005,NA,5,5,0,5,0,0,0,0,1,0,1,1
91,"continuous",2,"Purely linear","GBM",TRUE,"MSE",1.94793403599147,0.0399999999999636,NA,NA,NA,NA,NA,NA,NA,NA,NA,NA,NA,NA,NA
91,"continuous",2,"Purely linear","Linear",TRUE,"MSE",1.02426365287016,0,NA,20,0,20,20,0,0,0,0,1,0,1,1
91,"continuous",2,"Purely linear","Random forest",TRUE,"MSE",2.25143048535534,2.54999999999995,NA,NA,NA,NA,NA,NA,NA,NA,NA,NA,NA,NA,NA
91,"continuous",2,"Purely linear","RuleFit",TRUE,"MSE",1.36125325606815,33.3899999999999,NA,152,152,0,2,82,68,0,0,0.0131578947368421,0.539473684210526,0.552631578947368,2.43421052631579
92,"continuous",2,"Purely linear","BRP-GABLE full",TRUE,"MSE",1.15518075086134,54.28,NA,15,9,6,13,2,0,0,0,0.866666666666667,0.133333333333333,1,1.13333333333333
92,"continuous",2,"Purely linear","BRP-GABLE rule-only",TRUE,"MSE",2.00042902510272,55.51,NA,75,75,0,73,2,0,0,0,0.973333333333333,0.0266666666666667,1,1.02666666666667
92,"continuous",2,"Purely linear","GABLE",TRUE,"MSE",3.79319429940497,1.32999999999993,NA,5,5,0,5,0,0,0,0,1,0,1,1
92,"continuous",2,"Purely linear","GBM",TRUE,"MSE",1.955916400568,0.0299999999999727,NA,NA,NA,NA,NA,NA,NA,NA,NA,NA,NA,NA,NA
92,"continuous",2,"Purely linear","Linear",TRUE,"MSE",1.03317648419345,0,NA,20,0,20,20,0,0,0,0,1,0,1,1
92,"continuous",2,"Purely linear","Random forest",TRUE,"MSE",2.30066172613792,2.3900000000001,NA,NA,NA,NA,NA,NA,NA,NA,NA,NA,NA,NA,NA
92,"continuous",2,"Purely linear","RuleFit",TRUE,"MSE",1.38830191895177,33.45,NA,127,127,0,1,49,77,0,0,0.0078740157480315,0.385826771653543,0.393700787401575,2.59842519685039
93,"continuous",2,"Purely linear","BRP-GABLE full",TRUE,"MSE",1.08995733395822,54.4499999999998,NA,12,6,6,9,3,0,0,0,0.75,0.25,1,1.25
93,"continuous",2,"Purely linear","BRP-GABLE rule-only",TRUE,"MSE",1.88640465507649,55.7099999999998,NA,52,52,0,47,5,0,0,0,0.903846153846154,0.0961538461538462,1,1.09615384615385
93,"continuous",2,"Purely linear","GABLE",TRUE,"MSE",3.73235332237123,1.16000000000008,NA,5,5,0,5,0,0,0,0,1,0,1,1
93,"continuous",2,"Purely linear","GBM",TRUE,"MSE",1.81352800022131,0.0599999999999454,NA,NA,NA,NA,NA,NA,NA,NA,NA,NA,NA,NA,NA
93,"continuous",2,"Purely linear","Linear",TRUE,"MSE",0.979210005839431,0,NA,20,0,20,20,0,0,0,0,1,0,1,1
93,"continuous",2,"Purely linear","Random forest",TRUE,"MSE",2.16068437566184,2.39999999999986,NA,NA,NA,NA,NA,NA,NA,NA,NA,NA,NA,NA,NA
93,"continuous",2,"Purely linear","RuleFit",TRUE,"MSE",1.25793317048424,33.45,NA,177,177,0,1,90,86,0,0,0.00564971751412429,0.508474576271186,0.514124293785311,2.48022598870056
94,"continuous",2,"Purely linear","BRP-GABLE full",TRUE,"MSE",1.10269644576121,53.4900000000002,NA,11,5,6,8,3,0,0,0,0.727272727272727,0.272727272727273,1,1.27272727272727
94,"continuous",2,"Purely linear","BRP-GABLE rule-only",TRUE,"MSE",1.85870230536342,54.95,NA,77,77,0,74,3,0,0,0,0.961038961038961,0.038961038961039,1,1.03896103896104
94,"continuous",2,"Purely linear","GABLE",TRUE,"MSE",3.78328259193595,1.20000000000005,NA,5,5,0,5,0,0,0,0,1,0,1,1
94,"continuous",2,"Purely linear","GBM",TRUE,"MSE",1.77431826626641,0.0299999999999727,NA,NA,NA,NA,NA,NA,NA,NA,NA,NA,NA,NA,NA
94,"continuous",2,"Purely linear","Linear",TRUE,"MSE",1.02204395322429,0,NA,20,0,20,20,0,0,0,0,1,0,1,1
94,"continuous",2,"Purely linear","Random forest",TRUE,"MSE",2.10747272241883,2.52999999999997,NA,NA,NA,NA,NA,NA,NA,NA,NA,NA,NA,NA,NA
94,"continuous",2,"Purely linear","RuleFit",TRUE,"MSE",1.30129902371249,33.25,NA,173,173,0,1,92,80,0,0,0.00578034682080925,0.531791907514451,0.53757225433526,2.45664739884393
95,"continuous",2,"Purely linear","BRP-GABLE full",TRUE,"MSE",1.19794701103947,55.4400000000001,NA,12,6,6,11,1,0,0,0,0.916666666666667,0.0833333333333333,1,1.08333333333333
95,"continuous",2,"Purely linear","BRP-GABLE rule-only",TRUE,"MSE",2.13364264932539,56.9000000000001,NA,64,64,0,63,1,0,0,0,0.984375,0.015625,1,1.015625
95,"continuous",2,"Purely linear","GABLE",TRUE,"MSE",4.0080006640503,1.33000000000015,NA,5,5,0,5,0,0,0,0,1,0,1,1
95,"continuous",2,"Purely linear","GBM",TRUE,"MSE",2.00479811645847,0.0499999999999545,NA,NA,NA,NA,NA,NA,NA,NA,NA,NA,NA,NA,NA
95,"continuous",2,"Purely linear","Linear",TRUE,"MSE",0.968835702972697,0,NA,20,0,20,20,0,0,0,0,1,0,1,1
95,"continuous",2,"Purely linear","Random forest",TRUE,"MSE",2.49000526913796,2.3599999999999,NA,NA,NA,NA,NA,NA,NA,NA,NA,NA,NA,NA,NA
95,"continuous",2,"Purely linear","RuleFit",TRUE,"MSE",1.4546732952678,32.7099999999998,NA,113,113,0,0,50,63,0,0,0,0.442477876106195,0.442477876106195,2.55752212389381
96,"continuous",2,"Purely linear","BRP-GABLE full",TRUE,"MSE",1.12508494931645,54.9199999999998,NA,10,4,6,9,1,0,0,0,0.9,0.1,1,1.1
96,"continuous",2,"Purely linear","BRP-GABLE rule-only",TRUE,"MSE",2.09753432959426,56.46,NA,78,78,0,76,2,0,0,0,0.974358974358974,0.0256410256410256,1,1.02564102564103
96,"continuous",2,"Purely linear","GABLE",TRUE,"MSE",3.82065225176824,1.24000000000001,NA,5,5,0,5,0,0,0,0,1,0,1,1
96,"continuous",2,"Purely linear","GBM",TRUE,"MSE",1.84172648872914,0.0499999999999545,NA,NA,NA,NA,NA,NA,NA,NA,NA,NA,NA,NA,NA
96,"continuous",2,"Purely linear","Linear",TRUE,"MSE",0.998420406219998,0,NA,20,0,20,20,0,0,0,0,1,0,1,1
96,"continuous",2,"Purely linear","Random forest",TRUE,"MSE",2.25049672118233,2.62000000000012,NA,NA,NA,NA,NA,NA,NA,NA,NA,NA,NA,NA,NA
96,"continuous",2,"Purely linear","RuleFit",TRUE,"MSE",1.32657545625539,33.53,NA,154,154,0,0,81,73,0,0,0,0.525974025974026,0.525974025974026,2.47402597402597
97,"continuous",2,"Purely linear","BRP-GABLE full",TRUE,"MSE",1.06986756113237,54.1099999999999,NA,18,12,6,16,2,0,0,0,0.888888888888889,0.111111111111111,1,1.11111111111111
97,"continuous",2,"Purely linear","BRP-GABLE rule-only",TRUE,"MSE",2.11044436719391,54.4300000000001,NA,67,67,0,62,5,0,0,0,0.925373134328358,0.0746268656716418,1,1.07462686567164
97,"continuous",2,"Purely linear","GABLE",TRUE,"MSE",4.09203734377232,1.20000000000005,NA,5,5,0,5,0,0,0,0,1,0,1,1
97,"continuous",2,"Purely linear","GBM",TRUE,"MSE",1.96987395571523,0.0399999999999636,NA,NA,NA,NA,NA,NA,NA,NA,NA,NA,NA,NA,NA
97,"continuous",2,"Purely linear","Linear",TRUE,"MSE",1.00576388827638,0.0199999999999818,NA,20,0,20,20,0,0,0,0,1,0,1,1
97,"continuous",2,"Purely linear","Random forest",TRUE,"MSE",2.33961278270096,2.38000000000011,NA,NA,NA,NA,NA,NA,NA,NA,NA,NA,NA,NA,NA
97,"continuous",2,"Purely linear","RuleFit",TRUE,"MSE",1.30876835336185,32.3799999999999,NA,148,148,0,3,74,71,0,0,0.0202702702702703,0.5,0.52027027027027,2.45945945945946
98,"continuous",2,"Purely linear","BRP-GABLE full",TRUE,"MSE",1.12459635461519,52.8700000000001,NA,17,9,8,15,2,0,0,0,0.882352941176471,0.117647058823529,1,1.11764705882353
98,"continuous",2,"Purely linear","BRP-GABLE rule-only",TRUE,"MSE",2.07445553735882,55.7600000000002,NA,70,70,0,65,5,0,0,0,0.928571428571429,0.0714285714285714,1,1.07142857142857
98,"continuous",2,"Purely linear","GABLE",TRUE,"MSE",4.0074691958288,1.27999999999997,NA,5,5,0,5,0,0,0,0,1,0,1,1
98,"continuous",2,"Purely linear","GBM",TRUE,"MSE",1.80507225188254,0.0499999999999545,NA,NA,NA,NA,NA,NA,NA,NA,NA,NA,NA,NA,NA
98,"continuous",2,"Purely linear","Linear",TRUE,"MSE",1.0250152981957,0,NA,20,0,20,20,0,0,0,0,1,0,1,1
98,"continuous",2,"Purely linear","Random forest",TRUE,"MSE",2.22135970698699,2.30999999999995,NA,NA,NA,NA,NA,NA,NA,NA,NA,NA,NA,NA,NA
98,"continuous",2,"Purely linear","RuleFit",TRUE,"MSE",1.39153028207013,28.76,NA,148,148,0,4,76,68,0,0,0.027027027027027,0.513513513513513,0.540540540540541,2.43243243243243
99,"continuous",2,"Purely linear","BRP-GABLE full",TRUE,"MSE",1.07331604940176,51.8600000000001,NA,12,6,6,10,2,0,0,0,0.833333333333333,0.166666666666667,1,1.16666666666667
99,"continuous",2,"Purely linear","BRP-GABLE rule-only",TRUE,"MSE",1.8888994677237,52.2100000000003,NA,78,78,0,72,6,0,0,0,0.923076923076923,0.0769230769230769,1,1.07692307692308
99,"continuous",2,"Purely linear","GABLE",TRUE,"MSE",3.91841470967779,1.18000000000006,NA,5,5,0,5,0,0,0,0,1,0,1,1
99,"continuous",2,"Purely linear","GBM",TRUE,"MSE",1.84303249197638,0.0399999999999636,NA,NA,NA,NA,NA,NA,NA,NA,NA,NA,NA,NA,NA
99,"continuous",2,"Purely linear","Linear",TRUE,"MSE",1.00918770991973,0.00999999999999091,NA,20,0,20,20,0,0,0,0,1,0,1,1
99,"continuous",2,"Purely linear","Random forest",TRUE,"MSE",2.15784501776136,2.09999999999991,NA,NA,NA,NA,NA,NA,NA,NA,NA,NA,NA,NA,NA
99,"continuous",2,"Purely linear","RuleFit",TRUE,"MSE",1.24233519866852,24.25,NA,136,136,0,0,75,61,0,0,0,0.551470588235294,0.551470588235294,2.44852941176471
100,"continuous",2,"Purely linear","BRP-GABLE full",TRUE,"MSE",1.12275287136673,48.1400000000001,NA,16,10,6,15,1,0,0,0,0.9375,0.0625,1,1.0625
100,"continuous",2,"Purely linear","BRP-GABLE rule-only",TRUE,"MSE",2.26935310476628,49.03,NA,65,65,0,64,1,0,0,0,0.984615384615385,0.0153846153846154,1,1.01538461538462
100,"continuous",2,"Purely linear","GABLE",TRUE,"MSE",4.13642486135688,0.940000000000055,NA,5,5,0,5,0,0,0,0,1,0,1,1
100,"continuous",2,"Purely linear","GBM",TRUE,"MSE",1.97657523699694,0.0399999999999636,NA,NA,NA,NA,NA,NA,NA,NA,NA,NA,NA,NA,NA
100,"continuous",2,"Purely linear","Linear",TRUE,"MSE",1.00145517957663,0,NA,20,0,20,20,0,0,0,0,1,0,1,1
100,"continuous",2,"Purely linear","Random forest",TRUE,"MSE",2.4302419234415,1.90000000000009,NA,NA,NA,NA,NA,NA,NA,NA,NA,NA,NA,NA,NA
100,"continuous",2,"Purely linear","RuleFit",TRUE,"MSE",1.37388724078441,18.03,NA,150,150,0,1,82,67,0,0,0.00666666666666667,0.546666666666667,0.553333333333333,2.44
1,"continuous",3,"Mixed linear and rule-based","BRP-GABLE full",TRUE,"MSE",1.1301751811417,55.41,NA,37,29,8,36,1,0,0,0,0.972972972972973,0.027027027027027,1,1.02702702702703
1,"continuous",3,"Mixed linear and rule-based","BRP-GABLE rule-only",TRUE,"MSE",1.63217694996313,55.89,NA,55,55,0,53,2,0,0,0,0.963636363636364,0.0363636363636364,1,1.03636363636364
1,"continuous",3,"Mixed linear and rule-based","GABLE",TRUE,"MSE",2.24215609785421,1.42,NA,5,5,0,5,0,0,0,0,1,0,1,1
1,"continuous",3,"Mixed linear and rule-based","GBM",TRUE,"MSE",1.55515747196568,0.0499999999999972,NA,NA,NA,NA,NA,NA,NA,NA,NA,NA,NA,NA,NA
1,"continuous",3,"Mixed linear and rule-based","Linear",TRUE,"MSE",1.53336725537755,0.00999999999999801,NA,20,0,20,20,0,0,0,0,1,0,1,1
1,"continuous",3,"Mixed linear and rule-based","Random forest",TRUE,"MSE",1.68948201920717,2.5,NA,NA,NA,NA,NA,NA,NA,NA,NA,NA,NA,NA,NA
1,"continuous",3,"Mixed linear and rule-based","RuleFit",TRUE,"MSE",1.22060109473245,36.21,NA,131,131,0,1,73,57,0,0,0.00763358778625954,0.557251908396947,0.564885496183206,2.42748091603053
2,"continuous",3,"Mixed linear and rule-based","BRP-GABLE full",TRUE,"MSE",1.27495873939756,55.78,NA,38,30,8,34,4,0,0,0,0.894736842105263,0.105263157894737,1,1.10526315789474
2,"continuous",3,"Mixed linear and rule-based","BRP-GABLE rule-only",TRUE,"MSE",1.77473779171198,56.29,NA,50,50,0,46,4,0,0,0,0.92,0.08,1,1.08
2,"continuous",3,"Mixed linear and rule-based","GABLE",TRUE,"MSE",2.53792483776742,1.33,NA,5,5,0,5,0,0,0,0,1,0,1,1
2,"continuous",3,"Mixed linear and rule-based","GBM",TRUE,"MSE",1.65966163298998,0.0700000000000003,NA,NA,NA,NA,NA,NA,NA,NA,NA,NA,NA,NA,NA
2,"continuous",3,"Mixed linear and rule-based","Linear",TRUE,"MSE",1.5903436757847,0,NA,20,0,20,20,0,0,0,0,1,0,1,1
2,"continuous",3,"Mixed linear and rule-based","Random forest",TRUE,"MSE",1.79554193653439,2.67,NA,NA,NA,NA,NA,NA,NA,NA,NA,NA,NA,NA,NA
2,"continuous",3,"Mixed linear and rule-based","RuleFit",TRUE,"MSE",1.29467212646443,35.73,NA,128,128,0,0,83,45,0,0,0,0.6484375,0.6484375,2.3515625
3,"continuous",3,"Mixed linear and rule-based","BRP-GABLE full",TRUE,"MSE",1.19258216377765,54.88,NA,40,32,8,35,5,0,0,0,0.875,0.125,1,1.125
3,"continuous",3,"Mixed linear and rule-based","BRP-GABLE rule-only",TRUE,"MSE",1.58532222574837,56.35,NA,56,56,0,52,4,0,0,0,0.928571428571429,0.0714285714285714,1,1.07142857142857
3,"continuous",3,"Mixed linear and rule-based","GABLE",TRUE,"MSE",2.29561130612047,1.45,NA,5,5,0,5,0,0,0,0,1,0,1,1
3,"continuous",3,"Mixed linear and rule-based","GBM",TRUE,"MSE",1.6011705814189,0.0500000000000043,NA,NA,NA,NA,NA,NA,NA,NA,NA,NA,NA,NA,NA
3,"continuous",3,"Mixed linear and rule-based","Linear",TRUE,"MSE",1.73469846519179,0.019999999999996,NA,20,0,20,20,0,0,0,0,1,0,1,1
3,"continuous",3,"Mixed linear and rule-based","Random forest",TRUE,"MSE",1.75522869630868,2.53,NA,NA,NA,NA,NA,NA,NA,NA,NA,NA,NA,NA,NA
3,"continuous",3,"Mixed linear and rule-based","RuleFit",TRUE,"MSE",1.25768782768557,35.38,NA,128,128,0,0,82,46,0,0,0,0.640625,0.640625,2.359375
4,"continuous",3,"Mixed linear and rule-based","BRP-GABLE full",TRUE,"MSE",1.17500609993222,54.52,NA,42,35,7,40,2,0,0,0,0.952380952380952,0.0476190476190476,1,1.04761904761905
4,"continuous",3,"Mixed linear and rule-based","BRP-GABLE rule-only",TRUE,"MSE",1.58647076403622,54.81,NA,63,63,0,61,2,0,0,0,0.968253968253968,0.0317460317460317,1,1.03174603174603
4,"continuous",3,"Mixed linear and rule-based","GABLE",TRUE,"MSE",2.41264185799995,1.33,NA,5,5,0,4,1,0,0,0,0.8,0.2,1,1.2
4,"continuous",3,"Mixed linear and rule-based","GBM",TRUE,"MSE",1.6215208941684,0.0499999999999972,NA,NA,NA,NA,NA,NA,NA,NA,NA,NA,NA,NA,NA
4,"continuous",3,"Mixed linear and rule-based","Linear",TRUE,"MSE",1.58096116637241,0.00999999999999801,NA,20,0,20,20,0,0,0,0,1,0,1,1
4,"continuous",3,"Mixed linear and rule-based","Random forest",TRUE,"MSE",1.72260394804494,2.64,NA,NA,NA,NA,NA,NA,NA,NA,NA,NA,NA,NA,NA
4,"continuous",3,"Mixed linear and rule-based","RuleFit",TRUE,"MSE",1.21957781675762,35.16,NA,152,152,0,3,91,58,0,0,0.0197368421052632,0.598684210526316,0.618421052631579,2.36184210526316
5,"continuous",3,"Mixed linear and rule-based","BRP-GABLE full",TRUE,"MSE",1.18902181841045,55.98,NA,40,32,8,39,1,0,0,0,0.975,0.025,1,1.025
5,"continuous",3,"Mixed linear and rule-based","BRP-GABLE rule-only",TRUE,"MSE",1.74108454508239,56.22,NA,63,63,0,62,1,0,0,0,0.984126984126984,0.0158730158730159,1,1.01587301587302
5,"continuous",3,"Mixed linear and rule-based","GABLE",TRUE,"MSE",2.29779056967354,1.35,NA,5,5,0,5,0,0,0,0,1,0,1,1
5,"continuous",3,"Mixed linear and rule-based","GBM",TRUE,"MSE",1.59865991481931,0.0399999999999991,NA,NA,NA,NA,NA,NA,NA,NA,NA,NA,NA,NA,NA
5,"continuous",3,"Mixed linear and rule-based","Linear",TRUE,"MSE",1.47461962337049,0,NA,20,0,20,20,0,0,0,0,1,0,1,1
5,"continuous",3,"Mixed linear and rule-based","Random forest",TRUE,"MSE",1.76234410584617,2.55,NA,NA,NA,NA,NA,NA,NA,NA,NA,NA,NA,NA,NA
5,"continuous",3,"Mixed linear and rule-based","RuleFit",TRUE,"MSE",1.24586772410704,36.59,NA,140,140,0,0,66,74,0,0,0,0.471428571428571,0.471428571428571,2.52857142857143
6,"continuous",3,"Mixed linear and rule-based","BRP-GABLE full",TRUE,"MSE",1.1900834952585,56.39,NA,47,39,8,44,3,0,0,0,0.936170212765957,0.0638297872340425,1,1.06382978723404
6,"continuous",3,"Mixed linear and rule-based","BRP-GABLE rule-only",TRUE,"MSE",1.54064836270045,56.31,NA,75,75,0,72,3,0,0,0,0.96,0.04,1,1.04
6,"continuous",3,"Mixed linear and rule-based","GABLE",TRUE,"MSE",2.41507487460877,1.38999999999999,NA,5,5,0,5,0,0,0,0,1,0,1,1
6,"continuous",3,"Mixed linear and rule-based","GBM",TRUE,"MSE",1.69941425863162,0.0500000000000114,NA,NA,NA,NA,NA,NA,NA,NA,NA,NA,NA,NA,NA
6,"continuous",3,"Mixed linear and rule-based","Linear",TRUE,"MSE",1.71058586873966,0.0300000000000011,NA,20,0,20,20,0,0,0,0,1,0,1,1
6,"continuous",3,"Mixed linear and rule-based","Random forest",TRUE,"MSE",1.83675841766844,2.28,NA,NA,NA,NA,NA,NA,NA,NA,NA,NA,NA,NA,NA
6,"continuous",3,"Mixed linear and rule-based","RuleFit",TRUE,"MSE",1.28849237746487,31.75,NA,140,140,0,0,87,53,0,0,0,0.621428571428571,0.621428571428571,2.37857142857143
7,"continuous",3,"Mixed linear and rule-based","BRP-GABLE full",TRUE,"MSE",1.11041007693284,54.42,NA,38,31,7,37,1,0,0,0,0.973684210526316,0.0263157894736842,1,1.02631578947368
7,"continuous",3,"Mixed linear and rule-based","BRP-GABLE rule-only",TRUE,"MSE",1.70739110360315,54.55,NA,48,48,0,46,2,0,0,0,0.958333333333333,0.0416666666666667,1,1.04166666666667
7,"continuous",3,"Mixed linear and rule-based","GABLE",TRUE,"MSE",2.41204087703548,1.41,NA,5,5,0,5,0,0,0,0,1,0,1,1
7,"continuous",3,"Mixed linear and rule-based","GBM",TRUE,"MSE",1.46218131772979,0.0499999999999829,NA,NA,NA,NA,NA,NA,NA,NA,NA,NA,NA,NA,NA
7,"continuous",3,"Mixed linear and rule-based","Linear",TRUE,"MSE",1.59145309517507,0.0300000000000011,NA,20,0,20,20,0,0,0,0,1,0,1,1
7,"continuous",3,"Mixed linear and rule-based","Random forest",TRUE,"MSE",1.59310912991423,2.28,NA,NA,NA,NA,NA,NA,NA,NA,NA,NA,NA,NA,NA
7,"continuous",3,"Mixed linear and rule-based","RuleFit",TRUE,"MSE",1.11142879500905,31.48,NA,130,130,0,0,88,42,0,0,0,0.676923076923077,0.676923076923077,2.32307692307692
8,"continuous",3,"Mixed linear and rule-based","BRP-GABLE full",TRUE,"MSE",1.23235479613964,55.53,NA,52,44,8,49,3,0,0,0,0.942307692307692,0.0576923076923077,1,1.05769230769231
8,"continuous",3,"Mixed linear and rule-based","BRP-GABLE rule-only",TRUE,"MSE",1.76215754942842,55.99,NA,57,57,0,54,3,0,0,0,0.947368421052632,0.0526315789473684,1,1.05263157894737
8,"continuous",3,"Mixed linear and rule-based","GABLE",TRUE,"MSE",2.34534617411757,1.41,NA,5,5,0,5,0,0,0,0,1,0,1,1
8,"continuous",3,"Mixed linear and rule-based","GBM",TRUE,"MSE",1.71868426546227,0.0499999999999829,NA,NA,NA,NA,NA,NA,NA,NA,NA,NA,NA,NA,NA
8,"continuous",3,"Mixed linear and rule-based","Linear",TRUE,"MSE",1.56419132180893,0.0300000000000011,NA,20,0,20,20,0,0,0,0,1,0,1,1
8,"continuous",3,"Mixed linear and rule-based","Random forest",TRUE,"MSE",1.84711963322558,2.31,NA,NA,NA,NA,NA,NA,NA,NA,NA,NA,NA,NA,NA
8,"continuous",3,"Mixed linear and rule-based","RuleFit",TRUE,"MSE",1.26663621219671,33.54,NA,148,148,0,0,72,76,0,0,0,0.486486486486487,0.486486486486487,2.51351351351351
9,"continuous",3,"Mixed linear and rule-based","BRP-GABLE full",TRUE,"MSE",1.19019388389208,55.25,NA,36,29,7,35,1,0,0,0,0.972222222222222,0.0277777777777778,1,1.02777777777778
9,"continuous",3,"Mixed linear and rule-based","BRP-GABLE rule-only",TRUE,"MSE",1.63187859196487,55.41,NA,50,50,0,49,1,0,0,0,0.98,0.02,1,1.02
9,"continuous",3,"Mixed linear and rule-based","GABLE",TRUE,"MSE",2.30004637543492,1.21000000000001,NA,5,5,0,5,0,0,0,0,1,0,1,1
9,"continuous",3,"Mixed linear and rule-based","GBM",TRUE,"MSE",1.52177565351531,0.0600000000000023,NA,NA,NA,NA,NA,NA,NA,NA,NA,NA,NA,NA,NA
9,"continuous",3,"Mixed linear and rule-based","Linear",TRUE,"MSE",1.58359366749959,0.0300000000000011,NA,20,0,20,20,0,0,0,0,1,0,1,1
9,"continuous",3,"Mixed linear and rule-based","Random forest",TRUE,"MSE",1.70139535309646,2.28,NA,NA,NA,NA,NA,NA,NA,NA,NA,NA,NA,NA,NA
9,"continuous",3,"Mixed linear and rule-based","RuleFit",TRUE,"MSE",1.25207145000729,33.09,NA,153,153,0,1,95,57,0,0,0.0065359477124183,0.620915032679739,0.627450980392157,2.36601307189542
10,"continuous",3,"Mixed linear and rule-based","BRP-GABLE full",TRUE,"MSE",1.32218656141421,54.73,NA,43,35,8,40,3,0,0,0,0.930232558139535,0.0697674418604651,1,1.06976744186047
10,"continuous",3,"Mixed linear and rule-based","BRP-GABLE rule-only",TRUE,"MSE",1.86079134227077,55.53,NA,40,40,0,37,3,0,0,0,0.925,0.075,1,1.075
10,"continuous",3,"Mixed linear and rule-based","GABLE",TRUE,"MSE",2.2701957608766,1.30999999999997,NA,5,5,0,5,0,0,0,0,1,0,1,1
10,"continuous",3,"Mixed linear and rule-based","GBM",TRUE,"MSE",1.63919259557745,0.0600000000000023,NA,NA,NA,NA,NA,NA,NA,NA,NA,NA,NA,NA,NA
10,"continuous",3,"Mixed linear and rule-based","Linear",TRUE,"MSE",1.68865895815964,0.039999999999992,NA,20,0,20,20,0,0,0,0,1,0,1,1
10,"continuous",3,"Mixed linear and rule-based","Random forest",TRUE,"MSE",1.72051145762697,2.30000000000001,NA,NA,NA,NA,NA,NA,NA,NA,NA,NA,NA,NA,NA
10,"continuous",3,"Mixed linear and rule-based","RuleFit",TRUE,"MSE",1.26596730751935,33.17,NA,140,140,0,1,75,64,0,0,0.00714285714285714,0.535714285714286,0.542857142857143,2.45
11,"continuous",3,"Mixed linear and rule-based","BRP-GABLE full",TRUE,"MSE",1.21894066658288,53.93,NA,34,26,8,31,3,0,0,0,0.911764705882353,0.0882352941176471,1,1.08823529411765
11,"continuous",3,"Mixed linear and rule-based","BRP-GABLE rule-only",TRUE,"MSE",1.76639602922276,54.01,NA,42,42,0,38,4,0,0,0,0.904761904761905,0.0952380952380952,1,1.0952380952381
11,"continuous",3,"Mixed linear and rule-based","GABLE",TRUE,"MSE",2.26418057369837,1.32999999999998,NA,5,5,0,5,0,0,0,0,1,0,1,1
11,"continuous",3,"Mixed linear and rule-based","GBM",TRUE,"MSE",1.59599069404815,0.0500000000000114,NA,NA,NA,NA,NA,NA,NA,NA,NA,NA,NA,NA,NA
11,"continuous",3,"Mixed linear and rule-based","Linear",TRUE,"MSE",1.56154050835655,0,NA,20,0,20,20,0,0,0,0,1,0,1,1
11,"continuous",3,"Mixed linear and rule-based","Random forest",TRUE,"MSE",1.72273516026489,2.31,NA,NA,NA,NA,NA,NA,NA,NA,NA,NA,NA,NA,NA
11,"continuous",3,"Mixed linear and rule-based","RuleFit",TRUE,"MSE",1.27892079676776,31.08,NA,146,146,0,1,92,53,0,0,0.00684931506849315,0.63013698630137,0.636986301369863,2.35616438356164
12,"continuous",3,"Mixed linear and rule-based","BRP-GABLE full",TRUE,"MSE",1.06134276268646,55.5,NA,40,33,7,35,5,0,0,0,0.875,0.125,1,1.125
12,"continuous",3,"Mixed linear and rule-based","BRP-GABLE rule-only",TRUE,"MSE",1.39070111020498,55.28,NA,58,58,0,53,5,0,0,0,0.913793103448276,0.0862068965517241,1,1.08620689655172
12,"continuous",3,"Mixed linear and rule-based","GABLE",TRUE,"MSE",2.16381258112025,1.20999999999998,NA,5,5,0,5,0,0,0,0,1,0,1,1
12,"continuous",3,"Mixed linear and rule-based","GBM",TRUE,"MSE",1.4653669536448,0.0499999999999829,NA,NA,NA,NA,NA,NA,NA,NA,NA,NA,NA,NA,NA
12,"continuous",3,"Mixed linear and rule-based","Linear",TRUE,"MSE",1.49761792683461,0,NA,20,0,20,20,0,0,0,0,1,0,1,1
12,"continuous",3,"Mixed linear and rule-based","Random forest",TRUE,"MSE",1.60057909775952,2.26000000000002,NA,NA,NA,NA,NA,NA,NA,NA,NA,NA,NA,NA,NA
12,"continuous",3,"Mixed linear and rule-based","RuleFit",TRUE,"MSE",1.12727021212548,30.81,NA,158,158,0,1,81,76,0,0,0.00632911392405063,0.512658227848101,0.518987341772152,2.4746835443038
13,"continuous",3,"Mixed linear and rule-based","BRP-GABLE full",TRUE,"MSE",1.31503276293211,52.9,NA,41,31,10,35,6,0,0,0,0.853658536585366,0.146341463414634,1,1.14634146341463
13,"continuous",3,"Mixed linear and rule-based","BRP-GABLE rule-only",TRUE,"MSE",2.03451940611045,53.51,NA,50,50,0,44,6,0,0,0,0.88,0.12,1,1.12
13,"continuous",3,"Mixed linear and rule-based","GABLE",TRUE,"MSE",2.28981330902638,1.21000000000001,NA,5,5,0,5,0,0,0,0,1,0,1,1
13,"continuous",3,"Mixed linear and rule-based","GBM",TRUE,"MSE",1.76390381366365,0.0300000000000011,NA,NA,NA,NA,NA,NA,NA,NA,NA,NA,NA,NA,NA
13,"continuous",3,"Mixed linear and rule-based","Linear",TRUE,"MSE",1.72512870100188,0.00999999999999091,NA,20,0,20,20,0,0,0,0,1,0,1,1
13,"continuous",3,"Mixed linear and rule-based","Random forest",TRUE,"MSE",1.88815494864621,2.5,NA,NA,NA,NA,NA,NA,NA,NA,NA,NA,NA,NA,NA
13,"continuous",3,"Mixed linear and rule-based","RuleFit",TRUE,"MSE",1.29277895391674,31.53,NA,141,141,0,0,72,69,0,0,0,0.51063829787234,0.51063829787234,2.48936170212766
14,"continuous",3,"Mixed linear and rule-based","BRP-GABLE full",TRUE,"MSE",1.14515700265794,54.12,NA,45,36,9,43,2,0,0,0,0.955555555555556,0.0444444444444444,1,1.04444444444444
14,"continuous",3,"Mixed linear and rule-based","BRP-GABLE rule-only",TRUE,"MSE",1.47545795476123,54.58,NA,55,55,0,53,2,0,0,0,0.963636363636364,0.0363636363636364,1,1.03636363636364
14,"continuous",3,"Mixed linear and rule-based","GABLE",TRUE,"MSE",2.16830395904174,1.32999999999998,NA,5,5,0,5,0,0,0,0,1,0,1,1
14,"continuous",3,"Mixed linear and rule-based","GBM",TRUE,"MSE",1.56888346326609,0.039999999999992,NA,NA,NA,NA,NA,NA,NA,NA,NA,NA,NA,NA,NA
14,"continuous",3,"Mixed linear and rule-based","Linear",TRUE,"MSE",1.61124894714499,0,NA,20,0,20,20,0,0,0,0,1,0,1,1
14,"continuous",3,"Mixed linear and rule-based","Random forest",TRUE,"MSE",1.65916040672924,2.27000000000001,NA,NA,NA,NA,NA,NA,NA,NA,NA,NA,NA,NA,NA
14,"continuous",3,"Mixed linear and rule-based","RuleFit",TRUE,"MSE",1.23561019162217,32.2,NA,124,124,0,2,77,45,0,0,0.0161290322580645,0.620967741935484,0.637096774193548,2.34677419354839
15,"continuous",3,"Mixed linear and rule-based","BRP-GABLE full",TRUE,"MSE",1.26887768830462,54.36,NA,32,25,7,30,2,0,0,0,0.9375,0.0625,1,1.0625
15,"continuous",3,"Mixed linear and rule-based","BRP-GABLE rule-only",TRUE,"MSE",1.74997073493432,54.49,NA,58,58,0,56,2,0,0,0,0.96551724137931,0.0344827586206897,1,1.03448275862069
15,"continuous",3,"Mixed linear and rule-based","GABLE",TRUE,"MSE",2.56128711538559,1.31,NA,5,5,0,5,0,0,0,0,1,0,1,1
15,"continuous",3,"Mixed linear and rule-based","GBM",TRUE,"MSE",1.78914287264716,0.0499999999999829,NA,NA,NA,NA,NA,NA,NA,NA,NA,NA,NA,NA,NA
15,"continuous",3,"Mixed linear and rule-based","Linear",TRUE,"MSE",1.68891431191031,0.0100000000000193,NA,20,0,20,20,0,0,0,0,1,0,1,1
15,"continuous",3,"Mixed linear and rule-based","Random forest",TRUE,"MSE",1.90474959338438,2.52000000000001,NA,NA,NA,NA,NA,NA,NA,NA,NA,NA,NA,NA,NA
15,"continuous",3,"Mixed linear and rule-based","RuleFit",TRUE,"MSE",1.35967673623443,32.19,NA,133,133,0,1,83,49,0,0,0.0075187969924812,0.62406015037594,0.631578947368421,2.3609022556391
16,"continuous",3,"Mixed linear and rule-based","BRP-GABLE full",TRUE,"MSE",1.21865133287795,53.86,NA,35,28,7,33,2,0,0,0,0.942857142857143,0.0571428571428571,1,1.05714285714286
16,"continuous",3,"Mixed linear and rule-based","BRP-GABLE rule-only",TRUE,"MSE",1.56537966405987,53.75,NA,60,60,0,58,2,0,0,0,0.966666666666667,0.0333333333333333,1,1.03333333333333
16,"continuous",3,"Mixed linear and rule-based","GABLE",TRUE,"MSE",2.34401630843031,1.32999999999998,NA,5,5,0,5,0,0,0,0,1,0,1,1
16,"continuous",3,"Mixed linear and rule-based","GBM",TRUE,"MSE",1.64129972037275,0.0600000000000023,NA,NA,NA,NA,NA,NA,NA,NA,NA,NA,NA,NA,NA
16,"continuous",3,"Mixed linear and rule-based","Linear",TRUE,"MSE",1.61028506453557,0,NA,20,0,20,20,0,0,0,0,1,0,1,1
16,"continuous",3,"Mixed linear and rule-based","Random forest",TRUE,"MSE",1.79317141141698,2.37,NA,NA,NA,NA,NA,NA,NA,NA,NA,NA,NA,NA,NA
16,"continuous",3,"Mixed linear and rule-based","RuleFit",TRUE,"MSE",1.28864048680173,32.42,NA,122,122,0,0,80,42,0,0,0,0.655737704918033,0.655737704918033,2.34426229508197
17,"continuous",3,"Mixed linear and rule-based","BRP-GABLE full",TRUE,"MSE",1.08052438965034,54.96,NA,38,30,8,36,2,0,0,0,0.947368421052632,0.0526315789473684,1,1.05263157894737
17,"continuous",3,"Mixed linear and rule-based","BRP-GABLE rule-only",TRUE,"MSE",1.58890536172414,54.76,NA,55,55,0,53,2,0,0,0,0.963636363636364,0.0363636363636364,1,1.03636363636364
17,"continuous",3,"Mixed linear and rule-based","GABLE",TRUE,"MSE",2.31765113093095,1.17000000000002,NA,5,5,0,5,0,0,0,0,1,0,1,1
17,"continuous",3,"Mixed linear and rule-based","GBM",TRUE,"MSE",1.49989032062419,0.0499999999999545,NA,NA,NA,NA,NA,NA,NA,NA,NA,NA,NA,NA,NA
17,"continuous",3,"Mixed linear and rule-based","Linear",TRUE,"MSE",1.49485563895958,0.0200000000000387,NA,20,0,20,20,0,0,0,0,1,0,1,1
17,"continuous",3,"Mixed linear and rule-based","Random forest",TRUE,"MSE",1.61855073753796,2.5,NA,NA,NA,NA,NA,NA,NA,NA,NA,NA,NA,NA,NA
17,"continuous",3,"Mixed linear and rule-based","RuleFit",TRUE,"MSE",1.11159687802306,31.69,NA,148,148,0,1,96,51,0,0,0.00675675675675676,0.648648648648649,0.655405405405405,2.33783783783784
18,"continuous",3,"Mixed linear and rule-based","BRP-GABLE full",TRUE,"MSE",1.21791297741296,54.6,NA,36,28,8,33,3,0,0,0,0.916666666666667,0.0833333333333333,1,1.08333333333333
18,"continuous",3,"Mixed linear and rule-based","BRP-GABLE rule-only",TRUE,"MSE",1.75981557282037,54.91,NA,60,60,0,56,4,0,0,0,0.933333333333333,0.0666666666666667,1,1.06666666666667
18,"continuous",3,"Mixed linear and rule-based","GABLE",TRUE,"MSE",2.40827523850568,1.38,NA,5,5,0,5,0,0,0,0,1,0,1,1
18,"continuous",3,"Mixed linear and rule-based","GBM",TRUE,"MSE",1.63852032224429,0.0600000000000023,NA,NA,NA,NA,NA,NA,NA,NA,NA,NA,NA,NA,NA
18,"continuous",3,"Mixed linear and rule-based","Linear",TRUE,"MSE",1.64761877455881,0,NA,20,0,20,20,0,0,0,0,1,0,1,1
18,"continuous",3,"Mixed linear and rule-based","Random forest",TRUE,"MSE",1.70739268137587,2.34000000000003,NA,NA,NA,NA,NA,NA,NA,NA,NA,NA,NA,NA,NA
18,"continuous",3,"Mixed linear and rule-based","RuleFit",TRUE,"MSE",1.21610089675782,32.87,NA,145,145,0,5,86,54,0,0,0.0344827586206897,0.593103448275862,0.627586206896552,2.33793103448276
19,"continuous",3,"Mixed linear and rule-based","BRP-GABLE full",TRUE,"MSE",1.13368095976473,54.57,NA,44,37,7,40,4,0,0,0,0.909090909090909,0.0909090909090909,1,1.09090909090909
19,"continuous",3,"Mixed linear and rule-based","BRP-GABLE rule-only",TRUE,"MSE",1.48741726349002,54.58,NA,64,64,0,60,4,0,0,0,0.9375,0.0625,1,1.0625
19,"continuous",3,"Mixed linear and rule-based","GABLE",TRUE,"MSE",2.29482257065539,1.28000000000003,NA,5,5,0,5,0,0,0,0,1,0,1,1
19,"continuous",3,"Mixed linear and rule-based","GBM",TRUE,"MSE",1.64091427552309,0.0300000000000296,NA,NA,NA,NA,NA,NA,NA,NA,NA,NA,NA,NA,NA
19,"continuous",3,"Mixed linear and rule-based","Linear",TRUE,"MSE",1.58086160595118,0.0199999999999818,NA,20,0,20,20,0,0,0,0,1,0,1,1
19,"continuous",3,"Mixed linear and rule-based","Random forest",TRUE,"MSE",1.77098370522492,2.34999999999997,NA,NA,NA,NA,NA,NA,NA,NA,NA,NA,NA,NA,NA
19,"continuous",3,"Mixed linear and rule-based","RuleFit",TRUE,"MSE",1.18920772097709,32.67,NA,150,150,0,1,79,70,0,0,0.00666666666666667,0.526666666666667,0.533333333333333,2.46
20,"continuous",3,"Mixed linear and rule-based","BRP-GABLE full",TRUE,"MSE",1.06998709050846,54.13,NA,43,35,8,39,4,0,0,0,0.906976744186046,0.0930232558139535,1,1.09302325581395
20,"continuous",3,"Mixed linear and rule-based","BRP-GABLE rule-only",TRUE,"MSE",1.40511438100839,54.24,NA,60,60,0,56,4,0,0,0,0.933333333333333,0.0666666666666667,1,1.06666666666667
20,"continuous",3,"Mixed linear and rule-based","GABLE",TRUE,"MSE",2.23340889707396,1.27999999999997,NA,5,5,0,5,0,0,0,0,1,0,1,1
20,"continuous",3,"Mixed linear and rule-based","GBM",TRUE,"MSE",1.50134851143028,0.0399999999999636,NA,NA,NA,NA,NA,NA,NA,NA,NA,NA,NA,NA,NA
20,"continuous",3,"Mixed linear and rule-based","Linear",TRUE,"MSE",1.58888427825226,0,NA,20,0,20,20,0,0,0,0,1,0,1,1
20,"continuous",3,"Mixed linear and rule-based","Random forest",TRUE,"MSE",1.67882265467812,2.27000000000004,NA,NA,NA,NA,NA,NA,NA,NA,NA,NA,NA,NA,NA
20,"continuous",3,"Mixed linear and rule-based","RuleFit",TRUE,"MSE",1.16255372684876,32.34,NA,131,131,0,2,70,59,0,0,0.0152671755725191,0.534351145038168,0.549618320610687,2.43511450381679
21,"continuous",3,"Mixed linear and rule-based","BRP-GABLE full",TRUE,"MSE",1.09400284128154,54.69,NA,40,34,6,36,4,0,0,0,0.9,0.1,1,1.1
21,"continuous",3,"Mixed linear and rule-based","BRP-GABLE rule-only",TRUE,"MSE",1.59337487265324,56.21,NA,56,56,0,53,3,0,0,0,0.946428571428571,0.0535714285714286,1,1.05357142857143
21,"continuous",3,"Mixed linear and rule-based","GABLE",TRUE,"MSE",2.30238757769541,1.35000000000002,NA,5,5,0,5,0,0,0,0,1,0,1,1
21,"continuous",3,"Mixed linear and rule-based","GBM",TRUE,"MSE",1.55431083230571,0.0399999999999636,NA,NA,NA,NA,NA,NA,NA,NA,NA,NA,NA,NA,NA
21,"continuous",3,"Mixed linear and rule-based","Linear",TRUE,"MSE",1.62845162540265,0,NA,20,0,20,20,0,0,0,0,1,0,1,1
21,"continuous",3,"Mixed linear and rule-based","Random forest",TRUE,"MSE",1.61736926597993,2.31,NA,NA,NA,NA,NA,NA,NA,NA,NA,NA,NA,NA,NA
21,"continuous",3,"Mixed linear and rule-based","RuleFit",TRUE,"MSE",1.16592570395611,31.61,NA,173,173,0,1,95,77,0,0,0.00578034682080925,0.549132947976879,0.554913294797688,2.4393063583815
22,"continuous",3,"Mixed linear and rule-based","BRP-GABLE full",TRUE,"MSE",1.26944667039226,53.94,NA,44,36,8,36,8,0,0,0,0.818181818181818,0.181818181818182,1,1.18181818181818
22,"continuous",3,"Mixed linear and rule-based","BRP-GABLE rule-only",TRUE,"MSE",1.66682849731967,53.64,NA,61,61,0,52,9,0,0,0,0.852459016393443,0.147540983606557,1,1.14754098360656
22,"continuous",3,"Mixed linear and rule-based","GABLE",TRUE,"MSE",2.21373385714735,1.31999999999999,NA,5,5,0,5,0,0,0,0,1,0,1,1
22,"continuous",3,"Mixed linear and rule-based","GBM",TRUE,"MSE",1.63904131627731,0.0500000000000114,NA,NA,NA,NA,NA,NA,NA,NA,NA,NA,NA,NA,NA
22,"continuous",3,"Mixed linear and rule-based","Linear",TRUE,"MSE",1.71398350348802,0,NA,20,0,20,20,0,0,0,0,1,0,1,1
22,"continuous",3,"Mixed linear and rule-based","Random forest",TRUE,"MSE",1.78597357576395,2.32999999999998,NA,NA,NA,NA,NA,NA,NA,NA,NA,NA,NA,NA,NA
22,"continuous",3,"Mixed linear and rule-based","RuleFit",TRUE,"MSE",1.30966175079666,32.02,NA,121,121,0,0,75,46,0,0,0,0.619834710743802,0.619834710743802,2.3801652892562
23,"continuous",3,"Mixed linear and rule-based","BRP-GABLE full",TRUE,"MSE",1.20917521412329,54.77,NA,44,37,7,41,3,0,0,0,0.931818181818182,0.0681818181818182,1,1.06818181818182
23,"continuous",3,"Mixed linear and rule-based","BRP-GABLE rule-only",TRUE,"MSE",1.5012957428551,54.56,NA,51,51,0,48,3,0,0,0,0.941176470588235,0.0588235294117647,1,1.05882352941176
23,"continuous",3,"Mixed linear and rule-based","GABLE",TRUE,"MSE",2.35939141078005,1.36000000000001,NA,5,5,0,5,0,0,0,0,1,0,1,1
23,"continuous",3,"Mixed linear and rule-based","GBM",TRUE,"MSE",1.61715640555349,0.0500000000000114,NA,NA,NA,NA,NA,NA,NA,NA,NA,NA,NA,NA,NA
23,"continuous",3,"Mixed linear and rule-based","Linear",TRUE,"MSE",1.61428303468659,0,NA,20,0,20,20,0,0,0,0,1,0,1,1
23,"continuous",3,"Mixed linear and rule-based","Random forest",TRUE,"MSE",1.79134779567332,2.25,NA,NA,NA,NA,NA,NA,NA,NA,NA,NA,NA,NA,NA
23,"continuous",3,"Mixed linear and rule-based","RuleFit",TRUE,"MSE",1.15263060907713,31.17,NA,140,140,0,0,85,55,0,0,0,0.607142857142857,0.607142857142857,2.39285714285714
24,"continuous",3,"Mixed linear and rule-based","BRP-GABLE full",TRUE,"MSE",1.22431836971345,52.84,NA,42,33,9,37,5,0,0,0,0.880952380952381,0.119047619047619,1,1.11904761904762
24,"continuous",3,"Mixed linear and rule-based","BRP-GABLE rule-only",TRUE,"MSE",2.22327196579771,53.41,NA,32,32,0,30,2,0,0,0,0.9375,0.0625,1,1.0625
24,"continuous",3,"Mixed linear and rule-based","GABLE",TRUE,"MSE",2.31046115213319,1.26999999999998,NA,5,5,0,5,0,0,0,0,1,0,1,1
24,"continuous",3,"Mixed linear and rule-based","GBM",TRUE,"MSE",1.65591187670329,0.0500000000000114,NA,NA,NA,NA,NA,NA,NA,NA,NA,NA,NA,NA,NA
24,"continuous",3,"Mixed linear and rule-based","Linear",TRUE,"MSE",1.61811173663807,0.00999999999999091,NA,20,0,20,20,0,0,0,0,1,0,1,1
24,"continuous",3,"Mixed linear and rule-based","Random forest",TRUE,"MSE",1.83570015932559,2.38999999999999,NA,NA,NA,NA,NA,NA,NA,NA,NA,NA,NA,NA,NA
24,"continuous",3,"Mixed linear and rule-based","RuleFit",TRUE,"MSE",1.26600271351949,32.84,NA,148,148,0,2,96,50,0,0,0.0135135135135135,0.648648648648649,0.662162162162162,2.32432432432432
25,"continuous",3,"Mixed linear and rule-based","BRP-GABLE full",TRUE,"MSE",1.21673113810275,54.69,NA,42,36,6,39,3,0,0,0,0.928571428571429,0.0714285714285714,1,1.07142857142857
25,"continuous",3,"Mixed linear and rule-based","BRP-GABLE rule-only",TRUE,"MSE",1.61670849019387,54.72,NA,56,56,0,54,2,0,0,0,0.964285714285714,0.0357142857142857,1,1.03571428571429
25,"continuous",3,"Mixed linear and rule-based","GABLE",TRUE,"MSE",2.26936635039426,1.31,NA,5,5,0,5,0,0,0,0,1,0,1,1
25,"continuous",3,"Mixed linear and rule-based","GBM",TRUE,"MSE",1.67292152555666,0.0500000000000114,NA,NA,NA,NA,NA,NA,NA,NA,NA,NA,NA,NA,NA
25,"continuous",3,"Mixed linear and rule-based","Linear",TRUE,"MSE",1.5999343700907,0,NA,20,0,20,20,0,0,0,0,1,0,1,1
25,"continuous",3,"Mixed linear and rule-based","Random forest",TRUE,"MSE",1.81357477842005,2.30000000000001,NA,NA,NA,NA,NA,NA,NA,NA,NA,NA,NA,NA,NA
25,"continuous",3,"Mixed linear and rule-based","RuleFit",TRUE,"MSE",1.29687709982275,32.41,NA,146,146,0,0,87,59,0,0,0,0.595890410958904,0.595890410958904,2.4041095890411
26,"continuous",3,"Mixed linear and rule-based","BRP-GABLE full",TRUE,"MSE",1.13423050646004,54.1,NA,56,50,6,53,3,0,0,0,0.946428571428571,0.0535714285714286,1,1.05357142857143
26,"continuous",3,"Mixed linear and rule-based","BRP-GABLE rule-only",TRUE,"MSE",1.52037175226631,53.86,NA,68,68,0,65,3,0,0,0,0.955882352941177,0.0441176470588235,1,1.04411764705882
26,"continuous",3,"Mixed linear and rule-based","GABLE",TRUE,"MSE",2.34568358391499,1.29000000000002,NA,5,5,0,5,0,0,0,0,1,0,1,1
26,"continuous",3,"Mixed linear and rule-based","GBM",TRUE,"MSE",1.59194495761696,0.0499999999999545,NA,NA,NA,NA,NA,NA,NA,NA,NA,NA,NA,NA,NA
26,"continuous",3,"Mixed linear and rule-based","Linear",TRUE,"MSE",1.55495522365925,0,NA,20,0,20,20,0,0,0,0,1,0,1,1
26,"continuous",3,"Mixed linear and rule-based","Random forest",TRUE,"MSE",1.73240085892133,2.31,NA,NA,NA,NA,NA,NA,NA,NA,NA,NA,NA,NA,NA
26,"continuous",3,"Mixed linear and rule-based","RuleFit",TRUE,"MSE",1.23818416581071,31.48,NA,157,157,0,2,87,68,0,0,0.0127388535031847,0.554140127388535,0.56687898089172,2.4203821656051
27,"continuous",3,"Mixed linear and rule-based","BRP-GABLE full",TRUE,"MSE",1.20631971518193,52.1400000000001,NA,41,31,10,35,6,0,0,0,0.853658536585366,0.146341463414634,1,1.14634146341463
27,"continuous",3,"Mixed linear and rule-based","BRP-GABLE rule-only",TRUE,"MSE",1.72643166562002,52.5999999999999,NA,46,46,0,40,6,0,0,0,0.869565217391304,0.130434782608696,1,1.1304347826087
27,"continuous",3,"Mixed linear and rule-based","GABLE",TRUE,"MSE",2.40180908429302,1.11000000000001,NA,5,5,0,4,1,0,0,0,0.8,0.2,1,1.2
27,"continuous",3,"Mixed linear and rule-based","GBM",TRUE,"MSE",1.63410449061966,0.0400000000000205,NA,NA,NA,NA,NA,NA,NA,NA,NA,NA,NA,NA,NA
27,"continuous",3,"Mixed linear and rule-based","Linear",TRUE,"MSE",1.65362855690824,0,NA,20,0,20,20,0,0,0,0,1,0,1,1
27,"continuous",3,"Mixed linear and rule-based","Random forest",TRUE,"MSE",1.7508730620581,2.27999999999997,NA,NA,NA,NA,NA,NA,NA,NA,NA,NA,NA,NA,NA
27,"continuous",3,"Mixed linear and rule-based","RuleFit",TRUE,"MSE",1.26770810591847,32.28,NA,121,121,0,1,70,50,0,0,0.00826446280991736,0.578512396694215,0.586776859504132,2.40495867768595
28,"continuous",3,"Mixed linear and rule-based","BRP-GABLE full",TRUE,"MSE",1.10784785155751,55.81,NA,38,31,7,37,1,0,0,0,0.973684210526316,0.0263157894736842,1,1.02631578947368
28,"continuous",3,"Mixed linear and rule-based","BRP-GABLE rule-only",TRUE,"MSE",1.42034864736094,55.6000000000001,NA,48,48,0,47,1,0,0,0,0.979166666666667,0.0208333333333333,1,1.02083333333333
28,"continuous",3,"Mixed linear and rule-based","GABLE",TRUE,"MSE",2.41892010597147,1.27999999999997,NA,5,5,0,5,0,0,0,0,1,0,1,1
28,"continuous",3,"Mixed linear and rule-based","GBM",TRUE,"MSE",1.55643825084598,0.0400000000000205,NA,NA,NA,NA,NA,NA,NA,NA,NA,NA,NA,NA,NA
28,"continuous",3,"Mixed linear and rule-based","Linear",TRUE,"MSE",1.624466298308,0,NA,20,0,20,20,0,0,0,0,1,0,1,1
28,"continuous",3,"Mixed linear and rule-based","Random forest",TRUE,"MSE",1.7028593558711,2.30000000000001,NA,NA,NA,NA,NA,NA,NA,NA,NA,NA,NA,NA,NA
28,"continuous",3,"Mixed linear and rule-based","RuleFit",TRUE,"MSE",1.22404766320238,30.16,NA,141,141,0,0,84,57,0,0,0,0.595744680851064,0.595744680851064,2.40425531914894
29,"continuous",3,"Mixed linear and rule-based","BRP-GABLE full",TRUE,"MSE",1.21033368126548,56.67,NA,31,23,8,30,1,0,0,0,0.967741935483871,0.032258064516129,1,1.03225806451613
29,"continuous",3,"Mixed linear and rule-based","BRP-GABLE rule-only",TRUE,"MSE",1.70844444626903,56.43,NA,47,47,0,46,1,0,0,0,0.978723404255319,0.0212765957446809,1,1.02127659574468
29,"continuous",3,"Mixed linear and rule-based","GABLE",TRUE,"MSE",2.22282706293985,1.21000000000004,NA,5,5,0,5,0,0,0,0,1,0,1,1
29,"continuous",3,"Mixed linear and rule-based","GBM",TRUE,"MSE",1.58296097225439,0.0500000000000114,NA,NA,NA,NA,NA,NA,NA,NA,NA,NA,NA,NA,NA
29,"continuous",3,"Mixed linear and rule-based","Linear",TRUE,"MSE",1.60279839538634,0,NA,20,0,20,20,0,0,0,0,1,0,1,1
29,"continuous",3,"Mixed linear and rule-based","Random forest",TRUE,"MSE",1.68506953000099,2.22000000000003,NA,NA,NA,NA,NA,NA,NA,NA,NA,NA,NA,NA,NA
29,"continuous",3,"Mixed linear and rule-based","RuleFit",TRUE,"MSE",1.27002661690745,31.3299999999999,NA,107,107,0,0,62,45,0,0,0,0.579439252336449,0.579439252336449,2.42056074766355
30,"continuous",3,"Mixed linear and rule-based","BRP-GABLE full",TRUE,"MSE",1.05965957015339,55.8700000000001,NA,38,31,7,35,3,0,0,0,0.921052631578947,0.0789473684210526,1,1.07894736842105
30,"continuous",3,"Mixed linear and rule-based","BRP-GABLE rule-only",TRUE,"MSE",1.39311368060764,55.53,NA,74,74,0,72,2,0,0,0,0.972972972972973,0.027027027027027,1,1.02702702702703
30,"continuous",3,"Mixed linear and rule-based","GABLE",TRUE,"MSE",2.2243447452276,1.42999999999995,NA,5,5,0,5,0,0,0,0,1,0,1,1
30,"continuous",3,"Mixed linear and rule-based","GBM",TRUE,"MSE",1.49364228497892,0.0499999999999545,NA,NA,NA,NA,NA,NA,NA,NA,NA,NA,NA,NA,NA
30,"continuous",3,"Mixed linear and rule-based","Linear",TRUE,"MSE",1.58426138972319,0,NA,20,0,20,20,0,0,0,0,1,0,1,1
30,"continuous",3,"Mixed linear and rule-based","Random forest",TRUE,"MSE",1.70289111269059,2.32000000000005,NA,NA,NA,NA,NA,NA,NA,NA,NA,NA,NA,NA,NA
30,"continuous",3,"Mixed linear and rule-based","RuleFit",TRUE,"MSE",1.1771941444971,32.5599999999999,NA,160,160,0,1,97,62,0,0,0.00625,0.60625,0.6125,2.38125
31,"continuous",3,"Mixed linear and rule-based","BRP-GABLE full",TRUE,"MSE",1.13980555335902,54.1,NA,38,31,7,32,6,0,0,0,0.842105263157895,0.157894736842105,1,1.15789473684211
31,"continuous",3,"Mixed linear and rule-based","BRP-GABLE rule-only",TRUE,"MSE",1.61953835044117,54.4900000000001,NA,63,63,0,57,6,0,0,0,0.904761904761905,0.0952380952380952,1,1.0952380952381
31,"continuous",3,"Mixed linear and rule-based","GABLE",TRUE,"MSE",2.10475118822375,1.24000000000001,NA,5,5,0,5,0,0,0,0,1,0,1,1
31,"continuous",3,"Mixed linear and rule-based","GBM",TRUE,"MSE",1.5619648600479,0.0399999999999636,NA,NA,NA,NA,NA,NA,NA,NA,NA,NA,NA,NA,NA
31,"continuous",3,"Mixed linear and rule-based","Linear",TRUE,"MSE",1.54157733772615,0,NA,20,0,20,20,0,0,0,0,1,0,1,1
31,"continuous",3,"Mixed linear and rule-based","Random forest",TRUE,"MSE",1.74030266091457,2.33000000000004,NA,NA,NA,NA,NA,NA,NA,NA,NA,NA,NA,NA,NA
31,"continuous",3,"Mixed linear and rule-based","RuleFit",TRUE,"MSE",1.15091735644564,30.9,NA,139,139,0,0,86,53,0,0,0,0.618705035971223,0.618705035971223,2.38129496402878
32,"continuous",3,"Mixed linear and rule-based","BRP-GABLE full",TRUE,"MSE",1.18078046669156,54.3100000000001,NA,38,30,8,37,1,0,0,0,0.973684210526316,0.0263157894736842,1,1.02631578947368
32,"continuous",3,"Mixed linear and rule-based","BRP-GABLE rule-only",TRUE,"MSE",1.6709884102411,54.3299999999999,NA,56,56,0,55,1,0,0,0,0.982142857142857,0.0178571428571429,1,1.01785714285714
32,"continuous",3,"Mixed linear and rule-based","GABLE",TRUE,"MSE",2.38415010254832,1.3599999999999,NA,5,5,0,5,0,0,0,0,1,0,1,1
32,"continuous",3,"Mixed linear and rule-based","GBM",TRUE,"MSE",1.59572043233108,0.0399999999999636,NA,NA,NA,NA,NA,NA,NA,NA,NA,NA,NA,NA,NA
32,"continuous",3,"Mixed linear and rule-based","Linear",TRUE,"MSE",1.65811612718665,0,NA,20,0,20,20,0,0,0,0,1,0,1,1
32,"continuous",3,"Mixed linear and rule-based","Random forest",TRUE,"MSE",1.75904259629225,2.28000000000009,NA,NA,NA,NA,NA,NA,NA,NA,NA,NA,NA,NA,NA
32,"continuous",3,"Mixed linear and rule-based","RuleFit",TRUE,"MSE",1.19090790020145,31.6600000000001,NA,146,146,0,0,80,66,0,0,0,0.547945205479452,0.547945205479452,2.45205479452055
33,"continuous",3,"Mixed linear and rule-based","BRP-GABLE full",TRUE,"MSE",1.25951802504303,55.9599999999999,NA,41,34,7,41,0,0,0,0,1,0,1,1
33,"continuous",3,"Mixed linear and rule-based","BRP-GABLE rule-only",TRUE,"MSE",1.65592797544207,55.3399999999999,NA,69,69,0,69,0,0,0,0,1,0,1,1
33,"continuous",3,"Mixed linear and rule-based","GABLE",TRUE,"MSE",2.28008603212206,1.25,NA,5,5,0,5,0,0,0,0,1,0,1,1
33,"continuous",3,"Mixed linear and rule-based","GBM",TRUE,"MSE",1.67338368021164,0.0499999999999545,NA,NA,NA,NA,NA,NA,NA,NA,NA,NA,NA,NA,NA
33,"continuous",3,"Mixed linear and rule-based","Linear",TRUE,"MSE",1.63256516075761,0.0199999999999818,NA,20,0,20,20,0,0,0,0,1,0,1,1
33,"continuous",3,"Mixed linear and rule-based","Random forest",TRUE,"MSE",1.86750522745988,2.34000000000003,NA,NA,NA,NA,NA,NA,NA,NA,NA,NA,NA,NA,NA
33,"continuous",3,"Mixed linear and rule-based","RuleFit",TRUE,"MSE",1.29540851548227,32.48,NA,144,144,0,0,91,53,0,0,0,0.631944444444444,0.631944444444444,2.36805555555556
34,"continuous",3,"Mixed linear and rule-based","BRP-GABLE full",TRUE,"MSE",1.16571558151012,53.1900000000001,NA,37,28,9,35,2,0,0,0,0.945945945945946,0.0540540540540541,1,1.05405405405405
34,"continuous",3,"Mixed linear and rule-based","BRP-GABLE rule-only",TRUE,"MSE",1.74676708983855,54.0700000000001,NA,48,48,0,46,2,0,0,0,0.958333333333333,0.0416666666666667,1,1.04166666666667
34,"continuous",3,"Mixed linear and rule-based","GABLE",TRUE,"MSE",2.21894023577443,1.29999999999995,NA,5,5,0,5,0,0,0,0,1,0,1,1
34,"continuous",3,"Mixed linear and rule-based","GBM",TRUE,"MSE",1.51503758181798,0.0399999999999636,NA,NA,NA,NA,NA,NA,NA,NA,NA,NA,NA,NA,NA
34,"continuous",3,"Mixed linear and rule-based","Linear",TRUE,"MSE",1.48917619156546,0.0199999999999818,NA,20,0,20,20,0,0,0,0,1,0,1,1
34,"continuous",3,"Mixed linear and rule-based","Random forest",TRUE,"MSE",1.69592465067098,2.30000000000007,NA,NA,NA,NA,NA,NA,NA,NA,NA,NA,NA,NA,NA
34,"continuous",3,"Mixed linear and rule-based","RuleFit",TRUE,"MSE",1.15280247428431,31.53,NA,141,141,0,0,86,55,0,0,0,0.609929078014184,0.609929078014184,2.39007092198582
35,"continuous",3,"Mixed linear and rule-based","BRP-GABLE full",TRUE,"MSE",1.22921122524293,53.4400000000001,NA,41,32,9,35,6,0,0,0,0.853658536585366,0.146341463414634,1,1.14634146341463
35,"continuous",3,"Mixed linear and rule-based","BRP-GABLE rule-only",TRUE,"MSE",1.80949814589462,54.46,NA,46,46,0,42,4,0,0,0,0.91304347826087,0.0869565217391304,1,1.08695652173913
35,"continuous",3,"Mixed linear and rule-based","GABLE",TRUE,"MSE",2.50910703922815,1.13,NA,5,5,0,4,1,0,0,0,0.8,0.2,1,1.2
35,"continuous",3,"Mixed linear and rule-based","GBM",TRUE,"MSE",1.66059757346216,0.0500000000000682,NA,NA,NA,NA,NA,NA,NA,NA,NA,NA,NA,NA,NA
35,"continuous",3,"Mixed linear and rule-based","Linear",TRUE,"MSE",1.62601527761129,0.00999999999999091,NA,20,0,20,20,0,0,0,0,1,0,1,1
35,"continuous",3,"Mixed linear and rule-based","Random forest",TRUE,"MSE",1.83159945287772,2.41999999999996,NA,NA,NA,NA,NA,NA,NA,NA,NA,NA,NA,NA,NA
35,"continuous",3,"Mixed linear and rule-based","RuleFit",TRUE,"MSE",1.23221937834683,31.9,NA,144,144,0,0,77,67,0,0,0,0.534722222222222,0.534722222222222,2.46527777777778
36,"continuous",3,"Mixed linear and rule-based","BRP-GABLE full",TRUE,"MSE",1.16046607573189,55.4999999999999,NA,51,44,7,51,0,0,0,0,1,0,1,1
36,"continuous",3,"Mixed linear and rule-based","BRP-GABLE rule-only",TRUE,"MSE",1.6565272527782,56.6399999999999,NA,65,65,0,65,0,0,0,0,1,0,1,1
36,"continuous",3,"Mixed linear and rule-based","GABLE",TRUE,"MSE",2.13354983605771,1.30999999999995,NA,5,5,0,5,0,0,0,0,1,0,1,1
36,"continuous",3,"Mixed linear and rule-based","GBM",TRUE,"MSE",1.50723252033854,0.0499999999999545,NA,NA,NA,NA,NA,NA,NA,NA,NA,NA,NA,NA,NA
36,"continuous",3,"Mixed linear and rule-based","Linear",TRUE,"MSE",1.47572423243923,0,NA,20,0,20,20,0,0,0,0,1,0,1,1
36,"continuous",3,"Mixed linear and rule-based","Random forest",TRUE,"MSE",1.6543702780169,2.31000000000006,NA,NA,NA,NA,NA,NA,NA,NA,NA,NA,NA,NA,NA
36,"continuous",3,"Mixed linear and rule-based","RuleFit",TRUE,"MSE",1.1582710298598,31.95,NA,135,135,0,2,84,49,0,0,0.0148148148148148,0.622222222222222,0.637037037037037,2.34814814814815
37,"continuous",3,"Mixed linear and rule-based","BRP-GABLE full",TRUE,"MSE",1.20611486520951,54.39,NA,49,41,8,46,3,0,0,0,0.938775510204082,0.0612244897959184,1,1.06122448979592
37,"continuous",3,"Mixed linear and rule-based","BRP-GABLE rule-only",TRUE,"MSE",1.61765276002582,54.7699999999999,NA,58,58,0,55,3,0,0,0,0.948275862068966,0.0517241379310345,1,1.05172413793103
37,"continuous",3,"Mixed linear and rule-based","GABLE",TRUE,"MSE",2.20539586753251,1.15999999999997,NA,5,5,0,5,0,0,0,0,1,0,1,1
37,"continuous",3,"Mixed linear and rule-based","GBM",TRUE,"MSE",1.63377769164025,0.0499999999999545,NA,NA,NA,NA,NA,NA,NA,NA,NA,NA,NA,NA,NA
37,"continuous",3,"Mixed linear and rule-based","Linear",TRUE,"MSE",1.56372397415254,0.0199999999999818,NA,20,0,20,20,0,0,0,0,1,0,1,1
37,"continuous",3,"Mixed linear and rule-based","Random forest",TRUE,"MSE",1.739137082498,2.43000000000006,NA,NA,NA,NA,NA,NA,NA,NA,NA,NA,NA,NA,NA
37,"continuous",3,"Mixed linear and rule-based","RuleFit",TRUE,"MSE",1.30101235534946,32.7,NA,128,128,0,1,71,56,0,0,0.0078125,0.5546875,0.5625,2.4296875
38,"continuous",3,"Mixed linear and rule-based","BRP-GABLE full",TRUE,"MSE",1.31632127089226,54.08,NA,39,32,7,37,2,0,0,0,0.948717948717949,0.0512820512820513,1,1.05128205128205
38,"continuous",3,"Mixed linear and rule-based","BRP-GABLE rule-only",TRUE,"MSE",1.78714755504862,54.0600000000001,NA,53,53,0,51,2,0,0,0,0.962264150943396,0.0377358490566038,1,1.0377358490566
38,"continuous",3,"Mixed linear and rule-based","GABLE",TRUE,"MSE",2.4681607207743,1.38999999999999,NA,5,5,0,5,0,0,0,0,1,0,1,1
38,"continuous",3,"Mixed linear and rule-based","GBM",TRUE,"MSE",1.74117698504335,0.0299999999999727,NA,NA,NA,NA,NA,NA,NA,NA,NA,NA,NA,NA,NA
38,"continuous",3,"Mixed linear and rule-based","Linear",TRUE,"MSE",1.80952641542752,0.0200000000000955,NA,20,0,20,20,0,0,0,0,1,0,1,1
38,"continuous",3,"Mixed linear and rule-based","Random forest",TRUE,"MSE",1.98218106392455,2.34000000000003,NA,NA,NA,NA,NA,NA,NA,NA,NA,NA,NA,NA,NA
38,"continuous",3,"Mixed linear and rule-based","RuleFit",TRUE,"MSE",1.34738803085622,31.79,NA,135,135,0,1,68,66,0,0,0.00740740740740741,0.503703703703704,0.511111111111111,2.48148148148148
39,"continuous",3,"Mixed linear and rule-based","BRP-GABLE full",TRUE,"MSE",1.10247919576444,53.8099999999999,NA,51,44,7,46,5,0,0,0,0.901960784313726,0.0980392156862745,1,1.09803921568627
39,"continuous",3,"Mixed linear and rule-based","BRP-GABLE rule-only",TRUE,"MSE",1.5695996059281,53.65,NA,65,65,0,61,4,0,0,0,0.938461538461538,0.0615384615384615,1,1.06153846153846
39,"continuous",3,"Mixed linear and rule-based","GABLE",TRUE,"MSE",2.23189039508287,1.27999999999997,NA,5,5,0,5,0,0,0,0,1,0,1,1
39,"continuous",3,"Mixed linear and rule-based","GBM",TRUE,"MSE",1.59369071318623,0.0500000000000682,NA,NA,NA,NA,NA,NA,NA,NA,NA,NA,NA,NA,NA
39,"continuous",3,"Mixed linear and rule-based","Linear",TRUE,"MSE",1.53608036561042,0,NA,20,0,20,20,0,0,0,0,1,0,1,1
39,"continuous",3,"Mixed linear and rule-based","Random forest",TRUE,"MSE",1.76348524923196,2.40999999999997,NA,NA,NA,NA,NA,NA,NA,NA,NA,NA,NA,NA,NA
39,"continuous",3,"Mixed linear and rule-based","RuleFit",TRUE,"MSE",1.29845291785818,31.97,NA,106,106,0,0,56,50,0,0,0,0.528301886792453,0.528301886792453,2.47169811320755
40,"continuous",3,"Mixed linear and rule-based","BRP-GABLE full",TRUE,"MSE",1.33109722979007,54.7,NA,32,26,6,30,2,0,0,0,0.9375,0.0625,1,1.0625
40,"continuous",3,"Mixed linear and rule-based","BRP-GABLE rule-only",TRUE,"MSE",1.72647953620729,55.2900000000001,NA,55,55,0,52,3,0,0,0,0.945454545454545,0.0545454545454545,1,1.05454545454545
40,"continuous",3,"Mixed linear and rule-based","GABLE",TRUE,"MSE",2.50947570769713,1.27999999999997,NA,5,5,0,5,0,0,0,0,1,0,1,1
40,"continuous",3,"Mixed linear and rule-based","GBM",TRUE,"MSE",1.78058529624023,0.0500000000000682,NA,NA,NA,NA,NA,NA,NA,NA,NA,NA,NA,NA,NA
40,"continuous",3,"Mixed linear and rule-based","Linear",TRUE,"MSE",1.80598899208215,0.00999999999999091,NA,20,0,20,20,0,0,0,0,1,0,1,1
40,"continuous",3,"Mixed linear and rule-based","Random forest",TRUE,"MSE",1.95096066662379,2.40999999999997,NA,NA,NA,NA,NA,NA,NA,NA,NA,NA,NA,NA,NA
40,"continuous",3,"Mixed linear and rule-based","RuleFit",TRUE,"MSE",1.33438159074509,31.14,NA,135,135,0,1,81,53,0,0,0.00740740740740741,0.6,0.607407407407407,2.38518518518519
41,"continuous",3,"Mixed linear and rule-based","BRP-GABLE full",TRUE,"MSE",1.24803176770266,54.6,NA,27,20,7,23,4,0,0,0,0.851851851851852,0.148148148148148,1,1.14814814814815
41,"continuous",3,"Mixed linear and rule-based","BRP-GABLE rule-only",TRUE,"MSE",1.77173020698549,54.7400000000001,NA,55,55,0,51,4,0,0,0,0.927272727272727,0.0727272727272727,1,1.07272727272727
41,"continuous",3,"Mixed linear and rule-based","GABLE",TRUE,"MSE",2.45419310180488,1.22000000000003,NA,5,5,0,5,0,0,0,0,1,0,1,1
41,"continuous",3,"Mixed linear and rule-based","GBM",TRUE,"MSE",1.65405804530128,0.0399999999999636,NA,NA,NA,NA,NA,NA,NA,NA,NA,NA,NA,NA,NA
41,"continuous",3,"Mixed linear and rule-based","Linear",TRUE,"MSE",1.73144635080518,0,NA,20,0,20,20,0,0,0,0,1,0,1,1
41,"continuous",3,"Mixed linear and rule-based","Random forest",TRUE,"MSE",1.86093039874313,2.42000000000007,NA,NA,NA,NA,NA,NA,NA,NA,NA,NA,NA,NA,NA
41,"continuous",3,"Mixed linear and rule-based","RuleFit",TRUE,"MSE",1.30028880719034,31.9599999999999,NA,131,131,0,2,68,61,0,0,0.0152671755725191,0.519083969465649,0.534351145038168,2.45038167938931
42,"continuous",3,"Mixed linear and rule-based","BRP-GABLE full",TRUE,"MSE",1.20015169653622,55.0400000000001,NA,49,42,7,41,8,0,0,0,0.836734693877551,0.163265306122449,1,1.16326530612245
42,"continuous",3,"Mixed linear and rule-based","BRP-GABLE rule-only",TRUE,"MSE",1.57989494902807,55.1800000000001,NA,63,63,0,54,9,0,0,0,0.857142857142857,0.142857142857143,1,1.14285714285714
42,"continuous",3,"Mixed linear and rule-based","GABLE",TRUE,"MSE",2.36874862571843,1.5,NA,5,5,0,5,0,0,0,0,1,0,1,1
42,"continuous",3,"Mixed linear and rule-based","GBM",TRUE,"MSE",1.60882340799898,0.0500000000000682,NA,NA,NA,NA,NA,NA,NA,NA,NA,NA,NA,NA,NA
42,"continuous",3,"Mixed linear and rule-based","Linear",TRUE,"MSE",1.67720545379588,0,NA,20,0,20,20,0,0,0,0,1,0,1,1
42,"continuous",3,"Mixed linear and rule-based","Random forest",TRUE,"MSE",1.760731708029,2.21999999999991,NA,NA,NA,NA,NA,NA,NA,NA,NA,NA,NA,NA,NA
42,"continuous",3,"Mixed linear and rule-based","RuleFit",TRUE,"MSE",1.29654028216798,31.39,NA,170,170,0,3,97,70,0,0,0.0176470588235294,0.570588235294118,0.588235294117647,2.39411764705882
43,"continuous",3,"Mixed linear and rule-based","BRP-GABLE full",TRUE,"MSE",1.27400407122526,54.8099999999999,NA,46,38,8,44,2,0,0,0,0.956521739130435,0.0434782608695652,1,1.04347826086957
43,"continuous",3,"Mixed linear and rule-based","BRP-GABLE rule-only",TRUE,"MSE",1.67539839296839,55.09,NA,56,56,0,54,2,0,0,0,0.964285714285714,0.0357142857142857,1,1.03571428571429
43,"continuous",3,"Mixed linear and rule-based","GABLE",TRUE,"MSE",2.51263690413027,1.16999999999996,NA,5,5,0,5,0,0,0,0,1,0,1,1
43,"continuous",3,"Mixed linear and rule-based","GBM",TRUE,"MSE",1.67059593203657,0.0400000000000773,NA,NA,NA,NA,NA,NA,NA,NA,NA,NA,NA,NA,NA
43,"continuous",3,"Mixed linear and rule-based","Linear",TRUE,"MSE",1.70567709556154,0,NA,20,0,20,20,0,0,0,0,1,0,1,1
43,"continuous",3,"Mixed linear and rule-based","Random forest",TRUE,"MSE",1.78373489162042,2.29999999999995,NA,NA,NA,NA,NA,NA,NA,NA,NA,NA,NA,NA,NA
43,"continuous",3,"Mixed linear and rule-based","RuleFit",TRUE,"MSE",1.38909044588035,31.9200000000001,NA,154,154,0,0,85,69,0,0,0,0.551948051948052,0.551948051948052,2.44805194805195
44,"continuous",3,"Mixed linear and rule-based","BRP-GABLE full",TRUE,"MSE",1.16842181652238,53.04,NA,43,34,9,40,3,0,0,0,0.930232558139535,0.0697674418604651,1,1.06976744186047
44,"continuous",3,"Mixed linear and rule-based","BRP-GABLE rule-only",TRUE,"MSE",1.64271195297604,53.14,NA,53,53,0,50,3,0,0,0,0.943396226415094,0.0566037735849057,1,1.05660377358491
44,"continuous",3,"Mixed linear and rule-based","GABLE",TRUE,"MSE",2.47501986071385,1.16999999999996,NA,5,5,0,4,1,0,0,0,0.8,0.2,1,1.2
44,"continuous",3,"Mixed linear and rule-based","GBM",TRUE,"MSE",1.63843205959517,0.0499999999999545,NA,NA,NA,NA,NA,NA,NA,NA,NA,NA,NA,NA,NA
44,"continuous",3,"Mixed linear and rule-based","Linear",TRUE,"MSE",1.57326655238236,0.0200000000000955,NA,20,0,20,20,0,0,0,0,1,0,1,1
44,"continuous",3,"Mixed linear and rule-based","Random forest",TRUE,"MSE",1.81649998624881,2.25999999999999,NA,NA,NA,NA,NA,NA,NA,NA,NA,NA,NA,NA,NA
44,"continuous",3,"Mixed linear and rule-based","RuleFit",TRUE,"MSE",1.26000588737511,32.1800000000001,NA,140,140,0,0,77,63,0,0,0,0.55,0.55,2.45
45,"continuous",3,"Mixed linear and rule-based","BRP-GABLE full",TRUE,"MSE",1.16206708528144,53.85,NA,34,27,7,29,5,0,0,0,0.852941176470588,0.147058823529412,1,1.14705882352941
45,"continuous",3,"Mixed linear and rule-based","BRP-GABLE rule-only",TRUE,"MSE",1.61058216788422,53.79,NA,49,49,0,44,5,0,0,0,0.897959183673469,0.102040816326531,1,1.10204081632653
45,"continuous",3,"Mixed linear and rule-based","GABLE",TRUE,"MSE",2.13063948206981,1.28999999999996,NA,5,5,0,5,0,0,0,0,1,0,1,1
45,"continuous",3,"Mixed linear and rule-based","GBM",TRUE,"MSE",1.56508779838282,0.0499999999999545,NA,NA,NA,NA,NA,NA,NA,NA,NA,NA,NA,NA,NA
45,"continuous",3,"Mixed linear and rule-based","Linear",TRUE,"MSE",1.58585181572992,0.00999999999999091,NA,20,0,20,20,0,0,0,0,1,0,1,1
45,"continuous",3,"Mixed linear and rule-based","Random forest",TRUE,"MSE",1.67119211422141,2.40000000000009,NA,NA,NA,NA,NA,NA,NA,NA,NA,NA,NA,NA,NA
45,"continuous",3,"Mixed linear and rule-based","RuleFit",TRUE,"MSE",1.17253689055065,32.6999999999999,NA,127,127,0,0,69,58,0,0,0,0.543307086614173,0.543307086614173,2.45669291338583
46,"continuous",3,"Mixed linear and rule-based","BRP-GABLE full",TRUE,"MSE",1.19879978086819,55.25,NA,37,29,8,32,5,0,0,0,0.864864864864865,0.135135135135135,1,1.13513513513514
46,"continuous",3,"Mixed linear and rule-based","BRP-GABLE rule-only",TRUE,"MSE",1.68866071459587,55.8999999999999,NA,54,54,0,48,6,0,0,0,0.888888888888889,0.111111111111111,1,1.11111111111111
46,"continuous",3,"Mixed linear and rule-based","GABLE",TRUE,"MSE",2.34934974475791,1.45000000000005,NA,5,5,0,5,0,0,0,0,1,0,1,1
46,"continuous",3,"Mixed linear and rule-based","GBM",TRUE,"MSE",1.63426989356081,0.0600000000000591,NA,NA,NA,NA,NA,NA,NA,NA,NA,NA,NA,NA,NA
46,"continuous",3,"Mixed linear and rule-based","Linear",TRUE,"MSE",1.57887625997411,0,NA,20,0,20,20,0,0,0,0,1,0,1,1
46,"continuous",3,"Mixed linear and rule-based","Random forest",TRUE,"MSE",1.80405666281206,2.3599999999999,NA,NA,NA,NA,NA,NA,NA,NA,NA,NA,NA,NA,NA
46,"continuous",3,"Mixed linear and rule-based","RuleFit",TRUE,"MSE",1.27701346703949,33.5600000000001,NA,157,157,0,0,85,72,0,0,0,0.54140127388535,0.54140127388535,2.45859872611465
47,"continuous",3,"Mixed linear and rule-based","BRP-GABLE full",TRUE,"MSE",1.15442329189601,54.8499999999999,NA,39,31,8,35,4,0,0,0,0.897435897435897,0.102564102564103,1,1.1025641025641
47,"continuous",3,"Mixed linear and rule-based","BRP-GABLE rule-only",TRUE,"MSE",1.71343855127754,54.8699999999999,NA,60,60,0,55,5,0,0,0,0.916666666666667,0.0833333333333333,1,1.08333333333333
47,"continuous",3,"Mixed linear and rule-based","GABLE",TRUE,"MSE",2.3507010991372,1.25999999999999,NA,5,5,0,5,0,0,0,0,1,0,1,1
47,"continuous",3,"Mixed linear and rule-based","GBM",TRUE,"MSE",1.62960269244072,0.0499999999999545,NA,NA,NA,NA,NA,NA,NA,NA,NA,NA,NA,NA,NA
47,"continuous",3,"Mixed linear and rule-based","Linear",TRUE,"MSE",1.59806179171398,0.0199999999999818,NA,20,0,20,20,0,0,0,0,1,0,1,1
47,"continuous",3,"Mixed linear and rule-based","Random forest",TRUE,"MSE",1.72910341706534,2.25,NA,NA,NA,NA,NA,NA,NA,NA,NA,NA,NA,NA,NA
47,"continuous",3,"Mixed linear and rule-based","RuleFit",TRUE,"MSE",1.21512660795556,33.0600000000001,NA,133,133,0,2,71,60,0,0,0.0150375939849624,0.533834586466165,0.548872180451128,2.43609022556391
48,"continuous",3,"Mixed linear and rule-based","BRP-GABLE full",TRUE,"MSE",1.15983190755851,54.84,NA,32,23,9,30,2,0,0,0,0.9375,0.0625,1,1.0625
48,"continuous",3,"Mixed linear and rule-based","BRP-GABLE rule-only",TRUE,"MSE",1.78902066441986,54.95,NA,50,50,0,47,3,0,0,0,0.94,0.06,1,1.06
48,"continuous",3,"Mixed linear and rule-based","GABLE",TRUE,"MSE",2.33376765704326,1.38999999999999,NA,5,5,0,4,1,0,0,0,0.8,0.2,1,1.2
48,"continuous",3,"Mixed linear and rule-based","GBM",TRUE,"MSE",1.6788901040874,0.07000000000005,NA,NA,NA,NA,NA,NA,NA,NA,NA,NA,NA,NA,NA
48,"continuous",3,"Mixed linear and rule-based","Linear",TRUE,"MSE",1.60701510175421,0,NA,20,0,20,20,0,0,0,0,1,0,1,1
48,"continuous",3,"Mixed linear and rule-based","Random forest",TRUE,"MSE",1.85716338134031,2.5,NA,NA,NA,NA,NA,NA,NA,NA,NA,NA,NA,NA,NA
48,"continuous",3,"Mixed linear and rule-based","RuleFit",TRUE,"MSE",1.21630191112261,33.15,NA,139,139,0,0,69,70,0,0,0,0.496402877697842,0.496402877697842,2.50359712230216
49,"continuous",3,"Mixed linear and rule-based","BRP-GABLE full",TRUE,"MSE",1.22773543063101,54.95,NA,58,50,8,52,6,0,0,0,0.896551724137931,0.103448275862069,1,1.10344827586207
49,"continuous",3,"Mixed linear and rule-based","BRP-GABLE rule-only",TRUE,"MSE",1.82212751432165,54.6000000000001,NA,51,51,0,46,5,0,0,0,0.901960784313726,0.0980392156862745,1,1.09803921568627
49,"continuous",3,"Mixed linear and rule-based","GABLE",TRUE,"MSE",2.28754878130503,1.25,NA,5,5,0,5,0,0,0,0,1,0,1,1
49,"continuous",3,"Mixed linear and rule-based","GBM",TRUE,"MSE",1.69486943946419,0.0400000000000773,NA,NA,NA,NA,NA,NA,NA,NA,NA,NA,NA,NA,NA
49,"continuous",3,"Mixed linear and rule-based","Linear",TRUE,"MSE",1.72294168001327,0,NA,20,0,20,20,0,0,0,0,1,0,1,1
49,"continuous",3,"Mixed linear and rule-based","Random forest",TRUE,"MSE",1.9191691044028,2.32999999999993,NA,NA,NA,NA,NA,NA,NA,NA,NA,NA,NA,NA,NA
49,"continuous",3,"Mixed linear and rule-based","RuleFit",TRUE,"MSE",1.31718452040561,32.5,NA,158,158,0,2,85,71,0,0,0.0126582278481013,0.537974683544304,0.550632911392405,2.43670886075949
50,"continuous",3,"Mixed linear and rule-based","BRP-GABLE full",TRUE,"MSE",1.14291793087749,54.6,NA,38,32,6,35,3,0,0,0,0.921052631578947,0.0789473684210526,1,1.07894736842105
50,"continuous",3,"Mixed linear and rule-based","BRP-GABLE rule-only",TRUE,"MSE",1.62409047498284,55.04,NA,57,57,0,52,5,0,0,0,0.912280701754386,0.087719298245614,1,1.08771929824561
50,"continuous",3,"Mixed linear and rule-based","GABLE",TRUE,"MSE",2.47116555541898,1.38999999999999,NA,5,5,0,5,0,0,0,0,1,0,1,1
50,"continuous",3,"Mixed linear and rule-based","GBM",TRUE,"MSE",1.69641192812741,0.0399999999999636,NA,NA,NA,NA,NA,NA,NA,NA,NA,NA,NA,NA,NA
50,"continuous",3,"Mixed linear and rule-based","Linear",TRUE,"MSE",1.64863398252772,0,NA,20,0,20,20,0,0,0,0,1,0,1,1
50,"continuous",3,"Mixed linear and rule-based","Random forest",TRUE,"MSE",1.84990723980791,2.30000000000007,NA,NA,NA,NA,NA,NA,NA,NA,NA,NA,NA,NA,NA
50,"continuous",3,"Mixed linear and rule-based","RuleFit",TRUE,"MSE",1.29955162399941,32.1999999999999,NA,129,129,0,0,72,57,0,0,0,0.558139534883721,0.558139534883721,2.44186046511628
51,"continuous",3,"Mixed linear and rule-based","BRP-GABLE full",TRUE,"MSE",1.20128158036063,55.5799999999999,NA,36,28,8,34,2,0,0,0,0.944444444444444,0.0555555555555556,1,1.05555555555556
51,"continuous",3,"Mixed linear and rule-based","BRP-GABLE rule-only",TRUE,"MSE",1.84153320225142,55.8,NA,50,50,0,48,2,0,0,0,0.96,0.04,1,1.04
51,"continuous",3,"Mixed linear and rule-based","GABLE",TRUE,"MSE",2.36232697288241,1.36000000000001,NA,5,5,0,5,0,0,0,0,1,0,1,1
51,"continuous",3,"Mixed linear and rule-based","GBM",TRUE,"MSE",1.55172178740059,0.0599999999999454,NA,NA,NA,NA,NA,NA,NA,NA,NA,NA,NA,NA,NA
51,"continuous",3,"Mixed linear and rule-based","Linear",TRUE,"MSE",1.52464189331684,0,NA,20,0,20,20,0,0,0,0,1,0,1,1
51,"continuous",3,"Mixed linear and rule-based","Random forest",TRUE,"MSE",1.76088696813982,2.35000000000002,NA,NA,NA,NA,NA,NA,NA,NA,NA,NA,NA,NA,NA
51,"continuous",3,"Mixed linear and rule-based","RuleFit",TRUE,"MSE",1.2478545318457,32.03,NA,119,119,0,1,58,60,0,0,0.00840336134453781,0.487394957983193,0.495798319327731,2.49579831932773
52,"continuous",3,"Mixed linear and rule-based","BRP-GABLE full",TRUE,"MSE",1.09711118722055,55.0599999999999,NA,58,50,8,57,1,0,0,0,0.982758620689655,0.0172413793103448,1,1.01724137931034
52,"continuous",3,"Mixed linear and rule-based","BRP-GABLE rule-only",TRUE,"MSE",1.53527048050885,55.55,NA,59,59,0,58,1,0,0,0,0.983050847457627,0.0169491525423729,1,1.01694915254237
52,"continuous",3,"Mixed linear and rule-based","GABLE",TRUE,"MSE",2.25021964421508,1.25,NA,5,5,0,5,0,0,0,0,1,0,1,1
52,"continuous",3,"Mixed linear and rule-based","GBM",TRUE,"MSE",1.49521963328262,0.0399999999999636,NA,NA,NA,NA,NA,NA,NA,NA,NA,NA,NA,NA,NA
52,"continuous",3,"Mixed linear and rule-based","Linear",TRUE,"MSE",1.49273321049716,0,NA,20,0,20,20,0,0,0,0,1,0,1,1
52,"continuous",3,"Mixed linear and rule-based","Random forest",TRUE,"MSE",1.65200255530143,2.30000000000007,NA,NA,NA,NA,NA,NA,NA,NA,NA,NA,NA,NA,NA
52,"continuous",3,"Mixed linear and rule-based","RuleFit",TRUE,"MSE",1.16746920116641,33.3399999999999,NA,157,157,0,4,78,75,0,0,0.0254777070063694,0.496815286624204,0.522292993630573,2.45222929936306
53,"continuous",3,"Mixed linear and rule-based","BRP-GABLE full",TRUE,"MSE",1.18028315577187,54.1700000000001,NA,33,25,8,29,4,0,0,0,0.878787878787879,0.121212121212121,1,1.12121212121212
53,"continuous",3,"Mixed linear and rule-based","BRP-GABLE rule-only",TRUE,"MSE",1.66076647500263,54.1900000000002,NA,50,50,0,45,5,0,0,0,0.9,0.1,1,1.1
53,"continuous",3,"Mixed linear and rule-based","GABLE",TRUE,"MSE",2.16230722164505,1.26999999999998,NA,5,5,0,5,0,0,0,0,1,0,1,1
53,"continuous",3,"Mixed linear and rule-based","GBM",TRUE,"MSE",1.56704261662039,0.0400000000000773,NA,NA,NA,NA,NA,NA,NA,NA,NA,NA,NA,NA,NA
53,"continuous",3,"Mixed linear and rule-based","Linear",TRUE,"MSE",1.4784777798521,0,NA,20,0,20,20,0,0,0,0,1,0,1,1
53,"continuous",3,"Mixed linear and rule-based","Random forest",TRUE,"MSE",1.69080098547297,2.46999999999991,NA,NA,NA,NA,NA,NA,NA,NA,NA,NA,NA,NA,NA
53,"continuous",3,"Mixed linear and rule-based","RuleFit",TRUE,"MSE",1.22233108804971,31.72,NA,127,127,0,0,70,57,0,0,0,0.551181102362205,0.551181102362205,2.4488188976378
54,"continuous",3,"Mixed linear and rule-based","BRP-GABLE full",TRUE,"MSE",1.35231738274477,55.58,NA,42,33,9,39,3,0,0,0,0.928571428571429,0.0714285714285714,1,1.07142857142857
54,"continuous",3,"Mixed linear and rule-based","BRP-GABLE rule-only",TRUE,"MSE",1.93760272977275,56.4399999999999,NA,54,54,0,49,5,0,0,0,0.907407407407407,0.0925925925925926,1,1.09259259259259
54,"continuous",3,"Mixed linear and rule-based","GABLE",TRUE,"MSE",2.39226749918088,1.19999999999993,NA,5,5,0,5,0,0,0,0,1,0,1,1
54,"continuous",3,"Mixed linear and rule-based","GBM",TRUE,"MSE",1.64585098901437,0.0400000000000773,NA,NA,NA,NA,NA,NA,NA,NA,NA,NA,NA,NA,NA
54,"continuous",3,"Mixed linear and rule-based","Linear",TRUE,"MSE",1.72200751688364,0.0199999999999818,NA,20,0,20,20,0,0,0,0,1,0,1,1
54,"continuous",3,"Mixed linear and rule-based","Random forest",TRUE,"MSE",1.8149415308086,2.35000000000002,NA,NA,NA,NA,NA,NA,NA,NA,NA,NA,NA,NA,NA
54,"continuous",3,"Mixed linear and rule-based","RuleFit",TRUE,"MSE",1.34701653389089,32.9200000000001,NA,135,135,0,0,81,54,0,0,0,0.6,0.6,2.4
55,"continuous",3,"Mixed linear and rule-based","BRP-GABLE full",TRUE,"MSE",1.14323308246719,54.5599999999998,NA,39,31,8,35,4,0,0,0,0.897435897435897,0.102564102564103,1,1.1025641025641
55,"continuous",3,"Mixed linear and rule-based","BRP-GABLE rule-only",TRUE,"MSE",1.58991505572817,54.48,NA,59,59,0,55,4,0,0,0,0.932203389830508,0.0677966101694915,1,1.06779661016949
55,"continuous",3,"Mixed linear and rule-based","GABLE",TRUE,"MSE",2.24552824301773,1.2299999999999,NA,5,5,0,5,0,0,0,0,1,0,1,1
55,"continuous",3,"Mixed linear and rule-based","GBM",TRUE,"MSE",1.5906973839282,0.0299999999999727,NA,NA,NA,NA,NA,NA,NA,NA,NA,NA,NA,NA,NA
55,"continuous",3,"Mixed linear and rule-based","Linear",TRUE,"MSE",1.54254160982353,0.00999999999999091,NA,20,0,20,20,0,0,0,0,1,0,1,1
55,"continuous",3,"Mixed linear and rule-based","Random forest",TRUE,"MSE",1.74309744471368,2.55000000000007,NA,NA,NA,NA,NA,NA,NA,NA,NA,NA,NA,NA,NA
55,"continuous",3,"Mixed linear and rule-based","RuleFit",TRUE,"MSE",1.2466608326741,33.74,NA,124,124,0,0,73,51,0,0,0,0.588709677419355,0.588709677419355,2.41129032258065
56,"continuous",3,"Mixed linear and rule-based","BRP-GABLE full",TRUE,"MSE",1.14779228262809,54.42,NA,40,32,8,35,5,0,0,0,0.875,0.125,1,1.125
56,"continuous",3,"Mixed linear and rule-based","BRP-GABLE rule-only",TRUE,"MSE",1.5732305870802,54.2099999999999,NA,61,61,0,56,5,0,0,0,0.918032786885246,0.0819672131147541,1,1.08196721311475
56,"continuous",3,"Mixed linear and rule-based","GABLE",TRUE,"MSE",2.22451411875882,1.34000000000003,NA,5,5,0,5,0,0,0,0,1,0,1,1
56,"continuous",3,"Mixed linear and rule-based","GBM",TRUE,"MSE",1.52463869532834,0.0300000000000864,NA,NA,NA,NA,NA,NA,NA,NA,NA,NA,NA,NA,NA
56,"continuous",3,"Mixed linear and rule-based","Linear",TRUE,"MSE",1.63542863305815,0,NA,20,0,20,20,0,0,0,0,1,0,1,1
56,"continuous",3,"Mixed linear and rule-based","Random forest",TRUE,"MSE",1.68314530720334,2.32999999999993,NA,NA,NA,NA,NA,NA,NA,NA,NA,NA,NA,NA,NA
56,"continuous",3,"Mixed linear and rule-based","RuleFit",TRUE,"MSE",1.26104724930644,32.72,NA,111,111,0,1,55,55,0,0,0.00900900900900901,0.495495495495495,0.504504504504504,2.48648648648649
57,"continuous",3,"Mixed linear and rule-based","BRP-GABLE full",TRUE,"MSE",1.14487276562986,55.0400000000002,NA,39,32,7,37,2,0,0,0,0.948717948717949,0.0512820512820513,1,1.05128205128205
57,"continuous",3,"Mixed linear and rule-based","BRP-GABLE rule-only",TRUE,"MSE",1.5805608768305,54.95,NA,43,43,0,40,3,0,0,0,0.930232558139535,0.0697674418604651,1,1.06976744186047
57,"continuous",3,"Mixed linear and rule-based","GABLE",TRUE,"MSE",2.41635953560994,1.29000000000008,NA,5,5,0,5,0,0,0,0,1,0,1,1
57,"continuous",3,"Mixed linear and rule-based","GBM",TRUE,"MSE",1.6274410223409,0.0500000000000682,NA,NA,NA,NA,NA,NA,NA,NA,NA,NA,NA,NA,NA
57,"continuous",3,"Mixed linear and rule-based","Linear",TRUE,"MSE",1.70930282992255,0,NA,20,0,20,20,0,0,0,0,1,0,1,1
57,"continuous",3,"Mixed linear and rule-based","Random forest",TRUE,"MSE",1.74795302979636,2.29999999999995,NA,NA,NA,NA,NA,NA,NA,NA,NA,NA,NA,NA,NA
57,"continuous",3,"Mixed linear and rule-based","RuleFit",TRUE,"MSE",1.25713113446673,33.2099999999999,NA,121,121,0,0,76,45,0,0,0,0.628099173553719,0.628099173553719,2.37190082644628
58,"continuous",3,"Mixed linear and rule-based","BRP-GABLE full",TRUE,"MSE",1.15351021683999,53.6099999999998,NA,50,42,8,43,7,0,0,0,0.86,0.14,1,1.14
58,"continuous",3,"Mixed linear and rule-based","BRP-GABLE rule-only",TRUE,"MSE",1.52715228348944,53.7600000000001,NA,62,62,0,54,8,0,0,0,0.870967741935484,0.129032258064516,1,1.12903225806452
58,"continuous",3,"Mixed linear and rule-based","GABLE",TRUE,"MSE",2.29465032568899,1.2600000000001,NA,5,5,0,4,1,0,0,0,0.8,0.2,1,1.2
58,"continuous",3,"Mixed linear and rule-based","GBM",TRUE,"MSE",1.52571208154299,0.0499999999999545,NA,NA,NA,NA,NA,NA,NA,NA,NA,NA,NA,NA,NA
58,"continuous",3,"Mixed linear and rule-based","Linear",TRUE,"MSE",1.57517451996717,0.00999999999999091,NA,20,0,20,20,0,0,0,0,1,0,1,1
58,"continuous",3,"Mixed linear and rule-based","Random forest",TRUE,"MSE",1.66351988134596,2.33000000000004,NA,NA,NA,NA,NA,NA,NA,NA,NA,NA,NA,NA,NA
58,"continuous",3,"Mixed linear and rule-based","RuleFit",TRUE,"MSE",1.21603730811815,32.4399999999998,NA,140,140,0,1,87,52,0,0,0.00714285714285714,0.621428571428571,0.628571428571429,2.36428571428571
59,"continuous",3,"Mixed linear and rule-based","BRP-GABLE full",TRUE,"MSE",1.18919689939679,55.53,NA,42,34,8,42,0,0,0,0,1,0,1,1
59,"continuous",3,"Mixed linear and rule-based","BRP-GABLE rule-only",TRUE,"MSE",1.78881213300609,55.7999999999997,NA,53,53,0,53,0,0,0,0,1,0,1,1
59,"continuous",3,"Mixed linear and rule-based","GABLE",TRUE,"MSE",2.22243832380369,1.29999999999995,NA,5,5,0,5,0,0,0,0,1,0,1,1
59,"continuous",3,"Mixed linear and rule-based","GBM",TRUE,"MSE",1.55765020418456,0.0399999999999636,NA,NA,NA,NA,NA,NA,NA,NA,NA,NA,NA,NA,NA
59,"continuous",3,"Mixed linear and rule-based","Linear",TRUE,"MSE",1.56871914224237,0,NA,20,0,20,20,0,0,0,0,1,0,1,1
59,"continuous",3,"Mixed linear and rule-based","Random forest",TRUE,"MSE",1.69455191927438,2.25,NA,NA,NA,NA,NA,NA,NA,NA,NA,NA,NA,NA,NA
59,"continuous",3,"Mixed linear and rule-based","RuleFit",TRUE,"MSE",1.17068021048416,32.1600000000001,NA,128,128,0,0,80,48,0,0,0,0.625,0.625,2.375
60,"continuous",3,"Mixed linear and rule-based","BRP-GABLE full",TRUE,"MSE",1.13542548696095,55.6800000000001,NA,38,32,6,35,3,0,0,0,0.921052631578947,0.0789473684210526,1,1.07894736842105
60,"continuous",3,"Mixed linear and rule-based","BRP-GABLE rule-only",TRUE,"MSE",1.54860264850177,56.5000000000002,NA,57,57,0,54,3,0,0,0,0.947368421052632,0.0526315789473684,1,1.05263157894737
60,"continuous",3,"Mixed linear and rule-based","GABLE",TRUE,"MSE",2.2540704873674,1.32000000000016,NA,5,5,0,5,0,0,0,0,1,0,1,1
60,"continuous",3,"Mixed linear and rule-based","GBM",TRUE,"MSE",1.55624110684499,0.0299999999999727,NA,NA,NA,NA,NA,NA,NA,NA,NA,NA,NA,NA,NA
60,"continuous",3,"Mixed linear and rule-based","Linear",TRUE,"MSE",1.58175623275454,0.0199999999999818,NA,20,0,20,20,0,0,0,0,1,0,1,1
60,"continuous",3,"Mixed linear and rule-based","Random forest",TRUE,"MSE",1.7360226230067,2.37999999999988,NA,NA,NA,NA,NA,NA,NA,NA,NA,NA,NA,NA,NA
60,"continuous",3,"Mixed linear and rule-based","RuleFit",TRUE,"MSE",1.18448932056905,32.6299999999999,NA,134,134,0,1,75,58,0,0,0.00746268656716418,0.559701492537313,0.567164179104478,2.42537313432836
61,"continuous",3,"Mixed linear and rule-based","BRP-GABLE full",TRUE,"MSE",1.33465226328747,53.1100000000001,NA,29,21,8,23,6,0,0,0,0.793103448275862,0.206896551724138,1,1.20689655172414
61,"continuous",3,"Mixed linear and rule-based","BRP-GABLE rule-only",TRUE,"MSE",1.92956544295485,52.9900000000002,NA,52,52,0,43,9,0,0,0,0.826923076923077,0.173076923076923,1,1.17307692307692
61,"continuous",3,"Mixed linear and rule-based","GABLE",TRUE,"MSE",2.34530708322693,1.18999999999983,NA,5,5,0,4,1,0,0,0,0.8,0.2,1,1.2
61,"continuous",3,"Mixed linear and rule-based","GBM",TRUE,"MSE",1.63539151937247,0.0399999999999636,NA,NA,NA,NA,NA,NA,NA,NA,NA,NA,NA,NA,NA
61,"continuous",3,"Mixed linear and rule-based","Linear",TRUE,"MSE",1.59986570636706,0,NA,20,0,20,20,0,0,0,0,1,0,1,1
61,"continuous",3,"Mixed linear and rule-based","Random forest",TRUE,"MSE",1.85565485945531,2.36000000000013,NA,NA,NA,NA,NA,NA,NA,NA,NA,NA,NA,NA,NA
61,"continuous",3,"Mixed linear and rule-based","RuleFit",TRUE,"MSE",1.31878571326091,32.9400000000001,NA,134,134,0,0,89,45,0,0,0,0.664179104477612,0.664179104477612,2.33582089552239
62,"continuous",3,"Mixed linear and rule-based","BRP-GABLE full",TRUE,"MSE",1.18372430979316,54.3200000000002,NA,39,32,7,37,2,0,0,0,0.948717948717949,0.0512820512820513,1,1.05128205128205
62,"continuous",3,"Mixed linear and rule-based","BRP-GABLE rule-only",TRUE,"MSE",1.59973421383681,54.25,NA,44,44,0,42,2,0,0,0,0.954545454545455,0.0454545454545455,1,1.04545454545455
62,"continuous",3,"Mixed linear and rule-based","GABLE",TRUE,"MSE",2.18260895594253,1.37000000000012,NA,5,5,0,5,0,0,0,0,1,0,1,1
62,"continuous",3,"Mixed linear and rule-based","GBM",TRUE,"MSE",1.58059033958684,0.0500000000001819,NA,NA,NA,NA,NA,NA,NA,NA,NA,NA,NA,NA,NA
62,"continuous",3,"Mixed linear and rule-based","Linear",TRUE,"MSE",1.59073382007292,0,NA,20,0,20,20,0,0,0,0,1,0,1,1
62,"continuous",3,"Mixed linear and rule-based","Random forest",TRUE,"MSE",1.76623262194605,2.44999999999982,NA,NA,NA,NA,NA,NA,NA,NA,NA,NA,NA,NA,NA
62,"continuous",3,"Mixed linear and rule-based","RuleFit",TRUE,"MSE",1.30803436047153,33.3199999999999,NA,137,137,0,0,77,60,0,0,0,0.562043795620438,0.562043795620438,2.43795620437956
63,"continuous",3,"Mixed linear and rule-based","BRP-GABLE full",TRUE,"MSE",1.25825089734116,55.3500000000001,NA,42,35,7,36,6,0,0,0,0.857142857142857,0.142857142857143,1,1.14285714285714
63,"continuous",3,"Mixed linear and rule-based","BRP-GABLE rule-only",TRUE,"MSE",1.63894500299588,55.6700000000001,NA,55,55,0,49,6,0,0,0,0.890909090909091,0.109090909090909,1,1.10909090909091
63,"continuous",3,"Mixed linear and rule-based","GABLE",TRUE,"MSE",2.19052955604822,1.39999999999986,NA,5,5,0,5,0,0,0,0,1,0,1,1
63,"continuous",3,"Mixed linear and rule-based","GBM",TRUE,"MSE",1.67504137924528,0.0499999999999545,NA,NA,NA,NA,NA,NA,NA,NA,NA,NA,NA,NA,NA
63,"continuous",3,"Mixed linear and rule-based","Linear",TRUE,"MSE",1.68415031060953,0,NA,20,0,20,20,0,0,0,0,1,0,1,1
63,"continuous",3,"Mixed linear and rule-based","Random forest",TRUE,"MSE",1.79061886407565,2.30000000000018,NA,NA,NA,NA,NA,NA,NA,NA,NA,NA,NA,NA,NA
63,"continuous",3,"Mixed linear and rule-based","RuleFit",TRUE,"MSE",1.34366813666659,33.71,NA,133,133,0,0,93,40,0,0,0,0.699248120300752,0.699248120300752,2.30075187969925
64,"continuous",3,"Mixed linear and rule-based","BRP-GABLE full",TRUE,"MSE",1.29918246564221,56.6900000000001,NA,43,36,7,38,5,0,0,0,0.883720930232558,0.116279069767442,1,1.11627906976744
64,"continuous",3,"Mixed linear and rule-based","BRP-GABLE rule-only",TRUE,"MSE",1.72099647916307,57.1399999999999,NA,56,56,0,52,4,0,0,0,0.928571428571429,0.0714285714285714,1,1.07142857142857
64,"continuous",3,"Mixed linear and rule-based","GABLE",TRUE,"MSE",2.39799503182677,1.29999999999995,NA,5,5,0,5,0,0,0,0,1,0,1,1
64,"continuous",3,"Mixed linear and rule-based","GBM",TRUE,"MSE",1.72257483426709,0.0399999999999636,NA,NA,NA,NA,NA,NA,NA,NA,NA,NA,NA,NA,NA
64,"continuous",3,"Mixed linear and rule-based","Linear",TRUE,"MSE",1.76112121568595,0,NA,20,0,20,20,0,0,0,0,1,0,1,1
64,"continuous",3,"Mixed linear and rule-based","Random forest",TRUE,"MSE",1.85995923834948,2.32999999999993,NA,NA,NA,NA,NA,NA,NA,NA,NA,NA,NA,NA,NA
64,"continuous",3,"Mixed linear and rule-based","RuleFit",TRUE,"MSE",1.36071176263767,33.75,NA,124,124,0,0,78,46,0,0,0,0.629032258064516,0.629032258064516,2.37096774193548
65,"continuous",3,"Mixed linear and rule-based","BRP-GABLE full",TRUE,"MSE",1.24779130600403,54.7000000000003,NA,36,29,7,32,4,0,0,0,0.888888888888889,0.111111111111111,1,1.11111111111111
65,"continuous",3,"Mixed linear and rule-based","BRP-GABLE rule-only",TRUE,"MSE",1.76636448855985,55.3200000000002,NA,53,53,0,48,5,0,0,0,0.905660377358491,0.0943396226415094,1,1.09433962264151
65,"continuous",3,"Mixed linear and rule-based","GABLE",TRUE,"MSE",2.32221196746382,1.30999999999995,NA,5,5,0,5,0,0,0,0,1,0,1,1
65,"continuous",3,"Mixed linear and rule-based","GBM",TRUE,"MSE",1.71590571173343,0.0599999999999454,NA,NA,NA,NA,NA,NA,NA,NA,NA,NA,NA,NA,NA
65,"continuous",3,"Mixed linear and rule-based","Linear",TRUE,"MSE",1.71619711244024,0,NA,20,0,20,20,0,0,0,0,1,0,1,1
65,"continuous",3,"Mixed linear and rule-based","Random forest",TRUE,"MSE",1.87528599553334,2.58000000000015,NA,NA,NA,NA,NA,NA,NA,NA,NA,NA,NA,NA,NA
65,"continuous",3,"Mixed linear and rule-based","RuleFit",TRUE,"MSE",1.22502069547815,34.0599999999999,NA,132,132,0,0,72,60,0,0,0,0.545454545454545,0.545454545454545,2.45454545454545
66,"continuous",3,"Mixed linear and rule-based","BRP-GABLE full",TRUE,"MSE",1.17374578308925,56.8400000000001,NA,38,31,7,36,2,0,0,0,0.947368421052632,0.0526315789473684,1,1.05263157894737
66,"continuous",3,"Mixed linear and rule-based","BRP-GABLE rule-only",TRUE,"MSE",1.66516820013579,57.01,NA,46,46,0,44,2,0,0,0,0.956521739130435,0.0434782608695652,1,1.04347826086957
66,"continuous",3,"Mixed linear and rule-based","GABLE",TRUE,"MSE",2.2804271883914,1.47000000000003,NA,5,5,0,5,0,0,0,0,1,0,1,1
66,"continuous",3,"Mixed linear and rule-based","GBM",TRUE,"MSE",1.56357211732133,0.0499999999999545,NA,NA,NA,NA,NA,NA,NA,NA,NA,NA,NA,NA,NA
66,"continuous",3,"Mixed linear and rule-based","Linear",TRUE,"MSE",1.4947952281908,0,NA,20,0,20,20,0,0,0,0,1,0,1,1
66,"continuous",3,"Mixed linear and rule-based","Random forest",TRUE,"MSE",1.73079078540414,2.47000000000003,NA,NA,NA,NA,NA,NA,NA,NA,NA,NA,NA,NA,NA
66,"continuous",3,"Mixed linear and rule-based","RuleFit",TRUE,"MSE",1.28585764996068,34.04,NA,129,129,0,1,82,46,0,0,0.00775193798449612,0.635658914728682,0.643410852713178,2.34883720930233
67,"continuous",3,"Mixed linear and rule-based","BRP-GABLE full",TRUE,"MSE",1.41988015813327,57.25,NA,42,34,8,39,3,0,0,0,0.928571428571429,0.0714285714285714,1,1.07142857142857
67,"continuous",3,"Mixed linear and rule-based","BRP-GABLE rule-only",TRUE,"MSE",2.10808126860885,57.5600000000002,NA,50,50,0,46,4,0,0,0,0.92,0.08,1,1.08
67,"continuous",3,"Mixed linear and rule-based","GABLE",TRUE,"MSE",2.3472435707119,1.27999999999997,NA,5,5,0,5,0,0,0,0,1,0,1,1
67,"continuous",3,"Mixed linear and rule-based","GBM",TRUE,"MSE",1.80285699224582,0.0399999999999636,NA,NA,NA,NA,NA,NA,NA,NA,NA,NA,NA,NA,NA
67,"continuous",3,"Mixed linear and rule-based","Linear",TRUE,"MSE",1.67227292924209,0.00999999999999091,NA,20,0,20,20,0,0,0,0,1,0,1,1
67,"continuous",3,"Mixed linear and rule-based","Random forest",TRUE,"MSE",1.91235093782045,2.42000000000007,NA,NA,NA,NA,NA,NA,NA,NA,NA,NA,NA,NA,NA
67,"continuous",3,"Mixed linear and rule-based","RuleFit",TRUE,"MSE",1.29951683546344,33.25,NA,162,162,0,3,107,52,0,0,0.0185185185185185,0.660493827160494,0.679012345679012,2.30246913580247
68,"continuous",3,"Mixed linear and rule-based","BRP-GABLE full",TRUE,"MSE",1.24873568031021,56.9900000000002,NA,32,22,10,30,2,0,0,0,0.9375,0.0625,1,1.0625
68,"continuous",3,"Mixed linear and rule-based","BRP-GABLE rule-only",TRUE,"MSE",1.97131349513123,57.4600000000003,NA,36,36,0,34,2,0,0,0,0.944444444444444,0.0555555555555556,1,1.05555555555556
68,"continuous",3,"Mixed linear and rule-based","GABLE",TRUE,"MSE",2.36717243909291,1.37999999999988,NA,5,5,0,5,0,0,0,0,1,0,1,1
68,"continuous",3,"Mixed linear and rule-based","GBM",TRUE,"MSE",1.6402687995158,0.0699999999999363,NA,NA,NA,NA,NA,NA,NA,NA,NA,NA,NA,NA,NA
68,"continuous",3,"Mixed linear and rule-based","Linear",TRUE,"MSE",1.56324803061995,0,NA,20,0,20,20,0,0,0,0,1,0,1,1
68,"continuous",3,"Mixed linear and rule-based","Random forest",TRUE,"MSE",1.78494378172811,2.40000000000009,NA,NA,NA,NA,NA,NA,NA,NA,NA,NA,NA,NA,NA
68,"continuous",3,"Mixed linear and rule-based","RuleFit",TRUE,"MSE",1.29166518061721,31.9400000000001,NA,129,129,0,1,64,64,0,0,0.00775193798449612,0.496124031007752,0.503875968992248,2.48837209302326
69,"continuous",3,"Mixed linear and rule-based","BRP-GABLE full",TRUE,"MSE",1.22101299136287,55.77,NA,28,20,8,24,4,0,0,0,0.857142857142857,0.142857142857143,1,1.14285714285714
69,"continuous",3,"Mixed linear and rule-based","BRP-GABLE rule-only",TRUE,"MSE",1.76102854442656,56.5,NA,41,41,0,37,4,0,0,0,0.902439024390244,0.0975609756097561,1,1.09756097560976
69,"continuous",3,"Mixed linear and rule-based","GABLE",TRUE,"MSE",2.2544412092471,1.36999999999989,NA,5,5,0,5,0,0,0,0,1,0,1,1
69,"continuous",3,"Mixed linear and rule-based","GBM",TRUE,"MSE",1.62460741106572,0.0500000000001819,NA,NA,NA,NA,NA,NA,NA,NA,NA,NA,NA,NA,NA
69,"continuous",3,"Mixed linear and rule-based","Linear",TRUE,"MSE",1.65876959537851,0,NA,20,0,20,20,0,0,0,0,1,0,1,1
69,"continuous",3,"Mixed linear and rule-based","Random forest",TRUE,"MSE",1.76072146309773,2.30999999999995,NA,NA,NA,NA,NA,NA,NA,NA,NA,NA,NA,NA,NA
69,"continuous",3,"Mixed linear and rule-based","RuleFit",TRUE,"MSE",1.26279471481354,32.3500000000001,NA,118,118,0,0,61,57,0,0,0,0.516949152542373,0.516949152542373,2.48305084745763
70,"continuous",3,"Mixed linear and rule-based","BRP-GABLE full",TRUE,"MSE",1.05070087797193,56.6099999999999,NA,39,32,7,36,3,0,0,0,0.923076923076923,0.0769230769230769,1,1.07692307692308
70,"continuous",3,"Mixed linear and rule-based","BRP-GABLE rule-only",TRUE,"MSE",1.55920322750338,56.9800000000002,NA,53,53,0,50,3,0,0,0,0.943396226415094,0.0566037735849057,1,1.05660377358491
70,"continuous",3,"Mixed linear and rule-based","GABLE",TRUE,"MSE",2.0996571055682,1.42000000000007,NA,5,5,0,5,0,0,0,0,1,0,1,1
70,"continuous",3,"Mixed linear and rule-based","GBM",TRUE,"MSE",1.47559972482825,0.0399999999999636,NA,NA,NA,NA,NA,NA,NA,NA,NA,NA,NA,NA,NA
70,"continuous",3,"Mixed linear and rule-based","Linear",TRUE,"MSE",1.5283749341575,0,NA,20,0,20,20,0,0,0,0,1,0,1,1
70,"continuous",3,"Mixed linear and rule-based","Random forest",TRUE,"MSE",1.61282341874576,2.32999999999993,NA,NA,NA,NA,NA,NA,NA,NA,NA,NA,NA,NA,NA
70,"continuous",3,"Mixed linear and rule-based","RuleFit",TRUE,"MSE",1.1731968081543,32.8299999999999,NA,127,127,0,0,72,55,0,0,0,0.566929133858268,0.566929133858268,2.43307086614173
71,"continuous",3,"Mixed linear and rule-based","BRP-GABLE full",TRUE,"MSE",1.11088571685985,53.5699999999999,NA,38,30,8,31,7,0,0,0,0.815789473684211,0.184210526315789,1,1.18421052631579
71,"continuous",3,"Mixed linear and rule-based","BRP-GABLE rule-only",TRUE,"MSE",1.59076001213304,53.3999999999999,NA,57,57,0,53,4,0,0,0,0.929824561403509,0.0701754385964912,1,1.07017543859649
71,"continuous",3,"Mixed linear and rule-based","GABLE",TRUE,"MSE",2.44137857777944,1.16999999999985,NA,5,5,0,5,0,0,0,0,1,0,1,1
71,"continuous",3,"Mixed linear and rule-based","GBM",TRUE,"MSE",1.74008861746256,0.0599999999999454,NA,NA,NA,NA,NA,NA,NA,NA,NA,NA,NA,NA,NA
71,"continuous",3,"Mixed linear and rule-based","Linear",TRUE,"MSE",1.62986905177198,0,NA,20,0,20,20,0,0,0,0,1,0,1,1
71,"continuous",3,"Mixed linear and rule-based","Random forest",TRUE,"MSE",1.93723909308658,2.49000000000001,NA,NA,NA,NA,NA,NA,NA,NA,NA,NA,NA,NA,NA
71,"continuous",3,"Mixed linear and rule-based","RuleFit",TRUE,"MSE",1.25450285400002,32.6900000000001,NA,109,109,0,0,70,39,0,0,0,0.642201834862385,0.642201834862385,2.35779816513761
72,"continuous",3,"Mixed linear and rule-based","BRP-GABLE full",TRUE,"MSE",1.3973842327378,55.4000000000001,NA,39,31,8,31,8,0,0,0,0.794871794871795,0.205128205128205,1,1.20512820512821
72,"continuous",3,"Mixed linear and rule-based","BRP-GABLE rule-only",TRUE,"MSE",1.89711314109329,55.27,NA,49,49,0,41,8,0,0,0,0.836734693877551,0.163265306122449,1,1.16326530612245
72,"continuous",3,"Mixed linear and rule-based","GABLE",TRUE,"MSE",2.24961442475806,1.28999999999996,NA,5,5,0,5,0,0,0,0,1,0,1,1
72,"continuous",3,"Mixed linear and rule-based","GBM",TRUE,"MSE",1.64401461156042,0.0299999999999727,NA,NA,NA,NA,NA,NA,NA,NA,NA,NA,NA,NA,NA
72,"continuous",3,"Mixed linear and rule-based","Linear",TRUE,"MSE",1.65238414512206,0.00999999999999091,NA,20,0,20,20,0,0,0,0,1,0,1,1
72,"continuous",3,"Mixed linear and rule-based","Random forest",TRUE,"MSE",1.88190758187335,2.38000000000011,NA,NA,NA,NA,NA,NA,NA,NA,NA,NA,NA,NA,NA
72,"continuous",3,"Mixed linear and rule-based","RuleFit",TRUE,"MSE",1.33561302565883,32.6900000000001,NA,109,109,0,0,64,45,0,0,0,0.587155963302752,0.587155963302752,2.41284403669725
73,"continuous",3,"Mixed linear and rule-based","BRP-GABLE full",TRUE,"MSE",1.17275862822965,55.0400000000002,NA,43,37,6,39,4,0,0,0,0.906976744186046,0.0930232558139535,1,1.09302325581395
73,"continuous",3,"Mixed linear and rule-based","BRP-GABLE rule-only",TRUE,"MSE",1.69320123819534,55.8900000000001,NA,63,63,0,59,4,0,0,0,0.936507936507937,0.0634920634920635,1,1.06349206349206
73,"continuous",3,"Mixed linear and rule-based","GABLE",TRUE,"MSE",2.45069683761926,1.27999999999997,NA,5,5,0,5,0,0,0,0,1,0,1,1
73,"continuous",3,"Mixed linear and rule-based","GBM",TRUE,"MSE",1.72753505136837,0.0499999999999545,NA,NA,NA,NA,NA,NA,NA,NA,NA,NA,NA,NA,NA
73,"continuous",3,"Mixed linear and rule-based","Linear",TRUE,"MSE",1.66407800104563,0.00999999999999091,NA,20,0,20,20,0,0,0,0,1,0,1,1
73,"continuous",3,"Mixed linear and rule-based","Random forest",TRUE,"MSE",1.87370054102509,2.37000000000012,NA,NA,NA,NA,NA,NA,NA,NA,NA,NA,NA,NA,NA
73,"continuous",3,"Mixed linear and rule-based","RuleFit",TRUE,"MSE",1.26049601082723,32.0699999999999,NA,105,105,0,1,60,44,0,0,0.00952380952380952,0.571428571428571,0.580952380952381,2.40952380952381
74,"continuous",3,"Mixed linear and rule-based","BRP-GABLE full",TRUE,"MSE",1.14653486682568,55.51,NA,44,35,9,39,5,0,0,0,0.886363636363636,0.113636363636364,1,1.11363636363636
74,"continuous",3,"Mixed linear and rule-based","BRP-GABLE rule-only",TRUE,"MSE",1.49968423266909,55.03,NA,52,52,0,47,5,0,0,0,0.903846153846154,0.0961538461538462,1,1.09615384615385
74,"continuous",3,"Mixed linear and rule-based","GABLE",TRUE,"MSE",2.27480244964407,1.29999999999995,NA,5,5,0,5,0,0,0,0,1,0,1,1
74,"continuous",3,"Mixed linear and rule-based","GBM",TRUE,"MSE",1.62541841198018,0.0499999999999545,NA,NA,NA,NA,NA,NA,NA,NA,NA,NA,NA,NA,NA
74,"continuous",3,"Mixed linear and rule-based","Linear",TRUE,"MSE",1.56564892417364,0,NA,20,0,20,20,0,0,0,0,1,0,1,1
74,"continuous",3,"Mixed linear and rule-based","Random forest",TRUE,"MSE",1.80076124619211,2.3900000000001,NA,NA,NA,NA,NA,NA,NA,NA,NA,NA,NA,NA,NA
74,"continuous",3,"Mixed linear and rule-based","RuleFit",TRUE,"MSE",1.24616609296076,32.9200000000001,NA,184,184,0,5,87,92,0,0,0.0271739130434783,0.472826086956522,0.5,2.47282608695652
75,"continuous",3,"Mixed linear and rule-based","BRP-GABLE full",TRUE,"MSE",1.14793982287565,54.7800000000002,NA,33,25,8,30,3,0,0,0,0.909090909090909,0.0909090909090909,1,1.09090909090909
75,"continuous",3,"Mixed linear and rule-based","BRP-GABLE rule-only",TRUE,"MSE",1.98901727555633,56.8599999999999,NA,58,58,0,53,5,0,0,0,0.913793103448276,0.0862068965517241,1,1.08620689655172
75,"continuous",3,"Mixed linear and rule-based","GABLE",TRUE,"MSE",2.5657843948804,1.32999999999993,NA,5,5,0,5,0,0,0,0,1,0,1,1
75,"continuous",3,"Mixed linear and rule-based","GBM",TRUE,"MSE",1.65544634876176,0.0399999999999636,NA,NA,NA,NA,NA,NA,NA,NA,NA,NA,NA,NA,NA
75,"continuous",3,"Mixed linear and rule-based","Linear",TRUE,"MSE",1.57295338059994,0,NA,20,0,20,20,0,0,0,0,1,0,1,1
75,"continuous",3,"Mixed linear and rule-based","Random forest",TRUE,"MSE",1.80336521646654,2.36000000000013,NA,NA,NA,NA,NA,NA,NA,NA,NA,NA,NA,NA,NA
75,"continuous",3,"Mixed linear and rule-based","RuleFit",TRUE,"MSE",1.20686171646794,33.75,NA,158,158,0,3,104,51,0,0,0.0189873417721519,0.658227848101266,0.677215189873418,2.30379746835443
76,"continuous",3,"Mixed linear and rule-based","BRP-GABLE full",TRUE,"MSE",1.20935993131072,56.3999999999999,NA,26,19,7,24,2,0,0,0,0.923076923076923,0.0769230769230769,1,1.07692307692308
76,"continuous",3,"Mixed linear and rule-based","BRP-GABLE rule-only",TRUE,"MSE",1.53996097802881,56.26,NA,49,49,0,47,2,0,0,0,0.959183673469388,0.0408163265306122,1,1.04081632653061
76,"continuous",3,"Mixed linear and rule-based","GABLE",TRUE,"MSE",2.29773492467688,1.30999999999995,NA,5,5,0,5,0,0,0,0,1,0,1,1
76,"continuous",3,"Mixed linear and rule-based","GBM",TRUE,"MSE",1.51550942687144,0.0499999999999545,NA,NA,NA,NA,NA,NA,NA,NA,NA,NA,NA,NA,NA
76,"continuous",3,"Mixed linear and rule-based","Linear",TRUE,"MSE",1.73095438076803,0,NA,20,0,20,20,0,0,0,0,1,0,1,1
76,"continuous",3,"Mixed linear and rule-based","Random forest",TRUE,"MSE",1.63039298018334,2.30000000000018,NA,NA,NA,NA,NA,NA,NA,NA,NA,NA,NA,NA,NA
76,"continuous",3,"Mixed linear and rule-based","RuleFit",TRUE,"MSE",1.25706822300846,31.8599999999999,NA,101,101,0,0,61,40,0,0,0,0.603960396039604,0.603960396039604,2.3960396039604
77,"continuous",3,"Mixed linear and rule-based","BRP-GABLE full",TRUE,"MSE",1.2469404538616,54.8799999999999,NA,34,27,7,33,1,0,0,0,0.970588235294118,0.0294117647058824,1,1.02941176470588
77,"continuous",3,"Mixed linear and rule-based","BRP-GABLE rule-only",TRUE,"MSE",1.81460786226203,55.01,NA,49,49,0,48,1,0,0,0,0.979591836734694,0.0204081632653061,1,1.02040816326531
77,"continuous",3,"Mixed linear and rule-based","GABLE",TRUE,"MSE",2.30096535279281,1.21000000000004,NA,5,5,0,5,0,0,0,0,1,0,1,1
77,"continuous",3,"Mixed linear and rule-based","GBM",TRUE,"MSE",1.58069098157552,0.0499999999999545,NA,NA,NA,NA,NA,NA,NA,NA,NA,NA,NA,NA,NA
77,"continuous",3,"Mixed linear and rule-based","Linear",TRUE,"MSE",1.73538623867576,0,NA,20,0,20,20,0,0,0,0,1,0,1,1
77,"continuous",3,"Mixed linear and rule-based","Random forest",TRUE,"MSE",1.74492699829804,2.45000000000005,NA,NA,NA,NA,NA,NA,NA,NA,NA,NA,NA,NA,NA
77,"continuous",3,"Mixed linear and rule-based","RuleFit",TRUE,"MSE",1.25925299539285,32.4300000000001,NA,140,140,0,0,86,54,0,0,0,0.614285714285714,0.614285714285714,2.38571428571429
78,"continuous",3,"Mixed linear and rule-based","BRP-GABLE full",TRUE,"MSE",1.15440667235218,54.8400000000001,NA,42,34,8,41,1,0,0,0,0.976190476190476,0.0238095238095238,1,1.02380952380952
78,"continuous",3,"Mixed linear and rule-based","BRP-GABLE rule-only",TRUE,"MSE",1.72813974777498,55.5400000000002,NA,51,51,0,49,2,0,0,0,0.96078431372549,0.0392156862745098,1,1.03921568627451
78,"continuous",3,"Mixed linear and rule-based","GABLE",TRUE,"MSE",2.44731191314066,1.19999999999982,NA,5,5,0,4,1,0,0,0,0.8,0.2,1,1.2
78,"continuous",3,"Mixed linear and rule-based","GBM",TRUE,"MSE",1.60717759701514,0.0499999999999545,NA,NA,NA,NA,NA,NA,NA,NA,NA,NA,NA,NA,NA
78,"continuous",3,"Mixed linear and rule-based","Linear",TRUE,"MSE",1.63774046084066,0,NA,20,0,20,20,0,0,0,0,1,0,1,1
78,"continuous",3,"Mixed linear and rule-based","Random forest",TRUE,"MSE",1.75105912064642,2.41000000000008,NA,NA,NA,NA,NA,NA,NA,NA,NA,NA,NA,NA,NA
78,"continuous",3,"Mixed linear and rule-based","RuleFit",TRUE,"MSE",1.24855854968791,32.7,NA,126,126,0,0,77,49,0,0,0,0.611111111111111,0.611111111111111,2.38888888888889
79,"continuous",3,"Mixed linear and rule-based","BRP-GABLE full",TRUE,"MSE",1.17048389915974,56.8599999999999,NA,47,39,8,41,6,0,0,0,0.872340425531915,0.127659574468085,1,1.12765957446809
79,"continuous",3,"Mixed linear and rule-based","BRP-GABLE rule-only",TRUE,"MSE",1.69119381719857,56.5500000000002,NA,61,61,0,56,5,0,0,0,0.918032786885246,0.0819672131147541,1,1.08196721311475
79,"continuous",3,"Mixed linear and rule-based","GABLE",TRUE,"MSE",2.32775684628313,1.30999999999995,NA,5,5,0,5,0,0,0,0,1,0,1,1
79,"continuous",3,"Mixed linear and rule-based","GBM",TRUE,"MSE",1.69512062405699,0.0499999999999545,NA,NA,NA,NA,NA,NA,NA,NA,NA,NA,NA,NA,NA
79,"continuous",3,"Mixed linear and rule-based","Linear",TRUE,"MSE",1.5198972590586,0,NA,20,0,20,20,0,0,0,0,1,0,1,1
79,"continuous",3,"Mixed linear and rule-based","Random forest",TRUE,"MSE",1.85033193506598,2.36000000000013,NA,NA,NA,NA,NA,NA,NA,NA,NA,NA,NA,NA,NA
79,"continuous",3,"Mixed linear and rule-based","RuleFit",TRUE,"MSE",1.23704358664657,32.27,NA,126,126,0,0,67,59,0,0,0,0.531746031746032,0.531746031746032,2.46825396825397
80,"continuous",3,"Mixed linear and rule-based","BRP-GABLE full",TRUE,"MSE",1.25085554110153,54.74,NA,38,30,8,36,2,0,0,0,0.947368421052632,0.0526315789473684,1,1.05263157894737
80,"continuous",3,"Mixed linear and rule-based","BRP-GABLE rule-only",TRUE,"MSE",1.6762688434979,55.4000000000001,NA,55,55,0,53,2,0,0,0,0.963636363636364,0.0363636363636364,1,1.03636363636364
80,"continuous",3,"Mixed linear and rule-based","GABLE",TRUE,"MSE",2.20859761991381,1.22000000000003,NA,5,5,0,5,0,0,0,0,1,0,1,1
80,"continuous",3,"Mixed linear and rule-based","GBM",TRUE,"MSE",1.58523248246294,0.0499999999999545,NA,NA,NA,NA,NA,NA,NA,NA,NA,NA,NA,NA,NA
80,"continuous",3,"Mixed linear and rule-based","Linear",TRUE,"MSE",1.72702507969043,0,NA,20,0,20,20,0,0,0,0,1,0,1,1
80,"continuous",3,"Mixed linear and rule-based","Random forest",TRUE,"MSE",1.7277861120127,2.31000000000017,NA,NA,NA,NA,NA,NA,NA,NA,NA,NA,NA,NA,NA
80,"continuous",3,"Mixed linear and rule-based","RuleFit",TRUE,"MSE",1.30855199448901,33.9699999999998,NA,123,123,0,1,74,48,0,0,0.00813008130081301,0.601626016260163,0.609756097560976,2.38211382113821
81,"continuous",3,"Mixed linear and rule-based","BRP-GABLE full",TRUE,"MSE",1.13393337582951,55.26,NA,43,37,6,39,4,0,0,0,0.906976744186046,0.0930232558139535,1,1.09302325581395
81,"continuous",3,"Mixed linear and rule-based","BRP-GABLE rule-only",TRUE,"MSE",1.46308481318208,55.29,NA,61,61,0,57,4,0,0,0,0.934426229508197,0.0655737704918033,1,1.0655737704918
81,"continuous",3,"Mixed linear and rule-based","GABLE",TRUE,"MSE",2.27514179635032,1.16999999999985,NA,5,5,0,4,1,0,0,0,0.8,0.2,1,1.2
81,"continuous",3,"Mixed linear and rule-based","GBM",TRUE,"MSE",1.57800867598686,0.0499999999999545,NA,NA,NA,NA,NA,NA,NA,NA,NA,NA,NA,NA,NA
81,"continuous",3,"Mixed linear and rule-based","Linear",TRUE,"MSE",1.54080906970056,0.0199999999999818,NA,20,0,20,20,0,0,0,0,1,0,1,1
81,"continuous",3,"Mixed linear and rule-based","Random forest",TRUE,"MSE",1.72658796267789,2.34000000000015,NA,NA,NA,NA,NA,NA,NA,NA,NA,NA,NA,NA,NA
81,"continuous",3,"Mixed linear and rule-based","RuleFit",TRUE,"MSE",1.19364432218458,33,NA,144,144,0,0,95,49,0,0,0,0.659722222222222,0.659722222222222,2.34027777777778
82,"continuous",3,"Mixed linear and rule-based","BRP-GABLE full",TRUE,"MSE",1.18437317397389,55.49,NA,38,31,7,36,2,0,0,0,0.947368421052632,0.0526315789473684,1,1.05263157894737
82,"continuous",3,"Mixed linear and rule-based","BRP-GABLE rule-only",TRUE,"MSE",1.58651135143091,56.1499999999999,NA,58,58,0,54,4,0,0,0,0.931034482758621,0.0689655172413793,1,1.06896551724138
82,"continuous",3,"Mixed linear and rule-based","GABLE",TRUE,"MSE",2.34112658697315,1.09000000000015,NA,5,5,0,4,1,0,0,0,0.8,0.2,1,1.2
82,"continuous",3,"Mixed linear and rule-based","GBM",TRUE,"MSE",1.61542735124486,0.0499999999999545,NA,NA,NA,NA,NA,NA,NA,NA,NA,NA,NA,NA,NA
82,"continuous",3,"Mixed linear and rule-based","Linear",TRUE,"MSE",1.69100921084787,0,NA,20,0,20,20,0,0,0,0,1,0,1,1
82,"continuous",3,"Mixed linear and rule-based","Random forest",TRUE,"MSE",1.68924726042679,2.25,NA,NA,NA,NA,NA,NA,NA,NA,NA,NA,NA,NA,NA
82,"continuous",3,"Mixed linear and rule-based","RuleFit",TRUE,"MSE",1.25604971183323,32.8,NA,145,145,0,1,83,61,0,0,0.00689655172413793,0.572413793103448,0.579310344827586,2.41379310344828
83,"continuous",3,"Mixed linear and rule-based","BRP-GABLE full",TRUE,"MSE",1.13584004921675,54.4100000000001,NA,48,41,7,41,7,0,0,0,0.854166666666667,0.145833333333333,1,1.14583333333333
83,"continuous",3,"Mixed linear and rule-based","BRP-GABLE rule-only",TRUE,"MSE",1.53753375589176,54.5300000000002,NA,50,50,0,43,7,0,0,0,0.86,0.14,1,1.14
83,"continuous",3,"Mixed linear and rule-based","GABLE",TRUE,"MSE",2.34337344252856,1.22000000000003,NA,5,5,0,4,1,0,0,0,0.8,0.2,1,1.2
83,"continuous",3,"Mixed linear and rule-based","GBM",TRUE,"MSE",1.50935949641683,0.0499999999999545,NA,NA,NA,NA,NA,NA,NA,NA,NA,NA,NA,NA,NA
83,"continuous",3,"Mixed linear and rule-based","Linear",TRUE,"MSE",1.65318412908847,0,NA,20,0,20,20,0,0,0,0,1,0,1,1
83,"continuous",3,"Mixed linear and rule-based","Random forest",TRUE,"MSE",1.66377158455292,2.46000000000004,NA,NA,NA,NA,NA,NA,NA,NA,NA,NA,NA,NA,NA
83,"continuous",3,"Mixed linear and rule-based","RuleFit",TRUE,"MSE",1.160961026276,32.8899999999999,NA,129,129,0,0,63,66,0,0,0,0.488372093023256,0.488372093023256,2.51162790697674
84,"continuous",3,"Mixed linear and rule-based","BRP-GABLE full",TRUE,"MSE",1.31074563415282,55.8,NA,35,26,9,34,1,0,0,0,0.971428571428571,0.0285714285714286,1,1.02857142857143
84,"continuous",3,"Mixed linear and rule-based","BRP-GABLE rule-only",TRUE,"MSE",1.86980822142088,55.04,NA,48,48,0,47,1,0,0,0,0.979166666666667,0.0208333333333333,1,1.02083333333333
84,"continuous",3,"Mixed linear and rule-based","GABLE",TRUE,"MSE",2.28431418596518,1.25,NA,5,5,0,5,0,0,0,0,1,0,1,1
84,"continuous",3,"Mixed linear and rule-based","GBM",TRUE,"MSE",1.71027870883894,0.0599999999999454,NA,NA,NA,NA,NA,NA,NA,NA,NA,NA,NA,NA,NA
84,"continuous",3,"Mixed linear and rule-based","Linear",TRUE,"MSE",1.68565019172974,0,NA,20,0,20,20,0,0,0,0,1,0,1,1
84,"continuous",3,"Mixed linear and rule-based","Random forest",TRUE,"MSE",1.842123969414,2.37000000000012,NA,NA,NA,NA,NA,NA,NA,NA,NA,NA,NA,NA,NA
84,"continuous",3,"Mixed linear and rule-based","RuleFit",TRUE,"MSE",1.34571556944034,32.5999999999999,NA,161,161,0,1,79,81,0,0,0.0062111801242236,0.490683229813665,0.496894409937888,2.49689440993789
85,"continuous",3,"Mixed linear and rule-based","BRP-GABLE full",TRUE,"MSE",1.11741657548969,56.7600000000002,NA,39,31,8,37,2,0,0,0,0.948717948717949,0.0512820512820513,1,1.05128205128205
85,"continuous",3,"Mixed linear and rule-based","BRP-GABLE rule-only",TRUE,"MSE",1.46504222128343,56.26,NA,64,64,0,62,2,0,0,0,0.96875,0.03125,1,1.03125
85,"continuous",3,"Mixed linear and rule-based","GABLE",TRUE,"MSE",2.27467556448283,1.23000000000002,NA,5,5,0,5,0,0,0,0,1,0,1,1
85,"continuous",3,"Mixed linear and rule-based","GBM",TRUE,"MSE",1.58712938965978,0.0399999999999636,NA,NA,NA,NA,NA,NA,NA,NA,NA,NA,NA,NA,NA
85,"continuous",3,"Mixed linear and rule-based","Linear",TRUE,"MSE",1.67219868862242,0,NA,20,0,20,20,0,0,0,0,1,0,1,1
85,"continuous",3,"Mixed linear and rule-based","Random forest",TRUE,"MSE",1.81376818896877,2.35000000000014,NA,NA,NA,NA,NA,NA,NA,NA,NA,NA,NA,NA,NA
85,"continuous",3,"Mixed linear and rule-based","RuleFit",TRUE,"MSE",1.17296256294892,32.8899999999999,NA,171,171,0,3,83,85,0,0,0.0175438596491228,0.485380116959064,0.502923976608187,2.47953216374269
86,"continuous",3,"Mixed linear and rule-based","BRP-GABLE full",TRUE,"MSE",1.10589379207348,55.1600000000003,NA,50,42,8,47,3,0,0,0,0.94,0.06,1,1.06
86,"continuous",3,"Mixed linear and rule-based","BRP-GABLE rule-only",TRUE,"MSE",1.33733425393875,55.1300000000001,NA,66,66,0,61,5,0,0,0,0.924242424242424,0.0757575757575758,1,1.07575757575758
86,"continuous",3,"Mixed linear and rule-based","GABLE",TRUE,"MSE",2.29070517170005,1.34000000000015,NA,5,5,0,5,0,0,0,0,1,0,1,1
86,"continuous",3,"Mixed linear and rule-based","GBM",TRUE,"MSE",1.61113491791706,0.0499999999999545,NA,NA,NA,NA,NA,NA,NA,NA,NA,NA,NA,NA,NA
86,"continuous",3,"Mixed linear and rule-based","Linear",TRUE,"MSE",1.65792649960923,0,NA,20,0,20,20,0,0,0,0,1,0,1,1
86,"continuous",3,"Mixed linear and rule-based","Random forest",TRUE,"MSE",1.7109827952848,2.27999999999997,NA,NA,NA,NA,NA,NA,NA,NA,NA,NA,NA,NA,NA
86,"continuous",3,"Mixed linear and rule-based","RuleFit",TRUE,"MSE",1.20334015697966,32.3599999999999,NA,150,150,0,0,77,73,0,0,0,0.513333333333333,0.513333333333333,2.48666666666667
87,"continuous",3,"Mixed linear and rule-based","BRP-GABLE full",TRUE,"MSE",1.27210763369847,54.6200000000001,NA,46,38,8,42,4,0,0,0,0.91304347826087,0.0869565217391304,1,1.08695652173913
87,"continuous",3,"Mixed linear and rule-based","BRP-GABLE rule-only",TRUE,"MSE",1.78191290681488,55.1000000000001,NA,53,53,0,49,4,0,0,0,0.924528301886792,0.0754716981132075,1,1.07547169811321
87,"continuous",3,"Mixed linear and rule-based","GABLE",TRUE,"MSE",2.45500342149857,1.36000000000013,NA,5,5,0,5,0,0,0,0,1,0,1,1
87,"continuous",3,"Mixed linear and rule-based","GBM",TRUE,"MSE",1.74858730700024,0.0499999999999545,NA,NA,NA,NA,NA,NA,NA,NA,NA,NA,NA,NA,NA
87,"continuous",3,"Mixed linear and rule-based","Linear",TRUE,"MSE",1.76619902113202,0.00999999999999091,NA,20,0,20,20,0,0,0,0,1,0,1,1
87,"continuous",3,"Mixed linear and rule-based","Random forest",TRUE,"MSE",1.88679753084791,2.29999999999995,NA,NA,NA,NA,NA,NA,NA,NA,NA,NA,NA,NA,NA
87,"continuous",3,"Mixed linear and rule-based","RuleFit",TRUE,"MSE",1.41675942678479,32.78,NA,125,125,0,0,67,58,0,0,0,0.536,0.536,2.464
88,"continuous",3,"Mixed linear and rule-based","BRP-GABLE full",TRUE,"MSE",1.07056444452319,55.3199999999999,NA,46,38,8,41,5,0,0,0,0.891304347826087,0.108695652173913,1,1.10869565217391
88,"continuous",3,"Mixed linear and rule-based","BRP-GABLE rule-only",TRUE,"MSE",1.47685138687231,55.22,NA,63,63,0,57,6,0,0,0,0.904761904761905,0.0952380952380952,1,1.0952380952381
88,"continuous",3,"Mixed linear and rule-based","GABLE",TRUE,"MSE",2.27228821630227,1.18000000000006,NA,5,5,0,4,1,0,0,0,0.8,0.2,1,1.2
88,"continuous",3,"Mixed linear and rule-based","GBM",TRUE,"MSE",1.58148792736363,0.0299999999999727,NA,NA,NA,NA,NA,NA,NA,NA,NA,NA,NA,NA,NA
88,"continuous",3,"Mixed linear and rule-based","Linear",TRUE,"MSE",1.66780225434147,0.00999999999999091,NA,20,0,20,20,0,0,0,0,1,0,1,1
88,"continuous",3,"Mixed linear and rule-based","Random forest",TRUE,"MSE",1.71292979183653,2.3599999999999,NA,NA,NA,NA,NA,NA,NA,NA,NA,NA,NA,NA,NA
88,"continuous",3,"Mixed linear and rule-based","RuleFit",TRUE,"MSE",1.15915472626886,33.01,NA,142,142,0,0,86,56,0,0,0,0.605633802816901,0.605633802816901,2.3943661971831
89,"continuous",3,"Mixed linear and rule-based","BRP-GABLE full",TRUE,"MSE",1.28685881565786,55.8199999999999,NA,36,28,8,34,2,0,0,0,0.944444444444444,0.0555555555555556,1,1.05555555555556
89,"continuous",3,"Mixed linear and rule-based","BRP-GABLE rule-only",TRUE,"MSE",1.95855597944508,56.1299999999999,NA,47,47,0,45,2,0,0,0,0.957446808510638,0.0425531914893617,1,1.04255319148936
89,"continuous",3,"Mixed linear and rule-based","GABLE",TRUE,"MSE",2.22800836834045,1.38999999999987,NA,5,5,0,5,0,0,0,0,1,0,1,1
89,"continuous",3,"Mixed linear and rule-based","GBM",TRUE,"MSE",1.63071002150115,0.0499999999999545,NA,NA,NA,NA,NA,NA,NA,NA,NA,NA,NA,NA,NA
89,"continuous",3,"Mixed linear and rule-based","Linear",TRUE,"MSE",1.6152256307668,0,NA,20,0,20,20,0,0,0,0,1,0,1,1
89,"continuous",3,"Mixed linear and rule-based","Random forest",TRUE,"MSE",1.75367830254357,2.34000000000015,NA,NA,NA,NA,NA,NA,NA,NA,NA,NA,NA,NA,NA
89,"continuous",3,"Mixed linear and rule-based","RuleFit",TRUE,"MSE",1.26329501526929,32.77,NA,138,138,0,1,64,73,0,0,0.0072463768115942,0.463768115942029,0.471014492753623,2.52173913043478
90,"continuous",3,"Mixed linear and rule-based","BRP-GABLE full",TRUE,"MSE",1.19585915940473,56.1199999999999,NA,36,29,7,35,1,0,0,0,0.972222222222222,0.0277777777777778,1,1.02777777777778
90,"continuous",3,"Mixed linear and rule-based","BRP-GABLE rule-only",TRUE,"MSE",1.61278710626147,56.5699999999999,NA,43,43,0,42,1,0,0,0,0.976744186046512,0.0232558139534884,1,1.02325581395349
90,"continuous",3,"Mixed linear and rule-based","GABLE",TRUE,"MSE",2.16672964547449,1.25999999999999,NA,5,5,0,5,0,0,0,0,1,0,1,1
90,"continuous",3,"Mixed linear and rule-based","GBM",TRUE,"MSE",1.59727452369946,0.0499999999999545,NA,NA,NA,NA,NA,NA,NA,NA,NA,NA,NA,NA,NA
90,"continuous",3,"Mixed linear and rule-based","Linear",TRUE,"MSE",1.64651825981644,0,NA,20,0,20,20,0,0,0,0,1,0,1,1
90,"continuous",3,"Mixed linear and rule-based","Random forest",TRUE,"MSE",1.70945481375487,2.41000000000008,NA,NA,NA,NA,NA,NA,NA,NA,NA,NA,NA,NA,NA
90,"continuous",3,"Mixed linear and rule-based","RuleFit",TRUE,"MSE",1.22940150146743,32.3,NA,130,130,0,1,83,46,0,0,0.00769230769230769,0.638461538461538,0.646153846153846,2.34615384615385
91,"continuous",3,"Mixed linear and rule-based","BRP-GABLE full",TRUE,"MSE",1.18334781270204,54.99,NA,46,40,6,41,5,0,0,0,0.891304347826087,0.108695652173913,1,1.10869565217391
91,"continuous",3,"Mixed linear and rule-based","BRP-GABLE rule-only",TRUE,"MSE",1.55425602816916,54.5599999999999,NA,61,61,0,56,5,0,0,0,0.918032786885246,0.0819672131147541,1,1.08196721311475
91,"continuous",3,"Mixed linear and rule-based","GABLE",TRUE,"MSE",2.36167160548649,1.21000000000004,NA,5,5,0,5,0,0,0,0,1,0,1,1
91,"continuous",3,"Mixed linear and rule-based","GBM",TRUE,"MSE",1.65888336894443,0.0500000000001819,NA,NA,NA,NA,NA,NA,NA,NA,NA,NA,NA,NA,NA
91,"continuous",3,"Mixed linear and rule-based","Linear",TRUE,"MSE",1.67114684788039,0.00999999999999091,NA,20,0,20,20,0,0,0,0,1,0,1,1
91,"continuous",3,"Mixed linear and rule-based","Random forest",TRUE,"MSE",1.83017340230957,2.50999999999999,NA,NA,NA,NA,NA,NA,NA,NA,NA,NA,NA,NA,NA
91,"continuous",3,"Mixed linear and rule-based","RuleFit",TRUE,"MSE",1.28752863453234,32.6099999999999,NA,127,127,0,0,70,57,0,0,0,0.551181102362205,0.551181102362205,2.4488188976378
92,"continuous",3,"Mixed linear and rule-based","BRP-GABLE full",TRUE,"MSE",1.15631493142833,54.1700000000001,NA,38,31,7,33,5,0,0,0,0.868421052631579,0.131578947368421,1,1.13157894736842
92,"continuous",3,"Mixed linear and rule-based","BRP-GABLE rule-only",TRUE,"MSE",1.49227655035803,54.03,NA,50,50,0,46,4,0,0,0,0.92,0.08,1,1.08
92,"continuous",3,"Mixed linear and rule-based","GABLE",TRUE,"MSE",2.1566426652424,1.27999999999997,NA,5,5,0,5,0,0,0,0,1,0,1,1
92,"continuous",3,"Mixed linear and rule-based","GBM",TRUE,"MSE",1.54567779099527,0.0399999999999636,NA,NA,NA,NA,NA,NA,NA,NA,NA,NA,NA,NA,NA
92,"continuous",3,"Mixed linear and rule-based","Linear",TRUE,"MSE",1.70650647179977,0,NA,20,0,20,20,0,0,0,0,1,0,1,1
92,"continuous",3,"Mixed linear and rule-based","Random forest",TRUE,"MSE",1.73532895341351,2.33000000000015,NA,NA,NA,NA,NA,NA,NA,NA,NA,NA,NA,NA,NA
92,"continuous",3,"Mixed linear and rule-based","RuleFit",TRUE,"MSE",1.25821854052378,32.5,NA,115,115,0,0,59,56,0,0,0,0.51304347826087,0.51304347826087,2.48695652173913
93,"continuous",3,"Mixed linear and rule-based","BRP-GABLE full",TRUE,"MSE",1.15325914646633,55.4400000000001,NA,43,36,7,43,0,0,0,0,1,0,1,1
93,"continuous",3,"Mixed linear and rule-based","BRP-GABLE rule-only",TRUE,"MSE",1.51712318497971,55.55,NA,53,53,0,53,0,0,0,0,1,0,1,1
93,"continuous",3,"Mixed linear and rule-based","GABLE",TRUE,"MSE",2.08372666249842,1.27999999999997,NA,5,5,0,5,0,0,0,0,1,0,1,1
93,"continuous",3,"Mixed linear and rule-based","GBM",TRUE,"MSE",1.5144322814452,0.0399999999999636,NA,NA,NA,NA,NA,NA,NA,NA,NA,NA,NA,NA,NA
93,"continuous",3,"Mixed linear and rule-based","Linear",TRUE,"MSE",1.53374999339033,0.0199999999999818,NA,20,0,20,20,0,0,0,0,1,0,1,1
93,"continuous",3,"Mixed linear and rule-based","Random forest",TRUE,"MSE",1.62744348580983,2.43000000000006,NA,NA,NA,NA,NA,NA,NA,NA,NA,NA,NA,NA,NA
93,"continuous",3,"Mixed linear and rule-based","RuleFit",TRUE,"MSE",1.21544851228975,31.97,NA,127,127,0,1,64,62,0,0,0.0078740157480315,0.503937007874016,0.511811023622047,2.48031496062992
94,"continuous",3,"Mixed linear and rule-based","BRP-GABLE full",TRUE,"MSE",1.13652557994319,54.8899999999999,NA,37,29,8,35,2,0,0,0,0.945945945945946,0.0540540540540541,1,1.05405405405405
94,"continuous",3,"Mixed linear and rule-based","BRP-GABLE rule-only",TRUE,"MSE",1.59784136430359,55.3399999999997,NA,41,41,0,39,2,0,0,0,0.951219512195122,0.0487804878048781,1,1.04878048780488
94,"continuous",3,"Mixed linear and rule-based","GABLE",TRUE,"MSE",2.22943921905267,1.37000000000012,NA,5,5,0,5,0,0,0,0,1,0,1,1
94,"continuous",3,"Mixed linear and rule-based","GBM",TRUE,"MSE",1.49679135834639,0.0399999999999636,NA,NA,NA,NA,NA,NA,NA,NA,NA,NA,NA,NA,NA
94,"continuous",3,"Mixed linear and rule-based","Linear",TRUE,"MSE",1.50147516161036,0,NA,20,0,20,20,0,0,0,0,1,0,1,1
94,"continuous",3,"Mixed linear and rule-based","Random forest",TRUE,"MSE",1.70024540615072,2.37999999999988,NA,NA,NA,NA,NA,NA,NA,NA,NA,NA,NA,NA,NA
94,"continuous",3,"Mixed linear and rule-based","RuleFit",TRUE,"MSE",1.21064398903836,33.52,NA,157,157,0,0,70,87,0,0,0,0.445859872611465,0.445859872611465,2.55414012738854
95,"continuous",3,"Mixed linear and rule-based","BRP-GABLE full",TRUE,"MSE",1.26874803679718,53.0900000000001,NA,40,32,8,32,8,0,0,0,0.8,0.2,1,1.2
95,"continuous",3,"Mixed linear and rule-based","BRP-GABLE rule-only",TRUE,"MSE",1.71674605811855,53.6300000000001,NA,59,59,0,51,8,0,0,0,0.864406779661017,0.135593220338983,1,1.13559322033898
95,"continuous",3,"Mixed linear and rule-based","GABLE",TRUE,"MSE",2.211743400245,1.15000000000009,NA,5,5,0,4,1,0,0,0,0.8,0.2,1,1.2
95,"continuous",3,"Mixed linear and rule-based","GBM",TRUE,"MSE",1.65943130082131,0.0399999999999636,NA,NA,NA,NA,NA,NA,NA,NA,NA,NA,NA,NA,NA
95,"continuous",3,"Mixed linear and rule-based","Linear",TRUE,"MSE",1.70438107871359,0,NA,20,0,20,20,0,0,0,0,1,0,1,1
95,"continuous",3,"Mixed linear and rule-based","Random forest",TRUE,"MSE",1.76955548981316,2.46000000000004,NA,NA,NA,NA,NA,NA,NA,NA,NA,NA,NA,NA,NA
95,"continuous",3,"Mixed linear and rule-based","RuleFit",TRUE,"MSE",1.305970167382,32.0799999999999,NA,121,121,0,0,64,57,0,0,0,0.528925619834711,0.528925619834711,2.47107438016529
96,"continuous",3,"Mixed linear and rule-based","BRP-GABLE full",TRUE,"MSE",1.115038191382,54.5,NA,48,39,9,44,4,0,0,0,0.916666666666667,0.0833333333333333,1,1.08333333333333
96,"continuous",3,"Mixed linear and rule-based","BRP-GABLE rule-only",TRUE,"MSE",1.58396202154753,55,NA,56,56,0,53,3,0,0,0,0.946428571428571,0.0535714285714286,1,1.05357142857143
96,"continuous",3,"Mixed linear and rule-based","GABLE",TRUE,"MSE",2.18799484176751,1.42000000000007,NA,5,5,0,5,0,0,0,0,1,0,1,1
96,"continuous",3,"Mixed linear and rule-based","GBM",TRUE,"MSE",1.53734212490666,0.0399999999999636,NA,NA,NA,NA,NA,NA,NA,NA,NA,NA,NA,NA,NA
96,"continuous",3,"Mixed linear and rule-based","Linear",TRUE,"MSE",1.50518041815136,0.00999999999999091,NA,20,0,20,20,0,0,0,0,1,0,1,1
96,"continuous",3,"Mixed linear and rule-based","Random forest",TRUE,"MSE",1.68452659522557,2.25999999999999,NA,NA,NA,NA,NA,NA,NA,NA,NA,NA,NA,NA,NA
96,"continuous",3,"Mixed linear and rule-based","RuleFit",TRUE,"MSE",1.30109982590306,33.22,NA,127,127,0,0,76,51,0,0,0,0.598425196850394,0.598425196850394,2.40157480314961
97,"continuous",3,"Mixed linear and rule-based","BRP-GABLE full",TRUE,"MSE",1.11093574504567,54.4700000000003,NA,41,35,6,38,3,0,0,0,0.926829268292683,0.0731707317073171,1,1.07317073170732
97,"continuous",3,"Mixed linear and rule-based","BRP-GABLE rule-only",TRUE,"MSE",1.53917300755453,54.52,NA,59,59,0,54,5,0,0,0,0.915254237288136,0.0847457627118644,1,1.08474576271186
97,"continuous",3,"Mixed linear and rule-based","GABLE",TRUE,"MSE",2.53940349259675,1.19000000000005,NA,5,5,0,5,0,0,0,0,1,0,1,1
97,"continuous",3,"Mixed linear and rule-based","GBM",TRUE,"MSE",1.69218430598059,0.0399999999999636,NA,NA,NA,NA,NA,NA,NA,NA,NA,NA,NA,NA,NA
97,"continuous",3,"Mixed linear and rule-based","Linear",TRUE,"MSE",1.60047434351959,0,NA,20,0,20,20,0,0,0,0,1,0,1,1
97,"continuous",3,"Mixed linear and rule-based","Random forest",TRUE,"MSE",1.82834380263075,2.30999999999995,NA,NA,NA,NA,NA,NA,NA,NA,NA,NA,NA,NA,NA
97,"continuous",3,"Mixed linear and rule-based","RuleFit",TRUE,"MSE",1.19889519046897,30.4100000000001,NA,150,150,0,0,86,64,0,0,0,0.573333333333333,0.573333333333333,2.42666666666667
98,"continuous",3,"Mixed linear and rule-based","BRP-GABLE full",TRUE,"MSE",1.20191056411317,53.6300000000001,NA,42,32,10,40,2,0,0,0,0.952380952380952,0.0476190476190476,1,1.04761904761905
98,"continuous",3,"Mixed linear and rule-based","BRP-GABLE rule-only",TRUE,"MSE",1.68057152128617,54.73,NA,57,57,0,55,2,0,0,0,0.964912280701754,0.0350877192982456,1,1.03508771929825
98,"continuous",3,"Mixed linear and rule-based","GABLE",TRUE,"MSE",2.42040766518181,1.30999999999995,NA,5,5,0,5,0,0,0,0,1,0,1,1
98,"continuous",3,"Mixed linear and rule-based","GBM",TRUE,"MSE",1.61035677686333,0.0399999999999636,NA,NA,NA,NA,NA,NA,NA,NA,NA,NA,NA,NA,NA
98,"continuous",3,"Mixed linear and rule-based","Linear",TRUE,"MSE",1.6041289090117,0,NA,20,0,20,20,0,0,0,0,1,0,1,1
98,"continuous",3,"Mixed linear and rule-based","Random forest",TRUE,"MSE",1.72824417224629,2.22000000000003,NA,NA,NA,NA,NA,NA,NA,NA,NA,NA,NA,NA,NA
98,"continuous",3,"Mixed linear and rule-based","RuleFit",TRUE,"MSE",1.26828976375513,25.97,NA,164,164,0,4,100,60,0,0,0.024390243902439,0.609756097560976,0.634146341463415,2.34146341463415
99,"continuous",3,"Mixed linear and rule-based","BRP-GABLE full",TRUE,"MSE",1.11811167434246,50.6799999999998,NA,31,24,7,27,4,0,0,0,0.870967741935484,0.129032258064516,1,1.12903225806452
99,"continuous",3,"Mixed linear and rule-based","BRP-GABLE rule-only",TRUE,"MSE",1.55955129818071,50.95,NA,57,57,0,53,4,0,0,0,0.929824561403509,0.0701754385964912,1,1.07017543859649
99,"continuous",3,"Mixed linear and rule-based","GABLE",TRUE,"MSE",2.18448271247178,0.930000000000064,NA,5,5,0,4,1,0,0,0,0.8,0.2,1,1.2
99,"continuous",3,"Mixed linear and rule-based","GBM",TRUE,"MSE",1.49803267405233,0.0499999999999545,NA,NA,NA,NA,NA,NA,NA,NA,NA,NA,NA,NA,NA
99,"continuous",3,"Mixed linear and rule-based","Linear",TRUE,"MSE",1.54901038590559,0,NA,20,0,20,20,0,0,0,0,1,0,1,1
99,"continuous",3,"Mixed linear and rule-based","Random forest",TRUE,"MSE",1.58976903107063,2.13000000000011,NA,NA,NA,NA,NA,NA,NA,NA,NA,NA,NA,NA,NA
99,"continuous",3,"Mixed linear and rule-based","RuleFit",TRUE,"MSE",1.16798659900057,21.4099999999999,NA,139,139,0,0,90,49,0,0,0,0.647482014388489,0.647482014388489,2.35251798561151
100,"continuous",3,"Mixed linear and rule-based","BRP-GABLE full",TRUE,"MSE",1.21221854697584,46.7099999999998,NA,40,33,7,37,3,0,0,0,0.925,0.075,1,1.075
100,"continuous",3,"Mixed linear and rule-based","BRP-GABLE rule-only",TRUE,"MSE",1.74006627634375,46.9400000000001,NA,63,63,0,60,3,0,0,0,0.952380952380952,0.0476190476190476,1,1.04761904761905
100,"continuous",3,"Mixed linear and rule-based","GABLE",TRUE,"MSE",2.29557805244916,0.910000000000082,NA,5,5,0,5,0,0,0,0,1,0,1,1
100,"continuous",3,"Mixed linear and rule-based","GBM",TRUE,"MSE",1.69770992702648,0.0299999999999727,NA,NA,NA,NA,NA,NA,NA,NA,NA,NA,NA,NA,NA
100,"continuous",3,"Mixed linear and rule-based","Linear",TRUE,"MSE",1.51563226679969,0.00999999999999091,NA,20,0,20,20,0,0,0,0,1,0,1,1
100,"continuous",3,"Mixed linear and rule-based","Random forest",TRUE,"MSE",1.85635154003302,1.91000000000008,NA,NA,NA,NA,NA,NA,NA,NA,NA,NA,NA,NA,NA
100,"continuous",3,"Mixed linear and rule-based","RuleFit",TRUE,"MSE",1.30336224862943,15.51,NA,129,129,0,3,74,52,0,0,0.0232558139534884,0.573643410852713,0.596899224806202,2.37984496124031
1,"continuous",4,"Smooth nonlinear misspecified","BRP-GABLE full",TRUE,"MSE",2.15204690351633,51.44,NA,81,79,2,63,18,0,0,0,0.777777777777778,0.222222222222222,1,1.22222222222222
1,"continuous",4,"Smooth nonlinear misspecified","BRP-GABLE rule-only",TRUE,"MSE",2.18002475908791,50.65,NA,82,82,0,65,17,0,0,0,0.792682926829268,0.207317073170732,1,1.20731707317073
1,"continuous",4,"Smooth nonlinear misspecified","GABLE",TRUE,"MSE",4.34454760454687,1.31,NA,5,5,0,5,0,0,0,0,1,0,1,1
1,"continuous",4,"Smooth nonlinear misspecified","GBM",TRUE,"MSE",2.49019861609119,0.0499999999999972,NA,NA,NA,NA,NA,NA,NA,NA,NA,NA,NA,NA,NA
1,"continuous",4,"Smooth nonlinear misspecified","Linear",TRUE,"MSE",5.82114678990642,0,NA,20,0,20,20,0,0,0,0,1,0,1,1
1,"continuous",4,"Smooth nonlinear misspecified","Random forest",TRUE,"MSE",2.66279575342128,2.88,NA,NA,NA,NA,NA,NA,NA,NA,NA,NA,NA,NA,NA
1,"continuous",4,"Smooth nonlinear misspecified","RuleFit",TRUE,"MSE",3.29762138545997,13.58,NA,41,41,0,8,26,7,0,0,0.195121951219512,0.634146341463415,0.829268292682927,1.97560975609756
2,"continuous",4,"Smooth nonlinear misspecified","BRP-GABLE full",TRUE,"MSE",1.88351683868245,53.99,NA,86,82,4,69,17,0,0,0,0.802325581395349,0.197674418604651,1,1.19767441860465
2,"continuous",4,"Smooth nonlinear misspecified","BRP-GABLE rule-only",TRUE,"MSE",1.89797623217749,53.35,NA,84,84,0,68,16,0,0,0,0.80952380952381,0.19047619047619,1,1.19047619047619
2,"continuous",4,"Smooth nonlinear misspecified","GABLE",TRUE,"MSE",4.29363329835901,1.39,NA,5,5,0,5,0,0,0,0,1,0,1,1
2,"continuous",4,"Smooth nonlinear misspecified","GBM",TRUE,"MSE",2.4465395648826,0.0500000000000043,NA,NA,NA,NA,NA,NA,NA,NA,NA,NA,NA,NA,NA
2,"continuous",4,"Smooth nonlinear misspecified","Linear",TRUE,"MSE",5.64856230833715,0,NA,20,0,20,20,0,0,0,0,1,0,1,1
2,"continuous",4,"Smooth nonlinear misspecified","Random forest",TRUE,"MSE",2.68392475348857,2.83,NA,NA,NA,NA,NA,NA,NA,NA,NA,NA,NA,NA,NA
2,"continuous",4,"Smooth nonlinear misspecified","RuleFit",TRUE,"MSE",3.52194604822917,14.65,NA,28,28,0,7,17,4,0,0,0.25,0.607142857142857,0.857142857142857,1.89285714285714
3,"continuous",4,"Smooth nonlinear misspecified","BRP-GABLE full",TRUE,"MSE",1.97544200442834,51.84,NA,74,72,2,61,13,0,0,0,0.824324324324324,0.175675675675676,1,1.17567567567568
3,"continuous",4,"Smooth nonlinear misspecified","BRP-GABLE rule-only",TRUE,"MSE",1.99686629921538,51.38,NA,75,75,0,62,13,0,0,0,0.826666666666667,0.173333333333333,1,1.17333333333333
3,"continuous",4,"Smooth nonlinear misspecified","GABLE",TRUE,"MSE",4.03948064773191,1.39,NA,5,5,0,5,0,0,0,0,1,0,1,1
3,"continuous",4,"Smooth nonlinear misspecified","GBM",TRUE,"MSE",2.45518672836908,0.0500000000000043,NA,NA,NA,NA,NA,NA,NA,NA,NA,NA,NA,NA,NA
3,"continuous",4,"Smooth nonlinear misspecified","Linear",TRUE,"MSE",5.61332320449657,0,NA,20,0,20,20,0,0,0,0,1,0,1,1
3,"continuous",4,"Smooth nonlinear misspecified","Random forest",TRUE,"MSE",2.61425391545087,2.88999999999999,NA,NA,NA,NA,NA,NA,NA,NA,NA,NA,NA,NA,NA
3,"continuous",4,"Smooth nonlinear misspecified","RuleFit",TRUE,"MSE",1.98311466792827,12.66,NA,55,55,0,23,25,7,0,0,0.418181818181818,0.454545454545455,0.872727272727273,1.70909090909091
4,"continuous",4,"Smooth nonlinear misspecified","BRP-GABLE full",TRUE,"MSE",2.0593100847655,53.08,NA,73,69,4,57,16,0,0,0,0.780821917808219,0.219178082191781,1,1.21917808219178
4,"continuous",4,"Smooth nonlinear misspecified","BRP-GABLE rule-only",TRUE,"MSE",2.0890653849517,52.71,NA,81,81,0,64,17,0,0,0,0.790123456790123,0.209876543209877,1,1.20987654320988
4,"continuous",4,"Smooth nonlinear misspecified","GABLE",TRUE,"MSE",4.08599302352998,1.47,NA,5,5,0,5,0,0,0,0,1,0,1,1
4,"continuous",4,"Smooth nonlinear misspecified","GBM",TRUE,"MSE",2.62123468508739,0.0300000000000011,NA,NA,NA,NA,NA,NA,NA,NA,NA,NA,NA,NA,NA
4,"continuous",4,"Smooth nonlinear misspecified","Linear",TRUE,"MSE",5.94042664684483,0.019999999999996,NA,20,0,20,20,0,0,0,0,1,0,1,1
4,"continuous",4,"Smooth nonlinear misspecified","Random forest",TRUE,"MSE",2.88102184182884,2.81,NA,NA,NA,NA,NA,NA,NA,NA,NA,NA,NA,NA,NA
4,"continuous",4,"Smooth nonlinear misspecified","RuleFit",TRUE,"MSE",4.40618227917507,12.71,NA,28,28,0,13,11,4,0,0,0.464285714285714,0.392857142857143,0.857142857142857,1.67857142857143
5,"continuous",4,"Smooth nonlinear misspecified","BRP-GABLE full",TRUE,"MSE",1.9860873645271,52.06,NA,58,55,3,46,12,0,0,0,0.793103448275862,0.206896551724138,1,1.20689655172414
5,"continuous",4,"Smooth nonlinear misspecified","BRP-GABLE rule-only",TRUE,"MSE",2.04388673450786,51.7,NA,47,47,0,34,13,0,0,0,0.723404255319149,0.276595744680851,1,1.27659574468085
5,"continuous",4,"Smooth nonlinear misspecified","GABLE",TRUE,"MSE",4.39118421158398,1.25,NA,5,5,0,5,0,0,0,0,1,0,1,1
5,"continuous",4,"Smooth nonlinear misspecified","GBM",TRUE,"MSE",2.40843383078892,0.0500000000000043,NA,NA,NA,NA,NA,NA,NA,NA,NA,NA,NA,NA,NA
5,"continuous",4,"Smooth nonlinear misspecified","Linear",TRUE,"MSE",5.55313207973516,0,NA,20,0,20,20,0,0,0,0,1,0,1,1
5,"continuous",4,"Smooth nonlinear misspecified","Random forest",TRUE,"MSE",2.73765164529661,3.03,NA,NA,NA,NA,NA,NA,NA,NA,NA,NA,NA,NA,NA
5,"continuous",4,"Smooth nonlinear misspecified","RuleFit",TRUE,"MSE",1.88054142861464,15.15,NA,37,37,0,3,21,13,0,0,0.0810810810810811,0.567567567567568,0.648648648648649,2.27027027027027
6,"continuous",4,"Smooth nonlinear misspecified","BRP-GABLE full",TRUE,"MSE",2.2039984033145,54.42,NA,80,77,3,69,11,0,0,0,0.8625,0.1375,1,1.1375
6,"continuous",4,"Smooth nonlinear misspecified","BRP-GABLE rule-only",TRUE,"MSE",2.2112785783312,53.75,NA,72,72,0,61,11,0,0,0,0.847222222222222,0.152777777777778,1,1.15277777777778
6,"continuous",4,"Smooth nonlinear misspecified","GABLE",TRUE,"MSE",4.54177125622858,1.33000000000001,NA,5,5,0,5,0,0,0,0,1,0,1,1
6,"continuous",4,"Smooth nonlinear misspecified","GBM",TRUE,"MSE",2.61975113330621,0.0499999999999972,NA,NA,NA,NA,NA,NA,NA,NA,NA,NA,NA,NA,NA
6,"continuous",4,"Smooth nonlinear misspecified","Linear",TRUE,"MSE",5.97688438562468,0.0300000000000011,NA,20,0,20,20,0,0,0,0,1,0,1,1
6,"continuous",4,"Smooth nonlinear misspecified","Random forest",TRUE,"MSE",2.87581471966533,2.60999999999999,NA,NA,NA,NA,NA,NA,NA,NA,NA,NA,NA,NA,NA
6,"continuous",4,"Smooth nonlinear misspecified","RuleFit",TRUE,"MSE",3.5001706600818,12.23,NA,29,29,0,12,14,3,0,0,0.413793103448276,0.482758620689655,0.896551724137931,1.68965517241379
7,"continuous",4,"Smooth nonlinear misspecified","BRP-GABLE full",TRUE,"MSE",1.81923029057067,53.08,NA,76,75,1,60,16,0,0,0,0.789473684210526,0.210526315789474,1,1.21052631578947
7,"continuous",4,"Smooth nonlinear misspecified","BRP-GABLE rule-only",TRUE,"MSE",1.81897541297342,52.24,NA,79,79,0,64,15,0,0,0,0.810126582278481,0.189873417721519,1,1.18987341772152
7,"continuous",4,"Smooth nonlinear misspecified","GABLE",TRUE,"MSE",4.54432506969258,1.26999999999998,NA,5,5,0,5,0,0,0,0,1,0,1,1
7,"continuous",4,"Smooth nonlinear misspecified","GBM",TRUE,"MSE",2.35642829575836,0.0400000000000205,NA,NA,NA,NA,NA,NA,NA,NA,NA,NA,NA,NA,NA
7,"continuous",4,"Smooth nonlinear misspecified","Linear",TRUE,"MSE",5.87886784987058,0.039999999999992,NA,20,0,20,20,0,0,0,0,1,0,1,1
7,"continuous",4,"Smooth nonlinear misspecified","Random forest",TRUE,"MSE",2.6493304664317,2.53,NA,NA,NA,NA,NA,NA,NA,NA,NA,NA,NA,NA,NA
7,"continuous",4,"Smooth nonlinear misspecified","RuleFit",TRUE,"MSE",4.82164982774466,12.78,NA,23,23,0,5,11,7,0,0,0.217391304347826,0.478260869565217,0.695652173913043,2.08695652173913
8,"continuous",4,"Smooth nonlinear misspecified","BRP-GABLE full",TRUE,"MSE",2.12238343374175,52.72,NA,89,87,2,75,14,0,0,0,0.842696629213483,0.157303370786517,1,1.15730337078652
8,"continuous",4,"Smooth nonlinear misspecified","BRP-GABLE rule-only",TRUE,"MSE",2.27069335516673,52.59,NA,80,80,0,67,13,0,0,0,0.8375,0.1625,1,1.1625
8,"continuous",4,"Smooth nonlinear misspecified","GABLE",TRUE,"MSE",4.45058352687621,1.31999999999999,NA,5,5,0,5,0,0,0,0,1,0,1,1
8,"continuous",4,"Smooth nonlinear misspecified","GBM",TRUE,"MSE",2.62585074820653,0.039999999999992,NA,NA,NA,NA,NA,NA,NA,NA,NA,NA,NA,NA,NA
8,"continuous",4,"Smooth nonlinear misspecified","Linear",TRUE,"MSE",6.32464172053371,0.0400000000000205,NA,20,0,20,20,0,0,0,0,1,0,1,1
8,"continuous",4,"Smooth nonlinear misspecified","Random forest",TRUE,"MSE",2.88015683403737,2.59999999999999,NA,NA,NA,NA,NA,NA,NA,NA,NA,NA,NA,NA,NA
8,"continuous",4,"Smooth nonlinear misspecified","RuleFit",TRUE,"MSE",3.09032723725533,13.16,NA,30,30,0,8,15,7,0,0,0.266666666666667,0.5,0.766666666666667,1.96666666666667
9,"continuous",4,"Smooth nonlinear misspecified","BRP-GABLE full",TRUE,"MSE",1.90233852771802,55.74,NA,76,75,1,67,9,0,0,0,0.881578947368421,0.118421052631579,1,1.11842105263158
9,"continuous",4,"Smooth nonlinear misspecified","BRP-GABLE rule-only",TRUE,"MSE",1.90943453711604,54.76,NA,88,88,0,79,9,0,0,0,0.897727272727273,0.102272727272727,1,1.10227272727273
9,"continuous",4,"Smooth nonlinear misspecified","GABLE",TRUE,"MSE",4.09816580535638,1.39000000000001,NA,5,5,0,5,0,0,0,0,1,0,1,1
9,"continuous",4,"Smooth nonlinear misspecified","GBM",TRUE,"MSE",2.43190130494614,0.0499999999999829,NA,NA,NA,NA,NA,NA,NA,NA,NA,NA,NA,NA,NA
9,"continuous",4,"Smooth nonlinear misspecified","Linear",TRUE,"MSE",5.95478963300537,0.0100000000000193,NA,20,0,20,20,0,0,0,0,1,0,1,1
9,"continuous",4,"Smooth nonlinear misspecified","Random forest",TRUE,"MSE",2.67218675818293,2.5,NA,NA,NA,NA,NA,NA,NA,NA,NA,NA,NA,NA,NA
9,"continuous",4,"Smooth nonlinear misspecified","RuleFit",TRUE,"MSE",4.33280101607799,15.91,NA,33,33,0,6,19,8,0,0,0.181818181818182,0.575757575757576,0.757575757575758,2.06060606060606
10,"continuous",4,"Smooth nonlinear misspecified","BRP-GABLE full",TRUE,"MSE",2.12946003041375,52.07,NA,77,71,6,63,14,0,0,0,0.818181818181818,0.181818181818182,1,1.18181818181818
10,"continuous",4,"Smooth nonlinear misspecified","BRP-GABLE rule-only",TRUE,"MSE",2.21750044081487,51.64,NA,82,82,0,68,14,0,0,0,0.829268292682927,0.170731707317073,1,1.17073170731707
10,"continuous",4,"Smooth nonlinear misspecified","GABLE",TRUE,"MSE",4.59387209145346,1.39000000000001,NA,5,5,0,5,0,0,0,0,1,0,1,1
10,"continuous",4,"Smooth nonlinear misspecified","GBM",TRUE,"MSE",2.71042374160093,0.0300000000000011,NA,NA,NA,NA,NA,NA,NA,NA,NA,NA,NA,NA,NA
10,"continuous",4,"Smooth nonlinear misspecified","Linear",TRUE,"MSE",6.1243805199484,0.0300000000000011,NA,20,0,20,20,0,0,0,0,1,0,1,1
10,"continuous",4,"Smooth nonlinear misspecified","Random forest",TRUE,"MSE",3.01762586033873,2.62,NA,NA,NA,NA,NA,NA,NA,NA,NA,NA,NA,NA,NA
10,"continuous",4,"Smooth nonlinear misspecified","RuleFit",TRUE,"MSE",2.16836634735402,15.07,NA,61,61,0,16,26,19,0,0,0.262295081967213,0.426229508196721,0.688524590163934,2.04918032786885
11,"continuous",4,"Smooth nonlinear misspecified","BRP-GABLE full",TRUE,"MSE",2.01111816429356,52.15,NA,89,86,3,69,20,0,0,0,0.775280898876405,0.224719101123595,1,1.2247191011236
11,"continuous",4,"Smooth nonlinear misspecified","BRP-GABLE rule-only",TRUE,"MSE",1.9887677347799,52.04,NA,93,93,0,73,20,0,0,0,0.78494623655914,0.21505376344086,1,1.21505376344086
11,"continuous",4,"Smooth nonlinear misspecified","GABLE",TRUE,"MSE",4.23815594338678,1.22,NA,5,5,0,4,1,0,0,0,0.8,0.2,1,1.2
11,"continuous",4,"Smooth nonlinear misspecified","GBM",TRUE,"MSE",2.64285930136494,0.0300000000000011,NA,NA,NA,NA,NA,NA,NA,NA,NA,NA,NA,NA,NA
11,"continuous",4,"Smooth nonlinear misspecified","Linear",TRUE,"MSE",5.9626845524137,0.0200000000000102,NA,20,0,20,20,0,0,0,0,1,0,1,1
11,"continuous",4,"Smooth nonlinear misspecified","Random forest",TRUE,"MSE",2.93672827629797,2.55000000000001,NA,NA,NA,NA,NA,NA,NA,NA,NA,NA,NA,NA,NA
11,"continuous",4,"Smooth nonlinear misspecified","RuleFit",TRUE,"MSE",3.82225686434349,12.91,NA,28,28,0,9,13,6,0,0,0.321428571428571,0.464285714285714,0.785714285714286,1.89285714285714
12,"continuous",4,"Smooth nonlinear misspecified","BRP-GABLE full",TRUE,"MSE",2.10384094410143,52.33,NA,66,61,5,52,14,0,0,0,0.787878787878788,0.212121212121212,1,1.21212121212121
12,"continuous",4,"Smooth nonlinear misspecified","BRP-GABLE rule-only",TRUE,"MSE",2.35187302588743,51.47,NA,67,67,0,54,13,0,0,0,0.805970149253731,0.194029850746269,1,1.19402985074627
12,"continuous",4,"Smooth nonlinear misspecified","GABLE",TRUE,"MSE",4.09608463194186,1.09,NA,5,5,0,4,1,0,0,0,0.8,0.2,1,1.2
12,"continuous",4,"Smooth nonlinear misspecified","GBM",TRUE,"MSE",2.41533723634235,0.039999999999992,NA,NA,NA,NA,NA,NA,NA,NA,NA,NA,NA,NA,NA
12,"continuous",4,"Smooth nonlinear misspecified","Linear",TRUE,"MSE",5.86025193082262,0,NA,20,0,20,20,0,0,0,0,1,0,1,1
12,"continuous",4,"Smooth nonlinear misspecified","Random forest",TRUE,"MSE",2.6074438813133,2.52000000000001,NA,NA,NA,NA,NA,NA,NA,NA,NA,NA,NA,NA,NA
12,"continuous",4,"Smooth nonlinear misspecified","RuleFit",TRUE,"MSE",2.46087152262524,12.74,NA,42,42,0,13,19,10,0,0,0.30952380952381,0.452380952380952,0.761904761904762,1.92857142857143
13,"continuous",4,"Smooth nonlinear misspecified","BRP-GABLE full",TRUE,"MSE",2.0163865662464,52.77,NA,90,86,4,71,19,0,0,0,0.788888888888889,0.211111111111111,1,1.21111111111111
13,"continuous",4,"Smooth nonlinear misspecified","BRP-GABLE rule-only",TRUE,"MSE",2.15734008590217,52.01,NA,76,76,0,59,17,0,0,0,0.776315789473684,0.223684210526316,1,1.22368421052632
13,"continuous",4,"Smooth nonlinear misspecified","GABLE",TRUE,"MSE",4.84022679364434,1.13,NA,5,5,0,4,1,0,0,0,0.8,0.2,1,1.2
13,"continuous",4,"Smooth nonlinear misspecified","GBM",TRUE,"MSE",2.63505353996999,0.0499999999999829,NA,NA,NA,NA,NA,NA,NA,NA,NA,NA,NA,NA,NA
13,"continuous",4,"Smooth nonlinear misspecified","Linear",TRUE,"MSE",6.27778745133002,0,NA,20,0,20,20,0,0,0,0,1,0,1,1
13,"continuous",4,"Smooth nonlinear misspecified","Random forest",TRUE,"MSE",2.99077933928807,2.62,NA,NA,NA,NA,NA,NA,NA,NA,NA,NA,NA,NA,NA
13,"continuous",4,"Smooth nonlinear misspecified","RuleFit",TRUE,"MSE",3.62433142101403,12.06,NA,29,29,0,7,16,6,0,0,0.241379310344828,0.551724137931034,0.793103448275862,1.96551724137931
14,"continuous",4,"Smooth nonlinear misspecified","BRP-GABLE full",TRUE,"MSE",2.07420055903975,51.59,NA,67,63,4,53,14,0,0,0,0.791044776119403,0.208955223880597,1,1.2089552238806
14,"continuous",4,"Smooth nonlinear misspecified","BRP-GABLE rule-only",TRUE,"MSE",2.06524905954609,51.34,NA,77,77,0,63,14,0,0,0,0.818181818181818,0.181818181818182,1,1.18181818181818
14,"continuous",4,"Smooth nonlinear misspecified","GABLE",TRUE,"MSE",4.69689499683445,1.23000000000002,NA,5,5,0,4,1,0,0,0,0.8,0.2,1,1.2
14,"continuous",4,"Smooth nonlinear misspecified","GBM",TRUE,"MSE",2.62988095284454,0.0499999999999829,NA,NA,NA,NA,NA,NA,NA,NA,NA,NA,NA,NA,NA
14,"continuous",4,"Smooth nonlinear misspecified","Linear",TRUE,"MSE",6.16369430776757,0,NA,20,0,20,20,0,0,0,0,1,0,1,1
14,"continuous",4,"Smooth nonlinear misspecified","Random forest",TRUE,"MSE",2.9031484170316,2.69,NA,NA,NA,NA,NA,NA,NA,NA,NA,NA,NA,NA,NA
14,"continuous",4,"Smooth nonlinear misspecified","RuleFit",TRUE,"MSE",2.67475236955461,13.97,NA,38,38,0,11,15,12,0,0,0.289473684210526,0.394736842105263,0.684210526315789,2.02631578947368
15,"continuous",4,"Smooth nonlinear misspecified","BRP-GABLE full",TRUE,"MSE",2.07496410862711,52.69,NA,88,86,2,66,22,0,0,0,0.75,0.25,1,1.25
15,"continuous",4,"Smooth nonlinear misspecified","BRP-GABLE rule-only",TRUE,"MSE",2.06161451942572,52.4299999999999,NA,89,89,0,70,19,0,0,0,0.786516853932584,0.213483146067416,1,1.21348314606742
15,"continuous",4,"Smooth nonlinear misspecified","GABLE",TRUE,"MSE",4.73586922870877,1.30000000000001,NA,5,5,0,4,1,0,0,0,0.8,0.2,1,1.2
15,"continuous",4,"Smooth nonlinear misspecified","GBM",TRUE,"MSE",2.64515798774874,0.0400000000000205,NA,NA,NA,NA,NA,NA,NA,NA,NA,NA,NA,NA,NA
15,"continuous",4,"Smooth nonlinear misspecified","Linear",TRUE,"MSE",6.22870536679103,0.00999999999999091,NA,20,0,20,20,0,0,0,0,1,0,1,1
15,"continuous",4,"Smooth nonlinear misspecified","Random forest",TRUE,"MSE",2.89958581497327,2.58999999999997,NA,NA,NA,NA,NA,NA,NA,NA,NA,NA,NA,NA,NA
15,"continuous",4,"Smooth nonlinear misspecified","RuleFit",TRUE,"MSE",4.78110183725667,13.54,NA,26,26,0,12,13,1,0,0,0.461538461538462,0.5,0.961538461538462,1.57692307692308
16,"continuous",4,"Smooth nonlinear misspecified","BRP-GABLE full",TRUE,"MSE",1.88646576707229,50.8299999999999,NA,73,71,2,54,19,0,0,0,0.73972602739726,0.26027397260274,1,1.26027397260274
16,"continuous",4,"Smooth nonlinear misspecified","BRP-GABLE rule-only",TRUE,"MSE",1.90545392487268,50.43,NA,76,76,0,53,23,0,0,0,0.697368421052632,0.302631578947368,1,1.30263157894737
16,"continuous",4,"Smooth nonlinear misspecified","GABLE",TRUE,"MSE",4.18091267317824,1.22000000000003,NA,5,5,0,4,1,0,0,0,0.8,0.2,1,1.2
16,"continuous",4,"Smooth nonlinear misspecified","GBM",TRUE,"MSE",2.54505004192692,0.0499999999999545,NA,NA,NA,NA,NA,NA,NA,NA,NA,NA,NA,NA,NA
16,"continuous",4,"Smooth nonlinear misspecified","Linear",TRUE,"MSE",5.91719772615662,0,NA,20,0,20,20,0,0,0,0,1,0,1,1
16,"continuous",4,"Smooth nonlinear misspecified","Random forest",TRUE,"MSE",2.82660913824526,2.5,NA,NA,NA,NA,NA,NA,NA,NA,NA,NA,NA,NA,NA
16,"continuous",4,"Smooth nonlinear misspecified","RuleFit",TRUE,"MSE",3.21889726633417,13.34,NA,32,32,0,6,22,4,0,0,0.1875,0.6875,0.875,1.9375
17,"continuous",4,"Smooth nonlinear misspecified","BRP-GABLE full",TRUE,"MSE",1.83286861319616,50.11,NA,69,68,1,44,25,0,0,0,0.63768115942029,0.36231884057971,1,1.36231884057971
17,"continuous",4,"Smooth nonlinear misspecified","BRP-GABLE rule-only",TRUE,"MSE",1.83204079586756,49.3699999999999,NA,79,79,0,54,25,0,0,0,0.683544303797468,0.316455696202532,1,1.31645569620253
17,"continuous",4,"Smooth nonlinear misspecified","GABLE",TRUE,"MSE",4.4292236851733,1.32999999999998,NA,5,5,0,4,1,0,0,0,0.8,0.2,1,1.2
17,"continuous",4,"Smooth nonlinear misspecified","GBM",TRUE,"MSE",2.34632383088706,0.0500000000000114,NA,NA,NA,NA,NA,NA,NA,NA,NA,NA,NA,NA,NA
17,"continuous",4,"Smooth nonlinear misspecified","Linear",TRUE,"MSE",5.14255957591612,0,NA,20,0,20,20,0,0,0,0,1,0,1,1
17,"continuous",4,"Smooth nonlinear misspecified","Random forest",TRUE,"MSE",2.48164459802995,2.67000000000002,NA,NA,NA,NA,NA,NA,NA,NA,NA,NA,NA,NA,NA
17,"continuous",4,"Smooth nonlinear misspecified","RuleFit",TRUE,"MSE",3.28187321779653,12.37,NA,15,15,0,2,12,1,0,0,0.133333333333333,0.8,0.933333333333333,1.93333333333333
18,"continuous",4,"Smooth nonlinear misspecified","BRP-GABLE full",TRUE,"MSE",1.81481132779601,50.45,NA,76,75,1,58,18,0,0,0,0.763157894736842,0.236842105263158,1,1.23684210526316
18,"continuous",4,"Smooth nonlinear misspecified","BRP-GABLE rule-only",TRUE,"MSE",1.83893609955467,49.8699999999999,NA,77,77,0,57,20,0,0,0,0.74025974025974,0.25974025974026,1,1.25974025974026
18,"continuous",4,"Smooth nonlinear misspecified","GABLE",TRUE,"MSE",4.20621275819826,1.06,NA,5,5,0,4,1,0,0,0,0.8,0.2,1,1.2
18,"continuous",4,"Smooth nonlinear misspecified","GBM",TRUE,"MSE",2.256482218417,0.0500000000000114,NA,NA,NA,NA,NA,NA,NA,NA,NA,NA,NA,NA,NA
18,"continuous",4,"Smooth nonlinear misspecified","Linear",TRUE,"MSE",5.55357297759938,0,NA,20,0,20,20,0,0,0,0,1,0,1,1
18,"continuous",4,"Smooth nonlinear misspecified","Random forest",TRUE,"MSE",2.41124581003893,2.57999999999998,NA,NA,NA,NA,NA,NA,NA,NA,NA,NA,NA,NA,NA
18,"continuous",4,"Smooth nonlinear misspecified","RuleFit",TRUE,"MSE",3.44575176889213,13.72,NA,26,26,0,4,17,5,0,0,0.153846153846154,0.653846153846154,0.807692307692308,2.03846153846154
19,"continuous",4,"Smooth nonlinear misspecified","BRP-GABLE full",TRUE,"MSE",2.09225722567823,48.96,NA,83,75,8,58,25,0,0,0,0.698795180722892,0.301204819277108,1,1.30120481927711
19,"continuous",4,"Smooth nonlinear misspecified","BRP-GABLE rule-only",TRUE,"MSE",2.21043148533638,48.69,NA,80,80,0,55,25,0,0,0,0.6875,0.3125,1,1.3125
19,"continuous",4,"Smooth nonlinear misspecified","GABLE",TRUE,"MSE",4.62626961957991,1.19,NA,5,5,0,5,0,0,0,0,1,0,1,1
19,"continuous",4,"Smooth nonlinear misspecified","GBM",TRUE,"MSE",2.52835542858426,0.0500000000000114,NA,NA,NA,NA,NA,NA,NA,NA,NA,NA,NA,NA,NA
19,"continuous",4,"Smooth nonlinear misspecified","Linear",TRUE,"MSE",6.05602382311849,0,NA,20,0,20,20,0,0,0,0,1,0,1,1
19,"continuous",4,"Smooth nonlinear misspecified","Random forest",TRUE,"MSE",2.77773792714928,2.58999999999997,NA,NA,NA,NA,NA,NA,NA,NA,NA,NA,NA,NA,NA
19,"continuous",4,"Smooth nonlinear misspecified","RuleFit",TRUE,"MSE",4.20933296852971,14.53,NA,42,42,0,19,16,7,0,0,0.452380952380952,0.380952380952381,0.833333333333333,1.71428571428571
20,"continuous",4,"Smooth nonlinear misspecified","BRP-GABLE full",TRUE,"MSE",1.92563116836347,52.9,NA,87,81,6,65,22,0,0,0,0.747126436781609,0.252873563218391,1,1.25287356321839
20,"continuous",4,"Smooth nonlinear misspecified","BRP-GABLE rule-only",TRUE,"MSE",1.96115774708234,52.66,NA,78,78,0,56,22,0,0,0,0.717948717948718,0.282051282051282,1,1.28205128205128
20,"continuous",4,"Smooth nonlinear misspecified","GABLE",TRUE,"MSE",4.37151446041191,1.13,NA,5,5,0,4,1,0,0,0,0.8,0.2,1,1.2
20,"continuous",4,"Smooth nonlinear misspecified","GBM",TRUE,"MSE",2.45156673982903,0.0499999999999545,NA,NA,NA,NA,NA,NA,NA,NA,NA,NA,NA,NA,NA
20,"continuous",4,"Smooth nonlinear misspecified","Linear",TRUE,"MSE",5.88642067457181,0,NA,20,0,20,20,0,0,0,0,1,0,1,1
20,"continuous",4,"Smooth nonlinear misspecified","Random forest",TRUE,"MSE",2.67007561897005,2.56,NA,NA,NA,NA,NA,NA,NA,NA,NA,NA,NA,NA,NA
20,"continuous",4,"Smooth nonlinear misspecified","RuleFit",TRUE,"MSE",3.07895342273785,14.16,NA,53,53,0,20,20,13,0,0,0.377358490566038,0.377358490566038,0.754716981132076,1.86792452830189
21,"continuous",4,"Smooth nonlinear misspecified","BRP-GABLE full",TRUE,"MSE",1.87638610299666,53.1700000000001,NA,88,87,1,78,10,0,0,0,0.886363636363636,0.113636363636364,1,1.11363636363636
21,"continuous",4,"Smooth nonlinear misspecified","BRP-GABLE rule-only",TRUE,"MSE",1.88278099953007,52.85,NA,79,79,0,69,10,0,0,0,0.873417721518987,0.126582278481013,1,1.12658227848101
21,"continuous",4,"Smooth nonlinear misspecified","GABLE",TRUE,"MSE",3.89690746207382,1.26999999999998,NA,5,5,0,5,0,0,0,0,1,0,1,1
21,"continuous",4,"Smooth nonlinear misspecified","GBM",TRUE,"MSE",2.47857990303685,0.0600000000000023,NA,NA,NA,NA,NA,NA,NA,NA,NA,NA,NA,NA,NA
21,"continuous",4,"Smooth nonlinear misspecified","Linear",TRUE,"MSE",6.14917636309683,0,NA,20,0,20,20,0,0,0,0,1,0,1,1
21,"continuous",4,"Smooth nonlinear misspecified","Random forest",TRUE,"MSE",2.71583686747901,2.58000000000004,NA,NA,NA,NA,NA,NA,NA,NA,NA,NA,NA,NA,NA
21,"continuous",4,"Smooth nonlinear misspecified","RuleFit",TRUE,"MSE",3.80724341591313,12.58,NA,32,32,0,15,11,6,0,0,0.46875,0.34375,0.8125,1.71875
22,"continuous",4,"Smooth nonlinear misspecified","BRP-GABLE full",TRUE,"MSE",1.9955580817332,50.5000000000001,NA,74,71,3,52,22,0,0,0,0.702702702702703,0.297297297297297,1,1.2972972972973
22,"continuous",4,"Smooth nonlinear misspecified","BRP-GABLE rule-only",TRUE,"MSE",2.05471348005995,49.76,NA,72,72,0,49,23,0,0,0,0.680555555555556,0.319444444444444,1,1.31944444444444
22,"continuous",4,"Smooth nonlinear misspecified","GABLE",TRUE,"MSE",4.59566474011227,1.13999999999999,NA,5,5,0,4,1,0,0,0,0.8,0.2,1,1.2
22,"continuous",4,"Smooth nonlinear misspecified","GBM",TRUE,"MSE",2.60614967018999,0.0400000000000205,NA,NA,NA,NA,NA,NA,NA,NA,NA,NA,NA,NA,NA
22,"continuous",4,"Smooth nonlinear misspecified","Linear",TRUE,"MSE",6.08502038653382,0.0199999999999818,NA,20,0,20,20,0,0,0,0,1,0,1,1
22,"continuous",4,"Smooth nonlinear misspecified","Random forest",TRUE,"MSE",2.9335846898129,2.64999999999998,NA,NA,NA,NA,NA,NA,NA,NA,NA,NA,NA,NA,NA
22,"continuous",4,"Smooth nonlinear misspecified","RuleFit",TRUE,"MSE",2.5336782801599,12.79,NA,39,39,0,7,23,9,0,0,0.179487179487179,0.58974358974359,0.769230769230769,2.05128205128205
23,"continuous",4,"Smooth nonlinear misspecified","BRP-GABLE full",TRUE,"MSE",1.8241027170772,52.05,NA,72,71,1,55,17,0,0,0,0.763888888888889,0.236111111111111,1,1.23611111111111
23,"continuous",4,"Smooth nonlinear misspecified","BRP-GABLE rule-only",TRUE,"MSE",1.80792562753296,51.6200000000001,NA,74,74,0,59,15,0,0,0,0.797297297297297,0.202702702702703,1,1.2027027027027
23,"continuous",4,"Smooth nonlinear misspecified","GABLE",TRUE,"MSE",4.50176204814668,1.08999999999997,NA,5,5,0,4,1,0,0,0,0.8,0.2,1,1.2
23,"continuous",4,"Smooth nonlinear misspecified","GBM",TRUE,"MSE",2.45858747190424,0.0499999999999545,NA,NA,NA,NA,NA,NA,NA,NA,NA,NA,NA,NA,NA
23,"continuous",4,"Smooth nonlinear misspecified","Linear",TRUE,"MSE",5.7064201642336,0,NA,20,0,20,20,0,0,0,0,1,0,1,1
23,"continuous",4,"Smooth nonlinear misspecified","Random forest",TRUE,"MSE",2.75981580013788,2.47000000000003,NA,NA,NA,NA,NA,NA,NA,NA,NA,NA,NA,NA,NA
23,"continuous",4,"Smooth nonlinear misspecified","RuleFit",TRUE,"MSE",4.05165887077195,12.05,NA,14,14,0,4,9,1,0,0,0.285714285714286,0.642857142857143,0.928571428571429,1.78571428571429
24,"continuous",4,"Smooth nonlinear misspecified","BRP-GABLE full",TRUE,"MSE",1.85861096747301,52.51,NA,92,91,1,72,20,0,0,0,0.782608695652174,0.217391304347826,1,1.21739130434783
24,"continuous",4,"Smooth nonlinear misspecified","BRP-GABLE rule-only",TRUE,"MSE",1.874281788023,52.05,NA,91,91,0,71,20,0,0,0,0.78021978021978,0.21978021978022,1,1.21978021978022
24,"continuous",4,"Smooth nonlinear misspecified","GABLE",TRUE,"MSE",4.72529272170993,1.23000000000002,NA,5,5,0,5,0,0,0,0,1,0,1,1
24,"continuous",4,"Smooth nonlinear misspecified","GBM",TRUE,"MSE",2.68958916510829,0.0299999999999727,NA,NA,NA,NA,NA,NA,NA,NA,NA,NA,NA,NA,NA
24,"continuous",4,"Smooth nonlinear misspecified","Linear",TRUE,"MSE",6.50108966160714,0.0200000000000387,NA,20,0,20,20,0,0,0,0,1,0,1,1
24,"continuous",4,"Smooth nonlinear misspecified","Random forest",TRUE,"MSE",3.09746494776369,2.75,NA,NA,NA,NA,NA,NA,NA,NA,NA,NA,NA,NA,NA
24,"continuous",4,"Smooth nonlinear misspecified","RuleFit",TRUE,"MSE",2.69461582900094,12.42,NA,47,47,0,13,26,8,0,0,0.276595744680851,0.553191489361702,0.829787234042553,1.8936170212766
25,"continuous",4,"Smooth nonlinear misspecified","BRP-GABLE full",TRUE,"MSE",2.22702018465582,52.15,NA,75,72,3,56,19,0,0,0,0.746666666666667,0.253333333333333,1,1.25333333333333
25,"continuous",4,"Smooth nonlinear misspecified","BRP-GABLE rule-only",TRUE,"MSE",2.32886953250662,51.8,NA,75,75,0,55,20,0,0,0,0.733333333333333,0.266666666666667,1,1.26666666666667
25,"continuous",4,"Smooth nonlinear misspecified","GABLE",TRUE,"MSE",4.46023762148413,1.20999999999998,NA,5,5,0,4,1,0,0,0,0.8,0.2,1,1.2
25,"continuous",4,"Smooth nonlinear misspecified","GBM",TRUE,"MSE",2.57295193078007,0.0400000000000205,NA,NA,NA,NA,NA,NA,NA,NA,NA,NA,NA,NA,NA
25,"continuous",4,"Smooth nonlinear misspecified","Linear",TRUE,"MSE",6.02724556476967,0,NA,20,0,20,20,0,0,0,0,1,0,1,1
25,"continuous",4,"Smooth nonlinear misspecified","Random forest",TRUE,"MSE",2.87976841993111,2.56999999999999,NA,NA,NA,NA,NA,NA,NA,NA,NA,NA,NA,NA,NA
25,"continuous",4,"Smooth nonlinear misspecified","RuleFit",TRUE,"MSE",2.36367046432492,14.11,NA,53,53,0,12,25,16,0,0,0.226415094339623,0.471698113207547,0.69811320754717,2.07547169811321
26,"continuous",4,"Smooth nonlinear misspecified","BRP-GABLE full",TRUE,"MSE",2.09179811841276,51.19,NA,72,70,2,52,20,0,0,0,0.722222222222222,0.277777777777778,1,1.27777777777778
26,"continuous",4,"Smooth nonlinear misspecified","BRP-GABLE rule-only",TRUE,"MSE",2.23302762038841,51.3,NA,63,63,0,45,18,0,0,0,0.714285714285714,0.285714285714286,1,1.28571428571429
26,"continuous",4,"Smooth nonlinear misspecified","GABLE",TRUE,"MSE",4.93495227705351,1.30000000000001,NA,5,5,0,5,0,0,0,0,1,0,1,1
26,"continuous",4,"Smooth nonlinear misspecified","GBM",TRUE,"MSE",2.64945292802867,0.0600000000000023,NA,NA,NA,NA,NA,NA,NA,NA,NA,NA,NA,NA,NA
26,"continuous",4,"Smooth nonlinear misspecified","Linear",TRUE,"MSE",6.0764060610092,0,NA,20,0,20,20,0,0,0,0,1,0,1,1
26,"continuous",4,"Smooth nonlinear misspecified","Random forest",TRUE,"MSE",2.84343465447784,2.69,NA,NA,NA,NA,NA,NA,NA,NA,NA,NA,NA,NA,NA
26,"continuous",4,"Smooth nonlinear misspecified","RuleFit",TRUE,"MSE",3.26518779058927,12.64,NA,32,32,0,11,16,5,0,0,0.34375,0.5,0.84375,1.8125
27,"continuous",4,"Smooth nonlinear misspecified","BRP-GABLE full",TRUE,"MSE",2.07187083963093,52.07,NA,71,67,4,56,15,0,0,0,0.788732394366197,0.211267605633803,1,1.2112676056338
27,"continuous",4,"Smooth nonlinear misspecified","BRP-GABLE rule-only",TRUE,"MSE",2.18998140721723,51.62,NA,78,78,0,62,16,0,0,0,0.794871794871795,0.205128205128205,1,1.20512820512821
27,"continuous",4,"Smooth nonlinear misspecified","GABLE",TRUE,"MSE",4.35943289455243,1.25,NA,5,5,0,5,0,0,0,0,1,0,1,1
27,"continuous",4,"Smooth nonlinear misspecified","GBM",TRUE,"MSE",2.6033647762673,0.0500000000000114,NA,NA,NA,NA,NA,NA,NA,NA,NA,NA,NA,NA,NA
27,"continuous",4,"Smooth nonlinear misspecified","Linear",TRUE,"MSE",5.96223572244449,0.00999999999999091,NA,20,0,20,20,0,0,0,0,1,0,1,1
27,"continuous",4,"Smooth nonlinear misspecified","Random forest",TRUE,"MSE",2.84688709608755,2.80000000000001,NA,NA,NA,NA,NA,NA,NA,NA,NA,NA,NA,NA,NA
27,"continuous",4,"Smooth nonlinear misspecified","RuleFit",TRUE,"MSE",5.0314391877419,11.65,NA,14,14,0,3,11,0,0,0,0.214285714285714,0.785714285714286,1,1.78571428571429
28,"continuous",4,"Smooth nonlinear misspecified","BRP-GABLE full",TRUE,"MSE",1.97091969339207,51.04,NA,87,85,2,59,28,0,0,0,0.67816091954023,0.32183908045977,1,1.32183908045977
28,"continuous",4,"Smooth nonlinear misspecified","BRP-GABLE rule-only",TRUE,"MSE",1.99582237343057,50.83,NA,82,82,0,54,28,0,0,0,0.658536585365854,0.341463414634146,1,1.34146341463415
28,"continuous",4,"Smooth nonlinear misspecified","GABLE",TRUE,"MSE",4.38054972003062,1.10999999999996,NA,5,5,0,4,1,0,0,0,0.8,0.2,1,1.2
28,"continuous",4,"Smooth nonlinear misspecified","GBM",TRUE,"MSE",2.67184474090578,0.0499999999999545,NA,NA,NA,NA,NA,NA,NA,NA,NA,NA,NA,NA,NA
28,"continuous",4,"Smooth nonlinear misspecified","Linear",TRUE,"MSE",5.79816823966809,0,NA,20,0,20,20,0,0,0,0,1,0,1,1
28,"continuous",4,"Smooth nonlinear misspecified","Random forest",TRUE,"MSE",2.90656697879116,2.51000000000005,NA,NA,NA,NA,NA,NA,NA,NA,NA,NA,NA,NA,NA
28,"continuous",4,"Smooth nonlinear misspecified","RuleFit",TRUE,"MSE",3.80444688891061,13.3,NA,23,23,0,4,10,9,0,0,0.173913043478261,0.434782608695652,0.608695652173913,2.21739130434783
29,"continuous",4,"Smooth nonlinear misspecified","BRP-GABLE full",TRUE,"MSE",1.857486715876,52.4400000000001,NA,71,69,2,58,13,0,0,0,0.816901408450704,0.183098591549296,1,1.1830985915493
29,"continuous",4,"Smooth nonlinear misspecified","BRP-GABLE rule-only",TRUE,"MSE",1.94153622470991,51.7900000000001,NA,69,69,0,56,13,0,0,0,0.811594202898551,0.188405797101449,1,1.18840579710145
29,"continuous",4,"Smooth nonlinear misspecified","GABLE",TRUE,"MSE",4.08022398871199,1.35999999999996,NA,5,5,0,5,0,0,0,0,1,0,1,1
29,"continuous",4,"Smooth nonlinear misspecified","GBM",TRUE,"MSE",2.40317984647044,0.0399999999999636,NA,NA,NA,NA,NA,NA,NA,NA,NA,NA,NA,NA,NA
29,"continuous",4,"Smooth nonlinear misspecified","Linear",TRUE,"MSE",5.57597761404121,0.0200000000000387,NA,20,0,20,20,0,0,0,0,1,0,1,1
29,"continuous",4,"Smooth nonlinear misspecified","Random forest",TRUE,"MSE",2.68674684778545,2.49000000000001,NA,NA,NA,NA,NA,NA,NA,NA,NA,NA,NA,NA,NA
29,"continuous",4,"Smooth nonlinear misspecified","RuleFit",TRUE,"MSE",5.36805568339648,12.48,NA,16,16,0,6,10,0,0,0,0.375,0.625,1,1.625
30,"continuous",4,"Smooth nonlinear misspecified","BRP-GABLE full",TRUE,"MSE",2.02298719197257,52.1,NA,80,73,7,62,18,0,0,0,0.775,0.225,1,1.225
30,"continuous",4,"Smooth nonlinear misspecified","BRP-GABLE rule-only",TRUE,"MSE",2.17741482376971,51.49,NA,77,77,0,59,18,0,0,0,0.766233766233766,0.233766233766234,1,1.23376623376623
30,"continuous",4,"Smooth nonlinear misspecified","GABLE",TRUE,"MSE",4.28727224392432,1.24000000000001,NA,5,5,0,5,0,0,0,0,1,0,1,1
30,"continuous",4,"Smooth nonlinear misspecified","GBM",TRUE,"MSE",2.57329510029874,0.0299999999999727,NA,NA,NA,NA,NA,NA,NA,NA,NA,NA,NA,NA,NA
30,"continuous",4,"Smooth nonlinear misspecified","Linear",TRUE,"MSE",6.15411289616039,0.0199999999999818,NA,20,0,20,20,0,0,0,0,1,0,1,1
30,"continuous",4,"Smooth nonlinear misspecified","Random forest",TRUE,"MSE",2.88530052872537,2.56000000000006,NA,NA,NA,NA,NA,NA,NA,NA,NA,NA,NA,NA,NA
30,"continuous",4,"Smooth nonlinear misspecified","RuleFit",TRUE,"MSE",3.77889757244592,12.55,NA,21,21,0,4,16,1,0,0,0.19047619047619,0.761904761904762,0.952380952380952,1.85714285714286
31,"continuous",4,"Smooth nonlinear misspecified","BRP-GABLE full",TRUE,"MSE",1.92703410365957,51.07,NA,78,77,1,53,25,0,0,0,0.67948717948718,0.320512820512821,1,1.32051282051282
31,"continuous",4,"Smooth nonlinear misspecified","BRP-GABLE rule-only",TRUE,"MSE",2.07886093095447,50.9199999999999,NA,76,76,0,54,22,0,0,0,0.710526315789474,0.289473684210526,1,1.28947368421053
31,"continuous",4,"Smooth nonlinear misspecified","GABLE",TRUE,"MSE",4.30073763983813,1.2299999999999,NA,5,5,0,5,0,0,0,0,1,0,1,1
31,"continuous",4,"Smooth nonlinear misspecified","GBM",TRUE,"MSE",2.57431596724939,0.0499999999999545,NA,NA,NA,NA,NA,NA,NA,NA,NA,NA,NA,NA,NA
31,"continuous",4,"Smooth nonlinear misspecified","Linear",TRUE,"MSE",6.04726572476615,0.0199999999999818,NA,20,0,20,20,0,0,0,0,1,0,1,1
31,"continuous",4,"Smooth nonlinear misspecified","Random forest",TRUE,"MSE",2.795467982369,2.53000000000009,NA,NA,NA,NA,NA,NA,NA,NA,NA,NA,NA,NA,NA
31,"continuous",4,"Smooth nonlinear misspecified","RuleFit",TRUE,"MSE",3.34211276631391,12.0500000000001,NA,24,24,0,6,14,4,0,0,0.25,0.583333333333333,0.833333333333333,1.91666666666667
32,"continuous",4,"Smooth nonlinear misspecified","BRP-GABLE full",TRUE,"MSE",2.35370048849573,51.67,NA,66,65,1,49,17,0,0,0,0.742424242424242,0.257575757575758,1,1.25757575757576
32,"continuous",4,"Smooth nonlinear misspecified","BRP-GABLE rule-only",TRUE,"MSE",2.40373546643749,51.4699999999999,NA,67,67,0,50,17,0,0,0,0.746268656716418,0.253731343283582,1,1.25373134328358
32,"continuous",4,"Smooth nonlinear misspecified","GABLE",TRUE,"MSE",4.44699325759215,1.19999999999993,NA,5,5,0,5,0,0,0,0,1,0,1,1
32,"continuous",4,"Smooth nonlinear misspecified","GBM",TRUE,"MSE",2.66484698671643,0.0499999999999545,NA,NA,NA,NA,NA,NA,NA,NA,NA,NA,NA,NA,NA
32,"continuous",4,"Smooth nonlinear misspecified","Linear",TRUE,"MSE",6.31782719109729,0,NA,20,0,20,20,0,0,0,0,1,0,1,1
32,"continuous",4,"Smooth nonlinear misspecified","Random forest",TRUE,"MSE",2.95196808780551,2.56000000000006,NA,NA,NA,NA,NA,NA,NA,NA,NA,NA,NA,NA,NA
32,"continuous",4,"Smooth nonlinear misspecified","RuleFit",TRUE,"MSE",3.31137299692374,13.6700000000001,NA,48,48,0,17,20,11,0,0,0.354166666666667,0.416666666666667,0.770833333333333,1.875
33,"continuous",4,"Smooth nonlinear misspecified","BRP-GABLE full",TRUE,"MSE",2.10726374555199,51.5300000000001,NA,69,68,1,49,20,0,0,0,0.710144927536232,0.289855072463768,1,1.28985507246377
33,"continuous",4,"Smooth nonlinear misspecified","BRP-GABLE rule-only",TRUE,"MSE",2.18596009306453,51.15,NA,76,76,0,54,22,0,0,0,0.710526315789474,0.289473684210526,1,1.28947368421053
33,"continuous",4,"Smooth nonlinear misspecified","GABLE",TRUE,"MSE",4.31049390851589,1.12,NA,5,5,0,4,1,0,0,0,0.8,0.2,1,1.2
33,"continuous",4,"Smooth nonlinear misspecified","GBM",TRUE,"MSE",2.53980655351438,0.0400000000000773,NA,NA,NA,NA,NA,NA,NA,NA,NA,NA,NA,NA,NA
33,"continuous",4,"Smooth nonlinear misspecified","Linear",TRUE,"MSE",5.77142685372463,0.0199999999999818,NA,20,0,20,20,0,0,0,0,1,0,1,1
33,"continuous",4,"Smooth nonlinear misspecified","Random forest",TRUE,"MSE",2.69824464489132,2.64999999999998,NA,NA,NA,NA,NA,NA,NA,NA,NA,NA,NA,NA,NA
33,"continuous",4,"Smooth nonlinear misspecified","RuleFit",TRUE,"MSE",4.89904976924011,10.92,NA,15,15,0,5,8,2,0,0,0.333333333333333,0.533333333333333,0.866666666666667,1.8
34,"continuous",4,"Smooth nonlinear misspecified","BRP-GABLE full",TRUE,"MSE",2.09684389560525,51.3200000000001,NA,79,74,5,59,20,0,0,0,0.746835443037975,0.253164556962025,1,1.25316455696203
34,"continuous",4,"Smooth nonlinear misspecified","BRP-GABLE rule-only",TRUE,"MSE",2.23929733435766,50.9200000000001,NA,64,64,0,42,22,0,0,0,0.65625,0.34375,1,1.34375
34,"continuous",4,"Smooth nonlinear misspecified","GABLE",TRUE,"MSE",4.52416346878,1.30999999999995,NA,5,5,0,3,2,0,0,0,0.6,0.4,1,1.4
34,"continuous",4,"Smooth nonlinear misspecified","GBM",TRUE,"MSE",2.58158565586755,0.0500000000000682,NA,NA,NA,NA,NA,NA,NA,NA,NA,NA,NA,NA,NA
34,"continuous",4,"Smooth nonlinear misspecified","Linear",TRUE,"MSE",6.08292032526811,0,NA,20,0,20,20,0,0,0,0,1,0,1,1
34,"continuous",4,"Smooth nonlinear misspecified","Random forest",TRUE,"MSE",2.78049217040594,2.63999999999999,NA,NA,NA,NA,NA,NA,NA,NA,NA,NA,NA,NA,NA
34,"continuous",4,"Smooth nonlinear misspecified","RuleFit",TRUE,"MSE",4.35859520351457,11.88,NA,30,30,0,11,15,4,0,0,0.366666666666667,0.5,0.866666666666667,1.76666666666667
35,"continuous",4,"Smooth nonlinear misspecified","BRP-GABLE full",TRUE,"MSE",1.96667064205218,52.1200000000001,NA,83,80,3,59,24,0,0,0,0.710843373493976,0.289156626506024,1,1.28915662650602
35,"continuous",4,"Smooth nonlinear misspecified","BRP-GABLE rule-only",TRUE,"MSE",1.95141378077393,51.34,NA,87,87,0,64,23,0,0,0,0.735632183908046,0.264367816091954,1,1.26436781609195
35,"continuous",4,"Smooth nonlinear misspecified","GABLE",TRUE,"MSE",4.65229633610531,1.17999999999995,NA,5,5,0,5,0,0,0,0,1,0,1,1
35,"continuous",4,"Smooth nonlinear misspecified","GBM",TRUE,"MSE",2.65414866922901,0.0500000000000682,NA,NA,NA,NA,NA,NA,NA,NA,NA,NA,NA,NA,NA
35,"continuous",4,"Smooth nonlinear misspecified","Linear",TRUE,"MSE",5.89912696080009,0.00999999999999091,NA,20,0,20,20,0,0,0,0,1,0,1,1
35,"continuous",4,"Smooth nonlinear misspecified","Random forest",TRUE,"MSE",2.84702701103683,2.62,NA,NA,NA,NA,NA,NA,NA,NA,NA,NA,NA,NA,NA
35,"continuous",4,"Smooth nonlinear misspecified","RuleFit",TRUE,"MSE",2.49042348080349,13.4,NA,31,31,0,7,19,5,0,0,0.225806451612903,0.612903225806452,0.838709677419355,1.93548387096774
36,"continuous",4,"Smooth nonlinear misspecified","BRP-GABLE full",TRUE,"MSE",2.15616877074978,50.87,NA,74,73,1,57,17,0,0,0,0.77027027027027,0.22972972972973,1,1.22972972972973
36,"continuous",4,"Smooth nonlinear misspecified","BRP-GABLE rule-only",TRUE,"MSE",2.16034774705874,50.9300000000001,NA,77,77,0,61,16,0,0,0,0.792207792207792,0.207792207792208,1,1.20779220779221
36,"continuous",4,"Smooth nonlinear misspecified","GABLE",TRUE,"MSE",4.78232869507454,1.18000000000006,NA,5,5,0,5,0,0,0,0,1,0,1,1
36,"continuous",4,"Smooth nonlinear misspecified","GBM",TRUE,"MSE",2.58513457355731,0.0299999999999727,NA,NA,NA,NA,NA,NA,NA,NA,NA,NA,NA,NA,NA
36,"continuous",4,"Smooth nonlinear misspecified","Linear",TRUE,"MSE",6.34923609638451,0.0199999999999818,NA,20,0,20,20,0,0,0,0,1,0,1,1
36,"continuous",4,"Smooth nonlinear misspecified","Random forest",TRUE,"MSE",2.93013695144247,2.61000000000001,NA,NA,NA,NA,NA,NA,NA,NA,NA,NA,NA,NA,NA
36,"continuous",4,"Smooth nonlinear misspecified","RuleFit",TRUE,"MSE",3.29396059731257,14.2399999999999,NA,34,34,0,8,17,9,0,0,0.235294117647059,0.5,0.735294117647059,2.02941176470588
37,"continuous",4,"Smooth nonlinear misspecified","BRP-GABLE full",TRUE,"MSE",1.9656544126294,52.3499999999999,NA,67,66,1,51,16,0,0,0,0.761194029850746,0.238805970149254,1,1.23880597014925
37,"continuous",4,"Smooth nonlinear misspecified","BRP-GABLE rule-only",TRUE,"MSE",2.19155066227258,51.76,NA,90,90,0,73,17,0,0,0,0.811111111111111,0.188888888888889,1,1.18888888888889
37,"continuous",4,"Smooth nonlinear misspecified","GABLE",TRUE,"MSE",4.43787988645559,1.32999999999993,NA,5,5,0,4,1,0,0,0,0.8,0.2,1,1.2
37,"continuous",4,"Smooth nonlinear misspecified","GBM",TRUE,"MSE",2.45506610192419,0.0299999999999727,NA,NA,NA,NA,NA,NA,NA,NA,NA,NA,NA,NA,NA
37,"continuous",4,"Smooth nonlinear misspecified","Linear",TRUE,"MSE",5.47985918580392,0.0200000000000955,NA,20,0,20,20,0,0,0,0,1,0,1,1
37,"continuous",4,"Smooth nonlinear misspecified","Random forest",TRUE,"MSE",2.69160190605997,2.61000000000001,NA,NA,NA,NA,NA,NA,NA,NA,NA,NA,NA,NA,NA
37,"continuous",4,"Smooth nonlinear misspecified","RuleFit",TRUE,"MSE",3.18418389404184,13.2,NA,44,44,0,11,25,8,0,0,0.25,0.568181818181818,0.818181818181818,1.93181818181818
38,"continuous",4,"Smooth nonlinear misspecified","BRP-GABLE full",TRUE,"MSE",2.16240342296987,51.6700000000001,NA,78,77,1,60,18,0,0,0,0.769230769230769,0.230769230769231,1,1.23076923076923
38,"continuous",4,"Smooth nonlinear misspecified","BRP-GABLE rule-only",TRUE,"MSE",2.15425009552868,51.15,NA,76,76,0,58,18,0,0,0,0.763157894736842,0.236842105263158,1,1.23684210526316
38,"continuous",4,"Smooth nonlinear misspecified","GABLE",TRUE,"MSE",4.56147157572986,1.11000000000001,NA,5,5,0,4,1,0,0,0,0.8,0.2,1,1.2
38,"continuous",4,"Smooth nonlinear misspecified","GBM",TRUE,"MSE",2.66931129230221,0.0499999999999545,NA,NA,NA,NA,NA,NA,NA,NA,NA,NA,NA,NA,NA
38,"continuous",4,"Smooth nonlinear misspecified","Linear",TRUE,"MSE",6.40296340152381,0.00999999999999091,NA,20,0,20,20,0,0,0,0,1,0,1,1
38,"continuous",4,"Smooth nonlinear misspecified","Random forest",TRUE,"MSE",2.9951647582476,2.65999999999997,NA,NA,NA,NA,NA,NA,NA,NA,NA,NA,NA,NA,NA
38,"continuous",4,"Smooth nonlinear misspecified","RuleFit",TRUE,"MSE",3.87756392775139,13.08,NA,27,27,0,14,13,0,0,0,0.518518518518518,0.481481481481481,1,1.48148148148148
39,"continuous",4,"Smooth nonlinear misspecified","BRP-GABLE full",TRUE,"MSE",1.91058046371943,51.9400000000002,NA,88,84,4,71,17,0,0,0,0.806818181818182,0.193181818181818,1,1.19318181818182
39,"continuous",4,"Smooth nonlinear misspecified","BRP-GABLE rule-only",TRUE,"MSE",1.88345741323005,51.83,NA,90,90,0,73,17,0,0,0,0.811111111111111,0.188888888888889,1,1.18888888888889
39,"continuous",4,"Smooth nonlinear misspecified","GABLE",TRUE,"MSE",4.41907662628945,1.24000000000001,NA,5,5,0,5,0,0,0,0,1,0,1,1
39,"continuous",4,"Smooth nonlinear misspecified","GBM",TRUE,"MSE",2.45459814274499,0.0399999999999636,NA,NA,NA,NA,NA,NA,NA,NA,NA,NA,NA,NA,NA
39,"continuous",4,"Smooth nonlinear misspecified","Linear",TRUE,"MSE",6.43061392451111,0,NA,20,0,20,20,0,0,0,0,1,0,1,1
39,"continuous",4,"Smooth nonlinear misspecified","Random forest",TRUE,"MSE",2.73257053173563,2.75,NA,NA,NA,NA,NA,NA,NA,NA,NA,NA,NA,NA,NA
39,"continuous",4,"Smooth nonlinear misspecified","RuleFit",TRUE,"MSE",4.06303709380409,12.6800000000001,NA,16,16,0,4,9,3,0,0,0.25,0.5625,0.8125,1.9375
40,"continuous",4,"Smooth nonlinear misspecified","BRP-GABLE full",TRUE,"MSE",2.09972275633369,53.11,NA,84,81,3,66,18,0,0,0,0.785714285714286,0.214285714285714,1,1.21428571428571
40,"continuous",4,"Smooth nonlinear misspecified","BRP-GABLE rule-only",TRUE,"MSE",2.10299592246704,52.7300000000001,NA,83,83,0,65,18,0,0,0,0.783132530120482,0.216867469879518,1,1.21686746987952
40,"continuous",4,"Smooth nonlinear misspecified","GABLE",TRUE,"MSE",4.66936106945406,1.27999999999997,NA,5,5,0,5,0,0,0,0,1,0,1,1
40,"continuous",4,"Smooth nonlinear misspecified","GBM",TRUE,"MSE",2.75705817089059,0.0499999999999545,NA,NA,NA,NA,NA,NA,NA,NA,NA,NA,NA,NA,NA
40,"continuous",4,"Smooth nonlinear misspecified","Linear",TRUE,"MSE",6.4174267374714,0,NA,20,0,20,20,0,0,0,0,1,0,1,1
40,"continuous",4,"Smooth nonlinear misspecified","Random forest",TRUE,"MSE",3.01984738448899,2.61000000000001,NA,NA,NA,NA,NA,NA,NA,NA,NA,NA,NA,NA,NA
40,"continuous",4,"Smooth nonlinear misspecified","RuleFit",TRUE,"MSE",4.17363790788966,13.92,NA,27,27,0,9,16,2,0,0,0.333333333333333,0.592592592592593,0.925925925925926,1.74074074074074
41,"continuous",4,"Smooth nonlinear misspecified","BRP-GABLE full",TRUE,"MSE",2.00914907574435,52.03,NA,69,68,1,53,16,0,0,0,0.768115942028985,0.231884057971014,1,1.23188405797101
41,"continuous",4,"Smooth nonlinear misspecified","BRP-GABLE rule-only",TRUE,"MSE",2.03819977055751,51.89,NA,76,76,0,59,17,0,0,0,0.776315789473684,0.223684210526316,1,1.22368421052632
41,"continuous",4,"Smooth nonlinear misspecified","GABLE",TRUE,"MSE",4.53920159540952,1.17999999999995,NA,5,5,0,5,0,0,0,0,1,0,1,1
41,"continuous",4,"Smooth nonlinear misspecified","GBM",TRUE,"MSE",2.52486172405423,0.0499999999999545,NA,NA,NA,NA,NA,NA,NA,NA,NA,NA,NA,NA,NA
41,"continuous",4,"Smooth nonlinear misspecified","Linear",TRUE,"MSE",5.74340100065549,0,NA,20,0,20,20,0,0,0,0,1,0,1,1
41,"continuous",4,"Smooth nonlinear misspecified","Random forest",TRUE,"MSE",2.71559690721863,2.57000000000005,NA,NA,NA,NA,NA,NA,NA,NA,NA,NA,NA,NA,NA
41,"continuous",4,"Smooth nonlinear misspecified","RuleFit",TRUE,"MSE",5.1868452615863,12.9299999999999,NA,19,19,0,4,12,3,0,0,0.210526315789474,0.631578947368421,0.842105263157895,1.94736842105263
42,"continuous",4,"Smooth nonlinear misspecified","BRP-GABLE full",TRUE,"MSE",1.93892989354979,51.2599999999999,NA,85,80,5,70,15,0,0,0,0.823529411764706,0.176470588235294,1,1.17647058823529
42,"continuous",4,"Smooth nonlinear misspecified","BRP-GABLE rule-only",TRUE,"MSE",1.96981394261912,51.1099999999999,NA,90,90,0,75,15,0,0,0,0.833333333333333,0.166666666666667,1,1.16666666666667
42,"continuous",4,"Smooth nonlinear misspecified","GABLE",TRUE,"MSE",4.50135878963503,1.13999999999999,NA,5,5,0,4,1,0,0,0,0.8,0.2,1,1.2
42,"continuous",4,"Smooth nonlinear misspecified","GBM",TRUE,"MSE",2.45120824603322,0.0299999999999727,NA,NA,NA,NA,NA,NA,NA,NA,NA,NA,NA,NA,NA
42,"continuous",4,"Smooth nonlinear misspecified","Linear",TRUE,"MSE",5.55070296934547,0.00999999999999091,NA,20,0,20,20,0,0,0,0,1,0,1,1
42,"continuous",4,"Smooth nonlinear misspecified","Random forest",TRUE,"MSE",2.72068059626675,2.63,NA,NA,NA,NA,NA,NA,NA,NA,NA,NA,NA,NA,NA
42,"continuous",4,"Smooth nonlinear misspecified","RuleFit",TRUE,"MSE",3.19637512832623,13.0500000000001,NA,45,45,0,18,22,5,0,0,0.4,0.488888888888889,0.888888888888889,1.71111111111111
43,"continuous",4,"Smooth nonlinear misspecified","BRP-GABLE full",TRUE,"MSE",2.25744870089494,52.8299999999999,NA,73,69,4,58,15,0,0,0,0.794520547945205,0.205479452054795,1,1.20547945205479
43,"continuous",4,"Smooth nonlinear misspecified","BRP-GABLE rule-only",TRUE,"MSE",2.42609431729124,52.3799999999999,NA,66,66,0,52,14,0,0,0,0.787878787878788,0.212121212121212,1,1.21212121212121
43,"continuous",4,"Smooth nonlinear misspecified","GABLE",TRUE,"MSE",4.60842586004729,1.1099999999999,NA,5,5,0,5,0,0,0,0,1,0,1,1
43,"continuous",4,"Smooth nonlinear misspecified","GBM",TRUE,"MSE",2.87192782064879,0.0499999999999545,NA,NA,NA,NA,NA,NA,NA,NA,NA,NA,NA,NA,NA
43,"continuous",4,"Smooth nonlinear misspecified","Linear",TRUE,"MSE",6.31589350756148,0,NA,20,0,20,20,0,0,0,0,1,0,1,1
43,"continuous",4,"Smooth nonlinear misspecified","Random forest",TRUE,"MSE",3.18702235632299,2.69000000000005,NA,NA,NA,NA,NA,NA,NA,NA,NA,NA,NA,NA,NA
43,"continuous",4,"Smooth nonlinear misspecified","RuleFit",TRUE,"MSE",2.78426846531233,12.4400000000001,NA,38,38,0,12,17,9,0,0,0.315789473684211,0.447368421052632,0.763157894736842,1.92105263157895
44,"continuous",4,"Smooth nonlinear misspecified","BRP-GABLE full",TRUE,"MSE",1.95695284964138,51.1399999999999,NA,69,68,1,51,18,0,0,0,0.739130434782609,0.260869565217391,1,1.26086956521739
44,"continuous",4,"Smooth nonlinear misspecified","BRP-GABLE rule-only",TRUE,"MSE",2.0231823006683,50.55,NA,71,71,0,53,18,0,0,0,0.746478873239437,0.253521126760563,1,1.25352112676056
44,"continuous",4,"Smooth nonlinear misspecified","GABLE",TRUE,"MSE",4.38323304834416,1.26999999999998,NA,5,5,0,4,1,0,0,0,0.8,0.2,1,1.2
44,"continuous",4,"Smooth nonlinear misspecified","GBM",TRUE,"MSE",2.45989532414381,0.0399999999999636,NA,NA,NA,NA,NA,NA,NA,NA,NA,NA,NA,NA,NA
44,"continuous",4,"Smooth nonlinear misspecified","Linear",TRUE,"MSE",5.93824434225465,0.0100000000001046,NA,20,0,20,20,0,0,0,0,1,0,1,1
44,"continuous",4,"Smooth nonlinear misspecified","Random forest",TRUE,"MSE",2.71408455615273,2.67999999999995,NA,NA,NA,NA,NA,NA,NA,NA,NA,NA,NA,NA,NA
44,"continuous",4,"Smooth nonlinear misspecified","RuleFit",TRUE,"MSE",2.88236118916148,12.2800000000001,NA,44,44,0,25,15,4,0,0,0.568181818181818,0.340909090909091,0.909090909090909,1.52272727272727
45,"continuous",4,"Smooth nonlinear misspecified","BRP-GABLE full",TRUE,"MSE",2.00003247346012,50.6899999999999,NA,88,85,3,73,15,0,0,0,0.829545454545455,0.170454545454545,1,1.17045454545455
45,"continuous",4,"Smooth nonlinear misspecified","BRP-GABLE rule-only",TRUE,"MSE",2.13444836638524,50.1999999999999,NA,79,79,0,64,15,0,0,0,0.810126582278481,0.189873417721519,1,1.18987341772152
45,"continuous",4,"Smooth nonlinear misspecified","GABLE",TRUE,"MSE",4.14441364108083,1.32000000000005,NA,5,5,0,4,1,0,0,0,0.8,0.2,1,1.2
45,"continuous",4,"Smooth nonlinear misspecified","GBM",TRUE,"MSE",2.47489806587682,0.0399999999999636,NA,NA,NA,NA,NA,NA,NA,NA,NA,NA,NA,NA,NA
45,"continuous",4,"Smooth nonlinear misspecified","Linear",TRUE,"MSE",5.44409937654224,0.0199999999999818,NA,20,0,20,20,0,0,0,0,1,0,1,1
45,"continuous",4,"Smooth nonlinear misspecified","Random forest",TRUE,"MSE",2.68050084771591,2.60000000000002,NA,NA,NA,NA,NA,NA,NA,NA,NA,NA,NA,NA,NA
45,"continuous",4,"Smooth nonlinear misspecified","RuleFit",TRUE,"MSE",3.22407274404572,12.52,NA,36,36,0,11,20,5,0,0,0.305555555555556,0.555555555555556,0.861111111111111,1.83333333333333
46,"continuous",4,"Smooth nonlinear misspecified","BRP-GABLE full",TRUE,"MSE",2.12113554693405,53.2700000000001,NA,84,82,2,60,24,0,0,0,0.714285714285714,0.285714285714286,1,1.28571428571429
46,"continuous",4,"Smooth nonlinear misspecified","BRP-GABLE rule-only",TRUE,"MSE",2.12237330508487,52.6000000000001,NA,89,89,0,65,24,0,0,0,0.730337078651685,0.269662921348315,1,1.26966292134831
46,"continuous",4,"Smooth nonlinear misspecified","GABLE",TRUE,"MSE",4.78340698183083,1.30999999999995,NA,5,5,0,5,0,0,0,0,1,0,1,1
46,"continuous",4,"Smooth nonlinear misspecified","GBM",TRUE,"MSE",2.67981923779533,0.0500000000000682,NA,NA,NA,NA,NA,NA,NA,NA,NA,NA,NA,NA,NA
46,"continuous",4,"Smooth nonlinear misspecified","Linear",TRUE,"MSE",6.13379626294567,0.00999999999999091,NA,20,0,20,20,0,0,0,0,1,0,1,1
46,"continuous",4,"Smooth nonlinear misspecified","Random forest",TRUE,"MSE",3.06400894529432,2.38999999999999,NA,NA,NA,NA,NA,NA,NA,NA,NA,NA,NA,NA,NA
46,"continuous",4,"Smooth nonlinear misspecified","RuleFit",TRUE,"MSE",5.39811403298704,13.24,NA,31,31,0,4,18,9,0,0,0.129032258064516,0.580645161290323,0.709677419354839,2.16129032258065
47,"continuous",4,"Smooth nonlinear misspecified","BRP-GABLE full",TRUE,"MSE",1.78846870124087,52.4699999999999,NA,78,76,2,56,22,0,0,0,0.717948717948718,0.282051282051282,1,1.28205128205128
47,"continuous",4,"Smooth nonlinear misspecified","BRP-GABLE rule-only",TRUE,"MSE",1.88931636786537,52.36,NA,73,73,0,51,22,0,0,0,0.698630136986301,0.301369863013699,1,1.3013698630137
47,"continuous",4,"Smooth nonlinear misspecified","GABLE",TRUE,"MSE",4.39106062093068,1.23000000000002,NA,5,5,0,5,0,0,0,0,1,0,1,1
47,"continuous",4,"Smooth nonlinear misspecified","GBM",TRUE,"MSE",2.36924710330307,0.0499999999999545,NA,NA,NA,NA,NA,NA,NA,NA,NA,NA,NA,NA,NA
47,"continuous",4,"Smooth nonlinear misspecified","Linear",TRUE,"MSE",5.63579166238186,0.0199999999999818,NA,20,0,20,20,0,0,0,0,1,0,1,1
47,"continuous",4,"Smooth nonlinear misspecified","Random forest",TRUE,"MSE",2.67114204213488,2.5,NA,NA,NA,NA,NA,NA,NA,NA,NA,NA,NA,NA,NA
47,"continuous",4,"Smooth nonlinear misspecified","RuleFit",TRUE,"MSE",2.23792206746681,13.5,NA,51,51,0,21,22,8,0,0,0.411764705882353,0.431372549019608,0.843137254901961,1.74509803921569
48,"continuous",4,"Smooth nonlinear misspecified","BRP-GABLE full",TRUE,"MSE",2.07602721496746,50.78,NA,80,78,2,62,18,0,0,0,0.775,0.225,1,1.225
48,"continuous",4,"Smooth nonlinear misspecified","BRP-GABLE rule-only",TRUE,"MSE",2.08952509134186,50.85,NA,75,75,0,59,16,0,0,0,0.786666666666667,0.213333333333333,1,1.21333333333333
48,"continuous",4,"Smooth nonlinear misspecified","GABLE",TRUE,"MSE",4.64951944866591,1.23000000000002,NA,5,5,0,5,0,0,0,0,1,0,1,1
48,"continuous",4,"Smooth nonlinear misspecified","GBM",TRUE,"MSE",2.69397680613345,0.0500000000000682,NA,NA,NA,NA,NA,NA,NA,NA,NA,NA,NA,NA,NA
48,"continuous",4,"Smooth nonlinear misspecified","Linear",TRUE,"MSE",6.16785100576684,0,NA,20,0,20,20,0,0,0,0,1,0,1,1
48,"continuous",4,"Smooth nonlinear misspecified","Random forest",TRUE,"MSE",2.97638524180251,2.57999999999993,NA,NA,NA,NA,NA,NA,NA,NA,NA,NA,NA,NA,NA
48,"continuous",4,"Smooth nonlinear misspecified","RuleFit",TRUE,"MSE",3.20624482752267,14.74,NA,45,45,0,10,23,12,0,0,0.222222222222222,0.511111111111111,0.733333333333333,2.04444444444444
49,"continuous",4,"Smooth nonlinear misspecified","BRP-GABLE full",TRUE,"MSE",2.02734245726314,53.11,NA,95,91,4,65,30,0,0,0,0.684210526315789,0.315789473684211,1,1.31578947368421
49,"continuous",4,"Smooth nonlinear misspecified","BRP-GABLE rule-only",TRUE,"MSE",2.01523996996186,52.4899999999999,NA,90,90,0,59,31,0,0,0,0.655555555555556,0.344444444444444,1,1.34444444444444
49,"continuous",4,"Smooth nonlinear misspecified","GABLE",TRUE,"MSE",4.67321176908083,1.31999999999994,NA,5,5,0,4,1,0,0,0,0.8,0.2,1,1.2
49,"continuous",4,"Smooth nonlinear misspecified","GBM",TRUE,"MSE",2.71604089827327,0.0499999999999545,NA,NA,NA,NA,NA,NA,NA,NA,NA,NA,NA,NA,NA
49,"continuous",4,"Smooth nonlinear misspecified","Linear",TRUE,"MSE",6.31042852037851,0.00999999999999091,NA,20,0,20,20,0,0,0,0,1,0,1,1
49,"continuous",4,"Smooth nonlinear misspecified","Random forest",TRUE,"MSE",2.94144479632395,2.84000000000003,NA,NA,NA,NA,NA,NA,NA,NA,NA,NA,NA,NA,NA
49,"continuous",4,"Smooth nonlinear misspecified","RuleFit",TRUE,"MSE",4.05391738864621,13.0600000000001,NA,25,25,0,8,14,3,0,0,0.32,0.56,0.88,1.8
50,"continuous",4,"Smooth nonlinear misspecified","BRP-GABLE full",TRUE,"MSE",2.09447506235013,52.86,NA,80,76,4,59,21,0,0,0,0.7375,0.2625,1,1.2625
50,"continuous",4,"Smooth nonlinear misspecified","BRP-GABLE rule-only",TRUE,"MSE",2.09197434540412,52.3699999999999,NA,79,79,0,60,19,0,0,0,0.759493670886076,0.240506329113924,1,1.24050632911392
50,"continuous",4,"Smooth nonlinear misspecified","GABLE",TRUE,"MSE",4.33312877965516,1.20000000000005,NA,5,5,0,4,1,0,0,0,0.8,0.2,1,1.2
50,"continuous",4,"Smooth nonlinear misspecified","GBM",TRUE,"MSE",2.45230817069794,0.0599999999999454,NA,NA,NA,NA,NA,NA,NA,NA,NA,NA,NA,NA,NA
50,"continuous",4,"Smooth nonlinear misspecified","Linear",TRUE,"MSE",5.58648537020507,0,NA,20,0,20,20,0,0,0,0,1,0,1,1
50,"continuous",4,"Smooth nonlinear misspecified","Random forest",TRUE,"MSE",2.62433619025668,2.58000000000004,NA,NA,NA,NA,NA,NA,NA,NA,NA,NA,NA,NA,NA
50,"continuous",4,"Smooth nonlinear misspecified","RuleFit",TRUE,"MSE",2.6035246069286,13.66,NA,36,36,0,5,17,14,0,0,0.138888888888889,0.472222222222222,0.611111111111111,2.25
51,"continuous",4,"Smooth nonlinear misspecified","BRP-GABLE full",TRUE,"MSE",1.74976155185824,53.0300000000001,NA,81,80,1,63,18,0,0,0,0.777777777777778,0.222222222222222,1,1.22222222222222
51,"continuous",4,"Smooth nonlinear misspecified","BRP-GABLE rule-only",TRUE,"MSE",1.73761502909901,52.2500000000001,NA,77,77,0,60,17,0,0,0,0.779220779220779,0.220779220779221,1,1.22077922077922
51,"continuous",4,"Smooth nonlinear misspecified","GABLE",TRUE,"MSE",4.32907186625195,1.23000000000002,NA,5,5,0,5,0,0,0,0,1,0,1,1
51,"continuous",4,"Smooth nonlinear misspecified","GBM",TRUE,"MSE",2.39554872937845,0.0299999999999727,NA,NA,NA,NA,NA,NA,NA,NA,NA,NA,NA,NA,NA
51,"continuous",4,"Smooth nonlinear misspecified","Linear",TRUE,"MSE",6.00629809090727,0.00999999999999091,NA,20,0,20,20,0,0,0,0,1,0,1,1
51,"continuous",4,"Smooth nonlinear misspecified","Random forest",TRUE,"MSE",2.6673036312776,2.60000000000002,NA,NA,NA,NA,NA,NA,NA,NA,NA,NA,NA,NA,NA
51,"continuous",4,"Smooth nonlinear misspecified","RuleFit",TRUE,"MSE",5.71914808839145,11.42,NA,8,8,0,4,4,0,0,0,0.5,0.5,1,1.5
52,"continuous",4,"Smooth nonlinear misspecified","BRP-GABLE full",TRUE,"MSE",1.91793307978764,50.0799999999999,NA,78,75,3,49,29,0,0,0,0.628205128205128,0.371794871794872,1,1.37179487179487
52,"continuous",4,"Smooth nonlinear misspecified","BRP-GABLE rule-only",TRUE,"MSE",1.92130099024989,49.75,NA,77,77,0,47,30,0,0,0,0.61038961038961,0.38961038961039,1,1.38961038961039
52,"continuous",4,"Smooth nonlinear misspecified","GABLE",TRUE,"MSE",4.42485084457752,1.09999999999991,NA,5,5,0,3,2,0,0,0,0.6,0.4,1,1.4
52,"continuous",4,"Smooth nonlinear misspecified","GBM",TRUE,"MSE",2.45095705186783,0.0499999999999545,NA,NA,NA,NA,NA,NA,NA,NA,NA,NA,NA,NA,NA
52,"continuous",4,"Smooth nonlinear misspecified","Linear",TRUE,"MSE",5.48175671508646,0,NA,20,0,20,20,0,0,0,0,1,0,1,1
52,"continuous",4,"Smooth nonlinear misspecified","Random forest",TRUE,"MSE",2.60276030801869,2.81000000000006,NA,NA,NA,NA,NA,NA,NA,NA,NA,NA,NA,NA,NA
52,"continuous",4,"Smooth nonlinear misspecified","RuleFit",TRUE,"MSE",4.42135910230608,12.9200000000001,NA,19,19,0,6,10,3,0,0,0.315789473684211,0.526315789473684,0.842105263157895,1.84210526315789
53,"continuous",4,"Smooth nonlinear misspecified","BRP-GABLE full",TRUE,"MSE",1.91176332046457,52.25,NA,80,74,6,63,17,0,0,0,0.7875,0.2125,1,1.2125
53,"continuous",4,"Smooth nonlinear misspecified","BRP-GABLE rule-only",TRUE,"MSE",2.16910623373414,51.72,NA,77,77,0,60,17,0,0,0,0.779220779220779,0.220779220779221,1,1.22077922077922
53,"continuous",4,"Smooth nonlinear misspecified","GABLE",TRUE,"MSE",4.12831346293556,1.27999999999997,NA,5,5,0,4,1,0,0,0,0.8,0.2,1,1.2
53,"continuous",4,"Smooth nonlinear misspecified","GBM",TRUE,"MSE",2.44750833133253,0.0499999999999545,NA,NA,NA,NA,NA,NA,NA,NA,NA,NA,NA,NA,NA
53,"continuous",4,"Smooth nonlinear misspecified","Linear",TRUE,"MSE",5.56733954485082,0,NA,20,0,20,20,0,0,0,0,1,0,1,1
53,"continuous",4,"Smooth nonlinear misspecified","Random forest",TRUE,"MSE",2.61743526025019,2.59000000000003,NA,NA,NA,NA,NA,NA,NA,NA,NA,NA,NA,NA,NA
53,"continuous",4,"Smooth nonlinear misspecified","RuleFit",TRUE,"MSE",3.65949863724335,11.9400000000001,NA,29,29,0,9,17,3,0,0,0.310344827586207,0.586206896551724,0.896551724137931,1.79310344827586
54,"continuous",4,"Smooth nonlinear misspecified","BRP-GABLE full",TRUE,"MSE",2.16706572888332,52.1199999999999,NA,84,80,4,63,21,0,0,0,0.75,0.25,1,1.25
54,"continuous",4,"Smooth nonlinear misspecified","BRP-GABLE rule-only",TRUE,"MSE",2.40670825015198,52.03,NA,82,82,0,60,22,0,0,0,0.731707317073171,0.268292682926829,1,1.26829268292683
54,"continuous",4,"Smooth nonlinear misspecified","GABLE",TRUE,"MSE",4.49002768083085,1.31999999999994,NA,5,5,0,3,2,0,0,0,0.6,0.4,1,1.4
54,"continuous",4,"Smooth nonlinear misspecified","GBM",TRUE,"MSE",2.72163166070835,0.0500000000000682,NA,NA,NA,NA,NA,NA,NA,NA,NA,NA,NA,NA,NA
54,"continuous",4,"Smooth nonlinear misspecified","Linear",TRUE,"MSE",6.18669487706596,0,NA,20,0,20,20,0,0,0,0,1,0,1,1
54,"continuous",4,"Smooth nonlinear misspecified","Random forest",TRUE,"MSE",2.93794412488395,2.59000000000003,NA,NA,NA,NA,NA,NA,NA,NA,NA,NA,NA,NA,NA
54,"continuous",4,"Smooth nonlinear misspecified","RuleFit",TRUE,"MSE",3.12380126604672,12.0600000000001,NA,30,30,0,9,17,4,0,0,0.3,0.566666666666667,0.866666666666667,1.83333333333333
55,"continuous",4,"Smooth nonlinear misspecified","BRP-GABLE full",TRUE,"MSE",1.93033973501342,52,NA,81,77,4,65,16,0,0,0,0.802469135802469,0.197530864197531,1,1.19753086419753
55,"continuous",4,"Smooth nonlinear misspecified","BRP-GABLE rule-only",TRUE,"MSE",2.0714304901158,51.53,NA,76,76,0,59,17,0,0,0,0.776315789473684,0.223684210526316,1,1.22368421052632
55,"continuous",4,"Smooth nonlinear misspecified","GABLE",TRUE,"MSE",4.07542443994151,1.44000000000005,NA,5,5,0,5,0,0,0,0,1,0,1,1
55,"continuous",4,"Smooth nonlinear misspecified","GBM",TRUE,"MSE",2.42584170208184,0.0299999999999727,NA,NA,NA,NA,NA,NA,NA,NA,NA,NA,NA,NA,NA
55,"continuous",4,"Smooth nonlinear misspecified","Linear",TRUE,"MSE",5.69766569262531,0.0199999999999818,NA,20,0,20,20,0,0,0,0,1,0,1,1
55,"continuous",4,"Smooth nonlinear misspecified","Random forest",TRUE,"MSE",2.65614272722341,2.55999999999995,NA,NA,NA,NA,NA,NA,NA,NA,NA,NA,NA,NA,NA
55,"continuous",4,"Smooth nonlinear misspecified","RuleFit",TRUE,"MSE",3.80507652431009,13.64,NA,32,32,0,11,14,7,0,0,0.34375,0.4375,0.78125,1.875
56,"continuous",4,"Smooth nonlinear misspecified","BRP-GABLE full",TRUE,"MSE",1.94169978103422,51.38,NA,76,75,1,58,18,0,0,0,0.763157894736842,0.236842105263158,1,1.23684210526316
56,"continuous",4,"Smooth nonlinear misspecified","BRP-GABLE rule-only",TRUE,"MSE",1.96343522927795,50.8700000000001,NA,82,82,0,65,17,0,0,0,0.792682926829268,0.207317073170732,1,1.20731707317073
56,"continuous",4,"Smooth nonlinear misspecified","GABLE",TRUE,"MSE",4.44305030422354,1.44000000000005,NA,5,5,0,5,0,0,0,0,1,0,1,1
56,"continuous",4,"Smooth nonlinear misspecified","GBM",TRUE,"MSE",2.44989742001888,0.0399999999999636,NA,NA,NA,NA,NA,NA,NA,NA,NA,NA,NA,NA,NA
56,"continuous",4,"Smooth nonlinear misspecified","Linear",TRUE,"MSE",5.77121510472971,0,NA,20,0,20,20,0,0,0,0,1,0,1,1
56,"continuous",4,"Smooth nonlinear misspecified","Random forest",TRUE,"MSE",2.69529515753919,2.49000000000001,NA,NA,NA,NA,NA,NA,NA,NA,NA,NA,NA,NA,NA
56,"continuous",4,"Smooth nonlinear misspecified","RuleFit",TRUE,"MSE",3.60675051019036,15.53,NA,30,30,0,9,17,4,0,0,0.3,0.566666666666667,0.866666666666667,1.83333333333333
57,"continuous",4,"Smooth nonlinear misspecified","BRP-GABLE full",TRUE,"MSE",1.91782781116574,53.4499999999999,NA,82,80,2,66,16,0,0,0,0.804878048780488,0.195121951219512,1,1.19512195121951
57,"continuous",4,"Smooth nonlinear misspecified","BRP-GABLE rule-only",TRUE,"MSE",2.03627027655157,53.0700000000002,NA,69,69,0,53,16,0,0,0,0.768115942028985,0.231884057971014,1,1.23188405797101
57,"continuous",4,"Smooth nonlinear misspecified","GABLE",TRUE,"MSE",4.12555649791429,1.13,NA,5,5,0,5,0,0,0,0,1,0,1,1
57,"continuous",4,"Smooth nonlinear misspecified","GBM",TRUE,"MSE",2.50828113107874,0.0399999999999636,NA,NA,NA,NA,NA,NA,NA,NA,NA,NA,NA,NA,NA
57,"continuous",4,"Smooth nonlinear misspecified","Linear",TRUE,"MSE",5.5811204704854,0,NA,20,0,20,20,0,0,0,0,1,0,1,1
57,"continuous",4,"Smooth nonlinear misspecified","Random forest",TRUE,"MSE",2.78287648170009,2.61000000000001,NA,NA,NA,NA,NA,NA,NA,NA,NA,NA,NA,NA,NA
57,"continuous",4,"Smooth nonlinear misspecified","RuleFit",TRUE,"MSE",2.64824370803738,13.51,NA,40,40,0,12,14,14,0,0,0.3,0.35,0.65,2.05
58,"continuous",4,"Smooth nonlinear misspecified","BRP-GABLE full",TRUE,"MSE",1.96440870777417,51.4800000000001,NA,76,75,1,53,23,0,0,0,0.697368421052632,0.302631578947368,1,1.30263157894737
58,"continuous",4,"Smooth nonlinear misspecified","BRP-GABLE rule-only",TRUE,"MSE",1.98777572307476,51.0200000000001,NA,83,83,0,61,22,0,0,0,0.734939759036145,0.265060240963855,1,1.26506024096386
58,"continuous",4,"Smooth nonlinear misspecified","GABLE",TRUE,"MSE",4.43661890912282,1.13999999999999,NA,5,5,0,3,2,0,0,0,0.6,0.4,1,1.4
58,"continuous",4,"Smooth nonlinear misspecified","GBM",TRUE,"MSE",2.56578211244054,0.0499999999999545,NA,NA,NA,NA,NA,NA,NA,NA,NA,NA,NA,NA,NA
58,"continuous",4,"Smooth nonlinear misspecified","Linear",TRUE,"MSE",5.87004099728744,0.0200000000000955,NA,20,0,20,20,0,0,0,0,1,0,1,1
58,"continuous",4,"Smooth nonlinear misspecified","Random forest",TRUE,"MSE",2.88228614767284,2.62,NA,NA,NA,NA,NA,NA,NA,NA,NA,NA,NA,NA,NA
58,"continuous",4,"Smooth nonlinear misspecified","RuleFit",TRUE,"MSE",3.32052974573218,13.0899999999999,NA,31,31,0,13,16,2,0,0,0.419354838709677,0.516129032258065,0.935483870967742,1.64516129032258
59,"continuous",4,"Smooth nonlinear misspecified","BRP-GABLE full",TRUE,"MSE",2.05352934778394,53.1199999999998,NA,74,71,3,55,19,0,0,0,0.743243243243243,0.256756756756757,1,1.25675675675676
59,"continuous",4,"Smooth nonlinear misspecified","BRP-GABLE rule-only",TRUE,"MSE",2.4737062785512,52.2899999999998,NA,55,55,0,38,17,0,0,0,0.690909090909091,0.309090909090909,1,1.30909090909091
59,"continuous",4,"Smooth nonlinear misspecified","GABLE",TRUE,"MSE",4.59512383702633,1.22000000000003,NA,5,5,0,5,0,0,0,0,1,0,1,1
59,"continuous",4,"Smooth nonlinear misspecified","GBM",TRUE,"MSE",2.57333293239313,0.0399999999999636,NA,NA,NA,NA,NA,NA,NA,NA,NA,NA,NA,NA,NA
59,"continuous",4,"Smooth nonlinear misspecified","Linear",TRUE,"MSE",6.25557633108571,0,NA,20,0,20,20,0,0,0,0,1,0,1,1
59,"continuous",4,"Smooth nonlinear misspecified","Random forest",TRUE,"MSE",2.82958634929464,2.65999999999985,NA,NA,NA,NA,NA,NA,NA,NA,NA,NA,NA,NA,NA
59,"continuous",4,"Smooth nonlinear misspecified","RuleFit",TRUE,"MSE",5.16022071773168,11.8000000000002,NA,36,36,0,14,17,5,0,0,0.388888888888889,0.472222222222222,0.861111111111111,1.75
60,"continuous",4,"Smooth nonlinear misspecified","BRP-GABLE full",TRUE,"MSE",1.81997397048184,52.0600000000001,NA,73,71,2,46,27,0,0,0,0.63013698630137,0.36986301369863,1,1.36986301369863
60,"continuous",4,"Smooth nonlinear misspecified","BRP-GABLE rule-only",TRUE,"MSE",1.85391368468558,51.2600000000001,NA,74,74,0,48,26,0,0,0,0.648648648648649,0.351351351351351,1,1.35135135135135
60,"continuous",4,"Smooth nonlinear misspecified","GABLE",TRUE,"MSE",4.37491190445909,1.37000000000012,NA,5,5,0,5,0,0,0,0,1,0,1,1
60,"continuous",4,"Smooth nonlinear misspecified","GBM",TRUE,"MSE",2.44486877173029,0.0399999999999636,NA,NA,NA,NA,NA,NA,NA,NA,NA,NA,NA,NA,NA
60,"continuous",4,"Smooth nonlinear misspecified","Linear",TRUE,"MSE",5.70839733827427,0,NA,20,0,20,20,0,0,0,0,1,0,1,1
60,"continuous",4,"Smooth nonlinear misspecified","Random forest",TRUE,"MSE",2.64046913225346,2.54999999999995,NA,NA,NA,NA,NA,NA,NA,NA,NA,NA,NA,NA,NA
60,"continuous",4,"Smooth nonlinear misspecified","RuleFit",TRUE,"MSE",4.12734459765003,13.8599999999999,NA,33,33,0,7,18,8,0,0,0.212121212121212,0.545454545454545,0.757575757575758,2.03030303030303
61,"continuous",4,"Smooth nonlinear misspecified","BRP-GABLE full",TRUE,"MSE",1.78602698432641,52.9299999999998,NA,77,75,2,59,18,0,0,0,0.766233766233766,0.233766233766234,1,1.23376623376623
61,"continuous",4,"Smooth nonlinear misspecified","BRP-GABLE rule-only",TRUE,"MSE",1.80340691837129,52.1400000000001,NA,78,78,0,60,18,0,0,0,0.769230769230769,0.230769230769231,1,1.23076923076923
61,"continuous",4,"Smooth nonlinear misspecified","GABLE",TRUE,"MSE",4.1455196620811,1.25999999999999,NA,5,5,0,5,0,0,0,0,1,0,1,1
61,"continuous",4,"Smooth nonlinear misspecified","GBM",TRUE,"MSE",2.2760085760989,0.0499999999999545,NA,NA,NA,NA,NA,NA,NA,NA,NA,NA,NA,NA,NA
61,"continuous",4,"Smooth nonlinear misspecified","Linear",TRUE,"MSE",5.90749797752892,0.00999999999999091,NA,20,0,20,20,0,0,0,0,1,0,1,1
61,"continuous",4,"Smooth nonlinear misspecified","Random forest",TRUE,"MSE",2.47210883548259,2.61000000000013,NA,NA,NA,NA,NA,NA,NA,NA,NA,NA,NA,NA,NA
61,"continuous",4,"Smooth nonlinear misspecified","RuleFit",TRUE,"MSE",3.09608315190967,13.52,NA,28,28,0,6,19,3,0,0,0.214285714285714,0.678571428571429,0.892857142857143,1.89285714285714
62,"continuous",4,"Smooth nonlinear misspecified","BRP-GABLE full",TRUE,"MSE",2.26627930845818,53.53,NA,77,76,1,62,15,0,0,0,0.805194805194805,0.194805194805195,1,1.19480519480519
62,"continuous",4,"Smooth nonlinear misspecified","BRP-GABLE rule-only",TRUE,"MSE",2.29007905425914,52.75,NA,81,81,0,66,15,0,0,0,0.814814814814815,0.185185185185185,1,1.18518518518519
62,"continuous",4,"Smooth nonlinear misspecified","GABLE",TRUE,"MSE",4.26159923538445,1.00999999999999,NA,5,5,0,3,2,0,0,0,0.6,0.4,1,1.4
62,"continuous",4,"Smooth nonlinear misspecified","GBM",TRUE,"MSE",2.336670772259,0.0499999999999545,NA,NA,NA,NA,NA,NA,NA,NA,NA,NA,NA,NA,NA
62,"continuous",4,"Smooth nonlinear misspecified","Linear",TRUE,"MSE",5.81886486788485,0.00999999999999091,NA,20,0,20,20,0,0,0,0,1,0,1,1
62,"continuous",4,"Smooth nonlinear misspecified","Random forest",TRUE,"MSE",2.62232675095224,2.69000000000005,NA,NA,NA,NA,NA,NA,NA,NA,NA,NA,NA,NA,NA
62,"continuous",4,"Smooth nonlinear misspecified","RuleFit",TRUE,"MSE",3.9784528918729,13.1400000000001,NA,28,28,0,13,12,3,0,0,0.464285714285714,0.428571428571429,0.892857142857143,1.64285714285714
63,"continuous",4,"Smooth nonlinear misspecified","BRP-GABLE full",TRUE,"MSE",2.19319559416677,53.53,NA,87,82,5,75,12,0,0,0,0.862068965517241,0.137931034482759,1,1.13793103448276
63,"continuous",4,"Smooth nonlinear misspecified","BRP-GABLE rule-only",TRUE,"MSE",2.33714915874301,52.8699999999999,NA,79,79,0,66,13,0,0,0,0.835443037974684,0.164556962025316,1,1.16455696202532
63,"continuous",4,"Smooth nonlinear misspecified","GABLE",TRUE,"MSE",4.46556694434866,1.33000000000015,NA,5,5,0,5,0,0,0,0,1,0,1,1
63,"continuous",4,"Smooth nonlinear misspecified","GBM",TRUE,"MSE",2.62262471847394,0.0399999999999636,NA,NA,NA,NA,NA,NA,NA,NA,NA,NA,NA,NA,NA
63,"continuous",4,"Smooth nonlinear misspecified","Linear",TRUE,"MSE",5.95071269301518,0.0200000000002092,NA,20,0,20,20,0,0,0,0,1,0,1,1
63,"continuous",4,"Smooth nonlinear misspecified","Random forest",TRUE,"MSE",2.89859214300692,2.63999999999987,NA,NA,NA,NA,NA,NA,NA,NA,NA,NA,NA,NA,NA
63,"continuous",4,"Smooth nonlinear misspecified","RuleFit",TRUE,"MSE",5.89119399771919,13.3499999999999,NA,10,10,0,5,4,1,0,0,0.5,0.4,0.9,1.6
64,"continuous",4,"Smooth nonlinear misspecified","BRP-GABLE full",TRUE,"MSE",1.93984499171933,51.9399999999998,NA,84,82,2,61,23,0,0,0,0.726190476190476,0.273809523809524,1,1.27380952380952
64,"continuous",4,"Smooth nonlinear misspecified","BRP-GABLE rule-only",TRUE,"MSE",1.95847834231455,51.4200000000001,NA,78,78,0,56,22,0,0,0,0.717948717948718,0.282051282051282,1,1.28205128205128
64,"continuous",4,"Smooth nonlinear misspecified","GABLE",TRUE,"MSE",4.53520422682082,1.19000000000005,NA,5,5,0,4,1,0,0,0,0.8,0.2,1,1.2
64,"continuous",4,"Smooth nonlinear misspecified","GBM",TRUE,"MSE",2.50882169810775,0.040000000000191,NA,NA,NA,NA,NA,NA,NA,NA,NA,NA,NA,NA,NA
64,"continuous",4,"Smooth nonlinear misspecified","Linear",TRUE,"MSE",6.05188000079342,0,NA,20,0,20,20,0,0,0,0,1,0,1,1
64,"continuous",4,"Smooth nonlinear misspecified","Random forest",TRUE,"MSE",2.6608666746179,2.63999999999987,NA,NA,NA,NA,NA,NA,NA,NA,NA,NA,NA,NA,NA
64,"continuous",4,"Smooth nonlinear misspecified","RuleFit",TRUE,"MSE",4.04867459294149,13,NA,19,19,0,2,17,0,0,0,0.105263157894737,0.894736842105263,1,1.89473684210526
65,"continuous",4,"Smooth nonlinear misspecified","BRP-GABLE full",TRUE,"MSE",2.14860246249901,52.1500000000001,NA,78,76,2,59,19,0,0,0,0.756410256410256,0.243589743589744,1,1.24358974358974
65,"continuous",4,"Smooth nonlinear misspecified","BRP-GABLE rule-only",TRUE,"MSE",2.21110686422088,51.71,NA,77,77,0,55,22,0,0,0,0.714285714285714,0.285714285714286,1,1.28571428571429
65,"continuous",4,"Smooth nonlinear misspecified","GABLE",TRUE,"MSE",4.7082991915785,1.41000000000008,NA,5,5,0,4,1,0,0,0,0.8,0.2,1,1.2
65,"continuous",4,"Smooth nonlinear misspecified","GBM",TRUE,"MSE",2.53393282987716,0.0399999999999636,NA,NA,NA,NA,NA,NA,NA,NA,NA,NA,NA,NA,NA
65,"continuous",4,"Smooth nonlinear misspecified","Linear",TRUE,"MSE",5.97810088475854,0,NA,20,0,20,20,0,0,0,0,1,0,1,1
65,"continuous",4,"Smooth nonlinear misspecified","Random forest",TRUE,"MSE",2.71900677720197,2.76999999999998,NA,NA,NA,NA,NA,NA,NA,NA,NA,NA,NA,NA,NA
65,"continuous",4,"Smooth nonlinear misspecified","RuleFit",TRUE,"MSE",3.32694444526357,13.29,NA,21,21,0,9,8,4,0,0,0.428571428571429,0.380952380952381,0.80952380952381,1.76190476190476
66,"continuous",4,"Smooth nonlinear misspecified","BRP-GABLE full",TRUE,"MSE",1.84163327202774,52.9499999999998,NA,77,74,3,54,23,0,0,0,0.701298701298701,0.298701298701299,1,1.2987012987013
66,"continuous",4,"Smooth nonlinear misspecified","BRP-GABLE rule-only",TRUE,"MSE",1.97694613668517,52.6899999999998,NA,71,71,0,50,21,0,0,0,0.704225352112676,0.295774647887324,1,1.29577464788732
66,"continuous",4,"Smooth nonlinear misspecified","GABLE",TRUE,"MSE",4.18007464375181,1.53999999999996,NA,5,5,0,5,0,0,0,0,1,0,1,1
66,"continuous",4,"Smooth nonlinear misspecified","GBM",TRUE,"MSE",2.29261650639305,0.0500000000001819,NA,NA,NA,NA,NA,NA,NA,NA,NA,NA,NA,NA,NA
66,"continuous",4,"Smooth nonlinear misspecified","Linear",TRUE,"MSE",5.08072802591276,0,NA,20,0,20,20,0,0,0,0,1,0,1,1
66,"continuous",4,"Smooth nonlinear misspecified","Random forest",TRUE,"MSE",2.45727255357615,2.78999999999996,NA,NA,NA,NA,NA,NA,NA,NA,NA,NA,NA,NA,NA
66,"continuous",4,"Smooth nonlinear misspecified","RuleFit",TRUE,"MSE",2.92933012604864,13.26,NA,32,32,0,13,15,4,0,0,0.40625,0.46875,0.875,1.71875
67,"continuous",4,"Smooth nonlinear misspecified","BRP-GABLE full",TRUE,"MSE",2.07380682263617,54.9300000000001,NA,75,73,2,56,19,0,0,0,0.746666666666667,0.253333333333333,1,1.25333333333333
67,"continuous",4,"Smooth nonlinear misspecified","BRP-GABLE rule-only",TRUE,"MSE",2.0658600264781,54.6499999999999,NA,85,85,0,65,20,0,0,0,0.764705882352941,0.235294117647059,1,1.23529411764706
67,"continuous",4,"Smooth nonlinear misspecified","GABLE",TRUE,"MSE",4.19215241716479,1.15000000000009,NA,5,5,0,4,1,0,0,0,0.8,0.2,1,1.2
67,"continuous",4,"Smooth nonlinear misspecified","GBM",TRUE,"MSE",2.5825918565222,0.0499999999999545,NA,NA,NA,NA,NA,NA,NA,NA,NA,NA,NA,NA,NA
67,"continuous",4,"Smooth nonlinear misspecified","Linear",TRUE,"MSE",5.97031447513958,0,NA,20,0,20,20,0,0,0,0,1,0,1,1
67,"continuous",4,"Smooth nonlinear misspecified","Random forest",TRUE,"MSE",2.86588906822659,2.54999999999995,NA,NA,NA,NA,NA,NA,NA,NA,NA,NA,NA,NA,NA
67,"continuous",4,"Smooth nonlinear misspecified","RuleFit",TRUE,"MSE",2.69278632856695,14.1599999999999,NA,26,26,0,6,16,4,0,0,0.230769230769231,0.615384615384615,0.846153846153846,1.92307692307692
68,"continuous",4,"Smooth nonlinear misspecified","BRP-GABLE full",TRUE,"MSE",2.07871259228682,53.75,NA,82,81,1,65,17,0,0,0,0.792682926829268,0.207317073170732,1,1.20731707317073
68,"continuous",4,"Smooth nonlinear misspecified","BRP-GABLE rule-only",TRUE,"MSE",2.32605427734236,52.6499999999999,NA,68,68,0,51,17,0,0,0,0.75,0.25,1,1.25
68,"continuous",4,"Smooth nonlinear misspecified","GABLE",TRUE,"MSE",4.88776549486797,1.27000000000021,NA,5,5,0,5,0,0,0,0,1,0,1,1
68,"continuous",4,"Smooth nonlinear misspecified","GBM",TRUE,"MSE",2.78242206858676,0.0399999999999636,NA,NA,NA,NA,NA,NA,NA,NA,NA,NA,NA,NA,NA
68,"continuous",4,"Smooth nonlinear misspecified","Linear",TRUE,"MSE",6.30292127166968,0,NA,20,0,20,20,0,0,0,0,1,0,1,1
68,"continuous",4,"Smooth nonlinear misspecified","Random forest",TRUE,"MSE",3.0282738815628,2.65999999999985,NA,NA,NA,NA,NA,NA,NA,NA,NA,NA,NA,NA,NA
68,"continuous",4,"Smooth nonlinear misspecified","RuleFit",TRUE,"MSE",4.68154048907681,11.28,NA,10,10,0,4,6,0,0,0,0.4,0.6,1,1.6
69,"continuous",4,"Smooth nonlinear misspecified","BRP-GABLE full",TRUE,"MSE",2.03177999345751,54.5199999999998,NA,67,66,1,50,17,0,0,0,0.746268656716418,0.253731343283582,1,1.25373134328358
69,"continuous",4,"Smooth nonlinear misspecified","BRP-GABLE rule-only",TRUE,"MSE",2.21715501041515,53.8699999999999,NA,76,76,0,59,17,0,0,0,0.776315789473684,0.223684210526316,1,1.22368421052632
69,"continuous",4,"Smooth nonlinear misspecified","GABLE",TRUE,"MSE",4.27130950639177,1.25,NA,5,5,0,4,1,0,0,0,0.8,0.2,1,1.2
69,"continuous",4,"Smooth nonlinear misspecified","GBM",TRUE,"MSE",2.50780922368433,0.0399999999999636,NA,NA,NA,NA,NA,NA,NA,NA,NA,NA,NA,NA,NA
69,"continuous",4,"Smooth nonlinear misspecified","Linear",TRUE,"MSE",5.89154368024546,0,NA,20,0,20,20,0,0,0,0,1,0,1,1
69,"continuous",4,"Smooth nonlinear misspecified","Random forest",TRUE,"MSE",2.75342692524057,2.54999999999995,NA,NA,NA,NA,NA,NA,NA,NA,NA,NA,NA,NA,NA
69,"continuous",4,"Smooth nonlinear misspecified","RuleFit",TRUE,"MSE",4.80468376675032,11.6700000000001,NA,19,19,0,5,11,3,0,0,0.263157894736842,0.578947368421053,0.842105263157895,1.89473684210526
70,"continuous",4,"Smooth nonlinear misspecified","BRP-GABLE full",TRUE,"MSE",1.7592532395111,51.7899999999997,NA,96,91,5,64,32,0,0,0,0.666666666666667,0.333333333333333,1,1.33333333333333
70,"continuous",4,"Smooth nonlinear misspecified","BRP-GABLE rule-only",TRUE,"MSE",1.79094284483683,51.3199999999999,NA,86,86,0,55,31,0,0,0,0.63953488372093,0.36046511627907,1,1.36046511627907
70,"continuous",4,"Smooth nonlinear misspecified","GABLE",TRUE,"MSE",4.1415575666657,1.17000000000007,NA,5,5,0,4,1,0,0,0,0.8,0.2,1,1.2
70,"continuous",4,"Smooth nonlinear misspecified","GBM",TRUE,"MSE",2.4204627450645,0.0399999999999636,NA,NA,NA,NA,NA,NA,NA,NA,NA,NA,NA,NA,NA
70,"continuous",4,"Smooth nonlinear misspecified","Linear",TRUE,"MSE",5.92296229265063,0,NA,20,0,20,20,0,0,0,0,1,0,1,1
70,"continuous",4,"Smooth nonlinear misspecified","Random forest",TRUE,"MSE",2.64149964745613,2.51999999999998,NA,NA,NA,NA,NA,NA,NA,NA,NA,NA,NA,NA,NA
70,"continuous",4,"Smooth nonlinear misspecified","RuleFit",TRUE,"MSE",2.85568264882488,12.4599999999998,NA,40,40,0,10,22,8,0,0,0.25,0.55,0.8,1.95
71,"continuous",4,"Smooth nonlinear misspecified","BRP-GABLE full",TRUE,"MSE",1.91617572939179,52.0999999999999,NA,82,80,2,67,15,0,0,0,0.817073170731707,0.182926829268293,1,1.18292682926829
71,"continuous",4,"Smooth nonlinear misspecified","BRP-GABLE rule-only",TRUE,"MSE",1.93144853043298,52.02,NA,79,79,0,65,14,0,0,0,0.822784810126582,0.177215189873418,1,1.17721518987342
71,"continuous",4,"Smooth nonlinear misspecified","GABLE",TRUE,"MSE",4.3512565699263,1.29999999999995,NA,5,5,0,4,1,0,0,0,0.8,0.2,1,1.2
71,"continuous",4,"Smooth nonlinear misspecified","GBM",TRUE,"MSE",2.31250218037538,0.0299999999999727,NA,NA,NA,NA,NA,NA,NA,NA,NA,NA,NA,NA,NA
71,"continuous",4,"Smooth nonlinear misspecified","Linear",TRUE,"MSE",5.59016303893263,0.00999999999999091,NA,20,0,20,20,0,0,0,0,1,0,1,1
71,"continuous",4,"Smooth nonlinear misspecified","Random forest",TRUE,"MSE",2.60276585419548,2.6099999999999,NA,NA,NA,NA,NA,NA,NA,NA,NA,NA,NA,NA,NA
71,"continuous",4,"Smooth nonlinear misspecified","RuleFit",TRUE,"MSE",3.75764948681242,14.3900000000001,NA,29,29,0,5,18,6,0,0,0.172413793103448,0.620689655172414,0.793103448275862,2.03448275862069
72,"continuous",4,"Smooth nonlinear misspecified","BRP-GABLE full",TRUE,"MSE",1.9049287505838,52.9300000000003,NA,82,74,8,72,10,0,0,0,0.878048780487805,0.121951219512195,1,1.1219512195122
72,"continuous",4,"Smooth nonlinear misspecified","BRP-GABLE rule-only",TRUE,"MSE",2.03159500296,52.7900000000002,NA,72,72,0,61,11,0,0,0,0.847222222222222,0.152777777777778,1,1.15277777777778
72,"continuous",4,"Smooth nonlinear misspecified","GABLE",TRUE,"MSE",4.10947136201918,1.41000000000008,NA,5,5,0,5,0,0,0,0,1,0,1,1
72,"continuous",4,"Smooth nonlinear misspecified","GBM",TRUE,"MSE",2.25135021750867,0.0499999999999545,NA,NA,NA,NA,NA,NA,NA,NA,NA,NA,NA,NA,NA
72,"continuous",4,"Smooth nonlinear misspecified","Linear",TRUE,"MSE",5.15150789053613,0,NA,20,0,20,20,0,0,0,0,1,0,1,1
72,"continuous",4,"Smooth nonlinear misspecified","Random forest",TRUE,"MSE",2.49101580202366,2.50999999999999,NA,NA,NA,NA,NA,NA,NA,NA,NA,NA,NA,NA,NA
72,"continuous",4,"Smooth nonlinear misspecified","RuleFit",TRUE,"MSE",2.18598680582868,13.1599999999999,NA,37,37,0,9,18,10,0,0,0.243243243243243,0.486486486486487,0.72972972972973,2.02702702702703
73,"continuous",4,"Smooth nonlinear misspecified","BRP-GABLE full",TRUE,"MSE",2.03742356962742,51.6099999999999,NA,74,65,9,49,25,0,0,0,0.662162162162162,0.337837837837838,1,1.33783783783784
73,"continuous",4,"Smooth nonlinear misspecified","BRP-GABLE rule-only",TRUE,"MSE",2.21454545729596,51.3499999999999,NA,65,65,0,40,25,0,0,0,0.615384615384615,0.384615384615385,1,1.38461538461538
73,"continuous",4,"Smooth nonlinear misspecified","GABLE",TRUE,"MSE",4.61761715940499,1.27999999999997,NA,5,5,0,4,1,0,0,0,0.8,0.2,1,1.2
73,"continuous",4,"Smooth nonlinear misspecified","GBM",TRUE,"MSE",2.62564674486744,0.0499999999999545,NA,NA,NA,NA,NA,NA,NA,NA,NA,NA,NA,NA,NA
73,"continuous",4,"Smooth nonlinear misspecified","Linear",TRUE,"MSE",5.9378903842748,0.00999999999999091,NA,20,0,20,20,0,0,0,0,1,0,1,1
73,"continuous",4,"Smooth nonlinear misspecified","Random forest",TRUE,"MSE",2.81697598497924,2.6099999999999,NA,NA,NA,NA,NA,NA,NA,NA,NA,NA,NA,NA,NA
73,"continuous",4,"Smooth nonlinear misspecified","RuleFit",TRUE,"MSE",4.08307764161603,12.6700000000001,NA,36,36,0,14,14,8,0,0,0.388888888888889,0.388888888888889,0.777777777777778,1.83333333333333
74,"continuous",4,"Smooth nonlinear misspecified","BRP-GABLE full",TRUE,"MSE",1.94191058886466,51.3899999999999,NA,83,80,3,60,23,0,0,0,0.72289156626506,0.27710843373494,1,1.27710843373494
74,"continuous",4,"Smooth nonlinear misspecified","BRP-GABLE rule-only",TRUE,"MSE",1.95615708127126,50.8599999999999,NA,83,83,0,60,23,0,0,0,0.72289156626506,0.27710843373494,1,1.27710843373494
74,"continuous",4,"Smooth nonlinear misspecified","GABLE",TRUE,"MSE",4.65462086890824,1.37999999999988,NA,5,5,0,5,0,0,0,0,1,0,1,1
74,"continuous",4,"Smooth nonlinear misspecified","GBM",TRUE,"MSE",2.60604747655724,0.0500000000001819,NA,NA,NA,NA,NA,NA,NA,NA,NA,NA,NA,NA,NA
74,"continuous",4,"Smooth nonlinear misspecified","Linear",TRUE,"MSE",6.01687365563328,0,NA,20,0,20,20,0,0,0,0,1,0,1,1
74,"continuous",4,"Smooth nonlinear misspecified","Random forest",TRUE,"MSE",2.92920209607961,2.5,NA,NA,NA,NA,NA,NA,NA,NA,NA,NA,NA,NA,NA
74,"continuous",4,"Smooth nonlinear misspecified","RuleFit",TRUE,"MSE",2.27760167885036,13.8099999999999,NA,60,60,0,11,25,24,0,0,0.183333333333333,0.416666666666667,0.6,2.21666666666667
75,"continuous",4,"Smooth nonlinear misspecified","BRP-GABLE full",TRUE,"MSE",1.99406168559026,52.8100000000002,NA,86,83,3,73,13,0,0,0,0.848837209302326,0.151162790697674,1,1.15116279069767
75,"continuous",4,"Smooth nonlinear misspecified","BRP-GABLE rule-only",TRUE,"MSE",2.26611829911403,52.5800000000002,NA,74,74,0,61,13,0,0,0,0.824324324324324,0.175675675675676,1,1.17567567567568
75,"continuous",4,"Smooth nonlinear misspecified","GABLE",TRUE,"MSE",4.50434137517427,1.32999999999993,NA,5,5,0,4,1,0,0,0,0.8,0.2,1,1.2
75,"continuous",4,"Smooth nonlinear misspecified","GBM",TRUE,"MSE",2.5400287176702,0.0499999999999545,NA,NA,NA,NA,NA,NA,NA,NA,NA,NA,NA,NA,NA
75,"continuous",4,"Smooth nonlinear misspecified","Linear",TRUE,"MSE",5.85100463950696,0.0199999999999818,NA,20,0,20,20,0,0,0,0,1,0,1,1
75,"continuous",4,"Smooth nonlinear misspecified","Random forest",TRUE,"MSE",2.80082465717829,2.62000000000012,NA,NA,NA,NA,NA,NA,NA,NA,NA,NA,NA,NA,NA
75,"continuous",4,"Smooth nonlinear misspecified","RuleFit",TRUE,"MSE",2.75590408425864,14.3599999999999,NA,44,44,0,13,23,8,0,0,0.295454545454545,0.522727272727273,0.818181818181818,1.88636363636364
76,"continuous",4,"Smooth nonlinear misspecified","BRP-GABLE full",TRUE,"MSE",2.14744630074079,51.5400000000002,NA,85,84,1,67,18,0,0,0,0.788235294117647,0.211764705882353,1,1.21176470588235
76,"continuous",4,"Smooth nonlinear misspecified","BRP-GABLE rule-only",TRUE,"MSE",2.16514677767904,50.7900000000002,NA,83,83,0,66,17,0,0,0,0.795180722891566,0.204819277108434,1,1.20481927710843
76,"continuous",4,"Smooth nonlinear misspecified","GABLE",TRUE,"MSE",4.44604499321736,1.19000000000005,NA,5,5,0,4,1,0,0,0,0.8,0.2,1,1.2
76,"continuous",4,"Smooth nonlinear misspecified","GBM",TRUE,"MSE",2.65069404494475,0.0499999999999545,NA,NA,NA,NA,NA,NA,NA,NA,NA,NA,NA,NA,NA
76,"continuous",4,"Smooth nonlinear misspecified","Linear",TRUE,"MSE",5.82750047927884,0,NA,20,0,20,20,0,0,0,0,1,0,1,1
76,"continuous",4,"Smooth nonlinear misspecified","Random forest",TRUE,"MSE",2.80209727028683,2.58999999999992,NA,NA,NA,NA,NA,NA,NA,NA,NA,NA,NA,NA,NA
76,"continuous",4,"Smooth nonlinear misspecified","RuleFit",TRUE,"MSE",3.12163262633612,11.51,NA,19,19,0,7,8,4,0,0,0.368421052631579,0.421052631578947,0.789473684210526,1.84210526315789
77,"continuous",4,"Smooth nonlinear misspecified","BRP-GABLE full",TRUE,"MSE",2.03837018936254,54.2399999999998,NA,71,70,1,52,19,0,0,0,0.732394366197183,0.267605633802817,1,1.26760563380282
77,"continuous",4,"Smooth nonlinear misspecified","BRP-GABLE rule-only",TRUE,"MSE",2.06086738428821,52.8499999999999,NA,75,75,0,55,20,0,0,0,0.733333333333333,0.266666666666667,1,1.26666666666667
77,"continuous",4,"Smooth nonlinear misspecified","GABLE",TRUE,"MSE",4.53238130839932,1.19000000000005,NA,5,5,0,5,0,0,0,0,1,0,1,1
77,"continuous",4,"Smooth nonlinear misspecified","GBM",TRUE,"MSE",2.6864195036966,0.0399999999999636,NA,NA,NA,NA,NA,NA,NA,NA,NA,NA,NA,NA,NA
77,"continuous",4,"Smooth nonlinear misspecified","Linear",TRUE,"MSE",5.59769844196567,0.0200000000002092,NA,20,0,20,20,0,0,0,0,1,0,1,1
77,"continuous",4,"Smooth nonlinear misspecified","Random forest",TRUE,"MSE",2.83054316031862,2.6099999999999,NA,NA,NA,NA,NA,NA,NA,NA,NA,NA,NA,NA,NA
77,"continuous",4,"Smooth nonlinear misspecified","RuleFit",TRUE,"MSE",3.13060366267002,11.9400000000001,NA,27,27,0,10,12,5,0,0,0.37037037037037,0.444444444444444,0.814814814814815,1.81481481481481
78,"continuous",4,"Smooth nonlinear misspecified","BRP-GABLE full",TRUE,"MSE",2.16219745217015,51.6000000000001,NA,74,70,4,52,22,0,0,0,0.702702702702703,0.297297297297297,1,1.2972972972973
78,"continuous",4,"Smooth nonlinear misspecified","BRP-GABLE rule-only",TRUE,"MSE",2.17458788232542,50.6400000000001,NA,66,66,0,47,19,0,0,0,0.712121212121212,0.287878787878788,1,1.28787878787879
78,"continuous",4,"Smooth nonlinear misspecified","GABLE",TRUE,"MSE",4.30070245678481,1.20000000000005,NA,5,5,0,5,0,0,0,0,1,0,1,1
78,"continuous",4,"Smooth nonlinear misspecified","GBM",TRUE,"MSE",2.68058037270532,0.0299999999999727,NA,NA,NA,NA,NA,NA,NA,NA,NA,NA,NA,NA,NA
78,"continuous",4,"Smooth nonlinear misspecified","Linear",TRUE,"MSE",6.05772238020158,0.0199999999999818,NA,20,0,20,20,0,0,0,0,1,0,1,1
78,"continuous",4,"Smooth nonlinear misspecified","Random forest",TRUE,"MSE",2.89821413092491,2.67000000000007,NA,NA,NA,NA,NA,NA,NA,NA,NA,NA,NA,NA,NA
78,"continuous",4,"Smooth nonlinear misspecified","RuleFit",TRUE,"MSE",4.22895363216168,13.3799999999999,NA,35,35,0,9,25,1,0,0,0.257142857142857,0.714285714285714,0.971428571428571,1.77142857142857
79,"continuous",4,"Smooth nonlinear misspecified","BRP-GABLE full",TRUE,"MSE",1.89458726656829,51.6300000000003,NA,84,81,3,66,18,0,0,0,0.785714285714286,0.214285714285714,1,1.21428571428571
79,"continuous",4,"Smooth nonlinear misspecified","BRP-GABLE rule-only",TRUE,"MSE",2.06939420791466,51.27,NA,88,88,0,70,18,0,0,0,0.795454545454545,0.204545454545455,1,1.20454545454545
79,"continuous",4,"Smooth nonlinear misspecified","GABLE",TRUE,"MSE",4.37710097944015,1.18000000000006,NA,5,5,0,4,1,0,0,0,0.8,0.2,1,1.2
79,"continuous",4,"Smooth nonlinear misspecified","GBM",TRUE,"MSE",2.26939882303099,0.0699999999999363,NA,NA,NA,NA,NA,NA,NA,NA,NA,NA,NA,NA,NA
79,"continuous",4,"Smooth nonlinear misspecified","Linear",TRUE,"MSE",5.61912296086389,0,NA,20,0,20,20,0,0,0,0,1,0,1,1
79,"continuous",4,"Smooth nonlinear misspecified","Random forest",TRUE,"MSE",2.55107573946255,2.53999999999996,NA,NA,NA,NA,NA,NA,NA,NA,NA,NA,NA,NA,NA
79,"continuous",4,"Smooth nonlinear misspecified","RuleFit",TRUE,"MSE",3.22273617705083,15.4300000000001,NA,29,29,0,1,19,9,0,0,0.0344827586206897,0.655172413793103,0.689655172413793,2.27586206896552
80,"continuous",4,"Smooth nonlinear misspecified","BRP-GABLE full",TRUE,"MSE",1.90538119637583,53.9499999999998,NA,76,73,3,64,12,0,0,0,0.842105263157895,0.157894736842105,1,1.15789473684211
80,"continuous",4,"Smooth nonlinear misspecified","BRP-GABLE rule-only",TRUE,"MSE",1.94083349456409,53.48,NA,75,75,0,62,13,0,0,0,0.826666666666667,0.173333333333333,1,1.17333333333333
80,"continuous",4,"Smooth nonlinear misspecified","GABLE",TRUE,"MSE",4.44898409152217,1.29999999999995,NA,5,5,0,4,1,0,0,0,0.8,0.2,1,1.2
80,"continuous",4,"Smooth nonlinear misspecified","GBM",TRUE,"MSE",2.52778861541879,0.0500000000001819,NA,NA,NA,NA,NA,NA,NA,NA,NA,NA,NA,NA,NA
80,"continuous",4,"Smooth nonlinear misspecified","Linear",TRUE,"MSE",5.8136301606405,0,NA,20,0,20,20,0,0,0,0,1,0,1,1
80,"continuous",4,"Smooth nonlinear misspecified","Random forest",TRUE,"MSE",2.79211531627,2.50999999999999,NA,NA,NA,NA,NA,NA,NA,NA,NA,NA,NA,NA,NA
80,"continuous",4,"Smooth nonlinear misspecified","RuleFit",TRUE,"MSE",3.1092360197202,11.8299999999999,NA,18,18,0,4,9,5,0,0,0.222222222222222,0.5,0.722222222222222,2.05555555555556
81,"continuous",4,"Smooth nonlinear misspecified","BRP-GABLE full",TRUE,"MSE",1.70171420591994,54.1800000000001,NA,77,76,1,60,17,0,0,0,0.779220779220779,0.220779220779221,1,1.22077922077922
81,"continuous",4,"Smooth nonlinear misspecified","BRP-GABLE rule-only",TRUE,"MSE",1.6974634753864,53.3700000000001,NA,76,76,0,59,17,0,0,0,0.776315789473684,0.223684210526316,1,1.22368421052632
81,"continuous",4,"Smooth nonlinear misspecified","GABLE",TRUE,"MSE",4.15788712678044,1.22000000000003,NA,5,5,0,5,0,0,0,0,1,0,1,1
81,"continuous",4,"Smooth nonlinear misspecified","GBM",TRUE,"MSE",2.34638168996217,0.0499999999999545,NA,NA,NA,NA,NA,NA,NA,NA,NA,NA,NA,NA,NA
81,"continuous",4,"Smooth nonlinear misspecified","Linear",TRUE,"MSE",5.7545864900369,0,NA,20,0,20,20,0,0,0,0,1,0,1,1
81,"continuous",4,"Smooth nonlinear misspecified","Random forest",TRUE,"MSE",2.56373745076192,2.42000000000007,NA,NA,NA,NA,NA,NA,NA,NA,NA,NA,NA,NA,NA
81,"continuous",4,"Smooth nonlinear misspecified","RuleFit",TRUE,"MSE",3.08741851820046,11.73,NA,37,37,0,12,18,7,0,0,0.324324324324324,0.486486486486487,0.810810810810811,1.86486486486486
82,"continuous",4,"Smooth nonlinear misspecified","BRP-GABLE full",TRUE,"MSE",1.87394676223746,51.4400000000001,NA,82,77,5,63,19,0,0,0,0.768292682926829,0.231707317073171,1,1.23170731707317
82,"continuous",4,"Smooth nonlinear misspecified","BRP-GABLE rule-only",TRUE,"MSE",1.90660066766386,51.2,NA,72,72,0,53,19,0,0,0,0.736111111111111,0.263888888888889,1,1.26388888888889
82,"continuous",4,"Smooth nonlinear misspecified","GABLE",TRUE,"MSE",4.45221013356226,1.28999999999996,NA,5,5,0,5,0,0,0,0,1,0,1,1
82,"continuous",4,"Smooth nonlinear misspecified","GBM",TRUE,"MSE",2.45475022417105,0.0599999999999454,NA,NA,NA,NA,NA,NA,NA,NA,NA,NA,NA,NA,NA
82,"continuous",4,"Smooth nonlinear misspecified","Linear",TRUE,"MSE",5.49127572509484,0,NA,20,0,20,20,0,0,0,0,1,0,1,1
82,"continuous",4,"Smooth nonlinear misspecified","Random forest",TRUE,"MSE",2.69184637467061,2.61000000000013,NA,NA,NA,NA,NA,NA,NA,NA,NA,NA,NA,NA,NA
82,"continuous",4,"Smooth nonlinear misspecified","RuleFit",TRUE,"MSE",3.40558117022931,12.74,NA,19,19,0,6,13,0,0,0,0.315789473684211,0.684210526315789,1,1.68421052631579
83,"continuous",4,"Smooth nonlinear misspecified","BRP-GABLE full",TRUE,"MSE",1.97397123225605,52.5,NA,84,80,4,54,30,0,0,0,0.642857142857143,0.357142857142857,1,1.35714285714286
83,"continuous",4,"Smooth nonlinear misspecified","BRP-GABLE rule-only",TRUE,"MSE",2.06107177492678,52.3599999999999,NA,81,81,0,52,29,0,0,0,0.641975308641975,0.358024691358025,1,1.35802469135802
83,"continuous",4,"Smooth nonlinear misspecified","GABLE",TRUE,"MSE",4.21067605195257,1.10000000000014,NA,5,5,0,3,2,0,0,0,0.6,0.4,1,1.4
83,"continuous",4,"Smooth nonlinear misspecified","GBM",TRUE,"MSE",2.33433492817232,0.0499999999999545,NA,NA,NA,NA,NA,NA,NA,NA,NA,NA,NA,NA,NA
83,"continuous",4,"Smooth nonlinear misspecified","Linear",TRUE,"MSE",6.17679751962662,0,NA,20,0,20,20,0,0,0,0,1,0,1,1
83,"continuous",4,"Smooth nonlinear misspecified","Random forest",TRUE,"MSE",2.65406537347852,2.61999999999989,NA,NA,NA,NA,NA,NA,NA,NA,NA,NA,NA,NA,NA
83,"continuous",4,"Smooth nonlinear misspecified","RuleFit",TRUE,"MSE",2.97641602233355,15.23,NA,28,28,0,11,14,3,0,0,0.392857142857143,0.5,0.892857142857143,1.71428571428571
84,"continuous",4,"Smooth nonlinear misspecified","BRP-GABLE full",TRUE,"MSE",1.86335222456587,52.9799999999998,NA,70,67,3,50,20,0,0,0,0.714285714285714,0.285714285714286,1,1.28571428571429
84,"continuous",4,"Smooth nonlinear misspecified","BRP-GABLE rule-only",TRUE,"MSE",1.85239539655039,52.46,NA,72,72,0,51,21,0,0,0,0.708333333333333,0.291666666666667,1,1.29166666666667
84,"continuous",4,"Smooth nonlinear misspecified","GABLE",TRUE,"MSE",4.07297799922634,1.3599999999999,NA,5,5,0,4,1,0,0,0,0.8,0.2,1,1.2
84,"continuous",4,"Smooth nonlinear misspecified","GBM",TRUE,"MSE",2.26149826296334,0.0299999999999727,NA,NA,NA,NA,NA,NA,NA,NA,NA,NA,NA,NA,NA
84,"continuous",4,"Smooth nonlinear misspecified","Linear",TRUE,"MSE",5.46193026687105,0.0199999999999818,NA,20,0,20,20,0,0,0,0,1,0,1,1
84,"continuous",4,"Smooth nonlinear misspecified","Random forest",TRUE,"MSE",2.46294534230362,2.63000000000011,NA,NA,NA,NA,NA,NA,NA,NA,NA,NA,NA,NA,NA
84,"continuous",4,"Smooth nonlinear misspecified","RuleFit",TRUE,"MSE",3.51253472346342,13.45,NA,26,26,0,7,9,10,0,0,0.269230769230769,0.346153846153846,0.615384615384615,2.11538461538462
85,"continuous",4,"Smooth nonlinear misspecified","BRP-GABLE full",TRUE,"MSE",1.94756031159857,51.05,NA,71,70,1,54,17,0,0,0,0.76056338028169,0.23943661971831,1,1.23943661971831
85,"continuous",4,"Smooth nonlinear misspecified","BRP-GABLE rule-only",TRUE,"MSE",1.92529061910791,50.3500000000001,NA,67,67,0,50,17,0,0,0,0.746268656716418,0.253731343283582,1,1.25373134328358
85,"continuous",4,"Smooth nonlinear misspecified","GABLE",TRUE,"MSE",4.4514132773646,1.3900000000001,NA,5,5,0,5,0,0,0,0,1,0,1,1
85,"continuous",4,"Smooth nonlinear misspecified","GBM",TRUE,"MSE",2.5589359364835,0.0499999999999545,NA,NA,NA,NA,NA,NA,NA,NA,NA,NA,NA,NA,NA
85,"continuous",4,"Smooth nonlinear misspecified","Linear",TRUE,"MSE",6.11608532907731,0,NA,20,0,20,20,0,0,0,0,1,0,1,1
85,"continuous",4,"Smooth nonlinear misspecified","Random forest",TRUE,"MSE",2.81797228957492,2.66000000000008,NA,NA,NA,NA,NA,NA,NA,NA,NA,NA,NA,NA,NA
85,"continuous",4,"Smooth nonlinear misspecified","RuleFit",TRUE,"MSE",3.62369144849729,13.1499999999999,NA,37,37,0,9,19,9,0,0,0.243243243243243,0.513513513513513,0.756756756756757,2
86,"continuous",4,"Smooth nonlinear misspecified","BRP-GABLE full",TRUE,"MSE",2.13034232148822,52.72,NA,81,79,2,61,20,0,0,0,0.753086419753086,0.246913580246914,1,1.24691358024691
86,"continuous",4,"Smooth nonlinear misspecified","BRP-GABLE rule-only",TRUE,"MSE",2.14967425045033,52.0900000000001,NA,74,74,0,55,19,0,0,0,0.743243243243243,0.256756756756757,1,1.25675675675676
86,"continuous",4,"Smooth nonlinear misspecified","GABLE",TRUE,"MSE",4.78592354715258,1.17000000000007,NA,5,5,0,5,0,0,0,0,1,0,1,1
86,"continuous",4,"Smooth nonlinear misspecified","GBM",TRUE,"MSE",2.82065546266388,0.0499999999999545,NA,NA,NA,NA,NA,NA,NA,NA,NA,NA,NA,NA,NA
86,"continuous",4,"Smooth nonlinear misspecified","Linear",TRUE,"MSE",6.34870266267004,0,NA,20,0,20,20,0,0,0,0,1,0,1,1
86,"continuous",4,"Smooth nonlinear misspecified","Random forest",TRUE,"MSE",3.01898953512262,2.72000000000003,NA,NA,NA,NA,NA,NA,NA,NA,NA,NA,NA,NA,NA
86,"continuous",4,"Smooth nonlinear misspecified","RuleFit",TRUE,"MSE",5.23659567420308,12.55,NA,26,26,0,4,17,5,0,0,0.153846153846154,0.653846153846154,0.807692307692308,2.03846153846154
87,"continuous",4,"Smooth nonlinear misspecified","BRP-GABLE full",TRUE,"MSE",2.034548501124,51.9099999999999,NA,74,70,4,47,27,0,0,0,0.635135135135135,0.364864864864865,1,1.36486486486486
87,"continuous",4,"Smooth nonlinear misspecified","BRP-GABLE rule-only",TRUE,"MSE",2.03509178344669,51.0199999999998,NA,74,74,0,46,28,0,0,0,0.621621621621622,0.378378378378378,1,1.37837837837838
87,"continuous",4,"Smooth nonlinear misspecified","GABLE",TRUE,"MSE",4.3980697147975,1.32999999999993,NA,5,5,0,5,0,0,0,0,1,0,1,1
87,"continuous",4,"Smooth nonlinear misspecified","GBM",TRUE,"MSE",2.49384336052737,0.0499999999999545,NA,NA,NA,NA,NA,NA,NA,NA,NA,NA,NA,NA,NA
87,"continuous",4,"Smooth nonlinear misspecified","Linear",TRUE,"MSE",6.21086340740683,0,NA,20,0,20,20,0,0,0,0,1,0,1,1
87,"continuous",4,"Smooth nonlinear misspecified","Random forest",TRUE,"MSE",2.81468042898647,2.52999999999997,NA,NA,NA,NA,NA,NA,NA,NA,NA,NA,NA,NA,NA
87,"continuous",4,"Smooth nonlinear misspecified","RuleFit",TRUE,"MSE",2.3467742382849,13.6400000000001,NA,40,40,0,14,17,9,0,0,0.35,0.425,0.775,1.875
88,"continuous",4,"Smooth nonlinear misspecified","BRP-GABLE full",TRUE,"MSE",2.17218616683363,51.9800000000002,NA,73,72,1,47,26,0,0,0,0.643835616438356,0.356164383561644,1,1.35616438356164
88,"continuous",4,"Smooth nonlinear misspecified","BRP-GABLE rule-only",TRUE,"MSE",2.21800124449059,51.6099999999999,NA,77,77,0,51,26,0,0,0,0.662337662337662,0.337662337662338,1,1.33766233766234
88,"continuous",4,"Smooth nonlinear misspecified","GABLE",TRUE,"MSE",4.31256213105609,1.23000000000002,NA,5,5,0,4,1,0,0,0,0.8,0.2,1,1.2
88,"continuous",4,"Smooth nonlinear misspecified","GBM",TRUE,"MSE",2.68983259334531,0.0499999999999545,NA,NA,NA,NA,NA,NA,NA,NA,NA,NA,NA,NA,NA
88,"continuous",4,"Smooth nonlinear misspecified","Linear",TRUE,"MSE",6.14691682728028,0.0199999999999818,NA,20,0,20,20,0,0,0,0,1,0,1,1
88,"continuous",4,"Smooth nonlinear misspecified","Random forest",TRUE,"MSE",2.86764367308052,2.58999999999992,NA,NA,NA,NA,NA,NA,NA,NA,NA,NA,NA,NA,NA
88,"continuous",4,"Smooth nonlinear misspecified","RuleFit",TRUE,"MSE",2.78488545359416,12.5800000000002,NA,20,20,0,5,13,2,0,0,0.25,0.65,0.9,1.85
89,"continuous",4,"Smooth nonlinear misspecified","BRP-GABLE full",TRUE,"MSE",2.01019433368745,53.2500000000002,NA,79,75,4,62,17,0,0,0,0.784810126582278,0.215189873417722,1,1.21518987341772
89,"continuous",4,"Smooth nonlinear misspecified","BRP-GABLE rule-only",TRUE,"MSE",1.99928526317974,52.76,NA,80,80,0,63,17,0,0,0,0.7875,0.2125,1,1.2125
89,"continuous",4,"Smooth nonlinear misspecified","GABLE",TRUE,"MSE",4.37263383395861,1.3599999999999,NA,5,5,0,5,0,0,0,0,1,0,1,1
89,"continuous",4,"Smooth nonlinear misspecified","GBM",TRUE,"MSE",2.45252332256878,0.0499999999999545,NA,NA,NA,NA,NA,NA,NA,NA,NA,NA,NA,NA,NA
89,"continuous",4,"Smooth nonlinear misspecified","Linear",TRUE,"MSE",5.87377084632118,0.0199999999999818,NA,20,0,20,20,0,0,0,0,1,0,1,1
89,"continuous",4,"Smooth nonlinear misspecified","Random forest",TRUE,"MSE",2.79241683319619,2.70000000000005,NA,NA,NA,NA,NA,NA,NA,NA,NA,NA,NA,NA,NA
89,"continuous",4,"Smooth nonlinear misspecified","RuleFit",TRUE,"MSE",3.59049523805929,12.3300000000002,NA,31,31,0,9,16,6,0,0,0.290322580645161,0.516129032258065,0.806451612903226,1.90322580645161
90,"continuous",4,"Smooth nonlinear misspecified","BRP-GABLE full",TRUE,"MSE",1.9410127766352,48.6200000000001,NA,74,70,4,42,32,0,0,0,0.567567567567568,0.432432432432432,1,1.43243243243243
90,"continuous",4,"Smooth nonlinear misspecified","BRP-GABLE rule-only",TRUE,"MSE",2.06693308696632,48.4200000000001,NA,75,75,0,43,32,0,0,0,0.573333333333333,0.426666666666667,1,1.42666666666667
90,"continuous",4,"Smooth nonlinear misspecified","GABLE",TRUE,"MSE",4.37338009242765,1.23000000000002,NA,5,5,0,5,0,0,0,0,1,0,1,1
90,"continuous",4,"Smooth nonlinear misspecified","GBM",TRUE,"MSE",2.55598621234629,0.0499999999999545,NA,NA,NA,NA,NA,NA,NA,NA,NA,NA,NA,NA,NA
90,"continuous",4,"Smooth nonlinear misspecified","Linear",TRUE,"MSE",5.81312604320464,0,NA,20,0,20,20,0,0,0,0,1,0,1,1
90,"continuous",4,"Smooth nonlinear misspecified","Random forest",TRUE,"MSE",2.78398745113423,2.54999999999995,NA,NA,NA,NA,NA,NA,NA,NA,NA,NA,NA,NA,NA
90,"continuous",4,"Smooth nonlinear misspecified","RuleFit",TRUE,"MSE",4.63738123773213,13.6000000000001,NA,22,22,0,7,12,3,0,0,0.318181818181818,0.545454545454545,0.863636363636364,1.81818181818182
91,"continuous",4,"Smooth nonlinear misspecified","BRP-GABLE full",TRUE,"MSE",1.97922210180004,50.9800000000002,NA,79,75,4,52,27,0,0,0,0.658227848101266,0.341772151898734,1,1.34177215189873
91,"continuous",4,"Smooth nonlinear misspecified","BRP-GABLE rule-only",TRUE,"MSE",2.00548852846943,50.5900000000001,NA,80,80,0,56,24,0,0,0,0.7,0.3,1,1.3
91,"continuous",4,"Smooth nonlinear misspecified","GABLE",TRUE,"MSE",4.40531189488945,1.22000000000003,NA,5,5,0,3,2,0,0,0,0.6,0.4,1,1.4
91,"continuous",4,"Smooth nonlinear misspecified","GBM",TRUE,"MSE",2.61322995663841,0.0499999999999545,NA,NA,NA,NA,NA,NA,NA,NA,NA,NA,NA,NA,NA
91,"continuous",4,"Smooth nonlinear misspecified","Linear",TRUE,"MSE",5.98272852775374,0,NA,20,0,20,20,0,0,0,0,1,0,1,1
91,"continuous",4,"Smooth nonlinear misspecified","Random forest",TRUE,"MSE",2.74733527446487,2.46000000000004,NA,NA,NA,NA,NA,NA,NA,NA,NA,NA,NA,NA,NA
91,"continuous",4,"Smooth nonlinear misspecified","RuleFit",TRUE,"MSE",2.35546116558022,13.21,NA,38,38,0,15,19,4,0,0,0.394736842105263,0.5,0.894736842105263,1.71052631578947
92,"continuous",4,"Smooth nonlinear misspecified","BRP-GABLE full",TRUE,"MSE",1.99227020496651,51.8500000000001,NA,65,60,5,46,19,0,0,0,0.707692307692308,0.292307692307692,1,1.29230769230769
92,"continuous",4,"Smooth nonlinear misspecified","BRP-GABLE rule-only",TRUE,"MSE",2.23225369421834,50.97,NA,67,67,0,46,21,0,0,0,0.686567164179104,0.313432835820896,1,1.3134328358209
92,"continuous",4,"Smooth nonlinear misspecified","GABLE",TRUE,"MSE",4.26616775068584,1.19000000000005,NA,5,5,0,5,0,0,0,0,1,0,1,1
92,"continuous",4,"Smooth nonlinear misspecified","GBM",TRUE,"MSE",2.45366809221613,0.0499999999999545,NA,NA,NA,NA,NA,NA,NA,NA,NA,NA,NA,NA,NA
92,"continuous",4,"Smooth nonlinear misspecified","Linear",TRUE,"MSE",5.80120832786975,0.00999999999999091,NA,20,0,20,20,0,0,0,0,1,0,1,1
92,"continuous",4,"Smooth nonlinear misspecified","Random forest",TRUE,"MSE",2.58490840664728,2.62000000000012,NA,NA,NA,NA,NA,NA,NA,NA,NA,NA,NA,NA,NA
92,"continuous",4,"Smooth nonlinear misspecified","RuleFit",TRUE,"MSE",2.87683738233776,13.27,NA,48,48,0,20,17,11,0,0,0.416666666666667,0.354166666666667,0.770833333333333,1.8125
93,"continuous",4,"Smooth nonlinear misspecified","BRP-GABLE full",TRUE,"MSE",2.01966546228883,53.26,NA,91,90,1,75,16,0,0,0,0.824175824175824,0.175824175824176,1,1.17582417582418
93,"continuous",4,"Smooth nonlinear misspecified","BRP-GABLE rule-only",TRUE,"MSE",2.02947612838533,52.7199999999998,NA,84,84,0,68,16,0,0,0,0.80952380952381,0.19047619047619,1,1.19047619047619
93,"continuous",4,"Smooth nonlinear misspecified","GABLE",TRUE,"MSE",4.39841580650845,1.30999999999995,NA,5,5,0,5,0,0,0,0,1,0,1,1
93,"continuous",4,"Smooth nonlinear misspecified","GBM",TRUE,"MSE",2.42127703475506,0.0399999999999636,NA,NA,NA,NA,NA,NA,NA,NA,NA,NA,NA,NA,NA
93,"continuous",4,"Smooth nonlinear misspecified","Linear",TRUE,"MSE",5.71532494448542,0,NA,20,0,20,20,0,0,0,0,1,0,1,1
93,"continuous",4,"Smooth nonlinear misspecified","Random forest",TRUE,"MSE",2.66234033862763,2.65000000000009,NA,NA,NA,NA,NA,NA,NA,NA,NA,NA,NA,NA,NA
93,"continuous",4,"Smooth nonlinear misspecified","RuleFit",TRUE,"MSE",2.72584056502762,13.3400000000001,NA,42,42,0,11,23,8,0,0,0.261904761904762,0.547619047619048,0.80952380952381,1.92857142857143
94,"continuous",4,"Smooth nonlinear misspecified","BRP-GABLE full",TRUE,"MSE",2.05378519943098,51.3699999999999,NA,87,81,6,66,21,0,0,0,0.758620689655172,0.241379310344828,1,1.24137931034483
94,"continuous",4,"Smooth nonlinear misspecified","BRP-GABLE rule-only",TRUE,"MSE",2.18058875539236,51,NA,84,84,0,64,20,0,0,0,0.761904761904762,0.238095238095238,1,1.23809523809524
94,"continuous",4,"Smooth nonlinear misspecified","GABLE",TRUE,"MSE",4.60032744215839,1.15999999999985,NA,5,5,0,4,1,0,0,0,0.8,0.2,1,1.2
94,"continuous",4,"Smooth nonlinear misspecified","GBM",TRUE,"MSE",2.53775110547052,0.0299999999999727,NA,NA,NA,NA,NA,NA,NA,NA,NA,NA,NA,NA,NA
94,"continuous",4,"Smooth nonlinear misspecified","Linear",TRUE,"MSE",6.11951508768575,0.0199999999999818,NA,20,0,20,20,0,0,0,0,1,0,1,1
94,"continuous",4,"Smooth nonlinear misspecified","Random forest",TRUE,"MSE",2.76880377458264,2.58000000000015,NA,NA,NA,NA,NA,NA,NA,NA,NA,NA,NA,NA,NA
94,"continuous",4,"Smooth nonlinear misspecified","RuleFit",TRUE,"MSE",3.07232625409887,13.23,NA,40,40,0,7,21,12,0,0,0.175,0.525,0.7,2.125
95,"continuous",4,"Smooth nonlinear misspecified","BRP-GABLE full",TRUE,"MSE",2.0496196742915,53.3499999999997,NA,89,84,5,75,14,0,0,0,0.842696629213483,0.157303370786517,1,1.15730337078652
95,"continuous",4,"Smooth nonlinear misspecified","BRP-GABLE rule-only",TRUE,"MSE",2.05676407490474,52.75,NA,86,86,0,73,13,0,0,0,0.848837209302326,0.151162790697674,1,1.15116279069767
95,"continuous",4,"Smooth nonlinear misspecified","GABLE",TRUE,"MSE",4.43263025398995,1.26999999999998,NA,5,5,0,5,0,0,0,0,1,0,1,1
95,"continuous",4,"Smooth nonlinear misspecified","GBM",TRUE,"MSE",2.5526017606166,0.0500000000001819,NA,NA,NA,NA,NA,NA,NA,NA,NA,NA,NA,NA,NA
95,"continuous",4,"Smooth nonlinear misspecified","Linear",TRUE,"MSE",6.08134133275132,0.00999999999999091,NA,20,0,20,20,0,0,0,0,1,0,1,1
95,"continuous",4,"Smooth nonlinear misspecified","Random forest",TRUE,"MSE",2.73511458318314,2.53999999999996,NA,NA,NA,NA,NA,NA,NA,NA,NA,NA,NA,NA,NA
95,"continuous",4,"Smooth nonlinear misspecified","RuleFit",TRUE,"MSE",3.02459855484187,12.8099999999999,NA,34,34,0,15,13,6,0,0,0.441176470588235,0.382352941176471,0.823529411764706,1.73529411764706
96,"continuous",4,"Smooth nonlinear misspecified","BRP-GABLE full",TRUE,"MSE",2.10443279092903,53.1500000000001,NA,77,71,6,65,12,0,0,0,0.844155844155844,0.155844155844156,1,1.15584415584416
96,"continuous",4,"Smooth nonlinear misspecified","BRP-GABLE rule-only",TRUE,"MSE",2.20579388002623,53.6600000000001,NA,77,77,0,64,13,0,0,0,0.831168831168831,0.168831168831169,1,1.16883116883117
96,"continuous",4,"Smooth nonlinear misspecified","GABLE",TRUE,"MSE",4.67992112927334,1.26999999999998,NA,5,5,0,5,0,0,0,0,1,0,1,1
96,"continuous",4,"Smooth nonlinear misspecified","GBM",TRUE,"MSE",2.46834923405517,0.0399999999999636,NA,NA,NA,NA,NA,NA,NA,NA,NA,NA,NA,NA,NA
96,"continuous",4,"Smooth nonlinear misspecified","Linear",TRUE,"MSE",5.71214914822759,0.0199999999999818,NA,20,0,20,20,0,0,0,0,1,0,1,1
96,"continuous",4,"Smooth nonlinear misspecified","Random forest",TRUE,"MSE",2.73419550821356,2.5,NA,NA,NA,NA,NA,NA,NA,NA,NA,NA,NA,NA,NA
96,"continuous",4,"Smooth nonlinear misspecified","RuleFit",TRUE,"MSE",4.25017236247484,12.3900000000001,NA,20,20,0,6,11,3,0,0,0.3,0.55,0.85,1.85
97,"continuous",4,"Smooth nonlinear misspecified","BRP-GABLE full",TRUE,"MSE",1.86689026024245,51.8799999999999,NA,73,68,5,54,19,0,0,0,0.73972602739726,0.26027397260274,1,1.26027397260274
97,"continuous",4,"Smooth nonlinear misspecified","BRP-GABLE rule-only",TRUE,"MSE",2.05689670683964,51.4699999999998,NA,67,67,0,48,19,0,0,0,0.716417910447761,0.283582089552239,1,1.28358208955224
97,"continuous",4,"Smooth nonlinear misspecified","GABLE",TRUE,"MSE",4.12100161086884,1.1400000000001,NA,5,5,0,5,0,0,0,0,1,0,1,1
97,"continuous",4,"Smooth nonlinear misspecified","GBM",TRUE,"MSE",2.33358613220251,0.0499999999999545,NA,NA,NA,NA,NA,NA,NA,NA,NA,NA,NA,NA,NA
97,"continuous",4,"Smooth nonlinear misspecified","Linear",TRUE,"MSE",5.55527955784024,0,NA,20,0,20,20,0,0,0,0,1,0,1,1
97,"continuous",4,"Smooth nonlinear misspecified","Random forest",TRUE,"MSE",2.56649527875401,2.54999999999995,NA,NA,NA,NA,NA,NA,NA,NA,NA,NA,NA,NA,NA
97,"continuous",4,"Smooth nonlinear misspecified","RuleFit",TRUE,"MSE",3.83366718962026,12,NA,20,20,0,6,11,3,0,0,0.3,0.55,0.85,1.85
98,"continuous",4,"Smooth nonlinear misspecified","BRP-GABLE full",TRUE,"MSE",1.89883160229381,50.5200000000002,NA,75,72,3,51,24,0,0,0,0.68,0.32,1,1.32
98,"continuous",4,"Smooth nonlinear misspecified","BRP-GABLE rule-only",TRUE,"MSE",1.91127039496103,50.4300000000001,NA,81,81,0,56,25,0,0,0,0.691358024691358,0.308641975308642,1,1.30864197530864
98,"continuous",4,"Smooth nonlinear misspecified","GABLE",TRUE,"MSE",4.14739435434591,1.24000000000001,NA,5,5,0,5,0,0,0,0,1,0,1,1
98,"continuous",4,"Smooth nonlinear misspecified","GBM",TRUE,"MSE",2.29774574215489,0.0499999999999545,NA,NA,NA,NA,NA,NA,NA,NA,NA,NA,NA,NA,NA
98,"continuous",4,"Smooth nonlinear misspecified","Linear",TRUE,"MSE",5.20284666986078,0,NA,20,0,20,20,0,0,0,0,1,0,1,1
98,"continuous",4,"Smooth nonlinear misspecified","Random forest",TRUE,"MSE",2.49334326035674,2.57000000000016,NA,NA,NA,NA,NA,NA,NA,NA,NA,NA,NA,NA,NA
98,"continuous",4,"Smooth nonlinear misspecified","RuleFit",TRUE,"MSE",3.4824181487595,12.3299999999999,NA,29,29,0,4,18,7,0,0,0.137931034482759,0.620689655172414,0.758620689655172,2.10344827586207
99,"continuous",4,"Smooth nonlinear misspecified","BRP-GABLE full",TRUE,"MSE",2.02697759985719,48.04,NA,87,84,3,58,29,0,0,0,0.666666666666667,0.333333333333333,1,1.33333333333333
99,"continuous",4,"Smooth nonlinear misspecified","BRP-GABLE rule-only",TRUE,"MSE",2.06102323235812,47.5600000000002,NA,83,83,0,56,27,0,0,0,0.674698795180723,0.325301204819277,1,1.32530120481928
99,"continuous",4,"Smooth nonlinear misspecified","GABLE",TRUE,"MSE",4.65212120092489,0.910000000000082,NA,5,5,0,3,2,0,0,0,0.6,0.4,1,1.4
99,"continuous",4,"Smooth nonlinear misspecified","GBM",TRUE,"MSE",2.54988321131968,0.0299999999999727,NA,NA,NA,NA,NA,NA,NA,NA,NA,NA,NA,NA,NA
99,"continuous",4,"Smooth nonlinear misspecified","Linear",TRUE,"MSE",6.16240126925089,0,NA,20,0,20,20,0,0,0,0,1,0,1,1
99,"continuous",4,"Smooth nonlinear misspecified","Random forest",TRUE,"MSE",2.83438272570346,2.36000000000013,NA,NA,NA,NA,NA,NA,NA,NA,NA,NA,NA,NA,NA
99,"continuous",4,"Smooth nonlinear misspecified","RuleFit",TRUE,"MSE",4.05539576531019,9.3599999999999,NA,12,12,0,3,5,4,0,0,0.25,0.416666666666667,0.666666666666667,2.08333333333333
100,"continuous",4,"Smooth nonlinear misspecified","BRP-GABLE full",TRUE,"MSE",2.02939976297799,44.78,NA,87,86,1,70,17,0,0,0,0.804597701149425,0.195402298850575,1,1.19540229885057
100,"continuous",4,"Smooth nonlinear misspecified","BRP-GABLE rule-only",TRUE,"MSE",2.08457700899296,44.73,NA,84,84,0,65,19,0,0,0,0.773809523809524,0.226190476190476,1,1.22619047619048
100,"continuous",4,"Smooth nonlinear misspecified","GABLE",TRUE,"MSE",4.56796088479459,0.759999999999991,NA,5,5,0,5,0,0,0,0,1,0,1,1
100,"continuous",4,"Smooth nonlinear misspecified","GBM",TRUE,"MSE",2.61569465873607,0.00999999999999091,NA,NA,NA,NA,NA,NA,NA,NA,NA,NA,NA,NA,NA
100,"continuous",4,"Smooth nonlinear misspecified","Linear",TRUE,"MSE",6.04789934494007,0.0199999999999818,NA,20,0,20,20,0,0,0,0,1,0,1,1
100,"continuous",4,"Smooth nonlinear misspecified","Random forest",TRUE,"MSE",2.79700385176123,1.99000000000001,NA,NA,NA,NA,NA,NA,NA,NA,NA,NA,NA,NA,NA
100,"continuous",4,"Smooth nonlinear misspecified","RuleFit",TRUE,"MSE",4.08487783719617,7.72000000000003,NA,35,35,0,20,14,1,0,0,0.571428571428571,0.4,0.971428571428571,1.45714285714286
