"Sim","Outcome","Scenario","Scenario_name","method","fit_ok","metric_name","metric_value","elapsed_time","error_message","n_rules_total","n_rule_terms_selected","n_linear_selected","n_rules_deg1","n_rules_deg2","n_rules_deg3","n_rules_deg4","n_rules_deg5plus","prop_deg1","prop_deg2","prop_deg_le2","avg_rule_degree"
1,"continuous",1,"Purely rule-based","BRP-GABLE full",TRUE,"MSE",1.26117155546128,39.11,NA,33,32,1,27,6,0,0,0,0.818181818181818,0.181818181818182,1,1.18181818181818
1,"continuous",1,"Purely rule-based","BRP-GABLE rule-only",TRUE,"MSE",1.24034295333058,38.59,NA,33,33,0,28,5,0,0,0,0.848484848484849,0.151515151515152,1,1.15151515151515
1,"continuous",1,"Purely rule-based","GABLE",TRUE,"MSE",2.27068872986922,0.859999999999999,NA,5,5,0,5,0,0,0,0,1,0,1,1
1,"continuous",1,"Purely rule-based","GBM",TRUE,"MSE",1.70790828838508,0.03,NA,NA,NA,NA,NA,NA,NA,NA,NA,NA,NA,NA,NA
1,"continuous",1,"Purely rule-based","Linear",TRUE,"MSE",3.71067526085661,0,NA,20,0,20,20,0,0,0,0,1,0,1,1
1,"continuous",1,"Purely rule-based","Random forest",TRUE,"MSE",2.13459068554111,0.990000000000002,NA,NA,NA,NA,NA,NA,NA,NA,NA,NA,NA,NA,NA
1,"continuous",1,"Purely rule-based","RuleFit",TRUE,"MSE",1.39543457081122,19.19,NA,59,59,0,2,52,5,0,0,0.0338983050847458,0.88135593220339,0.915254237288136,2.05084745762712
2,"continuous",1,"Purely rule-based","BRP-GABLE full",TRUE,"MSE",1.12046557232034,38.74,NA,35,34,1,29,6,0,0,0,0.828571428571429,0.171428571428571,1,1.17142857142857
2,"continuous",1,"Purely rule-based","BRP-GABLE rule-only",TRUE,"MSE",1.10478589961241,38.39,NA,36,36,0,29,7,0,0,0,0.805555555555556,0.194444444444444,1,1.19444444444444
2,"continuous",1,"Purely rule-based","GABLE",TRUE,"MSE",1.99387610196298,0.829999999999998,NA,5,5,0,4,1,0,0,0,0.8,0.2,1,1.2
2,"continuous",1,"Purely rule-based","GBM",TRUE,"MSE",1.51159994041747,0.03,NA,NA,NA,NA,NA,NA,NA,NA,NA,NA,NA,NA,NA
2,"continuous",1,"Purely rule-based","Linear",TRUE,"MSE",3.20918384299178,0.0200000000000031,NA,20,0,20,20,0,0,0,0,1,0,1,1
2,"continuous",1,"Purely rule-based","Random forest",TRUE,"MSE",1.7915520634389,0.910000000000004,NA,NA,NA,NA,NA,NA,NA,NA,NA,NA,NA,NA,NA
2,"continuous",1,"Purely rule-based","RuleFit",TRUE,"MSE",1.19539407077883,19.37,NA,69,69,0,1,60,8,0,0,0.0144927536231884,0.869565217391304,0.884057971014493,2.10144927536232
3,"continuous",1,"Purely rule-based","BRP-GABLE full",TRUE,"MSE",1.19318161473469,38.89,NA,31,30,1,27,4,0,0,0,0.870967741935484,0.129032258064516,1,1.12903225806452
3,"continuous",1,"Purely rule-based","BRP-GABLE rule-only",TRUE,"MSE",1.20016601289593,38.35,NA,28,28,0,24,4,0,0,0,0.857142857142857,0.142857142857143,1,1.14285714285714
3,"continuous",1,"Purely rule-based","GABLE",TRUE,"MSE",2.07581780179052,0.910000000000004,NA,5,5,0,5,0,0,0,0,1,0,1,1
3,"continuous",1,"Purely rule-based","GBM",TRUE,"MSE",1.42605631633197,0.04,NA,NA,NA,NA,NA,NA,NA,NA,NA,NA,NA,NA,NA
3,"continuous",1,"Purely rule-based","Linear",TRUE,"MSE",3.27451802709211,0,NA,20,0,20,20,0,0,0,0,1,0,1,1
3,"continuous",1,"Purely rule-based","Random forest",TRUE,"MSE",1.74919561007018,1.04,NA,NA,NA,NA,NA,NA,NA,NA,NA,NA,NA,NA,NA
3,"continuous",1,"Purely rule-based","RuleFit",TRUE,"MSE",1.23243497882243,19.54,NA,61,61,0,1,56,4,0,0,0.0163934426229508,0.918032786885246,0.934426229508197,2.04918032786885
4,"continuous",1,"Purely rule-based","BRP-GABLE full",TRUE,"MSE",1.36475019958834,38.07,NA,36,34,2,25,11,0,0,0,0.694444444444444,0.305555555555556,1,1.30555555555556
4,"continuous",1,"Purely rule-based","BRP-GABLE rule-only",TRUE,"MSE",1.34965268583668,37.7,NA,35,35,0,24,11,0,0,0,0.685714285714286,0.314285714285714,1,1.31428571428571
4,"continuous",1,"Purely rule-based","GABLE",TRUE,"MSE",2.56627396406044,0.75,NA,5,5,0,4,1,0,0,0,0.8,0.2,1,1.2
4,"continuous",1,"Purely rule-based","GBM",TRUE,"MSE",1.6273830815096,0.03,NA,NA,NA,NA,NA,NA,NA,NA,NA,NA,NA,NA,NA
4,"continuous",1,"Purely rule-based","Linear",TRUE,"MSE",3.59639390768461,0.00999999999999801,NA,20,0,20,20,0,0,0,0,1,0,1,1
4,"continuous",1,"Purely rule-based","Random forest",TRUE,"MSE",2.16436517565413,0.980000000000004,NA,NA,NA,NA,NA,NA,NA,NA,NA,NA,NA,NA,NA
4,"continuous",1,"Purely rule-based","RuleFit",TRUE,"MSE",1.39229092251358,20.23,NA,69,69,0,5,60,4,0,0,0.072463768115942,0.869565217391304,0.942028985507246,1.98550724637681
5,"continuous",1,"Purely rule-based","BRP-GABLE full",TRUE,"MSE",1.38775658880571,38.4,NA,27,27,0,23,4,0,0,0,0.851851851851852,0.148148148148148,1,1.14814814814815
5,"continuous",1,"Purely rule-based","BRP-GABLE rule-only",TRUE,"MSE",1.37341613338888,37.95,NA,27,27,0,23,4,0,0,0,0.851851851851852,0.148148148148148,1,1.14814814814815
5,"continuous",1,"Purely rule-based","GABLE",TRUE,"MSE",2.4172121670967,0.850000000000001,NA,5,5,0,5,0,0,0,0,1,0,1,1
5,"continuous",1,"Purely rule-based","GBM",TRUE,"MSE",1.3787709088877,0.03,NA,NA,NA,NA,NA,NA,NA,NA,NA,NA,NA,NA,NA
5,"continuous",1,"Purely rule-based","Linear",TRUE,"MSE",3.11153278454734,0.00999999999999801,NA,20,0,20,20,0,0,0,0,1,0,1,1
5,"continuous",1,"Purely rule-based","Random forest",TRUE,"MSE",1.72501495995123,1.02,NA,NA,NA,NA,NA,NA,NA,NA,NA,NA,NA,NA,NA
5,"continuous",1,"Purely rule-based","RuleFit",TRUE,"MSE",1.2366485777782,19.2,NA,58,58,0,2,54,2,0,0,0.0344827586206897,0.931034482758621,0.96551724137931,2
6,"continuous",1,"Purely rule-based","BRP-GABLE full",TRUE,"MSE",1.24967616997262,36.55,NA,40,39,1,35,5,0,0,0,0.875,0.125,1,1.125
6,"continuous",1,"Purely rule-based","BRP-GABLE rule-only",TRUE,"MSE",1.22342946642211,36.09,NA,37,37,0,32,5,0,0,0,0.864864864864865,0.135135135135135,1,1.13513513513514
6,"continuous",1,"Purely rule-based","GABLE",TRUE,"MSE",2.31271339720692,0.810000000000002,NA,5,5,0,5,0,0,0,0,1,0,1,1
6,"continuous",1,"Purely rule-based","GBM",TRUE,"MSE",1.64335595396492,0.03,NA,NA,NA,NA,NA,NA,NA,NA,NA,NA,NA,NA,NA
6,"continuous",1,"Purely rule-based","Linear",TRUE,"MSE",4.13128469484884,0.0300000000000011,NA,20,0,20,20,0,0,0,0,1,0,1,1
6,"continuous",1,"Purely rule-based","Random forest",TRUE,"MSE",1.93433498615576,0.879999999999995,NA,NA,NA,NA,NA,NA,NA,NA,NA,NA,NA,NA,NA
6,"continuous",1,"Purely rule-based","RuleFit",TRUE,"MSE",1.38169849767155,19.14,NA,76,76,0,1,59,16,0,0,0.0131578947368421,0.776315789473684,0.789473684210526,2.19736842105263
7,"continuous",1,"Purely rule-based","BRP-GABLE full",TRUE,"MSE",1.29170878580843,34.49,NA,31,30,1,23,8,0,0,0,0.741935483870968,0.258064516129032,1,1.25806451612903
7,"continuous",1,"Purely rule-based","BRP-GABLE rule-only",TRUE,"MSE",1.29403777562512,34.18,NA,29,29,0,21,8,0,0,0,0.724137931034483,0.275862068965517,1,1.27586206896552
7,"continuous",1,"Purely rule-based","GABLE",TRUE,"MSE",2.18372031662064,0.849999999999994,NA,5,5,0,5,0,0,0,0,1,0,1,1
7,"continuous",1,"Purely rule-based","GBM",TRUE,"MSE",1.61467841898531,0.03,NA,NA,NA,NA,NA,NA,NA,NA,NA,NA,NA,NA,NA
7,"continuous",1,"Purely rule-based","Linear",TRUE,"MSE",3.5531664036961,0.00999999999999091,NA,20,0,20,20,0,0,0,0,1,0,1,1
7,"continuous",1,"Purely rule-based","Random forest",TRUE,"MSE",2.04807556558151,0.970000000000013,NA,NA,NA,NA,NA,NA,NA,NA,NA,NA,NA,NA,NA
7,"continuous",1,"Purely rule-based","RuleFit",TRUE,"MSE",1.38767166406336,18.89,NA,60,60,0,3,54,3,0,0,0.05,0.9,0.95,2
8,"continuous",1,"Purely rule-based","BRP-GABLE full",TRUE,"MSE",1.07208596840722,35.16,NA,33,28,5,28,5,0,0,0,0.848484848484849,0.151515151515152,1,1.15151515151515
8,"continuous",1,"Purely rule-based","BRP-GABLE rule-only",TRUE,"MSE",1.08396426482751,34.77,NA,28,28,0,24,4,0,0,0,0.857142857142857,0.142857142857143,1,1.14285714285714
8,"continuous",1,"Purely rule-based","GABLE",TRUE,"MSE",1.94103089126432,0.859999999999999,NA,5,5,0,5,0,0,0,0,1,0,1,1
8,"continuous",1,"Purely rule-based","GBM",TRUE,"MSE",1.4122375698577,0.01,NA,NA,NA,NA,NA,NA,NA,NA,NA,NA,NA,NA,NA
8,"continuous",1,"Purely rule-based","Linear",TRUE,"MSE",3.32666845246503,0.0100000000000051,NA,20,0,20,20,0,0,0,0,1,0,1,1
8,"continuous",1,"Purely rule-based","Random forest",TRUE,"MSE",1.81014300909931,0.859999999999999,NA,NA,NA,NA,NA,NA,NA,NA,NA,NA,NA,NA,NA
8,"continuous",1,"Purely rule-based","RuleFit",TRUE,"MSE",1.13820609798654,19.37,NA,66,66,0,2,58,6,0,0,0.0303030303030303,0.878787878787879,0.909090909090909,2.06060606060606
9,"continuous",1,"Purely rule-based","BRP-GABLE full",TRUE,"MSE",1.14883533637357,34.45,NA,36,36,0,33,3,0,0,0,0.916666666666667,0.0833333333333333,1,1.08333333333333
9,"continuous",1,"Purely rule-based","BRP-GABLE rule-only",TRUE,"MSE",1.13647391469874,34.03,NA,37,37,0,34,3,0,0,0,0.918918918918919,0.0810810810810811,1,1.08108108108108
9,"continuous",1,"Purely rule-based","GABLE",TRUE,"MSE",2.1921827108476,0.840000000000003,NA,5,5,0,5,0,0,0,0,1,0,1,1
9,"continuous",1,"Purely rule-based","GBM",TRUE,"MSE",1.65070353452435,0.02,NA,NA,NA,NA,NA,NA,NA,NA,NA,NA,NA,NA,NA
9,"continuous",1,"Purely rule-based","Linear",TRUE,"MSE",3.70206102073323,0.0100000000000051,NA,20,0,20,20,0,0,0,0,1,0,1,1
9,"continuous",1,"Purely rule-based","Random forest",TRUE,"MSE",1.9406830668104,0.859999999999999,NA,NA,NA,NA,NA,NA,NA,NA,NA,NA,NA,NA,NA
9,"continuous",1,"Purely rule-based","RuleFit",TRUE,"MSE",1.21109498907815,18.39,NA,67,67,0,6,55,6,0,0,0.0895522388059701,0.82089552238806,0.91044776119403,2
10,"continuous",1,"Purely rule-based","BRP-GABLE full",TRUE,"MSE",1.15019156319084,34.64,NA,41,40,1,32,9,0,0,0,0.780487804878049,0.219512195121951,1,1.21951219512195
10,"continuous",1,"Purely rule-based","BRP-GABLE rule-only",TRUE,"MSE",1.15921635331683,34.11,NA,37,37,0,28,9,0,0,0,0.756756756756757,0.243243243243243,1,1.24324324324324
10,"continuous",1,"Purely rule-based","GABLE",TRUE,"MSE",2.1702827957138,0.879999999999995,NA,5,5,0,5,0,0,0,0,1,0,1,1
10,"continuous",1,"Purely rule-based","GBM",TRUE,"MSE",1.36084547243252,0.0399999999999998,NA,NA,NA,NA,NA,NA,NA,NA,NA,NA,NA,NA,NA
10,"continuous",1,"Purely rule-based","Linear",TRUE,"MSE",3.43440099514132,0.0299999999999869,NA,20,0,20,20,0,0,0,0,1,0,1,1
10,"continuous",1,"Purely rule-based","Random forest",TRUE,"MSE",1.65185025417021,0.870000000000005,NA,NA,NA,NA,NA,NA,NA,NA,NA,NA,NA,NA,NA
10,"continuous",1,"Purely rule-based","RuleFit",TRUE,"MSE",1.15656519198725,18.89,NA,65,65,0,3,59,3,0,0,0.0461538461538462,0.907692307692308,0.953846153846154,2
11,"continuous",1,"Purely rule-based","BRP-GABLE full",TRUE,"MSE",1.12376292055679,33.39,NA,33,30,3,26,7,0,0,0,0.787878787878788,0.212121212121212,1,1.21212121212121
11,"continuous",1,"Purely rule-based","BRP-GABLE rule-only",TRUE,"MSE",1.13670278397243,33.23,NA,32,32,0,25,7,0,0,0,0.78125,0.21875,1,1.21875
11,"continuous",1,"Purely rule-based","GABLE",TRUE,"MSE",1.89229617355946,0.840000000000003,NA,5,5,0,5,0,0,0,0,1,0,1,1
11,"continuous",1,"Purely rule-based","GBM",TRUE,"MSE",1.25443931889267,0.03,NA,NA,NA,NA,NA,NA,NA,NA,NA,NA,NA,NA,NA
11,"continuous",1,"Purely rule-based","Linear",TRUE,"MSE",3.31861139596411,0,NA,20,0,20,20,0,0,0,0,1,0,1,1
11,"continuous",1,"Purely rule-based","Random forest",TRUE,"MSE",1.73702021111587,0.879999999999995,NA,NA,NA,NA,NA,NA,NA,NA,NA,NA,NA,NA,NA
11,"continuous",1,"Purely rule-based","RuleFit",TRUE,"MSE",1.14218783175227,18.97,NA,72,72,0,3,60,9,0,0,0.0416666666666667,0.833333333333333,0.875,2.08333333333333
12,"continuous",1,"Purely rule-based","BRP-GABLE full",TRUE,"MSE",1.04903435161833,34.9,NA,33,33,0,30,3,0,0,0,0.909090909090909,0.0909090909090909,1,1.09090909090909
12,"continuous",1,"Purely rule-based","BRP-GABLE rule-only",TRUE,"MSE",1.03598011841284,34.94,NA,33,33,0,30,3,0,0,0,0.909090909090909,0.0909090909090909,1,1.09090909090909
12,"continuous",1,"Purely rule-based","GABLE",TRUE,"MSE",2.12787695037949,0.75,NA,5,5,0,5,0,0,0,0,1,0,1,1
12,"continuous",1,"Purely rule-based","GBM",TRUE,"MSE",1.31097950656459,0.0299999999999998,NA,NA,NA,NA,NA,NA,NA,NA,NA,NA,NA,NA,NA
12,"continuous",1,"Purely rule-based","Linear",TRUE,"MSE",3.29331041662413,0,NA,20,0,20,20,0,0,0,0,1,0,1,1
12,"continuous",1,"Purely rule-based","Random forest",TRUE,"MSE",1.67022902767806,0.879999999999995,NA,NA,NA,NA,NA,NA,NA,NA,NA,NA,NA,NA,NA
12,"continuous",1,"Purely rule-based","RuleFit",TRUE,"MSE",1.15629136055579,18.89,NA,89,89,0,7,57,25,0,0,0.0786516853932584,0.640449438202247,0.719101123595506,2.20224719101124
13,"continuous",1,"Purely rule-based","BRP-GABLE full",TRUE,"MSE",1.34245073943291,34.27,NA,34,34,0,30,4,0,0,0,0.882352941176471,0.117647058823529,1,1.11764705882353
13,"continuous",1,"Purely rule-based","BRP-GABLE rule-only",TRUE,"MSE",1.34245073943291,33.82,NA,34,34,0,30,4,0,0,0,0.882352941176471,0.117647058823529,1,1.11764705882353
13,"continuous",1,"Purely rule-based","GABLE",TRUE,"MSE",2.17329021827418,0.639999999999986,NA,5,5,0,5,0,0,0,0,1,0,1,1
13,"continuous",1,"Purely rule-based","GBM",TRUE,"MSE",1.5984129305595,0.02,NA,NA,NA,NA,NA,NA,NA,NA,NA,NA,NA,NA,NA
13,"continuous",1,"Purely rule-based","Linear",TRUE,"MSE",3.28859487694982,0,NA,20,0,20,20,0,0,0,0,1,0,1,1
13,"continuous",1,"Purely rule-based","Random forest",TRUE,"MSE",1.79638457157169,0.879999999999995,NA,NA,NA,NA,NA,NA,NA,NA,NA,NA,NA,NA,NA
13,"continuous",1,"Purely rule-based","RuleFit",TRUE,"MSE",1.26224323200569,18.02,NA,62,62,0,6,49,7,0,0,0.0967741935483871,0.790322580645161,0.887096774193548,2.01612903225806
14,"continuous",1,"Purely rule-based","BRP-GABLE full",TRUE,"MSE",1.51388752125986,33.69,NA,34,32,2,25,9,0,0,0,0.735294117647059,0.264705882352941,1,1.26470588235294
14,"continuous",1,"Purely rule-based","BRP-GABLE rule-only",TRUE,"MSE",1.49381757424631,33.42,NA,32,32,0,23,9,0,0,0,0.71875,0.28125,1,1.28125
14,"continuous",1,"Purely rule-based","GABLE",TRUE,"MSE",2.54137113556002,0.780000000000001,NA,5,5,0,5,0,0,0,0,1,0,1,1
14,"continuous",1,"Purely rule-based","GBM",TRUE,"MSE",1.81744055576032,0.03,NA,NA,NA,NA,NA,NA,NA,NA,NA,NA,NA,NA,NA
14,"continuous",1,"Purely rule-based","Linear",TRUE,"MSE",3.75251908529855,0,NA,20,0,20,20,0,0,0,0,1,0,1,1
14,"continuous",1,"Purely rule-based","Random forest",TRUE,"MSE",2.38005857558311,0.879999999999995,NA,NA,NA,NA,NA,NA,NA,NA,NA,NA,NA,NA,NA
14,"continuous",1,"Purely rule-based","RuleFit",TRUE,"MSE",1.54772547582728,19.22,NA,78,78,0,4,63,11,0,0,0.0512820512820513,0.807692307692308,0.858974358974359,2.08974358974359
15,"continuous",1,"Purely rule-based","BRP-GABLE full",TRUE,"MSE",1.13458467678031,33.83,NA,39,35,4,35,4,0,0,0,0.897435897435897,0.102564102564103,1,1.1025641025641
15,"continuous",1,"Purely rule-based","BRP-GABLE rule-only",TRUE,"MSE",1.15308457794459,33.19,NA,37,37,0,33,4,0,0,0,0.891891891891892,0.108108108108108,1,1.10810810810811
15,"continuous",1,"Purely rule-based","GABLE",TRUE,"MSE",2.3387160288958,0.799999999999983,NA,5,5,0,5,0,0,0,0,1,0,1,1
15,"continuous",1,"Purely rule-based","GBM",TRUE,"MSE",1.55324811094181,0.03,NA,NA,NA,NA,NA,NA,NA,NA,NA,NA,NA,NA,NA
15,"continuous",1,"Purely rule-based","Linear",TRUE,"MSE",3.57641356180907,0.0100000000000193,NA,20,0,20,20,0,0,0,0,1,0,1,1
15,"continuous",1,"Purely rule-based","Random forest",TRUE,"MSE",2.00147178414973,0.840000000000003,NA,NA,NA,NA,NA,NA,NA,NA,NA,NA,NA,NA,NA
15,"continuous",1,"Purely rule-based","RuleFit",TRUE,"MSE",1.24996350187314,17.72,NA,62,62,0,7,48,7,0,0,0.112903225806452,0.774193548387097,0.887096774193548,2
16,"continuous",1,"Purely rule-based","BRP-GABLE full",TRUE,"MSE",1.13888757827108,30.41,NA,28,26,2,22,6,0,0,0,0.785714285714286,0.214285714285714,1,1.21428571428571
16,"continuous",1,"Purely rule-based","BRP-GABLE rule-only",TRUE,"MSE",1.10399407450994,29.92,NA,26,26,0,19,7,0,0,0,0.730769230769231,0.269230769230769,1,1.26923076923077
16,"continuous",1,"Purely rule-based","GABLE",TRUE,"MSE",2.25323293837885,0.539999999999992,NA,5,5,0,3,2,0,0,0,0.6,0.4,1,1.4
16,"continuous",1,"Purely rule-based","GBM",TRUE,"MSE",1.51807649700161,0.03,NA,NA,NA,NA,NA,NA,NA,NA,NA,NA,NA,NA,NA
16,"continuous",1,"Purely rule-based","Linear",TRUE,"MSE",3.79073872883592,0.0199999999999818,NA,20,0,20,20,0,0,0,0,1,0,1,1
16,"continuous",1,"Purely rule-based","Random forest",TRUE,"MSE",1.73212945213465,0.879999999999995,NA,NA,NA,NA,NA,NA,NA,NA,NA,NA,NA,NA,NA
16,"continuous",1,"Purely rule-based","RuleFit",TRUE,"MSE",1.22282101587953,18.54,NA,61,61,0,3,51,7,0,0,0.0491803278688525,0.836065573770492,0.885245901639344,2.0655737704918
17,"continuous",1,"Purely rule-based","BRP-GABLE full",TRUE,"MSE",1.1440438272993,34.48,NA,32,32,0,28,4,0,0,0,0.875,0.125,1,1.125
17,"continuous",1,"Purely rule-based","BRP-GABLE rule-only",TRUE,"MSE",1.1440438272993,33.83,NA,32,32,0,28,4,0,0,0,0.875,0.125,1,1.125
17,"continuous",1,"Purely rule-based","GABLE",TRUE,"MSE",1.89656812228517,0.819999999999993,NA,5,5,0,5,0,0,0,0,1,0,1,1
17,"continuous",1,"Purely rule-based","GBM",TRUE,"MSE",1.27196567492787,0.03,NA,NA,NA,NA,NA,NA,NA,NA,NA,NA,NA,NA,NA
17,"continuous",1,"Purely rule-based","Linear",TRUE,"MSE",3.03176202677352,0,NA,20,0,20,20,0,0,0,0,1,0,1,1
17,"continuous",1,"Purely rule-based","Random forest",TRUE,"MSE",1.65624367316451,0.860000000000014,NA,NA,NA,NA,NA,NA,NA,NA,NA,NA,NA,NA,NA
17,"continuous",1,"Purely rule-based","RuleFit",TRUE,"MSE",1.11650449666885,18.36,NA,61,61,0,3,52,6,0,0,0.0491803278688525,0.852459016393443,0.901639344262295,2.04918032786885
18,"continuous",1,"Purely rule-based","BRP-GABLE full",TRUE,"MSE",1.27526260537801,35.65,NA,39,39,0,35,4,0,0,0,0.897435897435897,0.102564102564103,1,1.1025641025641
18,"continuous",1,"Purely rule-based","BRP-GABLE rule-only",TRUE,"MSE",1.25402858660297,34.97,NA,39,39,0,35,4,0,0,0,0.897435897435897,0.102564102564103,1,1.1025641025641
18,"continuous",1,"Purely rule-based","GABLE",TRUE,"MSE",2.10143175663326,0.789999999999992,NA,5,5,0,5,0,0,0,0,1,0,1,1
18,"continuous",1,"Purely rule-based","GBM",TRUE,"MSE",1.49272406665431,0.03,NA,NA,NA,NA,NA,NA,NA,NA,NA,NA,NA,NA,NA
18,"continuous",1,"Purely rule-based","Linear",TRUE,"MSE",3.11673969765572,0.00999999999999091,NA,20,0,20,20,0,0,0,0,1,0,1,1
18,"continuous",1,"Purely rule-based","Random forest",TRUE,"MSE",1.7088823127644,0.890000000000015,NA,NA,NA,NA,NA,NA,NA,NA,NA,NA,NA,NA,NA
18,"continuous",1,"Purely rule-based","RuleFit",TRUE,"MSE",1.27702380459,18.26,NA,65,65,0,4,58,3,0,0,0.0615384615384615,0.892307692307692,0.953846153846154,1.98461538461538
19,"continuous",1,"Purely rule-based","BRP-GABLE full",TRUE,"MSE",1.09403957666923,33.23,NA,39,39,0,32,7,0,0,0,0.82051282051282,0.179487179487179,1,1.17948717948718
19,"continuous",1,"Purely rule-based","BRP-GABLE rule-only",TRUE,"MSE",1.06461351583743,32.91,NA,40,40,0,31,9,0,0,0,0.775,0.225,1,1.225
19,"continuous",1,"Purely rule-based","GABLE",TRUE,"MSE",1.96295113846733,0.719999999999999,NA,5,5,0,5,0,0,0,0,1,0,1,1
19,"continuous",1,"Purely rule-based","GBM",TRUE,"MSE",1.43564874790374,0.01,NA,NA,NA,NA,NA,NA,NA,NA,NA,NA,NA,NA,NA
19,"continuous",1,"Purely rule-based","Linear",TRUE,"MSE",3.41853031978412,0,NA,20,0,20,20,0,0,0,0,1,0,1,1
19,"continuous",1,"Purely rule-based","Random forest",TRUE,"MSE",1.89981370201912,0.810000000000002,NA,NA,NA,NA,NA,NA,NA,NA,NA,NA,NA,NA,NA
19,"continuous",1,"Purely rule-based","RuleFit",TRUE,"MSE",1.15735887723054,18.33,NA,67,67,0,3,59,5,0,0,0.0447761194029851,0.880597014925373,0.925373134328358,2.02985074626866
20,"continuous",1,"Purely rule-based","BRP-GABLE full",TRUE,"MSE",1.11203282598839,34.09,NA,31,29,2,26,5,0,0,0,0.838709677419355,0.161290322580645,1,1.16129032258065
20,"continuous",1,"Purely rule-based","BRP-GABLE rule-only",TRUE,"MSE",1.09355584085558,33.66,NA,29,29,0,24,5,0,0,0,0.827586206896552,0.172413793103448,1,1.17241379310345
20,"continuous",1,"Purely rule-based","GABLE",TRUE,"MSE",2.18804593197732,0.590000000000003,NA,5,5,0,4,1,0,0,0,0.8,0.2,1,1.2
20,"continuous",1,"Purely rule-based","GBM",TRUE,"MSE",1.54362622907392,0.03,NA,NA,NA,NA,NA,NA,NA,NA,NA,NA,NA,NA,NA
20,"continuous",1,"Purely rule-based","Linear",TRUE,"MSE",3.50645633576679,0,NA,20,0,20,20,0,0,0,0,1,0,1,1
20,"continuous",1,"Purely rule-based","Random forest",TRUE,"MSE",1.8914660372664,0.800000000000011,NA,NA,NA,NA,NA,NA,NA,NA,NA,NA,NA,NA,NA
20,"continuous",1,"Purely rule-based","RuleFit",TRUE,"MSE",1.28465646110169,19,NA,56,56,0,3,49,4,0,0,0.0535714285714286,0.875,0.928571428571429,2.01785714285714
21,"continuous",1,"Purely rule-based","BRP-GABLE full",TRUE,"MSE",1.02354130926213,32.58,NA,42,41,1,35,7,0,0,0,0.833333333333333,0.166666666666667,1,1.16666666666667
21,"continuous",1,"Purely rule-based","BRP-GABLE rule-only",TRUE,"MSE",1.00666287278945,31.98,NA,44,44,0,37,7,0,0,0,0.840909090909091,0.159090909090909,1,1.15909090909091
21,"continuous",1,"Purely rule-based","GABLE",TRUE,"MSE",2.10928812967604,0.870000000000005,NA,5,5,0,4,1,0,0,0,0.8,0.2,1,1.2
21,"continuous",1,"Purely rule-based","GBM",TRUE,"MSE",1.41976104259093,0.03,NA,NA,NA,NA,NA,NA,NA,NA,NA,NA,NA,NA,NA
21,"continuous",1,"Purely rule-based","Linear",TRUE,"MSE",3.4416264921316,0,NA,20,0,20,20,0,0,0,0,1,0,1,1
21,"continuous",1,"Purely rule-based","Random forest",TRUE,"MSE",1.68057882526729,0.859999999999985,NA,NA,NA,NA,NA,NA,NA,NA,NA,NA,NA,NA,NA
21,"continuous",1,"Purely rule-based","RuleFit",TRUE,"MSE",1.1221537479898,17.9,NA,67,67,0,1,60,6,0,0,0.0149253731343284,0.895522388059702,0.91044776119403,2.07462686567164
22,"continuous",1,"Purely rule-based","BRP-GABLE full",TRUE,"MSE",1.13878460293491,33.46,NA,36,34,2,26,10,0,0,0,0.722222222222222,0.277777777777778,1,1.27777777777778
22,"continuous",1,"Purely rule-based","BRP-GABLE rule-only",TRUE,"MSE",1.12778442789774,33.19,NA,36,36,0,26,10,0,0,0,0.722222222222222,0.277777777777778,1,1.27777777777778
22,"continuous",1,"Purely rule-based","GABLE",TRUE,"MSE",2.34237590169849,0.629999999999995,NA,5,5,0,4,1,0,0,0,0.8,0.2,1,1.2
22,"continuous",1,"Purely rule-based","GBM",TRUE,"MSE",1.47927210563895,0.03,NA,NA,NA,NA,NA,NA,NA,NA,NA,NA,NA,NA,NA
22,"continuous",1,"Purely rule-based","Linear",TRUE,"MSE",3.28985659203874,0.0100000000000193,NA,20,0,20,20,0,0,0,0,1,0,1,1
22,"continuous",1,"Purely rule-based","Random forest",TRUE,"MSE",1.85336911487788,0.859999999999985,NA,NA,NA,NA,NA,NA,NA,NA,NA,NA,NA,NA,NA
22,"continuous",1,"Purely rule-based","RuleFit",TRUE,"MSE",1.21280294635918,17.3,NA,60,60,0,5,53,2,0,0,0.0833333333333333,0.883333333333333,0.966666666666667,1.95
23,"continuous",1,"Purely rule-based","BRP-GABLE full",TRUE,"MSE",1.23908765840781,33.71,NA,38,37,1,31,7,0,0,0,0.815789473684211,0.184210526315789,1,1.18421052631579
23,"continuous",1,"Purely rule-based","BRP-GABLE rule-only",TRUE,"MSE",1.21413870050903,33.1,NA,40,40,0,33,7,0,0,0,0.825,0.175,1,1.175
23,"continuous",1,"Purely rule-based","GABLE",TRUE,"MSE",2.35934386042079,0.79000000000002,NA,5,5,0,5,0,0,0,0,1,0,1,1
23,"continuous",1,"Purely rule-based","GBM",TRUE,"MSE",1.49908191349048,0.02,NA,NA,NA,NA,NA,NA,NA,NA,NA,NA,NA,NA,NA
23,"continuous",1,"Purely rule-based","Linear",TRUE,"MSE",3.46678880807501,0,NA,20,0,20,20,0,0,0,0,1,0,1,1
23,"continuous",1,"Purely rule-based","Random forest",TRUE,"MSE",2.1459311560697,0.920000000000016,NA,NA,NA,NA,NA,NA,NA,NA,NA,NA,NA,NA,NA
23,"continuous",1,"Purely rule-based","RuleFit",TRUE,"MSE",1.40741744410471,19.48,NA,71,71,0,0,62,9,0,0,0,0.873239436619718,0.873239436619718,2.12676056338028
24,"continuous",1,"Purely rule-based","BRP-GABLE full",TRUE,"MSE",1.14702730005327,34.16,NA,35,32,3,30,5,0,0,0,0.857142857142857,0.142857142857143,1,1.14285714285714
24,"continuous",1,"Purely rule-based","BRP-GABLE rule-only",TRUE,"MSE",1.12371992551446,33.62,NA,30,30,0,26,4,0,0,0,0.866666666666667,0.133333333333333,1,1.13333333333333
24,"continuous",1,"Purely rule-based","GABLE",TRUE,"MSE",1.93706945928668,0.699999999999989,NA,5,5,0,5,0,0,0,0,1,0,1,1
24,"continuous",1,"Purely rule-based","GBM",TRUE,"MSE",1.46237695498369,0.03,NA,NA,NA,NA,NA,NA,NA,NA,NA,NA,NA,NA,NA
24,"continuous",1,"Purely rule-based","Linear",TRUE,"MSE",3.32822583712324,0,NA,20,0,20,20,0,0,0,0,1,0,1,1
24,"continuous",1,"Purely rule-based","Random forest",TRUE,"MSE",1.76102123100437,0.840000000000032,NA,NA,NA,NA,NA,NA,NA,NA,NA,NA,NA,NA,NA
24,"continuous",1,"Purely rule-based","RuleFit",TRUE,"MSE",1.21998192604657,19.42,NA,61,61,0,3,57,1,0,0,0.0491803278688525,0.934426229508197,0.983606557377049,1.9672131147541
25,"continuous",1,"Purely rule-based","BRP-GABLE full",TRUE,"MSE",1.11609444831933,34.76,NA,27,27,0,25,2,0,0,0,0.925925925925926,0.0740740740740741,1,1.07407407407407
25,"continuous",1,"Purely rule-based","BRP-GABLE rule-only",TRUE,"MSE",1.09509062291235,34.6199999999999,NA,29,29,0,27,2,0,0,0,0.931034482758621,0.0689655172413793,1,1.06896551724138
25,"continuous",1,"Purely rule-based","GABLE",TRUE,"MSE",1.77309002379439,0.850000000000023,NA,5,5,0,5,0,0,0,0,1,0,1,1
25,"continuous",1,"Purely rule-based","GBM",TRUE,"MSE",1.38294579086855,0.03,NA,NA,NA,NA,NA,NA,NA,NA,NA,NA,NA,NA,NA
25,"continuous",1,"Purely rule-based","Linear",TRUE,"MSE",3.13058041657255,0,NA,20,0,20,20,0,0,0,0,1,0,1,1
25,"continuous",1,"Purely rule-based","Random forest",TRUE,"MSE",1.94748129362629,0.889999999999986,NA,NA,NA,NA,NA,NA,NA,NA,NA,NA,NA,NA,NA
25,"continuous",1,"Purely rule-based","RuleFit",TRUE,"MSE",1.11710132955357,17.75,NA,69,69,0,10,59,0,0,0,0.144927536231884,0.855072463768116,1,1.85507246376812
26,"continuous",1,"Purely rule-based","BRP-GABLE full",TRUE,"MSE",1.26068881642198,33.92,NA,41,38,3,36,5,0,0,0,0.878048780487805,0.121951219512195,1,1.1219512195122
26,"continuous",1,"Purely rule-based","BRP-GABLE rule-only",TRUE,"MSE",1.26092251631965,33.78,NA,40,40,0,35,5,0,0,0,0.875,0.125,1,1.125
26,"continuous",1,"Purely rule-based","GABLE",TRUE,"MSE",2.36090463381115,0.769999999999982,NA,5,5,0,5,0,0,0,0,1,0,1,1
26,"continuous",1,"Purely rule-based","GBM",TRUE,"MSE",1.46867203782295,0.05,NA,NA,NA,NA,NA,NA,NA,NA,NA,NA,NA,NA,NA
26,"continuous",1,"Purely rule-based","Linear",TRUE,"MSE",3.47545862170016,0.0199999999999818,NA,20,0,20,20,0,0,0,0,1,0,1,1
26,"continuous",1,"Purely rule-based","Random forest",TRUE,"MSE",1.94397141882517,0.830000000000041,NA,NA,NA,NA,NA,NA,NA,NA,NA,NA,NA,NA,NA
26,"continuous",1,"Purely rule-based","RuleFit",TRUE,"MSE",1.39238572445866,17.88,NA,65,65,0,5,55,5,0,0,0.0769230769230769,0.846153846153846,0.923076923076923,2
27,"continuous",1,"Purely rule-based","BRP-GABLE full",TRUE,"MSE",1.11701039542248,33.24,NA,37,36,1,29,8,0,0,0,0.783783783783784,0.216216216216216,1,1.21621621621622
27,"continuous",1,"Purely rule-based","BRP-GABLE rule-only",TRUE,"MSE",1.13143148574025,32.9800000000001,NA,35,35,0,27,8,0,0,0,0.771428571428571,0.228571428571429,1,1.22857142857143
27,"continuous",1,"Purely rule-based","GABLE",TRUE,"MSE",2.17358748127589,0.810000000000002,NA,5,5,0,5,0,0,0,0,1,0,1,1
27,"continuous",1,"Purely rule-based","GBM",TRUE,"MSE",1.42888879021503,0.03,NA,NA,NA,NA,NA,NA,NA,NA,NA,NA,NA,NA,NA
27,"continuous",1,"Purely rule-based","Linear",TRUE,"MSE",3.59372441372407,0,NA,20,0,20,20,0,0,0,0,1,0,1,1
27,"continuous",1,"Purely rule-based","Random forest",TRUE,"MSE",1.86254904624597,0.860000000000014,NA,NA,NA,NA,NA,NA,NA,NA,NA,NA,NA,NA,NA
27,"continuous",1,"Purely rule-based","RuleFit",TRUE,"MSE",1.20885550352549,18.6,NA,63,63,0,1,52,10,0,0,0.0158730158730159,0.825396825396825,0.841269841269841,2.14285714285714
28,"continuous",1,"Purely rule-based","BRP-GABLE full",TRUE,"MSE",1.11357565837281,33.64,NA,42,41,1,35,7,0,0,0,0.833333333333333,0.166666666666667,1,1.16666666666667
28,"continuous",1,"Purely rule-based","BRP-GABLE rule-only",TRUE,"MSE",1.10065192248471,33.16,NA,49,49,0,42,7,0,0,0,0.857142857142857,0.142857142857143,1,1.14285714285714
28,"continuous",1,"Purely rule-based","GABLE",TRUE,"MSE",2.27641985539486,0.629999999999995,NA,5,5,0,4,1,0,0,0,0.8,0.2,1,1.2
28,"continuous",1,"Purely rule-based","GBM",TRUE,"MSE",1.37887559575154,0.02,NA,NA,NA,NA,NA,NA,NA,NA,NA,NA,NA,NA,NA
28,"continuous",1,"Purely rule-based","Linear",TRUE,"MSE",3.34167820868192,0.00999999999999091,NA,20,0,20,20,0,0,0,0,1,0,1,1
28,"continuous",1,"Purely rule-based","Random forest",TRUE,"MSE",1.66478311027546,0.870000000000005,NA,NA,NA,NA,NA,NA,NA,NA,NA,NA,NA,NA,NA
28,"continuous",1,"Purely rule-based","RuleFit",TRUE,"MSE",1.17646837083856,20.14,NA,76,76,0,2,72,2,0,0,0.0263157894736842,0.947368421052632,0.973684210526316,2
29,"continuous",1,"Purely rule-based","BRP-GABLE full",TRUE,"MSE",1.42963829000026,32.59,NA,29,28,1,21,8,0,0,0,0.724137931034483,0.275862068965517,1,1.27586206896552
29,"continuous",1,"Purely rule-based","BRP-GABLE rule-only",TRUE,"MSE",1.39216525911088,32.32,NA,30,30,0,22,8,0,0,0,0.733333333333333,0.266666666666667,1,1.26666666666667
29,"continuous",1,"Purely rule-based","GABLE",TRUE,"MSE",2.32137565676003,1,NA,5,5,0,5,0,0,0,0,1,0,1,1
29,"continuous",1,"Purely rule-based","GBM",TRUE,"MSE",1.8549906708696,0.03,NA,NA,NA,NA,NA,NA,NA,NA,NA,NA,NA,NA,NA
29,"continuous",1,"Purely rule-based","Linear",TRUE,"MSE",3.29877575926048,0,NA,20,0,20,20,0,0,0,0,1,0,1,1
29,"continuous",1,"Purely rule-based","Random forest",TRUE,"MSE",2.19422344229435,0.79000000000002,NA,NA,NA,NA,NA,NA,NA,NA,NA,NA,NA,NA,NA
29,"continuous",1,"Purely rule-based","RuleFit",TRUE,"MSE",1.55536444056906,19.54,NA,62,62,0,2,57,3,0,0,0.032258064516129,0.919354838709677,0.951612903225806,2.01612903225806
30,"continuous",1,"Purely rule-based","BRP-GABLE full",TRUE,"MSE",1.24647416276222,33.6900000000001,NA,31,30,1,28,3,0,0,0,0.903225806451613,0.0967741935483871,1,1.09677419354839
30,"continuous",1,"Purely rule-based","BRP-GABLE rule-only",TRUE,"MSE",1.24642726427601,33.65,NA,29,29,0,26,3,0,0,0,0.896551724137931,0.103448275862069,1,1.10344827586207
30,"continuous",1,"Purely rule-based","GABLE",TRUE,"MSE",2.02276584334084,0.800000000000011,NA,5,5,0,5,0,0,0,0,1,0,1,1
30,"continuous",1,"Purely rule-based","GBM",TRUE,"MSE",1.38975965130792,0.0199999999999998,NA,NA,NA,NA,NA,NA,NA,NA,NA,NA,NA,NA,NA
30,"continuous",1,"Purely rule-based","Linear",TRUE,"MSE",3.25771995862417,0.00999999999999091,NA,20,0,20,20,0,0,0,0,1,0,1,1
30,"continuous",1,"Purely rule-based","Random forest",TRUE,"MSE",1.6859428802918,0.870000000000005,NA,NA,NA,NA,NA,NA,NA,NA,NA,NA,NA,NA,NA
30,"continuous",1,"Purely rule-based","RuleFit",TRUE,"MSE",1.25534839278988,19.5,NA,61,61,0,4,54,3,0,0,0.0655737704918033,0.885245901639344,0.950819672131147,1.98360655737705
31,"continuous",1,"Purely rule-based","BRP-GABLE full",TRUE,"MSE",1.14032596569525,34.67,NA,29,29,0,19,10,0,0,0,0.655172413793103,0.344827586206897,1,1.3448275862069
31,"continuous",1,"Purely rule-based","BRP-GABLE rule-only",TRUE,"MSE",1.11030421873349,34.08,NA,30,30,0,20,10,0,0,0,0.666666666666667,0.333333333333333,1,1.33333333333333
31,"continuous",1,"Purely rule-based","GABLE",TRUE,"MSE",1.98189651489667,0.979999999999961,NA,5,5,0,5,0,0,0,0,1,0,1,1
31,"continuous",1,"Purely rule-based","GBM",TRUE,"MSE",1.50058017384419,0.03,NA,NA,NA,NA,NA,NA,NA,NA,NA,NA,NA,NA,NA
31,"continuous",1,"Purely rule-based","Linear",TRUE,"MSE",3.5203690183109,0.00999999999999091,NA,20,0,20,20,0,0,0,0,1,0,1,1
31,"continuous",1,"Purely rule-based","Random forest",TRUE,"MSE",2.02665870403737,0.890000000000043,NA,NA,NA,NA,NA,NA,NA,NA,NA,NA,NA,NA,NA
31,"continuous",1,"Purely rule-based","RuleFit",TRUE,"MSE",1.15545612272099,16.97,NA,51,51,0,2,45,4,0,0,0.0392156862745098,0.882352941176471,0.92156862745098,2.03921568627451
32,"continuous",1,"Purely rule-based","BRP-GABLE full",TRUE,"MSE",1.20872325978153,33.77,NA,42,40,2,31,11,0,0,0,0.738095238095238,0.261904761904762,1,1.26190476190476
32,"continuous",1,"Purely rule-based","BRP-GABLE rule-only",TRUE,"MSE",1.19061810425735,33.41,NA,39,39,0,29,10,0,0,0,0.743589743589744,0.256410256410256,1,1.25641025641026
32,"continuous",1,"Purely rule-based","GABLE",TRUE,"MSE",2.07071274237252,0.759999999999991,NA,5,5,0,4,1,0,0,0,0.8,0.2,1,1.2
32,"continuous",1,"Purely rule-based","GBM",TRUE,"MSE",1.45535970003362,0.03,NA,NA,NA,NA,NA,NA,NA,NA,NA,NA,NA,NA,NA
32,"continuous",1,"Purely rule-based","Linear",TRUE,"MSE",3.38287152174713,0,NA,20,0,20,20,0,0,0,0,1,0,1,1
32,"continuous",1,"Purely rule-based","Random forest",TRUE,"MSE",2.02878802081201,0.860000000000014,NA,NA,NA,NA,NA,NA,NA,NA,NA,NA,NA,NA,NA
32,"continuous",1,"Purely rule-based","RuleFit",TRUE,"MSE",1.25964018937436,19.05,NA,61,61,0,1,54,6,0,0,0.0163934426229508,0.885245901639344,0.901639344262295,2.08196721311475
33,"continuous",1,"Purely rule-based","BRP-GABLE full",TRUE,"MSE",1.32024836878795,33.51,NA,32,31,1,22,10,0,0,0,0.6875,0.3125,1,1.3125
33,"continuous",1,"Purely rule-based","BRP-GABLE rule-only",TRUE,"MSE",1.28988627076129,32.89,NA,34,34,0,24,10,0,0,0,0.705882352941177,0.294117647058824,1,1.29411764705882
33,"continuous",1,"Purely rule-based","GABLE",TRUE,"MSE",2.40103935347557,0.620000000000005,NA,5,5,0,4,1,0,0,0,0.8,0.2,1,1.2
33,"continuous",1,"Purely rule-based","GBM",TRUE,"MSE",1.61110751189884,0.0299999999999998,NA,NA,NA,NA,NA,NA,NA,NA,NA,NA,NA,NA,NA
33,"continuous",1,"Purely rule-based","Linear",TRUE,"MSE",3.63073623348421,0,NA,20,0,20,20,0,0,0,0,1,0,1,1
33,"continuous",1,"Purely rule-based","Random forest",TRUE,"MSE",2.25993242451086,0.860000000000014,NA,NA,NA,NA,NA,NA,NA,NA,NA,NA,NA,NA,NA
33,"continuous",1,"Purely rule-based","RuleFit",TRUE,"MSE",1.3780957752781,18.7,NA,64,64,0,2,53,9,0,0,0.03125,0.828125,0.859375,2.109375
34,"continuous",1,"Purely rule-based","BRP-GABLE full",TRUE,"MSE",1.32435720197171,33.4499999999999,NA,38,36,2,31,7,0,0,0,0.815789473684211,0.184210526315789,1,1.18421052631579
34,"continuous",1,"Purely rule-based","BRP-GABLE rule-only",TRUE,"MSE",1.30551434524264,33.02,NA,36,36,0,30,6,0,0,0,0.833333333333333,0.166666666666667,1,1.16666666666667
34,"continuous",1,"Purely rule-based","GABLE",TRUE,"MSE",2.53415985290955,0.769999999999982,NA,5,5,0,5,0,0,0,0,1,0,1,1
34,"continuous",1,"Purely rule-based","GBM",TRUE,"MSE",1.6956379876635,0.0299999999999998,NA,NA,NA,NA,NA,NA,NA,NA,NA,NA,NA,NA,NA
34,"continuous",1,"Purely rule-based","Linear",TRUE,"MSE",3.42407515974397,0,NA,20,0,20,20,0,0,0,0,1,0,1,1
34,"continuous",1,"Purely rule-based","Random forest",TRUE,"MSE",2.04028796869612,0.870000000000005,NA,NA,NA,NA,NA,NA,NA,NA,NA,NA,NA,NA,NA
34,"continuous",1,"Purely rule-based","RuleFit",TRUE,"MSE",1.41414880200181,19.7,NA,87,87,0,5,74,8,0,0,0.0574712643678161,0.850574712643678,0.908045977011494,2.03448275862069
35,"continuous",1,"Purely rule-based","BRP-GABLE full",TRUE,"MSE",1.17763849019417,33.89,NA,36,36,0,30,6,0,0,0,0.833333333333333,0.166666666666667,1,1.16666666666667
35,"continuous",1,"Purely rule-based","BRP-GABLE rule-only",TRUE,"MSE",1.16817445756388,33.26,NA,38,38,0,31,7,0,0,0,0.815789473684211,0.184210526315789,1,1.18421052631579
35,"continuous",1,"Purely rule-based","GABLE",TRUE,"MSE",2.34070794228229,0.610000000000014,NA,5,5,0,4,1,0,0,0,0.8,0.2,1,1.2
35,"continuous",1,"Purely rule-based","GBM",TRUE,"MSE",1.64518896876731,0.02,NA,NA,NA,NA,NA,NA,NA,NA,NA,NA,NA,NA,NA
35,"continuous",1,"Purely rule-based","Linear",TRUE,"MSE",3.33627979838011,0,NA,20,0,20,20,0,0,0,0,1,0,1,1
35,"continuous",1,"Purely rule-based","Random forest",TRUE,"MSE",1.92275126241339,0.899999999999977,NA,NA,NA,NA,NA,NA,NA,NA,NA,NA,NA,NA,NA
35,"continuous",1,"Purely rule-based","RuleFit",TRUE,"MSE",1.32728698830472,19.72,NA,59,59,0,5,49,5,0,0,0.0847457627118644,0.830508474576271,0.915254237288136,2
36,"continuous",1,"Purely rule-based","BRP-GABLE full",TRUE,"MSE",1.28987384256568,33.35,NA,33,31,2,23,10,0,0,0,0.696969696969697,0.303030303030303,1,1.3030303030303
36,"continuous",1,"Purely rule-based","BRP-GABLE rule-only",TRUE,"MSE",1.27472268609384,33.4400000000001,NA,30,30,0,20,10,0,0,0,0.666666666666667,0.333333333333333,1,1.33333333333333
36,"continuous",1,"Purely rule-based","GABLE",TRUE,"MSE",2.00297383683169,0.840000000000032,NA,5,5,0,5,0,0,0,0,1,0,1,1
36,"continuous",1,"Purely rule-based","GBM",TRUE,"MSE",1.63057811851152,0.03,NA,NA,NA,NA,NA,NA,NA,NA,NA,NA,NA,NA,NA
36,"continuous",1,"Purely rule-based","Linear",TRUE,"MSE",3.51906072777805,0,NA,20,0,20,20,0,0,0,0,1,0,1,1
36,"continuous",1,"Purely rule-based","Random forest",TRUE,"MSE",1.96276033274327,0.920000000000016,NA,NA,NA,NA,NA,NA,NA,NA,NA,NA,NA,NA,NA
36,"continuous",1,"Purely rule-based","RuleFit",TRUE,"MSE",1.36417960043397,18.69,NA,65,65,0,0,59,6,0,0,0,0.907692307692308,0.907692307692308,2.09230769230769
37,"continuous",1,"Purely rule-based","BRP-GABLE full",TRUE,"MSE",1.18034222558802,35.19,NA,31,30,1,28,3,0,0,0,0.903225806451613,0.0967741935483871,1,1.09677419354839
37,"continuous",1,"Purely rule-based","BRP-GABLE rule-only",TRUE,"MSE",1.18363021841534,34.84,NA,30,30,0,27,3,0,0,0,0.9,0.1,1,1.1
37,"continuous",1,"Purely rule-based","GABLE",TRUE,"MSE",2.15262520918076,0.789999999999964,NA,5,5,0,5,0,0,0,0,1,0,1,1
37,"continuous",1,"Purely rule-based","GBM",TRUE,"MSE",1.45791655453027,0.03,NA,NA,NA,NA,NA,NA,NA,NA,NA,NA,NA,NA,NA
37,"continuous",1,"Purely rule-based","Linear",TRUE,"MSE",3.10760707175437,0.0200000000000387,NA,20,0,20,20,0,0,0,0,1,0,1,1
37,"continuous",1,"Purely rule-based","Random forest",TRUE,"MSE",1.97089693481933,0.850000000000023,NA,NA,NA,NA,NA,NA,NA,NA,NA,NA,NA,NA,NA
37,"continuous",1,"Purely rule-based","RuleFit",TRUE,"MSE",1.30504520838906,18.95,NA,57,57,0,2,50,5,0,0,0.0350877192982456,0.87719298245614,0.912280701754386,2.05263157894737
38,"continuous",1,"Purely rule-based","BRP-GABLE full",TRUE,"MSE",1.21567170931424,32.98,NA,32,30,2,24,8,0,0,0,0.75,0.25,1,1.25
38,"continuous",1,"Purely rule-based","BRP-GABLE rule-only",TRUE,"MSE",1.21397308301063,32.83,NA,29,29,0,21,8,0,0,0,0.724137931034483,0.275862068965517,1,1.27586206896552
38,"continuous",1,"Purely rule-based","GABLE",TRUE,"MSE",2.22307425548906,0.53000000000003,NA,5,5,0,4,1,0,0,0,0.8,0.2,1,1.2
38,"continuous",1,"Purely rule-based","GBM",TRUE,"MSE",1.45576861999893,0.03,NA,NA,NA,NA,NA,NA,NA,NA,NA,NA,NA,NA,NA
38,"continuous",1,"Purely rule-based","Linear",TRUE,"MSE",3.38806608323577,0.0199999999999818,NA,20,0,20,20,0,0,0,0,1,0,1,1
38,"continuous",1,"Purely rule-based","Random forest",TRUE,"MSE",1.81723849981338,0.819999999999993,NA,NA,NA,NA,NA,NA,NA,NA,NA,NA,NA,NA,NA
38,"continuous",1,"Purely rule-based","RuleFit",TRUE,"MSE",1.25888967250668,19.17,NA,71,71,0,5,62,4,0,0,0.0704225352112676,0.873239436619718,0.943661971830986,1.98591549295775
39,"continuous",1,"Purely rule-based","BRP-GABLE full",TRUE,"MSE",1.34506329480439,34.43,NA,37,37,0,34,3,0,0,0,0.918918918918919,0.0810810810810811,1,1.08108108108108
39,"continuous",1,"Purely rule-based","BRP-GABLE rule-only",TRUE,"MSE",1.32096937988838,34.0599999999999,NA,38,38,0,35,3,0,0,0,0.921052631578947,0.0789473684210526,1,1.07894736842105
39,"continuous",1,"Purely rule-based","GABLE",TRUE,"MSE",2.39781823825024,0.79000000000002,NA,5,5,0,5,0,0,0,0,1,0,1,1
39,"continuous",1,"Purely rule-based","GBM",TRUE,"MSE",1.52267610379104,0.0399999999999998,NA,NA,NA,NA,NA,NA,NA,NA,NA,NA,NA,NA,NA
39,"continuous",1,"Purely rule-based","Linear",TRUE,"MSE",3.55153641438068,0,NA,20,0,20,20,0,0,0,0,1,0,1,1
39,"continuous",1,"Purely rule-based","Random forest",TRUE,"MSE",1.8785848118947,0.849999999999966,NA,NA,NA,NA,NA,NA,NA,NA,NA,NA,NA,NA,NA
39,"continuous",1,"Purely rule-based","RuleFit",TRUE,"MSE",1.31282761492005,17.79,NA,51,51,0,4,43,4,0,0,0.0784313725490196,0.843137254901961,0.92156862745098,2
40,"continuous",1,"Purely rule-based","BRP-GABLE full",TRUE,"MSE",1.15612378357355,32.88,NA,33,31,2,25,8,0,0,0,0.757575757575758,0.242424242424242,1,1.24242424242424
40,"continuous",1,"Purely rule-based","BRP-GABLE rule-only",TRUE,"MSE",1.15447251404481,32.6,NA,31,31,0,23,8,0,0,0,0.741935483870968,0.258064516129032,1,1.25806451612903
40,"continuous",1,"Purely rule-based","GABLE",TRUE,"MSE",2.01841380664658,0.840000000000032,NA,5,5,0,5,0,0,0,0,1,0,1,1
40,"continuous",1,"Purely rule-based","GBM",TRUE,"MSE",1.44247265075281,0.02,NA,NA,NA,NA,NA,NA,NA,NA,NA,NA,NA,NA,NA
40,"continuous",1,"Purely rule-based","Linear",TRUE,"MSE",3.54308176484878,0,NA,20,0,20,20,0,0,0,0,1,0,1,1
40,"continuous",1,"Purely rule-based","Random forest",TRUE,"MSE",1.82039481526821,0.839999999999975,NA,NA,NA,NA,NA,NA,NA,NA,NA,NA,NA,NA,NA
40,"continuous",1,"Purely rule-based","RuleFit",TRUE,"MSE",1.32207224977587,18.72,NA,66,66,0,3,55,8,0,0,0.0454545454545455,0.833333333333333,0.878787878787879,2.07575757575758
41,"continuous",1,"Purely rule-based","BRP-GABLE full",TRUE,"MSE",1.10873133784089,32.95,NA,38,37,1,28,10,0,0,0,0.736842105263158,0.263157894736842,1,1.26315789473684
41,"continuous",1,"Purely rule-based","BRP-GABLE rule-only",TRUE,"MSE",1.09550169779434,32.56,NA,38,38,0,28,10,0,0,0,0.736842105263158,0.263157894736842,1,1.26315789473684
41,"continuous",1,"Purely rule-based","GABLE",TRUE,"MSE",2.03298461107559,0.919999999999959,NA,5,5,0,4,1,0,0,0,0.8,0.2,1,1.2
41,"continuous",1,"Purely rule-based","GBM",TRUE,"MSE",1.54133232700786,0.02,NA,NA,NA,NA,NA,NA,NA,NA,NA,NA,NA,NA,NA
41,"continuous",1,"Purely rule-based","Linear",TRUE,"MSE",3.43990765830312,0,NA,20,0,20,20,0,0,0,0,1,0,1,1
41,"continuous",1,"Purely rule-based","Random forest",TRUE,"MSE",2.1576163861625,0.890000000000043,NA,NA,NA,NA,NA,NA,NA,NA,NA,NA,NA,NA,NA
41,"continuous",1,"Purely rule-based","RuleFit",TRUE,"MSE",1.24373265471576,18.83,NA,64,64,0,3,55,6,0,0,0.046875,0.859375,0.90625,2.046875
42,"continuous",1,"Purely rule-based","BRP-GABLE full",TRUE,"MSE",1.22838478783685,34.16,NA,28,26,2,23,5,0,0,0,0.821428571428571,0.178571428571429,1,1.17857142857143
42,"continuous",1,"Purely rule-based","BRP-GABLE rule-only",TRUE,"MSE",1.21362115225451,33.68,NA,25,25,0,20,5,0,0,0,0.8,0.2,1,1.2
42,"continuous",1,"Purely rule-based","GABLE",TRUE,"MSE",2.23401133487483,0.800000000000011,NA,5,5,0,5,0,0,0,0,1,0,1,1
42,"continuous",1,"Purely rule-based","GBM",TRUE,"MSE",1.60928552945293,0.03,NA,NA,NA,NA,NA,NA,NA,NA,NA,NA,NA,NA,NA
42,"continuous",1,"Purely rule-based","Linear",TRUE,"MSE",3.78301750774044,0,NA,20,0,20,20,0,0,0,0,1,0,1,1
42,"continuous",1,"Purely rule-based","Random forest",TRUE,"MSE",1.97813322094101,0.909999999999968,NA,NA,NA,NA,NA,NA,NA,NA,NA,NA,NA,NA,NA
42,"continuous",1,"Purely rule-based","RuleFit",TRUE,"MSE",1.29430259265644,17.92,NA,70,70,0,6,58,6,0,0,0.0857142857142857,0.828571428571429,0.914285714285714,2
43,"continuous",1,"Purely rule-based","BRP-GABLE full",TRUE,"MSE",1.20421319924247,33.44,NA,30,29,1,24,6,0,0,0,0.8,0.2,1,1.2
43,"continuous",1,"Purely rule-based","BRP-GABLE rule-only",TRUE,"MSE",1.20372288593685,32.99,NA,29,29,0,23,6,0,0,0,0.793103448275862,0.206896551724138,1,1.20689655172414
43,"continuous",1,"Purely rule-based","GABLE",TRUE,"MSE",2.28967742546673,0.760000000000048,NA,5,5,0,5,0,0,0,0,1,0,1,1
43,"continuous",1,"Purely rule-based","GBM",TRUE,"MSE",1.48322543103483,0.03,NA,NA,NA,NA,NA,NA,NA,NA,NA,NA,NA,NA,NA
43,"continuous",1,"Purely rule-based","Linear",TRUE,"MSE",3.48854175747936,0,NA,20,0,20,20,0,0,0,0,1,0,1,1
43,"continuous",1,"Purely rule-based","Random forest",TRUE,"MSE",1.77399269426272,0.859999999999957,NA,NA,NA,NA,NA,NA,NA,NA,NA,NA,NA,NA,NA
43,"continuous",1,"Purely rule-based","RuleFit",TRUE,"MSE",1.30727191637777,18.2,NA,61,61,0,3,53,5,0,0,0.0491803278688525,0.868852459016393,0.918032786885246,2.0327868852459
44,"continuous",1,"Purely rule-based","BRP-GABLE full",TRUE,"MSE",1.41210541435229,34.58,NA,38,38,0,29,9,0,0,0,0.763157894736842,0.236842105263158,1,1.23684210526316
44,"continuous",1,"Purely rule-based","BRP-GABLE rule-only",TRUE,"MSE",1.3865261103203,34.3200000000001,NA,38,38,0,28,10,0,0,0,0.736842105263158,0.263157894736842,1,1.26315789473684
44,"continuous",1,"Purely rule-based","GABLE",TRUE,"MSE",2.34071221533765,0.800000000000011,NA,5,5,0,5,0,0,0,0,1,0,1,1
44,"continuous",1,"Purely rule-based","GBM",TRUE,"MSE",1.5807343310688,0.03,NA,NA,NA,NA,NA,NA,NA,NA,NA,NA,NA,NA,NA
44,"continuous",1,"Purely rule-based","Linear",TRUE,"MSE",3.41714839326454,0.0200000000000387,NA,20,0,20,20,0,0,0,0,1,0,1,1
44,"continuous",1,"Purely rule-based","Random forest",TRUE,"MSE",2.02970992786748,0.870000000000005,NA,NA,NA,NA,NA,NA,NA,NA,NA,NA,NA,NA,NA
44,"continuous",1,"Purely rule-based","RuleFit",TRUE,"MSE",1.33029129525944,18.41,NA,56,56,0,3,49,4,0,0,0.0535714285714286,0.875,0.928571428571429,2.01785714285714
45,"continuous",1,"Purely rule-based","BRP-GABLE full",TRUE,"MSE",1.25693059610542,34.53,NA,34,34,0,28,6,0,0,0,0.823529411764706,0.176470588235294,1,1.17647058823529
45,"continuous",1,"Purely rule-based","BRP-GABLE rule-only",TRUE,"MSE",1.25693059610542,33.65,NA,34,34,0,28,6,0,0,0,0.823529411764706,0.176470588235294,1,1.17647058823529
45,"continuous",1,"Purely rule-based","GABLE",TRUE,"MSE",2.0692257744969,0.830000000000041,NA,5,5,0,5,0,0,0,0,1,0,1,1
45,"continuous",1,"Purely rule-based","GBM",TRUE,"MSE",1.70324642737844,0.04,NA,NA,NA,NA,NA,NA,NA,NA,NA,NA,NA,NA,NA
45,"continuous",1,"Purely rule-based","Linear",TRUE,"MSE",3.81405410568325,0,NA,20,0,20,20,0,0,0,0,1,0,1,1
45,"continuous",1,"Purely rule-based","Random forest",TRUE,"MSE",2.27239963277843,0.870000000000005,NA,NA,NA,NA,NA,NA,NA,NA,NA,NA,NA,NA,NA
45,"continuous",1,"Purely rule-based","RuleFit",TRUE,"MSE",1.42594353607505,17.48,NA,66,66,0,6,55,5,0,0,0.0909090909090909,0.833333333333333,0.924242424242424,1.98484848484848
46,"continuous",1,"Purely rule-based","BRP-GABLE full",TRUE,"MSE",1.48421840758306,34.91,NA,37,35,2,36,1,0,0,0,0.972972972972973,0.027027027027027,1,1.02702702702703
46,"continuous",1,"Purely rule-based","BRP-GABLE rule-only",TRUE,"MSE",1.4593176771004,34.4199999999999,NA,38,38,0,37,1,0,0,0,0.973684210526316,0.0263157894736842,1,1.02631578947368
46,"continuous",1,"Purely rule-based","GABLE",TRUE,"MSE",2.17125066924311,0.710000000000036,NA,5,5,0,5,0,0,0,0,1,0,1,1
46,"continuous",1,"Purely rule-based","GBM",TRUE,"MSE",1.63738772667939,0.03,NA,NA,NA,NA,NA,NA,NA,NA,NA,NA,NA,NA,NA
46,"continuous",1,"Purely rule-based","Linear",TRUE,"MSE",4.11226919447676,0.00999999999999091,NA,20,0,20,20,0,0,0,0,1,0,1,1
46,"continuous",1,"Purely rule-based","Random forest",TRUE,"MSE",2.27041191978109,0.879999999999995,NA,NA,NA,NA,NA,NA,NA,NA,NA,NA,NA,NA,NA
46,"continuous",1,"Purely rule-based","RuleFit",TRUE,"MSE",1.193910403162,18.5,NA,67,67,0,4,55,8,0,0,0.0597014925373134,0.82089552238806,0.880597014925373,2.05970149253731
47,"continuous",1,"Purely rule-based","BRP-GABLE full",TRUE,"MSE",1.17178980367839,34.2499999999999,NA,32,31,1,25,7,0,0,0,0.78125,0.21875,1,1.21875
47,"continuous",1,"Purely rule-based","BRP-GABLE rule-only",TRUE,"MSE",1.15838486010949,33.91,NA,33,33,0,26,7,0,0,0,0.787878787878788,0.212121212121212,1,1.21212121212121
47,"continuous",1,"Purely rule-based","GABLE",TRUE,"MSE",2.04528050777872,0.850000000000023,NA,5,5,0,5,0,0,0,0,1,0,1,1
47,"continuous",1,"Purely rule-based","GBM",TRUE,"MSE",1.37953502335322,0.0299999999999998,NA,NA,NA,NA,NA,NA,NA,NA,NA,NA,NA,NA,NA
47,"continuous",1,"Purely rule-based","Linear",TRUE,"MSE",3.26143196029305,0,NA,20,0,20,20,0,0,0,0,1,0,1,1
47,"continuous",1,"Purely rule-based","Random forest",TRUE,"MSE",1.86338023964335,0.860000000000014,NA,NA,NA,NA,NA,NA,NA,NA,NA,NA,NA,NA,NA
47,"continuous",1,"Purely rule-based","RuleFit",TRUE,"MSE",1.18583109237851,17.62,NA,67,67,0,1,58,8,0,0,0.0149253731343284,0.865671641791045,0.880597014925373,2.1044776119403
48,"continuous",1,"Purely rule-based","BRP-GABLE full",TRUE,"MSE",1.24502106707856,34.42,NA,35,34,1,27,8,0,0,0,0.771428571428571,0.228571428571429,1,1.22857142857143
48,"continuous",1,"Purely rule-based","BRP-GABLE rule-only",TRUE,"MSE",1.21720296805539,33.93,NA,34,34,0,26,8,0,0,0,0.764705882352941,0.235294117647059,1,1.23529411764706
48,"continuous",1,"Purely rule-based","GABLE",TRUE,"MSE",2.05379253937667,0.700000000000045,NA,5,5,0,5,0,0,0,0,1,0,1,1
48,"continuous",1,"Purely rule-based","GBM",TRUE,"MSE",1.37610496144614,0.03,NA,NA,NA,NA,NA,NA,NA,NA,NA,NA,NA,NA,NA
48,"continuous",1,"Purely rule-based","Linear",TRUE,"MSE",3.48412230035064,0,NA,20,0,20,20,0,0,0,0,1,0,1,1
48,"continuous",1,"Purely rule-based","Random forest",TRUE,"MSE",1.86589611651816,0.860000000000014,NA,NA,NA,NA,NA,NA,NA,NA,NA,NA,NA,NA,NA
48,"continuous",1,"Purely rule-based","RuleFit",TRUE,"MSE",1.2535913055563,19.19,NA,53,53,0,4,44,5,0,0,0.0754716981132075,0.830188679245283,0.905660377358491,2.0188679245283
49,"continuous",1,"Purely rule-based","BRP-GABLE full",TRUE,"MSE",1.17450767281511,33.2200000000001,NA,30,30,0,29,1,0,0,0,0.966666666666667,0.0333333333333333,1,1.03333333333333
49,"continuous",1,"Purely rule-based","BRP-GABLE rule-only",TRUE,"MSE",1.16576404881438,32.57,NA,32,32,0,31,1,0,0,0,0.96875,0.03125,1,1.03125
49,"continuous",1,"Purely rule-based","GABLE",TRUE,"MSE",2.02734723403657,0.639999999999986,NA,5,5,0,4,1,0,0,0,0.8,0.2,1,1.2
49,"continuous",1,"Purely rule-based","GBM",TRUE,"MSE",1.37442492353261,0.03,NA,NA,NA,NA,NA,NA,NA,NA,NA,NA,NA,NA,NA
49,"continuous",1,"Purely rule-based","Linear",TRUE,"MSE",3.51016032900938,0,NA,20,0,20,20,0,0,0,0,1,0,1,1
49,"continuous",1,"Purely rule-based","Random forest",TRUE,"MSE",1.71292191602042,0.849999999999909,NA,NA,NA,NA,NA,NA,NA,NA,NA,NA,NA,NA,NA
49,"continuous",1,"Purely rule-based","RuleFit",TRUE,"MSE",1.15947731271096,18.56,NA,60,60,0,4,51,5,0,0,0.0666666666666667,0.85,0.916666666666667,2.01666666666667
50,"continuous",1,"Purely rule-based","BRP-GABLE full",TRUE,"MSE",1.22195426842168,33.6100000000001,NA,44,42,2,35,9,0,0,0,0.795454545454545,0.204545454545455,1,1.20454545454545
50,"continuous",1,"Purely rule-based","BRP-GABLE rule-only",TRUE,"MSE",1.19504826970471,32.8899999999999,NA,40,40,0,31,9,0,0,0,0.775,0.225,1,1.225
50,"continuous",1,"Purely rule-based","GABLE",TRUE,"MSE",2.34197457339956,0.639999999999986,NA,5,5,0,4,1,0,0,0,0.8,0.2,1,1.2
50,"continuous",1,"Purely rule-based","GBM",TRUE,"MSE",1.61490887653223,0.04,NA,NA,NA,NA,NA,NA,NA,NA,NA,NA,NA,NA,NA
50,"continuous",1,"Purely rule-based","Linear",TRUE,"MSE",3.44131626743995,0,NA,20,0,20,20,0,0,0,0,1,0,1,1
50,"continuous",1,"Purely rule-based","Random forest",TRUE,"MSE",2.06874846698996,0.840000000000032,NA,NA,NA,NA,NA,NA,NA,NA,NA,NA,NA,NA,NA
50,"continuous",1,"Purely rule-based","RuleFit",TRUE,"MSE",1.40639396250991,18.83,NA,69,69,0,5,56,8,0,0,0.072463768115942,0.811594202898551,0.884057971014493,2.04347826086957
51,"continuous",1,"Purely rule-based","BRP-GABLE full",TRUE,"MSE",1.18538660993385,33.5000000000001,NA,31,31,0,27,4,0,0,0,0.870967741935484,0.129032258064516,1,1.12903225806452
51,"continuous",1,"Purely rule-based","BRP-GABLE rule-only",TRUE,"MSE",1.17207456728597,33.29,NA,30,30,0,26,4,0,0,0,0.866666666666667,0.133333333333333,1,1.13333333333333
51,"continuous",1,"Purely rule-based","GABLE",TRUE,"MSE",1.88806040796973,0.909999999999968,NA,5,5,0,5,0,0,0,0,1,0,1,1
51,"continuous",1,"Purely rule-based","GBM",TRUE,"MSE",1.51657829286324,0.03,NA,NA,NA,NA,NA,NA,NA,NA,NA,NA,NA,NA,NA
51,"continuous",1,"Purely rule-based","Linear",TRUE,"MSE",3.72180873120993,0,NA,20,0,20,20,0,0,0,0,1,0,1,1
51,"continuous",1,"Purely rule-based","Random forest",TRUE,"MSE",1.93245619876299,0.810000000000059,NA,NA,NA,NA,NA,NA,NA,NA,NA,NA,NA,NA,NA
51,"continuous",1,"Purely rule-based","RuleFit",TRUE,"MSE",1.22170354004668,17.22,NA,52,52,0,5,44,3,0,0,0.0961538461538462,0.846153846153846,0.942307692307692,1.96153846153846
52,"continuous",1,"Purely rule-based","BRP-GABLE full",TRUE,"MSE",1.05304477831871,34.4200000000001,NA,30,30,0,24,6,0,0,0,0.8,0.2,1,1.2
52,"continuous",1,"Purely rule-based","BRP-GABLE rule-only",TRUE,"MSE",1.05304477831871,33.87,NA,30,30,0,24,6,0,0,0,0.8,0.2,1,1.2
52,"continuous",1,"Purely rule-based","GABLE",TRUE,"MSE",2.1425132976741,0.75,NA,5,5,0,5,0,0,0,0,1,0,1,1
52,"continuous",1,"Purely rule-based","GBM",TRUE,"MSE",1.37910606135855,0.02,NA,NA,NA,NA,NA,NA,NA,NA,NA,NA,NA,NA,NA
52,"continuous",1,"Purely rule-based","Linear",TRUE,"MSE",3.62223497191372,0.0199999999999818,NA,20,0,20,20,0,0,0,0,1,0,1,1
52,"continuous",1,"Purely rule-based","Random forest",TRUE,"MSE",1.66650578609452,0.850000000000023,NA,NA,NA,NA,NA,NA,NA,NA,NA,NA,NA,NA,NA
52,"continuous",1,"Purely rule-based","RuleFit",TRUE,"MSE",1.17187921159382,18,NA,50,50,0,2,42,6,0,0,0.04,0.84,0.88,2.08
53,"continuous",1,"Purely rule-based","BRP-GABLE full",TRUE,"MSE",1.19489961260334,32.64,NA,38,35,3,30,8,0,0,0,0.789473684210526,0.210526315789474,1,1.21052631578947
53,"continuous",1,"Purely rule-based","BRP-GABLE rule-only",TRUE,"MSE",1.21321234876812,32.4299999999999,NA,36,36,0,28,8,0,0,0,0.777777777777778,0.222222222222222,1,1.22222222222222
53,"continuous",1,"Purely rule-based","GABLE",TRUE,"MSE",2.31818729555313,0.830000000000041,NA,5,5,0,5,0,0,0,0,1,0,1,1
53,"continuous",1,"Purely rule-based","GBM",TRUE,"MSE",1.60230007185759,0.0300000000000002,NA,NA,NA,NA,NA,NA,NA,NA,NA,NA,NA,NA,NA
53,"continuous",1,"Purely rule-based","Linear",TRUE,"MSE",3.6783639489468,0,NA,20,0,20,20,0,0,0,0,1,0,1,1
53,"continuous",1,"Purely rule-based","Random forest",TRUE,"MSE",2.08682864261438,0.860000000000014,NA,NA,NA,NA,NA,NA,NA,NA,NA,NA,NA,NA,NA
53,"continuous",1,"Purely rule-based","RuleFit",TRUE,"MSE",1.2845721067447,19.33,NA,68,68,0,7,55,6,0,0,0.102941176470588,0.808823529411765,0.911764705882353,1.98529411764706
54,"continuous",1,"Purely rule-based","BRP-GABLE full",TRUE,"MSE",1.13129134366872,33.6400000000001,NA,31,30,1,25,6,0,0,0,0.806451612903226,0.193548387096774,1,1.19354838709677
54,"continuous",1,"Purely rule-based","BRP-GABLE rule-only",TRUE,"MSE",1.12102327935433,33.12,NA,30,30,0,24,6,0,0,0,0.8,0.2,1,1.2
54,"continuous",1,"Purely rule-based","GABLE",TRUE,"MSE",2.10792872495228,0.839999999999918,NA,5,5,0,5,0,0,0,0,1,0,1,1
54,"continuous",1,"Purely rule-based","GBM",TRUE,"MSE",1.42162111691363,0.0299999999999998,NA,NA,NA,NA,NA,NA,NA,NA,NA,NA,NA,NA,NA
54,"continuous",1,"Purely rule-based","Linear",TRUE,"MSE",3.47496679114114,0.0199999999999818,NA,20,0,20,20,0,0,0,0,1,0,1,1
54,"continuous",1,"Purely rule-based","Random forest",TRUE,"MSE",1.80102858589449,0.879999999999995,NA,NA,NA,NA,NA,NA,NA,NA,NA,NA,NA,NA,NA
54,"continuous",1,"Purely rule-based","RuleFit",TRUE,"MSE",1.24971972535379,18.85,NA,67,67,0,5,57,5,0,0,0.0746268656716418,0.850746268656716,0.925373134328358,2
55,"continuous",1,"Purely rule-based","BRP-GABLE full",TRUE,"MSE",1.22701209612331,33.8700000000001,NA,36,35,1,28,8,0,0,0,0.777777777777778,0.222222222222222,1,1.22222222222222
55,"continuous",1,"Purely rule-based","BRP-GABLE rule-only",TRUE,"MSE",1.20497177871176,33.01,NA,39,39,0,30,9,0,0,0,0.769230769230769,0.230769230769231,1,1.23076923076923
55,"continuous",1,"Purely rule-based","GABLE",TRUE,"MSE",2.05248678214213,0.759999999999991,NA,5,5,0,5,0,0,0,0,1,0,1,1
55,"continuous",1,"Purely rule-based","GBM",TRUE,"MSE",1.39128239500082,0.0300000000000002,NA,NA,NA,NA,NA,NA,NA,NA,NA,NA,NA,NA,NA
55,"continuous",1,"Purely rule-based","Linear",TRUE,"MSE",3.24495906521058,0,NA,20,0,20,20,0,0,0,0,1,0,1,1
55,"continuous",1,"Purely rule-based","Random forest",TRUE,"MSE",1.87863344077305,0.889999999999986,NA,NA,NA,NA,NA,NA,NA,NA,NA,NA,NA,NA,NA
55,"continuous",1,"Purely rule-based","RuleFit",TRUE,"MSE",1.22529760272902,19.09,NA,66,66,0,2,56,8,0,0,0.0303030303030303,0.848484848484849,0.878787878787879,2.09090909090909
56,"continuous",1,"Purely rule-based","BRP-GABLE full",TRUE,"MSE",1.35911271880268,32.63,NA,38,38,0,31,7,0,0,0,0.815789473684211,0.184210526315789,1,1.18421052631579
56,"continuous",1,"Purely rule-based","BRP-GABLE rule-only",TRUE,"MSE",1.35911271880268,32.05,NA,38,38,0,31,7,0,0,0,0.815789473684211,0.184210526315789,1,1.18421052631579
56,"continuous",1,"Purely rule-based","GABLE",TRUE,"MSE",2.10302267673912,0.710000000000036,NA,5,5,0,4,1,0,0,0,0.8,0.2,1,1.2
56,"continuous",1,"Purely rule-based","GBM",TRUE,"MSE",1.59856597703724,0.0299999999999998,NA,NA,NA,NA,NA,NA,NA,NA,NA,NA,NA,NA,NA
56,"continuous",1,"Purely rule-based","Linear",TRUE,"MSE",3.66810770657284,0.0199999999999818,NA,20,0,20,20,0,0,0,0,1,0,1,1
56,"continuous",1,"Purely rule-based","Random forest",TRUE,"MSE",2.06319892099326,0.899999999999977,NA,NA,NA,NA,NA,NA,NA,NA,NA,NA,NA,NA,NA
56,"continuous",1,"Purely rule-based","RuleFit",TRUE,"MSE",1.35874068757235,17.58,NA,60,60,0,3,53,4,0,0,0.05,0.883333333333333,0.933333333333333,2.01666666666667
57,"continuous",1,"Purely rule-based","BRP-GABLE full",TRUE,"MSE",1.18759144323906,34.6700000000001,NA,30,28,2,27,3,0,0,0,0.9,0.1,1,1.1
57,"continuous",1,"Purely rule-based","BRP-GABLE rule-only",TRUE,"MSE",1.18723960385569,34.3699999999999,NA,30,30,0,27,3,0,0,0,0.9,0.1,1,1.1
57,"continuous",1,"Purely rule-based","GABLE",TRUE,"MSE",2.16510376483176,0.810000000000059,NA,5,5,0,5,0,0,0,0,1,0,1,1
57,"continuous",1,"Purely rule-based","GBM",TRUE,"MSE",1.5856470378049,0.0299999999999998,NA,NA,NA,NA,NA,NA,NA,NA,NA,NA,NA,NA,NA
57,"continuous",1,"Purely rule-based","Linear",TRUE,"MSE",3.66096655946762,0.0199999999999818,NA,20,0,20,20,0,0,0,0,1,0,1,1
57,"continuous",1,"Purely rule-based","Random forest",TRUE,"MSE",2.04478622107435,0.830000000000041,NA,NA,NA,NA,NA,NA,NA,NA,NA,NA,NA,NA,NA
57,"continuous",1,"Purely rule-based","RuleFit",TRUE,"MSE",1.32442739746352,18.56,NA,71,71,0,4,56,11,0,0,0.0563380281690141,0.788732394366197,0.845070422535211,2.09859154929577
58,"continuous",1,"Purely rule-based","BRP-GABLE full",TRUE,"MSE",1.23825139547112,31.98,NA,33,33,0,23,10,0,0,0,0.696969696969697,0.303030303030303,1,1.3030303030303
58,"continuous",1,"Purely rule-based","BRP-GABLE rule-only",TRUE,"MSE",1.20848629002129,31.5900000000001,NA,35,35,0,25,10,0,0,0,0.714285714285714,0.285714285714286,1,1.28571428571429
58,"continuous",1,"Purely rule-based","GABLE",TRUE,"MSE",2.22070377936397,0.580000000000041,NA,5,5,0,4,1,0,0,0,0.8,0.2,1,1.2
58,"continuous",1,"Purely rule-based","GBM",TRUE,"MSE",1.50628801284637,0.03,NA,NA,NA,NA,NA,NA,NA,NA,NA,NA,NA,NA,NA
58,"continuous",1,"Purely rule-based","Linear",TRUE,"MSE",3.18776434975618,0,NA,20,0,20,20,0,0,0,0,1,0,1,1
58,"continuous",1,"Purely rule-based","Random forest",TRUE,"MSE",1.88078212982836,0.879999999999995,NA,NA,NA,NA,NA,NA,NA,NA,NA,NA,NA,NA,NA
58,"continuous",1,"Purely rule-based","RuleFit",TRUE,"MSE",1.32791139038213,18.56,NA,58,58,0,2,54,2,0,0,0.0344827586206897,0.931034482758621,0.96551724137931,2
59,"continuous",1,"Purely rule-based","BRP-GABLE full",TRUE,"MSE",1.42695219903684,30.91,NA,43,42,1,32,11,0,0,0,0.744186046511628,0.255813953488372,1,1.25581395348837
59,"continuous",1,"Purely rule-based","BRP-GABLE rule-only",TRUE,"MSE",1.40340841700916,30.5299999999999,NA,40,40,0,29,11,0,0,0,0.725,0.275,1,1.275
59,"continuous",1,"Purely rule-based","GABLE",TRUE,"MSE",2.61588103525672,0.629999999999995,NA,5,5,0,3,2,0,0,0,0.6,0.4,1,1.4
59,"continuous",1,"Purely rule-based","GBM",TRUE,"MSE",1.68157654497644,0.0299999999999998,NA,NA,NA,NA,NA,NA,NA,NA,NA,NA,NA,NA,NA
59,"continuous",1,"Purely rule-based","Linear",TRUE,"MSE",3.62497597957776,0.0200000000000955,NA,20,0,20,20,0,0,0,0,1,0,1,1
59,"continuous",1,"Purely rule-based","Random forest",TRUE,"MSE",2.2821336450307,0.889999999999986,NA,NA,NA,NA,NA,NA,NA,NA,NA,NA,NA,NA,NA
59,"continuous",1,"Purely rule-based","RuleFit",TRUE,"MSE",1.44696280027508,18.63,NA,70,70,0,1,60,9,0,0,0.0142857142857143,0.857142857142857,0.871428571428571,2.11428571428571
60,"continuous",1,"Purely rule-based","BRP-GABLE full",TRUE,"MSE",1.25392271574416,33.8299999999999,NA,54,51,3,50,4,0,0,0,0.925925925925926,0.0740740740740741,1,1.07407407407407
60,"continuous",1,"Purely rule-based","BRP-GABLE rule-only",TRUE,"MSE",1.23794749806896,33.2199999999999,NA,50,50,0,46,4,0,0,0,0.92,0.08,1,1.08
60,"continuous",1,"Purely rule-based","GABLE",TRUE,"MSE",2.3188560694126,0.75,NA,5,5,0,5,0,0,0,0,1,0,1,1
60,"continuous",1,"Purely rule-based","GBM",TRUE,"MSE",1.57931636078711,0.0300000000000002,NA,NA,NA,NA,NA,NA,NA,NA,NA,NA,NA,NA,NA
60,"continuous",1,"Purely rule-based","Linear",TRUE,"MSE",3.50696720856417,0,NA,20,0,20,20,0,0,0,0,1,0,1,1
60,"continuous",1,"Purely rule-based","Random forest",TRUE,"MSE",1.99695102824307,0.860000000000014,NA,NA,NA,NA,NA,NA,NA,NA,NA,NA,NA,NA,NA
60,"continuous",1,"Purely rule-based","RuleFit",TRUE,"MSE",1.26770950771362,19.18,NA,76,76,0,2,61,13,0,0,0.0263157894736842,0.802631578947368,0.828947368421053,2.14473684210526
61,"continuous",1,"Purely rule-based","BRP-GABLE full",TRUE,"MSE",1.26230593787624,35.1,NA,39,39,0,38,1,0,0,0,0.974358974358974,0.0256410256410256,1,1.02564102564103
61,"continuous",1,"Purely rule-based","BRP-GABLE rule-only",TRUE,"MSE",1.25657980249279,34.42,NA,39,39,0,38,1,0,0,0,0.974358974358974,0.0256410256410256,1,1.02564102564103
61,"continuous",1,"Purely rule-based","GABLE",TRUE,"MSE",2.0629430136399,0.720000000000027,NA,5,5,0,5,0,0,0,0,1,0,1,1
61,"continuous",1,"Purely rule-based","GBM",TRUE,"MSE",1.46175138948082,0.0299999999999998,NA,NA,NA,NA,NA,NA,NA,NA,NA,NA,NA,NA,NA
61,"continuous",1,"Purely rule-based","Linear",TRUE,"MSE",3.37561642140868,0,NA,20,0,20,20,0,0,0,0,1,0,1,1
61,"continuous",1,"Purely rule-based","Random forest",TRUE,"MSE",1.65744036819391,0.889999999999986,NA,NA,NA,NA,NA,NA,NA,NA,NA,NA,NA,NA,NA
61,"continuous",1,"Purely rule-based","RuleFit",TRUE,"MSE",1.16486393980734,17.56,NA,53,53,0,3,47,3,0,0,0.0566037735849057,0.886792452830189,0.943396226415094,2
62,"continuous",1,"Purely rule-based","BRP-GABLE full",TRUE,"MSE",1.15468448137711,32.72,NA,37,36,1,29,8,0,0,0,0.783783783783784,0.216216216216216,1,1.21621621621622
62,"continuous",1,"Purely rule-based","BRP-GABLE rule-only",TRUE,"MSE",1.15510283833064,32.61,NA,36,36,0,28,8,0,0,0,0.777777777777778,0.222222222222222,1,1.22222222222222
62,"continuous",1,"Purely rule-based","GABLE",TRUE,"MSE",2.25396138979103,0.720000000000027,NA,5,5,0,5,0,0,0,0,1,0,1,1
62,"continuous",1,"Purely rule-based","GBM",TRUE,"MSE",1.39335638808731,0.0300000000000002,NA,NA,NA,NA,NA,NA,NA,NA,NA,NA,NA,NA,NA
62,"continuous",1,"Purely rule-based","Linear",TRUE,"MSE",3.10012390869318,0,NA,20,0,20,20,0,0,0,0,1,0,1,1
62,"continuous",1,"Purely rule-based","Random forest",TRUE,"MSE",1.6423483098257,0.799999999999955,NA,NA,NA,NA,NA,NA,NA,NA,NA,NA,NA,NA,NA
62,"continuous",1,"Purely rule-based","RuleFit",TRUE,"MSE",1.30297979278397,18.49,NA,52,52,0,3,47,2,0,0,0.0576923076923077,0.903846153846154,0.961538461538462,1.98076923076923
63,"continuous",1,"Purely rule-based","BRP-GABLE full",TRUE,"MSE",1.12027123513488,32.85,NA,26,23,3,22,4,0,0,0,0.846153846153846,0.153846153846154,1,1.15384615384615
63,"continuous",1,"Purely rule-based","BRP-GABLE rule-only",TRUE,"MSE",1.1234351866434,32.4399999999999,NA,23,23,0,19,4,0,0,0,0.826086956521739,0.173913043478261,1,1.17391304347826
63,"continuous",1,"Purely rule-based","GABLE",TRUE,"MSE",2.11905300821695,0.799999999999955,NA,5,5,0,5,0,0,0,0,1,0,1,1
63,"continuous",1,"Purely rule-based","GBM",TRUE,"MSE",1.48454177880555,0.0299999999999998,NA,NA,NA,NA,NA,NA,NA,NA,NA,NA,NA,NA,NA
63,"continuous",1,"Purely rule-based","Linear",TRUE,"MSE",3.49316197487729,0,NA,20,0,20,20,0,0,0,0,1,0,1,1
63,"continuous",1,"Purely rule-based","Random forest",TRUE,"MSE",1.7194258272724,0.870000000000005,NA,NA,NA,NA,NA,NA,NA,NA,NA,NA,NA,NA,NA
63,"continuous",1,"Purely rule-based","RuleFit",TRUE,"MSE",1.12526445728759,19.07,NA,68,68,0,4,55,9,0,0,0.0588235294117647,0.808823529411765,0.867647058823529,2.07352941176471
64,"continuous",1,"Purely rule-based","BRP-GABLE full",TRUE,"MSE",1.26890762224254,33.9399999999999,NA,30,29,1,26,4,0,0,0,0.866666666666667,0.133333333333333,1,1.13333333333333
64,"continuous",1,"Purely rule-based","BRP-GABLE rule-only",TRUE,"MSE",1.57214449123197,33.4699999999999,NA,21,21,0,17,4,0,0,0,0.80952380952381,0.19047619047619,1,1.19047619047619
64,"continuous",1,"Purely rule-based","GABLE",TRUE,"MSE",1.80832402187433,0.730000000000018,NA,5,5,0,5,0,0,0,0,1,0,1,1
64,"continuous",1,"Purely rule-based","GBM",TRUE,"MSE",1.27842860303145,0.0300000000000002,NA,NA,NA,NA,NA,NA,NA,NA,NA,NA,NA,NA,NA
64,"continuous",1,"Purely rule-based","Linear",TRUE,"MSE",3.38237529008981,0,NA,20,0,20,20,0,0,0,0,1,0,1,1
64,"continuous",1,"Purely rule-based","Random forest",TRUE,"MSE",1.75825263236049,0.840000000000032,NA,NA,NA,NA,NA,NA,NA,NA,NA,NA,NA,NA,NA
64,"continuous",1,"Purely rule-based","RuleFit",TRUE,"MSE",1.18541897772722,18.89,NA,59,59,0,2,54,3,0,0,0.0338983050847458,0.915254237288136,0.949152542372881,2.01694915254237
65,"continuous",1,"Purely rule-based","BRP-GABLE full",TRUE,"MSE",1.28685120164643,35.3099999999999,NA,43,41,2,38,5,0,0,0,0.883720930232558,0.116279069767442,1,1.11627906976744
65,"continuous",1,"Purely rule-based","BRP-GABLE rule-only",TRUE,"MSE",1.2732300137875,34.1700000000001,NA,41,41,0,36,5,0,0,0,0.878048780487805,0.121951219512195,1,1.1219512195122
65,"continuous",1,"Purely rule-based","GABLE",TRUE,"MSE",2.2627603066613,0.860000000000014,NA,5,5,0,5,0,0,0,0,1,0,1,1
65,"continuous",1,"Purely rule-based","GBM",TRUE,"MSE",1.70697572107987,0.0300000000000002,NA,NA,NA,NA,NA,NA,NA,NA,NA,NA,NA,NA,NA
65,"continuous",1,"Purely rule-based","Linear",TRUE,"MSE",3.85190161208338,0,NA,20,0,20,20,0,0,0,0,1,0,1,1
65,"continuous",1,"Purely rule-based","Random forest",TRUE,"MSE",2.161283668108,0.92999999999995,NA,NA,NA,NA,NA,NA,NA,NA,NA,NA,NA,NA,NA
65,"continuous",1,"Purely rule-based","RuleFit",TRUE,"MSE",1.38054080683664,18.16,NA,70,70,0,5,49,16,0,0,0.0714285714285714,0.7,0.771428571428571,2.15714285714286
66,"continuous",1,"Purely rule-based","BRP-GABLE full",TRUE,"MSE",1.19230928094515,32.85,NA,37,37,0,31,6,0,0,0,0.837837837837838,0.162162162162162,1,1.16216216216216
66,"continuous",1,"Purely rule-based","BRP-GABLE rule-only",TRUE,"MSE",1.17164181234346,32.24,NA,37,37,0,31,6,0,0,0,0.837837837837838,0.162162162162162,1,1.16216216216216
66,"continuous",1,"Purely rule-based","GABLE",TRUE,"MSE",2.06663098447284,0.730000000000018,NA,5,5,0,5,0,0,0,0,1,0,1,1
66,"continuous",1,"Purely rule-based","GBM",TRUE,"MSE",1.51588385773487,0.0299999999999998,NA,NA,NA,NA,NA,NA,NA,NA,NA,NA,NA,NA,NA
66,"continuous",1,"Purely rule-based","Linear",TRUE,"MSE",3.22798659135437,0,NA,20,0,20,20,0,0,0,0,1,0,1,1
66,"continuous",1,"Purely rule-based","Random forest",TRUE,"MSE",1.88632460904221,0.899999999999977,NA,NA,NA,NA,NA,NA,NA,NA,NA,NA,NA,NA,NA
66,"continuous",1,"Purely rule-based","RuleFit",TRUE,"MSE",1.17987997041579,18.25,NA,67,67,0,5,48,14,0,0,0.0746268656716418,0.716417910447761,0.791044776119403,2.13432835820896
67,"continuous",1,"Purely rule-based","BRP-GABLE full",TRUE,"MSE",1.2529665085939,32.77,NA,38,38,0,25,13,0,0,0,0.657894736842105,0.342105263157895,1,1.34210526315789
67,"continuous",1,"Purely rule-based","BRP-GABLE rule-only",TRUE,"MSE",1.23245213835895,32.1900000000001,NA,41,41,0,27,14,0,0,0,0.658536585365854,0.341463414634146,1,1.34146341463415
67,"continuous",1,"Purely rule-based","GABLE",TRUE,"MSE",2.47454873926595,0.809999999999945,NA,5,5,0,5,0,0,0,0,1,0,1,1
67,"continuous",1,"Purely rule-based","GBM",TRUE,"MSE",1.41870799219198,0.00999999999999979,NA,NA,NA,NA,NA,NA,NA,NA,NA,NA,NA,NA,NA
67,"continuous",1,"Purely rule-based","Linear",TRUE,"MSE",3.4954319383674,0.00999999999999091,NA,20,0,20,20,0,0,0,0,1,0,1,1
67,"continuous",1,"Purely rule-based","Random forest",TRUE,"MSE",1.90133131719348,0.830000000000041,NA,NA,NA,NA,NA,NA,NA,NA,NA,NA,NA,NA,NA
67,"continuous",1,"Purely rule-based","RuleFit",TRUE,"MSE",1.27917448429098,17.91,NA,55,55,0,4,47,4,0,0,0.0727272727272727,0.854545454545454,0.927272727272727,2
68,"continuous",1,"Purely rule-based","BRP-GABLE full",TRUE,"MSE",1.11464389691277,33.59,NA,34,32,2,28,6,0,0,0,0.823529411764706,0.176470588235294,1,1.17647058823529
68,"continuous",1,"Purely rule-based","BRP-GABLE rule-only",TRUE,"MSE",1.11450065448537,32.99,NA,32,32,0,26,6,0,0,0,0.8125,0.1875,1,1.1875
68,"continuous",1,"Purely rule-based","GABLE",TRUE,"MSE",2.10074656565815,0.799999999999955,NA,5,5,0,5,0,0,0,0,1,0,1,1
68,"continuous",1,"Purely rule-based","GBM",TRUE,"MSE",1.38456383101393,0.0300000000000002,NA,NA,NA,NA,NA,NA,NA,NA,NA,NA,NA,NA,NA
68,"continuous",1,"Purely rule-based","Linear",TRUE,"MSE",3.46356491788115,0,NA,20,0,20,20,0,0,0,0,1,0,1,1
68,"continuous",1,"Purely rule-based","Random forest",TRUE,"MSE",1.56429701486052,0.889999999999986,NA,NA,NA,NA,NA,NA,NA,NA,NA,NA,NA,NA,NA
68,"continuous",1,"Purely rule-based","RuleFit",TRUE,"MSE",1.12706228458841,19.02,NA,62,62,0,6,52,4,0,0,0.0967741935483871,0.838709677419355,0.935483870967742,1.96774193548387
69,"continuous",1,"Purely rule-based","BRP-GABLE full",TRUE,"MSE",1.17883429372373,33.11,NA,28,27,1,20,8,0,0,0,0.714285714285714,0.285714285714286,1,1.28571428571429
69,"continuous",1,"Purely rule-based","BRP-GABLE rule-only",TRUE,"MSE",1.16412335926662,32.84,NA,31,31,0,23,8,0,0,0,0.741935483870968,0.258064516129032,1,1.25806451612903
69,"continuous",1,"Purely rule-based","GABLE",TRUE,"MSE",2.29649578434209,0.829999999999927,NA,5,5,0,5,0,0,0,0,1,0,1,1
69,"continuous",1,"Purely rule-based","GBM",TRUE,"MSE",1.51697824542532,0.0299999999999998,NA,NA,NA,NA,NA,NA,NA,NA,NA,NA,NA,NA,NA
69,"continuous",1,"Purely rule-based","Linear",TRUE,"MSE",3.9635302395269,0,NA,20,0,20,20,0,0,0,0,1,0,1,1
69,"continuous",1,"Purely rule-based","Random forest",TRUE,"MSE",1.97304144607901,0.840000000000032,NA,NA,NA,NA,NA,NA,NA,NA,NA,NA,NA,NA,NA
69,"continuous",1,"Purely rule-based","RuleFit",TRUE,"MSE",1.28224888676681,18.45,NA,64,64,0,2,58,4,0,0,0.03125,0.90625,0.9375,2.03125
70,"continuous",1,"Purely rule-based","BRP-GABLE full",TRUE,"MSE",1.10808937849894,32.26,NA,22,22,0,15,7,0,0,0,0.681818181818182,0.318181818181818,1,1.31818181818182
70,"continuous",1,"Purely rule-based","BRP-GABLE rule-only",TRUE,"MSE",1.09539057400897,31.52,NA,24,24,0,17,7,0,0,0,0.708333333333333,0.291666666666667,1,1.29166666666667
70,"continuous",1,"Purely rule-based","GABLE",TRUE,"MSE",2.02436787860209,0.6099999999999,NA,5,5,0,4,1,0,0,0,0.8,0.2,1,1.2
70,"continuous",1,"Purely rule-based","GBM",TRUE,"MSE",1.53427550239676,0.0299999999999998,NA,NA,NA,NA,NA,NA,NA,NA,NA,NA,NA,NA,NA
70,"continuous",1,"Purely rule-based","Linear",TRUE,"MSE",3.43029067002235,0,NA,20,0,20,20,0,0,0,0,1,0,1,1
70,"continuous",1,"Purely rule-based","Random forest",TRUE,"MSE",1.99709043743199,0.920000000000073,NA,NA,NA,NA,NA,NA,NA,NA,NA,NA,NA,NA,NA
70,"continuous",1,"Purely rule-based","RuleFit",TRUE,"MSE",1.22621940154041,16.84,NA,59,59,0,3,49,7,0,0,0.0508474576271186,0.830508474576271,0.88135593220339,2.06779661016949
71,"continuous",1,"Purely rule-based","BRP-GABLE full",TRUE,"MSE",1.13357315043071,32.5599999999999,NA,35,34,1,29,6,0,0,0,0.828571428571429,0.171428571428571,1,1.17142857142857
71,"continuous",1,"Purely rule-based","BRP-GABLE rule-only",TRUE,"MSE",1.13262914600936,32.26,NA,35,35,0,29,6,0,0,0,0.828571428571429,0.171428571428571,1,1.17142857142857
71,"continuous",1,"Purely rule-based","GABLE",TRUE,"MSE",2.06682701172535,0.720000000000027,NA,5,5,0,4,1,0,0,0,0.8,0.2,1,1.2
71,"continuous",1,"Purely rule-based","GBM",TRUE,"MSE",1.42749446240653,0.0300000000000002,NA,NA,NA,NA,NA,NA,NA,NA,NA,NA,NA,NA,NA
71,"continuous",1,"Purely rule-based","Linear",TRUE,"MSE",3.28861599663886,0,NA,20,0,20,20,0,0,0,0,1,0,1,1
71,"continuous",1,"Purely rule-based","Random forest",TRUE,"MSE",1.87817530561172,0.800000000000068,NA,NA,NA,NA,NA,NA,NA,NA,NA,NA,NA,NA,NA
71,"continuous",1,"Purely rule-based","RuleFit",TRUE,"MSE",1.24898223035779,18.22,NA,64,64,0,3,54,7,0,0,0.046875,0.84375,0.890625,2.0625
72,"continuous",1,"Purely rule-based","BRP-GABLE full",TRUE,"MSE",1.16820723710899,33.77,NA,30,30,0,23,7,0,0,0,0.766666666666667,0.233333333333333,1,1.23333333333333
72,"continuous",1,"Purely rule-based","BRP-GABLE rule-only",TRUE,"MSE",1.15115582566013,33.0400000000001,NA,30,30,0,23,7,0,0,0,0.766666666666667,0.233333333333333,1,1.23333333333333
72,"continuous",1,"Purely rule-based","GABLE",TRUE,"MSE",2.20752138317284,0.809999999999945,NA,5,5,0,5,0,0,0,0,1,0,1,1
72,"continuous",1,"Purely rule-based","GBM",TRUE,"MSE",1.54948976399725,0.0300000000000002,NA,NA,NA,NA,NA,NA,NA,NA,NA,NA,NA,NA,NA
72,"continuous",1,"Purely rule-based","Linear",TRUE,"MSE",3.33396453583099,0,NA,20,0,20,20,0,0,0,0,1,0,1,1
72,"continuous",1,"Purely rule-based","Random forest",TRUE,"MSE",1.87963109324627,0.810000000000059,NA,NA,NA,NA,NA,NA,NA,NA,NA,NA,NA,NA,NA
72,"continuous",1,"Purely rule-based","RuleFit",TRUE,"MSE",1.21757929606841,18.48,NA,54,54,0,3,46,5,0,0,0.0555555555555556,0.851851851851852,0.907407407407407,2.03703703703704
73,"continuous",1,"Purely rule-based","BRP-GABLE full",TRUE,"MSE",1.11919317311705,34.63,NA,26,25,1,23,3,0,0,0,0.884615384615385,0.115384615384615,1,1.11538461538462
73,"continuous",1,"Purely rule-based","BRP-GABLE rule-only",TRUE,"MSE",1.11282051340798,33.8099999999999,NA,26,26,0,23,3,0,0,0,0.884615384615385,0.115384615384615,1,1.11538461538462
73,"continuous",1,"Purely rule-based","GABLE",TRUE,"MSE",2.15548547254994,0.920000000000073,NA,5,5,0,5,0,0,0,0,1,0,1,1
73,"continuous",1,"Purely rule-based","GBM",TRUE,"MSE",1.31240628115412,0.0300000000000002,NA,NA,NA,NA,NA,NA,NA,NA,NA,NA,NA,NA,NA
73,"continuous",1,"Purely rule-based","Linear",TRUE,"MSE",3.2407642028872,0,NA,20,0,20,20,0,0,0,0,1,0,1,1
73,"continuous",1,"Purely rule-based","Random forest",TRUE,"MSE",1.66152609245685,0.889999999999986,NA,NA,NA,NA,NA,NA,NA,NA,NA,NA,NA,NA,NA
73,"continuous",1,"Purely rule-based","RuleFit",TRUE,"MSE",1.1837579767194,19.3,NA,71,71,0,1,61,9,0,0,0.0140845070422535,0.859154929577465,0.873239436619718,2.11267605633803
74,"continuous",1,"Purely rule-based","BRP-GABLE full",TRUE,"MSE",1.07080716924425,33.91,NA,45,44,1,38,7,0,0,0,0.844444444444444,0.155555555555556,1,1.15555555555556
74,"continuous",1,"Purely rule-based","BRP-GABLE rule-only",TRUE,"MSE",1.05661694326535,33.1,NA,47,47,0,39,8,0,0,0,0.829787234042553,0.170212765957447,1,1.17021276595745
74,"continuous",1,"Purely rule-based","GABLE",TRUE,"MSE",1.90651835728318,0.720000000000027,NA,5,5,0,5,0,0,0,0,1,0,1,1
74,"continuous",1,"Purely rule-based","GBM",TRUE,"MSE",1.27701499024114,0.0299999999999998,NA,NA,NA,NA,NA,NA,NA,NA,NA,NA,NA,NA,NA
74,"continuous",1,"Purely rule-based","Linear",TRUE,"MSE",2.82343802608962,0,NA,20,0,20,20,0,0,0,0,1,0,1,1
74,"continuous",1,"Purely rule-based","Random forest",TRUE,"MSE",1.87406821433415,0.949999999999932,NA,NA,NA,NA,NA,NA,NA,NA,NA,NA,NA,NA,NA
74,"continuous",1,"Purely rule-based","RuleFit",TRUE,"MSE",1.21151429959343,17.76,NA,62,62,0,1,53,8,0,0,0.0161290322580645,0.854838709677419,0.870967741935484,2.11290322580645
75,"continuous",1,"Purely rule-based","BRP-GABLE full",TRUE,"MSE",1.34808335074714,34.7199999999999,NA,39,38,1,35,4,0,0,0,0.897435897435897,0.102564102564103,1,1.1025641025641
75,"continuous",1,"Purely rule-based","BRP-GABLE rule-only",TRUE,"MSE",1.32146892616304,34.05,NA,40,40,0,36,4,0,0,0,0.9,0.1,1,1.1
75,"continuous",1,"Purely rule-based","GABLE",TRUE,"MSE",2.06116474375894,0.860000000000014,NA,5,5,0,5,0,0,0,0,1,0,1,1
75,"continuous",1,"Purely rule-based","GBM",TRUE,"MSE",1.56433979198005,0.0300000000000002,NA,NA,NA,NA,NA,NA,NA,NA,NA,NA,NA,NA,NA
75,"continuous",1,"Purely rule-based","Linear",TRUE,"MSE",3.78610246637903,0.0199999999999818,NA,20,0,20,20,0,0,0,0,1,0,1,1
75,"continuous",1,"Purely rule-based","Random forest",TRUE,"MSE",1.97960188519437,0.860000000000014,NA,NA,NA,NA,NA,NA,NA,NA,NA,NA,NA,NA,NA
75,"continuous",1,"Purely rule-based","RuleFit",TRUE,"MSE",1.22402661726843,18.69,NA,65,65,0,1,60,4,0,0,0.0153846153846154,0.923076923076923,0.938461538461538,2.04615384615385
76,"continuous",1,"Purely rule-based","BRP-GABLE full",TRUE,"MSE",1.23529835733533,32.1899999999999,NA,35,34,1,30,5,0,0,0,0.857142857142857,0.142857142857143,1,1.14285714285714
76,"continuous",1,"Purely rule-based","BRP-GABLE rule-only",TRUE,"MSE",1.22012313596744,31.8700000000001,NA,34,34,0,29,5,0,0,0,0.852941176470588,0.147058823529412,1,1.14705882352941
76,"continuous",1,"Purely rule-based","GABLE",TRUE,"MSE",2.05479106543096,0.669999999999959,NA,5,5,0,4,1,0,0,0,0.8,0.2,1,1.2
76,"continuous",1,"Purely rule-based","GBM",TRUE,"MSE",1.67131132691384,0.0300000000000002,NA,NA,NA,NA,NA,NA,NA,NA,NA,NA,NA,NA,NA
76,"continuous",1,"Purely rule-based","Linear",TRUE,"MSE",3.91620648671771,0,NA,20,0,20,20,0,0,0,0,1,0,1,1
76,"continuous",1,"Purely rule-based","Random forest",TRUE,"MSE",1.98639774546187,0.889999999999986,NA,NA,NA,NA,NA,NA,NA,NA,NA,NA,NA,NA,NA
76,"continuous",1,"Purely rule-based","RuleFit",TRUE,"MSE",1.29605024158125,18.47,NA,59,59,0,4,53,2,0,0,0.0677966101694915,0.898305084745763,0.966101694915254,1.96610169491525
77,"continuous",1,"Purely rule-based","BRP-GABLE full",TRUE,"MSE",1.2711874261489,33.6899999999998,NA,36,35,1,28,8,0,0,0,0.777777777777778,0.222222222222222,1,1.22222222222222
77,"continuous",1,"Purely rule-based","BRP-GABLE rule-only",TRUE,"MSE",1.23762840340614,33.0899999999999,NA,39,39,0,32,7,0,0,0,0.82051282051282,0.179487179487179,1,1.17948717948718
77,"continuous",1,"Purely rule-based","GABLE",TRUE,"MSE",2.25213952824927,0.840000000000032,NA,5,5,0,5,0,0,0,0,1,0,1,1
77,"continuous",1,"Purely rule-based","GBM",TRUE,"MSE",1.4798759714049,0.0299999999999998,NA,NA,NA,NA,NA,NA,NA,NA,NA,NA,NA,NA,NA
77,"continuous",1,"Purely rule-based","Linear",TRUE,"MSE",3.58748747978576,0,NA,20,0,20,20,0,0,0,0,1,0,1,1
77,"continuous",1,"Purely rule-based","Random forest",TRUE,"MSE",2.01651637616152,0.889999999999986,NA,NA,NA,NA,NA,NA,NA,NA,NA,NA,NA,NA,NA
77,"continuous",1,"Purely rule-based","RuleFit",TRUE,"MSE",1.26840284616558,19.08,NA,62,62,0,6,52,4,0,0,0.0967741935483871,0.838709677419355,0.935483870967742,1.96774193548387
78,"continuous",1,"Purely rule-based","BRP-GABLE full",TRUE,"MSE",1.15079341172341,32.99,NA,32,31,1,23,9,0,0,0,0.71875,0.28125,1,1.28125
78,"continuous",1,"Purely rule-based","BRP-GABLE rule-only",TRUE,"MSE",1.13202865226879,32.46,NA,30,30,0,22,8,0,0,0,0.733333333333333,0.266666666666667,1,1.26666666666667
78,"continuous",1,"Purely rule-based","GABLE",TRUE,"MSE",2.10825739421421,0.740000000000009,NA,5,5,0,4,1,0,0,0,0.8,0.2,1,1.2
78,"continuous",1,"Purely rule-based","GBM",TRUE,"MSE",1.58255387892152,0.0300000000000002,NA,NA,NA,NA,NA,NA,NA,NA,NA,NA,NA,NA,NA
78,"continuous",1,"Purely rule-based","Linear",TRUE,"MSE",3.38043184095925,0,NA,20,0,20,20,0,0,0,0,1,0,1,1
78,"continuous",1,"Purely rule-based","Random forest",TRUE,"MSE",1.85411139192388,0.889999999999986,NA,NA,NA,NA,NA,NA,NA,NA,NA,NA,NA,NA,NA
78,"continuous",1,"Purely rule-based","RuleFit",TRUE,"MSE",1.32763085830415,18.52,NA,54,54,0,1,50,3,0,0,0.0185185185185185,0.925925925925926,0.944444444444444,2.03703703703704
79,"continuous",1,"Purely rule-based","BRP-GABLE full",TRUE,"MSE",1.05181590449022,33.95,NA,36,35,1,31,5,0,0,0,0.861111111111111,0.138888888888889,1,1.13888888888889
79,"continuous",1,"Purely rule-based","BRP-GABLE rule-only",TRUE,"MSE",1.03618767811331,33.4899999999999,NA,37,37,0,32,5,0,0,0,0.864864864864865,0.135135135135135,1,1.13513513513514
79,"continuous",1,"Purely rule-based","GABLE",TRUE,"MSE",1.96571816064482,0.779999999999973,NA,5,5,0,5,0,0,0,0,1,0,1,1
79,"continuous",1,"Purely rule-based","GBM",TRUE,"MSE",1.55923773041703,0.0300000000000002,NA,NA,NA,NA,NA,NA,NA,NA,NA,NA,NA,NA,NA
79,"continuous",1,"Purely rule-based","Linear",TRUE,"MSE",3.68712134119228,0,NA,20,0,20,20,0,0,0,0,1,0,1,1
79,"continuous",1,"Purely rule-based","Random forest",TRUE,"MSE",2.08283115985575,0.860000000000014,NA,NA,NA,NA,NA,NA,NA,NA,NA,NA,NA,NA,NA
79,"continuous",1,"Purely rule-based","RuleFit",TRUE,"MSE",1.24228641660215,18.41,NA,77,77,0,6,63,8,0,0,0.0779220779220779,0.818181818181818,0.896103896103896,2.02597402597403
80,"continuous",1,"Purely rule-based","BRP-GABLE full",TRUE,"MSE",1.1635661157578,34.0700000000001,NA,36,35,1,29,7,0,0,0,0.805555555555556,0.194444444444444,1,1.19444444444444
80,"continuous",1,"Purely rule-based","BRP-GABLE rule-only",TRUE,"MSE",1.14847514142666,33.46,NA,37,37,0,30,7,0,0,0,0.810810810810811,0.189189189189189,1,1.18918918918919
80,"continuous",1,"Purely rule-based","GABLE",TRUE,"MSE",2.25613147048866,0.799999999999955,NA,5,5,0,5,0,0,0,0,1,0,1,1
80,"continuous",1,"Purely rule-based","GBM",TRUE,"MSE",1.52248615312197,0.00999999999999979,NA,NA,NA,NA,NA,NA,NA,NA,NA,NA,NA,NA,NA
80,"continuous",1,"Purely rule-based","Linear",TRUE,"MSE",3.16748853258573,0.0199999999999818,NA,20,0,20,20,0,0,0,0,1,0,1,1
80,"continuous",1,"Purely rule-based","Random forest",TRUE,"MSE",1.82506197851947,0.879999999999995,NA,NA,NA,NA,NA,NA,NA,NA,NA,NA,NA,NA,NA
80,"continuous",1,"Purely rule-based","RuleFit",TRUE,"MSE",1.31018541475266,17.62,NA,60,60,0,2,54,4,0,0,0.0333333333333333,0.9,0.933333333333333,2.03333333333333
81,"continuous",1,"Purely rule-based","BRP-GABLE full",TRUE,"MSE",1.14982541780722,33.45,NA,27,26,1,21,6,0,0,0,0.777777777777778,0.222222222222222,1,1.22222222222222
81,"continuous",1,"Purely rule-based","BRP-GABLE rule-only",TRUE,"MSE",1.1080477755357,33.46,NA,27,27,0,21,6,0,0,0,0.777777777777778,0.222222222222222,1,1.22222222222222
81,"continuous",1,"Purely rule-based","GABLE",TRUE,"MSE",2.13122747353768,0.769999999999982,NA,5,5,0,4,1,0,0,0,0.8,0.2,1,1.2
81,"continuous",1,"Purely rule-based","GBM",TRUE,"MSE",1.30278510406368,0.0299999999999998,NA,NA,NA,NA,NA,NA,NA,NA,NA,NA,NA,NA,NA
81,"continuous",1,"Purely rule-based","Linear",TRUE,"MSE",3.34708173829416,0,NA,20,0,20,20,0,0,0,0,1,0,1,1
81,"continuous",1,"Purely rule-based","Random forest",TRUE,"MSE",1.80445234130138,0.840000000000032,NA,NA,NA,NA,NA,NA,NA,NA,NA,NA,NA,NA,NA
81,"continuous",1,"Purely rule-based","RuleFit",TRUE,"MSE",1.10864560758938,18.9,NA,63,63,0,4,48,11,0,0,0.0634920634920635,0.761904761904762,0.825396825396825,2.11111111111111
82,"continuous",1,"Purely rule-based","BRP-GABLE full",TRUE,"MSE",1.18567243330487,33.4299999999999,NA,40,40,0,30,10,0,0,0,0.75,0.25,1,1.25
82,"continuous",1,"Purely rule-based","BRP-GABLE rule-only",TRUE,"MSE",1.18567243330487,33.38,NA,40,40,0,30,10,0,0,0,0.75,0.25,1,1.25
82,"continuous",1,"Purely rule-based","GABLE",TRUE,"MSE",2.36620927509068,0.670000000000073,NA,5,5,0,4,1,0,0,0,0.8,0.2,1,1.2
82,"continuous",1,"Purely rule-based","GBM",TRUE,"MSE",1.57644704846334,0.02,NA,NA,NA,NA,NA,NA,NA,NA,NA,NA,NA,NA,NA
82,"continuous",1,"Purely rule-based","Linear",TRUE,"MSE",3.54860565383126,0,NA,20,0,20,20,0,0,0,0,1,0,1,1
82,"continuous",1,"Purely rule-based","Random forest",TRUE,"MSE",1.90936316723493,0.829999999999927,NA,NA,NA,NA,NA,NA,NA,NA,NA,NA,NA,NA,NA
82,"continuous",1,"Purely rule-based","RuleFit",TRUE,"MSE",1.33719749471396,19.47,NA,76,76,0,3,59,14,0,0,0.0394736842105263,0.776315789473684,0.815789473684211,2.14473684210526
83,"continuous",1,"Purely rule-based","BRP-GABLE full",TRUE,"MSE",1.13635772901065,31.71,NA,39,36,3,30,9,0,0,0,0.769230769230769,0.230769230769231,1,1.23076923076923
83,"continuous",1,"Purely rule-based","BRP-GABLE rule-only",TRUE,"MSE",1.12388551073749,31.42,NA,45,45,0,35,10,0,0,0,0.777777777777778,0.222222222222222,1,1.22222222222222
83,"continuous",1,"Purely rule-based","GABLE",TRUE,"MSE",2.11965715027297,0.699999999999932,NA,5,5,0,4,1,0,0,0,0.8,0.2,1,1.2
83,"continuous",1,"Purely rule-based","GBM",TRUE,"MSE",1.50256919261623,0.0300000000000002,NA,NA,NA,NA,NA,NA,NA,NA,NA,NA,NA,NA,NA
83,"continuous",1,"Purely rule-based","Linear",TRUE,"MSE",3.37168333501439,0.0199999999999818,NA,20,0,20,20,0,0,0,0,1,0,1,1
83,"continuous",1,"Purely rule-based","Random forest",TRUE,"MSE",1.96807642653638,0.840000000000032,NA,NA,NA,NA,NA,NA,NA,NA,NA,NA,NA,NA,NA
83,"continuous",1,"Purely rule-based","RuleFit",TRUE,"MSE",1.28960628436847,19.22,NA,59,59,0,1,57,1,0,0,0.0169491525423729,0.966101694915254,0.983050847457627,2
84,"continuous",1,"Purely rule-based","BRP-GABLE full",TRUE,"MSE",1.12739473066876,33.53,NA,29,29,0,22,7,0,0,0,0.758620689655172,0.241379310344828,1,1.24137931034483
84,"continuous",1,"Purely rule-based","BRP-GABLE rule-only",TRUE,"MSE",1.10611568204957,33.0999999999999,NA,29,29,0,22,7,0,0,0,0.758620689655172,0.241379310344828,1,1.24137931034483
84,"continuous",1,"Purely rule-based","GABLE",TRUE,"MSE",2.08959065930727,0.580000000000041,NA,5,5,0,4,1,0,0,0,0.8,0.2,1,1.2
84,"continuous",1,"Purely rule-based","GBM",TRUE,"MSE",1.41603724037476,0.0300000000000002,NA,NA,NA,NA,NA,NA,NA,NA,NA,NA,NA,NA,NA
84,"continuous",1,"Purely rule-based","Linear",TRUE,"MSE",3.55053570630714,0,NA,20,0,20,20,0,0,0,0,1,0,1,1
84,"continuous",1,"Purely rule-based","Random forest",TRUE,"MSE",1.8138910943709,0.840000000000032,NA,NA,NA,NA,NA,NA,NA,NA,NA,NA,NA,NA,NA
84,"continuous",1,"Purely rule-based","RuleFit",TRUE,"MSE",1.24678043100361,18.75,NA,61,61,0,3,56,2,0,0,0.0491803278688525,0.918032786885246,0.967213114754098,1.98360655737705
85,"continuous",1,"Purely rule-based","BRP-GABLE full",TRUE,"MSE",1.37226901103404,33.8,NA,22,20,2,20,2,0,0,0,0.909090909090909,0.0909090909090909,1,1.09090909090909
85,"continuous",1,"Purely rule-based","BRP-GABLE rule-only",TRUE,"MSE",1.35992151152671,33.64,NA,21,21,0,19,2,0,0,0,0.904761904761905,0.0952380952380952,1,1.0952380952381
85,"continuous",1,"Purely rule-based","GABLE",TRUE,"MSE",1.8169670753123,0.830000000000041,NA,5,5,0,5,0,0,0,0,1,0,1,1
85,"continuous",1,"Purely rule-based","GBM",TRUE,"MSE",1.4763749384843,0.0299999999999998,NA,NA,NA,NA,NA,NA,NA,NA,NA,NA,NA,NA,NA
85,"continuous",1,"Purely rule-based","Linear",TRUE,"MSE",3.58878606112366,0,NA,20,0,20,20,0,0,0,0,1,0,1,1
85,"continuous",1,"Purely rule-based","Random forest",TRUE,"MSE",1.94677573251194,0.779999999999973,NA,NA,NA,NA,NA,NA,NA,NA,NA,NA,NA,NA,NA
85,"continuous",1,"Purely rule-based","RuleFit",TRUE,"MSE",1.2841906261196,18.64,NA,77,77,0,3,62,12,0,0,0.038961038961039,0.805194805194805,0.844155844155844,2.11688311688312
86,"continuous",1,"Purely rule-based","BRP-GABLE full",TRUE,"MSE",1.19557886757686,34.7600000000001,NA,36,36,0,30,6,0,0,0,0.833333333333333,0.166666666666667,1,1.16666666666667
86,"continuous",1,"Purely rule-based","BRP-GABLE rule-only",TRUE,"MSE",1.17720716397206,34.26,NA,33,33,0,27,6,0,0,0,0.818181818181818,0.181818181818182,1,1.18181818181818
86,"continuous",1,"Purely rule-based","GABLE",TRUE,"MSE",2.01752614249937,0.849999999999909,NA,5,5,0,5,0,0,0,0,1,0,1,1
86,"continuous",1,"Purely rule-based","GBM",TRUE,"MSE",1.55700339616807,0.02,NA,NA,NA,NA,NA,NA,NA,NA,NA,NA,NA,NA,NA
86,"continuous",1,"Purely rule-based","Linear",TRUE,"MSE",3.55661829391234,0,NA,20,0,20,20,0,0,0,0,1,0,1,1
86,"continuous",1,"Purely rule-based","Random forest",TRUE,"MSE",2.03881681035615,0.8900000000001,NA,NA,NA,NA,NA,NA,NA,NA,NA,NA,NA,NA,NA
86,"continuous",1,"Purely rule-based","RuleFit",TRUE,"MSE",1.32149307076407,18.09,NA,59,59,0,5,50,4,0,0,0.0847457627118644,0.847457627118644,0.932203389830508,1.98305084745763
87,"continuous",1,"Purely rule-based","BRP-GABLE full",TRUE,"MSE",1.21852485248502,34.0700000000001,NA,34,32,2,26,8,0,0,0,0.764705882352941,0.235294117647059,1,1.23529411764706
87,"continuous",1,"Purely rule-based","BRP-GABLE rule-only",TRUE,"MSE",1.19755117019992,33.4000000000001,NA,32,32,0,24,8,0,0,0,0.75,0.25,1,1.25
87,"continuous",1,"Purely rule-based","GABLE",TRUE,"MSE",2.12496271929219,0.800000000000068,NA,5,5,0,5,0,0,0,0,1,0,1,1
87,"continuous",1,"Purely rule-based","GBM",TRUE,"MSE",1.57356620047574,0.0299999999999998,NA,NA,NA,NA,NA,NA,NA,NA,NA,NA,NA,NA,NA
87,"continuous",1,"Purely rule-based","Linear",TRUE,"MSE",3.27202603237421,0,NA,20,0,20,20,0,0,0,0,1,0,1,1
87,"continuous",1,"Purely rule-based","Random forest",TRUE,"MSE",1.90970717850901,0.889999999999986,NA,NA,NA,NA,NA,NA,NA,NA,NA,NA,NA,NA,NA
87,"continuous",1,"Purely rule-based","RuleFit",TRUE,"MSE",1.3182175084497,17.98,NA,63,63,0,5,53,5,0,0,0.0793650793650794,0.841269841269841,0.920634920634921,2
88,"continuous",1,"Purely rule-based","BRP-GABLE full",TRUE,"MSE",1.28948364382318,33.28,NA,31,31,0,23,8,0,0,0,0.741935483870968,0.258064516129032,1,1.25806451612903
88,"continuous",1,"Purely rule-based","BRP-GABLE rule-only",TRUE,"MSE",1.27022169674241,32.9400000000001,NA,33,33,0,25,8,0,0,0,0.757575757575758,0.242424242424242,1,1.24242424242424
88,"continuous",1,"Purely rule-based","GABLE",TRUE,"MSE",2.25674102431854,0.82000000000005,NA,5,5,0,5,0,0,0,0,1,0,1,1
88,"continuous",1,"Purely rule-based","GBM",TRUE,"MSE",1.48037315799724,0.02,NA,NA,NA,NA,NA,NA,NA,NA,NA,NA,NA,NA,NA
88,"continuous",1,"Purely rule-based","Linear",TRUE,"MSE",3.19407013804467,0,NA,20,0,20,20,0,0,0,0,1,0,1,1
88,"continuous",1,"Purely rule-based","Random forest",TRUE,"MSE",1.82612482788866,0.829999999999927,NA,NA,NA,NA,NA,NA,NA,NA,NA,NA,NA,NA,NA
88,"continuous",1,"Purely rule-based","RuleFit",TRUE,"MSE",1.41453116913675,18.6,NA,54,54,0,2,45,7,0,0,0.037037037037037,0.833333333333333,0.87037037037037,2.09259259259259
89,"continuous",1,"Purely rule-based","BRP-GABLE full",TRUE,"MSE",1.26564456283633,32.67,NA,42,40,2,34,8,0,0,0,0.80952380952381,0.19047619047619,1,1.19047619047619
89,"continuous",1,"Purely rule-based","BRP-GABLE rule-only",TRUE,"MSE",1.22176071060055,32.3200000000001,NA,42,42,0,33,9,0,0,0,0.785714285714286,0.214285714285714,1,1.21428571428571
89,"continuous",1,"Purely rule-based","GABLE",TRUE,"MSE",2.13190494356235,0.75,NA,5,5,0,4,1,0,0,0,0.8,0.2,1,1.2
89,"continuous",1,"Purely rule-based","GBM",TRUE,"MSE",1.56841479294093,0.0300000000000002,NA,NA,NA,NA,NA,NA,NA,NA,NA,NA,NA,NA,NA
89,"continuous",1,"Purely rule-based","Linear",TRUE,"MSE",3.52440742067443,0,NA,20,0,20,20,0,0,0,0,1,0,1,1
89,"continuous",1,"Purely rule-based","Random forest",TRUE,"MSE",1.91820937612627,0.860000000000014,NA,NA,NA,NA,NA,NA,NA,NA,NA,NA,NA,NA,NA
89,"continuous",1,"Purely rule-based","RuleFit",TRUE,"MSE",1.31689768824345,19.97,NA,71,71,0,2,60,9,0,0,0.028169014084507,0.845070422535211,0.873239436619718,2.09859154929577
90,"continuous",1,"Purely rule-based","BRP-GABLE full",TRUE,"MSE",1.18542950598601,33.1599999999999,NA,33,31,2,27,6,0,0,0,0.818181818181818,0.181818181818182,1,1.18181818181818
90,"continuous",1,"Purely rule-based","BRP-GABLE rule-only",TRUE,"MSE",1.17299115253509,32.1799999999999,NA,30,30,0,24,6,0,0,0,0.8,0.2,1,1.2
90,"continuous",1,"Purely rule-based","GABLE",TRUE,"MSE",2.12309408181478,0.719999999999914,NA,5,5,0,4,1,0,0,0,0.8,0.2,1,1.2
90,"continuous",1,"Purely rule-based","GBM",TRUE,"MSE",1.56473474932487,0.0299999999999998,NA,NA,NA,NA,NA,NA,NA,NA,NA,NA,NA,NA,NA
90,"continuous",1,"Purely rule-based","Linear",TRUE,"MSE",3.56162963879764,0,NA,20,0,20,20,0,0,0,0,1,0,1,1
90,"continuous",1,"Purely rule-based","Random forest",TRUE,"MSE",2.14877301472187,0.889999999999986,NA,NA,NA,NA,NA,NA,NA,NA,NA,NA,NA,NA,NA
90,"continuous",1,"Purely rule-based","RuleFit",TRUE,"MSE",1.27176209694846,18.09,NA,66,66,0,3,56,7,0,0,0.0454545454545455,0.848484848484849,0.893939393939394,2.06060606060606
91,"continuous",1,"Purely rule-based","BRP-GABLE full",TRUE,"MSE",1.15839401037131,34.9099999999999,NA,31,30,1,25,6,0,0,0,0.806451612903226,0.193548387096774,1,1.19354838709677
91,"continuous",1,"Purely rule-based","BRP-GABLE rule-only",TRUE,"MSE",1.14508789350953,34.4599999999999,NA,35,35,0,29,6,0,0,0,0.828571428571429,0.171428571428571,1,1.17142857142857
91,"continuous",1,"Purely rule-based","GABLE",TRUE,"MSE",2.03847984382006,0.790000000000077,NA,5,5,0,5,0,0,0,0,1,0,1,1
91,"continuous",1,"Purely rule-based","GBM",TRUE,"MSE",1.47646894663107,0.04,NA,NA,NA,NA,NA,NA,NA,NA,NA,NA,NA,NA,NA
91,"continuous",1,"Purely rule-based","Linear",TRUE,"MSE",3.68626588964839,0,NA,20,0,20,20,0,0,0,0,1,0,1,1
91,"continuous",1,"Purely rule-based","Random forest",TRUE,"MSE",2.06424469880134,0.879999999999995,NA,NA,NA,NA,NA,NA,NA,NA,NA,NA,NA,NA,NA
91,"continuous",1,"Purely rule-based","RuleFit",TRUE,"MSE",1.25605704495676,18.29,NA,63,63,0,3,58,2,0,0,0.0476190476190476,0.920634920634921,0.968253968253968,1.98412698412698
92,"continuous",1,"Purely rule-based","BRP-GABLE full",TRUE,"MSE",1.17491618528167,33.38,NA,34,32,2,29,5,0,0,0,0.852941176470588,0.147058823529412,1,1.14705882352941
92,"continuous",1,"Purely rule-based","BRP-GABLE rule-only",TRUE,"MSE",1.17291433046216,33.3200000000001,NA,32,32,0,27,5,0,0,0,0.84375,0.15625,1,1.15625
92,"continuous",1,"Purely rule-based","GABLE",TRUE,"MSE",2.06674095700487,0.800000000000068,NA,5,5,0,5,0,0,0,0,1,0,1,1
92,"continuous",1,"Purely rule-based","GBM",TRUE,"MSE",1.49646123065368,0.02,NA,NA,NA,NA,NA,NA,NA,NA,NA,NA,NA,NA,NA
92,"continuous",1,"Purely rule-based","Linear",TRUE,"MSE",3.63004257967648,0,NA,20,0,20,20,0,0,0,0,1,0,1,1
92,"continuous",1,"Purely rule-based","Random forest",TRUE,"MSE",1.82379382560708,0.840000000000032,NA,NA,NA,NA,NA,NA,NA,NA,NA,NA,NA,NA,NA
92,"continuous",1,"Purely rule-based","RuleFit",TRUE,"MSE",1.22541674212992,18.23,NA,67,67,0,6,46,15,0,0,0.0895522388059701,0.686567164179104,0.776119402985075,2.13432835820896
93,"continuous",1,"Purely rule-based","BRP-GABLE full",TRUE,"MSE",1.33735936527358,35.6700000000002,NA,35,33,2,32,3,0,0,0,0.914285714285714,0.0857142857142857,1,1.08571428571429
93,"continuous",1,"Purely rule-based","BRP-GABLE rule-only",TRUE,"MSE",1.31456843217021,35.13,NA,37,37,0,34,3,0,0,0,0.918918918918919,0.0810810810810811,1,1.08108108108108
93,"continuous",1,"Purely rule-based","GABLE",TRUE,"MSE",2.19610050538402,0.840000000000032,NA,5,5,0,5,0,0,0,0,1,0,1,1
93,"continuous",1,"Purely rule-based","GBM",TRUE,"MSE",1.5380074766464,0.0299999999999998,NA,NA,NA,NA,NA,NA,NA,NA,NA,NA,NA,NA,NA
93,"continuous",1,"Purely rule-based","Linear",TRUE,"MSE",3.28212280857769,0,NA,20,0,20,20,0,0,0,0,1,0,1,1
93,"continuous",1,"Purely rule-based","Random forest",TRUE,"MSE",1.8362477911327,0.899999999999977,NA,NA,NA,NA,NA,NA,NA,NA,NA,NA,NA,NA,NA
93,"continuous",1,"Purely rule-based","RuleFit",TRUE,"MSE",1.32934438929336,18.5,NA,66,66,0,1,63,2,0,0,0.0151515151515152,0.954545454545455,0.96969696969697,2.01515151515152
94,"continuous",1,"Purely rule-based","BRP-GABLE full",TRUE,"MSE",1.20818120577662,34.6600000000001,NA,31,29,2,29,2,0,0,0,0.935483870967742,0.0645161290322581,1,1.06451612903226
94,"continuous",1,"Purely rule-based","BRP-GABLE rule-only",TRUE,"MSE",1.20892539404232,34.3499999999999,NA,29,29,0,27,2,0,0,0,0.931034482758621,0.0689655172413793,1,1.06896551724138
94,"continuous",1,"Purely rule-based","GABLE",TRUE,"MSE",2.05109239147608,0.75,NA,5,5,0,5,0,0,0,0,1,0,1,1
94,"continuous",1,"Purely rule-based","GBM",TRUE,"MSE",1.58139250655114,0.04,NA,NA,NA,NA,NA,NA,NA,NA,NA,NA,NA,NA,NA
94,"continuous",1,"Purely rule-based","Linear",TRUE,"MSE",3.65618580727907,0,NA,20,0,20,20,0,0,0,0,1,0,1,1
94,"continuous",1,"Purely rule-based","Random forest",TRUE,"MSE",1.97109527989974,0.889999999999986,NA,NA,NA,NA,NA,NA,NA,NA,NA,NA,NA,NA,NA
94,"continuous",1,"Purely rule-based","RuleFit",TRUE,"MSE",1.25419559112668,19.65,NA,54,54,0,1,48,5,0,0,0.0185185185185185,0.888888888888889,0.907407407407407,2.07407407407407
95,"continuous",1,"Purely rule-based","BRP-GABLE full",TRUE,"MSE",1.18636840439632,31.76,NA,49,40,9,35,14,0,0,0,0.714285714285714,0.285714285714286,1,1.28571428571429
95,"continuous",1,"Purely rule-based","BRP-GABLE rule-only",TRUE,"MSE",1.17313556505163,31.3,NA,43,43,0,29,14,0,0,0,0.674418604651163,0.325581395348837,1,1.32558139534884
95,"continuous",1,"Purely rule-based","GABLE",TRUE,"MSE",2.42063350078856,0.610000000000014,NA,5,5,0,4,1,0,0,0,0.8,0.2,1,1.2
95,"continuous",1,"Purely rule-based","GBM",TRUE,"MSE",1.58427718415145,0.0299999999999998,NA,NA,NA,NA,NA,NA,NA,NA,NA,NA,NA,NA,NA
95,"continuous",1,"Purely rule-based","Linear",TRUE,"MSE",3.60034410770216,0,NA,20,0,20,20,0,0,0,0,1,0,1,1
95,"continuous",1,"Purely rule-based","Random forest",TRUE,"MSE",1.91076488472799,0.870000000000005,NA,NA,NA,NA,NA,NA,NA,NA,NA,NA,NA,NA,NA
95,"continuous",1,"Purely rule-based","RuleFit",TRUE,"MSE",1.3263990909869,17.59,NA,80,80,0,3,66,11,0,0,0.0375,0.825,0.8625,2.1
96,"continuous",1,"Purely rule-based","BRP-GABLE full",TRUE,"MSE",1.14141513038466,32.39,NA,30,29,1,26,4,0,0,0,0.866666666666667,0.133333333333333,1,1.13333333333333
96,"continuous",1,"Purely rule-based","BRP-GABLE rule-only",TRUE,"MSE",1.13381788558899,31.9599999999999,NA,34,34,0,29,5,0,0,0,0.852941176470588,0.147058823529412,1,1.14705882352941
96,"continuous",1,"Purely rule-based","GABLE",TRUE,"MSE",1.95767947101519,1,NA,5,5,0,5,0,0,0,0,1,0,1,1
96,"continuous",1,"Purely rule-based","GBM",TRUE,"MSE",1.38518468195393,0.0299999999999998,NA,NA,NA,NA,NA,NA,NA,NA,NA,NA,NA,NA,NA
96,"continuous",1,"Purely rule-based","Linear",TRUE,"MSE",3.15433296388525,0,NA,20,0,20,20,0,0,0,0,1,0,1,1
96,"continuous",1,"Purely rule-based","Random forest",TRUE,"MSE",2.01177378257726,0.839999999999918,NA,NA,NA,NA,NA,NA,NA,NA,NA,NA,NA,NA,NA
96,"continuous",1,"Purely rule-based","RuleFit",TRUE,"MSE",1.31119167412385,18.67,NA,63,63,0,0,57,6,0,0,0,0.904761904761905,0.904761904761905,2.0952380952381
97,"continuous",1,"Purely rule-based","BRP-GABLE full",TRUE,"MSE",1.35242660817679,33.97,NA,37,35,2,30,7,0,0,0,0.810810810810811,0.189189189189189,1,1.18918918918919
97,"continuous",1,"Purely rule-based","BRP-GABLE rule-only",TRUE,"MSE",1.36241896806504,33.78,NA,34,34,0,27,7,0,0,0,0.794117647058823,0.205882352941176,1,1.20588235294118
97,"continuous",1,"Purely rule-based","GABLE",TRUE,"MSE",2.48134997728394,0.799999999999955,NA,5,5,0,5,0,0,0,0,1,0,1,1
97,"continuous",1,"Purely rule-based","GBM",TRUE,"MSE",1.63006752307083,0.0100000000000002,NA,NA,NA,NA,NA,NA,NA,NA,NA,NA,NA,NA,NA
97,"continuous",1,"Purely rule-based","Linear",TRUE,"MSE",3.68384497328109,0.00999999999999091,NA,20,0,20,20,0,0,0,0,1,0,1,1
97,"continuous",1,"Purely rule-based","Random forest",TRUE,"MSE",2.16313250187383,0.870000000000118,NA,NA,NA,NA,NA,NA,NA,NA,NA,NA,NA,NA,NA
97,"continuous",1,"Purely rule-based","RuleFit",TRUE,"MSE",1.33543477728856,17.79,NA,86,86,0,5,65,16,0,0,0.0581395348837209,0.755813953488372,0.813953488372093,2.12790697674419
98,"continuous",1,"Purely rule-based","BRP-GABLE full",TRUE,"MSE",1.40535888112122,33.4000000000001,NA,36,34,2,31,5,0,0,0,0.861111111111111,0.138888888888889,1,1.13888888888889
98,"continuous",1,"Purely rule-based","BRP-GABLE rule-only",TRUE,"MSE",1.40157754962559,33.0799999999999,NA,35,35,0,30,5,0,0,0,0.857142857142857,0.142857142857143,1,1.14285714285714
98,"continuous",1,"Purely rule-based","GABLE",TRUE,"MSE",2.17477877934404,0.789999999999964,NA,5,5,0,5,0,0,0,0,1,0,1,1
98,"continuous",1,"Purely rule-based","GBM",TRUE,"MSE",1.96047832846943,0.0299999999999998,NA,NA,NA,NA,NA,NA,NA,NA,NA,NA,NA,NA,NA
98,"continuous",1,"Purely rule-based","Linear",TRUE,"MSE",3.54976951392297,0,NA,20,0,20,20,0,0,0,0,1,0,1,1
98,"continuous",1,"Purely rule-based","Random forest",TRUE,"MSE",2.47949554359356,0.889999999999873,NA,NA,NA,NA,NA,NA,NA,NA,NA,NA,NA,NA,NA
98,"continuous",1,"Purely rule-based","RuleFit",TRUE,"MSE",1.50499100364784,17.48,NA,58,58,0,4,53,1,0,0,0.0689655172413793,0.913793103448276,0.982758620689655,1.94827586206897
99,"continuous",1,"Purely rule-based","BRP-GABLE full",TRUE,"MSE",1.19001376588957,32.1300000000001,NA,44,44,0,36,8,0,0,0,0.818181818181818,0.181818181818182,1,1.18181818181818
99,"continuous",1,"Purely rule-based","BRP-GABLE rule-only",TRUE,"MSE",1.17806919489581,32.53,NA,45,45,0,37,8,0,0,0,0.822222222222222,0.177777777777778,1,1.17777777777778
99,"continuous",1,"Purely rule-based","GABLE",TRUE,"MSE",2.2374024399162,0.6400000000001,NA,5,5,0,4,1,0,0,0,0.8,0.2,1,1.2
99,"continuous",1,"Purely rule-based","GBM",TRUE,"MSE",1.43299548166925,0.02,NA,NA,NA,NA,NA,NA,NA,NA,NA,NA,NA,NA,NA
99,"continuous",1,"Purely rule-based","Linear",TRUE,"MSE",3.55387825836507,0.00999999999999091,NA,20,0,20,20,0,0,0,0,1,0,1,1
99,"continuous",1,"Purely rule-based","Random forest",TRUE,"MSE",1.79518488815595,0.799999999999955,NA,NA,NA,NA,NA,NA,NA,NA,NA,NA,NA,NA,NA
99,"continuous",1,"Purely rule-based","RuleFit",TRUE,"MSE",1.2618433905882,16.08,NA,66,66,0,4,59,3,0,0,0.0606060606060606,0.893939393939394,0.954545454545455,1.98484848484848
100,"continuous",1,"Purely rule-based","BRP-GABLE full",TRUE,"MSE",1.22792547302859,32.23,NA,33,33,0,27,6,0,0,0,0.818181818181818,0.181818181818182,1,1.18181818181818
100,"continuous",1,"Purely rule-based","BRP-GABLE rule-only",TRUE,"MSE",1.1958060261953,31.96,NA,36,36,0,30,6,0,0,0,0.833333333333333,0.166666666666667,1,1.16666666666667
100,"continuous",1,"Purely rule-based","GABLE",TRUE,"MSE",1.9087521306606,0.670000000000073,NA,5,5,0,5,0,0,0,0,1,0,1,1
100,"continuous",1,"Purely rule-based","GBM",TRUE,"MSE",1.54008965284626,0.04,NA,NA,NA,NA,NA,NA,NA,NA,NA,NA,NA,NA,NA
100,"continuous",1,"Purely rule-based","Linear",TRUE,"MSE",3.384946324829,0.00999999999999091,NA,20,0,20,20,0,0,0,0,1,0,1,1
100,"continuous",1,"Purely rule-based","Random forest",TRUE,"MSE",1.98831781872109,0.839999999999918,NA,NA,NA,NA,NA,NA,NA,NA,NA,NA,NA,NA,NA
100,"continuous",1,"Purely rule-based","RuleFit",TRUE,"MSE",1.43091987894383,15.25,NA,53,53,0,4,49,0,0,0,0.0754716981132075,0.924528301886792,1,1.92452830188679
1,"continuous",2,"Purely linear","BRP-GABLE full",TRUE,"MSE",1.42398670194929,38.8,NA,21,15,6,8,13,0,0,0,0.380952380952381,0.619047619047619,1,1.61904761904762
1,"continuous",2,"Purely linear","BRP-GABLE rule-only",TRUE,"MSE",2.39115225265303,39.04,NA,57,57,0,35,22,0,0,0,0.614035087719298,0.385964912280702,1,1.3859649122807
1,"continuous",2,"Purely linear","GABLE",TRUE,"MSE",4.51246197242967,0.839999999999996,NA,5,5,0,5,0,0,0,0,1,0,1,1
1,"continuous",2,"Purely linear","GBM",TRUE,"MSE",2.04384716709152,0.05,NA,NA,NA,NA,NA,NA,NA,NA,NA,NA,NA,NA,NA
1,"continuous",2,"Purely linear","Linear",TRUE,"MSE",1.02592894908089,0,NA,20,0,20,20,0,0,0,0,1,0,1,1
1,"continuous",2,"Purely linear","Random forest",TRUE,"MSE",2.91788925934559,1.08,NA,NA,NA,NA,NA,NA,NA,NA,NA,NA,NA,NA,NA
1,"continuous",2,"Purely linear","RuleFit",TRUE,"MSE",1.5551322236058,24.81,NA,125,125,0,2,79,44,0,0,0.016,0.632,0.648,2.336
2,"continuous",2,"Purely linear","BRP-GABLE full",TRUE,"MSE",1.27831587771085,40.21,NA,23,17,6,14,9,0,0,0,0.608695652173913,0.391304347826087,1,1.39130434782609
2,"continuous",2,"Purely linear","BRP-GABLE rule-only",TRUE,"MSE",1.81275867975844,39.99,NA,80,80,0,61,19,0,0,0,0.7625,0.2375,1,1.2375
2,"continuous",2,"Purely linear","GABLE",TRUE,"MSE",4.17449966556151,0.839999999999996,NA,5,5,0,5,0,0,0,0,1,0,1,1
2,"continuous",2,"Purely linear","GBM",TRUE,"MSE",1.9474258585886,0.03,NA,NA,NA,NA,NA,NA,NA,NA,NA,NA,NA,NA,NA
2,"continuous",2,"Purely linear","Linear",TRUE,"MSE",1.03176296441104,0.0200000000000031,NA,20,0,20,20,0,0,0,0,1,0,1,1
2,"continuous",2,"Purely linear","Random forest",TRUE,"MSE",2.7849037566898,1.08,NA,NA,NA,NA,NA,NA,NA,NA,NA,NA,NA,NA,NA
2,"continuous",2,"Purely linear","RuleFit",TRUE,"MSE",1.43358000455811,24.76,NA,113,113,0,0,42,71,0,0,0,0.371681415929204,0.371681415929204,2.6283185840708
3,"continuous",2,"Purely linear","BRP-GABLE full",TRUE,"MSE",1.27685274834597,40.34,NA,15,9,6,11,4,0,0,0,0.733333333333333,0.266666666666667,1,1.26666666666667
3,"continuous",2,"Purely linear","BRP-GABLE rule-only",TRUE,"MSE",2.09439604587804,41.1,NA,72,72,0,62,10,0,0,0,0.861111111111111,0.138888888888889,1,1.13888888888889
3,"continuous",2,"Purely linear","GABLE",TRUE,"MSE",4.14216107355001,0.919999999999995,NA,5,5,0,5,0,0,0,0,1,0,1,1
3,"continuous",2,"Purely linear","GBM",TRUE,"MSE",2.08175785373895,0.04,NA,NA,NA,NA,NA,NA,NA,NA,NA,NA,NA,NA,NA
3,"continuous",2,"Purely linear","Linear",TRUE,"MSE",1.10387298465846,0.00999999999999801,NA,20,0,20,20,0,0,0,0,1,0,1,1
3,"continuous",2,"Purely linear","Random forest",TRUE,"MSE",2.75098531890174,0.960000000000001,NA,NA,NA,NA,NA,NA,NA,NA,NA,NA,NA,NA,NA
3,"continuous",2,"Purely linear","RuleFit",TRUE,"MSE",1.62373040547375,25.48,NA,95,95,0,1,45,49,0,0,0.0105263157894737,0.473684210526316,0.484210526315789,2.50526315789474
4,"continuous",2,"Purely linear","BRP-GABLE full",TRUE,"MSE",1.24879044459541,40.14,NA,34,28,6,22,12,0,0,0,0.647058823529412,0.352941176470588,1,1.35294117647059
4,"continuous",2,"Purely linear","BRP-GABLE rule-only",TRUE,"MSE",1.95417672839603,40.57,NA,74,74,0,59,15,0,0,0,0.797297297297297,0.202702702702703,1,1.2027027027027
4,"continuous",2,"Purely linear","GABLE",TRUE,"MSE",4.11827297478046,0.729999999999997,NA,4,4,0,3,1,0,0,0,0.75,0.25,1,1.25
4,"continuous",2,"Purely linear","GBM",TRUE,"MSE",1.84686977277668,0.03,NA,NA,NA,NA,NA,NA,NA,NA,NA,NA,NA,NA,NA
4,"continuous",2,"Purely linear","Linear",TRUE,"MSE",1.06952137901163,0.0200000000000031,NA,20,0,20,20,0,0,0,0,1,0,1,1
4,"continuous",2,"Purely linear","Random forest",TRUE,"MSE",2.641624754215,1.05,NA,NA,NA,NA,NA,NA,NA,NA,NA,NA,NA,NA,NA
4,"continuous",2,"Purely linear","RuleFit",TRUE,"MSE",1.56067737040568,25.16,NA,109,109,0,0,58,51,0,0,0,0.532110091743119,0.532110091743119,2.46788990825688
5,"continuous",2,"Purely linear","BRP-GABLE full",TRUE,"MSE",1.13947624229863,39.9,NA,20,14,6,14,6,0,0,0,0.7,0.3,1,1.3
5,"continuous",2,"Purely linear","BRP-GABLE rule-only",TRUE,"MSE",1.8756693216854,40.45,NA,63,63,0,53,10,0,0,0,0.841269841269841,0.158730158730159,1,1.15873015873016
5,"continuous",2,"Purely linear","GABLE",TRUE,"MSE",3.62148936544873,0.880000000000003,NA,5,5,0,5,0,0,0,0,1,0,1,1
5,"continuous",2,"Purely linear","GBM",TRUE,"MSE",1.69722053793888,0.04,NA,NA,NA,NA,NA,NA,NA,NA,NA,NA,NA,NA,NA
5,"continuous",2,"Purely linear","Linear",TRUE,"MSE",1.02322413697676,0,NA,20,0,20,20,0,0,0,0,1,0,1,1
5,"continuous",2,"Purely linear","Random forest",TRUE,"MSE",2.41573402623094,1.06,NA,NA,NA,NA,NA,NA,NA,NA,NA,NA,NA,NA,NA
5,"continuous",2,"Purely linear","RuleFit",TRUE,"MSE",1.4393097024102,25.46,NA,123,123,0,1,69,53,0,0,0.00813008130081301,0.560975609756098,0.569105691056911,2.42276422764228
6,"continuous",2,"Purely linear","BRP-GABLE full",TRUE,"MSE",1.24433461112968,37.24,NA,24,18,6,18,6,0,0,0,0.75,0.25,1,1.25
6,"continuous",2,"Purely linear","BRP-GABLE rule-only",TRUE,"MSE",2.22491830661909,37.44,NA,74,74,0,64,10,0,0,0,0.864864864864865,0.135135135135135,1,1.13513513513514
6,"continuous",2,"Purely linear","GABLE",TRUE,"MSE",3.85879799370785,1.03,NA,5,5,0,5,0,0,0,0,1,0,1,1
6,"continuous",2,"Purely linear","GBM",TRUE,"MSE",1.92570884937564,0.0399999999999998,NA,NA,NA,NA,NA,NA,NA,NA,NA,NA,NA,NA,NA
6,"continuous",2,"Purely linear","Linear",TRUE,"MSE",1.16026557905198,0.0200000000000102,NA,20,0,20,20,0,0,0,0,1,0,1,1
6,"continuous",2,"Purely linear","Random forest",TRUE,"MSE",2.75593852211529,0.989999999999995,NA,NA,NA,NA,NA,NA,NA,NA,NA,NA,NA,NA,NA
6,"continuous",2,"Purely linear","RuleFit",TRUE,"MSE",1.57220119108975,23.81,NA,103,103,0,0,60,43,0,0,0,0.58252427184466,0.58252427184466,2.41747572815534
7,"continuous",2,"Purely linear","BRP-GABLE full",TRUE,"MSE",1.21545652018688,37.15,NA,19,13,6,12,7,0,0,0,0.631578947368421,0.368421052631579,1,1.36842105263158
7,"continuous",2,"Purely linear","BRP-GABLE rule-only",TRUE,"MSE",1.76128465601857,37.45,NA,70,70,0,62,8,0,0,0,0.885714285714286,0.114285714285714,1,1.11428571428571
7,"continuous",2,"Purely linear","GABLE",TRUE,"MSE",4.08085989642928,0.810000000000002,NA,5,5,0,5,0,0,0,0,1,0,1,1
7,"continuous",2,"Purely linear","GBM",TRUE,"MSE",1.72096685893861,0.0299999999999998,NA,NA,NA,NA,NA,NA,NA,NA,NA,NA,NA,NA,NA
7,"continuous",2,"Purely linear","Linear",TRUE,"MSE",1.14645927500025,0.0300000000000011,NA,20,0,20,20,0,0,0,0,1,0,1,1
7,"continuous",2,"Purely linear","Random forest",TRUE,"MSE",2.40807113564666,0.969999999999999,NA,NA,NA,NA,NA,NA,NA,NA,NA,NA,NA,NA,NA
7,"continuous",2,"Purely linear","RuleFit",TRUE,"MSE",1.48194170140702,24.61,NA,98,98,0,2,56,40,0,0,0.0204081632653061,0.571428571428571,0.591836734693878,2.38775510204082
8,"continuous",2,"Purely linear","BRP-GABLE full",TRUE,"MSE",1.08894340895243,36.6,NA,26,17,9,19,7,0,0,0,0.730769230769231,0.269230769230769,1,1.26923076923077
8,"continuous",2,"Purely linear","BRP-GABLE rule-only",TRUE,"MSE",1.60968202645911,37.42,NA,82,82,0,60,22,0,0,0,0.731707317073171,0.268292682926829,1,1.26829268292683
8,"continuous",2,"Purely linear","GABLE",TRUE,"MSE",3.71094313601501,0.810000000000002,NA,5,5,0,5,0,0,0,0,1,0,1,1
8,"continuous",2,"Purely linear","GBM",TRUE,"MSE",1.64866330736694,0.03,NA,NA,NA,NA,NA,NA,NA,NA,NA,NA,NA,NA,NA
8,"continuous",2,"Purely linear","Linear",TRUE,"MSE",1.02227161200005,0.019999999999996,NA,20,0,20,20,0,0,0,0,1,0,1,1
8,"continuous",2,"Purely linear","Random forest",TRUE,"MSE",2.38079636474451,1,NA,NA,NA,NA,NA,NA,NA,NA,NA,NA,NA,NA,NA
8,"continuous",2,"Purely linear","RuleFit",TRUE,"MSE",1.27190711466865,24.16,NA,144,144,0,2,82,60,0,0,0.0138888888888889,0.569444444444444,0.583333333333333,2.40277777777778
9,"continuous",2,"Purely linear","BRP-GABLE full",TRUE,"MSE",1.12764381889806,35.8,NA,30,23,7,22,8,0,0,0,0.733333333333333,0.266666666666667,1,1.26666666666667
9,"continuous",2,"Purely linear","BRP-GABLE rule-only",TRUE,"MSE",1.84933621927276,36.34,NA,82,82,0,72,10,0,0,0,0.878048780487805,0.121951219512195,1,1.1219512195122
9,"continuous",2,"Purely linear","GABLE",TRUE,"MSE",3.72947932808206,0.840000000000003,NA,5,5,0,5,0,0,0,0,1,0,1,1
9,"continuous",2,"Purely linear","GBM",TRUE,"MSE",1.71890516254641,0.01,NA,NA,NA,NA,NA,NA,NA,NA,NA,NA,NA,NA,NA
9,"continuous",2,"Purely linear","Linear",TRUE,"MSE",1.0328159474434,0.0200000000000102,NA,20,0,20,20,0,0,0,0,1,0,1,1
9,"continuous",2,"Purely linear","Random forest",TRUE,"MSE",2.39041605956589,0.920000000000002,NA,NA,NA,NA,NA,NA,NA,NA,NA,NA,NA,NA,NA
9,"continuous",2,"Purely linear","RuleFit",TRUE,"MSE",1.31023399151343,24.56,NA,138,138,0,2,94,42,0,0,0.0144927536231884,0.681159420289855,0.695652173913043,2.28985507246377
10,"continuous",2,"Purely linear","BRP-GABLE full",TRUE,"MSE",1.16104179739692,35.77,NA,17,11,6,8,9,0,0,0,0.470588235294118,0.529411764705882,1,1.52941176470588
10,"continuous",2,"Purely linear","BRP-GABLE rule-only",TRUE,"MSE",1.91186326148407,35.59,NA,66,66,0,55,11,0,0,0,0.833333333333333,0.166666666666667,1,1.16666666666667
10,"continuous",2,"Purely linear","GABLE",TRUE,"MSE",3.97236543729271,0.879999999999995,NA,5,5,0,5,0,0,0,0,1,0,1,1
10,"continuous",2,"Purely linear","GBM",TRUE,"MSE",1.74806215483015,0.03,NA,NA,NA,NA,NA,NA,NA,NA,NA,NA,NA,NA,NA
10,"continuous",2,"Purely linear","Linear",TRUE,"MSE",1.0135633636217,0.0300000000000011,NA,20,0,20,20,0,0,0,0,1,0,1,1
10,"continuous",2,"Purely linear","Random forest",TRUE,"MSE",2.55403447484483,0.939999999999998,NA,NA,NA,NA,NA,NA,NA,NA,NA,NA,NA,NA,NA
10,"continuous",2,"Purely linear","RuleFit",TRUE,"MSE",1.46237998620994,23.83,NA,102,102,0,0,55,47,0,0,0,0.53921568627451,0.53921568627451,2.46078431372549
11,"continuous",2,"Purely linear","BRP-GABLE full",TRUE,"MSE",1.03791467974534,35.1,NA,30,23,7,22,8,0,0,0,0.733333333333333,0.266666666666667,1,1.26666666666667
11,"continuous",2,"Purely linear","BRP-GABLE rule-only",TRUE,"MSE",1.88811595948263,35.97,NA,49,49,0,37,12,0,0,0,0.755102040816326,0.244897959183673,1,1.24489795918367
11,"continuous",2,"Purely linear","GABLE",TRUE,"MSE",3.76600187778023,0.849999999999994,NA,5,5,0,5,0,0,0,0,1,0,1,1
11,"continuous",2,"Purely linear","GBM",TRUE,"MSE",1.63889265284539,0.03,NA,NA,NA,NA,NA,NA,NA,NA,NA,NA,NA,NA,NA
11,"continuous",2,"Purely linear","Linear",TRUE,"MSE",0.935777601178037,0,NA,20,0,20,20,0,0,0,0,1,0,1,1
11,"continuous",2,"Purely linear","Random forest",TRUE,"MSE",2.22973207655768,0.919999999999987,NA,NA,NA,NA,NA,NA,NA,NA,NA,NA,NA,NA,NA
11,"continuous",2,"Purely linear","RuleFit",TRUE,"MSE",1.28006810277111,23.53,NA,133,133,0,1,70,62,0,0,0.0075187969924812,0.526315789473684,0.533834586466165,2.45864661654135
12,"continuous",2,"Purely linear","BRP-GABLE full",TRUE,"MSE",1.20884612586778,32.33,NA,17,11,6,12,5,0,0,0,0.705882352941177,0.294117647058824,1,1.29411764705882
12,"continuous",2,"Purely linear","BRP-GABLE rule-only",TRUE,"MSE",1.77740691601045,36.66,NA,65,65,0,60,5,0,0,0,0.923076923076923,0.0769230769230769,1,1.07692307692308
12,"continuous",2,"Purely linear","GABLE",TRUE,"MSE",3.69922376019076,0.800000000000011,NA,5,5,0,5,0,0,0,0,1,0,1,1
12,"continuous",2,"Purely linear","GBM",TRUE,"MSE",1.66904707823286,0.03,NA,NA,NA,NA,NA,NA,NA,NA,NA,NA,NA,NA,NA
12,"continuous",2,"Purely linear","Linear",TRUE,"MSE",1.03286501572834,0.0200000000000102,NA,20,0,20,20,0,0,0,0,1,0,1,1
12,"continuous",2,"Purely linear","Random forest",TRUE,"MSE",2.26493227195801,1.03999999999999,NA,NA,NA,NA,NA,NA,NA,NA,NA,NA,NA,NA,NA
12,"continuous",2,"Purely linear","RuleFit",TRUE,"MSE",1.37860691137841,23.44,NA,101,101,0,1,49,51,0,0,0.0099009900990099,0.485148514851485,0.495049504950495,2.4950495049505
13,"continuous",2,"Purely linear","BRP-GABLE full",TRUE,"MSE",1.30134199946088,35.1,NA,18,12,6,16,2,0,0,0,0.888888888888889,0.111111111111111,1,1.11111111111111
13,"continuous",2,"Purely linear","BRP-GABLE rule-only",TRUE,"MSE",2.37408554770053,36.14,NA,70,70,0,64,6,0,0,0,0.914285714285714,0.0857142857142857,1,1.08571428571429
13,"continuous",2,"Purely linear","GABLE",TRUE,"MSE",4.00264266163463,0.780000000000001,NA,5,5,0,5,0,0,0,0,1,0,1,1
13,"continuous",2,"Purely linear","GBM",TRUE,"MSE",1.94663786411548,0.03,NA,NA,NA,NA,NA,NA,NA,NA,NA,NA,NA,NA,NA
13,"continuous",2,"Purely linear","Linear",TRUE,"MSE",1.06785010362003,0,NA,20,0,20,20,0,0,0,0,1,0,1,1
13,"continuous",2,"Purely linear","Random forest",TRUE,"MSE",2.68440170068419,0.909999999999997,NA,NA,NA,NA,NA,NA,NA,NA,NA,NA,NA,NA,NA
13,"continuous",2,"Purely linear","RuleFit",TRUE,"MSE",1.4841816552479,23.52,NA,135,135,0,3,74,58,0,0,0.0222222222222222,0.548148148148148,0.57037037037037,2.40740740740741
14,"continuous",2,"Purely linear","BRP-GABLE full",TRUE,"MSE",1.40970036545086,35.72,NA,25,19,6,15,10,0,0,0,0.6,0.4,1,1.4
14,"continuous",2,"Purely linear","BRP-GABLE rule-only",TRUE,"MSE",2.19269172368091,35.7,NA,73,73,0,56,17,0,0,0,0.767123287671233,0.232876712328767,1,1.23287671232877
14,"continuous",2,"Purely linear","GABLE",TRUE,"MSE",4.24765549628548,0.840000000000003,NA,5,5,0,5,0,0,0,0,1,0,1,1
14,"continuous",2,"Purely linear","GBM",TRUE,"MSE",1.98025149976235,0.02,NA,NA,NA,NA,NA,NA,NA,NA,NA,NA,NA,NA,NA
14,"continuous",2,"Purely linear","Linear",TRUE,"MSE",1.1947568195932,0,NA,20,0,20,20,0,0,0,0,1,0,1,1
14,"continuous",2,"Purely linear","Random forest",TRUE,"MSE",2.99074087072923,0.950000000000017,NA,NA,NA,NA,NA,NA,NA,NA,NA,NA,NA,NA,NA
14,"continuous",2,"Purely linear","RuleFit",TRUE,"MSE",1.4648190834798,23.35,NA,131,131,0,3,73,55,0,0,0.0229007633587786,0.557251908396947,0.580152671755725,2.3969465648855
15,"continuous",2,"Purely linear","BRP-GABLE full",TRUE,"MSE",1.14885002602487,35.84,NA,23,16,7,18,5,0,0,0,0.782608695652174,0.217391304347826,1,1.21739130434783
15,"continuous",2,"Purely linear","BRP-GABLE rule-only",TRUE,"MSE",1.88408693279198,36.6,NA,73,73,0,66,7,0,0,0,0.904109589041096,0.0958904109589041,1,1.0958904109589
15,"continuous",2,"Purely linear","GABLE",TRUE,"MSE",3.79210088013135,0.840000000000003,NA,5,5,0,5,0,0,0,0,1,0,1,1
15,"continuous",2,"Purely linear","GBM",TRUE,"MSE",1.78196236474046,0.01,NA,NA,NA,NA,NA,NA,NA,NA,NA,NA,NA,NA,NA
15,"continuous",2,"Purely linear","Linear",TRUE,"MSE",0.993129320729517,0,NA,20,0,20,20,0,0,0,0,1,0,1,1
15,"continuous",2,"Purely linear","Random forest",TRUE,"MSE",2.49661374727995,0.950000000000017,NA,NA,NA,NA,NA,NA,NA,NA,NA,NA,NA,NA,NA
15,"continuous",2,"Purely linear","RuleFit",TRUE,"MSE",1.58083522456448,24.01,NA,106,106,0,0,63,43,0,0,0,0.594339622641509,0.594339622641509,2.40566037735849
16,"continuous",2,"Purely linear","BRP-GABLE full",TRUE,"MSE",1.14289351838368,35.35,NA,26,20,6,19,7,0,0,0,0.730769230769231,0.269230769230769,1,1.26923076923077
16,"continuous",2,"Purely linear","BRP-GABLE rule-only",TRUE,"MSE",1.77245976250781,36.55,NA,75,75,0,63,12,0,0,0,0.84,0.16,1,1.16
16,"continuous",2,"Purely linear","GABLE",TRUE,"MSE",4.01373930378413,0.759999999999991,NA,5,5,0,5,0,0,0,0,1,0,1,1
16,"continuous",2,"Purely linear","GBM",TRUE,"MSE",1.67214828420897,0.03,NA,NA,NA,NA,NA,NA,NA,NA,NA,NA,NA,NA,NA
16,"continuous",2,"Purely linear","Linear",TRUE,"MSE",0.977944943875217,0.0199999999999818,NA,20,0,20,20,0,0,0,0,1,0,1,1
16,"continuous",2,"Purely linear","Random forest",TRUE,"MSE",2.39081661115082,0.939999999999998,NA,NA,NA,NA,NA,NA,NA,NA,NA,NA,NA,NA,NA
16,"continuous",2,"Purely linear","RuleFit",TRUE,"MSE",1.31033384522,23.06,NA,137,137,0,0,80,57,0,0,0,0.583941605839416,0.583941605839416,2.41605839416058
17,"continuous",2,"Purely linear","BRP-GABLE full",TRUE,"MSE",1.03789748773828,34.18,NA,19,13,6,15,4,0,0,0,0.789473684210526,0.210526315789474,1,1.21052631578947
17,"continuous",2,"Purely linear","BRP-GABLE rule-only",TRUE,"MSE",1.60915283243267,34.83,NA,72,72,0,60,12,0,0,0,0.833333333333333,0.166666666666667,1,1.16666666666667
17,"continuous",2,"Purely linear","GABLE",TRUE,"MSE",3.88688792642304,0.819999999999993,NA,5,5,0,5,0,0,0,0,1,0,1,1
17,"continuous",2,"Purely linear","GBM",TRUE,"MSE",1.6360614878243,0.04,NA,NA,NA,NA,NA,NA,NA,NA,NA,NA,NA,NA,NA
17,"continuous",2,"Purely linear","Linear",TRUE,"MSE",0.986987448558099,0,NA,20,0,20,20,0,0,0,0,1,0,1,1
17,"continuous",2,"Purely linear","Random forest",TRUE,"MSE",2.44666810311725,0.950000000000017,NA,NA,NA,NA,NA,NA,NA,NA,NA,NA,NA,NA,NA
17,"continuous",2,"Purely linear","RuleFit",TRUE,"MSE",1.198771787733,23.53,NA,141,141,0,2,88,51,0,0,0.0141843971631206,0.624113475177305,0.638297872340426,2.34751773049645
18,"continuous",2,"Purely linear","BRP-GABLE full",TRUE,"MSE",1.35054581330324,35.75,NA,16,10,6,10,6,0,0,0,0.625,0.375,1,1.375
18,"continuous",2,"Purely linear","BRP-GABLE rule-only",TRUE,"MSE",2.29874180238705,36.15,NA,60,60,0,46,14,0,0,0,0.766666666666667,0.233333333333333,1,1.23333333333333
18,"continuous",2,"Purely linear","GABLE",TRUE,"MSE",4.42079835393263,0.75,NA,5,5,0,4,1,0,0,0,0.8,0.2,1,1.2
18,"continuous",2,"Purely linear","GBM",TRUE,"MSE",1.92352537883623,0.03,NA,NA,NA,NA,NA,NA,NA,NA,NA,NA,NA,NA,NA
18,"continuous",2,"Purely linear","Linear",TRUE,"MSE",1.08758423993481,0,NA,20,0,20,20,0,0,0,0,1,0,1,1
18,"continuous",2,"Purely linear","Random forest",TRUE,"MSE",2.69814628355434,0.910000000000025,NA,NA,NA,NA,NA,NA,NA,NA,NA,NA,NA,NA,NA
18,"continuous",2,"Purely linear","RuleFit",TRUE,"MSE",1.54661672089205,23.45,NA,92,92,0,0,49,43,0,0,0,0.532608695652174,0.532608695652174,2.46739130434783
19,"continuous",2,"Purely linear","BRP-GABLE full",TRUE,"MSE",1.11671148803153,36.89,NA,20,14,6,14,6,0,0,0,0.7,0.3,1,1.3
19,"continuous",2,"Purely linear","BRP-GABLE rule-only",TRUE,"MSE",1.62896081275252,37.14,NA,77,77,0,67,10,0,0,0,0.87012987012987,0.12987012987013,1,1.12987012987013
19,"continuous",2,"Purely linear","GABLE",TRUE,"MSE",3.85896051994195,0.75,NA,5,5,0,5,0,0,0,0,1,0,1,1
19,"continuous",2,"Purely linear","GBM",TRUE,"MSE",1.704851801575,0.03,NA,NA,NA,NA,NA,NA,NA,NA,NA,NA,NA,NA,NA
19,"continuous",2,"Purely linear","Linear",TRUE,"MSE",0.976351001322853,0.0200000000000102,NA,20,0,20,20,0,0,0,0,1,0,1,1
19,"continuous",2,"Purely linear","Random forest",TRUE,"MSE",2.50824240634014,0.949999999999989,NA,NA,NA,NA,NA,NA,NA,NA,NA,NA,NA,NA,NA
19,"continuous",2,"Purely linear","RuleFit",TRUE,"MSE",1.40698810331629,23.75,NA,103,103,0,1,52,50,0,0,0.00970873786407767,0.504854368932039,0.514563106796116,2.47572815533981
20,"continuous",2,"Purely linear","BRP-GABLE full",TRUE,"MSE",1.48200872323752,34.66,NA,22,16,6,11,11,0,0,0,0.5,0.5,1,1.5
20,"continuous",2,"Purely linear","BRP-GABLE rule-only",TRUE,"MSE",2.26368947807033,35.23,NA,74,74,0,54,20,0,0,0,0.72972972972973,0.27027027027027,1,1.27027027027027
20,"continuous",2,"Purely linear","GABLE",TRUE,"MSE",4.07721669885106,0.79000000000002,NA,5,5,0,5,0,0,0,0,1,0,1,1
20,"continuous",2,"Purely linear","GBM",TRUE,"MSE",2.07033025898465,0.04,NA,NA,NA,NA,NA,NA,NA,NA,NA,NA,NA,NA,NA
20,"continuous",2,"Purely linear","Linear",TRUE,"MSE",1.03136922724396,0,NA,20,0,20,20,0,0,0,0,1,0,1,1
20,"continuous",2,"Purely linear","Random forest",TRUE,"MSE",2.66911640682362,0.939999999999998,NA,NA,NA,NA,NA,NA,NA,NA,NA,NA,NA,NA,NA
20,"continuous",2,"Purely linear","RuleFit",TRUE,"MSE",1.72919351198905,23.84,NA,94,94,0,0,52,42,0,0,0,0.553191489361702,0.553191489361702,2.4468085106383
21,"continuous",2,"Purely linear","BRP-GABLE full",TRUE,"MSE",1.09018080481243,35.07,NA,26,20,6,21,5,0,0,0,0.807692307692308,0.192307692307692,1,1.19230769230769
21,"continuous",2,"Purely linear","BRP-GABLE rule-only",TRUE,"MSE",1.87481722836174,35.47,NA,63,63,0,52,11,0,0,0,0.825396825396825,0.174603174603175,1,1.17460317460317
21,"continuous",2,"Purely linear","GABLE",TRUE,"MSE",3.73003113037285,0.829999999999984,NA,5,5,0,5,0,0,0,0,1,0,1,1
21,"continuous",2,"Purely linear","GBM",TRUE,"MSE",1.64265780164044,0.02,NA,NA,NA,NA,NA,NA,NA,NA,NA,NA,NA,NA,NA
21,"continuous",2,"Purely linear","Linear",TRUE,"MSE",0.90465196460268,0,NA,20,0,20,20,0,0,0,0,1,0,1,1
21,"continuous",2,"Purely linear","Random forest",TRUE,"MSE",2.49788947774619,1.04000000000002,NA,NA,NA,NA,NA,NA,NA,NA,NA,NA,NA,NA,NA
21,"continuous",2,"Purely linear","RuleFit",TRUE,"MSE",1.50538787916908,23.55,NA,94,94,0,0,39,55,0,0,0,0.414893617021277,0.414893617021277,2.58510638297872
22,"continuous",2,"Purely linear","BRP-GABLE full",TRUE,"MSE",1.2397690607986,34.04,NA,22,16,6,9,13,0,0,0,0.409090909090909,0.590909090909091,1,1.59090909090909
22,"continuous",2,"Purely linear","BRP-GABLE rule-only",TRUE,"MSE",1.90411904571721,34.01,NA,75,75,0,51,24,0,0,0,0.68,0.32,1,1.32
22,"continuous",2,"Purely linear","GABLE",TRUE,"MSE",4.0741856045165,0.810000000000031,NA,5,5,0,5,0,0,0,0,1,0,1,1
22,"continuous",2,"Purely linear","GBM",TRUE,"MSE",1.88656057266809,0.03,NA,NA,NA,NA,NA,NA,NA,NA,NA,NA,NA,NA,NA
22,"continuous",2,"Purely linear","Linear",TRUE,"MSE",1.0054760587866,0,NA,20,0,20,20,0,0,0,0,1,0,1,1
22,"continuous",2,"Purely linear","Random forest",TRUE,"MSE",2.69877524604711,0.919999999999987,NA,NA,NA,NA,NA,NA,NA,NA,NA,NA,NA,NA,NA
22,"continuous",2,"Purely linear","RuleFit",TRUE,"MSE",1.4760619099335,22.61,NA,109,109,0,1,54,54,0,0,0.00917431192660551,0.495412844036697,0.504587155963303,2.48623853211009
23,"continuous",2,"Purely linear","BRP-GABLE full",TRUE,"MSE",1.2933493867963,35.21,NA,30,23,7,19,11,0,0,0,0.633333333333333,0.366666666666667,1,1.36666666666667
23,"continuous",2,"Purely linear","BRP-GABLE rule-only",TRUE,"MSE",2.08294032298121,35.39,NA,55,55,0,39,16,0,0,0,0.709090909090909,0.290909090909091,1,1.29090909090909
23,"continuous",2,"Purely linear","GABLE",TRUE,"MSE",3.84009748158143,0.799999999999955,NA,5,5,0,5,0,0,0,0,1,0,1,1
23,"continuous",2,"Purely linear","GBM",TRUE,"MSE",1.80765525634156,0.04,NA,NA,NA,NA,NA,NA,NA,NA,NA,NA,NA,NA,NA
23,"continuous",2,"Purely linear","Linear",TRUE,"MSE",1.03821655638832,0.0199999999999818,NA,20,0,20,20,0,0,0,0,1,0,1,1
23,"continuous",2,"Purely linear","Random forest",TRUE,"MSE",2.54176146831484,0.920000000000016,NA,NA,NA,NA,NA,NA,NA,NA,NA,NA,NA,NA,NA
23,"continuous",2,"Purely linear","RuleFit",TRUE,"MSE",1.50602913735115,23.47,NA,96,96,0,0,44,52,0,0,0,0.458333333333333,0.458333333333333,2.54166666666667
24,"continuous",2,"Purely linear","BRP-GABLE full",TRUE,"MSE",1.16100117137626,34.78,NA,19,13,6,14,5,0,0,0,0.736842105263158,0.263157894736842,1,1.26315789473684
24,"continuous",2,"Purely linear","BRP-GABLE rule-only",TRUE,"MSE",1.97867676018542,35.22,NA,62,62,0,56,6,0,0,0,0.903225806451613,0.0967741935483871,1,1.09677419354839
24,"continuous",2,"Purely linear","GABLE",TRUE,"MSE",4.08985425203687,0.78000000000003,NA,5,5,0,5,0,0,0,0,1,0,1,1
24,"continuous",2,"Purely linear","GBM",TRUE,"MSE",1.80700321615308,0.03,NA,NA,NA,NA,NA,NA,NA,NA,NA,NA,NA,NA,NA
24,"continuous",2,"Purely linear","Linear",TRUE,"MSE",0.99461381866387,0,NA,20,0,20,20,0,0,0,0,1,0,1,1
24,"continuous",2,"Purely linear","Random forest",TRUE,"MSE",2.41658188694881,0.920000000000016,NA,NA,NA,NA,NA,NA,NA,NA,NA,NA,NA,NA,NA
24,"continuous",2,"Purely linear","RuleFit",TRUE,"MSE",1.50088468838765,23.31,NA,104,104,0,3,63,38,0,0,0.0288461538461538,0.605769230769231,0.634615384615385,2.33653846153846
25,"continuous",2,"Purely linear","BRP-GABLE full",TRUE,"MSE",1.15443008859116,34.88,NA,17,11,6,8,9,0,0,0,0.470588235294118,0.529411764705882,1,1.52941176470588
25,"continuous",2,"Purely linear","BRP-GABLE rule-only",TRUE,"MSE",1.91371988525457,35.69,NA,68,68,0,57,11,0,0,0,0.838235294117647,0.161764705882353,1,1.16176470588235
25,"continuous",2,"Purely linear","GABLE",TRUE,"MSE",4.19192022396644,0.730000000000018,NA,5,5,0,5,0,0,0,0,1,0,1,1
25,"continuous",2,"Purely linear","GBM",TRUE,"MSE",1.63945690701429,0.03,NA,NA,NA,NA,NA,NA,NA,NA,NA,NA,NA,NA,NA
25,"continuous",2,"Purely linear","Linear",TRUE,"MSE",0.997504392891963,0,NA,20,0,20,20,0,0,0,0,1,0,1,1
25,"continuous",2,"Purely linear","Random forest",TRUE,"MSE",2.40880653295966,0.920000000000016,NA,NA,NA,NA,NA,NA,NA,NA,NA,NA,NA,NA,NA
25,"continuous",2,"Purely linear","RuleFit",TRUE,"MSE",1.23403411415677,24.17,NA,136,136,0,3,76,57,0,0,0.0220588235294118,0.558823529411765,0.580882352941177,2.39705882352941
26,"continuous",2,"Purely linear","BRP-GABLE full",TRUE,"MSE",1.16118411361519,33.34,NA,24,16,8,15,9,0,0,0,0.625,0.375,1,1.375
26,"continuous",2,"Purely linear","BRP-GABLE rule-only",TRUE,"MSE",1.95468139757679,33.42,NA,65,65,0,53,12,0,0,0,0.815384615384615,0.184615384615385,1,1.18461538461538
26,"continuous",2,"Purely linear","GABLE",TRUE,"MSE",4.11808128166773,0.759999999999991,NA,5,5,0,5,0,0,0,0,1,0,1,1
26,"continuous",2,"Purely linear","GBM",TRUE,"MSE",1.79308940389028,0.02,NA,NA,NA,NA,NA,NA,NA,NA,NA,NA,NA,NA,NA
26,"continuous",2,"Purely linear","Linear",TRUE,"MSE",1.07242037642001,0,NA,20,0,20,20,0,0,0,0,1,0,1,1
26,"continuous",2,"Purely linear","Random forest",TRUE,"MSE",2.48183795597227,0.909999999999968,NA,NA,NA,NA,NA,NA,NA,NA,NA,NA,NA,NA,NA
26,"continuous",2,"Purely linear","RuleFit",TRUE,"MSE",1.39408494947653,23.86,NA,131,131,0,2,65,64,0,0,0.0152671755725191,0.49618320610687,0.511450381679389,2.47328244274809
27,"continuous",2,"Purely linear","BRP-GABLE full",TRUE,"MSE",1.10333265558663,33.72,NA,23,16,7,8,15,0,0,0,0.347826086956522,0.652173913043478,1,1.65217391304348
27,"continuous",2,"Purely linear","BRP-GABLE rule-only",TRUE,"MSE",2.13175388146223,33.52,NA,55,55,0,31,24,0,0,0,0.563636363636364,0.436363636363636,1,1.43636363636364
27,"continuous",2,"Purely linear","GABLE",TRUE,"MSE",4.16946724514357,0.840000000000032,NA,5,5,0,5,0,0,0,0,1,0,1,1
27,"continuous",2,"Purely linear","GBM",TRUE,"MSE",1.74723544075836,0.03,NA,NA,NA,NA,NA,NA,NA,NA,NA,NA,NA,NA,NA
27,"continuous",2,"Purely linear","Linear",TRUE,"MSE",0.966368552621937,0,NA,20,0,20,20,0,0,0,0,1,0,1,1
27,"continuous",2,"Purely linear","Random forest",TRUE,"MSE",2.60414729204654,0.939999999999998,NA,NA,NA,NA,NA,NA,NA,NA,NA,NA,NA,NA,NA
27,"continuous",2,"Purely linear","RuleFit",TRUE,"MSE",1.54529252349387,23.52,NA,106,106,0,0,46,60,0,0,0,0.433962264150943,0.433962264150943,2.56603773584906
28,"continuous",2,"Purely linear","BRP-GABLE full",TRUE,"MSE",1.14383002099155,35.38,NA,24,17,7,21,3,0,0,0,0.875,0.125,1,1.125
28,"continuous",2,"Purely linear","BRP-GABLE rule-only",TRUE,"MSE",1.98343804230415,35.77,NA,66,66,0,61,5,0,0,0,0.924242424242424,0.0757575757575758,1,1.07575757575758
28,"continuous",2,"Purely linear","GABLE",TRUE,"MSE",3.89256784178631,0.770000000000039,NA,5,5,0,5,0,0,0,0,1,0,1,1
28,"continuous",2,"Purely linear","GBM",TRUE,"MSE",1.841262132543,0.01,NA,NA,NA,NA,NA,NA,NA,NA,NA,NA,NA,NA,NA
28,"continuous",2,"Purely linear","Linear",TRUE,"MSE",1.04573436342028,0,NA,20,0,20,20,0,0,0,0,1,0,1,1
28,"continuous",2,"Purely linear","Random forest",TRUE,"MSE",2.54245430817245,0.949999999999989,NA,NA,NA,NA,NA,NA,NA,NA,NA,NA,NA,NA,NA
28,"continuous",2,"Purely linear","RuleFit",TRUE,"MSE",1.42648414453549,24.32,NA,128,128,0,2,75,51,0,0,0.015625,0.5859375,0.6015625,2.3828125
29,"continuous",2,"Purely linear","BRP-GABLE full",TRUE,"MSE",1.3635308260146,34.78,NA,17,11,6,11,6,0,0,0,0.647058823529412,0.352941176470588,1,1.35294117647059
29,"continuous",2,"Purely linear","BRP-GABLE rule-only",TRUE,"MSE",2.0076254855103,35.46,NA,71,71,0,63,8,0,0,0,0.887323943661972,0.112676056338028,1,1.11267605633803
29,"continuous",2,"Purely linear","GABLE",TRUE,"MSE",4.00208379058815,0.779999999999973,NA,5,5,0,5,0,0,0,0,1,0,1,1
29,"continuous",2,"Purely linear","GBM",TRUE,"MSE",1.91285861077169,0.03,NA,NA,NA,NA,NA,NA,NA,NA,NA,NA,NA,NA,NA
29,"continuous",2,"Purely linear","Linear",TRUE,"MSE",1.09358846353831,0,NA,20,0,20,20,0,0,0,0,1,0,1,1
29,"continuous",2,"Purely linear","Random forest",TRUE,"MSE",2.8295498878025,0.939999999999998,NA,NA,NA,NA,NA,NA,NA,NA,NA,NA,NA,NA,NA
29,"continuous",2,"Purely linear","RuleFit",TRUE,"MSE",1.54453845028882,23.83,NA,132,132,0,1,75,56,0,0,0.00757575757575758,0.568181818181818,0.575757575757576,2.41666666666667
30,"continuous",2,"Purely linear","BRP-GABLE full",TRUE,"MSE",1.11886581591422,35.69,NA,21,15,6,17,4,0,0,0,0.80952380952381,0.19047619047619,1,1.19047619047619
30,"continuous",2,"Purely linear","BRP-GABLE rule-only",TRUE,"MSE",2.23161512565871,36.02,NA,68,68,0,63,5,0,0,0,0.926470588235294,0.0735294117647059,1,1.07352941176471
30,"continuous",2,"Purely linear","GABLE",TRUE,"MSE",4.38478214525476,0.829999999999984,NA,5,5,0,5,0,0,0,0,1,0,1,1
30,"continuous",2,"Purely linear","GBM",TRUE,"MSE",1.74102857995798,0.02,NA,NA,NA,NA,NA,NA,NA,NA,NA,NA,NA,NA,NA
30,"continuous",2,"Purely linear","Linear",TRUE,"MSE",1.01738065080123,0,NA,20,0,20,20,0,0,0,0,1,0,1,1
30,"continuous",2,"Purely linear","Random forest",TRUE,"MSE",2.43185077834939,0.910000000000025,NA,NA,NA,NA,NA,NA,NA,NA,NA,NA,NA,NA,NA
30,"continuous",2,"Purely linear","RuleFit",TRUE,"MSE",1.44704573323793,24.37,NA,113,113,0,0,66,47,0,0,0,0.584070796460177,0.584070796460177,2.41592920353982
31,"continuous",2,"Purely linear","BRP-GABLE full",TRUE,"MSE",1.17807089071293,35.78,NA,24,18,6,19,5,0,0,0,0.791666666666667,0.208333333333333,1,1.20833333333333
31,"continuous",2,"Purely linear","BRP-GABLE rule-only",TRUE,"MSE",2.08446900271441,36.41,NA,65,65,0,53,12,0,0,0,0.815384615384615,0.184615384615385,1,1.18461538461538
31,"continuous",2,"Purely linear","GABLE",TRUE,"MSE",4.14013392036655,0.900000000000034,NA,5,5,0,5,0,0,0,0,1,0,1,1
31,"continuous",2,"Purely linear","GBM",TRUE,"MSE",1.83404005268399,0.03,NA,NA,NA,NA,NA,NA,NA,NA,NA,NA,NA,NA,NA
31,"continuous",2,"Purely linear","Linear",TRUE,"MSE",0.999383698510112,0.0200000000000387,NA,20,0,20,20,0,0,0,0,1,0,1,1
31,"continuous",2,"Purely linear","Random forest",TRUE,"MSE",2.5890984686699,0.95999999999998,NA,NA,NA,NA,NA,NA,NA,NA,NA,NA,NA,NA,NA
31,"continuous",2,"Purely linear","RuleFit",TRUE,"MSE",1.53457659476412,23.95,NA,104,104,0,2,66,36,0,0,0.0192307692307692,0.634615384615385,0.653846153846154,2.32692307692308
32,"continuous",2,"Purely linear","BRP-GABLE full",TRUE,"MSE",1.31116427954093,35.55,NA,19,13,6,8,11,0,0,0,0.421052631578947,0.578947368421053,1,1.57894736842105
32,"continuous",2,"Purely linear","BRP-GABLE rule-only",TRUE,"MSE",2.23311890432242,36.29,NA,64,64,0,49,15,0,0,0,0.765625,0.234375,1,1.234375
32,"continuous",2,"Purely linear","GABLE",TRUE,"MSE",4.52618024321075,0.810000000000002,NA,5,5,0,4,1,0,0,0,0.8,0.2,1,1.2
32,"continuous",2,"Purely linear","GBM",TRUE,"MSE",1.9181495250623,0.01,NA,NA,NA,NA,NA,NA,NA,NA,NA,NA,NA,NA,NA
32,"continuous",2,"Purely linear","Linear",TRUE,"MSE",1.02790678664441,0,NA,20,0,20,20,0,0,0,0,1,0,1,1
32,"continuous",2,"Purely linear","Random forest",TRUE,"MSE",2.61383738911916,0.939999999999998,NA,NA,NA,NA,NA,NA,NA,NA,NA,NA,NA,NA,NA
32,"continuous",2,"Purely linear","RuleFit",TRUE,"MSE",1.59906982947478,23.58,NA,87,87,0,0,42,45,0,0,0,0.482758620689655,0.482758620689655,2.51724137931034
33,"continuous",2,"Purely linear","BRP-GABLE full",TRUE,"MSE",1.1973907677782,35.27,NA,23,17,6,15,8,0,0,0,0.652173913043478,0.347826086956522,1,1.34782608695652
33,"continuous",2,"Purely linear","BRP-GABLE rule-only",TRUE,"MSE",2.01695934936597,35.78,NA,62,62,0,46,16,0,0,0,0.741935483870968,0.258064516129032,1,1.25806451612903
33,"continuous",2,"Purely linear","GABLE",TRUE,"MSE",4.06617399829161,0.819999999999993,NA,5,5,0,5,0,0,0,0,1,0,1,1
33,"continuous",2,"Purely linear","GBM",TRUE,"MSE",1.85068001308773,0.03,NA,NA,NA,NA,NA,NA,NA,NA,NA,NA,NA,NA,NA
33,"continuous",2,"Purely linear","Linear",TRUE,"MSE",1.09016950228666,0,NA,20,0,20,20,0,0,0,0,1,0,1,1
33,"continuous",2,"Purely linear","Random forest",TRUE,"MSE",2.55542255023321,0.920000000000016,NA,NA,NA,NA,NA,NA,NA,NA,NA,NA,NA,NA,NA
33,"continuous",2,"Purely linear","RuleFit",TRUE,"MSE",1.55715415169309,24.31,NA,88,88,0,0,51,37,0,0,0,0.579545454545455,0.579545454545455,2.42045454545455
34,"continuous",2,"Purely linear","BRP-GABLE full",TRUE,"MSE",1.3393195715645,34.6,NA,17,11,6,11,6,0,0,0,0.647058823529412,0.352941176470588,1,1.35294117647059
34,"continuous",2,"Purely linear","BRP-GABLE rule-only",TRUE,"MSE",2.4814263038582,35.73,NA,62,62,0,53,9,0,0,0,0.854838709677419,0.145161290322581,1,1.14516129032258
34,"continuous",2,"Purely linear","GABLE",TRUE,"MSE",4.54483767089913,0.79000000000002,NA,5,5,0,5,0,0,0,0,1,0,1,1
34,"continuous",2,"Purely linear","GBM",TRUE,"MSE",1.92201863986186,0.0299999999999998,NA,NA,NA,NA,NA,NA,NA,NA,NA,NA,NA,NA,NA
34,"continuous",2,"Purely linear","Linear",TRUE,"MSE",1.11722869097353,0,NA,20,0,20,20,0,0,0,0,1,0,1,1
34,"continuous",2,"Purely linear","Random forest",TRUE,"MSE",2.79181497122889,0.930000000000007,NA,NA,NA,NA,NA,NA,NA,NA,NA,NA,NA,NA,NA
34,"continuous",2,"Purely linear","RuleFit",TRUE,"MSE",1.7064578797718,23.98,NA,83,83,0,1,36,46,0,0,0.0120481927710843,0.433734939759036,0.44578313253012,2.5421686746988
35,"continuous",2,"Purely linear","BRP-GABLE full",TRUE,"MSE",1.30146007831147,36.13,NA,22,15,7,19,3,0,0,0,0.863636363636364,0.136363636363636,1,1.13636363636364
35,"continuous",2,"Purely linear","BRP-GABLE rule-only",TRUE,"MSE",2.30745511907796,37.02,NA,67,67,0,63,4,0,0,0,0.940298507462687,0.0597014925373134,1,1.05970149253731
35,"continuous",2,"Purely linear","GABLE",TRUE,"MSE",4.32286873639455,0.799999999999955,NA,5,5,0,5,0,0,0,0,1,0,1,1
35,"continuous",2,"Purely linear","GBM",TRUE,"MSE",1.97948300172128,0.03,NA,NA,NA,NA,NA,NA,NA,NA,NA,NA,NA,NA,NA
35,"continuous",2,"Purely linear","Linear",TRUE,"MSE",1.06501415380382,0.0100000000000477,NA,20,0,20,20,0,0,0,0,1,0,1,1
35,"continuous",2,"Purely linear","Random forest",TRUE,"MSE",2.73906764847695,1.08000000000004,NA,NA,NA,NA,NA,NA,NA,NA,NA,NA,NA,NA,NA
35,"continuous",2,"Purely linear","RuleFit",TRUE,"MSE",1.66646231052161,25.05,NA,106,106,0,1,56,49,0,0,0.00943396226415094,0.528301886792453,0.537735849056604,2.45283018867925
36,"continuous",2,"Purely linear","BRP-GABLE full",TRUE,"MSE",1.2666723593782,34.4,NA,18,12,6,9,9,0,0,0,0.5,0.5,1,1.5
36,"continuous",2,"Purely linear","BRP-GABLE rule-only",TRUE,"MSE",2.13381820226626,34.5000000000001,NA,75,75,0,56,19,0,0,0,0.746666666666667,0.253333333333333,1,1.25333333333333
36,"continuous",2,"Purely linear","GABLE",TRUE,"MSE",4.12211148408805,0.75,NA,5,5,0,5,0,0,0,0,1,0,1,1
36,"continuous",2,"Purely linear","GBM",TRUE,"MSE",1.7477426162688,0.01,NA,NA,NA,NA,NA,NA,NA,NA,NA,NA,NA,NA,NA
36,"continuous",2,"Purely linear","Linear",TRUE,"MSE",1.08167136798834,0,NA,20,0,20,20,0,0,0,0,1,0,1,1
36,"continuous",2,"Purely linear","Random forest",TRUE,"MSE",2.61101267661517,0.889999999999986,NA,NA,NA,NA,NA,NA,NA,NA,NA,NA,NA,NA,NA
36,"continuous",2,"Purely linear","RuleFit",TRUE,"MSE",1.45530209926507,23.22,NA,85,85,0,0,39,46,0,0,0,0.458823529411765,0.458823529411765,2.54117647058824
37,"continuous",2,"Purely linear","BRP-GABLE full",TRUE,"MSE",1.19876276214434,34.04,NA,20,14,6,10,10,0,0,0,0.5,0.5,1,1.5
37,"continuous",2,"Purely linear","BRP-GABLE rule-only",TRUE,"MSE",1.99837486729567,34.94,NA,62,62,0,49,13,0,0,0,0.790322580645161,0.209677419354839,1,1.20967741935484
37,"continuous",2,"Purely linear","GABLE",TRUE,"MSE",3.92315684151215,0.670000000000016,NA,5,5,0,5,0,0,0,0,1,0,1,1
37,"continuous",2,"Purely linear","GBM",TRUE,"MSE",1.87588393052367,0.02,NA,NA,NA,NA,NA,NA,NA,NA,NA,NA,NA,NA,NA
37,"continuous",2,"Purely linear","Linear",TRUE,"MSE",1.00710535650422,0,NA,20,0,20,20,0,0,0,0,1,0,1,1
37,"continuous",2,"Purely linear","Random forest",TRUE,"MSE",2.56326075908207,0.930000000000007,NA,NA,NA,NA,NA,NA,NA,NA,NA,NA,NA,NA,NA
37,"continuous",2,"Purely linear","RuleFit",TRUE,"MSE",1.44615371593001,24.14,NA,95,95,0,2,49,44,0,0,0.0210526315789474,0.515789473684211,0.536842105263158,2.44210526315789
38,"continuous",2,"Purely linear","BRP-GABLE full",TRUE,"MSE",1.19462560841959,35.15,NA,23,17,6,13,10,0,0,0,0.565217391304348,0.434782608695652,1,1.43478260869565
38,"continuous",2,"Purely linear","BRP-GABLE rule-only",TRUE,"MSE",1.86462218339616,35.66,NA,71,71,0,59,12,0,0,0,0.830985915492958,0.169014084507042,1,1.16901408450704
38,"continuous",2,"Purely linear","GABLE",TRUE,"MSE",4.29997771017684,0.67999999999995,NA,5,5,0,5,0,0,0,0,1,0,1,1
38,"continuous",2,"Purely linear","GBM",TRUE,"MSE",1.77363321146458,0.03,NA,NA,NA,NA,NA,NA,NA,NA,NA,NA,NA,NA,NA
38,"continuous",2,"Purely linear","Linear",TRUE,"MSE",1.07747340557054,0,NA,20,0,20,20,0,0,0,0,1,0,1,1
38,"continuous",2,"Purely linear","Random forest",TRUE,"MSE",2.67071055269156,0.900000000000034,NA,NA,NA,NA,NA,NA,NA,NA,NA,NA,NA,NA,NA
38,"continuous",2,"Purely linear","RuleFit",TRUE,"MSE",1.44605429508665,23.95,NA,111,111,0,1,64,46,0,0,0.00900900900900901,0.576576576576577,0.585585585585586,2.40540540540541
39,"continuous",2,"Purely linear","BRP-GABLE full",TRUE,"MSE",1.12377397126955,36.14,NA,33,27,6,21,12,0,0,0,0.636363636363636,0.363636363636364,1,1.36363636363636
39,"continuous",2,"Purely linear","BRP-GABLE rule-only",TRUE,"MSE",1.66035034650067,35.51,NA,76,76,0,61,15,0,0,0,0.802631578947368,0.197368421052632,1,1.19736842105263
39,"continuous",2,"Purely linear","GABLE",TRUE,"MSE",3.83512621129067,1.00999999999999,NA,5,5,0,5,0,0,0,0,1,0,1,1
39,"continuous",2,"Purely linear","GBM",TRUE,"MSE",1.78779887219647,0.01,NA,NA,NA,NA,NA,NA,NA,NA,NA,NA,NA,NA,NA
39,"continuous",2,"Purely linear","Linear",TRUE,"MSE",1.06282175224783,0.00999999999999091,NA,20,0,20,20,0,0,0,0,1,0,1,1
39,"continuous",2,"Purely linear","Random forest",TRUE,"MSE",2.64006365740773,0.970000000000027,NA,NA,NA,NA,NA,NA,NA,NA,NA,NA,NA,NA,NA
39,"continuous",2,"Purely linear","RuleFit",TRUE,"MSE",1.38168421168666,23.34,NA,111,111,0,2,64,45,0,0,0.018018018018018,0.576576576576577,0.594594594594595,2.38738738738739
40,"continuous",2,"Purely linear","BRP-GABLE full",TRUE,"MSE",1.22909258546194,34.5,NA,20,13,7,14,6,0,0,0,0.7,0.3,1,1.3
40,"continuous",2,"Purely linear","BRP-GABLE rule-only",TRUE,"MSE",1.87594169737342,35.6300000000001,NA,80,80,0,69,11,0,0,0,0.8625,0.1375,1,1.1375
40,"continuous",2,"Purely linear","GABLE",TRUE,"MSE",3.65096913528167,0.800000000000011,NA,5,5,0,5,0,0,0,0,1,0,1,1
40,"continuous",2,"Purely linear","GBM",TRUE,"MSE",1.88118983232133,0.03,NA,NA,NA,NA,NA,NA,NA,NA,NA,NA,NA,NA,NA
40,"continuous",2,"Purely linear","Linear",TRUE,"MSE",1.1106669210141,0,NA,20,0,20,20,0,0,0,0,1,0,1,1
40,"continuous",2,"Purely linear","Random forest",TRUE,"MSE",2.53946134664343,0.919999999999959,NA,NA,NA,NA,NA,NA,NA,NA,NA,NA,NA,NA,NA
40,"continuous",2,"Purely linear","RuleFit",TRUE,"MSE",1.3690233284513,23.91,NA,137,137,0,1,75,61,0,0,0.0072992700729927,0.547445255474453,0.554744525547445,2.43795620437956
41,"continuous",2,"Purely linear","BRP-GABLE full",TRUE,"MSE",1.06192174136831,33.97,NA,26,20,6,18,8,0,0,0,0.692307692307692,0.307692307692308,1,1.30769230769231
41,"continuous",2,"Purely linear","BRP-GABLE rule-only",TRUE,"MSE",1.84746083253141,34.95,NA,84,84,0,67,17,0,0,0,0.797619047619048,0.202380952380952,1,1.20238095238095
41,"continuous",2,"Purely linear","GABLE",TRUE,"MSE",3.76362053180952,0.78000000000003,NA,5,5,0,5,0,0,0,0,1,0,1,1
41,"continuous",2,"Purely linear","GBM",TRUE,"MSE",1.72554271736619,0.01,NA,NA,NA,NA,NA,NA,NA,NA,NA,NA,NA,NA,NA
41,"continuous",2,"Purely linear","Linear",TRUE,"MSE",0.916346178516225,0.00999999999999091,NA,20,0,20,20,0,0,0,0,1,0,1,1
41,"continuous",2,"Purely linear","Random forest",TRUE,"MSE",2.52486178063338,0.939999999999998,NA,NA,NA,NA,NA,NA,NA,NA,NA,NA,NA,NA,NA
41,"continuous",2,"Purely linear","RuleFit",TRUE,"MSE",1.32659811054995,23.67,NA,124,124,0,2,69,53,0,0,0.0161290322580645,0.556451612903226,0.57258064516129,2.41129032258065
42,"continuous",2,"Purely linear","BRP-GABLE full",TRUE,"MSE",1.26930395951164,34.8100000000001,NA,22,16,6,8,14,0,0,0,0.363636363636364,0.636363636363636,1,1.63636363636364
42,"continuous",2,"Purely linear","BRP-GABLE rule-only",TRUE,"MSE",1.84890140772532,34.41,NA,65,65,0,42,23,0,0,0,0.646153846153846,0.353846153846154,1,1.35384615384615
42,"continuous",2,"Purely linear","GABLE",TRUE,"MSE",4.07090133133183,0.870000000000005,NA,5,5,0,5,0,0,0,0,1,0,1,1
42,"continuous",2,"Purely linear","GBM",TRUE,"MSE",1.83106864767495,0.0299999999999998,NA,NA,NA,NA,NA,NA,NA,NA,NA,NA,NA,NA,NA
42,"continuous",2,"Purely linear","Linear",TRUE,"MSE",1.0522200176767,0.0199999999999818,NA,20,0,20,20,0,0,0,0,1,0,1,1
42,"continuous",2,"Purely linear","Random forest",TRUE,"MSE",2.61019827531965,0.939999999999998,NA,NA,NA,NA,NA,NA,NA,NA,NA,NA,NA,NA,NA
42,"continuous",2,"Purely linear","RuleFit",TRUE,"MSE",1.3959323453088,23.2,NA,127,127,0,2,77,48,0,0,0.015748031496063,0.606299212598425,0.622047244094488,2.36220472440945
43,"continuous",2,"Purely linear","BRP-GABLE full",TRUE,"MSE",1.34364064406152,34.95,NA,13,7,6,10,3,0,0,0,0.769230769230769,0.230769230769231,1,1.23076923076923
43,"continuous",2,"Purely linear","BRP-GABLE rule-only",TRUE,"MSE",2.07809719304649,36.2,NA,72,72,0,66,6,0,0,0,0.916666666666667,0.0833333333333333,1,1.08333333333333
43,"continuous",2,"Purely linear","GABLE",TRUE,"MSE",4.02686250335406,0.799999999999955,NA,5,5,0,5,0,0,0,0,1,0,1,1
43,"continuous",2,"Purely linear","GBM",TRUE,"MSE",1.95316539449379,0.01,NA,NA,NA,NA,NA,NA,NA,NA,NA,NA,NA,NA,NA
43,"continuous",2,"Purely linear","Linear",TRUE,"MSE",1.10691899764781,0,NA,20,0,20,20,0,0,0,0,1,0,1,1
43,"continuous",2,"Purely linear","Random forest",TRUE,"MSE",2.75294749549306,0.870000000000005,NA,NA,NA,NA,NA,NA,NA,NA,NA,NA,NA,NA,NA
43,"continuous",2,"Purely linear","RuleFit",TRUE,"MSE",1.64678687369769,23.2,NA,135,135,0,0,66,69,0,0,0,0.488888888888889,0.488888888888889,2.51111111111111
44,"continuous",2,"Purely linear","BRP-GABLE full",TRUE,"MSE",1.34678779103881,35.77,NA,21,15,6,9,12,0,0,0,0.428571428571429,0.571428571428571,1,1.57142857142857
44,"continuous",2,"Purely linear","BRP-GABLE rule-only",TRUE,"MSE",1.97905724352602,34.9400000000001,NA,77,77,0,56,21,0,0,0,0.727272727272727,0.272727272727273,1,1.27272727272727
44,"continuous",2,"Purely linear","GABLE",TRUE,"MSE",4.73761348346498,0.810000000000002,NA,5,5,0,5,0,0,0,0,1,0,1,1
44,"continuous",2,"Purely linear","GBM",TRUE,"MSE",2.09131856583142,0.03,NA,NA,NA,NA,NA,NA,NA,NA,NA,NA,NA,NA,NA
44,"continuous",2,"Purely linear","Linear",TRUE,"MSE",1.12338762318479,0,NA,20,0,20,20,0,0,0,0,1,0,1,1
44,"continuous",2,"Purely linear","Random forest",TRUE,"MSE",2.9364033669183,0.919999999999959,NA,NA,NA,NA,NA,NA,NA,NA,NA,NA,NA,NA,NA
44,"continuous",2,"Purely linear","RuleFit",TRUE,"MSE",1.62060648745298,22.81,NA,124,124,0,3,69,52,0,0,0.0241935483870968,0.556451612903226,0.580645161290323,2.39516129032258
45,"continuous",2,"Purely linear","BRP-GABLE full",TRUE,"MSE",1.15307380462703,32.1,NA,23,17,6,14,9,0,0,0,0.608695652173913,0.391304347826087,1,1.39130434782609
45,"continuous",2,"Purely linear","BRP-GABLE rule-only",TRUE,"MSE",1.86682137671584,36.8100000000001,NA,81,81,0,67,14,0,0,0,0.827160493827161,0.172839506172839,1,1.17283950617284
45,"continuous",2,"Purely linear","GABLE",TRUE,"MSE",3.61263385567454,0.740000000000009,NA,5,5,0,5,0,0,0,0,1,0,1,1
45,"continuous",2,"Purely linear","GBM",TRUE,"MSE",1.66508186008457,0.03,NA,NA,NA,NA,NA,NA,NA,NA,NA,NA,NA,NA,NA
45,"continuous",2,"Purely linear","Linear",TRUE,"MSE",1.07056977417805,0.0199999999999818,NA,20,0,20,20,0,0,0,0,1,0,1,1
45,"continuous",2,"Purely linear","Random forest",TRUE,"MSE",2.25893659532512,0.949999999999989,NA,NA,NA,NA,NA,NA,NA,NA,NA,NA,NA,NA,NA
45,"continuous",2,"Purely linear","RuleFit",TRUE,"MSE",1.33009117791566,23.38,NA,125,125,0,0,90,35,0,0,0,0.72,0.72,2.28
46,"continuous",2,"Purely linear","BRP-GABLE full",TRUE,"MSE",1.21676543637044,34.89,NA,32,26,6,19,13,0,0,0,0.59375,0.40625,1,1.40625
46,"continuous",2,"Purely linear","BRP-GABLE rule-only",TRUE,"MSE",1.94753944430469,35.5900000000001,NA,57,57,0,38,19,0,0,0,0.666666666666667,0.333333333333333,1,1.33333333333333
46,"continuous",2,"Purely linear","GABLE",TRUE,"MSE",4.0529923331794,0.860000000000014,NA,5,5,0,5,0,0,0,0,1,0,1,1
46,"continuous",2,"Purely linear","GBM",TRUE,"MSE",1.96721539579775,0.03,NA,NA,NA,NA,NA,NA,NA,NA,NA,NA,NA,NA,NA
46,"continuous",2,"Purely linear","Linear",TRUE,"MSE",0.976370208040168,0,NA,20,0,20,20,0,0,0,0,1,0,1,1
46,"continuous",2,"Purely linear","Random forest",TRUE,"MSE",2.76240658422634,0.909999999999968,NA,NA,NA,NA,NA,NA,NA,NA,NA,NA,NA,NA,NA
46,"continuous",2,"Purely linear","RuleFit",TRUE,"MSE",1.39529301729772,22.93,NA,102,102,0,0,67,35,0,0,0,0.656862745098039,0.656862745098039,2.34313725490196
47,"continuous",2,"Purely linear","BRP-GABLE full",TRUE,"MSE",1.21873670577103,36.3999999999999,NA,17,11,6,10,7,0,0,0,0.588235294117647,0.411764705882353,1,1.41176470588235
47,"continuous",2,"Purely linear","BRP-GABLE rule-only",TRUE,"MSE",2.0478491834184,36.9,NA,70,70,0,57,13,0,0,0,0.814285714285714,0.185714285714286,1,1.18571428571429
47,"continuous",2,"Purely linear","GABLE",TRUE,"MSE",3.95221274908171,0.819999999999936,NA,5,5,0,5,0,0,0,0,1,0,1,1
47,"continuous",2,"Purely linear","GBM",TRUE,"MSE",1.71133876953582,0.03,NA,NA,NA,NA,NA,NA,NA,NA,NA,NA,NA,NA,NA
47,"continuous",2,"Purely linear","Linear",TRUE,"MSE",1.01818869804164,0,NA,20,0,20,20,0,0,0,0,1,0,1,1
47,"continuous",2,"Purely linear","Random forest",TRUE,"MSE",2.42750178070485,0.889999999999986,NA,NA,NA,NA,NA,NA,NA,NA,NA,NA,NA,NA,NA
47,"continuous",2,"Purely linear","RuleFit",TRUE,"MSE",1.4188403036121,22.8,NA,101,101,0,0,65,36,0,0,0,0.643564356435644,0.643564356435644,2.35643564356436
48,"continuous",2,"Purely linear","BRP-GABLE full",TRUE,"MSE",1.08731148656797,37.08,NA,31,25,6,21,10,0,0,0,0.67741935483871,0.32258064516129,1,1.32258064516129
48,"continuous",2,"Purely linear","BRP-GABLE rule-only",TRUE,"MSE",1.81995726583245,37.3,NA,73,73,0,61,12,0,0,0,0.835616438356164,0.164383561643836,1,1.16438356164384
48,"continuous",2,"Purely linear","GABLE",TRUE,"MSE",3.84922328760022,0.769999999999982,NA,5,5,0,5,0,0,0,0,1,0,1,1
48,"continuous",2,"Purely linear","GBM",TRUE,"MSE",1.71850605703387,0.02,NA,NA,NA,NA,NA,NA,NA,NA,NA,NA,NA,NA,NA
48,"continuous",2,"Purely linear","Linear",TRUE,"MSE",0.94475316869139,0.00999999999999091,NA,20,0,20,20,0,0,0,0,1,0,1,1
48,"continuous",2,"Purely linear","Random forest",TRUE,"MSE",2.39443983699996,0.909999999999968,NA,NA,NA,NA,NA,NA,NA,NA,NA,NA,NA,NA,NA
48,"continuous",2,"Purely linear","RuleFit",TRUE,"MSE",1.46723633516361,23.17,NA,101,101,0,0,58,43,0,0,0,0.574257425742574,0.574257425742574,2.42574257425743
49,"continuous",2,"Purely linear","BRP-GABLE full",TRUE,"MSE",1.26309954676977,32.7799999999999,NA,27,21,6,8,19,0,0,0,0.296296296296296,0.703703703703704,1,1.7037037037037
49,"continuous",2,"Purely linear","BRP-GABLE rule-only",TRUE,"MSE",1.81929854512271,33.3899999999999,NA,58,58,0,35,23,0,0,0,0.603448275862069,0.396551724137931,1,1.39655172413793
49,"continuous",2,"Purely linear","GABLE",TRUE,"MSE",3.7637002090341,0.850000000000023,NA,5,5,0,5,0,0,0,0,1,0,1,1
49,"continuous",2,"Purely linear","GBM",TRUE,"MSE",1.69704649561606,0.04,NA,NA,NA,NA,NA,NA,NA,NA,NA,NA,NA,NA,NA
49,"continuous",2,"Purely linear","Linear",TRUE,"MSE",1.06627883422489,0,NA,20,0,20,20,0,0,0,0,1,0,1,1
49,"continuous",2,"Purely linear","Random forest",TRUE,"MSE",2.38575841805442,0.949999999999932,NA,NA,NA,NA,NA,NA,NA,NA,NA,NA,NA,NA,NA
49,"continuous",2,"Purely linear","RuleFit",TRUE,"MSE",1.41086973522971,23.14,NA,105,105,0,0,39,66,0,0,0,0.371428571428571,0.371428571428571,2.62857142857143
50,"continuous",2,"Purely linear","BRP-GABLE full",TRUE,"MSE",1.34323921850117,35.4100000000001,NA,27,21,6,10,17,0,0,0,0.37037037037037,0.62962962962963,1,1.62962962962963
50,"continuous",2,"Purely linear","BRP-GABLE rule-only",TRUE,"MSE",2.43301818783814,35.55,NA,52,52,0,33,19,0,0,0,0.634615384615385,0.365384615384615,1,1.36538461538462
50,"continuous",2,"Purely linear","GABLE",TRUE,"MSE",4.16039392337337,0.779999999999973,NA,5,5,0,5,0,0,0,0,1,0,1,1
50,"continuous",2,"Purely linear","GBM",TRUE,"MSE",2.04119937442855,0.02,NA,NA,NA,NA,NA,NA,NA,NA,NA,NA,NA,NA,NA
50,"continuous",2,"Purely linear","Linear",TRUE,"MSE",1.0815507042155,0,NA,20,0,20,20,0,0,0,0,1,0,1,1
50,"continuous",2,"Purely linear","Random forest",TRUE,"MSE",3.08455631430487,0.910000000000082,NA,NA,NA,NA,NA,NA,NA,NA,NA,NA,NA,NA,NA
50,"continuous",2,"Purely linear","RuleFit",TRUE,"MSE",1.64891279063074,22.81,NA,125,125,0,1,49,75,0,0,0.008,0.392,0.4,2.592
51,"continuous",2,"Purely linear","BRP-GABLE full",TRUE,"MSE",1.25777426305261,35.39,NA,23,17,6,15,8,0,0,0,0.652173913043478,0.347826086956522,1,1.34782608695652
51,"continuous",2,"Purely linear","BRP-GABLE rule-only",TRUE,"MSE",2.23514531637787,35.17,NA,62,62,0,50,12,0,0,0,0.806451612903226,0.193548387096774,1,1.19354838709677
51,"continuous",2,"Purely linear","GABLE",TRUE,"MSE",4.04233505803988,0.729999999999905,NA,5,5,0,4,1,0,0,0,0.8,0.2,1,1.2
51,"continuous",2,"Purely linear","GBM",TRUE,"MSE",1.93775884583112,0.03,NA,NA,NA,NA,NA,NA,NA,NA,NA,NA,NA,NA,NA
51,"continuous",2,"Purely linear","Linear",TRUE,"MSE",1.08735233548403,0.0199999999999818,NA,20,0,20,20,0,0,0,0,1,0,1,1
51,"continuous",2,"Purely linear","Random forest",TRUE,"MSE",2.55180217433793,0.920000000000073,NA,NA,NA,NA,NA,NA,NA,NA,NA,NA,NA,NA,NA
51,"continuous",2,"Purely linear","RuleFit",TRUE,"MSE",1.39528934143601,23.81,NA,126,126,0,5,53,68,0,0,0.0396825396825397,0.420634920634921,0.46031746031746,2.5
52,"continuous",2,"Purely linear","BRP-GABLE full",TRUE,"MSE",1.08336051546144,36.5799999999999,NA,12,6,6,9,3,0,0,0,0.75,0.25,1,1.25
52,"continuous",2,"Purely linear","BRP-GABLE rule-only",TRUE,"MSE",1.87752261403006,37.78,NA,65,65,0,60,5,0,0,0,0.923076923076923,0.0769230769230769,1,1.07692307692308
52,"continuous",2,"Purely linear","GABLE",TRUE,"MSE",3.62117669762034,0.639999999999986,NA,5,5,0,5,0,0,0,0,1,0,1,1
52,"continuous",2,"Purely linear","GBM",TRUE,"MSE",1.53276552986395,0.0299999999999998,NA,NA,NA,NA,NA,NA,NA,NA,NA,NA,NA,NA,NA
52,"continuous",2,"Purely linear","Linear",TRUE,"MSE",0.972279100680309,0,NA,20,0,20,20,0,0,0,0,1,0,1,1
52,"continuous",2,"Purely linear","Random forest",TRUE,"MSE",2.1137597314704,0.870000000000005,NA,NA,NA,NA,NA,NA,NA,NA,NA,NA,NA,NA,NA
52,"continuous",2,"Purely linear","RuleFit",TRUE,"MSE",1.28393071475111,23.79,NA,115,115,0,0,65,50,0,0,0,0.565217391304348,0.565217391304348,2.43478260869565
53,"continuous",2,"Purely linear","BRP-GABLE full",TRUE,"MSE",1.26337422859743,34.8000000000001,NA,25,19,6,14,11,0,0,0,0.56,0.44,1,1.44
53,"continuous",2,"Purely linear","BRP-GABLE rule-only",TRUE,"MSE",2.07906775283813,35.4200000000001,NA,53,53,0,37,16,0,0,0,0.69811320754717,0.30188679245283,1,1.30188679245283
53,"continuous",2,"Purely linear","GABLE",TRUE,"MSE",4.16848842051928,0.799999999999955,NA,5,5,0,5,0,0,0,0,1,0,1,1
53,"continuous",2,"Purely linear","GBM",TRUE,"MSE",1.93268405248677,0.03,NA,NA,NA,NA,NA,NA,NA,NA,NA,NA,NA,NA,NA
53,"continuous",2,"Purely linear","Linear",TRUE,"MSE",1.02698863451717,0,NA,20,0,20,20,0,0,0,0,1,0,1,1
53,"continuous",2,"Purely linear","Random forest",TRUE,"MSE",2.66246208933943,0.899999999999977,NA,NA,NA,NA,NA,NA,NA,NA,NA,NA,NA,NA,NA
53,"continuous",2,"Purely linear","RuleFit",TRUE,"MSE",1.53137649270028,23.56,NA,106,106,0,0,60,46,0,0,0,0.566037735849057,0.566037735849057,2.43396226415094
54,"continuous",2,"Purely linear","BRP-GABLE full",TRUE,"MSE",1.09573455606064,34.9599999999999,NA,29,23,6,19,10,0,0,0,0.655172413793103,0.344827586206897,1,1.3448275862069
54,"continuous",2,"Purely linear","BRP-GABLE rule-only",TRUE,"MSE",1.70426108766098,35.16,NA,76,76,0,61,15,0,0,0,0.802631578947368,0.197368421052632,1,1.19736842105263
54,"continuous",2,"Purely linear","GABLE",TRUE,"MSE",3.60584582565584,0.689999999999941,NA,5,5,0,5,0,0,0,0,1,0,1,1
54,"continuous",2,"Purely linear","GBM",TRUE,"MSE",1.71826697174453,0.0300000000000002,NA,NA,NA,NA,NA,NA,NA,NA,NA,NA,NA,NA,NA
54,"continuous",2,"Purely linear","Linear",TRUE,"MSE",1.00957332246145,0,NA,20,0,20,20,0,0,0,0,1,0,1,1
54,"continuous",2,"Purely linear","Random forest",TRUE,"MSE",2.41533237012549,0.930000000000064,NA,NA,NA,NA,NA,NA,NA,NA,NA,NA,NA,NA,NA
54,"continuous",2,"Purely linear","RuleFit",TRUE,"MSE",1.34158185163868,23.55,NA,118,118,0,0,70,48,0,0,0,0.593220338983051,0.593220338983051,2.40677966101695
55,"continuous",2,"Purely linear","BRP-GABLE full",TRUE,"MSE",1.23896713607226,34.8599999999999,NA,28,22,6,17,11,0,0,0,0.607142857142857,0.392857142857143,1,1.39285714285714
55,"continuous",2,"Purely linear","BRP-GABLE rule-only",TRUE,"MSE",1.92043471810438,35.2899999999998,NA,69,69,0,48,21,0,0,0,0.695652173913043,0.304347826086957,1,1.30434782608696
55,"continuous",2,"Purely linear","GABLE",TRUE,"MSE",4.39831910407173,0.830000000000041,NA,5,5,0,5,0,0,0,0,1,0,1,1
55,"continuous",2,"Purely linear","GBM",TRUE,"MSE",1.95590821114818,0.0299999999999998,NA,NA,NA,NA,NA,NA,NA,NA,NA,NA,NA,NA,NA
55,"continuous",2,"Purely linear","Linear",TRUE,"MSE",1.05248543953514,0.00999999999999091,NA,20,0,20,20,0,0,0,0,1,0,1,1
55,"continuous",2,"Purely linear","Random forest",TRUE,"MSE",2.80314363528418,0.839999999999918,NA,NA,NA,NA,NA,NA,NA,NA,NA,NA,NA,NA,NA
55,"continuous",2,"Purely linear","RuleFit",TRUE,"MSE",1.67284345320135,22.86,NA,95,95,0,0,43,52,0,0,0,0.452631578947368,0.452631578947368,2.54736842105263
56,"continuous",2,"Purely linear","BRP-GABLE full",TRUE,"MSE",1.30979269646763,37.4399999999999,NA,24,18,6,17,7,0,0,0,0.708333333333333,0.291666666666667,1,1.29166666666667
56,"continuous",2,"Purely linear","BRP-GABLE rule-only",TRUE,"MSE",1.9593650539576,37.1900000000001,NA,74,74,0,64,10,0,0,0,0.864864864864865,0.135135135135135,1,1.13513513513514
56,"continuous",2,"Purely linear","GABLE",TRUE,"MSE",3.50210710361561,0.659999999999968,NA,5,5,0,5,0,0,0,0,1,0,1,1
56,"continuous",2,"Purely linear","GBM",TRUE,"MSE",1.81068143556127,0.00999999999999979,NA,NA,NA,NA,NA,NA,NA,NA,NA,NA,NA,NA,NA
56,"continuous",2,"Purely linear","Linear",TRUE,"MSE",1.0785215198462,0,NA,20,0,20,20,0,0,0,0,1,0,1,1
56,"continuous",2,"Purely linear","Random forest",TRUE,"MSE",2.5687017005864,0.940000000000055,NA,NA,NA,NA,NA,NA,NA,NA,NA,NA,NA,NA,NA
56,"continuous",2,"Purely linear","RuleFit",TRUE,"MSE",1.60249205502001,23.11,NA,80,80,0,0,35,45,0,0,0,0.4375,0.4375,2.5625
57,"continuous",2,"Purely linear","BRP-GABLE full",TRUE,"MSE",1.34812420437192,34.4399999999998,NA,25,19,6,15,10,0,0,0,0.6,0.4,1,1.4
57,"continuous",2,"Purely linear","BRP-GABLE rule-only",TRUE,"MSE",2.11631193982009,35.4499999999999,NA,70,70,0,55,15,0,0,0,0.785714285714286,0.214285714285714,1,1.21428571428571
57,"continuous",2,"Purely linear","GABLE",TRUE,"MSE",3.97844293052403,0.75,NA,5,5,0,5,0,0,0,0,1,0,1,1
57,"continuous",2,"Purely linear","GBM",TRUE,"MSE",1.93393098222663,0.04,NA,NA,NA,NA,NA,NA,NA,NA,NA,NA,NA,NA,NA
57,"continuous",2,"Purely linear","Linear",TRUE,"MSE",1.10003005916874,0,NA,20,0,20,20,0,0,0,0,1,0,1,1
57,"continuous",2,"Purely linear","Random forest",TRUE,"MSE",2.644118765675,0.889999999999986,NA,NA,NA,NA,NA,NA,NA,NA,NA,NA,NA,NA,NA
57,"continuous",2,"Purely linear","RuleFit",TRUE,"MSE",1.47154657693639,23.56,NA,123,123,0,1,60,62,0,0,0.00813008130081301,0.48780487804878,0.495934959349593,2.49593495934959
58,"continuous",2,"Purely linear","BRP-GABLE full",TRUE,"MSE",1.32581464732213,34.84,NA,18,12,6,10,8,0,0,0,0.555555555555556,0.444444444444444,1,1.44444444444444
58,"continuous",2,"Purely linear","BRP-GABLE rule-only",TRUE,"MSE",1.8903348751121,35.46,NA,70,70,0,55,15,0,0,0,0.785714285714286,0.214285714285714,1,1.21428571428571
58,"continuous",2,"Purely linear","GABLE",TRUE,"MSE",3.78173342137101,0.779999999999973,NA,5,5,0,5,0,0,0,0,1,0,1,1
58,"continuous",2,"Purely linear","GBM",TRUE,"MSE",1.84967312834717,0.0299999999999998,NA,NA,NA,NA,NA,NA,NA,NA,NA,NA,NA,NA,NA
58,"continuous",2,"Purely linear","Linear",TRUE,"MSE",1.05871535232078,0.00999999999999091,NA,20,0,20,20,0,0,0,0,1,0,1,1
58,"continuous",2,"Purely linear","Random forest",TRUE,"MSE",2.65437223531821,0.889999999999986,NA,NA,NA,NA,NA,NA,NA,NA,NA,NA,NA,NA,NA
58,"continuous",2,"Purely linear","RuleFit",TRUE,"MSE",1.45991076571438,23.2,NA,134,134,0,2,77,55,0,0,0.0149253731343284,0.574626865671642,0.58955223880597,2.3955223880597
59,"continuous",2,"Purely linear","BRP-GABLE full",TRUE,"MSE",1.39040089499674,35.02,NA,28,22,6,15,13,0,0,0,0.535714285714286,0.464285714285714,1,1.46428571428571
59,"continuous",2,"Purely linear","BRP-GABLE rule-only",TRUE,"MSE",2.04496251039013,34.92,NA,68,68,0,47,21,0,0,0,0.691176470588235,0.308823529411765,1,1.30882352941176
59,"continuous",2,"Purely linear","GABLE",TRUE,"MSE",4.35294378968584,0.75,NA,4,4,0,2,2,0,0,0,0.5,0.5,1,1.5
59,"continuous",2,"Purely linear","GBM",TRUE,"MSE",1.90057870703554,0.0300000000000002,NA,NA,NA,NA,NA,NA,NA,NA,NA,NA,NA,NA,NA
59,"continuous",2,"Purely linear","Linear",TRUE,"MSE",1.0913949305179,0,NA,20,0,20,20,0,0,0,0,1,0,1,1
59,"continuous",2,"Purely linear","Random forest",TRUE,"MSE",2.62296388007572,0.870000000000005,NA,NA,NA,NA,NA,NA,NA,NA,NA,NA,NA,NA,NA
59,"continuous",2,"Purely linear","RuleFit",TRUE,"MSE",1.57365150379534,23.68,NA,101,101,0,1,64,36,0,0,0.0099009900990099,0.633663366336634,0.643564356435644,2.34653465346535
60,"continuous",2,"Purely linear","BRP-GABLE full",TRUE,"MSE",1.04529654734726,36.11,NA,18,12,6,11,7,0,0,0,0.611111111111111,0.388888888888889,1,1.38888888888889
60,"continuous",2,"Purely linear","BRP-GABLE rule-only",TRUE,"MSE",1.76199862732116,36.3099999999999,NA,80,80,0,64,16,0,0,0,0.8,0.2,1,1.2
60,"continuous",2,"Purely linear","GABLE",TRUE,"MSE",3.76551436529565,0.829999999999927,NA,5,5,0,5,0,0,0,0,1,0,1,1
60,"continuous",2,"Purely linear","GBM",TRUE,"MSE",1.68502612336246,0.0299999999999998,NA,NA,NA,NA,NA,NA,NA,NA,NA,NA,NA,NA,NA
60,"continuous",2,"Purely linear","Linear",TRUE,"MSE",0.933759459835736,0,NA,20,0,20,20,0,0,0,0,1,0,1,1
60,"continuous",2,"Purely linear","Random forest",TRUE,"MSE",2.50349251817802,0.920000000000073,NA,NA,NA,NA,NA,NA,NA,NA,NA,NA,NA,NA,NA
60,"continuous",2,"Purely linear","RuleFit",TRUE,"MSE",1.22086127648548,23.47,NA,106,106,0,1,65,40,0,0,0.00943396226415094,0.613207547169811,0.622641509433962,2.36792452830189
61,"continuous",2,"Purely linear","BRP-GABLE full",TRUE,"MSE",1.256933298629,33.0099999999999,NA,30,24,6,19,11,0,0,0,0.633333333333333,0.366666666666667,1,1.36666666666667
61,"continuous",2,"Purely linear","BRP-GABLE rule-only",TRUE,"MSE",2.01924097305339,33.39,NA,72,72,0,59,13,0,0,0,0.819444444444444,0.180555555555556,1,1.18055555555556
61,"continuous",2,"Purely linear","GABLE",TRUE,"MSE",3.67559415041406,0.819999999999936,NA,5,5,0,5,0,0,0,0,1,0,1,1
61,"continuous",2,"Purely linear","GBM",TRUE,"MSE",1.89762381378171,0.0300000000000002,NA,NA,NA,NA,NA,NA,NA,NA,NA,NA,NA,NA,NA
61,"continuous",2,"Purely linear","Linear",TRUE,"MSE",1.07341092499171,0.0200000000000955,NA,20,0,20,20,0,0,0,0,1,0,1,1
61,"continuous",2,"Purely linear","Random forest",TRUE,"MSE",2.36872957014978,0.930000000000064,NA,NA,NA,NA,NA,NA,NA,NA,NA,NA,NA,NA,NA
61,"continuous",2,"Purely linear","RuleFit",TRUE,"MSE",1.49830466742991,23.33,NA,108,108,0,0,70,38,0,0,0,0.648148148148148,0.648148148148148,2.35185185185185
62,"continuous",2,"Purely linear","BRP-GABLE full",TRUE,"MSE",1.10158306396397,33.9100000000001,NA,24,17,7,18,6,0,0,0,0.75,0.25,1,1.25
62,"continuous",2,"Purely linear","BRP-GABLE rule-only",TRUE,"MSE",1.7795965525464,34.47,NA,72,72,0,60,12,0,0,0,0.833333333333333,0.166666666666667,1,1.16666666666667
62,"continuous",2,"Purely linear","GABLE",TRUE,"MSE",3.88936141076286,0.779999999999973,NA,5,5,0,5,0,0,0,0,1,0,1,1
62,"continuous",2,"Purely linear","GBM",TRUE,"MSE",1.62849190401811,0.0300000000000002,NA,NA,NA,NA,NA,NA,NA,NA,NA,NA,NA,NA,NA
62,"continuous",2,"Purely linear","Linear",TRUE,"MSE",0.997414568234832,0,NA,20,0,20,20,0,0,0,0,1,0,1,1
62,"continuous",2,"Purely linear","Random forest",TRUE,"MSE",2.33208858656225,0.879999999999995,NA,NA,NA,NA,NA,NA,NA,NA,NA,NA,NA,NA,NA
62,"continuous",2,"Purely linear","RuleFit",TRUE,"MSE",1.35933230198721,23.33,NA,112,112,0,0,64,48,0,0,0,0.571428571428571,0.571428571428571,2.42857142857143
63,"continuous",2,"Purely linear","BRP-GABLE full",TRUE,"MSE",1.1185849302891,36.03,NA,22,15,7,17,5,0,0,0,0.772727272727273,0.227272727272727,1,1.22727272727273
63,"continuous",2,"Purely linear","BRP-GABLE rule-only",TRUE,"MSE",1.80041020507206,37.7,NA,76,76,0,64,12,0,0,0,0.842105263157895,0.157894736842105,1,1.15789473684211
63,"continuous",2,"Purely linear","GABLE",TRUE,"MSE",3.69740468167609,0.759999999999991,NA,5,5,0,5,0,0,0,0,1,0,1,1
63,"continuous",2,"Purely linear","GBM",TRUE,"MSE",1.7331014694631,0.0100000000000002,NA,NA,NA,NA,NA,NA,NA,NA,NA,NA,NA,NA,NA
63,"continuous",2,"Purely linear","Linear",TRUE,"MSE",1.0885970344831,0,NA,20,0,20,20,0,0,0,0,1,0,1,1
63,"continuous",2,"Purely linear","Random forest",TRUE,"MSE",2.38315134011236,0.8900000000001,NA,NA,NA,NA,NA,NA,NA,NA,NA,NA,NA,NA,NA
63,"continuous",2,"Purely linear","RuleFit",TRUE,"MSE",1.44859169242335,23.05,NA,111,111,0,0,63,48,0,0,0,0.567567567567568,0.567567567567568,2.43243243243243
64,"continuous",2,"Purely linear","BRP-GABLE full",TRUE,"MSE",1.02195113596371,34.63,NA,34,27,7,23,11,0,0,0,0.676470588235294,0.323529411764706,1,1.32352941176471
64,"continuous",2,"Purely linear","BRP-GABLE rule-only",TRUE,"MSE",1.78849752326074,34.96,NA,68,68,0,56,12,0,0,0,0.823529411764706,0.176470588235294,1,1.17647058823529
64,"continuous",2,"Purely linear","GABLE",TRUE,"MSE",3.73967533169911,0.810000000000059,NA,5,5,0,5,0,0,0,0,1,0,1,1
64,"continuous",2,"Purely linear","GBM",TRUE,"MSE",1.54794771767481,0.04,NA,NA,NA,NA,NA,NA,NA,NA,NA,NA,NA,NA,NA
64,"continuous",2,"Purely linear","Linear",TRUE,"MSE",0.945146994764606,0,NA,20,0,20,20,0,0,0,0,1,0,1,1
64,"continuous",2,"Purely linear","Random forest",TRUE,"MSE",2.24434329317105,0.919999999999959,NA,NA,NA,NA,NA,NA,NA,NA,NA,NA,NA,NA,NA
64,"continuous",2,"Purely linear","RuleFit",TRUE,"MSE",1.35074537333358,23.72,NA,114,114,0,0,75,39,0,0,0,0.657894736842105,0.657894736842105,2.34210526315789
65,"continuous",2,"Purely linear","BRP-GABLE full",TRUE,"MSE",1.07357518367351,30.28,NA,19,13,6,9,10,0,0,0,0.473684210526316,0.526315789473684,1,1.52631578947368
65,"continuous",2,"Purely linear","BRP-GABLE rule-only",TRUE,"MSE",1.787665030699,34.78,NA,57,57,0,40,17,0,0,0,0.701754385964912,0.298245614035088,1,1.29824561403509
65,"continuous",2,"Purely linear","GABLE",TRUE,"MSE",3.82883972230989,0.779999999999973,NA,5,5,0,5,0,0,0,0,1,0,1,1
65,"continuous",2,"Purely linear","GBM",TRUE,"MSE",1.55558404532849,0.04,NA,NA,NA,NA,NA,NA,NA,NA,NA,NA,NA,NA,NA
65,"continuous",2,"Purely linear","Linear",TRUE,"MSE",1.00634094018189,0,NA,20,0,20,20,0,0,0,0,1,0,1,1
65,"continuous",2,"Purely linear","Random forest",TRUE,"MSE",2.3690570338276,0.939999999999941,NA,NA,NA,NA,NA,NA,NA,NA,NA,NA,NA,NA,NA
65,"continuous",2,"Purely linear","RuleFit",TRUE,"MSE",1.38271850388569,23.23,NA,96,96,0,0,46,50,0,0,0,0.479166666666667,0.479166666666667,2.52083333333333
66,"continuous",2,"Purely linear","BRP-GABLE full",TRUE,"MSE",1.20746436634999,34.9400000000001,NA,18,12,6,8,10,0,0,0,0.444444444444444,0.555555555555556,1,1.55555555555556
66,"continuous",2,"Purely linear","BRP-GABLE rule-only",TRUE,"MSE",1.98886357770775,35.47,NA,48,48,0,28,20,0,0,0,0.583333333333333,0.416666666666667,1,1.41666666666667
66,"continuous",2,"Purely linear","GABLE",TRUE,"MSE",4.00392531320109,0.780000000000086,NA,5,5,0,5,0,0,0,0,1,0,1,1
66,"continuous",2,"Purely linear","GBM",TRUE,"MSE",1.75392144943271,0.0300000000000002,NA,NA,NA,NA,NA,NA,NA,NA,NA,NA,NA,NA,NA
66,"continuous",2,"Purely linear","Linear",TRUE,"MSE",0.982088854123346,0.0199999999999818,NA,20,0,20,20,0,0,0,0,1,0,1,1
66,"continuous",2,"Purely linear","Random forest",TRUE,"MSE",2.46398207061934,0.889999999999986,NA,NA,NA,NA,NA,NA,NA,NA,NA,NA,NA,NA,NA
66,"continuous",2,"Purely linear","RuleFit",TRUE,"MSE",1.28700040663194,23.02,NA,120,120,0,0,65,55,0,0,0,0.541666666666667,0.541666666666667,2.45833333333333
67,"continuous",2,"Purely linear","BRP-GABLE full",TRUE,"MSE",1.21955557949442,34.7700000000001,NA,26,20,6,17,9,0,0,0,0.653846153846154,0.346153846153846,1,1.34615384615385
67,"continuous",2,"Purely linear","BRP-GABLE rule-only",TRUE,"MSE",1.89521359480454,35.0000000000001,NA,73,73,0,61,12,0,0,0,0.835616438356164,0.164383561643836,1,1.16438356164384
67,"continuous",2,"Purely linear","GABLE",TRUE,"MSE",3.84647930885175,0.860000000000014,NA,5,5,0,5,0,0,0,0,1,0,1,1
67,"continuous",2,"Purely linear","GBM",TRUE,"MSE",1.85533812782449,0.0299999999999998,NA,NA,NA,NA,NA,NA,NA,NA,NA,NA,NA,NA,NA
67,"continuous",2,"Purely linear","Linear",TRUE,"MSE",1.08586294125985,0,NA,20,0,20,20,0,0,0,0,1,0,1,1
67,"continuous",2,"Purely linear","Random forest",TRUE,"MSE",2.73769057221089,0.920000000000073,NA,NA,NA,NA,NA,NA,NA,NA,NA,NA,NA,NA,NA
67,"continuous",2,"Purely linear","RuleFit",TRUE,"MSE",1.51707933055047,23.35,NA,115,115,0,3,70,42,0,0,0.0260869565217391,0.608695652173913,0.634782608695652,2.33913043478261
68,"continuous",2,"Purely linear","BRP-GABLE full",TRUE,"MSE",1.14901494312892,38.11,NA,21,15,6,12,9,0,0,0,0.571428571428571,0.428571428571429,1,1.42857142857143
68,"continuous",2,"Purely linear","BRP-GABLE rule-only",TRUE,"MSE",1.74167264746754,37.5599999999999,NA,68,68,0,54,14,0,0,0,0.794117647058823,0.205882352941176,1,1.20588235294118
68,"continuous",2,"Purely linear","GABLE",TRUE,"MSE",3.51964391154692,0.829999999999927,NA,5,5,0,5,0,0,0,0,1,0,1,1
68,"continuous",2,"Purely linear","GBM",TRUE,"MSE",1.84777257800543,0.0300000000000002,NA,NA,NA,NA,NA,NA,NA,NA,NA,NA,NA,NA,NA
68,"continuous",2,"Purely linear","Linear",TRUE,"MSE",1.0312398350264,0.00999999999999091,NA,20,0,20,20,0,0,0,0,1,0,1,1
68,"continuous",2,"Purely linear","Random forest",TRUE,"MSE",2.54809671890344,0.920000000000073,NA,NA,NA,NA,NA,NA,NA,NA,NA,NA,NA,NA,NA
68,"continuous",2,"Purely linear","RuleFit",TRUE,"MSE",1.48877126127208,23.44,NA,106,106,0,0,52,54,0,0,0,0.490566037735849,0.490566037735849,2.50943396226415
69,"continuous",2,"Purely linear","BRP-GABLE full",TRUE,"MSE",1.29280357189218,34.86,NA,21,15,6,13,8,0,0,0,0.619047619047619,0.380952380952381,1,1.38095238095238
69,"continuous",2,"Purely linear","BRP-GABLE rule-only",TRUE,"MSE",2.23055890731126,35.16,NA,65,65,0,50,15,0,0,0,0.769230769230769,0.230769230769231,1,1.23076923076923
69,"continuous",2,"Purely linear","GABLE",TRUE,"MSE",4.33199806458749,0.830000000000041,NA,5,5,0,5,0,0,0,0,1,0,1,1
69,"continuous",2,"Purely linear","GBM",TRUE,"MSE",1.79889873833382,0.0300000000000002,NA,NA,NA,NA,NA,NA,NA,NA,NA,NA,NA,NA,NA
69,"continuous",2,"Purely linear","Linear",TRUE,"MSE",1.05968293248063,0.00999999999999091,NA,20,0,20,20,0,0,0,0,1,0,1,1
69,"continuous",2,"Purely linear","Random forest",TRUE,"MSE",2.48450788252969,0.939999999999941,NA,NA,NA,NA,NA,NA,NA,NA,NA,NA,NA,NA,NA
69,"continuous",2,"Purely linear","RuleFit",TRUE,"MSE",1.46331432561828,23.65,NA,121,121,0,2,84,35,0,0,0.0165289256198347,0.694214876033058,0.710743801652893,2.27272727272727
70,"continuous",2,"Purely linear","BRP-GABLE full",TRUE,"MSE",1.15008926339046,34.0200000000001,NA,31,24,7,23,8,0,0,0,0.741935483870968,0.258064516129032,1,1.25806451612903
70,"continuous",2,"Purely linear","BRP-GABLE rule-only",TRUE,"MSE",1.82947597438793,34.4100000000001,NA,78,78,0,65,13,0,0,0,0.833333333333333,0.166666666666667,1,1.16666666666667
70,"continuous",2,"Purely linear","GABLE",TRUE,"MSE",3.60901723731142,0.790000000000077,NA,5,5,0,5,0,0,0,0,1,0,1,1
70,"continuous",2,"Purely linear","GBM",TRUE,"MSE",1.66620705284999,0.0299999999999998,NA,NA,NA,NA,NA,NA,NA,NA,NA,NA,NA,NA,NA
70,"continuous",2,"Purely linear","Linear",TRUE,"MSE",0.989094156093009,0,NA,20,0,20,20,0,0,0,0,1,0,1,1
70,"continuous",2,"Purely linear","Random forest",TRUE,"MSE",2.4071120536762,0.879999999999995,NA,NA,NA,NA,NA,NA,NA,NA,NA,NA,NA,NA,NA
70,"continuous",2,"Purely linear","RuleFit",TRUE,"MSE",1.37071820519842,24,NA,118,118,0,0,64,54,0,0,0,0.542372881355932,0.542372881355932,2.45762711864407
71,"continuous",2,"Purely linear","BRP-GABLE full",TRUE,"MSE",1.09568518776183,30.26,NA,34,25,9,20,14,0,0,0,0.588235294117647,0.411764705882353,1,1.41176470588235
71,"continuous",2,"Purely linear","BRP-GABLE rule-only",TRUE,"MSE",1.72937344895587,34.5000000000001,NA,63,63,0,37,26,0,0,0,0.587301587301587,0.412698412698413,1,1.41269841269841
71,"continuous",2,"Purely linear","GABLE",TRUE,"MSE",3.89665358523047,0.690000000000055,NA,5,5,0,4,1,0,0,0,0.8,0.2,1,1.2
71,"continuous",2,"Purely linear","GBM",TRUE,"MSE",1.75463086955269,0.0299999999999998,NA,NA,NA,NA,NA,NA,NA,NA,NA,NA,NA,NA,NA
71,"continuous",2,"Purely linear","Linear",TRUE,"MSE",0.969670467878912,0,NA,20,0,20,20,0,0,0,0,1,0,1,1
71,"continuous",2,"Purely linear","Random forest",TRUE,"MSE",2.40924534941277,0.970000000000027,NA,NA,NA,NA,NA,NA,NA,NA,NA,NA,NA,NA,NA
71,"continuous",2,"Purely linear","RuleFit",TRUE,"MSE",1.38981275452187,22.94,NA,93,93,0,1,34,58,0,0,0.010752688172043,0.365591397849462,0.376344086021505,2.61290322580645
72,"continuous",2,"Purely linear","BRP-GABLE full",TRUE,"MSE",1.24740039138695,34.87,NA,26,19,7,17,9,0,0,0,0.653846153846154,0.346153846153846,1,1.34615384615385
72,"continuous",2,"Purely linear","BRP-GABLE rule-only",TRUE,"MSE",1.86946746875758,34.97,NA,62,62,0,48,14,0,0,0,0.774193548387097,0.225806451612903,1,1.2258064516129
72,"continuous",2,"Purely linear","GABLE",TRUE,"MSE",3.76416108947672,0.779999999999973,NA,5,5,0,5,0,0,0,0,1,0,1,1
72,"continuous",2,"Purely linear","GBM",TRUE,"MSE",1.78893682929758,0.04,NA,NA,NA,NA,NA,NA,NA,NA,NA,NA,NA,NA,NA
72,"continuous",2,"Purely linear","Linear",TRUE,"MSE",1.06372020628121,0,NA,20,0,20,20,0,0,0,0,1,0,1,1
72,"continuous",2,"Purely linear","Random forest",TRUE,"MSE",2.45168857697948,0.879999999999995,NA,NA,NA,NA,NA,NA,NA,NA,NA,NA,NA,NA,NA
72,"continuous",2,"Purely linear","RuleFit",TRUE,"MSE",1.54501715322083,22.81,NA,102,102,0,0,54,48,0,0,0,0.529411764705882,0.529411764705882,2.47058823529412
73,"continuous",2,"Purely linear","BRP-GABLE full",TRUE,"MSE",1.14448608901395,33.87,NA,19,13,6,6,13,0,0,0,0.315789473684211,0.684210526315789,1,1.68421052631579
73,"continuous",2,"Purely linear","BRP-GABLE rule-only",TRUE,"MSE",1.84931557266814,34.48,NA,65,65,0,44,21,0,0,0,0.676923076923077,0.323076923076923,1,1.32307692307692
73,"continuous",2,"Purely linear","GABLE",TRUE,"MSE",3.93661490338134,0.809999999999945,NA,5,5,0,5,0,0,0,0,1,0,1,1
73,"continuous",2,"Purely linear","GBM",TRUE,"MSE",1.62586369856777,0.0300000000000002,NA,NA,NA,NA,NA,NA,NA,NA,NA,NA,NA,NA,NA
73,"continuous",2,"Purely linear","Linear",TRUE,"MSE",0.978163248918591,0,NA,20,0,20,20,0,0,0,0,1,0,1,1
73,"continuous",2,"Purely linear","Random forest",TRUE,"MSE",2.4311112634487,0.920000000000073,NA,NA,NA,NA,NA,NA,NA,NA,NA,NA,NA,NA,NA
73,"continuous",2,"Purely linear","RuleFit",TRUE,"MSE",1.37704858362715,23.37,NA,140,140,0,3,75,62,0,0,0.0214285714285714,0.535714285714286,0.557142857142857,2.42142857142857
74,"continuous",2,"Purely linear","BRP-GABLE full",TRUE,"MSE",1.18209401676464,30.22,NA,32,26,6,18,14,0,0,0,0.5625,0.4375,1,1.4375
74,"continuous",2,"Purely linear","BRP-GABLE rule-only",TRUE,"MSE",1.66795580984222,34.6799999999999,NA,82,82,0,60,22,0,0,0,0.731707317073171,0.268292682926829,1,1.26829268292683
74,"continuous",2,"Purely linear","GABLE",TRUE,"MSE",4.22679596725603,0.830000000000041,NA,5,5,0,5,0,0,0,0,1,0,1,1
74,"continuous",2,"Purely linear","GBM",TRUE,"MSE",1.78147568955646,0.04,NA,NA,NA,NA,NA,NA,NA,NA,NA,NA,NA,NA,NA
74,"continuous",2,"Purely linear","Linear",TRUE,"MSE",0.951807538996425,0,NA,20,0,20,20,0,0,0,0,1,0,1,1
74,"continuous",2,"Purely linear","Random forest",TRUE,"MSE",2.60635249400519,0.8599999999999,NA,NA,NA,NA,NA,NA,NA,NA,NA,NA,NA,NA,NA
74,"continuous",2,"Purely linear","RuleFit",TRUE,"MSE",1.37521780048647,22.54,NA,121,121,0,2,74,45,0,0,0.0165289256198347,0.611570247933884,0.628099173553719,2.35537190082645
75,"continuous",2,"Purely linear","BRP-GABLE full",TRUE,"MSE",1.37081411265345,34.74,NA,23,17,6,10,13,0,0,0,0.434782608695652,0.565217391304348,1,1.56521739130435
75,"continuous",2,"Purely linear","BRP-GABLE rule-only",TRUE,"MSE",1.88230736005127,34.6200000000001,NA,80,80,0,63,17,0,0,0,0.7875,0.2125,1,1.2125
75,"continuous",2,"Purely linear","GABLE",TRUE,"MSE",4.1480845404219,0.889999999999986,NA,5,5,0,5,0,0,0,0,1,0,1,1
75,"continuous",2,"Purely linear","GBM",TRUE,"MSE",1.95802450524322,0.0300000000000002,NA,NA,NA,NA,NA,NA,NA,NA,NA,NA,NA,NA,NA
75,"continuous",2,"Purely linear","Linear",TRUE,"MSE",1.07072354832933,0,NA,20,0,20,20,0,0,0,0,1,0,1,1
75,"continuous",2,"Purely linear","Random forest",TRUE,"MSE",2.77729412653248,0.92999999999995,NA,NA,NA,NA,NA,NA,NA,NA,NA,NA,NA,NA,NA
75,"continuous",2,"Purely linear","RuleFit",TRUE,"MSE",1.66897822862558,23.43,NA,100,100,0,0,57,43,0,0,0,0.57,0.57,2.43
76,"continuous",2,"Purely linear","BRP-GABLE full",TRUE,"MSE",1.32843541962436,35.3700000000001,NA,23,17,6,15,8,0,0,0,0.652173913043478,0.347826086956522,1,1.34782608695652
76,"continuous",2,"Purely linear","BRP-GABLE rule-only",TRUE,"MSE",2.26192905688136,35.64,NA,69,69,0,59,10,0,0,0,0.855072463768116,0.144927536231884,1,1.14492753623188
76,"continuous",2,"Purely linear","GABLE",TRUE,"MSE",4.23836476550564,0.799999999999955,NA,5,5,0,5,0,0,0,0,1,0,1,1
76,"continuous",2,"Purely linear","GBM",TRUE,"MSE",2.01416108768755,0.0299999999999998,NA,NA,NA,NA,NA,NA,NA,NA,NA,NA,NA,NA,NA
76,"continuous",2,"Purely linear","Linear",TRUE,"MSE",1.03276216707841,0.0199999999999818,NA,20,0,20,20,0,0,0,0,1,0,1,1
76,"continuous",2,"Purely linear","Random forest",TRUE,"MSE",2.92958652130795,0.950000000000045,NA,NA,NA,NA,NA,NA,NA,NA,NA,NA,NA,NA,NA
76,"continuous",2,"Purely linear","RuleFit",TRUE,"MSE",1.62297247803238,23.14,NA,92,92,0,0,59,33,0,0,0,0.641304347826087,0.641304347826087,2.35869565217391
77,"continuous",2,"Purely linear","BRP-GABLE full",TRUE,"MSE",1.10615779641803,32.37,NA,20,14,6,8,12,0,0,0,0.4,0.6,1,1.6
77,"continuous",2,"Purely linear","BRP-GABLE rule-only",TRUE,"MSE",2.17517028093394,37.38,NA,56,56,0,42,14,0,0,0,0.75,0.25,1,1.25
77,"continuous",2,"Purely linear","GABLE",TRUE,"MSE",4.05656475281845,0.82000000000005,NA,5,5,0,5,0,0,0,0,1,0,1,1
77,"continuous",2,"Purely linear","GBM",TRUE,"MSE",1.59116331166567,0.0299999999999998,NA,NA,NA,NA,NA,NA,NA,NA,NA,NA,NA,NA,NA
77,"continuous",2,"Purely linear","Linear",TRUE,"MSE",1.01736177191117,0.0199999999999818,NA,20,0,20,20,0,0,0,0,1,0,1,1
77,"continuous",2,"Purely linear","Random forest",TRUE,"MSE",2.38427420145132,0.899999999999977,NA,NA,NA,NA,NA,NA,NA,NA,NA,NA,NA,NA,NA
77,"continuous",2,"Purely linear","RuleFit",TRUE,"MSE",1.22424593817499,23.73,NA,121,121,0,1,69,51,0,0,0.00826446280991736,0.570247933884298,0.578512396694215,2.41322314049587
78,"continuous",2,"Purely linear","BRP-GABLE full",TRUE,"MSE",1.21385909528984,35.1900000000001,NA,24,18,6,18,6,0,0,0,0.75,0.25,1,1.25
78,"continuous",2,"Purely linear","BRP-GABLE rule-only",TRUE,"MSE",1.95459640897443,35.9599999999999,NA,72,72,0,66,6,0,0,0,0.916666666666667,0.0833333333333333,1,1.08333333333333
78,"continuous",2,"Purely linear","GABLE",TRUE,"MSE",3.76653116911142,0.809999999999945,NA,5,5,0,5,0,0,0,0,1,0,1,1
78,"continuous",2,"Purely linear","GBM",TRUE,"MSE",1.87058354361322,0.0299999999999998,NA,NA,NA,NA,NA,NA,NA,NA,NA,NA,NA,NA,NA
78,"continuous",2,"Purely linear","Linear",TRUE,"MSE",1.01048228548005,0,NA,20,0,20,20,0,0,0,0,1,0,1,1
78,"continuous",2,"Purely linear","Random forest",TRUE,"MSE",2.53589902516029,0.909999999999968,NA,NA,NA,NA,NA,NA,NA,NA,NA,NA,NA,NA,NA
78,"continuous",2,"Purely linear","RuleFit",TRUE,"MSE",1.58342700804508,23.6,NA,116,116,0,3,69,44,0,0,0.0258620689655172,0.594827586206897,0.620689655172414,2.35344827586207
79,"continuous",2,"Purely linear","BRP-GABLE full",TRUE,"MSE",1.13881031436608,35.2900000000001,NA,20,14,6,12,8,0,0,0,0.6,0.4,1,1.4
79,"continuous",2,"Purely linear","BRP-GABLE rule-only",TRUE,"MSE",1.82600368986337,36.6800000000001,NA,73,73,0,60,13,0,0,0,0.821917808219178,0.178082191780822,1,1.17808219178082
79,"continuous",2,"Purely linear","GABLE",TRUE,"MSE",3.82979061714003,0.810000000000059,NA,5,5,0,5,0,0,0,0,1,0,1,1
79,"continuous",2,"Purely linear","GBM",TRUE,"MSE",1.76455687801518,0.0300000000000002,NA,NA,NA,NA,NA,NA,NA,NA,NA,NA,NA,NA,NA
79,"continuous",2,"Purely linear","Linear",TRUE,"MSE",0.967952710344712,0.00999999999999091,NA,20,0,20,20,0,0,0,0,1,0,1,1
79,"continuous",2,"Purely linear","Random forest",TRUE,"MSE",2.43431978998978,0.829999999999927,NA,NA,NA,NA,NA,NA,NA,NA,NA,NA,NA,NA,NA
79,"continuous",2,"Purely linear","RuleFit",TRUE,"MSE",1.30413318996036,22.74,NA,121,121,0,1,70,50,0,0,0.00826446280991736,0.578512396694215,0.586776859504132,2.40495867768595
80,"continuous",2,"Purely linear","BRP-GABLE full",TRUE,"MSE",1.32834242634327,33.95,NA,22,16,6,15,7,0,0,0,0.681818181818182,0.318181818181818,1,1.31818181818182
80,"continuous",2,"Purely linear","BRP-GABLE rule-only",TRUE,"MSE",2.29433287898322,35.1300000000001,NA,66,66,0,56,10,0,0,0,0.848484848484849,0.151515151515152,1,1.15151515151515
80,"continuous",2,"Purely linear","GABLE",TRUE,"MSE",4.41775366156618,0.779999999999973,NA,5,5,0,5,0,0,0,0,1,0,1,1
80,"continuous",2,"Purely linear","GBM",TRUE,"MSE",1.91668351319187,0.02,NA,NA,NA,NA,NA,NA,NA,NA,NA,NA,NA,NA,NA
80,"continuous",2,"Purely linear","Linear",TRUE,"MSE",1.08729203851108,0,NA,20,0,20,20,0,0,0,0,1,0,1,1
80,"continuous",2,"Purely linear","Random forest",TRUE,"MSE",2.66981666690451,0.919999999999959,NA,NA,NA,NA,NA,NA,NA,NA,NA,NA,NA,NA,NA
80,"continuous",2,"Purely linear","RuleFit",TRUE,"MSE",1.51116057230613,23.06,NA,149,149,0,0,61,88,0,0,0,0.409395973154362,0.409395973154362,2.59060402684564
81,"continuous",2,"Purely linear","BRP-GABLE full",TRUE,"MSE",1.0030697551177,34.47,NA,19,13,6,8,11,0,0,0,0.421052631578947,0.578947368421053,1,1.57894736842105
81,"continuous",2,"Purely linear","BRP-GABLE rule-only",TRUE,"MSE",1.69542273817345,34.6900000000001,NA,65,65,0,43,22,0,0,0,0.661538461538462,0.338461538461538,1,1.33846153846154
81,"continuous",2,"Purely linear","GABLE",TRUE,"MSE",3.89573132361295,0.810000000000059,NA,5,5,0,5,0,0,0,0,1,0,1,1
81,"continuous",2,"Purely linear","GBM",TRUE,"MSE",1.65002443997077,0.0299999999999998,NA,NA,NA,NA,NA,NA,NA,NA,NA,NA,NA,NA,NA
81,"continuous",2,"Purely linear","Linear",TRUE,"MSE",0.880563403196719,0,NA,20,0,20,20,0,0,0,0,1,0,1,1
81,"continuous",2,"Purely linear","Random forest",TRUE,"MSE",2.53453940495638,0.899999999999977,NA,NA,NA,NA,NA,NA,NA,NA,NA,NA,NA,NA,NA
81,"continuous",2,"Purely linear","RuleFit",TRUE,"MSE",1.18034321549539,23.23,NA,130,130,0,1,62,67,0,0,0.00769230769230769,0.476923076923077,0.484615384615385,2.50769230769231
82,"continuous",2,"Purely linear","BRP-GABLE full",TRUE,"MSE",1.25677605289972,36.1700000000001,NA,19,13,6,12,7,0,0,0,0.631578947368421,0.368421052631579,1,1.36842105263158
82,"continuous",2,"Purely linear","BRP-GABLE rule-only",TRUE,"MSE",1.82839409329061,36.89,NA,58,58,0,45,13,0,0,0,0.775862068965517,0.224137931034483,1,1.22413793103448
82,"continuous",2,"Purely linear","GABLE",TRUE,"MSE",3.88896568085993,0.700000000000045,NA,5,5,0,5,0,0,0,0,1,0,1,1
82,"continuous",2,"Purely linear","GBM",TRUE,"MSE",1.75344008815817,0.0299999999999998,NA,NA,NA,NA,NA,NA,NA,NA,NA,NA,NA,NA,NA
82,"continuous",2,"Purely linear","Linear",TRUE,"MSE",1.09280265658059,0.0199999999999818,NA,20,0,20,20,0,0,0,0,1,0,1,1
82,"continuous",2,"Purely linear","Random forest",TRUE,"MSE",2.48056330329592,0.960000000000036,NA,NA,NA,NA,NA,NA,NA,NA,NA,NA,NA,NA,NA
82,"continuous",2,"Purely linear","RuleFit",TRUE,"MSE",1.5466863662359,23.54,NA,102,102,0,1,68,33,0,0,0.00980392156862745,0.666666666666667,0.676470588235294,2.31372549019608
83,"continuous",2,"Purely linear","BRP-GABLE full",TRUE,"MSE",1.16465266025331,35.15,NA,25,18,7,17,8,0,0,0,0.68,0.32,1,1.32
83,"continuous",2,"Purely linear","BRP-GABLE rule-only",TRUE,"MSE",2.0238730900804,35.97,NA,70,70,0,57,13,0,0,0,0.814285714285714,0.185714285714286,1,1.18571428571429
83,"continuous",2,"Purely linear","GABLE",TRUE,"MSE",3.79824988491691,0.82000000000005,NA,5,5,0,5,0,0,0,0,1,0,1,1
83,"continuous",2,"Purely linear","GBM",TRUE,"MSE",1.77650078974277,0.0299999999999998,NA,NA,NA,NA,NA,NA,NA,NA,NA,NA,NA,NA,NA
83,"continuous",2,"Purely linear","Linear",TRUE,"MSE",1.0178260246807,0,NA,20,0,20,20,0,0,0,0,1,0,1,1
83,"continuous",2,"Purely linear","Random forest",TRUE,"MSE",2.60513524701812,0.959999999999923,NA,NA,NA,NA,NA,NA,NA,NA,NA,NA,NA,NA,NA
83,"continuous",2,"Purely linear","RuleFit",TRUE,"MSE",1.43285394044842,23.62,NA,100,100,0,4,57,39,0,0,0.04,0.57,0.61,2.35
84,"continuous",2,"Purely linear","BRP-GABLE full",TRUE,"MSE",1.16469624305624,34.51,NA,18,12,6,14,4,0,0,0,0.777777777777778,0.222222222222222,1,1.22222222222222
84,"continuous",2,"Purely linear","BRP-GABLE rule-only",TRUE,"MSE",1.87723296450697,36.22,NA,71,71,0,63,8,0,0,0,0.887323943661972,0.112676056338028,1,1.11267605633803
84,"continuous",2,"Purely linear","GABLE",TRUE,"MSE",4.20574624400609,0.850000000000023,NA,5,5,0,5,0,0,0,0,1,0,1,1
84,"continuous",2,"Purely linear","GBM",TRUE,"MSE",1.81094782957512,0.00999999999999979,NA,NA,NA,NA,NA,NA,NA,NA,NA,NA,NA,NA,NA
84,"continuous",2,"Purely linear","Linear",TRUE,"MSE",0.998414030583104,0,NA,20,0,20,20,0,0,0,0,1,0,1,1
84,"continuous",2,"Purely linear","Random forest",TRUE,"MSE",2.53416277380489,0.949999999999932,NA,NA,NA,NA,NA,NA,NA,NA,NA,NA,NA,NA,NA
84,"continuous",2,"Purely linear","RuleFit",TRUE,"MSE",1.52299513067102,23.7,NA,105,105,0,0,61,44,0,0,0,0.580952380952381,0.580952380952381,2.41904761904762
85,"continuous",2,"Purely linear","BRP-GABLE full",TRUE,"MSE",1.3002153241794,36.0000000000001,NA,19,11,8,12,7,0,0,0,0.631578947368421,0.368421052631579,1,1.36842105263158
85,"continuous",2,"Purely linear","BRP-GABLE rule-only",TRUE,"MSE",2.09645478108442,36.4100000000001,NA,81,81,0,69,12,0,0,0,0.851851851851852,0.148148148148148,1,1.14814814814815
85,"continuous",2,"Purely linear","GABLE",TRUE,"MSE",4.45101804537428,0.940000000000055,NA,5,5,0,5,0,0,0,0,1,0,1,1
85,"continuous",2,"Purely linear","GBM",TRUE,"MSE",2.03702366889989,0.0300000000000002,NA,NA,NA,NA,NA,NA,NA,NA,NA,NA,NA,NA,NA
85,"continuous",2,"Purely linear","Linear",TRUE,"MSE",1.11458182701034,0.0199999999999818,NA,20,0,20,20,0,0,0,0,1,0,1,1
85,"continuous",2,"Purely linear","Random forest",TRUE,"MSE",2.92352447632028,0.969999999999914,NA,NA,NA,NA,NA,NA,NA,NA,NA,NA,NA,NA,NA
85,"continuous",2,"Purely linear","RuleFit",TRUE,"MSE",1.57806125335767,23.72,NA,116,116,0,1,55,60,0,0,0.00862068965517241,0.474137931034483,0.482758620689655,2.50862068965517
86,"continuous",2,"Purely linear","BRP-GABLE full",TRUE,"MSE",1.29960950846858,35.3399999999999,NA,18,12,6,10,8,0,0,0,0.555555555555556,0.444444444444444,1,1.44444444444444
86,"continuous",2,"Purely linear","BRP-GABLE rule-only",TRUE,"MSE",1.81434490111865,35.3299999999999,NA,71,71,0,59,12,0,0,0,0.830985915492958,0.169014084507042,1,1.16901408450704
86,"continuous",2,"Purely linear","GABLE",TRUE,"MSE",4.16777443795853,0.689999999999941,NA,5,5,0,5,0,0,0,0,1,0,1,1
86,"continuous",2,"Purely linear","GBM",TRUE,"MSE",1.90655913011105,0.0299999999999998,NA,NA,NA,NA,NA,NA,NA,NA,NA,NA,NA,NA,NA
86,"continuous",2,"Purely linear","Linear",TRUE,"MSE",1.03430737829027,0,NA,20,0,20,20,0,0,0,0,1,0,1,1
86,"continuous",2,"Purely linear","Random forest",TRUE,"MSE",2.69976552679999,0.900000000000091,NA,NA,NA,NA,NA,NA,NA,NA,NA,NA,NA,NA,NA
86,"continuous",2,"Purely linear","RuleFit",TRUE,"MSE",1.42726638828796,23.08,NA,137,137,0,1,89,47,0,0,0.0072992700729927,0.64963503649635,0.656934306569343,2.33576642335766
87,"continuous",2,"Purely linear","BRP-GABLE full",TRUE,"MSE",1.23687431160399,35.22,NA,27,21,6,16,11,0,0,0,0.592592592592593,0.407407407407407,1,1.40740740740741
87,"continuous",2,"Purely linear","BRP-GABLE rule-only",TRUE,"MSE",2.03865550853302,35.3800000000001,NA,78,78,0,65,13,0,0,0,0.833333333333333,0.166666666666667,1,1.16666666666667
87,"continuous",2,"Purely linear","GABLE",TRUE,"MSE",4.33590237113091,0.759999999999991,NA,5,5,0,5,0,0,0,0,1,0,1,1
87,"continuous",2,"Purely linear","GBM",TRUE,"MSE",1.7244127353767,0.0300000000000002,NA,NA,NA,NA,NA,NA,NA,NA,NA,NA,NA,NA,NA
87,"continuous",2,"Purely linear","Linear",TRUE,"MSE",1.0094212121765,0,NA,20,0,20,20,0,0,0,0,1,0,1,1
87,"continuous",2,"Purely linear","Random forest",TRUE,"MSE",2.57398542550556,0.920000000000073,NA,NA,NA,NA,NA,NA,NA,NA,NA,NA,NA,NA,NA
87,"continuous",2,"Purely linear","RuleFit",TRUE,"MSE",1.46569737340104,23,NA,122,122,0,2,74,46,0,0,0.0163934426229508,0.60655737704918,0.622950819672131,2.36065573770492
88,"continuous",2,"Purely linear","BRP-GABLE full",TRUE,"MSE",1.37588654785691,35.47,NA,16,10,6,10,6,0,0,0,0.625,0.375,1,1.375
88,"continuous",2,"Purely linear","BRP-GABLE rule-only",TRUE,"MSE",2.15267197536967,36.99,NA,74,74,0,59,15,0,0,0,0.797297297297297,0.202702702702703,1,1.2027027027027
88,"continuous",2,"Purely linear","GABLE",TRUE,"MSE",4.39989153956188,0.779999999999973,NA,5,5,0,5,0,0,0,0,1,0,1,1
88,"continuous",2,"Purely linear","GBM",TRUE,"MSE",2.10919498293782,0.0299999999999998,NA,NA,NA,NA,NA,NA,NA,NA,NA,NA,NA,NA,NA
88,"continuous",2,"Purely linear","Linear",TRUE,"MSE",1.0948337874824,0,NA,20,0,20,20,0,0,0,0,1,0,1,1
88,"continuous",2,"Purely linear","Random forest",TRUE,"MSE",3.04057413541963,0.899999999999977,NA,NA,NA,NA,NA,NA,NA,NA,NA,NA,NA,NA,NA
88,"continuous",2,"Purely linear","RuleFit",TRUE,"MSE",1.62018214756243,23.33,NA,118,118,0,0,65,53,0,0,0,0.550847457627119,0.550847457627119,2.44915254237288
89,"continuous",2,"Purely linear","BRP-GABLE full",TRUE,"MSE",1.26414714036446,34.51,NA,20,14,6,12,8,0,0,0,0.6,0.4,1,1.4
89,"continuous",2,"Purely linear","BRP-GABLE rule-only",TRUE,"MSE",1.83677834240357,34.66,NA,59,59,0,46,13,0,0,0,0.779661016949153,0.220338983050847,1,1.22033898305085
89,"continuous",2,"Purely linear","GABLE",TRUE,"MSE",4.11591084127065,0.75,NA,5,5,0,5,0,0,0,0,1,0,1,1
89,"continuous",2,"Purely linear","GBM",TRUE,"MSE",1.7605012902687,0.0300000000000002,NA,NA,NA,NA,NA,NA,NA,NA,NA,NA,NA,NA,NA
89,"continuous",2,"Purely linear","Linear",TRUE,"MSE",1.1232749701062,0,NA,20,0,20,20,0,0,0,0,1,0,1,1
89,"continuous",2,"Purely linear","Random forest",TRUE,"MSE",2.48863125905619,0.889999999999986,NA,NA,NA,NA,NA,NA,NA,NA,NA,NA,NA,NA,NA
89,"continuous",2,"Purely linear","RuleFit",TRUE,"MSE",1.48096494831019,24.16,NA,135,135,0,4,84,47,0,0,0.0296296296296296,0.622222222222222,0.651851851851852,2.31851851851852
90,"continuous",2,"Purely linear","BRP-GABLE full",TRUE,"MSE",1.22051147097946,34.72,NA,28,21,7,16,12,0,0,0,0.571428571428571,0.428571428571429,1,1.42857142857143
90,"continuous",2,"Purely linear","BRP-GABLE rule-only",TRUE,"MSE",1.9811839662969,34.4200000000001,NA,66,66,0,48,18,0,0,0,0.727272727272727,0.272727272727273,1,1.27272727272727
90,"continuous",2,"Purely linear","GABLE",TRUE,"MSE",3.88971891129618,0.730000000000018,NA,5,5,0,5,0,0,0,0,1,0,1,1
90,"continuous",2,"Purely linear","GBM",TRUE,"MSE",1.87064535657947,0.00999999999999979,NA,NA,NA,NA,NA,NA,NA,NA,NA,NA,NA,NA,NA
90,"continuous",2,"Purely linear","Linear",TRUE,"MSE",1.03650394557163,0,NA,20,0,20,20,0,0,0,0,1,0,1,1
90,"continuous",2,"Purely linear","Random forest",TRUE,"MSE",2.70646957784267,0.909999999999968,NA,NA,NA,NA,NA,NA,NA,NA,NA,NA,NA,NA,NA
90,"continuous",2,"Purely linear","RuleFit",TRUE,"MSE",1.40135619315497,22.66,NA,108,108,0,0,64,44,0,0,0,0.592592592592593,0.592592592592593,2.40740740740741
91,"continuous",2,"Purely linear","BRP-GABLE full",TRUE,"MSE",1.18993298978734,36.4799999999999,NA,21,15,6,12,9,0,0,0,0.571428571428571,0.428571428571429,1,1.42857142857143
91,"continuous",2,"Purely linear","BRP-GABLE rule-only",TRUE,"MSE",1.82405643028531,36.6999999999999,NA,71,71,0,56,15,0,0,0,0.788732394366197,0.211267605633803,1,1.2112676056338
91,"continuous",2,"Purely linear","GABLE",TRUE,"MSE",3.9849809571575,0.850000000000023,NA,5,5,0,5,0,0,0,0,1,0,1,1
91,"continuous",2,"Purely linear","GBM",TRUE,"MSE",1.87207229887307,0.0299999999999998,NA,NA,NA,NA,NA,NA,NA,NA,NA,NA,NA,NA,NA
91,"continuous",2,"Purely linear","Linear",TRUE,"MSE",1.00456948508151,0.0199999999999818,NA,20,0,20,20,0,0,0,0,1,0,1,1
91,"continuous",2,"Purely linear","Random forest",TRUE,"MSE",2.74736047160074,0.949999999999932,NA,NA,NA,NA,NA,NA,NA,NA,NA,NA,NA,NA,NA
91,"continuous",2,"Purely linear","RuleFit",TRUE,"MSE",1.55007006274581,23.66,NA,108,108,0,0,59,49,0,0,0,0.546296296296296,0.546296296296296,2.4537037037037
92,"continuous",2,"Purely linear","BRP-GABLE full",TRUE,"MSE",1.176416555497,34.5500000000001,NA,22,16,6,11,11,0,0,0,0.5,0.5,1,1.5
92,"continuous",2,"Purely linear","BRP-GABLE rule-only",TRUE,"MSE",1.97279106771887,34.9799999999999,NA,57,57,0,41,16,0,0,0,0.719298245614035,0.280701754385965,1,1.28070175438596
92,"continuous",2,"Purely linear","GABLE",TRUE,"MSE",4.03982517460024,0.830000000000041,NA,5,5,0,5,0,0,0,0,1,0,1,1
92,"continuous",2,"Purely linear","GBM",TRUE,"MSE",1.84631879988188,0.0100000000000002,NA,NA,NA,NA,NA,NA,NA,NA,NA,NA,NA,NA,NA
92,"continuous",2,"Purely linear","Linear",TRUE,"MSE",0.978128462359383,0,NA,20,0,20,20,0,0,0,0,1,0,1,1
92,"continuous",2,"Purely linear","Random forest",TRUE,"MSE",2.50530779952578,0.919999999999959,NA,NA,NA,NA,NA,NA,NA,NA,NA,NA,NA,NA,NA
92,"continuous",2,"Purely linear","RuleFit",TRUE,"MSE",1.36856891680002,23.61,NA,103,103,0,1,57,45,0,0,0.00970873786407767,0.553398058252427,0.563106796116505,2.42718446601942
93,"continuous",2,"Purely linear","BRP-GABLE full",TRUE,"MSE",1.39026969564784,36.08,NA,25,19,6,13,12,0,0,0,0.52,0.48,1,1.48
93,"continuous",2,"Purely linear","BRP-GABLE rule-only",TRUE,"MSE",2.17970040385756,37.4,NA,73,73,0,56,17,0,0,0,0.767123287671233,0.232876712328767,1,1.23287671232877
93,"continuous",2,"Purely linear","GABLE",TRUE,"MSE",4.47457792856542,0.780000000000086,NA,5,5,0,5,0,0,0,0,1,0,1,1
93,"continuous",2,"Purely linear","GBM",TRUE,"MSE",2.08626869898783,0.00999999999999979,NA,NA,NA,NA,NA,NA,NA,NA,NA,NA,NA,NA,NA
93,"continuous",2,"Purely linear","Linear",TRUE,"MSE",1.10831360767744,0,NA,20,0,20,20,0,0,0,0,1,0,1,1
93,"continuous",2,"Purely linear","Random forest",TRUE,"MSE",2.9248316861214,0.919999999999959,NA,NA,NA,NA,NA,NA,NA,NA,NA,NA,NA,NA,NA
93,"continuous",2,"Purely linear","RuleFit",TRUE,"MSE",1.62306704021656,23.53,NA,131,131,0,0,80,51,0,0,0,0.610687022900763,0.610687022900763,2.38931297709924
94,"continuous",2,"Purely linear","BRP-GABLE full",TRUE,"MSE",1.19651429825061,34.41,NA,19,12,7,15,4,0,0,0,0.789473684210526,0.210526315789474,1,1.21052631578947
94,"continuous",2,"Purely linear","BRP-GABLE rule-only",TRUE,"MSE",1.68723948422947,34.7800000000001,NA,83,83,0,70,13,0,0,0,0.843373493975904,0.156626506024096,1,1.1566265060241
94,"continuous",2,"Purely linear","GABLE",TRUE,"MSE",4.27114311849592,0.75,NA,5,5,0,5,0,0,0,0,1,0,1,1
94,"continuous",2,"Purely linear","GBM",TRUE,"MSE",1.90781547112784,0.0299999999999998,NA,NA,NA,NA,NA,NA,NA,NA,NA,NA,NA,NA,NA
94,"continuous",2,"Purely linear","Linear",TRUE,"MSE",0.981978639781289,0,NA,20,0,20,20,0,0,0,0,1,0,1,1
94,"continuous",2,"Purely linear","Random forest",TRUE,"MSE",2.81223474596899,0.970000000000027,NA,NA,NA,NA,NA,NA,NA,NA,NA,NA,NA,NA,NA
94,"continuous",2,"Purely linear","RuleFit",TRUE,"MSE",1.3863375962831,23.14,NA,124,124,0,0,60,64,0,0,0,0.483870967741935,0.483870967741935,2.51612903225806
95,"continuous",2,"Purely linear","BRP-GABLE full",TRUE,"MSE",1.412230933738,34.9200000000001,NA,24,18,6,11,13,0,0,0,0.458333333333333,0.541666666666667,1,1.54166666666667
95,"continuous",2,"Purely linear","BRP-GABLE rule-only",TRUE,"MSE",2.27934853254286,34.4400000000001,NA,66,66,0,45,21,0,0,0,0.681818181818182,0.318181818181818,1,1.31818181818182
95,"continuous",2,"Purely linear","GABLE",TRUE,"MSE",4.15060102246547,0.700000000000045,NA,5,5,0,5,0,0,0,0,1,0,1,1
95,"continuous",2,"Purely linear","GBM",TRUE,"MSE",2.08300819647423,0.0300000000000002,NA,NA,NA,NA,NA,NA,NA,NA,NA,NA,NA,NA,NA
95,"continuous",2,"Purely linear","Linear",TRUE,"MSE",1.08215138346659,0.00999999999999091,NA,20,0,20,20,0,0,0,0,1,0,1,1
95,"continuous",2,"Purely linear","Random forest",TRUE,"MSE",2.86614969369795,0.910000000000082,NA,NA,NA,NA,NA,NA,NA,NA,NA,NA,NA,NA,NA
95,"continuous",2,"Purely linear","RuleFit",TRUE,"MSE",1.63717326334668,23.04,NA,106,106,0,0,48,58,0,0,0,0.452830188679245,0.452830188679245,2.54716981132075
96,"continuous",2,"Purely linear","BRP-GABLE full",TRUE,"MSE",1.22189103999751,36.8999999999999,NA,26,20,6,14,12,0,0,0,0.538461538461538,0.461538461538462,1,1.46153846153846
96,"continuous",2,"Purely linear","BRP-GABLE rule-only",TRUE,"MSE",2.0793969178886,37.3599999999997,NA,68,68,0,47,21,0,0,0,0.691176470588235,0.308823529411765,1,1.30882352941176
96,"continuous",2,"Purely linear","GABLE",TRUE,"MSE",4.26555401033,0.830000000000155,NA,5,5,0,5,0,0,0,0,1,0,1,1
96,"continuous",2,"Purely linear","GBM",TRUE,"MSE",1.91160696641635,0.02,NA,NA,NA,NA,NA,NA,NA,NA,NA,NA,NA,NA,NA
96,"continuous",2,"Purely linear","Linear",TRUE,"MSE",0.965451907882374,0.0199999999999818,NA,20,0,20,20,0,0,0,0,1,0,1,1
96,"continuous",2,"Purely linear","Random forest",TRUE,"MSE",2.87365358157754,0.919999999999845,NA,NA,NA,NA,NA,NA,NA,NA,NA,NA,NA,NA,NA
96,"continuous",2,"Purely linear","RuleFit",TRUE,"MSE",1.4338970246112,22.28,NA,104,104,0,0,58,46,0,0,0,0.557692307692308,0.557692307692308,2.44230769230769
97,"continuous",2,"Purely linear","BRP-GABLE full",TRUE,"MSE",1.19159425383971,35.1600000000001,NA,23,16,7,17,6,0,0,0,0.739130434782609,0.260869565217391,1,1.26086956521739
97,"continuous",2,"Purely linear","BRP-GABLE rule-only",TRUE,"MSE",2.00971820031048,35.0300000000002,NA,71,71,0,62,9,0,0,0,0.873239436619718,0.126760563380282,1,1.12676056338028
97,"continuous",2,"Purely linear","GABLE",TRUE,"MSE",4.03303571436865,0.830000000000155,NA,5,5,0,5,0,0,0,0,1,0,1,1
97,"continuous",2,"Purely linear","GBM",TRUE,"MSE",1.75742614132423,0.0300000000000002,NA,NA,NA,NA,NA,NA,NA,NA,NA,NA,NA,NA,NA
97,"continuous",2,"Purely linear","Linear",TRUE,"MSE",1.04913866579941,0,NA,20,0,20,20,0,0,0,0,1,0,1,1
97,"continuous",2,"Purely linear","Random forest",TRUE,"MSE",2.57579487602307,0.919999999999845,NA,NA,NA,NA,NA,NA,NA,NA,NA,NA,NA,NA,NA
97,"continuous",2,"Purely linear","RuleFit",TRUE,"MSE",1.35683239756165,21.85,NA,122,122,0,0,61,61,0,0,0,0.5,0.5,2.5
98,"continuous",2,"Purely linear","BRP-GABLE full",TRUE,"MSE",1.26983221753182,34.0099999999998,NA,20,14,6,15,5,0,0,0,0.75,0.25,1,1.25
98,"continuous",2,"Purely linear","BRP-GABLE rule-only",TRUE,"MSE",1.96772761106373,34.9300000000001,NA,59,59,0,49,10,0,0,0,0.830508474576271,0.169491525423729,1,1.16949152542373
98,"continuous",2,"Purely linear","GABLE",TRUE,"MSE",4.34208042645132,0.809999999999945,NA,5,5,0,5,0,0,0,0,1,0,1,1
98,"continuous",2,"Purely linear","GBM",TRUE,"MSE",1.83526193842298,0.0300000000000002,NA,NA,NA,NA,NA,NA,NA,NA,NA,NA,NA,NA,NA
98,"continuous",2,"Purely linear","Linear",TRUE,"MSE",1.09412685867774,0,NA,20,0,20,20,0,0,0,0,1,0,1,1
98,"continuous",2,"Purely linear","Random forest",TRUE,"MSE",2.75910961930831,0.950000000000045,NA,NA,NA,NA,NA,NA,NA,NA,NA,NA,NA,NA,NA
98,"continuous",2,"Purely linear","RuleFit",TRUE,"MSE",1.58704920539491,21,NA,121,121,0,1,73,47,0,0,0.00826446280991736,0.603305785123967,0.611570247933884,2.3801652892562
99,"continuous",2,"Purely linear","BRP-GABLE full",TRUE,"MSE",1.25137424471624,33.6799999999998,NA,31,24,7,22,9,0,0,0,0.709677419354839,0.290322580645161,1,1.29032258064516
99,"continuous",2,"Purely linear","BRP-GABLE rule-only",TRUE,"MSE",2.361168500059,34,NA,58,58,0,47,11,0,0,0,0.810344827586207,0.189655172413793,1,1.18965517241379
99,"continuous",2,"Purely linear","GABLE",TRUE,"MSE",4.18771321171502,0.690000000000055,NA,5,5,0,5,0,0,0,0,1,0,1,1
99,"continuous",2,"Purely linear","GBM",TRUE,"MSE",1.8106992566926,0.0300000000000002,NA,NA,NA,NA,NA,NA,NA,NA,NA,NA,NA,NA,NA
99,"continuous",2,"Purely linear","Linear",TRUE,"MSE",1.08989853717299,0,NA,20,0,20,20,0,0,0,0,1,0,1,1
99,"continuous",2,"Purely linear","Random forest",TRUE,"MSE",2.61768986779456,0.869999999999891,NA,NA,NA,NA,NA,NA,NA,NA,NA,NA,NA,NA,NA
99,"continuous",2,"Purely linear","RuleFit",TRUE,"MSE",1.55001536402833,18.58,NA,131,131,0,0,69,62,0,0,0,0.526717557251908,0.526717557251908,2.47328244274809
100,"continuous",2,"Purely linear","BRP-GABLE full",TRUE,"MSE",1.35542143635981,32.5999999999999,NA,21,15,6,15,6,0,0,0,0.714285714285714,0.285714285714286,1,1.28571428571429
100,"continuous",2,"Purely linear","BRP-GABLE rule-only",TRUE,"MSE",1.90619355909163,33.8299999999999,NA,70,70,0,55,15,0,0,0,0.785714285714286,0.214285714285714,1,1.21428571428571
100,"continuous",2,"Purely linear","GABLE",TRUE,"MSE",4.23381115731636,0.610000000000127,NA,5,5,0,5,0,0,0,0,1,0,1,1
100,"continuous",2,"Purely linear","GBM",TRUE,"MSE",1.95237457540679,0.0300000000000002,NA,NA,NA,NA,NA,NA,NA,NA,NA,NA,NA,NA,NA
100,"continuous",2,"Purely linear","Linear",TRUE,"MSE",1.13090735097071,0,NA,20,0,20,20,0,0,0,0,1,0,1,1
100,"continuous",2,"Purely linear","Random forest",TRUE,"MSE",2.76728906854188,0.839999999999918,NA,NA,NA,NA,NA,NA,NA,NA,NA,NA,NA,NA,NA
100,"continuous",2,"Purely linear","RuleFit",TRUE,"MSE",1.77113443779157,16.91,NA,112,112,0,0,67,45,0,0,0,0.598214285714286,0.598214285714286,2.40178571428571
1,"continuous",3,"Mixed linear and rule-based","BRP-GABLE full",TRUE,"MSE",1.42495474763623,40.23,NA,34,26,8,22,12,0,0,0,0.647058823529412,0.352941176470588,1,1.35294117647059
1,"continuous",3,"Mixed linear and rule-based","BRP-GABLE rule-only",TRUE,"MSE",1.72877046271814,39.65,NA,55,55,0,44,11,0,0,0,0.8,0.2,1,1.2
1,"continuous",3,"Mixed linear and rule-based","GABLE",TRUE,"MSE",2.51790757241508,1.02,NA,5,5,0,5,0,0,0,0,1,0,1,1
1,"continuous",3,"Mixed linear and rule-based","GBM",TRUE,"MSE",1.77006422048038,0.03,NA,NA,NA,NA,NA,NA,NA,NA,NA,NA,NA,NA,NA
1,"continuous",3,"Mixed linear and rule-based","Linear",TRUE,"MSE",1.74507445717718,0,NA,20,0,20,20,0,0,0,0,1,0,1,1
1,"continuous",3,"Mixed linear and rule-based","Random forest",TRUE,"MSE",2.11162269096555,0.950000000000003,NA,NA,NA,NA,NA,NA,NA,NA,NA,NA,NA,NA,NA
1,"continuous",3,"Mixed linear and rule-based","RuleFit",TRUE,"MSE",1.51185528120165,23.75,NA,100,100,0,1,67,32,0,0,0.01,0.67,0.68,2.31
2,"continuous",3,"Mixed linear and rule-based","BRP-GABLE full",TRUE,"MSE",1.31792142762163,42.45,NA,44,36,8,35,9,0,0,0,0.795454545454545,0.204545454545455,1,1.20454545454545
2,"continuous",3,"Mixed linear and rule-based","BRP-GABLE rule-only",TRUE,"MSE",1.57130993844253,41.69,NA,63,63,0,53,10,0,0,0,0.841269841269841,0.158730158730159,1,1.15873015873016
2,"continuous",3,"Mixed linear and rule-based","GABLE",TRUE,"MSE",2.29363272838975,0.93,NA,5,5,0,5,0,0,0,0,1,0,1,1
2,"continuous",3,"Mixed linear and rule-based","GBM",TRUE,"MSE",1.61633863255405,0.04,NA,NA,NA,NA,NA,NA,NA,NA,NA,NA,NA,NA,NA
2,"continuous",3,"Mixed linear and rule-based","Linear",TRUE,"MSE",1.5903106043414,0.00999999999999801,NA,20,0,20,20,0,0,0,0,1,0,1,1
2,"continuous",3,"Mixed linear and rule-based","Random forest",TRUE,"MSE",2.02753497482991,1.07,NA,NA,NA,NA,NA,NA,NA,NA,NA,NA,NA,NA,NA
2,"continuous",3,"Mixed linear and rule-based","RuleFit",TRUE,"MSE",1.40700378731693,23.68,NA,102,102,0,0,65,37,0,0,0,0.637254901960784,0.637254901960784,2.36274509803922
3,"continuous",3,"Mixed linear and rule-based","BRP-GABLE full",TRUE,"MSE",1.32447072421266,41.13,NA,43,35,8,37,6,0,0,0,0.86046511627907,0.13953488372093,1,1.13953488372093
3,"continuous",3,"Mixed linear and rule-based","BRP-GABLE rule-only",TRUE,"MSE",1.73907250015988,40.97,NA,50,50,0,42,8,0,0,0,0.84,0.16,1,1.16
3,"continuous",3,"Mixed linear and rule-based","GABLE",TRUE,"MSE",2.47088726820411,0.910000000000004,NA,5,5,0,5,0,0,0,0,1,0,1,1
3,"continuous",3,"Mixed linear and rule-based","GBM",TRUE,"MSE",1.66936975603441,0.03,NA,NA,NA,NA,NA,NA,NA,NA,NA,NA,NA,NA,NA
3,"continuous",3,"Mixed linear and rule-based","Linear",TRUE,"MSE",1.64523271105943,0,NA,20,0,20,20,0,0,0,0,1,0,1,1
3,"continuous",3,"Mixed linear and rule-based","Random forest",TRUE,"MSE",2.03418694625451,1.03,NA,NA,NA,NA,NA,NA,NA,NA,NA,NA,NA,NA,NA
3,"continuous",3,"Mixed linear and rule-based","RuleFit",TRUE,"MSE",1.36453761684754,23.5,NA,108,108,0,2,73,33,0,0,0.0185185185185185,0.675925925925926,0.694444444444444,2.28703703703704
4,"continuous",3,"Mixed linear and rule-based","BRP-GABLE full",TRUE,"MSE",1.36228004938035,40.49,NA,51,43,8,39,12,0,0,0,0.764705882352941,0.235294117647059,1,1.23529411764706
4,"continuous",3,"Mixed linear and rule-based","BRP-GABLE rule-only",TRUE,"MSE",1.59788287194202,40.34,NA,67,67,0,54,13,0,0,0,0.805970149253731,0.194029850746269,1,1.19402985074627
4,"continuous",3,"Mixed linear and rule-based","GABLE",TRUE,"MSE",2.44130378936494,0.939999999999998,NA,5,5,0,5,0,0,0,0,1,0,1,1
4,"continuous",3,"Mixed linear and rule-based","GBM",TRUE,"MSE",1.71631037736914,0.01,NA,NA,NA,NA,NA,NA,NA,NA,NA,NA,NA,NA,NA
4,"continuous",3,"Mixed linear and rule-based","Linear",TRUE,"MSE",1.73579490187215,0,NA,20,0,20,20,0,0,0,0,1,0,1,1
4,"continuous",3,"Mixed linear and rule-based","Random forest",TRUE,"MSE",2.08795588689137,1.11,NA,NA,NA,NA,NA,NA,NA,NA,NA,NA,NA,NA,NA
4,"continuous",3,"Mixed linear and rule-based","RuleFit",TRUE,"MSE",1.45494223592657,22.55,NA,87,87,0,0,58,29,0,0,0,0.666666666666667,0.666666666666667,2.33333333333333
5,"continuous",3,"Mixed linear and rule-based","BRP-GABLE full",TRUE,"MSE",1.24072667444651,41.25,NA,48,39,9,37,11,0,0,0,0.770833333333333,0.229166666666667,1,1.22916666666667
5,"continuous",3,"Mixed linear and rule-based","BRP-GABLE rule-only",TRUE,"MSE",1.68656166182139,41.71,NA,46,46,0,35,11,0,0,0,0.760869565217391,0.239130434782609,1,1.23913043478261
5,"continuous",3,"Mixed linear and rule-based","GABLE",TRUE,"MSE",2.2822569493015,0.829999999999998,NA,5,5,0,4,1,0,0,0,0.8,0.2,1,1.2
5,"continuous",3,"Mixed linear and rule-based","GBM",TRUE,"MSE",1.53623503228938,0.01,NA,NA,NA,NA,NA,NA,NA,NA,NA,NA,NA,NA,NA
5,"continuous",3,"Mixed linear and rule-based","Linear",TRUE,"MSE",1.51740196524334,0.019999999999996,NA,20,0,20,20,0,0,0,0,1,0,1,1
5,"continuous",3,"Mixed linear and rule-based","Random forest",TRUE,"MSE",1.85876539838782,1.06,NA,NA,NA,NA,NA,NA,NA,NA,NA,NA,NA,NA,NA
5,"continuous",3,"Mixed linear and rule-based","RuleFit",TRUE,"MSE",1.2758897434106,22.91,NA,105,105,0,0,76,29,0,0,0,0.723809523809524,0.723809523809524,2.27619047619048
6,"continuous",3,"Mixed linear and rule-based","BRP-GABLE full",TRUE,"MSE",1.30266661319857,37.66,NA,50,42,8,43,7,0,0,0,0.86,0.14,1,1.14
6,"continuous",3,"Mixed linear and rule-based","BRP-GABLE rule-only",TRUE,"MSE",1.55717463997255,37.4,NA,66,66,0,57,9,0,0,0,0.863636363636364,0.136363636363636,1,1.13636363636364
6,"continuous",3,"Mixed linear and rule-based","GABLE",TRUE,"MSE",2.62424982288297,0.859999999999999,NA,5,5,0,5,0,0,0,0,1,0,1,1
6,"continuous",3,"Mixed linear and rule-based","GBM",TRUE,"MSE",1.64843503850465,0.02,NA,NA,NA,NA,NA,NA,NA,NA,NA,NA,NA,NA,NA
6,"continuous",3,"Mixed linear and rule-based","Linear",TRUE,"MSE",1.97522305222735,0.0100000000000051,NA,20,0,20,20,0,0,0,0,1,0,1,1
6,"continuous",3,"Mixed linear and rule-based","Random forest",TRUE,"MSE",2.1167100605453,0.939999999999998,NA,NA,NA,NA,NA,NA,NA,NA,NA,NA,NA,NA,NA
6,"continuous",3,"Mixed linear and rule-based","RuleFit",TRUE,"MSE",1.45500461065583,22.27,NA,95,95,0,1,68,26,0,0,0.0105263157894737,0.715789473684211,0.726315789473684,2.26315789473684
7,"continuous",3,"Mixed linear and rule-based","BRP-GABLE full",TRUE,"MSE",1.29207956693676,36.52,NA,36,27,9,23,13,0,0,0,0.638888888888889,0.361111111111111,1,1.36111111111111
7,"continuous",3,"Mixed linear and rule-based","BRP-GABLE rule-only",TRUE,"MSE",1.8402985615496,36.76,NA,51,51,0,36,15,0,0,0,0.705882352941177,0.294117647058824,1,1.29411764705882
7,"continuous",3,"Mixed linear and rule-based","GABLE",TRUE,"MSE",2.47087965920141,0.769999999999996,NA,5,5,0,4,1,0,0,0,0.8,0.2,1,1.2
7,"continuous",3,"Mixed linear and rule-based","GBM",TRUE,"MSE",1.59662816971284,0.03,NA,NA,NA,NA,NA,NA,NA,NA,NA,NA,NA,NA,NA
7,"continuous",3,"Mixed linear and rule-based","Linear",TRUE,"MSE",1.68010613409325,0.019999999999996,NA,20,0,20,20,0,0,0,0,1,0,1,1
7,"continuous",3,"Mixed linear and rule-based","Random forest",TRUE,"MSE",1.8375213481571,0.950000000000003,NA,NA,NA,NA,NA,NA,NA,NA,NA,NA,NA,NA,NA
7,"continuous",3,"Mixed linear and rule-based","RuleFit",TRUE,"MSE",1.38834445831406,22.75,NA,91,91,0,0,53,38,0,0,0,0.582417582417582,0.582417582417582,2.41758241758242
8,"continuous",3,"Mixed linear and rule-based","BRP-GABLE full",TRUE,"MSE",1.18673511450061,36.99,NA,43,34,9,37,6,0,0,0,0.86046511627907,0.13953488372093,1,1.13953488372093
8,"continuous",3,"Mixed linear and rule-based","BRP-GABLE rule-only",TRUE,"MSE",1.3980976055296,37.54,NA,65,65,0,56,9,0,0,0,0.861538461538462,0.138461538461538,1,1.13846153846154
8,"continuous",3,"Mixed linear and rule-based","GABLE",TRUE,"MSE",2.32619536714429,0.879999999999995,NA,5,5,0,5,0,0,0,0,1,0,1,1
8,"continuous",3,"Mixed linear and rule-based","GBM",TRUE,"MSE",1.53285251824188,0.03,NA,NA,NA,NA,NA,NA,NA,NA,NA,NA,NA,NA,NA
8,"continuous",3,"Mixed linear and rule-based","Linear",TRUE,"MSE",1.57921794335194,0.0300000000000011,NA,20,0,20,20,0,0,0,0,1,0,1,1
8,"continuous",3,"Mixed linear and rule-based","Random forest",TRUE,"MSE",1.88191686584262,0.890000000000001,NA,NA,NA,NA,NA,NA,NA,NA,NA,NA,NA,NA,NA
8,"continuous",3,"Mixed linear and rule-based","RuleFit",TRUE,"MSE",1.1874811856015,22.4,NA,101,101,0,2,66,33,0,0,0.0198019801980198,0.653465346534653,0.673267326732673,2.30693069306931
9,"continuous",3,"Mixed linear and rule-based","BRP-GABLE full",TRUE,"MSE",1.23942301077229,35.99,NA,39,30,9,36,3,0,0,0,0.923076923076923,0.0769230769230769,1,1.07692307692308
9,"continuous",3,"Mixed linear and rule-based","BRP-GABLE rule-only",TRUE,"MSE",1.67536736019762,36.52,NA,47,47,0,40,7,0,0,0,0.851063829787234,0.148936170212766,1,1.14893617021277
9,"continuous",3,"Mixed linear and rule-based","GABLE",TRUE,"MSE",2.31330262831845,0.960000000000008,NA,5,5,0,5,0,0,0,0,1,0,1,1
9,"continuous",3,"Mixed linear and rule-based","GBM",TRUE,"MSE",1.57190094029363,0.03,NA,NA,NA,NA,NA,NA,NA,NA,NA,NA,NA,NA,NA
9,"continuous",3,"Mixed linear and rule-based","Linear",TRUE,"MSE",1.72203238942241,0.0300000000000011,NA,20,0,20,20,0,0,0,0,1,0,1,1
9,"continuous",3,"Mixed linear and rule-based","Random forest",TRUE,"MSE",1.83121966730742,0.839999999999989,NA,NA,NA,NA,NA,NA,NA,NA,NA,NA,NA,NA,NA
9,"continuous",3,"Mixed linear and rule-based","RuleFit",TRUE,"MSE",1.34965833829319,22.42,NA,104,104,0,1,77,26,0,0,0.00961538461538462,0.740384615384615,0.75,2.24038461538462
10,"continuous",3,"Mixed linear and rule-based","BRP-GABLE full",TRUE,"MSE",1.22057124802645,36.35,NA,48,39,9,35,13,0,0,0,0.729166666666667,0.270833333333333,1,1.27083333333333
10,"continuous",3,"Mixed linear and rule-based","BRP-GABLE rule-only",TRUE,"MSE",1.59264194415179,35.91,NA,65,65,0,51,14,0,0,0,0.784615384615385,0.215384615384615,1,1.21538461538462
10,"continuous",3,"Mixed linear and rule-based","GABLE",TRUE,"MSE",2.34703898016304,0.859999999999999,NA,5,5,0,5,0,0,0,0,1,0,1,1
10,"continuous",3,"Mixed linear and rule-based","GBM",TRUE,"MSE",1.4667179112097,0.0299999999999998,NA,NA,NA,NA,NA,NA,NA,NA,NA,NA,NA,NA,NA
10,"continuous",3,"Mixed linear and rule-based","Linear",TRUE,"MSE",1.62290771681622,0.0300000000000011,NA,20,0,20,20,0,0,0,0,1,0,1,1
10,"continuous",3,"Mixed linear and rule-based","Random forest",TRUE,"MSE",1.79488424674274,0.840000000000003,NA,NA,NA,NA,NA,NA,NA,NA,NA,NA,NA,NA,NA
10,"continuous",3,"Mixed linear and rule-based","RuleFit",TRUE,"MSE",1.30518815400006,21.95,NA,102,102,0,0,61,41,0,0,0,0.598039215686274,0.598039215686274,2.40196078431373
11,"continuous",3,"Mixed linear and rule-based","BRP-GABLE full",TRUE,"MSE",1.14162682044403,34.8,NA,49,39,10,40,9,0,0,0,0.816326530612245,0.183673469387755,1,1.18367346938776
11,"continuous",3,"Mixed linear and rule-based","BRP-GABLE rule-only",TRUE,"MSE",1.71660562758888,34.73,NA,57,57,0,49,8,0,0,0,0.859649122807018,0.140350877192982,1,1.14035087719298
11,"continuous",3,"Mixed linear and rule-based","GABLE",TRUE,"MSE",2.17456852616703,0.990000000000009,NA,5,5,0,5,0,0,0,0,1,0,1,1
11,"continuous",3,"Mixed linear and rule-based","GBM",TRUE,"MSE",1.36566420128606,0.0299999999999998,NA,NA,NA,NA,NA,NA,NA,NA,NA,NA,NA,NA,NA
11,"continuous",3,"Mixed linear and rule-based","Linear",TRUE,"MSE",1.53939892941603,0,NA,20,0,20,20,0,0,0,0,1,0,1,1
11,"continuous",3,"Mixed linear and rule-based","Random forest",TRUE,"MSE",1.69861785918206,0.889999999999986,NA,NA,NA,NA,NA,NA,NA,NA,NA,NA,NA,NA,NA
11,"continuous",3,"Mixed linear and rule-based","RuleFit",TRUE,"MSE",1.1493259436984,22.04,NA,98,98,0,1,64,33,0,0,0.0102040816326531,0.653061224489796,0.663265306122449,2.3265306122449
12,"continuous",3,"Mixed linear and rule-based","BRP-GABLE full",TRUE,"MSE",1.17949419946821,35.6,NA,44,36,8,33,11,0,0,0,0.75,0.25,1,1.25
12,"continuous",3,"Mixed linear and rule-based","BRP-GABLE rule-only",TRUE,"MSE",1.52257147818847,35.97,NA,43,43,0,33,10,0,0,0,0.767441860465116,0.232558139534884,1,1.23255813953488
12,"continuous",3,"Mixed linear and rule-based","GABLE",TRUE,"MSE",2.13453337742442,0.620000000000005,NA,5,5,0,4,1,0,0,0,0.8,0.2,1,1.2
12,"continuous",3,"Mixed linear and rule-based","GBM",TRUE,"MSE",1.41571158377948,0.02,NA,NA,NA,NA,NA,NA,NA,NA,NA,NA,NA,NA,NA
12,"continuous",3,"Mixed linear and rule-based","Linear",TRUE,"MSE",1.58407143899336,0.00999999999999091,NA,20,0,20,20,0,0,0,0,1,0,1,1
12,"continuous",3,"Mixed linear and rule-based","Random forest",TRUE,"MSE",1.72335029592156,0.909999999999997,NA,NA,NA,NA,NA,NA,NA,NA,NA,NA,NA,NA,NA
12,"continuous",3,"Mixed linear and rule-based","RuleFit",TRUE,"MSE",1.24966886362596,22.22,NA,102,102,0,1,78,23,0,0,0.00980392156862745,0.764705882352941,0.774509803921569,2.2156862745098
13,"continuous",3,"Mixed linear and rule-based","BRP-GABLE full",TRUE,"MSE",1.3509715691745,36.44,NA,44,37,7,34,10,0,0,0,0.772727272727273,0.227272727272727,1,1.22727272727273
13,"continuous",3,"Mixed linear and rule-based","BRP-GABLE rule-only",TRUE,"MSE",1.79517680692811,37.11,NA,55,55,0,44,11,0,0,0,0.8,0.2,1,1.2
13,"continuous",3,"Mixed linear and rule-based","GABLE",TRUE,"MSE",2.5758386022951,0.759999999999991,NA,5,5,0,5,0,0,0,0,1,0,1,1
13,"continuous",3,"Mixed linear and rule-based","GBM",TRUE,"MSE",1.63705344949687,0.03,NA,NA,NA,NA,NA,NA,NA,NA,NA,NA,NA,NA,NA
13,"continuous",3,"Mixed linear and rule-based","Linear",TRUE,"MSE",1.56280044760899,0,NA,20,0,20,20,0,0,0,0,1,0,1,1
13,"continuous",3,"Mixed linear and rule-based","Random forest",TRUE,"MSE",1.94891968423051,0.909999999999997,NA,NA,NA,NA,NA,NA,NA,NA,NA,NA,NA,NA,NA
13,"continuous",3,"Mixed linear and rule-based","RuleFit",TRUE,"MSE",1.36325990302802,21.25,NA,85,85,0,1,62,22,0,0,0.0117647058823529,0.729411764705882,0.741176470588235,2.24705882352941
14,"continuous",3,"Mixed linear and rule-based","BRP-GABLE full",TRUE,"MSE",1.44175350003186,35.7,NA,59,48,11,53,6,0,0,0,0.898305084745763,0.101694915254237,1,1.10169491525424
14,"continuous",3,"Mixed linear and rule-based","BRP-GABLE rule-only",TRUE,"MSE",1.81945543786552,35.24,NA,65,65,0,58,7,0,0,0,0.892307692307692,0.107692307692308,1,1.10769230769231
14,"continuous",3,"Mixed linear and rule-based","GABLE",TRUE,"MSE",2.544797031616,0.829999999999984,NA,5,5,0,5,0,0,0,0,1,0,1,1
14,"continuous",3,"Mixed linear and rule-based","GBM",TRUE,"MSE",1.80607571039852,0.04,NA,NA,NA,NA,NA,NA,NA,NA,NA,NA,NA,NA,NA
14,"continuous",3,"Mixed linear and rule-based","Linear",TRUE,"MSE",1.89066707168613,0,NA,20,0,20,20,0,0,0,0,1,0,1,1
14,"continuous",3,"Mixed linear and rule-based","Random forest",TRUE,"MSE",2.35232354516728,0.909999999999997,NA,NA,NA,NA,NA,NA,NA,NA,NA,NA,NA,NA,NA
14,"continuous",3,"Mixed linear and rule-based","RuleFit",TRUE,"MSE",1.49116076693715,21.41,NA,106,106,0,0,71,35,0,0,0,0.669811320754717,0.669811320754717,2.33018867924528
15,"continuous",3,"Mixed linear and rule-based","BRP-GABLE full",TRUE,"MSE",1.16911230598109,35.77,NA,51,42,9,42,9,0,0,0,0.823529411764706,0.176470588235294,1,1.17647058823529
15,"continuous",3,"Mixed linear and rule-based","BRP-GABLE rule-only",TRUE,"MSE",1.51772417347338,35.73,NA,61,61,0,51,10,0,0,0,0.836065573770492,0.163934426229508,1,1.16393442622951
15,"continuous",3,"Mixed linear and rule-based","GABLE",TRUE,"MSE",2.52473157233831,0.789999999999992,NA,5,5,0,5,0,0,0,0,1,0,1,1
15,"continuous",3,"Mixed linear and rule-based","GBM",TRUE,"MSE",1.52432193286368,0.03,NA,NA,NA,NA,NA,NA,NA,NA,NA,NA,NA,NA,NA
15,"continuous",3,"Mixed linear and rule-based","Linear",TRUE,"MSE",1.66195958546918,0,NA,20,0,20,20,0,0,0,0,1,0,1,1
15,"continuous",3,"Mixed linear and rule-based","Random forest",TRUE,"MSE",1.87379734964147,0.889999999999986,NA,NA,NA,NA,NA,NA,NA,NA,NA,NA,NA,NA,NA
15,"continuous",3,"Mixed linear and rule-based","RuleFit",TRUE,"MSE",1.48418529333989,21.52,NA,97,97,0,3,65,29,0,0,0.0309278350515464,0.670103092783505,0.701030927835051,2.2680412371134
16,"continuous",3,"Mixed linear and rule-based","BRP-GABLE full",TRUE,"MSE",1.13745695583573,35.11,NA,50,42,8,34,16,0,0,0,0.68,0.32,1,1.32
16,"continuous",3,"Mixed linear and rule-based","BRP-GABLE rule-only",TRUE,"MSE",1.56221707166344,35.41,NA,48,48,0,33,15,0,0,0,0.6875,0.3125,1,1.3125
16,"continuous",3,"Mixed linear and rule-based","GABLE",TRUE,"MSE",2.43879906653502,0.840000000000003,NA,5,5,0,5,0,0,0,0,1,0,1,1
16,"continuous",3,"Mixed linear and rule-based","GBM",TRUE,"MSE",1.49809759540352,0.03,NA,NA,NA,NA,NA,NA,NA,NA,NA,NA,NA,NA,NA
16,"continuous",3,"Mixed linear and rule-based","Linear",TRUE,"MSE",1.71648912409382,0,NA,20,0,20,20,0,0,0,0,1,0,1,1
16,"continuous",3,"Mixed linear and rule-based","Random forest",TRUE,"MSE",1.89280261715702,0.900000000000006,NA,NA,NA,NA,NA,NA,NA,NA,NA,NA,NA,NA,NA
16,"continuous",3,"Mixed linear and rule-based","RuleFit",TRUE,"MSE",1.23574316678522,22.75,NA,100,100,0,0,68,32,0,0,0,0.68,0.68,2.32
17,"continuous",3,"Mixed linear and rule-based","BRP-GABLE full",TRUE,"MSE",1.07737393398927,35.96,NA,55,48,7,48,7,0,0,0,0.872727272727273,0.127272727272727,1,1.12727272727273
17,"continuous",3,"Mixed linear and rule-based","BRP-GABLE rule-only",TRUE,"MSE",1.474259065924,35.55,NA,68,68,0,58,10,0,0,0,0.852941176470588,0.147058823529412,1,1.14705882352941
17,"continuous",3,"Mixed linear and rule-based","GABLE",TRUE,"MSE",2.07796542928217,0.829999999999984,NA,5,5,0,5,0,0,0,0,1,0,1,1
17,"continuous",3,"Mixed linear and rule-based","GBM",TRUE,"MSE",1.30650871925789,0.03,NA,NA,NA,NA,NA,NA,NA,NA,NA,NA,NA,NA,NA
17,"continuous",3,"Mixed linear and rule-based","Linear",TRUE,"MSE",1.45025281758625,0,NA,20,0,20,20,0,0,0,0,1,0,1,1
17,"continuous",3,"Mixed linear and rule-based","Random forest",TRUE,"MSE",1.65620664730654,0.890000000000015,NA,NA,NA,NA,NA,NA,NA,NA,NA,NA,NA,NA,NA
17,"continuous",3,"Mixed linear and rule-based","RuleFit",TRUE,"MSE",1.19229251568308,21.83,NA,97,97,0,1,68,28,0,0,0.0103092783505155,0.701030927835051,0.711340206185567,2.27835051546392
18,"continuous",3,"Mixed linear and rule-based","BRP-GABLE full",TRUE,"MSE",1.27004389859681,36.31,NA,43,36,7,32,11,0,0,0,0.744186046511628,0.255813953488372,1,1.25581395348837
18,"continuous",3,"Mixed linear and rule-based","BRP-GABLE rule-only",TRUE,"MSE",1.56681331594406,35.88,NA,60,60,0,49,11,0,0,0,0.816666666666667,0.183333333333333,1,1.18333333333333
18,"continuous",3,"Mixed linear and rule-based","GABLE",TRUE,"MSE",2.34714030602535,0.840000000000003,NA,5,5,0,5,0,0,0,0,1,0,1,1
18,"continuous",3,"Mixed linear and rule-based","GBM",TRUE,"MSE",1.57616418429526,0.03,NA,NA,NA,NA,NA,NA,NA,NA,NA,NA,NA,NA,NA
18,"continuous",3,"Mixed linear and rule-based","Linear",TRUE,"MSE",1.49523552504245,0,NA,20,0,20,20,0,0,0,0,1,0,1,1
18,"continuous",3,"Mixed linear and rule-based","Random forest",TRUE,"MSE",1.84291024530237,0.859999999999985,NA,NA,NA,NA,NA,NA,NA,NA,NA,NA,NA,NA,NA
18,"continuous",3,"Mixed linear and rule-based","RuleFit",TRUE,"MSE",1.39149819857988,21.07,NA,94,94,0,0,70,24,0,0,0,0.74468085106383,0.74468085106383,2.25531914893617
19,"continuous",3,"Mixed linear and rule-based","BRP-GABLE full",TRUE,"MSE",1.26763589736089,35.63,NA,50,43,7,33,17,0,0,0,0.66,0.34,1,1.34
19,"continuous",3,"Mixed linear and rule-based","BRP-GABLE rule-only",TRUE,"MSE",1.57305649583083,35.27,NA,54,54,0,39,15,0,0,0,0.722222222222222,0.277777777777778,1,1.27777777777778
19,"continuous",3,"Mixed linear and rule-based","GABLE",TRUE,"MSE",2.18653444125953,0.769999999999982,NA,5,5,0,5,0,0,0,0,1,0,1,1
19,"continuous",3,"Mixed linear and rule-based","GBM",TRUE,"MSE",1.43868022590432,0.03,NA,NA,NA,NA,NA,NA,NA,NA,NA,NA,NA,NA,NA
19,"continuous",3,"Mixed linear and rule-based","Linear",TRUE,"MSE",1.61676504251953,0,NA,20,0,20,20,0,0,0,0,1,0,1,1
19,"continuous",3,"Mixed linear and rule-based","Random forest",TRUE,"MSE",1.95769116438735,0.920000000000016,NA,NA,NA,NA,NA,NA,NA,NA,NA,NA,NA,NA,NA
19,"continuous",3,"Mixed linear and rule-based","RuleFit",TRUE,"MSE",1.27438357347945,21.4,NA,88,88,0,0,62,26,0,0,0,0.704545454545455,0.704545454545455,2.29545454545455
20,"continuous",3,"Mixed linear and rule-based","BRP-GABLE full",TRUE,"MSE",1.24706931161202,35.74,NA,51,44,7,38,13,0,0,0,0.745098039215686,0.254901960784314,1,1.25490196078431
20,"continuous",3,"Mixed linear and rule-based","BRP-GABLE rule-only",TRUE,"MSE",1.53861814527481,35.17,NA,53,53,0,40,13,0,0,0,0.754716981132076,0.245283018867925,1,1.24528301886792
20,"continuous",3,"Mixed linear and rule-based","GABLE",TRUE,"MSE",2.22776415767654,0.800000000000011,NA,5,5,0,5,0,0,0,0,1,0,1,1
20,"continuous",3,"Mixed linear and rule-based","GBM",TRUE,"MSE",1.63266866431994,0.03,NA,NA,NA,NA,NA,NA,NA,NA,NA,NA,NA,NA,NA
20,"continuous",3,"Mixed linear and rule-based","Linear",TRUE,"MSE",1.64884969390089,0.0100000000000193,NA,20,0,20,20,0,0,0,0,1,0,1,1
20,"continuous",3,"Mixed linear and rule-based","Random forest",TRUE,"MSE",1.88426643164654,0.889999999999986,NA,NA,NA,NA,NA,NA,NA,NA,NA,NA,NA,NA,NA
20,"continuous",3,"Mixed linear and rule-based","RuleFit",TRUE,"MSE",1.42921238576338,20.85,NA,84,84,0,5,53,26,0,0,0.0595238095238095,0.630952380952381,0.69047619047619,2.25
21,"continuous",3,"Mixed linear and rule-based","BRP-GABLE full",TRUE,"MSE",1.13668554178787,36.61,NA,44,36,8,37,7,0,0,0,0.840909090909091,0.159090909090909,1,1.15909090909091
21,"continuous",3,"Mixed linear and rule-based","BRP-GABLE rule-only",TRUE,"MSE",1.46457639970148,37.5000000000001,NA,53,53,0,45,8,0,0,0,0.849056603773585,0.150943396226415,1,1.15094339622642
21,"continuous",3,"Mixed linear and rule-based","GABLE",TRUE,"MSE",2.28075198157797,0.78000000000003,NA,5,5,0,5,0,0,0,0,1,0,1,1
21,"continuous",3,"Mixed linear and rule-based","GBM",TRUE,"MSE",1.42831432746027,0.03,NA,NA,NA,NA,NA,NA,NA,NA,NA,NA,NA,NA,NA
21,"continuous",3,"Mixed linear and rule-based","Linear",TRUE,"MSE",1.52461355663514,0,NA,20,0,20,20,0,0,0,0,1,0,1,1
21,"continuous",3,"Mixed linear and rule-based","Random forest",TRUE,"MSE",1.79279137567164,0.889999999999986,NA,NA,NA,NA,NA,NA,NA,NA,NA,NA,NA,NA,NA
21,"continuous",3,"Mixed linear and rule-based","RuleFit",TRUE,"MSE",1.28587462813466,21.57,NA,84,84,0,0,55,29,0,0,0,0.654761904761905,0.654761904761905,2.3452380952381
22,"continuous",3,"Mixed linear and rule-based","BRP-GABLE full",TRUE,"MSE",1.2601032355535,37.18,NA,43,35,8,35,8,0,0,0,0.813953488372093,0.186046511627907,1,1.18604651162791
22,"continuous",3,"Mixed linear and rule-based","BRP-GABLE rule-only",TRUE,"MSE",1.56230523309821,36.91,NA,63,63,0,55,8,0,0,0,0.873015873015873,0.126984126984127,1,1.12698412698413
22,"continuous",3,"Mixed linear and rule-based","GABLE",TRUE,"MSE",2.51864180275494,0.799999999999955,NA,5,5,0,5,0,0,0,0,1,0,1,1
22,"continuous",3,"Mixed linear and rule-based","GBM",TRUE,"MSE",1.62131679382313,0.03,NA,NA,NA,NA,NA,NA,NA,NA,NA,NA,NA,NA,NA
22,"continuous",3,"Mixed linear and rule-based","Linear",TRUE,"MSE",1.52824284475895,0.0199999999999818,NA,20,0,20,20,0,0,0,0,1,0,1,1
22,"continuous",3,"Mixed linear and rule-based","Random forest",TRUE,"MSE",2.03697287506529,0.890000000000043,NA,NA,NA,NA,NA,NA,NA,NA,NA,NA,NA,NA,NA
22,"continuous",3,"Mixed linear and rule-based","RuleFit",TRUE,"MSE",1.38522334840691,20.91,NA,109,109,0,1,72,36,0,0,0.00917431192660551,0.660550458715596,0.669724770642202,2.32110091743119
23,"continuous",3,"Mixed linear and rule-based","BRP-GABLE full",TRUE,"MSE",1.35003762394295,34.9,NA,60,52,8,45,15,0,0,0,0.75,0.25,1,1.25
23,"continuous",3,"Mixed linear and rule-based","BRP-GABLE rule-only",TRUE,"MSE",1.50453335529212,35.25,NA,73,73,0,57,16,0,0,0,0.780821917808219,0.219178082191781,1,1.21917808219178
23,"continuous",3,"Mixed linear and rule-based","GABLE",TRUE,"MSE",2.3549085001677,0.78000000000003,NA,5,5,0,5,0,0,0,0,1,0,1,1
23,"continuous",3,"Mixed linear and rule-based","GBM",TRUE,"MSE",1.63258154945111,0.03,NA,NA,NA,NA,NA,NA,NA,NA,NA,NA,NA,NA,NA
23,"continuous",3,"Mixed linear and rule-based","Linear",TRUE,"MSE",1.61789670011825,0,NA,20,0,20,20,0,0,0,0,1,0,1,1
23,"continuous",3,"Mixed linear and rule-based","Random forest",TRUE,"MSE",2.0568725057951,0.939999999999998,NA,NA,NA,NA,NA,NA,NA,NA,NA,NA,NA,NA,NA
23,"continuous",3,"Mixed linear and rule-based","RuleFit",TRUE,"MSE",1.57954101948237,21.51,NA,82,82,0,0,55,27,0,0,0,0.670731707317073,0.670731707317073,2.32926829268293
24,"continuous",3,"Mixed linear and rule-based","BRP-GABLE full",TRUE,"MSE",1.26635200791993,35.4,NA,55,48,7,33,22,0,0,0,0.6,0.4,1,1.4
24,"continuous",3,"Mixed linear and rule-based","BRP-GABLE rule-only",TRUE,"MSE",1.44750228309342,34.8,NA,69,69,0,47,22,0,0,0,0.681159420289855,0.318840579710145,1,1.31884057971015
24,"continuous",3,"Mixed linear and rule-based","GABLE",TRUE,"MSE",2.35785437042124,0.859999999999957,NA,5,5,0,5,0,0,0,0,1,0,1,1
24,"continuous",3,"Mixed linear and rule-based","GBM",TRUE,"MSE",1.57019860502552,0.03,NA,NA,NA,NA,NA,NA,NA,NA,NA,NA,NA,NA,NA
24,"continuous",3,"Mixed linear and rule-based","Linear",TRUE,"MSE",1.5747116201111,0.00999999999999091,NA,20,0,20,20,0,0,0,0,1,0,1,1
24,"continuous",3,"Mixed linear and rule-based","Random forest",TRUE,"MSE",1.81493641304378,0.900000000000034,NA,NA,NA,NA,NA,NA,NA,NA,NA,NA,NA,NA,NA
24,"continuous",3,"Mixed linear and rule-based","RuleFit",TRUE,"MSE",1.34081338054614,21.61,NA,120,120,0,2,78,40,0,0,0.0166666666666667,0.65,0.666666666666667,2.31666666666667
25,"continuous",3,"Mixed linear and rule-based","BRP-GABLE full",TRUE,"MSE",1.14319031108082,34.74,NA,52,43,9,44,8,0,0,0,0.846153846153846,0.153846153846154,1,1.15384615384615
25,"continuous",3,"Mixed linear and rule-based","BRP-GABLE rule-only",TRUE,"MSE",1.56922539461673,35.19,NA,53,53,0,45,8,0,0,0,0.849056603773585,0.150943396226415,1,1.15094339622642
25,"continuous",3,"Mixed linear and rule-based","GABLE",TRUE,"MSE",2.24618436355984,0.989999999999952,NA,5,5,0,5,0,0,0,0,1,0,1,1
25,"continuous",3,"Mixed linear and rule-based","GBM",TRUE,"MSE",1.49746388806564,0.03,NA,NA,NA,NA,NA,NA,NA,NA,NA,NA,NA,NA,NA
25,"continuous",3,"Mixed linear and rule-based","Linear",TRUE,"MSE",1.4597048329429,0,NA,20,0,20,20,0,0,0,0,1,0,1,1
25,"continuous",3,"Mixed linear and rule-based","Random forest",TRUE,"MSE",1.90516687286441,0.860000000000014,NA,NA,NA,NA,NA,NA,NA,NA,NA,NA,NA,NA,NA
25,"continuous",3,"Mixed linear and rule-based","RuleFit",TRUE,"MSE",1.1944969727406,20.73,NA,107,107,0,1,76,30,0,0,0.00934579439252336,0.710280373831776,0.719626168224299,2.27102803738318
26,"continuous",3,"Mixed linear and rule-based","BRP-GABLE full",TRUE,"MSE",1.31210618758715,35.48,NA,41,31,10,33,8,0,0,0,0.804878048780488,0.195121951219512,1,1.19512195121951
26,"continuous",3,"Mixed linear and rule-based","BRP-GABLE rule-only",TRUE,"MSE",1.75632082274778,35.3600000000001,NA,50,50,0,42,8,0,0,0,0.84,0.16,1,1.16
26,"continuous",3,"Mixed linear and rule-based","GABLE",TRUE,"MSE",2.63665928180833,0.789999999999964,NA,5,5,0,5,0,0,0,0,1,0,1,1
26,"continuous",3,"Mixed linear and rule-based","GBM",TRUE,"MSE",1.61351611882549,0.03,NA,NA,NA,NA,NA,NA,NA,NA,NA,NA,NA,NA,NA
26,"continuous",3,"Mixed linear and rule-based","Linear",TRUE,"MSE",1.64884880929256,0.0199999999999818,NA,20,0,20,20,0,0,0,0,1,0,1,1
26,"continuous",3,"Mixed linear and rule-based","Random forest",TRUE,"MSE",2.03791788648283,0.890000000000043,NA,NA,NA,NA,NA,NA,NA,NA,NA,NA,NA,NA,NA
26,"continuous",3,"Mixed linear and rule-based","RuleFit",TRUE,"MSE",1.38706039895814,21.45,NA,108,108,0,0,73,35,0,0,0,0.675925925925926,0.675925925925926,2.32407407407407
27,"continuous",3,"Mixed linear and rule-based","BRP-GABLE full",TRUE,"MSE",1.1303750238469,35.58,NA,42,33,9,33,9,0,0,0,0.785714285714286,0.214285714285714,1,1.21428571428571
27,"continuous",3,"Mixed linear and rule-based","BRP-GABLE rule-only",TRUE,"MSE",1.51324278383308,35.56,NA,54,54,0,43,11,0,0,0,0.796296296296296,0.203703703703704,1,1.2037037037037
27,"continuous",3,"Mixed linear and rule-based","GABLE",TRUE,"MSE",2.1448715959806,0.810000000000002,NA,5,5,0,5,0,0,0,0,1,0,1,1
27,"continuous",3,"Mixed linear and rule-based","GBM",TRUE,"MSE",1.58066840840695,0.01,NA,NA,NA,NA,NA,NA,NA,NA,NA,NA,NA,NA,NA
27,"continuous",3,"Mixed linear and rule-based","Linear",TRUE,"MSE",1.69928328054109,0.0200000000000387,NA,20,0,20,20,0,0,0,0,1,0,1,1
27,"continuous",3,"Mixed linear and rule-based","Random forest",TRUE,"MSE",1.90613633154567,0.910000000000025,NA,NA,NA,NA,NA,NA,NA,NA,NA,NA,NA,NA,NA
27,"continuous",3,"Mixed linear and rule-based","RuleFit",TRUE,"MSE",1.30984043111237,21.81,NA,93,93,0,0,57,36,0,0,0,0.612903225806452,0.612903225806452,2.38709677419355
28,"continuous",3,"Mixed linear and rule-based","BRP-GABLE full",TRUE,"MSE",1.1804614217959,34.99,NA,59,51,8,45,14,0,0,0,0.76271186440678,0.23728813559322,1,1.23728813559322
28,"continuous",3,"Mixed linear and rule-based","BRP-GABLE rule-only",TRUE,"MSE",1.49132149143096,34.76,NA,63,63,0,47,16,0,0,0,0.746031746031746,0.253968253968254,1,1.25396825396825
28,"continuous",3,"Mixed linear and rule-based","GABLE",TRUE,"MSE",2.37139671589404,0.71999999999997,NA,5,5,0,4,1,0,0,0,0.8,0.2,1,1.2
28,"continuous",3,"Mixed linear and rule-based","GBM",TRUE,"MSE",1.45393841418167,0.04,NA,NA,NA,NA,NA,NA,NA,NA,NA,NA,NA,NA,NA
28,"continuous",3,"Mixed linear and rule-based","Linear",TRUE,"MSE",1.63374289448654,0,NA,20,0,20,20,0,0,0,0,1,0,1,1
28,"continuous",3,"Mixed linear and rule-based","Random forest",TRUE,"MSE",1.78880944187449,0.920000000000016,NA,NA,NA,NA,NA,NA,NA,NA,NA,NA,NA,NA,NA
28,"continuous",3,"Mixed linear and rule-based","RuleFit",TRUE,"MSE",1.42125849303886,23.5,NA,96,96,0,0,67,29,0,0,0,0.697916666666667,0.697916666666667,2.30208333333333
29,"continuous",3,"Mixed linear and rule-based","BRP-GABLE full",TRUE,"MSE",1.49128128434789,36.56,NA,38,30,8,28,10,0,0,0,0.736842105263158,0.263157894736842,1,1.26315789473684
29,"continuous",3,"Mixed linear and rule-based","BRP-GABLE rule-only",TRUE,"MSE",1.92472817079847,35.85,NA,54,54,0,41,13,0,0,0,0.759259259259259,0.240740740740741,1,1.24074074074074
29,"continuous",3,"Mixed linear and rule-based","GABLE",TRUE,"MSE",2.53104674210645,0.829999999999984,NA,5,5,0,5,0,0,0,0,1,0,1,1
29,"continuous",3,"Mixed linear and rule-based","GBM",TRUE,"MSE",1.80411646226904,0.04,NA,NA,NA,NA,NA,NA,NA,NA,NA,NA,NA,NA,NA
29,"continuous",3,"Mixed linear and rule-based","Linear",TRUE,"MSE",1.64787219222952,0,NA,20,0,20,20,0,0,0,0,1,0,1,1
29,"continuous",3,"Mixed linear and rule-based","Random forest",TRUE,"MSE",2.18318329904043,0.920000000000016,NA,NA,NA,NA,NA,NA,NA,NA,NA,NA,NA,NA,NA
29,"continuous",3,"Mixed linear and rule-based","RuleFit",TRUE,"MSE",1.4628226534532,21.59,NA,125,125,0,2,73,50,0,0,0.016,0.584,0.6,2.384
30,"continuous",3,"Mixed linear and rule-based","BRP-GABLE full",TRUE,"MSE",1.21879268397036,35.6899999999999,NA,30,23,7,25,5,0,0,0,0.833333333333333,0.166666666666667,1,1.16666666666667
30,"continuous",3,"Mixed linear and rule-based","BRP-GABLE rule-only",TRUE,"MSE",1.72818245101278,36.45,NA,57,57,0,51,6,0,0,0,0.894736842105263,0.105263157894737,1,1.10526315789474
30,"continuous",3,"Mixed linear and rule-based","GABLE",TRUE,"MSE",2.52101960439049,0.729999999999961,NA,5,5,0,5,0,0,0,0,1,0,1,1
30,"continuous",3,"Mixed linear and rule-based","GBM",TRUE,"MSE",1.43786433189795,0.03,NA,NA,NA,NA,NA,NA,NA,NA,NA,NA,NA,NA,NA
30,"continuous",3,"Mixed linear and rule-based","Linear",TRUE,"MSE",1.50938715294119,0.0199999999999818,NA,20,0,20,20,0,0,0,0,1,0,1,1
30,"continuous",3,"Mixed linear and rule-based","Random forest",TRUE,"MSE",1.76946477118228,0.879999999999995,NA,NA,NA,NA,NA,NA,NA,NA,NA,NA,NA,NA,NA
30,"continuous",3,"Mixed linear and rule-based","RuleFit",TRUE,"MSE",1.40372376479432,22.5,NA,107,107,0,0,75,32,0,0,0,0.700934579439252,0.700934579439252,2.29906542056075
31,"continuous",3,"Mixed linear and rule-based","BRP-GABLE full",TRUE,"MSE",1.2589937610927,36.35,NA,42,33,9,36,6,0,0,0,0.857142857142857,0.142857142857143,1,1.14285714285714
31,"continuous",3,"Mixed linear and rule-based","BRP-GABLE rule-only",TRUE,"MSE",1.75540341725353,36.03,NA,54,54,0,46,8,0,0,0,0.851851851851852,0.148148148148148,1,1.14814814814815
31,"continuous",3,"Mixed linear and rule-based","GABLE",TRUE,"MSE",2.2024772090287,0.800000000000011,NA,5,5,0,4,1,0,0,0,0.8,0.2,1,1.2
31,"continuous",3,"Mixed linear and rule-based","GBM",TRUE,"MSE",1.59897505598887,0.03,NA,NA,NA,NA,NA,NA,NA,NA,NA,NA,NA,NA,NA
31,"continuous",3,"Mixed linear and rule-based","Linear",TRUE,"MSE",1.65074984867154,0.0200000000000387,NA,20,0,20,20,0,0,0,0,1,0,1,1
31,"continuous",3,"Mixed linear and rule-based","Random forest",TRUE,"MSE",2.06424438672875,0.870000000000005,NA,NA,NA,NA,NA,NA,NA,NA,NA,NA,NA,NA,NA
31,"continuous",3,"Mixed linear and rule-based","RuleFit",TRUE,"MSE",1.34644603785942,20.45,NA,82,82,0,0,60,22,0,0,0,0.731707317073171,0.731707317073171,2.26829268292683
32,"continuous",3,"Mixed linear and rule-based","BRP-GABLE full",TRUE,"MSE",1.23007235371522,35.7499999999999,NA,46,38,8,30,16,0,0,0,0.652173913043478,0.347826086956522,1,1.34782608695652
32,"continuous",3,"Mixed linear and rule-based","BRP-GABLE rule-only",TRUE,"MSE",1.58120011970819,35.93,NA,63,63,0,48,15,0,0,0,0.761904761904762,0.238095238095238,1,1.23809523809524
32,"continuous",3,"Mixed linear and rule-based","GABLE",TRUE,"MSE",2.20933388649894,0.830000000000041,NA,5,5,0,5,0,0,0,0,1,0,1,1
32,"continuous",3,"Mixed linear and rule-based","GBM",TRUE,"MSE",1.50142040113685,0.02,NA,NA,NA,NA,NA,NA,NA,NA,NA,NA,NA,NA,NA
32,"continuous",3,"Mixed linear and rule-based","Linear",TRUE,"MSE",1.64481528140541,0,NA,20,0,20,20,0,0,0,0,1,0,1,1
32,"continuous",3,"Mixed linear and rule-based","Random forest",TRUE,"MSE",1.99673833158066,0.889999999999986,NA,NA,NA,NA,NA,NA,NA,NA,NA,NA,NA,NA,NA
32,"continuous",3,"Mixed linear and rule-based","RuleFit",TRUE,"MSE",1.36796838097979,21.65,NA,123,123,0,4,77,42,0,0,0.032520325203252,0.626016260162602,0.658536585365854,2.30894308943089
33,"continuous",3,"Mixed linear and rule-based","BRP-GABLE full",TRUE,"MSE",1.39514720108267,34.81,NA,46,38,8,36,10,0,0,0,0.782608695652174,0.217391304347826,1,1.21739130434783
33,"continuous",3,"Mixed linear and rule-based","BRP-GABLE rule-only",TRUE,"MSE",1.8108817688906,34.71,NA,60,60,0,50,10,0,0,0,0.833333333333333,0.166666666666667,1,1.16666666666667
33,"continuous",3,"Mixed linear and rule-based","GABLE",TRUE,"MSE",2.65828638578552,0.649999999999977,NA,5,5,0,5,0,0,0,0,1,0,1,1
33,"continuous",3,"Mixed linear and rule-based","GBM",TRUE,"MSE",1.7826550150295,0.0299999999999998,NA,NA,NA,NA,NA,NA,NA,NA,NA,NA,NA,NA,NA
33,"continuous",3,"Mixed linear and rule-based","Linear",TRUE,"MSE",1.75874856572748,0,NA,20,0,20,20,0,0,0,0,1,0,1,1
33,"continuous",3,"Mixed linear and rule-based","Random forest",TRUE,"MSE",2.23942361242991,0.920000000000016,NA,NA,NA,NA,NA,NA,NA,NA,NA,NA,NA,NA,NA
33,"continuous",3,"Mixed linear and rule-based","RuleFit",TRUE,"MSE",1.46803728687936,21.56,NA,103,103,0,1,68,34,0,0,0.00970873786407767,0.660194174757282,0.669902912621359,2.32038834951456
34,"continuous",3,"Mixed linear and rule-based","BRP-GABLE full",TRUE,"MSE",1.46896078518629,35.09,NA,35,27,8,26,9,0,0,0,0.742857142857143,0.257142857142857,1,1.25714285714286
34,"continuous",3,"Mixed linear and rule-based","BRP-GABLE rule-only",TRUE,"MSE",1.924073484354,35.16,NA,56,56,0,46,10,0,0,0,0.821428571428571,0.178571428571429,1,1.17857142857143
34,"continuous",3,"Mixed linear and rule-based","GABLE",TRUE,"MSE",2.59455967712086,0.770000000000039,NA,5,5,0,5,0,0,0,0,1,0,1,1
34,"continuous",3,"Mixed linear and rule-based","GBM",TRUE,"MSE",1.79998132498219,0.03,NA,NA,NA,NA,NA,NA,NA,NA,NA,NA,NA,NA,NA
34,"continuous",3,"Mixed linear and rule-based","Linear",TRUE,"MSE",1.7257517498398,0,NA,20,0,20,20,0,0,0,0,1,0,1,1
34,"continuous",3,"Mixed linear and rule-based","Random forest",TRUE,"MSE",2.15594380993357,0.939999999999998,NA,NA,NA,NA,NA,NA,NA,NA,NA,NA,NA,NA,NA
34,"continuous",3,"Mixed linear and rule-based","RuleFit",TRUE,"MSE",1.50255178124463,22.55,NA,108,108,0,0,65,43,0,0,0,0.601851851851852,0.601851851851852,2.39814814814815
35,"continuous",3,"Mixed linear and rule-based","BRP-GABLE full",TRUE,"MSE",1.38409850242939,36.41,NA,47,40,7,40,7,0,0,0,0.851063829787234,0.148936170212766,1,1.14893617021277
35,"continuous",3,"Mixed linear and rule-based","BRP-GABLE rule-only",TRUE,"MSE",1.82689305595715,36.83,NA,50,50,0,44,6,0,0,0,0.88,0.12,1,1.12
35,"continuous",3,"Mixed linear and rule-based","GABLE",TRUE,"MSE",2.69711474664638,0.639999999999986,NA,5,5,0,5,0,0,0,0,1,0,1,1
35,"continuous",3,"Mixed linear and rule-based","GBM",TRUE,"MSE",1.7686059275878,0.03,NA,NA,NA,NA,NA,NA,NA,NA,NA,NA,NA,NA,NA
35,"continuous",3,"Mixed linear and rule-based","Linear",TRUE,"MSE",1.58184210742128,0,NA,20,0,20,20,0,0,0,0,1,0,1,1
35,"continuous",3,"Mixed linear and rule-based","Random forest",TRUE,"MSE",2.09470979208866,0.889999999999986,NA,NA,NA,NA,NA,NA,NA,NA,NA,NA,NA,NA,NA
35,"continuous",3,"Mixed linear and rule-based","RuleFit",TRUE,"MSE",1.55035631504775,22.72,NA,91,91,0,0,60,31,0,0,0,0.659340659340659,0.659340659340659,2.34065934065934
36,"continuous",3,"Mixed linear and rule-based","BRP-GABLE full",TRUE,"MSE",1.34361039079658,35.77,NA,38,30,8,27,11,0,0,0,0.710526315789474,0.289473684210526,1,1.28947368421053
36,"continuous",3,"Mixed linear and rule-based","BRP-GABLE rule-only",TRUE,"MSE",1.67459493283884,36.14,NA,54,54,0,43,11,0,0,0,0.796296296296296,0.203703703703704,1,1.2037037037037
36,"continuous",3,"Mixed linear and rule-based","GABLE",TRUE,"MSE",2.4336950577411,0.78000000000003,NA,5,5,0,5,0,0,0,0,1,0,1,1
36,"continuous",3,"Mixed linear and rule-based","GBM",TRUE,"MSE",1.62707320942154,0.0199999999999998,NA,NA,NA,NA,NA,NA,NA,NA,NA,NA,NA,NA,NA
36,"continuous",3,"Mixed linear and rule-based","Linear",TRUE,"MSE",1.71562744453659,0.0199999999999818,NA,20,0,20,20,0,0,0,0,1,0,1,1
36,"continuous",3,"Mixed linear and rule-based","Random forest",TRUE,"MSE",2.0051806988087,0.839999999999975,NA,NA,NA,NA,NA,NA,NA,NA,NA,NA,NA,NA,NA
36,"continuous",3,"Mixed linear and rule-based","RuleFit",TRUE,"MSE",1.35213529572481,21.84,NA,98,98,0,1,57,40,0,0,0.0102040816326531,0.581632653061224,0.591836734693878,2.39795918367347
37,"continuous",3,"Mixed linear and rule-based","BRP-GABLE full",TRUE,"MSE",1.29306211689519,35.83,NA,45,36,9,39,6,0,0,0,0.866666666666667,0.133333333333333,1,1.13333333333333
37,"continuous",3,"Mixed linear and rule-based","BRP-GABLE rule-only",TRUE,"MSE",1.80250906917234,35.65,NA,48,48,0,42,6,0,0,0,0.875,0.125,1,1.125
37,"continuous",3,"Mixed linear and rule-based","GABLE",TRUE,"MSE",2.2922132867141,0.769999999999982,NA,5,5,0,5,0,0,0,0,1,0,1,1
37,"continuous",3,"Mixed linear and rule-based","GBM",TRUE,"MSE",1.55192322318704,0.03,NA,NA,NA,NA,NA,NA,NA,NA,NA,NA,NA,NA,NA
37,"continuous",3,"Mixed linear and rule-based","Linear",TRUE,"MSE",1.47265818221197,0,NA,20,0,20,20,0,0,0,0,1,0,1,1
37,"continuous",3,"Mixed linear and rule-based","Random forest",TRUE,"MSE",1.93613186962395,0.870000000000005,NA,NA,NA,NA,NA,NA,NA,NA,NA,NA,NA,NA,NA
37,"continuous",3,"Mixed linear and rule-based","RuleFit",TRUE,"MSE",1.44022254405299,21.5,NA,86,86,0,0,61,25,0,0,0,0.709302325581395,0.709302325581395,2.2906976744186
38,"continuous",3,"Mixed linear and rule-based","BRP-GABLE full",TRUE,"MSE",1.34074016701212,36.06,NA,44,36,8,28,16,0,0,0,0.636363636363636,0.363636363636364,1,1.36363636363636
38,"continuous",3,"Mixed linear and rule-based","BRP-GABLE rule-only",TRUE,"MSE",1.92270573393717,35.75,NA,58,58,0,44,14,0,0,0,0.758620689655172,0.241379310344828,1,1.24137931034483
38,"continuous",3,"Mixed linear and rule-based","GABLE",TRUE,"MSE",2.55424656614482,0.75,NA,5,5,0,4,1,0,0,0,0.8,0.2,1,1.2
38,"continuous",3,"Mixed linear and rule-based","GBM",TRUE,"MSE",1.56488819423475,0.0299999999999998,NA,NA,NA,NA,NA,NA,NA,NA,NA,NA,NA,NA,NA
38,"continuous",3,"Mixed linear and rule-based","Linear",TRUE,"MSE",1.6374395274716,0.00999999999999091,NA,20,0,20,20,0,0,0,0,1,0,1,1
38,"continuous",3,"Mixed linear and rule-based","Random forest",TRUE,"MSE",1.99836507270406,0.900000000000034,NA,NA,NA,NA,NA,NA,NA,NA,NA,NA,NA,NA,NA
38,"continuous",3,"Mixed linear and rule-based","RuleFit",TRUE,"MSE",1.29928113951438,22.04,NA,112,112,0,2,75,35,0,0,0.0178571428571429,0.669642857142857,0.6875,2.29464285714286
39,"continuous",3,"Mixed linear and rule-based","BRP-GABLE full",TRUE,"MSE",1.26076228932424,35.78,NA,45,37,8,36,9,0,0,0,0.8,0.2,1,1.2
39,"continuous",3,"Mixed linear and rule-based","BRP-GABLE rule-only",TRUE,"MSE",1.61077231324089,35.28,NA,55,55,0,48,7,0,0,0,0.872727272727273,0.127272727272727,1,1.12727272727273
39,"continuous",3,"Mixed linear and rule-based","GABLE",TRUE,"MSE",2.4251213226244,0.879999999999995,NA,5,5,0,5,0,0,0,0,1,0,1,1
39,"continuous",3,"Mixed linear and rule-based","GBM",TRUE,"MSE",1.57462103046013,0.03,NA,NA,NA,NA,NA,NA,NA,NA,NA,NA,NA,NA,NA
39,"continuous",3,"Mixed linear and rule-based","Linear",TRUE,"MSE",1.6585084663489,0.00999999999999091,NA,20,0,20,20,0,0,0,0,1,0,1,1
39,"continuous",3,"Mixed linear and rule-based","Random forest",TRUE,"MSE",1.93765899370317,0.889999999999986,NA,NA,NA,NA,NA,NA,NA,NA,NA,NA,NA,NA,NA
39,"continuous",3,"Mixed linear and rule-based","RuleFit",TRUE,"MSE",1.37394718070742,21.71,NA,101,101,0,0,76,25,0,0,0,0.752475247524752,0.752475247524752,2.24752475247525
40,"continuous",3,"Mixed linear and rule-based","BRP-GABLE full",TRUE,"MSE",1.25465220940047,34.99,NA,50,42,8,36,14,0,0,0,0.72,0.28,1,1.28
40,"continuous",3,"Mixed linear and rule-based","BRP-GABLE rule-only",TRUE,"MSE",1.55702684959347,34.83,NA,56,56,0,41,15,0,0,0,0.732142857142857,0.267857142857143,1,1.26785714285714
40,"continuous",3,"Mixed linear and rule-based","GABLE",TRUE,"MSE",2.42986639767257,0.810000000000002,NA,5,5,0,5,0,0,0,0,1,0,1,1
40,"continuous",3,"Mixed linear and rule-based","GBM",TRUE,"MSE",1.56845477282628,0.03,NA,NA,NA,NA,NA,NA,NA,NA,NA,NA,NA,NA,NA
40,"continuous",3,"Mixed linear and rule-based","Linear",TRUE,"MSE",1.74157567562923,0.00999999999999091,NA,20,0,20,20,0,0,0,0,1,0,1,1
40,"continuous",3,"Mixed linear and rule-based","Random forest",TRUE,"MSE",2.01137152933105,0.939999999999998,NA,NA,NA,NA,NA,NA,NA,NA,NA,NA,NA,NA,NA
40,"continuous",3,"Mixed linear and rule-based","RuleFit",TRUE,"MSE",1.29273057321862,21.09,NA,110,110,0,1,82,27,0,0,0.00909090909090909,0.745454545454545,0.754545454545455,2.23636363636364
41,"continuous",3,"Mixed linear and rule-based","BRP-GABLE full",TRUE,"MSE",1.1194352672424,35.8099999999999,NA,50,43,7,34,16,0,0,0,0.68,0.32,1,1.32
41,"continuous",3,"Mixed linear and rule-based","BRP-GABLE rule-only",TRUE,"MSE",1.44341586194565,35.22,NA,59,59,0,45,14,0,0,0,0.76271186440678,0.23728813559322,1,1.23728813559322
41,"continuous",3,"Mixed linear and rule-based","GABLE",TRUE,"MSE",2.56478730356849,0.71999999999997,NA,5,5,0,4,1,0,0,0,0.8,0.2,1,1.2
41,"continuous",3,"Mixed linear and rule-based","GBM",TRUE,"MSE",1.56326359483678,0.01,NA,NA,NA,NA,NA,NA,NA,NA,NA,NA,NA,NA,NA
41,"continuous",3,"Mixed linear and rule-based","Linear",TRUE,"MSE",1.62951646271027,0,NA,20,0,20,20,0,0,0,0,1,0,1,1
41,"continuous",3,"Mixed linear and rule-based","Random forest",TRUE,"MSE",2.02574891950494,0.939999999999998,NA,NA,NA,NA,NA,NA,NA,NA,NA,NA,NA,NA,NA
41,"continuous",3,"Mixed linear and rule-based","RuleFit",TRUE,"MSE",1.29978667759533,22.09,NA,114,114,0,1,69,44,0,0,0.0087719298245614,0.605263157894737,0.614035087719298,2.37719298245614
42,"continuous",3,"Mixed linear and rule-based","BRP-GABLE full",TRUE,"MSE",1.26919099624526,37.34,NA,44,37,7,36,8,0,0,0,0.818181818181818,0.181818181818182,1,1.18181818181818
42,"continuous",3,"Mixed linear and rule-based","BRP-GABLE rule-only",TRUE,"MSE",1.55933922487732,36.72,NA,65,65,0,55,10,0,0,0,0.846153846153846,0.153846153846154,1,1.15384615384615
42,"continuous",3,"Mixed linear and rule-based","GABLE",TRUE,"MSE",2.41778472980914,0.75,NA,5,5,0,5,0,0,0,0,1,0,1,1
42,"continuous",3,"Mixed linear and rule-based","GBM",TRUE,"MSE",1.69113597710616,0.03,NA,NA,NA,NA,NA,NA,NA,NA,NA,NA,NA,NA,NA
42,"continuous",3,"Mixed linear and rule-based","Linear",TRUE,"MSE",1.74768201482549,0,NA,20,0,20,20,0,0,0,0,1,0,1,1
42,"continuous",3,"Mixed linear and rule-based","Random forest",TRUE,"MSE",1.92950697834424,0.910000000000025,NA,NA,NA,NA,NA,NA,NA,NA,NA,NA,NA,NA,NA
42,"continuous",3,"Mixed linear and rule-based","RuleFit",TRUE,"MSE",1.41410542100687,21.92,NA,109,109,0,0,70,39,0,0,0,0.642201834862385,0.642201834862385,2.35779816513761
43,"continuous",3,"Mixed linear and rule-based","BRP-GABLE full",TRUE,"MSE",1.28560966792438,34.6800000000001,NA,37,30,7,29,8,0,0,0,0.783783783783784,0.216216216216216,1,1.21621621621622
43,"continuous",3,"Mixed linear and rule-based","BRP-GABLE rule-only",TRUE,"MSE",1.75483617714207,34.45,NA,47,47,0,40,7,0,0,0,0.851063829787234,0.148936170212766,1,1.14893617021277
43,"continuous",3,"Mixed linear and rule-based","GABLE",TRUE,"MSE",2.37638024256758,0.759999999999991,NA,5,5,0,5,0,0,0,0,1,0,1,1
43,"continuous",3,"Mixed linear and rule-based","GBM",TRUE,"MSE",1.59167095774293,0.01,NA,NA,NA,NA,NA,NA,NA,NA,NA,NA,NA,NA,NA
43,"continuous",3,"Mixed linear and rule-based","Linear",TRUE,"MSE",1.66891343281215,0,NA,20,0,20,20,0,0,0,0,1,0,1,1
43,"continuous",3,"Mixed linear and rule-based","Random forest",TRUE,"MSE",1.94977228080425,0.879999999999995,NA,NA,NA,NA,NA,NA,NA,NA,NA,NA,NA,NA,NA
43,"continuous",3,"Mixed linear and rule-based","RuleFit",TRUE,"MSE",1.50910393426748,21.05,NA,81,81,0,0,54,27,0,0,0,0.666666666666667,0.666666666666667,2.33333333333333
44,"continuous",3,"Mixed linear and rule-based","BRP-GABLE full",TRUE,"MSE",1.4852538258883,36.57,NA,38,31,7,30,8,0,0,0,0.789473684210526,0.210526315789474,1,1.21052631578947
44,"continuous",3,"Mixed linear and rule-based","BRP-GABLE rule-only",TRUE,"MSE",1.99681914096709,36.6899999999999,NA,53,53,0,43,10,0,0,0,0.811320754716981,0.188679245283019,1,1.18867924528302
44,"continuous",3,"Mixed linear and rule-based","GABLE",TRUE,"MSE",2.67041245480511,0.829999999999984,NA,5,5,0,5,0,0,0,0,1,0,1,1
44,"continuous",3,"Mixed linear and rule-based","GBM",TRUE,"MSE",1.74870529091248,0.03,NA,NA,NA,NA,NA,NA,NA,NA,NA,NA,NA,NA,NA
44,"continuous",3,"Mixed linear and rule-based","Linear",TRUE,"MSE",1.67603987566276,0,NA,20,0,20,20,0,0,0,0,1,0,1,1
44,"continuous",3,"Mixed linear and rule-based","Random forest",TRUE,"MSE",2.23838512245319,0.909999999999968,NA,NA,NA,NA,NA,NA,NA,NA,NA,NA,NA,NA,NA
44,"continuous",3,"Mixed linear and rule-based","RuleFit",TRUE,"MSE",1.42872286315083,21.4,NA,116,116,0,0,71,45,0,0,0,0.612068965517241,0.612068965517241,2.38793103448276
45,"continuous",3,"Mixed linear and rule-based","BRP-GABLE full",TRUE,"MSE",1.32474358911019,35.41,NA,48,40,8,42,6,0,0,0,0.875,0.125,1,1.125
45,"continuous",3,"Mixed linear and rule-based","BRP-GABLE rule-only",TRUE,"MSE",1.66579670847222,35.55,NA,62,62,0,56,6,0,0,0,0.903225806451613,0.0967741935483871,1,1.09677419354839
45,"continuous",3,"Mixed linear and rule-based","GABLE",TRUE,"MSE",2.27382235744155,0.770000000000039,NA,5,5,0,5,0,0,0,0,1,0,1,1
45,"continuous",3,"Mixed linear and rule-based","GBM",TRUE,"MSE",1.60066503093429,0.03,NA,NA,NA,NA,NA,NA,NA,NA,NA,NA,NA,NA,NA
45,"continuous",3,"Mixed linear and rule-based","Linear",TRUE,"MSE",1.79466957254683,0,NA,20,0,20,20,0,0,0,0,1,0,1,1
45,"continuous",3,"Mixed linear and rule-based","Random forest",TRUE,"MSE",1.92289586339497,0.859999999999957,NA,NA,NA,NA,NA,NA,NA,NA,NA,NA,NA,NA,NA
45,"continuous",3,"Mixed linear and rule-based","RuleFit",TRUE,"MSE",1.37871698498471,20.92,NA,100,100,0,0,68,32,0,0,0,0.68,0.68,2.32
46,"continuous",3,"Mixed linear and rule-based","BRP-GABLE full",TRUE,"MSE",1.4120962984691,35.63,NA,54,47,7,39,15,0,0,0,0.722222222222222,0.277777777777778,1,1.27777777777778
46,"continuous",3,"Mixed linear and rule-based","BRP-GABLE rule-only",TRUE,"MSE",1.77028638065336,35.62,NA,60,60,0,45,15,0,0,0,0.75,0.25,1,1.25
46,"continuous",3,"Mixed linear and rule-based","GABLE",TRUE,"MSE",2.31460123571883,0.769999999999982,NA,5,5,0,5,0,0,0,0,1,0,1,1
46,"continuous",3,"Mixed linear and rule-based","GBM",TRUE,"MSE",1.85329796946673,0.0299999999999998,NA,NA,NA,NA,NA,NA,NA,NA,NA,NA,NA,NA,NA
46,"continuous",3,"Mixed linear and rule-based","Linear",TRUE,"MSE",1.85431141116527,0.0199999999999818,NA,20,0,20,20,0,0,0,0,1,0,1,1
46,"continuous",3,"Mixed linear and rule-based","Random forest",TRUE,"MSE",2.23925655982325,0.909999999999968,NA,NA,NA,NA,NA,NA,NA,NA,NA,NA,NA,NA,NA
46,"continuous",3,"Mixed linear and rule-based","RuleFit",TRUE,"MSE",1.30006108103145,20.36,NA,114,114,0,2,84,28,0,0,0.0175438596491228,0.736842105263158,0.754385964912281,2.2280701754386
47,"continuous",3,"Mixed linear and rule-based","BRP-GABLE full",TRUE,"MSE",1.21117477401698,38.3299999999999,NA,48,41,7,34,14,0,0,0,0.708333333333333,0.291666666666667,1,1.29166666666667
47,"continuous",3,"Mixed linear and rule-based","BRP-GABLE rule-only",TRUE,"MSE",1.46559695446032,37.65,NA,68,68,0,54,14,0,0,0,0.794117647058823,0.205882352941176,1,1.20588235294118
47,"continuous",3,"Mixed linear and rule-based","GABLE",TRUE,"MSE",2.149659184776,0.710000000000036,NA,5,5,0,5,0,0,0,0,1,0,1,1
47,"continuous",3,"Mixed linear and rule-based","GBM",TRUE,"MSE",1.48470598859892,0.03,NA,NA,NA,NA,NA,NA,NA,NA,NA,NA,NA,NA,NA
47,"continuous",3,"Mixed linear and rule-based","Linear",TRUE,"MSE",1.56653852017529,0,NA,20,0,20,20,0,0,0,0,1,0,1,1
47,"continuous",3,"Mixed linear and rule-based","Random forest",TRUE,"MSE",1.88960798025535,0.919999999999959,NA,NA,NA,NA,NA,NA,NA,NA,NA,NA,NA,NA,NA
47,"continuous",3,"Mixed linear and rule-based","RuleFit",TRUE,"MSE",1.46482144185122,20.23,NA,87,87,0,1,65,21,0,0,0.0114942528735632,0.747126436781609,0.758620689655172,2.22988505747126
48,"continuous",3,"Mixed linear and rule-based","BRP-GABLE full",TRUE,"MSE",1.20474793384599,36.3899999999999,NA,49,42,7,33,16,0,0,0,0.673469387755102,0.326530612244898,1,1.3265306122449
48,"continuous",3,"Mixed linear and rule-based","BRP-GABLE rule-only",TRUE,"MSE",1.50635066982552,36.64,NA,66,66,0,49,17,0,0,0,0.742424242424242,0.257575757575758,1,1.25757575757576
48,"continuous",3,"Mixed linear and rule-based","GABLE",TRUE,"MSE",2.33445917672245,0.790000000000077,NA,5,5,0,5,0,0,0,0,1,0,1,1
48,"continuous",3,"Mixed linear and rule-based","GBM",TRUE,"MSE",1.43074231328348,0.03,NA,NA,NA,NA,NA,NA,NA,NA,NA,NA,NA,NA,NA
48,"continuous",3,"Mixed linear and rule-based","Linear",TRUE,"MSE",1.58074648134811,0.0199999999999818,NA,20,0,20,20,0,0,0,0,1,0,1,1
48,"continuous",3,"Mixed linear and rule-based","Random forest",TRUE,"MSE",1.81204436033745,0.849999999999909,NA,NA,NA,NA,NA,NA,NA,NA,NA,NA,NA,NA,NA
48,"continuous",3,"Mixed linear and rule-based","RuleFit",TRUE,"MSE",1.27855392911541,22.11,NA,102,102,0,0,74,28,0,0,0,0.725490196078431,0.725490196078431,2.27450980392157
49,"continuous",3,"Mixed linear and rule-based","BRP-GABLE full",TRUE,"MSE",1.15817690601337,35.99,NA,45,39,6,37,8,0,0,0,0.822222222222222,0.177777777777778,1,1.17777777777778
49,"continuous",3,"Mixed linear and rule-based","BRP-GABLE rule-only",TRUE,"MSE",1.54282614054776,35.4400000000001,NA,66,66,0,57,9,0,0,0,0.863636363636364,0.136363636363636,1,1.13636363636364
49,"continuous",3,"Mixed linear and rule-based","GABLE",TRUE,"MSE",2.03100449874861,0.740000000000009,NA,5,5,0,5,0,0,0,0,1,0,1,1
49,"continuous",3,"Mixed linear and rule-based","GBM",TRUE,"MSE",1.41903827518157,0.0299999999999998,NA,NA,NA,NA,NA,NA,NA,NA,NA,NA,NA,NA,NA
49,"continuous",3,"Mixed linear and rule-based","Linear",TRUE,"MSE",1.62387206484684,0.00999999999999091,NA,20,0,20,20,0,0,0,0,1,0,1,1
49,"continuous",3,"Mixed linear and rule-based","Random forest",TRUE,"MSE",1.72613180552082,0.889999999999986,NA,NA,NA,NA,NA,NA,NA,NA,NA,NA,NA,NA,NA
49,"continuous",3,"Mixed linear and rule-based","RuleFit",TRUE,"MSE",1.24257121892055,21.57,NA,107,107,0,1,73,33,0,0,0.00934579439252336,0.682242990654206,0.691588785046729,2.29906542056075
50,"continuous",3,"Mixed linear and rule-based","BRP-GABLE full",TRUE,"MSE",1.33865099258739,35.7499999999999,NA,44,37,7,31,13,0,0,0,0.704545454545455,0.295454545454545,1,1.29545454545455
50,"continuous",3,"Mixed linear and rule-based","BRP-GABLE rule-only",TRUE,"MSE",1.77666139697312,35.8699999999999,NA,58,58,0,44,14,0,0,0,0.758620689655172,0.241379310344828,1,1.24137931034483
50,"continuous",3,"Mixed linear and rule-based","GABLE",TRUE,"MSE",2.63840698977991,0.780000000000086,NA,5,5,0,5,0,0,0,0,1,0,1,1
50,"continuous",3,"Mixed linear and rule-based","GBM",TRUE,"MSE",1.8410993798537,0.03,NA,NA,NA,NA,NA,NA,NA,NA,NA,NA,NA,NA,NA
50,"continuous",3,"Mixed linear and rule-based","Linear",TRUE,"MSE",1.67770820740982,0,NA,20,0,20,20,0,0,0,0,1,0,1,1
50,"continuous",3,"Mixed linear and rule-based","Random forest",TRUE,"MSE",2.33800151364568,0.860000000000014,NA,NA,NA,NA,NA,NA,NA,NA,NA,NA,NA,NA,NA
50,"continuous",3,"Mixed linear and rule-based","RuleFit",TRUE,"MSE",1.57906574395241,21.52,NA,82,82,0,1,51,30,0,0,0.0121951219512195,0.621951219512195,0.634146341463415,2.35365853658537
51,"continuous",3,"Mixed linear and rule-based","BRP-GABLE full",TRUE,"MSE",1.27952255340065,34.98,NA,41,34,7,34,7,0,0,0,0.829268292682927,0.170731707317073,1,1.17073170731707
51,"continuous",3,"Mixed linear and rule-based","BRP-GABLE rule-only",TRUE,"MSE",1.68199016768192,35.02,NA,45,45,0,37,8,0,0,0,0.822222222222222,0.177777777777778,1,1.17777777777778
51,"continuous",3,"Mixed linear and rule-based","GABLE",TRUE,"MSE",2.25967985409779,0.810000000000059,NA,5,5,0,5,0,0,0,0,1,0,1,1
51,"continuous",3,"Mixed linear and rule-based","GBM",TRUE,"MSE",1.63200916208962,0.01,NA,NA,NA,NA,NA,NA,NA,NA,NA,NA,NA,NA,NA
51,"continuous",3,"Mixed linear and rule-based","Linear",TRUE,"MSE",1.79168460215135,0,NA,20,0,20,20,0,0,0,0,1,0,1,1
51,"continuous",3,"Mixed linear and rule-based","Random forest",TRUE,"MSE",1.91874297503575,0.889999999999986,NA,NA,NA,NA,NA,NA,NA,NA,NA,NA,NA,NA,NA
51,"continuous",3,"Mixed linear and rule-based","RuleFit",TRUE,"MSE",1.29772878525933,21.71,NA,93,93,0,2,60,31,0,0,0.021505376344086,0.645161290322581,0.666666666666667,2.31182795698925
52,"continuous",3,"Mixed linear and rule-based","BRP-GABLE full",TRUE,"MSE",1.11139839555378,36.0600000000001,NA,36,30,6,31,5,0,0,0,0.861111111111111,0.138888888888889,1,1.13888888888889
52,"continuous",3,"Mixed linear and rule-based","BRP-GABLE rule-only",TRUE,"MSE",1.5103071855526,35.8399999999999,NA,51,51,0,46,5,0,0,0,0.901960784313726,0.0980392156862745,1,1.09803921568627
52,"continuous",3,"Mixed linear and rule-based","GABLE",TRUE,"MSE",2.31363342579932,0.860000000000014,NA,5,5,0,5,0,0,0,0,1,0,1,1
52,"continuous",3,"Mixed linear and rule-based","GBM",TRUE,"MSE",1.40220168882706,0.0299999999999998,NA,NA,NA,NA,NA,NA,NA,NA,NA,NA,NA,NA,NA
52,"continuous",3,"Mixed linear and rule-based","Linear",TRUE,"MSE",1.66300673525594,0.00999999999999091,NA,20,0,20,20,0,0,0,0,1,0,1,1
52,"continuous",3,"Mixed linear and rule-based","Random forest",TRUE,"MSE",1.73017858057807,0.870000000000005,NA,NA,NA,NA,NA,NA,NA,NA,NA,NA,NA,NA,NA
52,"continuous",3,"Mixed linear and rule-based","RuleFit",TRUE,"MSE",1.1784007008628,21.23,NA,98,98,0,0,70,28,0,0,0,0.714285714285714,0.714285714285714,2.28571428571429
53,"continuous",3,"Mixed linear and rule-based","BRP-GABLE full",TRUE,"MSE",1.29448658532623,34.4000000000001,NA,44,36,8,31,13,0,0,0,0.704545454545455,0.295454545454545,1,1.29545454545455
53,"continuous",3,"Mixed linear and rule-based","BRP-GABLE rule-only",TRUE,"MSE",1.75868414585131,34.77,NA,56,56,0,41,15,0,0,0,0.732142857142857,0.267857142857143,1,1.26785714285714
53,"continuous",3,"Mixed linear and rule-based","GABLE",TRUE,"MSE",2.45974048150118,0.779999999999973,NA,5,5,0,5,0,0,0,0,1,0,1,1
53,"continuous",3,"Mixed linear and rule-based","GBM",TRUE,"MSE",1.59844066955428,0.0300000000000002,NA,NA,NA,NA,NA,NA,NA,NA,NA,NA,NA,NA,NA
53,"continuous",3,"Mixed linear and rule-based","Linear",TRUE,"MSE",1.73969643082162,0,NA,20,0,20,20,0,0,0,0,1,0,1,1
53,"continuous",3,"Mixed linear and rule-based","Random forest",TRUE,"MSE",2.06109473711171,0.870000000000005,NA,NA,NA,NA,NA,NA,NA,NA,NA,NA,NA,NA,NA
53,"continuous",3,"Mixed linear and rule-based","RuleFit",TRUE,"MSE",1.33685603858374,22.03,NA,110,110,0,0,79,31,0,0,0,0.718181818181818,0.718181818181818,2.28181818181818
54,"continuous",3,"Mixed linear and rule-based","BRP-GABLE full",TRUE,"MSE",1.27237436615572,37.21,NA,53,45,8,38,15,0,0,0,0.716981132075472,0.283018867924528,1,1.28301886792453
54,"continuous",3,"Mixed linear and rule-based","BRP-GABLE rule-only",TRUE,"MSE",1.68219011189005,37.5400000000001,NA,59,59,0,43,16,0,0,0,0.728813559322034,0.271186440677966,1,1.27118644067797
54,"continuous",3,"Mixed linear and rule-based","GABLE",TRUE,"MSE",2.32980041591644,0.8599999999999,NA,5,5,0,5,0,0,0,0,1,0,1,1
54,"continuous",3,"Mixed linear and rule-based","GBM",TRUE,"MSE",1.44828241630627,0.0299999999999998,NA,NA,NA,NA,NA,NA,NA,NA,NA,NA,NA,NA,NA
54,"continuous",3,"Mixed linear and rule-based","Linear",TRUE,"MSE",1.64738960191128,0,NA,20,0,20,20,0,0,0,0,1,0,1,1
54,"continuous",3,"Mixed linear and rule-based","Random forest",TRUE,"MSE",1.78142598988156,0.900000000000091,NA,NA,NA,NA,NA,NA,NA,NA,NA,NA,NA,NA,NA
54,"continuous",3,"Mixed linear and rule-based","RuleFit",TRUE,"MSE",1.28732151281473,22.81,NA,111,111,0,0,73,38,0,0,0,0.657657657657658,0.657657657657658,2.34234234234234
55,"continuous",3,"Mixed linear and rule-based","BRP-GABLE full",TRUE,"MSE",1.35705494705559,34.87,NA,50,44,6,36,14,0,0,0,0.72,0.28,1,1.28
55,"continuous",3,"Mixed linear and rule-based","BRP-GABLE rule-only",TRUE,"MSE",1.89351635234373,34.72,NA,64,64,0,44,20,0,0,0,0.6875,0.3125,1,1.3125
55,"continuous",3,"Mixed linear and rule-based","GABLE",TRUE,"MSE",2.51006770548226,0.75,NA,5,5,0,4,1,0,0,0,0.8,0.2,1,1.2
55,"continuous",3,"Mixed linear and rule-based","GBM",TRUE,"MSE",1.64946449710147,0.02,NA,NA,NA,NA,NA,NA,NA,NA,NA,NA,NA,NA,NA
55,"continuous",3,"Mixed linear and rule-based","Linear",TRUE,"MSE",1.59891611940837,0,NA,20,0,20,20,0,0,0,0,1,0,1,1
55,"continuous",3,"Mixed linear and rule-based","Random forest",TRUE,"MSE",2.12799650521217,0.940000000000055,NA,NA,NA,NA,NA,NA,NA,NA,NA,NA,NA,NA,NA
55,"continuous",3,"Mixed linear and rule-based","RuleFit",TRUE,"MSE",1.50473240921019,20.82,NA,80,80,0,0,46,34,0,0,0,0.575,0.575,2.425
56,"continuous",3,"Mixed linear and rule-based","BRP-GABLE full",TRUE,"MSE",1.48743617468361,35.4200000000001,NA,42,35,7,27,15,0,0,0,0.642857142857143,0.357142857142857,1,1.35714285714286
56,"continuous",3,"Mixed linear and rule-based","BRP-GABLE rule-only",TRUE,"MSE",1.78265588603394,35.26,NA,61,61,0,45,16,0,0,0,0.737704918032787,0.262295081967213,1,1.26229508196721
56,"continuous",3,"Mixed linear and rule-based","GABLE",TRUE,"MSE",2.32298832250249,0.769999999999982,NA,5,5,0,4,1,0,0,0,0.8,0.2,1,1.2
56,"continuous",3,"Mixed linear and rule-based","GBM",TRUE,"MSE",1.72131697502715,0.03,NA,NA,NA,NA,NA,NA,NA,NA,NA,NA,NA,NA,NA
56,"continuous",3,"Mixed linear and rule-based","Linear",TRUE,"MSE",1.75224948936156,0.0200000000000955,NA,20,0,20,20,0,0,0,0,1,0,1,1
56,"continuous",3,"Mixed linear and rule-based","Random forest",TRUE,"MSE",2.09273061625774,0.889999999999986,NA,NA,NA,NA,NA,NA,NA,NA,NA,NA,NA,NA,NA
56,"continuous",3,"Mixed linear and rule-based","RuleFit",TRUE,"MSE",1.51860850496126,20.58,NA,85,85,0,0,60,25,0,0,0,0.705882352941177,0.705882352941177,2.29411764705882
57,"continuous",3,"Mixed linear and rule-based","BRP-GABLE full",TRUE,"MSE",1.23877035558721,35.5199999999999,NA,49,42,7,39,10,0,0,0,0.795918367346939,0.204081632653061,1,1.20408163265306
57,"continuous",3,"Mixed linear and rule-based","BRP-GABLE rule-only",TRUE,"MSE",1.57549103775055,35.51,NA,58,58,0,49,9,0,0,0,0.844827586206897,0.155172413793103,1,1.1551724137931
57,"continuous",3,"Mixed linear and rule-based","GABLE",TRUE,"MSE",2.3786218470106,0.780000000000086,NA,5,5,0,5,0,0,0,0,1,0,1,1
57,"continuous",3,"Mixed linear and rule-based","GBM",TRUE,"MSE",1.68322201122298,0.02,NA,NA,NA,NA,NA,NA,NA,NA,NA,NA,NA,NA,NA
57,"continuous",3,"Mixed linear and rule-based","Linear",TRUE,"MSE",1.73825979885363,0,NA,20,0,20,20,0,0,0,0,1,0,1,1
57,"continuous",3,"Mixed linear and rule-based","Random forest",TRUE,"MSE",2.05102448283652,0.829999999999927,NA,NA,NA,NA,NA,NA,NA,NA,NA,NA,NA,NA,NA
57,"continuous",3,"Mixed linear and rule-based","RuleFit",TRUE,"MSE",1.4852426462193,22.18,NA,84,84,0,0,57,27,0,0,0,0.678571428571429,0.678571428571429,2.32142857142857
58,"continuous",3,"Mixed linear and rule-based","BRP-GABLE full",TRUE,"MSE",1.2260945682059,35.9900000000001,NA,44,37,7,29,15,0,0,0,0.659090909090909,0.340909090909091,1,1.34090909090909
58,"continuous",3,"Mixed linear and rule-based","BRP-GABLE rule-only",TRUE,"MSE",1.52259262178973,36.09,NA,55,55,0,37,18,0,0,0,0.672727272727273,0.327272727272727,1,1.32727272727273
58,"continuous",3,"Mixed linear and rule-based","GABLE",TRUE,"MSE",2.33219808612595,0.659999999999968,NA,5,5,0,4,1,0,0,0,0.8,0.2,1,1.2
58,"continuous",3,"Mixed linear and rule-based","GBM",TRUE,"MSE",1.55050304417928,0.0300000000000002,NA,NA,NA,NA,NA,NA,NA,NA,NA,NA,NA,NA,NA
58,"continuous",3,"Mixed linear and rule-based","Linear",TRUE,"MSE",1.51860489204446,0.00999999999999091,NA,20,0,20,20,0,0,0,0,1,0,1,1
58,"continuous",3,"Mixed linear and rule-based","Random forest",TRUE,"MSE",1.88866111854225,0.889999999999986,NA,NA,NA,NA,NA,NA,NA,NA,NA,NA,NA,NA,NA
58,"continuous",3,"Mixed linear and rule-based","RuleFit",TRUE,"MSE",1.37625302620455,21.47,NA,97,97,0,0,65,32,0,0,0,0.670103092783505,0.670103092783505,2.3298969072165
59,"continuous",3,"Mixed linear and rule-based","BRP-GABLE full",TRUE,"MSE",1.51031371568194,34.9200000000001,NA,50,43,7,38,12,0,0,0,0.76,0.24,1,1.24
59,"continuous",3,"Mixed linear and rule-based","BRP-GABLE rule-only",TRUE,"MSE",1.77561244300572,35.0500000000002,NA,71,71,0,58,13,0,0,0,0.816901408450704,0.183098591549296,1,1.1830985915493
59,"continuous",3,"Mixed linear and rule-based","GABLE",TRUE,"MSE",2.57404454078293,0.799999999999955,NA,5,5,0,5,0,0,0,0,1,0,1,1
59,"continuous",3,"Mixed linear and rule-based","GBM",TRUE,"MSE",1.82398465633397,0.02,NA,NA,NA,NA,NA,NA,NA,NA,NA,NA,NA,NA,NA
59,"continuous",3,"Mixed linear and rule-based","Linear",TRUE,"MSE",1.74192657478749,0,NA,20,0,20,20,0,0,0,0,1,0,1,1
59,"continuous",3,"Mixed linear and rule-based","Random forest",TRUE,"MSE",2.27360020347529,0.860000000000014,NA,NA,NA,NA,NA,NA,NA,NA,NA,NA,NA,NA,NA
59,"continuous",3,"Mixed linear and rule-based","RuleFit",TRUE,"MSE",1.53836342627387,21.81,NA,95,95,0,0,71,24,0,0,0,0.747368421052632,0.747368421052632,2.25263157894737
60,"continuous",3,"Mixed linear and rule-based","BRP-GABLE full",TRUE,"MSE",1.25643221046266,36.0400000000001,NA,36,28,8,28,8,0,0,0,0.777777777777778,0.222222222222222,1,1.22222222222222
60,"continuous",3,"Mixed linear and rule-based","BRP-GABLE rule-only",TRUE,"MSE",1.68629127308819,36.21,NA,65,65,0,57,8,0,0,0,0.876923076923077,0.123076923076923,1,1.12307692307692
60,"continuous",3,"Mixed linear and rule-based","GABLE",TRUE,"MSE",2.24327622342413,0.829999999999927,NA,5,5,0,5,0,0,0,0,1,0,1,1
60,"continuous",3,"Mixed linear and rule-based","GBM",TRUE,"MSE",1.53560248390773,0.0299999999999998,NA,NA,NA,NA,NA,NA,NA,NA,NA,NA,NA,NA,NA
60,"continuous",3,"Mixed linear and rule-based","Linear",TRUE,"MSE",1.63159416843071,0.00999999999999091,NA,20,0,20,20,0,0,0,0,1,0,1,1
60,"continuous",3,"Mixed linear and rule-based","Random forest",TRUE,"MSE",1.82286532496025,0.889999999999986,NA,NA,NA,NA,NA,NA,NA,NA,NA,NA,NA,NA,NA
60,"continuous",3,"Mixed linear and rule-based","RuleFit",TRUE,"MSE",1.22128770681821,22.55,NA,131,131,0,2,72,57,0,0,0.0152671755725191,0.549618320610687,0.564885496183206,2.41984732824427
61,"continuous",3,"Mixed linear and rule-based","BRP-GABLE full",TRUE,"MSE",1.25707375498068,34.54,NA,35,27,8,31,4,0,0,0,0.885714285714286,0.114285714285714,1,1.11428571428571
61,"continuous",3,"Mixed linear and rule-based","BRP-GABLE rule-only",TRUE,"MSE",1.60970205713914,34.7199999999999,NA,47,47,0,43,4,0,0,0,0.914893617021277,0.0851063829787234,1,1.08510638297872
61,"continuous",3,"Mixed linear and rule-based","GABLE",TRUE,"MSE",2.19325338659911,0.809999999999945,NA,5,5,0,5,0,0,0,0,1,0,1,1
61,"continuous",3,"Mixed linear and rule-based","GBM",TRUE,"MSE",1.47719074448005,0.0299999999999998,NA,NA,NA,NA,NA,NA,NA,NA,NA,NA,NA,NA,NA
61,"continuous",3,"Mixed linear and rule-based","Linear",TRUE,"MSE",1.61824669223988,0.0199999999999818,NA,20,0,20,20,0,0,0,0,1,0,1,1
61,"continuous",3,"Mixed linear and rule-based","Random forest",TRUE,"MSE",1.65826394538074,0.889999999999986,NA,NA,NA,NA,NA,NA,NA,NA,NA,NA,NA,NA,NA
61,"continuous",3,"Mixed linear and rule-based","RuleFit",TRUE,"MSE",1.31558001807247,21.22,NA,99,99,0,4,66,29,0,0,0.0404040404040404,0.666666666666667,0.707070707070707,2.25252525252525
62,"continuous",3,"Mixed linear and rule-based","BRP-GABLE full",TRUE,"MSE",1.26513720298993,34.2900000000001,NA,41,32,9,33,8,0,0,0,0.804878048780488,0.195121951219512,1,1.19512195121951
62,"continuous",3,"Mixed linear and rule-based","BRP-GABLE rule-only",TRUE,"MSE",1.80685193908068,34.5400000000001,NA,39,39,0,29,10,0,0,0,0.743589743589744,0.256410256410256,1,1.25641025641026
62,"continuous",3,"Mixed linear and rule-based","GABLE",TRUE,"MSE",2.40737760692504,0.75,NA,5,5,0,5,0,0,0,0,1,0,1,1
62,"continuous",3,"Mixed linear and rule-based","GBM",TRUE,"MSE",1.43132022106047,0.00999999999999979,NA,NA,NA,NA,NA,NA,NA,NA,NA,NA,NA,NA,NA
62,"continuous",3,"Mixed linear and rule-based","Linear",TRUE,"MSE",1.52095046174985,0,NA,20,0,20,20,0,0,0,0,1,0,1,1
62,"continuous",3,"Mixed linear and rule-based","Random forest",TRUE,"MSE",1.76985193714738,0.82000000000005,NA,NA,NA,NA,NA,NA,NA,NA,NA,NA,NA,NA,NA
62,"continuous",3,"Mixed linear and rule-based","RuleFit",TRUE,"MSE",1.31973489876775,21.28,NA,97,97,0,0,66,31,0,0,0,0.680412371134021,0.680412371134021,2.31958762886598
63,"continuous",3,"Mixed linear and rule-based","BRP-GABLE full",TRUE,"MSE",1.2109956402248,34.6,NA,51,41,10,42,9,0,0,0,0.823529411764706,0.176470588235294,1,1.17647058823529
63,"continuous",3,"Mixed linear and rule-based","BRP-GABLE rule-only",TRUE,"MSE",1.54213299880359,35.0600000000002,NA,60,60,0,51,9,0,0,0,0.85,0.15,1,1.15
63,"continuous",3,"Mixed linear and rule-based","GABLE",TRUE,"MSE",2.41839376123886,0.720000000000027,NA,5,5,0,4,1,0,0,0,0.8,0.2,1,1.2
63,"continuous",3,"Mixed linear and rule-based","GBM",TRUE,"MSE",1.47302253231632,0.0300000000000002,NA,NA,NA,NA,NA,NA,NA,NA,NA,NA,NA,NA,NA
63,"continuous",3,"Mixed linear and rule-based","Linear",TRUE,"MSE",1.67846171925407,0.0199999999999818,NA,20,0,20,20,0,0,0,0,1,0,1,1
63,"continuous",3,"Mixed linear and rule-based","Random forest",TRUE,"MSE",1.85685705947119,0.889999999999986,NA,NA,NA,NA,NA,NA,NA,NA,NA,NA,NA,NA,NA
63,"continuous",3,"Mixed linear and rule-based","RuleFit",TRUE,"MSE",1.3194610481201,21.68,NA,98,98,0,0,68,30,0,0,0,0.693877551020408,0.693877551020408,2.30612244897959
64,"continuous",3,"Mixed linear and rule-based","BRP-GABLE full",TRUE,"MSE",1.07846419688211,35.1899999999999,NA,53,46,7,45,8,0,0,0,0.849056603773585,0.150943396226415,1,1.15094339622642
64,"continuous",3,"Mixed linear and rule-based","BRP-GABLE rule-only",TRUE,"MSE",1.29633489477617,35.2299999999999,NA,74,74,0,64,10,0,0,0,0.864864864864865,0.135135135135135,1,1.13513513513514
64,"continuous",3,"Mixed linear and rule-based","GABLE",TRUE,"MSE",2.2784420662499,0.82000000000005,NA,5,5,0,5,0,0,0,0,1,0,1,1
64,"continuous",3,"Mixed linear and rule-based","GBM",TRUE,"MSE",1.33786257757719,0.02,NA,NA,NA,NA,NA,NA,NA,NA,NA,NA,NA,NA,NA
64,"continuous",3,"Mixed linear and rule-based","Linear",TRUE,"MSE",1.56641660163473,0,NA,20,0,20,20,0,0,0,0,1,0,1,1
64,"continuous",3,"Mixed linear and rule-based","Random forest",TRUE,"MSE",1.82804558434035,0.850000000000023,NA,NA,NA,NA,NA,NA,NA,NA,NA,NA,NA,NA,NA
64,"continuous",3,"Mixed linear and rule-based","RuleFit",TRUE,"MSE",1.23008958597241,22.15,NA,91,91,0,0,55,36,0,0,0,0.604395604395604,0.604395604395604,2.3956043956044
65,"continuous",3,"Mixed linear and rule-based","BRP-GABLE full",TRUE,"MSE",1.25973524032461,35.67,NA,49,42,7,35,14,0,0,0,0.714285714285714,0.285714285714286,1,1.28571428571429
65,"continuous",3,"Mixed linear and rule-based","BRP-GABLE rule-only",TRUE,"MSE",1.51834038143011,34.37,NA,50,50,0,33,17,0,0,0,0.66,0.34,1,1.34
65,"continuous",3,"Mixed linear and rule-based","GABLE",TRUE,"MSE",2.46702572123357,0.710000000000036,NA,5,5,0,5,0,0,0,0,1,0,1,1
65,"continuous",3,"Mixed linear and rule-based","GBM",TRUE,"MSE",1.5741787158714,0.0100000000000002,NA,NA,NA,NA,NA,NA,NA,NA,NA,NA,NA,NA,NA
65,"continuous",3,"Mixed linear and rule-based","Linear",TRUE,"MSE",1.78799956826848,0.0199999999999818,NA,20,0,20,20,0,0,0,0,1,0,1,1
65,"continuous",3,"Mixed linear and rule-based","Random forest",TRUE,"MSE",2.02526067038576,0.889999999999986,NA,NA,NA,NA,NA,NA,NA,NA,NA,NA,NA,NA,NA
65,"continuous",3,"Mixed linear and rule-based","RuleFit",TRUE,"MSE",1.32288137474339,21.45,NA,130,130,0,0,70,60,0,0,0,0.538461538461538,0.538461538461538,2.46153846153846
66,"continuous",3,"Mixed linear and rule-based","BRP-GABLE full",TRUE,"MSE",1.19941456702388,34.89,NA,48,42,6,38,10,0,0,0,0.791666666666667,0.208333333333333,1,1.20833333333333
66,"continuous",3,"Mixed linear and rule-based","BRP-GABLE rule-only",TRUE,"MSE",1.45423526377682,34.92,NA,60,60,0,46,14,0,0,0,0.766666666666667,0.233333333333333,1,1.23333333333333
66,"continuous",3,"Mixed linear and rule-based","GABLE",TRUE,"MSE",2.40333927113384,0.82000000000005,NA,5,5,0,5,0,0,0,0,1,0,1,1
66,"continuous",3,"Mixed linear and rule-based","GBM",TRUE,"MSE",1.53880760375377,0.02,NA,NA,NA,NA,NA,NA,NA,NA,NA,NA,NA,NA,NA
66,"continuous",3,"Mixed linear and rule-based","Linear",TRUE,"MSE",1.53468058660076,0.00999999999999091,NA,20,0,20,20,0,0,0,0,1,0,1,1
66,"continuous",3,"Mixed linear and rule-based","Random forest",TRUE,"MSE",1.93513630319577,0.839999999999918,NA,NA,NA,NA,NA,NA,NA,NA,NA,NA,NA,NA,NA
66,"continuous",3,"Mixed linear and rule-based","RuleFit",TRUE,"MSE",1.29164837822737,21.77,NA,90,90,0,0,60,30,0,0,0,0.666666666666667,0.666666666666667,2.33333333333333
67,"continuous",3,"Mixed linear and rule-based","BRP-GABLE full",TRUE,"MSE",1.40622252191928,35.12,NA,42,35,7,27,15,0,0,0,0.642857142857143,0.357142857142857,1,1.35714285714286
67,"continuous",3,"Mixed linear and rule-based","BRP-GABLE rule-only",TRUE,"MSE",1.78101855737595,35.04,NA,51,51,0,35,16,0,0,0,0.686274509803922,0.313725490196078,1,1.31372549019608
67,"continuous",3,"Mixed linear and rule-based","GABLE",TRUE,"MSE",2.4387961177651,0.829999999999927,NA,5,5,0,4,1,0,0,0,0.8,0.2,1,1.2
67,"continuous",3,"Mixed linear and rule-based","GBM",TRUE,"MSE",1.56579829748569,0.02,NA,NA,NA,NA,NA,NA,NA,NA,NA,NA,NA,NA,NA
67,"continuous",3,"Mixed linear and rule-based","Linear",TRUE,"MSE",1.66384354939609,0,NA,20,0,20,20,0,0,0,0,1,0,1,1
67,"continuous",3,"Mixed linear and rule-based","Random forest",TRUE,"MSE",1.97715643347639,0.860000000000014,NA,NA,NA,NA,NA,NA,NA,NA,NA,NA,NA,NA,NA
67,"continuous",3,"Mixed linear and rule-based","RuleFit",TRUE,"MSE",1.3324002759621,20.97,NA,103,103,0,1,80,22,0,0,0.00970873786407767,0.776699029126214,0.786407766990291,2.20388349514563
68,"continuous",3,"Mixed linear and rule-based","BRP-GABLE full",TRUE,"MSE",1.15099143929258,35.3200000000001,NA,37,30,7,32,5,0,0,0,0.864864864864865,0.135135135135135,1,1.13513513513514
68,"continuous",3,"Mixed linear and rule-based","BRP-GABLE rule-only",TRUE,"MSE",1.69403943778582,35.3000000000001,NA,47,47,0,42,5,0,0,0,0.893617021276596,0.106382978723404,1,1.1063829787234
68,"continuous",3,"Mixed linear and rule-based","GABLE",TRUE,"MSE",2.27831588134035,0.760000000000105,NA,5,5,0,5,0,0,0,0,1,0,1,1
68,"continuous",3,"Mixed linear and rule-based","GBM",TRUE,"MSE",1.42612647963308,0.0299999999999998,NA,NA,NA,NA,NA,NA,NA,NA,NA,NA,NA,NA,NA
68,"continuous",3,"Mixed linear and rule-based","Linear",TRUE,"MSE",1.56315586257936,0,NA,20,0,20,20,0,0,0,0,1,0,1,1
68,"continuous",3,"Mixed linear and rule-based","Random forest",TRUE,"MSE",1.65745439734673,0.809999999999945,NA,NA,NA,NA,NA,NA,NA,NA,NA,NA,NA,NA,NA
68,"continuous",3,"Mixed linear and rule-based","RuleFit",TRUE,"MSE",1.27732970210165,22.66,NA,108,108,0,0,71,37,0,0,0,0.657407407407407,0.657407407407407,2.34259259259259
69,"continuous",3,"Mixed linear and rule-based","BRP-GABLE full",TRUE,"MSE",1.23739605299183,36.0299999999999,NA,45,38,7,35,10,0,0,0,0.777777777777778,0.222222222222222,1,1.22222222222222
69,"continuous",3,"Mixed linear and rule-based","BRP-GABLE rule-only",TRUE,"MSE",1.51239825162276,35.78,NA,61,61,0,52,9,0,0,0,0.852459016393443,0.147540983606557,1,1.14754098360656
69,"continuous",3,"Mixed linear and rule-based","GABLE",TRUE,"MSE",2.5445768797208,0.879999999999995,NA,5,5,0,5,0,0,0,0,1,0,1,1
69,"continuous",3,"Mixed linear and rule-based","GBM",TRUE,"MSE",1.52550444030532,0.02,NA,NA,NA,NA,NA,NA,NA,NA,NA,NA,NA,NA,NA
69,"continuous",3,"Mixed linear and rule-based","Linear",TRUE,"MSE",1.82247571245391,0.00999999999999091,NA,20,0,20,20,0,0,0,0,1,0,1,1
69,"continuous",3,"Mixed linear and rule-based","Random forest",TRUE,"MSE",1.83477946074689,0.889999999999986,NA,NA,NA,NA,NA,NA,NA,NA,NA,NA,NA,NA,NA
69,"continuous",3,"Mixed linear and rule-based","RuleFit",TRUE,"MSE",1.32987304832863,21.99,NA,85,85,0,0,56,29,0,0,0,0.658823529411765,0.658823529411765,2.34117647058824
70,"continuous",3,"Mixed linear and rule-based","BRP-GABLE full",TRUE,"MSE",1.36907460611752,35.3900000000001,NA,39,31,8,26,13,0,0,0,0.666666666666667,0.333333333333333,1,1.33333333333333
70,"continuous",3,"Mixed linear and rule-based","BRP-GABLE rule-only",TRUE,"MSE",1.59212037816273,35.7,NA,56,56,0,43,13,0,0,0,0.767857142857143,0.232142857142857,1,1.23214285714286
70,"continuous",3,"Mixed linear and rule-based","GABLE",TRUE,"MSE",2.34904772151933,0.960000000000036,NA,5,5,0,5,0,0,0,0,1,0,1,1
70,"continuous",3,"Mixed linear and rule-based","GBM",TRUE,"MSE",1.5995228812458,0.0299999999999998,NA,NA,NA,NA,NA,NA,NA,NA,NA,NA,NA,NA,NA
70,"continuous",3,"Mixed linear and rule-based","Linear",TRUE,"MSE",1.62485499587798,0,NA,20,0,20,20,0,0,0,0,1,0,1,1
70,"continuous",3,"Mixed linear and rule-based","Random forest",TRUE,"MSE",1.95095483620278,0.870000000000005,NA,NA,NA,NA,NA,NA,NA,NA,NA,NA,NA,NA,NA
70,"continuous",3,"Mixed linear and rule-based","RuleFit",TRUE,"MSE",1.3894408699732,21.13,NA,98,98,0,0,59,39,0,0,0,0.602040816326531,0.602040816326531,2.39795918367347
71,"continuous",3,"Mixed linear and rule-based","BRP-GABLE full",TRUE,"MSE",1.0500944061245,34.8,NA,58,49,9,44,14,0,0,0,0.758620689655172,0.241379310344828,1,1.24137931034483
71,"continuous",3,"Mixed linear and rule-based","BRP-GABLE rule-only",TRUE,"MSE",1.24796967789117,35.1299999999999,NA,74,74,0,60,14,0,0,0,0.810810810810811,0.189189189189189,1,1.18918918918919
71,"continuous",3,"Mixed linear and rule-based","GABLE",TRUE,"MSE",2.08915369454449,0.730000000000018,NA,5,5,0,4,1,0,0,0,0.8,0.2,1,1.2
71,"continuous",3,"Mixed linear and rule-based","GBM",TRUE,"MSE",1.4143741054183,0.04,NA,NA,NA,NA,NA,NA,NA,NA,NA,NA,NA,NA,NA
71,"continuous",3,"Mixed linear and rule-based","Linear",TRUE,"MSE",1.52456313984058,0.0199999999999818,NA,20,0,20,20,0,0,0,0,1,0,1,1
71,"continuous",3,"Mixed linear and rule-based","Random forest",TRUE,"MSE",1.77625727847019,0.910000000000082,NA,NA,NA,NA,NA,NA,NA,NA,NA,NA,NA,NA,NA
71,"continuous",3,"Mixed linear and rule-based","RuleFit",TRUE,"MSE",1.22330619356086,21.91,NA,146,146,0,5,81,60,0,0,0.0342465753424658,0.554794520547945,0.589041095890411,2.37671232876712
72,"continuous",3,"Mixed linear and rule-based","BRP-GABLE full",TRUE,"MSE",1.29019499461134,35.28,NA,45,37,8,32,13,0,0,0,0.711111111111111,0.288888888888889,1,1.28888888888889
72,"continuous",3,"Mixed linear and rule-based","BRP-GABLE rule-only",TRUE,"MSE",1.67266822125899,35.0899999999999,NA,53,53,0,38,15,0,0,0,0.716981132075472,0.283018867924528,1,1.28301886792453
72,"continuous",3,"Mixed linear and rule-based","GABLE",TRUE,"MSE",2.45585890522987,0.82000000000005,NA,5,5,0,5,0,0,0,0,1,0,1,1
72,"continuous",3,"Mixed linear and rule-based","GBM",TRUE,"MSE",1.63482333363946,0.0300000000000002,NA,NA,NA,NA,NA,NA,NA,NA,NA,NA,NA,NA,NA
72,"continuous",3,"Mixed linear and rule-based","Linear",TRUE,"MSE",1.61468073185792,0,NA,20,0,20,20,0,0,0,0,1,0,1,1
72,"continuous",3,"Mixed linear and rule-based","Random forest",TRUE,"MSE",1.85755927251712,0.899999999999977,NA,NA,NA,NA,NA,NA,NA,NA,NA,NA,NA,NA,NA
72,"continuous",3,"Mixed linear and rule-based","RuleFit",TRUE,"MSE",1.34008745994541,21.13,NA,96,96,0,3,68,25,0,0,0.03125,0.708333333333333,0.739583333333333,2.22916666666667
73,"continuous",3,"Mixed linear and rule-based","BRP-GABLE full",TRUE,"MSE",1.15763757422556,36.25,NA,47,40,7,35,12,0,0,0,0.74468085106383,0.25531914893617,1,1.25531914893617
73,"continuous",3,"Mixed linear and rule-based","BRP-GABLE rule-only",TRUE,"MSE",1.42226067476198,35.86,NA,63,63,0,51,12,0,0,0,0.80952380952381,0.19047619047619,1,1.19047619047619
73,"continuous",3,"Mixed linear and rule-based","GABLE",TRUE,"MSE",2.43840269675486,0.770000000000095,NA,5,5,0,5,0,0,0,0,1,0,1,1
73,"continuous",3,"Mixed linear and rule-based","GBM",TRUE,"MSE",1.35792803221263,0.02,NA,NA,NA,NA,NA,NA,NA,NA,NA,NA,NA,NA,NA
73,"continuous",3,"Mixed linear and rule-based","Linear",TRUE,"MSE",1.57287305164715,0.00999999999999091,NA,20,0,20,20,0,0,0,0,1,0,1,1
73,"continuous",3,"Mixed linear and rule-based","Random forest",TRUE,"MSE",1.73187327455201,0.889999999999986,NA,NA,NA,NA,NA,NA,NA,NA,NA,NA,NA,NA,NA
73,"continuous",3,"Mixed linear and rule-based","RuleFit",TRUE,"MSE",1.24896535722656,22.79,NA,124,124,0,1,68,55,0,0,0.00806451612903226,0.548387096774194,0.556451612903226,2.43548387096774
74,"continuous",3,"Mixed linear and rule-based","BRP-GABLE full",TRUE,"MSE",1.23326684476129,35.67,NA,43,36,7,25,18,0,0,0,0.581395348837209,0.418604651162791,1,1.41860465116279
74,"continuous",3,"Mixed linear and rule-based","BRP-GABLE rule-only",TRUE,"MSE",1.5469909775592,35.3900000000001,NA,81,81,0,62,19,0,0,0,0.765432098765432,0.234567901234568,1,1.23456790123457
74,"continuous",3,"Mixed linear and rule-based","GABLE",TRUE,"MSE",2.33078005628536,0.809999999999945,NA,5,5,0,5,0,0,0,0,1,0,1,1
74,"continuous",3,"Mixed linear and rule-based","GBM",TRUE,"MSE",1.55943404763344,0.04,NA,NA,NA,NA,NA,NA,NA,NA,NA,NA,NA,NA,NA
74,"continuous",3,"Mixed linear and rule-based","Linear",TRUE,"MSE",1.33549779070329,0,NA,20,0,20,20,0,0,0,0,1,0,1,1
74,"continuous",3,"Mixed linear and rule-based","Random forest",TRUE,"MSE",1.9798066307716,0.940000000000055,NA,NA,NA,NA,NA,NA,NA,NA,NA,NA,NA,NA,NA
74,"continuous",3,"Mixed linear and rule-based","RuleFit",TRUE,"MSE",1.34468543842008,20.64,NA,97,97,0,0,62,35,0,0,0,0.639175257731959,0.639175257731959,2.36082474226804
75,"continuous",3,"Mixed linear and rule-based","BRP-GABLE full",TRUE,"MSE",1.36168378674773,35.6999999999999,NA,39,32,7,30,9,0,0,0,0.769230769230769,0.230769230769231,1,1.23076923076923
75,"continuous",3,"Mixed linear and rule-based","BRP-GABLE rule-only",TRUE,"MSE",1.73808140745258,35.2099999999999,NA,60,60,0,48,12,0,0,0,0.8,0.2,1,1.2
75,"continuous",3,"Mixed linear and rule-based","GABLE",TRUE,"MSE",2.41745743569944,0.75,NA,5,5,0,5,0,0,0,0,1,0,1,1
75,"continuous",3,"Mixed linear and rule-based","GBM",TRUE,"MSE",1.72703999894324,0.04,NA,NA,NA,NA,NA,NA,NA,NA,NA,NA,NA,NA,NA
75,"continuous",3,"Mixed linear and rule-based","Linear",TRUE,"MSE",1.76755634922893,0,NA,20,0,20,20,0,0,0,0,1,0,1,1
75,"continuous",3,"Mixed linear and rule-based","Random forest",TRUE,"MSE",2.13662985172074,0.8900000000001,NA,NA,NA,NA,NA,NA,NA,NA,NA,NA,NA,NA,NA
75,"continuous",3,"Mixed linear and rule-based","RuleFit",TRUE,"MSE",1.35755801518051,21.36,NA,106,106,0,2,73,31,0,0,0.0188679245283019,0.688679245283019,0.707547169811321,2.27358490566038
76,"continuous",3,"Mixed linear and rule-based","BRP-GABLE full",TRUE,"MSE",1.31554713380692,34.24,NA,53,46,7,38,15,0,0,0,0.716981132075472,0.283018867924528,1,1.28301886792453
76,"continuous",3,"Mixed linear and rule-based","BRP-GABLE rule-only",TRUE,"MSE",1.5444797454595,34.37,NA,61,61,0,46,15,0,0,0,0.754098360655738,0.245901639344262,1,1.24590163934426
76,"continuous",3,"Mixed linear and rule-based","GABLE",TRUE,"MSE",2.49247407269976,0.810000000000059,NA,5,5,0,5,0,0,0,0,1,0,1,1
76,"continuous",3,"Mixed linear and rule-based","GBM",TRUE,"MSE",1.73024081765258,0.0299999999999998,NA,NA,NA,NA,NA,NA,NA,NA,NA,NA,NA,NA,NA
76,"continuous",3,"Mixed linear and rule-based","Linear",TRUE,"MSE",1.83928736343769,0,NA,20,0,20,20,0,0,0,0,1,0,1,1
76,"continuous",3,"Mixed linear and rule-based","Random forest",TRUE,"MSE",2.16086610593851,0.919999999999959,NA,NA,NA,NA,NA,NA,NA,NA,NA,NA,NA,NA,NA
76,"continuous",3,"Mixed linear and rule-based","RuleFit",TRUE,"MSE",1.5522103351387,21.87,NA,92,92,0,0,68,24,0,0,0,0.739130434782609,0.739130434782609,2.26086956521739
77,"continuous",3,"Mixed linear and rule-based","BRP-GABLE full",TRUE,"MSE",1.21304592182019,35.4400000000001,NA,29,22,7,21,8,0,0,0,0.724137931034483,0.275862068965517,1,1.27586206896552
77,"continuous",3,"Mixed linear and rule-based","BRP-GABLE rule-only",TRUE,"MSE",1.61442675534207,35.4200000000001,NA,54,54,0,44,10,0,0,0,0.814814814814815,0.185185185185185,1,1.18518518518519
77,"continuous",3,"Mixed linear and rule-based","GABLE",TRUE,"MSE",2.47084435095396,0.779999999999973,NA,5,5,0,5,0,0,0,0,1,0,1,1
77,"continuous",3,"Mixed linear and rule-based","GBM",TRUE,"MSE",1.45302510155402,0.0499999999999998,NA,NA,NA,NA,NA,NA,NA,NA,NA,NA,NA,NA,NA
77,"continuous",3,"Mixed linear and rule-based","Linear",TRUE,"MSE",1.65777361487365,0,NA,20,0,20,20,0,0,0,0,1,0,1,1
77,"continuous",3,"Mixed linear and rule-based","Random forest",TRUE,"MSE",1.90234243385187,0.830000000000041,NA,NA,NA,NA,NA,NA,NA,NA,NA,NA,NA,NA,NA
77,"continuous",3,"Mixed linear and rule-based","RuleFit",TRUE,"MSE",1.2747435292427,21.85,NA,110,110,0,3,78,29,0,0,0.0272727272727273,0.709090909090909,0.736363636363636,2.23636363636364
78,"continuous",3,"Mixed linear and rule-based","BRP-GABLE full",TRUE,"MSE",1.18465220936455,36.0700000000001,NA,53,47,6,41,12,0,0,0,0.773584905660377,0.226415094339623,1,1.22641509433962
78,"continuous",3,"Mixed linear and rule-based","BRP-GABLE rule-only",TRUE,"MSE",1.41294624343399,35.89,NA,62,62,0,47,15,0,0,0,0.758064516129032,0.241935483870968,1,1.24193548387097
78,"continuous",3,"Mixed linear and rule-based","GABLE",TRUE,"MSE",2.41550343593024,0.769999999999982,NA,5,5,0,5,0,0,0,0,1,0,1,1
78,"continuous",3,"Mixed linear and rule-based","GBM",TRUE,"MSE",1.69597438734864,0.04,NA,NA,NA,NA,NA,NA,NA,NA,NA,NA,NA,NA,NA
78,"continuous",3,"Mixed linear and rule-based","Linear",TRUE,"MSE",1.62480129666155,0,NA,20,0,20,20,0,0,0,0,1,0,1,1
78,"continuous",3,"Mixed linear and rule-based","Random forest",TRUE,"MSE",1.93553790786214,0.870000000000005,NA,NA,NA,NA,NA,NA,NA,NA,NA,NA,NA,NA,NA
78,"continuous",3,"Mixed linear and rule-based","RuleFit",TRUE,"MSE",1.35525466986109,21.43,NA,102,102,0,1,73,28,0,0,0.00980392156862745,0.715686274509804,0.725490196078431,2.26470588235294
79,"continuous",3,"Mixed linear and rule-based","BRP-GABLE full",TRUE,"MSE",1.16348520599147,35.22,NA,49,41,8,39,10,0,0,0,0.795918367346939,0.204081632653061,1,1.20408163265306
79,"continuous",3,"Mixed linear and rule-based","BRP-GABLE rule-only",TRUE,"MSE",1.39742263515683,35.14,NA,70,70,0,59,11,0,0,0,0.842857142857143,0.157142857142857,1,1.15714285714286
79,"continuous",3,"Mixed linear and rule-based","GABLE",TRUE,"MSE",2.17355384897066,0.969999999999914,NA,5,5,0,5,0,0,0,0,1,0,1,1
79,"continuous",3,"Mixed linear and rule-based","GBM",TRUE,"MSE",1.55183054968456,0.0299999999999998,NA,NA,NA,NA,NA,NA,NA,NA,NA,NA,NA,NA,NA
79,"continuous",3,"Mixed linear and rule-based","Linear",TRUE,"MSE",1.68435573492379,0.00999999999999091,NA,20,0,20,20,0,0,0,0,1,0,1,1
79,"continuous",3,"Mixed linear and rule-based","Random forest",TRUE,"MSE",1.99089505050075,0.830000000000041,NA,NA,NA,NA,NA,NA,NA,NA,NA,NA,NA,NA,NA
79,"continuous",3,"Mixed linear and rule-based","RuleFit",TRUE,"MSE",1.28523759791906,21.89,NA,98,98,0,0,60,38,0,0,0,0.612244897959184,0.612244897959184,2.38775510204082
80,"continuous",3,"Mixed linear and rule-based","BRP-GABLE full",TRUE,"MSE",1.24185728637076,35.7,NA,53,46,7,40,13,0,0,0,0.754716981132076,0.245283018867925,1,1.24528301886792
80,"continuous",3,"Mixed linear and rule-based","BRP-GABLE rule-only",TRUE,"MSE",1.65662861531208,36.0000000000001,NA,60,60,0,46,14,0,0,0,0.766666666666667,0.233333333333333,1,1.23333333333333
80,"continuous",3,"Mixed linear and rule-based","GABLE",TRUE,"MSE",2.38299100523846,0.800000000000068,NA,5,5,0,5,0,0,0,0,1,0,1,1
80,"continuous",3,"Mixed linear and rule-based","GBM",TRUE,"MSE",1.61314890846604,0.0299999999999998,NA,NA,NA,NA,NA,NA,NA,NA,NA,NA,NA,NA,NA
80,"continuous",3,"Mixed linear and rule-based","Linear",TRUE,"MSE",1.54412157344784,0.0199999999999818,NA,20,0,20,20,0,0,0,0,1,0,1,1
80,"continuous",3,"Mixed linear and rule-based","Random forest",TRUE,"MSE",1.90645170502442,0.899999999999977,NA,NA,NA,NA,NA,NA,NA,NA,NA,NA,NA,NA,NA
80,"continuous",3,"Mixed linear and rule-based","RuleFit",TRUE,"MSE",1.46571370722631,21.52,NA,83,83,0,0,53,30,0,0,0,0.63855421686747,0.63855421686747,2.36144578313253
81,"continuous",3,"Mixed linear and rule-based","BRP-GABLE full",TRUE,"MSE",1.06443199443075,34.9099999999999,NA,48,40,8,28,20,0,0,0,0.583333333333333,0.416666666666667,1,1.41666666666667
81,"continuous",3,"Mixed linear and rule-based","BRP-GABLE rule-only",TRUE,"MSE",1.42174073326692,35,NA,64,64,0,43,21,0,0,0,0.671875,0.328125,1,1.328125
81,"continuous",3,"Mixed linear and rule-based","GABLE",TRUE,"MSE",2.10890056551207,0.780000000000086,NA,5,5,0,5,0,0,0,0,1,0,1,1
81,"continuous",3,"Mixed linear and rule-based","GBM",TRUE,"MSE",1.37902907757129,0.0100000000000002,NA,NA,NA,NA,NA,NA,NA,NA,NA,NA,NA,NA,NA
81,"continuous",3,"Mixed linear and rule-based","Linear",TRUE,"MSE",1.4729690972647,0,NA,20,0,20,20,0,0,0,0,1,0,1,1
81,"continuous",3,"Mixed linear and rule-based","Random forest",TRUE,"MSE",1.85059073980188,0.879999999999995,NA,NA,NA,NA,NA,NA,NA,NA,NA,NA,NA,NA,NA
81,"continuous",3,"Mixed linear and rule-based","RuleFit",TRUE,"MSE",1.09383987796558,22.33,NA,131,131,0,0,72,59,0,0,0,0.549618320610687,0.549618320610687,2.45038167938931
82,"continuous",3,"Mixed linear and rule-based","BRP-GABLE full",TRUE,"MSE",1.35742868150995,35.6600000000001,NA,58,51,7,47,11,0,0,0,0.810344827586207,0.189655172413793,1,1.18965517241379
82,"continuous",3,"Mixed linear and rule-based","BRP-GABLE rule-only",TRUE,"MSE",1.68492567009685,35.4100000000001,NA,54,54,0,44,10,0,0,0,0.814814814814815,0.185185185185185,1,1.18518518518519
82,"continuous",3,"Mixed linear and rule-based","GABLE",TRUE,"MSE",2.49201005057721,0.829999999999927,NA,5,5,0,5,0,0,0,0,1,0,1,1
82,"continuous",3,"Mixed linear and rule-based","GBM",TRUE,"MSE",1.57149342313909,0.0299999999999998,NA,NA,NA,NA,NA,NA,NA,NA,NA,NA,NA,NA,NA
82,"continuous",3,"Mixed linear and rule-based","Linear",TRUE,"MSE",1.7265446822226,0,NA,20,0,20,20,0,0,0,0,1,0,1,1
82,"continuous",3,"Mixed linear and rule-based","Random forest",TRUE,"MSE",1.83818786687817,0.920000000000073,NA,NA,NA,NA,NA,NA,NA,NA,NA,NA,NA,NA,NA
82,"continuous",3,"Mixed linear and rule-based","RuleFit",TRUE,"MSE",1.42915097157807,21.82,NA,99,99,0,2,60,37,0,0,0.0202020202020202,0.606060606060606,0.626262626262626,2.35353535353535
83,"continuous",3,"Mixed linear and rule-based","BRP-GABLE full",TRUE,"MSE",1.19051065918744,35.79,NA,54,44,10,37,17,0,0,0,0.685185185185185,0.314814814814815,1,1.31481481481481
83,"continuous",3,"Mixed linear and rule-based","BRP-GABLE rule-only",TRUE,"MSE",1.61907294043293,35.49,NA,75,75,0,56,19,0,0,0,0.746666666666667,0.253333333333333,1,1.25333333333333
83,"continuous",3,"Mixed linear and rule-based","GABLE",TRUE,"MSE",2.44176414133255,0.649999999999977,NA,5,5,0,5,0,0,0,0,1,0,1,1
83,"continuous",3,"Mixed linear and rule-based","GBM",TRUE,"MSE",1.65698704966909,0.0299999999999998,NA,NA,NA,NA,NA,NA,NA,NA,NA,NA,NA,NA,NA
83,"continuous",3,"Mixed linear and rule-based","Linear",TRUE,"MSE",1.5924156920308,0,NA,20,0,20,20,0,0,0,0,1,0,1,1
83,"continuous",3,"Mixed linear and rule-based","Random forest",TRUE,"MSE",2.02287366992929,0.830000000000041,NA,NA,NA,NA,NA,NA,NA,NA,NA,NA,NA,NA,NA
83,"continuous",3,"Mixed linear and rule-based","RuleFit",TRUE,"MSE",1.34377494755532,21.75,NA,117,117,0,0,79,38,0,0,0,0.675213675213675,0.675213675213675,2.32478632478632
84,"continuous",3,"Mixed linear and rule-based","BRP-GABLE full",TRUE,"MSE",1.11978361129769,35.5899999999999,NA,49,42,7,40,9,0,0,0,0.816326530612245,0.183673469387755,1,1.18367346938776
84,"continuous",3,"Mixed linear and rule-based","BRP-GABLE rule-only",TRUE,"MSE",1.59195517769785,36.26,NA,60,60,0,47,13,0,0,0,0.783333333333333,0.216666666666667,1,1.21666666666667
84,"continuous",3,"Mixed linear and rule-based","GABLE",TRUE,"MSE",2.07521227950241,0.810000000000059,NA,5,5,0,5,0,0,0,0,1,0,1,1
84,"continuous",3,"Mixed linear and rule-based","GBM",TRUE,"MSE",1.48600482286998,0.04,NA,NA,NA,NA,NA,NA,NA,NA,NA,NA,NA,NA,NA
84,"continuous",3,"Mixed linear and rule-based","Linear",TRUE,"MSE",1.63863514302213,0,NA,20,0,20,20,0,0,0,0,1,0,1,1
84,"continuous",3,"Mixed linear and rule-based","Random forest",TRUE,"MSE",1.90426011067937,0.889999999999986,NA,NA,NA,NA,NA,NA,NA,NA,NA,NA,NA,NA,NA
84,"continuous",3,"Mixed linear and rule-based","RuleFit",TRUE,"MSE",1.29321570235232,22.4,NA,115,115,0,0,69,46,0,0,0,0.6,0.6,2.4
85,"continuous",3,"Mixed linear and rule-based","BRP-GABLE full",TRUE,"MSE",1.3332442194011,35.37,NA,41,32,9,34,7,0,0,0,0.829268292682927,0.170731707317073,1,1.17073170731707
85,"continuous",3,"Mixed linear and rule-based","BRP-GABLE rule-only",TRUE,"MSE",1.72179994509266,35.65,NA,57,57,0,48,9,0,0,0,0.842105263157895,0.157894736842105,1,1.15789473684211
85,"continuous",3,"Mixed linear and rule-based","GABLE",TRUE,"MSE",2.4225173493356,0.809999999999945,NA,5,5,0,4,1,0,0,0,0.8,0.2,1,1.2
85,"continuous",3,"Mixed linear and rule-based","GBM",TRUE,"MSE",1.67898491187022,0.0300000000000002,NA,NA,NA,NA,NA,NA,NA,NA,NA,NA,NA,NA,NA
85,"continuous",3,"Mixed linear and rule-based","Linear",TRUE,"MSE",1.71992545701179,0.00999999999999091,NA,20,0,20,20,0,0,0,0,1,0,1,1
85,"continuous",3,"Mixed linear and rule-based","Random forest",TRUE,"MSE",2.11276145105794,0.950000000000045,NA,NA,NA,NA,NA,NA,NA,NA,NA,NA,NA,NA,NA
85,"continuous",3,"Mixed linear and rule-based","RuleFit",TRUE,"MSE",1.38025074536069,22.65,NA,121,121,0,4,66,51,0,0,0.0330578512396694,0.545454545454545,0.578512396694215,2.38842975206612
86,"continuous",3,"Mixed linear and rule-based","BRP-GABLE full",TRUE,"MSE",1.25082409502745,36.16,NA,43,36,7,36,7,0,0,0,0.837209302325581,0.162790697674419,1,1.16279069767442
86,"continuous",3,"Mixed linear and rule-based","BRP-GABLE rule-only",TRUE,"MSE",1.63976602288692,36.2600000000001,NA,59,59,0,52,7,0,0,0,0.88135593220339,0.11864406779661,1,1.11864406779661
86,"continuous",3,"Mixed linear and rule-based","GABLE",TRUE,"MSE",2.43329193219711,0.780000000000086,NA,5,5,0,5,0,0,0,0,1,0,1,1
86,"continuous",3,"Mixed linear and rule-based","GBM",TRUE,"MSE",1.69587000300472,0.04,NA,NA,NA,NA,NA,NA,NA,NA,NA,NA,NA,NA,NA
86,"continuous",3,"Mixed linear and rule-based","Linear",TRUE,"MSE",1.69271463675204,0.0199999999999818,NA,20,0,20,20,0,0,0,0,1,0,1,1
86,"continuous",3,"Mixed linear and rule-based","Random forest",TRUE,"MSE",2.22803167465678,0.879999999999995,NA,NA,NA,NA,NA,NA,NA,NA,NA,NA,NA,NA,NA
86,"continuous",3,"Mixed linear and rule-based","RuleFit",TRUE,"MSE",1.45385490084557,20.23,NA,118,118,0,4,80,34,0,0,0.0338983050847458,0.677966101694915,0.711864406779661,2.25423728813559
87,"continuous",3,"Mixed linear and rule-based","BRP-GABLE full",TRUE,"MSE",1.29982804153166,35.9499999999999,NA,45,37,8,34,11,0,0,0,0.755555555555556,0.244444444444444,1,1.24444444444444
87,"continuous",3,"Mixed linear and rule-based","BRP-GABLE rule-only",TRUE,"MSE",1.56132030801641,36.22,NA,65,65,0,53,12,0,0,0,0.815384615384615,0.184615384615385,1,1.18461538461538
87,"continuous",3,"Mixed linear and rule-based","GABLE",TRUE,"MSE",2.3553305738351,0.690000000000055,NA,5,5,0,4,1,0,0,0,0.8,0.2,1,1.2
87,"continuous",3,"Mixed linear and rule-based","GBM",TRUE,"MSE",1.56234911904781,0.0299999999999998,NA,NA,NA,NA,NA,NA,NA,NA,NA,NA,NA,NA,NA
87,"continuous",3,"Mixed linear and rule-based","Linear",TRUE,"MSE",1.56300427101866,0,NA,20,0,20,20,0,0,0,0,1,0,1,1
87,"continuous",3,"Mixed linear and rule-based","Random forest",TRUE,"MSE",1.97233593611683,0.860000000000014,NA,NA,NA,NA,NA,NA,NA,NA,NA,NA,NA,NA,NA
87,"continuous",3,"Mixed linear and rule-based","RuleFit",TRUE,"MSE",1.33624028824005,20.91,NA,92,92,0,0,65,27,0,0,0,0.706521739130435,0.706521739130435,2.29347826086957
88,"continuous",3,"Mixed linear and rule-based","BRP-GABLE full",TRUE,"MSE",1.43327331358171,37.2700000000001,NA,42,34,8,30,12,0,0,0,0.714285714285714,0.285714285714286,1,1.28571428571429
88,"continuous",3,"Mixed linear and rule-based","BRP-GABLE rule-only",TRUE,"MSE",2.02583935065108,37.96,NA,47,47,0,34,13,0,0,0,0.723404255319149,0.276595744680851,1,1.27659574468085
88,"continuous",3,"Mixed linear and rule-based","GABLE",TRUE,"MSE",2.46453484127947,0.720000000000027,NA,5,5,0,5,0,0,0,0,1,0,1,1
88,"continuous",3,"Mixed linear and rule-based","GBM",TRUE,"MSE",1.75191207230183,0.0300000000000002,NA,NA,NA,NA,NA,NA,NA,NA,NA,NA,NA,NA,NA
88,"continuous",3,"Mixed linear and rule-based","Linear",TRUE,"MSE",1.58469321774827,0.0199999999999818,NA,20,0,20,20,0,0,0,0,1,0,1,1
88,"continuous",3,"Mixed linear and rule-based","Random forest",TRUE,"MSE",2.12174891062471,0.829999999999927,NA,NA,NA,NA,NA,NA,NA,NA,NA,NA,NA,NA,NA
88,"continuous",3,"Mixed linear and rule-based","RuleFit",TRUE,"MSE",1.48153488117762,21.58,NA,106,106,0,0,69,37,0,0,0,0.650943396226415,0.650943396226415,2.34905660377358
89,"continuous",3,"Mixed linear and rule-based","BRP-GABLE full",TRUE,"MSE",1.30653136717364,35.0600000000001,NA,43,35,8,33,10,0,0,0,0.767441860465116,0.232558139534884,1,1.23255813953488
89,"continuous",3,"Mixed linear and rule-based","BRP-GABLE rule-only",TRUE,"MSE",1.70905361097123,35.24,NA,54,54,0,42,12,0,0,0,0.777777777777778,0.222222222222222,1,1.22222222222222
89,"continuous",3,"Mixed linear and rule-based","GABLE",TRUE,"MSE",2.37811465199371,0.730000000000018,NA,5,5,0,5,0,0,0,0,1,0,1,1
89,"continuous",3,"Mixed linear and rule-based","GBM",TRUE,"MSE",1.56659867828762,0.0299999999999998,NA,NA,NA,NA,NA,NA,NA,NA,NA,NA,NA,NA,NA
89,"continuous",3,"Mixed linear and rule-based","Linear",TRUE,"MSE",1.72035562583925,0.0200000000000955,NA,20,0,20,20,0,0,0,0,1,0,1,1
89,"continuous",3,"Mixed linear and rule-based","Random forest",TRUE,"MSE",1.8936513349786,0.889999999999986,NA,NA,NA,NA,NA,NA,NA,NA,NA,NA,NA,NA,NA
89,"continuous",3,"Mixed linear and rule-based","RuleFit",TRUE,"MSE",1.38587527908743,22.64,NA,94,94,0,1,68,25,0,0,0.0106382978723404,0.723404255319149,0.734042553191489,2.25531914893617
90,"continuous",3,"Mixed linear and rule-based","BRP-GABLE full",TRUE,"MSE",1.26523901322282,36.12,NA,50,42,8,37,13,0,0,0,0.74,0.26,1,1.26
90,"continuous",3,"Mixed linear and rule-based","BRP-GABLE rule-only",TRUE,"MSE",1.55002784262569,35.59,NA,61,61,0,45,16,0,0,0,0.737704918032787,0.262295081967213,1,1.26229508196721
90,"continuous",3,"Mixed linear and rule-based","GABLE",TRUE,"MSE",2.30716102185688,0.82000000000005,NA,5,5,0,5,0,0,0,0,1,0,1,1
90,"continuous",3,"Mixed linear and rule-based","GBM",TRUE,"MSE",1.68480438016408,0.04,NA,NA,NA,NA,NA,NA,NA,NA,NA,NA,NA,NA,NA
90,"continuous",3,"Mixed linear and rule-based","Linear",TRUE,"MSE",1.68200865448684,0,NA,20,0,20,20,0,0,0,0,1,0,1,1
90,"continuous",3,"Mixed linear and rule-based","Random forest",TRUE,"MSE",2.1655678547585,0.92999999999995,NA,NA,NA,NA,NA,NA,NA,NA,NA,NA,NA,NA,NA
90,"continuous",3,"Mixed linear and rule-based","RuleFit",TRUE,"MSE",1.31344617286693,21.72,NA,140,140,0,0,90,50,0,0,0,0.642857142857143,0.642857142857143,2.35714285714286
91,"continuous",3,"Mixed linear and rule-based","BRP-GABLE full",TRUE,"MSE",1.23627402992666,36.8299999999999,NA,45,37,8,36,9,0,0,0,0.8,0.2,1,1.2
91,"continuous",3,"Mixed linear and rule-based","BRP-GABLE rule-only",TRUE,"MSE",1.58118977848224,36.8,NA,61,61,0,53,8,0,0,0,0.868852459016393,0.131147540983607,1,1.13114754098361
91,"continuous",3,"Mixed linear and rule-based","GABLE",TRUE,"MSE",2.39413340800138,0.800000000000068,NA,5,5,0,5,0,0,0,0,1,0,1,1
91,"continuous",3,"Mixed linear and rule-based","GBM",TRUE,"MSE",1.68317992574066,0.00999999999999979,NA,NA,NA,NA,NA,NA,NA,NA,NA,NA,NA,NA,NA
91,"continuous",3,"Mixed linear and rule-based","Linear",TRUE,"MSE",1.69080136837368,0,NA,20,0,20,20,0,0,0,0,1,0,1,1
91,"continuous",3,"Mixed linear and rule-based","Random forest",TRUE,"MSE",2.20491189269496,0.889999999999986,NA,NA,NA,NA,NA,NA,NA,NA,NA,NA,NA,NA,NA
91,"continuous",3,"Mixed linear and rule-based","RuleFit",TRUE,"MSE",1.3591562787277,21.97,NA,113,113,0,0,72,41,0,0,0,0.63716814159292,0.63716814159292,2.36283185840708
92,"continuous",3,"Mixed linear and rule-based","BRP-GABLE full",TRUE,"MSE",1.28375586568522,34.1800000000001,NA,45,38,7,32,13,0,0,0,0.711111111111111,0.288888888888889,1,1.28888888888889
92,"continuous",3,"Mixed linear and rule-based","BRP-GABLE rule-only",TRUE,"MSE",1.56248100653451,34.53,NA,59,59,0,45,14,0,0,0,0.76271186440678,0.23728813559322,1,1.23728813559322
92,"continuous",3,"Mixed linear and rule-based","GABLE",TRUE,"MSE",2.33519012143004,0.75,NA,5,5,0,5,0,0,0,0,1,0,1,1
92,"continuous",3,"Mixed linear and rule-based","GBM",TRUE,"MSE",1.55458796451882,0.02,NA,NA,NA,NA,NA,NA,NA,NA,NA,NA,NA,NA,NA
92,"continuous",3,"Mixed linear and rule-based","Linear",TRUE,"MSE",1.6278105631198,0,NA,20,0,20,20,0,0,0,0,1,0,1,1
92,"continuous",3,"Mixed linear and rule-based","Random forest",TRUE,"MSE",1.83816118543678,0.920000000000073,NA,NA,NA,NA,NA,NA,NA,NA,NA,NA,NA,NA,NA
92,"continuous",3,"Mixed linear and rule-based","RuleFit",TRUE,"MSE",1.31397665870737,21.58,NA,131,131,0,3,85,43,0,0,0.0229007633587786,0.648854961832061,0.67175572519084,2.30534351145038
93,"continuous",3,"Mixed linear and rule-based","BRP-GABLE full",TRUE,"MSE",1.335015683619,36.0199999999999,NA,45,38,7,37,8,0,0,0,0.822222222222222,0.177777777777778,1,1.17777777777778
93,"continuous",3,"Mixed linear and rule-based","BRP-GABLE rule-only",TRUE,"MSE",1.5715053412785,35.7199999999999,NA,61,61,0,51,10,0,0,0,0.836065573770492,0.163934426229508,1,1.16393442622951
93,"continuous",3,"Mixed linear and rule-based","GABLE",TRUE,"MSE",2.44584583166184,0.75,NA,5,5,0,4,1,0,0,0,0.8,0.2,1,1.2
93,"continuous",3,"Mixed linear and rule-based","GBM",TRUE,"MSE",1.69229380275075,0.0300000000000002,NA,NA,NA,NA,NA,NA,NA,NA,NA,NA,NA,NA,NA
93,"continuous",3,"Mixed linear and rule-based","Linear",TRUE,"MSE",1.63364774150722,0,NA,20,0,20,20,0,0,0,0,1,0,1,1
93,"continuous",3,"Mixed linear and rule-based","Random forest",TRUE,"MSE",2.09705905238787,0.920000000000073,NA,NA,NA,NA,NA,NA,NA,NA,NA,NA,NA,NA,NA
93,"continuous",3,"Mixed linear and rule-based","RuleFit",TRUE,"MSE",1.55438134068244,21.76,NA,84,84,0,2,55,27,0,0,0.0238095238095238,0.654761904761905,0.678571428571429,2.29761904761905
94,"continuous",3,"Mixed linear and rule-based","BRP-GABLE full",TRUE,"MSE",1.16106479080923,35.47,NA,46,39,7,36,10,0,0,0,0.782608695652174,0.217391304347826,1,1.21739130434783
94,"continuous",3,"Mixed linear and rule-based","BRP-GABLE rule-only",TRUE,"MSE",1.79562779879629,36.3699999999999,NA,48,48,0,38,10,0,0,0,0.791666666666667,0.208333333333333,1,1.20833333333333
94,"continuous",3,"Mixed linear and rule-based","GABLE",TRUE,"MSE",2.21126090707476,0.889999999999873,NA,5,5,0,5,0,0,0,0,1,0,1,1
94,"continuous",3,"Mixed linear and rule-based","GBM",TRUE,"MSE",1.56751803462485,0.0100000000000002,NA,NA,NA,NA,NA,NA,NA,NA,NA,NA,NA,NA,NA
94,"continuous",3,"Mixed linear and rule-based","Linear",TRUE,"MSE",1.70261778912389,0,NA,20,0,20,20,0,0,0,0,1,0,1,1
94,"continuous",3,"Mixed linear and rule-based","Random forest",TRUE,"MSE",1.98512442360435,1.0200000000001,NA,NA,NA,NA,NA,NA,NA,NA,NA,NA,NA,NA,NA
94,"continuous",3,"Mixed linear and rule-based","RuleFit",TRUE,"MSE",1.36837042233759,22,NA,98,98,0,0,68,30,0,0,0,0.693877551020408,0.693877551020408,2.30612244897959
95,"continuous",3,"Mixed linear and rule-based","BRP-GABLE full",TRUE,"MSE",1.27370036969818,35.5400000000001,NA,57,46,11,50,7,0,0,0,0.87719298245614,0.12280701754386,1,1.12280701754386
95,"continuous",3,"Mixed linear and rule-based","BRP-GABLE rule-only",TRUE,"MSE",1.67982931239718,35.1,NA,58,58,0,51,7,0,0,0,0.879310344827586,0.120689655172414,1,1.12068965517241
95,"continuous",3,"Mixed linear and rule-based","GABLE",TRUE,"MSE",2.30198679235423,0.799999999999955,NA,5,5,0,5,0,0,0,0,1,0,1,1
95,"continuous",3,"Mixed linear and rule-based","GBM",TRUE,"MSE",1.77473105280131,0.0299999999999998,NA,NA,NA,NA,NA,NA,NA,NA,NA,NA,NA,NA,NA
95,"continuous",3,"Mixed linear and rule-based","Linear",TRUE,"MSE",1.69903229104223,0,NA,20,0,20,20,0,0,0,0,1,0,1,1
95,"continuous",3,"Mixed linear and rule-based","Random forest",TRUE,"MSE",2.10651425685901,0.920000000000073,NA,NA,NA,NA,NA,NA,NA,NA,NA,NA,NA,NA,NA
95,"continuous",3,"Mixed linear and rule-based","RuleFit",TRUE,"MSE",1.4221189545844,21.28,NA,124,124,0,5,79,40,0,0,0.0403225806451613,0.637096774193548,0.67741935483871,2.28225806451613
96,"continuous",3,"Mixed linear and rule-based","BRP-GABLE full",TRUE,"MSE",1.26606844038419,33.45,NA,50,42,8,33,17,0,0,0,0.66,0.34,1,1.34
96,"continuous",3,"Mixed linear and rule-based","BRP-GABLE rule-only",TRUE,"MSE",1.50799111082239,33.1800000000003,NA,57,57,0,39,18,0,0,0,0.684210526315789,0.315789473684211,1,1.31578947368421
96,"continuous",3,"Mixed linear and rule-based","GABLE",TRUE,"MSE",2.47302599975984,0.799999999999955,NA,5,5,0,5,0,0,0,0,1,0,1,1
96,"continuous",3,"Mixed linear and rule-based","GBM",TRUE,"MSE",1.52291162956486,0.02,NA,NA,NA,NA,NA,NA,NA,NA,NA,NA,NA,NA,NA
96,"continuous",3,"Mixed linear and rule-based","Linear",TRUE,"MSE",1.46484382958169,0,NA,20,0,20,20,0,0,0,0,1,0,1,1
96,"continuous",3,"Mixed linear and rule-based","Random forest",TRUE,"MSE",2.02586089628457,0.8599999999999,NA,NA,NA,NA,NA,NA,NA,NA,NA,NA,NA,NA,NA
96,"continuous",3,"Mixed linear and rule-based","RuleFit",TRUE,"MSE",1.32161137142964,20.78,NA,89,89,0,0,60,29,0,0,0,0.674157303370786,0.674157303370786,2.32584269662921
97,"continuous",3,"Mixed linear and rule-based","BRP-GABLE full",TRUE,"MSE",1.34688629293581,35.2799999999997,NA,48,38,10,37,11,0,0,0,0.770833333333333,0.229166666666667,1,1.22916666666667
97,"continuous",3,"Mixed linear and rule-based","BRP-GABLE rule-only",TRUE,"MSE",1.74978740072236,35.6900000000001,NA,54,54,0,41,13,0,0,0,0.759259259259259,0.240740740740741,1,1.24074074074074
97,"continuous",3,"Mixed linear and rule-based","GABLE",TRUE,"MSE",2.61463795994635,0.819999999999936,NA,5,5,0,5,0,0,0,0,1,0,1,1
97,"continuous",3,"Mixed linear and rule-based","GBM",TRUE,"MSE",1.59317238520119,0.04,NA,NA,NA,NA,NA,NA,NA,NA,NA,NA,NA,NA,NA
97,"continuous",3,"Mixed linear and rule-based","Linear",TRUE,"MSE",1.74200401374282,0.0200000000002092,NA,20,0,20,20,0,0,0,0,1,0,1,1
97,"continuous",3,"Mixed linear and rule-based","Random forest",TRUE,"MSE",2.00316068794509,0.910000000000082,NA,NA,NA,NA,NA,NA,NA,NA,NA,NA,NA,NA,NA
97,"continuous",3,"Mixed linear and rule-based","RuleFit",TRUE,"MSE",1.36317231522014,20.4,NA,104,104,0,1,64,39,0,0,0.00961538461538462,0.615384615384615,0.625,2.36538461538462
98,"continuous",3,"Mixed linear and rule-based","BRP-GABLE full",TRUE,"MSE",1.53984396388356,34.4200000000001,NA,48,40,8,33,15,0,0,0,0.6875,0.3125,1,1.3125
98,"continuous",3,"Mixed linear and rule-based","BRP-GABLE rule-only",TRUE,"MSE",1.82216790246359,33.95,NA,62,62,0,47,15,0,0,0,0.758064516129032,0.241935483870968,1,1.24193548387097
98,"continuous",3,"Mixed linear and rule-based","GABLE",TRUE,"MSE",2.79621774496035,0.710000000000036,NA,5,5,0,5,0,0,0,0,1,0,1,1
98,"continuous",3,"Mixed linear and rule-based","GBM",TRUE,"MSE",1.88409342519673,0.04,NA,NA,NA,NA,NA,NA,NA,NA,NA,NA,NA,NA,NA
98,"continuous",3,"Mixed linear and rule-based","Linear",TRUE,"MSE",1.71669203696319,0.0199999999999818,NA,20,0,20,20,0,0,0,0,1,0,1,1
98,"continuous",3,"Mixed linear and rule-based","Random forest",TRUE,"MSE",2.41931771040875,0.849999999999909,NA,NA,NA,NA,NA,NA,NA,NA,NA,NA,NA,NA,NA
98,"continuous",3,"Mixed linear and rule-based","RuleFit",TRUE,"MSE",1.67962232704482,19.43,NA,96,96,0,0,67,29,0,0,0,0.697916666666667,0.697916666666667,2.30208333333333
99,"continuous",3,"Mixed linear and rule-based","BRP-GABLE full",TRUE,"MSE",1.32142443196248,33.6799999999998,NA,45,37,8,37,8,0,0,0,0.822222222222222,0.177777777777778,1,1.17777777777778
99,"continuous",3,"Mixed linear and rule-based","BRP-GABLE rule-only",TRUE,"MSE",1.70034750227023,34.0600000000002,NA,63,63,0,55,8,0,0,0,0.873015873015873,0.126984126984127,1,1.12698412698413
99,"continuous",3,"Mixed linear and rule-based","GABLE",TRUE,"MSE",2.47256560258461,0.809999999999945,NA,5,5,0,4,1,0,0,0,0.8,0.2,1,1.2
99,"continuous",3,"Mixed linear and rule-based","GBM",TRUE,"MSE",1.5653741591358,0.0300000000000002,NA,NA,NA,NA,NA,NA,NA,NA,NA,NA,NA,NA,NA
99,"continuous",3,"Mixed linear and rule-based","Linear",TRUE,"MSE",1.71797665837388,0,NA,20,0,20,20,0,0,0,0,1,0,1,1
99,"continuous",3,"Mixed linear and rule-based","Random forest",TRUE,"MSE",1.96149907300309,0.880000000000109,NA,NA,NA,NA,NA,NA,NA,NA,NA,NA,NA,NA,NA
99,"continuous",3,"Mixed linear and rule-based","RuleFit",TRUE,"MSE",1.40870193365647,17.84,NA,116,116,0,1,63,52,0,0,0.00862068965517241,0.543103448275862,0.551724137931034,2.43965517241379
100,"continuous",3,"Mixed linear and rule-based","BRP-GABLE full",TRUE,"MSE",1.31832065946485,32.1300000000001,NA,56,45,11,45,11,0,0,0,0.803571428571429,0.196428571428571,1,1.19642857142857
100,"continuous",3,"Mixed linear and rule-based","BRP-GABLE rule-only",TRUE,"MSE",1.73744605912352,32.1599999999999,NA,55,55,0,42,13,0,0,0,0.763636363636364,0.236363636363636,1,1.23636363636364
100,"continuous",3,"Mixed linear and rule-based","GABLE",TRUE,"MSE",2.25078030709428,0.710000000000036,NA,5,5,0,4,1,0,0,0,0.8,0.2,1,1.2
100,"continuous",3,"Mixed linear and rule-based","GBM",TRUE,"MSE",1.64446638322299,0.00999999999999979,NA,NA,NA,NA,NA,NA,NA,NA,NA,NA,NA,NA,NA
100,"continuous",3,"Mixed linear and rule-based","Linear",TRUE,"MSE",1.66202607153014,0,NA,20,0,20,20,0,0,0,0,1,0,1,1
100,"continuous",3,"Mixed linear and rule-based","Random forest",TRUE,"MSE",2.17248355472755,0.819999999999936,NA,NA,NA,NA,NA,NA,NA,NA,NA,NA,NA,NA,NA
100,"continuous",3,"Mixed linear and rule-based","RuleFit",TRUE,"MSE",1.53182722047482,15.79,NA,111,111,0,1,83,27,0,0,0.00900900900900901,0.747747747747748,0.756756756756757,2.23423423423423
1,"continuous",4,"Smooth nonlinear misspecified","BRP-GABLE full",TRUE,"MSE",2.05427411046389,40.59,NA,67,64,3,41,26,0,0,0,0.611940298507463,0.388059701492537,1,1.38805970149254
1,"continuous",4,"Smooth nonlinear misspecified","BRP-GABLE rule-only",TRUE,"MSE",2.06611940749606,39.52,NA,71,71,0,45,26,0,0,0,0.633802816901408,0.366197183098592,1,1.36619718309859
1,"continuous",4,"Smooth nonlinear misspecified","GABLE",TRUE,"MSE",4.41616965624817,0.859999999999999,NA,5,5,0,5,0,0,0,0,1,0,1,1
1,"continuous",4,"Smooth nonlinear misspecified","GBM",TRUE,"MSE",2.40314319905277,0.05,NA,NA,NA,NA,NA,NA,NA,NA,NA,NA,NA,NA,NA
1,"continuous",4,"Smooth nonlinear misspecified","Linear",TRUE,"MSE",6.05002678361163,0,NA,20,0,20,20,0,0,0,0,1,0,1,1
1,"continuous",4,"Smooth nonlinear misspecified","Random forest",TRUE,"MSE",3.16851614125818,1.13,NA,NA,NA,NA,NA,NA,NA,NA,NA,NA,NA,NA,NA
1,"continuous",4,"Smooth nonlinear misspecified","RuleFit",TRUE,"MSE",5.40850635201907,10.25,NA,12,12,0,4,7,1,0,0,0.333333333333333,0.583333333333333,0.916666666666667,1.75
2,"continuous",4,"Smooth nonlinear misspecified","BRP-GABLE full",TRUE,"MSE",2.23230440634408,39.1,NA,71,69,2,52,19,0,0,0,0.732394366197183,0.267605633802817,1,1.26760563380282
2,"continuous",4,"Smooth nonlinear misspecified","BRP-GABLE rule-only",TRUE,"MSE",2.32208510790293,38.11,NA,68,68,0,49,19,0,0,0,0.720588235294118,0.279411764705882,1,1.27941176470588
2,"continuous",4,"Smooth nonlinear misspecified","GABLE",TRUE,"MSE",4.98472289853964,0.830000000000005,NA,5,5,0,5,0,0,0,0,1,0,1,1
2,"continuous",4,"Smooth nonlinear misspecified","GBM",TRUE,"MSE",2.5217775841223,0.04,NA,NA,NA,NA,NA,NA,NA,NA,NA,NA,NA,NA,NA
2,"continuous",4,"Smooth nonlinear misspecified","Linear",TRUE,"MSE",5.53525654751791,0,NA,20,0,20,20,0,0,0,0,1,0,1,1
2,"continuous",4,"Smooth nonlinear misspecified","Random forest",TRUE,"MSE",3.08800933402271,1.09,NA,NA,NA,NA,NA,NA,NA,NA,NA,NA,NA,NA,NA
2,"continuous",4,"Smooth nonlinear misspecified","RuleFit",TRUE,"MSE",2.36248969046747,10.05,NA,27,27,0,12,14,1,0,0,0.444444444444444,0.518518518518518,0.962962962962963,1.59259259259259
3,"continuous",4,"Smooth nonlinear misspecified","BRP-GABLE full",TRUE,"MSE",2.00850515867711,38.74,NA,76,72,4,49,27,0,0,0,0.644736842105263,0.355263157894737,1,1.35526315789474
3,"continuous",4,"Smooth nonlinear misspecified","BRP-GABLE rule-only",TRUE,"MSE",2.01398018935908,38.08,NA,70,70,0,43,27,0,0,0,0.614285714285714,0.385714285714286,1,1.38571428571429
3,"continuous",4,"Smooth nonlinear misspecified","GABLE",TRUE,"MSE",4.30701022667158,0.75,NA,5,5,0,4,1,0,0,0,0.8,0.2,1,1.2
3,"continuous",4,"Smooth nonlinear misspecified","GBM",TRUE,"MSE",2.32187449590373,0.04,NA,NA,NA,NA,NA,NA,NA,NA,NA,NA,NA,NA,NA
3,"continuous",4,"Smooth nonlinear misspecified","Linear",TRUE,"MSE",5.23266559271936,0.0200000000000031,NA,20,0,20,20,0,0,0,0,1,0,1,1
3,"continuous",4,"Smooth nonlinear misspecified","Random forest",TRUE,"MSE",3.01392843120657,1.16,NA,NA,NA,NA,NA,NA,NA,NA,NA,NA,NA,NA,NA
3,"continuous",4,"Smooth nonlinear misspecified","RuleFit",TRUE,"MSE",4.08961144667987,10.08,NA,17,17,0,11,5,1,0,0,0.647058823529412,0.294117647058824,0.941176470588235,1.41176470588235
4,"continuous",4,"Smooth nonlinear misspecified","BRP-GABLE full",TRUE,"MSE",2.22888141749781,39.23,NA,67,65,2,40,27,0,0,0,0.597014925373134,0.402985074626866,1,1.40298507462687
4,"continuous",4,"Smooth nonlinear misspecified","BRP-GABLE rule-only",TRUE,"MSE",2.1423434160433,37.79,NA,74,74,0,50,24,0,0,0,0.675675675675676,0.324324324324324,1,1.32432432432432
4,"continuous",4,"Smooth nonlinear misspecified","GABLE",TRUE,"MSE",4.95089435716337,0.789999999999999,NA,5,5,0,4,1,0,0,0,0.8,0.2,1,1.2
4,"continuous",4,"Smooth nonlinear misspecified","GBM",TRUE,"MSE",2.72866054100914,0.04,NA,NA,NA,NA,NA,NA,NA,NA,NA,NA,NA,NA,NA
4,"continuous",4,"Smooth nonlinear misspecified","Linear",TRUE,"MSE",6.50754232137011,0.0200000000000031,NA,20,0,20,20,0,0,0,0,1,0,1,1
4,"continuous",4,"Smooth nonlinear misspecified","Random forest",TRUE,"MSE",3.33423015340321,1.14,NA,NA,NA,NA,NA,NA,NA,NA,NA,NA,NA,NA,NA
4,"continuous",4,"Smooth nonlinear misspecified","RuleFit",TRUE,"MSE",5.08502700802797,10.67,NA,19,19,0,6,11,2,0,0,0.315789473684211,0.578947368421053,0.894736842105263,1.78947368421053
5,"continuous",4,"Smooth nonlinear misspecified","BRP-GABLE full",TRUE,"MSE",2.15297942137947,40.38,NA,64,63,1,39,25,0,0,0,0.609375,0.390625,1,1.390625
5,"continuous",4,"Smooth nonlinear misspecified","BRP-GABLE rule-only",TRUE,"MSE",2.18216639845611,38.91,NA,65,65,0,42,23,0,0,0,0.646153846153846,0.353846153846154,1,1.35384615384615
5,"continuous",4,"Smooth nonlinear misspecified","GABLE",TRUE,"MSE",4.34621543141427,0.859999999999999,NA,5,5,0,5,0,0,0,0,1,0,1,1
5,"continuous",4,"Smooth nonlinear misspecified","GBM",TRUE,"MSE",2.44628548500108,0.03,NA,NA,NA,NA,NA,NA,NA,NA,NA,NA,NA,NA,NA
5,"continuous",4,"Smooth nonlinear misspecified","Linear",TRUE,"MSE",5.71405263728836,0.00999999999999801,NA,20,0,20,20,0,0,0,0,1,0,1,1
5,"continuous",4,"Smooth nonlinear misspecified","Random forest",TRUE,"MSE",3.21376623629942,1,NA,NA,NA,NA,NA,NA,NA,NA,NA,NA,NA,NA,NA
5,"continuous",4,"Smooth nonlinear misspecified","RuleFit",TRUE,"MSE",4.95750855612309,10.41,NA,11,11,0,6,4,1,0,0,0.545454545454545,0.363636363636364,0.909090909090909,1.54545454545455
6,"continuous",4,"Smooth nonlinear misspecified","BRP-GABLE full",TRUE,"MSE",2.01130474356777,35.97,NA,97,92,5,71,26,0,0,0,0.731958762886598,0.268041237113402,1,1.2680412371134
6,"continuous",4,"Smooth nonlinear misspecified","BRP-GABLE rule-only",TRUE,"MSE",2.00475388665925,35.37,NA,94,94,0,71,23,0,0,0,0.75531914893617,0.24468085106383,1,1.24468085106383
6,"continuous",4,"Smooth nonlinear misspecified","GABLE",TRUE,"MSE",3.87408979601953,0.790000000000006,NA,5,5,0,5,0,0,0,0,1,0,1,1
6,"continuous",4,"Smooth nonlinear misspecified","GBM",TRUE,"MSE",2.25817059959085,0.01,NA,NA,NA,NA,NA,NA,NA,NA,NA,NA,NA,NA,NA
6,"continuous",4,"Smooth nonlinear misspecified","Linear",TRUE,"MSE",5.66063321064298,0.0299999999999869,NA,20,0,20,20,0,0,0,0,1,0,1,1
6,"continuous",4,"Smooth nonlinear misspecified","Random forest",TRUE,"MSE",2.81389026067713,1.16999999999999,NA,NA,NA,NA,NA,NA,NA,NA,NA,NA,NA,NA,NA
6,"continuous",4,"Smooth nonlinear misspecified","RuleFit",TRUE,"MSE",4.01354146948229,10.86,NA,17,17,0,3,8,6,0,0,0.176470588235294,0.470588235294118,0.647058823529412,2.17647058823529
7,"continuous",4,"Smooth nonlinear misspecified","BRP-GABLE full",TRUE,"MSE",2.14205055716094,35.9,NA,67,65,2,39,28,0,0,0,0.582089552238806,0.417910447761194,1,1.41791044776119
7,"continuous",4,"Smooth nonlinear misspecified","BRP-GABLE rule-only",TRUE,"MSE",2.11511200689952,35.17,NA,71,71,0,42,29,0,0,0,0.591549295774648,0.408450704225352,1,1.40845070422535
7,"continuous",4,"Smooth nonlinear misspecified","GABLE",TRUE,"MSE",4.45205773960184,0.920000000000002,NA,5,5,0,5,0,0,0,0,1,0,1,1
7,"continuous",4,"Smooth nonlinear misspecified","GBM",TRUE,"MSE",2.59144269848688,0.01,NA,NA,NA,NA,NA,NA,NA,NA,NA,NA,NA,NA,NA
7,"continuous",4,"Smooth nonlinear misspecified","Linear",TRUE,"MSE",6.09813888403643,0.019999999999996,NA,20,0,20,20,0,0,0,0,1,0,1,1
7,"continuous",4,"Smooth nonlinear misspecified","Random forest",TRUE,"MSE",3.11175464171194,1.06,NA,NA,NA,NA,NA,NA,NA,NA,NA,NA,NA,NA,NA
7,"continuous",4,"Smooth nonlinear misspecified","RuleFit",TRUE,"MSE",4.03451325517011,10.35,NA,26,26,0,11,15,0,0,0,0.423076923076923,0.576923076923077,1,1.57692307692308
8,"continuous",4,"Smooth nonlinear misspecified","BRP-GABLE full",TRUE,"MSE",1.92801430429121,33.24,NA,76,69,7,59,17,0,0,0,0.776315789473684,0.223684210526316,1,1.22368421052632
8,"continuous",4,"Smooth nonlinear misspecified","BRP-GABLE rule-only",TRUE,"MSE",1.99694434574464,33.66,NA,68,68,0,51,17,0,0,0,0.75,0.25,1,1.25
8,"continuous",4,"Smooth nonlinear misspecified","GABLE",TRUE,"MSE",4.48456585382255,0.790000000000006,NA,5,5,0,5,0,0,0,0,1,0,1,1
8,"continuous",4,"Smooth nonlinear misspecified","GBM",TRUE,"MSE",2.27697516871328,0.03,NA,NA,NA,NA,NA,NA,NA,NA,NA,NA,NA,NA,NA
8,"continuous",4,"Smooth nonlinear misspecified","Linear",TRUE,"MSE",6.13064002023861,0.0100000000000051,NA,20,0,20,20,0,0,0,0,1,0,1,1
8,"continuous",4,"Smooth nonlinear misspecified","Random forest",TRUE,"MSE",3.03382154856112,0.959999999999994,NA,NA,NA,NA,NA,NA,NA,NA,NA,NA,NA,NA,NA
8,"continuous",4,"Smooth nonlinear misspecified","RuleFit",TRUE,"MSE",4.86016983077955,10.5,NA,25,25,0,6,15,4,0,0,0.24,0.6,0.84,1.92
9,"continuous",4,"Smooth nonlinear misspecified","BRP-GABLE full",TRUE,"MSE",2.2909228159454,35.03,NA,65,63,2,40,25,0,0,0,0.615384615384615,0.384615384615385,1,1.38461538461538
9,"continuous",4,"Smooth nonlinear misspecified","BRP-GABLE rule-only",TRUE,"MSE",2.22326681340648,34.18,NA,68,68,0,44,24,0,0,0,0.647058823529412,0.352941176470588,1,1.35294117647059
9,"continuous",4,"Smooth nonlinear misspecified","GABLE",TRUE,"MSE",4.57082350170219,0.719999999999999,NA,5,5,0,4,1,0,0,0,0.8,0.2,1,1.2
9,"continuous",4,"Smooth nonlinear misspecified","GBM",TRUE,"MSE",2.60626772033554,0.03,NA,NA,NA,NA,NA,NA,NA,NA,NA,NA,NA,NA,NA
9,"continuous",4,"Smooth nonlinear misspecified","Linear",TRUE,"MSE",6.34058404427879,0.0100000000000051,NA,20,0,20,20,0,0,0,0,1,0,1,1
9,"continuous",4,"Smooth nonlinear misspecified","Random forest",TRUE,"MSE",3.31834068719074,1.02000000000001,NA,NA,NA,NA,NA,NA,NA,NA,NA,NA,NA,NA,NA
9,"continuous",4,"Smooth nonlinear misspecified","RuleFit",TRUE,"MSE",4.78227440841559,9.98,NA,10,10,0,4,5,1,0,0,0.4,0.5,0.9,1.7
10,"continuous",4,"Smooth nonlinear misspecified","BRP-GABLE full",TRUE,"MSE",2.17434643861567,34.89,NA,76,74,2,49,27,0,0,0,0.644736842105263,0.355263157894737,1,1.35526315789474
10,"continuous",4,"Smooth nonlinear misspecified","BRP-GABLE rule-only",TRUE,"MSE",2.19644814218456,34.1,NA,79,79,0,48,31,0,0,0,0.607594936708861,0.392405063291139,1,1.39240506329114
10,"continuous",4,"Smooth nonlinear misspecified","GABLE",TRUE,"MSE",4.38165554435305,0.759999999999991,NA,5,5,0,4,1,0,0,0,0.8,0.2,1,1.2
10,"continuous",4,"Smooth nonlinear misspecified","GBM",TRUE,"MSE",2.45830820689756,0.03,NA,NA,NA,NA,NA,NA,NA,NA,NA,NA,NA,NA,NA
10,"continuous",4,"Smooth nonlinear misspecified","Linear",TRUE,"MSE",5.93080446809196,0.0400000000000063,NA,20,0,20,20,0,0,0,0,1,0,1,1
10,"continuous",4,"Smooth nonlinear misspecified","Random forest",TRUE,"MSE",3.16280605133013,0.939999999999998,NA,NA,NA,NA,NA,NA,NA,NA,NA,NA,NA,NA,NA
10,"continuous",4,"Smooth nonlinear misspecified","RuleFit",TRUE,"MSE",4.47757226327482,10.69,NA,16,16,0,3,12,1,0,0,0.1875,0.75,0.9375,1.875
11,"continuous",4,"Smooth nonlinear misspecified","BRP-GABLE full",TRUE,"MSE",1.94026416046854,32.73,NA,70,65,5,49,21,0,0,0,0.7,0.3,1,1.3
11,"continuous",4,"Smooth nonlinear misspecified","BRP-GABLE rule-only",TRUE,"MSE",2.05050437247808,33.15,NA,68,68,0,48,20,0,0,0,0.705882352941177,0.294117647058824,1,1.29411764705882
11,"continuous",4,"Smooth nonlinear misspecified","GABLE",TRUE,"MSE",4.08983238694333,0.72999999999999,NA,5,5,0,3,2,0,0,0,0.6,0.4,1,1.4
11,"continuous",4,"Smooth nonlinear misspecified","GBM",TRUE,"MSE",2.29089069631508,0.03,NA,NA,NA,NA,NA,NA,NA,NA,NA,NA,NA,NA,NA
11,"continuous",4,"Smooth nonlinear misspecified","Linear",TRUE,"MSE",6.08576109044398,0.0200000000000102,NA,20,0,20,20,0,0,0,0,1,0,1,1
11,"continuous",4,"Smooth nonlinear misspecified","Random forest",TRUE,"MSE",3.04468080589617,0.969999999999999,NA,NA,NA,NA,NA,NA,NA,NA,NA,NA,NA,NA,NA
11,"continuous",4,"Smooth nonlinear misspecified","RuleFit",TRUE,"MSE",3.24064445749232,10.25,NA,27,27,0,11,13,3,0,0,0.407407407407407,0.481481481481481,0.888888888888889,1.7037037037037
12,"continuous",4,"Smooth nonlinear misspecified","BRP-GABLE full",TRUE,"MSE",1.9783250581659,34.7,NA,78,74,4,54,24,0,0,0,0.692307692307692,0.307692307692308,1,1.30769230769231
12,"continuous",4,"Smooth nonlinear misspecified","BRP-GABLE rule-only",TRUE,"MSE",1.99157453477507,33.72,NA,84,84,0,60,24,0,0,0,0.714285714285714,0.285714285714286,1,1.28571428571429
12,"continuous",4,"Smooth nonlinear misspecified","GABLE",TRUE,"MSE",4.2777674050879,0.560000000000002,NA,5,5,0,4,1,0,0,0,0.8,0.2,1,1.2
12,"continuous",4,"Smooth nonlinear misspecified","GBM",TRUE,"MSE",2.32148628564747,0.03,NA,NA,NA,NA,NA,NA,NA,NA,NA,NA,NA,NA,NA
12,"continuous",4,"Smooth nonlinear misspecified","Linear",TRUE,"MSE",5.546278238284,0,NA,20,0,20,20,0,0,0,0,1,0,1,1
12,"continuous",4,"Smooth nonlinear misspecified","Random forest",TRUE,"MSE",2.95789904061854,0.949999999999989,NA,NA,NA,NA,NA,NA,NA,NA,NA,NA,NA,NA,NA
12,"continuous",4,"Smooth nonlinear misspecified","RuleFit",TRUE,"MSE",3.55789377073716,9.6,NA,16,16,0,7,8,1,0,0,0.4375,0.5,0.9375,1.625
13,"continuous",4,"Smooth nonlinear misspecified","BRP-GABLE full",TRUE,"MSE",2.1684449809021,35.25,NA,72,70,2,48,24,0,0,0,0.666666666666667,0.333333333333333,1,1.33333333333333
13,"continuous",4,"Smooth nonlinear misspecified","BRP-GABLE rule-only",TRUE,"MSE",2.16065832017393,34.62,NA,74,74,0,52,22,0,0,0,0.702702702702703,0.297297297297297,1,1.2972972972973
13,"continuous",4,"Smooth nonlinear misspecified","GABLE",TRUE,"MSE",4.66319931881777,0.799999999999983,NA,5,5,0,4,1,0,0,0,0.8,0.2,1,1.2
13,"continuous",4,"Smooth nonlinear misspecified","GBM",TRUE,"MSE",2.4786267734996,0.03,NA,NA,NA,NA,NA,NA,NA,NA,NA,NA,NA,NA,NA
13,"continuous",4,"Smooth nonlinear misspecified","Linear",TRUE,"MSE",6.73982750714065,0,NA,20,0,20,20,0,0,0,0,1,0,1,1
13,"continuous",4,"Smooth nonlinear misspecified","Random forest",TRUE,"MSE",3.47117193346957,0.909999999999997,NA,NA,NA,NA,NA,NA,NA,NA,NA,NA,NA,NA,NA
13,"continuous",4,"Smooth nonlinear misspecified","RuleFit",TRUE,"MSE",5.27972213528958,10.53,NA,18,18,0,1,17,0,0,0,0.0555555555555556,0.944444444444444,1,1.94444444444444
14,"continuous",4,"Smooth nonlinear misspecified","BRP-GABLE full",TRUE,"MSE",2.49441218756456,36.05,NA,65,61,4,45,20,0,0,0,0.692307692307692,0.307692307692308,1,1.30769230769231
14,"continuous",4,"Smooth nonlinear misspecified","BRP-GABLE rule-only",TRUE,"MSE",2.47937899055151,35.3,NA,59,59,0,40,19,0,0,0,0.677966101694915,0.322033898305085,1,1.32203389830508
14,"continuous",4,"Smooth nonlinear misspecified","GABLE",TRUE,"MSE",4.52883434757941,0.799999999999983,NA,5,5,0,5,0,0,0,0,1,0,1,1
14,"continuous",4,"Smooth nonlinear misspecified","GBM",TRUE,"MSE",2.84230918626625,0.03,NA,NA,NA,NA,NA,NA,NA,NA,NA,NA,NA,NA,NA
14,"continuous",4,"Smooth nonlinear misspecified","Linear",TRUE,"MSE",6.00493244242594,0,NA,20,0,20,20,0,0,0,0,1,0,1,1
14,"continuous",4,"Smooth nonlinear misspecified","Random forest",TRUE,"MSE",3.71383707989665,0.980000000000018,NA,NA,NA,NA,NA,NA,NA,NA,NA,NA,NA,NA,NA
14,"continuous",4,"Smooth nonlinear misspecified","RuleFit",TRUE,"MSE",4.29119685929167,10.73,NA,24,24,0,8,15,1,0,0,0.333333333333333,0.625,0.958333333333333,1.70833333333333
15,"continuous",4,"Smooth nonlinear misspecified","BRP-GABLE full",TRUE,"MSE",2.05752595332951,34.06,NA,82,79,3,59,23,0,0,0,0.719512195121951,0.280487804878049,1,1.28048780487805
15,"continuous",4,"Smooth nonlinear misspecified","BRP-GABLE rule-only",TRUE,"MSE",2.0646045952156,33.27,NA,77,77,0,55,22,0,0,0,0.714285714285714,0.285714285714286,1,1.28571428571429
15,"continuous",4,"Smooth nonlinear misspecified","GABLE",TRUE,"MSE",4.30268459829166,0.780000000000001,NA,5,5,0,5,0,0,0,0,1,0,1,1
15,"continuous",4,"Smooth nonlinear misspecified","GBM",TRUE,"MSE",2.60396383523071,0.03,NA,NA,NA,NA,NA,NA,NA,NA,NA,NA,NA,NA,NA
15,"continuous",4,"Smooth nonlinear misspecified","Linear",TRUE,"MSE",5.76287235873477,0,NA,20,0,20,20,0,0,0,0,1,0,1,1
15,"continuous",4,"Smooth nonlinear misspecified","Random forest",TRUE,"MSE",2.97093289303962,1,NA,NA,NA,NA,NA,NA,NA,NA,NA,NA,NA,NA,NA
15,"continuous",4,"Smooth nonlinear misspecified","RuleFit",TRUE,"MSE",3.98109420174699,10.03,NA,26,26,0,14,10,2,0,0,0.538461538461538,0.384615384615385,0.923076923076923,1.53846153846154
16,"continuous",4,"Smooth nonlinear misspecified","BRP-GABLE full",TRUE,"MSE",1.83095843010044,33.23,NA,69,66,3,44,25,0,0,0,0.63768115942029,0.36231884057971,1,1.36231884057971
16,"continuous",4,"Smooth nonlinear misspecified","BRP-GABLE rule-only",TRUE,"MSE",1.83530132805568,32.69,NA,70,70,0,45,25,0,0,0,0.642857142857143,0.357142857142857,1,1.35714285714286
16,"continuous",4,"Smooth nonlinear misspecified","GABLE",TRUE,"MSE",4.11200761340202,0.689999999999998,NA,5,5,0,5,0,0,0,0,1,0,1,1
16,"continuous",4,"Smooth nonlinear misspecified","GBM",TRUE,"MSE",2.29347339054214,0.01,NA,NA,NA,NA,NA,NA,NA,NA,NA,NA,NA,NA,NA
16,"continuous",4,"Smooth nonlinear misspecified","Linear",TRUE,"MSE",5.56700301929146,0,NA,20,0,20,20,0,0,0,0,1,0,1,1
16,"continuous",4,"Smooth nonlinear misspecified","Random forest",TRUE,"MSE",2.87117505450866,1.11000000000001,NA,NA,NA,NA,NA,NA,NA,NA,NA,NA,NA,NA,NA
16,"continuous",4,"Smooth nonlinear misspecified","RuleFit",TRUE,"MSE",2.23244489801555,11.04,NA,59,59,0,31,22,6,0,0,0.525423728813559,0.372881355932203,0.898305084745763,1.57627118644068
17,"continuous",4,"Smooth nonlinear misspecified","BRP-GABLE full",TRUE,"MSE",1.9230714250721,34.5,NA,71,68,3,51,20,0,0,0,0.71830985915493,0.28169014084507,1,1.28169014084507
17,"continuous",4,"Smooth nonlinear misspecified","BRP-GABLE rule-only",TRUE,"MSE",1.92811680451145,33.83,NA,79,79,0,59,20,0,0,0,0.746835443037975,0.253164556962025,1,1.25316455696203
17,"continuous",4,"Smooth nonlinear misspecified","GABLE",TRUE,"MSE",4.08790167256456,0.849999999999994,NA,5,5,0,5,0,0,0,0,1,0,1,1
17,"continuous",4,"Smooth nonlinear misspecified","GBM",TRUE,"MSE",2.24074439220517,0.04,NA,NA,NA,NA,NA,NA,NA,NA,NA,NA,NA,NA,NA
17,"continuous",4,"Smooth nonlinear misspecified","Linear",TRUE,"MSE",5.75422451377447,0,NA,20,0,20,20,0,0,0,0,1,0,1,1
17,"continuous",4,"Smooth nonlinear misspecified","Random forest",TRUE,"MSE",2.86569581358546,0.97999999999999,NA,NA,NA,NA,NA,NA,NA,NA,NA,NA,NA,NA,NA
17,"continuous",4,"Smooth nonlinear misspecified","RuleFit",TRUE,"MSE",3.64792679802394,10.62,NA,24,24,0,11,11,2,0,0,0.458333333333333,0.458333333333333,0.916666666666667,1.625
18,"continuous",4,"Smooth nonlinear misspecified","BRP-GABLE full",TRUE,"MSE",2.28137302143512,34.78,NA,67,63,4,42,25,0,0,0,0.626865671641791,0.373134328358209,1,1.37313432835821
18,"continuous",4,"Smooth nonlinear misspecified","BRP-GABLE rule-only",TRUE,"MSE",2.47283962505243,34.1,NA,60,60,0,36,24,0,0,0,0.6,0.4,1,1.4
18,"continuous",4,"Smooth nonlinear misspecified","GABLE",TRUE,"MSE",4.45275729708664,0.599999999999994,NA,5,5,0,5,0,0,0,0,1,0,1,1
18,"continuous",4,"Smooth nonlinear misspecified","GBM",TRUE,"MSE",2.43454391339249,0.04,NA,NA,NA,NA,NA,NA,NA,NA,NA,NA,NA,NA,NA
18,"continuous",4,"Smooth nonlinear misspecified","Linear",TRUE,"MSE",5.6621008886115,0,NA,20,0,20,20,0,0,0,0,1,0,1,1
18,"continuous",4,"Smooth nonlinear misspecified","Random forest",TRUE,"MSE",3.14002525433611,1,NA,NA,NA,NA,NA,NA,NA,NA,NA,NA,NA,NA,NA
18,"continuous",4,"Smooth nonlinear misspecified","RuleFit",TRUE,"MSE",4.3926800739043,9.86000000000001,NA,11,11,0,7,3,1,0,0,0.636363636363636,0.272727272727273,0.909090909090909,1.45454545454545
19,"continuous",4,"Smooth nonlinear misspecified","BRP-GABLE full",TRUE,"MSE",1.88623044588086,34,NA,72,70,2,48,24,0,0,0,0.666666666666667,0.333333333333333,1,1.33333333333333
19,"continuous",4,"Smooth nonlinear misspecified","BRP-GABLE rule-only",TRUE,"MSE",1.84924734835919,33.21,NA,69,69,0,45,24,0,0,0,0.652173913043478,0.347826086956522,1,1.34782608695652
19,"continuous",4,"Smooth nonlinear misspecified","GABLE",TRUE,"MSE",4.09589576782845,1.03,NA,5,5,0,4,1,0,0,0,0.8,0.2,1,1.2
19,"continuous",4,"Smooth nonlinear misspecified","GBM",TRUE,"MSE",2.18390415719263,0.04,NA,NA,NA,NA,NA,NA,NA,NA,NA,NA,NA,NA,NA
19,"continuous",4,"Smooth nonlinear misspecified","Linear",TRUE,"MSE",5.87937563376522,0,NA,20,0,20,20,0,0,0,0,1,0,1,1
19,"continuous",4,"Smooth nonlinear misspecified","Random forest",TRUE,"MSE",3.01585836587756,1.01999999999998,NA,NA,NA,NA,NA,NA,NA,NA,NA,NA,NA,NA,NA
19,"continuous",4,"Smooth nonlinear misspecified","RuleFit",TRUE,"MSE",2.6726254084491,11.3,NA,42,42,0,24,15,3,0,0,0.571428571428571,0.357142857142857,0.928571428571429,1.5
20,"continuous",4,"Smooth nonlinear misspecified","BRP-GABLE full",TRUE,"MSE",2.11460854341003,36.61,NA,80,79,1,61,19,0,0,0,0.7625,0.2375,1,1.2375
20,"continuous",4,"Smooth nonlinear misspecified","BRP-GABLE rule-only",TRUE,"MSE",2.10006769067453,35.21,NA,87,87,0,68,19,0,0,0,0.781609195402299,0.218390804597701,1,1.2183908045977
20,"continuous",4,"Smooth nonlinear misspecified","GABLE",TRUE,"MSE",4.2626117747399,0.780000000000001,NA,5,5,0,5,0,0,0,0,1,0,1,1
20,"continuous",4,"Smooth nonlinear misspecified","GBM",TRUE,"MSE",2.46683250665286,0.03,NA,NA,NA,NA,NA,NA,NA,NA,NA,NA,NA,NA,NA
20,"continuous",4,"Smooth nonlinear misspecified","Linear",TRUE,"MSE",6.06455753656374,0.0200000000000102,NA,20,0,20,20,0,0,0,0,1,0,1,1
20,"continuous",4,"Smooth nonlinear misspecified","Random forest",TRUE,"MSE",3.11353075200437,0.989999999999981,NA,NA,NA,NA,NA,NA,NA,NA,NA,NA,NA,NA,NA
20,"continuous",4,"Smooth nonlinear misspecified","RuleFit",TRUE,"MSE",4.14939859234388,10.03,NA,19,19,0,6,13,0,0,0,0.315789473684211,0.684210526315789,1,1.68421052631579
21,"continuous",4,"Smooth nonlinear misspecified","BRP-GABLE full",TRUE,"MSE",1.86804242565849,33.26,NA,78,77,1,53,25,0,0,0,0.67948717948718,0.320512820512821,1,1.32051282051282
21,"continuous",4,"Smooth nonlinear misspecified","BRP-GABLE rule-only",TRUE,"MSE",1.8332970584546,32.85,NA,76,76,0,53,23,0,0,0,0.697368421052632,0.302631578947368,1,1.30263157894737
21,"continuous",4,"Smooth nonlinear misspecified","GABLE",TRUE,"MSE",4.26271544539453,0.689999999999998,NA,5,5,0,4,1,0,0,0,0.8,0.2,1,1.2
21,"continuous",4,"Smooth nonlinear misspecified","GBM",TRUE,"MSE",2.08416932012323,0.03,NA,NA,NA,NA,NA,NA,NA,NA,NA,NA,NA,NA,NA
21,"continuous",4,"Smooth nonlinear misspecified","Linear",TRUE,"MSE",5.84207297266798,0.0100000000000193,NA,20,0,20,20,0,0,0,0,1,0,1,1
21,"continuous",4,"Smooth nonlinear misspecified","Random forest",TRUE,"MSE",2.9179096035717,0.969999999999999,NA,NA,NA,NA,NA,NA,NA,NA,NA,NA,NA,NA,NA
21,"continuous",4,"Smooth nonlinear misspecified","RuleFit",TRUE,"MSE",3.50232003681698,10.62,NA,24,24,0,5,14,5,0,0,0.208333333333333,0.583333333333333,0.791666666666667,2
22,"continuous",4,"Smooth nonlinear misspecified","BRP-GABLE full",TRUE,"MSE",1.8907335672082,33.25,NA,62,60,2,35,27,0,0,0,0.564516129032258,0.435483870967742,1,1.43548387096774
22,"continuous",4,"Smooth nonlinear misspecified","BRP-GABLE rule-only",TRUE,"MSE",1.88768351728003,32.88,NA,64,64,0,36,28,0,0,0,0.5625,0.4375,1,1.4375
22,"continuous",4,"Smooth nonlinear misspecified","GABLE",TRUE,"MSE",4.19951812785768,0.810000000000002,NA,5,5,0,5,0,0,0,0,1,0,1,1
22,"continuous",4,"Smooth nonlinear misspecified","GBM",TRUE,"MSE",2.29809736618324,0.03,NA,NA,NA,NA,NA,NA,NA,NA,NA,NA,NA,NA,NA
22,"continuous",4,"Smooth nonlinear misspecified","Linear",TRUE,"MSE",5.59235831451928,0.0200000000000102,NA,20,0,20,20,0,0,0,0,1,0,1,1
22,"continuous",4,"Smooth nonlinear misspecified","Random forest",TRUE,"MSE",2.86161642978084,1.03000000000003,NA,NA,NA,NA,NA,NA,NA,NA,NA,NA,NA,NA,NA
22,"continuous",4,"Smooth nonlinear misspecified","RuleFit",TRUE,"MSE",4.37975693911624,9.97,NA,23,23,0,11,11,1,0,0,0.478260869565217,0.478260869565217,0.956521739130435,1.56521739130435
23,"continuous",4,"Smooth nonlinear misspecified","BRP-GABLE full",TRUE,"MSE",2.0067417741615,33.52,NA,66,63,3,38,28,0,0,0,0.575757575757576,0.424242424242424,1,1.42424242424242
23,"continuous",4,"Smooth nonlinear misspecified","BRP-GABLE rule-only",TRUE,"MSE",1.98306744586915,32.6699999999999,NA,72,72,0,41,31,0,0,0,0.569444444444444,0.430555555555556,1,1.43055555555556
23,"continuous",4,"Smooth nonlinear misspecified","GABLE",TRUE,"MSE",4.42602518662545,0.649999999999977,NA,5,5,0,5,0,0,0,0,1,0,1,1
23,"continuous",4,"Smooth nonlinear misspecified","GBM",TRUE,"MSE",2.39049850582879,0.04,NA,NA,NA,NA,NA,NA,NA,NA,NA,NA,NA,NA,NA
23,"continuous",4,"Smooth nonlinear misspecified","Linear",TRUE,"MSE",5.83036610762317,0,NA,20,0,20,20,0,0,0,0,1,0,1,1
23,"continuous",4,"Smooth nonlinear misspecified","Random forest",TRUE,"MSE",3.04867247999283,0.960000000000036,NA,NA,NA,NA,NA,NA,NA,NA,NA,NA,NA,NA,NA
23,"continuous",4,"Smooth nonlinear misspecified","RuleFit",TRUE,"MSE",3.81404617629371,9.98,NA,17,17,0,12,5,0,0,0,0.705882352941177,0.294117647058824,1,1.29411764705882
24,"continuous",4,"Smooth nonlinear misspecified","BRP-GABLE full",TRUE,"MSE",2.08569060899602,33.09,NA,66,65,1,40,26,0,0,0,0.606060606060606,0.393939393939394,1,1.39393939393939
24,"continuous",4,"Smooth nonlinear misspecified","BRP-GABLE rule-only",TRUE,"MSE",2.10275632776243,32.51,NA,69,69,0,43,26,0,0,0,0.623188405797101,0.376811594202899,1,1.3768115942029
24,"continuous",4,"Smooth nonlinear misspecified","GABLE",TRUE,"MSE",4.10642318499917,0.700000000000045,NA,5,5,0,5,0,0,0,0,1,0,1,1
24,"continuous",4,"Smooth nonlinear misspecified","GBM",TRUE,"MSE",2.41562371160557,0.04,NA,NA,NA,NA,NA,NA,NA,NA,NA,NA,NA,NA,NA
24,"continuous",4,"Smooth nonlinear misspecified","Linear",TRUE,"MSE",5.92737078680386,0,NA,20,0,20,20,0,0,0,0,1,0,1,1
24,"continuous",4,"Smooth nonlinear misspecified","Random forest",TRUE,"MSE",3.276092815861,0.92999999999995,NA,NA,NA,NA,NA,NA,NA,NA,NA,NA,NA,NA,NA
24,"continuous",4,"Smooth nonlinear misspecified","RuleFit",TRUE,"MSE",4.13565446859935,10.33,NA,17,17,0,8,8,1,0,0,0.470588235294118,0.470588235294118,0.941176470588235,1.58823529411765
25,"continuous",4,"Smooth nonlinear misspecified","BRP-GABLE full",TRUE,"MSE",1.80034652127174,33.79,NA,80,76,4,60,20,0,0,0,0.75,0.25,1,1.25
25,"continuous",4,"Smooth nonlinear misspecified","BRP-GABLE rule-only",TRUE,"MSE",1.81355088963437,33.26,NA,82,82,0,63,19,0,0,0,0.768292682926829,0.231707317073171,1,1.23170731707317
25,"continuous",4,"Smooth nonlinear misspecified","GABLE",TRUE,"MSE",4.10277338933624,0.699999999999989,NA,5,5,0,5,0,0,0,0,1,0,1,1
25,"continuous",4,"Smooth nonlinear misspecified","GBM",TRUE,"MSE",2.29283142907476,0.03,NA,NA,NA,NA,NA,NA,NA,NA,NA,NA,NA,NA,NA
25,"continuous",4,"Smooth nonlinear misspecified","Linear",TRUE,"MSE",5.52831997242079,0,NA,20,0,20,20,0,0,0,0,1,0,1,1
25,"continuous",4,"Smooth nonlinear misspecified","Random forest",TRUE,"MSE",2.80756602814752,1,NA,NA,NA,NA,NA,NA,NA,NA,NA,NA,NA,NA,NA
25,"continuous",4,"Smooth nonlinear misspecified","RuleFit",TRUE,"MSE",5.13672834107636,10.08,NA,4,4,0,1,3,0,0,0,0.25,0.75,1,1.75
26,"continuous",4,"Smooth nonlinear misspecified","BRP-GABLE full",TRUE,"MSE",2.03635031170453,32.21,NA,80,78,2,55,25,0,0,0,0.6875,0.3125,1,1.3125
26,"continuous",4,"Smooth nonlinear misspecified","BRP-GABLE rule-only",TRUE,"MSE",2.10092911604453,32.02,NA,76,76,0,55,21,0,0,0,0.723684210526316,0.276315789473684,1,1.27631578947368
26,"continuous",4,"Smooth nonlinear misspecified","GABLE",TRUE,"MSE",4.42239644777898,0.850000000000023,NA,5,5,0,4,1,0,0,0,0.8,0.2,1,1.2
26,"continuous",4,"Smooth nonlinear misspecified","GBM",TRUE,"MSE",2.38717856017796,0.03,NA,NA,NA,NA,NA,NA,NA,NA,NA,NA,NA,NA,NA
26,"continuous",4,"Smooth nonlinear misspecified","Linear",TRUE,"MSE",5.9014329536065,0,NA,20,0,20,20,0,0,0,0,1,0,1,1
26,"continuous",4,"Smooth nonlinear misspecified","Random forest",TRUE,"MSE",3.21605784307117,0.95999999999998,NA,NA,NA,NA,NA,NA,NA,NA,NA,NA,NA,NA,NA
26,"continuous",4,"Smooth nonlinear misspecified","RuleFit",TRUE,"MSE",3.937890829138,10.44,NA,18,18,0,8,10,0,0,0,0.444444444444444,0.555555555555556,1,1.55555555555556
27,"continuous",4,"Smooth nonlinear misspecified","BRP-GABLE full",TRUE,"MSE",2.24879878708712,35.34,NA,69,65,4,47,22,0,0,0,0.681159420289855,0.318840579710145,1,1.31884057971015
27,"continuous",4,"Smooth nonlinear misspecified","BRP-GABLE rule-only",TRUE,"MSE",2.29993307707012,34.55,NA,71,71,0,50,21,0,0,0,0.704225352112676,0.295774647887324,1,1.29577464788732
27,"continuous",4,"Smooth nonlinear misspecified","GABLE",TRUE,"MSE",4.17111416162993,0.829999999999984,NA,5,5,0,5,0,0,0,0,1,0,1,1
27,"continuous",4,"Smooth nonlinear misspecified","GBM",TRUE,"MSE",2.56507081624804,0.03,NA,NA,NA,NA,NA,NA,NA,NA,NA,NA,NA,NA,NA
27,"continuous",4,"Smooth nonlinear misspecified","Linear",TRUE,"MSE",5.99318547901793,0,NA,20,0,20,20,0,0,0,0,1,0,1,1
27,"continuous",4,"Smooth nonlinear misspecified","Random forest",TRUE,"MSE",3.20094128227245,0.939999999999998,NA,NA,NA,NA,NA,NA,NA,NA,NA,NA,NA,NA,NA
27,"continuous",4,"Smooth nonlinear misspecified","RuleFit",TRUE,"MSE",3.71990137075184,10.91,NA,41,41,0,16,21,4,0,0,0.390243902439024,0.51219512195122,0.902439024390244,1.70731707317073
28,"continuous",4,"Smooth nonlinear misspecified","BRP-GABLE full",TRUE,"MSE",1.99292428101993,33.3700000000001,NA,90,86,4,73,17,0,0,0,0.811111111111111,0.188888888888889,1,1.18888888888889
28,"continuous",4,"Smooth nonlinear misspecified","BRP-GABLE rule-only",TRUE,"MSE",2.0485513458374,32.93,NA,87,87,0,69,18,0,0,0,0.793103448275862,0.206896551724138,1,1.20689655172414
28,"continuous",4,"Smooth nonlinear misspecified","GABLE",TRUE,"MSE",4.08837603535979,0.789999999999964,NA,5,5,0,5,0,0,0,0,1,0,1,1
28,"continuous",4,"Smooth nonlinear misspecified","GBM",TRUE,"MSE",2.40573215415153,0.03,NA,NA,NA,NA,NA,NA,NA,NA,NA,NA,NA,NA,NA
28,"continuous",4,"Smooth nonlinear misspecified","Linear",TRUE,"MSE",5.86914937794254,0,NA,20,0,20,20,0,0,0,0,1,0,1,1
28,"continuous",4,"Smooth nonlinear misspecified","Random forest",TRUE,"MSE",3.07771081887077,0.990000000000009,NA,NA,NA,NA,NA,NA,NA,NA,NA,NA,NA,NA,NA
28,"continuous",4,"Smooth nonlinear misspecified","RuleFit",TRUE,"MSE",4.27440951930112,10.65,NA,19,19,0,7,11,1,0,0,0.368421052631579,0.578947368421053,0.947368421052632,1.68421052631579
29,"continuous",4,"Smooth nonlinear misspecified","BRP-GABLE full",TRUE,"MSE",2.12429217183652,34.13,NA,60,57,3,35,25,0,0,0,0.583333333333333,0.416666666666667,1,1.41666666666667
29,"continuous",4,"Smooth nonlinear misspecified","BRP-GABLE rule-only",TRUE,"MSE",2.1007037295938,33.65,NA,68,68,0,40,28,0,0,0,0.588235294117647,0.411764705882353,1,1.41176470588235
29,"continuous",4,"Smooth nonlinear misspecified","GABLE",TRUE,"MSE",4.20709080255853,0.829999999999984,NA,5,5,0,5,0,0,0,0,1,0,1,1
29,"continuous",4,"Smooth nonlinear misspecified","GBM",TRUE,"MSE",2.5090015025604,0.03,NA,NA,NA,NA,NA,NA,NA,NA,NA,NA,NA,NA,NA
29,"continuous",4,"Smooth nonlinear misspecified","Linear",TRUE,"MSE",5.93467173139369,0,NA,20,0,20,20,0,0,0,0,1,0,1,1
29,"continuous",4,"Smooth nonlinear misspecified","Random forest",TRUE,"MSE",3.24473082920442,0.970000000000027,NA,NA,NA,NA,NA,NA,NA,NA,NA,NA,NA,NA,NA
29,"continuous",4,"Smooth nonlinear misspecified","RuleFit",TRUE,"MSE",5.18697125930979,10.8,NA,19,19,0,5,11,3,0,0,0.263157894736842,0.578947368421053,0.842105263157895,1.89473684210526
30,"continuous",4,"Smooth nonlinear misspecified","BRP-GABLE full",TRUE,"MSE",1.94584672466364,33.34,NA,76,73,3,58,18,0,0,0,0.763157894736842,0.236842105263158,1,1.23684210526316
30,"continuous",4,"Smooth nonlinear misspecified","BRP-GABLE rule-only",TRUE,"MSE",1.92969538670764,32.82,NA,81,81,0,60,21,0,0,0,0.740740740740741,0.259259259259259,1,1.25925925925926
30,"continuous",4,"Smooth nonlinear misspecified","GABLE",TRUE,"MSE",4.23242365491301,0.819999999999993,NA,5,5,0,5,0,0,0,0,1,0,1,1
30,"continuous",4,"Smooth nonlinear misspecified","GBM",TRUE,"MSE",2.47659344347436,0.03,NA,NA,NA,NA,NA,NA,NA,NA,NA,NA,NA,NA,NA
30,"continuous",4,"Smooth nonlinear misspecified","Linear",TRUE,"MSE",6.23122611890243,0,NA,20,0,20,20,0,0,0,0,1,0,1,1
30,"continuous",4,"Smooth nonlinear misspecified","Random forest",TRUE,"MSE",3.1038984814146,1,NA,NA,NA,NA,NA,NA,NA,NA,NA,NA,NA,NA,NA
30,"continuous",4,"Smooth nonlinear misspecified","RuleFit",TRUE,"MSE",5.08258845998786,10.75,NA,11,11,0,5,5,1,0,0,0.454545454545455,0.454545454545455,0.909090909090909,1.63636363636364
31,"continuous",4,"Smooth nonlinear misspecified","BRP-GABLE full",TRUE,"MSE",2.3724222402725,34.68,NA,59,58,1,31,28,0,0,0,0.525423728813559,0.474576271186441,1,1.47457627118644
31,"continuous",4,"Smooth nonlinear misspecified","BRP-GABLE rule-only",TRUE,"MSE",2.29557015411717,34.24,NA,56,56,0,29,27,0,0,0,0.517857142857143,0.482142857142857,1,1.48214285714286
31,"continuous",4,"Smooth nonlinear misspecified","GABLE",TRUE,"MSE",4.35934691125901,0.829999999999984,NA,5,5,0,5,0,0,0,0,1,0,1,1
31,"continuous",4,"Smooth nonlinear misspecified","GBM",TRUE,"MSE",2.46657060686604,0.03,NA,NA,NA,NA,NA,NA,NA,NA,NA,NA,NA,NA,NA
31,"continuous",4,"Smooth nonlinear misspecified","Linear",TRUE,"MSE",5.65345765436382,0,NA,20,0,20,20,0,0,0,0,1,0,1,1
31,"continuous",4,"Smooth nonlinear misspecified","Random forest",TRUE,"MSE",3.02454841631001,1.02000000000004,NA,NA,NA,NA,NA,NA,NA,NA,NA,NA,NA,NA,NA
31,"continuous",4,"Smooth nonlinear misspecified","RuleFit",TRUE,"MSE",4.04391281981021,10.4,NA,18,18,0,9,8,1,0,0,0.5,0.444444444444444,0.944444444444444,1.55555555555556
32,"continuous",4,"Smooth nonlinear misspecified","BRP-GABLE full",TRUE,"MSE",2.19991814485294,34.41,NA,63,62,1,43,20,0,0,0,0.682539682539683,0.317460317460317,1,1.31746031746032
32,"continuous",4,"Smooth nonlinear misspecified","BRP-GABLE rule-only",TRUE,"MSE",2.24399291938588,33.42,NA,63,63,0,42,21,0,0,0,0.666666666666667,0.333333333333333,1,1.33333333333333
32,"continuous",4,"Smooth nonlinear misspecified","GABLE",TRUE,"MSE",5.19825613824065,0.75,NA,5,5,0,5,0,0,0,0,1,0,1,1
32,"continuous",4,"Smooth nonlinear misspecified","GBM",TRUE,"MSE",2.79379821093016,0.0199999999999998,NA,NA,NA,NA,NA,NA,NA,NA,NA,NA,NA,NA,NA
32,"continuous",4,"Smooth nonlinear misspecified","Linear",TRUE,"MSE",6.59739780697668,0,NA,20,0,20,20,0,0,0,0,1,0,1,1
32,"continuous",4,"Smooth nonlinear misspecified","Random forest",TRUE,"MSE",3.47991646575467,1.01999999999998,NA,NA,NA,NA,NA,NA,NA,NA,NA,NA,NA,NA,NA
32,"continuous",4,"Smooth nonlinear misspecified","RuleFit",TRUE,"MSE",5.11262302624185,10.26,NA,11,11,0,4,7,0,0,0,0.363636363636364,0.636363636363636,1,1.63636363636364
33,"continuous",4,"Smooth nonlinear misspecified","BRP-GABLE full",TRUE,"MSE",2.22664176317328,34.23,NA,57,56,1,32,25,0,0,0,0.56140350877193,0.43859649122807,1,1.43859649122807
33,"continuous",4,"Smooth nonlinear misspecified","BRP-GABLE rule-only",TRUE,"MSE",2.12167924847049,33.43,NA,59,59,0,34,25,0,0,0,0.576271186440678,0.423728813559322,1,1.42372881355932
33,"continuous",4,"Smooth nonlinear misspecified","GABLE",TRUE,"MSE",4.28139535941563,0.899999999999977,NA,5,5,0,5,0,0,0,0,1,0,1,1
33,"continuous",4,"Smooth nonlinear misspecified","GBM",TRUE,"MSE",2.71389137541072,0.03,NA,NA,NA,NA,NA,NA,NA,NA,NA,NA,NA,NA,NA
33,"continuous",4,"Smooth nonlinear misspecified","Linear",TRUE,"MSE",6.31733687930219,0,NA,20,0,20,20,0,0,0,0,1,0,1,1
33,"continuous",4,"Smooth nonlinear misspecified","Random forest",TRUE,"MSE",3.50933977128056,1.01000000000005,NA,NA,NA,NA,NA,NA,NA,NA,NA,NA,NA,NA,NA
33,"continuous",4,"Smooth nonlinear misspecified","RuleFit",TRUE,"MSE",4.26734543210324,9.97,NA,31,31,0,12,15,4,0,0,0.387096774193548,0.483870967741935,0.870967741935484,1.74193548387097
34,"continuous",4,"Smooth nonlinear misspecified","BRP-GABLE full",TRUE,"MSE",2.0847373505034,33.98,NA,62,59,3,37,25,0,0,0,0.596774193548387,0.403225806451613,1,1.40322580645161
34,"continuous",4,"Smooth nonlinear misspecified","BRP-GABLE rule-only",TRUE,"MSE",2.07349668964157,33.35,NA,66,66,0,41,25,0,0,0,0.621212121212121,0.378787878787879,1,1.37878787878788
34,"continuous",4,"Smooth nonlinear misspecified","GABLE",TRUE,"MSE",4.1412235280119,0.680000000000007,NA,5,5,0,4,1,0,0,0,0.8,0.2,1,1.2
34,"continuous",4,"Smooth nonlinear misspecified","GBM",TRUE,"MSE",2.2928541884261,0.01,NA,NA,NA,NA,NA,NA,NA,NA,NA,NA,NA,NA,NA
34,"continuous",4,"Smooth nonlinear misspecified","Linear",TRUE,"MSE",5.59555392810447,0,NA,20,0,20,20,0,0,0,0,1,0,1,1
34,"continuous",4,"Smooth nonlinear misspecified","Random forest",TRUE,"MSE",2.94326470561254,0.970000000000027,NA,NA,NA,NA,NA,NA,NA,NA,NA,NA,NA,NA,NA
34,"continuous",4,"Smooth nonlinear misspecified","RuleFit",TRUE,"MSE",4.49598880213502,11.82,NA,26,26,0,10,12,4,0,0,0.384615384615385,0.461538461538462,0.846153846153846,1.76923076923077
35,"continuous",4,"Smooth nonlinear misspecified","BRP-GABLE full",TRUE,"MSE",2.27315400908253,35.04,NA,74,69,5,54,20,0,0,0,0.72972972972973,0.27027027027027,1,1.27027027027027
35,"continuous",4,"Smooth nonlinear misspecified","BRP-GABLE rule-only",TRUE,"MSE",2.31818369231047,34.24,NA,76,76,0,58,18,0,0,0,0.763157894736842,0.236842105263158,1,1.23684210526316
35,"continuous",4,"Smooth nonlinear misspecified","GABLE",TRUE,"MSE",4.57391089751166,0.699999999999989,NA,5,5,0,5,0,0,0,0,1,0,1,1
35,"continuous",4,"Smooth nonlinear misspecified","GBM",TRUE,"MSE",2.79260906395698,0.03,NA,NA,NA,NA,NA,NA,NA,NA,NA,NA,NA,NA,NA
35,"continuous",4,"Smooth nonlinear misspecified","Linear",TRUE,"MSE",6.50813858699805,0,NA,20,0,20,20,0,0,0,0,1,0,1,1
35,"continuous",4,"Smooth nonlinear misspecified","Random forest",TRUE,"MSE",3.52080808458255,0.949999999999989,NA,NA,NA,NA,NA,NA,NA,NA,NA,NA,NA,NA,NA
35,"continuous",4,"Smooth nonlinear misspecified","RuleFit",TRUE,"MSE",5.24258728863846,11.11,NA,12,12,0,2,9,1,0,0,0.166666666666667,0.75,0.916666666666667,1.91666666666667
36,"continuous",4,"Smooth nonlinear misspecified","BRP-GABLE full",TRUE,"MSE",1.98517811696712,32.79,NA,57,56,1,33,24,0,0,0,0.578947368421053,0.421052631578947,1,1.42105263157895
36,"continuous",4,"Smooth nonlinear misspecified","BRP-GABLE rule-only",TRUE,"MSE",1.99845410893907,32.64,NA,61,61,0,36,25,0,0,0,0.590163934426229,0.409836065573771,1,1.40983606557377
36,"continuous",4,"Smooth nonlinear misspecified","GABLE",TRUE,"MSE",4.37124965897444,0.75,NA,5,5,0,5,0,0,0,0,1,0,1,1
36,"continuous",4,"Smooth nonlinear misspecified","GBM",TRUE,"MSE",2.20462388746474,0.01,NA,NA,NA,NA,NA,NA,NA,NA,NA,NA,NA,NA,NA
36,"continuous",4,"Smooth nonlinear misspecified","Linear",TRUE,"MSE",5.6724045352472,0,NA,20,0,20,20,0,0,0,0,1,0,1,1
36,"continuous",4,"Smooth nonlinear misspecified","Random forest",TRUE,"MSE",2.90862020580334,0.990000000000009,NA,NA,NA,NA,NA,NA,NA,NA,NA,NA,NA,NA,NA
36,"continuous",4,"Smooth nonlinear misspecified","RuleFit",TRUE,"MSE",3.97260531881144,10.42,NA,13,13,0,7,6,0,0,0,0.538461538461538,0.461538461538462,1,1.46153846153846
37,"continuous",4,"Smooth nonlinear misspecified","BRP-GABLE full",TRUE,"MSE",1.89844902348331,33.54,NA,77,75,2,53,24,0,0,0,0.688311688311688,0.311688311688312,1,1.31168831168831
37,"continuous",4,"Smooth nonlinear misspecified","BRP-GABLE rule-only",TRUE,"MSE",1.93719222305259,33.2500000000001,NA,84,84,0,59,25,0,0,0,0.702380952380952,0.297619047619048,1,1.29761904761905
37,"continuous",4,"Smooth nonlinear misspecified","GABLE",TRUE,"MSE",4.38776614030826,0.600000000000023,NA,5,5,0,4,1,0,0,0,0.8,0.2,1,1.2
37,"continuous",4,"Smooth nonlinear misspecified","GBM",TRUE,"MSE",2.29262964420511,0.02,NA,NA,NA,NA,NA,NA,NA,NA,NA,NA,NA,NA,NA
37,"continuous",4,"Smooth nonlinear misspecified","Linear",TRUE,"MSE",5.95220674661879,0.0199999999999818,NA,20,0,20,20,0,0,0,0,1,0,1,1
37,"continuous",4,"Smooth nonlinear misspecified","Random forest",TRUE,"MSE",3.0350378276935,1,NA,NA,NA,NA,NA,NA,NA,NA,NA,NA,NA,NA,NA
37,"continuous",4,"Smooth nonlinear misspecified","RuleFit",TRUE,"MSE",4.31158107103157,10.33,NA,22,22,0,9,11,2,0,0,0.409090909090909,0.5,0.909090909090909,1.68181818181818
38,"continuous",4,"Smooth nonlinear misspecified","BRP-GABLE full",TRUE,"MSE",2.35697677453296,34.59,NA,77,74,3,55,22,0,0,0,0.714285714285714,0.285714285714286,1,1.28571428571429
38,"continuous",4,"Smooth nonlinear misspecified","BRP-GABLE rule-only",TRUE,"MSE",2.42387419702394,33.8,NA,80,80,0,59,21,0,0,0,0.7375,0.2625,1,1.2625
38,"continuous",4,"Smooth nonlinear misspecified","GABLE",TRUE,"MSE",4.62020015856801,0.720000000000027,NA,5,5,0,5,0,0,0,0,1,0,1,1
38,"continuous",4,"Smooth nonlinear misspecified","GBM",TRUE,"MSE",2.77053267069534,0.01,NA,NA,NA,NA,NA,NA,NA,NA,NA,NA,NA,NA,NA
38,"continuous",4,"Smooth nonlinear misspecified","Linear",TRUE,"MSE",6.23475695651283,0,NA,20,0,20,20,0,0,0,0,1,0,1,1
38,"continuous",4,"Smooth nonlinear misspecified","Random forest",TRUE,"MSE",3.57322396066775,0.939999999999998,NA,NA,NA,NA,NA,NA,NA,NA,NA,NA,NA,NA,NA
38,"continuous",4,"Smooth nonlinear misspecified","RuleFit",TRUE,"MSE",5.24493534930075,10.7,NA,15,15,0,5,9,1,0,0,0.333333333333333,0.6,0.933333333333333,1.73333333333333
39,"continuous",4,"Smooth nonlinear misspecified","BRP-GABLE full",TRUE,"MSE",1.97910588844654,33.35,NA,85,79,6,59,26,0,0,0,0.694117647058824,0.305882352941176,1,1.30588235294118
39,"continuous",4,"Smooth nonlinear misspecified","BRP-GABLE rule-only",TRUE,"MSE",2.05469904211373,32.78,NA,76,76,0,51,25,0,0,0,0.671052631578947,0.328947368421053,1,1.32894736842105
39,"continuous",4,"Smooth nonlinear misspecified","GABLE",TRUE,"MSE",4.42078642858704,0.930000000000007,NA,5,5,0,5,0,0,0,0,1,0,1,1
39,"continuous",4,"Smooth nonlinear misspecified","GBM",TRUE,"MSE",2.07435840421985,0.01,NA,NA,NA,NA,NA,NA,NA,NA,NA,NA,NA,NA,NA
39,"continuous",4,"Smooth nonlinear misspecified","Linear",TRUE,"MSE",5.60790608514845,0,NA,20,0,20,20,0,0,0,0,1,0,1,1
39,"continuous",4,"Smooth nonlinear misspecified","Random forest",TRUE,"MSE",2.86221266060154,1.07999999999998,NA,NA,NA,NA,NA,NA,NA,NA,NA,NA,NA,NA,NA
39,"continuous",4,"Smooth nonlinear misspecified","RuleFit",TRUE,"MSE",3.25812426770454,10.69,NA,33,33,0,19,14,0,0,0,0.575757575757576,0.424242424242424,1,1.42424242424242
40,"continuous",4,"Smooth nonlinear misspecified","BRP-GABLE full",TRUE,"MSE",2.15946678582876,34.59,NA,77,68,9,60,17,0,0,0,0.779220779220779,0.220779220779221,1,1.22077922077922
40,"continuous",4,"Smooth nonlinear misspecified","BRP-GABLE rule-only",TRUE,"MSE",2.17217485527197,34.54,NA,76,76,0,59,17,0,0,0,0.776315789473684,0.223684210526316,1,1.22368421052632
40,"continuous",4,"Smooth nonlinear misspecified","GABLE",TRUE,"MSE",4.1619285547084,0.890000000000043,NA,5,5,0,5,0,0,0,0,1,0,1,1
40,"continuous",4,"Smooth nonlinear misspecified","GBM",TRUE,"MSE",2.82643966178352,0.02,NA,NA,NA,NA,NA,NA,NA,NA,NA,NA,NA,NA,NA
40,"continuous",4,"Smooth nonlinear misspecified","Linear",TRUE,"MSE",6.34189293269204,0.0100000000000477,NA,20,0,20,20,0,0,0,0,1,0,1,1
40,"continuous",4,"Smooth nonlinear misspecified","Random forest",TRUE,"MSE",3.57234525668394,0.96999999999997,NA,NA,NA,NA,NA,NA,NA,NA,NA,NA,NA,NA,NA
40,"continuous",4,"Smooth nonlinear misspecified","RuleFit",TRUE,"MSE",3.09309810034671,11.29,NA,34,34,0,12,17,5,0,0,0.352941176470588,0.5,0.852941176470588,1.79411764705882
41,"continuous",4,"Smooth nonlinear misspecified","BRP-GABLE full",TRUE,"MSE",1.66592854603742,34.52,NA,77,73,4,55,22,0,0,0,0.714285714285714,0.285714285714286,1,1.28571428571429
41,"continuous",4,"Smooth nonlinear misspecified","BRP-GABLE rule-only",TRUE,"MSE",1.69242244618245,34.04,NA,79,79,0,58,21,0,0,0,0.734177215189873,0.265822784810127,1,1.26582278481013
41,"continuous",4,"Smooth nonlinear misspecified","GABLE",TRUE,"MSE",4.34047456688706,0.629999999999995,NA,5,5,0,3,2,0,0,0,0.6,0.4,1,1.4
41,"continuous",4,"Smooth nonlinear misspecified","GBM",TRUE,"MSE",2.23342588601851,0.03,NA,NA,NA,NA,NA,NA,NA,NA,NA,NA,NA,NA,NA
41,"continuous",4,"Smooth nonlinear misspecified","Linear",TRUE,"MSE",5.31610457350729,0,NA,20,0,20,20,0,0,0,0,1,0,1,1
41,"continuous",4,"Smooth nonlinear misspecified","Random forest",TRUE,"MSE",2.76040810651218,1.00999999999999,NA,NA,NA,NA,NA,NA,NA,NA,NA,NA,NA,NA,NA
41,"continuous",4,"Smooth nonlinear misspecified","RuleFit",TRUE,"MSE",2.96534100357192,9.97,NA,19,19,0,7,10,2,0,0,0.368421052631579,0.526315789473684,0.894736842105263,1.73684210526316
42,"continuous",4,"Smooth nonlinear misspecified","BRP-GABLE full",TRUE,"MSE",1.95986228884859,34.24,NA,78,74,4,57,21,0,0,0,0.730769230769231,0.269230769230769,1,1.26923076923077
42,"continuous",4,"Smooth nonlinear misspecified","BRP-GABLE rule-only",TRUE,"MSE",1.98094623240343,33.56,NA,72,72,0,53,19,0,0,0,0.736111111111111,0.263888888888889,1,1.26388888888889
42,"continuous",4,"Smooth nonlinear misspecified","GABLE",TRUE,"MSE",3.81899061808369,0.800000000000011,NA,5,5,0,5,0,0,0,0,1,0,1,1
42,"continuous",4,"Smooth nonlinear misspecified","GBM",TRUE,"MSE",2.37850703291196,0.0399999999999998,NA,NA,NA,NA,NA,NA,NA,NA,NA,NA,NA,NA,NA
42,"continuous",4,"Smooth nonlinear misspecified","Linear",TRUE,"MSE",5.5570737873011,0,NA,20,0,20,20,0,0,0,0,1,0,1,1
42,"continuous",4,"Smooth nonlinear misspecified","Random forest",TRUE,"MSE",3.07422355200498,1,NA,NA,NA,NA,NA,NA,NA,NA,NA,NA,NA,NA,NA
42,"continuous",4,"Smooth nonlinear misspecified","RuleFit",TRUE,"MSE",4.72406763681035,10.49,NA,20,20,0,13,7,0,0,0,0.65,0.35,1,1.35
43,"continuous",4,"Smooth nonlinear misspecified","BRP-GABLE full",TRUE,"MSE",2.48184716623847,33.55,NA,61,59,2,38,23,0,0,0,0.622950819672131,0.377049180327869,1,1.37704918032787
43,"continuous",4,"Smooth nonlinear misspecified","BRP-GABLE rule-only",TRUE,"MSE",2.47843458273081,33.08,NA,65,65,0,42,23,0,0,0,0.646153846153846,0.353846153846154,1,1.35384615384615
43,"continuous",4,"Smooth nonlinear misspecified","GABLE",TRUE,"MSE",5.26528337533308,0.610000000000014,NA,5,5,0,5,0,0,0,0,1,0,1,1
43,"continuous",4,"Smooth nonlinear misspecified","GBM",TRUE,"MSE",2.94117265601115,0.02,NA,NA,NA,NA,NA,NA,NA,NA,NA,NA,NA,NA,NA
43,"continuous",4,"Smooth nonlinear misspecified","Linear",TRUE,"MSE",7.05945310019726,0,NA,20,0,20,20,0,0,0,0,1,0,1,1
43,"continuous",4,"Smooth nonlinear misspecified","Random forest",TRUE,"MSE",3.91390620353128,0.990000000000009,NA,NA,NA,NA,NA,NA,NA,NA,NA,NA,NA,NA,NA
43,"continuous",4,"Smooth nonlinear misspecified","RuleFit",TRUE,"MSE",5.95069683295302,11.2,NA,12,12,0,5,7,0,0,0,0.416666666666667,0.583333333333333,1,1.58333333333333
44,"continuous",4,"Smooth nonlinear misspecified","BRP-GABLE full",TRUE,"MSE",2.06047785421303,33.18,NA,63,62,1,37,26,0,0,0,0.587301587301587,0.412698412698413,1,1.41269841269841
44,"continuous",4,"Smooth nonlinear misspecified","BRP-GABLE rule-only",TRUE,"MSE",2.0357292004181,32.6100000000001,NA,68,68,0,41,27,0,0,0,0.602941176470588,0.397058823529412,1,1.39705882352941
44,"continuous",4,"Smooth nonlinear misspecified","GABLE",TRUE,"MSE",4.44866506237795,0.990000000000009,NA,5,5,0,5,0,0,0,0,1,0,1,1
44,"continuous",4,"Smooth nonlinear misspecified","GBM",TRUE,"MSE",2.19916837455872,0.01,NA,NA,NA,NA,NA,NA,NA,NA,NA,NA,NA,NA,NA
44,"continuous",4,"Smooth nonlinear misspecified","Linear",TRUE,"MSE",5.52091630304713,0,NA,20,0,20,20,0,0,0,0,1,0,1,1
44,"continuous",4,"Smooth nonlinear misspecified","Random forest",TRUE,"MSE",2.96525345888815,1.02999999999997,NA,NA,NA,NA,NA,NA,NA,NA,NA,NA,NA,NA,NA
44,"continuous",4,"Smooth nonlinear misspecified","RuleFit",TRUE,"MSE",4.66041663386677,10.1,NA,17,17,0,9,8,0,0,0,0.529411764705882,0.470588235294118,1,1.47058823529412
45,"continuous",4,"Smooth nonlinear misspecified","BRP-GABLE full",TRUE,"MSE",1.98243099723468,33.33,NA,78,74,4,46,32,0,0,0,0.58974358974359,0.41025641025641,1,1.41025641025641
45,"continuous",4,"Smooth nonlinear misspecified","BRP-GABLE rule-only",TRUE,"MSE",2.00818220324315,32.75,NA,75,75,0,42,33,0,0,0,0.56,0.44,1,1.44
45,"continuous",4,"Smooth nonlinear misspecified","GABLE",TRUE,"MSE",4.22919152233951,0.720000000000027,NA,5,5,0,5,0,0,0,0,1,0,1,1
45,"continuous",4,"Smooth nonlinear misspecified","GBM",TRUE,"MSE",2.42351642884564,0.0299999999999998,NA,NA,NA,NA,NA,NA,NA,NA,NA,NA,NA,NA,NA
45,"continuous",4,"Smooth nonlinear misspecified","Linear",TRUE,"MSE",5.57454111617329,0.0100000000000477,NA,20,0,20,20,0,0,0,0,1,0,1,1
45,"continuous",4,"Smooth nonlinear misspecified","Random forest",TRUE,"MSE",3.07140758654921,1.00999999999999,NA,NA,NA,NA,NA,NA,NA,NA,NA,NA,NA,NA,NA
45,"continuous",4,"Smooth nonlinear misspecified","RuleFit",TRUE,"MSE",5.00093391986339,10.17,NA,15,15,0,9,5,1,0,0,0.6,0.333333333333333,0.933333333333333,1.46666666666667
46,"continuous",4,"Smooth nonlinear misspecified","BRP-GABLE full",TRUE,"MSE",2.36600391259158,34.08,NA,60,57,3,32,28,0,0,0,0.533333333333333,0.466666666666667,1,1.46666666666667
46,"continuous",4,"Smooth nonlinear misspecified","BRP-GABLE rule-only",TRUE,"MSE",2.29629844570625,32.94,NA,63,63,0,35,28,0,0,0,0.555555555555556,0.444444444444444,1,1.44444444444444
46,"continuous",4,"Smooth nonlinear misspecified","GABLE",TRUE,"MSE",4.44663203849822,0.75,NA,5,5,0,3,2,0,0,0,0.6,0.4,1,1.4
46,"continuous",4,"Smooth nonlinear misspecified","GBM",TRUE,"MSE",2.88752027407466,0.03,NA,NA,NA,NA,NA,NA,NA,NA,NA,NA,NA,NA,NA
46,"continuous",4,"Smooth nonlinear misspecified","Linear",TRUE,"MSE",6.28629558512598,0,NA,20,0,20,20,0,0,0,0,1,0,1,1
46,"continuous",4,"Smooth nonlinear misspecified","Random forest",TRUE,"MSE",3.56995250449245,0.950000000000045,NA,NA,NA,NA,NA,NA,NA,NA,NA,NA,NA,NA,NA
46,"continuous",4,"Smooth nonlinear misspecified","RuleFit",TRUE,"MSE",5.07678454759437,10.85,NA,13,13,0,3,10,0,0,0,0.230769230769231,0.769230769230769,1,1.76923076923077
47,"continuous",4,"Smooth nonlinear misspecified","BRP-GABLE full",TRUE,"MSE",2.0908692973242,32.95,NA,67,64,3,28,39,0,0,0,0.417910447761194,0.582089552238806,1,1.58208955223881
47,"continuous",4,"Smooth nonlinear misspecified","BRP-GABLE rule-only",TRUE,"MSE",2.13122955245666,32.0199999999999,NA,67,67,0,27,40,0,0,0,0.402985074626866,0.597014925373134,1,1.59701492537313
47,"continuous",4,"Smooth nonlinear misspecified","GABLE",TRUE,"MSE",4.45484416946895,0.800000000000068,NA,5,5,0,5,0,0,0,0,1,0,1,1
47,"continuous",4,"Smooth nonlinear misspecified","GBM",TRUE,"MSE",2.33122892818517,0.03,NA,NA,NA,NA,NA,NA,NA,NA,NA,NA,NA,NA,NA
47,"continuous",4,"Smooth nonlinear misspecified","Linear",TRUE,"MSE",5.7717175566447,0.0100000000001046,NA,20,0,20,20,0,0,0,0,1,0,1,1
47,"continuous",4,"Smooth nonlinear misspecified","Random forest",TRUE,"MSE",2.974197889002,1.00999999999999,NA,NA,NA,NA,NA,NA,NA,NA,NA,NA,NA,NA,NA
47,"continuous",4,"Smooth nonlinear misspecified","RuleFit",TRUE,"MSE",4.74385092879782,9.94,NA,8,8,0,1,6,1,0,0,0.125,0.75,0.875,2
48,"continuous",4,"Smooth nonlinear misspecified","BRP-GABLE full",TRUE,"MSE",1.87217149316916,34.37,NA,78,77,1,52,26,0,0,0,0.666666666666667,0.333333333333333,1,1.33333333333333
48,"continuous",4,"Smooth nonlinear misspecified","BRP-GABLE rule-only",TRUE,"MSE",1.84922653612711,33.85,NA,82,82,0,57,25,0,0,0,0.695121951219512,0.304878048780488,1,1.30487804878049
48,"continuous",4,"Smooth nonlinear misspecified","GABLE",TRUE,"MSE",4.1350207639125,0.720000000000027,NA,5,5,0,5,0,0,0,0,1,0,1,1
48,"continuous",4,"Smooth nonlinear misspecified","GBM",TRUE,"MSE",2.49875185078946,0.0299999999999998,NA,NA,NA,NA,NA,NA,NA,NA,NA,NA,NA,NA,NA
48,"continuous",4,"Smooth nonlinear misspecified","Linear",TRUE,"MSE",5.67551062531519,0,NA,20,0,20,20,0,0,0,0,1,0,1,1
48,"continuous",4,"Smooth nonlinear misspecified","Random forest",TRUE,"MSE",3.12089234828044,0.960000000000036,NA,NA,NA,NA,NA,NA,NA,NA,NA,NA,NA,NA,NA
48,"continuous",4,"Smooth nonlinear misspecified","RuleFit",TRUE,"MSE",2.98913596171771,10.33,NA,29,29,0,17,12,0,0,0,0.586206896551724,0.413793103448276,1,1.41379310344828
49,"continuous",4,"Smooth nonlinear misspecified","BRP-GABLE full",TRUE,"MSE",2.13594560636021,37.45,NA,66,65,1,40,26,0,0,0,0.606060606060606,0.393939393939394,1,1.39393939393939
49,"continuous",4,"Smooth nonlinear misspecified","BRP-GABLE rule-only",TRUE,"MSE",2.11328939946633,36.6799999999999,NA,72,72,0,48,24,0,0,0,0.666666666666667,0.333333333333333,1,1.33333333333333
49,"continuous",4,"Smooth nonlinear misspecified","GABLE",TRUE,"MSE",4.09355974979535,0.730000000000018,NA,5,5,0,5,0,0,0,0,1,0,1,1
49,"continuous",4,"Smooth nonlinear misspecified","GBM",TRUE,"MSE",2.41139815404943,0.0299999999999998,NA,NA,NA,NA,NA,NA,NA,NA,NA,NA,NA,NA,NA
49,"continuous",4,"Smooth nonlinear misspecified","Linear",TRUE,"MSE",5.39533446668495,0,NA,20,0,20,20,0,0,0,0,1,0,1,1
49,"continuous",4,"Smooth nonlinear misspecified","Random forest",TRUE,"MSE",3.12885218828424,1,NA,NA,NA,NA,NA,NA,NA,NA,NA,NA,NA,NA,NA
49,"continuous",4,"Smooth nonlinear misspecified","RuleFit",TRUE,"MSE",3.73915383762279,9.94999999999999,NA,15,15,0,6,8,1,0,0,0.4,0.533333333333333,0.933333333333333,1.66666666666667
50,"continuous",4,"Smooth nonlinear misspecified","BRP-GABLE full",TRUE,"MSE",2.10155636853025,32.39,NA,67,62,5,39,28,0,0,0,0.582089552238806,0.417910447761194,1,1.41791044776119
50,"continuous",4,"Smooth nonlinear misspecified","BRP-GABLE rule-only",TRUE,"MSE",2.12327790550946,32.33,NA,60,60,0,32,28,0,0,0,0.533333333333333,0.466666666666667,1,1.46666666666667
50,"continuous",4,"Smooth nonlinear misspecified","GABLE",TRUE,"MSE",4.01727603215427,0.670000000000073,NA,5,5,0,4,1,0,0,0,0.8,0.2,1,1.2
50,"continuous",4,"Smooth nonlinear misspecified","GBM",TRUE,"MSE",2.42712989012757,0.03,NA,NA,NA,NA,NA,NA,NA,NA,NA,NA,NA,NA,NA
50,"continuous",4,"Smooth nonlinear misspecified","Linear",TRUE,"MSE",5.93330441433981,0,NA,20,0,20,20,0,0,0,0,1,0,1,1
50,"continuous",4,"Smooth nonlinear misspecified","Random forest",TRUE,"MSE",2.96032396667073,0.969999999999914,NA,NA,NA,NA,NA,NA,NA,NA,NA,NA,NA,NA,NA
50,"continuous",4,"Smooth nonlinear misspecified","RuleFit",TRUE,"MSE",4.0081316698281,11.18,NA,43,43,0,22,15,6,0,0,0.511627906976744,0.348837209302326,0.86046511627907,1.62790697674419
51,"continuous",4,"Smooth nonlinear misspecified","BRP-GABLE full",TRUE,"MSE",2.39431387441711,32.5400000000001,NA,69,68,1,40,29,0,0,0,0.579710144927536,0.420289855072464,1,1.42028985507246
51,"continuous",4,"Smooth nonlinear misspecified","BRP-GABLE rule-only",TRUE,"MSE",2.31448773417276,32.38,NA,75,75,0,45,30,0,0,0,0.6,0.4,1,1.4
51,"continuous",4,"Smooth nonlinear misspecified","GABLE",TRUE,"MSE",5.06307384907774,0.639999999999986,NA,5,5,0,4,1,0,0,0,0.8,0.2,1,1.2
51,"continuous",4,"Smooth nonlinear misspecified","GBM",TRUE,"MSE",2.64511730328714,0.01,NA,NA,NA,NA,NA,NA,NA,NA,NA,NA,NA,NA,NA
51,"continuous",4,"Smooth nonlinear misspecified","Linear",TRUE,"MSE",6.25666588825267,0,NA,20,0,20,20,0,0,0,0,1,0,1,1
51,"continuous",4,"Smooth nonlinear misspecified","Random forest",TRUE,"MSE",3.48763474107865,0.980000000000018,NA,NA,NA,NA,NA,NA,NA,NA,NA,NA,NA,NA,NA
51,"continuous",4,"Smooth nonlinear misspecified","RuleFit",TRUE,"MSE",4.66259949533743,9.87,NA,28,28,0,13,14,1,0,0,0.464285714285714,0.5,0.964285714285714,1.57142857142857
52,"continuous",4,"Smooth nonlinear misspecified","BRP-GABLE full",TRUE,"MSE",2.17437161715441,34.71,NA,82,81,1,61,21,0,0,0,0.74390243902439,0.25609756097561,1,1.25609756097561
52,"continuous",4,"Smooth nonlinear misspecified","BRP-GABLE rule-only",TRUE,"MSE",2.1120558771619,33.9699999999999,NA,80,80,0,59,21,0,0,0,0.7375,0.2625,1,1.2625
52,"continuous",4,"Smooth nonlinear misspecified","GABLE",TRUE,"MSE",4.78695449785102,0.769999999999982,NA,5,5,0,5,0,0,0,0,1,0,1,1
52,"continuous",4,"Smooth nonlinear misspecified","GBM",TRUE,"MSE",2.43123862317281,0.02,NA,NA,NA,NA,NA,NA,NA,NA,NA,NA,NA,NA,NA
52,"continuous",4,"Smooth nonlinear misspecified","Linear",TRUE,"MSE",5.59893231454199,0.00999999999999091,NA,20,0,20,20,0,0,0,0,1,0,1,1
52,"continuous",4,"Smooth nonlinear misspecified","Random forest",TRUE,"MSE",3.1580887684109,0.949999999999932,NA,NA,NA,NA,NA,NA,NA,NA,NA,NA,NA,NA,NA
52,"continuous",4,"Smooth nonlinear misspecified","RuleFit",TRUE,"MSE",3.79737851206393,9.5,NA,22,22,0,7,10,5,0,0,0.318181818181818,0.454545454545455,0.772727272727273,1.90909090909091
53,"continuous",4,"Smooth nonlinear misspecified","BRP-GABLE full",TRUE,"MSE",1.87768328147261,33.0600000000001,NA,65,62,3,42,23,0,0,0,0.646153846153846,0.353846153846154,1,1.35384615384615
53,"continuous",4,"Smooth nonlinear misspecified","BRP-GABLE rule-only",TRUE,"MSE",1.89956408418923,32.7299999999999,NA,65,65,0,41,24,0,0,0,0.630769230769231,0.369230769230769,1,1.36923076923077
53,"continuous",4,"Smooth nonlinear misspecified","GABLE",TRUE,"MSE",4.6949242438146,0.819999999999936,NA,5,5,0,5,0,0,0,0,1,0,1,1
53,"continuous",4,"Smooth nonlinear misspecified","GBM",TRUE,"MSE",2.38673980302563,0.01,NA,NA,NA,NA,NA,NA,NA,NA,NA,NA,NA,NA,NA
53,"continuous",4,"Smooth nonlinear misspecified","Linear",TRUE,"MSE",5.98813305260429,0,NA,20,0,20,20,0,0,0,0,1,0,1,1
53,"continuous",4,"Smooth nonlinear misspecified","Random forest",TRUE,"MSE",3.14996028334363,0.960000000000036,NA,NA,NA,NA,NA,NA,NA,NA,NA,NA,NA,NA,NA
53,"continuous",4,"Smooth nonlinear misspecified","RuleFit",TRUE,"MSE",3.94291463576043,10.89,NA,32,32,0,16,11,5,0,0,0.5,0.34375,0.84375,1.65625
54,"continuous",4,"Smooth nonlinear misspecified","BRP-GABLE full",TRUE,"MSE",1.88780886044692,33.36,NA,81,79,2,56,25,0,0,0,0.691358024691358,0.308641975308642,1,1.30864197530864
54,"continuous",4,"Smooth nonlinear misspecified","BRP-GABLE rule-only",TRUE,"MSE",1.91534784731436,32.79,NA,77,77,0,52,25,0,0,0,0.675324675324675,0.324675324675325,1,1.32467532467532
54,"continuous",4,"Smooth nonlinear misspecified","GABLE",TRUE,"MSE",4.232514543561,0.600000000000023,NA,5,5,0,3,2,0,0,0,0.6,0.4,1,1.4
54,"continuous",4,"Smooth nonlinear misspecified","GBM",TRUE,"MSE",2.12501400783591,0.02,NA,NA,NA,NA,NA,NA,NA,NA,NA,NA,NA,NA,NA
54,"continuous",4,"Smooth nonlinear misspecified","Linear",TRUE,"MSE",5.37393228112871,0,NA,20,0,20,20,0,0,0,0,1,0,1,1
54,"continuous",4,"Smooth nonlinear misspecified","Random forest",TRUE,"MSE",2.68858475223528,0.960000000000036,NA,NA,NA,NA,NA,NA,NA,NA,NA,NA,NA,NA,NA
54,"continuous",4,"Smooth nonlinear misspecified","RuleFit",TRUE,"MSE",4.10597373083913,10.33,NA,19,19,0,6,8,5,0,0,0.315789473684211,0.421052631578947,0.736842105263158,1.94736842105263
55,"continuous",4,"Smooth nonlinear misspecified","BRP-GABLE full",TRUE,"MSE",2.35676741867879,33.09,NA,68,65,3,44,24,0,0,0,0.647058823529412,0.352941176470588,1,1.35294117647059
55,"continuous",4,"Smooth nonlinear misspecified","BRP-GABLE rule-only",TRUE,"MSE",2.35249679686491,32.3600000000001,NA,65,65,0,42,23,0,0,0,0.646153846153846,0.353846153846154,1,1.35384615384615
55,"continuous",4,"Smooth nonlinear misspecified","GABLE",TRUE,"MSE",4.74105026051244,0.650000000000091,NA,5,5,0,3,2,0,0,0,0.6,0.4,1,1.4
55,"continuous",4,"Smooth nonlinear misspecified","GBM",TRUE,"MSE",2.53226228553908,0.00999999999999979,NA,NA,NA,NA,NA,NA,NA,NA,NA,NA,NA,NA,NA
55,"continuous",4,"Smooth nonlinear misspecified","Linear",TRUE,"MSE",6.50058254624229,0,NA,20,0,20,20,0,0,0,0,1,0,1,1
55,"continuous",4,"Smooth nonlinear misspecified","Random forest",TRUE,"MSE",3.22822262759317,1,NA,NA,NA,NA,NA,NA,NA,NA,NA,NA,NA,NA,NA
55,"continuous",4,"Smooth nonlinear misspecified","RuleFit",TRUE,"MSE",4.79421667949753,9.95000000000002,NA,13,13,0,6,5,2,0,0,0.461538461538462,0.384615384615385,0.846153846153846,1.69230769230769
56,"continuous",4,"Smooth nonlinear misspecified","BRP-GABLE full",TRUE,"MSE",2.19914458611935,34.09,NA,65,63,2,32,33,0,0,0,0.492307692307692,0.507692307692308,1,1.50769230769231
56,"continuous",4,"Smooth nonlinear misspecified","BRP-GABLE rule-only",TRUE,"MSE",2.25130978746957,33.5899999999999,NA,70,70,0,35,35,0,0,0,0.5,0.5,1,1.5
56,"continuous",4,"Smooth nonlinear misspecified","GABLE",TRUE,"MSE",4.62025179169555,0.839999999999918,NA,5,5,0,4,1,0,0,0,0.8,0.2,1,1.2
56,"continuous",4,"Smooth nonlinear misspecified","GBM",TRUE,"MSE",2.60178578106427,0.0299999999999998,NA,NA,NA,NA,NA,NA,NA,NA,NA,NA,NA,NA,NA
56,"continuous",4,"Smooth nonlinear misspecified","Linear",TRUE,"MSE",5.80651427693662,0,NA,20,0,20,20,0,0,0,0,1,0,1,1
56,"continuous",4,"Smooth nonlinear misspecified","Random forest",TRUE,"MSE",3.12876165542561,0.970000000000027,NA,NA,NA,NA,NA,NA,NA,NA,NA,NA,NA,NA,NA
56,"continuous",4,"Smooth nonlinear misspecified","RuleFit",TRUE,"MSE",2.72011432196485,11.14,NA,40,40,0,9,29,2,0,0,0.225,0.725,0.95,1.825
57,"continuous",4,"Smooth nonlinear misspecified","BRP-GABLE full",TRUE,"MSE",1.92607061645024,33.87,NA,85,81,4,61,24,0,0,0,0.717647058823529,0.282352941176471,1,1.28235294117647
57,"continuous",4,"Smooth nonlinear misspecified","BRP-GABLE rule-only",TRUE,"MSE",1.90718731552926,32.8899999999999,NA,87,87,0,63,24,0,0,0,0.724137931034483,0.275862068965517,1,1.27586206896552
57,"continuous",4,"Smooth nonlinear misspecified","GABLE",TRUE,"MSE",4.90057183911577,0.75,NA,5,5,0,5,0,0,0,0,1,0,1,1
57,"continuous",4,"Smooth nonlinear misspecified","GBM",TRUE,"MSE",2.49477442594553,0.0299999999999998,NA,NA,NA,NA,NA,NA,NA,NA,NA,NA,NA,NA,NA
57,"continuous",4,"Smooth nonlinear misspecified","Linear",TRUE,"MSE",6.43800287529465,0,NA,20,0,20,20,0,0,0,0,1,0,1,1
57,"continuous",4,"Smooth nonlinear misspecified","Random forest",TRUE,"MSE",3.33450293812878,0.92999999999995,NA,NA,NA,NA,NA,NA,NA,NA,NA,NA,NA,NA,NA
57,"continuous",4,"Smooth nonlinear misspecified","RuleFit",TRUE,"MSE",4.03999428691673,10.04,NA,19,19,0,12,4,3,0,0,0.631578947368421,0.210526315789474,0.842105263157895,1.52631578947368
58,"continuous",4,"Smooth nonlinear misspecified","BRP-GABLE full",TRUE,"MSE",2.16280506759677,32.89,NA,86,82,4,57,29,0,0,0,0.662790697674419,0.337209302325581,1,1.33720930232558
58,"continuous",4,"Smooth nonlinear misspecified","BRP-GABLE rule-only",TRUE,"MSE",2.11956199252669,32.5500000000001,NA,76,76,0,47,29,0,0,0,0.618421052631579,0.381578947368421,1,1.38157894736842
58,"continuous",4,"Smooth nonlinear misspecified","GABLE",TRUE,"MSE",4.38773925545301,0.810000000000059,NA,5,5,0,4,1,0,0,0,0.8,0.2,1,1.2
58,"continuous",4,"Smooth nonlinear misspecified","GBM",TRUE,"MSE",2.34757839800198,0.0299999999999998,NA,NA,NA,NA,NA,NA,NA,NA,NA,NA,NA,NA,NA
58,"continuous",4,"Smooth nonlinear misspecified","Linear",TRUE,"MSE",6.33687641225263,0,NA,20,0,20,20,0,0,0,0,1,0,1,1
58,"continuous",4,"Smooth nonlinear misspecified","Random forest",TRUE,"MSE",3.41266974671158,1.04999999999995,NA,NA,NA,NA,NA,NA,NA,NA,NA,NA,NA,NA,NA
58,"continuous",4,"Smooth nonlinear misspecified","RuleFit",TRUE,"MSE",4.22702236617121,11.53,NA,34,34,0,8,24,2,0,0,0.235294117647059,0.705882352941177,0.941176470588235,1.82352941176471
59,"continuous",4,"Smooth nonlinear misspecified","BRP-GABLE full",TRUE,"MSE",2.1714052565115,35.36,NA,75,74,1,50,25,0,0,0,0.666666666666667,0.333333333333333,1,1.33333333333333
59,"continuous",4,"Smooth nonlinear misspecified","BRP-GABLE rule-only",TRUE,"MSE",2.11501652871958,34.0599999999999,NA,90,90,0,66,24,0,0,0,0.733333333333333,0.266666666666667,1,1.26666666666667
59,"continuous",4,"Smooth nonlinear misspecified","GABLE",TRUE,"MSE",4.96307839685138,0.740000000000009,NA,5,5,0,4,1,0,0,0,0.8,0.2,1,1.2
59,"continuous",4,"Smooth nonlinear misspecified","GBM",TRUE,"MSE",2.83027878670018,0.0299999999999998,NA,NA,NA,NA,NA,NA,NA,NA,NA,NA,NA,NA,NA
59,"continuous",4,"Smooth nonlinear misspecified","Linear",TRUE,"MSE",6.41596174567544,0,NA,20,0,20,20,0,0,0,0,1,0,1,1
59,"continuous",4,"Smooth nonlinear misspecified","Random forest",TRUE,"MSE",3.69264726492943,0.92999999999995,NA,NA,NA,NA,NA,NA,NA,NA,NA,NA,NA,NA,NA
59,"continuous",4,"Smooth nonlinear misspecified","RuleFit",TRUE,"MSE",4.06314052909825,10.47,NA,21,21,0,12,9,0,0,0,0.571428571428571,0.428571428571429,1,1.42857142857143
60,"continuous",4,"Smooth nonlinear misspecified","BRP-GABLE full",TRUE,"MSE",1.79468660744011,31.7999999999998,NA,84,77,7,55,29,0,0,0,0.654761904761905,0.345238095238095,1,1.3452380952381
60,"continuous",4,"Smooth nonlinear misspecified","BRP-GABLE rule-only",TRUE,"MSE",1.907829338057,31.25,NA,82,82,0,54,28,0,0,0,0.658536585365854,0.341463414634146,1,1.34146341463415
60,"continuous",4,"Smooth nonlinear misspecified","GABLE",TRUE,"MSE",4.72080840686626,0.799999999999955,NA,5,5,0,5,0,0,0,0,1,0,1,1
60,"continuous",4,"Smooth nonlinear misspecified","GBM",TRUE,"MSE",2.4395648082567,0.0300000000000002,NA,NA,NA,NA,NA,NA,NA,NA,NA,NA,NA,NA,NA
60,"continuous",4,"Smooth nonlinear misspecified","Linear",TRUE,"MSE",6.31152039669896,0,NA,20,0,20,20,0,0,0,0,1,0,1,1
60,"continuous",4,"Smooth nonlinear misspecified","Random forest",TRUE,"MSE",3.13040823471319,0.980000000000018,NA,NA,NA,NA,NA,NA,NA,NA,NA,NA,NA,NA,NA
60,"continuous",4,"Smooth nonlinear misspecified","RuleFit",TRUE,"MSE",3.74274700179018,10.7,NA,15,15,0,7,8,0,0,0,0.466666666666667,0.533333333333333,1,1.53333333333333
61,"continuous",4,"Smooth nonlinear misspecified","BRP-GABLE full",TRUE,"MSE",2.03171136326573,33.8100000000001,NA,76,75,1,52,24,0,0,0,0.684210526315789,0.315789473684211,1,1.31578947368421
61,"continuous",4,"Smooth nonlinear misspecified","BRP-GABLE rule-only",TRUE,"MSE",1.99942789651995,32.99,NA,81,81,0,59,22,0,0,0,0.728395061728395,0.271604938271605,1,1.27160493827161
61,"continuous",4,"Smooth nonlinear misspecified","GABLE",TRUE,"MSE",4.05531104300914,0.75,NA,5,5,0,5,0,0,0,0,1,0,1,1
61,"continuous",4,"Smooth nonlinear misspecified","GBM",TRUE,"MSE",2.31153881524793,0.0300000000000002,NA,NA,NA,NA,NA,NA,NA,NA,NA,NA,NA,NA,NA
61,"continuous",4,"Smooth nonlinear misspecified","Linear",TRUE,"MSE",5.50950755959525,0,NA,20,0,20,20,0,0,0,0,1,0,1,1
61,"continuous",4,"Smooth nonlinear misspecified","Random forest",TRUE,"MSE",2.90591098467351,0.970000000000027,NA,NA,NA,NA,NA,NA,NA,NA,NA,NA,NA,NA,NA
61,"continuous",4,"Smooth nonlinear misspecified","RuleFit",TRUE,"MSE",4.34602155271867,9.85999999999999,NA,19,19,0,9,10,0,0,0,0.473684210526316,0.526315789473684,1,1.52631578947368
62,"continuous",4,"Smooth nonlinear misspecified","BRP-GABLE full",TRUE,"MSE",2.05771347256673,34.3,NA,75,74,1,48,27,0,0,0,0.64,0.36,1,1.36
62,"continuous",4,"Smooth nonlinear misspecified","BRP-GABLE rule-only",TRUE,"MSE",2.0224841705894,33.3100000000001,NA,75,75,0,49,26,0,0,0,0.653333333333333,0.346666666666667,1,1.34666666666667
62,"continuous",4,"Smooth nonlinear misspecified","GABLE",TRUE,"MSE",4.47608025667256,0.75,NA,5,5,0,4,1,0,0,0,0.8,0.2,1,1.2
62,"continuous",4,"Smooth nonlinear misspecified","GBM",TRUE,"MSE",2.37139691604401,0.00999999999999979,NA,NA,NA,NA,NA,NA,NA,NA,NA,NA,NA,NA,NA
62,"continuous",4,"Smooth nonlinear misspecified","Linear",TRUE,"MSE",6.04769147436003,0.00999999999999091,NA,20,0,20,20,0,0,0,0,1,0,1,1
62,"continuous",4,"Smooth nonlinear misspecified","Random forest",TRUE,"MSE",3.03113482253423,0.919999999999959,NA,NA,NA,NA,NA,NA,NA,NA,NA,NA,NA,NA,NA
62,"continuous",4,"Smooth nonlinear misspecified","RuleFit",TRUE,"MSE",4.96031546065857,9.47999999999999,NA,13,13,0,1,10,2,0,0,0.0769230769230769,0.769230769230769,0.846153846153846,2.07692307692308
63,"continuous",4,"Smooth nonlinear misspecified","BRP-GABLE full",TRUE,"MSE",2.1734535301982,33.04,NA,74,73,1,50,24,0,0,0,0.675675675675676,0.324324324324324,1,1.32432432432432
63,"continuous",4,"Smooth nonlinear misspecified","BRP-GABLE rule-only",TRUE,"MSE",2.125191238222,33.08,NA,71,71,0,45,26,0,0,0,0.633802816901408,0.366197183098592,1,1.36619718309859
63,"continuous",4,"Smooth nonlinear misspecified","GABLE",TRUE,"MSE",4.62786965697238,0.599999999999909,NA,5,5,0,2,3,0,0,0,0.4,0.6,1,1.6
63,"continuous",4,"Smooth nonlinear misspecified","GBM",TRUE,"MSE",2.5531133272442,0.0300000000000002,NA,NA,NA,NA,NA,NA,NA,NA,NA,NA,NA,NA,NA
63,"continuous",4,"Smooth nonlinear misspecified","Linear",TRUE,"MSE",6.09325034616465,0,NA,20,0,20,20,0,0,0,0,1,0,1,1
63,"continuous",4,"Smooth nonlinear misspecified","Random forest",TRUE,"MSE",3.18010867047668,0.870000000000005,NA,NA,NA,NA,NA,NA,NA,NA,NA,NA,NA,NA,NA
63,"continuous",4,"Smooth nonlinear misspecified","RuleFit",TRUE,"MSE",3.13242329288048,10.28,NA,28,28,0,15,11,2,0,0,0.535714285714286,0.392857142857143,0.928571428571429,1.53571428571429
64,"continuous",4,"Smooth nonlinear misspecified","BRP-GABLE full",TRUE,"MSE",2.33621206221085,32.5499999999998,NA,60,59,1,27,33,0,0,0,0.45,0.55,1,1.55
64,"continuous",4,"Smooth nonlinear misspecified","BRP-GABLE rule-only",TRUE,"MSE",2.32656098918323,31.67,NA,64,64,0,31,33,0,0,0,0.484375,0.515625,1,1.515625
64,"continuous",4,"Smooth nonlinear misspecified","GABLE",TRUE,"MSE",4.33986074853616,0.57000000000005,NA,5,5,0,4,1,0,0,0,0.8,0.2,1,1.2
64,"continuous",4,"Smooth nonlinear misspecified","GBM",TRUE,"MSE",2.48595362468933,0.0299999999999998,NA,NA,NA,NA,NA,NA,NA,NA,NA,NA,NA,NA,NA
64,"continuous",4,"Smooth nonlinear misspecified","Linear",TRUE,"MSE",5.49201240663825,0.0199999999999818,NA,20,0,20,20,0,0,0,0,1,0,1,1
64,"continuous",4,"Smooth nonlinear misspecified","Random forest",TRUE,"MSE",3.18022382106084,0.960000000000036,NA,NA,NA,NA,NA,NA,NA,NA,NA,NA,NA,NA,NA
64,"continuous",4,"Smooth nonlinear misspecified","RuleFit",TRUE,"MSE",2.70557613055777,11.27,NA,40,40,0,12,24,4,0,0,0.3,0.6,0.9,1.8
65,"continuous",4,"Smooth nonlinear misspecified","BRP-GABLE full",TRUE,"MSE",2.12129124363138,32.0599999999999,NA,72,66,6,48,24,0,0,0,0.666666666666667,0.333333333333333,1,1.33333333333333
65,"continuous",4,"Smooth nonlinear misspecified","BRP-GABLE rule-only",TRUE,"MSE",2.15108282076194,32.09,NA,68,68,0,43,25,0,0,0,0.632352941176471,0.367647058823529,1,1.36764705882353
65,"continuous",4,"Smooth nonlinear misspecified","GABLE",TRUE,"MSE",4.49514784298714,0.730000000000018,NA,5,5,0,4,1,0,0,0,0.8,0.2,1,1.2
65,"continuous",4,"Smooth nonlinear misspecified","GBM",TRUE,"MSE",2.54301083446055,0.0300000000000002,NA,NA,NA,NA,NA,NA,NA,NA,NA,NA,NA,NA,NA
65,"continuous",4,"Smooth nonlinear misspecified","Linear",TRUE,"MSE",6.05769834079041,0,NA,20,0,20,20,0,0,0,0,1,0,1,1
65,"continuous",4,"Smooth nonlinear misspecified","Random forest",TRUE,"MSE",3.22784826227672,0.909999999999968,NA,NA,NA,NA,NA,NA,NA,NA,NA,NA,NA,NA,NA
65,"continuous",4,"Smooth nonlinear misspecified","RuleFit",TRUE,"MSE",5.13830017425878,9.69999999999999,NA,10,10,0,4,5,1,0,0,0.4,0.5,0.9,1.7
66,"continuous",4,"Smooth nonlinear misspecified","BRP-GABLE full",TRUE,"MSE",2.21034387038753,30.9,NA,54,53,1,28,26,0,0,0,0.518518518518518,0.481481481481481,1,1.48148148148148
66,"continuous",4,"Smooth nonlinear misspecified","BRP-GABLE rule-only",TRUE,"MSE",2.28876028042302,30.4900000000001,NA,57,57,0,31,26,0,0,0,0.543859649122807,0.456140350877193,1,1.45614035087719
66,"continuous",4,"Smooth nonlinear misspecified","GABLE",TRUE,"MSE",4.64920287957855,0.799999999999955,NA,5,5,0,5,0,0,0,0,1,0,1,1
66,"continuous",4,"Smooth nonlinear misspecified","GBM",TRUE,"MSE",2.34442340204994,0.02,NA,NA,NA,NA,NA,NA,NA,NA,NA,NA,NA,NA,NA
66,"continuous",4,"Smooth nonlinear misspecified","Linear",TRUE,"MSE",5.64440451297841,0,NA,20,0,20,20,0,0,0,0,1,0,1,1
66,"continuous",4,"Smooth nonlinear misspecified","Random forest",TRUE,"MSE",2.97010130975922,1.00999999999999,NA,NA,NA,NA,NA,NA,NA,NA,NA,NA,NA,NA,NA
66,"continuous",4,"Smooth nonlinear misspecified","RuleFit",TRUE,"MSE",3.8844072831494,11.6,NA,36,36,0,12,21,3,0,0,0.333333333333333,0.583333333333333,0.916666666666667,1.75
67,"continuous",4,"Smooth nonlinear misspecified","BRP-GABLE full",TRUE,"MSE",1.96047964257696,32.7099999999999,NA,84,78,6,62,22,0,0,0,0.738095238095238,0.261904761904762,1,1.26190476190476
67,"continuous",4,"Smooth nonlinear misspecified","BRP-GABLE rule-only",TRUE,"MSE",1.9646503777714,32.17,NA,80,80,0,58,22,0,0,0,0.725,0.275,1,1.275
67,"continuous",4,"Smooth nonlinear misspecified","GABLE",TRUE,"MSE",4.9584514223549,0.800000000000068,NA,5,5,0,4,1,0,0,0,0.8,0.2,1,1.2
67,"continuous",4,"Smooth nonlinear misspecified","GBM",TRUE,"MSE",2.29592337379608,0.0299999999999998,NA,NA,NA,NA,NA,NA,NA,NA,NA,NA,NA,NA,NA
67,"continuous",4,"Smooth nonlinear misspecified","Linear",TRUE,"MSE",6.31841004861909,0,NA,20,0,20,20,0,0,0,0,1,0,1,1
67,"continuous",4,"Smooth nonlinear misspecified","Random forest",TRUE,"MSE",2.97996040417872,0.939999999999941,NA,NA,NA,NA,NA,NA,NA,NA,NA,NA,NA,NA,NA
67,"continuous",4,"Smooth nonlinear misspecified","RuleFit",TRUE,"MSE",4.31209451571579,11.17,NA,27,27,0,6,21,0,0,0,0.222222222222222,0.777777777777778,1,1.77777777777778
68,"continuous",4,"Smooth nonlinear misspecified","BRP-GABLE full",TRUE,"MSE",1.89414494335258,32.98,NA,72,70,2,39,33,0,0,0,0.541666666666667,0.458333333333333,1,1.45833333333333
68,"continuous",4,"Smooth nonlinear misspecified","BRP-GABLE rule-only",TRUE,"MSE",1.88703335710694,32.6900000000001,NA,80,80,0,49,31,0,0,0,0.6125,0.3875,1,1.3875
68,"continuous",4,"Smooth nonlinear misspecified","GABLE",TRUE,"MSE",4.24257139510187,0.75,NA,5,5,0,5,0,0,0,0,1,0,1,1
68,"continuous",4,"Smooth nonlinear misspecified","GBM",TRUE,"MSE",2.48712593402724,0.0300000000000002,NA,NA,NA,NA,NA,NA,NA,NA,NA,NA,NA,NA,NA
68,"continuous",4,"Smooth nonlinear misspecified","Linear",TRUE,"MSE",6.01426244237441,0.0199999999999818,NA,20,0,20,20,0,0,0,0,1,0,1,1
68,"continuous",4,"Smooth nonlinear misspecified","Random forest",TRUE,"MSE",3.26235333164103,0.950000000000045,NA,NA,NA,NA,NA,NA,NA,NA,NA,NA,NA,NA,NA
68,"continuous",4,"Smooth nonlinear misspecified","RuleFit",TRUE,"MSE",4.58606588704934,10.58,NA,16,16,0,5,9,2,0,0,0.3125,0.5625,0.875,1.8125
69,"continuous",4,"Smooth nonlinear misspecified","BRP-GABLE full",TRUE,"MSE",2.20979714399009,34.34,NA,77,76,1,50,27,0,0,0,0.649350649350649,0.350649350649351,1,1.35064935064935
69,"continuous",4,"Smooth nonlinear misspecified","BRP-GABLE rule-only",TRUE,"MSE",2.20097514444647,33.6900000000001,NA,73,73,0,45,28,0,0,0,0.616438356164384,0.383561643835616,1,1.38356164383562
69,"continuous",4,"Smooth nonlinear misspecified","GABLE",TRUE,"MSE",4.8472350864158,0.720000000000027,NA,5,5,0,4,1,0,0,0,0.8,0.2,1,1.2
69,"continuous",4,"Smooth nonlinear misspecified","GBM",TRUE,"MSE",2.64955853919828,0.0300000000000002,NA,NA,NA,NA,NA,NA,NA,NA,NA,NA,NA,NA,NA
69,"continuous",4,"Smooth nonlinear misspecified","Linear",TRUE,"MSE",6.72037545707106,0,NA,20,0,20,20,0,0,0,0,1,0,1,1
69,"continuous",4,"Smooth nonlinear misspecified","Random forest",TRUE,"MSE",3.48217247288097,0.939999999999941,NA,NA,NA,NA,NA,NA,NA,NA,NA,NA,NA,NA,NA
69,"continuous",4,"Smooth nonlinear misspecified","RuleFit",TRUE,"MSE",5.15371421840869,11.1,NA,17,17,0,3,12,2,0,0,0.176470588235294,0.705882352941177,0.882352941176471,1.94117647058824
70,"continuous",4,"Smooth nonlinear misspecified","BRP-GABLE full",TRUE,"MSE",2.17940798121903,33.89,NA,83,77,6,63,20,0,0,0,0.759036144578313,0.240963855421687,1,1.24096385542169
70,"continuous",4,"Smooth nonlinear misspecified","BRP-GABLE rule-only",TRUE,"MSE",2.17665855367679,33.01,NA,80,80,0,62,18,0,0,0,0.775,0.225,1,1.225
70,"continuous",4,"Smooth nonlinear misspecified","GABLE",TRUE,"MSE",3.89074405477338,0.879999999999995,NA,5,5,0,5,0,0,0,0,1,0,1,1
70,"continuous",4,"Smooth nonlinear misspecified","GBM",TRUE,"MSE",2.53131770288608,0.0299999999999998,NA,NA,NA,NA,NA,NA,NA,NA,NA,NA,NA,NA,NA
70,"continuous",4,"Smooth nonlinear misspecified","Linear",TRUE,"MSE",5.84647932037605,0,NA,20,0,20,20,0,0,0,0,1,0,1,1
70,"continuous",4,"Smooth nonlinear misspecified","Random forest",TRUE,"MSE",3.24038847064759,0.940000000000055,NA,NA,NA,NA,NA,NA,NA,NA,NA,NA,NA,NA,NA
70,"continuous",4,"Smooth nonlinear misspecified","RuleFit",TRUE,"MSE",5.5321552064953,10.97,NA,18,18,0,9,8,1,0,0,0.5,0.444444444444444,0.944444444444444,1.55555555555556
71,"continuous",4,"Smooth nonlinear misspecified","BRP-GABLE full",TRUE,"MSE",2.03661113870736,33.1400000000001,NA,84,81,3,56,28,0,0,0,0.666666666666667,0.333333333333333,1,1.33333333333333
71,"continuous",4,"Smooth nonlinear misspecified","BRP-GABLE rule-only",TRUE,"MSE",2.02213737990071,33.21,NA,72,72,0,44,28,0,0,0,0.611111111111111,0.388888888888889,1,1.38888888888889
71,"continuous",4,"Smooth nonlinear misspecified","GABLE",TRUE,"MSE",4.47993367066852,0.730000000000018,NA,5,5,0,5,0,0,0,0,1,0,1,1
71,"continuous",4,"Smooth nonlinear misspecified","GBM",TRUE,"MSE",2.31264172753452,0.04,NA,NA,NA,NA,NA,NA,NA,NA,NA,NA,NA,NA,NA
71,"continuous",4,"Smooth nonlinear misspecified","Linear",TRUE,"MSE",6.17090420448239,0,NA,20,0,20,20,0,0,0,0,1,0,1,1
71,"continuous",4,"Smooth nonlinear misspecified","Random forest",TRUE,"MSE",3.19838033811026,0.990000000000009,NA,NA,NA,NA,NA,NA,NA,NA,NA,NA,NA,NA,NA
71,"continuous",4,"Smooth nonlinear misspecified","RuleFit",TRUE,"MSE",4.91045865236531,11.53,NA,37,37,0,16,18,3,0,0,0.432432432432432,0.486486486486487,0.918918918918919,1.64864864864865
72,"continuous",4,"Smooth nonlinear misspecified","BRP-GABLE full",TRUE,"MSE",2.21309204537036,33.6900000000001,NA,75,72,3,46,29,0,0,0,0.613333333333333,0.386666666666667,1,1.38666666666667
72,"continuous",4,"Smooth nonlinear misspecified","BRP-GABLE rule-only",TRUE,"MSE",2.21085304326825,32.79,NA,72,72,0,43,29,0,0,0,0.597222222222222,0.402777777777778,1,1.40277777777778
72,"continuous",4,"Smooth nonlinear misspecified","GABLE",TRUE,"MSE",4.5862806866389,0.560000000000059,NA,5,5,0,4,1,0,0,0,0.8,0.2,1,1.2
72,"continuous",4,"Smooth nonlinear misspecified","GBM",TRUE,"MSE",2.27816032872332,0.0300000000000002,NA,NA,NA,NA,NA,NA,NA,NA,NA,NA,NA,NA,NA
72,"continuous",4,"Smooth nonlinear misspecified","Linear",TRUE,"MSE",5.77808557982788,0,NA,20,0,20,20,0,0,0,0,1,0,1,1
72,"continuous",4,"Smooth nonlinear misspecified","Random forest",TRUE,"MSE",2.81284632089781,0.919999999999959,NA,NA,NA,NA,NA,NA,NA,NA,NA,NA,NA,NA,NA
72,"continuous",4,"Smooth nonlinear misspecified","RuleFit",TRUE,"MSE",2.4334385941328,10.49,NA,26,26,0,12,14,0,0,0,0.461538461538462,0.538461538461538,1,1.53846153846154
73,"continuous",4,"Smooth nonlinear misspecified","BRP-GABLE full",TRUE,"MSE",1.98006501656282,34.4699999999999,NA,84,82,2,68,16,0,0,0,0.80952380952381,0.19047619047619,1,1.19047619047619
73,"continuous",4,"Smooth nonlinear misspecified","BRP-GABLE rule-only",TRUE,"MSE",1.93587439510109,33.9100000000001,NA,85,85,0,72,13,0,0,0,0.847058823529412,0.152941176470588,1,1.15294117647059
73,"continuous",4,"Smooth nonlinear misspecified","GABLE",TRUE,"MSE",4.89632454046169,0.720000000000027,NA,5,5,0,5,0,0,0,0,1,0,1,1
73,"continuous",4,"Smooth nonlinear misspecified","GBM",TRUE,"MSE",2.24514293380555,0.0300000000000002,NA,NA,NA,NA,NA,NA,NA,NA,NA,NA,NA,NA,NA
73,"continuous",4,"Smooth nonlinear misspecified","Linear",TRUE,"MSE",5.90423160275389,0,NA,20,0,20,20,0,0,0,0,1,0,1,1
73,"continuous",4,"Smooth nonlinear misspecified","Random forest",TRUE,"MSE",3.14336348434389,0.940000000000055,NA,NA,NA,NA,NA,NA,NA,NA,NA,NA,NA,NA,NA
73,"continuous",4,"Smooth nonlinear misspecified","RuleFit",TRUE,"MSE",4.60287146409957,10.89,NA,20,20,0,11,9,0,0,0,0.55,0.45,1,1.45
74,"continuous",4,"Smooth nonlinear misspecified","BRP-GABLE full",TRUE,"MSE",2.20001675538826,33.2599999999999,NA,71,68,3,36,35,0,0,0,0.507042253521127,0.492957746478873,1,1.49295774647887
74,"continuous",4,"Smooth nonlinear misspecified","BRP-GABLE rule-only",TRUE,"MSE",2.17634460971189,32.67,NA,79,79,0,47,32,0,0,0,0.594936708860759,0.40506329113924,1,1.40506329113924
74,"continuous",4,"Smooth nonlinear misspecified","GABLE",TRUE,"MSE",4.15863579790672,0.719999999999914,NA,5,5,0,4,1,0,0,0,0.8,0.2,1,1.2
74,"continuous",4,"Smooth nonlinear misspecified","GBM",TRUE,"MSE",2.29942795642766,0.0299999999999998,NA,NA,NA,NA,NA,NA,NA,NA,NA,NA,NA,NA,NA
74,"continuous",4,"Smooth nonlinear misspecified","Linear",TRUE,"MSE",5.84151516841465,0,NA,20,0,20,20,0,0,0,0,1,0,1,1
74,"continuous",4,"Smooth nonlinear misspecified","Random forest",TRUE,"MSE",3.07113438639305,1.06000000000006,NA,NA,NA,NA,NA,NA,NA,NA,NA,NA,NA,NA,NA
74,"continuous",4,"Smooth nonlinear misspecified","RuleFit",TRUE,"MSE",5.05224159505657,10.19,NA,18,18,0,7,8,3,0,0,0.388888888888889,0.444444444444444,0.833333333333333,1.77777777777778
75,"continuous",4,"Smooth nonlinear misspecified","BRP-GABLE full",TRUE,"MSE",2.15402497231595,34.2199999999999,NA,61,61,0,30,31,0,0,0,0.491803278688525,0.508196721311475,1,1.50819672131148
75,"continuous",4,"Smooth nonlinear misspecified","BRP-GABLE rule-only",TRUE,"MSE",2.10223064925346,33.6400000000001,NA,69,69,0,40,29,0,0,0,0.579710144927536,0.420289855072464,1,1.42028985507246
75,"continuous",4,"Smooth nonlinear misspecified","GABLE",TRUE,"MSE",4.52451125962479,1.01999999999998,NA,5,5,0,5,0,0,0,0,1,0,1,1
75,"continuous",4,"Smooth nonlinear misspecified","GBM",TRUE,"MSE",2.52581744600839,0.02,NA,NA,NA,NA,NA,NA,NA,NA,NA,NA,NA,NA,NA
75,"continuous",4,"Smooth nonlinear misspecified","Linear",TRUE,"MSE",5.34890868973393,0,NA,20,0,20,20,0,0,0,0,1,0,1,1
75,"continuous",4,"Smooth nonlinear misspecified","Random forest",TRUE,"MSE",3.11070845506974,1,NA,NA,NA,NA,NA,NA,NA,NA,NA,NA,NA,NA,NA
75,"continuous",4,"Smooth nonlinear misspecified","RuleFit",TRUE,"MSE",3.66643915712623,10,NA,27,27,0,12,14,1,0,0,0.444444444444444,0.518518518518518,0.962962962962963,1.59259259259259
76,"continuous",4,"Smooth nonlinear misspecified","BRP-GABLE full",TRUE,"MSE",2.33603739921263,34.88,NA,60,58,2,29,31,0,0,0,0.483333333333333,0.516666666666667,1,1.51666666666667
76,"continuous",4,"Smooth nonlinear misspecified","BRP-GABLE rule-only",TRUE,"MSE",2.3689873809646,33.6000000000001,NA,61,61,0,30,31,0,0,0,0.491803278688525,0.508196721311475,1,1.50819672131148
76,"continuous",4,"Smooth nonlinear misspecified","GABLE",TRUE,"MSE",4.48436207535787,0.789999999999964,NA,5,5,0,4,1,0,0,0,0.8,0.2,1,1.2
76,"continuous",4,"Smooth nonlinear misspecified","GBM",TRUE,"MSE",2.47900086633463,0.0299999999999998,NA,NA,NA,NA,NA,NA,NA,NA,NA,NA,NA,NA,NA
76,"continuous",4,"Smooth nonlinear misspecified","Linear",TRUE,"MSE",6.13575305886258,0.00999999999999091,NA,20,0,20,20,0,0,0,0,1,0,1,1
76,"continuous",4,"Smooth nonlinear misspecified","Random forest",TRUE,"MSE",3.24275826478096,1,NA,NA,NA,NA,NA,NA,NA,NA,NA,NA,NA,NA,NA
76,"continuous",4,"Smooth nonlinear misspecified","RuleFit",TRUE,"MSE",4.7476167597976,10.14,NA,22,22,0,9,11,2,0,0,0.409090909090909,0.5,0.909090909090909,1.68181818181818
77,"continuous",4,"Smooth nonlinear misspecified","BRP-GABLE full",TRUE,"MSE",2.14361406143216,33.8900000000001,NA,81,75,6,55,26,0,0,0,0.679012345679012,0.320987654320988,1,1.32098765432099
77,"continuous",4,"Smooth nonlinear misspecified","BRP-GABLE rule-only",TRUE,"MSE",2.17924511774428,33.3700000000001,NA,71,71,0,44,27,0,0,0,0.619718309859155,0.380281690140845,1,1.38028169014085
77,"continuous",4,"Smooth nonlinear misspecified","GABLE",TRUE,"MSE",4.20269677508488,0.740000000000009,NA,5,5,0,4,1,0,0,0,0.8,0.2,1,1.2
77,"continuous",4,"Smooth nonlinear misspecified","GBM",TRUE,"MSE",2.34682043495925,0.0499999999999998,NA,NA,NA,NA,NA,NA,NA,NA,NA,NA,NA,NA,NA
77,"continuous",4,"Smooth nonlinear misspecified","Linear",TRUE,"MSE",5.66879892379603,0.0199999999999818,NA,20,0,20,20,0,0,0,0,1,0,1,1
77,"continuous",4,"Smooth nonlinear misspecified","Random forest",TRUE,"MSE",3.03539742762498,0.930000000000064,NA,NA,NA,NA,NA,NA,NA,NA,NA,NA,NA,NA,NA
77,"continuous",4,"Smooth nonlinear misspecified","RuleFit",TRUE,"MSE",3.183993838273,10.83,NA,29,29,0,9,17,3,0,0,0.310344827586207,0.586206896551724,0.896551724137931,1.79310344827586
78,"continuous",4,"Smooth nonlinear misspecified","BRP-GABLE full",TRUE,"MSE",2.06886097693746,34.0899999999999,NA,70,66,4,56,14,0,0,0,0.8,0.2,1,1.2
78,"continuous",4,"Smooth nonlinear misspecified","BRP-GABLE rule-only",TRUE,"MSE",2.2106248460068,33.8199999999999,NA,68,68,0,53,15,0,0,0,0.779411764705882,0.220588235294118,1,1.22058823529412
78,"continuous",4,"Smooth nonlinear misspecified","GABLE",TRUE,"MSE",4.21664847896641,0.779999999999973,NA,5,5,0,5,0,0,0,0,1,0,1,1
78,"continuous",4,"Smooth nonlinear misspecified","GBM",TRUE,"MSE",2.38670640915918,0.04,NA,NA,NA,NA,NA,NA,NA,NA,NA,NA,NA,NA,NA
78,"continuous",4,"Smooth nonlinear misspecified","Linear",TRUE,"MSE",6.38310088793684,0,NA,20,0,20,20,0,0,0,0,1,0,1,1
78,"continuous",4,"Smooth nonlinear misspecified","Random forest",TRUE,"MSE",3.11930715877956,0.970000000000027,NA,NA,NA,NA,NA,NA,NA,NA,NA,NA,NA,NA,NA
78,"continuous",4,"Smooth nonlinear misspecified","RuleFit",TRUE,"MSE",4.1725778765491,10.5,NA,15,15,0,0,12,3,0,0,0,0.8,0.8,2.2
79,"continuous",4,"Smooth nonlinear misspecified","BRP-GABLE full",TRUE,"MSE",2.20962777750351,32.7500000000001,NA,62,61,1,38,24,0,0,0,0.612903225806452,0.387096774193548,1,1.38709677419355
79,"continuous",4,"Smooth nonlinear misspecified","BRP-GABLE rule-only",TRUE,"MSE",2.17515536662878,32,NA,68,68,0,42,26,0,0,0,0.617647058823529,0.382352941176471,1,1.38235294117647
79,"continuous",4,"Smooth nonlinear misspecified","GABLE",TRUE,"MSE",4.31186941947467,0.82000000000005,NA,5,5,0,5,0,0,0,0,1,0,1,1
79,"continuous",4,"Smooth nonlinear misspecified","GBM",TRUE,"MSE",2.34280927997664,0.0300000000000002,NA,NA,NA,NA,NA,NA,NA,NA,NA,NA,NA,NA,NA
79,"continuous",4,"Smooth nonlinear misspecified","Linear",TRUE,"MSE",6.1574839250187,0.0199999999999818,NA,20,0,20,20,0,0,0,0,1,0,1,1
79,"continuous",4,"Smooth nonlinear misspecified","Random forest",TRUE,"MSE",3.01968596253133,1.01999999999998,NA,NA,NA,NA,NA,NA,NA,NA,NA,NA,NA,NA,NA
79,"continuous",4,"Smooth nonlinear misspecified","RuleFit",TRUE,"MSE",4.47903089060506,10.75,NA,16,16,0,3,11,2,0,0,0.1875,0.6875,0.875,1.9375
80,"continuous",4,"Smooth nonlinear misspecified","BRP-GABLE full",TRUE,"MSE",2.26695918908393,33.39,NA,69,67,2,46,23,0,0,0,0.666666666666667,0.333333333333333,1,1.33333333333333
80,"continuous",4,"Smooth nonlinear misspecified","BRP-GABLE rule-only",TRUE,"MSE",2.29089903151302,32.3799999999999,NA,64,64,0,40,24,0,0,0,0.625,0.375,1,1.375
80,"continuous",4,"Smooth nonlinear misspecified","GABLE",TRUE,"MSE",4.26401481494606,0.75,NA,5,5,0,5,0,0,0,0,1,0,1,1
80,"continuous",4,"Smooth nonlinear misspecified","GBM",TRUE,"MSE",2.58399591754828,0.0300000000000002,NA,NA,NA,NA,NA,NA,NA,NA,NA,NA,NA,NA,NA
80,"continuous",4,"Smooth nonlinear misspecified","Linear",TRUE,"MSE",5.48300172922869,0.0299999999999727,NA,20,0,20,20,0,0,0,0,1,0,1,1
80,"continuous",4,"Smooth nonlinear misspecified","Random forest",TRUE,"MSE",3.17358547414727,1,NA,NA,NA,NA,NA,NA,NA,NA,NA,NA,NA,NA,NA
80,"continuous",4,"Smooth nonlinear misspecified","RuleFit",TRUE,"MSE",3.33352273885027,11.2,NA,33,33,0,7,21,5,0,0,0.212121212121212,0.636363636363636,0.848484848484849,1.93939393939394
81,"continuous",4,"Smooth nonlinear misspecified","BRP-GABLE full",TRUE,"MSE",2.0153826300387,34.39,NA,66,65,1,40,26,0,0,0,0.606060606060606,0.393939393939394,1,1.39393939393939
81,"continuous",4,"Smooth nonlinear misspecified","BRP-GABLE rule-only",TRUE,"MSE",1.89586912244546,33.3100000000001,NA,78,78,0,54,24,0,0,0,0.692307692307692,0.307692307692308,1,1.30769230769231
81,"continuous",4,"Smooth nonlinear misspecified","GABLE",TRUE,"MSE",4.0572858542683,0.759999999999991,NA,5,5,0,4,1,0,0,0,0.8,0.2,1,1.2
81,"continuous",4,"Smooth nonlinear misspecified","GBM",TRUE,"MSE",2.18440878549423,0.02,NA,NA,NA,NA,NA,NA,NA,NA,NA,NA,NA,NA,NA
81,"continuous",4,"Smooth nonlinear misspecified","Linear",TRUE,"MSE",6.02998319691148,0,NA,20,0,20,20,0,0,0,0,1,0,1,1
81,"continuous",4,"Smooth nonlinear misspecified","Random forest",TRUE,"MSE",2.79753823732474,0.939999999999941,NA,NA,NA,NA,NA,NA,NA,NA,NA,NA,NA,NA,NA
81,"continuous",4,"Smooth nonlinear misspecified","RuleFit",TRUE,"MSE",3.98433787750502,11.3,NA,25,25,0,8,15,2,0,0,0.32,0.6,0.92,1.76
82,"continuous",4,"Smooth nonlinear misspecified","BRP-GABLE full",TRUE,"MSE",2.22439753438387,33.62,NA,81,75,6,55,26,0,0,0,0.679012345679012,0.320987654320988,1,1.32098765432099
82,"continuous",4,"Smooth nonlinear misspecified","BRP-GABLE rule-only",TRUE,"MSE",2.19839393738946,33.2999999999998,NA,72,72,0,46,26,0,0,0,0.638888888888889,0.361111111111111,1,1.36111111111111
82,"continuous",4,"Smooth nonlinear misspecified","GABLE",TRUE,"MSE",4.14472241030359,0.759999999999991,NA,5,5,0,5,0,0,0,0,1,0,1,1
82,"continuous",4,"Smooth nonlinear misspecified","GBM",TRUE,"MSE",2.41909850265378,0.0299999999999998,NA,NA,NA,NA,NA,NA,NA,NA,NA,NA,NA,NA,NA
82,"continuous",4,"Smooth nonlinear misspecified","Linear",TRUE,"MSE",5.76707872090781,0.0199999999999818,NA,20,0,20,20,0,0,0,0,1,0,1,1
82,"continuous",4,"Smooth nonlinear misspecified","Random forest",TRUE,"MSE",3.16015113753572,0.990000000000009,NA,NA,NA,NA,NA,NA,NA,NA,NA,NA,NA,NA,NA
82,"continuous",4,"Smooth nonlinear misspecified","RuleFit",TRUE,"MSE",4.01157814458163,10.19,NA,21,21,0,6,14,1,0,0,0.285714285714286,0.666666666666667,0.952380952380952,1.76190476190476
83,"continuous",4,"Smooth nonlinear misspecified","BRP-GABLE full",TRUE,"MSE",2.24032728600741,32.36,NA,70,62,8,46,24,0,0,0,0.657142857142857,0.342857142857143,1,1.34285714285714
83,"continuous",4,"Smooth nonlinear misspecified","BRP-GABLE rule-only",TRUE,"MSE",2.51795310037603,31.7800000000001,NA,60,60,0,39,21,0,0,0,0.65,0.35,1,1.35
83,"continuous",4,"Smooth nonlinear misspecified","GABLE",TRUE,"MSE",4.39278985588615,0.740000000000009,NA,5,5,0,4,1,0,0,0,0.8,0.2,1,1.2
83,"continuous",4,"Smooth nonlinear misspecified","GBM",TRUE,"MSE",2.59719290558927,0.0300000000000002,NA,NA,NA,NA,NA,NA,NA,NA,NA,NA,NA,NA,NA
83,"continuous",4,"Smooth nonlinear misspecified","Linear",TRUE,"MSE",5.5834265544317,0,NA,20,0,20,20,0,0,0,0,1,0,1,1
83,"continuous",4,"Smooth nonlinear misspecified","Random forest",TRUE,"MSE",3.2704539780673,0.949999999999932,NA,NA,NA,NA,NA,NA,NA,NA,NA,NA,NA,NA,NA
83,"continuous",4,"Smooth nonlinear misspecified","RuleFit",TRUE,"MSE",4.89868900725656,10.08,NA,12,12,0,6,5,1,0,0,0.5,0.416666666666667,0.916666666666667,1.58333333333333
84,"continuous",4,"Smooth nonlinear misspecified","BRP-GABLE full",TRUE,"MSE",1.9705935468565,34.62,NA,77,76,1,51,26,0,0,0,0.662337662337662,0.337662337662338,1,1.33766233766234
84,"continuous",4,"Smooth nonlinear misspecified","BRP-GABLE rule-only",TRUE,"MSE",1.98654529708287,33.89,NA,84,84,0,58,26,0,0,0,0.69047619047619,0.30952380952381,1,1.30952380952381
84,"continuous",4,"Smooth nonlinear misspecified","GABLE",TRUE,"MSE",4.27369453183639,0.75,NA,5,5,0,5,0,0,0,0,1,0,1,1
84,"continuous",4,"Smooth nonlinear misspecified","GBM",TRUE,"MSE",2.49289363683367,0.0299999999999998,NA,NA,NA,NA,NA,NA,NA,NA,NA,NA,NA,NA,NA
84,"continuous",4,"Smooth nonlinear misspecified","Linear",TRUE,"MSE",6.10508125860319,0.00999999999999091,NA,20,0,20,20,0,0,0,0,1,0,1,1
84,"continuous",4,"Smooth nonlinear misspecified","Random forest",TRUE,"MSE",3.32858422165207,0.960000000000036,NA,NA,NA,NA,NA,NA,NA,NA,NA,NA,NA,NA,NA
84,"continuous",4,"Smooth nonlinear misspecified","RuleFit",TRUE,"MSE",5.70840365597043,10.25,NA,12,12,0,5,7,0,0,0,0.416666666666667,0.583333333333333,1,1.58333333333333
85,"continuous",4,"Smooth nonlinear misspecified","BRP-GABLE full",TRUE,"MSE",2.15186788537538,32.5999999999999,NA,64,61,3,35,29,0,0,0,0.546875,0.453125,1,1.453125
85,"continuous",4,"Smooth nonlinear misspecified","BRP-GABLE rule-only",TRUE,"MSE",2.1648249996616,32.01,NA,60,60,0,31,29,0,0,0,0.516666666666667,0.483333333333333,1,1.48333333333333
85,"continuous",4,"Smooth nonlinear misspecified","GABLE",TRUE,"MSE",4.59427657349597,0.680000000000064,NA,5,5,0,4,1,0,0,0,0.8,0.2,1,1.2
85,"continuous",4,"Smooth nonlinear misspecified","GBM",TRUE,"MSE",2.49585247687166,0.0299999999999998,NA,NA,NA,NA,NA,NA,NA,NA,NA,NA,NA,NA,NA
85,"continuous",4,"Smooth nonlinear misspecified","Linear",TRUE,"MSE",6.57539123822205,0,NA,20,0,20,20,0,0,0,0,1,0,1,1
85,"continuous",4,"Smooth nonlinear misspecified","Random forest",TRUE,"MSE",3.34613435546043,1,NA,NA,NA,NA,NA,NA,NA,NA,NA,NA,NA,NA,NA
85,"continuous",4,"Smooth nonlinear misspecified","RuleFit",TRUE,"MSE",3.95528897172229,10.86,NA,37,37,0,13,21,3,0,0,0.351351351351351,0.567567567567568,0.918918918918919,1.72972972972973
86,"continuous",4,"Smooth nonlinear misspecified","BRP-GABLE full",TRUE,"MSE",2.06989522203774,32.8799999999999,NA,74,70,4,50,24,0,0,0,0.675675675675676,0.324324324324324,1,1.32432432432432
86,"continuous",4,"Smooth nonlinear misspecified","BRP-GABLE rule-only",TRUE,"MSE",2.05071768465403,32.4399999999999,NA,80,80,0,54,26,0,0,0,0.675,0.325,1,1.325
86,"continuous",4,"Smooth nonlinear misspecified","GABLE",TRUE,"MSE",4.65227106472794,0.860000000000014,NA,5,5,0,5,0,0,0,0,1,0,1,1
86,"continuous",4,"Smooth nonlinear misspecified","GBM",TRUE,"MSE",2.590871230592,0.04,NA,NA,NA,NA,NA,NA,NA,NA,NA,NA,NA,NA,NA
86,"continuous",4,"Smooth nonlinear misspecified","Linear",TRUE,"MSE",6.73601703317265,0,NA,20,0,20,20,0,0,0,0,1,0,1,1
86,"continuous",4,"Smooth nonlinear misspecified","Random forest",TRUE,"MSE",3.48922056425845,0.949999999999932,NA,NA,NA,NA,NA,NA,NA,NA,NA,NA,NA,NA,NA
86,"continuous",4,"Smooth nonlinear misspecified","RuleFit",TRUE,"MSE",3.43900493069188,11.34,NA,28,28,0,11,15,2,0,0,0.392857142857143,0.535714285714286,0.928571428571429,1.67857142857143
87,"continuous",4,"Smooth nonlinear misspecified","BRP-GABLE full",TRUE,"MSE",1.97221218420473,34.62,NA,68,66,2,44,24,0,0,0,0.647058823529412,0.352941176470588,1,1.35294117647059
87,"continuous",4,"Smooth nonlinear misspecified","BRP-GABLE rule-only",TRUE,"MSE",1.97728959376622,34.11,NA,70,70,0,46,24,0,0,0,0.657142857142857,0.342857142857143,1,1.34285714285714
87,"continuous",4,"Smooth nonlinear misspecified","GABLE",TRUE,"MSE",4.37226033748398,0.779999999999973,NA,5,5,0,4,1,0,0,0,0.8,0.2,1,1.2
87,"continuous",4,"Smooth nonlinear misspecified","GBM",TRUE,"MSE",2.44065055786022,0.0500000000000003,NA,NA,NA,NA,NA,NA,NA,NA,NA,NA,NA,NA,NA
87,"continuous",4,"Smooth nonlinear misspecified","Linear",TRUE,"MSE",6.46868299317397,0.0199999999999818,NA,20,0,20,20,0,0,0,0,1,0,1,1
87,"continuous",4,"Smooth nonlinear misspecified","Random forest",TRUE,"MSE",3.17564616900491,0.970000000000027,NA,NA,NA,NA,NA,NA,NA,NA,NA,NA,NA,NA,NA
87,"continuous",4,"Smooth nonlinear misspecified","RuleFit",TRUE,"MSE",2.70449048167951,10.54,NA,19,19,0,8,8,3,0,0,0.421052631578947,0.421052631578947,0.842105263157895,1.73684210526316
88,"continuous",4,"Smooth nonlinear misspecified","BRP-GABLE full",TRUE,"MSE",3.02337585227126,34.48,NA,51,50,1,26,25,0,0,0,0.509803921568627,0.490196078431373,1,1.49019607843137
88,"continuous",4,"Smooth nonlinear misspecified","BRP-GABLE rule-only",TRUE,"MSE",3.0174722226644,33.4199999999998,NA,48,48,0,26,22,0,0,0,0.541666666666667,0.458333333333333,1,1.45833333333333
88,"continuous",4,"Smooth nonlinear misspecified","GABLE",TRUE,"MSE",4.63858459057922,0.75,NA,5,5,0,3,2,0,0,0,0.6,0.4,1,1.4
88,"continuous",4,"Smooth nonlinear misspecified","GBM",TRUE,"MSE",2.9693017959377,0.0300000000000002,NA,NA,NA,NA,NA,NA,NA,NA,NA,NA,NA,NA,NA
88,"continuous",4,"Smooth nonlinear misspecified","Linear",TRUE,"MSE",6.19432911414358,0,NA,20,0,20,20,0,0,0,0,1,0,1,1
88,"continuous",4,"Smooth nonlinear misspecified","Random forest",TRUE,"MSE",3.65202498836893,0.979999999999905,NA,NA,NA,NA,NA,NA,NA,NA,NA,NA,NA,NA,NA
88,"continuous",4,"Smooth nonlinear misspecified","RuleFit",TRUE,"MSE",4.13152388533767,10.17,NA,19,19,0,11,8,0,0,0,0.578947368421053,0.421052631578947,1,1.42105263157895
89,"continuous",4,"Smooth nonlinear misspecified","BRP-GABLE full",TRUE,"MSE",2.21465268696316,35.12,NA,73,69,4,53,20,0,0,0,0.726027397260274,0.273972602739726,1,1.27397260273973
89,"continuous",4,"Smooth nonlinear misspecified","BRP-GABLE rule-only",TRUE,"MSE",2.34455309451212,33.8499999999999,NA,73,73,0,55,18,0,0,0,0.753424657534247,0.246575342465753,1,1.24657534246575
89,"continuous",4,"Smooth nonlinear misspecified","GABLE",TRUE,"MSE",4.47513449747862,0.799999999999955,NA,5,5,0,5,0,0,0,0,1,0,1,1
89,"continuous",4,"Smooth nonlinear misspecified","GBM",TRUE,"MSE",2.68128724063755,0.0299999999999998,NA,NA,NA,NA,NA,NA,NA,NA,NA,NA,NA,NA,NA
89,"continuous",4,"Smooth nonlinear misspecified","Linear",TRUE,"MSE",6.92545830169726,0,NA,20,0,20,20,0,0,0,0,1,0,1,1
89,"continuous",4,"Smooth nonlinear misspecified","Random forest",TRUE,"MSE",3.46965467129407,0.970000000000027,NA,NA,NA,NA,NA,NA,NA,NA,NA,NA,NA,NA,NA
89,"continuous",4,"Smooth nonlinear misspecified","RuleFit",TRUE,"MSE",6.15408969182566,9.90999999999997,NA,14,14,0,7,7,0,0,0,0.5,0.5,1,1.5
90,"continuous",4,"Smooth nonlinear misspecified","BRP-GABLE full",TRUE,"MSE",2.22173725458771,32.13,NA,72,70,2,44,28,0,0,0,0.611111111111111,0.388888888888889,1,1.38888888888889
90,"continuous",4,"Smooth nonlinear misspecified","BRP-GABLE rule-only",TRUE,"MSE",2.16976217262718,31.97,NA,76,76,0,47,29,0,0,0,0.618421052631579,0.381578947368421,1,1.38157894736842
90,"continuous",4,"Smooth nonlinear misspecified","GABLE",TRUE,"MSE",5.23262989676728,0.720000000000027,NA,5,5,0,5,0,0,0,0,1,0,1,1
90,"continuous",4,"Smooth nonlinear misspecified","GBM",TRUE,"MSE",2.63115952515915,0.02,NA,NA,NA,NA,NA,NA,NA,NA,NA,NA,NA,NA,NA
90,"continuous",4,"Smooth nonlinear misspecified","Linear",TRUE,"MSE",6.40478961367917,0,NA,20,0,20,20,0,0,0,0,1,0,1,1
90,"continuous",4,"Smooth nonlinear misspecified","Random forest",TRUE,"MSE",3.29070500977984,1.01999999999998,NA,NA,NA,NA,NA,NA,NA,NA,NA,NA,NA,NA,NA
90,"continuous",4,"Smooth nonlinear misspecified","RuleFit",TRUE,"MSE",3.87124382342544,10.7,NA,20,20,0,6,10,4,0,0,0.3,0.5,0.8,1.9
91,"continuous",4,"Smooth nonlinear misspecified","BRP-GABLE full",TRUE,"MSE",2.22451127216958,32.03,NA,56,55,1,26,30,0,0,0,0.464285714285714,0.535714285714286,1,1.53571428571429
91,"continuous",4,"Smooth nonlinear misspecified","BRP-GABLE rule-only",TRUE,"MSE",2.35488658593535,30.9499999999999,NA,51,51,0,21,30,0,0,0,0.411764705882353,0.588235294117647,1,1.58823529411765
91,"continuous",4,"Smooth nonlinear misspecified","GABLE",TRUE,"MSE",4.25645819798783,0.779999999999973,NA,5,5,0,5,0,0,0,0,1,0,1,1
91,"continuous",4,"Smooth nonlinear misspecified","GBM",TRUE,"MSE",2.39794416840991,0.02,NA,NA,NA,NA,NA,NA,NA,NA,NA,NA,NA,NA,NA
91,"continuous",4,"Smooth nonlinear misspecified","Linear",TRUE,"MSE",5.54359274664783,0,NA,20,0,20,20,0,0,0,0,1,0,1,1
91,"continuous",4,"Smooth nonlinear misspecified","Random forest",TRUE,"MSE",3.0258943704571,0.990000000000009,NA,NA,NA,NA,NA,NA,NA,NA,NA,NA,NA,NA,NA
91,"continuous",4,"Smooth nonlinear misspecified","RuleFit",TRUE,"MSE",4.19961486428637,9.57999999999998,NA,16,16,0,9,7,0,0,0,0.5625,0.4375,1,1.4375
92,"continuous",4,"Smooth nonlinear misspecified","BRP-GABLE full",TRUE,"MSE",2.0393902958688,33.0599999999999,NA,73,71,2,49,24,0,0,0,0.671232876712329,0.328767123287671,1,1.32876712328767
92,"continuous",4,"Smooth nonlinear misspecified","BRP-GABLE rule-only",TRUE,"MSE",2.02519872862717,32.97,NA,80,80,0,57,23,0,0,0,0.7125,0.2875,1,1.2875
92,"continuous",4,"Smooth nonlinear misspecified","GABLE",TRUE,"MSE",4.49943332152782,0.75,NA,5,5,0,4,1,0,0,0,0.8,0.2,1,1.2
92,"continuous",4,"Smooth nonlinear misspecified","GBM",TRUE,"MSE",2.36120178834751,0.0300000000000002,NA,NA,NA,NA,NA,NA,NA,NA,NA,NA,NA,NA,NA
92,"continuous",4,"Smooth nonlinear misspecified","Linear",TRUE,"MSE",6.47179290603517,0,NA,20,0,20,20,0,0,0,0,1,0,1,1
92,"continuous",4,"Smooth nonlinear misspecified","Random forest",TRUE,"MSE",3.32490190683546,0.900000000000091,NA,NA,NA,NA,NA,NA,NA,NA,NA,NA,NA,NA,NA
92,"continuous",4,"Smooth nonlinear misspecified","RuleFit",TRUE,"MSE",5.42663887772649,10.39,NA,14,14,0,4,10,0,0,0,0.285714285714286,0.714285714285714,1,1.71428571428571
93,"continuous",4,"Smooth nonlinear misspecified","BRP-GABLE full",TRUE,"MSE",2.1192840602407,32.47,NA,90,82,8,66,24,0,0,0,0.733333333333333,0.266666666666667,1,1.26666666666667
93,"continuous",4,"Smooth nonlinear misspecified","BRP-GABLE rule-only",TRUE,"MSE",2.27724616297971,32.1900000000001,NA,81,81,0,58,23,0,0,0,0.716049382716049,0.283950617283951,1,1.28395061728395
93,"continuous",4,"Smooth nonlinear misspecified","GABLE",TRUE,"MSE",4.74875469507247,0.67999999999995,NA,5,5,0,4,1,0,0,0,0.8,0.2,1,1.2
93,"continuous",4,"Smooth nonlinear misspecified","GBM",TRUE,"MSE",2.4910722122783,0.0299999999999998,NA,NA,NA,NA,NA,NA,NA,NA,NA,NA,NA,NA,NA
93,"continuous",4,"Smooth nonlinear misspecified","Linear",TRUE,"MSE",6.16231056883789,0,NA,20,0,20,20,0,0,0,0,1,0,1,1
93,"continuous",4,"Smooth nonlinear misspecified","Random forest",TRUE,"MSE",3.3032199806243,1.01999999999998,NA,NA,NA,NA,NA,NA,NA,NA,NA,NA,NA,NA,NA
93,"continuous",4,"Smooth nonlinear misspecified","RuleFit",TRUE,"MSE",4.49571518563403,10.98,NA,36,36,0,15,18,3,0,0,0.416666666666667,0.5,0.916666666666667,1.66666666666667
94,"continuous",4,"Smooth nonlinear misspecified","BRP-GABLE full",TRUE,"MSE",1.8121917228319,35.4500000000002,NA,81,78,3,55,26,0,0,0,0.679012345679012,0.320987654320988,1,1.32098765432099
94,"continuous",4,"Smooth nonlinear misspecified","BRP-GABLE rule-only",TRUE,"MSE",1.86673063339041,34.89,NA,82,82,0,55,27,0,0,0,0.670731707317073,0.329268292682927,1,1.32926829268293
94,"continuous",4,"Smooth nonlinear misspecified","GABLE",TRUE,"MSE",3.93177122695935,0.840000000000146,NA,5,5,0,5,0,0,0,0,1,0,1,1
94,"continuous",4,"Smooth nonlinear misspecified","GBM",TRUE,"MSE",2.22787410606454,0.0300000000000002,NA,NA,NA,NA,NA,NA,NA,NA,NA,NA,NA,NA,NA
94,"continuous",4,"Smooth nonlinear misspecified","Linear",TRUE,"MSE",6.00475823437002,0,NA,20,0,20,20,0,0,0,0,1,0,1,1
94,"continuous",4,"Smooth nonlinear misspecified","Random forest",TRUE,"MSE",2.9632335422122,1,NA,NA,NA,NA,NA,NA,NA,NA,NA,NA,NA,NA,NA
94,"continuous",4,"Smooth nonlinear misspecified","RuleFit",TRUE,"MSE",2.8721709267052,10.84,NA,29,29,0,8,18,3,0,0,0.275862068965517,0.620689655172414,0.896551724137931,1.82758620689655
95,"continuous",4,"Smooth nonlinear misspecified","BRP-GABLE full",TRUE,"MSE",1.9693263908786,33.2199999999998,NA,74,70,4,53,21,0,0,0,0.716216216216216,0.283783783783784,1,1.28378378378378
95,"continuous",4,"Smooth nonlinear misspecified","BRP-GABLE rule-only",TRUE,"MSE",1.98447222819908,33.49,NA,70,70,0,49,21,0,0,0,0.7,0.3,1,1.3
95,"continuous",4,"Smooth nonlinear misspecified","GABLE",TRUE,"MSE",4.77818643967526,0.830000000000155,NA,5,5,0,4,1,0,0,0,0.8,0.2,1,1.2
95,"continuous",4,"Smooth nonlinear misspecified","GBM",TRUE,"MSE",2.59528849572284,0.0299999999999998,NA,NA,NA,NA,NA,NA,NA,NA,NA,NA,NA,NA,NA
95,"continuous",4,"Smooth nonlinear misspecified","Linear",TRUE,"MSE",6.08030283399919,0,NA,20,0,20,20,0,0,0,0,1,0,1,1
95,"continuous",4,"Smooth nonlinear misspecified","Random forest",TRUE,"MSE",3.22552286943241,1.01999999999998,NA,NA,NA,NA,NA,NA,NA,NA,NA,NA,NA,NA,NA
95,"continuous",4,"Smooth nonlinear misspecified","RuleFit",TRUE,"MSE",5.27685306813437,10.75,NA,9,9,0,0,9,0,0,0,0,1,1,2
96,"continuous",4,"Smooth nonlinear misspecified","BRP-GABLE full",TRUE,"MSE",2.0069977411675,32.3700000000001,NA,76,74,2,50,26,0,0,0,0.657894736842105,0.342105263157895,1,1.34210526315789
96,"continuous",4,"Smooth nonlinear misspecified","BRP-GABLE rule-only",TRUE,"MSE",2.04826053314768,32.6600000000001,NA,77,77,0,51,26,0,0,0,0.662337662337662,0.337662337662338,1,1.33766233766234
96,"continuous",4,"Smooth nonlinear misspecified","GABLE",TRUE,"MSE",4.76619957354511,0.75,NA,5,5,0,3,2,0,0,0,0.6,0.4,1,1.4
96,"continuous",4,"Smooth nonlinear misspecified","GBM",TRUE,"MSE",2.41005881657947,0.0100000000000002,NA,NA,NA,NA,NA,NA,NA,NA,NA,NA,NA,NA,NA
96,"continuous",4,"Smooth nonlinear misspecified","Linear",TRUE,"MSE",6.11474884068364,0,NA,20,0,20,20,0,0,0,0,1,0,1,1
96,"continuous",4,"Smooth nonlinear misspecified","Random forest",TRUE,"MSE",3.25335649518758,1.02999999999997,NA,NA,NA,NA,NA,NA,NA,NA,NA,NA,NA,NA,NA
96,"continuous",4,"Smooth nonlinear misspecified","RuleFit",TRUE,"MSE",4.54421246570938,10.82,NA,18,18,0,8,10,0,0,0,0.444444444444444,0.555555555555556,1,1.55555555555556
97,"continuous",4,"Smooth nonlinear misspecified","BRP-GABLE full",TRUE,"MSE",2.08554321001041,33.71,NA,86,82,4,66,20,0,0,0,0.767441860465116,0.232558139534884,1,1.23255813953488
97,"continuous",4,"Smooth nonlinear misspecified","BRP-GABLE rule-only",TRUE,"MSE",2.0938617918339,33.2200000000003,NA,87,87,0,67,20,0,0,0,0.770114942528736,0.229885057471264,1,1.22988505747126
97,"continuous",4,"Smooth nonlinear misspecified","GABLE",TRUE,"MSE",4.34014318898076,0.710000000000036,NA,5,5,0,3,2,0,0,0,0.6,0.4,1,1.4
97,"continuous",4,"Smooth nonlinear misspecified","GBM",TRUE,"MSE",2.40289366400432,0.0299999999999998,NA,NA,NA,NA,NA,NA,NA,NA,NA,NA,NA,NA,NA
97,"continuous",4,"Smooth nonlinear misspecified","Linear",TRUE,"MSE",6.24621675838347,0.00999999999999091,NA,20,0,20,20,0,0,0,0,1,0,1,1
97,"continuous",4,"Smooth nonlinear misspecified","Random forest",TRUE,"MSE",3.18691945973751,0.940000000000055,NA,NA,NA,NA,NA,NA,NA,NA,NA,NA,NA,NA,NA
97,"continuous",4,"Smooth nonlinear misspecified","RuleFit",TRUE,"MSE",3.74942123162151,10.9,NA,29,29,0,12,14,3,0,0,0.413793103448276,0.482758620689655,0.896551724137931,1.68965517241379
98,"continuous",4,"Smooth nonlinear misspecified","BRP-GABLE full",TRUE,"MSE",2.02297879896617,33.52,NA,79,73,6,57,22,0,0,0,0.721518987341772,0.278481012658228,1,1.27848101265823
98,"continuous",4,"Smooth nonlinear misspecified","BRP-GABLE rule-only",TRUE,"MSE",2.02946197249149,32.5799999999999,NA,76,76,0,54,22,0,0,0,0.710526315789474,0.289473684210526,1,1.28947368421053
98,"continuous",4,"Smooth nonlinear misspecified","GABLE",TRUE,"MSE",4.71636168141942,0.850000000000136,NA,5,5,0,5,0,0,0,0,1,0,1,1
98,"continuous",4,"Smooth nonlinear misspecified","GBM",TRUE,"MSE",2.48684945658218,0.02,NA,NA,NA,NA,NA,NA,NA,NA,NA,NA,NA,NA,NA
98,"continuous",4,"Smooth nonlinear misspecified","Linear",TRUE,"MSE",6.351056243218,0,NA,20,0,20,20,0,0,0,0,1,0,1,1
98,"continuous",4,"Smooth nonlinear misspecified","Random forest",TRUE,"MSE",3.09769857352388,0.970000000000027,NA,NA,NA,NA,NA,NA,NA,NA,NA,NA,NA,NA,NA
98,"continuous",4,"Smooth nonlinear misspecified","RuleFit",TRUE,"MSE",3.31973577262362,10.2,NA,29,29,0,9,17,3,0,0,0.310344827586207,0.586206896551724,0.896551724137931,1.79310344827586
99,"continuous",4,"Smooth nonlinear misspecified","BRP-GABLE full",TRUE,"MSE",2.34410309261666,31.1200000000001,NA,67,66,1,39,28,0,0,0,0.582089552238806,0.417910447761194,1,1.41791044776119
99,"continuous",4,"Smooth nonlinear misspecified","BRP-GABLE rule-only",TRUE,"MSE",2.31734931248592,31.01,NA,63,63,0,35,28,0,0,0,0.555555555555556,0.444444444444444,1,1.44444444444444
99,"continuous",4,"Smooth nonlinear misspecified","GABLE",TRUE,"MSE",4.66680865797074,0.700000000000045,NA,5,5,0,4,1,0,0,0,0.8,0.2,1,1.2
99,"continuous",4,"Smooth nonlinear misspecified","GBM",TRUE,"MSE",2.68585147782754,0.02,NA,NA,NA,NA,NA,NA,NA,NA,NA,NA,NA,NA,NA
99,"continuous",4,"Smooth nonlinear misspecified","Linear",TRUE,"MSE",6.11305483172118,0.0199999999999818,NA,20,0,20,20,0,0,0,0,1,0,1,1
99,"continuous",4,"Smooth nonlinear misspecified","Random forest",TRUE,"MSE",3.52439831416291,0.9699999999998,NA,NA,NA,NA,NA,NA,NA,NA,NA,NA,NA,NA,NA
99,"continuous",4,"Smooth nonlinear misspecified","RuleFit",TRUE,"MSE",3.64290004045698,10.86,NA,25,25,0,3,18,4,0,0,0.12,0.72,0.84,2.04
100,"continuous",4,"Smooth nonlinear misspecified","BRP-GABLE full",TRUE,"MSE",2.06536219998924,31.2299999999998,NA,79,77,2,56,23,0,0,0,0.708860759493671,0.291139240506329,1,1.29113924050633
100,"continuous",4,"Smooth nonlinear misspecified","BRP-GABLE rule-only",TRUE,"MSE",2.04760719865229,31.1499999999999,NA,78,78,0,55,23,0,0,0,0.705128205128205,0.294871794871795,1,1.29487179487179
100,"continuous",4,"Smooth nonlinear misspecified","GABLE",TRUE,"MSE",5.12511546148028,0.670000000000073,NA,5,5,0,4,1,0,0,0,0.8,0.2,1,1.2
100,"continuous",4,"Smooth nonlinear misspecified","GBM",TRUE,"MSE",2.46949137145895,0.04,NA,NA,NA,NA,NA,NA,NA,NA,NA,NA,NA,NA,NA
100,"continuous",4,"Smooth nonlinear misspecified","Linear",TRUE,"MSE",6.07511083633202,0,NA,20,0,20,20,0,0,0,0,1,0,1,1
100,"continuous",4,"Smooth nonlinear misspecified","Random forest",TRUE,"MSE",3.23517939664722,0.920000000000073,NA,NA,NA,NA,NA,NA,NA,NA,NA,NA,NA,NA,NA
100,"continuous",4,"Smooth nonlinear misspecified","RuleFit",TRUE,"MSE",4.44671236273101,9.21999999999997,NA,21,21,0,6,14,1,0,0,0.285714285714286,0.666666666666667,0.952380952380952,1.76190476190476
