"Sim","Outcome","Scenario","Scenario_name","method","fit_ok","metric_name","metric_value","elapsed_time","error_message","n_rules_total","n_rule_terms_selected","n_linear_selected","n_rules_deg1","n_rules_deg2","n_rules_deg3","n_rules_deg4","n_rules_deg5plus","prop_deg1","prop_deg2","prop_deg_le2","avg_rule_degree"
1,"survival",1,"Purely rule-based","BRP-GABLE full",TRUE,"C-index",0.856319761135539,347.74,NA,34,32,2,18,16,0,0,0,0.529411764705882,0.470588235294118,1,1.47058823529412
1,"survival",1,"Purely rule-based","BRP-GABLE rule-only",TRUE,"C-index",0.857521081421524,344.86,NA,33,33,0,16,17,0,0,0,0.484848484848485,0.515151515151515,1,1.51515151515152
1,"survival",1,"Purely rule-based","GABLE",TRUE,"C-index",0.807771259286906,8.37,NA,5,5,0,5,0,0,0,0,1,0,1,1
1,"survival",1,"Purely rule-based","GBM",TRUE,"C-index",0.842160510386172,0.04,NA,NA,NA,NA,NA,NA,NA,NA,NA,NA,NA,NA,NA
1,"survival",1,"Purely rule-based","Linear",TRUE,"C-index",0.753251145919593,0,NA,20,0,20,20,0,0,0,0,1,0,1,1
1,"survival",1,"Purely rule-based","Random forest",TRUE,"C-index",0.836643767713643,0.53000000000003,NA,NA,NA,NA,NA,NA,NA,NA,NA,NA,NA,NA,NA
1,"survival",1,"Purely rule-based","RuleFit",TRUE,"C-index",0.857900138793315,45.09,NA,35,35,0,0,34,1,0,0,0,0.971428571428571,0.971428571428571,2.02857142857143
2,"survival",1,"Purely rule-based","BRP-GABLE full",TRUE,"C-index",0.881978003156388,365.16,NA,37,31,6,32,5,0,0,0,0.864864864864865,0.135135135135135,1,1.13513513513514
2,"survival",1,"Purely rule-based","BRP-GABLE rule-only",TRUE,"C-index",0.883635718567636,360.96,NA,34,34,0,28,6,0,0,0,0.823529411764706,0.176470588235294,1,1.17647058823529
2,"survival",1,"Purely rule-based","GABLE",TRUE,"C-index",0.852255349343643,8.26999999999998,NA,5,5,0,5,0,0,0,0,1,0,1,1
2,"survival",1,"Purely rule-based","GBM",TRUE,"C-index",0.868441013469702,0.04,NA,NA,NA,NA,NA,NA,NA,NA,NA,NA,NA,NA,NA
2,"survival",1,"Purely rule-based","Linear",TRUE,"C-index",0.759710786772532,0.0199999999999818,NA,20,0,20,20,0,0,0,0,1,0,1,1
2,"survival",1,"Purely rule-based","Random forest",TRUE,"C-index",0.84750241622726,0.480000000000018,NA,NA,NA,NA,NA,NA,NA,NA,NA,NA,NA,NA,NA
2,"survival",1,"Purely rule-based","RuleFit",TRUE,"C-index",0.876796877867358,47.8,NA,59,59,0,0,51,8,0,0,0,0.864406779661017,0.864406779661017,2.13559322033898
3,"survival",1,"Purely rule-based","BRP-GABLE full",TRUE,"C-index",0.85540719726171,359.78,NA,30,27,3,18,12,0,0,0,0.6,0.4,1,1.4
3,"survival",1,"Purely rule-based","BRP-GABLE rule-only",TRUE,"C-index",0.855016600367983,354.54,NA,28,28,0,16,12,0,0,0,0.571428571428571,0.428571428571429,1,1.42857142857143
3,"survival",1,"Purely rule-based","GABLE",TRUE,"C-index",0.814158109511034,8.27999999999997,NA,5,5,0,5,0,0,0,0,1,0,1,1
3,"survival",1,"Purely rule-based","GBM",TRUE,"C-index",0.840811208075077,0.0600000000000001,NA,NA,NA,NA,NA,NA,NA,NA,NA,NA,NA,NA,NA
3,"survival",1,"Purely rule-based","Linear",TRUE,"C-index",0.766001624060769,0.0400000000000205,NA,20,0,20,20,0,0,0,0,1,0,1,1
3,"survival",1,"Purely rule-based","Random forest",TRUE,"C-index",0.836483805647209,0.689999999999998,NA,NA,NA,NA,NA,NA,NA,NA,NA,NA,NA,NA,NA
3,"survival",1,"Purely rule-based","RuleFit",TRUE,"C-index",0.861708141889461,50.03,NA,44,44,0,0,41,3,0,0,0,0.931818181818182,0.931818181818182,2.06818181818182
4,"survival",1,"Purely rule-based","BRP-GABLE full",TRUE,"C-index",0.864583214240799,358.57,NA,31,31,0,22,9,0,0,0,0.709677419354839,0.290322580645161,1,1.29032258064516
4,"survival",1,"Purely rule-based","BRP-GABLE rule-only",TRUE,"C-index",0.865760801216459,354.53,NA,30,30,0,22,8,0,0,0,0.733333333333333,0.266666666666667,1,1.26666666666667
4,"survival",1,"Purely rule-based","GABLE",TRUE,"C-index",0.817794139504042,7.74000000000001,NA,5,5,0,4,1,0,0,0,0.8,0.2,1,1.2
4,"survival",1,"Purely rule-based","GBM",TRUE,"C-index",0.850966650279534,0.0600000000000001,NA,NA,NA,NA,NA,NA,NA,NA,NA,NA,NA,NA,NA
4,"survival",1,"Purely rule-based","Linear",TRUE,"C-index",0.759303508751872,0.00999999999999091,NA,20,0,20,20,0,0,0,0,1,0,1,1
4,"survival",1,"Purely rule-based","Random forest",TRUE,"C-index",0.836738427063921,0.480000000000018,NA,NA,NA,NA,NA,NA,NA,NA,NA,NA,NA,NA,NA
4,"survival",1,"Purely rule-based","RuleFit",TRUE,"C-index",0.858415173722661,48.16,NA,45,45,0,0,40,5,0,0,0,0.888888888888889,0.888888888888889,2.11111111111111
5,"survival",1,"Purely rule-based","BRP-GABLE full",TRUE,"C-index",0.861717051273059,358.36,NA,33,32,1,23,10,0,0,0,0.696969696969697,0.303030303030303,1,1.3030303030303
5,"survival",1,"Purely rule-based","BRP-GABLE rule-only",TRUE,"C-index",0.86261134881111,355.59,NA,28,28,0,18,10,0,0,0,0.642857142857143,0.357142857142857,1,1.35714285714286
5,"survival",1,"Purely rule-based","GABLE",TRUE,"C-index",0.823981202216455,8.44999999999999,NA,5,5,0,5,0,0,0,0,1,0,1,1
5,"survival",1,"Purely rule-based","GBM",TRUE,"C-index",0.857000070140983,0.05,NA,NA,NA,NA,NA,NA,NA,NA,NA,NA,NA,NA,NA
5,"survival",1,"Purely rule-based","Linear",TRUE,"C-index",0.764910804049473,0,NA,20,0,20,20,0,0,0,0,1,0,1,1
5,"survival",1,"Purely rule-based","Random forest",TRUE,"C-index",0.846589979191508,0.560000000000002,NA,NA,NA,NA,NA,NA,NA,NA,NA,NA,NA,NA,NA
5,"survival",1,"Purely rule-based","RuleFit",TRUE,"C-index",0.86162352996189,41.17,NA,48,48,0,0,39,9,0,0,0,0.8125,0.8125,2.1875
6,"survival",1,"Purely rule-based","BRP-GABLE full",TRUE,"C-index",0.873366958822557,346.26,NA,32,31,1,24,8,0,0,0,0.75,0.25,1,1.25
6,"survival",1,"Purely rule-based","BRP-GABLE rule-only",TRUE,"C-index",0.873319709891564,342.48,NA,31,31,0,23,8,0,0,0,0.741935483870968,0.258064516129032,1,1.25806451612903
6,"survival",1,"Purely rule-based","GABLE",TRUE,"C-index",0.825698693567058,7.43000000000006,NA,5,5,0,5,0,0,0,0,1,0,1,1
6,"survival",1,"Purely rule-based","GBM",TRUE,"C-index",0.860397127264996,0.05,NA,NA,NA,NA,NA,NA,NA,NA,NA,NA,NA,NA,NA
6,"survival",1,"Purely rule-based","Linear",TRUE,"C-index",0.77685511115311,0.0299999999999727,NA,20,0,20,20,0,0,0,0,1,0,1,1
6,"survival",1,"Purely rule-based","Random forest",TRUE,"C-index",0.847279642798082,0.220000000000027,NA,NA,NA,NA,NA,NA,NA,NA,NA,NA,NA,NA,NA
6,"survival",1,"Purely rule-based","RuleFit",TRUE,"C-index",0.865541354626852,50.93,NA,52,52,0,0,40,12,0,0,0,0.769230769230769,0.769230769230769,2.23076923076923
7,"survival",1,"Purely rule-based","BRP-GABLE full",TRUE,"C-index",0.870781678352216,326.98,NA,35,35,0,23,12,0,0,0,0.657142857142857,0.342857142857143,1,1.34285714285714
7,"survival",1,"Purely rule-based","BRP-GABLE rule-only",TRUE,"C-index",0.870781678352216,324.79,NA,35,35,0,23,12,0,0,0,0.657142857142857,0.342857142857143,1,1.34285714285714
7,"survival",1,"Purely rule-based","GABLE",TRUE,"C-index",0.834894102234407,6.24000000000001,NA,5,5,0,4,1,0,0,0,0.8,0.2,1,1.2
7,"survival",1,"Purely rule-based","GBM",TRUE,"C-index",0.851906887600378,0.0499999999999998,NA,NA,NA,NA,NA,NA,NA,NA,NA,NA,NA,NA,NA
7,"survival",1,"Purely rule-based","Linear",TRUE,"C-index",0.776899002887018,0.0299999999999727,NA,20,0,20,20,0,0,0,0,1,0,1,1
7,"survival",1,"Purely rule-based","Random forest",TRUE,"C-index",0.832965380043184,0.199999999999932,NA,NA,NA,NA,NA,NA,NA,NA,NA,NA,NA,NA,NA
7,"survival",1,"Purely rule-based","RuleFit",TRUE,"C-index",0.862223731774182,47.37,NA,39,39,0,1,26,12,0,0,0.0256410256410256,0.666666666666667,0.692307692307692,2.28205128205128
8,"survival",1,"Purely rule-based","BRP-GABLE full",TRUE,"C-index",0.877430272486968,335.42,NA,34,32,2,22,12,0,0,0,0.647058823529412,0.352941176470588,1,1.35294117647059
8,"survival",1,"Purely rule-based","BRP-GABLE rule-only",TRUE,"C-index",0.878789001704588,332.08,NA,34,34,0,23,11,0,0,0,0.676470588235294,0.323529411764706,1,1.32352941176471
8,"survival",1,"Purely rule-based","GABLE",TRUE,"C-index",0.817917932755256,8.36000000000001,NA,5,5,0,5,0,0,0,0,1,0,1,1
8,"survival",1,"Purely rule-based","GBM",TRUE,"C-index",0.858828034289385,0.05,NA,NA,NA,NA,NA,NA,NA,NA,NA,NA,NA,NA,NA
8,"survival",1,"Purely rule-based","Linear",TRUE,"C-index",0.781899256404555,0.0299999999999727,NA,20,0,20,20,0,0,0,0,1,0,1,1
8,"survival",1,"Purely rule-based","Random forest",TRUE,"C-index",0.85802514884261,0.209999999999923,NA,NA,NA,NA,NA,NA,NA,NA,NA,NA,NA,NA,NA
8,"survival",1,"Purely rule-based","RuleFit",TRUE,"C-index",0.877918179796932,38.45,NA,53,53,0,1,38,14,0,0,0.0188679245283019,0.716981132075472,0.735849056603774,2.24528301886792
9,"survival",1,"Purely rule-based","BRP-GABLE full",TRUE,"C-index",0.866723250025807,333.89,NA,28,28,0,16,12,0,0,0,0.571428571428571,0.428571428571429,1,1.42857142857143
9,"survival",1,"Purely rule-based","BRP-GABLE rule-only",TRUE,"C-index",0.866723250025807,331.27,NA,28,28,0,16,12,0,0,0,0.571428571428571,0.428571428571429,1,1.42857142857143
9,"survival",1,"Purely rule-based","GABLE",TRUE,"C-index",0.839832773234542,7.97000000000003,NA,5,5,0,5,0,0,0,0,1,0,1,1
9,"survival",1,"Purely rule-based","GBM",TRUE,"C-index",0.871660912750754,0.05,NA,NA,NA,NA,NA,NA,NA,NA,NA,NA,NA,NA,NA
9,"survival",1,"Purely rule-based","Linear",TRUE,"C-index",0.795130007914024,0.0300000000000864,NA,20,0,20,20,0,0,0,0,1,0,1,1
9,"survival",1,"Purely rule-based","Random forest",TRUE,"C-index",0.856090930987418,0.209999999999923,NA,NA,NA,NA,NA,NA,NA,NA,NA,NA,NA,NA,NA
9,"survival",1,"Purely rule-based","RuleFit",TRUE,"C-index",0.870146925573767,36.11,NA,38,38,0,2,32,4,0,0,0.0526315789473684,0.842105263157895,0.894736842105263,2.05263157894737
10,"survival",1,"Purely rule-based","BRP-GABLE full",TRUE,"C-index",0.834764447857401,352.68,NA,24,24,0,14,10,0,0,0,0.583333333333333,0.416666666666667,1,1.41666666666667
10,"survival",1,"Purely rule-based","BRP-GABLE rule-only",TRUE,"C-index",0.83714382119213,347.75,NA,26,26,0,16,10,0,0,0,0.615384615384615,0.384615384615385,1,1.38461538461538
10,"survival",1,"Purely rule-based","GABLE",TRUE,"C-index",0.796991168976229,7.63,NA,5,5,0,5,0,0,0,0,1,0,1,1
10,"survival",1,"Purely rule-based","GBM",TRUE,"C-index",0.82425797293681,0.0499999999999998,NA,NA,NA,NA,NA,NA,NA,NA,NA,NA,NA,NA,NA
10,"survival",1,"Purely rule-based","Linear",TRUE,"C-index",0.743016044771778,0.0500000000000682,NA,20,0,20,20,0,0,0,0,1,0,1,1
10,"survival",1,"Purely rule-based","Random forest",TRUE,"C-index",0.818422981604943,0.199999999999932,NA,NA,NA,NA,NA,NA,NA,NA,NA,NA,NA,NA,NA
10,"survival",1,"Purely rule-based","RuleFit",TRUE,"C-index",0.842292342955542,32.51,NA,42,42,0,2,36,4,0,0,0.0476190476190476,0.857142857142857,0.904761904761905,2.04761904761905
11,"survival",1,"Purely rule-based","BRP-GABLE full",TRUE,"C-index",0.873595345062131,342.82,NA,29,28,1,19,10,0,0,0,0.655172413793103,0.344827586206897,1,1.3448275862069
11,"survival",1,"Purely rule-based","BRP-GABLE rule-only",TRUE,"C-index",0.87349817666358,341.04,NA,28,28,0,18,10,0,0,0,0.642857142857143,0.357142857142857,1,1.35714285714286
11,"survival",1,"Purely rule-based","GABLE",TRUE,"C-index",0.839243458280462,8,NA,5,5,0,5,0,0,0,0,1,0,1,1
11,"survival",1,"Purely rule-based","GBM",TRUE,"C-index",0.86336980006173,0.04,NA,NA,NA,NA,NA,NA,NA,NA,NA,NA,NA,NA,NA
11,"survival",1,"Purely rule-based","Linear",TRUE,"C-index",0.785314997084948,0.00999999999999091,NA,20,0,20,20,0,0,0,0,1,0,1,1
11,"survival",1,"Purely rule-based","Random forest",TRUE,"C-index",0.850383529384867,0.2199999999998,NA,NA,NA,NA,NA,NA,NA,NA,NA,NA,NA,NA,NA
11,"survival",1,"Purely rule-based","RuleFit",TRUE,"C-index",0.870097282714313,36.56,NA,31,31,0,0,22,9,0,0,0,0.709677419354839,0.709677419354839,2.29032258064516
12,"survival",1,"Purely rule-based","BRP-GABLE full",TRUE,"C-index",0.842679490463659,348.61,NA,30,30,0,23,7,0,0,0,0.766666666666667,0.233333333333333,1,1.23333333333333
12,"survival",1,"Purely rule-based","BRP-GABLE rule-only",TRUE,"C-index",0.842924012016488,344.55,NA,30,30,0,23,7,0,0,0,0.766666666666667,0.233333333333333,1,1.23333333333333
12,"survival",1,"Purely rule-based","GABLE",TRUE,"C-index",0.782498078759228,8.08999999999992,NA,5,5,0,5,0,0,0,0,1,0,1,1
12,"survival",1,"Purely rule-based","GBM",TRUE,"C-index",0.831064716704315,0.03,NA,NA,NA,NA,NA,NA,NA,NA,NA,NA,NA,NA,NA
12,"survival",1,"Purely rule-based","Linear",TRUE,"C-index",0.760252439393587,0.0199999999999818,NA,20,0,20,20,0,0,0,0,1,0,1,1
12,"survival",1,"Purely rule-based","Random forest",TRUE,"C-index",0.806932768216856,0.25,NA,NA,NA,NA,NA,NA,NA,NA,NA,NA,NA,NA,NA
12,"survival",1,"Purely rule-based","RuleFit",TRUE,"C-index",0.836217135138912,37.36,NA,49,49,0,1,37,11,0,0,0.0204081632653061,0.755102040816326,0.775510204081633,2.20408163265306
13,"survival",1,"Purely rule-based","BRP-GABLE full",TRUE,"C-index",0.859182978723404,355.07,NA,24,24,0,9,15,0,0,0,0.375,0.625,1,1.625
13,"survival",1,"Purely rule-based","BRP-GABLE rule-only",TRUE,"C-index",0.859182978723404,348.55,NA,24,24,0,9,15,0,0,0,0.375,0.625,1,1.625
13,"survival",1,"Purely rule-based","GABLE",TRUE,"C-index",0.821895035460993,7.95000000000005,NA,5,5,0,5,0,0,0,0,1,0,1,1
13,"survival",1,"Purely rule-based","GBM",TRUE,"C-index",0.854468085106383,0.05,NA,NA,NA,NA,NA,NA,NA,NA,NA,NA,NA,NA,NA
13,"survival",1,"Purely rule-based","Linear",TRUE,"C-index",0.764879432624114,0.0199999999999818,NA,20,0,20,20,0,0,0,0,1,0,1,1
13,"survival",1,"Purely rule-based","Random forest",TRUE,"C-index",0.838048226950355,0.220000000000027,NA,NA,NA,NA,NA,NA,NA,NA,NA,NA,NA,NA,NA
13,"survival",1,"Purely rule-based","RuleFit",TRUE,"C-index",0.860283687943262,34.53,NA,41,41,0,1,34,6,0,0,0.024390243902439,0.829268292682927,0.853658536585366,2.1219512195122
14,"survival",1,"Purely rule-based","BRP-GABLE full",TRUE,"C-index",0.854887550610731,454.53,NA,35,33,2,25,10,0,0,0,0.714285714285714,0.285714285714286,1,1.28571428571429
14,"survival",1,"Purely rule-based","BRP-GABLE rule-only",TRUE,"C-index",0.855828881857258,444.96,NA,34,34,0,23,11,0,0,0,0.676470588235294,0.323529411764706,1,1.32352941176471
14,"survival",1,"Purely rule-based","GABLE",TRUE,"C-index",0.819740736960294,7.15000000000009,NA,5,5,0,4,1,0,0,0,0.8,0.2,1,1.2
14,"survival",1,"Purely rule-based","GBM",TRUE,"C-index",0.851445453823733,0.0600000000000001,NA,NA,NA,NA,NA,NA,NA,NA,NA,NA,NA,NA,NA
14,"survival",1,"Purely rule-based","Linear",TRUE,"C-index",0.773400020414413,0.00999999999999091,NA,20,0,20,20,0,0,0,0,1,0,1,1
14,"survival",1,"Purely rule-based","Random forest",TRUE,"C-index",0.843217311421864,0.200000000000045,NA,NA,NA,NA,NA,NA,NA,NA,NA,NA,NA,NA,NA
14,"survival",1,"Purely rule-based","RuleFit",TRUE,"C-index",0.859673596225602,46.88,NA,47,47,0,0,39,8,0,0,0,0.829787234042553,0.829787234042553,2.17021276595745
15,"survival",1,"Purely rule-based","BRP-GABLE full",TRUE,"C-index",0.86204830825266,355.14,NA,33,31,2,27,6,0,0,0,0.818181818181818,0.181818181818182,1,1.18181818181818
15,"survival",1,"Purely rule-based","BRP-GABLE rule-only",TRUE,"C-index",0.860604572031055,352.33,NA,31,31,0,25,6,0,0,0,0.806451612903226,0.193548387096774,1,1.19354838709677
15,"survival",1,"Purely rule-based","GABLE",TRUE,"C-index",0.810654893127576,8.25999999999999,NA,5,5,0,5,0,0,0,0,1,0,1,1
15,"survival",1,"Purely rule-based","GBM",TRUE,"C-index",0.836240774465638,0.0600000000000001,NA,NA,NA,NA,NA,NA,NA,NA,NA,NA,NA,NA,NA
15,"survival",1,"Purely rule-based","Linear",TRUE,"C-index",0.748274705262149,0.0199999999999818,NA,20,0,20,20,0,0,0,0,1,0,1,1
15,"survival",1,"Purely rule-based","Random forest",TRUE,"C-index",0.817094795360874,0.240000000000009,NA,NA,NA,NA,NA,NA,NA,NA,NA,NA,NA,NA,NA
15,"survival",1,"Purely rule-based","RuleFit",TRUE,"C-index",0.84771877695773,46.66,NA,51,51,0,1,35,15,0,0,0.0196078431372549,0.686274509803922,0.705882352941177,2.27450980392157
16,"survival",1,"Purely rule-based","BRP-GABLE full",TRUE,"C-index",0.853387277986279,438.85,NA,39,39,0,26,13,0,0,0,0.666666666666667,0.333333333333333,1,1.33333333333333
16,"survival",1,"Purely rule-based","BRP-GABLE rule-only",TRUE,"C-index",0.853638276002199,419.67,NA,44,44,0,31,13,0,0,0,0.704545454545455,0.295454545454545,1,1.29545454545455
16,"survival",1,"Purely rule-based","GABLE",TRUE,"C-index",0.811584156049052,7.83000000000015,NA,5,5,0,5,0,0,0,0,1,0,1,1
16,"survival",1,"Purely rule-based","GBM",TRUE,"C-index",0.842313484569598,0.0600000000000001,NA,NA,NA,NA,NA,NA,NA,NA,NA,NA,NA,NA,NA
16,"survival",1,"Purely rule-based","Linear",TRUE,"C-index",0.782755241077618,0.00999999999999091,NA,20,0,20,20,0,0,0,0,1,0,1,1
16,"survival",1,"Purely rule-based","Random forest",TRUE,"C-index",0.830193866086582,0.200000000000045,NA,NA,NA,NA,NA,NA,NA,NA,NA,NA,NA,NA,NA
16,"survival",1,"Purely rule-based","RuleFit",TRUE,"C-index",0.854325532474362,38.42,NA,44,44,0,0,40,4,0,0,0,0.909090909090909,0.909090909090909,2.09090909090909
17,"survival",1,"Purely rule-based","BRP-GABLE full",TRUE,"C-index",0.862538190364277,318.78,NA,30,29,1,20,10,0,0,0,0.666666666666667,0.333333333333333,1,1.33333333333333
17,"survival",1,"Purely rule-based","BRP-GABLE rule-only",TRUE,"C-index",0.864159811985899,316.65,NA,31,31,0,20,11,0,0,0,0.645161290322581,0.354838709677419,1,1.35483870967742
17,"survival",1,"Purely rule-based","GABLE",TRUE,"C-index",0.822115158636898,6.09000000000015,NA,5,5,0,4,1,0,0,0,0.8,0.2,1,1.2
17,"survival",1,"Purely rule-based","GBM",TRUE,"C-index",0.851815511163337,0.03,NA,NA,NA,NA,NA,NA,NA,NA,NA,NA,NA,NA,NA
17,"survival",1,"Purely rule-based","Linear",TRUE,"C-index",0.762361927144536,0.0199999999999818,NA,20,0,20,20,0,0,0,0,1,0,1,1
17,"survival",1,"Purely rule-based","Random forest",TRUE,"C-index",0.844042303172738,0.230000000000018,NA,NA,NA,NA,NA,NA,NA,NA,NA,NA,NA,NA,NA
17,"survival",1,"Purely rule-based","RuleFit",TRUE,"C-index",0.863096357226792,43.06,NA,48,48,0,0,37,11,0,0,0,0.770833333333333,0.770833333333333,2.22916666666667
18,"survival",1,"Purely rule-based","BRP-GABLE full",TRUE,"C-index",0.860200189582017,320.74,NA,35,34,1,22,13,0,0,0,0.628571428571429,0.371428571428571,1,1.37142857142857
18,"survival",1,"Purely rule-based","BRP-GABLE rule-only",TRUE,"C-index",0.860239685835515,316.25,NA,33,33,0,21,12,0,0,0,0.636363636363636,0.363636363636364,1,1.36363636363636
18,"survival",1,"Purely rule-based","GABLE",TRUE,"C-index",0.791352577412657,6.17000000000007,NA,5,5,0,3,2,0,0,0,0.6,0.4,1,1.4
18,"survival",1,"Purely rule-based","GBM",TRUE,"C-index",0.846511916583913,0.05,NA,NA,NA,NA,NA,NA,NA,NA,NA,NA,NA,NA,NA
18,"survival",1,"Purely rule-based","Linear",TRUE,"C-index",0.746682314706148,0.00999999999999091,NA,20,0,20,20,0,0,0,0,1,0,1,1
18,"survival",1,"Purely rule-based","Random forest",TRUE,"C-index",0.832569739099034,0.2199999999998,NA,NA,NA,NA,NA,NA,NA,NA,NA,NA,NA,NA,NA
18,"survival",1,"Purely rule-based","RuleFit",TRUE,"C-index",0.854253182269568,42.69,NA,46,46,0,0,39,7,0,0,0,0.847826086956522,0.847826086956522,2.15217391304348
19,"survival",1,"Purely rule-based","BRP-GABLE full",TRUE,"C-index",0.856830052967009,321.83,NA,26,25,1,16,10,0,0,0,0.615384615384615,0.384615384615385,1,1.38461538461538
19,"survival",1,"Purely rule-based","BRP-GABLE rule-only",TRUE,"C-index",0.856212308407442,319.12,NA,26,26,0,16,10,0,0,0,0.615384615384615,0.384615384615385,1,1.38461538461538
19,"survival",1,"Purely rule-based","GABLE",TRUE,"C-index",0.81509253935828,5.88000000000011,NA,5,5,0,3,2,0,0,0,0.6,0.4,1,1.4
19,"survival",1,"Purely rule-based","GBM",TRUE,"C-index",0.846793232944746,0.03,NA,NA,NA,NA,NA,NA,NA,NA,NA,NA,NA,NA,NA
19,"survival",1,"Purely rule-based","Linear",TRUE,"C-index",0.747275196026863,0.0199999999999818,NA,20,0,20,20,0,0,0,0,1,0,1,1
19,"survival",1,"Purely rule-based","Random forest",TRUE,"C-index",0.831667665659519,0.179999999999836,NA,NA,NA,NA,NA,NA,NA,NA,NA,NA,NA,NA,NA
19,"survival",1,"Purely rule-based","RuleFit",TRUE,"C-index",0.853612888231049,40.8,NA,49,49,0,0,41,8,0,0,0,0.836734693877551,0.836734693877551,2.16326530612245
20,"survival",1,"Purely rule-based","BRP-GABLE full",TRUE,"C-index",0.864566308833731,346.61,NA,26,26,0,13,13,0,0,0,0.5,0.5,1,1.5
20,"survival",1,"Purely rule-based","BRP-GABLE rule-only",TRUE,"C-index",0.864636856400428,346.25,NA,28,28,0,15,13,0,0,0,0.535714285714286,0.464285714285714,1,1.46428571428571
20,"survival",1,"Purely rule-based","GABLE",TRUE,"C-index",0.827405378076168,7.82999999999993,NA,5,5,0,5,0,0,0,0,1,0,1,1
20,"survival",1,"Purely rule-based","GBM",TRUE,"C-index",0.865924349492645,0.0600000000000001,NA,NA,NA,NA,NA,NA,NA,NA,NA,NA,NA,NA,NA
20,"survival",1,"Purely rule-based","Linear",TRUE,"C-index",0.761325823936789,0,NA,20,0,20,20,0,0,0,0,1,0,1,1
20,"survival",1,"Purely rule-based","Random forest",TRUE,"C-index",0.843290338510741,0.200000000000045,NA,NA,NA,NA,NA,NA,NA,NA,NA,NA,NA,NA,NA
20,"survival",1,"Purely rule-based","RuleFit",TRUE,"C-index",0.865759738503686,40.54,NA,41,41,0,0,34,7,0,0,0,0.829268292682927,0.829268292682927,2.17073170731707
21,"survival",1,"Purely rule-based","BRP-GABLE full",TRUE,"C-index",0.869362170004874,316.46,NA,28,28,0,17,11,0,0,0,0.607142857142857,0.392857142857143,1,1.39285714285714
21,"survival",1,"Purely rule-based","BRP-GABLE rule-only",TRUE,"C-index",0.869362170004874,313.86,NA,28,28,0,17,11,0,0,0,0.607142857142857,0.392857142857143,1,1.39285714285714
21,"survival",1,"Purely rule-based","GABLE",TRUE,"C-index",0.81802518674692,6.08999999999992,NA,5,5,0,4,1,0,0,0,0.8,0.2,1,1.2
21,"survival",1,"Purely rule-based","GBM",TRUE,"C-index",0.862923793654572,0.05,NA,NA,NA,NA,NA,NA,NA,NA,NA,NA,NA,NA,NA
21,"survival",1,"Purely rule-based","Linear",TRUE,"C-index",0.775087564185398,0.00999999999999091,NA,20,0,20,20,0,0,0,0,1,0,1,1
21,"survival",1,"Purely rule-based","Random forest",TRUE,"C-index",0.840423481937407,0.220000000000027,NA,NA,NA,NA,NA,NA,NA,NA,NA,NA,NA,NA,NA
21,"survival",1,"Purely rule-based","RuleFit",TRUE,"C-index",0.860571745956178,32.74,NA,40,40,0,2,35,3,0,0,0.05,0.875,0.925,2.025
22,"survival",1,"Purely rule-based","BRP-GABLE full",TRUE,"C-index",0.882964776313347,347.24,NA,33,32,1,24,9,0,0,0,0.727272727272727,0.272727272727273,1,1.27272727272727
22,"survival",1,"Purely rule-based","BRP-GABLE rule-only",TRUE,"C-index",0.883428856506404,345.31,NA,32,32,0,23,9,0,0,0,0.71875,0.28125,1,1.28125
22,"survival",1,"Purely rule-based","GABLE",TRUE,"C-index",0.84342514386486,7.47000000000003,NA,5,5,0,5,0,0,0,0,1,0,1,1
22,"survival",1,"Purely rule-based","GBM",TRUE,"C-index",0.870312790050121,0.0499999999999998,NA,NA,NA,NA,NA,NA,NA,NA,NA,NA,NA,NA,NA
22,"survival",1,"Purely rule-based","Linear",TRUE,"C-index",0.772728327454984,0.00999999999999091,NA,20,0,20,20,0,0,0,0,1,0,1,1
22,"survival",1,"Purely rule-based","Random forest",TRUE,"C-index",0.861007982179321,0.220000000000027,NA,NA,NA,NA,NA,NA,NA,NA,NA,NA,NA,NA,NA
22,"survival",1,"Purely rule-based","RuleFit",TRUE,"C-index",0.880360126229813,51.77,NA,53,53,0,0,46,7,0,0,0,0.867924528301887,0.867924528301887,2.13207547169811
23,"survival",1,"Purely rule-based","BRP-GABLE full",TRUE,"C-index",0.873392698344029,358.66,NA,32,31,1,18,14,0,0,0,0.5625,0.4375,1,1.4375
23,"survival",1,"Purely rule-based","BRP-GABLE rule-only",TRUE,"C-index",0.87517124522316,343.84,NA,29,29,0,17,12,0,0,0,0.586206896551724,0.413793103448276,1,1.41379310344828
23,"survival",1,"Purely rule-based","GABLE",TRUE,"C-index",0.846504194005816,7.09000000000015,NA,5,5,0,4,1,0,0,0,0.8,0.2,1,1.2
23,"survival",1,"Purely rule-based","GBM",TRUE,"C-index",0.866849328238037,0.03,NA,NA,NA,NA,NA,NA,NA,NA,NA,NA,NA,NA,NA
23,"survival",1,"Purely rule-based","Linear",TRUE,"C-index",0.787235320979643,0.0199999999999818,NA,20,0,20,20,0,0,0,0,1,0,1,1
23,"survival",1,"Purely rule-based","Random forest",TRUE,"C-index",0.850445838440647,0.220000000000027,NA,NA,NA,NA,NA,NA,NA,NA,NA,NA,NA,NA,NA
23,"survival",1,"Purely rule-based","RuleFit",TRUE,"C-index",0.866224433388612,37.56,NA,44,44,0,0,38,6,0,0,0,0.863636363636364,0.863636363636364,2.13636363636364
24,"survival",1,"Purely rule-based","BRP-GABLE full",TRUE,"C-index",0.894330739158325,316.96,NA,26,25,1,19,7,0,0,0,0.730769230769231,0.269230769230769,1,1.26923076923077
24,"survival",1,"Purely rule-based","BRP-GABLE rule-only",TRUE,"C-index",0.89460306701686,315.09,NA,26,26,0,19,7,0,0,0,0.730769230769231,0.269230769230769,1,1.26923076923077
24,"survival",1,"Purely rule-based","GABLE",TRUE,"C-index",0.843399377882136,6.38999999999987,NA,5,5,0,4,1,0,0,0,0.8,0.2,1,1.2
24,"survival",1,"Purely rule-based","GBM",TRUE,"C-index",0.873676184021012,0.0600000000000001,NA,NA,NA,NA,NA,NA,NA,NA,NA,NA,NA,NA,NA
24,"survival",1,"Purely rule-based","Linear",TRUE,"C-index",0.764103557207005,0.0199999999999818,NA,20,0,20,20,0,0,0,0,1,0,1,1
24,"survival",1,"Purely rule-based","Random forest",TRUE,"C-index",0.864187071083623,0.230000000000018,NA,NA,NA,NA,NA,NA,NA,NA,NA,NA,NA,NA,NA
24,"survival",1,"Purely rule-based","RuleFit",TRUE,"C-index",0.888006681110129,45.5,NA,38,38,0,0,30,8,0,0,0,0.789473684210526,0.789473684210526,2.21052631578947
25,"survival",1,"Purely rule-based","BRP-GABLE full",TRUE,"C-index",0.884451482197331,361.46,NA,36,34,2,26,10,0,0,0,0.722222222222222,0.277777777777778,1,1.27777777777778
25,"survival",1,"Purely rule-based","BRP-GABLE rule-only",TRUE,"C-index",0.884148755326829,345.62,NA,32,32,0,22,10,0,0,0,0.6875,0.3125,1,1.3125
25,"survival",1,"Purely rule-based","GABLE",TRUE,"C-index",0.838483571245605,7.33000000000038,NA,5,5,0,4,1,0,0,0,0.8,0.2,1,1.2
25,"survival",1,"Purely rule-based","GBM",TRUE,"C-index",0.866823463661132,0.0600000000000001,NA,NA,NA,NA,NA,NA,NA,NA,NA,NA,NA,NA,NA
25,"survival",1,"Purely rule-based","Linear",TRUE,"C-index",0.783922874508069,0.0199999999999818,NA,20,0,20,20,0,0,0,0,1,0,1,1
25,"survival",1,"Purely rule-based","Random forest",TRUE,"C-index",0.857660154157837,0.199999999999818,NA,NA,NA,NA,NA,NA,NA,NA,NA,NA,NA,NA,NA
25,"survival",1,"Purely rule-based","RuleFit",TRUE,"C-index",0.880923549821857,37.35,NA,41,41,0,1,28,12,0,0,0.024390243902439,0.682926829268293,0.707317073170732,2.26829268292683
26,"survival",1,"Purely rule-based","BRP-GABLE full",TRUE,"C-index",0.864613412183234,355.05,NA,29,29,0,17,12,0,0,0,0.586206896551724,0.413793103448276,1,1.41379310344828
26,"survival",1,"Purely rule-based","BRP-GABLE rule-only",TRUE,"C-index",0.865179375822957,362.31,NA,29,29,0,17,12,0,0,0,0.586206896551724,0.413793103448276,1,1.41379310344828
26,"survival",1,"Purely rule-based","GABLE",TRUE,"C-index",0.836471158954931,6.66000000000031,NA,5,5,0,4,1,0,0,0,0.8,0.2,1,1.2
26,"survival",1,"Purely rule-based","GBM",TRUE,"C-index",0.847386172006745,0.05,NA,NA,NA,NA,NA,NA,NA,NA,NA,NA,NA,NA,NA
26,"survival",1,"Purely rule-based","Linear",TRUE,"C-index",0.782323453995241,0.00999999999976353,NA,20,0,20,20,0,0,0,0,1,0,1,1
26,"survival",1,"Purely rule-based","Random forest",TRUE,"C-index",0.837487583450761,0.2199999999998,NA,NA,NA,NA,NA,NA,NA,NA,NA,NA,NA,NA,NA
26,"survival",1,"Purely rule-based","RuleFit",TRUE,"C-index",0.856713021783825,40.73,NA,47,47,0,2,37,8,0,0,0.0425531914893617,0.787234042553192,0.829787234042553,2.12765957446809
27,"survival",1,"Purely rule-based","BRP-GABLE full",TRUE,"C-index",0.865500415282392,325.53,NA,29,29,0,15,14,0,0,0,0.517241379310345,0.482758620689655,1,1.48275862068966
27,"survival",1,"Purely rule-based","BRP-GABLE rule-only",TRUE,"C-index",0.866602067183463,322.44,NA,29,29,0,15,14,0,0,0,0.517241379310345,0.482758620689655,1,1.48275862068966
27,"survival",1,"Purely rule-based","GABLE",TRUE,"C-index",0.830403285345146,6.15999999999985,NA,5,5,0,4,1,0,0,0,0.8,0.2,1,1.2
27,"survival",1,"Purely rule-based","GBM",TRUE,"C-index",0.846541620524179,0.05,NA,NA,NA,NA,NA,NA,NA,NA,NA,NA,NA,NA,NA
27,"survival",1,"Purely rule-based","Linear",TRUE,"C-index",0.756840623846438,0.00999999999976353,NA,20,0,20,20,0,0,0,0,1,0,1,1
27,"survival",1,"Purely rule-based","Random forest",TRUE,"C-index",0.839008859357697,0.199999999999818,NA,NA,NA,NA,NA,NA,NA,NA,NA,NA,NA,NA,NA
27,"survival",1,"Purely rule-based","RuleFit",TRUE,"C-index",0.86187246216316,37.9,NA,39,39,0,1,31,7,0,0,0.0256410256410256,0.794871794871795,0.82051282051282,2.15384615384615
28,"survival",1,"Purely rule-based","BRP-GABLE full",TRUE,"C-index",0.867112526052999,354.96,NA,36,34,2,23,13,0,0,0,0.638888888888889,0.361111111111111,1,1.36111111111111
28,"survival",1,"Purely rule-based","BRP-GABLE rule-only",TRUE,"C-index",0.866854859027507,350.25,NA,39,39,0,25,14,0,0,0,0.641025641025641,0.358974358974359,1,1.35897435897436
28,"survival",1,"Purely rule-based","GABLE",TRUE,"C-index",0.836730720780559,7.01999999999998,NA,5,5,0,4,1,0,0,0,0.8,0.2,1,1.2
28,"survival",1,"Purely rule-based","GBM",TRUE,"C-index",0.866957925837704,0.05,NA,NA,NA,NA,NA,NA,NA,NA,NA,NA,NA,NA,NA
28,"survival",1,"Purely rule-based","Linear",TRUE,"C-index",0.776803096585053,0,NA,20,0,20,20,0,0,0,0,1,0,1,1
28,"survival",1,"Purely rule-based","Random forest",TRUE,"C-index",0.853519158974829,0.210000000000036,NA,NA,NA,NA,NA,NA,NA,NA,NA,NA,NA,NA,NA
28,"survival",1,"Purely rule-based","RuleFit",TRUE,"C-index",0.870639701335288,42.08,NA,49,49,0,2,40,7,0,0,0.0408163265306122,0.816326530612245,0.857142857142857,2.10204081632653
29,"survival",1,"Purely rule-based","BRP-GABLE full",TRUE,"C-index",0.87027138908843,326.72,NA,33,32,1,20,13,0,0,0,0.606060606060606,0.393939393939394,1,1.39393939393939
29,"survival",1,"Purely rule-based","BRP-GABLE rule-only",TRUE,"C-index",0.867513666857414,323.88,NA,28,28,0,16,12,0,0,0,0.571428571428571,0.428571428571429,1,1.42857142857143
29,"survival",1,"Purely rule-based","GABLE",TRUE,"C-index",0.832917341385314,6.07999999999993,NA,5,5,0,4,1,0,0,0,0.8,0.2,1,1.2
29,"survival",1,"Purely rule-based","GBM",TRUE,"C-index",0.872761253089501,0.0499999999999998,NA,NA,NA,NA,NA,NA,NA,NA,NA,NA,NA,NA,NA
29,"survival",1,"Purely rule-based","Linear",TRUE,"C-index",0.805632328053279,0.00999999999976353,NA,20,0,20,20,0,0,0,0,1,0,1,1
29,"survival",1,"Purely rule-based","Random forest",TRUE,"C-index",0.861553821241158,0.200000000000273,NA,NA,NA,NA,NA,NA,NA,NA,NA,NA,NA,NA,NA
29,"survival",1,"Purely rule-based","RuleFit",TRUE,"C-index",0.876170357834244,44.17,NA,49,49,0,0,39,10,0,0,0,0.795918367346939,0.795918367346939,2.20408163265306
30,"survival",1,"Purely rule-based","BRP-GABLE full",TRUE,"C-index",0.859600127667335,337.53,NA,28,26,2,19,9,0,0,0,0.678571428571429,0.321428571428571,1,1.32142857142857
30,"survival",1,"Purely rule-based","BRP-GABLE rule-only",TRUE,"C-index",0.858745212474922,332.99,NA,28,28,0,19,9,0,0,0,0.678571428571429,0.321428571428571,1,1.32142857142857
30,"survival",1,"Purely rule-based","GABLE",TRUE,"C-index",0.831610204267737,6.7199999999998,NA,5,5,0,4,1,0,0,0,0.8,0.2,1,1.2
30,"survival",1,"Purely rule-based","GBM",TRUE,"C-index",0.851774803939449,0.0299999999999998,NA,NA,NA,NA,NA,NA,NA,NA,NA,NA,NA,NA,NA
30,"survival",1,"Purely rule-based","Linear",TRUE,"C-index",0.774473372241474,0,NA,20,0,20,20,0,0,0,0,1,0,1,1
30,"survival",1,"Purely rule-based","Random forest",TRUE,"C-index",0.832083257340872,0.200000000000273,NA,NA,NA,NA,NA,NA,NA,NA,NA,NA,NA,NA,NA
30,"survival",1,"Purely rule-based","RuleFit",TRUE,"C-index",0.85713227247857,47.97,NA,49,49,0,0,38,11,0,0,0,0.775510204081633,0.775510204081633,2.22448979591837
31,"survival",1,"Purely rule-based","BRP-GABLE full",TRUE,"C-index",0.852096708751999,332.27,NA,28,27,1,20,8,0,0,0,0.714285714285714,0.285714285714286,1,1.28571428571429
31,"survival",1,"Purely rule-based","BRP-GABLE rule-only",TRUE,"C-index",0.852025107997804,338.940000000001,NA,27,27,0,19,8,0,0,0,0.703703703703704,0.296296296296296,1,1.2962962962963
31,"survival",1,"Purely rule-based","GABLE",TRUE,"C-index",0.806129024559059,7.7199999999998,NA,5,5,0,5,0,0,0,0,1,0,1,1
31,"survival",1,"Purely rule-based","GBM",TRUE,"C-index",0.828772763073104,0.04,NA,NA,NA,NA,NA,NA,NA,NA,NA,NA,NA,NA,NA
31,"survival",1,"Purely rule-based","Linear",TRUE,"C-index",0.752607460798587,0.00999999999976353,NA,20,0,20,20,0,0,0,0,1,0,1,1
31,"survival",1,"Purely rule-based","Random forest",TRUE,"C-index",0.843838755101554,0.190000000000055,NA,NA,NA,NA,NA,NA,NA,NA,NA,NA,NA,NA,NA
31,"survival",1,"Purely rule-based","RuleFit",TRUE,"C-index",0.85065872693859,40.23,NA,52,52,0,0,44,8,0,0,0,0.846153846153846,0.846153846153846,2.15384615384615
32,"survival",1,"Purely rule-based","BRP-GABLE full",TRUE,"C-index",0.878054015174366,332.91,NA,22,22,0,10,12,0,0,0,0.454545454545455,0.545454545454545,1,1.54545454545455
32,"survival",1,"Purely rule-based","BRP-GABLE rule-only",TRUE,"C-index",0.878054015174366,329.65,NA,22,22,0,10,12,0,0,0,0.454545454545455,0.545454545454545,1,1.54545454545455
32,"survival",1,"Purely rule-based","GABLE",TRUE,"C-index",0.856609202069654,6.90000000000009,NA,5,5,0,4,1,0,0,0,0.8,0.2,1,1.2
32,"survival",1,"Purely rule-based","GBM",TRUE,"C-index",0.870403025592241,0.03,NA,NA,NA,NA,NA,NA,NA,NA,NA,NA,NA,NA,NA
32,"survival",1,"Purely rule-based","Linear",TRUE,"C-index",0.76018005058122,0.0199999999999818,NA,20,0,20,20,0,0,0,0,1,0,1,1
32,"survival",1,"Purely rule-based","Random forest",TRUE,"C-index",0.861342490545024,0.210000000000036,NA,NA,NA,NA,NA,NA,NA,NA,NA,NA,NA,NA,NA
32,"survival",1,"Purely rule-based","RuleFit",TRUE,"C-index",0.877241931367317,46.36,NA,47,47,0,1,37,9,0,0,0.0212765957446809,0.787234042553192,0.808510638297872,2.17021276595745
33,"survival",1,"Purely rule-based","BRP-GABLE full",TRUE,"C-index",0.868270146031156,320.88,NA,21,20,1,9,12,0,0,0,0.428571428571429,0.571428571428571,1,1.57142857142857
33,"survival",1,"Purely rule-based","BRP-GABLE rule-only",TRUE,"C-index",0.867219603928215,319.22,NA,21,21,0,9,12,0,0,0,0.428571428571429,0.571428571428571,1,1.57142857142857
33,"survival",1,"Purely rule-based","GABLE",TRUE,"C-index",0.842557982959162,6.76999999999998,NA,5,5,0,4,1,0,0,0,0.8,0.2,1,1.2
33,"survival",1,"Purely rule-based","GBM",TRUE,"C-index",0.861212360411395,0.04,NA,NA,NA,NA,NA,NA,NA,NA,NA,NA,NA,NA,NA
33,"survival",1,"Purely rule-based","Linear",TRUE,"C-index",0.772873958164047,0.00999999999976353,NA,20,0,20,20,0,0,0,0,1,0,1,1
33,"survival",1,"Purely rule-based","Random forest",TRUE,"C-index",0.847061964571774,0.2199999999998,NA,NA,NA,NA,NA,NA,NA,NA,NA,NA,NA,NA,NA
33,"survival",1,"Purely rule-based","RuleFit",TRUE,"C-index",0.872948250644255,43.8,NA,49,49,0,1,39,9,0,0,0.0204081632653061,0.795918367346939,0.816326530612245,2.16326530612245
34,"survival",1,"Purely rule-based","BRP-GABLE full",TRUE,"C-index",0.879019504480759,324.22,NA,27,26,1,19,8,0,0,0,0.703703703703704,0.296296296296296,1,1.2962962962963
34,"survival",1,"Purely rule-based","BRP-GABLE rule-only",TRUE,"C-index",0.879265506940784,322.79,NA,27,27,0,19,8,0,0,0,0.703703703703704,0.296296296296296,1,1.2962962962963
34,"survival",1,"Purely rule-based","GABLE",TRUE,"C-index",0.837240086686581,6.13000000000011,NA,5,5,0,4,1,0,0,0,0.8,0.2,1,1.2
34,"survival",1,"Purely rule-based","GBM",TRUE,"C-index",0.866637380659521,0.0499999999999998,NA,NA,NA,NA,NA,NA,NA,NA,NA,NA,NA,NA,NA
34,"survival",1,"Purely rule-based","Linear",TRUE,"C-index",0.779007790077901,0.00999999999976353,NA,20,0,20,20,0,0,0,0,1,0,1,1
34,"survival",1,"Purely rule-based","Random forest",TRUE,"C-index",0.851227083699408,0.220000000000255,NA,NA,NA,NA,NA,NA,NA,NA,NA,NA,NA,NA,NA
34,"survival",1,"Purely rule-based","RuleFit",TRUE,"C-index",0.880278802788028,43.29,NA,44,44,0,0,39,5,0,0,0,0.886363636363636,0.886363636363636,2.11363636363636
35,"survival",1,"Purely rule-based","BRP-GABLE full",TRUE,"C-index",0.874866956942429,331.22,NA,31,27,4,17,14,0,0,0,0.548387096774194,0.451612903225806,1,1.45161290322581
35,"survival",1,"Purely rule-based","BRP-GABLE rule-only",TRUE,"C-index",0.876118771165941,329.44,NA,31,31,0,17,14,0,0,0,0.548387096774194,0.451612903225806,1,1.45161290322581
35,"survival",1,"Purely rule-based","GABLE",TRUE,"C-index",0.850090711175617,6.85000000000036,NA,5,5,0,4,1,0,0,0,0.8,0.2,1,1.2
35,"survival",1,"Purely rule-based","GBM",TRUE,"C-index",0.861822689888728,0.0300000000000002,NA,NA,NA,NA,NA,NA,NA,NA,NA,NA,NA,NA,NA
35,"survival",1,"Purely rule-based","Linear",TRUE,"C-index",0.781555394291243,0.0199999999999818,NA,20,0,20,20,0,0,0,0,1,0,1,1
35,"survival",1,"Purely rule-based","Random forest",TRUE,"C-index",0.855732946298984,0.2199999999998,NA,NA,NA,NA,NA,NA,NA,NA,NA,NA,NA,NA,NA
35,"survival",1,"Purely rule-based","RuleFit",TRUE,"C-index",0.871117561683599,44.81,NA,45,45,0,0,33,12,0,0,0,0.733333333333333,0.733333333333333,2.26666666666667
36,"survival",1,"Purely rule-based","BRP-GABLE full",TRUE,"C-index",0.862155242639358,346.93,NA,28,28,0,19,9,0,0,0,0.678571428571429,0.321428571428571,1,1.32142857142857
36,"survival",1,"Purely rule-based","BRP-GABLE rule-only",TRUE,"C-index",0.862155242639358,344.62,NA,28,28,0,19,9,0,0,0,0.678571428571429,0.321428571428571,1,1.32142857142857
36,"survival",1,"Purely rule-based","GABLE",TRUE,"C-index",0.816321424415222,7.32999999999993,NA,5,5,0,4,1,0,0,0,0.8,0.2,1,1.2
36,"survival",1,"Purely rule-based","GBM",TRUE,"C-index",0.86116024671244,0.0600000000000001,NA,NA,NA,NA,NA,NA,NA,NA,NA,NA,NA,NA,NA
36,"survival",1,"Purely rule-based","Linear",TRUE,"C-index",0.760304899336669,0.0100000000002183,NA,20,0,20,20,0,0,0,0,1,0,1,1
36,"survival",1,"Purely rule-based","Random forest",TRUE,"C-index",0.841417432794135,0.220000000000255,NA,NA,NA,NA,NA,NA,NA,NA,NA,NA,NA,NA,NA
36,"survival",1,"Purely rule-based","RuleFit",TRUE,"C-index",0.859740486442453,46.76,NA,49,49,0,0,40,9,0,0,0,0.816326530612245,0.816326530612245,2.18367346938776
37,"survival",1,"Purely rule-based","BRP-GABLE full",TRUE,"C-index",0.853704400150432,378.39,NA,29,29,0,18,11,0,0,0,0.620689655172414,0.379310344827586,1,1.37931034482759
37,"survival",1,"Purely rule-based","BRP-GABLE rule-only",TRUE,"C-index",0.851121606972989,350.68,NA,27,27,0,16,11,0,0,0,0.592592592592593,0.407407407407407,1,1.40740740740741
37,"survival",1,"Purely rule-based","GABLE",TRUE,"C-index",0.808320244231578,6.07999999999993,NA,5,5,0,3,2,0,0,0,0.6,0.4,1,1.4
37,"survival",1,"Purely rule-based","GBM",TRUE,"C-index",0.838163396234763,0.0600000000000001,NA,NA,NA,NA,NA,NA,NA,NA,NA,NA,NA,NA,NA
37,"survival",1,"Purely rule-based","Linear",TRUE,"C-index",0.739397827577816,0.0199999999999818,NA,20,0,20,20,0,0,0,0,1,0,1,1
37,"survival",1,"Purely rule-based","Random forest",TRUE,"C-index",0.825365573081433,0.230000000000018,NA,NA,NA,NA,NA,NA,NA,NA,NA,NA,NA,NA,NA
37,"survival",1,"Purely rule-based","RuleFit",TRUE,"C-index",0.856701988806053,40.52,NA,38,38,0,0,35,3,0,0,0,0.921052631578947,0.921052631578947,2.07894736842105
38,"survival",1,"Purely rule-based","BRP-GABLE full",TRUE,"C-index",0.85150635880973,455.14,NA,22,21,1,12,10,0,0,0,0.545454545454545,0.454545454545455,1,1.45454545454545
38,"survival",1,"Purely rule-based","BRP-GABLE rule-only",TRUE,"C-index",0.851617483639955,381.14,NA,23,23,0,13,10,0,0,0,0.565217391304348,0.434782608695652,1,1.43478260869565
38,"survival",1,"Purely rule-based","GABLE",TRUE,"C-index",0.807679960488949,7.52999999999975,NA,5,5,0,5,0,0,0,0,1,0,1,1
38,"survival",1,"Purely rule-based","GBM",TRUE,"C-index",0.845950117298432,0.0699999999999998,NA,NA,NA,NA,NA,NA,NA,NA,NA,NA,NA,NA,NA
38,"survival",1,"Purely rule-based","Linear",TRUE,"C-index",0.77555253735029,0,NA,20,0,20,20,0,0,0,0,1,0,1,1
38,"survival",1,"Purely rule-based","Random forest",TRUE,"C-index",0.841116187183603,0.220000000000255,NA,NA,NA,NA,NA,NA,NA,NA,NA,NA,NA,NA,NA
38,"survival",1,"Purely rule-based","RuleFit",TRUE,"C-index",0.852271885417953,45.21,NA,47,47,0,0,35,12,0,0,0,0.74468085106383,0.74468085106383,2.25531914893617
39,"survival",1,"Purely rule-based","BRP-GABLE full",TRUE,"C-index",0.860297882761538,347.86,NA,29,26,3,20,9,0,0,0,0.689655172413793,0.310344827586207,1,1.31034482758621
39,"survival",1,"Purely rule-based","BRP-GABLE rule-only",TRUE,"C-index",0.859362824765679,344.66,NA,27,27,0,18,9,0,0,0,0.666666666666667,0.333333333333333,1,1.33333333333333
39,"survival",1,"Purely rule-based","GABLE",TRUE,"C-index",0.821787964467796,7.76999999999998,NA,5,5,0,5,0,0,0,0,1,0,1,1
39,"survival",1,"Purely rule-based","GBM",TRUE,"C-index",0.85197141394127,0.0600000000000001,NA,NA,NA,NA,NA,NA,NA,NA,NA,NA,NA,NA,NA
39,"survival",1,"Purely rule-based","Linear",TRUE,"C-index",0.766680766747557,0.00999999999976353,NA,20,0,20,20,0,0,0,0,1,0,1,1
39,"survival",1,"Purely rule-based","Random forest",TRUE,"C-index",0.842131041699134,0.199999999999818,NA,NA,NA,NA,NA,NA,NA,NA,NA,NA,NA,NA,NA
39,"survival",1,"Purely rule-based","RuleFit",TRUE,"C-index",0.85295099850836,40.53,NA,56,56,0,0,42,14,0,0,0,0.75,0.75,2.25
40,"survival",1,"Purely rule-based","BRP-GABLE full",TRUE,"C-index",0.866456199484909,322.05,NA,36,34,2,21,15,0,0,0,0.583333333333333,0.416666666666667,1,1.41666666666667
40,"survival",1,"Purely rule-based","BRP-GABLE rule-only",TRUE,"C-index",0.866788516087684,318.47,NA,36,36,0,21,15,0,0,0,0.583333333333333,0.416666666666667,1,1.41666666666667
40,"survival",1,"Purely rule-based","GABLE",TRUE,"C-index",0.815368456033327,5.69000000000005,NA,5,5,0,3,2,0,0,0,0.6,0.4,1,1.4
40,"survival",1,"Purely rule-based","GBM",TRUE,"C-index",0.86565507910322,0.04,NA,NA,NA,NA,NA,NA,NA,NA,NA,NA,NA,NA,NA
40,"survival",1,"Purely rule-based","Linear",TRUE,"C-index",0.781288201573757,0.0199999999999818,NA,20,0,20,20,0,0,0,0,1,0,1,1
40,"survival",1,"Purely rule-based","Random forest",TRUE,"C-index",0.85706825545652,0.220000000000255,NA,NA,NA,NA,NA,NA,NA,NA,NA,NA,NA,NA,NA
40,"survival",1,"Purely rule-based","RuleFit",TRUE,"C-index",0.865767829379161,41.77,NA,39,39,0,1,36,2,0,0,0.0256410256410256,0.923076923076923,0.948717948717949,2.02564102564103
41,"survival",1,"Purely rule-based","BRP-GABLE full",TRUE,"C-index",0.879881847228927,338.27,NA,26,26,0,15,11,0,0,0,0.576923076923077,0.423076923076923,1,1.42307692307692
41,"survival",1,"Purely rule-based","BRP-GABLE rule-only",TRUE,"C-index",0.880933498839161,337.19,NA,28,28,0,16,12,0,0,0,0.571428571428571,0.428571428571429,1,1.42857142857143
41,"survival",1,"Purely rule-based","GABLE",TRUE,"C-index",0.819092936119348,7.62000000000035,NA,5,5,0,4,1,0,0,0,0.8,0.2,1,1.2
41,"survival",1,"Purely rule-based","GBM",TRUE,"C-index",0.873623658138519,0.04,NA,NA,NA,NA,NA,NA,NA,NA,NA,NA,NA,NA,NA
41,"survival",1,"Purely rule-based","Linear",TRUE,"C-index",0.771452543502747,0.0199999999999818,NA,20,0,20,20,0,0,0,0,1,0,1,1
41,"survival",1,"Purely rule-based","Random forest",TRUE,"C-index",0.857814403604349,0.2199999999998,NA,NA,NA,NA,NA,NA,NA,NA,NA,NA,NA,NA,NA
41,"survival",1,"Purely rule-based","RuleFit",TRUE,"C-index",0.876709652207894,42.3,NA,44,44,0,0,37,7,0,0,0,0.840909090909091,0.840909090909091,2.15909090909091
42,"survival",1,"Purely rule-based","BRP-GABLE full",TRUE,"C-index",0.87132902253751,359.52,NA,28,28,0,15,13,0,0,0,0.535714285714286,0.464285714285714,1,1.46428571428571
42,"survival",1,"Purely rule-based","BRP-GABLE rule-only",TRUE,"C-index",0.87132902253751,357.09,NA,28,28,0,15,13,0,0,0,0.535714285714286,0.464285714285714,1,1.46428571428571
42,"survival",1,"Purely rule-based","GABLE",TRUE,"C-index",0.826762508632055,6.59000000000015,NA,5,5,0,3,2,0,0,0,0.6,0.4,1,1.4
42,"survival",1,"Purely rule-based","GBM",TRUE,"C-index",0.86495071881474,0.0300000000000002,NA,NA,NA,NA,NA,NA,NA,NA,NA,NA,NA,NA,NA
42,"survival",1,"Purely rule-based","Linear",TRUE,"C-index",0.769502165861008,0.0299999999997453,NA,20,0,20,20,0,0,0,0,1,0,1,1
42,"survival",1,"Purely rule-based","Random forest",TRUE,"C-index",0.83354887312449,0.199999999999818,NA,NA,NA,NA,NA,NA,NA,NA,NA,NA,NA,NA,NA
42,"survival",1,"Purely rule-based","RuleFit",TRUE,"C-index",0.871793584029129,41.24,NA,46,46,0,0,41,5,0,0,0,0.891304347826087,0.891304347826087,2.10869565217391
43,"survival",1,"Purely rule-based","BRP-GABLE full",TRUE,"C-index",0.864452240968472,338.72,NA,32,32,0,17,15,0,0,0,0.53125,0.46875,1,1.46875
43,"survival",1,"Purely rule-based","BRP-GABLE rule-only",TRUE,"C-index",0.865769401171075,336.28,NA,34,34,0,19,15,0,0,0,0.558823529411765,0.441176470588235,1,1.44117647058824
43,"survival",1,"Purely rule-based","GABLE",TRUE,"C-index",0.810454659753571,6.62999999999965,NA,5,5,0,4,1,0,0,0,0.8,0.2,1,1.2
43,"survival",1,"Purely rule-based","GBM",TRUE,"C-index",0.860512734544322,0.0300000000000002,NA,NA,NA,NA,NA,NA,NA,NA,NA,NA,NA,NA,NA
43,"survival",1,"Purely rule-based","Linear",TRUE,"C-index",0.767138050363416,0.00999999999976353,NA,20,0,20,20,0,0,0,0,1,0,1,1
43,"survival",1,"Purely rule-based","Random forest",TRUE,"C-index",0.846035946499347,0.200000000000273,NA,NA,NA,NA,NA,NA,NA,NA,NA,NA,NA,NA,NA
43,"survival",1,"Purely rule-based","RuleFit",TRUE,"C-index",0.861847856022416,43.67,NA,49,49,0,1,40,8,0,0,0.0204081632653061,0.816326530612245,0.836734693877551,2.14285714285714
44,"survival",1,"Purely rule-based","BRP-GABLE full",TRUE,"C-index",0.867466660729791,349.68,NA,38,36,2,30,8,0,0,0,0.789473684210526,0.210526315789474,1,1.21052631578947
44,"survival",1,"Purely rule-based","BRP-GABLE rule-only",TRUE,"C-index",0.867160540552575,358.44,NA,35,35,0,27,8,0,0,0,0.771428571428571,0.228571428571429,1,1.22857142857143
44,"survival",1,"Purely rule-based","GABLE",TRUE,"C-index",0.840772981276577,7.78999999999996,NA,5,5,0,5,0,0,0,0,1,0,1,1
44,"survival",1,"Purely rule-based","GBM",TRUE,"C-index",0.859991762584322,0.0300000000000002,NA,NA,NA,NA,NA,NA,NA,NA,NA,NA,NA,NA,NA
44,"survival",1,"Purely rule-based","Linear",TRUE,"C-index",0.755727230224637,0.0199999999999818,NA,20,0,20,20,0,0,0,0,1,0,1,1
44,"survival",1,"Purely rule-based","Random forest",TRUE,"C-index",0.845370349756217,0.400000000000091,NA,NA,NA,NA,NA,NA,NA,NA,NA,NA,NA,NA,NA
44,"survival",1,"Purely rule-based","RuleFit",TRUE,"C-index",0.860370238439789,38.3,NA,45,45,0,1,37,7,0,0,0.0222222222222222,0.822222222222222,0.844444444444444,2.13333333333333
45,"survival",1,"Purely rule-based","BRP-GABLE full",TRUE,"C-index",0.84489715047372,330.81,NA,37,37,0,19,18,0,0,0,0.513513513513513,0.486486486486487,1,1.48648648648649
45,"survival",1,"Purely rule-based","BRP-GABLE rule-only",TRUE,"C-index",0.846578286921959,391.12,NA,40,40,0,22,18,0,0,0,0.55,0.45,1,1.45
45,"survival",1,"Purely rule-based","GABLE",TRUE,"C-index",0.788867274277412,7.19000000000005,NA,5,5,0,3,2,0,0,0,0.6,0.4,1,1.4
45,"survival",1,"Purely rule-based","GBM",TRUE,"C-index",0.826818929596407,0.04,NA,NA,NA,NA,NA,NA,NA,NA,NA,NA,NA,NA,NA
45,"survival",1,"Purely rule-based","Linear",TRUE,"C-index",0.740684702859133,0,NA,20,0,20,20,0,0,0,0,1,0,1,1
45,"survival",1,"Purely rule-based","Random forest",TRUE,"C-index",0.815050974458734,0.199999999999818,NA,NA,NA,NA,NA,NA,NA,NA,NA,NA,NA,NA,NA
45,"survival",1,"Purely rule-based","RuleFit",TRUE,"C-index",0.837019825401972,47.3,NA,47,47,0,0,34,13,0,0,0,0.723404255319149,0.723404255319149,2.27659574468085
46,"survival",1,"Purely rule-based","BRP-GABLE full",TRUE,"C-index",0.871161462434335,378.75,NA,41,40,1,35,6,0,0,0,0.853658536585366,0.146341463414634,1,1.14634146341463
46,"survival",1,"Purely rule-based","BRP-GABLE rule-only",TRUE,"C-index",0.872777379511347,355.7,NA,38,38,0,32,6,0,0,0,0.842105263157895,0.157894736842105,1,1.15789473684211
46,"survival",1,"Purely rule-based","GABLE",TRUE,"C-index",0.817266220869422,7.42000000000007,NA,5,5,0,4,1,0,0,0,0.8,0.2,1,1.2
46,"survival",1,"Purely rule-based","GBM",TRUE,"C-index",0.847492684302688,0.04,NA,NA,NA,NA,NA,NA,NA,NA,NA,NA,NA,NA,NA
46,"survival",1,"Purely rule-based","Linear",TRUE,"C-index",0.772772678661668,0.0100000000002183,NA,20,0,20,20,0,0,0,0,1,0,1,1
46,"survival",1,"Purely rule-based","Random forest",TRUE,"C-index",0.843273671716163,0.200000000000273,NA,NA,NA,NA,NA,NA,NA,NA,NA,NA,NA,NA,NA
46,"survival",1,"Purely rule-based","RuleFit",TRUE,"C-index",0.868094158019062,46.95,NA,47,47,0,1,37,9,0,0,0.0212765957446809,0.787234042553192,0.808510638297872,2.17021276595745
47,"survival",1,"Purely rule-based","BRP-GABLE full",TRUE,"C-index",0.879497879326857,336.73,NA,29,26,3,20,9,0,0,0,0.689655172413793,0.310344827586207,1,1.31034482758621
47,"survival",1,"Purely rule-based","BRP-GABLE rule-only",TRUE,"C-index",0.878939207369909,335.6,NA,25,25,0,16,9,0,0,0,0.64,0.36,1,1.36
47,"survival",1,"Purely rule-based","GABLE",TRUE,"C-index",0.84256852282574,7.67000000000007,NA,5,5,0,5,0,0,0,0,1,0,1,1
47,"survival",1,"Purely rule-based","GBM",TRUE,"C-index",0.870006156792995,0.04,NA,NA,NA,NA,NA,NA,NA,NA,NA,NA,NA,NA,NA
47,"survival",1,"Purely rule-based","Linear",TRUE,"C-index",0.79168376886943,0.0100000000002183,NA,20,0,20,20,0,0,0,0,1,0,1,1
47,"survival",1,"Purely rule-based","Random forest",TRUE,"C-index",0.849398002462717,0.220000000000255,NA,NA,NA,NA,NA,NA,NA,NA,NA,NA,NA,NA,NA
47,"survival",1,"Purely rule-based","RuleFit",TRUE,"C-index",0.875245131572947,39.44,NA,43,43,0,1,33,9,0,0,0.0232558139534884,0.767441860465116,0.790697674418605,2.18604651162791
48,"survival",1,"Purely rule-based","BRP-GABLE full",TRUE,"C-index",0.865523688573747,332.76,NA,36,33,3,22,14,0,0,0,0.611111111111111,0.388888888888889,1,1.38888888888889
48,"survival",1,"Purely rule-based","BRP-GABLE rule-only",TRUE,"C-index",0.866611399207441,328.65,NA,33,33,0,19,14,0,0,0,0.575757575757576,0.424242424242424,1,1.42424242424242
48,"survival",1,"Purely rule-based","GABLE",TRUE,"C-index",0.823367552121918,7.11000000000058,NA,5,5,0,4,1,0,0,0,0.8,0.2,1,1.2
48,"survival",1,"Purely rule-based","GBM",TRUE,"C-index",0.85699250949542,0.0699999999999998,NA,NA,NA,NA,NA,NA,NA,NA,NA,NA,NA,NA,NA
48,"survival",1,"Purely rule-based","Linear",TRUE,"C-index",0.7733211039381,0.0100000000002183,NA,20,0,20,20,0,0,0,0,1,0,1,1
48,"survival",1,"Purely rule-based","Random forest",TRUE,"C-index",0.842299596665138,0.199999999999818,NA,NA,NA,NA,NA,NA,NA,NA,NA,NA,NA,NA,NA
48,"survival",1,"Purely rule-based","RuleFit",TRUE,"C-index",0.863795110593714,41.78,NA,49,49,0,0,35,14,0,0,0,0.714285714285714,0.714285714285714,2.28571428571429
49,"survival",1,"Purely rule-based","BRP-GABLE full",TRUE,"C-index",0.869175174945509,326.42,NA,32,32,0,20,12,0,0,0,0.625,0.375,1,1.375
49,"survival",1,"Purely rule-based","BRP-GABLE rule-only",TRUE,"C-index",0.869972467592061,324.739999999999,NA,35,35,0,23,12,0,0,0,0.657142857142857,0.342857142857143,1,1.34285714285714
49,"survival",1,"Purely rule-based","GABLE",TRUE,"C-index",0.817643684753929,6.91000000000076,NA,5,5,0,4,1,0,0,0,0.8,0.2,1,1.2
49,"survival",1,"Purely rule-based","GBM",TRUE,"C-index",0.858368704829643,0.04,NA,NA,NA,NA,NA,NA,NA,NA,NA,NA,NA,NA,NA
49,"survival",1,"Purely rule-based","Linear",TRUE,"C-index",0.774578410003442,0.0199999999995271,NA,20,0,20,20,0,0,0,0,1,0,1,1
49,"survival",1,"Purely rule-based","Random forest",TRUE,"C-index",0.842560513938281,0.219999999999345,NA,NA,NA,NA,NA,NA,NA,NA,NA,NA,NA,NA,NA
49,"survival",1,"Purely rule-based","RuleFit",TRUE,"C-index",0.865951588849375,43.84,NA,45,45,0,0,38,7,0,0,0,0.844444444444444,0.844444444444444,2.15555555555556
50,"survival",1,"Purely rule-based","BRP-GABLE full",TRUE,"C-index",0.884161131086599,324.849999999999,NA,31,31,0,19,12,0,0,0,0.612903225806452,0.387096774193548,1,1.38709677419355
50,"survival",1,"Purely rule-based","BRP-GABLE rule-only",TRUE,"C-index",0.884161131086599,324.09,NA,31,31,0,19,12,0,0,0,0.612903225806452,0.387096774193548,1,1.38709677419355
50,"survival",1,"Purely rule-based","GABLE",TRUE,"C-index",0.849838503260406,7.80000000000018,NA,5,5,0,5,0,0,0,0,1,0,1,1
50,"survival",1,"Purely rule-based","GBM",TRUE,"C-index",0.87040648424645,0.0699999999999998,NA,NA,NA,NA,NA,NA,NA,NA,NA,NA,NA,NA,NA
50,"survival",1,"Purely rule-based","Linear",TRUE,"C-index",0.789932354195868,0.00999999999930878,NA,20,0,20,20,0,0,0,0,1,0,1,1
50,"survival",1,"Purely rule-based","Random forest",TRUE,"C-index",0.864903406667073,0.199999999999818,NA,NA,NA,NA,NA,NA,NA,NA,NA,NA,NA,NA,NA
50,"survival",1,"Purely rule-based","RuleFit",TRUE,"C-index",0.882619294289719,36.22,NA,47,47,0,0,37,10,0,0,0,0.787234042553192,0.787234042553192,2.21276595744681
51,"survival",1,"Purely rule-based","BRP-GABLE full",TRUE,"C-index",0.861621496140677,305.2,NA,28,27,1,13,15,0,0,0,0.464285714285714,0.535714285714286,1,1.53571428571429
51,"survival",1,"Purely rule-based","BRP-GABLE rule-only",TRUE,"C-index",0.862915675236492,300.97,NA,27,27,0,12,15,0,0,0,0.444444444444444,0.555555555555556,1,1.55555555555556
51,"survival",1,"Purely rule-based","GABLE",TRUE,"C-index",0.836933433927224,6.08999999999924,NA,5,5,0,4,1,0,0,0,0.8,0.2,1,1.2
51,"survival",1,"Purely rule-based","GBM",TRUE,"C-index",0.846671696361209,0.0499999999999998,NA,NA,NA,NA,NA,NA,NA,NA,NA,NA,NA,NA,NA
51,"survival",1,"Purely rule-based","Linear",TRUE,"C-index",0.765028146944461,0,NA,20,0,20,20,0,0,0,0,1,0,1,1
51,"survival",1,"Purely rule-based","Random forest",TRUE,"C-index",0.827171957518426,0.220000000000255,NA,NA,NA,NA,NA,NA,NA,NA,NA,NA,NA,NA,NA
51,"survival",1,"Purely rule-based","RuleFit",TRUE,"C-index",0.863722360861239,35.09,NA,36,36,0,0,29,7,0,0,0,0.805555555555556,0.805555555555556,2.19444444444444
52,"survival",1,"Purely rule-based","BRP-GABLE full",TRUE,"C-index",0.853489296528825,340.98,NA,27,26,1,14,13,0,0,0,0.518518518518518,0.481481481481481,1,1.48148148148148
52,"survival",1,"Purely rule-based","BRP-GABLE rule-only",TRUE,"C-index",0.854506447803772,339.52,NA,26,26,0,13,13,0,0,0,0.5,0.5,1,1.5
52,"survival",1,"Purely rule-based","GABLE",TRUE,"C-index",0.815743631113138,7.84000000000015,NA,5,5,0,5,0,0,0,0,1,0,1,1
52,"survival",1,"Purely rule-based","GBM",TRUE,"C-index",0.848941344276478,0.0600000000000001,NA,NA,NA,NA,NA,NA,NA,NA,NA,NA,NA,NA,NA
52,"survival",1,"Purely rule-based","Linear",TRUE,"C-index",0.766581319490723,0,NA,20,0,20,20,0,0,0,0,1,0,1,1
52,"survival",1,"Purely rule-based","Random forest",TRUE,"C-index",0.848841967427776,0.220000000000255,NA,NA,NA,NA,NA,NA,NA,NA,NA,NA,NA,NA,NA
52,"survival",1,"Purely rule-based","RuleFit",TRUE,"C-index",0.851870038464686,43.69,NA,43,43,0,0,31,12,0,0,0,0.720930232558139,0.720930232558139,2.27906976744186
53,"survival",1,"Purely rule-based","BRP-GABLE full",TRUE,"C-index",0.857381336597852,332.749999999999,NA,32,32,0,24,8,0,0,0,0.75,0.25,1,1.25
53,"survival",1,"Purely rule-based","BRP-GABLE rule-only",TRUE,"C-index",0.858705692504591,328.09,NA,33,33,0,25,8,0,0,0,0.757575757575758,0.242424242424242,1,1.24242424242424
53,"survival",1,"Purely rule-based","GABLE",TRUE,"C-index",0.812798397418062,7.82999999999993,NA,5,5,0,5,0,0,0,0,1,0,1,1
53,"survival",1,"Purely rule-based","GBM",TRUE,"C-index",0.852456735852206,0.0699999999999998,NA,NA,NA,NA,NA,NA,NA,NA,NA,NA,NA,NA,NA
53,"survival",1,"Purely rule-based","Linear",TRUE,"C-index",0.744254632463413,0.0100000000002183,NA,20,0,20,20,0,0,0,0,1,0,1,1
53,"survival",1,"Purely rule-based","Random forest",TRUE,"C-index",0.837059707306216,0.229999999999563,NA,NA,NA,NA,NA,NA,NA,NA,NA,NA,NA,NA,NA
53,"survival",1,"Purely rule-based","RuleFit",TRUE,"C-index",0.848572700461855,37.94,NA,40,40,0,0,37,3,0,0,0,0.925,0.925,2.075
54,"survival",1,"Purely rule-based","BRP-GABLE full",TRUE,"C-index",0.866194857546289,336.85,NA,26,26,0,16,10,0,0,0,0.615384615384615,0.384615384615385,1,1.38461538461538
54,"survival",1,"Purely rule-based","BRP-GABLE rule-only",TRUE,"C-index",0.867595481564144,334.660000000001,NA,28,28,0,18,10,0,0,0,0.642857142857143,0.357142857142857,1,1.35714285714286
54,"survival",1,"Purely rule-based","GABLE",TRUE,"C-index",0.825975312578287,8.05000000000018,NA,5,5,0,4,1,0,0,0,0.8,0.2,1,1.2
54,"survival",1,"Purely rule-based","GBM",TRUE,"C-index",0.857819581407001,0.0500000000000003,NA,NA,NA,NA,NA,NA,NA,NA,NA,NA,NA,NA,NA
54,"survival",1,"Purely rule-based","Linear",TRUE,"C-index",0.786547177116309,0.0200000000004366,NA,20,0,20,20,0,0,0,0,1,0,1,1
54,"survival",1,"Purely rule-based","Random forest",TRUE,"C-index",0.834965496822975,0.239999999999782,NA,NA,NA,NA,NA,NA,NA,NA,NA,NA,NA,NA,NA
54,"survival",1,"Purely rule-based","RuleFit",TRUE,"C-index",0.86265913594024,39.72,NA,54,54,0,0,46,8,0,0,0,0.851851851851852,0.851851851851852,2.14814814814815
55,"survival",1,"Purely rule-based","BRP-GABLE full",TRUE,"C-index",0.861969941878461,336.7,NA,33,33,0,20,13,0,0,0,0.606060606060606,0.393939393939394,1,1.39393939393939
55,"survival",1,"Purely rule-based","BRP-GABLE rule-only",TRUE,"C-index",0.863185106212241,343.56,NA,34,34,0,20,14,0,0,0,0.588235294117647,0.411764705882353,1,1.41176470588235
55,"survival",1,"Purely rule-based","GABLE",TRUE,"C-index",0.816877027662184,6.09000000000015,NA,5,5,0,4,1,0,0,0,0.8,0.2,1,1.2
55,"survival",1,"Purely rule-based","GBM",TRUE,"C-index",0.835608900505554,0.04,NA,NA,NA,NA,NA,NA,NA,NA,NA,NA,NA,NA,NA
55,"survival",1,"Purely rule-based","Linear",TRUE,"C-index",0.76820167142415,0.0100000000002183,NA,20,0,20,20,0,0,0,0,1,0,1,1
55,"survival",1,"Purely rule-based","Random forest",TRUE,"C-index",0.825360250369708,0.220000000000255,NA,NA,NA,NA,NA,NA,NA,NA,NA,NA,NA,NA,NA
55,"survival",1,"Purely rule-based","RuleFit",TRUE,"C-index",0.849514507457211,32.3,NA,38,38,0,2,31,5,0,0,0.0526315789473684,0.815789473684211,0.868421052631579,2.07894736842105
56,"survival",1,"Purely rule-based","BRP-GABLE full",TRUE,"C-index",0.849486845469265,485.4,NA,38,36,2,26,12,0,0,0,0.684210526315789,0.315789473684211,1,1.31578947368421
56,"survival",1,"Purely rule-based","BRP-GABLE rule-only",TRUE,"C-index",0.849748596890637,461.610000000001,NA,36,36,0,25,11,0,0,0,0.694444444444444,0.305555555555556,1,1.30555555555556
56,"survival",1,"Purely rule-based","GABLE",TRUE,"C-index",0.79112236574587,5.60999999999967,NA,5,5,0,3,2,0,0,0,0.6,0.4,1,1.4
56,"survival",1,"Purely rule-based","GBM",TRUE,"C-index",0.853382680578045,0.0600000000000001,NA,NA,NA,NA,NA,NA,NA,NA,NA,NA,NA,NA,NA
56,"survival",1,"Purely rule-based","Linear",TRUE,"C-index",0.769488306407431,0.0200000000004366,NA,20,0,20,20,0,0,0,0,1,0,1,1
56,"survival",1,"Purely rule-based","Random forest",TRUE,"C-index",0.824358709017641,0.220000000000255,NA,NA,NA,NA,NA,NA,NA,NA,NA,NA,NA,NA,NA
56,"survival",1,"Purely rule-based","RuleFit",TRUE,"C-index",0.844915326458808,40.19,NA,42,42,0,1,34,7,0,0,0.0238095238095238,0.80952380952381,0.833333333333333,2.14285714285714
57,"survival",1,"Purely rule-based","BRP-GABLE full",TRUE,"C-index",0.85808535018577,443.509999999999,NA,29,29,0,18,11,0,0,0,0.620689655172414,0.379310344827586,1,1.37931034482759
57,"survival",1,"Purely rule-based","BRP-GABLE rule-only",TRUE,"C-index",0.85808535018577,441.95,NA,29,29,0,18,11,0,0,0,0.620689655172414,0.379310344827586,1,1.37931034482759
57,"survival",1,"Purely rule-based","GABLE",TRUE,"C-index",0.836417931178166,7.4399999999996,NA,5,5,0,5,0,0,0,0,1,0,1,1
57,"survival",1,"Purely rule-based","GBM",TRUE,"C-index",0.843698276560529,0.0299999999999998,NA,NA,NA,NA,NA,NA,NA,NA,NA,NA,NA,NA,NA
57,"survival",1,"Purely rule-based","Linear",TRUE,"C-index",0.786589812146255,0.0199999999995271,NA,20,0,20,20,0,0,0,0,1,0,1,1
57,"survival",1,"Purely rule-based","Random forest",TRUE,"C-index",0.841001423660544,0.199999999999818,NA,NA,NA,NA,NA,NA,NA,NA,NA,NA,NA,NA,NA
57,"survival",1,"Purely rule-based","RuleFit",TRUE,"C-index",0.854225262451243,44.79,NA,38,38,0,1,32,5,0,0,0.0263157894736842,0.842105263157895,0.868421052631579,2.10526315789474
58,"survival",1,"Purely rule-based","BRP-GABLE full",TRUE,"C-index",0.864646944406749,339.190000000001,NA,28,28,0,21,7,0,0,0,0.75,0.25,1,1.25
58,"survival",1,"Purely rule-based","BRP-GABLE rule-only",TRUE,"C-index",0.864646944406749,336.18,NA,28,28,0,21,7,0,0,0,0.75,0.25,1,1.25
58,"survival",1,"Purely rule-based","GABLE",TRUE,"C-index",0.829183064187814,5.97000000000025,NA,5,5,0,4,1,0,0,0,0.8,0.2,1,1.2
58,"survival",1,"Purely rule-based","GBM",TRUE,"C-index",0.845422264441127,0.0500000000000003,NA,NA,NA,NA,NA,NA,NA,NA,NA,NA,NA,NA,NA
58,"survival",1,"Purely rule-based","Linear",TRUE,"C-index",0.755021034061609,0.0100000000002183,NA,20,0,20,20,0,0,0,0,1,0,1,1
58,"survival",1,"Purely rule-based","Random forest",TRUE,"C-index",0.844811598136337,0.199999999999818,NA,NA,NA,NA,NA,NA,NA,NA,NA,NA,NA,NA,NA
58,"survival",1,"Purely rule-based","RuleFit",TRUE,"C-index",0.861520106753517,38,NA,55,55,0,2,39,14,0,0,0.0363636363636364,0.709090909090909,0.745454545454545,2.21818181818182
59,"survival",1,"Purely rule-based","BRP-GABLE full",TRUE,"C-index",0.857154024836952,375.31,NA,30,27,3,24,6,0,0,0,0.8,0.2,1,1.2
59,"survival",1,"Purely rule-based","BRP-GABLE rule-only",TRUE,"C-index",0.858510899669436,318.11,NA,30,30,0,24,6,0,0,0,0.8,0.2,1,1.2
59,"survival",1,"Purely rule-based","GABLE",TRUE,"C-index",0.806837979094077,7.80000000000018,NA,5,5,0,5,0,0,0,0,1,0,1,1
59,"survival",1,"Purely rule-based","GBM",TRUE,"C-index",0.84296546948986,0.0700000000000003,NA,NA,NA,NA,NA,NA,NA,NA,NA,NA,NA,NA,NA
59,"survival",1,"Purely rule-based","Linear",TRUE,"C-index",0.756711784150809,0,NA,20,0,20,20,0,0,0,0,1,0,1,1
59,"survival",1,"Purely rule-based","Random forest",TRUE,"C-index",0.839486732779416,0.220000000000255,NA,NA,NA,NA,NA,NA,NA,NA,NA,NA,NA,NA,NA
59,"survival",1,"Purely rule-based","RuleFit",TRUE,"C-index",0.854401188242652,44.61,NA,47,47,0,0,38,9,0,0,0,0.808510638297872,0.808510638297872,2.19148936170213
60,"survival",1,"Purely rule-based","BRP-GABLE full",TRUE,"C-index",0.881491979182794,420.17,NA,37,34,3,28,9,0,0,0,0.756756756756757,0.243243243243243,1,1.24324324324324
60,"survival",1,"Purely rule-based","BRP-GABLE rule-only",TRUE,"C-index",0.882629303671593,370.900000000001,NA,30,30,0,21,9,0,0,0,0.7,0.3,1,1.3
60,"survival",1,"Purely rule-based","GABLE",TRUE,"C-index",0.857661756124284,7.86999999999989,NA,5,5,0,5,0,0,0,0,1,0,1,1
60,"survival",1,"Purely rule-based","GBM",TRUE,"C-index",0.877222546415939,0.0499999999999998,NA,NA,NA,NA,NA,NA,NA,NA,NA,NA,NA,NA,NA
60,"survival",1,"Purely rule-based","Linear",TRUE,"C-index",0.785599447415118,0.0199999999995271,NA,20,0,20,20,0,0,0,0,1,0,1,1
60,"survival",1,"Purely rule-based","Random forest",TRUE,"C-index",0.862627874572759,0.220000000000255,NA,NA,NA,NA,NA,NA,NA,NA,NA,NA,NA,NA,NA
60,"survival",1,"Purely rule-based","RuleFit",TRUE,"C-index",0.876525860734319,37.0799999999999,NA,43,43,0,2,35,6,0,0,0.0465116279069767,0.813953488372093,0.86046511627907,2.09302325581395
61,"survival",1,"Purely rule-based","BRP-GABLE full",TRUE,"C-index",0.872968084346812,330.340000000001,NA,33,33,0,24,9,0,0,0,0.727272727272727,0.272727272727273,1,1.27272727272727
61,"survival",1,"Purely rule-based","BRP-GABLE rule-only",TRUE,"C-index",0.872968084346812,343.110000000001,NA,33,33,0,24,9,0,0,0,0.727272727272727,0.272727272727273,1,1.27272727272727
61,"survival",1,"Purely rule-based","GABLE",TRUE,"C-index",0.82940238474903,7.64000000000033,NA,5,5,0,5,0,0,0,0,1,0,1,1
61,"survival",1,"Purely rule-based","GBM",TRUE,"C-index",0.868285455886903,0.0499999999999998,NA,NA,NA,NA,NA,NA,NA,NA,NA,NA,NA,NA,NA
61,"survival",1,"Purely rule-based","Linear",TRUE,"C-index",0.769188661732156,0.0100000000002183,NA,20,0,20,20,0,0,0,0,1,0,1,1
61,"survival",1,"Purely rule-based","Random forest",TRUE,"C-index",0.835185758145513,0.229999999999563,NA,NA,NA,NA,NA,NA,NA,NA,NA,NA,NA,NA,NA
61,"survival",1,"Purely rule-based","RuleFit",TRUE,"C-index",0.870231096936954,36.1099999999999,NA,53,53,0,1,40,12,0,0,0.0188679245283019,0.754716981132076,0.773584905660377,2.20754716981132
62,"survival",1,"Purely rule-based","BRP-GABLE full",TRUE,"C-index",0.870584554051548,481.750000000001,NA,26,26,0,12,14,0,0,0,0.461538461538462,0.538461538461538,1,1.53846153846154
62,"survival",1,"Purely rule-based","BRP-GABLE rule-only",TRUE,"C-index",0.870810541442611,483.35,NA,29,29,0,15,14,0,0,0,0.517241379310345,0.482758620689655,1,1.48275862068966
62,"survival",1,"Purely rule-based","GABLE",TRUE,"C-index",0.843338587057296,7.85000000000036,NA,5,5,0,5,0,0,0,0,1,0,1,1
62,"survival",1,"Purely rule-based","GBM",TRUE,"C-index",0.856729788614871,0.0600000000000001,NA,NA,NA,NA,NA,NA,NA,NA,NA,NA,NA,NA,NA
62,"survival",1,"Purely rule-based","Linear",TRUE,"C-index",0.779957815687002,0,NA,20,0,20,20,0,0,0,0,1,0,1,1
62,"survival",1,"Purely rule-based","Random forest",TRUE,"C-index",0.854301872798072,0.220000000000255,NA,NA,NA,NA,NA,NA,NA,NA,NA,NA,NA,NA,NA
62,"survival",1,"Purely rule-based","RuleFit",TRUE,"C-index",0.86819720007417,41.97,NA,41,41,0,1,32,8,0,0,0.024390243902439,0.780487804878049,0.804878048780488,2.17073170731707
63,"survival",1,"Purely rule-based","BRP-GABLE full",TRUE,"C-index",0.862885819123678,333.21,NA,27,26,1,20,7,0,0,0,0.740740740740741,0.259259259259259,1,1.25925925925926
63,"survival",1,"Purely rule-based","BRP-GABLE rule-only",TRUE,"C-index",0.863803151305849,331.15,NA,28,28,0,21,7,0,0,0,0.75,0.25,1,1.25
63,"survival",1,"Purely rule-based","GABLE",TRUE,"C-index",0.815146773149147,7.78999999999996,NA,5,5,0,5,0,0,0,0,1,0,1,1
63,"survival",1,"Purely rule-based","GBM",TRUE,"C-index",0.845461903734082,0.0299999999999998,NA,NA,NA,NA,NA,NA,NA,NA,NA,NA,NA,NA,NA
63,"survival",1,"Purely rule-based","Linear",TRUE,"C-index",0.742715303259227,0.0299999999997453,NA,20,0,20,20,0,0,0,0,1,0,1,1
63,"survival",1,"Purely rule-based","Random forest",TRUE,"C-index",0.836142887977552,0.199999999999818,NA,NA,NA,NA,NA,NA,NA,NA,NA,NA,NA,NA,NA
63,"survival",1,"Purely rule-based","RuleFit",TRUE,"C-index",0.854710770559033,36.64,NA,48,48,0,1,41,6,0,0,0.0208333333333333,0.854166666666667,0.875,2.10416666666667
64,"survival",1,"Purely rule-based","BRP-GABLE full",TRUE,"C-index",0.861925326241719,340.18,NA,37,35,2,21,16,0,0,0,0.567567567567568,0.432432432432432,1,1.43243243243243
64,"survival",1,"Purely rule-based","BRP-GABLE rule-only",TRUE,"C-index",0.862301872139134,336.42,NA,35,35,0,20,15,0,0,0,0.571428571428571,0.428571428571429,1,1.42857142857143
64,"survival",1,"Purely rule-based","GABLE",TRUE,"C-index",0.840709318334255,7.47000000000025,NA,5,5,0,5,0,0,0,0,1,0,1,1
64,"survival",1,"Purely rule-based","GBM",TRUE,"C-index",0.850005295176682,0.0499999999999998,NA,NA,NA,NA,NA,NA,NA,NA,NA,NA,NA,NA,NA
64,"survival",1,"Purely rule-based","Linear",TRUE,"C-index",0.735770683548474,0.0100000000002183,NA,20,0,20,20,0,0,0,0,1,0,1,1
64,"survival",1,"Purely rule-based","Random forest",TRUE,"C-index",0.829012861395809,0.220000000000255,NA,NA,NA,NA,NA,NA,NA,NA,NA,NA,NA,NA,NA
64,"survival",1,"Purely rule-based","RuleFit",TRUE,"C-index",0.860366190885236,42.63,NA,48,48,0,0,43,5,0,0,0,0.895833333333333,0.895833333333333,2.10416666666667
65,"survival",1,"Purely rule-based","BRP-GABLE full",TRUE,"C-index",0.867240713009033,313.54,NA,41,39,2,26,15,0,0,0,0.634146341463415,0.365853658536585,1,1.36585365853659
65,"survival",1,"Purely rule-based","BRP-GABLE rule-only",TRUE,"C-index",0.86564054876576,309.259999999999,NA,39,39,0,24,15,0,0,0,0.615384615384615,0.384615384615385,1,1.38461538461538
65,"survival",1,"Purely rule-based","GABLE",TRUE,"C-index",0.837821844355345,6.47000000000025,NA,5,5,0,4,1,0,0,0,0.8,0.2,1,1.2
65,"survival",1,"Purely rule-based","GBM",TRUE,"C-index",0.874251243901261,0.0499999999999998,NA,NA,NA,NA,NA,NA,NA,NA,NA,NA,NA,NA,NA
65,"survival",1,"Purely rule-based","Linear",TRUE,"C-index",0.777136370223661,0.0200000000004366,NA,20,0,20,20,0,0,0,0,1,0,1,1
65,"survival",1,"Purely rule-based","Random forest",TRUE,"C-index",0.854415245640307,0.199999999999818,NA,NA,NA,NA,NA,NA,NA,NA,NA,NA,NA,NA,NA
65,"survival",1,"Purely rule-based","RuleFit",TRUE,"C-index",0.869100526544611,41.72,NA,52,52,0,0,39,13,0,0,0,0.75,0.75,2.25
66,"survival",1,"Purely rule-based","BRP-GABLE full",TRUE,"C-index",0.877745421373939,380.09,NA,26,25,1,18,8,0,0,0,0.692307692307692,0.307692307692308,1,1.30769230769231
66,"survival",1,"Purely rule-based","BRP-GABLE rule-only",TRUE,"C-index",0.878955862746474,374.499999999999,NA,24,24,0,16,8,0,0,0,0.666666666666667,0.333333333333333,1,1.33333333333333
66,"survival",1,"Purely rule-based","GABLE",TRUE,"C-index",0.84173625242673,6.21000000000004,NA,5,5,0,4,1,0,0,0,0.8,0.2,1,1.2
66,"survival",1,"Purely rule-based","GBM",TRUE,"C-index",0.858799382499474,0.04,NA,NA,NA,NA,NA,NA,NA,NA,NA,NA,NA,NA,NA
66,"survival",1,"Purely rule-based","Linear",TRUE,"C-index",0.771057001847824,0.00999999999930878,NA,20,0,20,20,0,0,0,0,1,0,1,1
66,"survival",1,"Purely rule-based","Random forest",TRUE,"C-index",0.853600916894721,0.220000000000255,NA,NA,NA,NA,NA,NA,NA,NA,NA,NA,NA,NA,NA
66,"survival",1,"Purely rule-based","RuleFit",TRUE,"C-index",0.869880476223891,43.51,NA,41,41,0,0,30,11,0,0,0,0.731707317073171,0.731707317073171,2.26829268292683
67,"survival",1,"Purely rule-based","BRP-GABLE full",TRUE,"C-index",0.864166537068717,318.680000000001,NA,30,30,0,24,6,0,0,0,0.8,0.2,1,1.2
67,"survival",1,"Purely rule-based","BRP-GABLE rule-only",TRUE,"C-index",0.864166537068717,314.83,NA,30,30,0,24,6,0,0,0,0.8,0.2,1,1.2
67,"survival",1,"Purely rule-based","GABLE",TRUE,"C-index",0.827780986869876,7.88999999999942,NA,5,5,0,5,0,0,0,0,1,0,1,1
67,"survival",1,"Purely rule-based","GBM",TRUE,"C-index",0.8524360711826,0.04,NA,NA,NA,NA,NA,NA,NA,NA,NA,NA,NA,NA,NA
67,"survival",1,"Purely rule-based","Linear",TRUE,"C-index",0.761613827730999,0.0200000000004366,NA,20,0,20,20,0,0,0,0,1,0,1,1
67,"survival",1,"Purely rule-based","Random forest",TRUE,"C-index",0.839405922996601,0.220000000000255,NA,NA,NA,NA,NA,NA,NA,NA,NA,NA,NA,NA,NA
67,"survival",1,"Purely rule-based","RuleFit",TRUE,"C-index",0.858456821665815,40.8,NA,32,32,0,0,27,5,0,0,0,0.84375,0.84375,2.15625
68,"survival",1,"Purely rule-based","BRP-GABLE full",TRUE,"C-index",0.869846864655029,362.71,NA,35,32,3,25,10,0,0,0,0.714285714285714,0.285714285714286,1,1.28571428571429
68,"survival",1,"Purely rule-based","BRP-GABLE rule-only",TRUE,"C-index",0.873776465264712,353.040000000001,NA,39,39,0,29,10,0,0,0,0.743589743589744,0.256410256410256,1,1.25641025641026
68,"survival",1,"Purely rule-based","GABLE",TRUE,"C-index",0.838535092524233,7.80000000000018,NA,5,5,0,5,0,0,0,0,1,0,1,1
68,"survival",1,"Purely rule-based","GBM",TRUE,"C-index",0.866947295720308,0.0499999999999998,NA,NA,NA,NA,NA,NA,NA,NA,NA,NA,NA,NA,NA
68,"survival",1,"Purely rule-based","Linear",TRUE,"C-index",0.797196884898426,0,NA,20,0,20,20,0,0,0,0,1,0,1,1
68,"survival",1,"Purely rule-based","Random forest",TRUE,"C-index",0.851103860534902,0.220000000000255,NA,NA,NA,NA,NA,NA,NA,NA,NA,NA,NA,NA,NA
68,"survival",1,"Purely rule-based","RuleFit",TRUE,"C-index",0.876277120198147,49.35,NA,41,41,0,1,31,9,0,0,0.024390243902439,0.75609756097561,0.780487804878049,2.19512195121951
69,"survival",1,"Purely rule-based","BRP-GABLE full",TRUE,"C-index",0.877791500016995,318.809999999999,NA,31,30,1,22,9,0,0,0,0.709677419354839,0.290322580645161,1,1.29032258064516
69,"survival",1,"Purely rule-based","BRP-GABLE rule-only",TRUE,"C-index",0.877400605037447,315.49,NA,31,31,0,21,10,0,0,0,0.67741935483871,0.32258064516129,1,1.32258064516129
69,"survival",1,"Purely rule-based","GABLE",TRUE,"C-index",0.832215411459455,6.42000000000007,NA,5,5,0,4,1,0,0,0,0.8,0.2,1,1.2
69,"survival",1,"Purely rule-based","GBM",TRUE,"C-index",0.866223274680203,0.0500000000000003,NA,NA,NA,NA,NA,NA,NA,NA,NA,NA,NA,NA,NA
69,"survival",1,"Purely rule-based","Linear",TRUE,"C-index",0.778628808393478,0.0200000000004366,NA,20,0,20,20,0,0,0,0,1,0,1,1
69,"survival",1,"Purely rule-based","Random forest",TRUE,"C-index",0.864104510588155,0.220000000000255,NA,NA,NA,NA,NA,NA,NA,NA,NA,NA,NA,NA,NA
69,"survival",1,"Purely rule-based","RuleFit",TRUE,"C-index",0.875327162102449,43.36,NA,50,50,0,0,29,21,0,0,0,0.58,0.58,2.42
70,"survival",1,"Purely rule-based","BRP-GABLE full",TRUE,"C-index",0.887647312446105,326.14,NA,39,37,2,26,13,0,0,0,0.666666666666667,0.333333333333333,1,1.33333333333333
70,"survival",1,"Purely rule-based","BRP-GABLE rule-only",TRUE,"C-index",0.887898821500431,323.21,NA,34,34,0,21,13,0,0,0,0.617647058823529,0.382352941176471,1,1.38235294117647
70,"survival",1,"Purely rule-based","GABLE",TRUE,"C-index",0.849861071189039,7.89000000000033,NA,5,5,0,5,0,0,0,0,1,0,1,1
70,"survival",1,"Purely rule-based","GBM",TRUE,"C-index",0.871101609657948,0.0299999999999998,NA,NA,NA,NA,NA,NA,NA,NA,NA,NA,NA,NA,NA
70,"survival",1,"Purely rule-based","Linear",TRUE,"C-index",0.787414965986394,0.0100000000002183,NA,20,0,20,20,0,0,0,0,1,0,1,1
70,"survival",1,"Purely rule-based","Random forest",TRUE,"C-index",0.865370796205806,0.210000000000036,NA,NA,NA,NA,NA,NA,NA,NA,NA,NA,NA,NA,NA
70,"survival",1,"Purely rule-based","RuleFit",TRUE,"C-index",0.876245568649995,41.39,NA,39,39,0,0,27,12,0,0,0,0.692307692307692,0.692307692307692,2.30769230769231
71,"survival",1,"Purely rule-based","BRP-GABLE full",TRUE,"C-index",0.867227000725698,330.72,NA,32,31,1,26,6,0,0,0,0.8125,0.1875,1,1.1875
71,"survival",1,"Purely rule-based","BRP-GABLE rule-only",TRUE,"C-index",0.867566056366513,329.23,NA,30,30,0,24,6,0,0,0,0.8,0.2,1,1.2
71,"survival",1,"Purely rule-based","GABLE",TRUE,"C-index",0.837283034131601,7.01000000000022,NA,5,5,0,4,1,0,0,0,0.8,0.2,1,1.2
71,"survival",1,"Purely rule-based","GBM",TRUE,"C-index",0.846384001332429,0.0599999999999996,NA,NA,NA,NA,NA,NA,NA,NA,NA,NA,NA,NA,NA
71,"survival",1,"Purely rule-based","Linear",TRUE,"C-index",0.756629430029623,0.0100000000002183,NA,20,0,20,20,0,0,0,0,1,0,1,1
71,"survival",1,"Purely rule-based","Random forest",TRUE,"C-index",0.832482720059008,0.220000000000255,NA,NA,NA,NA,NA,NA,NA,NA,NA,NA,NA,NA,NA
71,"survival",1,"Purely rule-based","RuleFit",TRUE,"C-index",0.867809938494117,43.97,NA,46,46,0,0,39,7,0,0,0,0.847826086956522,0.847826086956522,2.15217391304348
72,"survival",1,"Purely rule-based","BRP-GABLE full",TRUE,"C-index",0.863709166330587,334.25,NA,22,21,1,8,14,0,0,0,0.363636363636364,0.636363636363636,1,1.63636363636364
72,"survival",1,"Purely rule-based","BRP-GABLE rule-only",TRUE,"C-index",0.864953621017457,331.66,NA,25,25,0,10,15,0,0,0,0.4,0.6,1,1.6
72,"survival",1,"Purely rule-based","GABLE",TRUE,"C-index",0.83053523074264,7.69999999999982,NA,5,5,0,5,0,0,0,0,1,0,1,1
72,"survival",1,"Purely rule-based","GBM",TRUE,"C-index",0.851276142190471,0.0300000000000002,NA,NA,NA,NA,NA,NA,NA,NA,NA,NA,NA,NA,NA
72,"survival",1,"Purely rule-based","Linear",TRUE,"C-index",0.783372702655989,0,NA,20,0,20,20,0,0,0,0,1,0,1,1
72,"survival",1,"Purely rule-based","Random forest",TRUE,"C-index",0.844581436884254,0.220000000000255,NA,NA,NA,NA,NA,NA,NA,NA,NA,NA,NA,NA,NA
72,"survival",1,"Purely rule-based","RuleFit",TRUE,"C-index",0.863737973152042,39.09,NA,54,54,0,1,39,14,0,0,0.0185185185185185,0.722222222222222,0.740740740740741,2.24074074074074
73,"survival",1,"Purely rule-based","BRP-GABLE full",TRUE,"C-index",0.858044146220234,368.839999999999,NA,29,29,0,20,9,0,0,0,0.689655172413793,0.310344827586207,1,1.31034482758621
73,"survival",1,"Purely rule-based","BRP-GABLE rule-only",TRUE,"C-index",0.858258777280737,360.779999999999,NA,29,29,0,20,9,0,0,0,0.689655172413793,0.310344827586207,1,1.31034482758621
73,"survival",1,"Purely rule-based","GABLE",TRUE,"C-index",0.812943382585513,7.48999999999978,NA,5,5,0,5,0,0,0,0,1,0,1,1
73,"survival",1,"Purely rule-based","GBM",TRUE,"C-index",0.850797523835344,0.0499999999999998,NA,NA,NA,NA,NA,NA,NA,NA,NA,NA,NA,NA,NA
73,"survival",1,"Purely rule-based","Linear",TRUE,"C-index",0.769734761194704,0.0199999999995271,NA,20,0,20,20,0,0,0,0,1,0,1,1
73,"survival",1,"Purely rule-based","Random forest",TRUE,"C-index",0.836089648005061,0.229999999999563,NA,NA,NA,NA,NA,NA,NA,NA,NA,NA,NA,NA,NA
73,"survival",1,"Purely rule-based","RuleFit",TRUE,"C-index",0.85556459265284,45.5999999999999,NA,43,43,0,0,39,4,0,0,0,0.906976744186046,0.906976744186046,2.09302325581395
74,"survival",1,"Purely rule-based","BRP-GABLE full",TRUE,"C-index",0.844714452214452,440.66,NA,26,25,1,17,9,0,0,0,0.653846153846154,0.346153846153846,1,1.34615384615385
74,"survival",1,"Purely rule-based","BRP-GABLE rule-only",TRUE,"C-index",0.845920745920746,463.55,NA,26,26,0,17,9,0,0,0,0.653846153846154,0.346153846153846,1,1.34615384615385
74,"survival",1,"Purely rule-based","GABLE",TRUE,"C-index",0.806287878787879,7.92000000000007,NA,5,5,0,5,0,0,0,0,1,0,1,1
74,"survival",1,"Purely rule-based","GBM",TRUE,"C-index",0.846742424242424,0.0500000000000003,NA,NA,NA,NA,NA,NA,NA,NA,NA,NA,NA,NA,NA
74,"survival",1,"Purely rule-based","Linear",TRUE,"C-index",0.784020979020979,0.0100000000002183,NA,20,0,20,20,0,0,0,0,1,0,1,1
74,"survival",1,"Purely rule-based","Random forest",TRUE,"C-index",0.827902097902098,0.219999999999345,NA,NA,NA,NA,NA,NA,NA,NA,NA,NA,NA,NA,NA
74,"survival",1,"Purely rule-based","RuleFit",TRUE,"C-index",0.846346153846154,39.01,NA,48,48,0,0,40,8,0,0,0,0.833333333333333,0.833333333333333,2.16666666666667
75,"survival",1,"Purely rule-based","BRP-GABLE full",TRUE,"C-index",0.866413365044376,338.860000000001,NA,35,34,1,21,14,0,0,0,0.6,0.4,1,1.4
75,"survival",1,"Purely rule-based","BRP-GABLE rule-only",TRUE,"C-index",0.868252218806195,335.799999999999,NA,34,34,0,19,15,0,0,0,0.558823529411765,0.441176470588235,1,1.44117647058824
75,"survival",1,"Purely rule-based","GABLE",TRUE,"C-index",0.825419107836882,7.77999999999975,NA,5,5,0,5,0,0,0,0,1,0,1,1
75,"survival",1,"Purely rule-based","GBM",TRUE,"C-index",0.85942920122977,0.0500000000000003,NA,NA,NA,NA,NA,NA,NA,NA,NA,NA,NA,NA,NA
75,"survival",1,"Purely rule-based","Linear",TRUE,"C-index",0.773211903242647,0,NA,20,0,20,20,0,0,0,0,1,0,1,1
75,"survival",1,"Purely rule-based","Random forest",TRUE,"C-index",0.849527234758397,0.239999999999782,NA,NA,NA,NA,NA,NA,NA,NA,NA,NA,NA,NA,NA
75,"survival",1,"Purely rule-based","RuleFit",TRUE,"C-index",0.865502639364232,43.78,NA,56,56,0,1,38,17,0,0,0.0178571428571429,0.678571428571429,0.696428571428571,2.28571428571429
76,"survival",1,"Purely rule-based","BRP-GABLE full",TRUE,"C-index",0.871117390792417,350.859999999999,NA,35,32,3,28,7,0,0,0,0.8,0.2,1,1.2
76,"survival",1,"Purely rule-based","BRP-GABLE rule-only",TRUE,"C-index",0.870870128340987,345.99,NA,34,34,0,27,7,0,0,0,0.794117647058823,0.205882352941176,1,1.20588235294118
76,"survival",1,"Purely rule-based","GABLE",TRUE,"C-index",0.829824561403509,6.96000000000004,NA,5,5,0,4,1,0,0,0,0.8,0.2,1,1.2
76,"survival",1,"Purely rule-based","GBM",TRUE,"C-index",0.855851878017191,0.0500000000000003,NA,NA,NA,NA,NA,NA,NA,NA,NA,NA,NA,NA,NA
76,"survival",1,"Purely rule-based","Linear",TRUE,"C-index",0.778605910750029,0.0100000000002183,NA,20,0,20,20,0,0,0,0,1,0,1,1
76,"survival",1,"Purely rule-based","Random forest",TRUE,"C-index",0.838608265630519,0.220000000000255,NA,NA,NA,NA,NA,NA,NA,NA,NA,NA,NA,NA,NA
76,"survival",1,"Purely rule-based","RuleFit",TRUE,"C-index",0.860602849405393,49.5599999999999,NA,41,41,0,0,34,7,0,0,0,0.829268292682927,0.829268292682927,2.17073170731707
77,"survival",1,"Purely rule-based","BRP-GABLE full",TRUE,"C-index",0.865636228472308,415.26,NA,34,34,0,25,9,0,0,0,0.735294117647059,0.264705882352941,1,1.26470588235294
77,"survival",1,"Purely rule-based","BRP-GABLE rule-only",TRUE,"C-index",0.866057489778218,458.420000000001,NA,32,32,0,23,9,0,0,0,0.71875,0.28125,1,1.28125
77,"survival",1,"Purely rule-based","GABLE",TRUE,"C-index",0.817321273695949,7.28999999999996,NA,5,5,0,4,1,0,0,0,0.8,0.2,1,1.2
77,"survival",1,"Purely rule-based","GBM",TRUE,"C-index",0.85591004832115,0.0299999999999998,NA,NA,NA,NA,NA,NA,NA,NA,NA,NA,NA,NA,NA
77,"survival",1,"Purely rule-based","Linear",TRUE,"C-index",0.791116342460662,0.0199999999995271,NA,20,0,20,20,0,0,0,0,1,0,1,1
77,"survival",1,"Purely rule-based","Random forest",TRUE,"C-index",0.836748853921447,0.219999999999345,NA,NA,NA,NA,NA,NA,NA,NA,NA,NA,NA,NA,NA
77,"survival",1,"Purely rule-based","RuleFit",TRUE,"C-index",0.858685416924792,36.37,NA,44,44,0,0,30,14,0,0,0,0.681818181818182,0.681818181818182,2.31818181818182
78,"survival",1,"Purely rule-based","BRP-GABLE full",TRUE,"C-index",0.871465340949157,351.030000000001,NA,30,29,1,20,10,0,0,0,0.666666666666667,0.333333333333333,1,1.33333333333333
78,"survival",1,"Purely rule-based","BRP-GABLE rule-only",TRUE,"C-index",0.872681757280869,347.05,NA,27,27,0,17,10,0,0,0,0.62962962962963,0.37037037037037,1,1.37037037037037
78,"survival",1,"Purely rule-based","GABLE",TRUE,"C-index",0.839480055473286,8.5,NA,5,5,0,5,0,0,0,0,1,0,1,1
78,"survival",1,"Purely rule-based","GBM",TRUE,"C-index",0.871788543356134,0.0500000000000003,NA,NA,NA,NA,NA,NA,NA,NA,NA,NA,NA,NA,NA
78,"survival",1,"Purely rule-based","Linear",TRUE,"C-index",0.774016877042052,0.0200000000004366,NA,20,0,20,20,0,0,0,0,1,0,1,1
78,"survival",1,"Purely rule-based","Random forest",TRUE,"C-index",0.849187880497379,0.220000000000255,NA,NA,NA,NA,NA,NA,NA,NA,NA,NA,NA,NA,NA
78,"survival",1,"Purely rule-based","RuleFit",TRUE,"C-index",0.872540723503279,48.26,NA,44,44,0,1,34,9,0,0,0.0227272727272727,0.772727272727273,0.795454545454545,2.18181818181818
79,"survival",1,"Purely rule-based","BRP-GABLE full",TRUE,"C-index",0.847289278101054,362.44,NA,38,37,1,31,7,0,0,0,0.815789473684211,0.184210526315789,1,1.18421052631579
79,"survival",1,"Purely rule-based","BRP-GABLE rule-only",TRUE,"C-index",0.847986403180273,358.4,NA,37,37,0,30,7,0,0,0,0.810810810810811,0.189189189189189,1,1.18918918918919
79,"survival",1,"Purely rule-based","GABLE",TRUE,"C-index",0.812571296883102,7.88999999999942,NA,5,5,0,5,0,0,0,0,1,0,1,1
79,"survival",1,"Purely rule-based","GBM",TRUE,"C-index",0.836936106470012,0.04,NA,NA,NA,NA,NA,NA,NA,NA,NA,NA,NA,NA,NA
79,"survival",1,"Purely rule-based","Linear",TRUE,"C-index",0.76513222331048,0.0100000000002183,NA,20,0,20,20,0,0,0,0,1,0,1,1
79,"survival",1,"Purely rule-based","Random forest",TRUE,"C-index",0.81905859307484,0.220000000000255,NA,NA,NA,NA,NA,NA,NA,NA,NA,NA,NA,NA,NA
79,"survival",1,"Purely rule-based","RuleFit",TRUE,"C-index",0.839724606786887,42.09,NA,46,46,0,0,37,9,0,0,0,0.804347826086957,0.804347826086957,2.19565217391304
80,"survival",1,"Purely rule-based","BRP-GABLE full",TRUE,"C-index",0.871013916965611,457.71,NA,26,25,1,11,15,0,0,0,0.423076923076923,0.576923076923077,1,1.57692307692308
80,"survival",1,"Purely rule-based","BRP-GABLE rule-only",TRUE,"C-index",0.872170742822421,454.32,NA,26,26,0,11,15,0,0,0,0.423076923076923,0.576923076923077,1,1.57692307692308
80,"survival",1,"Purely rule-based","GABLE",TRUE,"C-index",0.831494876079412,7.46999999999935,NA,5,5,0,4,1,0,0,0,0.8,0.2,1,1.2
80,"survival",1,"Purely rule-based","GBM",TRUE,"C-index",0.854683976209117,0.0500000000000003,NA,NA,NA,NA,NA,NA,NA,NA,NA,NA,NA,NA,NA
80,"survival",1,"Purely rule-based","Linear",TRUE,"C-index",0.768623143528202,0.0100000000002183,NA,20,0,20,20,0,0,0,0,1,0,1,1
80,"survival",1,"Purely rule-based","Random forest",TRUE,"C-index",0.840182755115157,0.220000000000255,NA,NA,NA,NA,NA,NA,NA,NA,NA,NA,NA,NA,NA
80,"survival",1,"Purely rule-based","RuleFit",TRUE,"C-index",0.865761460171304,36.76,NA,34,34,0,0,28,6,0,0,0,0.823529411764706,0.823529411764706,2.17647058823529
81,"survival",1,"Purely rule-based","BRP-GABLE full",TRUE,"C-index",0.865400431481459,338.7,NA,30,30,0,19,11,0,0,0,0.633333333333333,0.366666666666667,1,1.36666666666667
81,"survival",1,"Purely rule-based","BRP-GABLE rule-only",TRUE,"C-index",0.865400431481459,336.57,NA,30,30,0,19,11,0,0,0,0.633333333333333,0.366666666666667,1,1.36666666666667
81,"survival",1,"Purely rule-based","GABLE",TRUE,"C-index",0.831543440170685,5.94999999999982,NA,5,5,0,3,2,0,0,0,0.6,0.4,1,1.4
81,"survival",1,"Purely rule-based","GBM",TRUE,"C-index",0.861592190423972,0.0300000000000002,NA,NA,NA,NA,NA,NA,NA,NA,NA,NA,NA,NA,NA
81,"survival",1,"Purely rule-based","Linear",TRUE,"C-index",0.767643658295291,0,NA,20,0,20,20,0,0,0,0,1,0,1,1
81,"survival",1,"Purely rule-based","Random forest",TRUE,"C-index",0.85833820041241,0.210000000000036,NA,NA,NA,NA,NA,NA,NA,NA,NA,NA,NA,NA,NA
81,"survival",1,"Purely rule-based","RuleFit",TRUE,"C-index",0.862515942167181,43.01,NA,41,41,0,1,29,11,0,0,0.024390243902439,0.707317073170732,0.731707317073171,2.24390243902439
82,"survival",1,"Purely rule-based","BRP-GABLE full",TRUE,"C-index",0.870852942546946,423.639999999999,NA,28,28,0,15,13,0,0,0,0.535714285714286,0.464285714285714,1,1.46428571428571
82,"survival",1,"Purely rule-based","BRP-GABLE rule-only",TRUE,"C-index",0.871225711756209,408.28,NA,29,29,0,15,14,0,0,0,0.517241379310345,0.482758620689655,1,1.48275862068966
82,"survival",1,"Purely rule-based","GABLE",TRUE,"C-index",0.835934951772983,7.69000000000051,NA,5,5,0,5,0,0,0,0,1,0,1,1
82,"survival",1,"Purely rule-based","GBM",TRUE,"C-index",0.86283258002889,0.0500000000000003,NA,NA,NA,NA,NA,NA,NA,NA,NA,NA,NA,NA,NA
82,"survival",1,"Purely rule-based","Linear",TRUE,"C-index",0.790969665905596,0.0199999999995271,NA,20,0,20,20,0,0,0,0,1,0,1,1
82,"survival",1,"Purely rule-based","Random forest",TRUE,"C-index",0.851032104748148,0.239999999999782,NA,NA,NA,NA,NA,NA,NA,NA,NA,NA,NA,NA,NA
82,"survival",1,"Purely rule-based","RuleFit",TRUE,"C-index",0.870713154093472,40.89,NA,59,59,0,0,45,14,0,0,0,0.76271186440678,0.76271186440678,2.23728813559322
83,"survival",1,"Purely rule-based","BRP-GABLE full",TRUE,"C-index",0.873220227387629,369.26,NA,37,35,2,25,12,0,0,0,0.675675675675676,0.324324324324324,1,1.32432432432432
83,"survival",1,"Purely rule-based","BRP-GABLE rule-only",TRUE,"C-index",0.872608843897335,366.12,NA,34,34,0,22,12,0,0,0,0.647058823529412,0.352941176470588,1,1.35294117647059
83,"survival",1,"Purely rule-based","GABLE",TRUE,"C-index",0.836525460595158,8.39000000000033,NA,5,5,0,5,0,0,0,0,1,0,1,1
83,"survival",1,"Purely rule-based","GBM",TRUE,"C-index",0.870809965550892,0.04,NA,NA,NA,NA,NA,NA,NA,NA,NA,NA,NA,NA,NA
83,"survival",1,"Purely rule-based","Linear",TRUE,"C-index",0.78177136608938,0.00999999999930878,NA,20,0,20,20,0,0,0,0,1,0,1,1
83,"survival",1,"Purely rule-based","Random forest",TRUE,"C-index",0.854126250690746,0.25,NA,NA,NA,NA,NA,NA,NA,NA,NA,NA,NA,NA,NA
83,"survival",1,"Purely rule-based","RuleFit",TRUE,"C-index",0.870380821370204,48.0599999999999,NA,50,50,0,0,39,11,0,0,0,0.78,0.78,2.22
84,"survival",1,"Purely rule-based","BRP-GABLE full",TRUE,"C-index",0.87524287278765,350.89,NA,32,32,0,21,11,0,0,0,0.65625,0.34375,1,1.34375
84,"survival",1,"Purely rule-based","BRP-GABLE rule-only",TRUE,"C-index",0.875866982254095,348.54,NA,36,36,0,24,12,0,0,0,0.666666666666667,0.333333333333333,1,1.33333333333333
84,"survival",1,"Purely rule-based","GABLE",TRUE,"C-index",0.839992463583801,7.96000000000004,NA,5,5,0,5,0,0,0,0,1,0,1,1
84,"survival",1,"Purely rule-based","GBM",TRUE,"C-index",0.864650675333545,0.0600000000000001,NA,NA,NA,NA,NA,NA,NA,NA,NA,NA,NA,NA,NA
84,"survival",1,"Purely rule-based","Linear",TRUE,"C-index",0.786001106911129,0.00999999999930878,NA,20,0,20,20,0,0,0,0,1,0,1,1
84,"survival",1,"Purely rule-based","Random forest",TRUE,"C-index",0.853487358839392,0.229999999999563,NA,NA,NA,NA,NA,NA,NA,NA,NA,NA,NA,NA,NA
84,"survival",1,"Purely rule-based","RuleFit",TRUE,"C-index",0.868254024328494,48.64,NA,43,43,0,2,31,10,0,0,0.0465116279069767,0.720930232558139,0.767441860465116,2.18604651162791
85,"survival",1,"Purely rule-based","BRP-GABLE full",TRUE,"C-index",0.868818201527232,324.3,NA,30,30,0,16,14,0,0,0,0.533333333333333,0.466666666666667,1,1.46666666666667
85,"survival",1,"Purely rule-based","BRP-GABLE rule-only",TRUE,"C-index",0.868818201527232,323.74,NA,30,30,0,16,14,0,0,0,0.533333333333333,0.466666666666667,1,1.46666666666667
85,"survival",1,"Purely rule-based","GABLE",TRUE,"C-index",0.837177510659312,6.82999999999993,NA,5,5,0,4,1,0,0,0,0.8,0.2,1,1.2
85,"survival",1,"Purely rule-based","GBM",TRUE,"C-index",0.858104690097078,0.0499999999999998,NA,NA,NA,NA,NA,NA,NA,NA,NA,NA,NA,NA,NA
85,"survival",1,"Purely rule-based","Linear",TRUE,"C-index",0.771625755787344,0.0200000000004366,NA,20,0,20,20,0,0,0,0,1,0,1,1
85,"survival",1,"Purely rule-based","Random forest",TRUE,"C-index",0.848252354684075,0.25,NA,NA,NA,NA,NA,NA,NA,NA,NA,NA,NA,NA,NA
85,"survival",1,"Purely rule-based","RuleFit",TRUE,"C-index",0.86425336641534,38.1400000000001,NA,39,39,0,0,32,7,0,0,0,0.82051282051282,0.82051282051282,2.17948717948718
86,"survival",1,"Purely rule-based","BRP-GABLE full",TRUE,"C-index",0.862392610617272,338.3,NA,29,29,0,21,8,0,0,0,0.724137931034483,0.275862068965517,1,1.27586206896552
86,"survival",1,"Purely rule-based","BRP-GABLE rule-only",TRUE,"C-index",0.862392610617272,335.29,NA,29,29,0,21,8,0,0,0,0.724137931034483,0.275862068965517,1,1.27586206896552
86,"survival",1,"Purely rule-based","GABLE",TRUE,"C-index",0.816078611511149,6.85000000000036,NA,5,5,0,4,1,0,0,0,0.8,0.2,1,1.2
86,"survival",1,"Purely rule-based","GBM",TRUE,"C-index",0.83607290063068,0.0499999999999998,NA,NA,NA,NA,NA,NA,NA,NA,NA,NA,NA,NA,NA
86,"survival",1,"Purely rule-based","Linear",TRUE,"C-index",0.766276009336048,0.0200000000004366,NA,20,0,20,20,0,0,0,0,1,0,1,1
86,"survival",1,"Purely rule-based","Random forest",TRUE,"C-index",0.831007597954015,0.229999999999563,NA,NA,NA,NA,NA,NA,NA,NA,NA,NA,NA,NA,NA
86,"survival",1,"Purely rule-based","RuleFit",TRUE,"C-index",0.85237994736058,45.1099999999999,NA,44,44,0,0,33,11,0,0,0,0.75,0.75,2.25
87,"survival",1,"Purely rule-based","BRP-GABLE full",TRUE,"C-index",0.880780967802205,340.370000000001,NA,39,39,0,30,9,0,0,0,0.769230769230769,0.230769230769231,1,1.23076923076923
87,"survival",1,"Purely rule-based","BRP-GABLE rule-only",TRUE,"C-index",0.880382387743663,337.89,NA,36,36,0,28,8,0,0,0,0.777777777777778,0.222222222222222,1,1.22222222222222
87,"survival",1,"Purely rule-based","GABLE",TRUE,"C-index",0.852718440555521,7.44999999999982,NA,5,5,0,5,0,0,0,0,1,0,1,1
87,"survival",1,"Purely rule-based","GBM",TRUE,"C-index",0.869950800274024,0.04,NA,NA,NA,NA,NA,NA,NA,NA,NA,NA,NA,NA,NA
87,"survival",1,"Purely rule-based","Linear",TRUE,"C-index",0.790845114280376,0.0100000000002183,NA,20,0,20,20,0,0,0,0,1,0,1,1
87,"survival",1,"Purely rule-based","Random forest",TRUE,"C-index",0.855676651927508,0.25,NA,NA,NA,NA,NA,NA,NA,NA,NA,NA,NA,NA,NA
87,"survival",1,"Purely rule-based","RuleFit",TRUE,"C-index",0.875387681385066,44.4200000000001,NA,45,45,0,0,39,6,0,0,0,0.866666666666667,0.866666666666667,2.13333333333333
88,"survival",1,"Purely rule-based","BRP-GABLE full",TRUE,"C-index",0.876311870244107,455.320000000001,NA,33,33,0,12,21,0,0,0,0.363636363636364,0.636363636363636,1,1.63636363636364
88,"survival",1,"Purely rule-based","BRP-GABLE rule-only",TRUE,"C-index",0.877405580248063,429,NA,38,38,0,17,21,0,0,0,0.447368421052632,0.552631578947368,1,1.55263157894737
88,"survival",1,"Purely rule-based","GABLE",TRUE,"C-index",0.849387987806297,7.22000000000025,NA,5,5,0,4,1,0,0,0,0.8,0.2,1,1.2
88,"survival",1,"Purely rule-based","GBM",TRUE,"C-index",0.872542061294301,0.0699999999999998,NA,NA,NA,NA,NA,NA,NA,NA,NA,NA,NA,NA,NA
88,"survival",1,"Purely rule-based","Linear",TRUE,"C-index",0.765876247876574,0.0100000000002183,NA,20,0,20,20,0,0,0,0,1,0,1,1
88,"survival",1,"Purely rule-based","Random forest",TRUE,"C-index",0.86449631163754,0.349999999999454,NA,NA,NA,NA,NA,NA,NA,NA,NA,NA,NA,NA,NA
88,"survival",1,"Purely rule-based","RuleFit",TRUE,"C-index",0.870732785702651,40.79,NA,48,48,0,0,37,11,0,0,0,0.770833333333333,0.770833333333333,2.22916666666667
89,"survival",1,"Purely rule-based","BRP-GABLE full",TRUE,"C-index",0.873183121870595,331.289999999999,NA,35,35,0,24,11,0,0,0,0.685714285714286,0.314285714285714,1,1.31428571428571
89,"survival",1,"Purely rule-based","BRP-GABLE rule-only",TRUE,"C-index",0.873177045355112,330.22,NA,41,41,0,30,11,0,0,0,0.731707317073171,0.268292682926829,1,1.26829268292683
89,"survival",1,"Purely rule-based","GABLE",TRUE,"C-index",0.833485246220407,7.34000000000015,NA,5,5,0,5,0,0,0,0,1,0,1,1
89,"survival",1,"Purely rule-based","GBM",TRUE,"C-index",0.859122065043022,0.0299999999999998,NA,NA,NA,NA,NA,NA,NA,NA,NA,NA,NA,NA,NA
89,"survival",1,"Purely rule-based","Linear",TRUE,"C-index",0.789667493072772,0.0200000000004366,NA,20,0,20,20,0,0,0,0,1,0,1,1
89,"survival",1,"Purely rule-based","Random forest",TRUE,"C-index",0.842022750473968,0.25,NA,NA,NA,NA,NA,NA,NA,NA,NA,NA,NA,NA,NA
89,"survival",1,"Purely rule-based","RuleFit",TRUE,"C-index",0.871293325555394,34.64,NA,37,37,0,0,32,5,0,0,0,0.864864864864865,0.864864864864865,2.13513513513514
90,"survival",1,"Purely rule-based","BRP-GABLE full",TRUE,"C-index",0.859145451227302,332.719999999999,NA,26,25,1,13,13,0,0,0,0.5,0.5,1,1.5
90,"survival",1,"Purely rule-based","BRP-GABLE rule-only",TRUE,"C-index",0.859618806460444,328.02,NA,28,28,0,14,14,0,0,0,0.5,0.5,1,1.5
90,"survival",1,"Purely rule-based","GABLE",TRUE,"C-index",0.825691212701889,7.44000000000051,NA,5,5,0,4,1,0,0,0,0.8,0.2,1,1.2
90,"survival",1,"Purely rule-based","GBM",TRUE,"C-index",0.841180764668309,0.0499999999999998,NA,NA,NA,NA,NA,NA,NA,NA,NA,NA,NA,NA,NA
90,"survival",1,"Purely rule-based","Linear",TRUE,"C-index",0.769093895428415,0.0199999999995271,NA,20,0,20,20,0,0,0,0,1,0,1,1
90,"survival",1,"Purely rule-based","Random forest",TRUE,"C-index",0.820581257413998,0.229999999999563,NA,NA,NA,NA,NA,NA,NA,NA,NA,NA,NA,NA,NA
90,"survival",1,"Purely rule-based","RuleFit",TRUE,"C-index",0.853750342184506,38.96,NA,43,43,0,1,37,5,0,0,0.0232558139534884,0.86046511627907,0.883720930232558,2.09302325581395
91,"survival",1,"Purely rule-based","BRP-GABLE full",TRUE,"C-index",0.864675836895677,351.76,NA,31,29,2,22,9,0,0,0,0.709677419354839,0.290322580645161,1,1.29032258064516
91,"survival",1,"Purely rule-based","BRP-GABLE rule-only",TRUE,"C-index",0.864632966279198,334.15,NA,30,30,0,21,9,0,0,0,0.7,0.3,1,1.3
91,"survival",1,"Purely rule-based","GABLE",TRUE,"C-index",0.814762190566015,6.5,NA,5,5,0,4,1,0,0,0,0.8,0.2,1,1.2
91,"survival",1,"Purely rule-based","GBM",TRUE,"C-index",0.843840717286657,0.0299999999999998,NA,NA,NA,NA,NA,NA,NA,NA,NA,NA,NA,NA,NA
91,"survival",1,"Purely rule-based","Linear",TRUE,"C-index",0.739456890532943,0,NA,20,0,20,20,0,0,0,0,1,0,1,1
91,"survival",1,"Purely rule-based","Random forest",TRUE,"C-index",0.831310248527088,0.25,NA,NA,NA,NA,NA,NA,NA,NA,NA,NA,NA,NA,NA
91,"survival",1,"Purely rule-based","RuleFit",TRUE,"C-index",0.863959285163092,35.4200000000001,NA,46,46,0,2,39,5,0,0,0.0434782608695652,0.847826086956522,0.891304347826087,2.06521739130435
92,"survival",1,"Purely rule-based","BRP-GABLE full",TRUE,"C-index",0.876751592356688,336.23,NA,35,34,1,21,14,0,0,0,0.6,0.4,1,1.4
92,"survival",1,"Purely rule-based","BRP-GABLE rule-only",TRUE,"C-index",0.876739574570364,326.129999999999,NA,34,34,0,20,14,0,0,0,0.588235294117647,0.411764705882353,1,1.41176470588235
92,"survival",1,"Purely rule-based","GABLE",TRUE,"C-index",0.85348515803389,6.44000000000051,NA,5,5,0,4,1,0,0,0,0.8,0.2,1,1.2
92,"survival",1,"Purely rule-based","GBM",TRUE,"C-index",0.860978247806754,0.0499999999999998,NA,NA,NA,NA,NA,NA,NA,NA,NA,NA,NA,NA,NA
92,"survival",1,"Purely rule-based","Linear",TRUE,"C-index",0.759043384208629,0.0100000000002183,NA,20,0,20,20,0,0,0,0,1,0,1,1
92,"survival",1,"Purely rule-based","Random forest",TRUE,"C-index",0.852649921884389,0.219999999999345,NA,NA,NA,NA,NA,NA,NA,NA,NA,NA,NA,NA,NA
92,"survival",1,"Purely rule-based","RuleFit",TRUE,"C-index",0.865659175579858,49.9699999999999,NA,46,46,0,1,37,8,0,0,0.0217391304347826,0.804347826086957,0.826086956521739,2.15217391304348
93,"survival",1,"Purely rule-based","BRP-GABLE full",TRUE,"C-index",0.853554164355337,346.320000000001,NA,36,36,0,23,13,0,0,0,0.638888888888889,0.361111111111111,1,1.36111111111111
93,"survival",1,"Purely rule-based","BRP-GABLE rule-only",TRUE,"C-index",0.85402963784769,345.559999999999,NA,37,37,0,24,13,0,0,0,0.648648648648649,0.351351351351351,1,1.35135135135135
93,"survival",1,"Purely rule-based","GABLE",TRUE,"C-index",0.822829520111397,7.75,NA,5,5,0,5,0,0,0,0,1,0,1,1
93,"survival",1,"Purely rule-based","GBM",TRUE,"C-index",0.842499405658135,0.0499999999999998,NA,NA,NA,NA,NA,NA,NA,NA,NA,NA,NA,NA,NA
93,"survival",1,"Purely rule-based","Linear",TRUE,"C-index",0.759976452741331,0.0200000000004366,NA,20,0,20,20,0,0,0,0,1,0,1,1
93,"survival",1,"Purely rule-based","Random forest",TRUE,"C-index",0.823180464831943,0.239999999999782,NA,NA,NA,NA,NA,NA,NA,NA,NA,NA,NA,NA,NA
93,"survival",1,"Purely rule-based","RuleFit",TRUE,"C-index",0.844112619292903,36.8599999999999,NA,35,35,0,1,29,5,0,0,0.0285714285714286,0.828571428571429,0.857142857142857,2.11428571428571
94,"survival",1,"Purely rule-based","BRP-GABLE full",TRUE,"C-index",0.860434351849767,357.710000000001,NA,28,28,0,19,9,0,0,0,0.678571428571429,0.321428571428571,1,1.32142857142857
94,"survival",1,"Purely rule-based","BRP-GABLE rule-only",TRUE,"C-index",0.860434351849767,355.440000000001,NA,28,28,0,19,9,0,0,0,0.678571428571429,0.321428571428571,1,1.32142857142857
94,"survival",1,"Purely rule-based","GABLE",TRUE,"C-index",0.819172051969107,7.71000000000095,NA,5,5,0,5,0,0,0,0,1,0,1,1
94,"survival",1,"Purely rule-based","GBM",TRUE,"C-index",0.848990115061584,0.04,NA,NA,NA,NA,NA,NA,NA,NA,NA,NA,NA,NA,NA
94,"survival",1,"Purely rule-based","Linear",TRUE,"C-index",0.779964423228479,0.0200000000004366,NA,20,0,20,20,0,0,0,0,1,0,1,1
94,"survival",1,"Purely rule-based","Random forest",TRUE,"C-index",0.840456193285447,0.25,NA,NA,NA,NA,NA,NA,NA,NA,NA,NA,NA,NA,NA
94,"survival",1,"Purely rule-based","RuleFit",TRUE,"C-index",0.864521177185832,45.24,NA,44,44,0,2,36,6,0,0,0.0454545454545455,0.818181818181818,0.863636363636364,2.09090909090909
95,"survival",1,"Purely rule-based","BRP-GABLE full",TRUE,"C-index",0.866962305986696,351.009999999999,NA,30,28,2,17,13,0,0,0,0.566666666666667,0.433333333333333,1,1.43333333333333
95,"survival",1,"Purely rule-based","BRP-GABLE rule-only",TRUE,"C-index",0.845922105466114,349.610000000001,NA,30,30,0,19,11,0,0,0,0.633333333333333,0.366666666666667,1,1.36666666666667
95,"survival",1,"Purely rule-based","GABLE",TRUE,"C-index",0.836221440277644,7.5,NA,5,5,0,4,1,0,0,0,0.8,0.2,1,1.2
95,"survival",1,"Purely rule-based","GBM",TRUE,"C-index",0.845819676082136,0.0600000000000001,NA,NA,NA,NA,NA,NA,NA,NA,NA,NA,NA,NA,NA
95,"survival",1,"Purely rule-based","Linear",TRUE,"C-index",0.755736045502748,0.0100000000002183,NA,20,0,20,20,0,0,0,0,1,0,1,1
95,"survival",1,"Purely rule-based","Random forest",TRUE,"C-index",0.838330280536007,0.239999999999782,NA,NA,NA,NA,NA,NA,NA,NA,NA,NA,NA,NA,NA
95,"survival",1,"Purely rule-based","RuleFit",TRUE,"C-index",0.859352405282946,49.41,NA,49,49,0,0,39,10,0,0,0,0.795918367346939,0.795918367346939,2.20408163265306
96,"survival",1,"Purely rule-based","BRP-GABLE full",TRUE,"C-index",0.888870477114822,383.48,NA,33,32,1,22,11,0,0,0,0.666666666666667,0.333333333333333,1,1.33333333333333
96,"survival",1,"Purely rule-based","BRP-GABLE rule-only",TRUE,"C-index",0.88894149395765,383.28,NA,31,31,0,20,11,0,0,0,0.645161290322581,0.354838709677419,1,1.35483870967742
96,"survival",1,"Purely rule-based","GABLE",TRUE,"C-index",0.849976919526081,8.45000000000073,NA,5,5,0,5,0,0,0,0,1,0,1,1
96,"survival",1,"Purely rule-based","GBM",TRUE,"C-index",0.881017197912105,0.0299999999999998,NA,NA,NA,NA,NA,NA,NA,NA,NA,NA,NA,NA,NA
96,"survival",1,"Purely rule-based","Linear",TRUE,"C-index",0.787529442399422,0.0100000000002183,NA,20,0,20,20,0,0,0,0,1,0,1,1
96,"survival",1,"Purely rule-based","Random forest",TRUE,"C-index",0.866642205309693,0.25,NA,NA,NA,NA,NA,NA,NA,NA,NA,NA,NA,NA,NA
96,"survival",1,"Purely rule-based","RuleFit",TRUE,"C-index",0.879318711754471,41.9399999999999,NA,44,44,0,0,40,4,0,0,0,0.909090909090909,0.909090909090909,2.09090909090909
97,"survival",1,"Purely rule-based","BRP-GABLE full",TRUE,"C-index",0.888833912503164,348.839999999998,NA,34,33,1,21,13,0,0,0,0.617647058823529,0.382352941176471,1,1.38235294117647
97,"survival",1,"Purely rule-based","BRP-GABLE rule-only",TRUE,"C-index",0.889673900536212,347.199999999999,NA,33,33,0,20,13,0,0,0,0.606060606060606,0.393939393939394,1,1.39393939393939
97,"survival",1,"Purely rule-based","GABLE",TRUE,"C-index",0.840781994338711,7.46000000000095,NA,5,5,0,4,1,0,0,0,0.8,0.2,1,1.2
97,"survival",1,"Purely rule-based","GBM",TRUE,"C-index",0.877327227118956,0.0500000000000003,NA,NA,NA,NA,NA,NA,NA,NA,NA,NA,NA,NA,NA
97,"survival",1,"Purely rule-based","Linear",TRUE,"C-index",0.781177364048512,0.0100000000002183,NA,20,0,20,20,0,0,0,0,1,0,1,1
97,"survival",1,"Purely rule-based","Random forest",TRUE,"C-index",0.856258486180471,0.229999999999563,NA,NA,NA,NA,NA,NA,NA,NA,NA,NA,NA,NA,NA
97,"survival",1,"Purely rule-based","RuleFit",TRUE,"C-index",0.873460980829862,37.12,NA,48,48,0,3,34,11,0,0,0.0625,0.708333333333333,0.770833333333333,2.16666666666667
98,"survival",1,"Purely rule-based","BRP-GABLE full",TRUE,"C-index",0.874426381131941,326.460000000001,NA,25,25,0,13,12,0,0,0,0.52,0.48,1,1.48
98,"survival",1,"Purely rule-based","BRP-GABLE rule-only",TRUE,"C-index",0.87513784639465,324.25,NA,26,26,0,14,12,0,0,0,0.538461538461538,0.461538461538462,1,1.46153846153846
98,"survival",1,"Purely rule-based","GABLE",TRUE,"C-index",0.836612002418982,6.69000000000051,NA,5,5,0,4,1,0,0,0,0.8,0.2,1,1.2
98,"survival",1,"Purely rule-based","GBM",TRUE,"C-index",0.856183226020656,0.0600000000000001,NA,NA,NA,NA,NA,NA,NA,NA,NA,NA,NA,NA,NA
98,"survival",1,"Purely rule-based","Linear",TRUE,"C-index",0.775603856141724,0.0100000000002183,NA,20,0,20,20,0,0,0,0,1,0,1,1
98,"survival",1,"Purely rule-based","Random forest",TRUE,"C-index",0.841011229293396,0.229999999999563,NA,NA,NA,NA,NA,NA,NA,NA,NA,NA,NA,NA,NA
98,"survival",1,"Purely rule-based","RuleFit",TRUE,"C-index",0.867329515136424,50.0699999999999,NA,48,48,0,0,43,5,0,0,0,0.895833333333333,0.895833333333333,2.10416666666667
99,"survival",1,"Purely rule-based","BRP-GABLE full",TRUE,"C-index",0.862413931333711,338.710000000001,NA,33,32,1,22,11,0,0,0,0.666666666666667,0.333333333333333,1,1.33333333333333
99,"survival",1,"Purely rule-based","BRP-GABLE rule-only",TRUE,"C-index",0.856813572910772,337.290000000001,NA,33,33,0,22,11,0,0,0,0.666666666666667,0.333333333333333,1,1.33333333333333
99,"survival",1,"Purely rule-based","GABLE",TRUE,"C-index",0.835249245425391,6.46999999999935,NA,5,5,0,5,0,0,0,0,1,0,1,1
99,"survival",1,"Purely rule-based","GBM",TRUE,"C-index",0.863734436898698,0.04,NA,NA,NA,NA,NA,NA,NA,NA,NA,NA,NA,NA,NA
99,"survival",1,"Purely rule-based","Linear",TRUE,"C-index",0.767779664214299,0.0200000000004366,NA,20,0,20,20,0,0,0,0,1,0,1,1
99,"survival",1,"Purely rule-based","Random forest",TRUE,"C-index",0.853588945481984,0.190000000000509,NA,NA,NA,NA,NA,NA,NA,NA,NA,NA,NA,NA,NA
99,"survival",1,"Purely rule-based","RuleFit",TRUE,"C-index",0.865432229767968,40.89,NA,50,50,0,0,41,9,0,0,0,0.82,0.82,2.18
100,"survival",1,"Purely rule-based","BRP-GABLE full",TRUE,"C-index",0.870992105169993,310.189999999999,NA,32,32,0,15,17,0,0,0,0.46875,0.53125,1,1.53125
100,"survival",1,"Purely rule-based","BRP-GABLE rule-only",TRUE,"C-index",0.873198881270725,309.5,NA,32,32,0,15,17,0,0,0,0.46875,0.53125,1,1.53125
100,"survival",1,"Purely rule-based","GABLE",TRUE,"C-index",0.838923046059076,5.43999999999869,NA,5,5,0,4,1,0,0,0,0.8,0.2,1,1.2
100,"survival",1,"Purely rule-based","GBM",TRUE,"C-index",0.864578293347809,0.0500000000000003,NA,NA,NA,NA,NA,NA,NA,NA,NA,NA,NA,NA,NA
100,"survival",1,"Purely rule-based","Linear",TRUE,"C-index",0.771604574045009,0.0100000000002183,NA,20,0,20,20,0,0,0,0,1,0,1,1
100,"survival",1,"Purely rule-based","Random forest",TRUE,"C-index",0.852830455870379,0.170000000000073,NA,NA,NA,NA,NA,NA,NA,NA,NA,NA,NA,NA,NA
100,"survival",1,"Purely rule-based","RuleFit",TRUE,"C-index",0.866926680749124,42.4100000000001,NA,40,40,0,0,30,10,0,0,0,0.75,0.75,2.25
1,"survival",2,"Purely linear","BRP-GABLE full",TRUE,"C-index",0.848218637576883,388.2,NA,34,28,6,10,24,0,0,0,0.294117647058824,0.705882352941177,1,1.70588235294118
1,"survival",2,"Purely linear","BRP-GABLE rule-only",TRUE,"C-index",0.825223395613322,391.03,NA,40,40,0,9,31,0,0,0,0.225,0.775,1,1.775
1,"survival",2,"Purely linear","GABLE",TRUE,"C-index",0.720923755367297,8.75,NA,5,5,0,5,0,0,0,0,1,0,1,1
1,"survival",2,"Purely linear","GBM",TRUE,"C-index",0.847545549495184,0.04,NA,NA,NA,NA,NA,NA,NA,NA,NA,NA,NA,NA,NA
1,"survival",2,"Purely linear","Linear",TRUE,"C-index",0.869919925728212,0.00999999999999091,NA,20,0,20,20,0,0,0,0,1,0,1,1
1,"survival",2,"Purely linear","Random forest",TRUE,"C-index",0.821608448415922,0.480000000000018,NA,NA,NA,NA,NA,NA,NA,NA,NA,NA,NA,NA,NA
1,"survival",2,"Purely linear","RuleFit",TRUE,"C-index",0.837913426946733,73.44,NA,61,61,0,0,24,37,0,0,0,0.39344262295082,0.39344262295082,2.60655737704918
2,"survival",2,"Purely linear","BRP-GABLE full",TRUE,"C-index",0.856518360209831,424.34,NA,30,23,7,13,17,0,0,0,0.433333333333333,0.566666666666667,1,1.56666666666667
2,"survival",2,"Purely linear","BRP-GABLE rule-only",TRUE,"C-index",0.822190110744123,372.61,NA,33,33,0,15,18,0,0,0,0.454545454545455,0.545454545454545,1,1.54545454545455
2,"survival",2,"Purely linear","GABLE",TRUE,"C-index",0.763909801826307,8.07999999999998,NA,5,5,0,5,0,0,0,0,1,0,1,1
2,"survival",2,"Purely linear","GBM",TRUE,"C-index",0.841400330289489,0.0600000000000001,NA,NA,NA,NA,NA,NA,NA,NA,NA,NA,NA,NA,NA
2,"survival",2,"Purely linear","Linear",TRUE,"C-index",0.867362055566349,0.00999999999999091,NA,20,0,20,20,0,0,0,0,1,0,1,1
2,"survival",2,"Purely linear","Random forest",TRUE,"C-index",0.813435010685836,0.510000000000048,NA,NA,NA,NA,NA,NA,NA,NA,NA,NA,NA,NA,NA
2,"survival",2,"Purely linear","RuleFit",TRUE,"C-index",0.84120604235477,78.08,NA,60,60,0,0,15,45,0,0,0,0.25,0.25,2.75
3,"survival",2,"Purely linear","BRP-GABLE full",TRUE,"C-index",0.852981196764343,346.02,NA,39,33,6,16,23,0,0,0,0.41025641025641,0.58974358974359,1,1.58974358974359
3,"survival",2,"Purely linear","BRP-GABLE rule-only",TRUE,"C-index",0.833224406707023,363.23,NA,61,61,0,24,37,0,0,0,0.39344262295082,0.60655737704918,1,1.60655737704918
3,"survival",2,"Purely linear","GABLE",TRUE,"C-index",0.723201371404082,7.23000000000002,NA,5,5,0,4,1,0,0,0,0.8,0.2,1,1.2
3,"survival",2,"Purely linear","GBM",TRUE,"C-index",0.843906358815021,0.0700000000000001,NA,NA,NA,NA,NA,NA,NA,NA,NA,NA,NA,NA,NA
3,"survival",2,"Purely linear","Linear",TRUE,"C-index",0.868216638988589,0.0199999999999818,NA,20,0,20,20,0,0,0,0,1,0,1,1
3,"survival",2,"Purely linear","Random forest",TRUE,"C-index",0.820453206192747,0.5,NA,NA,NA,NA,NA,NA,NA,NA,NA,NA,NA,NA,NA
3,"survival",2,"Purely linear","RuleFit",TRUE,"C-index",0.843043874216532,80.92,NA,67,67,0,0,15,52,0,0,0,0.223880597014925,0.223880597014925,2.77611940298507
4,"survival",2,"Purely linear","BRP-GABLE full",TRUE,"C-index",0.840485943027369,367.18,NA,32,25,7,12,20,0,0,0,0.375,0.625,1,1.625
4,"survival",2,"Purely linear","BRP-GABLE rule-only",TRUE,"C-index",0.814437488363433,361.6,NA,55,55,0,29,26,0,0,0,0.527272727272727,0.472727272727273,1,1.47272727272727
4,"survival",2,"Purely linear","GABLE",TRUE,"C-index",0.706880701917706,8.88,NA,5,5,0,5,0,0,0,0,1,0,1,1
4,"survival",2,"Purely linear","GBM",TRUE,"C-index",0.829815211320052,0.04,NA,NA,NA,NA,NA,NA,NA,NA,NA,NA,NA,NA,NA
4,"survival",2,"Purely linear","Linear",TRUE,"C-index",0.85355380748464,0.0200000000000387,NA,20,0,20,20,0,0,0,0,1,0,1,1
4,"survival",2,"Purely linear","Random forest",TRUE,"C-index",0.793148389499162,0.53000000000003,NA,NA,NA,NA,NA,NA,NA,NA,NA,NA,NA,NA,NA
4,"survival",2,"Purely linear","RuleFit",TRUE,"C-index",0.834440746602123,81.32,NA,66,66,0,0,26,40,0,0,0,0.393939393939394,0.393939393939394,2.60606060606061
5,"survival",2,"Purely linear","BRP-GABLE full",TRUE,"C-index",0.849858070886019,390.19,NA,35,29,6,12,23,0,0,0,0.342857142857143,0.657142857142857,1,1.65714285714286
5,"survival",2,"Purely linear","BRP-GABLE rule-only",TRUE,"C-index",0.823446914023494,367.41,NA,49,49,0,19,30,0,0,0,0.387755102040816,0.612244897959184,1,1.61224489795918
5,"survival",2,"Purely linear","GABLE",TRUE,"C-index",0.741649743630019,8.58999999999997,NA,5,5,0,5,0,0,0,0,1,0,1,1
5,"survival",2,"Purely linear","GBM",TRUE,"C-index",0.842127702543504,0.04,NA,NA,NA,NA,NA,NA,NA,NA,NA,NA,NA,NA,NA
5,"survival",2,"Purely linear","Linear",TRUE,"C-index",0.860045551952788,0.00999999999999091,NA,20,0,20,20,0,0,0,0,1,0,1,1
5,"survival",2,"Purely linear","Random forest",TRUE,"C-index",0.828899684726632,0.579999999999984,NA,NA,NA,NA,NA,NA,NA,NA,NA,NA,NA,NA,NA
5,"survival",2,"Purely linear","RuleFit",TRUE,"C-index",0.844293103254833,83.02,NA,63,63,0,0,11,52,0,0,0,0.174603174603175,0.174603174603175,2.82539682539683
6,"survival",2,"Purely linear","BRP-GABLE full",TRUE,"C-index",0.862814653114128,353.59,NA,32,26,6,12,20,0,0,0,0.375,0.625,1,1.625
6,"survival",2,"Purely linear","BRP-GABLE rule-only",TRUE,"C-index",0.842099279168656,345.41,NA,54,54,0,32,22,0,0,0,0.592592592592593,0.407407407407407,1,1.40740740740741
6,"survival",2,"Purely linear","GABLE",TRUE,"C-index",0.722468563112536,7.92999999999995,NA,5,5,0,5,0,0,0,0,1,0,1,1
6,"survival",2,"Purely linear","GBM",TRUE,"C-index",0.85271846647111,0.05,NA,NA,NA,NA,NA,NA,NA,NA,NA,NA,NA,NA,NA
6,"survival",2,"Purely linear","Linear",TRUE,"C-index",0.874616276690088,0.0499999999999545,NA,20,0,20,20,0,0,0,0,1,0,1,1
6,"survival",2,"Purely linear","Random forest",TRUE,"C-index",0.824624235395775,0.220000000000027,NA,NA,NA,NA,NA,NA,NA,NA,NA,NA,NA,NA,NA
6,"survival",2,"Purely linear","RuleFit",TRUE,"C-index",0.843554585351434,79.53,NA,61,61,0,0,17,44,0,0,0,0.278688524590164,0.278688524590164,2.72131147540984
7,"survival",2,"Purely linear","BRP-GABLE full",TRUE,"C-index",0.852997445326551,353.94,NA,34,27,7,19,15,0,0,0,0.558823529411765,0.441176470588235,1,1.44117647058824
7,"survival",2,"Purely linear","BRP-GABLE rule-only",TRUE,"C-index",0.802877730808445,347.33,NA,47,47,0,26,21,0,0,0,0.553191489361702,0.446808510638298,1,1.4468085106383
7,"survival",2,"Purely linear","GABLE",TRUE,"C-index",0.737538806978955,8.32000000000005,NA,5,5,0,5,0,0,0,0,1,0,1,1
7,"survival",2,"Purely linear","GBM",TRUE,"C-index",0.832365306847212,0.0499999999999998,NA,NA,NA,NA,NA,NA,NA,NA,NA,NA,NA,NA,NA
7,"survival",2,"Purely linear","Linear",TRUE,"C-index",0.871017630683576,0.0299999999999727,NA,20,0,20,20,0,0,0,0,1,0,1,1
7,"survival",2,"Purely linear","Random forest",TRUE,"C-index",0.804000412413651,0.199999999999932,NA,NA,NA,NA,NA,NA,NA,NA,NA,NA,NA,NA,NA
7,"survival",2,"Purely linear","RuleFit",TRUE,"C-index",0.832193467826007,79.73,NA,66,66,0,0,21,45,0,0,0,0.318181818181818,0.318181818181818,2.68181818181818
8,"survival",2,"Purely linear","BRP-GABLE full",TRUE,"C-index",0.881149915413316,346.4,NA,24,18,6,13,11,0,0,0,0.541666666666667,0.458333333333333,1,1.45833333333333
8,"survival",2,"Purely linear","BRP-GABLE rule-only",TRUE,"C-index",0.835015410998586,347.33,NA,45,45,0,23,22,0,0,0,0.511111111111111,0.488888888888889,1,1.48888888888889
8,"survival",2,"Purely linear","GABLE",TRUE,"C-index",0.752033556580381,8,NA,5,5,0,5,0,0,0,0,1,0,1,1
8,"survival",2,"Purely linear","GBM",TRUE,"C-index",0.874394567912679,0.0699999999999998,NA,NA,NA,NA,NA,NA,NA,NA,NA,NA,NA,NA,NA
8,"survival",2,"Purely linear","Linear",TRUE,"C-index",0.890106834140576,0.0400000000000773,NA,20,0,20,20,0,0,0,0,1,0,1,1
8,"survival",2,"Purely linear","Random forest",TRUE,"C-index",0.84555398484392,0.230000000000018,NA,NA,NA,NA,NA,NA,NA,NA,NA,NA,NA,NA,NA
8,"survival",2,"Purely linear","RuleFit",TRUE,"C-index",0.867233667817664,71.68,NA,64,64,0,0,19,45,0,0,0,0.296875,0.296875,2.703125
9,"survival",2,"Purely linear","BRP-GABLE full",TRUE,"C-index",0.860773776938632,443.97,NA,34,28,6,19,15,0,0,0,0.558823529411765,0.441176470588235,1,1.44117647058824
9,"survival",2,"Purely linear","BRP-GABLE rule-only",TRUE,"C-index",0.832229161313387,414.86,NA,48,48,0,26,22,0,0,0,0.541666666666667,0.458333333333333,1,1.45833333333333
9,"survival",2,"Purely linear","GABLE",TRUE,"C-index",0.751343440324437,7.58000000000004,NA,5,5,0,5,0,0,0,0,1,0,1,1
9,"survival",2,"Purely linear","GBM",TRUE,"C-index",0.85317677551978,0.04,NA,NA,NA,NA,NA,NA,NA,NA,NA,NA,NA,NA,NA
9,"survival",2,"Purely linear","Linear",TRUE,"C-index",0.868214369504743,0.0499999999999545,NA,20,0,20,20,0,0,0,0,1,0,1,1
9,"survival",2,"Purely linear","Random forest",TRUE,"C-index",0.83560312370823,0.220000000000027,NA,NA,NA,NA,NA,NA,NA,NA,NA,NA,NA,NA,NA
9,"survival",2,"Purely linear","RuleFit",TRUE,"C-index",0.845618876314114,76.33,NA,60,60,0,0,7,53,0,0,0,0.116666666666667,0.116666666666667,2.88333333333333
10,"survival",2,"Purely linear","BRP-GABLE full",TRUE,"C-index",0.844243389898495,366.5,NA,33,27,6,20,13,0,0,0,0.606060606060606,0.393939393939394,1,1.39393939393939
10,"survival",2,"Purely linear","BRP-GABLE rule-only",TRUE,"C-index",0.809624619772922,351.91,NA,52,52,0,34,18,0,0,0,0.653846153846154,0.346153846153846,1,1.34615384615385
10,"survival",2,"Purely linear","GABLE",TRUE,"C-index",0.740955330978618,7.70000000000005,NA,5,5,0,5,0,0,0,0,1,0,1,1
10,"survival",2,"Purely linear","GBM",TRUE,"C-index",0.823335078942384,0.0599999999999998,NA,NA,NA,NA,NA,NA,NA,NA,NA,NA,NA,NA,NA
10,"survival",2,"Purely linear","Linear",TRUE,"C-index",0.861235222676576,0.0399999999999636,NA,20,0,20,20,0,0,0,0,1,0,1,1
10,"survival",2,"Purely linear","Random forest",TRUE,"C-index",0.808967230832656,0.219999999999914,NA,NA,NA,NA,NA,NA,NA,NA,NA,NA,NA,NA,NA
10,"survival",2,"Purely linear","RuleFit",TRUE,"C-index",0.830165238609901,76.85,NA,68,68,0,0,22,46,0,0,0,0.323529411764706,0.323529411764706,2.67647058823529
11,"survival",2,"Purely linear","BRP-GABLE full",TRUE,"C-index",0.856459821530456,329.49,NA,43,36,7,24,19,0,0,0,0.558139534883721,0.441860465116279,1,1.44186046511628
11,"survival",2,"Purely linear","BRP-GABLE rule-only",TRUE,"C-index",0.833922906634411,355.04,NA,55,55,0,26,29,0,0,0,0.472727272727273,0.527272727272727,1,1.52727272727273
11,"survival",2,"Purely linear","GABLE",TRUE,"C-index",0.741972293858548,8.30000000000018,NA,5,5,0,5,0,0,0,0,1,0,1,1
11,"survival",2,"Purely linear","GBM",TRUE,"C-index",0.846361001437798,0.0600000000000001,NA,NA,NA,NA,NA,NA,NA,NA,NA,NA,NA,NA,NA
11,"survival",2,"Purely linear","Linear",TRUE,"C-index",0.863066846201246,0.00999999999999091,NA,20,0,20,20,0,0,0,0,1,0,1,1
11,"survival",2,"Purely linear","Random forest",TRUE,"C-index",0.830533811077892,0.229999999999791,NA,NA,NA,NA,NA,NA,NA,NA,NA,NA,NA,NA,NA
11,"survival",2,"Purely linear","RuleFit",TRUE,"C-index",0.839696921286259,69.7,NA,59,59,0,0,17,42,0,0,0,0.288135593220339,0.288135593220339,2.71186440677966
12,"survival",2,"Purely linear","BRP-GABLE full",TRUE,"C-index",0.854833212143247,458.92,NA,39,33,6,14,25,0,0,0,0.358974358974359,0.641025641025641,1,1.64102564102564
12,"survival",2,"Purely linear","BRP-GABLE rule-only",TRUE,"C-index",0.832155517178695,506.88,NA,60,60,0,25,35,0,0,0,0.416666666666667,0.583333333333333,1,1.58333333333333
12,"survival",2,"Purely linear","GABLE",TRUE,"C-index",0.716631067078713,7.97000000000003,NA,5,5,0,5,0,0,0,0,1,0,1,1
12,"survival",2,"Purely linear","GBM",TRUE,"C-index",0.832257771314306,0.03,NA,NA,NA,NA,NA,NA,NA,NA,NA,NA,NA,NA,NA
12,"survival",2,"Purely linear","Linear",TRUE,"C-index",0.86503590256317,0.0199999999999818,NA,20,0,20,20,0,0,0,0,1,0,1,1
12,"survival",2,"Purely linear","Random forest",TRUE,"C-index",0.796434739138339,0.360000000000127,NA,NA,NA,NA,NA,NA,NA,NA,NA,NA,NA,NA,NA
12,"survival",2,"Purely linear","RuleFit",TRUE,"C-index",0.838608889292856,70.85,NA,68,68,0,0,13,55,0,0,0,0.191176470588235,0.191176470588235,2.80882352941176
13,"survival",2,"Purely linear","BRP-GABLE full",TRUE,"C-index",0.835689994630392,527.13,NA,40,34,6,16,24,0,0,0,0.4,0.6,1,1.6
13,"survival",2,"Purely linear","BRP-GABLE rule-only",TRUE,"C-index",0.816667039556112,517.32,NA,52,52,0,25,27,0,0,0,0.480769230769231,0.519230769230769,1,1.51923076923077
13,"survival",2,"Purely linear","GABLE",TRUE,"C-index",0.711730356183999,6.9699999999998,NA,5,5,0,3,2,0,0,0,0.6,0.4,1,1.4
13,"survival",2,"Purely linear","GBM",TRUE,"C-index",0.832272462860211,0.0600000000000001,NA,NA,NA,NA,NA,NA,NA,NA,NA,NA,NA,NA,NA
13,"survival",2,"Purely linear","Linear",TRUE,"C-index",0.856038571684267,0.0200000000002092,NA,20,0,20,20,0,0,0,0,1,0,1,1
13,"survival",2,"Purely linear","Random forest",TRUE,"C-index",0.810810810810811,0.230000000000018,NA,NA,NA,NA,NA,NA,NA,NA,NA,NA,NA,NA,NA
13,"survival",2,"Purely linear","RuleFit",TRUE,"C-index",0.824598398066941,75.62,NA,75,75,0,0,19,56,0,0,0,0.253333333333333,0.253333333333333,2.74666666666667
14,"survival",2,"Purely linear","BRP-GABLE full",TRUE,"C-index",0.858224038313671,385.9,NA,25,19,6,13,12,0,0,0,0.52,0.48,1,1.48
14,"survival",2,"Purely linear","BRP-GABLE rule-only",TRUE,"C-index",0.832355719589622,359.33,NA,61,61,0,39,22,0,0,0,0.639344262295082,0.360655737704918,1,1.36065573770492
14,"survival",2,"Purely linear","GABLE",TRUE,"C-index",0.751905797579033,8.11999999999989,NA,5,5,0,5,0,0,0,0,1,0,1,1
14,"survival",2,"Purely linear","GBM",TRUE,"C-index",0.847448318284672,0.03,NA,NA,NA,NA,NA,NA,NA,NA,NA,NA,NA,NA,NA
14,"survival",2,"Purely linear","Linear",TRUE,"C-index",0.862551901403809,0.0199999999999818,NA,20,0,20,20,0,0,0,0,1,0,1,1
14,"survival",2,"Purely linear","Random forest",TRUE,"C-index",0.832366704013709,0.230000000000018,NA,NA,NA,NA,NA,NA,NA,NA,NA,NA,NA,NA,NA
14,"survival",2,"Purely linear","RuleFit",TRUE,"C-index",0.841005953557855,71.74,NA,63,63,0,0,12,51,0,0,0,0.19047619047619,0.19047619047619,2.80952380952381
15,"survival",2,"Purely linear","BRP-GABLE full",TRUE,"C-index",0.841641028040663,436.56,NA,32,26,6,10,22,0,0,0,0.3125,0.6875,1,1.6875
15,"survival",2,"Purely linear","BRP-GABLE rule-only",TRUE,"C-index",0.802370061883649,342.08,NA,43,43,0,14,29,0,0,0,0.325581395348837,0.674418604651163,1,1.67441860465116
15,"survival",2,"Purely linear","GABLE",TRUE,"C-index",0.71472690476469,7.87999999999988,NA,5,5,0,4,1,0,0,0,0.8,0.2,1,1.2
15,"survival",2,"Purely linear","GBM",TRUE,"C-index",0.828340137805178,0.05,NA,NA,NA,NA,NA,NA,NA,NA,NA,NA,NA,NA,NA
15,"survival",2,"Purely linear","Linear",TRUE,"C-index",0.856404197325784,0.0299999999999727,NA,20,0,20,20,0,0,0,0,1,0,1,1
15,"survival",2,"Purely linear","Random forest",TRUE,"C-index",0.805610472257642,0.230000000000018,NA,NA,NA,NA,NA,NA,NA,NA,NA,NA,NA,NA,NA
15,"survival",2,"Purely linear","RuleFit",TRUE,"C-index",0.820046091035645,71.81,NA,60,60,0,0,14,46,0,0,0,0.233333333333333,0.233333333333333,2.76666666666667
16,"survival",2,"Purely linear","BRP-GABLE full",TRUE,"C-index",0.868402968664101,358.42,NA,28,22,6,12,16,0,0,0,0.428571428571429,0.571428571428571,1,1.57142857142857
16,"survival",2,"Purely linear","BRP-GABLE rule-only",TRUE,"C-index",0.840892431739051,351.17,NA,46,46,0,27,19,0,0,0,0.58695652173913,0.41304347826087,1,1.41304347826087
16,"survival",2,"Purely linear","GABLE",TRUE,"C-index",0.75369937694704,8.00999999999999,NA,5,5,0,5,0,0,0,0,1,0,1,1
16,"survival",2,"Purely linear","GBM",TRUE,"C-index",0.862298424042514,0.05,NA,NA,NA,NA,NA,NA,NA,NA,NA,NA,NA,NA,NA
16,"survival",2,"Purely linear","Linear",TRUE,"C-index",0.873556899395272,0,NA,20,0,20,20,0,0,0,0,1,0,1,1
16,"survival",2,"Purely linear","Random forest",TRUE,"C-index",0.843480850284039,0.25,NA,NA,NA,NA,NA,NA,NA,NA,NA,NA,NA,NA,NA
16,"survival",2,"Purely linear","RuleFit",TRUE,"C-index",0.848869571192963,77.06,NA,62,62,0,0,11,51,0,0,0,0.17741935483871,0.17741935483871,2.82258064516129
17,"survival",2,"Purely linear","BRP-GABLE full",TRUE,"C-index",0.860230337896068,343.09,NA,31,25,6,12,19,0,0,0,0.387096774193548,0.612903225806452,1,1.61290322580645
17,"survival",2,"Purely linear","BRP-GABLE rule-only",TRUE,"C-index",0.823804940288986,335.75,NA,57,57,0,30,27,0,0,0,0.526315789473684,0.473684210526316,1,1.47368421052632
17,"survival",2,"Purely linear","GABLE",TRUE,"C-index",0.707555933607172,5.95000000000005,NA,5,5,0,4,1,0,0,0,0.8,0.2,1,1.2
17,"survival",2,"Purely linear","GBM",TRUE,"C-index",0.846239940904563,0.0499999999999998,NA,NA,NA,NA,NA,NA,NA,NA,NA,NA,NA,NA,NA
17,"survival",2,"Purely linear","Linear",TRUE,"C-index",0.870560847034595,0.0199999999999818,NA,20,0,20,20,0,0,0,0,1,0,1,1
17,"survival",2,"Purely linear","Random forest",TRUE,"C-index",0.81856133949657,0.220000000000027,NA,NA,NA,NA,NA,NA,NA,NA,NA,NA,NA,NA,NA
17,"survival",2,"Purely linear","RuleFit",TRUE,"C-index",0.845366940132293,75.03,NA,57,57,0,0,5,52,0,0,0,0.087719298245614,0.087719298245614,2.91228070175439
18,"survival",2,"Purely linear","BRP-GABLE full",TRUE,"C-index",0.853215645318869,410.68,NA,30,23,7,17,13,0,0,0,0.566666666666667,0.433333333333333,1,1.43333333333333
18,"survival",2,"Purely linear","BRP-GABLE rule-only",TRUE,"C-index",0.821092881447293,369.79,NA,48,48,0,28,20,0,0,0,0.583333333333333,0.416666666666667,1,1.41666666666667
18,"survival",2,"Purely linear","GABLE",TRUE,"C-index",0.70641444597918,7.77999999999997,NA,5,5,0,5,0,0,0,0,1,0,1,1
18,"survival",2,"Purely linear","GBM",TRUE,"C-index",0.821031117699244,0.03,NA,NA,NA,NA,NA,NA,NA,NA,NA,NA,NA,NA,NA
18,"survival",2,"Purely linear","Linear",TRUE,"C-index",0.856753023616211,0.00999999999999091,NA,20,0,20,20,0,0,0,0,1,0,1,1
18,"survival",2,"Purely linear","Random forest",TRUE,"C-index",0.808386394007793,0.220000000000027,NA,NA,NA,NA,NA,NA,NA,NA,NA,NA,NA,NA,NA
18,"survival",2,"Purely linear","RuleFit",TRUE,"C-index",0.821053577243989,78.03,NA,59,59,0,0,5,54,0,0,0,0.0847457627118644,0.0847457627118644,2.91525423728814
19,"survival",2,"Purely linear","BRP-GABLE full",TRUE,"C-index",0.84639904021454,425.07,NA,33,27,6,12,21,0,0,0,0.363636363636364,0.636363636363636,1,1.63636363636364
19,"survival",2,"Purely linear","BRP-GABLE rule-only",TRUE,"C-index",0.827385643209165,340.13,NA,49,49,0,22,27,0,0,0,0.448979591836735,0.551020408163265,1,1.55102040816327
19,"survival",2,"Purely linear","GABLE",TRUE,"C-index",0.722897234735765,7.93999999999983,NA,5,5,0,5,0,0,0,0,1,0,1,1
19,"survival",2,"Purely linear","GBM",TRUE,"C-index",0.840047518789918,0.0499999999999998,NA,NA,NA,NA,NA,NA,NA,NA,NA,NA,NA,NA,NA
19,"survival",2,"Purely linear","Linear",TRUE,"C-index",0.864700831578824,0.0199999999999818,NA,20,0,20,20,0,0,0,0,1,0,1,1
19,"survival",2,"Purely linear","Random forest",TRUE,"C-index",0.806019830861337,0.25,NA,NA,NA,NA,NA,NA,NA,NA,NA,NA,NA,NA,NA
19,"survival",2,"Purely linear","RuleFit",TRUE,"C-index",0.833937119937896,70.45,NA,65,65,0,0,17,48,0,0,0,0.261538461538462,0.261538461538462,2.73846153846154
20,"survival",2,"Purely linear","BRP-GABLE full",TRUE,"C-index",0.865938648327977,483.89,NA,31,25,6,17,14,0,0,0,0.548387096774194,0.451612903225806,1,1.45161290322581
20,"survival",2,"Purely linear","BRP-GABLE rule-only",TRUE,"C-index",0.834686848440866,349.44,NA,40,40,0,22,18,0,0,0,0.55,0.45,1,1.45
20,"survival",2,"Purely linear","GABLE",TRUE,"C-index",0.733587909366325,7.67999999999984,NA,5,5,0,5,0,0,0,0,1,0,1,1
20,"survival",2,"Purely linear","GBM",TRUE,"C-index",0.848014652520994,0.0699999999999998,NA,NA,NA,NA,NA,NA,NA,NA,NA,NA,NA,NA,NA
20,"survival",2,"Purely linear","Linear",TRUE,"C-index",0.878402506594786,0.00999999999999091,NA,20,0,20,20,0,0,0,0,1,0,1,1
20,"survival",2,"Purely linear","Random forest",TRUE,"C-index",0.82491850111161,0.230000000000018,NA,NA,NA,NA,NA,NA,NA,NA,NA,NA,NA,NA,NA
20,"survival",2,"Purely linear","RuleFit",TRUE,"C-index",0.858525993249703,69.57,NA,57,57,0,0,7,50,0,0,0,0.12280701754386,0.12280701754386,2.87719298245614
21,"survival",2,"Purely linear","BRP-GABLE full",TRUE,"C-index",0.862029308950958,318.47,NA,39,32,7,14,25,0,0,0,0.358974358974359,0.641025641025641,1,1.64102564102564
21,"survival",2,"Purely linear","BRP-GABLE rule-only",TRUE,"C-index",0.835743484053152,334.92,NA,44,44,0,14,30,0,0,0,0.318181818181818,0.681818181818182,1,1.68181818181818
21,"survival",2,"Purely linear","GABLE",TRUE,"C-index",0.732558669141341,7.91000000000008,NA,5,5,0,5,0,0,0,0,1,0,1,1
21,"survival",2,"Purely linear","GBM",TRUE,"C-index",0.852897304806258,0.03,NA,NA,NA,NA,NA,NA,NA,NA,NA,NA,NA,NA,NA
21,"survival",2,"Purely linear","Linear",TRUE,"C-index",0.869419172654088,0.00999999999999091,NA,20,0,20,20,0,0,0,0,1,0,1,1
21,"survival",2,"Purely linear","Random forest",TRUE,"C-index",0.824203226945106,0.229999999999791,NA,NA,NA,NA,NA,NA,NA,NA,NA,NA,NA,NA,NA
21,"survival",2,"Purely linear","RuleFit",TRUE,"C-index",0.849287771995946,71.71,NA,53,53,0,0,4,49,0,0,0,0.0754716981132075,0.0754716981132075,2.92452830188679
22,"survival",2,"Purely linear","BRP-GABLE full",TRUE,"C-index",0.879694848887189,365.38,NA,35,29,6,18,17,0,0,0,0.514285714285714,0.485714285714286,1,1.48571428571429
22,"survival",2,"Purely linear","BRP-GABLE rule-only",TRUE,"C-index",0.860369736930936,352.21,NA,63,63,0,38,25,0,0,0,0.603174603174603,0.396825396825397,1,1.3968253968254
22,"survival",2,"Purely linear","GABLE",TRUE,"C-index",0.743040709318811,7.82999999999993,NA,5,5,0,5,0,0,0,0,1,0,1,1
22,"survival",2,"Purely linear","GBM",TRUE,"C-index",0.860791682606837,0.03,NA,NA,NA,NA,NA,NA,NA,NA,NA,NA,NA,NA,NA
22,"survival",2,"Purely linear","Linear",TRUE,"C-index",0.883059162409704,0.00999999999999091,NA,20,0,20,20,0,0,0,0,1,0,1,1
22,"survival",2,"Purely linear","Random forest",TRUE,"C-index",0.834991111011094,0.220000000000027,NA,NA,NA,NA,NA,NA,NA,NA,NA,NA,NA,NA,NA
22,"survival",2,"Purely linear","RuleFit",TRUE,"C-index",0.861607444246911,76.41,NA,62,62,0,0,18,44,0,0,0,0.290322580645161,0.290322580645161,2.70967741935484
23,"survival",2,"Purely linear","BRP-GABLE full",TRUE,"C-index",0.864295527400397,372.84,NA,22,16,6,9,13,0,0,0,0.409090909090909,0.590909090909091,1,1.59090909090909
23,"survival",2,"Purely linear","BRP-GABLE rule-only",TRUE,"C-index",0.830812676866714,372.31,NA,63,63,0,48,15,0,0,0,0.761904761904762,0.238095238095238,1,1.23809523809524
23,"survival",2,"Purely linear","GABLE",TRUE,"C-index",0.717858694503481,7.5300000000002,NA,5,5,0,5,0,0,0,0,1,0,1,1
23,"survival",2,"Purely linear","GBM",TRUE,"C-index",0.841116447283445,0.0600000000000001,NA,NA,NA,NA,NA,NA,NA,NA,NA,NA,NA,NA,NA
23,"survival",2,"Purely linear","Linear",TRUE,"C-index",0.872749903126945,0,NA,20,0,20,20,0,0,0,0,1,0,1,1
23,"survival",2,"Purely linear","Random forest",TRUE,"C-index",0.833390087244461,0.210000000000036,NA,NA,NA,NA,NA,NA,NA,NA,NA,NA,NA,NA,NA
23,"survival",2,"Purely linear","RuleFit",TRUE,"C-index",0.849852635534211,81.17,NA,66,66,0,0,23,43,0,0,0,0.348484848484849,0.348484848484849,2.65151515151515
24,"survival",2,"Purely linear","BRP-GABLE full",TRUE,"C-index",0.870898065261334,349.43,NA,26,20,6,11,15,0,0,0,0.423076923076923,0.576923076923077,1,1.57692307692308
24,"survival",2,"Purely linear","BRP-GABLE rule-only",TRUE,"C-index",0.847253826162287,350.11,NA,52,52,0,29,23,0,0,0,0.557692307692308,0.442307692307692,1,1.44230769230769
24,"survival",2,"Purely linear","GABLE",TRUE,"C-index",0.772030031764366,7.98000000000002,NA,5,5,0,4,1,0,0,0,0.8,0.2,1,1.2
24,"survival",2,"Purely linear","GBM",TRUE,"C-index",0.85941669073058,0.0499999999999998,NA,NA,NA,NA,NA,NA,NA,NA,NA,NA,NA,NA,NA
24,"survival",2,"Purely linear","Linear",TRUE,"C-index",0.890950043315045,0.0100000000002183,NA,20,0,20,20,0,0,0,0,1,0,1,1
24,"survival",2,"Purely linear","Random forest",TRUE,"C-index",0.836523245740687,0.230000000000018,NA,NA,NA,NA,NA,NA,NA,NA,NA,NA,NA,NA,NA
24,"survival",2,"Purely linear","RuleFit",TRUE,"C-index",0.857487727403985,76.36,NA,66,66,0,0,24,42,0,0,0,0.363636363636364,0.363636363636364,2.63636363636364
25,"survival",2,"Purely linear","BRP-GABLE full",TRUE,"C-index",0.859482505808838,391.25,NA,41,35,6,18,23,0,0,0,0.439024390243902,0.560975609756098,1,1.5609756097561
25,"survival",2,"Purely linear","BRP-GABLE rule-only",TRUE,"C-index",0.817918292765458,347.44,NA,47,47,0,23,24,0,0,0,0.48936170212766,0.51063829787234,1,1.51063829787234
25,"survival",2,"Purely linear","GABLE",TRUE,"C-index",0.709614473595163,7.63999999999987,NA,5,5,0,5,0,0,0,0,1,0,1,1
25,"survival",2,"Purely linear","GBM",TRUE,"C-index",0.844311850030454,0.05,NA,NA,NA,NA,NA,NA,NA,NA,NA,NA,NA,NA,NA
25,"survival",2,"Purely linear","Linear",TRUE,"C-index",0.877213562227887,0.0199999999999818,NA,20,0,20,20,0,0,0,0,1,0,1,1
25,"survival",2,"Purely linear","Random forest",TRUE,"C-index",0.821020099708994,0.210000000000036,NA,NA,NA,NA,NA,NA,NA,NA,NA,NA,NA,NA,NA
25,"survival",2,"Purely linear","RuleFit",TRUE,"C-index",0.846883529969095,73.88,NA,66,66,0,0,6,60,0,0,0,0.0909090909090909,0.0909090909090909,2.90909090909091
26,"survival",2,"Purely linear","BRP-GABLE full",TRUE,"C-index",0.841237276098793,318.57,NA,43,35,8,19,24,0,0,0,0.441860465116279,0.558139534883721,1,1.55813953488372
26,"survival",2,"Purely linear","BRP-GABLE rule-only",TRUE,"C-index",0.817559265480042,335.61,NA,44,44,0,14,30,0,0,0,0.318181818181818,0.681818181818182,1,1.68181818181818
26,"survival",2,"Purely linear","GABLE",TRUE,"C-index",0.740793137265954,7.80999999999995,NA,5,5,0,5,0,0,0,0,1,0,1,1
26,"survival",2,"Purely linear","GBM",TRUE,"C-index",0.830471982054086,0.04,NA,NA,NA,NA,NA,NA,NA,NA,NA,NA,NA,NA,NA
26,"survival",2,"Purely linear","Linear",TRUE,"C-index",0.852611288340792,0.0199999999999818,NA,20,0,20,20,0,0,0,0,1,0,1,1
26,"survival",2,"Purely linear","Random forest",TRUE,"C-index",0.805638534116401,0.230000000000018,NA,NA,NA,NA,NA,NA,NA,NA,NA,NA,NA,NA,NA
26,"survival",2,"Purely linear","RuleFit",TRUE,"C-index",0.835099367609428,71.39,NA,67,67,0,0,12,55,0,0,0,0.17910447761194,0.17910447761194,2.82089552238806
27,"survival",2,"Purely linear","BRP-GABLE full",TRUE,"C-index",0.847870508552405,355.56,NA,45,38,7,16,29,0,0,0,0.355555555555556,0.644444444444444,1,1.64444444444444
27,"survival",2,"Purely linear","BRP-GABLE rule-only",TRUE,"C-index",0.826965905177362,327.66,NA,54,54,0,19,35,0,0,0,0.351851851851852,0.648148148148148,1,1.64814814814815
27,"survival",2,"Purely linear","GABLE",TRUE,"C-index",0.704500057398691,6.01999999999998,NA,5,5,0,3,2,0,0,0,0.6,0.4,1,1.4
27,"survival",2,"Purely linear","GBM",TRUE,"C-index",0.839794512685111,0.0299999999999998,NA,NA,NA,NA,NA,NA,NA,NA,NA,NA,NA,NA,NA
27,"survival",2,"Purely linear","Linear",TRUE,"C-index",0.865296751234072,0.0299999999997453,NA,20,0,20,20,0,0,0,0,1,0,1,1
27,"survival",2,"Purely linear","Random forest",TRUE,"C-index",0.810641717368844,0.230000000000018,NA,NA,NA,NA,NA,NA,NA,NA,NA,NA,NA,NA,NA
27,"survival",2,"Purely linear","RuleFit",TRUE,"C-index",0.837400987257491,71.66,NA,60,60,0,0,13,47,0,0,0,0.216666666666667,0.216666666666667,2.78333333333333
28,"survival",2,"Purely linear","BRP-GABLE full",TRUE,"C-index",0.833223297711632,316.21,NA,49,42,7,19,30,0,0,0,0.387755102040816,0.612244897959184,1,1.61224489795918
28,"survival",2,"Purely linear","BRP-GABLE rule-only",TRUE,"C-index",0.820153303866167,361.46,NA,58,58,0,23,35,0,0,0,0.396551724137931,0.603448275862069,1,1.60344827586207
28,"survival",2,"Purely linear","GABLE",TRUE,"C-index",0.719923907570078,7.19000000000005,NA,5,5,0,3,2,0,0,0,0.6,0.4,1,1.4
28,"survival",2,"Purely linear","GBM",TRUE,"C-index",0.820231634308734,0.0600000000000001,NA,NA,NA,NA,NA,NA,NA,NA,NA,NA,NA,NA,NA
28,"survival",2,"Purely linear","Linear",TRUE,"C-index",0.844860963464444,0.0199999999999818,NA,20,0,20,20,0,0,0,0,1,0,1,1
28,"survival",2,"Purely linear","Random forest",TRUE,"C-index",0.784871034521345,0.2199999999998,NA,NA,NA,NA,NA,NA,NA,NA,NA,NA,NA,NA,NA
28,"survival",2,"Purely linear","RuleFit",TRUE,"C-index",0.815073015162536,72.26,NA,69,69,0,0,20,49,0,0,0,0.289855072463768,0.289855072463768,2.71014492753623
29,"survival",2,"Purely linear","BRP-GABLE full",TRUE,"C-index",0.880220572837898,314.82,NA,31,25,6,10,21,0,0,0,0.32258064516129,0.67741935483871,1,1.67741935483871
29,"survival",2,"Purely linear","BRP-GABLE rule-only",TRUE,"C-index",0.856837059959515,332.34,NA,44,44,0,16,28,0,0,0,0.363636363636364,0.636363636363636,1,1.63636363636364
29,"survival",2,"Purely linear","GABLE",TRUE,"C-index",0.727262151283185,6.84000000000015,NA,5,5,0,4,1,0,0,0,0.8,0.2,1,1.2
29,"survival",2,"Purely linear","GBM",TRUE,"C-index",0.869983014960795,0.0600000000000001,NA,NA,NA,NA,NA,NA,NA,NA,NA,NA,NA,NA,NA
29,"survival",2,"Purely linear","Linear",TRUE,"C-index",0.890260359710556,0.0299999999997453,NA,20,0,20,20,0,0,0,0,1,0,1,1
29,"survival",2,"Purely linear","Random forest",TRUE,"C-index",0.853044510109588,0.230000000000018,NA,NA,NA,NA,NA,NA,NA,NA,NA,NA,NA,NA,NA
29,"survival",2,"Purely linear","RuleFit",TRUE,"C-index",0.85583075455455,69.94,NA,58,58,0,0,8,50,0,0,0,0.137931034482759,0.137931034482759,2.86206896551724
30,"survival",2,"Purely linear","BRP-GABLE full",TRUE,"C-index",0.868293654980014,339.88,NA,43,36,7,25,18,0,0,0,0.581395348837209,0.418604651162791,1,1.41860465116279
30,"survival",2,"Purely linear","BRP-GABLE rule-only",TRUE,"C-index",0.839041858611433,337.16,NA,45,45,0,27,18,0,0,0,0.6,0.4,1,1.4
30,"survival",2,"Purely linear","GABLE",TRUE,"C-index",0.750254949537574,7.74000000000024,NA,5,5,0,5,0,0,0,0,1,0,1,1
30,"survival",2,"Purely linear","GBM",TRUE,"C-index",0.847124051997984,0.04,NA,NA,NA,NA,NA,NA,NA,NA,NA,NA,NA,NA,NA
30,"survival",2,"Purely linear","Linear",TRUE,"C-index",0.875209527493524,0,NA,20,0,20,20,0,0,0,0,1,0,1,1
30,"survival",2,"Purely linear","Random forest",TRUE,"C-index",0.823867965444081,0.199999999999818,NA,NA,NA,NA,NA,NA,NA,NA,NA,NA,NA,NA,NA
30,"survival",2,"Purely linear","RuleFit",TRUE,"C-index",0.842704926680029,72.81,NA,59,59,0,0,13,46,0,0,0,0.220338983050847,0.220338983050847,2.77966101694915
31,"survival",2,"Purely linear","BRP-GABLE full",TRUE,"C-index",0.85767701907312,423.7,NA,44,36,8,23,21,0,0,0,0.522727272727273,0.477272727272727,1,1.47727272727273
31,"survival",2,"Purely linear","BRP-GABLE rule-only",TRUE,"C-index",0.840898099765272,377.37,NA,53,53,0,25,28,0,0,0,0.471698113207547,0.528301886792453,1,1.52830188679245
31,"survival",2,"Purely linear","GABLE",TRUE,"C-index",0.740802557237052,7.64000000000033,NA,5,5,0,5,0,0,0,0,1,0,1,1
31,"survival",2,"Purely linear","GBM",TRUE,"C-index",0.838769034784558,0.0599999999999998,NA,NA,NA,NA,NA,NA,NA,NA,NA,NA,NA,NA,NA
31,"survival",2,"Purely linear","Linear",TRUE,"C-index",0.860578681041296,0.0100000000002183,NA,20,0,20,20,0,0,0,0,1,0,1,1
31,"survival",2,"Purely linear","Random forest",TRUE,"C-index",0.818079949043985,0.2199999999998,NA,NA,NA,NA,NA,NA,NA,NA,NA,NA,NA,NA,NA
31,"survival",2,"Purely linear","RuleFit",TRUE,"C-index",0.843699501055686,77.29,NA,65,65,0,0,17,48,0,0,0,0.261538461538462,0.261538461538462,2.73846153846154
32,"survival",2,"Purely linear","BRP-GABLE full",TRUE,"C-index",0.857949708009065,344.41,NA,36,29,7,15,21,0,0,0,0.416666666666667,0.583333333333333,1,1.58333333333333
32,"survival",2,"Purely linear","BRP-GABLE rule-only",TRUE,"C-index",0.834572446128572,335.579999999999,NA,42,42,0,16,26,0,0,0,0.380952380952381,0.619047619047619,1,1.61904761904762
32,"survival",2,"Purely linear","GABLE",TRUE,"C-index",0.756544314270982,7.66000000000031,NA,5,5,0,5,0,0,0,0,1,0,1,1
32,"survival",2,"Purely linear","GBM",TRUE,"C-index",0.849022100176274,0.04,NA,NA,NA,NA,NA,NA,NA,NA,NA,NA,NA,NA,NA
32,"survival",2,"Purely linear","Linear",TRUE,"C-index",0.866655474680129,0.0199999999999818,NA,20,0,20,20,0,0,0,0,1,0,1,1
32,"survival",2,"Purely linear","Random forest",TRUE,"C-index",0.82887052870145,0.2199999999998,NA,NA,NA,NA,NA,NA,NA,NA,NA,NA,NA,NA,NA
32,"survival",2,"Purely linear","RuleFit",TRUE,"C-index",0.834458527694171,82.67,NA,65,65,0,0,11,54,0,0,0,0.169230769230769,0.169230769230769,2.83076923076923
33,"survival",2,"Purely linear","BRP-GABLE full",TRUE,"C-index",0.860667831929721,339.17,NA,32,26,6,12,20,0,0,0,0.375,0.625,1,1.625
33,"survival",2,"Purely linear","BRP-GABLE rule-only",TRUE,"C-index",0.826708737202915,332.37,NA,46,46,0,23,23,0,0,0,0.5,0.5,1,1.5
33,"survival",2,"Purely linear","GABLE",TRUE,"C-index",0.747451932899008,5.9699999999998,NA,5,5,0,3,2,0,0,0,0.6,0.4,1,1.4
33,"survival",2,"Purely linear","GBM",TRUE,"C-index",0.848636869225705,0.04,NA,NA,NA,NA,NA,NA,NA,NA,NA,NA,NA,NA,NA
33,"survival",2,"Purely linear","Linear",TRUE,"C-index",0.872607994915216,0.0199999999999818,NA,20,0,20,20,0,0,0,0,1,0,1,1
33,"survival",2,"Purely linear","Random forest",TRUE,"C-index",0.828933330306676,0.349999999999909,NA,NA,NA,NA,NA,NA,NA,NA,NA,NA,NA,NA,NA
33,"survival",2,"Purely linear","RuleFit",TRUE,"C-index",0.847320273307153,82.97,NA,71,71,0,0,15,56,0,0,0,0.211267605633803,0.211267605633803,2.7887323943662
34,"survival",2,"Purely linear","BRP-GABLE full",TRUE,"C-index",0.863260672116258,356.26,NA,36,30,6,21,15,0,0,0,0.583333333333333,0.416666666666667,1,1.41666666666667
34,"survival",2,"Purely linear","BRP-GABLE rule-only",TRUE,"C-index",0.836784741144414,348.69,NA,54,54,0,34,20,0,0,0,0.62962962962963,0.37037037037037,1,1.37037037037037
34,"survival",2,"Purely linear","GABLE",TRUE,"C-index",0.746588328792007,7.57999999999993,NA,5,5,0,5,0,0,0,0,1,0,1,1
34,"survival",2,"Purely linear","GBM",TRUE,"C-index",0.850442779291553,0.04,NA,NA,NA,NA,NA,NA,NA,NA,NA,NA,NA,NA,NA
34,"survival",2,"Purely linear","Linear",TRUE,"C-index",0.866734786557675,0.0100000000002183,NA,20,0,20,20,0,0,0,0,1,0,1,1
34,"survival",2,"Purely linear","Random forest",TRUE,"C-index",0.825329246139873,0.2199999999998,NA,NA,NA,NA,NA,NA,NA,NA,NA,NA,NA,NA,NA
34,"survival",2,"Purely linear","RuleFit",TRUE,"C-index",0.851453224341508,68.22,NA,61,61,0,0,18,43,0,0,0,0.295081967213115,0.295081967213115,2.70491803278689
35,"survival",2,"Purely linear","BRP-GABLE full",TRUE,"C-index",0.872875153461139,316.59,NA,30,24,6,12,18,0,0,0,0.4,0.6,1,1.6
35,"survival",2,"Purely linear","BRP-GABLE rule-only",TRUE,"C-index",0.845883700066106,335.87,NA,51,51,0,26,25,0,0,0,0.509803921568627,0.490196078431373,1,1.49019607843137
35,"survival",2,"Purely linear","GABLE",TRUE,"C-index",0.76820875436774,7.5,NA,5,5,0,5,0,0,0,0,1,0,1,1
35,"survival",2,"Purely linear","GBM",TRUE,"C-index",0.847258947964869,0.0300000000000002,NA,NA,NA,NA,NA,NA,NA,NA,NA,NA,NA,NA,NA
35,"survival",2,"Purely linear","Linear",TRUE,"C-index",0.875082632920956,0.0100000000002183,NA,20,0,20,20,0,0,0,0,1,0,1,1
35,"survival",2,"Purely linear","Random forest",TRUE,"C-index",0.827497875153461,0.220000000000255,NA,NA,NA,NA,NA,NA,NA,NA,NA,NA,NA,NA,NA
35,"survival",2,"Purely linear","RuleFit",TRUE,"C-index",0.853261639437152,73.14,NA,56,56,0,0,9,47,0,0,0,0.160714285714286,0.160714285714286,2.83928571428571
36,"survival",2,"Purely linear","BRP-GABLE full",TRUE,"C-index",0.875017716256437,320.64,NA,24,18,6,10,14,0,0,0,0.416666666666667,0.583333333333333,1,1.58333333333333
36,"survival",2,"Purely linear","BRP-GABLE rule-only",TRUE,"C-index",0.825713374592526,457.81,NA,49,49,0,26,23,0,0,0,0.530612244897959,0.469387755102041,1,1.46938775510204
36,"survival",2,"Purely linear","GABLE",TRUE,"C-index",0.73791751311003,6.88999999999987,NA,5,5,0,4,1,0,0,0,0.8,0.2,1,1.2
36,"survival",2,"Purely linear","GBM",TRUE,"C-index",0.856073132706572,0.0499999999999998,NA,NA,NA,NA,NA,NA,NA,NA,NA,NA,NA,NA,NA
36,"survival",2,"Purely linear","Linear",TRUE,"C-index",0.882647517361931,0.0199999999999818,NA,20,0,20,20,0,0,0,0,1,0,1,1
36,"survival",2,"Purely linear","Random forest",TRUE,"C-index",0.83016015495819,0.230000000000018,NA,NA,NA,NA,NA,NA,NA,NA,NA,NA,NA,NA,NA
36,"survival",2,"Purely linear","RuleFit",TRUE,"C-index",0.858907733736477,75.75,NA,73,73,0,0,23,50,0,0,0,0.315068493150685,0.315068493150685,2.68493150684932
37,"survival",2,"Purely linear","BRP-GABLE full",TRUE,"C-index",0.85430533052023,351.65,NA,35,29,6,15,20,0,0,0,0.428571428571429,0.571428571428571,1,1.57142857142857
37,"survival",2,"Purely linear","BRP-GABLE rule-only",TRUE,"C-index",0.829302124981058,347.599999999999,NA,52,52,0,30,22,0,0,0,0.576923076923077,0.423076923076923,1,1.42307692307692
37,"survival",2,"Purely linear","GABLE",TRUE,"C-index",0.745235403140263,7.73000000000002,NA,5,5,0,4,1,0,0,0,0.8,0.2,1,1.2
37,"survival",2,"Purely linear","GBM",TRUE,"C-index",0.847999160731562,0.04,NA,NA,NA,NA,NA,NA,NA,NA,NA,NA,NA,NA,NA
37,"survival",2,"Purely linear","Linear",TRUE,"C-index",0.861578990313443,0.0199999999999818,NA,20,0,20,20,0,0,0,0,1,0,1,1
37,"survival",2,"Purely linear","Random forest",TRUE,"C-index",0.822960985674154,0.2199999999998,NA,NA,NA,NA,NA,NA,NA,NA,NA,NA,NA,NA,NA
37,"survival",2,"Purely linear","RuleFit",TRUE,"C-index",0.844187483243773,78.89,NA,75,75,0,0,27,48,0,0,0,0.36,0.36,2.64
38,"survival",2,"Purely linear","BRP-GABLE full",TRUE,"C-index",0.857380877094836,354.429999999999,NA,35,29,6,16,19,0,0,0,0.457142857142857,0.542857142857143,1,1.54285714285714
38,"survival",2,"Purely linear","BRP-GABLE rule-only",TRUE,"C-index",0.832115146060857,351.27,NA,47,47,0,26,21,0,0,0,0.553191489361702,0.446808510638298,1,1.4468085106383
38,"survival",2,"Purely linear","GABLE",TRUE,"C-index",0.743736774256318,7.65000000000009,NA,5,5,0,5,0,0,0,0,1,0,1,1
38,"survival",2,"Purely linear","GBM",TRUE,"C-index",0.846119232359594,0.0499999999999998,NA,NA,NA,NA,NA,NA,NA,NA,NA,NA,NA,NA,NA
38,"survival",2,"Purely linear","Linear",TRUE,"C-index",0.871074842507236,0,NA,20,0,20,20,0,0,0,0,1,0,1,1
38,"survival",2,"Purely linear","Random forest",TRUE,"C-index",0.825894485929025,0.210000000000036,NA,NA,NA,NA,NA,NA,NA,NA,NA,NA,NA,NA,NA
38,"survival",2,"Purely linear","RuleFit",TRUE,"C-index",0.846873251769513,75.41,NA,53,53,0,0,10,43,0,0,0,0.188679245283019,0.188679245283019,2.81132075471698
39,"survival",2,"Purely linear","BRP-GABLE full",TRUE,"C-index",0.851925719097638,359.11,NA,21,15,6,11,10,0,0,0,0.523809523809524,0.476190476190476,1,1.47619047619048
39,"survival",2,"Purely linear","BRP-GABLE rule-only",TRUE,"C-index",0.82804259185392,351.02,NA,69,69,0,54,15,0,0,0,0.782608695652174,0.217391304347826,1,1.21739130434783
39,"survival",2,"Purely linear","GABLE",TRUE,"C-index",0.745928068076054,7.63999999999987,NA,5,5,0,5,0,0,0,0,1,0,1,1
39,"survival",2,"Purely linear","GBM",TRUE,"C-index",0.838308292337012,0.0500000000000003,NA,NA,NA,NA,NA,NA,NA,NA,NA,NA,NA,NA,NA
39,"survival",2,"Purely linear","Linear",TRUE,"C-index",0.853022647697558,0.0199999999999818,NA,20,0,20,20,0,0,0,0,1,0,1,1
39,"survival",2,"Purely linear","Random forest",TRUE,"C-index",0.819017861100031,0.220000000000255,NA,NA,NA,NA,NA,NA,NA,NA,NA,NA,NA,NA,NA
39,"survival",2,"Purely linear","RuleFit",TRUE,"C-index",0.831948322474848,67.59,NA,58,58,0,0,16,42,0,0,0,0.275862068965517,0.275862068965517,2.72413793103448
40,"survival",2,"Purely linear","BRP-GABLE full",TRUE,"C-index",0.866650593556979,345.11,NA,35,29,6,16,19,0,0,0,0.457142857142857,0.542857142857143,1,1.54285714285714
40,"survival",2,"Purely linear","BRP-GABLE rule-only",TRUE,"C-index",0.833804045831324,508.41,NA,47,47,0,24,23,0,0,0,0.51063829787234,0.48936170212766,1,1.48936170212766
40,"survival",2,"Purely linear","GABLE",TRUE,"C-index",0.753972354251337,7.72000000000025,NA,5,5,0,5,0,0,0,0,1,0,1,1
40,"survival",2,"Purely linear","GBM",TRUE,"C-index",0.846605129618149,0.0299999999999998,NA,NA,NA,NA,NA,NA,NA,NA,NA,NA,NA,NA,NA
40,"survival",2,"Purely linear","Linear",TRUE,"C-index",0.871357718536888,0.0199999999999818,NA,20,0,20,20,0,0,0,0,1,0,1,1
40,"survival",2,"Purely linear","Random forest",TRUE,"C-index",0.825181970563248,0.389999999999873,NA,NA,NA,NA,NA,NA,NA,NA,NA,NA,NA,NA,NA
40,"survival",2,"Purely linear","RuleFit",TRUE,"C-index",0.839550182544603,75.8,NA,59,59,0,0,14,45,0,0,0,0.23728813559322,0.23728813559322,2.76271186440678
41,"survival",2,"Purely linear","BRP-GABLE full",TRUE,"C-index",0.873972726451729,347.88,NA,38,32,6,15,23,0,0,0,0.394736842105263,0.605263157894737,1,1.60526315789474
41,"survival",2,"Purely linear","BRP-GABLE rule-only",TRUE,"C-index",0.847799828411451,343.53,NA,40,40,0,14,26,0,0,0,0.35,0.65,1,1.65
41,"survival",2,"Purely linear","GABLE",TRUE,"C-index",0.7544985550438,7.28999999999996,NA,5,5,0,4,1,0,0,0,0.8,0.2,1,1.2
41,"survival",2,"Purely linear","GBM",TRUE,"C-index",0.866364128962341,0.04,NA,NA,NA,NA,NA,NA,NA,NA,NA,NA,NA,NA,NA
41,"survival",2,"Purely linear","Linear",TRUE,"C-index",0.883590716156416,0,NA,20,0,20,20,0,0,0,0,1,0,1,1
41,"survival",2,"Purely linear","Random forest",TRUE,"C-index",0.847568409645083,0.210000000000036,NA,NA,NA,NA,NA,NA,NA,NA,NA,NA,NA,NA,NA
41,"survival",2,"Purely linear","RuleFit",TRUE,"C-index",0.856994491104488,74.97,NA,71,71,0,0,13,58,0,0,0,0.183098591549296,0.183098591549296,2.8169014084507
42,"survival",2,"Purely linear","BRP-GABLE full",TRUE,"C-index",0.875386857094688,304.56,NA,28,22,6,7,21,0,0,0,0.25,0.75,1,1.75
42,"survival",2,"Purely linear","BRP-GABLE rule-only",TRUE,"C-index",0.852295853855324,323.28,NA,42,42,0,10,32,0,0,0,0.238095238095238,0.761904761904762,1,1.76190476190476
42,"survival",2,"Purely linear","GABLE",TRUE,"C-index",0.755217302296456,7.05000000000018,NA,5,5,0,3,2,0,0,0,0.6,0.4,1,1.4
42,"survival",2,"Purely linear","GBM",TRUE,"C-index",0.868811791765513,0.0499999999999998,NA,NA,NA,NA,NA,NA,NA,NA,NA,NA,NA,NA,NA
42,"survival",2,"Purely linear","Linear",TRUE,"C-index",0.884575089413663,0.0100000000002183,NA,20,0,20,20,0,0,0,0,1,0,1,1
42,"survival",2,"Purely linear","Random forest",TRUE,"C-index",0.835442733107742,0.25,NA,NA,NA,NA,NA,NA,NA,NA,NA,NA,NA,NA,NA
42,"survival",2,"Purely linear","RuleFit",TRUE,"C-index",0.861959754819908,65.86,NA,61,61,0,0,14,47,0,0,0,0.229508196721311,0.229508196721311,2.77049180327869
43,"survival",2,"Purely linear","BRP-GABLE full",TRUE,"C-index",0.862892693467575,456.69,NA,46,40,6,25,21,0,0,0,0.543478260869565,0.456521739130435,1,1.45652173913043
43,"survival",2,"Purely linear","BRP-GABLE rule-only",TRUE,"C-index",0.835715812219505,419.13,NA,51,51,0,28,23,0,0,0,0.549019607843137,0.450980392156863,1,1.45098039215686
43,"survival",2,"Purely linear","GABLE",TRUE,"C-index",0.759254861919122,7.4699999999998,NA,5,5,0,5,0,0,0,0,1,0,1,1
43,"survival",2,"Purely linear","GBM",TRUE,"C-index",0.845000356184551,0.0299999999999998,NA,NA,NA,NA,NA,NA,NA,NA,NA,NA,NA,NA,NA
43,"survival",2,"Purely linear","Linear",TRUE,"C-index",0.874528055469807,0,NA,20,0,20,20,0,0,0,0,1,0,1,1
43,"survival",2,"Purely linear","Random forest",TRUE,"C-index",0.825813881699238,0.199999999999818,NA,NA,NA,NA,NA,NA,NA,NA,NA,NA,NA,NA,NA
43,"survival",2,"Purely linear","RuleFit",TRUE,"C-index",0.849981003490609,69.33,NA,55,55,0,0,7,48,0,0,0,0.127272727272727,0.127272727272727,2.87272727272727
44,"survival",2,"Purely linear","BRP-GABLE full",TRUE,"C-index",0.848172628304821,311.38,NA,46,39,7,17,29,0,0,0,0.369565217391304,0.630434782608696,1,1.6304347826087
44,"survival",2,"Purely linear","BRP-GABLE rule-only",TRUE,"C-index",0.834455905223676,330.19,NA,55,55,0,20,35,0,0,0,0.363636363636364,0.636363636363636,1,1.63636363636364
44,"survival",2,"Purely linear","GABLE",TRUE,"C-index",0.742321150855366,7.57000000000016,NA,5,5,0,4,1,0,0,0,0.8,0.2,1,1.2
44,"survival",2,"Purely linear","GBM",TRUE,"C-index",0.851077211600037,0.0499999999999998,NA,NA,NA,NA,NA,NA,NA,NA,NA,NA,NA,NA,NA
44,"survival",2,"Purely linear","Linear",TRUE,"C-index",0.873204647333272,0.0199999999999818,NA,20,0,20,20,0,0,0,0,1,0,1,1
44,"survival",2,"Purely linear","Random forest",TRUE,"C-index",0.822648888482298,0.230000000000018,NA,NA,NA,NA,NA,NA,NA,NA,NA,NA,NA,NA,NA
44,"survival",2,"Purely linear","RuleFit",TRUE,"C-index",0.847377870277193,74.28,NA,66,66,0,0,20,46,0,0,0,0.303030303030303,0.303030303030303,2.6969696969697
45,"survival",2,"Purely linear","BRP-GABLE full",TRUE,"C-index",0.848564148474623,326.57,NA,30,24,6,14,16,0,0,0,0.466666666666667,0.533333333333333,1,1.53333333333333
45,"survival",2,"Purely linear","BRP-GABLE rule-only",TRUE,"C-index",0.808415398388541,344.51,NA,43,43,0,24,19,0,0,0,0.558139534883721,0.441860465116279,1,1.44186046511628
45,"survival",2,"Purely linear","GABLE",TRUE,"C-index",0.71166471546955,7.61000000000013,NA,5,5,0,5,0,0,0,0,1,0,1,1
45,"survival",2,"Purely linear","GBM",TRUE,"C-index",0.836007621146386,0.0499999999999998,NA,NA,NA,NA,NA,NA,NA,NA,NA,NA,NA,NA,NA
45,"survival",2,"Purely linear","Linear",TRUE,"C-index",0.859536762849207,0.0199999999999818,NA,20,0,20,20,0,0,0,0,1,0,1,1
45,"survival",2,"Purely linear","Random forest",TRUE,"C-index",0.816208709225719,0.210000000000036,NA,NA,NA,NA,NA,NA,NA,NA,NA,NA,NA,NA,NA
45,"survival",2,"Purely linear","RuleFit",TRUE,"C-index",0.828317608980098,74.63,NA,57,57,0,0,12,45,0,0,0,0.210526315789474,0.210526315789474,2.78947368421053
46,"survival",2,"Purely linear","BRP-GABLE full",TRUE,"C-index",0.863437672123847,350.34,NA,43,36,7,18,25,0,0,0,0.418604651162791,0.581395348837209,1,1.58139534883721
46,"survival",2,"Purely linear","BRP-GABLE rule-only",TRUE,"C-index",0.840966354548757,344.890000000001,NA,49,49,0,22,27,0,0,0,0.448979591836735,0.551020408163265,1,1.55102040816327
46,"survival",2,"Purely linear","GABLE",TRUE,"C-index",0.737680327196447,7.6899999999996,NA,5,5,0,5,0,0,0,0,1,0,1,1
46,"survival",2,"Purely linear","GBM",TRUE,"C-index",0.848355228463278,0.04,NA,NA,NA,NA,NA,NA,NA,NA,NA,NA,NA,NA,NA
46,"survival",2,"Purely linear","Linear",TRUE,"C-index",0.876668502654369,0.0399999999999636,NA,20,0,20,20,0,0,0,0,1,0,1,1
46,"survival",2,"Purely linear","Random forest",TRUE,"C-index",0.803775884496842,0.239999999999782,NA,NA,NA,NA,NA,NA,NA,NA,NA,NA,NA,NA,NA
46,"survival",2,"Purely linear","RuleFit",TRUE,"C-index",0.848548593125593,69.09,NA,49,49,0,0,11,38,0,0,0,0.224489795918367,0.224489795918367,2.77551020408163
47,"survival",2,"Purely linear","BRP-GABLE full",TRUE,"C-index",0.850131730790167,385,NA,44,38,6,14,30,0,0,0,0.318181818181818,0.681818181818182,1,1.68181818181818
47,"survival",2,"Purely linear","BRP-GABLE rule-only",TRUE,"C-index",0.83323535175387,403.69,NA,41,41,0,8,33,0,0,0,0.195121951219512,0.804878048780488,1,1.80487804878049
47,"survival",2,"Purely linear","GABLE",TRUE,"C-index",0.709446512944455,7.89999999999964,NA,5,5,0,4,1,0,0,0,0.8,0.2,1,1.2
47,"survival",2,"Purely linear","GBM",TRUE,"C-index",0.844906046552137,0.0499999999999998,NA,NA,NA,NA,NA,NA,NA,NA,NA,NA,NA,NA,NA
47,"survival",2,"Purely linear","Linear",TRUE,"C-index",0.866211596664272,0.0199999999995271,NA,20,0,20,20,0,0,0,0,1,0,1,1
47,"survival",2,"Purely linear","Random forest",TRUE,"C-index",0.806018246347464,0.210000000000036,NA,NA,NA,NA,NA,NA,NA,NA,NA,NA,NA,NA,NA
47,"survival",2,"Purely linear","RuleFit",TRUE,"C-index",0.838559017571363,75.17,NA,60,60,0,0,7,53,0,0,0,0.116666666666667,0.116666666666667,2.88333333333333
48,"survival",2,"Purely linear","BRP-GABLE full",TRUE,"C-index",0.863417805225227,357.04,NA,23,17,6,10,13,0,0,0,0.434782608695652,0.565217391304348,1,1.56521739130435
48,"survival",2,"Purely linear","BRP-GABLE rule-only",TRUE,"C-index",0.830303403907152,352.02,NA,38,38,0,20,18,0,0,0,0.526315789473684,0.473684210526316,1,1.47368421052632
48,"survival",2,"Purely linear","GABLE",TRUE,"C-index",0.720144360632586,7.26999999999953,NA,5,5,0,5,0,0,0,0,1,0,1,1
48,"survival",2,"Purely linear","GBM",TRUE,"C-index",0.851671691642102,0.0699999999999998,NA,NA,NA,NA,NA,NA,NA,NA,NA,NA,NA,NA,NA
48,"survival",2,"Purely linear","Linear",TRUE,"C-index",0.87953508703108,0.0100000000002183,NA,20,0,20,20,0,0,0,0,1,0,1,1
48,"survival",2,"Purely linear","Random forest",TRUE,"C-index",0.841281761020388,0.210000000000036,NA,NA,NA,NA,NA,NA,NA,NA,NA,NA,NA,NA,NA
48,"survival",2,"Purely linear","RuleFit",TRUE,"C-index",0.853263245200121,78.53,NA,74,74,0,0,15,59,0,0,0,0.202702702702703,0.202702702702703,2.7972972972973
49,"survival",2,"Purely linear","BRP-GABLE full",TRUE,"C-index",0.855506381587398,355.72,NA,27,21,6,14,13,0,0,0,0.518518518518518,0.481481481481481,1,1.48148148148148
49,"survival",2,"Purely linear","BRP-GABLE rule-only",TRUE,"C-index",0.821805995072223,348.389999999999,NA,52,52,0,29,23,0,0,0,0.557692307692308,0.442307692307692,1,1.44230769230769
49,"survival",2,"Purely linear","GABLE",TRUE,"C-index",0.732539673272067,7.79999999999927,NA,5,5,0,5,0,0,0,0,1,0,1,1
49,"survival",2,"Purely linear","GBM",TRUE,"C-index",0.846865256839917,0.0500000000000003,NA,NA,NA,NA,NA,NA,NA,NA,NA,NA,NA,NA,NA
49,"survival",2,"Purely linear","Linear",TRUE,"C-index",0.875661221201116,0.0199999999995271,NA,20,0,20,20,0,0,0,0,1,0,1,1
49,"survival",2,"Purely linear","Random forest",TRUE,"C-index",0.82313719537116,0.230000000000473,NA,NA,NA,NA,NA,NA,NA,NA,NA,NA,NA,NA,NA
49,"survival",2,"Purely linear","RuleFit",TRUE,"C-index",0.840927402874926,72.6299999999999,NA,63,63,0,0,17,46,0,0,0,0.26984126984127,0.26984126984127,2.73015873015873
50,"survival",2,"Purely linear","BRP-GABLE full",TRUE,"C-index",0.869788164088769,317.73,NA,30,24,6,12,18,0,0,0,0.4,0.6,1,1.6
50,"survival",2,"Purely linear","BRP-GABLE rule-only",TRUE,"C-index",0.840426553943703,336.92,NA,42,42,0,16,26,0,0,0,0.380952380952381,0.619047619047619,1,1.61904761904762
50,"survival",2,"Purely linear","GABLE",TRUE,"C-index",0.749147372466135,7.92000000000007,NA,5,5,0,5,0,0,0,0,1,0,1,1
50,"survival",2,"Purely linear","GBM",TRUE,"C-index",0.8591123066577,0.0600000000000001,NA,NA,NA,NA,NA,NA,NA,NA,NA,NA,NA,NA,NA
50,"survival",2,"Purely linear","Linear",TRUE,"C-index",0.88273369199731,0,NA,20,0,20,20,0,0,0,0,1,0,1,1
50,"survival",2,"Purely linear","Random forest",TRUE,"C-index",0.842023729464886,0.229999999999563,NA,NA,NA,NA,NA,NA,NA,NA,NA,NA,NA,NA,NA
50,"survival",2,"Purely linear","RuleFit",TRUE,"C-index",0.860241137477183,78.48,NA,71,71,0,0,14,57,0,0,0,0.197183098591549,0.197183098591549,2.80281690140845
51,"survival",2,"Purely linear","BRP-GABLE full",TRUE,"C-index",0.859350044742476,348.68,NA,39,33,6,22,17,0,0,0,0.564102564102564,0.435897435897436,1,1.43589743589744
51,"survival",2,"Purely linear","BRP-GABLE rule-only",TRUE,"C-index",0.83129254782914,346.94,NA,49,49,0,24,25,0,0,0,0.489795918367347,0.510204081632653,1,1.51020408163265
51,"survival",2,"Purely linear","GABLE",TRUE,"C-index",0.753134805115368,7.98999999999978,NA,5,5,0,5,0,0,0,0,1,0,1,1
51,"survival",2,"Purely linear","GBM",TRUE,"C-index",0.836933497955439,0.0300000000000002,NA,NA,NA,NA,NA,NA,NA,NA,NA,NA,NA,NA,NA
51,"survival",2,"Purely linear","Linear",TRUE,"C-index",0.877960649275625,0.0100000000002183,NA,20,0,20,20,0,0,0,0,1,0,1,1
51,"survival",2,"Purely linear","Random forest",TRUE,"C-index",0.814596241632024,0.210000000000036,NA,NA,NA,NA,NA,NA,NA,NA,NA,NA,NA,NA,NA
51,"survival",2,"Purely linear","RuleFit",TRUE,"C-index",0.839000713614173,69.46,NA,63,63,0,0,17,46,0,0,0,0.26984126984127,0.26984126984127,2.73015873015873
52,"survival",2,"Purely linear","BRP-GABLE full",TRUE,"C-index",0.86035268658778,320.549999999999,NA,29,23,6,6,23,0,0,0,0.206896551724138,0.793103448275862,1,1.79310344827586
52,"survival",2,"Purely linear","BRP-GABLE rule-only",TRUE,"C-index",0.841751461853677,360.649999999999,NA,43,43,0,14,29,0,0,0,0.325581395348837,0.674418604651163,1,1.67441860465116
52,"survival",2,"Purely linear","GABLE",TRUE,"C-index",0.733367097932686,7.88000000000011,NA,5,5,0,5,0,0,0,0,1,0,1,1
52,"survival",2,"Purely linear","GBM",TRUE,"C-index",0.845175882867535,0.0600000000000001,NA,NA,NA,NA,NA,NA,NA,NA,NA,NA,NA,NA,NA
52,"survival",2,"Purely linear","Linear",TRUE,"C-index",0.867823104194484,0.0199999999995271,NA,20,0,20,20,0,0,0,0,1,0,1,1
52,"survival",2,"Purely linear","Random forest",TRUE,"C-index",0.82694875454671,0.220000000000255,NA,NA,NA,NA,NA,NA,NA,NA,NA,NA,NA,NA,NA
52,"survival",2,"Purely linear","RuleFit",TRUE,"C-index",0.847288088770201,67.24,NA,67,67,0,0,17,50,0,0,0,0.253731343283582,0.253731343283582,2.74626865671642
53,"survival",2,"Purely linear","BRP-GABLE full",TRUE,"C-index",0.857491935224581,494.61,NA,34,28,6,10,24,0,0,0,0.294117647058824,0.705882352941177,1,1.70588235294118
53,"survival",2,"Purely linear","BRP-GABLE rule-only",TRUE,"C-index",0.84004415531525,495.99,NA,43,43,0,14,29,0,0,0,0.325581395348837,0.674418604651163,1,1.67441860465116
53,"survival",2,"Purely linear","GABLE",TRUE,"C-index",0.716639694771025,7.85999999999967,NA,5,5,0,5,0,0,0,0,1,0,1,1
53,"survival",2,"Purely linear","GBM",TRUE,"C-index",0.849759396401127,0.04,NA,NA,NA,NA,NA,NA,NA,NA,NA,NA,NA,NA,NA
53,"survival",2,"Purely linear","Linear",TRUE,"C-index",0.871756674204508,0,NA,20,0,20,20,0,0,0,0,1,0,1,1
53,"survival",2,"Purely linear","Random forest",TRUE,"C-index",0.822467767691599,0.240000000000691,NA,NA,NA,NA,NA,NA,NA,NA,NA,NA,NA,NA,NA
53,"survival",2,"Purely linear","RuleFit",TRUE,"C-index",0.850659650401363,75.11,NA,61,61,0,0,8,53,0,0,0,0.131147540983607,0.131147540983607,2.86885245901639
54,"survival",2,"Purely linear","BRP-GABLE full",TRUE,"C-index",0.858773577565606,332.15,NA,27,21,6,10,17,0,0,0,0.37037037037037,0.62962962962963,1,1.62962962962963
54,"survival",2,"Purely linear","BRP-GABLE rule-only",TRUE,"C-index",0.825739977103224,326.71,NA,47,47,0,21,26,0,0,0,0.446808510638298,0.553191489361702,1,1.5531914893617
54,"survival",2,"Purely linear","GABLE",TRUE,"C-index",0.733385944047394,7.63999999999942,NA,5,5,0,5,0,0,0,0,1,0,1,1
54,"survival",2,"Purely linear","GBM",TRUE,"C-index",0.845135546688304,0.0300000000000002,NA,NA,NA,NA,NA,NA,NA,NA,NA,NA,NA,NA,NA
54,"survival",2,"Purely linear","Linear",TRUE,"C-index",0.876446331514188,0.0199999999995271,NA,20,0,20,20,0,0,0,0,1,0,1,1
54,"survival",2,"Purely linear","Random forest",TRUE,"C-index",0.827140459491603,0.220000000000255,NA,NA,NA,NA,NA,NA,NA,NA,NA,NA,NA,NA,NA
54,"survival",2,"Purely linear","RuleFit",TRUE,"C-index",0.840839622536651,64.98,NA,54,54,0,0,9,45,0,0,0,0.166666666666667,0.166666666666667,2.83333333333333
55,"survival",2,"Purely linear","BRP-GABLE full",TRUE,"C-index",0.855244165771758,460.62,NA,38,32,6,20,18,0,0,0,0.526315789473684,0.473684210526316,1,1.47368421052632
55,"survival",2,"Purely linear","BRP-GABLE rule-only",TRUE,"C-index",0.832790614427085,438.89,NA,59,59,0,36,23,0,0,0,0.610169491525424,0.389830508474576,1,1.38983050847458
55,"survival",2,"Purely linear","GABLE",TRUE,"C-index",0.733126638260528,7.5,NA,5,5,0,5,0,0,0,0,1,0,1,1
55,"survival",2,"Purely linear","GBM",TRUE,"C-index",0.838581540628861,0.0500000000000003,NA,NA,NA,NA,NA,NA,NA,NA,NA,NA,NA,NA,NA
55,"survival",2,"Purely linear","Linear",TRUE,"C-index",0.867322548238473,0,NA,20,0,20,20,0,0,0,0,1,0,1,1
55,"survival",2,"Purely linear","Random forest",TRUE,"C-index",0.820706458354984,0.320000000000618,NA,NA,NA,NA,NA,NA,NA,NA,NA,NA,NA,NA,NA
55,"survival",2,"Purely linear","RuleFit",TRUE,"C-index",0.838523804575005,65.39,NA,65,65,0,0,30,35,0,0,0,0.461538461538462,0.461538461538462,2.53846153846154
56,"survival",2,"Purely linear","BRP-GABLE full",TRUE,"C-index",0.860832371682304,342.63,NA,43,36,7,25,18,0,0,0,0.581395348837209,0.418604651162791,1,1.41860465116279
56,"survival",2,"Purely linear","BRP-GABLE rule-only",TRUE,"C-index",0.82339696954493,340.000000000001,NA,48,48,0,27,21,0,0,0,0.5625,0.4375,1,1.4375
56,"survival",2,"Purely linear","GABLE",TRUE,"C-index",0.732489589082334,7.5,NA,5,5,0,5,0,0,0,0,1,0,1,1
56,"survival",2,"Purely linear","GBM",TRUE,"C-index",0.846696101550349,0.0300000000000002,NA,NA,NA,NA,NA,NA,NA,NA,NA,NA,NA,NA,NA
56,"survival",2,"Purely linear","Linear",TRUE,"C-index",0.872798655360995,0.0100000000002183,NA,20,0,20,20,0,0,0,0,1,0,1,1
56,"survival",2,"Purely linear","Random forest",TRUE,"C-index",0.818498820932216,0.220000000000255,NA,NA,NA,NA,NA,NA,NA,NA,NA,NA,NA,NA,NA
56,"survival",2,"Purely linear","RuleFit",TRUE,"C-index",0.84457628819427,75.47,NA,65,65,0,0,19,46,0,0,0,0.292307692307692,0.292307692307692,2.70769230769231
57,"survival",2,"Purely linear","BRP-GABLE full",TRUE,"C-index",0.842,314.02,NA,34,28,6,12,22,0,0,0,0.352941176470588,0.647058823529412,1,1.64705882352941
57,"survival",2,"Purely linear","BRP-GABLE rule-only",TRUE,"C-index",0.821841530054645,313.429999999999,NA,49,49,0,25,24,0,0,0,0.510204081632653,0.489795918367347,1,1.48979591836735
57,"survival",2,"Purely linear","GABLE",TRUE,"C-index",0.740754098360656,7.65999999999985,NA,5,5,0,5,0,0,0,0,1,0,1,1
57,"survival",2,"Purely linear","GBM",TRUE,"C-index",0.835715846994535,0.0300000000000002,NA,NA,NA,NA,NA,NA,NA,NA,NA,NA,NA,NA,NA
57,"survival",2,"Purely linear","Linear",TRUE,"C-index",0.863344262295082,0,NA,20,0,20,20,0,0,0,0,1,0,1,1
57,"survival",2,"Purely linear","Random forest",TRUE,"C-index",0.815027322404372,0.219999999999345,NA,NA,NA,NA,NA,NA,NA,NA,NA,NA,NA,NA,NA
57,"survival",2,"Purely linear","RuleFit",TRUE,"C-index",0.834896174863388,70.3099999999999,NA,65,65,0,0,15,50,0,0,0,0.230769230769231,0.230769230769231,2.76923076923077
58,"survival",2,"Purely linear","BRP-GABLE full",TRUE,"C-index",0.873466530358254,348.62,NA,31,23,8,19,12,0,0,0,0.612903225806452,0.387096774193548,1,1.38709677419355
58,"survival",2,"Purely linear","BRP-GABLE rule-only",TRUE,"C-index",0.828156947284203,341.25,NA,54,54,0,41,13,0,0,0,0.759259259259259,0.240740740740741,1,1.24074074074074
58,"survival",2,"Purely linear","GABLE",TRUE,"C-index",0.73798226509023,7.92000000000007,NA,5,5,0,5,0,0,0,0,1,0,1,1
58,"survival",2,"Purely linear","GBM",TRUE,"C-index",0.847992043737221,0.0499999999999998,NA,NA,NA,NA,NA,NA,NA,NA,NA,NA,NA,NA,NA
58,"survival",2,"Purely linear","Linear",TRUE,"C-index",0.878344741754823,0.0200000000004366,NA,20,0,20,20,0,0,0,0,1,0,1,1
58,"survival",2,"Purely linear","Random forest",TRUE,"C-index",0.837818917237088,0.220000000000255,NA,NA,NA,NA,NA,NA,NA,NA,NA,NA,NA,NA,NA
58,"survival",2,"Purely linear","RuleFit",TRUE,"C-index",0.857276202329096,79.97,NA,81,81,0,0,32,49,0,0,0,0.395061728395062,0.395061728395062,2.60493827160494
59,"survival",2,"Purely linear","BRP-GABLE full",TRUE,"C-index",0.855576300161958,331.88,NA,36,30,6,13,23,0,0,0,0.361111111111111,0.638888888888889,1,1.63888888888889
59,"survival",2,"Purely linear","BRP-GABLE rule-only",TRUE,"C-index",0.822875427388879,325.97,NA,46,46,0,16,30,0,0,0,0.347826086956522,0.652173913043478,1,1.65217391304348
59,"survival",2,"Purely linear","GABLE",TRUE,"C-index",0.726049352168436,7.57999999999993,NA,5,5,0,5,0,0,0,0,1,0,1,1
59,"survival",2,"Purely linear","GBM",TRUE,"C-index",0.854845240237538,0.0499999999999998,NA,NA,NA,NA,NA,NA,NA,NA,NA,NA,NA,NA,NA
59,"survival",2,"Purely linear","Linear",TRUE,"C-index",0.874550116969588,0.0200000000004366,NA,20,0,20,20,0,0,0,0,1,0,1,1
59,"survival",2,"Purely linear","Random forest",TRUE,"C-index",0.822779827244916,0.210000000000036,NA,NA,NA,NA,NA,NA,NA,NA,NA,NA,NA,NA,NA
59,"survival",2,"Purely linear","RuleFit",TRUE,"C-index",0.851628576570092,73.5599999999999,NA,61,61,0,0,14,47,0,0,0,0.229508196721311,0.229508196721311,2.77049180327869
60,"survival",2,"Purely linear","BRP-GABLE full",TRUE,"C-index",0.863759316114453,347.92,NA,27,21,6,10,17,0,0,0,0.37037037037037,0.62962962962963,1,1.62962962962963
60,"survival",2,"Purely linear","BRP-GABLE rule-only",TRUE,"C-index",0.831807754202951,337.919999999999,NA,34,34,0,13,21,0,0,0,0.382352941176471,0.617647058823529,1,1.61764705882353
60,"survival",2,"Purely linear","GABLE",TRUE,"C-index",0.761855575972699,7.25999999999931,NA,5,5,0,5,0,0,0,0,1,0,1,1
60,"survival",2,"Purely linear","GBM",TRUE,"C-index",0.851455767716311,0.0600000000000001,NA,NA,NA,NA,NA,NA,NA,NA,NA,NA,NA,NA,NA
60,"survival",2,"Purely linear","Linear",TRUE,"C-index",0.875572092173893,0,NA,20,0,20,20,0,0,0,0,1,0,1,1
60,"survival",2,"Purely linear","Random forest",TRUE,"C-index",0.837782622093886,0.25,NA,NA,NA,NA,NA,NA,NA,NA,NA,NA,NA,NA,NA
60,"survival",2,"Purely linear","RuleFit",TRUE,"C-index",0.856409144344134,79.3099999999999,NA,68,68,0,0,28,40,0,0,0,0.411764705882353,0.411764705882353,2.58823529411765
61,"survival",2,"Purely linear","BRP-GABLE full",TRUE,"C-index",0.867602028611071,374.38,NA,33,27,6,18,15,0,0,0,0.545454545454545,0.454545454545455,1,1.45454545454545
61,"survival",2,"Purely linear","BRP-GABLE rule-only",TRUE,"C-index",0.836078417300608,368.25,NA,38,38,0,21,17,0,0,0,0.552631578947368,0.447368421052632,1,1.44736842105263
61,"survival",2,"Purely linear","GABLE",TRUE,"C-index",0.746728625424621,7.82999999999993,NA,5,5,0,5,0,0,0,0,1,0,1,1
61,"survival",2,"Purely linear","GBM",TRUE,"C-index",0.857662312808,0.0300000000000002,NA,NA,NA,NA,NA,NA,NA,NA,NA,NA,NA,NA,NA
61,"survival",2,"Purely linear","Linear",TRUE,"C-index",0.882924261997034,0.0299999999997453,NA,20,0,20,20,0,0,0,0,1,0,1,1
61,"survival",2,"Purely linear","Random forest",TRUE,"C-index",0.84200516721688,0.349999999999454,NA,NA,NA,NA,NA,NA,NA,NA,NA,NA,NA,NA,NA
61,"survival",2,"Purely linear","RuleFit",TRUE,"C-index",0.842836467154682,74.36,NA,62,62,0,0,21,41,0,0,0,0.338709677419355,0.338709677419355,2.66129032258065
62,"survival",2,"Purely linear","BRP-GABLE full",TRUE,"C-index",0.86339738519518,462.66,NA,46,40,6,22,24,0,0,0,0.478260869565217,0.521739130434783,1,1.52173913043478
62,"survival",2,"Purely linear","BRP-GABLE rule-only",TRUE,"C-index",0.837737868143116,334.73,NA,56,56,0,31,25,0,0,0,0.553571428571429,0.446428571428571,1,1.44642857142857
62,"survival",2,"Purely linear","GABLE",TRUE,"C-index",0.734500767691807,7.8700000000008,NA,5,5,0,5,0,0,0,0,1,0,1,1
62,"survival",2,"Purely linear","GBM",TRUE,"C-index",0.850172149071791,0.0600000000000001,NA,NA,NA,NA,NA,NA,NA,NA,NA,NA,NA,NA,NA
62,"survival",2,"Purely linear","Linear",TRUE,"C-index",0.878472060670916,0.0199999999995271,NA,20,0,20,20,0,0,0,0,1,0,1,1
62,"survival",2,"Purely linear","Random forest",TRUE,"C-index",0.824884846229005,0.229999999999563,NA,NA,NA,NA,NA,NA,NA,NA,NA,NA,NA,NA,NA
62,"survival",2,"Purely linear","RuleFit",TRUE,"C-index",0.839319778532545,74.53,NA,77,77,0,0,36,41,0,0,0,0.467532467532468,0.467532467532468,2.53246753246753
63,"survival",2,"Purely linear","BRP-GABLE full",TRUE,"C-index",0.86029131484412,320.079999999999,NA,29,22,7,10,19,0,0,0,0.344827586206897,0.655172413793103,1,1.6551724137931
63,"survival",2,"Purely linear","BRP-GABLE rule-only",TRUE,"C-index",0.82498585009183,338.4,NA,53,53,0,30,23,0,0,0,0.566037735849057,0.433962264150943,1,1.43396226415094
63,"survival",2,"Purely linear","GABLE",TRUE,"C-index",0.725468679611426,7.44999999999982,NA,5,5,0,5,0,0,0,0,1,0,1,1
63,"survival",2,"Purely linear","GBM",TRUE,"C-index",0.85326834001363,0.0500000000000003,NA,NA,NA,NA,NA,NA,NA,NA,NA,NA,NA,NA,NA
63,"survival",2,"Purely linear","Linear",TRUE,"C-index",0.868111304910307,0.00999999999930878,NA,20,0,20,20,0,0,0,0,1,0,1,1
63,"survival",2,"Purely linear","Random forest",TRUE,"C-index",0.828803437561364,0.210000000000036,NA,NA,NA,NA,NA,NA,NA,NA,NA,NA,NA,NA,NA
63,"survival",2,"Purely linear","RuleFit",TRUE,"C-index",0.84629156896492,82.26,NA,66,66,0,0,21,45,0,0,0,0.318181818181818,0.318181818181818,2.68181818181818
64,"survival",2,"Purely linear","BRP-GABLE full",TRUE,"C-index",0.846441687229926,341.16,NA,38,32,6,22,16,0,0,0,0.578947368421053,0.421052631578947,1,1.42105263157895
64,"survival",2,"Purely linear","BRP-GABLE rule-only",TRUE,"C-index",0.817629954007808,332.67,NA,51,51,0,31,20,0,0,0,0.607843137254902,0.392156862745098,1,1.3921568627451
64,"survival",2,"Purely linear","GABLE",TRUE,"C-index",0.733673930420881,7.49000000000069,NA,5,5,0,5,0,0,0,0,1,0,1,1
64,"survival",2,"Purely linear","GBM",TRUE,"C-index",0.836154264993802,0.0299999999999998,NA,NA,NA,NA,NA,NA,NA,NA,NA,NA,NA,NA,NA
64,"survival",2,"Purely linear","Linear",TRUE,"C-index",0.856590090246643,0.0100000000002183,NA,20,0,20,20,0,0,0,0,1,0,1,1
64,"survival",2,"Purely linear","Random forest",TRUE,"C-index",0.813297188336288,0.219999999999345,NA,NA,NA,NA,NA,NA,NA,NA,NA,NA,NA,NA,NA
64,"survival",2,"Purely linear","RuleFit",TRUE,"C-index",0.826909486903231,77.67,NA,57,57,0,0,11,46,0,0,0,0.192982456140351,0.192982456140351,2.80701754385965
65,"survival",2,"Purely linear","BRP-GABLE full",TRUE,"C-index",0.875062518755627,307.24,NA,34,28,6,11,23,0,0,0,0.323529411764706,0.676470588235294,1,1.67647058823529
65,"survival",2,"Purely linear","BRP-GABLE rule-only",TRUE,"C-index",0.84906722016605,324.8,NA,48,48,0,14,34,0,0,0,0.291666666666667,0.708333333333333,1,1.70833333333333
65,"survival",2,"Purely linear","GABLE",TRUE,"C-index",0.746874062218666,7.67000000000007,NA,5,5,0,5,0,0,0,0,1,0,1,1
65,"survival",2,"Purely linear","GBM",TRUE,"C-index",0.864384315294588,0.04,NA,NA,NA,NA,NA,NA,NA,NA,NA,NA,NA,NA,NA
65,"survival",2,"Purely linear","Linear",TRUE,"C-index",0.89390567170151,0.0199999999995271,NA,20,0,20,20,0,0,0,0,1,0,1,1
65,"survival",2,"Purely linear","Random forest",TRUE,"C-index",0.838864159247774,0.219999999999345,NA,NA,NA,NA,NA,NA,NA,NA,NA,NA,NA,NA,NA
65,"survival",2,"Purely linear","RuleFit",TRUE,"C-index",0.853749874962489,68.2800000000001,NA,53,53,0,0,10,43,0,0,0,0.188679245283019,0.188679245283019,2.81132075471698
66,"survival",2,"Purely linear","BRP-GABLE full",TRUE,"C-index",0.847777651472093,339.74,NA,36,30,6,19,17,0,0,0,0.527777777777778,0.472222222222222,1,1.47222222222222
66,"survival",2,"Purely linear","BRP-GABLE rule-only",TRUE,"C-index",0.818233488689326,336.26,NA,47,47,0,25,22,0,0,0,0.531914893617021,0.468085106382979,1,1.46808510638298
66,"survival",2,"Purely linear","GABLE",TRUE,"C-index",0.7428100488803,7.90999999999985,NA,5,5,0,5,0,0,0,0,1,0,1,1
66,"survival",2,"Purely linear","GBM",TRUE,"C-index",0.839649880641128,0.0299999999999998,NA,NA,NA,NA,NA,NA,NA,NA,NA,NA,NA,NA,NA
66,"survival",2,"Purely linear","Linear",TRUE,"C-index",0.861498238035694,0.0100000000002183,NA,20,0,20,20,0,0,0,0,1,0,1,1
66,"survival",2,"Purely linear","Random forest",TRUE,"C-index",0.823701261793793,0.25,NA,NA,NA,NA,NA,NA,NA,NA,NA,NA,NA,NA,NA
66,"survival",2,"Purely linear","RuleFit",TRUE,"C-index",0.836165738319882,68.29,NA,62,62,0,0,11,51,0,0,0,0.17741935483871,0.17741935483871,2.82258064516129
67,"survival",2,"Purely linear","BRP-GABLE full",TRUE,"C-index",0.864737417943107,337.679999999999,NA,38,31,7,18,20,0,0,0,0.473684210526316,0.526315789473684,1,1.52631578947368
67,"survival",2,"Purely linear","BRP-GABLE rule-only",TRUE,"C-index",0.824223194748359,332.9,NA,46,46,0,22,24,0,0,0,0.478260869565217,0.521739130434783,1,1.52173913043478
67,"survival",2,"Purely linear","GABLE",TRUE,"C-index",0.716400437636761,6.44999999999982,NA,5,5,0,4,1,0,0,0,0.8,0.2,1,1.2
67,"survival",2,"Purely linear","GBM",TRUE,"C-index",0.864004376367615,0.0499999999999998,NA,NA,NA,NA,NA,NA,NA,NA,NA,NA,NA,NA,NA
67,"survival",2,"Purely linear","Linear",TRUE,"C-index",0.878479212253829,0.0100000000002183,NA,20,0,20,20,0,0,0,0,1,0,1,1
67,"survival",2,"Purely linear","Random forest",TRUE,"C-index",0.822986870897155,0.220000000000255,NA,NA,NA,NA,NA,NA,NA,NA,NA,NA,NA,NA,NA
67,"survival",2,"Purely linear","RuleFit",TRUE,"C-index",0.85003829321663,74.9699999999999,NA,62,62,0,0,17,45,0,0,0,0.274193548387097,0.274193548387097,2.7258064516129
68,"survival",2,"Purely linear","BRP-GABLE full",TRUE,"C-index",0.849904779281796,348.190000000001,NA,35,29,6,13,22,0,0,0,0.371428571428571,0.628571428571429,1,1.62857142857143
68,"survival",2,"Purely linear","BRP-GABLE rule-only",TRUE,"C-index",0.830700984137483,342.820000000001,NA,50,50,0,21,29,0,0,0,0.42,0.58,1,1.58
68,"survival",2,"Purely linear","GABLE",TRUE,"C-index",0.715717690526964,7.60999999999967,NA,5,5,0,5,0,0,0,0,1,0,1,1
68,"survival",2,"Purely linear","GBM",TRUE,"C-index",0.836334401477917,0.04,NA,NA,NA,NA,NA,NA,NA,NA,NA,NA,NA,NA,NA
68,"survival",2,"Purely linear","Linear",TRUE,"C-index",0.864980442690812,0.0100000000002183,NA,20,0,20,20,0,0,0,0,1,0,1,1
68,"survival",2,"Purely linear","Random forest",TRUE,"C-index",0.80815591109692,0.220000000000255,NA,NA,NA,NA,NA,NA,NA,NA,NA,NA,NA,NA,NA
68,"survival",2,"Purely linear","RuleFit",TRUE,"C-index",0.845468748218175,73.89,NA,68,68,0,0,11,57,0,0,0,0.161764705882353,0.161764705882353,2.83823529411765
69,"survival",2,"Purely linear","BRP-GABLE full",TRUE,"C-index",0.877815723608804,334.74,NA,34,26,8,20,14,0,0,0,0.588235294117647,0.411764705882353,1,1.41176470588235
69,"survival",2,"Purely linear","BRP-GABLE rule-only",TRUE,"C-index",0.854406914458141,325.489999999999,NA,68,68,0,47,21,0,0,0,0.691176470588235,0.308823529411765,1,1.30882352941176
69,"survival",2,"Purely linear","GABLE",TRUE,"C-index",0.754590535893897,6.25,NA,5,5,0,4,1,0,0,0,0.8,0.2,1,1.2
69,"survival",2,"Purely linear","GBM",TRUE,"C-index",0.85987462281584,0.0299999999999998,NA,NA,NA,NA,NA,NA,NA,NA,NA,NA,NA,NA,NA
69,"survival",2,"Purely linear","Linear",TRUE,"C-index",0.884236626043835,0.0100000000002183,NA,20,0,20,20,0,0,0,0,1,0,1,1
69,"survival",2,"Purely linear","Random forest",TRUE,"C-index",0.83709153002269,0.220000000000255,NA,NA,NA,NA,NA,NA,NA,NA,NA,NA,NA,NA,NA
69,"survival",2,"Purely linear","RuleFit",TRUE,"C-index",0.856927323337466,84.61,NA,61,61,0,0,11,50,0,0,0,0.180327868852459,0.180327868852459,2.81967213114754
70,"survival",2,"Purely linear","BRP-GABLE full",TRUE,"C-index",0.876141288216088,338.27,NA,30,24,6,14,16,0,0,0,0.466666666666667,0.533333333333333,1,1.53333333333333
70,"survival",2,"Purely linear","BRP-GABLE rule-only",TRUE,"C-index",0.842629860492728,336.120000000001,NA,52,52,0,31,21,0,0,0,0.596153846153846,0.403846153846154,1,1.40384615384615
70,"survival",2,"Purely linear","GABLE",TRUE,"C-index",0.738539626001781,7.88999999999942,NA,5,5,0,5,0,0,0,0,1,0,1,1
70,"survival",2,"Purely linear","GBM",TRUE,"C-index",0.858676165034135,0.0600000000000001,NA,NA,NA,NA,NA,NA,NA,NA,NA,NA,NA,NA,NA
70,"survival",2,"Purely linear","Linear",TRUE,"C-index",0.889747699614129,0.0199999999995271,NA,20,0,20,20,0,0,0,0,1,0,1,1
70,"survival",2,"Purely linear","Random forest",TRUE,"C-index",0.829171861086376,0.329999999999927,NA,NA,NA,NA,NA,NA,NA,NA,NA,NA,NA,NA,NA
70,"survival",2,"Purely linear","RuleFit",TRUE,"C-index",0.860148411991689,75.9499999999999,NA,67,67,0,0,21,46,0,0,0,0.313432835820896,0.313432835820896,2.6865671641791
71,"survival",2,"Purely linear","BRP-GABLE full",TRUE,"C-index",0.872998728637167,348.599999999999,NA,35,28,7,18,17,0,0,0,0.514285714285714,0.485714285714286,1,1.48571428571429
71,"survival",2,"Purely linear","BRP-GABLE rule-only",TRUE,"C-index",0.846198850147951,340.91,NA,44,44,0,21,23,0,0,0,0.477272727272727,0.522727272727273,1,1.52272727272727
71,"survival",2,"Purely linear","GABLE",TRUE,"C-index",0.739314364149818,7.67000000000007,NA,5,5,0,5,0,0,0,0,1,0,1,1
71,"survival",2,"Purely linear","GBM",TRUE,"C-index",0.871839875788976,0.0299999999999998,NA,NA,NA,NA,NA,NA,NA,NA,NA,NA,NA,NA,NA
71,"survival",2,"Purely linear","Linear",TRUE,"C-index",0.884047209189816,0.00999999999930878,NA,20,0,20,20,0,0,0,0,1,0,1,1
71,"survival",2,"Purely linear","Random forest",TRUE,"C-index",0.859407522417615,0.240000000000691,NA,NA,NA,NA,NA,NA,NA,NA,NA,NA,NA,NA,NA
71,"survival",2,"Purely linear","RuleFit",TRUE,"C-index",0.86634938850823,76.75,NA,76,76,0,0,26,50,0,0,0,0.342105263157895,0.342105263157895,2.65789473684211
72,"survival",2,"Purely linear","BRP-GABLE full",TRUE,"C-index",0.844661506742826,313.360000000001,NA,39,32,7,11,28,0,0,0,0.282051282051282,0.717948717948718,1,1.71794871794872
72,"survival",2,"Purely linear","BRP-GABLE rule-only",TRUE,"C-index",0.82082220795169,334.929999999999,NA,41,41,0,9,32,0,0,0,0.219512195121951,0.780487804878049,1,1.78048780487805
72,"survival",2,"Purely linear","GABLE",TRUE,"C-index",0.676316174896633,7.27999999999975,NA,5,5,0,4,1,0,0,0,0.8,0.2,1,1.2
72,"survival",2,"Purely linear","GBM",TRUE,"C-index",0.827593199716091,0.04,NA,NA,NA,NA,NA,NA,NA,NA,NA,NA,NA,NA,NA
72,"survival",2,"Purely linear","Linear",TRUE,"C-index",0.858834397990108,0.0200000000004366,NA,20,0,20,20,0,0,0,0,1,0,1,1
72,"survival",2,"Purely linear","Random forest",TRUE,"C-index",0.789761269025811,0.230000000000473,NA,NA,NA,NA,NA,NA,NA,NA,NA,NA,NA,NA,NA
72,"survival",2,"Purely linear","RuleFit",TRUE,"C-index",0.82255720417751,71.63,NA,62,62,0,0,14,48,0,0,0,0.225806451612903,0.225806451612903,2.7741935483871
73,"survival",2,"Purely linear","BRP-GABLE full",TRUE,"C-index",0.843609973024526,306.73,NA,40,34,6,15,25,0,0,0,0.375,0.625,1,1.625
73,"survival",2,"Purely linear","BRP-GABLE rule-only",TRUE,"C-index",0.822893034910101,306.089999999999,NA,49,49,0,15,34,0,0,0,0.306122448979592,0.693877551020408,1,1.69387755102041
73,"survival",2,"Purely linear","GABLE",TRUE,"C-index",0.726165080869987,6.59000000000015,NA,5,5,0,4,1,0,0,0,0.8,0.2,1,1.2
73,"survival",2,"Purely linear","GBM",TRUE,"C-index",0.839817605164844,0.04,NA,NA,NA,NA,NA,NA,NA,NA,NA,NA,NA,NA,NA
73,"survival",2,"Purely linear","Linear",TRUE,"C-index",0.865732118872673,0.0199999999995271,NA,20,0,20,20,0,0,0,0,1,0,1,1
73,"survival",2,"Purely linear","Random forest",TRUE,"C-index",0.829569182496416,0.239999999999782,NA,NA,NA,NA,NA,NA,NA,NA,NA,NA,NA,NA,NA
73,"survival",2,"Purely linear","RuleFit",TRUE,"C-index",0.838192304653551,74.5600000000001,NA,83,83,0,0,38,45,0,0,0,0.457831325301205,0.457831325301205,2.5421686746988
74,"survival",2,"Purely linear","BRP-GABLE full",TRUE,"C-index",0.842320364609044,556.38,NA,34,27,7,13,21,0,0,0,0.382352941176471,0.617647058823529,1,1.61764705882353
74,"survival",2,"Purely linear","BRP-GABLE rule-only",TRUE,"C-index",0.814211257419036,510.309999999999,NA,41,41,0,16,25,0,0,0,0.390243902439024,0.609756097560976,1,1.60975609756098
74,"survival",2,"Purely linear","GABLE",TRUE,"C-index",0.686489030732318,7.23999999999978,NA,5,5,0,4,1,0,0,0,0.8,0.2,1,1.2
74,"survival",2,"Purely linear","GBM",TRUE,"C-index",0.836677878930511,0.0700000000000003,NA,NA,NA,NA,NA,NA,NA,NA,NA,NA,NA,NA,NA
74,"survival",2,"Purely linear","Linear",TRUE,"C-index",0.856050604429036,0,NA,20,0,20,20,0,0,0,0,1,0,1,1
74,"survival",2,"Purely linear","Random forest",TRUE,"C-index",0.805354334324452,0.230000000000473,NA,NA,NA,NA,NA,NA,NA,NA,NA,NA,NA,NA,NA
74,"survival",2,"Purely linear","RuleFit",TRUE,"C-index",0.827740594900525,75.29,NA,61,61,0,0,12,49,0,0,0,0.19672131147541,0.19672131147541,2.80327868852459
75,"survival",2,"Purely linear","BRP-GABLE full",TRUE,"C-index",0.848695844385499,392.61,NA,27,21,6,8,19,0,0,0,0.296296296296296,0.703703703703704,1,1.7037037037037
75,"survival",2,"Purely linear","BRP-GABLE rule-only",TRUE,"C-index",0.812776304155615,341.87,NA,41,41,0,14,27,0,0,0,0.341463414634146,0.658536585365854,1,1.65853658536585
75,"survival",2,"Purely linear","GABLE",TRUE,"C-index",0.726989389920424,8.19999999999982,NA,5,5,0,5,0,0,0,0,1,0,1,1
75,"survival",2,"Purely linear","GBM",TRUE,"C-index",0.831774977895668,0.0600000000000001,NA,NA,NA,NA,NA,NA,NA,NA,NA,NA,NA,NA,NA
75,"survival",2,"Purely linear","Linear",TRUE,"C-index",0.858200707338638,0.0100000000002183,NA,20,0,20,20,0,0,0,0,1,0,1,1
75,"survival",2,"Purely linear","Random forest",TRUE,"C-index",0.809770114942529,0.25,NA,NA,NA,NA,NA,NA,NA,NA,NA,NA,NA,NA,NA
75,"survival",2,"Purely linear","RuleFit",TRUE,"C-index",0.841357206012378,68.25,NA,65,65,0,0,20,45,0,0,0,0.307692307692308,0.307692307692308,2.69230769230769
76,"survival",2,"Purely linear","BRP-GABLE full",TRUE,"C-index",0.852296572627652,354.09,NA,47,40,7,23,24,0,0,0,0.48936170212766,0.51063829787234,1,1.51063829787234
76,"survival",2,"Purely linear","BRP-GABLE rule-only",TRUE,"C-index",0.835491956166939,347.57,NA,57,57,0,25,32,0,0,0,0.43859649122807,0.56140350877193,1,1.56140350877193
76,"survival",2,"Purely linear","GABLE",TRUE,"C-index",0.748105619025414,7.75,NA,5,5,0,5,0,0,0,0,1,0,1,1
76,"survival",2,"Purely linear","GBM",TRUE,"C-index",0.848309629284215,0.04,NA,NA,NA,NA,NA,NA,NA,NA,NA,NA,NA,NA,NA
76,"survival",2,"Purely linear","Linear",TRUE,"C-index",0.856015388202378,0,NA,20,0,20,20,0,0,0,0,1,0,1,1
76,"survival",2,"Purely linear","Random forest",TRUE,"C-index",0.82410818372581,0.409999999999854,NA,NA,NA,NA,NA,NA,NA,NA,NA,NA,NA,NA,NA
76,"survival",2,"Purely linear","RuleFit",TRUE,"C-index",0.846059687572861,73.64,NA,58,58,0,0,16,42,0,0,0,0.275862068965517,0.275862068965517,2.72413793103448
77,"survival",2,"Purely linear","BRP-GABLE full",TRUE,"C-index",0.865188246317965,424.8,NA,33,27,6,18,15,0,0,0,0.545454545454545,0.454545454545455,1,1.45454545454545
77,"survival",2,"Purely linear","BRP-GABLE rule-only",TRUE,"C-index",0.825995290838759,355.500000000001,NA,37,37,0,13,24,0,0,0,0.351351351351351,0.648648648648649,1,1.64864864864865
77,"survival",2,"Purely linear","GABLE",TRUE,"C-index",0.741686888830158,8.28999999999996,NA,5,5,0,5,0,0,0,0,1,0,1,1
77,"survival",2,"Purely linear","GBM",TRUE,"C-index",0.84885033997261,0.04,NA,NA,NA,NA,NA,NA,NA,NA,NA,NA,NA,NA,NA
77,"survival",2,"Purely linear","Linear",TRUE,"C-index",0.875471516782393,0,NA,20,0,20,20,0,0,0,0,1,0,1,1
77,"survival",2,"Purely linear","Random forest",TRUE,"C-index",0.81909372672449,0.270000000000437,NA,NA,NA,NA,NA,NA,NA,NA,NA,NA,NA,NA,NA
77,"survival",2,"Purely linear","RuleFit",TRUE,"C-index",0.844819922635208,68.7199999999999,NA,58,58,0,0,13,45,0,0,0,0.224137931034483,0.224137931034483,2.77586206896552
78,"survival",2,"Purely linear","BRP-GABLE full",TRUE,"C-index",0.852547873319831,352.29,NA,36,29,7,16,20,0,0,0,0.444444444444444,0.555555555555556,1,1.55555555555556
78,"survival",2,"Purely linear","BRP-GABLE rule-only",TRUE,"C-index",0.832224728410974,348.089999999999,NA,55,55,0,29,26,0,0,0,0.527272727272727,0.472727272727273,1,1.47272727272727
78,"survival",2,"Purely linear","GABLE",TRUE,"C-index",0.730148683483705,8.02999999999975,NA,5,5,0,5,0,0,0,0,1,0,1,1
78,"survival",2,"Purely linear","GBM",TRUE,"C-index",0.848957374332535,0.0499999999999998,NA,NA,NA,NA,NA,NA,NA,NA,NA,NA,NA,NA,NA
78,"survival",2,"Purely linear","Linear",TRUE,"C-index",0.865344779966857,0.0200000000004366,NA,20,0,20,20,0,0,0,0,1,0,1,1
78,"survival",2,"Purely linear","Random forest",TRUE,"C-index",0.834860062603572,0.260000000000218,NA,NA,NA,NA,NA,NA,NA,NA,NA,NA,NA,NA,NA
78,"survival",2,"Purely linear","RuleFit",TRUE,"C-index",0.846264500092064,76.27,NA,68,68,0,0,20,48,0,0,0,0.294117647058824,0.294117647058824,2.70588235294118
79,"survival",2,"Purely linear","BRP-GABLE full",TRUE,"C-index",0.852315307396956,337.15,NA,37,31,6,15,22,0,0,0,0.405405405405405,0.594594594594595,1,1.59459459459459
79,"survival",2,"Purely linear","BRP-GABLE rule-only",TRUE,"C-index",0.829653744737938,380.38,NA,43,43,0,18,25,0,0,0,0.418604651162791,0.581395348837209,1,1.58139534883721
79,"survival",2,"Purely linear","GABLE",TRUE,"C-index",0.714865615025212,8.32000000000062,NA,5,5,0,5,0,0,0,0,1,0,1,1
79,"survival",2,"Purely linear","GBM",TRUE,"C-index",0.839102326872369,0.0499999999999998,NA,NA,NA,NA,NA,NA,NA,NA,NA,NA,NA,NA,NA
79,"survival",2,"Purely linear","Linear",TRUE,"C-index",0.870345098764861,0.00999999999930878,NA,20,0,20,20,0,0,0,0,1,0,1,1
79,"survival",2,"Purely linear","Random forest",TRUE,"C-index",0.814440024055142,0.259999999999309,NA,NA,NA,NA,NA,NA,NA,NA,NA,NA,NA,NA,NA
79,"survival",2,"Purely linear","RuleFit",TRUE,"C-index",0.837662487856779,73.5599999999999,NA,61,61,0,0,10,51,0,0,0,0.163934426229508,0.163934426229508,2.83606557377049
80,"survival",2,"Purely linear","BRP-GABLE full",TRUE,"C-index",0.854728429441463,321.2,NA,31,25,6,11,20,0,0,0,0.354838709677419,0.645161290322581,1,1.64516129032258
80,"survival",2,"Purely linear","BRP-GABLE rule-only",TRUE,"C-index",0.835178518870701,382.33,NA,53,53,0,24,29,0,0,0,0.452830188679245,0.547169811320755,1,1.54716981132075
80,"survival",2,"Purely linear","GABLE",TRUE,"C-index",0.72504471461885,7.09000000000015,NA,5,5,0,4,1,0,0,0,0.8,0.2,1,1.2
80,"survival",2,"Purely linear","GBM",TRUE,"C-index",0.849419275962779,0.0499999999999998,NA,NA,NA,NA,NA,NA,NA,NA,NA,NA,NA,NA,NA
80,"survival",2,"Purely linear","Linear",TRUE,"C-index",0.874900948629129,0,NA,20,0,20,20,0,0,0,0,1,0,1,1
80,"survival",2,"Purely linear","Random forest",TRUE,"C-index",0.833039009259888,0.25,NA,NA,NA,NA,NA,NA,NA,NA,NA,NA,NA,NA,NA
80,"survival",2,"Purely linear","RuleFit",TRUE,"C-index",0.835778487174263,74.62,NA,63,63,0,0,14,49,0,0,0,0.222222222222222,0.222222222222222,2.77777777777778
81,"survival",2,"Purely linear","BRP-GABLE full",TRUE,"C-index",0.865106151333696,342.24,NA,38,32,6,19,19,0,0,0,0.5,0.5,1,1.5
81,"survival",2,"Purely linear","BRP-GABLE rule-only",TRUE,"C-index",0.84457751164338,363.45,NA,57,57,0,29,28,0,0,0,0.508771929824561,0.491228070175439,1,1.49122807017544
81,"survival",2,"Purely linear","GABLE",TRUE,"C-index",0.749144135970483,8.04999999999927,NA,5,5,0,5,0,0,0,0,1,0,1,1
81,"survival",2,"Purely linear","GBM",TRUE,"C-index",0.847964676707192,0.0499999999999998,NA,NA,NA,NA,NA,NA,NA,NA,NA,NA,NA,NA,NA
81,"survival",2,"Purely linear","Linear",TRUE,"C-index",0.878993528095324,0.0199999999995271,NA,20,0,20,20,0,0,0,0,1,0,1,1
81,"survival",2,"Purely linear","Random forest",TRUE,"C-index",0.831137724550898,0.260000000000218,NA,NA,NA,NA,NA,NA,NA,NA,NA,NA,NA,NA,NA
81,"survival",2,"Purely linear","RuleFit",TRUE,"C-index",0.84232141777052,73.6899999999999,NA,56,56,0,0,8,48,0,0,0,0.142857142857143,0.142857142857143,2.85714285714286
82,"survival",2,"Purely linear","BRP-GABLE full",TRUE,"C-index",0.868337850045167,338.42,NA,31,24,7,13,18,0,0,0,0.419354838709677,0.580645161290323,1,1.58064516129032
82,"survival",2,"Purely linear","BRP-GABLE rule-only",TRUE,"C-index",0.843157181571816,362.48,NA,52,52,0,26,26,0,0,0,0.5,0.5,1,1.5
82,"survival",2,"Purely linear","GABLE",TRUE,"C-index",0.747052845528455,7.89000000000033,NA,5,5,0,5,0,0,0,0,1,0,1,1
82,"survival",2,"Purely linear","GBM",TRUE,"C-index",0.851863143631436,0.0600000000000001,NA,NA,NA,NA,NA,NA,NA,NA,NA,NA,NA,NA,NA
82,"survival",2,"Purely linear","Linear",TRUE,"C-index",0.873972448057814,0,NA,20,0,20,20,0,0,0,0,1,0,1,1
82,"survival",2,"Purely linear","Random forest",TRUE,"C-index",0.845855916892502,0.260000000000218,NA,NA,NA,NA,NA,NA,NA,NA,NA,NA,NA,NA,NA
82,"survival",2,"Purely linear","RuleFit",TRUE,"C-index",0.855803974706414,74.63,NA,73,73,0,0,17,56,0,0,0,0.232876712328767,0.232876712328767,2.76712328767123
83,"survival",2,"Purely linear","BRP-GABLE full",TRUE,"C-index",0.850227333511634,400.57,NA,25,19,6,12,13,0,0,0,0.48,0.52,1,1.52
83,"survival",2,"Purely linear","BRP-GABLE rule-only",TRUE,"C-index",0.79923718269242,370.27,NA,49,49,0,31,18,0,0,0,0.63265306122449,0.36734693877551,1,1.36734693877551
83,"survival",2,"Purely linear","GABLE",TRUE,"C-index",0.718501808202612,8.52999999999975,NA,5,5,0,4,1,0,0,0,0.8,0.2,1,1.2
83,"survival",2,"Purely linear","GBM",TRUE,"C-index",0.833755828691699,0.0299999999999998,NA,NA,NA,NA,NA,NA,NA,NA,NA,NA,NA,NA,NA
83,"survival",2,"Purely linear","Linear",TRUE,"C-index",0.863006849076131,0.0100000000002183,NA,20,0,20,20,0,0,0,0,1,0,1,1
83,"survival",2,"Purely linear","Random forest",TRUE,"C-index",0.821098410409665,0.239999999999782,NA,NA,NA,NA,NA,NA,NA,NA,NA,NA,NA,NA,NA
83,"survival",2,"Purely linear","RuleFit",TRUE,"C-index",0.832069723362443,83.64,NA,75,75,0,0,20,55,0,0,0,0.266666666666667,0.266666666666667,2.73333333333333
84,"survival",2,"Purely linear","BRP-GABLE full",TRUE,"C-index",0.863851568944282,323.87,NA,38,30,8,16,22,0,0,0,0.421052631578947,0.578947368421053,1,1.57894736842105
84,"survival",2,"Purely linear","BRP-GABLE rule-only",TRUE,"C-index",0.842212906360524,352.759999999999,NA,47,47,0,21,26,0,0,0,0.446808510638298,0.553191489361702,1,1.5531914893617
84,"survival",2,"Purely linear","GABLE",TRUE,"C-index",0.700821478208793,6.23000000000047,NA,5,5,0,4,1,0,0,0,0.8,0.2,1,1.2
84,"survival",2,"Purely linear","GBM",TRUE,"C-index",0.86304929999209,0.0299999999999998,NA,NA,NA,NA,NA,NA,NA,NA,NA,NA,NA,NA,NA
84,"survival",2,"Purely linear","Linear",TRUE,"C-index",0.879128577724042,0.0200000000004366,NA,20,0,20,20,0,0,0,0,1,0,1,1
84,"survival",2,"Purely linear","Random forest",TRUE,"C-index",0.817489463157776,0.269999999999527,NA,NA,NA,NA,NA,NA,NA,NA,NA,NA,NA,NA,NA
84,"survival",2,"Purely linear","RuleFit",TRUE,"C-index",0.850020904191008,68.3299999999999,NA,55,55,0,0,6,49,0,0,0,0.109090909090909,0.109090909090909,2.89090909090909
85,"survival",2,"Purely linear","BRP-GABLE full",TRUE,"C-index",0.845963553326766,345.65,NA,33,27,6,13,20,0,0,0,0.393939393939394,0.606060606060606,1,1.60606060606061
85,"survival",2,"Purely linear","BRP-GABLE rule-only",TRUE,"C-index",0.824835452673055,344.03,NA,49,49,0,25,24,0,0,0,0.510204081632653,0.489795918367347,1,1.48979591836735
85,"survival",2,"Purely linear","GABLE",TRUE,"C-index",0.770299767171129,7.84000000000015,NA,5,5,0,5,0,0,0,0,1,0,1,1
85,"survival",2,"Purely linear","GBM",TRUE,"C-index",0.842739768962121,0.0499999999999998,NA,NA,NA,NA,NA,NA,NA,NA,NA,NA,NA,NA,NA
85,"survival",2,"Purely linear","Linear",TRUE,"C-index",0.867500223873914,0.0100000000002183,NA,20,0,20,20,0,0,0,0,1,0,1,1
85,"survival",2,"Purely linear","Random forest",TRUE,"C-index",0.828479000626847,0.280000000000655,NA,NA,NA,NA,NA,NA,NA,NA,NA,NA,NA,NA,NA
85,"survival",2,"Purely linear","RuleFit",TRUE,"C-index",0.833644891197278,71.74,NA,56,56,0,0,15,41,0,0,0,0.267857142857143,0.267857142857143,2.73214285714286
86,"survival",2,"Purely linear","BRP-GABLE full",TRUE,"C-index",0.838896300788357,357.879999999999,NA,32,25,7,16,16,0,0,0,0.5,0.5,1,1.5
86,"survival",2,"Purely linear","BRP-GABLE rule-only",TRUE,"C-index",0.800357792601577,351.43,NA,35,35,0,17,18,0,0,0,0.485714285714286,0.514285714285714,1,1.51428571428571
86,"survival",2,"Purely linear","GABLE",TRUE,"C-index",0.740218314129776,7.46999999999935,NA,5,5,0,5,0,0,0,0,1,0,1,1
86,"survival",2,"Purely linear","GBM",TRUE,"C-index",0.832249848392965,0.0499999999999998,NA,NA,NA,NA,NA,NA,NA,NA,NA,NA,NA,NA,NA
86,"survival",2,"Purely linear","Linear",TRUE,"C-index",0.858302001212856,0,NA,20,0,20,20,0,0,0,0,1,0,1,1
86,"survival",2,"Purely linear","Random forest",TRUE,"C-index",0.804390539721043,0.270000000000437,NA,NA,NA,NA,NA,NA,NA,NA,NA,NA,NA,NA,NA
86,"survival",2,"Purely linear","RuleFit",TRUE,"C-index",0.823662825955124,75.0600000000001,NA,60,60,0,0,14,46,0,0,0,0.233333333333333,0.233333333333333,2.76666666666667
87,"survival",2,"Purely linear","BRP-GABLE full",TRUE,"C-index",0.875981726399597,351.920000000001,NA,35,29,6,16,19,0,0,0,0.457142857142857,0.542857142857143,1,1.54285714285714
87,"survival",2,"Purely linear","BRP-GABLE rule-only",TRUE,"C-index",0.839962109857432,391.97,NA,49,49,0,26,23,0,0,0,0.530612244897959,0.469387755102041,1,1.46938775510204
87,"survival",2,"Purely linear","GABLE",TRUE,"C-index",0.748348301538388,8.10999999999967,NA,5,5,0,5,0,0,0,0,1,0,1,1
87,"survival",2,"Purely linear","GBM",TRUE,"C-index",0.859602633125097,0.0299999999999998,NA,NA,NA,NA,NA,NA,NA,NA,NA,NA,NA,NA,NA
87,"survival",2,"Purely linear","Linear",TRUE,"C-index",0.89074209522896,0.0299999999997453,NA,20,0,20,20,0,0,0,0,1,0,1,1
87,"survival",2,"Purely linear","Random forest",TRUE,"C-index",0.834422475089629,0.25,NA,NA,NA,NA,NA,NA,NA,NA,NA,NA,NA,NA,NA
87,"survival",2,"Purely linear","RuleFit",TRUE,"C-index",0.857012674012878,76.86,NA,63,63,0,0,15,48,0,0,0,0.238095238095238,0.238095238095238,2.76190476190476
88,"survival",2,"Purely linear","BRP-GABLE full",TRUE,"C-index",0.870758388306203,345.120000000001,NA,38,31,7,21,17,0,0,0,0.552631578947368,0.447368421052632,1,1.44736842105263
88,"survival",2,"Purely linear","BRP-GABLE rule-only",TRUE,"C-index",0.852350386787528,336.38,NA,51,51,0,28,23,0,0,0,0.549019607843137,0.450980392156863,1,1.45098039215686
88,"survival",2,"Purely linear","GABLE",TRUE,"C-index",0.73594632433202,7.65999999999985,NA,5,5,0,5,0,0,0,0,1,0,1,1
88,"survival",2,"Purely linear","GBM",TRUE,"C-index",0.863532817616629,0.0499999999999998,NA,NA,NA,NA,NA,NA,NA,NA,NA,NA,NA,NA,NA
88,"survival",2,"Purely linear","Linear",TRUE,"C-index",0.882184044421243,0.0200000000004366,NA,20,0,20,20,0,0,0,0,1,0,1,1
88,"survival",2,"Purely linear","Random forest",TRUE,"C-index",0.848096910445636,0.25,NA,NA,NA,NA,NA,NA,NA,NA,NA,NA,NA,NA,NA
88,"survival",2,"Purely linear","RuleFit",TRUE,"C-index",0.856574201509183,75.99,NA,51,51,0,0,10,41,0,0,0,0.196078431372549,0.196078431372549,2.80392156862745
89,"survival",2,"Purely linear","BRP-GABLE full",TRUE,"C-index",0.868863769649161,309.030000000001,NA,42,36,6,16,26,0,0,0,0.380952380952381,0.619047619047619,1,1.61904761904762
89,"survival",2,"Purely linear","BRP-GABLE rule-only",TRUE,"C-index",0.83463082000391,325.82,NA,41,41,0,10,31,0,0,0,0.24390243902439,0.75609756097561,1,1.75609756097561
89,"survival",2,"Purely linear","GABLE",TRUE,"C-index",0.745190483308994,7.75,NA,5,5,0,5,0,0,0,0,1,0,1,1
89,"survival",2,"Purely linear","GBM",TRUE,"C-index",0.854294355070547,0.04,NA,NA,NA,NA,NA,NA,NA,NA,NA,NA,NA,NA,NA
89,"survival",2,"Purely linear","Linear",TRUE,"C-index",0.88119085128158,0.0100000000002183,NA,20,0,20,20,0,0,0,0,1,0,1,1
89,"survival",2,"Purely linear","Random forest",TRUE,"C-index",0.82861676805078,0.229999999999563,NA,NA,NA,NA,NA,NA,NA,NA,NA,NA,NA,NA,NA
89,"survival",2,"Purely linear","RuleFit",TRUE,"C-index",0.852155514414176,78.75,NA,62,62,0,0,18,44,0,0,0,0.290322580645161,0.290322580645161,2.70967741935484
90,"survival",2,"Purely linear","BRP-GABLE full",TRUE,"C-index",0.851220522233539,350.38,NA,31,25,6,13,18,0,0,0,0.419354838709677,0.580645161290323,1,1.58064516129032
90,"survival",2,"Purely linear","BRP-GABLE rule-only",TRUE,"C-index",0.815617759969557,345.530000000001,NA,36,36,0,14,22,0,0,0,0.388888888888889,0.611111111111111,1,1.61111111111111
90,"survival",2,"Purely linear","GABLE",TRUE,"C-index",0.721926869396846,7.82999999999993,NA,5,5,0,5,0,0,0,0,1,0,1,1
90,"survival",2,"Purely linear","GBM",TRUE,"C-index",0.841572744468197,0.0600000000000001,NA,NA,NA,NA,NA,NA,NA,NA,NA,NA,NA,NA,NA
90,"survival",2,"Purely linear","Linear",TRUE,"C-index",0.867594882872396,0,NA,20,0,20,20,0,0,0,0,1,0,1,1
90,"survival",2,"Purely linear","Random forest",TRUE,"C-index",0.816949645763148,0.440000000000509,NA,NA,NA,NA,NA,NA,NA,NA,NA,NA,NA,NA,NA
90,"survival",2,"Purely linear","RuleFit",TRUE,"C-index",0.842893437944195,80.25,NA,71,71,0,0,17,54,0,0,0,0.23943661971831,0.23943661971831,2.76056338028169
91,"survival",2,"Purely linear","BRP-GABLE full",TRUE,"C-index",0.857647018901218,389.160000000001,NA,35,29,6,17,18,0,0,0,0.485714285714286,0.514285714285714,1,1.51428571428571
91,"survival",2,"Purely linear","BRP-GABLE rule-only",TRUE,"C-index",0.824465257276008,390.15,NA,63,63,0,38,25,0,0,0,0.603174603174603,0.396825396825397,1,1.3968253968254
91,"survival",2,"Purely linear","GABLE",TRUE,"C-index",0.733165925775108,6.44999999999982,NA,5,5,0,4,1,0,0,0,0.8,0.2,1,1.2
91,"survival",2,"Purely linear","GBM",TRUE,"C-index",0.842433291481444,0.04,NA,NA,NA,NA,NA,NA,NA,NA,NA,NA,NA,NA,NA
91,"survival",2,"Purely linear","Linear",TRUE,"C-index",0.869931114052055,0.0199999999995271,NA,20,0,20,20,0,0,0,0,1,0,1,1
91,"survival",2,"Purely linear","Random forest",TRUE,"C-index",0.816213648240524,0.270000000000437,NA,NA,NA,NA,NA,NA,NA,NA,NA,NA,NA,NA,NA
91,"survival",2,"Purely linear","RuleFit",TRUE,"C-index",0.839469725248001,75.21,NA,55,55,0,0,15,40,0,0,0,0.272727272727273,0.272727272727273,2.72727272727273
92,"survival",2,"Purely linear","BRP-GABLE full",TRUE,"C-index",0.872160250306081,328.570000000001,NA,33,27,6,16,17,0,0,0,0.484848484848485,0.515151515151515,1,1.51515151515152
92,"survival",2,"Purely linear","BRP-GABLE rule-only",TRUE,"C-index",0.851318414728155,347.320000000001,NA,64,64,0,38,26,0,0,0,0.59375,0.40625,1,1.40625
92,"survival",2,"Purely linear","GABLE",TRUE,"C-index",0.751921507277921,7.89000000000033,NA,5,5,0,4,1,0,0,0,0.8,0.2,1,1.2
92,"survival",2,"Purely linear","GBM",TRUE,"C-index",0.863227225320818,0.04,NA,NA,NA,NA,NA,NA,NA,NA,NA,NA,NA,NA,NA
92,"survival",2,"Purely linear","Linear",TRUE,"C-index",0.881433365075047,0.0100000000002183,NA,20,0,20,20,0,0,0,0,1,0,1,1
92,"survival",2,"Purely linear","Random forest",TRUE,"C-index",0.852367024894572,0.259999999999309,NA,NA,NA,NA,NA,NA,NA,NA,NA,NA,NA,NA,NA
92,"survival",2,"Purely linear","RuleFit",TRUE,"C-index",0.857264317779894,85.01,NA,67,67,0,0,16,51,0,0,0,0.238805970149254,0.238805970149254,2.76119402985075
93,"survival",2,"Purely linear","BRP-GABLE full",TRUE,"C-index",0.830936375522105,323.310000000001,NA,43,37,6,15,28,0,0,0,0.348837209302326,0.651162790697674,1,1.65116279069767
93,"survival",2,"Purely linear","BRP-GABLE rule-only",TRUE,"C-index",0.811805065429428,346.940000000001,NA,63,63,0,30,33,0,0,0,0.476190476190476,0.523809523809524,1,1.52380952380952
93,"survival",2,"Purely linear","GABLE",TRUE,"C-index",0.718757592937556,6.75999999999931,NA,5,5,0,4,1,0,0,0,0.8,0.2,1,1.2
93,"survival",2,"Purely linear","GBM",TRUE,"C-index",0.841361117217601,0.0299999999999998,NA,NA,NA,NA,NA,NA,NA,NA,NA,NA,NA,NA,NA
93,"survival",2,"Purely linear","Linear",TRUE,"C-index",0.860868458503512,0.0199999999995271,NA,20,0,20,20,0,0,0,0,1,0,1,1
93,"survival",2,"Purely linear","Random forest",TRUE,"C-index",0.82308021613116,0.239999999999782,NA,NA,NA,NA,NA,NA,NA,NA,NA,NA,NA,NA,NA
93,"survival",2,"Purely linear","RuleFit",TRUE,"C-index",0.820372791539877,78.9299999999999,NA,62,62,0,0,28,34,0,0,0,0.451612903225806,0.451612903225806,2.54838709677419
94,"survival",2,"Purely linear","BRP-GABLE full",TRUE,"C-index",0.8467246248408,358.669999999999,NA,27,21,6,14,13,0,0,0,0.518518518518518,0.481481481481481,1,1.48148148148148
94,"survival",2,"Purely linear","BRP-GABLE rule-only",TRUE,"C-index",0.821917049670524,359.010000000001,NA,55,55,0,35,20,0,0,0,0.636363636363636,0.363636363636364,1,1.36363636363636
94,"survival",2,"Purely linear","GABLE",TRUE,"C-index",0.746857522564926,7.88000000000102,NA,5,5,0,5,0,0,0,0,1,0,1,1
94,"survival",2,"Purely linear","GBM",TRUE,"C-index",0.831064843014563,0.0500000000000003,NA,NA,NA,NA,NA,NA,NA,NA,NA,NA,NA,NA,NA
94,"survival",2,"Purely linear","Linear",TRUE,"C-index",0.855518024253835,0.0100000000002183,NA,20,0,20,20,0,0,0,0,1,0,1,1
94,"survival",2,"Purely linear","Random forest",TRUE,"C-index",0.82313527880835,0.259999999998399,NA,NA,NA,NA,NA,NA,NA,NA,NA,NA,NA,NA,NA
94,"survival",2,"Purely linear","RuleFit",TRUE,"C-index",0.835705188548646,88.14,NA,65,65,0,0,27,38,0,0,0,0.415384615384615,0.415384615384615,2.58461538461538
95,"survival",2,"Purely linear","BRP-GABLE full",TRUE,"C-index",0.850102087783692,360.539999999999,NA,35,29,6,13,22,0,0,0,0.371428571428571,0.628571428571429,1,1.62857142857143
95,"survival",2,"Purely linear","BRP-GABLE rule-only",TRUE,"C-index",0.798951977434469,378.57,NA,36,36,0,12,24,0,0,0,0.333333333333333,0.666666666666667,1,1.66666666666667
95,"survival",2,"Purely linear","GABLE",TRUE,"C-index",0.73914505906929,8.13999999999942,NA,5,5,0,5,0,0,0,0,1,0,1,1
95,"survival",2,"Purely linear","GBM",TRUE,"C-index",0.837698127013726,0.0500000000000003,NA,NA,NA,NA,NA,NA,NA,NA,NA,NA,NA,NA,NA
95,"survival",2,"Purely linear","Linear",TRUE,"C-index",0.864913667960959,0.0200000000004366,NA,20,0,20,20,0,0,0,0,1,0,1,1
95,"survival",2,"Purely linear","Random forest",TRUE,"C-index",0.808830298237953,0.270000000000437,NA,NA,NA,NA,NA,NA,NA,NA,NA,NA,NA,NA,NA
95,"survival",2,"Purely linear","RuleFit",TRUE,"C-index",0.835738985731314,81.2900000000001,NA,71,71,0,0,24,47,0,0,0,0.338028169014085,0.338028169014085,2.66197183098592
96,"survival",2,"Purely linear","BRP-GABLE full",TRUE,"C-index",0.863129766742749,362.09,NA,29,23,6,10,19,0,0,0,0.344827586206897,0.655172413793103,1,1.6551724137931
96,"survival",2,"Purely linear","BRP-GABLE rule-only",TRUE,"C-index",0.834821577687469,355.129999999999,NA,51,51,0,25,26,0,0,0,0.490196078431373,0.509803921568627,1,1.50980392156863
96,"survival",2,"Purely linear","GABLE",TRUE,"C-index",0.710477091799811,8.61999999999898,NA,5,5,0,4,1,0,0,0,0.8,0.2,1,1.2
96,"survival",2,"Purely linear","GBM",TRUE,"C-index",0.852118243055169,0.0499999999999998,NA,NA,NA,NA,NA,NA,NA,NA,NA,NA,NA,NA,NA
96,"survival",2,"Purely linear","Linear",TRUE,"C-index",0.871591604965763,0.0200000000004366,NA,20,0,20,20,0,0,0,0,1,0,1,1
96,"survival",2,"Purely linear","Random forest",TRUE,"C-index",0.840026721594388,0.25,NA,NA,NA,NA,NA,NA,NA,NA,NA,NA,NA,NA,NA
96,"survival",2,"Purely linear","RuleFit",TRUE,"C-index",0.859566887490954,82.22,NA,70,70,0,0,21,49,0,0,0,0.3,0.3,2.7
97,"survival",2,"Purely linear","BRP-GABLE full",TRUE,"C-index",0.875790142651248,357.08,NA,37,31,6,24,13,0,0,0,0.648648648648649,0.351351351351351,1,1.35135135135135
97,"survival",2,"Purely linear","BRP-GABLE rule-only",TRUE,"C-index",0.850448835071553,354.59,NA,54,54,0,34,20,0,0,0,0.62962962962963,0.37037037037037,1,1.37037037037037
97,"survival",2,"Purely linear","GABLE",TRUE,"C-index",0.751120669110387,7.82999999999993,NA,5,5,0,5,0,0,0,0,1,0,1,1
97,"survival",2,"Purely linear","GBM",TRUE,"C-index",0.864855816698253,0.0500000000000003,NA,NA,NA,NA,NA,NA,NA,NA,NA,NA,NA,NA,NA
97,"survival",2,"Purely linear","Linear",TRUE,"C-index",0.884358296355981,0.0200000000004366,NA,20,0,20,20,0,0,0,0,1,0,1,1
97,"survival",2,"Purely linear","Random forest",TRUE,"C-index",0.851867403565714,0.260000000000218,NA,NA,NA,NA,NA,NA,NA,NA,NA,NA,NA,NA,NA
97,"survival",2,"Purely linear","RuleFit",TRUE,"C-index",0.863079768943564,76.96,NA,63,63,0,0,17,46,0,0,0,0.26984126984127,0.26984126984127,2.73015873015873
98,"survival",2,"Purely linear","BRP-GABLE full",TRUE,"C-index",0.860324608730548,359.09,NA,28,22,6,11,17,0,0,0,0.392857142857143,0.607142857142857,1,1.60714285714286
98,"survival",2,"Purely linear","BRP-GABLE rule-only",TRUE,"C-index",0.82586279930441,352.58,NA,57,57,0,34,23,0,0,0,0.596491228070175,0.403508771929825,1,1.40350877192982
98,"survival",2,"Purely linear","GABLE",TRUE,"C-index",0.752006510010256,7.27000000000044,NA,5,5,0,5,0,0,0,0,1,0,1,1
98,"survival",2,"Purely linear","GBM",TRUE,"C-index",0.84264502608463,0.0699999999999998,NA,NA,NA,NA,NA,NA,NA,NA,NA,NA,NA,NA,NA
98,"survival",2,"Purely linear","Linear",TRUE,"C-index",0.868439826994248,0.0199999999986176,NA,20,0,20,20,0,0,0,0,1,0,1,1
98,"survival",2,"Purely linear","Random forest",TRUE,"C-index",0.815323048111651,0.280000000000655,NA,NA,NA,NA,NA,NA,NA,NA,NA,NA,NA,NA,NA
98,"survival",2,"Purely linear","RuleFit",TRUE,"C-index",0.837873991171356,71.28,NA,66,66,0,0,13,53,0,0,0,0.196969696969697,0.196969696969697,2.8030303030303
99,"survival",2,"Purely linear","BRP-GABLE full",TRUE,"C-index",0.857452106420207,344.65,NA,35,28,7,15,20,0,0,0,0.428571428571429,0.571428571428571,1,1.57142857142857
99,"survival",2,"Purely linear","BRP-GABLE rule-only",TRUE,"C-index",0.82050002243259,344.85,NA,35,35,0,12,23,0,0,0,0.342857142857143,0.657142857142857,1,1.65714285714286
99,"survival",2,"Purely linear","GABLE",TRUE,"C-index",0.70743976849567,5.65999999999985,NA,5,5,0,4,1,0,0,0,0.8,0.2,1,1.2
99,"survival",2,"Purely linear","GBM",TRUE,"C-index",0.850733545695186,0.0299999999999998,NA,NA,NA,NA,NA,NA,NA,NA,NA,NA,NA,NA,NA
99,"survival",2,"Purely linear","Linear",TRUE,"C-index",0.875577639194221,0.00999999999839929,NA,20,0,20,20,0,0,0,0,1,0,1,1
99,"survival",2,"Purely linear","Random forest",TRUE,"C-index",0.840044416528332,0.340000000000146,NA,NA,NA,NA,NA,NA,NA,NA,NA,NA,NA,NA,NA
99,"survival",2,"Purely linear","RuleFit",TRUE,"C-index",0.853459105388308,65.6400000000001,NA,70,70,0,0,13,57,0,0,0,0.185714285714286,0.185714285714286,2.81428571428571
100,"survival",2,"Purely linear","BRP-GABLE full",TRUE,"C-index",0.859288375897483,322.68,NA,34,28,6,21,13,0,0,0,0.617647058823529,0.382352941176471,1,1.38235294117647
100,"survival",2,"Purely linear","BRP-GABLE rule-only",TRUE,"C-index",0.818742615650277,324.25,NA,49,49,0,32,17,0,0,0,0.653061224489796,0.346938775510204,1,1.3469387755102
100,"survival",2,"Purely linear","GABLE",TRUE,"C-index",0.725364673270926,6.08000000000175,NA,5,5,0,5,0,0,0,0,1,0,1,1
100,"survival",2,"Purely linear","GBM",TRUE,"C-index",0.849370626192856,0.0500000000000003,NA,NA,NA,NA,NA,NA,NA,NA,NA,NA,NA,NA,NA
100,"survival",2,"Purely linear","Linear",TRUE,"C-index",0.873318640370808,0.0200000000004366,NA,20,0,20,20,0,0,0,0,1,0,1,1
100,"survival",2,"Purely linear","Random forest",TRUE,"C-index",0.831420976097428,0.179999999998472,NA,NA,NA,NA,NA,NA,NA,NA,NA,NA,NA,NA,NA
100,"survival",2,"Purely linear","RuleFit",TRUE,"C-index",0.839560801599564,62.59,NA,67,67,0,0,13,54,0,0,0,0.194029850746269,0.194029850746269,2.80597014925373
1,"survival",3,"Mixed linear and rule-based","BRP-GABLE full",TRUE,"C-index",0.812505856995596,363.2,NA,44,39,5,17,27,0,0,0,0.386363636363636,0.613636363636364,1,1.61363636363636
1,"survival",3,"Mixed linear and rule-based","BRP-GABLE rule-only",TRUE,"C-index",0.799509183769094,352.78,NA,39,39,0,13,26,0,0,0,0.333333333333333,0.666666666666667,1,1.66666666666667
1,"survival",3,"Mixed linear and rule-based","GABLE",TRUE,"C-index",0.760208743323025,8.92000000000002,NA,5,5,0,5,0,0,0,0,1,0,1,1
1,"survival",3,"Mixed linear and rule-based","GBM",TRUE,"C-index",0.808944803673508,0.03,NA,NA,NA,NA,NA,NA,NA,NA,NA,NA,NA,NA,NA
1,"survival",3,"Mixed linear and rule-based","Linear",TRUE,"C-index",0.804329491144223,0.0199999999999818,NA,20,0,20,20,0,0,0,0,1,0,1,1
1,"survival",3,"Mixed linear and rule-based","Random forest",TRUE,"C-index",0.805266610439509,0.550000000000011,NA,NA,NA,NA,NA,NA,NA,NA,NA,NA,NA,NA,NA
1,"survival",3,"Mixed linear and rule-based","RuleFit",TRUE,"C-index",0.818187142723269,57.6,NA,56,56,0,0,31,25,0,0,0,0.553571428571429,0.553571428571429,2.44642857142857
2,"survival",3,"Mixed linear and rule-based","BRP-GABLE full",TRUE,"C-index",0.844346049046321,461.18,NA,43,35,8,29,14,0,0,0,0.674418604651163,0.325581395348837,1,1.32558139534884
2,"survival",3,"Mixed linear and rule-based","BRP-GABLE rule-only",TRUE,"C-index",0.825884297103643,451.69,NA,36,36,0,20,16,0,0,0,0.555555555555556,0.444444444444444,1,1.44444444444444
2,"survival",3,"Mixed linear and rule-based","GABLE",TRUE,"C-index",0.811270057523463,8.44,NA,5,5,0,5,0,0,0,0,1,0,1,1
2,"survival",3,"Mixed linear and rule-based","GBM",TRUE,"C-index",0.831239277424564,0.0600000000000001,NA,NA,NA,NA,NA,NA,NA,NA,NA,NA,NA,NA,NA
2,"survival",3,"Mixed linear and rule-based","Linear",TRUE,"C-index",0.808532647088505,0.0100000000000477,NA,20,0,20,20,0,0,0,0,1,0,1,1
2,"survival",3,"Mixed linear and rule-based","Random forest",TRUE,"C-index",0.813717327681905,0.550000000000011,NA,NA,NA,NA,NA,NA,NA,NA,NA,NA,NA,NA,NA
2,"survival",3,"Mixed linear and rule-based","RuleFit",TRUE,"C-index",0.837067312544152,55.06,NA,62,62,0,0,34,28,0,0,0,0.548387096774194,0.548387096774194,2.45161290322581
3,"survival",3,"Mixed linear and rule-based","BRP-GABLE full",TRUE,"C-index",0.827090508481828,392.69,NA,46,40,6,22,24,0,0,0,0.478260869565217,0.521739130434783,1,1.52173913043478
3,"survival",3,"Mixed linear and rule-based","BRP-GABLE rule-only",TRUE,"C-index",0.808629430765611,373.6,NA,51,51,0,28,23,0,0,0,0.549019607843137,0.450980392156863,1,1.45098039215686
3,"survival",3,"Mixed linear and rule-based","GABLE",TRUE,"C-index",0.746513145228571,7.75,NA,5,5,0,5,0,0,0,0,1,0,1,1
3,"survival",3,"Mixed linear and rule-based","GBM",TRUE,"C-index",0.812736646201895,0.05,NA,NA,NA,NA,NA,NA,NA,NA,NA,NA,NA,NA,NA
3,"survival",3,"Mixed linear and rule-based","Linear",TRUE,"C-index",0.820790638971485,0.00999999999999091,NA,20,0,20,20,0,0,0,0,1,0,1,1
3,"survival",3,"Mixed linear and rule-based","Random forest",TRUE,"C-index",0.803452627976127,0.439999999999998,NA,NA,NA,NA,NA,NA,NA,NA,NA,NA,NA,NA,NA
3,"survival",3,"Mixed linear and rule-based","RuleFit",TRUE,"C-index",0.822603589535157,65.23,NA,66,66,0,0,40,26,0,0,0,0.606060606060606,0.606060606060606,2.39393939393939
4,"survival",3,"Mixed linear and rule-based","BRP-GABLE full",TRUE,"C-index",0.807903428385356,370.96,NA,40,34,6,16,24,0,0,0,0.4,0.6,1,1.6
4,"survival",3,"Mixed linear and rule-based","BRP-GABLE rule-only",TRUE,"C-index",0.78139391543006,367.31,NA,26,26,0,6,20,0,0,0,0.230769230769231,0.769230769230769,1,1.76923076923077
4,"survival",3,"Mixed linear and rule-based","GABLE",TRUE,"C-index",0.759704842536168,8.35999999999996,NA,5,5,0,4,1,0,0,0,0.8,0.2,1,1.2
4,"survival",3,"Mixed linear and rule-based","GBM",TRUE,"C-index",0.802170070242359,0.0700000000000001,NA,NA,NA,NA,NA,NA,NA,NA,NA,NA,NA,NA,NA
4,"survival",3,"Mixed linear and rule-based","Linear",TRUE,"C-index",0.791319719030562,0.0199999999999818,NA,20,0,20,20,0,0,0,0,1,0,1,1
4,"survival",3,"Mixed linear and rule-based","Random forest",TRUE,"C-index",0.789924175466344,0.53000000000003,NA,NA,NA,NA,NA,NA,NA,NA,NA,NA,NA,NA,NA
4,"survival",3,"Mixed linear and rule-based","RuleFit",TRUE,"C-index",0.795721496022701,63.54,NA,62,62,0,0,45,17,0,0,0,0.725806451612903,0.725806451612903,2.2741935483871
5,"survival",3,"Mixed linear and rule-based","BRP-GABLE full",TRUE,"C-index",0.824472699050402,545.98,NA,33,26,7,18,15,0,0,0,0.545454545454545,0.454545454545455,1,1.45454545454545
5,"survival",3,"Mixed linear and rule-based","BRP-GABLE rule-only",TRUE,"C-index",0.80288988312637,537.43,NA,27,27,0,10,17,0,0,0,0.37037037037037,0.62962962962963,1,1.62962962962963
5,"survival",3,"Mixed linear and rule-based","GABLE",TRUE,"C-index",0.77881323046019,8,NA,5,5,0,4,1,0,0,0,0.8,0.2,1,1.2
5,"survival",3,"Mixed linear and rule-based","GBM",TRUE,"C-index",0.820672023374726,0.0600000000000001,NA,NA,NA,NA,NA,NA,NA,NA,NA,NA,NA,NA,NA
5,"survival",3,"Mixed linear and rule-based","Linear",TRUE,"C-index",0.80225073046019,0.0300000000000296,NA,20,0,20,20,0,0,0,0,1,0,1,1
5,"survival",3,"Mixed linear and rule-based","Random forest",TRUE,"C-index",0.811826607012418,0.600000000000023,NA,NA,NA,NA,NA,NA,NA,NA,NA,NA,NA,NA,NA
5,"survival",3,"Mixed linear and rule-based","RuleFit",TRUE,"C-index",0.824929236669101,65.42,NA,73,73,0,0,41,32,0,0,0,0.561643835616438,0.561643835616438,2.43835616438356
6,"survival",3,"Mixed linear and rule-based","BRP-GABLE full",TRUE,"C-index",0.837785309663198,363.03,NA,42,37,5,19,23,0,0,0,0.452380952380952,0.547619047619048,1,1.54761904761905
6,"survival",3,"Mixed linear and rule-based","BRP-GABLE rule-only",TRUE,"C-index",0.830497025431964,356.38,NA,48,48,0,25,23,0,0,0,0.520833333333333,0.479166666666667,1,1.47916666666667
6,"survival",3,"Mixed linear and rule-based","GABLE",TRUE,"C-index",0.763776634827333,8.23000000000002,NA,5,5,0,4,1,0,0,0,0.8,0.2,1,1.2
6,"survival",3,"Mixed linear and rule-based","GBM",TRUE,"C-index",0.823481311180109,0.0499999999999998,NA,NA,NA,NA,NA,NA,NA,NA,NA,NA,NA,NA,NA
6,"survival",3,"Mixed linear and rule-based","Linear",TRUE,"C-index",0.823505012917447,0.0499999999999545,NA,20,0,20,20,0,0,0,0,1,0,1,1
6,"survival",3,"Mixed linear and rule-based","Random forest",TRUE,"C-index",0.81454575620393,0.220000000000027,NA,NA,NA,NA,NA,NA,NA,NA,NA,NA,NA,NA,NA
6,"survival",3,"Mixed linear and rule-based","RuleFit",TRUE,"C-index",0.823807210068498,72.1,NA,60,60,0,0,33,27,0,0,0,0.55,0.55,2.45
7,"survival",3,"Mixed linear and rule-based","BRP-GABLE full",TRUE,"C-index",0.846907784083346,355.07,NA,30,22,8,18,12,0,0,0,0.6,0.4,1,1.4
7,"survival",3,"Mixed linear and rule-based","BRP-GABLE rule-only",TRUE,"C-index",0.827650254710018,358.06,NA,38,38,0,25,13,0,0,0,0.657894736842105,0.342105263157895,1,1.34210526315789
7,"survival",3,"Mixed linear and rule-based","GABLE",TRUE,"C-index",0.789286448943044,8.15999999999997,NA,5,5,0,5,0,0,0,0,1,0,1,1
7,"survival",3,"Mixed linear and rule-based","GBM",TRUE,"C-index",0.835920767639122,0.05,NA,NA,NA,NA,NA,NA,NA,NA,NA,NA,NA,NA,NA
7,"survival",3,"Mixed linear and rule-based","Linear",TRUE,"C-index",0.830499860847259,0.0500000000000682,NA,20,0,20,20,0,0,0,0,1,0,1,1
7,"survival",3,"Mixed linear and rule-based","Random forest",TRUE,"C-index",0.825550863352008,0.210000000000036,NA,NA,NA,NA,NA,NA,NA,NA,NA,NA,NA,NA,NA
7,"survival",3,"Mixed linear and rule-based","RuleFit",TRUE,"C-index",0.838340815314062,66,NA,77,77,0,0,47,30,0,0,0,0.61038961038961,0.61038961038961,2.38961038961039
8,"survival",3,"Mixed linear and rule-based","BRP-GABLE full",TRUE,"C-index",0.852855477855478,374.45,NA,50,42,8,30,20,0,0,0,0.6,0.4,1,1.4
8,"survival",3,"Mixed linear and rule-based","BRP-GABLE rule-only",TRUE,"C-index",0.831973581973582,351.88,NA,50,50,0,31,19,0,0,0,0.62,0.38,1,1.38
8,"survival",3,"Mixed linear and rule-based","GABLE",TRUE,"C-index",0.791508838383838,7.28999999999996,NA,5,5,0,4,1,0,0,0,0.8,0.2,1,1.2
8,"survival",3,"Mixed linear and rule-based","GBM",TRUE,"C-index",0.853498931623932,0.0599999999999998,NA,NA,NA,NA,NA,NA,NA,NA,NA,NA,NA,NA,NA
8,"survival",3,"Mixed linear and rule-based","Linear",TRUE,"C-index",0.834972319347319,0.0299999999999727,NA,20,0,20,20,0,0,0,0,1,0,1,1
8,"survival",3,"Mixed linear and rule-based","Random forest",TRUE,"C-index",0.830856643356643,0.220000000000027,NA,NA,NA,NA,NA,NA,NA,NA,NA,NA,NA,NA,NA
8,"survival",3,"Mixed linear and rule-based","RuleFit",TRUE,"C-index",0.849510732323232,49.55,NA,58,58,0,0,38,20,0,0,0,0.655172413793103,0.655172413793103,2.3448275862069
9,"survival",3,"Mixed linear and rule-based","BRP-GABLE full",TRUE,"C-index",0.83945850231336,355.08,NA,46,39,7,27,19,0,0,0,0.58695652173913,0.41304347826087,1,1.41304347826087
9,"survival",3,"Mixed linear and rule-based","BRP-GABLE rule-only",TRUE,"C-index",0.827846004455361,370.31,NA,40,40,0,18,22,0,0,0,0.45,0.55,1,1.55
9,"survival",3,"Mixed linear and rule-based","GABLE",TRUE,"C-index",0.790792254526761,7.13999999999999,NA,5,5,0,4,1,0,0,0,0.8,0.2,1,1.2
9,"survival",3,"Mixed linear and rule-based","GBM",TRUE,"C-index",0.8466556234649,0.0600000000000001,NA,NA,NA,NA,NA,NA,NA,NA,NA,NA,NA,NA,NA
9,"survival",3,"Mixed linear and rule-based","Linear",TRUE,"C-index",0.837276517964243,0.0499999999999545,NA,20,0,20,20,0,0,0,0,1,0,1,1
9,"survival",3,"Mixed linear and rule-based","Random forest",TRUE,"C-index",0.825783972125436,0.220000000000027,NA,NA,NA,NA,NA,NA,NA,NA,NA,NA,NA,NA,NA
9,"survival",3,"Mixed linear and rule-based","RuleFit",TRUE,"C-index",0.832946821271491,47.66,NA,63,63,0,0,40,23,0,0,0,0.634920634920635,0.634920634920635,2.36507936507937
10,"survival",3,"Mixed linear and rule-based","BRP-GABLE full",TRUE,"C-index",0.79932816779419,377.02,NA,33,28,5,14,19,0,0,0,0.424242424242424,0.575757575757576,1,1.57575757575758
10,"survival",3,"Mixed linear and rule-based","BRP-GABLE rule-only",TRUE,"C-index",0.793189213230647,347.67,NA,34,34,0,12,22,0,0,0,0.352941176470588,0.647058823529412,1,1.64705882352941
10,"survival",3,"Mixed linear and rule-based","GABLE",TRUE,"C-index",0.763758514946511,7.86000000000001,NA,5,5,0,5,0,0,0,0,1,0,1,1
10,"survival",3,"Mixed linear and rule-based","GBM",TRUE,"C-index",0.799562255670779,0.0600000000000001,NA,NA,NA,NA,NA,NA,NA,NA,NA,NA,NA,NA,NA
10,"survival",3,"Mixed linear and rule-based","Linear",TRUE,"C-index",0.794377209204335,0.0299999999999727,NA,20,0,20,20,0,0,0,0,1,0,1,1
10,"survival",3,"Mixed linear and rule-based","Random forest",TRUE,"C-index",0.780624546454739,0.220000000000027,NA,NA,NA,NA,NA,NA,NA,NA,NA,NA,NA,NA,NA
10,"survival",3,"Mixed linear and rule-based","RuleFit",TRUE,"C-index",0.802617102460264,50.91,NA,72,72,0,0,44,28,0,0,0,0.611111111111111,0.611111111111111,2.38888888888889
11,"survival",3,"Mixed linear and rule-based","BRP-GABLE full",TRUE,"C-index",0.833147126597305,400.67,NA,33,27,6,13,20,0,0,0,0.393939393939394,0.606060606060606,1,1.60606060606061
11,"survival",3,"Mixed linear and rule-based","BRP-GABLE rule-only",TRUE,"C-index",0.820938947466425,357.76,NA,40,40,0,20,20,0,0,0,0.5,0.5,1,1.5
11,"survival",3,"Mixed linear and rule-based","GABLE",TRUE,"C-index",0.785722598515001,8.22999999999979,NA,5,5,0,5,0,0,0,0,1,0,1,1
11,"survival",3,"Mixed linear and rule-based","GBM",TRUE,"C-index",0.83577729674371,0.03,NA,NA,NA,NA,NA,NA,NA,NA,NA,NA,NA,NA,NA
11,"survival",3,"Mixed linear and rule-based","Linear",TRUE,"C-index",0.821032050834439,0,NA,20,0,20,20,0,0,0,0,1,0,1,1
11,"survival",3,"Mixed linear and rule-based","Random forest",TRUE,"C-index",0.824441961687964,0.220000000000027,NA,NA,NA,NA,NA,NA,NA,NA,NA,NA,NA,NA,NA
11,"survival",3,"Mixed linear and rule-based","RuleFit",TRUE,"C-index",0.817796708795941,49.23,NA,49,49,0,0,23,26,0,0,0,0.469387755102041,0.469387755102041,2.53061224489796
12,"survival",3,"Mixed linear and rule-based","BRP-GABLE full",TRUE,"C-index",0.801281225479288,371.59,NA,52,46,6,28,24,0,0,0,0.538461538461538,0.461538461538462,1,1.46153846153846
12,"survival",3,"Mixed linear and rule-based","BRP-GABLE rule-only",TRUE,"C-index",0.790389637766873,364.37,NA,49,49,0,23,26,0,0,0,0.469387755102041,0.530612244897959,1,1.53061224489796
12,"survival",3,"Mixed linear and rule-based","GABLE",TRUE,"C-index",0.760390926019183,8.3900000000001,NA,5,5,0,5,0,0,0,0,1,0,1,1
12,"survival",3,"Mixed linear and rule-based","GBM",TRUE,"C-index",0.79677819808636,0.0700000000000001,NA,NA,NA,NA,NA,NA,NA,NA,NA,NA,NA,NA,NA
12,"survival",3,"Mixed linear and rule-based","Linear",TRUE,"C-index",0.811282747959291,0.00999999999999091,NA,20,0,20,20,0,0,0,0,1,0,1,1
12,"survival",3,"Mixed linear and rule-based","Random forest",TRUE,"C-index",0.780060196517034,0.25,NA,NA,NA,NA,NA,NA,NA,NA,NA,NA,NA,NA,NA
12,"survival",3,"Mixed linear and rule-based","RuleFit",TRUE,"C-index",0.800590253785705,43.62,NA,46,46,0,1,27,18,0,0,0.0217391304347826,0.58695652173913,0.608695652173913,2.3695652173913
13,"survival",3,"Mixed linear and rule-based","BRP-GABLE full",TRUE,"C-index",0.801269934692307,364.23,NA,25,20,5,12,13,0,0,0,0.48,0.52,1,1.52
13,"survival",3,"Mixed linear and rule-based","BRP-GABLE rule-only",TRUE,"C-index",0.786357822775068,358.65,NA,26,26,0,9,17,0,0,0,0.346153846153846,0.653846153846154,1,1.65384615384615
13,"survival",3,"Mixed linear and rule-based","GABLE",TRUE,"C-index",0.766782492558092,7.92000000000007,NA,5,5,0,5,0,0,0,0,1,0,1,1
13,"survival",3,"Mixed linear and rule-based","GBM",TRUE,"C-index",0.801756629806114,0.03,NA,NA,NA,NA,NA,NA,NA,NA,NA,NA,NA,NA,NA
13,"survival",3,"Mixed linear and rule-based","Linear",TRUE,"C-index",0.797772520967505,0,NA,20,0,20,20,0,0,0,0,1,0,1,1
13,"survival",3,"Mixed linear and rule-based","Random forest",TRUE,"C-index",0.799764575386809,0.210000000000036,NA,NA,NA,NA,NA,NA,NA,NA,NA,NA,NA,NA,NA
13,"survival",3,"Mixed linear and rule-based","RuleFit",TRUE,"C-index",0.8037373657344,59.75,NA,54,54,0,0,20,34,0,0,0,0.37037037037037,0.37037037037037,2.62962962962963
14,"survival",3,"Mixed linear and rule-based","BRP-GABLE full",TRUE,"C-index",0.830024202223019,353.1,NA,42,37,5,24,18,0,0,0,0.571428571428571,0.428571428571429,1,1.42857142857143
14,"survival",3,"Mixed linear and rule-based","BRP-GABLE rule-only",TRUE,"C-index",0.812343133739692,347.14,NA,40,40,0,21,19,0,0,0,0.525,0.475,1,1.475
14,"survival",3,"Mixed linear and rule-based","GABLE",TRUE,"C-index",0.790942093940481,8.02999999999997,NA,5,5,0,4,1,0,0,0,0.8,0.2,1,1.2
14,"survival",3,"Mixed linear and rule-based","GBM",TRUE,"C-index",0.822180889207601,0.05,NA,NA,NA,NA,NA,NA,NA,NA,NA,NA,NA,NA,NA
14,"survival",3,"Mixed linear and rule-based","Linear",TRUE,"C-index",0.811917353890283,0.0199999999999818,NA,20,0,20,20,0,0,0,0,1,0,1,1
14,"survival",3,"Mixed linear and rule-based","Random forest",TRUE,"C-index",0.817788633918967,0.220000000000027,NA,NA,NA,NA,NA,NA,NA,NA,NA,NA,NA,NA,NA
14,"survival",3,"Mixed linear and rule-based","RuleFit",TRUE,"C-index",0.823749551810685,49.55,NA,64,64,0,1,41,22,0,0,0.015625,0.640625,0.65625,2.328125
15,"survival",3,"Mixed linear and rule-based","BRP-GABLE full",TRUE,"C-index",0.811528945486099,390.9,NA,48,41,7,27,21,0,0,0,0.5625,0.4375,1,1.4375
15,"survival",3,"Mixed linear and rule-based","BRP-GABLE rule-only",TRUE,"C-index",0.800893516727055,358.37,NA,48,48,0,27,21,0,0,0,0.5625,0.4375,1,1.4375
15,"survival",3,"Mixed linear and rule-based","GABLE",TRUE,"C-index",0.761470902076664,7.72000000000003,NA,5,5,0,5,0,0,0,0,1,0,1,1
15,"survival",3,"Mixed linear and rule-based","GBM",TRUE,"C-index",0.806052930899028,0.03,NA,NA,NA,NA,NA,NA,NA,NA,NA,NA,NA,NA,NA
15,"survival",3,"Mixed linear and rule-based","Linear",TRUE,"C-index",0.801784688265851,0.00999999999999091,NA,20,0,20,20,0,0,0,0,1,0,1,1
15,"survival",3,"Mixed linear and rule-based","Random forest",TRUE,"C-index",0.7924039352259,0.220000000000027,NA,NA,NA,NA,NA,NA,NA,NA,NA,NA,NA,NA,NA
15,"survival",3,"Mixed linear and rule-based","RuleFit",TRUE,"C-index",0.800641408989107,59.53,NA,66,66,0,0,33,33,0,0,0,0.5,0.5,2.5
16,"survival",3,"Mixed linear and rule-based","BRP-GABLE full",TRUE,"C-index",0.836969259360093,377.91,NA,48,41,7,24,24,0,0,0,0.5,0.5,1,1.5
16,"survival",3,"Mixed linear and rule-based","BRP-GABLE rule-only",TRUE,"C-index",0.823114072986825,379.91,NA,44,44,0,19,25,0,0,0,0.431818181818182,0.568181818181818,1,1.56818181818182
16,"survival",3,"Mixed linear and rule-based","GABLE",TRUE,"C-index",0.764319787881299,7.57999999999993,NA,5,5,0,5,0,0,0,0,1,0,1,1
16,"survival",3,"Mixed linear and rule-based","GBM",TRUE,"C-index",0.843444088019791,0.04,NA,NA,NA,NA,NA,NA,NA,NA,NA,NA,NA,NA,NA
16,"survival",3,"Mixed linear and rule-based","Linear",TRUE,"C-index",0.830648311454647,0,NA,20,0,20,20,0,0,0,0,1,0,1,1
16,"survival",3,"Mixed linear and rule-based","Random forest",TRUE,"C-index",0.829535635231591,0.220000000000027,NA,NA,NA,NA,NA,NA,NA,NA,NA,NA,NA,NA,NA
16,"survival",3,"Mixed linear and rule-based","RuleFit",TRUE,"C-index",0.8301511582486,50.9,NA,60,60,0,0,42,18,0,0,0,0.7,0.7,2.3
17,"survival",3,"Mixed linear and rule-based","BRP-GABLE full",TRUE,"C-index",0.833874427163301,336.44,NA,43,36,7,19,24,0,0,0,0.441860465116279,0.558139534883721,1,1.55813953488372
17,"survival",3,"Mixed linear and rule-based","BRP-GABLE rule-only",TRUE,"C-index",0.820782691248344,331.22,NA,46,46,0,19,27,0,0,0,0.41304347826087,0.58695652173913,1,1.58695652173913
17,"survival",3,"Mixed linear and rule-based","GABLE",TRUE,"C-index",0.74978610189754,7.28999999999996,NA,5,5,0,3,2,0,0,0,0.6,0.4,1,1.4
17,"survival",3,"Mixed linear and rule-based","GBM",TRUE,"C-index",0.822669682727582,0.0499999999999998,NA,NA,NA,NA,NA,NA,NA,NA,NA,NA,NA,NA,NA
17,"survival",3,"Mixed linear and rule-based","Linear",TRUE,"C-index",0.812613541800963,0.00999999999999091,NA,20,0,20,20,0,0,0,0,1,0,1,1
17,"survival",3,"Mixed linear and rule-based","Random forest",TRUE,"C-index",0.817372042052953,0.25,NA,NA,NA,NA,NA,NA,NA,NA,NA,NA,NA,NA,NA
17,"survival",3,"Mixed linear and rule-based","RuleFit",TRUE,"C-index",0.820923336575989,64.66,NA,65,65,0,0,27,38,0,0,0,0.415384615384615,0.415384615384615,2.58461538461538
18,"survival",3,"Mixed linear and rule-based","BRP-GABLE full",TRUE,"C-index",0.811908121225803,395.1,NA,30,24,6,15,15,0,0,0,0.5,0.5,1,1.5
18,"survival",3,"Mixed linear and rule-based","BRP-GABLE rule-only",TRUE,"C-index",0.802184096167955,365.82,NA,39,39,0,19,20,0,0,0,0.487179487179487,0.512820512820513,1,1.51282051282051
18,"survival",3,"Mixed linear and rule-based","GABLE",TRUE,"C-index",0.755889158530391,7.6400000000001,NA,5,5,0,5,0,0,0,0,1,0,1,1
18,"survival",3,"Mixed linear and rule-based","GBM",TRUE,"C-index",0.803860262994526,0.0299999999999998,NA,NA,NA,NA,NA,NA,NA,NA,NA,NA,NA,NA,NA
18,"survival",3,"Mixed linear and rule-based","Linear",TRUE,"C-index",0.797291043512614,0.0199999999999818,NA,20,0,20,20,0,0,0,0,1,0,1,1
18,"survival",3,"Mixed linear and rule-based","Random forest",TRUE,"C-index",0.792381059879226,0.220000000000027,NA,NA,NA,NA,NA,NA,NA,NA,NA,NA,NA,NA,NA
18,"survival",3,"Mixed linear and rule-based","RuleFit",TRUE,"C-index",0.796450138269654,70.28,NA,62,62,0,0,25,37,0,0,0,0.403225806451613,0.403225806451613,2.59677419354839
19,"survival",3,"Mixed linear and rule-based","BRP-GABLE full",TRUE,"C-index",0.824393863239271,347.97,NA,59,52,7,35,24,0,0,0,0.593220338983051,0.406779661016949,1,1.40677966101695
19,"survival",3,"Mixed linear and rule-based","BRP-GABLE rule-only",TRUE,"C-index",0.816208324357962,340.21,NA,58,58,0,33,25,0,0,0,0.568965517241379,0.431034482758621,1,1.43103448275862
19,"survival",3,"Mixed linear and rule-based","GABLE",TRUE,"C-index",0.770631387472775,7.63999999999987,NA,5,5,0,4,1,0,0,0,0.8,0.2,1,1.2
19,"survival",3,"Mixed linear and rule-based","GBM",TRUE,"C-index",0.820061750556473,0.0299999999999998,NA,NA,NA,NA,NA,NA,NA,NA,NA,NA,NA,NA,NA
19,"survival",3,"Mixed linear and rule-based","Linear",TRUE,"C-index",0.807879179531366,0,NA,20,0,20,20,0,0,0,0,1,0,1,1
19,"survival",3,"Mixed linear and rule-based","Random forest",TRUE,"C-index",0.804013786170747,0.220000000000027,NA,NA,NA,NA,NA,NA,NA,NA,NA,NA,NA,NA,NA
19,"survival",3,"Mixed linear and rule-based","RuleFit",TRUE,"C-index",0.817153730164429,51.91,NA,58,58,0,0,32,26,0,0,0,0.551724137931034,0.551724137931034,2.44827586206897
20,"survival",3,"Mixed linear and rule-based","BRP-GABLE full",TRUE,"C-index",0.828131395226457,493.48,NA,49,45,4,26,23,0,0,0,0.530612244897959,0.469387755102041,1,1.46938775510204
20,"survival",3,"Mixed linear and rule-based","BRP-GABLE rule-only",TRUE,"C-index",0.820424964625262,552.68,NA,48,48,0,22,26,0,0,0,0.458333333333333,0.541666666666667,1,1.54166666666667
20,"survival",3,"Mixed linear and rule-based","GABLE",TRUE,"C-index",0.759428391004876,7.6099999999999,NA,5,5,0,4,1,0,0,0,0.8,0.2,1,1.2
20,"survival",3,"Mixed linear and rule-based","GBM",TRUE,"C-index",0.832949376118251,0.0399999999999998,NA,NA,NA,NA,NA,NA,NA,NA,NA,NA,NA,NA,NA
20,"survival",3,"Mixed linear and rule-based","Linear",TRUE,"C-index",0.834761966016863,0.00999999999999091,NA,20,0,20,20,0,0,0,0,1,0,1,1
20,"survival",3,"Mixed linear and rule-based","Random forest",TRUE,"C-index",0.80074374656485,0.200000000000045,NA,NA,NA,NA,NA,NA,NA,NA,NA,NA,NA,NA,NA
20,"survival",3,"Mixed linear and rule-based","RuleFit",TRUE,"C-index",0.823167237729936,49.58,NA,46,46,0,0,27,19,0,0,0,0.58695652173913,0.58695652173913,2.41304347826087
21,"survival",3,"Mixed linear and rule-based","BRP-GABLE full",TRUE,"C-index",0.812833118911965,351.82,NA,38,32,6,16,22,0,0,0,0.421052631578947,0.578947368421053,1,1.57894736842105
21,"survival",3,"Mixed linear and rule-based","BRP-GABLE rule-only",TRUE,"C-index",0.800651304907186,344.98,NA,37,37,0,12,25,0,0,0,0.324324324324324,0.675675675675676,1,1.67567567567568
21,"survival",3,"Mixed linear and rule-based","GABLE",TRUE,"C-index",0.773697390185628,7.70000000000005,NA,5,5,0,4,1,0,0,0,0.8,0.2,1,1.2
21,"survival",3,"Mixed linear and rule-based","GBM",TRUE,"C-index",0.817531244256571,0.04,NA,NA,NA,NA,NA,NA,NA,NA,NA,NA,NA,NA,NA
21,"survival",3,"Mixed linear and rule-based","Linear",TRUE,"C-index",0.808617441646756,0.00999999999999091,NA,20,0,20,20,0,0,0,0,1,0,1,1
21,"survival",3,"Mixed linear and rule-based","Random forest",TRUE,"C-index",0.787550542179746,0.210000000000036,NA,NA,NA,NA,NA,NA,NA,NA,NA,NA,NA,NA,NA
21,"survival",3,"Mixed linear and rule-based","RuleFit",TRUE,"C-index",0.808330270170925,49.44,NA,50,50,0,0,26,24,0,0,0,0.52,0.52,2.48
22,"survival",3,"Mixed linear and rule-based","BRP-GABLE full",TRUE,"C-index",0.848508732851285,349.77,NA,49,42,7,35,14,0,0,0,0.714285714285714,0.285714285714286,1,1.28571428571429
22,"survival",3,"Mixed linear and rule-based","BRP-GABLE rule-only",TRUE,"C-index",0.834035845241767,345.99,NA,58,58,0,44,14,0,0,0,0.758620689655172,0.241379310344828,1,1.24137931034483
22,"survival",3,"Mixed linear and rule-based","GABLE",TRUE,"C-index",0.771946357789886,7.56000000000017,NA,5,5,0,5,0,0,0,0,1,0,1,1
22,"survival",3,"Mixed linear and rule-based","GBM",TRUE,"C-index",0.834606993134802,0.0600000000000001,NA,NA,NA,NA,NA,NA,NA,NA,NA,NA,NA,NA,NA
22,"survival",3,"Mixed linear and rule-based","Linear",TRUE,"C-index",0.826645191505889,0.0199999999999818,NA,20,0,20,20,0,0,0,0,1,0,1,1
22,"survival",3,"Mixed linear and rule-based","Random forest",TRUE,"C-index",0.821470591594988,0.199999999999818,NA,NA,NA,NA,NA,NA,NA,NA,NA,NA,NA,NA,NA
22,"survival",3,"Mixed linear and rule-based","RuleFit",TRUE,"C-index",0.845595878596804,64.49,NA,71,71,0,0,39,32,0,0,0,0.549295774647887,0.549295774647887,2.45070422535211
23,"survival",3,"Mixed linear and rule-based","BRP-GABLE full",TRUE,"C-index",0.829226727259817,353,NA,26,20,6,12,14,0,0,0,0.461538461538462,0.538461538461538,1,1.53846153846154
23,"survival",3,"Mixed linear and rule-based","BRP-GABLE rule-only",TRUE,"C-index",0.812155317285616,356.18,NA,27,27,0,12,15,0,0,0,0.444444444444444,0.555555555555556,1,1.55555555555556
23,"survival",3,"Mixed linear and rule-based","GABLE",TRUE,"C-index",0.794018793344221,6.92000000000007,NA,5,5,0,4,1,0,0,0,0.8,0.2,1,1.2
23,"survival",3,"Mixed linear and rule-based","GBM",TRUE,"C-index",0.835499065066629,0.04,NA,NA,NA,NA,NA,NA,NA,NA,NA,NA,NA,NA,NA
23,"survival",3,"Mixed linear and rule-based","Linear",TRUE,"C-index",0.82990129943904,0.0100000000002183,NA,20,0,20,20,0,0,0,0,1,0,1,1
23,"survival",3,"Mixed linear and rule-based","Random forest",TRUE,"C-index",0.821569741295652,0.199999999999818,NA,NA,NA,NA,NA,NA,NA,NA,NA,NA,NA,NA,NA
23,"survival",3,"Mixed linear and rule-based","RuleFit",TRUE,"C-index",0.838907429761651,53.68,NA,50,50,0,0,30,20,0,0,0,0.6,0.6,2.4
24,"survival",3,"Mixed linear and rule-based","BRP-GABLE full",TRUE,"C-index",0.856394333398021,336.23,NA,37,29,8,15,22,0,0,0,0.405405405405405,0.594594594594595,1,1.59459459459459
24,"survival",3,"Mixed linear and rule-based","BRP-GABLE rule-only",TRUE,"C-index",0.828231127498545,337.36,NA,35,35,0,10,25,0,0,0,0.285714285714286,0.714285714285714,1,1.71428571428571
24,"survival",3,"Mixed linear and rule-based","GABLE",TRUE,"C-index",0.789946390452164,7.76999999999998,NA,5,5,0,5,0,0,0,0,1,0,1,1
24,"survival",3,"Mixed linear and rule-based","GBM",TRUE,"C-index",0.842725111585484,0.05,NA,NA,NA,NA,NA,NA,NA,NA,NA,NA,NA,NA,NA
24,"survival",3,"Mixed linear and rule-based","Linear",TRUE,"C-index",0.831421016883369,0.00999999999976353,NA,20,0,20,20,0,0,0,0,1,0,1,1
24,"survival",3,"Mixed linear and rule-based","Random forest",TRUE,"C-index",0.807721230351252,0.230000000000018,NA,NA,NA,NA,NA,NA,NA,NA,NA,NA,NA,NA,NA
24,"survival",3,"Mixed linear and rule-based","RuleFit",TRUE,"C-index",0.845830098971473,60.45,NA,60,60,0,0,30,30,0,0,0,0.5,0.5,2.5
25,"survival",3,"Mixed linear and rule-based","BRP-GABLE full",TRUE,"C-index",0.825618358160471,347.56,NA,26,17,9,14,12,0,0,0,0.538461538461538,0.461538461538462,1,1.46153846153846
25,"survival",3,"Mixed linear and rule-based","BRP-GABLE rule-only",TRUE,"C-index",0.801667130725324,343.52,NA,18,18,0,5,13,0,0,0,0.277777777777778,0.722222222222222,1,1.72222222222222
25,"survival",3,"Mixed linear and rule-based","GABLE",TRUE,"C-index",0.786654833170913,7.59000000000015,NA,5,5,0,5,0,0,0,0,1,0,1,1
25,"survival",3,"Mixed linear and rule-based","GBM",TRUE,"C-index",0.832370411620029,0.04,NA,NA,NA,NA,NA,NA,NA,NA,NA,NA,NA,NA,NA
25,"survival",3,"Mixed linear and rule-based","Linear",TRUE,"C-index",0.825769177224001,0.0199999999999818,NA,20,0,20,20,0,0,0,0,1,0,1,1
25,"survival",3,"Mixed linear and rule-based","Random forest",TRUE,"C-index",0.825049886305629,0.2199999999998,NA,NA,NA,NA,NA,NA,NA,NA,NA,NA,NA,NA,NA
25,"survival",3,"Mixed linear and rule-based","RuleFit",TRUE,"C-index",0.82409856605875,54.26,NA,57,57,0,1,31,25,0,0,0.0175438596491228,0.543859649122807,0.56140350877193,2.42105263157895
26,"survival",3,"Mixed linear and rule-based","BRP-GABLE full",TRUE,"C-index",0.819088665670293,342.06,NA,54,47,7,27,27,0,0,0,0.5,0.5,1,1.5
26,"survival",3,"Mixed linear and rule-based","BRP-GABLE rule-only",TRUE,"C-index",0.814726634458309,336.7,NA,45,45,0,20,25,0,0,0,0.444444444444444,0.555555555555556,1,1.55555555555556
26,"survival",3,"Mixed linear and rule-based","GABLE",TRUE,"C-index",0.762503910187341,7.05999999999995,NA,5,5,0,4,1,0,0,0,0.8,0.2,1,1.2
26,"survival",3,"Mixed linear and rule-based","GBM",TRUE,"C-index",0.814929384913049,0.0600000000000001,NA,NA,NA,NA,NA,NA,NA,NA,NA,NA,NA,NA,NA
26,"survival",3,"Mixed linear and rule-based","Linear",TRUE,"C-index",0.813515924600002,0.0199999999999818,NA,20,0,20,20,0,0,0,0,1,0,1,1
26,"survival",3,"Mixed linear and rule-based","Random forest",TRUE,"C-index",0.788815126342498,0.2199999999998,NA,NA,NA,NA,NA,NA,NA,NA,NA,NA,NA,NA,NA
26,"survival",3,"Mixed linear and rule-based","RuleFit",TRUE,"C-index",0.822923545699953,53.5,NA,66,66,0,0,38,28,0,0,0,0.575757575757576,0.575757575757576,2.42424242424242
27,"survival",3,"Mixed linear and rule-based","BRP-GABLE full",TRUE,"C-index",0.815483344028936,338.03,NA,35,30,5,12,23,0,0,0,0.342857142857143,0.657142857142857,1,1.65714285714286
27,"survival",3,"Mixed linear and rule-based","BRP-GABLE rule-only",TRUE,"C-index",0.803430371623593,336.94,NA,41,41,0,15,26,0,0,0,0.365853658536585,0.634146341463415,1,1.63414634146341
27,"survival",3,"Mixed linear and rule-based","GABLE",TRUE,"C-index",0.775964062773467,7.26000000000022,NA,5,5,0,3,2,0,0,0,0.6,0.4,1,1.4
27,"survival",3,"Mixed linear and rule-based","GBM",TRUE,"C-index",0.805962312583863,0.0499999999999998,NA,NA,NA,NA,NA,NA,NA,NA,NA,NA,NA,NA,NA
27,"survival",3,"Mixed linear and rule-based","Linear",TRUE,"C-index",0.79639460941602,0.0199999999999818,NA,20,0,20,20,0,0,0,0,1,0,1,1
27,"survival",3,"Mixed linear and rule-based","Random forest",TRUE,"C-index",0.803103669564203,0.2199999999998,NA,NA,NA,NA,NA,NA,NA,NA,NA,NA,NA,NA,NA
27,"survival",3,"Mixed linear and rule-based","RuleFit",TRUE,"C-index",0.805968146549209,52.78,NA,60,60,0,0,28,32,0,0,0,0.466666666666667,0.466666666666667,2.53333333333333
28,"survival",3,"Mixed linear and rule-based","BRP-GABLE full",TRUE,"C-index",0.809352187686516,402.88,NA,37,32,5,17,20,0,0,0,0.459459459459459,0.540540540540541,1,1.54054054054054
28,"survival",3,"Mixed linear and rule-based","BRP-GABLE rule-only",TRUE,"C-index",0.807791194160048,388.75,NA,56,56,0,33,23,0,0,0,0.589285714285714,0.410714285714286,1,1.41071428571429
28,"survival",3,"Mixed linear and rule-based","GABLE",TRUE,"C-index",0.779148110738717,7.26999999999998,NA,5,5,0,4,1,0,0,0,0.8,0.2,1,1.2
28,"survival",3,"Mixed linear and rule-based","GBM",TRUE,"C-index",0.817776961572012,0.0600000000000001,NA,NA,NA,NA,NA,NA,NA,NA,NA,NA,NA,NA,NA
28,"survival",3,"Mixed linear and rule-based","Linear",TRUE,"C-index",0.800674900142326,0.0199999999999818,NA,20,0,20,20,0,0,0,0,1,0,1,1
28,"survival",3,"Mixed linear and rule-based","Random forest",TRUE,"C-index",0.790425141178091,0.220000000000255,NA,NA,NA,NA,NA,NA,NA,NA,NA,NA,NA,NA,NA
28,"survival",3,"Mixed linear and rule-based","RuleFit",TRUE,"C-index",0.821139984390065,52.36,NA,79,79,0,0,43,36,0,0,0,0.544303797468354,0.544303797468354,2.45569620253165
29,"survival",3,"Mixed linear and rule-based","BRP-GABLE full",TRUE,"C-index",0.859797483890764,342.910000000001,NA,41,35,6,17,24,0,0,0,0.414634146341463,0.585365853658537,1,1.58536585365854
29,"survival",3,"Mixed linear and rule-based","BRP-GABLE rule-only",TRUE,"C-index",0.846578705124271,425.64,NA,46,46,0,20,26,0,0,0,0.434782608695652,0.565217391304348,1,1.56521739130435
29,"survival",3,"Mixed linear and rule-based","GABLE",TRUE,"C-index",0.795587603559374,7.51000000000022,NA,5,5,0,4,1,0,0,0,0.8,0.2,1,1.2
29,"survival",3,"Mixed linear and rule-based","GBM",TRUE,"C-index",0.852948757287512,0.05,NA,NA,NA,NA,NA,NA,NA,NA,NA,NA,NA,NA,NA
29,"survival",3,"Mixed linear and rule-based","Linear",TRUE,"C-index",0.843608468855477,0.0300000000002001,NA,20,0,20,20,0,0,0,0,1,0,1,1
29,"survival",3,"Mixed linear and rule-based","Random forest",TRUE,"C-index",0.840736422215403,0.419999999999618,NA,NA,NA,NA,NA,NA,NA,NA,NA,NA,NA,NA,NA
29,"survival",3,"Mixed linear and rule-based","RuleFit",TRUE,"C-index",0.856004909481436,54.32,NA,51,51,0,0,26,25,0,0,0,0.509803921568627,0.509803921568627,2.49019607843137
30,"survival",3,"Mixed linear and rule-based","BRP-GABLE full",TRUE,"C-index",0.829135894508771,341.85,NA,28,21,7,14,14,0,0,0,0.5,0.5,1,1.5
30,"survival",3,"Mixed linear and rule-based","BRP-GABLE rule-only",TRUE,"C-index",0.81466230226219,337.17,NA,41,41,0,26,15,0,0,0,0.634146341463415,0.365853658536585,1,1.36585365853659
30,"survival",3,"Mixed linear and rule-based","GABLE",TRUE,"C-index",0.78934370850127,7.5,NA,5,5,0,5,0,0,0,0,1,0,1,1
30,"survival",3,"Mixed linear and rule-based","GBM",TRUE,"C-index",0.835740745055099,0.0499999999999998,NA,NA,NA,NA,NA,NA,NA,NA,NA,NA,NA,NA,NA
30,"survival",3,"Mixed linear and rule-based","Linear",TRUE,"C-index",0.825023879971111,0.0100000000002183,NA,20,0,20,20,0,0,0,0,1,0,1,1
30,"survival",3,"Mixed linear and rule-based","Random forest",TRUE,"C-index",0.816636768166251,0.210000000000036,NA,NA,NA,NA,NA,NA,NA,NA,NA,NA,NA,NA,NA
30,"survival",3,"Mixed linear and rule-based","RuleFit",TRUE,"C-index",0.833719684085455,59.45,NA,59,59,0,0,24,35,0,0,0,0.406779661016949,0.406779661016949,2.59322033898305
31,"survival",3,"Mixed linear and rule-based","BRP-GABLE full",TRUE,"C-index",0.823805691359656,375.28,NA,42,34,8,26,16,0,0,0,0.619047619047619,0.380952380952381,1,1.38095238095238
31,"survival",3,"Mixed linear and rule-based","BRP-GABLE rule-only",TRUE,"C-index",0.811337073117995,357.83,NA,45,45,0,26,19,0,0,0,0.577777777777778,0.422222222222222,1,1.42222222222222
31,"survival",3,"Mixed linear and rule-based","GABLE",TRUE,"C-index",0.755840911001934,7.45000000000027,NA,5,5,0,5,0,0,0,0,1,0,1,1
31,"survival",3,"Mixed linear and rule-based","GBM",TRUE,"C-index",0.808057754447501,0.0300000000000002,NA,NA,NA,NA,NA,NA,NA,NA,NA,NA,NA,NA,NA
31,"survival",3,"Mixed linear and rule-based","Linear",TRUE,"C-index",0.797475044745282,0.0199999999999818,NA,20,0,20,20,0,0,0,0,1,0,1,1
31,"survival",3,"Mixed linear and rule-based","Random forest",TRUE,"C-index",0.800910521447705,0.210000000000036,NA,NA,NA,NA,NA,NA,NA,NA,NA,NA,NA,NA,NA
31,"survival",3,"Mixed linear and rule-based","RuleFit",TRUE,"C-index",0.812003747792766,54.23,NA,57,57,0,0,34,23,0,0,0,0.596491228070175,0.596491228070175,2.40350877192982
32,"survival",3,"Mixed linear and rule-based","BRP-GABLE full",TRUE,"C-index",0.834259061454105,354.72,NA,42,37,5,21,21,0,0,0,0.5,0.5,1,1.5
32,"survival",3,"Mixed linear and rule-based","BRP-GABLE rule-only",TRUE,"C-index",0.827422915331482,347.6,NA,45,45,0,25,20,0,0,0,0.555555555555556,0.444444444444444,1,1.44444444444444
32,"survival",3,"Mixed linear and rule-based","GABLE",TRUE,"C-index",0.792500415390823,7.61999999999989,NA,5,5,0,5,0,0,0,0,1,0,1,1
32,"survival",3,"Mixed linear and rule-based","GBM",TRUE,"C-index",0.833202781931686,0.0499999999999998,NA,NA,NA,NA,NA,NA,NA,NA,NA,NA,NA,NA,NA
32,"survival",3,"Mixed linear and rule-based","Linear",TRUE,"C-index",0.803484535593059,0.0100000000002183,NA,20,0,20,20,0,0,0,0,1,0,1,1
32,"survival",3,"Mixed linear and rule-based","Random forest",TRUE,"C-index",0.823779344394598,0.220000000000255,NA,NA,NA,NA,NA,NA,NA,NA,NA,NA,NA,NA,NA
32,"survival",3,"Mixed linear and rule-based","RuleFit",TRUE,"C-index",0.831820123905148,68.56,NA,55,55,0,0,31,24,0,0,0,0.563636363636364,0.563636363636364,2.43636363636364
33,"survival",3,"Mixed linear and rule-based","BRP-GABLE full",TRUE,"C-index",0.841698082660684,328.59,NA,33,28,5,9,24,0,0,0,0.272727272727273,0.727272727272727,1,1.72727272727273
33,"survival",3,"Mixed linear and rule-based","BRP-GABLE rule-only",TRUE,"C-index",0.829734949233295,322.07,NA,40,40,0,16,24,0,0,0,0.4,0.6,1,1.6
33,"survival",3,"Mixed linear and rule-based","GABLE",TRUE,"C-index",0.793747253509725,7.19999999999982,NA,5,5,0,4,1,0,0,0,0.8,0.2,1,1.2
33,"survival",3,"Mixed linear and rule-based","GBM",TRUE,"C-index",0.842530702870227,0.0600000000000001,NA,NA,NA,NA,NA,NA,NA,NA,NA,NA,NA,NA,NA
33,"survival",3,"Mixed linear and rule-based","Linear",TRUE,"C-index",0.820963526609154,0.0199999999999818,NA,20,0,20,20,0,0,0,0,1,0,1,1
33,"survival",3,"Mixed linear and rule-based","Random forest",TRUE,"C-index",0.827809514998728,0.210000000000036,NA,NA,NA,NA,NA,NA,NA,NA,NA,NA,NA,NA,NA
33,"survival",3,"Mixed linear and rule-based","RuleFit",TRUE,"C-index",0.84056479404214,62.57,NA,69,69,0,1,36,32,0,0,0.0144927536231884,0.521739130434783,0.536231884057971,2.44927536231884
34,"survival",3,"Mixed linear and rule-based","BRP-GABLE full",TRUE,"C-index",0.83102489839772,350.52,NA,45,39,6,24,21,0,0,0,0.533333333333333,0.466666666666667,1,1.46666666666667
34,"survival",3,"Mixed linear and rule-based","BRP-GABLE rule-only",TRUE,"C-index",0.825483486709955,345.26,NA,51,51,0,28,23,0,0,0,0.549019607843137,0.450980392156863,1,1.45098039215686
34,"survival",3,"Mixed linear and rule-based","GABLE",TRUE,"C-index",0.770343812771523,7.57999999999993,NA,5,5,0,5,0,0,0,0,1,0,1,1
34,"survival",3,"Mixed linear and rule-based","GBM",TRUE,"C-index",0.820280749287616,0.0300000000000002,NA,NA,NA,NA,NA,NA,NA,NA,NA,NA,NA,NA,NA
34,"survival",3,"Mixed linear and rule-based","Linear",TRUE,"C-index",0.813717475592096,0.0199999999999818,NA,20,0,20,20,0,0,0,0,1,0,1,1
34,"survival",3,"Mixed linear and rule-based","Random forest",TRUE,"C-index",0.799563226981828,0.199999999999818,NA,NA,NA,NA,NA,NA,NA,NA,NA,NA,NA,NA,NA
34,"survival",3,"Mixed linear and rule-based","RuleFit",TRUE,"C-index",0.824006166207315,53.72,NA,57,57,0,0,32,25,0,0,0,0.56140350877193,0.56140350877193,2.43859649122807
35,"survival",3,"Mixed linear and rule-based","BRP-GABLE full",TRUE,"C-index",0.843114475438103,350.09,NA,45,38,7,23,22,0,0,0,0.511111111111111,0.488888888888889,1,1.48888888888889
35,"survival",3,"Mixed linear and rule-based","BRP-GABLE rule-only",TRUE,"C-index",0.838063908625096,349.32,NA,46,46,0,24,22,0,0,0,0.521739130434783,0.478260869565217,1,1.47826086956522
35,"survival",3,"Mixed linear and rule-based","GABLE",TRUE,"C-index",0.802190209482347,7.86000000000013,NA,5,5,0,5,0,0,0,0,1,0,1,1
35,"survival",3,"Mixed linear and rule-based","GBM",TRUE,"C-index",0.842441881794724,0.0299999999999998,NA,NA,NA,NA,NA,NA,NA,NA,NA,NA,NA,NA,NA
35,"survival",3,"Mixed linear and rule-based","Linear",TRUE,"C-index",0.822789918432735,0,NA,20,0,20,20,0,0,0,0,1,0,1,1
35,"survival",3,"Mixed linear and rule-based","Random forest",TRUE,"C-index",0.829087840729825,0.210000000000036,NA,NA,NA,NA,NA,NA,NA,NA,NA,NA,NA,NA,NA
35,"survival",3,"Mixed linear and rule-based","RuleFit",TRUE,"C-index",0.842087241510034,53.33,NA,53,53,0,0,36,17,0,0,0,0.679245283018868,0.679245283018868,2.32075471698113
36,"survival",3,"Mixed linear and rule-based","BRP-GABLE full",TRUE,"C-index",0.843831684092606,402.02,NA,42,35,7,21,21,0,0,0,0.5,0.5,1,1.5
36,"survival",3,"Mixed linear and rule-based","BRP-GABLE rule-only",TRUE,"C-index",0.821141010082151,462.16,NA,45,45,0,24,21,0,0,0,0.533333333333333,0.466666666666667,1,1.46666666666667
36,"survival",3,"Mixed linear and rule-based","GABLE",TRUE,"C-index",0.777935959671397,7.0300000000002,NA,5,5,0,4,1,0,0,0,0.8,0.2,1,1.2
36,"survival",3,"Mixed linear and rule-based","GBM",TRUE,"C-index",0.832162528005975,0.0499999999999998,NA,NA,NA,NA,NA,NA,NA,NA,NA,NA,NA,NA,NA
36,"survival",3,"Mixed linear and rule-based","Linear",TRUE,"C-index",0.828066654219567,0.0300000000002001,NA,20,0,20,20,0,0,0,0,1,0,1,1
36,"survival",3,"Mixed linear and rule-based","Random forest",TRUE,"C-index",0.818778005974608,0.239999999999782,NA,NA,NA,NA,NA,NA,NA,NA,NA,NA,NA,NA,NA
36,"survival",3,"Mixed linear and rule-based","RuleFit",TRUE,"C-index",0.827839105675878,68.12,NA,55,55,0,0,23,32,0,0,0,0.418181818181818,0.418181818181818,2.58181818181818
37,"survival",3,"Mixed linear and rule-based","BRP-GABLE full",TRUE,"C-index",0.819240570552218,336.69,NA,34,26,8,18,16,0,0,0,0.529411764705882,0.470588235294118,1,1.47058823529412
37,"survival",3,"Mixed linear and rule-based","BRP-GABLE rule-only",TRUE,"C-index",0.801863404171904,334.86,NA,27,27,0,11,16,0,0,0,0.407407407407407,0.592592592592593,1,1.59259259259259
37,"survival",3,"Mixed linear and rule-based","GABLE",TRUE,"C-index",0.774782929557326,7.26999999999998,NA,5,5,0,4,1,0,0,0,0.8,0.2,1,1.2
37,"survival",3,"Mixed linear and rule-based","GBM",TRUE,"C-index",0.812195150075528,0.0300000000000002,NA,NA,NA,NA,NA,NA,NA,NA,NA,NA,NA,NA,NA
37,"survival",3,"Mixed linear and rule-based","Linear",TRUE,"C-index",0.795175443653933,0.0199999999999818,NA,20,0,20,20,0,0,0,0,1,0,1,1
37,"survival",3,"Mixed linear and rule-based","Random forest",TRUE,"C-index",0.799626396688306,0.2199999999998,NA,NA,NA,NA,NA,NA,NA,NA,NA,NA,NA,NA,NA
37,"survival",3,"Mixed linear and rule-based","RuleFit",TRUE,"C-index",0.814570529156049,59.05,NA,62,62,0,0,44,18,0,0,0,0.709677419354839,0.709677419354839,2.29032258064516
38,"survival",3,"Mixed linear and rule-based","BRP-GABLE full",TRUE,"C-index",0.829973652030306,481.15,NA,43,35,8,30,13,0,0,0,0.697674418604651,0.302325581395349,1,1.30232558139535
38,"survival",3,"Mixed linear and rule-based","BRP-GABLE rule-only",TRUE,"C-index",0.812696191520744,414.78,NA,44,44,0,30,14,0,0,0,0.681818181818182,0.318181818181818,1,1.31818181818182
38,"survival",3,"Mixed linear and rule-based","GABLE",TRUE,"C-index",0.760479306128109,7.5300000000002,NA,5,5,0,4,1,0,0,0,0.8,0.2,1,1.2
38,"survival",3,"Mixed linear and rule-based","GBM",TRUE,"C-index",0.813988376637293,0.0499999999999998,NA,NA,NA,NA,NA,NA,NA,NA,NA,NA,NA,NA,NA
38,"survival",3,"Mixed linear and rule-based","Linear",TRUE,"C-index",0.818236829166824,0.0199999999999818,NA,20,0,20,20,0,0,0,0,1,0,1,1
38,"survival",3,"Mixed linear and rule-based","Random forest",TRUE,"C-index",0.805138484424442,0.230000000000018,NA,NA,NA,NA,NA,NA,NA,NA,NA,NA,NA,NA,NA
38,"survival",3,"Mixed linear and rule-based","RuleFit",TRUE,"C-index",0.816560140186327,65.06,NA,57,57,0,0,34,23,0,0,0,0.596491228070175,0.596491228070175,2.40350877192982
39,"survival",3,"Mixed linear and rule-based","BRP-GABLE full",TRUE,"C-index",0.836712637207993,418.59,NA,59,51,8,36,23,0,0,0,0.610169491525424,0.389830508474576,1,1.38983050847458
39,"survival",3,"Mixed linear and rule-based","BRP-GABLE rule-only",TRUE,"C-index",0.82103011539544,371.78,NA,52,52,0,27,25,0,0,0,0.519230769230769,0.480769230769231,1,1.48076923076923
39,"survival",3,"Mixed linear and rule-based","GABLE",TRUE,"C-index",0.788015761328455,7,NA,5,5,0,4,1,0,0,0,0.8,0.2,1,1.2
39,"survival",3,"Mixed linear and rule-based","GBM",TRUE,"C-index",0.830396847734309,0.0500000000000003,NA,NA,NA,NA,NA,NA,NA,NA,NA,NA,NA,NA,NA
39,"survival",3,"Mixed linear and rule-based","Linear",TRUE,"C-index",0.811978609625668,0.0199999999999818,NA,20,0,20,20,0,0,0,0,1,0,1,1
39,"survival",3,"Mixed linear and rule-based","Random forest",TRUE,"C-index",0.816144103574444,0.210000000000036,NA,NA,NA,NA,NA,NA,NA,NA,NA,NA,NA,NA,NA
39,"survival",3,"Mixed linear and rule-based","RuleFit",TRUE,"C-index",0.818620883760203,51.3,NA,58,58,0,1,27,30,0,0,0.0172413793103448,0.46551724137931,0.482758620689655,2.5
40,"survival",3,"Mixed linear and rule-based","BRP-GABLE full",TRUE,"C-index",0.831111373289287,352.22,NA,32,25,7,14,18,0,0,0,0.4375,0.5625,1,1.5625
40,"survival",3,"Mixed linear and rule-based","BRP-GABLE rule-only",TRUE,"C-index",0.810630014157621,345.59,NA,30,30,0,10,20,0,0,0,0.333333333333333,0.666666666666667,1,1.66666666666667
40,"survival",3,"Mixed linear and rule-based","GABLE",TRUE,"C-index",0.794443133553563,7.60000000000036,NA,5,5,0,5,0,0,0,0,1,0,1,1
40,"survival",3,"Mixed linear and rule-based","GBM",TRUE,"C-index",0.836196319018405,0.04,NA,NA,NA,NA,NA,NA,NA,NA,NA,NA,NA,NA,NA
40,"survival",3,"Mixed linear and rule-based","Linear",TRUE,"C-index",0.826805096743747,0.0199999999999818,NA,20,0,20,20,0,0,0,0,1,0,1,1
40,"survival",3,"Mixed linear and rule-based","Random forest",TRUE,"C-index",0.81737848041529,0.2199999999998,NA,NA,NA,NA,NA,NA,NA,NA,NA,NA,NA,NA,NA
40,"survival",3,"Mixed linear and rule-based","RuleFit",TRUE,"C-index",0.83147711184521,51.66,NA,52,52,0,0,36,16,0,0,0,0.692307692307692,0.692307692307692,2.30769230769231
41,"survival",3,"Mixed linear and rule-based","BRP-GABLE full",TRUE,"C-index",0.841010056488001,350.68,NA,54,46,8,31,23,0,0,0,0.574074074074074,0.425925925925926,1,1.42592592592593
41,"survival",3,"Mixed linear and rule-based","BRP-GABLE rule-only",TRUE,"C-index",0.830669388607287,360.72,NA,42,42,0,17,25,0,0,0,0.404761904761905,0.595238095238095,1,1.5952380952381
41,"survival",3,"Mixed linear and rule-based","GABLE",TRUE,"C-index",0.79679978657511,8,NA,5,5,0,5,0,0,0,0,1,0,1,1
41,"survival",3,"Mixed linear and rule-based","GBM",TRUE,"C-index",0.849280270956816,0.0699999999999998,NA,NA,NA,NA,NA,NA,NA,NA,NA,NA,NA,NA,NA
41,"survival",3,"Mixed linear and rule-based","Linear",TRUE,"C-index",0.824690011947154,0,NA,20,0,20,20,0,0,0,0,1,0,1,1
41,"survival",3,"Mixed linear and rule-based","Random forest",TRUE,"C-index",0.831452333174811,0.220000000000255,NA,NA,NA,NA,NA,NA,NA,NA,NA,NA,NA,NA,NA
41,"survival",3,"Mixed linear and rule-based","RuleFit",TRUE,"C-index",0.826644473571271,57.97,NA,54,54,0,0,22,32,0,0,0,0.407407407407407,0.407407407407407,2.59259259259259
42,"survival",3,"Mixed linear and rule-based","BRP-GABLE full",TRUE,"C-index",0.838857299615941,481.53,NA,41,35,6,22,19,0,0,0,0.536585365853659,0.463414634146341,1,1.46341463414634
42,"survival",3,"Mixed linear and rule-based","BRP-GABLE rule-only",TRUE,"C-index",0.827884183749813,439.45,NA,53,53,0,34,19,0,0,0,0.641509433962264,0.358490566037736,1,1.35849056603774
42,"survival",3,"Mixed linear and rule-based","GABLE",TRUE,"C-index",0.798574741882388,6.28999999999996,NA,5,5,0,4,1,0,0,0,0.8,0.2,1,1.2
42,"survival",3,"Mixed linear and rule-based","GBM",TRUE,"C-index",0.844094468552048,0.04,NA,NA,NA,NA,NA,NA,NA,NA,NA,NA,NA,NA,NA
42,"survival",3,"Mixed linear and rule-based","Linear",TRUE,"C-index",0.829742131777146,0,NA,20,0,20,20,0,0,0,0,1,0,1,1
42,"survival",3,"Mixed linear and rule-based","Random forest",TRUE,"C-index",0.821350192029528,0.220000000000255,NA,NA,NA,NA,NA,NA,NA,NA,NA,NA,NA,NA,NA
42,"survival",3,"Mixed linear and rule-based","RuleFit",TRUE,"C-index",0.838869769065789,57.13,NA,72,72,0,1,38,33,0,0,0.0138888888888889,0.527777777777778,0.541666666666667,2.44444444444444
43,"survival",3,"Mixed linear and rule-based","BRP-GABLE full",TRUE,"C-index",0.822422110188241,350.33,NA,47,40,7,25,22,0,0,0,0.531914893617021,0.468085106382979,1,1.46808510638298
43,"survival",3,"Mixed linear and rule-based","BRP-GABLE rule-only",TRUE,"C-index",0.811674102015403,343.8,NA,53,53,0,29,24,0,0,0,0.547169811320755,0.452830188679245,1,1.45283018867925
43,"survival",3,"Mixed linear and rule-based","GABLE",TRUE,"C-index",0.777846287766131,7.56999999999971,NA,5,5,0,5,0,0,0,0,1,0,1,1
43,"survival",3,"Mixed linear and rule-based","GBM",TRUE,"C-index",0.828225309201697,0.0600000000000001,NA,NA,NA,NA,NA,NA,NA,NA,NA,NA,NA,NA,NA
43,"survival",3,"Mixed linear and rule-based","Linear",TRUE,"C-index",0.81398329162284,0,NA,20,0,20,20,0,0,0,0,1,0,1,1
43,"survival",3,"Mixed linear and rule-based","Random forest",TRUE,"C-index",0.808687872523062,0.200000000000273,NA,NA,NA,NA,NA,NA,NA,NA,NA,NA,NA,NA,NA
43,"survival",3,"Mixed linear and rule-based","RuleFit",TRUE,"C-index",0.816189716247748,57.61,NA,61,61,0,0,27,34,0,0,0,0.442622950819672,0.442622950819672,2.55737704918033
44,"survival",3,"Mixed linear and rule-based","BRP-GABLE full",TRUE,"C-index",0.816065285222818,350.7,NA,35,30,5,15,20,0,0,0,0.428571428571429,0.571428571428571,1,1.57142857142857
44,"survival",3,"Mixed linear and rule-based","BRP-GABLE rule-only",TRUE,"C-index",0.808898997634096,347.15,NA,40,40,0,19,21,0,0,0,0.475,0.525,1,1.525
44,"survival",3,"Mixed linear and rule-based","GABLE",TRUE,"C-index",0.774233367240808,7.64000000000033,NA,5,5,0,5,0,0,0,0,1,0,1,1
44,"survival",3,"Mixed linear and rule-based","GBM",TRUE,"C-index",0.817002503057388,0.0499999999999998,NA,NA,NA,NA,NA,NA,NA,NA,NA,NA,NA,NA,NA
44,"survival",3,"Mixed linear and rule-based","Linear",TRUE,"C-index",0.812064965197216,0,NA,20,0,20,20,0,0,0,0,1,0,1,1
44,"survival",3,"Mixed linear and rule-based","Random forest",TRUE,"C-index",0.801378395985965,0.199999999999818,NA,NA,NA,NA,NA,NA,NA,NA,NA,NA,NA,NA,NA
44,"survival",3,"Mixed linear and rule-based","RuleFit",TRUE,"C-index",0.817865429234339,51.77,NA,64,64,0,0,35,29,0,0,0,0.546875,0.546875,2.453125
45,"survival",3,"Mixed linear and rule-based","BRP-GABLE full",TRUE,"C-index",0.806911618192512,351.329999999999,NA,36,31,5,12,24,0,0,0,0.333333333333333,0.666666666666667,1,1.66666666666667
45,"survival",3,"Mixed linear and rule-based","BRP-GABLE rule-only",TRUE,"C-index",0.798887275084325,343.3,NA,37,37,0,11,26,0,0,0,0.297297297297297,0.702702702702703,1,1.7027027027027
45,"survival",3,"Mixed linear and rule-based","GABLE",TRUE,"C-index",0.753387989292874,7.5,NA,5,5,0,5,0,0,0,0,1,0,1,1
45,"survival",3,"Mixed linear and rule-based","GBM",TRUE,"C-index",0.802902447514674,0.0499999999999998,NA,NA,NA,NA,NA,NA,NA,NA,NA,NA,NA,NA,NA
45,"survival",3,"Mixed linear and rule-based","Linear",TRUE,"C-index",0.796840677477824,0,NA,20,0,20,20,0,0,0,0,1,0,1,1
45,"survival",3,"Mixed linear and rule-based","Random forest",TRUE,"C-index",0.793359661021018,0.2199999999998,NA,NA,NA,NA,NA,NA,NA,NA,NA,NA,NA,NA,NA
45,"survival",3,"Mixed linear and rule-based","RuleFit",TRUE,"C-index",0.799205367967446,63.44,NA,53,53,0,0,26,27,0,0,0,0.490566037735849,0.490566037735849,2.50943396226415
46,"survival",3,"Mixed linear and rule-based","BRP-GABLE full",TRUE,"C-index",0.839588184536826,376.769999999999,NA,58,51,7,27,31,0,0,0,0.46551724137931,0.53448275862069,1,1.53448275862069
46,"survival",3,"Mixed linear and rule-based","BRP-GABLE rule-only",TRUE,"C-index",0.829653313790617,465.2,NA,53,53,0,23,30,0,0,0,0.433962264150943,0.566037735849057,1,1.56603773584906
46,"survival",3,"Mixed linear and rule-based","GABLE",TRUE,"C-index",0.757189631328235,7.46999999999935,NA,5,5,0,5,0,0,0,0,1,0,1,1
46,"survival",3,"Mixed linear and rule-based","GBM",TRUE,"C-index",0.819198354629378,0.0499999999999998,NA,NA,NA,NA,NA,NA,NA,NA,NA,NA,NA,NA,NA
46,"survival",3,"Mixed linear and rule-based","Linear",TRUE,"C-index",0.821586033262018,0,NA,20,0,20,20,0,0,0,0,1,0,1,1
46,"survival",3,"Mixed linear and rule-based","Random forest",TRUE,"C-index",0.804281273271002,0.230000000000473,NA,NA,NA,NA,NA,NA,NA,NA,NA,NA,NA,NA,NA
46,"survival",3,"Mixed linear and rule-based","RuleFit",TRUE,"C-index",0.820433564615076,51.99,NA,60,60,0,0,30,30,0,0,0,0.5,0.5,2.5
47,"survival",3,"Mixed linear and rule-based","BRP-GABLE full",TRUE,"C-index",0.843358579322297,341.2,NA,43,35,8,18,25,0,0,0,0.418604651162791,0.581395348837209,1,1.58139534883721
47,"survival",3,"Mixed linear and rule-based","BRP-GABLE rule-only",TRUE,"C-index",0.827321937001317,361.789999999999,NA,42,42,0,16,26,0,0,0,0.380952380952381,0.619047619047619,1,1.61904761904762
47,"survival",3,"Mixed linear and rule-based","GABLE",TRUE,"C-index",0.785272172768093,7.25,NA,5,5,0,4,1,0,0,0,0.8,0.2,1,1.2
47,"survival",3,"Mixed linear and rule-based","GBM",TRUE,"C-index",0.837517865382235,0.0599999999999996,NA,NA,NA,NA,NA,NA,NA,NA,NA,NA,NA,NA,NA
47,"survival",3,"Mixed linear and rule-based","Linear",TRUE,"C-index",0.826264081297336,0,NA,20,0,20,20,0,0,0,0,1,0,1,1
47,"survival",3,"Mixed linear and rule-based","Random forest",TRUE,"C-index",0.814650176121721,0.220000000000255,NA,NA,NA,NA,NA,NA,NA,NA,NA,NA,NA,NA,NA
47,"survival",3,"Mixed linear and rule-based","RuleFit",TRUE,"C-index",0.829381379488853,54.34,NA,55,55,0,0,25,30,0,0,0,0.454545454545455,0.454545454545455,2.54545454545455
48,"survival",3,"Mixed linear and rule-based","BRP-GABLE full",TRUE,"C-index",0.821759153709361,350.94,NA,29,23,6,11,18,0,0,0,0.379310344827586,0.620689655172414,1,1.62068965517241
48,"survival",3,"Mixed linear and rule-based","BRP-GABLE rule-only",TRUE,"C-index",0.809242624595322,341.750000000001,NA,44,44,0,26,18,0,0,0,0.590909090909091,0.409090909090909,1,1.40909090909091
48,"survival",3,"Mixed linear and rule-based","GABLE",TRUE,"C-index",0.75617846883407,7.21999999999935,NA,5,5,0,3,2,0,0,0,0.6,0.4,1,1.4
48,"survival",3,"Mixed linear and rule-based","GBM",TRUE,"C-index",0.829533537002417,0.04,NA,NA,NA,NA,NA,NA,NA,NA,NA,NA,NA,NA,NA
48,"survival",3,"Mixed linear and rule-based","Linear",TRUE,"C-index",0.820003647804478,0.0199999999995271,NA,20,0,20,20,0,0,0,0,1,0,1,1
48,"survival",3,"Mixed linear and rule-based","Random forest",TRUE,"C-index",0.811784688340705,0.200000000000728,NA,NA,NA,NA,NA,NA,NA,NA,NA,NA,NA,NA,NA
48,"survival",3,"Mixed linear and rule-based","RuleFit",TRUE,"C-index",0.823041584971046,63.88,NA,51,51,0,0,19,32,0,0,0,0.372549019607843,0.372549019607843,2.62745098039216
49,"survival",3,"Mixed linear and rule-based","BRP-GABLE full",TRUE,"C-index",0.824744868707717,349.96,NA,38,31,7,16,22,0,0,0,0.421052631578947,0.578947368421053,1,1.57894736842105
49,"survival",3,"Mixed linear and rule-based","BRP-GABLE rule-only",TRUE,"C-index",0.814602683178535,345.260000000001,NA,45,45,0,22,23,0,0,0,0.488888888888889,0.511111111111111,1,1.51111111111111
49,"survival",3,"Mixed linear and rule-based","GABLE",TRUE,"C-index",0.768552918243321,7.59000000000015,NA,5,5,0,5,0,0,0,0,1,0,1,1
49,"survival",3,"Mixed linear and rule-based","GBM",TRUE,"C-index",0.822073156748079,0.04,NA,NA,NA,NA,NA,NA,NA,NA,NA,NA,NA,NA,NA
49,"survival",3,"Mixed linear and rule-based","Linear",TRUE,"C-index",0.818931315216145,0.0200000000004366,NA,20,0,20,20,0,0,0,0,1,0,1,1
49,"survival",3,"Mixed linear and rule-based","Random forest",TRUE,"C-index",0.805985552115583,0.219999999999345,NA,NA,NA,NA,NA,NA,NA,NA,NA,NA,NA,NA,NA
49,"survival",3,"Mixed linear and rule-based","RuleFit",TRUE,"C-index",0.812727898176815,60.64,NA,56,56,0,0,30,26,0,0,0,0.535714285714286,0.535714285714286,2.46428571428571
50,"survival",3,"Mixed linear and rule-based","BRP-GABLE full",TRUE,"C-index",0.848205980478488,350.06,NA,31,25,6,14,17,0,0,0,0.451612903225806,0.548387096774194,1,1.54838709677419
50,"survival",3,"Mixed linear and rule-based","BRP-GABLE rule-only",TRUE,"C-index",0.834029939599896,344.49,NA,35,35,0,18,17,0,0,0,0.514285714285714,0.485714285714286,1,1.48571428571429
50,"survival",3,"Mixed linear and rule-based","GABLE",TRUE,"C-index",0.810924109191482,7.64999999999964,NA,5,5,0,5,0,0,0,0,1,0,1,1
50,"survival",3,"Mixed linear and rule-based","GBM",TRUE,"C-index",0.853625866623671,0.0499999999999998,NA,NA,NA,NA,NA,NA,NA,NA,NA,NA,NA,NA,NA
50,"survival",3,"Mixed linear and rule-based","Linear",TRUE,"C-index",0.843716280742661,0,NA,20,0,20,20,0,0,0,0,1,0,1,1
50,"survival",3,"Mixed linear and rule-based","Random forest",TRUE,"C-index",0.838234382170187,0.210000000000036,NA,NA,NA,NA,NA,NA,NA,NA,NA,NA,NA,NA,NA
50,"survival",3,"Mixed linear and rule-based","RuleFit",TRUE,"C-index",0.847778094730184,54.69,NA,63,63,0,0,26,37,0,0,0,0.412698412698413,0.412698412698413,2.58730158730159
51,"survival",3,"Mixed linear and rule-based","BRP-GABLE full",TRUE,"C-index",0.836964688204358,345.129999999999,NA,38,33,5,24,14,0,0,0,0.631578947368421,0.368421052631579,1,1.36842105263158
51,"survival",3,"Mixed linear and rule-based","BRP-GABLE rule-only",TRUE,"C-index",0.827249609894238,342.86,NA,45,45,0,31,14,0,0,0,0.688888888888889,0.311111111111111,1,1.31111111111111
51,"survival",3,"Mixed linear and rule-based","GABLE",TRUE,"C-index",0.792689129052765,7.94999999999982,NA,5,5,0,4,1,0,0,0,0.8,0.2,1,1.2
51,"survival",3,"Mixed linear and rule-based","GBM",TRUE,"C-index",0.835022828411258,0.04,NA,NA,NA,NA,NA,NA,NA,NA,NA,NA,NA,NA,NA
51,"survival",3,"Mixed linear and rule-based","Linear",TRUE,"C-index",0.823256082760215,0.0199999999995271,NA,20,0,20,20,0,0,0,0,1,0,1,1
51,"survival",3,"Mixed linear and rule-based","Random forest",TRUE,"C-index",0.816725423336994,0.220000000000255,NA,NA,NA,NA,NA,NA,NA,NA,NA,NA,NA,NA,NA
51,"survival",3,"Mixed linear and rule-based","RuleFit",TRUE,"C-index",0.82991966710975,48.76,NA,57,57,0,2,37,18,0,0,0.0350877192982456,0.649122807017544,0.684210526315789,2.28070175438596
52,"survival",3,"Mixed linear and rule-based","BRP-GABLE full",TRUE,"C-index",0.839632302159987,352.23,NA,41,35,6,19,22,0,0,0,0.463414634146341,0.536585365853659,1,1.53658536585366
52,"survival",3,"Mixed linear and rule-based","BRP-GABLE rule-only",TRUE,"C-index",0.827850015479508,348.619999999999,NA,42,42,0,16,26,0,0,0,0.380952380952381,0.619047619047619,1,1.61904761904762
52,"survival",3,"Mixed linear and rule-based","GABLE",TRUE,"C-index",0.778934771736801,7.09000000000015,NA,5,5,0,4,1,0,0,0,0.8,0.2,1,1.2
52,"survival",3,"Mixed linear and rule-based","GBM",TRUE,"C-index",0.837215117525184,0.0300000000000002,NA,NA,NA,NA,NA,NA,NA,NA,NA,NA,NA,NA,NA
52,"survival",3,"Mixed linear and rule-based","Linear",TRUE,"C-index",0.821473649115287,0.0100000000002183,NA,20,0,20,20,0,0,0,0,1,0,1,1
52,"survival",3,"Mixed linear and rule-based","Random forest",TRUE,"C-index",0.820354361648925,0.220000000000255,NA,NA,NA,NA,NA,NA,NA,NA,NA,NA,NA,NA,NA
52,"survival",3,"Mixed linear and rule-based","RuleFit",TRUE,"C-index",0.825403062561025,56.78,NA,61,61,0,0,22,39,0,0,0,0.360655737704918,0.360655737704918,2.63934426229508
53,"survival",3,"Mixed linear and rule-based","BRP-GABLE full",TRUE,"C-index",0.809757833173964,354.960000000001,NA,30,27,3,7,23,0,0,0,0.233333333333333,0.766666666666667,1,1.76666666666667
53,"survival",3,"Mixed linear and rule-based","BRP-GABLE rule-only",TRUE,"C-index",0.811459005092397,344.04,NA,35,35,0,10,25,0,0,0,0.285714285714286,0.714285714285714,1,1.71428571428571
53,"survival",3,"Mixed linear and rule-based","GABLE",TRUE,"C-index",0.767178500744958,7.6899999999996,NA,5,5,0,5,0,0,0,0,1,0,1,1
53,"survival",3,"Mixed linear and rule-based","GBM",TRUE,"C-index",0.819286619671329,0.04,NA,NA,NA,NA,NA,NA,NA,NA,NA,NA,NA,NA,NA
53,"survival",3,"Mixed linear and rule-based","Linear",TRUE,"C-index",0.812704307411773,0.0399999999999636,NA,20,0,20,20,0,0,0,0,1,0,1,1
53,"survival",3,"Mixed linear and rule-based","Random forest",TRUE,"C-index",0.798950388045098,0.239999999999782,NA,NA,NA,NA,NA,NA,NA,NA,NA,NA,NA,NA,NA
53,"survival",3,"Mixed linear and rule-based","RuleFit",TRUE,"C-index",0.820026017923458,52.3099999999999,NA,64,64,0,0,35,29,0,0,0,0.546875,0.546875,2.453125
54,"survival",3,"Mixed linear and rule-based","BRP-GABLE full",TRUE,"C-index",0.823722076653195,348.719999999999,NA,40,34,6,18,22,0,0,0,0.45,0.55,1,1.55
54,"survival",3,"Mixed linear and rule-based","BRP-GABLE rule-only",TRUE,"C-index",0.810937291823955,421.82,NA,43,43,0,18,25,0,0,0,0.418604651162791,0.581395348837209,1,1.58139534883721
54,"survival",3,"Mixed linear and rule-based","GABLE",TRUE,"C-index",0.776585468756939,7.31999999999971,NA,5,5,0,4,1,0,0,0,0.8,0.2,1,1.2
54,"survival",3,"Mixed linear and rule-based","GBM",TRUE,"C-index",0.826431140915753,0.0299999999999998,NA,NA,NA,NA,NA,NA,NA,NA,NA,NA,NA,NA,NA
54,"survival",3,"Mixed linear and rule-based","Linear",TRUE,"C-index",0.81808189368033,0.0199999999995271,NA,20,0,20,20,0,0,0,0,1,0,1,1
54,"survival",3,"Mixed linear and rule-based","Random forest",TRUE,"C-index",0.794954922947107,0.220000000000255,NA,NA,NA,NA,NA,NA,NA,NA,NA,NA,NA,NA,NA
54,"survival",3,"Mixed linear and rule-based","RuleFit",TRUE,"C-index",0.827552515876893,43.35,NA,51,51,0,1,32,18,0,0,0.0196078431372549,0.627450980392157,0.647058823529412,2.33333333333333
55,"survival",3,"Mixed linear and rule-based","BRP-GABLE full",TRUE,"C-index",0.822118805183293,405,NA,45,39,6,30,15,0,0,0,0.666666666666667,0.333333333333333,1,1.33333333333333
55,"survival",3,"Mixed linear and rule-based","BRP-GABLE rule-only",TRUE,"C-index",0.810601024061957,431.5,NA,49,49,0,31,18,0,0,0,0.63265306122449,0.36734693877551,1,1.36734693877551
55,"survival",3,"Mixed linear and rule-based","GABLE",TRUE,"C-index",0.776082671425406,7.71000000000004,NA,5,5,0,5,0,0,0,0,1,0,1,1
55,"survival",3,"Mixed linear and rule-based","GBM",TRUE,"C-index",0.809230553903216,0.0500000000000003,NA,NA,NA,NA,NA,NA,NA,NA,NA,NA,NA,NA,NA
55,"survival",3,"Mixed linear and rule-based","Linear",TRUE,"C-index",0.811295006823192,0.0200000000004366,NA,20,0,20,20,0,0,0,0,1,0,1,1
55,"survival",3,"Mixed linear and rule-based","Random forest",TRUE,"C-index",0.797298715840302,0.210000000000036,NA,NA,NA,NA,NA,NA,NA,NA,NA,NA,NA,NA,NA
55,"survival",3,"Mixed linear and rule-based","RuleFit",TRUE,"C-index",0.812047307463522,43.6299999999999,NA,52,52,0,0,34,18,0,0,0,0.653846153846154,0.653846153846154,2.34615384615385
56,"survival",3,"Mixed linear and rule-based","BRP-GABLE full",TRUE,"C-index",0.825623226591001,434.66,NA,41,33,8,20,21,0,0,0,0.48780487804878,0.51219512195122,1,1.51219512195122
56,"survival",3,"Mixed linear and rule-based","BRP-GABLE rule-only",TRUE,"C-index",0.805488700851236,391.98,NA,35,35,0,13,22,0,0,0,0.371428571428571,0.628571428571429,1,1.62857142857143
56,"survival",3,"Mixed linear and rule-based","GABLE",TRUE,"C-index",0.765612332792866,7.27000000000044,NA,5,5,0,5,0,0,0,0,1,0,1,1
56,"survival",3,"Mixed linear and rule-based","GBM",TRUE,"C-index",0.818909606809891,0.0500000000000003,NA,NA,NA,NA,NA,NA,NA,NA,NA,NA,NA,NA,NA
56,"survival",3,"Mixed linear and rule-based","Linear",TRUE,"C-index",0.818947608431293,0.0199999999995271,NA,20,0,20,20,0,0,0,0,1,0,1,1
56,"survival",3,"Mixed linear and rule-based","Random forest",TRUE,"C-index",0.814070733684637,0.220000000000255,NA,NA,NA,NA,NA,NA,NA,NA,NA,NA,NA,NA,NA
56,"survival",3,"Mixed linear and rule-based","RuleFit",TRUE,"C-index",0.832241842318606,64.3200000000001,NA,61,61,0,0,26,35,0,0,0,0.426229508196721,0.426229508196721,2.57377049180328
57,"survival",3,"Mixed linear and rule-based","BRP-GABLE full",TRUE,"C-index",0.832630418225016,350.280000000001,NA,38,32,6,18,20,0,0,0,0.473684210526316,0.526315789473684,1,1.52631578947368
57,"survival",3,"Mixed linear and rule-based","BRP-GABLE rule-only",TRUE,"C-index",0.817380381279343,347.28,NA,41,41,0,21,20,0,0,0,0.51219512195122,0.48780487804878,1,1.48780487804878
57,"survival",3,"Mixed linear and rule-based","GABLE",TRUE,"C-index",0.785692361908443,7.75,NA,5,5,0,5,0,0,0,0,1,0,1,1
57,"survival",3,"Mixed linear and rule-based","GBM",TRUE,"C-index",0.83151636409108,0.0300000000000002,NA,NA,NA,NA,NA,NA,NA,NA,NA,NA,NA,NA,NA
57,"survival",3,"Mixed linear and rule-based","Linear",TRUE,"C-index",0.824434162811054,0,NA,20,0,20,20,0,0,0,0,1,0,1,1
57,"survival",3,"Mixed linear and rule-based","Random forest",TRUE,"C-index",0.817272386235747,0.220000000000255,NA,NA,NA,NA,NA,NA,NA,NA,NA,NA,NA,NA,NA
57,"survival",3,"Mixed linear and rule-based","RuleFit",TRUE,"C-index",0.825536849045665,56.2800000000001,NA,57,57,0,1,35,21,0,0,0.0175438596491228,0.614035087719298,0.631578947368421,2.35087719298246
58,"survival",3,"Mixed linear and rule-based","BRP-GABLE full",TRUE,"C-index",0.834346147389626,354.599999999999,NA,53,46,7,35,18,0,0,0,0.660377358490566,0.339622641509434,1,1.33962264150943
58,"survival",3,"Mixed linear and rule-based","BRP-GABLE rule-only",TRUE,"C-index",0.819271445358402,347.71,NA,47,47,0,29,18,0,0,0,0.617021276595745,0.382978723404255,1,1.38297872340426
58,"survival",3,"Mixed linear and rule-based","GABLE",TRUE,"C-index",0.768227855184377,7.61000000000058,NA,5,5,0,5,0,0,0,0,1,0,1,1
58,"survival",3,"Mixed linear and rule-based","GBM",TRUE,"C-index",0.826176487046052,0.0600000000000001,NA,NA,NA,NA,NA,NA,NA,NA,NA,NA,NA,NA,NA
58,"survival",3,"Mixed linear and rule-based","Linear",TRUE,"C-index",0.814940406244754,0,NA,20,0,20,20,0,0,0,0,1,0,1,1
58,"survival",3,"Mixed linear and rule-based","Random forest",TRUE,"C-index",0.800738626825583,0.219999999999345,NA,NA,NA,NA,NA,NA,NA,NA,NA,NA,NA,NA,NA
58,"survival",3,"Mixed linear and rule-based","RuleFit",TRUE,"C-index",0.827597784119523,52.64,NA,80,80,0,1,43,36,0,0,0.0125,0.5375,0.55,2.4375
59,"survival",3,"Mixed linear and rule-based","BRP-GABLE full",TRUE,"C-index",0.827399494783584,346.37,NA,43,37,6,21,22,0,0,0,0.488372093023256,0.511627906976744,1,1.51162790697674
59,"survival",3,"Mixed linear and rule-based","BRP-GABLE rule-only",TRUE,"C-index",0.814633151712185,342.73,NA,41,41,0,18,23,0,0,0,0.439024390243902,0.560975609756098,1,1.5609756097561
59,"survival",3,"Mixed linear and rule-based","GABLE",TRUE,"C-index",0.767549473827298,7.60000000000036,NA,5,5,0,5,0,0,0,0,1,0,1,1
59,"survival",3,"Mixed linear and rule-based","GBM",TRUE,"C-index",0.822585212791264,0.0299999999999998,NA,NA,NA,NA,NA,NA,NA,NA,NA,NA,NA,NA,NA
59,"survival",3,"Mixed linear and rule-based","Linear",TRUE,"C-index",0.815312815052277,0.0100000000002183,NA,20,0,20,20,0,0,0,0,1,0,1,1
59,"survival",3,"Mixed linear and rule-based","Random forest",TRUE,"C-index",0.819968508931909,0.199999999999818,NA,NA,NA,NA,NA,NA,NA,NA,NA,NA,NA,NA,NA
59,"survival",3,"Mixed linear and rule-based","RuleFit",TRUE,"C-index",0.826793461638668,55.12,NA,65,65,0,0,25,40,0,0,0,0.384615384615385,0.384615384615385,2.61538461538462
60,"survival",3,"Mixed linear and rule-based","BRP-GABLE full",TRUE,"C-index",0.83947773560071,339.77,NA,40,37,3,17,23,0,0,0,0.425,0.575,1,1.575
60,"survival",3,"Mixed linear and rule-based","BRP-GABLE rule-only",TRUE,"C-index",0.834906159288291,339.12,NA,38,38,0,16,22,0,0,0,0.421052631578947,0.578947368421053,1,1.57894736842105
60,"survival",3,"Mixed linear and rule-based","GABLE",TRUE,"C-index",0.804444653371097,7.09000000000015,NA,5,5,0,4,1,0,0,0,0.8,0.2,1,1.2
60,"survival",3,"Mixed linear and rule-based","GBM",TRUE,"C-index",0.843790765180806,0.0600000000000001,NA,NA,NA,NA,NA,NA,NA,NA,NA,NA,NA,NA,NA
60,"survival",3,"Mixed linear and rule-based","Linear",TRUE,"C-index",0.821720275939876,0,NA,20,0,20,20,0,0,0,0,1,0,1,1
60,"survival",3,"Mixed linear and rule-based","Random forest",TRUE,"C-index",0.829523686406318,0.239999999999782,NA,NA,NA,NA,NA,NA,NA,NA,NA,NA,NA,NA,NA
60,"survival",3,"Mixed linear and rule-based","RuleFit",TRUE,"C-index",0.821573374387421,51.47,NA,57,57,0,0,36,21,0,0,0,0.631578947368421,0.631578947368421,2.36842105263158
61,"survival",3,"Mixed linear and rule-based","BRP-GABLE full",TRUE,"C-index",0.827169874039866,344.46,NA,43,37,6,25,18,0,0,0,0.581395348837209,0.418604651162791,1,1.41860465116279
61,"survival",3,"Mixed linear and rule-based","BRP-GABLE rule-only",TRUE,"C-index",0.808246174302233,339.889999999999,NA,39,39,0,21,18,0,0,0,0.538461538461538,0.461538461538462,1,1.46153846153846
61,"survival",3,"Mixed linear and rule-based","GABLE",TRUE,"C-index",0.776085382213622,7.69999999999982,NA,5,5,0,5,0,0,0,0,1,0,1,1
61,"survival",3,"Mixed linear and rule-based","GBM",TRUE,"C-index",0.836441774601403,0.0500000000000003,NA,NA,NA,NA,NA,NA,NA,NA,NA,NA,NA,NA,NA
61,"survival",3,"Mixed linear and rule-based","Linear",TRUE,"C-index",0.832440967316847,0,NA,20,0,20,20,0,0,0,0,1,0,1,1
61,"survival",3,"Mixed linear and rule-based","Random forest",TRUE,"C-index",0.813635985896264,0.210000000000036,NA,NA,NA,NA,NA,NA,NA,NA,NA,NA,NA,NA,NA
61,"survival",3,"Mixed linear and rule-based","RuleFit",TRUE,"C-index",0.818319423503852,56.9,NA,52,52,0,0,26,26,0,0,0,0.5,0.5,2.5
62,"survival",3,"Mixed linear and rule-based","BRP-GABLE full",TRUE,"C-index",0.834514794195281,492.42,NA,47,41,6,27,20,0,0,0,0.574468085106383,0.425531914893617,1,1.42553191489362
62,"survival",3,"Mixed linear and rule-based","BRP-GABLE rule-only",TRUE,"C-index",0.826694099611559,431.590000000001,NA,47,47,0,25,22,0,0,0,0.531914893617021,0.468085106382979,1,1.46808510638298
62,"survival",3,"Mixed linear and rule-based","GABLE",TRUE,"C-index",0.791532671715251,6.89000000000033,NA,5,5,0,4,1,0,0,0,0.8,0.2,1,1.2
62,"survival",3,"Mixed linear and rule-based","GBM",TRUE,"C-index",0.832278663393156,0.0500000000000003,NA,NA,NA,NA,NA,NA,NA,NA,NA,NA,NA,NA,NA
62,"survival",3,"Mixed linear and rule-based","Linear",TRUE,"C-index",0.830330693776871,0.0100000000002183,NA,20,0,20,20,0,0,0,0,1,0,1,1
62,"survival",3,"Mixed linear and rule-based","Random forest",TRUE,"C-index",0.819311410030314,0.220000000000255,NA,NA,NA,NA,NA,NA,NA,NA,NA,NA,NA,NA,NA
62,"survival",3,"Mixed linear and rule-based","RuleFit",TRUE,"C-index",0.832290189840589,53.64,NA,52,52,0,0,28,24,0,0,0,0.538461538461538,0.538461538461538,2.46153846153846
63,"survival",3,"Mixed linear and rule-based","BRP-GABLE full",TRUE,"C-index",0.814538051077825,336.9,NA,37,31,6,16,21,0,0,0,0.432432432432432,0.567567567567568,1,1.56756756756757
63,"survival",3,"Mixed linear and rule-based","BRP-GABLE rule-only",TRUE,"C-index",0.79363037374291,334.610000000001,NA,37,37,0,16,21,0,0,0,0.432432432432432,0.567567567567568,1,1.56756756756757
63,"survival",3,"Mixed linear and rule-based","GABLE",TRUE,"C-index",0.754729117492421,7.75,NA,5,5,0,4,1,0,0,0,0.8,0.2,1,1.2
63,"survival",3,"Mixed linear and rule-based","GBM",TRUE,"C-index",0.81594755741501,0.04,NA,NA,NA,NA,NA,NA,NA,NA,NA,NA,NA,NA,NA
63,"survival",3,"Mixed linear and rule-based","Linear",TRUE,"C-index",0.805085409372098,0.0199999999995271,NA,20,0,20,20,0,0,0,0,1,0,1,1
63,"survival",3,"Mixed linear and rule-based","Random forest",TRUE,"C-index",0.792556464152674,0.219999999999345,NA,NA,NA,NA,NA,NA,NA,NA,NA,NA,NA,NA,NA
63,"survival",3,"Mixed linear and rule-based","RuleFit",TRUE,"C-index",0.810622755696755,60.9399999999999,NA,69,69,0,0,32,37,0,0,0,0.463768115942029,0.463768115942029,2.53623188405797
64,"survival",3,"Mixed linear and rule-based","BRP-GABLE full",TRUE,"C-index",0.828191067262025,349.59,NA,44,39,5,17,27,0,0,0,0.386363636363636,0.613636363636364,1,1.61363636363636
64,"survival",3,"Mixed linear and rule-based","BRP-GABLE rule-only",TRUE,"C-index",0.819544953867655,345.17,NA,41,41,0,15,26,0,0,0,0.365853658536585,0.634146341463415,1,1.63414634146341
64,"survival",3,"Mixed linear and rule-based","GABLE",TRUE,"C-index",0.794311331146143,7.72000000000025,NA,5,5,0,5,0,0,0,0,1,0,1,1
64,"survival",3,"Mixed linear and rule-based","GBM",TRUE,"C-index",0.825466949343251,0.0300000000000002,NA,NA,NA,NA,NA,NA,NA,NA,NA,NA,NA,NA,NA
64,"survival",3,"Mixed linear and rule-based","Linear",TRUE,"C-index",0.805047908943398,0,NA,20,0,20,20,0,0,0,0,1,0,1,1
64,"survival",3,"Mixed linear and rule-based","Random forest",TRUE,"C-index",0.802181663133209,0.219999999999345,NA,NA,NA,NA,NA,NA,NA,NA,NA,NA,NA,NA,NA
64,"survival",3,"Mixed linear and rule-based","RuleFit",TRUE,"C-index",0.826189432791273,53.8100000000001,NA,59,59,0,0,38,21,0,0,0,0.644067796610169,0.644067796610169,2.35593220338983
65,"survival",3,"Mixed linear and rule-based","BRP-GABLE full",TRUE,"C-index",0.849252679784611,328.59,NA,38,32,6,19,19,0,0,0,0.5,0.5,1,1.5
65,"survival",3,"Mixed linear and rule-based","BRP-GABLE rule-only",TRUE,"C-index",0.836853958029289,327.980000000001,NA,35,35,0,16,19,0,0,0,0.457142857142857,0.542857142857143,1,1.54285714285714
65,"survival",3,"Mixed linear and rule-based","GABLE",TRUE,"C-index",0.811345679633637,7.64999999999964,NA,5,5,0,5,0,0,0,0,1,0,1,1
65,"survival",3,"Mixed linear and rule-based","GBM",TRUE,"C-index",0.852397966886417,0.0600000000000001,NA,NA,NA,NA,NA,NA,NA,NA,NA,NA,NA,NA,NA
65,"survival",3,"Mixed linear and rule-based","Linear",TRUE,"C-index",0.842094006340899,0.00999999999930878,NA,20,0,20,20,0,0,0,0,1,0,1,1
65,"survival",3,"Mixed linear and rule-based","Random forest",TRUE,"C-index",0.844270545015349,0.220000000000255,NA,NA,NA,NA,NA,NA,NA,NA,NA,NA,NA,NA,NA
65,"survival",3,"Mixed linear and rule-based","RuleFit",TRUE,"C-index",0.845113481958633,52.55,NA,56,56,0,0,22,34,0,0,0,0.392857142857143,0.392857142857143,2.60714285714286
66,"survival",3,"Mixed linear and rule-based","BRP-GABLE full",TRUE,"C-index",0.836982939802041,337.23,NA,37,33,4,15,22,0,0,0,0.405405405405405,0.594594594594595,1,1.59459459459459
66,"survival",3,"Mixed linear and rule-based","BRP-GABLE rule-only",TRUE,"C-index",0.827566368044711,329.949999999999,NA,40,40,0,17,23,0,0,0,0.425,0.575,1,1.575
66,"survival",3,"Mixed linear and rule-based","GABLE",TRUE,"C-index",0.794960607732861,7.40000000000055,NA,5,5,0,4,1,0,0,0,0.8,0.2,1,1.2
66,"survival",3,"Mixed linear and rule-based","GBM",TRUE,"C-index",0.831452758632836,0.0299999999999998,NA,NA,NA,NA,NA,NA,NA,NA,NA,NA,NA,NA,NA
66,"survival",3,"Mixed linear and rule-based","Linear",TRUE,"C-index",0.819159553358616,0.0200000000004366,NA,20,0,20,20,0,0,0,0,1,0,1,1
66,"survival",3,"Mixed linear and rule-based","Random forest",TRUE,"C-index",0.816106799422325,0.239999999999782,NA,NA,NA,NA,NA,NA,NA,NA,NA,NA,NA,NA,NA
66,"survival",3,"Mixed linear and rule-based","RuleFit",TRUE,"C-index",0.828787469619228,45.35,NA,58,58,0,0,25,33,0,0,0,0.431034482758621,0.431034482758621,2.56896551724138
67,"survival",3,"Mixed linear and rule-based","BRP-GABLE full",TRUE,"C-index",0.831572507074261,332.089999999999,NA,39,33,6,22,17,0,0,0,0.564102564102564,0.435897435897436,1,1.43589743589744
67,"survival",3,"Mixed linear and rule-based","BRP-GABLE rule-only",TRUE,"C-index",0.82083274153547,327.24,NA,35,35,0,16,19,0,0,0,0.457142857142857,0.542857142857143,1,1.54285714285714
67,"survival",3,"Mixed linear and rule-based","GABLE",TRUE,"C-index",0.762785565230692,7.23000000000047,NA,5,5,0,4,1,0,0,0,0.8,0.2,1,1.2
67,"survival",3,"Mixed linear and rule-based","GBM",TRUE,"C-index",0.831648985567416,0.0499999999999998,NA,NA,NA,NA,NA,NA,NA,NA,NA,NA,NA,NA,NA
67,"survival",3,"Mixed linear and rule-based","Linear",TRUE,"C-index",0.809055053589573,0.00999999999930878,NA,20,0,20,20,0,0,0,0,1,0,1,1
67,"survival",3,"Mixed linear and rule-based","Random forest",TRUE,"C-index",0.798249735056649,0.239999999999782,NA,NA,NA,NA,NA,NA,NA,NA,NA,NA,NA,NA,NA
67,"survival",3,"Mixed linear and rule-based","RuleFit",TRUE,"C-index",0.819079198942412,50.5799999999999,NA,55,55,0,0,31,24,0,0,0,0.563636363636364,0.563636363636364,2.43636363636364
68,"survival",3,"Mixed linear and rule-based","BRP-GABLE full",TRUE,"C-index",0.813969067997274,349.759999999999,NA,41,35,6,18,23,0,0,0,0.439024390243902,0.560975609756098,1,1.5609756097561
68,"survival",3,"Mixed linear and rule-based","BRP-GABLE rule-only",TRUE,"C-index",0.79932314587015,346.02,NA,42,42,0,19,23,0,0,0,0.452380952380952,0.547619047619048,1,1.54761904761905
68,"survival",3,"Mixed linear and rule-based","GABLE",TRUE,"C-index",0.751412037839149,7.9399999999996,NA,5,5,0,5,0,0,0,0,1,0,1,1
68,"survival",3,"Mixed linear and rule-based","GBM",TRUE,"C-index",0.82242396941451,0.0600000000000001,NA,NA,NA,NA,NA,NA,NA,NA,NA,NA,NA,NA,NA
68,"survival",3,"Mixed linear and rule-based","Linear",TRUE,"C-index",0.816798918881458,0.00999999999930878,NA,20,0,20,20,0,0,0,0,1,0,1,1
68,"survival",3,"Mixed linear and rule-based","Random forest",TRUE,"C-index",0.796920660221537,0.199999999999818,NA,NA,NA,NA,NA,NA,NA,NA,NA,NA,NA,NA,NA
68,"survival",3,"Mixed linear and rule-based","RuleFit",TRUE,"C-index",0.811924645113598,51.7,NA,53,53,0,0,25,28,0,0,0,0.471698113207547,0.471698113207547,2.52830188679245
69,"survival",3,"Mixed linear and rule-based","BRP-GABLE full",TRUE,"C-index",0.850279035232689,368.790000000001,NA,46,38,8,28,18,0,0,0,0.608695652173913,0.391304347826087,1,1.39130434782609
69,"survival",3,"Mixed linear and rule-based","BRP-GABLE rule-only",TRUE,"C-index",0.82439342770233,400.49,NA,48,48,0,28,20,0,0,0,0.583333333333333,0.416666666666667,1,1.41666666666667
69,"survival",3,"Mixed linear and rule-based","GABLE",TRUE,"C-index",0.78704102895739,7.69999999999982,NA,5,5,0,5,0,0,0,0,1,0,1,1
69,"survival",3,"Mixed linear and rule-based","GBM",TRUE,"C-index",0.839405044190558,0.0500000000000003,NA,NA,NA,NA,NA,NA,NA,NA,NA,NA,NA,NA,NA
69,"survival",3,"Mixed linear and rule-based","Linear",TRUE,"C-index",0.827117913343393,0.0300000000006548,NA,20,0,20,20,0,0,0,0,1,0,1,1
69,"survival",3,"Mixed linear and rule-based","Random forest",TRUE,"C-index",0.824135948839549,0.25,NA,NA,NA,NA,NA,NA,NA,NA,NA,NA,NA,NA,NA
69,"survival",3,"Mixed linear and rule-based","RuleFit",TRUE,"C-index",0.838698474288041,68.0999999999999,NA,66,66,0,0,28,38,0,0,0,0.424242424242424,0.424242424242424,2.57575757575758
70,"survival",3,"Mixed linear and rule-based","BRP-GABLE full",TRUE,"C-index",0.851768237619896,463.820000000001,NA,37,29,8,17,20,0,0,0,0.459459459459459,0.540540540540541,1,1.54054054054054
70,"survival",3,"Mixed linear and rule-based","BRP-GABLE rule-only",TRUE,"C-index",0.839986088399678,452.48,NA,40,40,0,21,19,0,0,0,0.525,0.475,1,1.475
70,"survival",3,"Mixed linear and rule-based","GABLE",TRUE,"C-index",0.815768920996754,7.94999999999982,NA,5,5,0,4,1,0,0,0,0.8,0.2,1,1.2
70,"survival",3,"Mixed linear and rule-based","GBM",TRUE,"C-index",0.846569692236351,0.0499999999999998,NA,NA,NA,NA,NA,NA,NA,NA,NA,NA,NA,NA,NA
70,"survival",3,"Mixed linear and rule-based","Linear",TRUE,"C-index",0.837478339394235,0.0100000000002183,NA,20,0,20,20,0,0,0,0,1,0,1,1
70,"survival",3,"Mixed linear and rule-based","Random forest",TRUE,"C-index",0.837405120445171,0.220000000000255,NA,NA,NA,NA,NA,NA,NA,NA,NA,NA,NA,NA,NA
70,"survival",3,"Mixed linear and rule-based","RuleFit",TRUE,"C-index",0.843518902692017,62.9599999999999,NA,56,56,0,0,20,36,0,0,0,0.357142857142857,0.357142857142857,2.64285714285714
71,"survival",3,"Mixed linear and rule-based","BRP-GABLE full",TRUE,"C-index",0.854304713155465,343.790000000001,NA,52,43,9,31,21,0,0,0,0.596153846153846,0.403846153846154,1,1.40384615384615
71,"survival",3,"Mixed linear and rule-based","BRP-GABLE rule-only",TRUE,"C-index",0.836967827133658,337.309999999999,NA,56,56,0,30,26,0,0,0,0.535714285714286,0.464285714285714,1,1.46428571428571
71,"survival",3,"Mixed linear and rule-based","GABLE",TRUE,"C-index",0.79372786873751,7.51000000000022,NA,5,5,0,5,0,0,0,0,1,0,1,1
71,"survival",3,"Mixed linear and rule-based","GBM",TRUE,"C-index",0.840841893676448,0.0299999999999998,NA,NA,NA,NA,NA,NA,NA,NA,NA,NA,NA,NA,NA
71,"survival",3,"Mixed linear and rule-based","Linear",TRUE,"C-index",0.818380488260936,0.0100000000002183,NA,20,0,20,20,0,0,0,0,1,0,1,1
71,"survival",3,"Mixed linear and rule-based","Random forest",TRUE,"C-index",0.830464303661373,0.319999999999709,NA,NA,NA,NA,NA,NA,NA,NA,NA,NA,NA,NA,NA
71,"survival",3,"Mixed linear and rule-based","RuleFit",TRUE,"C-index",0.850255349484042,65.88,NA,57,57,0,0,27,30,0,0,0,0.473684210526316,0.473684210526316,2.52631578947368
72,"survival",3,"Mixed linear and rule-based","BRP-GABLE full",TRUE,"C-index",0.823866192747233,342.47,NA,46,41,5,17,29,0,0,0,0.369565217391304,0.630434782608696,1,1.6304347826087
72,"survival",3,"Mixed linear and rule-based","BRP-GABLE rule-only",TRUE,"C-index",0.815998155313597,340.01,NA,43,43,0,11,32,0,0,0,0.255813953488372,0.744186046511628,1,1.74418604651163
72,"survival",3,"Mixed linear and rule-based","GABLE",TRUE,"C-index",0.769965355889499,7.22999999999956,NA,5,5,0,4,1,0,0,0,0.8,0.2,1,1.2
72,"survival",3,"Mixed linear and rule-based","GBM",TRUE,"C-index",0.811920723477009,0.0499999999999998,NA,NA,NA,NA,NA,NA,NA,NA,NA,NA,NA,NA,NA
72,"survival",3,"Mixed linear and rule-based","Linear",TRUE,"C-index",0.816746153153964,0.0200000000004366,NA,20,0,20,20,0,0,0,0,1,0,1,1
72,"survival",3,"Mixed linear and rule-based","Random forest",TRUE,"C-index",0.786410060289751,0.239999999999782,NA,NA,NA,NA,NA,NA,NA,NA,NA,NA,NA,NA,NA
72,"survival",3,"Mixed linear and rule-based","RuleFit",TRUE,"C-index",0.814327814271574,46.9300000000001,NA,52,52,0,0,31,21,0,0,0,0.596153846153846,0.596153846153846,2.40384615384615
73,"survival",3,"Mixed linear and rule-based","BRP-GABLE full",TRUE,"C-index",0.823096836269501,341.75,NA,32,29,3,8,24,0,0,0,0.25,0.75,1,1.75
73,"survival",3,"Mixed linear and rule-based","BRP-GABLE rule-only",TRUE,"C-index",0.821991477858468,336.27,NA,28,28,0,4,24,0,0,0,0.142857142857143,0.857142857142857,1,1.85714285714286
73,"survival",3,"Mixed linear and rule-based","GABLE",TRUE,"C-index",0.776906600077891,7.59000000000015,NA,5,5,0,5,0,0,0,0,1,0,1,1
73,"survival",3,"Mixed linear and rule-based","GBM",TRUE,"C-index",0.82684818217223,0.0600000000000001,NA,NA,NA,NA,NA,NA,NA,NA,NA,NA,NA,NA,NA
73,"survival",3,"Mixed linear and rule-based","Linear",TRUE,"C-index",0.82715172619184,0.0200000000004366,NA,20,0,20,20,0,0,0,0,1,0,1,1
73,"survival",3,"Mixed linear and rule-based","Random forest",TRUE,"C-index",0.8081143616412,0.219999999999345,NA,NA,NA,NA,NA,NA,NA,NA,NA,NA,NA,NA,NA
73,"survival",3,"Mixed linear and rule-based","RuleFit",TRUE,"C-index",0.820548211953907,52.24,NA,53,53,0,0,35,18,0,0,0,0.660377358490566,0.660377358490566,2.33962264150943
74,"survival",3,"Mixed linear and rule-based","BRP-GABLE full",TRUE,"C-index",0.811829845015686,337.13,NA,45,38,7,21,24,0,0,0,0.466666666666667,0.533333333333333,1,1.53333333333333
74,"survival",3,"Mixed linear and rule-based","BRP-GABLE rule-only",TRUE,"C-index",0.798075572411856,330.329999999999,NA,46,46,0,21,25,0,0,0,0.456521739130435,0.543478260869565,1,1.54347826086957
74,"survival",3,"Mixed linear and rule-based","GABLE",TRUE,"C-index",0.741454792339748,7.25,NA,5,5,0,4,1,0,0,0,0.8,0.2,1,1.2
74,"survival",3,"Mixed linear and rule-based","GBM",TRUE,"C-index",0.813421828908555,0.0500000000000003,NA,NA,NA,NA,NA,NA,NA,NA,NA,NA,NA,NA,NA
74,"survival",3,"Mixed linear and rule-based","Linear",TRUE,"C-index",0.816547267874701,0.0200000000004366,NA,20,0,20,20,0,0,0,0,1,0,1,1
74,"survival",3,"Mixed linear and rule-based","Random forest",TRUE,"C-index",0.793346443788922,0.219999999999345,NA,NA,NA,NA,NA,NA,NA,NA,NA,NA,NA,NA,NA
74,"survival",3,"Mixed linear and rule-based","RuleFit",TRUE,"C-index",0.801956033150723,56.51,NA,55,55,0,0,24,31,0,0,0,0.436363636363636,0.436363636363636,2.56363636363636
75,"survival",3,"Mixed linear and rule-based","BRP-GABLE full",TRUE,"C-index",0.811900536849435,341.63,NA,30,28,2,6,24,0,0,0,0.2,0.8,1,1.8
75,"survival",3,"Mixed linear and rule-based","BRP-GABLE rule-only",TRUE,"C-index",0.812209393741998,337.75,NA,32,32,0,7,25,0,0,0,0.21875,0.78125,1,1.78125
75,"survival",3,"Mixed linear and rule-based","GABLE",TRUE,"C-index",0.738224129023563,8.17000000000007,NA,5,5,0,4,1,0,0,0,0.8,0.2,1,1.2
75,"survival",3,"Mixed linear and rule-based","GBM",TRUE,"C-index",0.81553943260181,0.0300000000000002,NA,NA,NA,NA,NA,NA,NA,NA,NA,NA,NA,NA,NA
75,"survival",3,"Mixed linear and rule-based","Linear",TRUE,"C-index",0.802814528628226,0.0100000000002183,NA,20,0,20,20,0,0,0,0,1,0,1,1
75,"survival",3,"Mixed linear and rule-based","Random forest",TRUE,"C-index",0.804005031559559,0.220000000000255,NA,NA,NA,NA,NA,NA,NA,NA,NA,NA,NA,NA,NA
75,"survival",3,"Mixed linear and rule-based","RuleFit",TRUE,"C-index",0.81505649273344,47.64,NA,59,59,0,0,31,28,0,0,0,0.525423728813559,0.525423728813559,2.47457627118644
76,"survival",3,"Mixed linear and rule-based","BRP-GABLE full",TRUE,"C-index",0.816540114191536,421.440000000001,NA,48,42,6,24,24,0,0,0,0.5,0.5,1,1.5
76,"survival",3,"Mixed linear and rule-based","BRP-GABLE rule-only",TRUE,"C-index",0.804820766378245,417.339999999999,NA,46,46,0,21,25,0,0,0,0.456521739130435,0.543478260869565,1,1.54347826086957
76,"survival",3,"Mixed linear and rule-based","GABLE",TRUE,"C-index",0.781652834186827,7.81999999999971,NA,5,5,0,5,0,0,0,0,1,0,1,1
76,"survival",3,"Mixed linear and rule-based","GBM",TRUE,"C-index",0.828206486550121,0.0300000000000002,NA,NA,NA,NA,NA,NA,NA,NA,NA,NA,NA,NA,NA
76,"survival",3,"Mixed linear and rule-based","Linear",TRUE,"C-index",0.805250456177527,0.0100000000002183,NA,20,0,20,20,0,0,0,0,1,0,1,1
76,"survival",3,"Mixed linear and rule-based","Random forest",TRUE,"C-index",0.811219024074401,0.220000000000255,NA,NA,NA,NA,NA,NA,NA,NA,NA,NA,NA,NA,NA
76,"survival",3,"Mixed linear and rule-based","RuleFit",TRUE,"C-index",0.82398022249691,59.3200000000001,NA,64,64,0,0,32,32,0,0,0,0.5,0.5,2.5
77,"survival",3,"Mixed linear and rule-based","BRP-GABLE full",TRUE,"C-index",0.82877439671903,500.809999999999,NA,36,31,5,14,22,0,0,0,0.388888888888889,0.611111111111111,1,1.61111111111111
77,"survival",3,"Mixed linear and rule-based","BRP-GABLE rule-only",TRUE,"C-index",0.819186592942498,449.47,NA,45,45,0,21,24,0,0,0,0.466666666666667,0.533333333333333,1,1.53333333333333
77,"survival",3,"Mixed linear and rule-based","GABLE",TRUE,"C-index",0.77951713110452,7.85000000000036,NA,5,5,0,5,0,0,0,0,1,0,1,1
77,"survival",3,"Mixed linear and rule-based","GBM",TRUE,"C-index",0.825857165525407,0.0500000000000003,NA,NA,NA,NA,NA,NA,NA,NA,NA,NA,NA,NA,NA
77,"survival",3,"Mixed linear and rule-based","Linear",TRUE,"C-index",0.828823220672062,0.0100000000002183,NA,20,0,20,20,0,0,0,0,1,0,1,1
77,"survival",3,"Mixed linear and rule-based","Random forest",TRUE,"C-index",0.810355560437951,0.210000000000036,NA,NA,NA,NA,NA,NA,NA,NA,NA,NA,NA,NA,NA
77,"survival",3,"Mixed linear and rule-based","RuleFit",TRUE,"C-index",0.83109353448802,46.1899999999999,NA,57,57,0,0,35,22,0,0,0,0.614035087719298,0.614035087719298,2.3859649122807
78,"survival",3,"Mixed linear and rule-based","BRP-GABLE full",TRUE,"C-index",0.823178236613562,361.32,NA,34,29,5,18,16,0,0,0,0.529411764705882,0.470588235294118,1,1.47058823529412
78,"survival",3,"Mixed linear and rule-based","BRP-GABLE rule-only",TRUE,"C-index",0.805417840915627,360.309999999999,NA,29,29,0,14,15,0,0,0,0.482758620689655,0.517241379310345,1,1.51724137931034
78,"survival",3,"Mixed linear and rule-based","GABLE",TRUE,"C-index",0.789888997526888,8.05000000000018,NA,5,5,0,5,0,0,0,0,1,0,1,1
78,"survival",3,"Mixed linear and rule-based","GBM",TRUE,"C-index",0.836924138724334,0.04,NA,NA,NA,NA,NA,NA,NA,NA,NA,NA,NA,NA,NA
78,"survival",3,"Mixed linear and rule-based","Linear",TRUE,"C-index",0.81184793236326,0,NA,20,0,20,20,0,0,0,0,1,0,1,1
78,"survival",3,"Mixed linear and rule-based","Random forest",TRUE,"C-index",0.81291769713004,0.210000000000036,NA,NA,NA,NA,NA,NA,NA,NA,NA,NA,NA,NA,NA
78,"survival",3,"Mixed linear and rule-based","RuleFit",TRUE,"C-index",0.824109967216886,64.4399999999999,NA,57,57,0,0,32,25,0,0,0,0.56140350877193,0.56140350877193,2.43859649122807
79,"survival",3,"Mixed linear and rule-based","BRP-GABLE full",TRUE,"C-index",0.788568871723618,445.460000000001,NA,33,27,6,9,24,0,0,0,0.272727272727273,0.727272727272727,1,1.72727272727273
79,"survival",3,"Mixed linear and rule-based","BRP-GABLE rule-only",TRUE,"C-index",0.780285189459058,369.73,NA,32,32,0,8,24,0,0,0,0.25,0.75,1,1.75
79,"survival",3,"Mixed linear and rule-based","GABLE",TRUE,"C-index",0.754786520029202,8.65999999999985,NA,5,5,0,5,0,0,0,0,1,0,1,1
79,"survival",3,"Mixed linear and rule-based","GBM",TRUE,"C-index",0.805842733674022,0.0500000000000003,NA,NA,NA,NA,NA,NA,NA,NA,NA,NA,NA,NA,NA
79,"survival",3,"Mixed linear and rule-based","Linear",TRUE,"C-index",0.806290182040835,0,NA,20,0,20,20,0,0,0,0,1,0,1,1
79,"survival",3,"Mixed linear and rule-based","Random forest",TRUE,"C-index",0.794432800320279,0.329999999999927,NA,NA,NA,NA,NA,NA,NA,NA,NA,NA,NA,NA,NA
79,"survival",3,"Mixed linear and rule-based","RuleFit",TRUE,"C-index",0.77393848762452,53.86,NA,41,41,0,0,19,22,0,0,0,0.463414634146341,0.463414634146341,2.53658536585366
80,"survival",3,"Mixed linear and rule-based","BRP-GABLE full",TRUE,"C-index",0.823741699003315,384.23,NA,45,40,5,19,26,0,0,0,0.422222222222222,0.577777777777778,1,1.57777777777778
80,"survival",3,"Mixed linear and rule-based","BRP-GABLE rule-only",TRUE,"C-index",0.813684341520256,379.500000000001,NA,57,57,0,28,29,0,0,0,0.491228070175439,0.508771929824561,1,1.50877192982456
80,"survival",3,"Mixed linear and rule-based","GABLE",TRUE,"C-index",0.769020171280531,7.3100000000004,NA,5,5,0,4,1,0,0,0,0.8,0.2,1,1.2
80,"survival",3,"Mixed linear and rule-based","GBM",TRUE,"C-index",0.816263731290939,0.0500000000000003,NA,NA,NA,NA,NA,NA,NA,NA,NA,NA,NA,NA,NA
80,"survival",3,"Mixed linear and rule-based","Linear",TRUE,"C-index",0.818469788331655,0.0199999999995271,NA,20,0,20,20,0,0,0,0,1,0,1,1
80,"survival",3,"Mixed linear and rule-based","Random forest",TRUE,"C-index",0.798524770060978,0.269999999999527,NA,NA,NA,NA,NA,NA,NA,NA,NA,NA,NA,NA,NA
80,"survival",3,"Mixed linear and rule-based","RuleFit",TRUE,"C-index",0.812999898181983,53.97,NA,53,53,0,0,26,27,0,0,0,0.490566037735849,0.490566037735849,2.50943396226415
81,"survival",3,"Mixed linear and rule-based","BRP-GABLE full",TRUE,"C-index",0.824147297069923,354.74,NA,36,32,4,11,25,0,0,0,0.305555555555556,0.694444444444444,1,1.69444444444444
81,"survival",3,"Mixed linear and rule-based","BRP-GABLE rule-only",TRUE,"C-index",0.819868759464462,350.67,NA,42,42,0,12,30,0,0,0,0.285714285714286,0.714285714285714,1,1.71428571428571
81,"survival",3,"Mixed linear and rule-based","GABLE",TRUE,"C-index",0.773303607912891,8.06999999999971,NA,5,5,0,5,0,0,0,0,1,0,1,1
81,"survival",3,"Mixed linear and rule-based","GBM",TRUE,"C-index",0.816383433886979,0.0499999999999998,NA,NA,NA,NA,NA,NA,NA,NA,NA,NA,NA,NA,NA
81,"survival",3,"Mixed linear and rule-based","Linear",TRUE,"C-index",0.812825998125135,0,NA,20,0,20,20,0,0,0,0,1,0,1,1
81,"survival",3,"Mixed linear and rule-based","Random forest",TRUE,"C-index",0.814917193471625,0.25,NA,NA,NA,NA,NA,NA,NA,NA,NA,NA,NA,NA,NA
81,"survival",3,"Mixed linear and rule-based","RuleFit",TRUE,"C-index",0.825625555849338,53.17,NA,53,53,0,0,32,21,0,0,0,0.60377358490566,0.60377358490566,2.39622641509434
82,"survival",3,"Mixed linear and rule-based","BRP-GABLE full",TRUE,"C-index",0.831678034841921,368.499999999999,NA,37,30,7,19,18,0,0,0,0.513513513513513,0.486486486486487,1,1.48648648648649
82,"survival",3,"Mixed linear and rule-based","BRP-GABLE rule-only",TRUE,"C-index",0.82120471932897,363.849999999999,NA,37,37,0,19,18,0,0,0,0.513513513513513,0.486486486486487,1,1.48648648648649
82,"survival",3,"Mixed linear and rule-based","GABLE",TRUE,"C-index",0.78321158632132,8.02999999999975,NA,5,5,0,5,0,0,0,0,1,0,1,1
82,"survival",3,"Mixed linear and rule-based","GBM",TRUE,"C-index",0.827149967738962,0.0299999999999998,NA,NA,NA,NA,NA,NA,NA,NA,NA,NA,NA,NA,NA
82,"survival",3,"Mixed linear and rule-based","Linear",TRUE,"C-index",0.831943036224537,0.0200000000004366,NA,20,0,20,20,0,0,0,0,1,0,1,1
82,"survival",3,"Mixed linear and rule-based","Random forest",TRUE,"C-index",0.821515807908563,0.25,NA,NA,NA,NA,NA,NA,NA,NA,NA,NA,NA,NA,NA
82,"survival",3,"Mixed linear and rule-based","RuleFit",TRUE,"C-index",0.840532537561065,56.27,NA,66,66,0,0,46,20,0,0,0,0.696969696969697,0.696969696969697,2.3030303030303
83,"survival",3,"Mixed linear and rule-based","BRP-GABLE full",TRUE,"C-index",0.82905972655313,388.400000000001,NA,42,34,8,20,22,0,0,0,0.476190476190476,0.523809523809524,1,1.52380952380952
83,"survival",3,"Mixed linear and rule-based","BRP-GABLE rule-only",TRUE,"C-index",0.810865915087551,383.240000000001,NA,45,45,0,20,25,0,0,0,0.444444444444444,0.555555555555556,1,1.55555555555556
83,"survival",3,"Mixed linear and rule-based","GABLE",TRUE,"C-index",0.786411609498681,7.57999999999993,NA,5,5,0,5,0,0,0,0,1,0,1,1
83,"survival",3,"Mixed linear and rule-based","GBM",TRUE,"C-index",0.832010074358359,0.04,NA,NA,NA,NA,NA,NA,NA,NA,NA,NA,NA,NA,NA
83,"survival",3,"Mixed linear and rule-based","Linear",TRUE,"C-index",0.819033341328856,0.0299999999997453,NA,20,0,20,20,0,0,0,0,1,0,1,1
83,"survival",3,"Mixed linear and rule-based","Random forest",TRUE,"C-index",0.822643319740945,0.25,NA,NA,NA,NA,NA,NA,NA,NA,NA,NA,NA,NA,NA
83,"survival",3,"Mixed linear and rule-based","RuleFit",TRUE,"C-index",0.827782441832574,62.2,NA,59,59,0,0,36,23,0,0,0,0.610169491525424,0.610169491525424,2.38983050847458
84,"survival",3,"Mixed linear and rule-based","BRP-GABLE full",TRUE,"C-index",0.83969403150914,350.5,NA,57,51,6,29,28,0,0,0,0.508771929824561,0.491228070175439,1,1.49122807017544
84,"survival",3,"Mixed linear and rule-based","BRP-GABLE rule-only",TRUE,"C-index",0.818518345243804,341.72,NA,52,52,0,26,26,0,0,0,0.5,0.5,1,1.5
84,"survival",3,"Mixed linear and rule-based","GABLE",TRUE,"C-index",0.756482531959438,7.41000000000076,NA,5,5,0,4,1,0,0,0,0.8,0.2,1,1.2
84,"survival",3,"Mixed linear and rule-based","GBM",TRUE,"C-index",0.838255418192026,0.0499999999999998,NA,NA,NA,NA,NA,NA,NA,NA,NA,NA,NA,NA,NA
84,"survival",3,"Mixed linear and rule-based","Linear",TRUE,"C-index",0.832746581831366,0.0100000000002183,NA,20,0,20,20,0,0,0,0,1,0,1,1
84,"survival",3,"Mixed linear and rule-based","Random forest",TRUE,"C-index",0.823202610556849,0.229999999999563,NA,NA,NA,NA,NA,NA,NA,NA,NA,NA,NA,NA,NA
84,"survival",3,"Mixed linear and rule-based","RuleFit",TRUE,"C-index",0.829389817424765,57.46,NA,52,52,0,0,22,30,0,0,0,0.423076923076923,0.423076923076923,2.57692307692308
85,"survival",3,"Mixed linear and rule-based","BRP-GABLE full",TRUE,"C-index",0.8277289187791,351.86,NA,40,35,5,14,26,0,0,0,0.35,0.65,1,1.65
85,"survival",3,"Mixed linear and rule-based","BRP-GABLE rule-only",TRUE,"C-index",0.823255185063255,359.93,NA,38,38,0,11,27,0,0,0,0.289473684210526,0.710526315789474,1,1.71052631578947
85,"survival",3,"Mixed linear and rule-based","GABLE",TRUE,"C-index",0.788682217937262,7.02999999999975,NA,5,5,0,4,1,0,0,0,0.8,0.2,1,1.2
85,"survival",3,"Mixed linear and rule-based","GBM",TRUE,"C-index",0.820545078305037,0.04,NA,NA,NA,NA,NA,NA,NA,NA,NA,NA,NA,NA,NA
85,"survival",3,"Mixed linear and rule-based","Linear",TRUE,"C-index",0.823496214080798,0.0200000000004366,NA,20,0,20,20,0,0,0,0,1,0,1,1
85,"survival",3,"Mixed linear and rule-based","Random forest",TRUE,"C-index",0.817934910407751,0.25,NA,NA,NA,NA,NA,NA,NA,NA,NA,NA,NA,NA,NA
85,"survival",3,"Mixed linear and rule-based","RuleFit",TRUE,"C-index",0.822667309410713,52.5600000000001,NA,61,61,0,0,37,24,0,0,0,0.60655737704918,0.60655737704918,2.39344262295082
86,"survival",3,"Mixed linear and rule-based","BRP-GABLE full",TRUE,"C-index",0.819568983085388,351.25,NA,47,41,6,31,16,0,0,0,0.659574468085106,0.340425531914894,1,1.34042553191489
86,"survival",3,"Mixed linear and rule-based","BRP-GABLE rule-only",TRUE,"C-index",0.805806755655186,348.03,NA,47,47,0,30,17,0,0,0,0.638297872340426,0.361702127659574,1,1.36170212765957
86,"survival",3,"Mixed linear and rule-based","GABLE",TRUE,"C-index",0.740924954147137,7.21000000000004,NA,5,5,0,5,0,0,0,0,1,0,1,1
86,"survival",3,"Mixed linear and rule-based","GBM",TRUE,"C-index",0.80925208885266,0.0499999999999998,NA,NA,NA,NA,NA,NA,NA,NA,NA,NA,NA,NA,NA
86,"survival",3,"Mixed linear and rule-based","Linear",TRUE,"C-index",0.80287089871612,0,NA,20,0,20,20,0,0,0,0,1,0,1,1
86,"survival",3,"Mixed linear and rule-based","Random forest",TRUE,"C-index",0.782810271041369,0.260000000000218,NA,NA,NA,NA,NA,NA,NA,NA,NA,NA,NA,NA,NA
86,"survival",3,"Mixed linear and rule-based","RuleFit",TRUE,"C-index",0.808882718565315,57.64,NA,72,72,0,1,44,27,0,0,0.0138888888888889,0.611111111111111,0.625,2.36111111111111
87,"survival",3,"Mixed linear and rule-based","BRP-GABLE full",TRUE,"C-index",0.846407864885304,352.07,NA,50,43,7,29,21,0,0,0,0.58,0.42,1,1.42
87,"survival",3,"Mixed linear and rule-based","BRP-GABLE rule-only",TRUE,"C-index",0.820065540710865,358.85,NA,41,41,0,20,21,0,0,0,0.48780487804878,0.51219512195122,1,1.51219512195122
87,"survival",3,"Mixed linear and rule-based","GABLE",TRUE,"C-index",0.807146458280817,7.85000000000036,NA,5,5,0,5,0,0,0,0,1,0,1,1
87,"survival",3,"Mixed linear and rule-based","GBM",TRUE,"C-index",0.841492311570456,0.0299999999999998,NA,NA,NA,NA,NA,NA,NA,NA,NA,NA,NA,NA,NA
87,"survival",3,"Mixed linear and rule-based","Linear",TRUE,"C-index",0.842752709856315,0.0200000000004366,NA,20,0,20,20,0,0,0,0,1,0,1,1
87,"survival",3,"Mixed linear and rule-based","Random forest",TRUE,"C-index",0.829165616334762,0.229999999999563,NA,NA,NA,NA,NA,NA,NA,NA,NA,NA,NA,NA,NA
87,"survival",3,"Mixed linear and rule-based","RuleFit",TRUE,"C-index",0.84199016889337,57.5,NA,67,67,0,0,41,26,0,0,0,0.611940298507463,0.611940298507463,2.38805970149254
88,"survival",3,"Mixed linear and rule-based","BRP-GABLE full",TRUE,"C-index",0.836439644661209,326.990000000001,NA,41,34,7,21,20,0,0,0,0.51219512195122,0.48780487804878,1,1.48780487804878
88,"survival",3,"Mixed linear and rule-based","BRP-GABLE rule-only",TRUE,"C-index",0.819950066771178,320.73,NA,50,50,0,27,23,0,0,0,0.54,0.46,1,1.46
88,"survival",3,"Mixed linear and rule-based","GABLE",TRUE,"C-index",0.777866806015212,6.80999999999949,NA,5,5,0,4,1,0,0,0,0.8,0.2,1,1.2
88,"survival",3,"Mixed linear and rule-based","GBM",TRUE,"C-index",0.84411542704523,0.0499999999999998,NA,NA,NA,NA,NA,NA,NA,NA,NA,NA,NA,NA,NA
88,"survival",3,"Mixed linear and rule-based","Linear",TRUE,"C-index",0.816721825465947,0.0199999999995271,NA,20,0,20,20,0,0,0,0,1,0,1,1
88,"survival",3,"Mixed linear and rule-based","Random forest",TRUE,"C-index",0.826592347442374,0.270000000000437,NA,NA,NA,NA,NA,NA,NA,NA,NA,NA,NA,NA,NA
88,"survival",3,"Mixed linear and rule-based","RuleFit",TRUE,"C-index",0.828351622829937,54.9399999999999,NA,61,61,0,0,38,23,0,0,0,0.622950819672131,0.622950819672131,2.37704918032787
89,"survival",3,"Mixed linear and rule-based","BRP-GABLE full",TRUE,"C-index",0.831845238095238,347.27,NA,41,36,5,17,24,0,0,0,0.414634146341463,0.585365853658537,1,1.58536585365854
89,"survival",3,"Mixed linear and rule-based","BRP-GABLE rule-only",TRUE,"C-index",0.820210493471582,343.51,NA,34,34,0,12,22,0,0,0,0.352941176470588,0.647058823529412,1,1.64705882352941
89,"survival",3,"Mixed linear and rule-based","GABLE",TRUE,"C-index",0.781141993087558,7.86999999999989,NA,5,5,0,5,0,0,0,0,1,0,1,1
89,"survival",3,"Mixed linear and rule-based","GBM",TRUE,"C-index",0.830165130568356,0.04,NA,NA,NA,NA,NA,NA,NA,NA,NA,NA,NA,NA,NA
89,"survival",3,"Mixed linear and rule-based","Linear",TRUE,"C-index",0.834605414746544,0.0200000000004366,NA,20,0,20,20,0,0,0,0,1,0,1,1
89,"survival",3,"Mixed linear and rule-based","Random forest",TRUE,"C-index",0.817168298771121,0.25,NA,NA,NA,NA,NA,NA,NA,NA,NA,NA,NA,NA,NA
89,"survival",3,"Mixed linear and rule-based","RuleFit",TRUE,"C-index",0.824122743855607,52.47,NA,52,52,0,0,21,31,0,0,0,0.403846153846154,0.403846153846154,2.59615384615385
90,"survival",3,"Mixed linear and rule-based","BRP-GABLE full",TRUE,"C-index",0.812324643607656,338.41,NA,43,37,6,23,20,0,0,0,0.534883720930233,0.465116279069767,1,1.46511627906977
90,"survival",3,"Mixed linear and rule-based","BRP-GABLE rule-only",TRUE,"C-index",0.805565968080877,334.85,NA,35,35,0,17,18,0,0,0,0.485714285714286,0.514285714285714,1,1.51428571428571
90,"survival",3,"Mixed linear and rule-based","GABLE",TRUE,"C-index",0.781518714147782,7.48000000000047,NA,5,5,0,4,1,0,0,0,0.8,0.2,1,1.2
90,"survival",3,"Mixed linear and rule-based","GBM",TRUE,"C-index",0.81130232293974,0.0500000000000003,NA,NA,NA,NA,NA,NA,NA,NA,NA,NA,NA,NA,NA
90,"survival",3,"Mixed linear and rule-based","Linear",TRUE,"C-index",0.804134719145794,0.0200000000004366,NA,20,0,20,20,0,0,0,0,1,0,1,1
90,"survival",3,"Mixed linear and rule-based","Random forest",TRUE,"C-index",0.797660021582325,0.239999999999782,NA,NA,NA,NA,NA,NA,NA,NA,NA,NA,NA,NA,NA
90,"survival",3,"Mixed linear and rule-based","RuleFit",TRUE,"C-index",0.794786164593628,55.03,NA,47,47,0,0,28,19,0,0,0,0.595744680851064,0.595744680851064,2.40425531914894
91,"survival",3,"Mixed linear and rule-based","BRP-GABLE full",TRUE,"C-index",0.822875374649521,358.56,NA,48,40,8,28,20,0,0,0,0.583333333333333,0.416666666666667,1,1.41666666666667
91,"survival",3,"Mixed linear and rule-based","BRP-GABLE rule-only",TRUE,"C-index",0.810542154113894,353.77,NA,38,38,0,15,23,0,0,0,0.394736842105263,0.605263157894737,1,1.60526315789474
91,"survival",3,"Mixed linear and rule-based","GABLE",TRUE,"C-index",0.756943101614619,7.85999999999967,NA,4,4,0,3,1,0,0,0,0.75,0.25,1,1.25
91,"survival",3,"Mixed linear and rule-based","GBM",TRUE,"C-index",0.804868026684714,0.0499999999999998,NA,NA,NA,NA,NA,NA,NA,NA,NA,NA,NA,NA,NA
91,"survival",3,"Mixed linear and rule-based","Linear",TRUE,"C-index",0.798027651551774,0.0299999999997453,NA,20,0,20,20,0,0,0,0,1,0,1,1
91,"survival",3,"Mixed linear and rule-based","Random forest",TRUE,"C-index",0.792637532630765,0.25,NA,NA,NA,NA,NA,NA,NA,NA,NA,NA,NA,NA,NA
91,"survival",3,"Mixed linear and rule-based","RuleFit",TRUE,"C-index",0.818476264139998,59.5599999999999,NA,65,65,0,2,33,30,0,0,0.0307692307692308,0.507692307692308,0.538461538461538,2.43076923076923
92,"survival",3,"Mixed linear and rule-based","BRP-GABLE full",TRUE,"C-index",0.841026015251578,356.35,NA,43,37,6,14,29,0,0,0,0.325581395348837,0.674418604651163,1,1.67441860465116
92,"survival",3,"Mixed linear and rule-based","BRP-GABLE rule-only",TRUE,"C-index",0.840472628647183,349.949999999999,NA,46,46,0,15,31,0,0,0,0.326086956521739,0.673913043478261,1,1.67391304347826
92,"survival",3,"Mixed linear and rule-based","GABLE",TRUE,"C-index",0.797326717018767,7.65000000000055,NA,5,5,0,4,1,0,0,0,0.8,0.2,1,1.2
92,"survival",3,"Mixed linear and rule-based","GBM",TRUE,"C-index",0.838253001058124,0.0500000000000003,NA,NA,NA,NA,NA,NA,NA,NA,NA,NA,NA,NA,NA
92,"survival",3,"Mixed linear and rule-based","Linear",TRUE,"C-index",0.819401369479817,0.0199999999995271,NA,20,0,20,20,0,0,0,0,1,0,1,1
92,"survival",3,"Mixed linear and rule-based","Random forest",TRUE,"C-index",0.819437856508678,0.269999999999527,NA,NA,NA,NA,NA,NA,NA,NA,NA,NA,NA,NA,NA
92,"survival",3,"Mixed linear and rule-based","RuleFit",TRUE,"C-index",0.838386786830615,67.28,NA,72,72,0,0,28,44,0,0,0,0.388888888888889,0.388888888888889,2.61111111111111
93,"survival",3,"Mixed linear and rule-based","BRP-GABLE full",TRUE,"C-index",0.809566409517613,367.699999999999,NA,31,26,5,10,21,0,0,0,0.32258064516129,0.67741935483871,1,1.67741935483871
93,"survival",3,"Mixed linear and rule-based","BRP-GABLE rule-only",TRUE,"C-index",0.798488474765313,369.469999999999,NA,34,34,0,13,21,0,0,0,0.382352941176471,0.617647058823529,1,1.61764705882353
93,"survival",3,"Mixed linear and rule-based","GABLE",TRUE,"C-index",0.774055441955572,8.18000000000029,NA,5,5,0,5,0,0,0,0,1,0,1,1
93,"survival",3,"Mixed linear and rule-based","GBM",TRUE,"C-index",0.825704061715773,0.04,NA,NA,NA,NA,NA,NA,NA,NA,NA,NA,NA,NA,NA
93,"survival",3,"Mixed linear and rule-based","Linear",TRUE,"C-index",0.809090064132354,0.0200000000004366,NA,20,0,20,20,0,0,0,0,1,0,1,1
93,"survival",3,"Mixed linear and rule-based","Random forest",TRUE,"C-index",0.80188679245283,0.269999999998618,NA,NA,NA,NA,NA,NA,NA,NA,NA,NA,NA,NA,NA
93,"survival",3,"Mixed linear and rule-based","RuleFit",TRUE,"C-index",0.819314062645227,50.75,NA,51,51,0,0,35,16,0,0,0,0.686274509803922,0.686274509803922,2.31372549019608
94,"survival",3,"Mixed linear and rule-based","BRP-GABLE full",TRUE,"C-index",0.83771944717987,368.889999999999,NA,47,40,7,43,4,0,0,0,0.914893617021277,0.0851063829787234,1,1.08510638297872
94,"survival",3,"Mixed linear and rule-based","BRP-GABLE rule-only",TRUE,"C-index",0.823542395327515,364.65,NA,45,45,0,39,6,0,0,0,0.866666666666667,0.133333333333333,1,1.13333333333333
94,"survival",3,"Mixed linear and rule-based","GABLE",TRUE,"C-index",0.772091865032203,7.88999999999942,NA,5,5,0,5,0,0,0,0,1,0,1,1
94,"survival",3,"Mixed linear and rule-based","GBM",TRUE,"C-index",0.822121860391411,0.04,NA,NA,NA,NA,NA,NA,NA,NA,NA,NA,NA,NA,NA
94,"survival",3,"Mixed linear and rule-based","Linear",TRUE,"C-index",0.815556838375949,0,NA,20,0,20,20,0,0,0,0,1,0,1,1
94,"survival",3,"Mixed linear and rule-based","Random forest",TRUE,"C-index",0.811459359118023,0.260000000000218,NA,NA,NA,NA,NA,NA,NA,NA,NA,NA,NA,NA,NA
94,"survival",3,"Mixed linear and rule-based","RuleFit",TRUE,"C-index",0.825138374817481,67.3399999999999,NA,68,68,0,0,44,24,0,0,0,0.647058823529412,0.647058823529412,2.35294117647059
95,"survival",3,"Mixed linear and rule-based","BRP-GABLE full",TRUE,"C-index",0.827785976509617,405.789999999999,NA,45,39,6,26,19,0,0,0,0.577777777777778,0.422222222222222,1,1.42222222222222
95,"survival",3,"Mixed linear and rule-based","BRP-GABLE rule-only",TRUE,"C-index",0.808369211254894,421.389999999999,NA,43,43,0,25,18,0,0,0,0.581395348837209,0.418604651162791,1,1.41860465116279
95,"survival",3,"Mixed linear and rule-based","GABLE",TRUE,"C-index",0.776585234964813,7.5,NA,5,5,0,4,1,0,0,0,0.8,0.2,1,1.2
95,"survival",3,"Mixed linear and rule-based","GBM",TRUE,"C-index",0.798258345428157,0.0600000000000001,NA,NA,NA,NA,NA,NA,NA,NA,NA,NA,NA,NA,NA
95,"survival",3,"Mixed linear and rule-based","Linear",TRUE,"C-index",0.805868936834531,0.0199999999986176,NA,20,0,20,20,0,0,0,0,1,0,1,1
95,"survival",3,"Mixed linear and rule-based","Random forest",TRUE,"C-index",0.800307350806796,0.340000000000146,NA,NA,NA,NA,NA,NA,NA,NA,NA,NA,NA,NA,NA
95,"survival",3,"Mixed linear and rule-based","RuleFit",TRUE,"C-index",0.80861923869693,62.6600000000001,NA,58,58,0,0,32,26,0,0,0,0.551724137931034,0.551724137931034,2.44827586206897
96,"survival",3,"Mixed linear and rule-based","BRP-GABLE full",TRUE,"C-index",0.848148576718352,461.539999999999,NA,30,25,5,8,22,0,0,0,0.266666666666667,0.733333333333333,1,1.73333333333333
96,"survival",3,"Mixed linear and rule-based","BRP-GABLE rule-only",TRUE,"C-index",0.837659106688267,413.439999999999,NA,42,42,0,16,26,0,0,0,0.380952380952381,0.619047619047619,1,1.61904761904762
96,"survival",3,"Mixed linear and rule-based","GABLE",TRUE,"C-index",0.782689192316593,7.36000000000058,NA,5,5,0,3,2,0,0,0,0.6,0.4,1,1.4
96,"survival",3,"Mixed linear and rule-based","GBM",TRUE,"C-index",0.843207590835455,0.0499999999999998,NA,NA,NA,NA,NA,NA,NA,NA,NA,NA,NA,NA,NA
96,"survival",3,"Mixed linear and rule-based","Linear",TRUE,"C-index",0.827343207590835,0.0200000000004366,NA,20,0,20,20,0,0,0,0,1,0,1,1
96,"survival",3,"Mixed linear and rule-based","Random forest",TRUE,"C-index",0.830270770654941,0.25,NA,NA,NA,NA,NA,NA,NA,NA,NA,NA,NA,NA,NA
96,"survival",3,"Mixed linear and rule-based","RuleFit",TRUE,"C-index",0.842484378616061,58.03,NA,56,56,0,0,31,25,0,0,0,0.553571428571429,0.553571428571429,2.44642857142857
97,"survival",3,"Mixed linear and rule-based","BRP-GABLE full",TRUE,"C-index",0.846667874779142,384.769999999999,NA,60,53,7,34,26,0,0,0,0.566666666666667,0.433333333333333,1,1.43333333333333
97,"survival",3,"Mixed linear and rule-based","BRP-GABLE rule-only",TRUE,"C-index",0.832872740452136,382.549999999999,NA,65,65,0,37,28,0,0,0,0.569230769230769,0.430769230769231,1,1.43076923076923
97,"survival",3,"Mixed linear and rule-based","GABLE",TRUE,"C-index",0.780036696416436,8.05999999999949,NA,5,5,0,5,0,0,0,0,1,0,1,1
97,"survival",3,"Mixed linear and rule-based","GBM",TRUE,"C-index",0.836066687808635,0.0499999999999998,NA,NA,NA,NA,NA,NA,NA,NA,NA,NA,NA,NA,NA
97,"survival",3,"Mixed linear and rule-based","Linear",TRUE,"C-index",0.828750056630272,0.0200000000004366,NA,20,0,20,20,0,0,0,0,1,0,1,1
97,"survival",3,"Mixed linear and rule-based","Random forest",TRUE,"C-index",0.822441444298464,0.270000000000437,NA,NA,NA,NA,NA,NA,NA,NA,NA,NA,NA,NA,NA
97,"survival",3,"Mixed linear and rule-based","RuleFit",TRUE,"C-index",0.833716531509084,55.61,NA,59,59,0,0,39,20,0,0,0,0.661016949152542,0.661016949152542,2.33898305084746
98,"survival",3,"Mixed linear and rule-based","BRP-GABLE full",TRUE,"C-index",0.832567014575383,342.719999999999,NA,37,31,6,17,20,0,0,0,0.459459459459459,0.540540540540541,1,1.54054054054054
98,"survival",3,"Mixed linear and rule-based","BRP-GABLE rule-only",TRUE,"C-index",0.8206699158582,340.530000000001,NA,43,43,0,24,19,0,0,0,0.558139534883721,0.441860465116279,1,1.44186046511628
98,"survival",3,"Mixed linear and rule-based","GABLE",TRUE,"C-index",0.784852177111591,6.61000000000058,NA,5,5,0,3,2,0,0,0,0.6,0.4,1,1.4
98,"survival",3,"Mixed linear and rule-based","GBM",TRUE,"C-index",0.824233298082671,0.0600000000000001,NA,NA,NA,NA,NA,NA,NA,NA,NA,NA,NA,NA,NA
98,"survival",3,"Mixed linear and rule-based","Linear",TRUE,"C-index",0.814267322635523,0.0100000000002183,NA,20,0,20,20,0,0,0,0,1,0,1,1
98,"survival",3,"Mixed linear and rule-based","Random forest",TRUE,"C-index",0.809060186675249,0.259999999998399,NA,NA,NA,NA,NA,NA,NA,NA,NA,NA,NA,NA,NA
98,"survival",3,"Mixed linear and rule-based","RuleFit",TRUE,"C-index",0.823532116419146,65.86,NA,74,74,0,0,33,41,0,0,0,0.445945945945946,0.445945945945946,2.55405405405405
99,"survival",3,"Mixed linear and rule-based","BRP-GABLE full",TRUE,"C-index",0.821722416661885,331.440000000001,NA,43,36,7,22,21,0,0,0,0.511627906976744,0.488372093023256,1,1.48837209302326
99,"survival",3,"Mixed linear and rule-based","BRP-GABLE rule-only",TRUE,"C-index",0.807630959894429,326.07,NA,35,35,0,14,21,0,0,0,0.4,0.6,1,1.6
99,"survival",3,"Mixed linear and rule-based","GABLE",TRUE,"C-index",0.790808422743703,6.25,NA,5,5,0,5,0,0,0,0,1,0,1,1
99,"survival",3,"Mixed linear and rule-based","GBM",TRUE,"C-index",0.826794423087957,0.0499999999999998,NA,NA,NA,NA,NA,NA,NA,NA,NA,NA,NA,NA,NA
99,"survival",3,"Mixed linear and rule-based","Linear",TRUE,"C-index",0.807596534511446,0.00999999999839929,NA,20,0,20,20,0,0,0,0,1,0,1,1
99,"survival",3,"Mixed linear and rule-based","Random forest",TRUE,"C-index",0.821676516151242,0.200000000000728,NA,NA,NA,NA,NA,NA,NA,NA,NA,NA,NA,NA,NA
99,"survival",3,"Mixed linear and rule-based","RuleFit",TRUE,"C-index",0.823644500545069,52.55,NA,51,51,0,0,31,20,0,0,0,0.607843137254902,0.607843137254902,2.3921568627451
100,"survival",3,"Mixed linear and rule-based","BRP-GABLE full",TRUE,"C-index",0.812290374454399,302.18,NA,33,27,6,14,19,0,0,0,0.424242424242424,0.575757575757576,1,1.57575757575758
100,"survival",3,"Mixed linear and rule-based","BRP-GABLE rule-only",TRUE,"C-index",0.793745692625775,301.51,NA,38,38,0,15,23,0,0,0,0.394736842105263,0.605263157894737,1,1.60526315789474
100,"survival",3,"Mixed linear and rule-based","GABLE",TRUE,"C-index",0.790500804043189,6.06999999999971,NA,5,5,0,4,1,0,0,0,0.8,0.2,1,1.2
100,"survival",3,"Mixed linear and rule-based","GBM",TRUE,"C-index",0.816689639329198,0.0299999999999998,NA,NA,NA,NA,NA,NA,NA,NA,NA,NA,NA,NA,NA
100,"survival",3,"Mixed linear and rule-based","Linear",TRUE,"C-index",0.806593154146566,0.0100000000002183,NA,20,0,20,20,0,0,0,0,1,0,1,1
100,"survival",3,"Mixed linear and rule-based","Random forest",TRUE,"C-index",0.79732368481507,0.180000000000291,NA,NA,NA,NA,NA,NA,NA,NA,NA,NA,NA,NA,NA
100,"survival",3,"Mixed linear and rule-based","RuleFit",TRUE,"C-index",0.810234321157822,47.51,NA,59,59,0,0,33,26,0,0,0,0.559322033898305,0.559322033898305,2.4406779661017
1,"survival",4,"Smooth nonlinear misspecified","BRP-GABLE full",TRUE,"C-index",0.810924871966973,375.36,NA,52,51,1,25,27,0,0,0,0.480769230769231,0.519230769230769,1,1.51923076923077
1,"survival",4,"Smooth nonlinear misspecified","BRP-GABLE rule-only",TRUE,"C-index",0.809288255900553,373.51,NA,54,54,0,26,28,0,0,0,0.481481481481481,0.518518518518518,1,1.51851851851852
1,"survival",4,"Smooth nonlinear misspecified","GABLE",TRUE,"C-index",0.738844806502331,8.62,NA,5,5,0,5,0,0,0,0,1,0,1,1
1,"survival",4,"Smooth nonlinear misspecified","GBM",TRUE,"C-index",0.814901481229485,0.04,NA,NA,NA,NA,NA,NA,NA,NA,NA,NA,NA,NA,NA
1,"survival",4,"Smooth nonlinear misspecified","Linear",TRUE,"C-index",0.657515101920725,0,NA,20,0,20,20,0,0,0,0,1,0,1,1
1,"survival",4,"Smooth nonlinear misspecified","Random forest",TRUE,"C-index",0.793262290710825,0.490000000000009,NA,NA,NA,NA,NA,NA,NA,NA,NA,NA,NA,NA,NA
1,"survival",4,"Smooth nonlinear misspecified","RuleFit",TRUE,"C-index",0.717361922012486,19.29,NA,24,24,0,4,16,4,0,0,0.166666666666667,0.666666666666667,0.833333333333333,2
2,"survival",4,"Smooth nonlinear misspecified","BRP-GABLE full",TRUE,"C-index",0.799319139946031,414.24,NA,60,59,1,36,24,0,0,0,0.6,0.4,1,1.4
2,"survival",4,"Smooth nonlinear misspecified","BRP-GABLE rule-only",TRUE,"C-index",0.797182449367636,361.91,NA,58,58,0,32,26,0,0,0,0.551724137931034,0.448275862068966,1,1.44827586206897
2,"survival",4,"Smooth nonlinear misspecified","GABLE",TRUE,"C-index",0.710456819644109,8.11000000000001,NA,5,5,0,3,2,0,0,0,0.6,0.4,1,1.4
2,"survival",4,"Smooth nonlinear misspecified","GBM",TRUE,"C-index",0.796726301940787,0.05,NA,NA,NA,NA,NA,NA,NA,NA,NA,NA,NA,NA,NA
2,"survival",4,"Smooth nonlinear misspecified","Linear",TRUE,"C-index",0.651484159680409,0,NA,20,0,20,20,0,0,0,0,1,0,1,1
2,"survival",4,"Smooth nonlinear misspecified","Random forest",TRUE,"C-index",0.772560091421547,0.620000000000005,NA,NA,NA,NA,NA,NA,NA,NA,NA,NA,NA,NA,NA
2,"survival",4,"Smooth nonlinear misspecified","RuleFit",TRUE,"C-index",0.702783939769333,15.62,NA,17,17,0,9,7,1,0,0,0.529411764705882,0.411764705882353,0.941176470588235,1.52941176470588
3,"survival",4,"Smooth nonlinear misspecified","BRP-GABLE full",TRUE,"C-index",0.815889034751851,361.07,NA,62,61,1,36,26,0,0,0,0.580645161290323,0.419354838709677,1,1.41935483870968
3,"survival",4,"Smooth nonlinear misspecified","BRP-GABLE rule-only",TRUE,"C-index",0.817242825365569,357.21,NA,67,67,0,40,27,0,0,0,0.597014925373134,0.402985074626866,1,1.40298507462687
3,"survival",4,"Smooth nonlinear misspecified","GABLE",TRUE,"C-index",0.707248477555337,8.48000000000002,NA,5,5,0,5,0,0,0,0,1,0,1,1
3,"survival",4,"Smooth nonlinear misspecified","GBM",TRUE,"C-index",0.813031032345112,0.0700000000000001,NA,NA,NA,NA,NA,NA,NA,NA,NA,NA,NA,NA,NA
3,"survival",4,"Smooth nonlinear misspecified","Linear",TRUE,"C-index",0.637585238668271,0.0200000000000387,NA,20,0,20,20,0,0,0,0,1,0,1,1
3,"survival",4,"Smooth nonlinear misspecified","Random forest",TRUE,"C-index",0.777011997228604,0.579999999999984,NA,NA,NA,NA,NA,NA,NA,NA,NA,NA,NA,NA,NA
3,"survival",4,"Smooth nonlinear misspecified","RuleFit",TRUE,"C-index",0.683185647084564,14.97,NA,15,15,0,7,7,1,0,0,0.466666666666667,0.466666666666667,0.933333333333333,1.6
4,"survival",4,"Smooth nonlinear misspecified","BRP-GABLE full",TRUE,"C-index",0.789697922761849,384.59,NA,67,66,1,39,28,0,0,0,0.582089552238806,0.417910447761194,1,1.41791044776119
4,"survival",4,"Smooth nonlinear misspecified","BRP-GABLE rule-only",TRUE,"C-index",0.792504754242247,381.43,NA,72,72,0,42,30,0,0,0,0.583333333333333,0.416666666666667,1,1.41666666666667
4,"survival",4,"Smooth nonlinear misspecified","GABLE",TRUE,"C-index",0.699335320362785,8.38,NA,5,5,0,4,1,0,0,0,0.8,0.2,1,1.2
4,"survival",4,"Smooth nonlinear misspecified","GBM",TRUE,"C-index",0.78311969719134,0.0700000000000001,NA,NA,NA,NA,NA,NA,NA,NA,NA,NA,NA,NA,NA
4,"survival",4,"Smooth nonlinear misspecified","Linear",TRUE,"C-index",0.665648771211235,0,NA,20,0,20,20,0,0,0,0,1,0,1,1
4,"survival",4,"Smooth nonlinear misspecified","Random forest",TRUE,"C-index",0.762461600351082,0.590000000000032,NA,NA,NA,NA,NA,NA,NA,NA,NA,NA,NA,NA,NA
4,"survival",4,"Smooth nonlinear misspecified","RuleFit",TRUE,"C-index",0.70058788033938,17.58,NA,12,12,0,0,11,1,0,0,0,0.916666666666667,0.916666666666667,2.08333333333333
5,"survival",4,"Smooth nonlinear misspecified","BRP-GABLE full",TRUE,"C-index",0.796886555243307,374.03,NA,50,49,1,27,23,0,0,0,0.54,0.46,1,1.46
5,"survival",4,"Smooth nonlinear misspecified","BRP-GABLE rule-only",TRUE,"C-index",0.797080683330868,372.4,NA,53,53,0,30,23,0,0,0,0.566037735849057,0.433962264150943,1,1.43396226415094
5,"survival",4,"Smooth nonlinear misspecified","GABLE",TRUE,"C-index",0.711502551397722,7.45999999999998,NA,5,5,0,4,1,0,0,0,0.8,0.2,1,1.2
5,"survival",4,"Smooth nonlinear misspecified","GBM",TRUE,"C-index",0.808155228516492,0.0800000000000001,NA,NA,NA,NA,NA,NA,NA,NA,NA,NA,NA,NA,NA
5,"survival",4,"Smooth nonlinear misspecified","Linear",TRUE,"C-index",0.647583567519598,0.00999999999999091,NA,20,0,20,20,0,0,0,0,1,0,1,1
5,"survival",4,"Smooth nonlinear misspecified","Random forest",TRUE,"C-index",0.786033870729182,0.5,NA,NA,NA,NA,NA,NA,NA,NA,NA,NA,NA,NA,NA
5,"survival",4,"Smooth nonlinear misspecified","RuleFit",TRUE,"C-index",0.694433145984322,14.55,NA,12,12,0,7,5,0,0,0,0.583333333333333,0.416666666666667,1,1.41666666666667
6,"survival",4,"Smooth nonlinear misspecified","BRP-GABLE full",TRUE,"C-index",0.822758397335061,348.61,NA,68,67,1,40,28,0,0,0,0.588235294117647,0.411764705882353,1,1.41176470588235
6,"survival",4,"Smooth nonlinear misspecified","BRP-GABLE rule-only",TRUE,"C-index",0.822587211992227,343.8,NA,68,68,0,37,31,0,0,0,0.544117647058823,0.455882352941176,1,1.45588235294118
6,"survival",4,"Smooth nonlinear misspecified","GABLE",TRUE,"C-index",0.688849819561395,6.88999999999999,NA,5,5,0,3,2,0,0,0,0.6,0.4,1,1.4
6,"survival",4,"Smooth nonlinear misspecified","GBM",TRUE,"C-index",0.818765614879245,0.0600000000000001,NA,NA,NA,NA,NA,NA,NA,NA,NA,NA,NA,NA,NA
6,"survival",4,"Smooth nonlinear misspecified","Linear",TRUE,"C-index",0.680919774220413,0.0300000000000864,NA,20,0,20,20,0,0,0,0,1,0,1,1
6,"survival",4,"Smooth nonlinear misspecified","Random forest",TRUE,"C-index",0.7711298232627,0.389999999999986,NA,NA,NA,NA,NA,NA,NA,NA,NA,NA,NA,NA,NA
6,"survival",4,"Smooth nonlinear misspecified","RuleFit",TRUE,"C-index",0.687087073193301,15.66,NA,11,11,0,1,10,0,0,0,0.0909090909090909,0.909090909090909,1,1.90909090909091
7,"survival",4,"Smooth nonlinear misspecified","BRP-GABLE full",TRUE,"C-index",0.818938605619147,353.04,NA,52,50,2,23,29,0,0,0,0.442307692307692,0.557692307692308,1,1.55769230769231
7,"survival",4,"Smooth nonlinear misspecified","BRP-GABLE rule-only",TRUE,"C-index",0.8210197710718,350.13,NA,56,56,0,26,30,0,0,0,0.464285714285714,0.535714285714286,1,1.53571428571429
7,"survival",4,"Smooth nonlinear misspecified","GABLE",TRUE,"C-index",0.739900773004311,8.47000000000003,NA,5,5,0,5,0,0,0,0,1,0,1,1
7,"survival",4,"Smooth nonlinear misspecified","GBM",TRUE,"C-index",0.822329790396908,0.0600000000000001,NA,NA,NA,NA,NA,NA,NA,NA,NA,NA,NA,NA,NA
7,"survival",4,"Smooth nonlinear misspecified","Linear",TRUE,"C-index",0.636121227887617,0.0499999999999545,NA,20,0,20,20,0,0,0,0,1,0,1,1
7,"survival",4,"Smooth nonlinear misspecified","Random forest",TRUE,"C-index",0.784385684554779,0.379999999999995,NA,NA,NA,NA,NA,NA,NA,NA,NA,NA,NA,NA,NA
7,"survival",4,"Smooth nonlinear misspecified","RuleFit",TRUE,"C-index",0.732068529805262,15.86,NA,20,20,0,7,12,1,0,0,0.35,0.6,0.95,1.7
8,"survival",4,"Smooth nonlinear misspecified","BRP-GABLE full",TRUE,"C-index",0.827709219792695,318.81,NA,60,60,0,26,34,0,0,0,0.433333333333333,0.566666666666667,1,1.56666666666667
8,"survival",4,"Smooth nonlinear misspecified","BRP-GABLE rule-only",TRUE,"C-index",0.827663070064517,331.41,NA,59,59,0,25,34,0,0,0,0.423728813559322,0.576271186440678,1,1.57627118644068
8,"survival",4,"Smooth nonlinear misspecified","GABLE",TRUE,"C-index",0.700294435265776,6.71000000000004,NA,5,5,0,4,1,0,0,0,0.8,0.2,1,1.2
8,"survival",4,"Smooth nonlinear misspecified","GBM",TRUE,"C-index",0.819420728611908,0.05,NA,NA,NA,NA,NA,NA,NA,NA,NA,NA,NA,NA,NA
8,"survival",4,"Smooth nonlinear misspecified","Linear",TRUE,"C-index",0.640659756514034,0.0300000000000864,NA,20,0,20,20,0,0,0,0,1,0,1,1
8,"survival",4,"Smooth nonlinear misspecified","Random forest",TRUE,"C-index",0.792889249882318,0.219999999999914,NA,NA,NA,NA,NA,NA,NA,NA,NA,NA,NA,NA,NA
8,"survival",4,"Smooth nonlinear misspecified","RuleFit",TRUE,"C-index",0.678174870550012,16.14,NA,5,5,0,0,4,1,0,0,0,0.8,0.8,2.2
9,"survival",4,"Smooth nonlinear misspecified","BRP-GABLE full",TRUE,"C-index",0.821123550250359,354.1,NA,63,61,2,34,29,0,0,0,0.53968253968254,0.46031746031746,1,1.46031746031746
9,"survival",4,"Smooth nonlinear misspecified","BRP-GABLE rule-only",TRUE,"C-index",0.819526193898007,352.33,NA,61,61,0,32,29,0,0,0,0.524590163934426,0.475409836065574,1,1.47540983606557
9,"survival",4,"Smooth nonlinear misspecified","GABLE",TRUE,"C-index",0.717011616304935,7.87,NA,5,5,0,5,0,0,0,0,1,0,1,1
9,"survival",4,"Smooth nonlinear misspecified","GBM",TRUE,"C-index",0.815489321970286,0.03,NA,NA,NA,NA,NA,NA,NA,NA,NA,NA,NA,NA,NA
9,"survival",4,"Smooth nonlinear misspecified","Linear",TRUE,"C-index",0.661900533672638,0.0300000000000864,NA,20,0,20,20,0,0,0,0,1,0,1,1
9,"survival",4,"Smooth nonlinear misspecified","Random forest",TRUE,"C-index",0.786796408007836,0.25,NA,NA,NA,NA,NA,NA,NA,NA,NA,NA,NA,NA,NA
9,"survival",4,"Smooth nonlinear misspecified","RuleFit",TRUE,"C-index",0.66708164367511,14.06,NA,5,5,0,2,3,0,0,0,0.4,0.6,1,1.6
10,"survival",4,"Smooth nonlinear misspecified","BRP-GABLE full",TRUE,"C-index",0.804662962068132,352.73,NA,54,53,1,29,25,0,0,0,0.537037037037037,0.462962962962963,1,1.46296296296296
10,"survival",4,"Smooth nonlinear misspecified","BRP-GABLE rule-only",TRUE,"C-index",0.805030014682105,348.96,NA,53,53,0,28,25,0,0,0,0.528301886792453,0.471698113207547,1,1.47169811320755
10,"survival",4,"Smooth nonlinear misspecified","GABLE",TRUE,"C-index",0.710609214414481,8.25999999999999,NA,5,5,0,5,0,0,0,0,1,0,1,1
10,"survival",4,"Smooth nonlinear misspecified","GBM",TRUE,"C-index",0.80710223576858,0.0499999999999998,NA,NA,NA,NA,NA,NA,NA,NA,NA,NA,NA,NA,NA
10,"survival",4,"Smooth nonlinear misspecified","Linear",TRUE,"C-index",0.655537383611798,0.0499999999999545,NA,20,0,20,20,0,0,0,0,1,0,1,1
10,"survival",4,"Smooth nonlinear misspecified","Random forest",TRUE,"C-index",0.778421023286933,0.25,NA,NA,NA,NA,NA,NA,NA,NA,NA,NA,NA,NA,NA
10,"survival",4,"Smooth nonlinear misspecified","RuleFit",TRUE,"C-index",0.720189752262717,14.42,NA,16,16,0,3,10,3,0,0,0.1875,0.625,0.8125,2
11,"survival",4,"Smooth nonlinear misspecified","BRP-GABLE full",TRUE,"C-index",0.822924596616967,445.97,NA,65,64,1,45,20,0,0,0,0.692307692307692,0.307692307692308,1,1.30769230769231
11,"survival",4,"Smooth nonlinear misspecified","BRP-GABLE rule-only",TRUE,"C-index",0.82053864864363,430.83,NA,73,73,0,52,21,0,0,0,0.712328767123288,0.287671232876712,1,1.28767123287671
11,"survival",4,"Smooth nonlinear misspecified","GABLE",TRUE,"C-index",0.709411032920512,8.3599999999999,NA,5,5,0,5,0,0,0,0,1,0,1,1
11,"survival",4,"Smooth nonlinear misspecified","GBM",TRUE,"C-index",0.824934548898008,0.03,NA,NA,NA,NA,NA,NA,NA,NA,NA,NA,NA,NA,NA
11,"survival",4,"Smooth nonlinear misspecified","Linear",TRUE,"C-index",0.643305419908276,0.0200000000002092,NA,20,0,20,20,0,0,0,0,1,0,1,1
11,"survival",4,"Smooth nonlinear misspecified","Random forest",TRUE,"C-index",0.777141318677238,0.420000000000073,NA,NA,NA,NA,NA,NA,NA,NA,NA,NA,NA,NA,NA
11,"survival",4,"Smooth nonlinear misspecified","RuleFit",TRUE,"C-index",0.710306923891045,17.19,NA,13,13,0,1,12,0,0,0,0.0769230769230769,0.923076923076923,1,1.92307692307692
12,"survival",4,"Smooth nonlinear misspecified","BRP-GABLE full",TRUE,"C-index",0.827829098217571,345.85,NA,63,63,0,30,33,0,0,0,0.476190476190476,0.523809523809524,1,1.52380952380952
12,"survival",4,"Smooth nonlinear misspecified","BRP-GABLE rule-only",TRUE,"C-index",0.829102935487219,342.53,NA,64,64,0,32,32,0,0,0,0.5,0.5,1,1.5
12,"survival",4,"Smooth nonlinear misspecified","GABLE",TRUE,"C-index",0.711527755498731,8.42999999999984,NA,5,5,0,4,1,0,0,0,0.8,0.2,1,1.2
12,"survival",4,"Smooth nonlinear misspecified","GBM",TRUE,"C-index",0.82564942111173,0.05,NA,NA,NA,NA,NA,NA,NA,NA,NA,NA,NA,NA,NA
12,"survival",4,"Smooth nonlinear misspecified","Linear",TRUE,"C-index",0.675199803734702,0.0199999999999818,NA,20,0,20,20,0,0,0,0,1,0,1,1
12,"survival",4,"Smooth nonlinear misspecified","Random forest",TRUE,"C-index",0.794600817143019,0.25,NA,NA,NA,NA,NA,NA,NA,NA,NA,NA,NA,NA,NA
12,"survival",4,"Smooth nonlinear misspecified","RuleFit",TRUE,"C-index",0.689683805282179,13.89,NA,9,9,0,0,8,1,0,0,0,0.888888888888889,0.888888888888889,2.11111111111111
13,"survival",4,"Smooth nonlinear misspecified","BRP-GABLE full",TRUE,"C-index",0.817997783038365,366.79,NA,54,53,1,27,27,0,0,0,0.5,0.5,1,1.5
13,"survival",4,"Smooth nonlinear misspecified","BRP-GABLE rule-only",TRUE,"C-index",0.818753992409725,361,NA,56,56,0,29,27,0,0,0,0.517857142857143,0.482142857142857,1,1.48214285714286
13,"survival",4,"Smooth nonlinear misspecified","GABLE",TRUE,"C-index",0.719342990267914,8.55999999999995,NA,5,5,0,5,0,0,0,0,1,0,1,1
13,"survival",4,"Smooth nonlinear misspecified","GBM",TRUE,"C-index",0.810374628940743,0.04,NA,NA,NA,NA,NA,NA,NA,NA,NA,NA,NA,NA,NA
13,"survival",4,"Smooth nonlinear misspecified","Linear",TRUE,"C-index",0.644027355052042,0.0199999999999818,NA,20,0,20,20,0,0,0,0,1,0,1,1
13,"survival",4,"Smooth nonlinear misspecified","Random forest",TRUE,"C-index",0.774555668282418,0.25,NA,NA,NA,NA,NA,NA,NA,NA,NA,NA,NA,NA,NA
13,"survival",4,"Smooth nonlinear misspecified","RuleFit",TRUE,"C-index",0.702377597414797,14.83,NA,11,11,0,6,5,0,0,0,0.545454545454545,0.454545454545455,1,1.45454545454545
14,"survival",4,"Smooth nonlinear misspecified","BRP-GABLE full",TRUE,"C-index",0.797797365107407,353.22,NA,49,47,2,21,28,0,0,0,0.428571428571429,0.571428571428571,1,1.57142857142857
14,"survival",4,"Smooth nonlinear misspecified","BRP-GABLE rule-only",TRUE,"C-index",0.797712792948561,348.01,NA,47,47,0,17,30,0,0,0,0.361702127659574,0.638297872340426,1,1.63829787234043
14,"survival",4,"Smooth nonlinear misspecified","GABLE",TRUE,"C-index",0.690813584168092,7.37999999999988,NA,5,5,0,3,2,0,0,0,0.6,0.4,1,1.4
14,"survival",4,"Smooth nonlinear misspecified","GBM",TRUE,"C-index",0.807701704598846,0.0600000000000001,NA,NA,NA,NA,NA,NA,NA,NA,NA,NA,NA,NA,NA
14,"survival",4,"Smooth nonlinear misspecified","Linear",TRUE,"C-index",0.645210396737394,0.0199999999999818,NA,20,0,20,20,0,0,0,0,1,0,1,1
14,"survival",4,"Smooth nonlinear misspecified","Random forest",TRUE,"C-index",0.764973970568889,0.25,NA,NA,NA,NA,NA,NA,NA,NA,NA,NA,NA,NA,NA
14,"survival",4,"Smooth nonlinear misspecified","RuleFit",TRUE,"C-index",0.740072168242215,15.62,NA,15,15,0,3,11,1,0,0,0.2,0.733333333333333,0.933333333333333,1.86666666666667
15,"survival",4,"Smooth nonlinear misspecified","BRP-GABLE full",TRUE,"C-index",0.81387166414037,364.23,NA,54,51,3,32,22,0,0,0,0.592592592592593,0.407407407407407,1,1.40740740740741
15,"survival",4,"Smooth nonlinear misspecified","BRP-GABLE rule-only",TRUE,"C-index",0.816737862293877,359.31,NA,56,56,0,34,22,0,0,0,0.607142857142857,0.392857142857143,1,1.39285714285714
15,"survival",4,"Smooth nonlinear misspecified","GABLE",TRUE,"C-index",0.726475586789766,8.29999999999995,NA,5,5,0,5,0,0,0,0,1,0,1,1
15,"survival",4,"Smooth nonlinear misspecified","GBM",TRUE,"C-index",0.816590877773185,0.05,NA,NA,NA,NA,NA,NA,NA,NA,NA,NA,NA,NA,NA
15,"survival",4,"Smooth nonlinear misspecified","Linear",TRUE,"C-index",0.645730559000505,0.0199999999999818,NA,20,0,20,20,0,0,0,0,1,0,1,1
15,"survival",4,"Smooth nonlinear misspecified","Random forest",TRUE,"C-index",0.786119149327086,0.25,NA,NA,NA,NA,NA,NA,NA,NA,NA,NA,NA,NA,NA
15,"survival",4,"Smooth nonlinear misspecified","RuleFit",TRUE,"C-index",0.708589407927978,13.96,NA,7,7,0,3,4,0,0,0,0.428571428571429,0.571428571428571,1,1.57142857142857
16,"survival",4,"Smooth nonlinear misspecified","BRP-GABLE full",TRUE,"C-index",0.800951037161915,368.83,NA,60,57,3,29,31,0,0,0,0.483333333333333,0.516666666666667,1,1.51666666666667
16,"survival",4,"Smooth nonlinear misspecified","BRP-GABLE rule-only",TRUE,"C-index",0.801789379168804,362.53,NA,57,57,0,26,31,0,0,0,0.456140350877193,0.543859649122807,1,1.54385964912281
16,"survival",4,"Smooth nonlinear misspecified","GABLE",TRUE,"C-index",0.714707175841091,7.99000000000001,NA,5,5,0,5,0,0,0,0,1,0,1,1
16,"survival",4,"Smooth nonlinear misspecified","GBM",TRUE,"C-index",0.799507989445137,0.05,NA,NA,NA,NA,NA,NA,NA,NA,NA,NA,NA,NA,NA
16,"survival",4,"Smooth nonlinear misspecified","Linear",TRUE,"C-index",0.636709301473283,0.0200000000002092,NA,20,0,20,20,0,0,0,0,1,0,1,1
16,"survival",4,"Smooth nonlinear misspecified","Random forest",TRUE,"C-index",0.787088616873122,0.279999999999973,NA,NA,NA,NA,NA,NA,NA,NA,NA,NA,NA,NA,NA
16,"survival",4,"Smooth nonlinear misspecified","RuleFit",TRUE,"C-index",0.676060983654621,16.39,NA,20,20,0,8,10,2,0,0,0.4,0.5,0.9,1.7
17,"survival",4,"Smooth nonlinear misspecified","BRP-GABLE full",TRUE,"C-index",0.821498824325932,375.17,NA,63,60,3,39,24,0,0,0,0.619047619047619,0.380952380952381,1,1.38095238095238
17,"survival",4,"Smooth nonlinear misspecified","BRP-GABLE rule-only",TRUE,"C-index",0.818090741909807,372.14,NA,66,66,0,42,24,0,0,0,0.636363636363636,0.363636363636364,1,1.36363636363636
17,"survival",4,"Smooth nonlinear misspecified","GABLE",TRUE,"C-index",0.715198675193735,7.72999999999979,NA,5,5,0,3,2,0,0,0,0.6,0.4,1,1.4
17,"survival",4,"Smooth nonlinear misspecified","GBM",TRUE,"C-index",0.818827253680272,0.03,NA,NA,NA,NA,NA,NA,NA,NA,NA,NA,NA,NA,NA
17,"survival",4,"Smooth nonlinear misspecified","Linear",TRUE,"C-index",0.6406920465878,0.0199999999999818,NA,20,0,20,20,0,0,0,0,1,0,1,1
17,"survival",4,"Smooth nonlinear misspecified","Random forest",TRUE,"C-index",0.794645879651232,0.25,NA,NA,NA,NA,NA,NA,NA,NA,NA,NA,NA,NA,NA
17,"survival",4,"Smooth nonlinear misspecified","RuleFit",TRUE,"C-index",0.728423864811206,14.31,NA,21,21,0,5,12,4,0,0,0.238095238095238,0.571428571428571,0.80952380952381,1.95238095238095
18,"survival",4,"Smooth nonlinear misspecified","BRP-GABLE full",TRUE,"C-index",0.814367290574206,338.85,NA,67,64,3,34,33,0,0,0,0.507462686567164,0.492537313432836,1,1.49253731343284
18,"survival",4,"Smooth nonlinear misspecified","BRP-GABLE rule-only",TRUE,"C-index",0.818510086401553,335.02,NA,64,64,0,33,31,0,0,0,0.515625,0.484375,1,1.484375
18,"survival",4,"Smooth nonlinear misspecified","GABLE",TRUE,"C-index",0.707918898240245,7.09999999999991,NA,5,5,0,3,2,0,0,0,0.6,0.4,1,1.4
18,"survival",4,"Smooth nonlinear misspecified","GBM",TRUE,"C-index",0.810476421520145,0.04,NA,NA,NA,NA,NA,NA,NA,NA,NA,NA,NA,NA,NA
18,"survival",4,"Smooth nonlinear misspecified","Linear",TRUE,"C-index",0.64733983988654,0,NA,20,0,20,20,0,0,0,0,1,0,1,1
18,"survival",4,"Smooth nonlinear misspecified","Random forest",TRUE,"C-index",0.78383749790061,0.220000000000027,NA,NA,NA,NA,NA,NA,NA,NA,NA,NA,NA,NA,NA
18,"survival",4,"Smooth nonlinear misspecified","RuleFit",TRUE,"C-index",0.675187078955717,18.83,NA,9,9,0,4,5,0,0,0,0.444444444444444,0.555555555555556,1,1.55555555555556
19,"survival",4,"Smooth nonlinear misspecified","BRP-GABLE full",TRUE,"C-index",0.804479163739568,323.28,NA,64,62,2,34,30,0,0,0,0.53125,0.46875,1,1.46875
19,"survival",4,"Smooth nonlinear misspecified","BRP-GABLE rule-only",TRUE,"C-index",0.805476719026611,339.34,NA,65,65,0,36,29,0,0,0,0.553846153846154,0.446153846153846,1,1.44615384615385
19,"survival",4,"Smooth nonlinear misspecified","GABLE",TRUE,"C-index",0.684809996159646,7.49000000000001,NA,5,5,0,3,2,0,0,0,0.6,0.4,1,1.4
19,"survival",4,"Smooth nonlinear misspecified","GBM",TRUE,"C-index",0.803439458229129,0.0599999999999998,NA,NA,NA,NA,NA,NA,NA,NA,NA,NA,NA,NA,NA
19,"survival",4,"Smooth nonlinear misspecified","Linear",TRUE,"C-index",0.642116503217467,0,NA,20,0,20,20,0,0,0,0,1,0,1,1
19,"survival",4,"Smooth nonlinear misspecified","Random forest",TRUE,"C-index",0.764061782860783,0.230000000000018,NA,NA,NA,NA,NA,NA,NA,NA,NA,NA,NA,NA,NA
19,"survival",4,"Smooth nonlinear misspecified","RuleFit",TRUE,"C-index",0.697544046983449,15.47,NA,12,12,0,2,10,0,0,0,0.166666666666667,0.833333333333333,1,1.83333333333333
20,"survival",4,"Smooth nonlinear misspecified","BRP-GABLE full",TRUE,"C-index",0.809119144556475,345.98,NA,53,50,3,30,23,0,0,0,0.566037735849057,0.433962264150943,1,1.43396226415094
20,"survival",4,"Smooth nonlinear misspecified","BRP-GABLE rule-only",TRUE,"C-index",0.801896330300298,344.78,NA,54,54,0,29,25,0,0,0,0.537037037037037,0.462962962962963,1,1.46296296296296
20,"survival",4,"Smooth nonlinear misspecified","GABLE",TRUE,"C-index",0.715882904791832,6.2199999999998,NA,4,4,0,1,3,0,0,0,0.25,0.75,1,1.75
20,"survival",4,"Smooth nonlinear misspecified","GBM",TRUE,"C-index",0.808741153646474,0.0599999999999998,NA,NA,NA,NA,NA,NA,NA,NA,NA,NA,NA,NA,NA
20,"survival",4,"Smooth nonlinear misspecified","Linear",TRUE,"C-index",0.650226339135266,0,NA,20,0,20,20,0,0,0,0,1,0,1,1
20,"survival",4,"Smooth nonlinear misspecified","Random forest",TRUE,"C-index",0.783907606270095,0.25,NA,NA,NA,NA,NA,NA,NA,NA,NA,NA,NA,NA,NA
20,"survival",4,"Smooth nonlinear misspecified","RuleFit",TRUE,"C-index",0.736390050186263,17.7,NA,23,23,0,2,10,11,0,0,0.0869565217391304,0.434782608695652,0.521739130434783,2.39130434782609
21,"survival",4,"Smooth nonlinear misspecified","BRP-GABLE full",TRUE,"C-index",0.819875833021852,347.63,NA,64,62,2,36,28,0,0,0,0.5625,0.4375,1,1.4375
21,"survival",4,"Smooth nonlinear misspecified","BRP-GABLE rule-only",TRUE,"C-index",0.82133903419606,344.14,NA,65,65,0,39,26,0,0,0,0.6,0.4,1,1.4
21,"survival",4,"Smooth nonlinear misspecified","GABLE",TRUE,"C-index",0.689646370258271,6.43000000000006,NA,4,4,0,3,1,0,0,0,0.75,0.25,1,1.25
21,"survival",4,"Smooth nonlinear misspecified","GBM",TRUE,"C-index",0.808179340146411,0.0399999999999998,NA,NA,NA,NA,NA,NA,NA,NA,NA,NA,NA,NA,NA
21,"survival",4,"Smooth nonlinear misspecified","Linear",TRUE,"C-index",0.632303470658486,0.0199999999999818,NA,20,0,20,20,0,0,0,0,1,0,1,1
21,"survival",4,"Smooth nonlinear misspecified","Random forest",TRUE,"C-index",0.779562589455835,0.410000000000082,NA,NA,NA,NA,NA,NA,NA,NA,NA,NA,NA,NA,NA
21,"survival",4,"Smooth nonlinear misspecified","RuleFit",TRUE,"C-index",0.760540974191137,23.96,NA,19,19,0,2,14,3,0,0,0.105263157894737,0.736842105263158,0.842105263157895,2.05263157894737
22,"survival",4,"Smooth nonlinear misspecified","BRP-GABLE full",TRUE,"C-index",0.832475340904625,374.09,NA,69,66,3,50,19,0,0,0,0.72463768115942,0.27536231884058,1,1.27536231884058
22,"survival",4,"Smooth nonlinear misspecified","BRP-GABLE rule-only",TRUE,"C-index",0.833752505206901,367.55,NA,69,69,0,50,19,0,0,0,0.72463768115942,0.27536231884058,1,1.27536231884058
22,"survival",4,"Smooth nonlinear misspecified","GABLE",TRUE,"C-index",0.720305929972099,8.15000000000009,NA,5,5,0,5,0,0,0,0,1,0,1,1
22,"survival",4,"Smooth nonlinear misspecified","GBM",TRUE,"C-index",0.830829763822847,0.05,NA,NA,NA,NA,NA,NA,NA,NA,NA,NA,NA,NA,NA
22,"survival",4,"Smooth nonlinear misspecified","Linear",TRUE,"C-index",0.660166227846112,0.0200000000002092,NA,20,0,20,20,0,0,0,0,1,0,1,1
22,"survival",4,"Smooth nonlinear misspecified","Random forest",TRUE,"C-index",0.797628404134083,0.240000000000009,NA,NA,NA,NA,NA,NA,NA,NA,NA,NA,NA,NA,NA
22,"survival",4,"Smooth nonlinear misspecified","RuleFit",TRUE,"C-index",0.752043462883641,16.56,NA,19,19,0,6,12,1,0,0,0.315789473684211,0.631578947368421,0.947368421052632,1.73684210526316
23,"survival",4,"Smooth nonlinear misspecified","BRP-GABLE full",TRUE,"C-index",0.812197107375435,351.58,NA,60,57,3,28,32,0,0,0,0.466666666666667,0.533333333333333,1,1.53333333333333
23,"survival",4,"Smooth nonlinear misspecified","BRP-GABLE rule-only",TRUE,"C-index",0.809958541572013,349.83,NA,66,66,0,33,33,0,0,0,0.5,0.5,1,1.5
23,"survival",4,"Smooth nonlinear misspecified","GABLE",TRUE,"C-index",0.678370626987733,8.26999999999998,NA,5,5,0,5,0,0,0,0,1,0,1,1
23,"survival",4,"Smooth nonlinear misspecified","GBM",TRUE,"C-index",0.799906292594275,0.0499999999999998,NA,NA,NA,NA,NA,NA,NA,NA,NA,NA,NA,NA,NA
23,"survival",4,"Smooth nonlinear misspecified","Linear",TRUE,"C-index",0.652657882780554,0,NA,20,0,20,20,0,0,0,0,1,0,1,1
23,"survival",4,"Smooth nonlinear misspecified","Random forest",TRUE,"C-index",0.775376722701802,0.230000000000018,NA,NA,NA,NA,NA,NA,NA,NA,NA,NA,NA,NA,NA
23,"survival",4,"Smooth nonlinear misspecified","RuleFit",TRUE,"C-index",0.694111578070574,17.16,NA,14,14,0,3,11,0,0,0,0.214285714285714,0.785714285714286,1,1.78571428571429
24,"survival",4,"Smooth nonlinear misspecified","BRP-GABLE full",TRUE,"C-index",0.813984389518677,359.99,NA,56,54,2,30,26,0,0,0,0.535714285714286,0.464285714285714,1,1.46428571428571
24,"survival",4,"Smooth nonlinear misspecified","BRP-GABLE rule-only",TRUE,"C-index",0.816014681286006,358.13,NA,61,61,0,35,26,0,0,0,0.573770491803279,0.426229508196721,1,1.42622950819672
24,"survival",4,"Smooth nonlinear misspecified","GABLE",TRUE,"C-index",0.688812488385059,8.05999999999995,NA,5,5,0,4,1,0,0,0,0.8,0.2,1,1.2
24,"survival",4,"Smooth nonlinear misspecified","GBM",TRUE,"C-index",0.813598773462182,0.0600000000000001,NA,NA,NA,NA,NA,NA,NA,NA,NA,NA,NA,NA,NA
24,"survival",4,"Smooth nonlinear misspecified","Linear",TRUE,"C-index",0.642733692622189,0,NA,20,0,20,20,0,0,0,0,1,0,1,1
24,"survival",4,"Smooth nonlinear misspecified","Random forest",TRUE,"C-index",0.76183794833674,0.259999999999764,NA,NA,NA,NA,NA,NA,NA,NA,NA,NA,NA,NA,NA
24,"survival",4,"Smooth nonlinear misspecified","RuleFit",TRUE,"C-index",0.658051477420554,32.75,NA,7,7,0,1,6,0,0,0,0.142857142857143,0.857142857142857,1,1.85714285714286
25,"survival",4,"Smooth nonlinear misspecified","BRP-GABLE full",TRUE,"C-index",0.795734092687276,469.75,NA,64,63,1,28,36,0,0,0,0.4375,0.5625,1,1.5625
25,"survival",4,"Smooth nonlinear misspecified","BRP-GABLE rule-only",TRUE,"C-index",0.793932749868083,452.07,NA,63,63,0,30,33,0,0,0,0.476190476190476,0.523809523809524,1,1.52380952380952
25,"survival",4,"Smooth nonlinear misspecified","GABLE",TRUE,"C-index",0.708637347841118,8.19999999999982,NA,5,5,0,5,0,0,0,0,1,0,1,1
25,"survival",4,"Smooth nonlinear misspecified","GBM",TRUE,"C-index",0.799814407103477,0.03,NA,NA,NA,NA,NA,NA,NA,NA,NA,NA,NA,NA,NA
25,"survival",4,"Smooth nonlinear misspecified","Linear",TRUE,"C-index",0.639795119998544,0.0199999999999818,NA,20,0,20,20,0,0,0,0,1,0,1,1
25,"survival",4,"Smooth nonlinear misspecified","Random forest",TRUE,"C-index",0.769655561418512,0.380000000000109,NA,NA,NA,NA,NA,NA,NA,NA,NA,NA,NA,NA,NA
25,"survival",4,"Smooth nonlinear misspecified","RuleFit",TRUE,"C-index",0.760735275387107,17.67,NA,20,20,0,5,8,7,0,0,0.25,0.4,0.65,2.1
26,"survival",4,"Smooth nonlinear misspecified","BRP-GABLE full",TRUE,"C-index",0.804981059378155,505.01,NA,53,53,0,25,28,0,0,0,0.471698113207547,0.528301886792453,1,1.52830188679245
26,"survival",4,"Smooth nonlinear misspecified","BRP-GABLE rule-only",TRUE,"C-index",0.806898276357102,400.12,NA,57,57,0,28,29,0,0,0,0.491228070175439,0.508771929824561,1,1.50877192982456
26,"survival",4,"Smooth nonlinear misspecified","GABLE",TRUE,"C-index",0.721341310931842,6.94999999999982,NA,5,5,0,4,1,0,0,0,0.8,0.2,1,1.2
26,"survival",4,"Smooth nonlinear misspecified","GBM",TRUE,"C-index",0.796284118589595,0.0599999999999998,NA,NA,NA,NA,NA,NA,NA,NA,NA,NA,NA,NA,NA
26,"survival",4,"Smooth nonlinear misspecified","Linear",TRUE,"C-index",0.6531782270837,0.0199999999999818,NA,20,0,20,20,0,0,0,0,1,0,1,1
26,"survival",4,"Smooth nonlinear misspecified","Random forest",TRUE,"C-index",0.762089118172809,0.25,NA,NA,NA,NA,NA,NA,NA,NA,NA,NA,NA,NA,NA
26,"survival",4,"Smooth nonlinear misspecified","RuleFit",TRUE,"C-index",0.682042993822301,14.35,NA,18,18,0,4,14,0,0,0,0.222222222222222,0.777777777777778,1,1.77777777777778
27,"survival",4,"Smooth nonlinear misspecified","BRP-GABLE full",TRUE,"C-index",0.810374258915952,365.97,NA,57,57,0,20,37,0,0,0,0.350877192982456,0.649122807017544,1,1.64912280701754
27,"survival",4,"Smooth nonlinear misspecified","BRP-GABLE rule-only",TRUE,"C-index",0.810374258915952,326.42,NA,57,57,0,20,37,0,0,0,0.350877192982456,0.649122807017544,1,1.64912280701754
27,"survival",4,"Smooth nonlinear misspecified","GABLE",TRUE,"C-index",0.704121620381417,7.15000000000009,NA,5,5,0,4,1,0,0,0,0.8,0.2,1,1.2
27,"survival",4,"Smooth nonlinear misspecified","GBM",TRUE,"C-index",0.810007158458912,0.03,NA,NA,NA,NA,NA,NA,NA,NA,NA,NA,NA,NA,NA
27,"survival",4,"Smooth nonlinear misspecified","Linear",TRUE,"C-index",0.650061489326554,0.00999999999976353,NA,20,0,20,20,0,0,0,0,1,0,1,1
27,"survival",4,"Smooth nonlinear misspecified","Random forest",TRUE,"C-index",0.780822672124227,0.440000000000055,NA,NA,NA,NA,NA,NA,NA,NA,NA,NA,NA,NA,NA
27,"survival",4,"Smooth nonlinear misspecified","RuleFit",TRUE,"C-index",0.676749692553367,14.88,NA,11,11,0,5,6,0,0,0,0.454545454545455,0.545454545454545,1,1.54545454545455
28,"survival",4,"Smooth nonlinear misspecified","BRP-GABLE full",TRUE,"C-index",0.80391386212822,476.65,NA,45,43,2,22,23,0,0,0,0.488888888888889,0.511111111111111,1,1.51111111111111
28,"survival",4,"Smooth nonlinear misspecified","BRP-GABLE rule-only",TRUE,"C-index",0.802775898945213,431.35,NA,39,39,0,17,22,0,0,0,0.435897435897436,0.564102564102564,1,1.56410256410256
28,"survival",4,"Smooth nonlinear misspecified","GABLE",TRUE,"C-index",0.732551231193902,7.78999999999996,NA,5,5,0,5,0,0,0,0,1,0,1,1
28,"survival",4,"Smooth nonlinear misspecified","GBM",TRUE,"C-index",0.8100424108367,0.0299999999999998,NA,NA,NA,NA,NA,NA,NA,NA,NA,NA,NA,NA,NA
28,"survival",4,"Smooth nonlinear misspecified","Linear",TRUE,"C-index",0.653273129444455,0.0100000000002183,NA,20,0,20,20,0,0,0,0,1,0,1,1
28,"survival",4,"Smooth nonlinear misspecified","Random forest",TRUE,"C-index",0.77736138785807,0.25,NA,NA,NA,NA,NA,NA,NA,NA,NA,NA,NA,NA,NA
28,"survival",4,"Smooth nonlinear misspecified","RuleFit",TRUE,"C-index",0.74601027365958,16.4,NA,15,15,0,0,12,3,0,0,0,0.8,0.8,2.2
29,"survival",4,"Smooth nonlinear misspecified","BRP-GABLE full",TRUE,"C-index",0.82961163247895,339.68,NA,67,63,4,35,32,0,0,0,0.522388059701492,0.477611940298507,1,1.47761194029851
29,"survival",4,"Smooth nonlinear misspecified","BRP-GABLE rule-only",TRUE,"C-index",0.82921287881598,336.37,NA,64,64,0,35,29,0,0,0,0.546875,0.453125,1,1.453125
29,"survival",4,"Smooth nonlinear misspecified","GABLE",TRUE,"C-index",0.720112021959271,7,NA,5,5,0,4,1,0,0,0,0.8,0.2,1,1.2
29,"survival",4,"Smooth nonlinear misspecified","GBM",TRUE,"C-index",0.827529767424608,0.0499999999999998,NA,NA,NA,NA,NA,NA,NA,NA,NA,NA,NA,NA,NA
29,"survival",4,"Smooth nonlinear misspecified","Linear",TRUE,"C-index",0.671046774732,0.00999999999976353,NA,20,0,20,20,0,0,0,0,1,0,1,1
29,"survival",4,"Smooth nonlinear misspecified","Random forest",TRUE,"C-index",0.806205719796728,0.410000000000309,NA,NA,NA,NA,NA,NA,NA,NA,NA,NA,NA,NA,NA
29,"survival",4,"Smooth nonlinear misspecified","RuleFit",TRUE,"C-index",0.71500241106866,19.84,NA,15,15,0,2,11,2,0,0,0.133333333333333,0.733333333333333,0.866666666666667,2
30,"survival",4,"Smooth nonlinear misspecified","BRP-GABLE full",TRUE,"C-index",0.802797228333805,330.22,NA,58,55,3,32,26,0,0,0,0.551724137931034,0.448275862068966,1,1.44827586206897
30,"survival",4,"Smooth nonlinear misspecified","BRP-GABLE rule-only",TRUE,"C-index",0.807667728712672,327.44,NA,59,59,0,35,24,0,0,0,0.593220338983051,0.406779661016949,1,1.40677966101695
30,"survival",4,"Smooth nonlinear misspecified","GABLE",TRUE,"C-index",0.67842829363594,6.91000000000031,NA,5,5,0,4,1,0,0,0,0.8,0.2,1,1.2
30,"survival",4,"Smooth nonlinear misspecified","GBM",TRUE,"C-index",0.801724531436866,0.0599999999999998,NA,NA,NA,NA,NA,NA,NA,NA,NA,NA,NA,NA,NA
30,"survival",4,"Smooth nonlinear misspecified","Linear",TRUE,"C-index",0.608095894537919,0,NA,20,0,20,20,0,0,0,0,1,0,1,1
30,"survival",4,"Smooth nonlinear misspecified","Random forest",TRUE,"C-index",0.76278335174416,0.25,NA,NA,NA,NA,NA,NA,NA,NA,NA,NA,NA,NA,NA
30,"survival",4,"Smooth nonlinear misspecified","RuleFit",TRUE,"C-index",0.79461734391119,24.46,NA,25,25,0,4,18,3,0,0,0.16,0.72,0.88,1.96
31,"survival",4,"Smooth nonlinear misspecified","BRP-GABLE full",TRUE,"C-index",0.823584642558334,333.42,NA,71,68,3,54,17,0,0,0,0.76056338028169,0.23943661971831,1,1.23943661971831
31,"survival",4,"Smooth nonlinear misspecified","BRP-GABLE rule-only",TRUE,"C-index",0.822162312912522,331.81,NA,77,77,0,59,18,0,0,0,0.766233766233766,0.233766233766234,1,1.23376623376623
31,"survival",4,"Smooth nonlinear misspecified","GABLE",TRUE,"C-index",0.724421307055871,7.91000000000031,NA,5,5,0,5,0,0,0,0,1,0,1,1
31,"survival",4,"Smooth nonlinear misspecified","GBM",TRUE,"C-index",0.820182206935019,0.0500000000000003,NA,NA,NA,NA,NA,NA,NA,NA,NA,NA,NA,NA,NA
31,"survival",4,"Smooth nonlinear misspecified","Linear",TRUE,"C-index",0.665668866784419,0.0199999999999818,NA,20,0,20,20,0,0,0,0,1,0,1,1
31,"survival",4,"Smooth nonlinear misspecified","Random forest",TRUE,"C-index",0.790601468811007,0.230000000000018,NA,NA,NA,NA,NA,NA,NA,NA,NA,NA,NA,NA,NA
31,"survival",4,"Smooth nonlinear misspecified","RuleFit",TRUE,"C-index",0.703421028167705,15.8,NA,7,7,0,2,4,1,0,0,0.285714285714286,0.571428571428571,0.857142857142857,1.85714285714286
32,"survival",4,"Smooth nonlinear misspecified","BRP-GABLE full",TRUE,"C-index",0.803610451306413,382.62,NA,60,58,2,30,30,0,0,0,0.5,0.5,1,1.5
32,"survival",4,"Smooth nonlinear misspecified","BRP-GABLE rule-only",TRUE,"C-index",0.803491686460808,337.74,NA,61,61,0,30,31,0,0,0,0.491803278688525,0.508196721311475,1,1.50819672131148
32,"survival",4,"Smooth nonlinear misspecified","GABLE",TRUE,"C-index",0.683178147268409,7.17000000000007,NA,4,4,0,3,1,0,0,0,0.75,0.25,1,1.25
32,"survival",4,"Smooth nonlinear misspecified","GBM",TRUE,"C-index",0.798950118764846,0.0600000000000001,NA,NA,NA,NA,NA,NA,NA,NA,NA,NA,NA,NA,NA
32,"survival",4,"Smooth nonlinear misspecified","Linear",TRUE,"C-index",0.652038004750594,0,NA,20,0,20,20,0,0,0,0,1,0,1,1
32,"survival",4,"Smooth nonlinear misspecified","Random forest",TRUE,"C-index",0.751239904988124,0.230000000000018,NA,NA,NA,NA,NA,NA,NA,NA,NA,NA,NA,NA,NA
32,"survival",4,"Smooth nonlinear misspecified","RuleFit",TRUE,"C-index",0.664935866983373,17.64,NA,7,7,0,1,6,0,0,0,0.142857142857143,0.857142857142857,1,1.85714285714286
33,"survival",4,"Smooth nonlinear misspecified","BRP-GABLE full",TRUE,"C-index",0.80453756961563,366.61,NA,54,53,1,31,23,0,0,0,0.574074074074074,0.425925925925926,1,1.42592592592593
33,"survival",4,"Smooth nonlinear misspecified","BRP-GABLE rule-only",TRUE,"C-index",0.803976079612891,337.89,NA,50,50,0,27,23,0,0,0,0.54,0.46,1,1.46
33,"survival",4,"Smooth nonlinear misspecified","GABLE",TRUE,"C-index",0.731913630968684,7.86000000000013,NA,5,5,0,5,0,0,0,0,1,0,1,1
33,"survival",4,"Smooth nonlinear misspecified","GBM",TRUE,"C-index",0.808253446544326,0.0499999999999998,NA,NA,NA,NA,NA,NA,NA,NA,NA,NA,NA,NA,NA
33,"survival",4,"Smooth nonlinear misspecified","Linear",TRUE,"C-index",0.640701177759518,0.0199999999999818,NA,20,0,20,20,0,0,0,0,1,0,1,1
33,"survival",4,"Smooth nonlinear misspecified","Random forest",TRUE,"C-index",0.77376061353054,0.25,NA,NA,NA,NA,NA,NA,NA,NA,NA,NA,NA,NA,NA
33,"survival",4,"Smooth nonlinear misspecified","RuleFit",TRUE,"C-index",0.715224139505158,17.89,NA,24,24,0,4,17,3,0,0,0.166666666666667,0.708333333333333,0.875,1.95833333333333
34,"survival",4,"Smooth nonlinear misspecified","BRP-GABLE full",TRUE,"C-index",0.809555389501214,360.96,NA,61,57,4,40,21,0,0,0,0.655737704918033,0.344262295081967,1,1.34426229508197
34,"survival",4,"Smooth nonlinear misspecified","BRP-GABLE rule-only",TRUE,"C-index",0.810059779562862,334.84,NA,58,58,0,36,22,0,0,0,0.620689655172414,0.379310344827586,1,1.37931034482759
34,"survival",4,"Smooth nonlinear misspecified","GABLE",TRUE,"C-index",0.694092097889034,8.05999999999995,NA,5,5,0,5,0,0,0,0,1,0,1,1
34,"survival",4,"Smooth nonlinear misspecified","GBM",TRUE,"C-index",0.810998505510928,0.04,NA,NA,NA,NA,NA,NA,NA,NA,NA,NA,NA,NA,NA
34,"survival",4,"Smooth nonlinear misspecified","Linear",TRUE,"C-index",0.635559499346161,0.0100000000002183,NA,20,0,20,20,0,0,0,0,1,0,1,1
34,"survival",4,"Smooth nonlinear misspecified","Random forest",TRUE,"C-index",0.763104801046142,0.380000000000109,NA,NA,NA,NA,NA,NA,NA,NA,NA,NA,NA,NA,NA
34,"survival",4,"Smooth nonlinear misspecified","RuleFit",TRUE,"C-index",0.662563048757706,14,NA,9,9,0,0,9,0,0,0,0,1,1,2
35,"survival",4,"Smooth nonlinear misspecified","BRP-GABLE full",TRUE,"C-index",0.816695030951357,393.7,NA,71,68,3,47,24,0,0,0,0.661971830985915,0.338028169014085,1,1.33802816901408
35,"survival",4,"Smooth nonlinear misspecified","BRP-GABLE rule-only",TRUE,"C-index",0.81369340390118,368.2,NA,73,73,0,50,23,0,0,0,0.684931506849315,0.315068493150685,1,1.31506849315068
35,"survival",4,"Smooth nonlinear misspecified","GABLE",TRUE,"C-index",0.744417534738456,7.05999999999995,NA,5,5,0,4,1,0,0,0,0.8,0.2,1,1.2
35,"survival",4,"Smooth nonlinear misspecified","GBM",TRUE,"C-index",0.813370799124759,0.0500000000000003,NA,NA,NA,NA,NA,NA,NA,NA,NA,NA,NA,NA,NA
35,"survival",4,"Smooth nonlinear misspecified","Linear",TRUE,"C-index",0.666061977520525,0,NA,20,0,20,20,0,0,0,0,1,0,1,1
35,"survival",4,"Smooth nonlinear misspecified","Random forest",TRUE,"C-index",0.783312449739111,0.220000000000255,NA,NA,NA,NA,NA,NA,NA,NA,NA,NA,NA,NA,NA
35,"survival",4,"Smooth nonlinear misspecified","RuleFit",TRUE,"C-index",0.633913710235455,17.48,NA,2,2,0,0,2,0,0,0,0,1,1,2
36,"survival",4,"Smooth nonlinear misspecified","BRP-GABLE full",TRUE,"C-index",0.797557876125753,326.75,NA,69,67,2,39,30,0,0,0,0.565217391304348,0.434782608695652,1,1.43478260869565
36,"survival",4,"Smooth nonlinear misspecified","BRP-GABLE rule-only",TRUE,"C-index",0.791051991822753,325.03,NA,66,66,0,37,29,0,0,0,0.560606060606061,0.439393939393939,1,1.43939393939394
36,"survival",4,"Smooth nonlinear misspecified","GABLE",TRUE,"C-index",0.697593789712139,7.28999999999996,NA,5,5,0,3,2,0,0,0,0.6,0.4,1,1.4
36,"survival",4,"Smooth nonlinear misspecified","GBM",TRUE,"C-index",0.787405381512791,0.0600000000000001,NA,NA,NA,NA,NA,NA,NA,NA,NA,NA,NA,NA,NA
36,"survival",4,"Smooth nonlinear misspecified","Linear",TRUE,"C-index",0.624279426119307,0.0199999999999818,NA,20,0,20,20,0,0,0,0,1,0,1,1
36,"survival",4,"Smooth nonlinear misspecified","Random forest",TRUE,"C-index",0.763964859937013,0.25,NA,NA,NA,NA,NA,NA,NA,NA,NA,NA,NA,NA,NA
36,"survival",4,"Smooth nonlinear misspecified","RuleFit",TRUE,"C-index",0.691718695323867,13.61,NA,12,12,0,4,7,1,0,0,0.333333333333333,0.583333333333333,0.916666666666667,1.75
37,"survival",4,"Smooth nonlinear misspecified","BRP-GABLE full",TRUE,"C-index",0.803695688674141,349.02,NA,67,65,2,44,23,0,0,0,0.656716417910448,0.343283582089552,1,1.34328358208955
37,"survival",4,"Smooth nonlinear misspecified","BRP-GABLE rule-only",TRUE,"C-index",0.804348637203142,344.65,NA,64,64,0,45,19,0,0,0,0.703125,0.296875,1,1.296875
37,"survival",4,"Smooth nonlinear misspecified","GABLE",TRUE,"C-index",0.705049157696398,7.98000000000002,NA,5,5,0,5,0,0,0,0,1,0,1,1
37,"survival",4,"Smooth nonlinear misspecified","GBM",TRUE,"C-index",0.79990858720594,0.04,NA,NA,NA,NA,NA,NA,NA,NA,NA,NA,NA,NA,NA
37,"survival",4,"Smooth nonlinear misspecified","Linear",TRUE,"C-index",0.641717814301438,0.0199999999999818,NA,20,0,20,20,0,0,0,0,1,0,1,1
37,"survival",4,"Smooth nonlinear misspecified","Random forest",TRUE,"C-index",0.765134414118613,0.25,NA,NA,NA,NA,NA,NA,NA,NA,NA,NA,NA,NA,NA
37,"survival",4,"Smooth nonlinear misspecified","RuleFit",TRUE,"C-index",0.72358823200194,15.26,NA,23,23,0,9,14,0,0,0,0.391304347826087,0.608695652173913,1,1.60869565217391
38,"survival",4,"Smooth nonlinear misspecified","BRP-GABLE full",TRUE,"C-index",0.798739146499169,336.24,NA,53,52,1,29,24,0,0,0,0.547169811320755,0.452830188679245,1,1.45283018867925
38,"survival",4,"Smooth nonlinear misspecified","BRP-GABLE rule-only",TRUE,"C-index",0.793243118418622,334.28,NA,55,55,0,30,25,0,0,0,0.545454545454545,0.454545454545455,1,1.45454545454545
38,"survival",4,"Smooth nonlinear misspecified","GABLE",TRUE,"C-index",0.70673840753741,7.17000000000007,NA,5,5,0,4,1,0,0,0,0.8,0.2,1,1.2
38,"survival",4,"Smooth nonlinear misspecified","GBM",TRUE,"C-index",0.812428413079623,0.0499999999999998,NA,NA,NA,NA,NA,NA,NA,NA,NA,NA,NA,NA,NA
38,"survival",4,"Smooth nonlinear misspecified","Linear",TRUE,"C-index",0.649104008867541,0,NA,20,0,20,20,0,0,0,0,1,0,1,1
38,"survival",4,"Smooth nonlinear misspecified","Random forest",TRUE,"C-index",0.765573619065213,0.259999999999764,NA,NA,NA,NA,NA,NA,NA,NA,NA,NA,NA,NA,NA
38,"survival",4,"Smooth nonlinear misspecified","RuleFit",TRUE,"C-index",0.740384260114539,15.33,NA,20,20,0,6,11,3,0,0,0.3,0.55,0.85,1.85
39,"survival",4,"Smooth nonlinear misspecified","BRP-GABLE full",TRUE,"C-index",0.796046328129403,355.54,NA,51,50,1,18,33,0,0,0,0.352941176470588,0.647058823529412,1,1.64705882352941
39,"survival",4,"Smooth nonlinear misspecified","BRP-GABLE rule-only",TRUE,"C-index",0.794665501888069,328.489999999999,NA,54,54,0,18,36,0,0,0,0.333333333333333,0.666666666666667,1,1.66666666666667
39,"survival",4,"Smooth nonlinear misspecified","GABLE",TRUE,"C-index",0.701093388942118,5.69999999999982,NA,5,5,0,3,2,0,0,0,0.6,0.4,1,1.4
39,"survival",4,"Smooth nonlinear misspecified","GBM",TRUE,"C-index",0.797117172969622,0.0499999999999998,NA,NA,NA,NA,NA,NA,NA,NA,NA,NA,NA,NA,NA
39,"survival",4,"Smooth nonlinear misspecified","Linear",TRUE,"C-index",0.651759379285728,0.0199999999999818,NA,20,0,20,20,0,0,0,0,1,0,1,1
39,"survival",4,"Smooth nonlinear misspecified","Random forest",TRUE,"C-index",0.770904957823743,0.269999999999982,NA,NA,NA,NA,NA,NA,NA,NA,NA,NA,NA,NA,NA
39,"survival",4,"Smooth nonlinear misspecified","RuleFit",TRUE,"C-index",0.685110560033065,15.83,NA,10,10,0,2,6,2,0,0,0.2,0.6,0.8,2
40,"survival",4,"Smooth nonlinear misspecified","BRP-GABLE full",TRUE,"C-index",0.811487934407901,333.89,NA,57,55,2,27,30,0,0,0,0.473684210526316,0.526315789473684,1,1.52631578947368
40,"survival",4,"Smooth nonlinear misspecified","BRP-GABLE rule-only",TRUE,"C-index",0.811991055622845,330.83,NA,53,53,0,23,30,0,0,0,0.433962264150943,0.566037735849057,1,1.56603773584906
40,"survival",4,"Smooth nonlinear misspecified","GABLE",TRUE,"C-index",0.730583247926954,7.90999999999985,NA,5,5,0,5,0,0,0,0,1,0,1,1
40,"survival",4,"Smooth nonlinear misspecified","GBM",TRUE,"C-index",0.819705580918662,0.0499999999999998,NA,NA,NA,NA,NA,NA,NA,NA,NA,NA,NA,NA,NA
40,"survival",4,"Smooth nonlinear misspecified","Linear",TRUE,"C-index",0.651271778626665,0,NA,20,0,20,20,0,0,0,0,1,0,1,1
40,"survival",4,"Smooth nonlinear misspecified","Random forest",TRUE,"C-index",0.791223329917078,0.230000000000018,NA,NA,NA,NA,NA,NA,NA,NA,NA,NA,NA,NA,NA
40,"survival",4,"Smooth nonlinear misspecified","RuleFit",TRUE,"C-index",0.679055250163049,13.95,NA,6,6,0,1,4,1,0,0,0.166666666666667,0.666666666666667,0.833333333333333,2
41,"survival",4,"Smooth nonlinear misspecified","BRP-GABLE full",TRUE,"C-index",0.815953038674033,341.37,NA,50,48,2,27,23,0,0,0,0.54,0.46,1,1.46
41,"survival",4,"Smooth nonlinear misspecified","BRP-GABLE rule-only",TRUE,"C-index",0.817102537074731,337.83,NA,56,56,0,32,24,0,0,0,0.571428571428571,0.428571428571429,1,1.42857142857143
41,"survival",4,"Smooth nonlinear misspecified","GABLE",TRUE,"C-index",0.728572986333236,7.88999999999987,NA,5,5,0,5,0,0,0,0,1,0,1,1
41,"survival",4,"Smooth nonlinear misspecified","GBM",TRUE,"C-index",0.82520809101483,0.0600000000000001,NA,NA,NA,NA,NA,NA,NA,NA,NA,NA,NA,NA,NA
41,"survival",4,"Smooth nonlinear misspecified","Linear",TRUE,"C-index",0.654450785111951,0.0199999999999818,NA,20,0,20,20,0,0,0,0,1,0,1,1
41,"survival",4,"Smooth nonlinear misspecified","Random forest",TRUE,"C-index",0.780904696132597,0.269999999999982,NA,NA,NA,NA,NA,NA,NA,NA,NA,NA,NA,NA,NA
41,"survival",4,"Smooth nonlinear misspecified","RuleFit",TRUE,"C-index",0.698354354463507,15.32,NA,6,6,0,0,5,1,0,0,0,0.833333333333333,0.833333333333333,2.16666666666667
42,"survival",4,"Smooth nonlinear misspecified","BRP-GABLE full",TRUE,"C-index",0.807443119021304,399.88,NA,68,66,2,36,32,0,0,0,0.529411764705882,0.470588235294118,1,1.47058823529412
42,"survival",4,"Smooth nonlinear misspecified","BRP-GABLE rule-only",TRUE,"C-index",0.809639277411487,354.73,NA,78,78,0,41,37,0,0,0,0.525641025641026,0.474358974358974,1,1.47435897435897
42,"survival",4,"Smooth nonlinear misspecified","GABLE",TRUE,"C-index",0.69344296657647,7.94000000000005,NA,5,5,0,5,0,0,0,0,1,0,1,1
42,"survival",4,"Smooth nonlinear misspecified","GBM",TRUE,"C-index",0.809748847135943,0.0699999999999998,NA,NA,NA,NA,NA,NA,NA,NA,NA,NA,NA,NA,NA
42,"survival",4,"Smooth nonlinear misspecified","Linear",TRUE,"C-index",0.646699569343344,0,NA,20,0,20,20,0,0,0,0,1,0,1,1
42,"survival",4,"Smooth nonlinear misspecified","Random forest",TRUE,"C-index",0.777354319905484,0.230000000000018,NA,NA,NA,NA,NA,NA,NA,NA,NA,NA,NA,NA,NA
42,"survival",4,"Smooth nonlinear misspecified","RuleFit",TRUE,"C-index",0.714918632569839,14.76,NA,8,8,0,2,6,0,0,0,0.25,0.75,1,1.75
43,"survival",4,"Smooth nonlinear misspecified","BRP-GABLE full",TRUE,"C-index",0.820316526984975,340.87,NA,61,59,2,37,24,0,0,0,0.60655737704918,0.39344262295082,1,1.39344262295082
43,"survival",4,"Smooth nonlinear misspecified","BRP-GABLE rule-only",TRUE,"C-index",0.820502663179397,337.88,NA,61,61,0,38,23,0,0,0,0.622950819672131,0.377049180327869,1,1.37704918032787
43,"survival",4,"Smooth nonlinear misspecified","GABLE",TRUE,"C-index",0.713689123918978,6.80000000000018,NA,5,5,0,3,2,0,0,0,0.6,0.4,1,1.4
43,"survival",4,"Smooth nonlinear misspecified","GBM",TRUE,"C-index",0.817514938622783,0.0699999999999998,NA,NA,NA,NA,NA,NA,NA,NA,NA,NA,NA,NA,NA
43,"survival",4,"Smooth nonlinear misspecified","Linear",TRUE,"C-index",0.652918042801779,0.0199999999999818,NA,20,0,20,20,0,0,0,0,1,0,1,1
43,"survival",4,"Smooth nonlinear misspecified","Random forest",TRUE,"C-index",0.779738836601058,0.259999999999764,NA,NA,NA,NA,NA,NA,NA,NA,NA,NA,NA,NA,NA
43,"survival",4,"Smooth nonlinear misspecified","RuleFit",TRUE,"C-index",0.692698688455738,19.81,NA,14,14,0,0,10,4,0,0,0,0.714285714285714,0.714285714285714,2.28571428571429
44,"survival",4,"Smooth nonlinear misspecified","BRP-GABLE full",TRUE,"C-index",0.81501683253923,333.2,NA,58,57,1,32,26,0,0,0,0.551724137931034,0.448275862068966,1,1.44827586206897
44,"survival",4,"Smooth nonlinear misspecified","BRP-GABLE rule-only",TRUE,"C-index",0.814230394230946,330.44,NA,61,61,0,34,27,0,0,0,0.557377049180328,0.442622950819672,1,1.44262295081967
44,"survival",4,"Smooth nonlinear misspecified","GABLE",TRUE,"C-index",0.72112253720635,7.15999999999985,NA,5,5,0,4,1,0,0,0,0.8,0.2,1,1.2
44,"survival",4,"Smooth nonlinear misspecified","GBM",TRUE,"C-index",0.812519545981346,0.0300000000000002,NA,NA,NA,NA,NA,NA,NA,NA,NA,NA,NA,NA,NA
44,"survival",4,"Smooth nonlinear misspecified","Linear",TRUE,"C-index",0.641669272797513,0.00999999999976353,NA,20,0,20,20,0,0,0,0,1,0,1,1
44,"survival",4,"Smooth nonlinear misspecified","Random forest",TRUE,"C-index",0.780413546974742,0.25,NA,NA,NA,NA,NA,NA,NA,NA,NA,NA,NA,NA,NA
44,"survival",4,"Smooth nonlinear misspecified","RuleFit",TRUE,"C-index",0.730674773266616,15.25,NA,9,9,0,2,6,1,0,0,0.222222222222222,0.666666666666667,0.888888888888889,1.88888888888889
45,"survival",4,"Smooth nonlinear misspecified","BRP-GABLE full",TRUE,"C-index",0.797294138798993,367.6,NA,63,61,2,36,27,0,0,0,0.571428571428571,0.428571428571429,1,1.42857142857143
45,"survival",4,"Smooth nonlinear misspecified","BRP-GABLE rule-only",TRUE,"C-index",0.795132146709817,378.75,NA,63,63,0,36,27,0,0,0,0.571428571428571,0.428571428571429,1,1.42857142857143
45,"survival",4,"Smooth nonlinear misspecified","GABLE",TRUE,"C-index",0.708176015821647,6.57999999999993,NA,5,5,0,3,2,0,0,0,0.6,0.4,1,1.4
45,"survival",4,"Smooth nonlinear misspecified","GBM",TRUE,"C-index",0.803101402373247,0.0499999999999998,NA,NA,NA,NA,NA,NA,NA,NA,NA,NA,NA,NA,NA
45,"survival",4,"Smooth nonlinear misspecified","Linear",TRUE,"C-index",0.639005753326142,0.0199999999999818,NA,20,0,20,20,0,0,0,0,1,0,1,1
45,"survival",4,"Smooth nonlinear misspecified","Random forest",TRUE,"C-index",0.774065084501978,0.25,NA,NA,NA,NA,NA,NA,NA,NA,NA,NA,NA,NA,NA
45,"survival",4,"Smooth nonlinear misspecified","RuleFit",TRUE,"C-index",0.712585400934916,16.83,NA,23,23,0,6,16,1,0,0,0.260869565217391,0.695652173913043,0.956521739130435,1.78260869565217
46,"survival",4,"Smooth nonlinear misspecified","BRP-GABLE full",TRUE,"C-index",0.813902384749472,347.439999999999,NA,54,53,1,26,28,0,0,0,0.481481481481481,0.518518518518518,1,1.51851851851852
46,"survival",4,"Smooth nonlinear misspecified","BRP-GABLE rule-only",TRUE,"C-index",0.807017950524793,360.05,NA,47,47,0,19,28,0,0,0,0.404255319148936,0.595744680851064,1,1.59574468085106
46,"survival",4,"Smooth nonlinear misspecified","GABLE",TRUE,"C-index",0.727914178689315,7.75999999999931,NA,5,5,0,4,1,0,0,0,0.8,0.2,1,1.2
46,"survival",4,"Smooth nonlinear misspecified","GBM",TRUE,"C-index",0.808802803842302,0.0699999999999998,NA,NA,NA,NA,NA,NA,NA,NA,NA,NA,NA,NA,NA
46,"survival",4,"Smooth nonlinear misspecified","Linear",TRUE,"C-index",0.664688647405704,0.0200000000004366,NA,20,0,20,20,0,0,0,0,1,0,1,1
46,"survival",4,"Smooth nonlinear misspecified","Random forest",TRUE,"C-index",0.7722712606164,0.25,NA,NA,NA,NA,NA,NA,NA,NA,NA,NA,NA,NA,NA
46,"survival",4,"Smooth nonlinear misspecified","RuleFit",TRUE,"C-index",0.672954604457961,14.51,NA,7,7,0,3,4,0,0,0,0.428571428571429,0.571428571428571,1,1.57142857142857
47,"survival",4,"Smooth nonlinear misspecified","BRP-GABLE full",TRUE,"C-index",0.797790730554871,343.72,NA,55,52,3,29,26,0,0,0,0.527272727272727,0.472727272727273,1,1.47272727272727
47,"survival",4,"Smooth nonlinear misspecified","BRP-GABLE rule-only",TRUE,"C-index",0.798479416942597,343.139999999999,NA,53,53,0,25,28,0,0,0,0.471698113207547,0.528301886792453,1,1.52830188679245
47,"survival",4,"Smooth nonlinear misspecified","GABLE",TRUE,"C-index",0.682766421293636,7.55999999999949,NA,5,5,0,4,1,0,0,0,0.8,0.2,1,1.2
47,"survival",4,"Smooth nonlinear misspecified","GBM",TRUE,"C-index",0.789978016765637,0.0599999999999996,NA,NA,NA,NA,NA,NA,NA,NA,NA,NA,NA,NA,NA
47,"survival",4,"Smooth nonlinear misspecified","Linear",TRUE,"C-index",0.651278402612447,0.0199999999995271,NA,20,0,20,20,0,0,0,0,1,0,1,1
47,"survival",4,"Smooth nonlinear misspecified","Random forest",TRUE,"C-index",0.76614764341552,0.410000000000764,NA,NA,NA,NA,NA,NA,NA,NA,NA,NA,NA,NA,NA
47,"survival",4,"Smooth nonlinear misspecified","RuleFit",TRUE,"C-index",0.681630772879439,14.13,NA,8,8,0,1,7,0,0,0,0.125,0.875,1,1.875
48,"survival",4,"Smooth nonlinear misspecified","BRP-GABLE full",TRUE,"C-index",0.828284858228588,343.1,NA,67,66,1,45,22,0,0,0,0.671641791044776,0.328358208955224,1,1.32835820895522
48,"survival",4,"Smooth nonlinear misspecified","BRP-GABLE rule-only",TRUE,"C-index",0.828125,347.729999999999,NA,66,66,0,44,22,0,0,0,0.666666666666667,0.333333333333333,1,1.33333333333333
48,"survival",4,"Smooth nonlinear misspecified","GABLE",TRUE,"C-index",0.730771338789828,7.85999999999967,NA,5,5,0,5,0,0,0,0,1,0,1,1
48,"survival",4,"Smooth nonlinear misspecified","GBM",TRUE,"C-index",0.828211780181234,0.0600000000000001,NA,NA,NA,NA,NA,NA,NA,NA,NA,NA,NA,NA,NA
48,"survival",4,"Smooth nonlinear misspecified","Linear",TRUE,"C-index",0.653600920783397,0.0199999999995271,NA,20,0,20,20,0,0,0,0,1,0,1,1
48,"survival",4,"Smooth nonlinear misspecified","Random forest",TRUE,"C-index",0.801383002046185,0.380000000000109,NA,NA,NA,NA,NA,NA,NA,NA,NA,NA,NA,NA,NA
48,"survival",4,"Smooth nonlinear misspecified","RuleFit",TRUE,"C-index",0.722408469745688,14.86,NA,19,19,0,4,11,4,0,0,0.210526315789474,0.578947368421053,0.789473684210526,2
49,"survival",4,"Smooth nonlinear misspecified","BRP-GABLE full",TRUE,"C-index",0.790411795259662,400.91,NA,66,63,3,32,34,0,0,0,0.484848484848485,0.515151515151515,1,1.51515151515152
49,"survival",4,"Smooth nonlinear misspecified","BRP-GABLE rule-only",TRUE,"C-index",0.793564730861408,418.92,NA,70,70,0,40,30,0,0,0,0.571428571428571,0.428571428571429,1,1.42857142857143
49,"survival",4,"Smooth nonlinear misspecified","GABLE",TRUE,"C-index",0.685736155787824,7.90000000000055,NA,5,5,0,4,1,0,0,0,0.8,0.2,1,1.2
49,"survival",4,"Smooth nonlinear misspecified","GBM",TRUE,"C-index",0.794248170659474,0.0600000000000001,NA,NA,NA,NA,NA,NA,NA,NA,NA,NA,NA,NA,NA
49,"survival",4,"Smooth nonlinear misspecified","Linear",TRUE,"C-index",0.673352226646862,0.0200000000004366,NA,20,0,20,20,0,0,0,0,1,0,1,1
49,"survival",4,"Smooth nonlinear misspecified","Random forest",TRUE,"C-index",0.786766783003308,0.25,NA,NA,NA,NA,NA,NA,NA,NA,NA,NA,NA,NA,NA
49,"survival",4,"Smooth nonlinear misspecified","RuleFit",TRUE,"C-index",0.709528973291173,21.27,NA,14,14,0,0,10,4,0,0,0,0.714285714285714,0.714285714285714,2.28571428571429
50,"survival",4,"Smooth nonlinear misspecified","BRP-GABLE full",TRUE,"C-index",0.797056588385757,319.98,NA,67,65,2,33,34,0,0,0,0.492537313432836,0.507462686567164,1,1.50746268656716
50,"survival",4,"Smooth nonlinear misspecified","BRP-GABLE rule-only",TRUE,"C-index",0.795522789197605,317.83,NA,68,68,0,31,37,0,0,0,0.455882352941176,0.544117647058823,1,1.54411764705882
50,"survival",4,"Smooth nonlinear misspecified","GABLE",TRUE,"C-index",0.692433875183036,8.15999999999985,NA,5,5,0,5,0,0,0,0,1,0,1,1
50,"survival",4,"Smooth nonlinear misspecified","GBM",TRUE,"C-index",0.802024058868232,0.0500000000000003,NA,NA,NA,NA,NA,NA,NA,NA,NA,NA,NA,NA,NA
50,"survival",4,"Smooth nonlinear misspecified","Linear",TRUE,"C-index",0.63332468350911,0,NA,20,0,20,20,0,0,0,0,1,0,1,1
50,"survival",4,"Smooth nonlinear misspecified","Random forest",TRUE,"C-index",0.773331356230654,0.25,NA,NA,NA,NA,NA,NA,NA,NA,NA,NA,NA,NA,NA
50,"survival",4,"Smooth nonlinear misspecified","RuleFit",TRUE,"C-index",0.66149376285889,15.41,NA,11,11,0,1,10,0,0,0,0.0909090909090909,0.909090909090909,1,1.90909090909091
51,"survival",4,"Smooth nonlinear misspecified","BRP-GABLE full",TRUE,"C-index",0.829367398371014,331.190000000001,NA,51,49,2,25,26,0,0,0,0.490196078431373,0.509803921568627,1,1.50980392156863
51,"survival",4,"Smooth nonlinear misspecified","BRP-GABLE rule-only",TRUE,"C-index",0.830125278498119,329.73,NA,50,50,0,23,27,0,0,0,0.46,0.54,1,1.54
51,"survival",4,"Smooth nonlinear misspecified","GABLE",TRUE,"C-index",0.724496877168633,7.25,NA,5,5,0,4,1,0,0,0,0.8,0.2,1,1.2
51,"survival",4,"Smooth nonlinear misspecified","GBM",TRUE,"C-index",0.82302585923518,0.0600000000000001,NA,NA,NA,NA,NA,NA,NA,NA,NA,NA,NA,NA,NA
51,"survival",4,"Smooth nonlinear misspecified","Linear",TRUE,"C-index",0.670769567917017,0.0200000000004366,NA,20,0,20,20,0,0,0,0,1,0,1,1
51,"survival",4,"Smooth nonlinear misspecified","Random forest",TRUE,"C-index",0.793171773987362,0.25,NA,NA,NA,NA,NA,NA,NA,NA,NA,NA,NA,NA,NA
51,"survival",4,"Smooth nonlinear misspecified","RuleFit",TRUE,"C-index",0.740133861718836,24.71,NA,20,20,0,0,14,6,0,0,0,0.7,0.7,2.3
52,"survival",4,"Smooth nonlinear misspecified","BRP-GABLE full",TRUE,"C-index",0.816092992298184,333.87,NA,56,55,1,32,24,0,0,0,0.571428571428571,0.428571428571429,1,1.42857142857143
52,"survival",4,"Smooth nonlinear misspecified","BRP-GABLE rule-only",TRUE,"C-index",0.816492345725967,330.06,NA,61,61,0,37,24,0,0,0,0.60655737704918,0.39344262295082,1,1.39344262295082
52,"survival",4,"Smooth nonlinear misspecified","GABLE",TRUE,"C-index",0.745293334601122,7.74000000000069,NA,5,5,0,5,0,0,0,0,1,0,1,1
52,"survival",4,"Smooth nonlinear misspecified","GBM",TRUE,"C-index",0.816801369211752,0.0500000000000003,NA,NA,NA,NA,NA,NA,NA,NA,NA,NA,NA,NA,NA
52,"survival",4,"Smooth nonlinear misspecified","Linear",TRUE,"C-index",0.672739374346296,0.0299999999997453,NA,20,0,20,20,0,0,0,0,1,0,1,1
52,"survival",4,"Smooth nonlinear misspecified","Random forest",TRUE,"C-index",0.775791575544357,0.25,NA,NA,NA,NA,NA,NA,NA,NA,NA,NA,NA,NA,NA
52,"survival",4,"Smooth nonlinear misspecified","RuleFit",TRUE,"C-index",0.741508985452125,17.95,NA,13,13,0,0,8,5,0,0,0,0.615384615384615,0.615384615384615,2.38461538461538
53,"survival",4,"Smooth nonlinear misspecified","BRP-GABLE full",TRUE,"C-index",0.83752836902616,515.369999999999,NA,64,63,1,34,30,0,0,0,0.53125,0.46875,1,1.46875
53,"survival",4,"Smooth nonlinear misspecified","BRP-GABLE rule-only",TRUE,"C-index",0.837248181113467,432.339999999999,NA,63,63,0,33,30,0,0,0,0.523809523809524,0.476190476190476,1,1.47619047619048
53,"survival",4,"Smooth nonlinear misspecified","GABLE",TRUE,"C-index",0.71825237459256,6.63000000000011,NA,5,5,0,4,1,0,0,0,0.8,0.2,1,1.2
53,"survival",4,"Smooth nonlinear misspecified","GBM",TRUE,"C-index",0.831700460442137,0.04,NA,NA,NA,NA,NA,NA,NA,NA,NA,NA,NA,NA,NA
53,"survival",4,"Smooth nonlinear misspecified","Linear",TRUE,"C-index",0.646272099821614,0.0100000000002183,NA,20,0,20,20,0,0,0,0,1,0,1,1
53,"survival",4,"Smooth nonlinear misspecified","Random forest",TRUE,"C-index",0.814347489049322,0.359999999999673,NA,NA,NA,NA,NA,NA,NA,NA,NA,NA,NA,NA,NA
53,"survival",4,"Smooth nonlinear misspecified","RuleFit",TRUE,"C-index",0.729296448151227,12.47,NA,7,7,0,3,2,2,0,0,0.428571428571429,0.285714285714286,0.714285714285714,1.85714285714286
54,"survival",4,"Smooth nonlinear misspecified","BRP-GABLE full",TRUE,"C-index",0.828027108846959,347.86,NA,67,65,2,45,22,0,0,0,0.671641791044776,0.328358208955224,1,1.32835820895522
54,"survival",4,"Smooth nonlinear misspecified","BRP-GABLE rule-only",TRUE,"C-index",0.822791003960233,345.77,NA,67,67,0,44,23,0,0,0,0.656716417910448,0.343283582089552,1,1.34328358208955
54,"survival",4,"Smooth nonlinear misspecified","GABLE",TRUE,"C-index",0.742411077677273,7.78999999999996,NA,5,5,0,5,0,0,0,0,1,0,1,1
54,"survival",4,"Smooth nonlinear misspecified","GBM",TRUE,"C-index",0.816530543183003,0.0499999999999998,NA,NA,NA,NA,NA,NA,NA,NA,NA,NA,NA,NA,NA
54,"survival",4,"Smooth nonlinear misspecified","Linear",TRUE,"C-index",0.663572258247437,0.0200000000004366,NA,20,0,20,20,0,0,0,0,1,0,1,1
54,"survival",4,"Smooth nonlinear misspecified","Random forest",TRUE,"C-index",0.789321089841499,0.220000000000255,NA,NA,NA,NA,NA,NA,NA,NA,NA,NA,NA,NA,NA
54,"survival",4,"Smooth nonlinear misspecified","RuleFit",TRUE,"C-index",0.709654554267997,12.27,NA,7,7,0,2,4,1,0,0,0.285714285714286,0.571428571428571,0.857142857142857,1.85714285714286
55,"survival",4,"Smooth nonlinear misspecified","BRP-GABLE full",TRUE,"C-index",0.800731163140776,344.389999999999,NA,40,39,1,15,25,0,0,0,0.375,0.625,1,1.625
55,"survival",4,"Smooth nonlinear misspecified","BRP-GABLE rule-only",TRUE,"C-index",0.801376307088519,340.02,NA,40,40,0,15,25,0,0,0,0.375,0.625,1,1.625
55,"survival",4,"Smooth nonlinear misspecified","GABLE",TRUE,"C-index",0.724232323503848,7.25,NA,5,5,0,4,1,0,0,0,0.8,0.2,1,1.2
55,"survival",4,"Smooth nonlinear misspecified","GBM",TRUE,"C-index",0.801600315403708,0.04,NA,NA,NA,NA,NA,NA,NA,NA,NA,NA,NA,NA,NA
55,"survival",4,"Smooth nonlinear misspecified","Linear",TRUE,"C-index",0.651676030214242,0.0299999999997453,NA,20,0,20,20,0,0,0,0,1,0,1,1
55,"survival",4,"Smooth nonlinear misspecified","Random forest",TRUE,"C-index",0.775274858202736,0.25,NA,NA,NA,NA,NA,NA,NA,NA,NA,NA,NA,NA,NA
55,"survival",4,"Smooth nonlinear misspecified","RuleFit",TRUE,"C-index",0.708345653790669,15.04,NA,10,10,0,2,7,1,0,0,0.2,0.7,0.9,1.9
56,"survival",4,"Smooth nonlinear misspecified","BRP-GABLE full",TRUE,"C-index",0.806849869776089,352.27,NA,51,51,0,27,24,0,0,0,0.529411764705882,0.470588235294118,1,1.47058823529412
56,"survival",4,"Smooth nonlinear misspecified","BRP-GABLE rule-only",TRUE,"C-index",0.808299358543701,347.99,NA,56,56,0,32,24,0,0,0,0.571428571428571,0.428571428571429,1,1.42857142857143
56,"survival",4,"Smooth nonlinear misspecified","GABLE",TRUE,"C-index",0.690149918552536,7.75999999999931,NA,5,5,0,4,1,0,0,0,0.8,0.2,1,1.2
56,"survival",4,"Smooth nonlinear misspecified","GBM",TRUE,"C-index",0.803288268804241,0.0500000000000003,NA,NA,NA,NA,NA,NA,NA,NA,NA,NA,NA,NA,NA
56,"survival",4,"Smooth nonlinear misspecified","Linear",TRUE,"C-index",0.611730275448881,0.0100000000002183,NA,20,0,20,20,0,0,0,0,1,0,1,1
56,"survival",4,"Smooth nonlinear misspecified","Random forest",TRUE,"C-index",0.769315013022391,0.25,NA,NA,NA,NA,NA,NA,NA,NA,NA,NA,NA,NA,NA
56,"survival",4,"Smooth nonlinear misspecified","RuleFit",TRUE,"C-index",0.658376204456143,14.05,NA,13,13,0,6,7,0,0,0,0.461538461538462,0.538461538461538,1,1.53846153846154
57,"survival",4,"Smooth nonlinear misspecified","BRP-GABLE full",TRUE,"C-index",0.805871828982981,368.809999999999,NA,61,61,0,30,31,0,0,0,0.491803278688525,0.508196721311475,1,1.50819672131148
57,"survival",4,"Smooth nonlinear misspecified","BRP-GABLE rule-only",TRUE,"C-index",0.806835175925501,362.73,NA,59,59,0,28,31,0,0,0,0.474576271186441,0.525423728813559,1,1.52542372881356
57,"survival",4,"Smooth nonlinear misspecified","GABLE",TRUE,"C-index",0.728776549382999,7.90999999999985,NA,5,5,0,4,1,0,0,0,0.8,0.2,1,1.2
57,"survival",4,"Smooth nonlinear misspecified","GBM",TRUE,"C-index",0.797050323409331,0.0499999999999998,NA,NA,NA,NA,NA,NA,NA,NA,NA,NA,NA,NA,NA
57,"survival",4,"Smooth nonlinear misspecified","Linear",TRUE,"C-index",0.660700032111565,0.00999999999930878,NA,20,0,20,20,0,0,0,0,1,0,1,1
57,"survival",4,"Smooth nonlinear misspecified","Random forest",TRUE,"C-index",0.760796366805817,0.25,NA,NA,NA,NA,NA,NA,NA,NA,NA,NA,NA,NA,NA
57,"survival",4,"Smooth nonlinear misspecified","RuleFit",TRUE,"C-index",0.726547089316024,18.1999999999999,NA,14,14,0,0,13,1,0,0,0,0.928571428571429,0.928571428571429,2.07142857142857
58,"survival",4,"Smooth nonlinear misspecified","BRP-GABLE full",TRUE,"C-index",0.8125,326.84,NA,61,60,1,29,32,0,0,0,0.475409836065574,0.524590163934426,1,1.52459016393443
58,"survival",4,"Smooth nonlinear misspecified","BRP-GABLE rule-only",TRUE,"C-index",0.812090148835839,324.17,NA,58,58,0,26,32,0,0,0,0.448275862068966,0.551724137931034,1,1.55172413793103
58,"survival",4,"Smooth nonlinear misspecified","GABLE",TRUE,"C-index",0.69016633510168,6.75,NA,5,5,0,4,1,0,0,0,0.8,0.2,1,1.2
58,"survival",4,"Smooth nonlinear misspecified","GBM",TRUE,"C-index",0.813236811081639,0.0500000000000003,NA,NA,NA,NA,NA,NA,NA,NA,NA,NA,NA,NA,NA
58,"survival",4,"Smooth nonlinear misspecified","Linear",TRUE,"C-index",0.663157603890362,0.0300000000006548,NA,20,0,20,20,0,0,0,0,1,0,1,1
58,"survival",4,"Smooth nonlinear misspecified","Random forest",TRUE,"C-index",0.793729737695255,0.210000000000036,NA,NA,NA,NA,NA,NA,NA,NA,NA,NA,NA,NA,NA
58,"survival",4,"Smooth nonlinear misspecified","RuleFit",TRUE,"C-index",0.737907088122605,14.95,NA,19,19,0,7,10,2,0,0,0.368421052631579,0.526315789473684,0.894736842105263,1.73684210526316
59,"survival",4,"Smooth nonlinear misspecified","BRP-GABLE full",TRUE,"C-index",0.823096641649469,337.570000000001,NA,67,64,3,38,29,0,0,0,0.567164179104478,0.432835820895522,1,1.43283582089552
59,"survival",4,"Smooth nonlinear misspecified","BRP-GABLE rule-only",TRUE,"C-index",0.825044651532959,333.59,NA,69,69,0,41,28,0,0,0,0.594202898550725,0.405797101449275,1,1.40579710144928
59,"survival",4,"Smooth nonlinear misspecified","GABLE",TRUE,"C-index",0.707261773660685,8.10999999999967,NA,5,5,0,5,0,0,0,0,1,0,1,1
59,"survival",4,"Smooth nonlinear misspecified","GBM",TRUE,"C-index",0.812278477498404,0.0499999999999998,NA,NA,NA,NA,NA,NA,NA,NA,NA,NA,NA,NA,NA
59,"survival",4,"Smooth nonlinear misspecified","Linear",TRUE,"C-index",0.666978224858642,0.0199999999995271,NA,20,0,20,20,0,0,0,0,1,0,1,1
59,"survival",4,"Smooth nonlinear misspecified","Random forest",TRUE,"C-index",0.787107043374453,0.240000000000691,NA,NA,NA,NA,NA,NA,NA,NA,NA,NA,NA,NA,NA
59,"survival",4,"Smooth nonlinear misspecified","RuleFit",TRUE,"C-index",0.73195198919109,17.0500000000001,NA,17,17,0,6,8,3,0,0,0.352941176470588,0.470588235294118,0.823529411764706,1.82352941176471
60,"survival",4,"Smooth nonlinear misspecified","BRP-GABLE full",TRUE,"C-index",0.805944668992119,350.599999999999,NA,59,58,1,41,18,0,0,0,0.694915254237288,0.305084745762712,1,1.30508474576271
60,"survival",4,"Smooth nonlinear misspecified","BRP-GABLE rule-only",TRUE,"C-index",0.801155343927062,412.759999999999,NA,57,57,0,39,18,0,0,0,0.684210526315789,0.315789473684211,1,1.31578947368421
60,"survival",4,"Smooth nonlinear misspecified","GABLE",TRUE,"C-index",0.707445139619438,7.75,NA,5,5,0,5,0,0,0,0,1,0,1,1
60,"survival",4,"Smooth nonlinear misspecified","GBM",TRUE,"C-index",0.802059686617574,0.0500000000000003,NA,NA,NA,NA,NA,NA,NA,NA,NA,NA,NA,NA,NA
60,"survival",4,"Smooth nonlinear misspecified","Linear",TRUE,"C-index",0.627733791041471,0.0199999999995271,NA,20,0,20,20,0,0,0,0,1,0,1,1
60,"survival",4,"Smooth nonlinear misspecified","Random forest",TRUE,"C-index",0.777273314508241,0.25,NA,NA,NA,NA,NA,NA,NA,NA,NA,NA,NA,NA,NA
60,"survival",4,"Smooth nonlinear misspecified","RuleFit",TRUE,"C-index",0.752800693944595,21.72,NA,22,22,0,2,10,10,0,0,0.0909090909090909,0.454545454545455,0.545454545454545,2.36363636363636
61,"survival",4,"Smooth nonlinear misspecified","BRP-GABLE full",TRUE,"C-index",0.816088569035809,350.58,NA,73,70,3,46,27,0,0,0,0.63013698630137,0.36986301369863,1,1.36986301369863
61,"survival",4,"Smooth nonlinear misspecified","BRP-GABLE rule-only",TRUE,"C-index",0.816452084924674,346.75,NA,65,65,0,38,27,0,0,0,0.584615384615385,0.415384615384615,1,1.41538461538462
61,"survival",4,"Smooth nonlinear misspecified","GABLE",TRUE,"C-index",0.705602746155474,8.10999999999967,NA,5,5,0,5,0,0,0,0,1,0,1,1
61,"survival",4,"Smooth nonlinear misspecified","GBM",TRUE,"C-index",0.817501219388741,0.0700000000000003,NA,NA,NA,NA,NA,NA,NA,NA,NA,NA,NA,NA,NA
61,"survival",4,"Smooth nonlinear misspecified","Linear",TRUE,"C-index",0.639622311592936,0.0100000000002183,NA,20,0,20,20,0,0,0,0,1,0,1,1
61,"survival",4,"Smooth nonlinear misspecified","Random forest",TRUE,"C-index",0.788415346812564,0.360000000000582,NA,NA,NA,NA,NA,NA,NA,NA,NA,NA,NA,NA,NA
61,"survival",4,"Smooth nonlinear misspecified","RuleFit",TRUE,"C-index",0.673875631551339,17.95,NA,11,11,0,0,9,2,0,0,0,0.818181818181818,0.818181818181818,2.18181818181818
62,"survival",4,"Smooth nonlinear misspecified","BRP-GABLE full",TRUE,"C-index",0.826872365407195,348.4,NA,66,64,2,38,28,0,0,0,0.575757575757576,0.424242424242424,1,1.42424242424242
62,"survival",4,"Smooth nonlinear misspecified","BRP-GABLE rule-only",TRUE,"C-index",0.826708755990992,341.910000000001,NA,61,61,0,36,25,0,0,0,0.590163934426229,0.409836065573771,1,1.40983606557377
62,"survival",4,"Smooth nonlinear misspecified","GABLE",TRUE,"C-index",0.706792677997421,7.16000000000076,NA,5,5,0,4,1,0,0,0,0.8,0.2,1,1.2
62,"survival",4,"Smooth nonlinear misspecified","GBM",TRUE,"C-index",0.832107866725694,0.0499999999999998,NA,NA,NA,NA,NA,NA,NA,NA,NA,NA,NA,NA,NA
62,"survival",4,"Smooth nonlinear misspecified","Linear",TRUE,"C-index",0.661357380709487,0.0100000000002183,NA,20,0,20,20,0,0,0,0,1,0,1,1
62,"survival",4,"Smooth nonlinear misspecified","Random forest",TRUE,"C-index",0.793832887417473,0.229999999999563,NA,NA,NA,NA,NA,NA,NA,NA,NA,NA,NA,NA,NA
62,"survival",4,"Smooth nonlinear misspecified","RuleFit",TRUE,"C-index",0.7326237175909,16.08,NA,9,9,0,2,7,0,0,0,0.222222222222222,0.777777777777778,1,1.77777777777778
63,"survival",4,"Smooth nonlinear misspecified","BRP-GABLE full",TRUE,"C-index",0.795994993742178,337.28,NA,62,57,5,37,25,0,0,0,0.596774193548387,0.403225806451613,1,1.40322580645161
63,"survival",4,"Smooth nonlinear misspecified","BRP-GABLE rule-only",TRUE,"C-index",0.793082345579033,331.829999999999,NA,58,58,0,31,27,0,0,0,0.53448275862069,0.46551724137931,1,1.46551724137931
63,"survival",4,"Smooth nonlinear misspecified","GABLE",TRUE,"C-index",0.702472760067732,6.30000000000018,NA,5,5,0,3,2,0,0,0,0.6,0.4,1,1.4
63,"survival",4,"Smooth nonlinear misspecified","GBM",TRUE,"C-index",0.797600861370831,0.0499999999999998,NA,NA,NA,NA,NA,NA,NA,NA,NA,NA,NA,NA,NA
63,"survival",4,"Smooth nonlinear misspecified","Linear",TRUE,"C-index",0.650933151733785,0.0199999999995271,NA,20,0,20,20,0,0,0,0,1,0,1,1
63,"survival",4,"Smooth nonlinear misspecified","Random forest",TRUE,"C-index",0.775307369506,0.229999999999563,NA,NA,NA,NA,NA,NA,NA,NA,NA,NA,NA,NA,NA
63,"survival",4,"Smooth nonlinear misspecified","RuleFit",TRUE,"C-index",0.706636972686446,19,NA,14,14,0,3,10,1,0,0,0.214285714285714,0.714285714285714,0.928571428571429,1.85714285714286
64,"survival",4,"Smooth nonlinear misspecified","BRP-GABLE full",TRUE,"C-index",0.816208632499794,358.320000000001,NA,65,63,2,39,26,0,0,0,0.6,0.4,1,1.4
64,"survival",4,"Smooth nonlinear misspecified","BRP-GABLE rule-only",TRUE,"C-index",0.815484214097732,341.500000000001,NA,61,61,0,35,26,0,0,0,0.573770491803279,0.426229508196721,1,1.42622950819672
64,"survival",4,"Smooth nonlinear misspecified","GABLE",TRUE,"C-index",0.708815896857491,7.4399999999996,NA,5,5,0,3,2,0,0,0,0.6,0.4,1,1.4
64,"survival",4,"Smooth nonlinear misspecified","GBM",TRUE,"C-index",0.814787305255243,0.0600000000000001,NA,NA,NA,NA,NA,NA,NA,NA,NA,NA,NA,NA,NA
64,"survival",4,"Smooth nonlinear misspecified","Linear",TRUE,"C-index",0.622211218398393,0.0100000000002183,NA,20,0,20,20,0,0,0,0,1,0,1,1
64,"survival",4,"Smooth nonlinear misspecified","Random forest",TRUE,"C-index",0.781207302871081,0.220000000000255,NA,NA,NA,NA,NA,NA,NA,NA,NA,NA,NA,NA,NA
64,"survival",4,"Smooth nonlinear misspecified","RuleFit",TRUE,"C-index",0.632541058017661,18.23,NA,16,16,0,8,7,1,0,0,0.5,0.4375,0.9375,1.5625
65,"survival",4,"Smooth nonlinear misspecified","BRP-GABLE full",TRUE,"C-index",0.807257231168784,347.469999999999,NA,63,60,3,35,28,0,0,0,0.555555555555556,0.444444444444444,1,1.44444444444444
65,"survival",4,"Smooth nonlinear misspecified","BRP-GABLE rule-only",TRUE,"C-index",0.807152067158651,344.73,NA,58,58,0,31,27,0,0,0,0.53448275862069,0.46551724137931,1,1.46551724137931
65,"survival",4,"Smooth nonlinear misspecified","GABLE",TRUE,"C-index",0.732046674531106,7.55000000000018,NA,5,5,0,3,2,0,0,0,0.6,0.4,1,1.4
65,"survival",4,"Smooth nonlinear misspecified","GBM",TRUE,"C-index",0.807366967527183,0.0499999999999998,NA,NA,NA,NA,NA,NA,NA,NA,NA,NA,NA,NA,NA
65,"survival",4,"Smooth nonlinear misspecified","Linear",TRUE,"C-index",0.645322944958072,0.0100000000002183,NA,20,0,20,20,0,0,0,0,1,0,1,1
65,"survival",4,"Smooth nonlinear misspecified","Random forest",TRUE,"C-index",0.770925351842199,0.25,NA,NA,NA,NA,NA,NA,NA,NA,NA,NA,NA,NA,NA
65,"survival",4,"Smooth nonlinear misspecified","RuleFit",TRUE,"C-index",0.657064735306759,16.6999999999999,NA,9,9,0,0,5,4,0,0,0,0.555555555555556,0.555555555555556,2.44444444444444
66,"survival",4,"Smooth nonlinear misspecified","BRP-GABLE full",TRUE,"C-index",0.805090147514114,339.970000000001,NA,69,67,2,41,28,0,0,0,0.594202898550725,0.405797101449275,1,1.40579710144928
66,"survival",4,"Smooth nonlinear misspecified","BRP-GABLE rule-only",TRUE,"C-index",0.806023492988527,335.93,NA,74,74,0,45,29,0,0,0,0.608108108108108,0.391891891891892,1,1.39189189189189
66,"survival",4,"Smooth nonlinear misspecified","GABLE",TRUE,"C-index",0.700459843380076,6.28999999999996,NA,5,5,0,3,2,0,0,0,0.6,0.4,1,1.4
66,"survival",4,"Smooth nonlinear misspecified","GBM",TRUE,"C-index",0.790821344017483,0.0699999999999998,NA,NA,NA,NA,NA,NA,NA,NA,NA,NA,NA,NA,NA
66,"survival",4,"Smooth nonlinear misspecified","Linear",TRUE,"C-index",0.661063558550355,0.0200000000004366,NA,20,0,20,20,0,0,0,0,1,0,1,1
66,"survival",4,"Smooth nonlinear misspecified","Random forest",TRUE,"C-index",0.757430340557276,0.25,NA,NA,NA,NA,NA,NA,NA,NA,NA,NA,NA,NA,NA
66,"survival",4,"Smooth nonlinear misspecified","RuleFit",TRUE,"C-index",0.679106720087416,17.86,NA,11,11,0,0,11,0,0,0,0,1,1,2
67,"survival",4,"Smooth nonlinear misspecified","BRP-GABLE full",TRUE,"C-index",0.797908331767043,340,NA,54,53,1,31,23,0,0,0,0.574074074074074,0.425925925925926,1,1.42592592592593
67,"survival",4,"Smooth nonlinear misspecified","BRP-GABLE rule-only",TRUE,"C-index",0.797881481083694,336.98,NA,53,53,0,30,23,0,0,0,0.566037735849057,0.433962264150943,1,1.43396226415094
67,"survival",4,"Smooth nonlinear misspecified","GABLE",TRUE,"C-index",0.705743361168542,7.13999999999942,NA,5,5,0,4,1,0,0,0,0.8,0.2,1,1.2
67,"survival",4,"Smooth nonlinear misspecified","GBM",TRUE,"C-index",0.814215646788211,0.0299999999999998,NA,NA,NA,NA,NA,NA,NA,NA,NA,NA,NA,NA,NA
67,"survival",4,"Smooth nonlinear misspecified","Linear",TRUE,"C-index",0.633873032068666,0.0200000000004366,NA,20,0,20,20,0,0,0,0,1,0,1,1
67,"survival",4,"Smooth nonlinear misspecified","Random forest",TRUE,"C-index",0.788613520214089,0.270000000000437,NA,NA,NA,NA,NA,NA,NA,NA,NA,NA,NA,NA,NA
67,"survival",4,"Smooth nonlinear misspecified","RuleFit",TRUE,"C-index",0.686182638348146,13.99,NA,9,9,0,0,7,2,0,0,0,0.777777777777778,0.777777777777778,2.22222222222222
68,"survival",4,"Smooth nonlinear misspecified","BRP-GABLE full",TRUE,"C-index",0.799007098779752,327.450000000001,NA,45,44,1,13,32,0,0,0,0.288888888888889,0.711111111111111,1,1.71111111111111
68,"survival",4,"Smooth nonlinear misspecified","BRP-GABLE rule-only",TRUE,"C-index",0.798891105646546,323.990000000001,NA,44,44,0,12,32,0,0,0,0.272727272727273,0.727272727272727,1,1.72727272727273
68,"survival",4,"Smooth nonlinear misspecified","GABLE",TRUE,"C-index",0.707279729040041,7.78000000000065,NA,5,5,0,4,1,0,0,0,0.8,0.2,1,1.2
68,"survival",4,"Smooth nonlinear misspecified","GBM",TRUE,"C-index",0.81413724307521,0.0699999999999998,NA,NA,NA,NA,NA,NA,NA,NA,NA,NA,NA,NA,NA
68,"survival",4,"Smooth nonlinear misspecified","Linear",TRUE,"C-index",0.663545678095857,0.0100000000002183,NA,20,0,20,20,0,0,0,0,1,0,1,1
68,"survival",4,"Smooth nonlinear misspecified","Random forest",TRUE,"C-index",0.773850508049923,0.219999999999345,NA,NA,NA,NA,NA,NA,NA,NA,NA,NA,NA,NA,NA
68,"survival",4,"Smooth nonlinear misspecified","RuleFit",TRUE,"C-index",0.705795016934997,15.78,NA,18,18,0,3,15,0,0,0,0.166666666666667,0.833333333333333,1,1.83333333333333
69,"survival",4,"Smooth nonlinear misspecified","BRP-GABLE full",TRUE,"C-index",0.810620279240101,344.48,NA,61,59,2,38,23,0,0,0,0.622950819672131,0.377049180327869,1,1.37704918032787
69,"survival",4,"Smooth nonlinear misspecified","BRP-GABLE rule-only",TRUE,"C-index",0.810409704737926,339.95,NA,64,64,0,43,21,0,0,0,0.671875,0.328125,1,1.328125
69,"survival",4,"Smooth nonlinear misspecified","GABLE",TRUE,"C-index",0.729379720759899,7.76999999999953,NA,5,5,0,5,0,0,0,0,1,0,1,1
69,"survival",4,"Smooth nonlinear misspecified","GBM",TRUE,"C-index",0.809507896543832,0.0500000000000003,NA,NA,NA,NA,NA,NA,NA,NA,NA,NA,NA,NA,NA
69,"survival",4,"Smooth nonlinear misspecified","Linear",TRUE,"C-index",0.659372854200046,0.0399999999999636,NA,20,0,20,20,0,0,0,0,1,0,1,1
69,"survival",4,"Smooth nonlinear misspecified","Random forest",TRUE,"C-index",0.77940032043946,0.25,NA,NA,NA,NA,NA,NA,NA,NA,NA,NA,NA,NA,NA
69,"survival",4,"Smooth nonlinear misspecified","RuleFit",TRUE,"C-index",0.74240329594873,24.5599999999999,NA,15,15,0,6,7,2,0,0,0.4,0.466666666666667,0.866666666666667,1.73333333333333
70,"survival",4,"Smooth nonlinear misspecified","BRP-GABLE full",TRUE,"C-index",0.799347494228908,341.81,NA,55,54,1,27,28,0,0,0,0.490909090909091,0.509090909090909,1,1.50909090909091
70,"survival",4,"Smooth nonlinear misspecified","BRP-GABLE rule-only",TRUE,"C-index",0.800166617022861,337.75,NA,54,54,0,27,27,0,0,0,0.5,0.5,1,1.5
70,"survival",4,"Smooth nonlinear misspecified","GABLE",TRUE,"C-index",0.700512882567578,7.80999999999949,NA,5,5,0,4,1,0,0,0,0.8,0.2,1,1.2
70,"survival",4,"Smooth nonlinear misspecified","GBM",TRUE,"C-index",0.80173505100901,0.0499999999999998,NA,NA,NA,NA,NA,NA,NA,NA,NA,NA,NA,NA,NA
70,"survival",4,"Smooth nonlinear misspecified","Linear",TRUE,"C-index",0.649471293469357,0,NA,20,0,20,20,0,0,0,0,1,0,1,1
70,"survival",4,"Smooth nonlinear misspecified","Random forest",TRUE,"C-index",0.763068731848983,0.390000000000327,NA,NA,NA,NA,NA,NA,NA,NA,NA,NA,NA,NA,NA
70,"survival",4,"Smooth nonlinear misspecified","RuleFit",TRUE,"C-index",0.748189552461092,19.5400000000001,NA,15,15,0,2,9,4,0,0,0.133333333333333,0.6,0.733333333333333,2.13333333333333
71,"survival",4,"Smooth nonlinear misspecified","BRP-GABLE full",TRUE,"C-index",0.815944927455719,339.880000000001,NA,51,50,1,21,30,0,0,0,0.411764705882353,0.588235294117647,1,1.58823529411765
71,"survival",4,"Smooth nonlinear misspecified","BRP-GABLE rule-only",TRUE,"C-index",0.81742636778608,339.43,NA,50,50,0,18,32,0,0,0,0.36,0.64,1,1.64
71,"survival",4,"Smooth nonlinear misspecified","GABLE",TRUE,"C-index",0.697679694082572,6.85999999999967,NA,5,5,0,4,1,0,0,0,0.8,0.2,1,1.2
71,"survival",4,"Smooth nonlinear misspecified","GBM",TRUE,"C-index",0.818366156495653,0.04,NA,NA,NA,NA,NA,NA,NA,NA,NA,NA,NA,NA,NA
71,"survival",4,"Smooth nonlinear misspecified","Linear",TRUE,"C-index",0.645880207031286,0.0100000000002183,NA,20,0,20,20,0,0,0,0,1,0,1,1
71,"survival",4,"Smooth nonlinear misspecified","Random forest",TRUE,"C-index",0.790228049220855,0.220000000000255,NA,NA,NA,NA,NA,NA,NA,NA,NA,NA,NA,NA,NA
71,"survival",4,"Smooth nonlinear misspecified","RuleFit",TRUE,"C-index",0.682920844791348,15.7,NA,4,4,0,1,3,0,0,0,0.25,0.75,1,1.75
72,"survival",4,"Smooth nonlinear misspecified","BRP-GABLE full",TRUE,"C-index",0.819163679367308,346.26,NA,53,52,1,25,28,0,0,0,0.471698113207547,0.528301886792453,1,1.52830188679245
72,"survival",4,"Smooth nonlinear misspecified","BRP-GABLE rule-only",TRUE,"C-index",0.818752540744299,343.05,NA,53,53,0,23,30,0,0,0,0.433962264150943,0.566037735849057,1,1.56603773584906
72,"survival",4,"Smooth nonlinear misspecified","GABLE",TRUE,"C-index",0.688643334934772,7.30999999999949,NA,5,5,0,3,2,0,0,0,0.6,0.4,1,1.4
72,"survival",4,"Smooth nonlinear misspecified","GBM",TRUE,"C-index",0.81865553050741,0.0600000000000001,NA,NA,NA,NA,NA,NA,NA,NA,NA,NA,NA,NA,NA
72,"survival",4,"Smooth nonlinear misspecified","Linear",TRUE,"C-index",0.66137883883366,0.0299999999997453,NA,20,0,20,20,0,0,0,0,1,0,1,1
72,"survival",4,"Smooth nonlinear misspecified","Random forest",TRUE,"C-index",0.785228574596253,0.270000000000437,NA,NA,NA,NA,NA,NA,NA,NA,NA,NA,NA,NA,NA
72,"survival",4,"Smooth nonlinear misspecified","RuleFit",TRUE,"C-index",0.697189474851251,15.39,NA,9,9,0,4,3,2,0,0,0.444444444444444,0.333333333333333,0.777777777777778,1.77777777777778
73,"survival",4,"Smooth nonlinear misspecified","BRP-GABLE full",TRUE,"C-index",0.805927463582222,351.33,NA,67,66,1,42,25,0,0,0,0.626865671641791,0.373134328358209,1,1.37313432835821
73,"survival",4,"Smooth nonlinear misspecified","BRP-GABLE rule-only",TRUE,"C-index",0.797814480089198,350.57,NA,63,63,0,38,25,0,0,0,0.603174603174603,0.396825396825397,1,1.3968253968254
73,"survival",4,"Smooth nonlinear misspecified","GABLE",TRUE,"C-index",0.723279276992667,8.14000000000033,NA,5,5,0,5,0,0,0,0,1,0,1,1
73,"survival",4,"Smooth nonlinear misspecified","GBM",TRUE,"C-index",0.794533027547885,0.0499999999999998,NA,NA,NA,NA,NA,NA,NA,NA,NA,NA,NA,NA,NA
73,"survival",4,"Smooth nonlinear misspecified","Linear",TRUE,"C-index",0.64433405549462,0.00999999999930878,NA,20,0,20,20,0,0,0,0,1,0,1,1
73,"survival",4,"Smooth nonlinear misspecified","Random forest",TRUE,"C-index",0.772492000326332,0.25,NA,NA,NA,NA,NA,NA,NA,NA,NA,NA,NA,NA,NA
73,"survival",4,"Smooth nonlinear misspecified","RuleFit",TRUE,"C-index",0.728781602110282,14.8100000000001,NA,16,16,0,2,12,2,0,0,0.125,0.75,0.875,2
74,"survival",4,"Smooth nonlinear misspecified","BRP-GABLE full",TRUE,"C-index",0.824543158520279,435.26,NA,67,63,4,40,27,0,0,0,0.597014925373134,0.402985074626866,1,1.40298507462687
74,"survival",4,"Smooth nonlinear misspecified","BRP-GABLE rule-only",TRUE,"C-index",0.826205244391621,419.650000000001,NA,58,58,0,30,28,0,0,0,0.517241379310345,0.482758620689655,1,1.48275862068966
74,"survival",4,"Smooth nonlinear misspecified","GABLE",TRUE,"C-index",0.713345899569158,8.61999999999989,NA,5,5,0,5,0,0,0,0,1,0,1,1
74,"survival",4,"Smooth nonlinear misspecified","GBM",TRUE,"C-index",0.818270873570049,0.0299999999999998,NA,NA,NA,NA,NA,NA,NA,NA,NA,NA,NA,NA,NA
74,"survival",4,"Smooth nonlinear misspecified","Linear",TRUE,"C-index",0.647099242311692,0.0200000000004366,NA,20,0,20,20,0,0,0,0,1,0,1,1
74,"survival",4,"Smooth nonlinear misspecified","Random forest",TRUE,"C-index",0.793715644035062,0.539999999999964,NA,NA,NA,NA,NA,NA,NA,NA,NA,NA,NA,NA,NA
74,"survival",4,"Smooth nonlinear misspecified","RuleFit",TRUE,"C-index",0.735324431733769,14.73,NA,13,13,0,2,10,1,0,0,0.153846153846154,0.769230769230769,0.923076923076923,1.92307692307692
75,"survival",4,"Smooth nonlinear misspecified","BRP-GABLE full",TRUE,"C-index",0.806793140659998,367.279999999999,NA,67,66,1,37,30,0,0,0,0.552238805970149,0.447761194029851,1,1.44776119402985
75,"survival",4,"Smooth nonlinear misspecified","BRP-GABLE rule-only",TRUE,"C-index",0.807387121054111,353.52,NA,70,70,0,39,31,0,0,0,0.557142857142857,0.442857142857143,1,1.44285714285714
75,"survival",4,"Smooth nonlinear misspecified","GABLE",TRUE,"C-index",0.707471457201672,7.36000000000058,NA,5,5,0,4,1,0,0,0,0.8,0.2,1,1.2
75,"survival",4,"Smooth nonlinear misspecified","GBM",TRUE,"C-index",0.815444397087229,0.0299999999999998,NA,NA,NA,NA,NA,NA,NA,NA,NA,NA,NA,NA,NA
75,"survival",4,"Smooth nonlinear misspecified","Linear",TRUE,"C-index",0.651365248066163,0,NA,20,0,20,20,0,0,0,0,1,0,1,1
75,"survival",4,"Smooth nonlinear misspecified","Random forest",TRUE,"C-index",0.777243749603257,0.269999999999527,NA,NA,NA,NA,NA,NA,NA,NA,NA,NA,NA,NA,NA
75,"survival",4,"Smooth nonlinear misspecified","RuleFit",TRUE,"C-index",0.703136760585093,40.49,NA,22,22,0,6,12,4,0,0,0.272727272727273,0.545454545454545,0.818181818181818,1.90909090909091
76,"survival",4,"Smooth nonlinear misspecified","BRP-GABLE full",TRUE,"C-index",0.821066923120439,356.3,NA,65,64,1,44,21,0,0,0,0.676923076923077,0.323076923076923,1,1.32307692307692
76,"survival",4,"Smooth nonlinear misspecified","BRP-GABLE rule-only",TRUE,"C-index",0.818879523297694,355.36,NA,60,60,0,42,18,0,0,0,0.7,0.3,1,1.3
76,"survival",4,"Smooth nonlinear misspecified","GABLE",TRUE,"C-index",0.726707020422017,7.77999999999975,NA,5,5,0,5,0,0,0,0,1,0,1,1
76,"survival",4,"Smooth nonlinear misspecified","GBM",TRUE,"C-index",0.8194028021346,0.0499999999999998,NA,NA,NA,NA,NA,NA,NA,NA,NA,NA,NA,NA,NA
76,"survival",4,"Smooth nonlinear misspecified","Linear",TRUE,"C-index",0.655550527050216,0,NA,20,0,20,20,0,0,0,0,1,0,1,1
76,"survival",4,"Smooth nonlinear misspecified","Random forest",TRUE,"C-index",0.797344949180668,0.229999999999563,NA,NA,NA,NA,NA,NA,NA,NA,NA,NA,NA,NA,NA
76,"survival",4,"Smooth nonlinear misspecified","RuleFit",TRUE,"C-index",0.713893760253437,16.38,NA,8,8,0,0,6,2,0,0,0,0.75,0.75,2.25
77,"survival",4,"Smooth nonlinear misspecified","BRP-GABLE full",TRUE,"C-index",0.80681807423957,345.44,NA,57,55,2,34,23,0,0,0,0.596491228070175,0.403508771929825,1,1.40350877192982
77,"survival",4,"Smooth nonlinear misspecified","BRP-GABLE rule-only",TRUE,"C-index",0.796844676278744,342.19,NA,50,50,0,30,20,0,0,0,0.6,0.4,1,1.4
77,"survival",4,"Smooth nonlinear misspecified","GABLE",TRUE,"C-index",0.705209644895911,8.01000000000022,NA,5,5,0,4,1,0,0,0,0.8,0.2,1,1.2
77,"survival",4,"Smooth nonlinear misspecified","GBM",TRUE,"C-index",0.810358701517547,0.0499999999999998,NA,NA,NA,NA,NA,NA,NA,NA,NA,NA,NA,NA,NA
77,"survival",4,"Smooth nonlinear misspecified","Linear",TRUE,"C-index",0.643542141984834,0.0199999999995271,NA,20,0,20,20,0,0,0,0,1,0,1,1
77,"survival",4,"Smooth nonlinear misspecified","Random forest",TRUE,"C-index",0.79323304711685,0.25,NA,NA,NA,NA,NA,NA,NA,NA,NA,NA,NA,NA,NA
77,"survival",4,"Smooth nonlinear misspecified","RuleFit",TRUE,"C-index",0.67248724332819,13.5600000000001,NA,6,6,0,1,4,1,0,0,0.166666666666667,0.666666666666667,0.833333333333333,2
78,"survival",4,"Smooth nonlinear misspecified","BRP-GABLE full",TRUE,"C-index",0.798954578226388,365.530000000001,NA,60,58,2,33,27,0,0,0,0.55,0.45,1,1.45
78,"survival",4,"Smooth nonlinear misspecified","BRP-GABLE rule-only",TRUE,"C-index",0.800806596971882,362.490000000001,NA,57,57,0,31,26,0,0,0,0.543859649122807,0.456140350877193,1,1.45614035087719
78,"survival",4,"Smooth nonlinear misspecified","GABLE",TRUE,"C-index",0.729375450612833,7.73000000000047,NA,5,5,0,3,2,0,0,0,0.6,0.4,1,1.4
78,"survival",4,"Smooth nonlinear misspecified","GBM",TRUE,"C-index",0.802591023792358,0.0499999999999998,NA,NA,NA,NA,NA,NA,NA,NA,NA,NA,NA,NA,NA
78,"survival",4,"Smooth nonlinear misspecified","Linear",TRUE,"C-index",0.663139870223504,0.0200000000004366,NA,20,0,20,20,0,0,0,0,1,0,1,1
78,"survival",4,"Smooth nonlinear misspecified","Random forest",TRUE,"C-index",0.784183489545782,0.269999999999527,NA,NA,NA,NA,NA,NA,NA,NA,NA,NA,NA,NA,NA
78,"survival",4,"Smooth nonlinear misspecified","RuleFit",TRUE,"C-index",0.723850937274694,15.58,NA,14,14,0,7,4,3,0,0,0.5,0.285714285714286,0.785714285714286,1.71428571428571
79,"survival",4,"Smooth nonlinear misspecified","BRP-GABLE full",TRUE,"C-index",0.823156804542218,369.45,NA,53,53,0,28,25,0,0,0,0.528301886792453,0.471698113207547,1,1.47169811320755
79,"survival",4,"Smooth nonlinear misspecified","BRP-GABLE rule-only",TRUE,"C-index",0.824206360214905,363.759999999999,NA,56,56,0,29,27,0,0,0,0.517857142857143,0.482142857142857,1,1.48214285714286
79,"survival",4,"Smooth nonlinear misspecified","GABLE",TRUE,"C-index",0.711131763161058,7.94999999999982,NA,5,5,0,5,0,0,0,0,1,0,1,1
79,"survival",4,"Smooth nonlinear misspecified","GBM",TRUE,"C-index",0.818459233778123,0.0499999999999998,NA,NA,NA,NA,NA,NA,NA,NA,NA,NA,NA,NA,NA
79,"survival",4,"Smooth nonlinear misspecified","Linear",TRUE,"C-index",0.667036554128406,0.0200000000004366,NA,20,0,20,20,0,0,0,0,1,0,1,1
79,"survival",4,"Smooth nonlinear misspecified","Random forest",TRUE,"C-index",0.799964860691135,0.309999999999491,NA,NA,NA,NA,NA,NA,NA,NA,NA,NA,NA,NA,NA
79,"survival",4,"Smooth nonlinear misspecified","RuleFit",TRUE,"C-index",0.662829084251117,15.29,NA,9,9,0,4,4,1,0,0,0.444444444444444,0.444444444444444,0.888888888888889,1.66666666666667
80,"survival",4,"Smooth nonlinear misspecified","BRP-GABLE full",TRUE,"C-index",0.812915247219138,392.889999999999,NA,56,51,5,39,17,0,0,0,0.696428571428571,0.303571428571429,1,1.30357142857143
80,"survival",4,"Smooth nonlinear misspecified","BRP-GABLE rule-only",TRUE,"C-index",0.799453238222507,390.660000000001,NA,52,52,0,35,17,0,0,0,0.673076923076923,0.326923076923077,1,1.32692307692308
80,"survival",4,"Smooth nonlinear misspecified","GABLE",TRUE,"C-index",0.741596243247821,8.60000000000036,NA,5,5,0,4,1,0,0,0,0.8,0.2,1,1.2
80,"survival",4,"Smooth nonlinear misspecified","GBM",TRUE,"C-index",0.818091133236717,0.0300000000000002,NA,NA,NA,NA,NA,NA,NA,NA,NA,NA,NA,NA,NA
80,"survival",4,"Smooth nonlinear misspecified","Linear",TRUE,"C-index",0.640388850200448,0.00999999999930878,NA,20,0,20,20,0,0,0,0,1,0,1,1
80,"survival",4,"Smooth nonlinear misspecified","Random forest",TRUE,"C-index",0.780551843556492,0.319999999999709,NA,NA,NA,NA,NA,NA,NA,NA,NA,NA,NA,NA,NA
80,"survival",4,"Smooth nonlinear misspecified","RuleFit",TRUE,"C-index",0.717594248179029,32.7,NA,23,23,0,4,15,4,0,0,0.173913043478261,0.652173913043478,0.826086956521739,2
81,"survival",4,"Smooth nonlinear misspecified","BRP-GABLE full",TRUE,"C-index",0.815530909226246,392.18,NA,50,48,2,22,28,0,0,0,0.44,0.56,1,1.56
81,"survival",4,"Smooth nonlinear misspecified","BRP-GABLE rule-only",TRUE,"C-index",0.813646767650452,368.04,NA,45,45,0,17,28,0,0,0,0.377777777777778,0.622222222222222,1,1.62222222222222
81,"survival",4,"Smooth nonlinear misspecified","GABLE",TRUE,"C-index",0.738146190777476,8.11999999999989,NA,5,5,0,4,1,0,0,0,0.8,0.2,1,1.2
81,"survival",4,"Smooth nonlinear misspecified","GBM",TRUE,"C-index",0.810125051174216,0.0499999999999998,NA,NA,NA,NA,NA,NA,NA,NA,NA,NA,NA,NA,NA
81,"survival",4,"Smooth nonlinear misspecified","Linear",TRUE,"C-index",0.655048568982843,0.0199999999995271,NA,20,0,20,20,0,0,0,0,1,0,1,1
81,"survival",4,"Smooth nonlinear misspecified","Random forest",TRUE,"C-index",0.781876884141576,0.460000000000036,NA,NA,NA,NA,NA,NA,NA,NA,NA,NA,NA,NA,NA
81,"survival",4,"Smooth nonlinear misspecified","RuleFit",TRUE,"C-index",0.736610964308311,19.1900000000001,NA,12,12,0,0,11,1,0,0,0,0.916666666666667,0.916666666666667,2.08333333333333
82,"survival",4,"Smooth nonlinear misspecified","BRP-GABLE full",TRUE,"C-index",0.803149110092817,349.07,NA,47,47,0,13,34,0,0,0,0.276595744680851,0.723404255319149,1,1.72340425531915
82,"survival",4,"Smooth nonlinear misspecified","BRP-GABLE rule-only",TRUE,"C-index",0.803149110092817,346.06,NA,47,47,0,13,34,0,0,0,0.276595744680851,0.723404255319149,1,1.72340425531915
82,"survival",4,"Smooth nonlinear misspecified","GABLE",TRUE,"C-index",0.707203881921875,5.97999999999956,NA,5,5,0,3,2,0,0,0,0.6,0.4,1,1.4
82,"survival",4,"Smooth nonlinear misspecified","GBM",TRUE,"C-index",0.80500364605371,0.0699999999999998,NA,NA,NA,NA,NA,NA,NA,NA,NA,NA,NA,NA,NA
82,"survival",4,"Smooth nonlinear misspecified","Linear",TRUE,"C-index",0.656964862845362,0.0199999999995271,NA,20,0,20,20,0,0,0,0,1,0,1,1
82,"survival",4,"Smooth nonlinear misspecified","Random forest",TRUE,"C-index",0.775934244996804,0.270000000000437,NA,NA,NA,NA,NA,NA,NA,NA,NA,NA,NA,NA,NA
82,"survival",4,"Smooth nonlinear misspecified","RuleFit",TRUE,"C-index",0.697719640976242,13.3399999999999,NA,5,5,0,0,4,1,0,0,0,0.8,0.8,2.2
83,"survival",4,"Smooth nonlinear misspecified","BRP-GABLE full",TRUE,"C-index",0.813401389896171,343.72,NA,47,47,0,20,27,0,0,0,0.425531914893617,0.574468085106383,1,1.57446808510638
83,"survival",4,"Smooth nonlinear misspecified","BRP-GABLE rule-only",TRUE,"C-index",0.814154173819644,338.660000000001,NA,50,50,0,23,27,0,0,0,0.46,0.54,1,1.54
83,"survival",4,"Smooth nonlinear misspecified","GABLE",TRUE,"C-index",0.71482800723407,5.86999999999989,NA,5,5,0,3,2,0,0,0,0.6,0.4,1,1.4
83,"survival",4,"Smooth nonlinear misspecified","GBM",TRUE,"C-index",0.816752196384801,0.0600000000000001,NA,NA,NA,NA,NA,NA,NA,NA,NA,NA,NA,NA,NA
83,"survival",4,"Smooth nonlinear misspecified","Linear",TRUE,"C-index",0.622203453625756,0,NA,20,0,20,20,0,0,0,0,1,0,1,1
83,"survival",4,"Smooth nonlinear misspecified","Random forest",TRUE,"C-index",0.786475594194384,0.270000000000437,NA,NA,NA,NA,NA,NA,NA,NA,NA,NA,NA,NA,NA
83,"survival",4,"Smooth nonlinear misspecified","RuleFit",TRUE,"C-index",0.670858999899017,13.3900000000001,NA,14,14,0,1,11,2,0,0,0.0714285714285714,0.785714285714286,0.857142857142857,2.07142857142857
84,"survival",4,"Smooth nonlinear misspecified","BRP-GABLE full",TRUE,"C-index",0.829632476442623,367.94,NA,59,58,1,41,18,0,0,0,0.694915254237288,0.305084745762712,1,1.30508474576271
84,"survival",4,"Smooth nonlinear misspecified","BRP-GABLE rule-only",TRUE,"C-index",0.829319327013408,370.059999999999,NA,61,61,0,42,19,0,0,0,0.688524590163934,0.311475409836066,1,1.31147540983607
84,"survival",4,"Smooth nonlinear misspecified","GABLE",TRUE,"C-index",0.754652166899156,7.77999999999975,NA,5,5,0,5,0,0,0,0,1,0,1,1
84,"survival",4,"Smooth nonlinear misspecified","GBM",TRUE,"C-index",0.827179472580446,0.0699999999999998,NA,NA,NA,NA,NA,NA,NA,NA,NA,NA,NA,NA,NA
84,"survival",4,"Smooth nonlinear misspecified","Linear",TRUE,"C-index",0.674922424345945,0.0199999999995271,NA,20,0,20,20,0,0,0,0,1,0,1,1
84,"survival",4,"Smooth nonlinear misspecified","Random forest",TRUE,"C-index",0.797487213064974,0.280000000000655,NA,NA,NA,NA,NA,NA,NA,NA,NA,NA,NA,NA,NA
84,"survival",4,"Smooth nonlinear misspecified","RuleFit",TRUE,"C-index",0.736138393068959,17.6900000000001,NA,24,24,0,8,15,1,0,0,0.333333333333333,0.625,0.958333333333333,1.70833333333333
85,"survival",4,"Smooth nonlinear misspecified","BRP-GABLE full",TRUE,"C-index",0.812976996184031,373.710000000001,NA,53,52,1,21,32,0,0,0,0.39622641509434,0.60377358490566,1,1.60377358490566
85,"survival",4,"Smooth nonlinear misspecified","BRP-GABLE rule-only",TRUE,"C-index",0.813674490604075,381,NA,63,63,0,30,33,0,0,0,0.476190476190476,0.523809523809524,1,1.52380952380952
85,"survival",4,"Smooth nonlinear misspecified","GABLE",TRUE,"C-index",0.688156994744042,7.97000000000025,NA,5,5,0,4,1,0,0,0,0.8,0.2,1,1.2
85,"survival",4,"Smooth nonlinear misspecified","GBM",TRUE,"C-index",0.804665562675499,0.0499999999999998,NA,NA,NA,NA,NA,NA,NA,NA,NA,NA,NA,NA,NA
85,"survival",4,"Smooth nonlinear misspecified","Linear",TRUE,"C-index",0.678405572755418,0.0399999999999636,NA,20,0,20,20,0,0,0,0,1,0,1,1
85,"survival",4,"Smooth nonlinear misspecified","Random forest",TRUE,"C-index",0.784613723090215,0.269999999999527,NA,NA,NA,NA,NA,NA,NA,NA,NA,NA,NA,NA,NA
85,"survival",4,"Smooth nonlinear misspecified","RuleFit",TRUE,"C-index",0.714315285477716,14.95,NA,20,20,0,5,15,0,0,0,0.25,0.75,1,1.75
86,"survival",4,"Smooth nonlinear misspecified","BRP-GABLE full",TRUE,"C-index",0.786657990777152,343.52,NA,68,68,0,50,18,0,0,0,0.735294117647059,0.264705882352941,1,1.26470588235294
86,"survival",4,"Smooth nonlinear misspecified","BRP-GABLE rule-only",TRUE,"C-index",0.788213992700936,342.47,NA,67,67,0,49,18,0,0,0,0.73134328358209,0.26865671641791,1,1.26865671641791
86,"survival",4,"Smooth nonlinear misspecified","GABLE",TRUE,"C-index",0.691223206118388,7.52999999999975,NA,5,5,0,5,0,0,0,0,1,0,1,1
86,"survival",4,"Smooth nonlinear misspecified","GBM",TRUE,"C-index",0.801204251185862,0.0500000000000003,NA,NA,NA,NA,NA,NA,NA,NA,NA,NA,NA,NA,NA
86,"survival",4,"Smooth nonlinear misspecified","Linear",TRUE,"C-index",0.633358795182995,0.00999999999930878,NA,20,0,20,20,0,0,0,0,1,0,1,1
86,"survival",4,"Smooth nonlinear misspecified","Random forest",TRUE,"C-index",0.762544676115842,0.260000000000218,NA,NA,NA,NA,NA,NA,NA,NA,NA,NA,NA,NA,NA
86,"survival",4,"Smooth nonlinear misspecified","RuleFit",TRUE,"C-index",0.700790260370989,14.03,NA,9,9,0,1,5,3,0,0,0.111111111111111,0.555555555555556,0.666666666666667,2.22222222222222
87,"survival",4,"Smooth nonlinear misspecified","BRP-GABLE full",TRUE,"C-index",0.812422034947389,376.339999999999,NA,62,61,1,43,19,0,0,0,0.693548387096774,0.306451612903226,1,1.30645161290323
87,"survival",4,"Smooth nonlinear misspecified","BRP-GABLE rule-only",TRUE,"C-index",0.808584487930296,368.690000000001,NA,65,65,0,46,19,0,0,0,0.707692307692308,0.292307692307692,1,1.29230769230769
87,"survival",4,"Smooth nonlinear misspecified","GABLE",TRUE,"C-index",0.703623291910679,7.85999999999967,NA,5,5,0,5,0,0,0,0,1,0,1,1
87,"survival",4,"Smooth nonlinear misspecified","GBM",TRUE,"C-index",0.812888634956911,0.0299999999999998,NA,NA,NA,NA,NA,NA,NA,NA,NA,NA,NA,NA,NA
87,"survival",4,"Smooth nonlinear misspecified","Linear",TRUE,"C-index",0.678084083226206,0.00999999999930878,NA,20,0,20,20,0,0,0,0,1,0,1,1
87,"survival",4,"Smooth nonlinear misspecified","Random forest",TRUE,"C-index",0.785173546636195,0.25,NA,NA,NA,NA,NA,NA,NA,NA,NA,NA,NA,NA,NA
87,"survival",4,"Smooth nonlinear misspecified","RuleFit",TRUE,"C-index",0.691282197781269,16.9200000000001,NA,9,9,0,0,7,2,0,0,0,0.777777777777778,0.777777777777778,2.22222222222222
88,"survival",4,"Smooth nonlinear misspecified","BRP-GABLE full",TRUE,"C-index",0.81521779877043,548.07,NA,61,60,1,34,27,0,0,0,0.557377049180328,0.442622950819672,1,1.44262295081967
88,"survival",4,"Smooth nonlinear misspecified","BRP-GABLE rule-only",TRUE,"C-index",0.815142825011246,532.689999999999,NA,61,61,0,34,27,0,0,0,0.557377049180328,0.442622950819672,1,1.44262295081967
88,"survival",4,"Smooth nonlinear misspecified","GABLE",TRUE,"C-index",0.700924988753936,7.46000000000004,NA,5,5,0,3,2,0,0,0,0.6,0.4,1,1.4
88,"survival",4,"Smooth nonlinear misspecified","GBM",TRUE,"C-index",0.818085545059229,0.0299999999999998,NA,NA,NA,NA,NA,NA,NA,NA,NA,NA,NA,NA,NA
88,"survival",4,"Smooth nonlinear misspecified","Linear",TRUE,"C-index",0.669796821112611,0.0100000000002183,NA,20,0,20,20,0,0,0,0,1,0,1,1
88,"survival",4,"Smooth nonlinear misspecified","Random forest",TRUE,"C-index",0.78511583445794,0.280000000000655,NA,NA,NA,NA,NA,NA,NA,NA,NA,NA,NA,NA,NA
88,"survival",4,"Smooth nonlinear misspecified","RuleFit",TRUE,"C-index",0.702274516419253,20.3399999999999,NA,18,18,0,3,11,4,0,0,0.166666666666667,0.611111111111111,0.777777777777778,2.05555555555556
89,"survival",4,"Smooth nonlinear misspecified","BRP-GABLE full",TRUE,"C-index",0.825318540589057,520.03,NA,59,58,1,27,32,0,0,0,0.457627118644068,0.542372881355932,1,1.54237288135593
89,"survival",4,"Smooth nonlinear misspecified","BRP-GABLE rule-only",TRUE,"C-index",0.825901490686678,502.08,NA,62,62,0,30,32,0,0,0,0.483870967741935,0.516129032258065,1,1.51612903225806
89,"survival",4,"Smooth nonlinear misspecified","GABLE",TRUE,"C-index",0.736215080826494,8.10000000000036,NA,5,5,0,5,0,0,0,0,1,0,1,1
89,"survival",4,"Smooth nonlinear misspecified","GBM",TRUE,"C-index",0.825915370450907,0.0299999999999998,NA,NA,NA,NA,NA,NA,NA,NA,NA,NA,NA,NA,NA
89,"survival",4,"Smooth nonlinear misspecified","Linear",TRUE,"C-index",0.639561029323315,0,NA,20,0,20,20,0,0,0,0,1,0,1,1
89,"survival",4,"Smooth nonlinear misspecified","Random forest",TRUE,"C-index",0.800427496738255,0.309999999999491,NA,NA,NA,NA,NA,NA,NA,NA,NA,NA,NA,NA,NA
89,"survival",4,"Smooth nonlinear misspecified","RuleFit",TRUE,"C-index",0.704245357218865,13.47,NA,11,11,0,3,7,1,0,0,0.272727272727273,0.636363636363636,0.909090909090909,1.81818181818182
90,"survival",4,"Smooth nonlinear misspecified","BRP-GABLE full",TRUE,"C-index",0.803787294537413,472.03,NA,60,57,3,32,28,0,0,0,0.533333333333333,0.466666666666667,1,1.46666666666667
90,"survival",4,"Smooth nonlinear misspecified","BRP-GABLE rule-only",TRUE,"C-index",0.801167036785817,388.53,NA,71,71,0,41,30,0,0,0,0.577464788732394,0.422535211267606,1,1.42253521126761
90,"survival",4,"Smooth nonlinear misspecified","GABLE",TRUE,"C-index",0.719047043847505,8.38999999999942,NA,5,5,0,5,0,0,0,0,1,0,1,1
90,"survival",4,"Smooth nonlinear misspecified","GBM",TRUE,"C-index",0.803471376936157,0.0600000000000001,NA,NA,NA,NA,NA,NA,NA,NA,NA,NA,NA,NA,NA
90,"survival",4,"Smooth nonlinear misspecified","Linear",TRUE,"C-index",0.66361279652119,0,NA,20,0,20,20,0,0,0,0,1,0,1,1
90,"survival",4,"Smooth nonlinear misspecified","Random forest",TRUE,"C-index",0.778699720320006,0.300000000000182,NA,NA,NA,NA,NA,NA,NA,NA,NA,NA,NA,NA,NA
90,"survival",4,"Smooth nonlinear misspecified","RuleFit",TRUE,"C-index",0.696412476886911,12.4499999999999,NA,8,8,0,4,4,0,0,0,0.5,0.5,1,1.5
91,"survival",4,"Smooth nonlinear misspecified","BRP-GABLE full",TRUE,"C-index",0.811060948081264,358.95,NA,49,48,1,20,29,0,0,0,0.408163265306122,0.591836734693878,1,1.59183673469388
91,"survival",4,"Smooth nonlinear misspecified","BRP-GABLE rule-only",TRUE,"C-index",0.812765957446808,354.86,NA,63,63,0,35,28,0,0,0,0.555555555555556,0.444444444444444,1,1.44444444444444
91,"survival",4,"Smooth nonlinear misspecified","GABLE",TRUE,"C-index",0.709975505499256,7.88000000000011,NA,5,5,0,4,1,0,0,0,0.8,0.2,1,1.2
91,"survival",4,"Smooth nonlinear misspecified","GBM",TRUE,"C-index",0.816430526871908,0.0600000000000001,NA,NA,NA,NA,NA,NA,NA,NA,NA,NA,NA,NA,NA
91,"survival",4,"Smooth nonlinear misspecified","Linear",TRUE,"C-index",0.649200326593343,0.0100000000002183,NA,20,0,20,20,0,0,0,0,1,0,1,1
91,"survival",4,"Smooth nonlinear misspecified","Random forest",TRUE,"C-index",0.788684501224725,0.279999999999745,NA,NA,NA,NA,NA,NA,NA,NA,NA,NA,NA,NA,NA
91,"survival",4,"Smooth nonlinear misspecified","RuleFit",TRUE,"C-index",0.681826041016282,18.36,NA,13,13,0,2,7,4,0,0,0.153846153846154,0.538461538461538,0.692307692307692,2.15384615384615
92,"survival",4,"Smooth nonlinear misspecified","BRP-GABLE full",TRUE,"C-index",0.835797720129474,346.890000000001,NA,42,42,0,13,29,0,0,0,0.30952380952381,0.69047619047619,1,1.69047619047619
92,"survival",4,"Smooth nonlinear misspecified","BRP-GABLE rule-only",TRUE,"C-index",0.835797720129474,341.769999999999,NA,42,42,0,13,29,0,0,0,0.30952380952381,0.69047619047619,1,1.69047619047619
92,"survival",4,"Smooth nonlinear misspecified","GABLE",TRUE,"C-index",0.736886053384623,8.23999999999978,NA,5,5,0,5,0,0,0,0,1,0,1,1
92,"survival",4,"Smooth nonlinear misspecified","GBM",TRUE,"C-index",0.844373035605385,0.0300000000000002,NA,NA,NA,NA,NA,NA,NA,NA,NA,NA,NA,NA,NA
92,"survival",4,"Smooth nonlinear misspecified","Linear",TRUE,"C-index",0.658854435427124,0.0100000000002183,NA,20,0,20,20,0,0,0,0,1,0,1,1
92,"survival",4,"Smooth nonlinear misspecified","Random forest",TRUE,"C-index",0.81122109114791,0.260000000000218,NA,NA,NA,NA,NA,NA,NA,NA,NA,NA,NA,NA,NA
92,"survival",4,"Smooth nonlinear misspecified","RuleFit",TRUE,"C-index",0.737369235821176,16.5400000000001,NA,16,16,0,7,7,2,0,0,0.4375,0.4375,0.875,1.6875
93,"survival",4,"Smooth nonlinear misspecified","BRP-GABLE full",TRUE,"C-index",0.811646814315666,371.480000000001,NA,57,56,1,33,24,0,0,0,0.578947368421053,0.421052631578947,1,1.42105263157895
93,"survival",4,"Smooth nonlinear misspecified","BRP-GABLE rule-only",TRUE,"C-index",0.811092901678218,369.25,NA,59,59,0,34,25,0,0,0,0.576271186440678,0.423728813559322,1,1.42372881355932
93,"survival",4,"Smooth nonlinear misspecified","GABLE",TRUE,"C-index",0.686096335021012,8.38000000000102,NA,5,5,0,3,2,0,0,0,0.6,0.4,1,1.4
93,"survival",4,"Smooth nonlinear misspecified","GBM",TRUE,"C-index",0.802564478177673,0.0499999999999998,NA,NA,NA,NA,NA,NA,NA,NA,NA,NA,NA,NA,NA
93,"survival",4,"Smooth nonlinear misspecified","Linear",TRUE,"C-index",0.634994460873626,0.0100000000002183,NA,20,0,20,20,0,0,0,0,1,0,1,1
93,"survival",4,"Smooth nonlinear misspecified","Random forest",TRUE,"C-index",0.775926315885848,0.289999999999054,NA,NA,NA,NA,NA,NA,NA,NA,NA,NA,NA,NA,NA
93,"survival",4,"Smooth nonlinear misspecified","RuleFit",TRUE,"C-index",0.671012515678932,15.4,NA,4,4,0,0,2,2,0,0,0,0.5,0.5,2.5
94,"survival",4,"Smooth nonlinear misspecified","BRP-GABLE full",TRUE,"C-index",0.800730838614182,388.850000000001,NA,57,55,2,28,29,0,0,0,0.491228070175439,0.508771929824561,1,1.50877192982456
94,"survival",4,"Smooth nonlinear misspecified","BRP-GABLE rule-only",TRUE,"C-index",0.798987002174014,405.800000000002,NA,64,64,0,34,30,0,0,0,0.53125,0.46875,1,1.46875
94,"survival",4,"Smooth nonlinear misspecified","GABLE",TRUE,"C-index",0.725435959110042,8.18999999999869,NA,5,5,0,5,0,0,0,0,1,0,1,1
94,"survival",4,"Smooth nonlinear misspecified","GBM",TRUE,"C-index",0.81102271150377,0.0500000000000003,NA,NA,NA,NA,NA,NA,NA,NA,NA,NA,NA,NA,NA
94,"survival",4,"Smooth nonlinear misspecified","Linear",TRUE,"C-index",0.634821222073176,0.0100000000002183,NA,20,0,20,20,0,0,0,0,1,0,1,1
94,"survival",4,"Smooth nonlinear misspecified","Random forest",TRUE,"C-index",0.774827697858365,0.400000000001455,NA,NA,NA,NA,NA,NA,NA,NA,NA,NA,NA,NA,NA
94,"survival",4,"Smooth nonlinear misspecified","RuleFit",TRUE,"C-index",0.636319903788334,15.4699999999999,NA,7,7,0,6,1,0,0,0,0.857142857142857,0.142857142857143,1,1.14285714285714
95,"survival",4,"Smooth nonlinear misspecified","BRP-GABLE full",TRUE,"C-index",0.792046152986534,346.889999999999,NA,56,55,1,24,32,0,0,0,0.428571428571429,0.571428571428571,1,1.57142857142857
95,"survival",4,"Smooth nonlinear misspecified","BRP-GABLE rule-only",TRUE,"C-index",0.791389618371794,343.950000000001,NA,61,61,0,28,33,0,0,0,0.459016393442623,0.540983606557377,1,1.54098360655738
95,"survival",4,"Smooth nonlinear misspecified","GABLE",TRUE,"C-index",0.686004172021382,8,NA,5,5,0,4,1,0,0,0,0.8,0.2,1,1.2
95,"survival",4,"Smooth nonlinear misspecified","GBM",TRUE,"C-index",0.791235961334302,0.0300000000000002,NA,NA,NA,NA,NA,NA,NA,NA,NA,NA,NA,NA,NA
95,"survival",4,"Smooth nonlinear misspecified","Linear",TRUE,"C-index",0.648889013056192,0,NA,20,0,20,20,0,0,0,0,1,0,1,1
95,"survival",4,"Smooth nonlinear misspecified","Random forest",TRUE,"C-index",0.780065560335997,0.299999999999272,NA,NA,NA,NA,NA,NA,NA,NA,NA,NA,NA,NA,NA
95,"survival",4,"Smooth nonlinear misspecified","RuleFit",TRUE,"C-index",0.720348848037846,15.88,NA,15,15,0,2,10,3,0,0,0.133333333333333,0.666666666666667,0.8,2.06666666666667
96,"survival",4,"Smooth nonlinear misspecified","BRP-GABLE full",TRUE,"C-index",0.81360941263665,493.469999999999,NA,63,59,4,38,25,0,0,0,0.603174603174603,0.396825396825397,1,1.3968253968254
96,"survival",4,"Smooth nonlinear misspecified","BRP-GABLE rule-only",TRUE,"C-index",0.814341300722624,485.74,NA,64,64,0,40,24,0,0,0,0.625,0.375,1,1.375
96,"survival",4,"Smooth nonlinear misspecified","GABLE",TRUE,"C-index",0.690990365017602,8.30999999999949,NA,5,5,0,5,0,0,0,0,1,0,1,1
96,"survival",4,"Smooth nonlinear misspecified","GBM",TRUE,"C-index",0.805595701315546,0.04,NA,NA,NA,NA,NA,NA,NA,NA,NA,NA,NA,NA,NA
96,"survival",4,"Smooth nonlinear misspecified","Linear",TRUE,"C-index",0.649990735593848,0.0200000000004366,NA,20,0,20,20,0,0,0,0,1,0,1,1
96,"survival",4,"Smooth nonlinear misspecified","Random forest",TRUE,"C-index",0.775755049101353,0.280000000000655,NA,NA,NA,NA,NA,NA,NA,NA,NA,NA,NA,NA,NA
96,"survival",4,"Smooth nonlinear misspecified","RuleFit",TRUE,"C-index",0.740476190476191,17.5,NA,19,19,0,6,12,1,0,0,0.315789473684211,0.631578947368421,0.947368421052632,1.73684210526316
97,"survival",4,"Smooth nonlinear misspecified","BRP-GABLE full",TRUE,"C-index",0.819914066878386,370.32,NA,65,63,2,27,38,0,0,0,0.415384615384615,0.584615384615385,1,1.58461538461538
97,"survival",4,"Smooth nonlinear misspecified","BRP-GABLE rule-only",TRUE,"C-index",0.820138240239118,369.719999999998,NA,66,66,0,28,38,0,0,0,0.424242424242424,0.575757575757576,1,1.57575757575758
97,"survival",4,"Smooth nonlinear misspecified","GABLE",TRUE,"C-index",0.706136745750047,6.88000000000102,NA,4,4,0,3,1,0,0,0,0.75,0.25,1,1.25
97,"survival",4,"Smooth nonlinear misspecified","GBM",TRUE,"C-index",0.819909396600037,0.04,NA,NA,NA,NA,NA,NA,NA,NA,NA,NA,NA,NA,NA
97,"survival",4,"Smooth nonlinear misspecified","Linear",TRUE,"C-index",0.666532785354007,0,NA,20,0,20,20,0,0,0,0,1,0,1,1
97,"survival",4,"Smooth nonlinear misspecified","Random forest",TRUE,"C-index",0.781926022790958,0.289999999999054,NA,NA,NA,NA,NA,NA,NA,NA,NA,NA,NA,NA,NA
97,"survival",4,"Smooth nonlinear misspecified","RuleFit",TRUE,"C-index",0.733831496357183,17.29,NA,20,20,0,8,12,0,0,0,0.4,0.6,1,1.6
98,"survival",4,"Smooth nonlinear misspecified","BRP-GABLE full",TRUE,"C-index",0.806926835528909,355.169999999998,NA,69,67,2,51,18,0,0,0,0.739130434782609,0.260869565217391,1,1.26086956521739
98,"survival",4,"Smooth nonlinear misspecified","BRP-GABLE rule-only",TRUE,"C-index",0.805386723870814,352.469999999999,NA,65,65,0,47,18,0,0,0,0.723076923076923,0.276923076923077,1,1.27692307692308
98,"survival",4,"Smooth nonlinear misspecified","GABLE",TRUE,"C-index",0.713282546317941,6.67000000000007,NA,5,5,0,4,1,0,0,0,0.8,0.2,1,1.2
98,"survival",4,"Smooth nonlinear misspecified","GBM",TRUE,"C-index",0.80424539112419,0.0299999999999998,NA,NA,NA,NA,NA,NA,NA,NA,NA,NA,NA,NA,NA
98,"survival",4,"Smooth nonlinear misspecified","Linear",TRUE,"C-index",0.630034010799116,0.0200000000004366,NA,20,0,20,20,0,0,0,0,1,0,1,1
98,"survival",4,"Smooth nonlinear misspecified","Random forest",TRUE,"C-index",0.768891577972736,0.229999999999563,NA,NA,NA,NA,NA,NA,NA,NA,NA,NA,NA,NA,NA
98,"survival",4,"Smooth nonlinear misspecified","RuleFit",TRUE,"C-index",0.65836564817616,16.5,NA,9,9,0,0,6,3,0,0,0,0.666666666666667,0.666666666666667,2.33333333333333
99,"survival",4,"Smooth nonlinear misspecified","BRP-GABLE full",TRUE,"C-index",0.818300134763426,366.800000000001,NA,69,67,2,34,35,0,0,0,0.492753623188406,0.507246376811594,1,1.50724637681159
99,"survival",4,"Smooth nonlinear misspecified","BRP-GABLE rule-only",TRUE,"C-index",0.820109287599919,330.400000000001,NA,69,69,0,32,37,0,0,0,0.463768115942029,0.536231884057971,1,1.53623188405797
99,"survival",4,"Smooth nonlinear misspecified","GABLE",TRUE,"C-index",0.719387472539644,5.51000000000022,NA,5,5,0,4,1,0,0,0,0.8,0.2,1,1.2
99,"survival",4,"Smooth nonlinear misspecified","GBM",TRUE,"C-index",0.816394063024977,0.0500000000000003,NA,NA,NA,NA,NA,NA,NA,NA,NA,NA,NA,NA,NA
99,"survival",4,"Smooth nonlinear misspecified","Linear",TRUE,"C-index",0.658623936199671,0.0199999999986176,NA,20,0,20,20,0,0,0,0,1,0,1,1
99,"survival",4,"Smooth nonlinear misspecified","Random forest",TRUE,"C-index",0.776366556517565,0.219999999999345,NA,NA,NA,NA,NA,NA,NA,NA,NA,NA,NA,NA,NA
99,"survival",4,"Smooth nonlinear misspecified","RuleFit",TRUE,"C-index",0.68255367461094,16.28,NA,6,6,0,0,5,1,0,0,0,0.833333333333333,0.833333333333333,2.16666666666667
100,"survival",4,"Smooth nonlinear misspecified","BRP-GABLE full",TRUE,"C-index",0.804990346056735,270.469999999999,NA,60,57,3,30,30,0,0,0,0.5,0.5,1,1.5
100,"survival",4,"Smooth nonlinear misspecified","BRP-GABLE rule-only",TRUE,"C-index",0.795763404128917,269.530000000001,NA,56,56,0,28,28,0,0,0,0.5,0.5,1,1.5
100,"survival",4,"Smooth nonlinear misspecified","GABLE",TRUE,"C-index",0.683652346650824,4.05000000000109,NA,5,5,0,5,0,0,0,0,1,0,1,1
100,"survival",4,"Smooth nonlinear misspecified","GBM",TRUE,"C-index",0.799959156393881,0.0299999999999998,NA,NA,NA,NA,NA,NA,NA,NA,NA,NA,NA,NA,NA
100,"survival",4,"Smooth nonlinear misspecified","Linear",TRUE,"C-index",0.643388905391356,0.0199999999986176,NA,20,0,20,20,0,0,0,0,1,0,1,1
100,"survival",4,"Smooth nonlinear misspecified","Random forest",TRUE,"C-index",0.769512104559632,0.170000000000073,NA,NA,NA,NA,NA,NA,NA,NA,NA,NA,NA,NA,NA
100,"survival",4,"Smooth nonlinear misspecified","RuleFit",TRUE,"C-index",0.737180677261251,19.9000000000001,NA,20,20,0,0,17,3,0,0,0,0.85,0.85,2.15
