"Sim","Outcome","Scenario","Scenario_name","method","fit_ok","metric_name","metric_value","elapsed_time","error_message","n_rules_total","n_rule_terms_selected","n_linear_selected","n_rules_deg1","n_rules_deg2","n_rules_deg3","n_rules_deg4","n_rules_deg5plus","prop_deg1","prop_deg2","prop_deg_le2","avg_rule_degree"
1,"survival",1,"Purely rule-based","BRP-GABLE full",TRUE,"C-index",0.871879573973261,582.66,NA,31,29,2,23,8,0,0,0,0.741935483870968,0.258064516129032,1,1.25806451612903
1,"survival",1,"Purely rule-based","BRP-GABLE rule-only",TRUE,"C-index",0.872505828652092,579.75,NA,35,35,0,27,8,0,0,0,0.771428571428571,0.228571428571429,1,1.22857142857143
1,"survival",1,"Purely rule-based","GABLE",TRUE,"C-index",0.827455988614603,13.24,NA,5,5,0,5,0,0,0,0,1,0,1,1
1,"survival",1,"Purely rule-based","GBM",TRUE,"C-index",0.860750175004194,0.0900000000000318,NA,NA,NA,NA,NA,NA,NA,NA,NA,NA,NA,NA,NA
1,"survival",1,"Purely rule-based","Linear",TRUE,"C-index",0.765873314319103,0.0199999999999818,NA,20,0,20,20,0,0,0,0,1,0,1,1
1,"survival",1,"Purely rule-based","Random forest",TRUE,"C-index",0.853548969355464,0.949999999999932,NA,NA,NA,NA,NA,NA,NA,NA,NA,NA,NA,NA,NA
1,"survival",1,"Purely rule-based","RuleFit",TRUE,"C-index",0.873080015967325,110.68,NA,65,65,0,2,44,19,0,0,0.0307692307692308,0.676923076923077,0.707692307692308,2.26153846153846
2,"survival",1,"Purely rule-based","BRP-GABLE full",TRUE,"C-index",0.875928883059112,568.13,NA,40,40,0,30,10,0,0,0,0.75,0.25,1,1.25
2,"survival",1,"Purely rule-based","BRP-GABLE rule-only",TRUE,"C-index",0.876028686304143,565.95,NA,40,40,0,30,10,0,0,0,0.75,0.25,1,1.25
2,"survival",1,"Purely rule-based","GABLE",TRUE,"C-index",0.842831275485471,12.1899999999999,NA,5,5,0,5,0,0,0,0,1,0,1,1
2,"survival",1,"Purely rule-based","GBM",TRUE,"C-index",0.86861187943768,0.0800000000000409,NA,NA,NA,NA,NA,NA,NA,NA,NA,NA,NA,NA,NA
2,"survival",1,"Purely rule-based","Linear",TRUE,"C-index",0.77680002281217,0.0299999999999727,NA,20,0,20,20,0,0,0,0,1,0,1,1
2,"survival",1,"Purely rule-based","Random forest",TRUE,"C-index",0.854076249679204,0.980000000000018,NA,NA,NA,NA,NA,NA,NA,NA,NA,NA,NA,NA,NA
2,"survival",1,"Purely rule-based","RuleFit",TRUE,"C-index",0.871929624454647,99.61,NA,62,62,0,0,51,11,0,0,0,0.82258064516129,0.82258064516129,2.17741935483871
3,"survival",1,"Purely rule-based","BRP-GABLE full",TRUE,"C-index",0.868556612717159,587.45,NA,24,23,1,21,3,0,0,0,0.875,0.125,1,1.125
3,"survival",1,"Purely rule-based","BRP-GABLE rule-only",TRUE,"C-index",0.85135521010611,581.72,NA,23,23,0,19,4,0,0,0,0.826086956521739,0.173913043478261,1,1.17391304347826
3,"survival",1,"Purely rule-based","GABLE",TRUE,"C-index",0.822673356101015,13.34,NA,5,5,0,5,0,0,0,0,1,0,1,1
3,"survival",1,"Purely rule-based","GBM",TRUE,"C-index",0.864354776073374,0.0899999999999181,NA,NA,NA,NA,NA,NA,NA,NA,NA,NA,NA,NA,NA
3,"survival",1,"Purely rule-based","Linear",TRUE,"C-index",0.778360612671471,0.0199999999999818,NA,20,0,20,20,0,0,0,0,1,0,1,1
3,"survival",1,"Purely rule-based","Random forest",TRUE,"C-index",0.857528754668707,0.930000000000064,NA,NA,NA,NA,NA,NA,NA,NA,NA,NA,NA,NA,NA
3,"survival",1,"Purely rule-based","RuleFit",TRUE,"C-index",0.873777855192973,99.0799999999999,NA,63,63,0,2,45,16,0,0,0.0317460317460317,0.714285714285714,0.746031746031746,2.22222222222222
4,"survival",1,"Purely rule-based","BRP-GABLE full",TRUE,"C-index",0.875694877043102,585.84,NA,28,27,1,19,9,0,0,0,0.678571428571429,0.321428571428571,1,1.32142857142857
4,"survival",1,"Purely rule-based","BRP-GABLE rule-only",TRUE,"C-index",0.875875826881433,580.44,NA,30,30,0,21,9,0,0,0,0.7,0.3,1,1.3
4,"survival",1,"Purely rule-based","GABLE",TRUE,"C-index",0.841204651300762,12.21,NA,5,5,0,4,1,0,0,0,0.8,0.2,1,1.2
4,"survival",1,"Purely rule-based","GBM",TRUE,"C-index",0.866553943816558,0.07000000000005,NA,NA,NA,NA,NA,NA,NA,NA,NA,NA,NA,NA,NA
4,"survival",1,"Purely rule-based","Linear",TRUE,"C-index",0.792661149179793,0.0399999999999636,NA,20,0,20,20,0,0,0,0,1,0,1,1
4,"survival",1,"Purely rule-based","Random forest",TRUE,"C-index",0.856364391444929,1.1099999999999,NA,NA,NA,NA,NA,NA,NA,NA,NA,NA,NA,NA,NA
4,"survival",1,"Purely rule-based","RuleFit",TRUE,"C-index",0.875979650559165,98.51,NA,62,62,0,0,46,16,0,0,0,0.741935483870968,0.741935483870968,2.25806451612903
5,"survival",1,"Purely rule-based","BRP-GABLE full",TRUE,"C-index",0.874526556986929,605.36,NA,28,28,0,25,3,0,0,0,0.892857142857143,0.107142857142857,1,1.10714285714286
5,"survival",1,"Purely rule-based","BRP-GABLE rule-only",TRUE,"C-index",0.874494159642333,603.87,NA,27,27,0,24,3,0,0,0,0.888888888888889,0.111111111111111,1,1.11111111111111
5,"survival",1,"Purely rule-based","GABLE",TRUE,"C-index",0.837989715315697,14.24,NA,5,5,0,5,0,0,0,0,1,0,1,1
5,"survival",1,"Purely rule-based","GBM",TRUE,"C-index",0.868260616020781,0.100000000000023,NA,NA,NA,NA,NA,NA,NA,NA,NA,NA,NA,NA,NA
5,"survival",1,"Purely rule-based","Linear",TRUE,"C-index",0.772452832411482,0.00999999999999091,NA,20,0,20,20,0,0,0,0,1,0,1,1
5,"survival",1,"Purely rule-based","Random forest",TRUE,"C-index",0.85979312822869,0.980000000000018,NA,NA,NA,NA,NA,NA,NA,NA,NA,NA,NA,NA,NA
5,"survival",1,"Purely rule-based","RuleFit",TRUE,"C-index",0.87542631960275,101.79,NA,42,42,0,0,38,4,0,0,0,0.904761904761905,0.904761904761905,2.0952380952381
6,"survival",1,"Purely rule-based","BRP-GABLE full",TRUE,"C-index",0.862992416490602,553.2,NA,38,35,3,33,5,0,0,0,0.868421052631579,0.131578947368421,1,1.13157894736842
6,"survival",1,"Purely rule-based","BRP-GABLE rule-only",TRUE,"C-index",0.84810066380928,547.06,NA,28,28,0,23,5,0,0,0,0.821428571428571,0.178571428571429,1,1.17857142857143
6,"survival",1,"Purely rule-based","GABLE",TRUE,"C-index",0.829997953518939,13.25,NA,5,5,0,4,1,0,0,0,0.8,0.2,1,1.2
6,"survival",1,"Purely rule-based","GBM",TRUE,"C-index",0.863759126296705,0.0899999999999181,NA,NA,NA,NA,NA,NA,NA,NA,NA,NA,NA,NA,NA
6,"survival",1,"Purely rule-based","Linear",TRUE,"C-index",0.776339796562488,0.0500000000001819,NA,20,0,20,20,0,0,0,0,1,0,1,1
6,"survival",1,"Purely rule-based","Random forest",TRUE,"C-index",0.854826668818835,0.660000000000082,NA,NA,NA,NA,NA,NA,NA,NA,NA,NA,NA,NA,NA
6,"survival",1,"Purely rule-based","RuleFit",TRUE,"C-index",0.869578626667089,81.5699999999999,NA,55,55,0,2,43,10,0,0,0.0363636363636364,0.781818181818182,0.818181818181818,2.14545454545455
7,"survival",1,"Purely rule-based","BRP-GABLE full",TRUE,"C-index",0.874331840182786,904.95,NA,33,31,2,28,5,0,0,0,0.848484848484849,0.151515151515152,1,1.15151515151515
7,"survival",1,"Purely rule-based","BRP-GABLE rule-only",TRUE,"C-index",0.874942127889848,819.42,NA,31,31,0,24,7,0,0,0,0.774193548387097,0.225806451612903,1,1.2258064516129
7,"survival",1,"Purely rule-based","GABLE",TRUE,"C-index",0.833713134714247,12.3900000000001,NA,5,5,0,5,0,0,0,0,1,0,1,1
7,"survival",1,"Purely rule-based","GBM",TRUE,"C-index",0.86184950245017,0.0700000000001637,NA,NA,NA,NA,NA,NA,NA,NA,NA,NA,NA,NA,NA
7,"survival",1,"Purely rule-based","Linear",TRUE,"C-index",0.779680125063885,0.0299999999999727,NA,20,0,20,20,0,0,0,0,1,0,1,1
7,"survival",1,"Purely rule-based","Random forest",TRUE,"C-index",0.853049935363617,0.619999999999891,NA,NA,NA,NA,NA,NA,NA,NA,NA,NA,NA,NA,NA
7,"survival",1,"Purely rule-based","RuleFit",TRUE,"C-index",0.87477828217539,91.6599999999999,NA,46,46,0,0,41,5,0,0,0,0.891304347826087,0.891304347826087,2.10869565217391
8,"survival",1,"Purely rule-based","BRP-GABLE full",TRUE,"C-index",0.877585874445638,852.64,NA,39,37,2,24,15,0,0,0,0.615384615384615,0.384615384615385,1,1.38461538461538
8,"survival",1,"Purely rule-based","BRP-GABLE rule-only",TRUE,"C-index",0.877738907405877,865.15,NA,38,38,0,23,15,0,0,0,0.605263157894737,0.394736842105263,1,1.39473684210526
8,"survival",1,"Purely rule-based","GABLE",TRUE,"C-index",0.846512531869114,10.0799999999999,NA,5,5,0,4,1,0,0,0,0.8,0.2,1,1.2
8,"survival",1,"Purely rule-based","GBM",TRUE,"C-index",0.870990153859338,0.110000000000127,NA,NA,NA,NA,NA,NA,NA,NA,NA,NA,NA,NA,NA
8,"survival",1,"Purely rule-based","Linear",TRUE,"C-index",0.778454183462034,0.0599999999999454,NA,20,0,20,20,0,0,0,0,1,0,1,1
8,"survival",1,"Purely rule-based","Random forest",TRUE,"C-index",0.861098103309491,0.700000000000045,NA,NA,NA,NA,NA,NA,NA,NA,NA,NA,NA,NA,NA
8,"survival",1,"Purely rule-based","RuleFit",TRUE,"C-index",0.875118983126586,105.22,NA,55,55,0,1,46,8,0,0,0.0181818181818182,0.836363636363636,0.854545454545454,2.12727272727273
9,"survival",1,"Purely rule-based","BRP-GABLE full",TRUE,"C-index",0.879706225395103,815.41,NA,26,26,0,19,7,0,0,0,0.730769230769231,0.269230769230769,1,1.26923076923077
9,"survival",1,"Purely rule-based","BRP-GABLE rule-only",TRUE,"C-index",0.878817225901817,723.17,NA,25,25,0,18,7,0,0,0,0.72,0.28,1,1.28
9,"survival",1,"Purely rule-based","GABLE",TRUE,"C-index",0.843997829222148,10.98,NA,5,5,0,4,1,0,0,0,0.8,0.2,1,1.2
9,"survival",1,"Purely rule-based","GBM",TRUE,"C-index",0.866078897580662,0.0799999999999272,NA,NA,NA,NA,NA,NA,NA,NA,NA,NA,NA,NA,NA
9,"survival",1,"Purely rule-based","Linear",TRUE,"C-index",0.771534626005559,0.0600000000001728,NA,20,0,20,20,0,0,0,0,1,0,1,1
9,"survival",1,"Purely rule-based","Random forest",TRUE,"C-index",0.857427268447864,0.720000000000027,NA,NA,NA,NA,NA,NA,NA,NA,NA,NA,NA,NA,NA
9,"survival",1,"Purely rule-based","RuleFit",TRUE,"C-index",0.874174339846666,95.47,NA,50,50,0,0,48,2,0,0,0,0.96,0.96,2.04
10,"survival",1,"Purely rule-based","BRP-GABLE full",TRUE,"C-index",0.862514929341714,779.23,NA,34,34,0,31,3,0,0,0,0.911764705882353,0.0882352941176471,1,1.08823529411765
10,"survival",1,"Purely rule-based","BRP-GABLE rule-only",TRUE,"C-index",0.862745952731743,755.13,NA,34,34,0,31,3,0,0,0,0.911764705882353,0.0882352941176471,1,1.08823529411765
10,"survival",1,"Purely rule-based","GABLE",TRUE,"C-index",0.828484748097326,12.6400000000001,NA,5,5,0,5,0,0,0,0,1,0,1,1
10,"survival",1,"Purely rule-based","GBM",TRUE,"C-index",0.856415330654043,0.0800000000001546,NA,NA,NA,NA,NA,NA,NA,NA,NA,NA,NA,NA,NA
10,"survival",1,"Purely rule-based","Linear",TRUE,"C-index",0.767988585410364,0.0299999999999727,NA,20,0,20,20,0,0,0,0,1,0,1,1
10,"survival",1,"Purely rule-based","Random forest",TRUE,"C-index",0.84233452768067,0.869999999999891,NA,NA,NA,NA,NA,NA,NA,NA,NA,NA,NA,NA,NA
10,"survival",1,"Purely rule-based","RuleFit",TRUE,"C-index",0.864336962870618,116.02,NA,63,63,0,0,49,14,0,0,0,0.777777777777778,0.777777777777778,2.22222222222222
11,"survival",1,"Purely rule-based","BRP-GABLE full",TRUE,"C-index",0.876049738640819,605.77,NA,30,29,1,22,8,0,0,0,0.733333333333333,0.266666666666667,1,1.26666666666667
11,"survival",1,"Purely rule-based","BRP-GABLE rule-only",TRUE,"C-index",0.876080768872728,567.59,NA,29,29,0,21,8,0,0,0,0.724137931034483,0.275862068965517,1,1.27586206896552
11,"survival",1,"Purely rule-based","GABLE",TRUE,"C-index",0.838170288270854,10.21,NA,5,5,0,4,1,0,0,0,0.8,0.2,1,1.2
11,"survival",1,"Purely rule-based","GBM",TRUE,"C-index",0.864897191199826,0.0999999999999091,NA,NA,NA,NA,NA,NA,NA,NA,NA,NA,NA,NA,NA
11,"survival",1,"Purely rule-based","Linear",TRUE,"C-index",0.778111274411625,0.00999999999999091,NA,20,0,20,20,0,0,0,0,1,0,1,1
11,"survival",1,"Purely rule-based","Random forest",TRUE,"C-index",0.858535993658549,0.710000000000036,NA,NA,NA,NA,NA,NA,NA,NA,NA,NA,NA,NA,NA
11,"survival",1,"Purely rule-based","RuleFit",TRUE,"C-index",0.877159774664098,95.5799999999999,NA,60,60,0,1,48,11,0,0,0.0166666666666667,0.8,0.816666666666667,2.16666666666667
12,"survival",1,"Purely rule-based","BRP-GABLE full",TRUE,"C-index",0.860989012570632,582.3,NA,35,33,2,29,6,0,0,0,0.828571428571429,0.171428571428571,1,1.17142857142857
12,"survival",1,"Purely rule-based","BRP-GABLE rule-only",TRUE,"C-index",0.860891141834846,624.2,NA,31,31,0,25,6,0,0,0,0.806451612903226,0.193548387096774,1,1.19354838709677
12,"survival",1,"Purely rule-based","GABLE",TRUE,"C-index",0.825071891812537,12.1900000000001,NA,5,5,0,5,0,0,0,0,1,0,1,1
12,"survival",1,"Purely rule-based","GBM",TRUE,"C-index",0.850938551570681,0.0799999999999272,NA,NA,NA,NA,NA,NA,NA,NA,NA,NA,NA,NA,NA
12,"survival",1,"Purely rule-based","Linear",TRUE,"C-index",0.767018713460393,0.0299999999999727,NA,20,0,20,20,0,0,0,0,1,0,1,1
12,"survival",1,"Purely rule-based","Random forest",TRUE,"C-index",0.849964162039396,0.700000000000045,NA,NA,NA,NA,NA,NA,NA,NA,NA,NA,NA,NA,NA
12,"survival",1,"Purely rule-based","RuleFit",TRUE,"C-index",0.864487891374997,92.9799999999998,NA,54,54,0,0,42,12,0,0,0,0.777777777777778,0.777777777777778,2.22222222222222
13,"survival",1,"Purely rule-based","BRP-GABLE full",TRUE,"C-index",0.855022436506702,574.08,NA,30,29,1,24,6,0,0,0,0.8,0.2,1,1.2
13,"survival",1,"Purely rule-based","BRP-GABLE rule-only",TRUE,"C-index",0.855438620745272,568.79,NA,32,32,0,26,6,0,0,0,0.8125,0.1875,1,1.1875
13,"survival",1,"Purely rule-based","GABLE",TRUE,"C-index",0.819975115350718,12.4500000000003,NA,5,5,0,5,0,0,0,0,1,0,1,1
13,"survival",1,"Purely rule-based","GBM",TRUE,"C-index",0.84705157228357,0.0799999999999272,NA,NA,NA,NA,NA,NA,NA,NA,NA,NA,NA,NA,NA
13,"survival",1,"Purely rule-based","Linear",TRUE,"C-index",0.766507681407365,0.0199999999999818,NA,20,0,20,20,0,0,0,0,1,0,1,1
13,"survival",1,"Purely rule-based","Random forest",TRUE,"C-index",0.837267642467497,0.670000000000073,NA,NA,NA,NA,NA,NA,NA,NA,NA,NA,NA,NA,NA
13,"survival",1,"Purely rule-based","RuleFit",TRUE,"C-index",0.853802685468402,94.9099999999999,NA,53,53,0,0,44,9,0,0,0,0.830188679245283,0.830188679245283,2.16981132075472
14,"survival",1,"Purely rule-based","BRP-GABLE full",TRUE,"C-index",0.875166296480405,749.25,NA,26,24,2,18,8,0,0,0,0.692307692307692,0.307692307692308,1,1.30769230769231
14,"survival",1,"Purely rule-based","BRP-GABLE rule-only",TRUE,"C-index",0.875669136809923,738.42,NA,26,26,0,17,9,0,0,0,0.653846153846154,0.346153846153846,1,1.34615384615385
14,"survival",1,"Purely rule-based","GABLE",TRUE,"C-index",0.831417751125644,10.1500000000001,NA,5,5,0,4,1,0,0,0,0.8,0.2,1,1.2
14,"survival",1,"Purely rule-based","GBM",TRUE,"C-index",0.850590334546855,0.080000000000382,NA,NA,NA,NA,NA,NA,NA,NA,NA,NA,NA,NA,NA
14,"survival",1,"Purely rule-based","Linear",TRUE,"C-index",0.762165144257707,0.00999999999976353,NA,20,0,20,20,0,0,0,0,1,0,1,1
14,"survival",1,"Purely rule-based","Random forest",TRUE,"C-index",0.851963806989768,0.659999999999854,NA,NA,NA,NA,NA,NA,NA,NA,NA,NA,NA,NA,NA
14,"survival",1,"Purely rule-based","RuleFit",TRUE,"C-index",0.87005312867253,85.4400000000001,NA,54,54,0,0,43,11,0,0,0,0.796296296296296,0.796296296296296,2.2037037037037
15,"survival",1,"Purely rule-based","BRP-GABLE full",TRUE,"C-index",0.87799950869182,544.8,NA,39,37,2,32,7,0,0,0,0.82051282051282,0.179487179487179,1,1.17948717948718
15,"survival",1,"Purely rule-based","BRP-GABLE rule-only",TRUE,"C-index",0.878532722569831,540.940000000001,NA,34,34,0,27,7,0,0,0,0.794117647058823,0.205882352941176,1,1.20588235294118
15,"survival",1,"Purely rule-based","GABLE",TRUE,"C-index",0.849026776295825,11.7799999999997,NA,5,5,0,5,0,0,0,0,1,0,1,1
15,"survival",1,"Purely rule-based","GBM",TRUE,"C-index",0.863900408941809,0.0799999999999272,NA,NA,NA,NA,NA,NA,NA,NA,NA,NA,NA,NA,NA
15,"survival",1,"Purely rule-based","Linear",TRUE,"C-index",0.772874008352239,0.0100000000002183,NA,20,0,20,20,0,0,0,0,1,0,1,1
15,"survival",1,"Purely rule-based","Random forest",TRUE,"C-index",0.859847116454489,0.690000000000055,NA,NA,NA,NA,NA,NA,NA,NA,NA,NA,NA,NA,NA
15,"survival",1,"Purely rule-based","RuleFit",TRUE,"C-index",0.871353843041487,88.73,NA,51,51,0,0,46,5,0,0,0,0.901960784313726,0.901960784313726,2.09803921568627
16,"survival",1,"Purely rule-based","BRP-GABLE full",TRUE,"C-index",0.870297577698333,549.18,NA,35,34,1,32,3,0,0,0,0.914285714285714,0.0857142857142857,1,1.08571428571429
16,"survival",1,"Purely rule-based","BRP-GABLE rule-only",TRUE,"C-index",0.87023404099106,546.22,NA,34,34,0,31,3,0,0,0,0.911764705882353,0.0882352941176471,1,1.08823529411765
16,"survival",1,"Purely rule-based","GABLE",TRUE,"C-index",0.833658076503843,11.79,NA,5,5,0,5,0,0,0,0,1,0,1,1
16,"survival",1,"Purely rule-based","GBM",TRUE,"C-index",0.85782038031661,0.0799999999999272,NA,NA,NA,NA,NA,NA,NA,NA,NA,NA,NA,NA,NA
16,"survival",1,"Purely rule-based","Linear",TRUE,"C-index",0.765888412598905,0.0300000000002001,NA,20,0,20,20,0,0,0,0,1,0,1,1
16,"survival",1,"Purely rule-based","Random forest",TRUE,"C-index",0.857245726097491,0.630000000000109,NA,NA,NA,NA,NA,NA,NA,NA,NA,NA,NA,NA,NA
16,"survival",1,"Purely rule-based","RuleFit",TRUE,"C-index",0.868981661894354,92.1900000000001,NA,55,55,0,0,51,4,0,0,0,0.927272727272727,0.927272727272727,2.07272727272727
17,"survival",1,"Purely rule-based","BRP-GABLE full",TRUE,"C-index",0.868605541009274,517.33,NA,32,32,0,23,9,0,0,0,0.71875,0.28125,1,1.28125
17,"survival",1,"Purely rule-based","BRP-GABLE rule-only",TRUE,"C-index",0.868758008192179,514.46,NA,35,35,0,25,10,0,0,0,0.714285714285714,0.285714285714286,1,1.28571428571429
17,"survival",1,"Purely rule-based","GABLE",TRUE,"C-index",0.825889807275617,12,NA,5,5,0,4,1,0,0,0,0.8,0.2,1,1.2
17,"survival",1,"Purely rule-based","GBM",TRUE,"C-index",0.859055817649249,0.0999999999999091,NA,NA,NA,NA,NA,NA,NA,NA,NA,NA,NA,NA,NA
17,"survival",1,"Purely rule-based","Linear",TRUE,"C-index",0.769108975918981,0.0100000000002183,NA,20,0,20,20,0,0,0,0,1,0,1,1
17,"survival",1,"Purely rule-based","Random forest",TRUE,"C-index",0.851684615768039,0.619999999999891,NA,NA,NA,NA,NA,NA,NA,NA,NA,NA,NA,NA,NA
17,"survival",1,"Purely rule-based","RuleFit",TRUE,"C-index",0.865372943525569,92.5,NA,64,64,0,2,51,11,0,0,0.03125,0.796875,0.828125,2.140625
18,"survival",1,"Purely rule-based","BRP-GABLE full",TRUE,"C-index",0.864160223471985,520.03,NA,40,38,2,35,5,0,0,0,0.875,0.125,1,1.125
18,"survival",1,"Purely rule-based","BRP-GABLE rule-only",TRUE,"C-index",0.863641816452496,519.08,NA,37,37,0,32,5,0,0,0,0.864864864864865,0.135135135135135,1,1.13513513513514
18,"survival",1,"Purely rule-based","GABLE",TRUE,"C-index",0.834131175541471,11.6100000000001,NA,5,5,0,5,0,0,0,0,1,0,1,1
18,"survival",1,"Purely rule-based","GBM",TRUE,"C-index",0.853619280742393,0.0999999999999091,NA,NA,NA,NA,NA,NA,NA,NA,NA,NA,NA,NA,NA
18,"survival",1,"Purely rule-based","Linear",TRUE,"C-index",0.762946608361348,0.0100000000002183,NA,20,0,20,20,0,0,0,0,1,0,1,1
18,"survival",1,"Purely rule-based","Random forest",TRUE,"C-index",0.842021530314672,0.610000000000127,NA,NA,NA,NA,NA,NA,NA,NA,NA,NA,NA,NA,NA
18,"survival",1,"Purely rule-based","RuleFit",TRUE,"C-index",0.864885707675566,93.2799999999997,NA,63,63,0,2,54,7,0,0,0.0317460317460317,0.857142857142857,0.888888888888889,2.07936507936508
19,"survival",1,"Purely rule-based","BRP-GABLE full",TRUE,"C-index",0.868167246374179,568.03,NA,31,31,0,24,7,0,0,0,0.774193548387097,0.225806451612903,1,1.2258064516129
19,"survival",1,"Purely rule-based","BRP-GABLE rule-only",TRUE,"C-index",0.867891771785953,596.42,NA,32,32,0,25,7,0,0,0,0.78125,0.21875,1,1.21875
19,"survival",1,"Purely rule-based","GABLE",TRUE,"C-index",0.829891414577147,10.75,NA,5,5,0,4,1,0,0,0,0.8,0.2,1,1.2
19,"survival",1,"Purely rule-based","GBM",TRUE,"C-index",0.857425251030002,0.0599999999999454,NA,NA,NA,NA,NA,NA,NA,NA,NA,NA,NA,NA,NA
19,"survival",1,"Purely rule-based","Linear",TRUE,"C-index",0.775572972007544,0.0199999999999818,NA,20,0,20,20,0,0,0,0,1,0,1,1
19,"survival",1,"Purely rule-based","Random forest",TRUE,"C-index",0.853480818189799,0.610000000000127,NA,NA,NA,NA,NA,NA,NA,NA,NA,NA,NA,NA,NA
19,"survival",1,"Purely rule-based","RuleFit",TRUE,"C-index",0.868677328441389,79.7200000000003,NA,57,57,0,1,45,11,0,0,0.0175438596491228,0.789473684210526,0.807017543859649,2.17543859649123
20,"survival",1,"Purely rule-based","BRP-GABLE full",TRUE,"C-index",0.864992648787687,527.2,NA,34,33,1,29,5,0,0,0,0.852941176470588,0.147058823529412,1,1.14705882352941
20,"survival",1,"Purely rule-based","BRP-GABLE rule-only",TRUE,"C-index",0.865152704084668,524.22,NA,34,34,0,29,5,0,0,0,0.852941176470588,0.147058823529412,1,1.14705882352941
20,"survival",1,"Purely rule-based","GABLE",TRUE,"C-index",0.827725260125268,11.8800000000001,NA,5,5,0,5,0,0,0,0,1,0,1,1
20,"survival",1,"Purely rule-based","GBM",TRUE,"C-index",0.853161304578148,0.0599999999999454,NA,NA,NA,NA,NA,NA,NA,NA,NA,NA,NA,NA,NA
20,"survival",1,"Purely rule-based","Linear",TRUE,"C-index",0.770885799837395,0.0199999999999818,NA,20,0,20,20,0,0,0,0,1,0,1,1
20,"survival",1,"Purely rule-based","Random forest",TRUE,"C-index",0.838111857406311,0.639999999999873,NA,NA,NA,NA,NA,NA,NA,NA,NA,NA,NA,NA,NA
20,"survival",1,"Purely rule-based","RuleFit",TRUE,"C-index",0.861587578575819,82.0099999999998,NA,57,57,0,2,42,13,0,0,0.0350877192982456,0.736842105263158,0.771929824561403,2.19298245614035
21,"survival",1,"Purely rule-based","BRP-GABLE full",TRUE,"C-index",0.868364768754313,569.31,NA,33,32,1,23,10,0,0,0,0.696969696969697,0.303030303030303,1,1.3030303030303
21,"survival",1,"Purely rule-based","BRP-GABLE rule-only",TRUE,"C-index",0.868223608790131,561.84,NA,31,31,0,21,10,0,0,0,0.67741935483871,0.32258064516129,1,1.32258064516129
21,"survival",1,"Purely rule-based","GABLE",TRUE,"C-index",0.847809596596191,11.7399999999998,NA,5,5,0,5,0,0,0,0,1,0,1,1
21,"survival",1,"Purely rule-based","GBM",TRUE,"C-index",0.864895655695163,0.0799999999999272,NA,NA,NA,NA,NA,NA,NA,NA,NA,NA,NA,NA,NA
21,"survival",1,"Purely rule-based","Linear",TRUE,"C-index",0.783837041515288,0.0300000000002001,NA,20,0,20,20,0,0,0,0,1,0,1,1
21,"survival",1,"Purely rule-based","Random forest",TRUE,"C-index",0.85563470652986,0.730000000000018,NA,NA,NA,NA,NA,NA,NA,NA,NA,NA,NA,NA,NA
21,"survival",1,"Purely rule-based","RuleFit",TRUE,"C-index",0.871357645166626,103.64,NA,64,64,0,0,50,14,0,0,0,0.78125,0.78125,2.21875
22,"survival",1,"Purely rule-based","BRP-GABLE full",TRUE,"C-index",0.884838518903169,525.92,NA,30,28,2,25,5,0,0,0,0.833333333333333,0.166666666666667,1,1.16666666666667
22,"survival",1,"Purely rule-based","BRP-GABLE rule-only",TRUE,"C-index",0.884612055908953,523.94,NA,28,28,0,23,5,0,0,0,0.821428571428571,0.178571428571429,1,1.17857142857143
22,"survival",1,"Purely rule-based","GABLE",TRUE,"C-index",0.84696005885153,13.0299999999997,NA,5,5,0,5,0,0,0,0,1,0,1,1
22,"survival",1,"Purely rule-based","GBM",TRUE,"C-index",0.878030204682158,0.0799999999999272,NA,NA,NA,NA,NA,NA,NA,NA,NA,NA,NA,NA,NA
22,"survival",1,"Purely rule-based","Linear",TRUE,"C-index",0.797772873483636,0.00999999999976353,NA,20,0,20,20,0,0,0,0,1,0,1,1
22,"survival",1,"Purely rule-based","Random forest",TRUE,"C-index",0.872566244031907,0.720000000000255,NA,NA,NA,NA,NA,NA,NA,NA,NA,NA,NA,NA,NA
22,"survival",1,"Purely rule-based","RuleFit",TRUE,"C-index",0.887866199316284,111.58,NA,65,65,0,1,53,11,0,0,0.0153846153846154,0.815384615384615,0.830769230769231,2.15384615384615
23,"survival",1,"Purely rule-based","BRP-GABLE full",TRUE,"C-index",0.873547277024627,558.38,NA,30,29,1,24,6,0,0,0,0.8,0.2,1,1.2
23,"survival",1,"Purely rule-based","BRP-GABLE rule-only",TRUE,"C-index",0.873781488421078,556.04,NA,31,31,0,25,6,0,0,0,0.806451612903226,0.193548387096774,1,1.19354838709677
23,"survival",1,"Purely rule-based","GABLE",TRUE,"C-index",0.841135787501378,12.1199999999999,NA,5,5,0,5,0,0,0,0,1,0,1,1
23,"survival",1,"Purely rule-based","GBM",TRUE,"C-index",0.868030297463781,0.0799999999999272,NA,NA,NA,NA,NA,NA,NA,NA,NA,NA,NA,NA,NA
23,"survival",1,"Purely rule-based","Linear",TRUE,"C-index",0.790562964595809,0.0199999999999818,NA,20,0,20,20,0,0,0,0,1,0,1,1
23,"survival",1,"Purely rule-based","Random forest",TRUE,"C-index",0.863823677088308,0.670000000000073,NA,NA,NA,NA,NA,NA,NA,NA,NA,NA,NA,NA,NA
23,"survival",1,"Purely rule-based","RuleFit",TRUE,"C-index",0.877262512705586,84.1300000000001,NA,43,43,0,0,37,6,0,0,0,0.86046511627907,0.86046511627907,2.13953488372093
24,"survival",1,"Purely rule-based","BRP-GABLE full",TRUE,"C-index",0.878873285183632,525.73,NA,32,31,1,28,4,0,0,0,0.875,0.125,1,1.125
24,"survival",1,"Purely rule-based","BRP-GABLE rule-only",TRUE,"C-index",0.879068167457023,522.8,NA,32,32,0,28,4,0,0,0,0.875,0.125,1,1.125
24,"survival",1,"Purely rule-based","GABLE",TRUE,"C-index",0.849242321343152,9.75,NA,5,5,0,4,1,0,0,0,0.8,0.2,1,1.2
24,"survival",1,"Purely rule-based","GBM",TRUE,"C-index",0.869083403707488,0.0899999999996908,NA,NA,NA,NA,NA,NA,NA,NA,NA,NA,NA,NA,NA
24,"survival",1,"Purely rule-based","Linear",TRUE,"C-index",0.764753473924161,0.0199999999999818,NA,20,0,20,20,0,0,0,0,1,0,1,1
24,"survival",1,"Purely rule-based","Random forest",TRUE,"C-index",0.861344215244518,0.690000000000055,NA,NA,NA,NA,NA,NA,NA,NA,NA,NA,NA,NA,NA
24,"survival",1,"Purely rule-based","RuleFit",TRUE,"C-index",0.876415111053368,91.6199999999999,NA,64,64,0,0,50,14,0,0,0,0.78125,0.78125,2.21875
25,"survival",1,"Purely rule-based","BRP-GABLE full",TRUE,"C-index",0.872823686252661,578.58,NA,29,29,0,23,6,0,0,0,0.793103448275862,0.206896551724138,1,1.20689655172414
25,"survival",1,"Purely rule-based","BRP-GABLE rule-only",TRUE,"C-index",0.873096569347838,567.79,NA,30,30,0,24,6,0,0,0,0.8,0.2,1,1.2
25,"survival",1,"Purely rule-based","GABLE",TRUE,"C-index",0.830867910369273,12.1100000000001,NA,5,5,0,5,0,0,0,0,1,0,1,1
25,"survival",1,"Purely rule-based","GBM",TRUE,"C-index",0.857775320566573,0.0799999999999272,NA,NA,NA,NA,NA,NA,NA,NA,NA,NA,NA,NA,NA
25,"survival",1,"Purely rule-based","Linear",TRUE,"C-index",0.778819723762717,0.0199999999999818,NA,20,0,20,20,0,0,0,0,1,0,1,1
25,"survival",1,"Purely rule-based","Random forest",TRUE,"C-index",0.858964920309609,0.619999999999891,NA,NA,NA,NA,NA,NA,NA,NA,NA,NA,NA,NA,NA
25,"survival",1,"Purely rule-based","RuleFit",TRUE,"C-index",0.870895028126857,84.7499999999995,NA,50,50,0,1,44,5,0,0,0.02,0.88,0.9,2.08
26,"survival",1,"Purely rule-based","BRP-GABLE full",TRUE,"C-index",0.8653365188248,635.75,NA,32,31,1,27,5,0,0,0,0.84375,0.15625,1,1.15625
26,"survival",1,"Purely rule-based","BRP-GABLE rule-only",TRUE,"C-index",0.864992418604911,585.51,NA,33,33,0,28,5,0,0,0,0.848484848484849,0.151515151515152,1,1.15151515151515
26,"survival",1,"Purely rule-based","GABLE",TRUE,"C-index",0.818804657382488,11.5600000000004,NA,5,5,0,4,1,0,0,0,0.8,0.2,1,1.2
26,"survival",1,"Purely rule-based","GBM",TRUE,"C-index",0.855869566433723,0.0799999999999272,NA,NA,NA,NA,NA,NA,NA,NA,NA,NA,NA,NA,NA
26,"survival",1,"Purely rule-based","Linear",TRUE,"C-index",0.772048990919111,0.0200000000004366,NA,20,0,20,20,0,0,0,0,1,0,1,1
26,"survival",1,"Purely rule-based","Random forest",TRUE,"C-index",0.850945855970279,0.699999999999818,NA,NA,NA,NA,NA,NA,NA,NA,NA,NA,NA,NA,NA
26,"survival",1,"Purely rule-based","RuleFit",TRUE,"C-index",0.865393868861448,85.9399999999996,NA,67,67,0,0,57,10,0,0,0,0.850746268656716,0.850746268656716,2.14925373134328
27,"survival",1,"Purely rule-based","BRP-GABLE full",TRUE,"C-index",0.86827557031567,548.17,NA,44,41,3,33,11,0,0,0,0.75,0.25,1,1.25
27,"survival",1,"Purely rule-based","BRP-GABLE rule-only",TRUE,"C-index",0.8684324125209,544.21,NA,43,43,0,33,10,0,0,0,0.767441860465116,0.232558139534884,1,1.23255813953488
27,"survival",1,"Purely rule-based","GABLE",TRUE,"C-index",0.830027656029216,11.21,NA,5,5,0,4,1,0,0,0,0.8,0.2,1,1.2
27,"survival",1,"Purely rule-based","GBM",TRUE,"C-index",0.856968542345957,0.109999999999673,NA,NA,NA,NA,NA,NA,NA,NA,NA,NA,NA,NA,NA
27,"survival",1,"Purely rule-based","Linear",TRUE,"C-index",0.776216390442122,0.0200000000004366,NA,20,0,20,20,0,0,0,0,1,0,1,1
27,"survival",1,"Purely rule-based","Random forest",TRUE,"C-index",0.846999709338299,0.640000000000327,NA,NA,NA,NA,NA,NA,NA,NA,NA,NA,NA,NA,NA
27,"survival",1,"Purely rule-based","RuleFit",TRUE,"C-index",0.862711269328284,84.3999999999996,NA,58,58,0,0,47,11,0,0,0,0.810344827586207,0.810344827586207,2.18965517241379
28,"survival",1,"Purely rule-based","BRP-GABLE full",TRUE,"C-index",0.886508824643798,512.08,NA,35,33,2,25,10,0,0,0,0.714285714285714,0.285714285714286,1,1.28571428571429
28,"survival",1,"Purely rule-based","BRP-GABLE rule-only",TRUE,"C-index",0.886433927517204,510.279999999999,NA,34,34,0,24,10,0,0,0,0.705882352941177,0.294117647058824,1,1.29411764705882
28,"survival",1,"Purely rule-based","GABLE",TRUE,"C-index",0.843281434030317,11.6300000000001,NA,5,5,0,4,1,0,0,0,0.8,0.2,1,1.2
28,"survival",1,"Purely rule-based","GBM",TRUE,"C-index",0.873475256045373,0.0799999999999272,NA,NA,NA,NA,NA,NA,NA,NA,NA,NA,NA,NA,NA
28,"survival",1,"Purely rule-based","Linear",TRUE,"C-index",0.796967106944285,0.0199999999995271,NA,20,0,20,20,0,0,0,0,1,0,1,1
28,"survival",1,"Purely rule-based","Random forest",TRUE,"C-index",0.868527639976855,0.680000000000291,NA,NA,NA,NA,NA,NA,NA,NA,NA,NA,NA,NA,NA
28,"survival",1,"Purely rule-based","RuleFit",TRUE,"C-index",0.885568939133602,82.5,NA,60,60,0,0,46,14,0,0,0,0.766666666666667,0.766666666666667,2.23333333333333
29,"survival",1,"Purely rule-based","BRP-GABLE full",TRUE,"C-index",0.878983435822381,534.32,NA,32,30,2,25,7,0,0,0,0.78125,0.21875,1,1.21875
29,"survival",1,"Purely rule-based","BRP-GABLE rule-only",TRUE,"C-index",0.878564636658191,530.81,NA,34,34,0,27,7,0,0,0,0.794117647058823,0.205882352941176,1,1.20588235294118
29,"survival",1,"Purely rule-based","GABLE",TRUE,"C-index",0.84016328696238,11.0499999999993,NA,5,5,0,4,1,0,0,0,0.8,0.2,1,1.2
29,"survival",1,"Purely rule-based","GBM",TRUE,"C-index",0.869510526613867,0.069999999999709,NA,NA,NA,NA,NA,NA,NA,NA,NA,NA,NA,NA,NA
29,"survival",1,"Purely rule-based","Linear",TRUE,"C-index",0.790806091515814,0.0300000000006548,NA,20,0,20,20,0,0,0,0,1,0,1,1
29,"survival",1,"Purely rule-based","Random forest",TRUE,"C-index",0.863522145682494,0.600000000000364,NA,NA,NA,NA,NA,NA,NA,NA,NA,NA,NA,NA,NA
29,"survival",1,"Purely rule-based","RuleFit",TRUE,"C-index",0.876111457212437,94.6900000000005,NA,60,60,0,0,53,7,0,0,0,0.883333333333333,0.883333333333333,2.11666666666667
30,"survival",1,"Purely rule-based","BRP-GABLE full",TRUE,"C-index",0.869182575409319,520.599999999999,NA,43,43,0,39,4,0,0,0,0.906976744186046,0.0930232558139535,1,1.09302325581395
30,"survival",1,"Purely rule-based","BRP-GABLE rule-only",TRUE,"C-index",0.868844306824063,518.26,NA,42,42,0,38,4,0,0,0,0.904761904761905,0.0952380952380952,1,1.0952380952381
30,"survival",1,"Purely rule-based","GABLE",TRUE,"C-index",0.829136779047008,11.1999999999998,NA,5,5,0,5,0,0,0,0,1,0,1,1
30,"survival",1,"Purely rule-based","GBM",TRUE,"C-index",0.867683496251579,0.100000000000364,NA,NA,NA,NA,NA,NA,NA,NA,NA,NA,NA,NA,NA
30,"survival",1,"Purely rule-based","Linear",TRUE,"C-index",0.791800022551239,0.00999999999930878,NA,20,0,20,20,0,0,0,0,1,0,1,1
30,"survival",1,"Purely rule-based","Random forest",TRUE,"C-index",0.860055105976367,0.619999999999891,NA,NA,NA,NA,NA,NA,NA,NA,NA,NA,NA,NA,NA
30,"survival",1,"Purely rule-based","RuleFit",TRUE,"C-index",0.870704784042975,99.5500000000002,NA,58,58,0,0,43,15,0,0,0,0.741379310344828,0.741379310344828,2.25862068965517
31,"survival",1,"Purely rule-based","BRP-GABLE full",TRUE,"C-index",0.864456344233033,519.03,NA,25,23,2,20,5,0,0,0,0.8,0.2,1,1.2
31,"survival",1,"Purely rule-based","BRP-GABLE rule-only",TRUE,"C-index",0.864530839636229,514.329999999999,NA,26,26,0,19,7,0,0,0,0.730769230769231,0.269230769230769,1,1.26923076923077
31,"survival",1,"Purely rule-based","GABLE",TRUE,"C-index",0.818970327458421,11.5,NA,5,5,0,5,0,0,0,0,1,0,1,1
31,"survival",1,"Purely rule-based","GBM",TRUE,"C-index",0.858635477924529,0.109999999999673,NA,NA,NA,NA,NA,NA,NA,NA,NA,NA,NA,NA,NA
31,"survival",1,"Purely rule-based","Linear",TRUE,"C-index",0.770340896807799,0.0300000000006548,NA,20,0,20,20,0,0,0,0,1,0,1,1
31,"survival",1,"Purely rule-based","Random forest",TRUE,"C-index",0.847339929828252,0.609999999999673,NA,NA,NA,NA,NA,NA,NA,NA,NA,NA,NA,NA,NA
31,"survival",1,"Purely rule-based","RuleFit",TRUE,"C-index",0.859872685895245,86.3300000000008,NA,55,55,0,1,45,9,0,0,0.0181818181818182,0.818181818181818,0.836363636363636,2.14545454545455
32,"survival",1,"Purely rule-based","BRP-GABLE full",TRUE,"C-index",0.876493943375251,614.129999999999,NA,40,40,0,33,7,0,0,0,0.825,0.175,1,1.175
32,"survival",1,"Purely rule-based","BRP-GABLE rule-only",TRUE,"C-index",0.876672971138992,499.06,NA,41,41,0,34,7,0,0,0,0.829268292682927,0.170731707317073,1,1.17073170731707
32,"survival",1,"Purely rule-based","GABLE",TRUE,"C-index",0.842221676797136,9.21000000000004,NA,5,5,0,4,1,0,0,0,0.8,0.2,1,1.2
32,"survival",1,"Purely rule-based","GBM",TRUE,"C-index",0.865669982530355,0.100000000000364,NA,NA,NA,NA,NA,NA,NA,NA,NA,NA,NA,NA,NA
32,"survival",1,"Purely rule-based","Linear",TRUE,"C-index",0.780768953120714,0.00999999999930878,NA,20,0,20,20,0,0,0,0,1,0,1,1
32,"survival",1,"Purely rule-based","Random forest",TRUE,"C-index",0.862659717309386,0.600000000000364,NA,NA,NA,NA,NA,NA,NA,NA,NA,NA,NA,NA,NA
32,"survival",1,"Purely rule-based","RuleFit",TRUE,"C-index",0.876697515267892,90.3399999999992,NA,70,70,0,2,52,16,0,0,0.0285714285714286,0.742857142857143,0.771428571428571,2.2
33,"survival",1,"Purely rule-based","BRP-GABLE full",TRUE,"C-index",0.874176222435864,524.300000000001,NA,38,35,3,33,5,0,0,0,0.868421052631579,0.131578947368421,1,1.13157894736842
33,"survival",1,"Purely rule-based","BRP-GABLE rule-only",TRUE,"C-index",0.87373343725643,522.200000000001,NA,34,34,0,29,5,0,0,0,0.852941176470588,0.147058823529412,1,1.14705882352941
33,"survival",1,"Purely rule-based","GABLE",TRUE,"C-index",0.840880899885058,11.46,NA,5,5,0,5,0,0,0,0,1,0,1,1
33,"survival",1,"Purely rule-based","GBM",TRUE,"C-index",0.860166317392056,0.100000000000364,NA,NA,NA,NA,NA,NA,NA,NA,NA,NA,NA,NA,NA
33,"survival",1,"Purely rule-based","Linear",TRUE,"C-index",0.786004348999639,0.0200000000004366,NA,20,0,20,20,0,0,0,0,1,0,1,1
33,"survival",1,"Purely rule-based","Random forest",TRUE,"C-index",0.852340240984317,0.649999999999636,NA,NA,NA,NA,NA,NA,NA,NA,NA,NA,NA,NA,NA
33,"survival",1,"Purely rule-based","RuleFit",TRUE,"C-index",0.873428643348669,82.54,NA,63,63,0,2,49,12,0,0,0.0317460317460317,0.777777777777778,0.80952380952381,2.15873015873016
34,"survival",1,"Purely rule-based","BRP-GABLE full",TRUE,"C-index",0.874180823677134,510.01,NA,33,32,1,25,8,0,0,0,0.757575757575758,0.242424242424242,1,1.24242424242424
34,"survival",1,"Purely rule-based","BRP-GABLE rule-only",TRUE,"C-index",0.874133522157179,505.29,NA,33,33,0,25,8,0,0,0,0.757575757575758,0.242424242424242,1,1.24242424242424
34,"survival",1,"Purely rule-based","GABLE",TRUE,"C-index",0.833834060534479,10.4400000000005,NA,5,5,0,4,1,0,0,0,0.8,0.2,1,1.2
34,"survival",1,"Purely rule-based","GBM",TRUE,"C-index",0.867537110192474,0.0700000000006185,NA,NA,NA,NA,NA,NA,NA,NA,NA,NA,NA,NA,NA
34,"survival",1,"Purely rule-based","Linear",TRUE,"C-index",0.781452644011628,0.0199999999995271,NA,20,0,20,20,0,0,0,0,1,0,1,1
34,"survival",1,"Purely rule-based","Random forest",TRUE,"C-index",0.85501080768062,0.599999999999454,NA,NA,NA,NA,NA,NA,NA,NA,NA,NA,NA,NA,NA
34,"survival",1,"Purely rule-based","RuleFit",TRUE,"C-index",0.869096626971613,81.5,NA,57,57,0,0,51,6,0,0,0,0.894736842105263,0.894736842105263,2.10526315789474
35,"survival",1,"Purely rule-based","BRP-GABLE full",TRUE,"C-index",0.877804394302347,515.19,NA,46,45,1,39,7,0,0,0,0.847826086956522,0.152173913043478,1,1.15217391304348
35,"survival",1,"Purely rule-based","BRP-GABLE rule-only",TRUE,"C-index",0.8777772053794,510.169999999999,NA,44,44,0,37,7,0,0,0,0.840909090909091,0.159090909090909,1,1.15909090909091
35,"survival",1,"Purely rule-based","GABLE",TRUE,"C-index",0.840204975859098,11.8999999999996,NA,5,5,0,5,0,0,0,0,1,0,1,1
35,"survival",1,"Purely rule-based","GBM",TRUE,"C-index",0.866482354389008,0.0999999999994543,NA,NA,NA,NA,NA,NA,NA,NA,NA,NA,NA,NA,NA
35,"survival",1,"Purely rule-based","Linear",TRUE,"C-index",0.776306713946773,0.0300000000006548,NA,20,0,20,20,0,0,0,0,1,0,1,1
35,"survival",1,"Purely rule-based","Random forest",TRUE,"C-index",0.863494434856772,0.650000000000546,NA,NA,NA,NA,NA,NA,NA,NA,NA,NA,NA,NA,NA
35,"survival",1,"Purely rule-based","RuleFit",TRUE,"C-index",0.871821400258152,100.5,NA,69,69,0,0,56,13,0,0,0,0.811594202898551,0.811594202898551,2.18840579710145
36,"survival",1,"Purely rule-based","BRP-GABLE full",TRUE,"C-index",0.877904545201962,671.75,NA,35,31,4,27,8,0,0,0,0.771428571428571,0.228571428571429,1,1.22857142857143
36,"survival",1,"Purely rule-based","BRP-GABLE rule-only",TRUE,"C-index",0.878058089441713,606.28,NA,33,33,0,25,8,0,0,0,0.757575757575758,0.242424242424242,1,1.24242424242424
36,"survival",1,"Purely rule-based","GABLE",TRUE,"C-index",0.838334001128916,9.31999999999971,NA,5,5,0,3,2,0,0,0,0.6,0.4,1,1.4
36,"survival",1,"Purely rule-based","GBM",TRUE,"C-index",0.856408351636782,0.0799999999999272,NA,NA,NA,NA,NA,NA,NA,NA,NA,NA,NA,NA,NA
36,"survival",1,"Purely rule-based","Linear",TRUE,"C-index",0.783695648994943,0,NA,20,0,20,20,0,0,0,0,1,0,1,1
36,"survival",1,"Purely rule-based","Random forest",TRUE,"C-index",0.856706666159727,0.659999999999854,NA,NA,NA,NA,NA,NA,NA,NA,NA,NA,NA,NA,NA
36,"survival",1,"Purely rule-based","RuleFit",TRUE,"C-index",0.875092492125374,91.3600000000006,NA,58,58,0,0,42,16,0,0,0,0.724137931034483,0.724137931034483,2.27586206896552
37,"survival",1,"Purely rule-based","BRP-GABLE full",TRUE,"C-index",0.882430039165116,486.02,NA,36,35,1,29,7,0,0,0,0.805555555555556,0.194444444444444,1,1.19444444444444
37,"survival",1,"Purely rule-based","BRP-GABLE rule-only",TRUE,"C-index",0.882434262578027,482.01,NA,34,34,0,28,6,0,0,0,0.823529411764706,0.176470588235294,1,1.17647058823529
37,"survival",1,"Purely rule-based","GABLE",TRUE,"C-index",0.838130661133057,8.51999999999953,NA,5,5,0,3,2,0,0,0,0.6,0.4,1,1.4
37,"survival",1,"Purely rule-based","GBM",TRUE,"C-index",0.865081666727672,0.069999999999709,NA,NA,NA,NA,NA,NA,NA,NA,NA,NA,NA,NA,NA
37,"survival",1,"Purely rule-based","Linear",TRUE,"C-index",0.779016958410645,0.0100000000002183,NA,20,0,20,20,0,0,0,0,1,0,1,1
37,"survival",1,"Purely rule-based","Random forest",TRUE,"C-index",0.864707190782824,0.570000000000618,NA,NA,NA,NA,NA,NA,NA,NA,NA,NA,NA,NA,NA
37,"survival",1,"Purely rule-based","RuleFit",TRUE,"C-index",0.879891768005113,84.0600000000004,NA,58,58,0,1,51,6,0,0,0.0172413793103448,0.879310344827586,0.896551724137931,2.08620689655172
38,"survival",1,"Purely rule-based","BRP-GABLE full",TRUE,"C-index",0.882708369299274,524.57,NA,26,26,0,18,8,0,0,0,0.692307692307692,0.307692307692308,1,1.30769230769231
38,"survival",1,"Purely rule-based","BRP-GABLE rule-only",TRUE,"C-index",0.883186096212117,522.709999999999,NA,26,26,0,18,8,0,0,0,0.692307692307692,0.307692307692308,1,1.30769230769231
38,"survival",1,"Purely rule-based","GABLE",TRUE,"C-index",0.850196150800974,11.3199999999997,NA,5,5,0,5,0,0,0,0,1,0,1,1
38,"survival",1,"Purely rule-based","GBM",TRUE,"C-index",0.870446711869653,0.0600000000004002,NA,NA,NA,NA,NA,NA,NA,NA,NA,NA,NA,NA,NA
38,"survival",1,"Purely rule-based","Linear",TRUE,"C-index",0.786585547347053,0.0299999999997453,NA,20,0,20,20,0,0,0,0,1,0,1,1
38,"survival",1,"Purely rule-based","Random forest",TRUE,"C-index",0.870123762523589,0.609999999999673,NA,NA,NA,NA,NA,NA,NA,NA,NA,NA,NA,NA,NA
38,"survival",1,"Purely rule-based","RuleFit",TRUE,"C-index",0.881425501390022,86.0300000000007,NA,61,61,0,2,47,12,0,0,0.0327868852459016,0.770491803278688,0.80327868852459,2.16393442622951
39,"survival",1,"Purely rule-based","BRP-GABLE full",TRUE,"C-index",0.880412557404201,531.63,NA,27,26,1,22,5,0,0,0,0.814814814814815,0.185185185185185,1,1.18518518518519
39,"survival",1,"Purely rule-based","BRP-GABLE rule-only",TRUE,"C-index",0.879774147406459,638.889999999999,NA,25,25,0,20,5,0,0,0,0.8,0.2,1,1.2
39,"survival",1,"Purely rule-based","GABLE",TRUE,"C-index",0.845796883234209,11.2800000000007,NA,5,5,0,4,1,0,0,0,0.8,0.2,1,1.2
39,"survival",1,"Purely rule-based","GBM",TRUE,"C-index",0.874889708650154,0.089999999999236,NA,NA,NA,NA,NA,NA,NA,NA,NA,NA,NA,NA,NA
39,"survival",1,"Purely rule-based","Linear",TRUE,"C-index",0.776984115034254,0.0200000000004366,NA,20,0,20,20,0,0,0,0,1,0,1,1
39,"survival",1,"Purely rule-based","Random forest",TRUE,"C-index",0.866328389671008,0.630000000000109,NA,NA,NA,NA,NA,NA,NA,NA,NA,NA,NA,NA,NA
39,"survival",1,"Purely rule-based","RuleFit",TRUE,"C-index",0.880966649100354,89.3299999999999,NA,63,63,0,3,46,14,0,0,0.0476190476190476,0.73015873015873,0.777777777777778,2.17460317460317
40,"survival",1,"Purely rule-based","BRP-GABLE full",TRUE,"C-index",0.881639843320708,504.52,NA,27,27,0,22,5,0,0,0,0.814814814814815,0.185185185185185,1,1.18518518518519
40,"survival",1,"Purely rule-based","BRP-GABLE rule-only",TRUE,"C-index",0.881675104976889,503.41,NA,30,30,0,25,5,0,0,0,0.833333333333333,0.166666666666667,1,1.16666666666667
40,"survival",1,"Purely rule-based","GABLE",TRUE,"C-index",0.846200409622906,8.44000000000051,NA,5,5,0,3,2,0,0,0,0.6,0.4,1,1.4
40,"survival",1,"Purely rule-based","GBM",TRUE,"C-index",0.868025905563408,0.0900000000001455,NA,NA,NA,NA,NA,NA,NA,NA,NA,NA,NA,NA,NA
40,"survival",1,"Purely rule-based","Linear",TRUE,"C-index",0.780281681863461,0.0200000000004366,NA,20,0,20,20,0,0,0,0,1,0,1,1
40,"survival",1,"Purely rule-based","Random forest",TRUE,"C-index",0.867107633267022,0.639999999999418,NA,NA,NA,NA,NA,NA,NA,NA,NA,NA,NA,NA,NA
40,"survival",1,"Purely rule-based","RuleFit",TRUE,"C-index",0.883892181609283,81.3599999999997,NA,63,63,0,1,58,4,0,0,0.0158730158730159,0.920634920634921,0.936507936507937,2.04761904761905
41,"survival",1,"Purely rule-based","BRP-GABLE full",TRUE,"C-index",0.882002355290137,501.15,NA,31,29,2,25,6,0,0,0,0.806451612903226,0.193548387096774,1,1.19354838709677
41,"survival",1,"Purely rule-based","BRP-GABLE rule-only",TRUE,"C-index",0.883232306928977,498.070000000001,NA,31,31,0,25,6,0,0,0,0.806451612903226,0.193548387096774,1,1.19354838709677
41,"survival",1,"Purely rule-based","GABLE",TRUE,"C-index",0.847678783857296,11.8599999999997,NA,5,5,0,5,0,0,0,0,1,0,1,1
41,"survival",1,"Purely rule-based","GBM",TRUE,"C-index",0.875195028783558,0.109999999999673,NA,NA,NA,NA,NA,NA,NA,NA,NA,NA,NA,NA,NA
41,"survival",1,"Purely rule-based","Linear",TRUE,"C-index",0.777012607377916,0.0100000000002183,NA,20,0,20,20,0,0,0,0,1,0,1,1
41,"survival",1,"Purely rule-based","Random forest",TRUE,"C-index",0.872117907976304,0.640000000000327,NA,NA,NA,NA,NA,NA,NA,NA,NA,NA,NA,NA,NA
41,"survival",1,"Purely rule-based","RuleFit",TRUE,"C-index",0.88386148024605,98.8800000000001,NA,69,69,0,1,55,13,0,0,0.0144927536231884,0.797101449275362,0.811594202898551,2.17391304347826
42,"survival",1,"Purely rule-based","BRP-GABLE full",TRUE,"C-index",0.866669815609704,530.89,NA,39,37,2,33,6,0,0,0,0.846153846153846,0.153846153846154,1,1.15384615384615
42,"survival",1,"Purely rule-based","BRP-GABLE rule-only",TRUE,"C-index",0.867605642118688,522.47,NA,38,38,0,32,6,0,0,0,0.842105263157895,0.157894736842105,1,1.15789473684211
42,"survival",1,"Purely rule-based","GABLE",TRUE,"C-index",0.829312034669863,11.7200000000003,NA,5,5,0,5,0,0,0,0,1,0,1,1
42,"survival",1,"Purely rule-based","GBM",TRUE,"C-index",0.861671852582232,0.0799999999999272,NA,NA,NA,NA,NA,NA,NA,NA,NA,NA,NA,NA,NA
42,"survival",1,"Purely rule-based","Linear",TRUE,"C-index",0.777857813413317,0.00999999999930878,NA,20,0,20,20,0,0,0,0,1,0,1,1
42,"survival",1,"Purely rule-based","Random forest",TRUE,"C-index",0.859091687380808,0.630000000000109,NA,NA,NA,NA,NA,NA,NA,NA,NA,NA,NA,NA,NA
42,"survival",1,"Purely rule-based","RuleFit",TRUE,"C-index",0.869257361146373,88.6999999999998,NA,61,61,0,0,52,9,0,0,0,0.852459016393443,0.852459016393443,2.14754098360656
43,"survival",1,"Purely rule-based","BRP-GABLE full",TRUE,"C-index",0.877907128311932,817.42,NA,35,35,0,30,5,0,0,0,0.857142857142857,0.142857142857143,1,1.14285714285714
43,"survival",1,"Purely rule-based","BRP-GABLE rule-only",TRUE,"C-index",0.878060649597803,644.25,NA,34,34,0,29,5,0,0,0,0.852941176470588,0.147058823529412,1,1.14705882352941
43,"survival",1,"Purely rule-based","GABLE",TRUE,"C-index",0.847630123772916,9.22000000000025,NA,5,5,0,4,1,0,0,0,0.8,0.2,1,1.2
43,"survival",1,"Purely rule-based","GBM",TRUE,"C-index",0.866475585770604,0.069999999999709,NA,NA,NA,NA,NA,NA,NA,NA,NA,NA,NA,NA,NA
43,"survival",1,"Purely rule-based","Linear",TRUE,"C-index",0.783329326331218,0.0300000000006548,NA,20,0,20,20,0,0,0,0,1,0,1,1
43,"survival",1,"Purely rule-based","Random forest",TRUE,"C-index",0.862207404360584,0.619999999999891,NA,NA,NA,NA,NA,NA,NA,NA,NA,NA,NA,NA,NA
43,"survival",1,"Purely rule-based","RuleFit",TRUE,"C-index",0.874098062445507,90.1899999999996,NA,63,63,0,1,41,21,0,0,0.0158730158730159,0.650793650793651,0.666666666666667,2.31746031746032
44,"survival",1,"Purely rule-based","BRP-GABLE full",TRUE,"C-index",0.873377417155874,495.82,NA,30,28,2,22,8,0,0,0,0.733333333333333,0.266666666666667,1,1.26666666666667
44,"survival",1,"Purely rule-based","BRP-GABLE rule-only",TRUE,"C-index",0.856742437534336,488.63,NA,35,35,0,26,9,0,0,0,0.742857142857143,0.257142857142857,1,1.25714285714286
44,"survival",1,"Purely rule-based","GABLE",TRUE,"C-index",0.826816156653848,9.52999999999975,NA,5,5,0,4,1,0,0,0,0.8,0.2,1,1.2
44,"survival",1,"Purely rule-based","GBM",TRUE,"C-index",0.867353043538288,0.100000000000364,NA,NA,NA,NA,NA,NA,NA,NA,NA,NA,NA,NA,NA
44,"survival",1,"Purely rule-based","Linear",TRUE,"C-index",0.788334373588824,0.0199999999995271,NA,20,0,20,20,0,0,0,0,1,0,1,1
44,"survival",1,"Purely rule-based","Random forest",TRUE,"C-index",0.865835804539349,0.600000000000364,NA,NA,NA,NA,NA,NA,NA,NA,NA,NA,NA,NA,NA
44,"survival",1,"Purely rule-based","RuleFit",TRUE,"C-index",0.879109848103523,95.2799999999997,NA,59,59,0,0,52,7,0,0,0,0.88135593220339,0.88135593220339,2.11864406779661
45,"survival",1,"Purely rule-based","BRP-GABLE full",TRUE,"C-index",0.86910712934782,666.6,NA,30,29,1,24,6,0,0,0,0.8,0.2,1,1.2
45,"survival",1,"Purely rule-based","BRP-GABLE rule-only",TRUE,"C-index",0.869118768149256,725.12,NA,30,30,0,24,6,0,0,0,0.8,0.2,1,1.2
45,"survival",1,"Purely rule-based","GABLE",TRUE,"C-index",0.82760461827641,13.9000000000005,NA,5,5,0,5,0,0,0,0,1,0,1,1
45,"survival",1,"Purely rule-based","GBM",TRUE,"C-index",0.860474048382498,0.130000000000109,NA,NA,NA,NA,NA,NA,NA,NA,NA,NA,NA,NA,NA
45,"survival",1,"Purely rule-based","Linear",TRUE,"C-index",0.777879293990305,0.0100000000002183,NA,20,0,20,20,0,0,0,0,1,0,1,1
45,"survival",1,"Purely rule-based","Random forest",TRUE,"C-index",0.851707121200659,0.859999999999673,NA,NA,NA,NA,NA,NA,NA,NA,NA,NA,NA,NA,NA
45,"survival",1,"Purely rule-based","RuleFit",TRUE,"C-index",0.866500037826105,95.8499999999995,NA,52,52,0,0,45,7,0,0,0,0.865384615384615,0.865384615384615,2.13461538461538
46,"survival",1,"Purely rule-based","BRP-GABLE full",TRUE,"C-index",0.878291320963371,682.69,NA,38,35,3,32,6,0,0,0,0.842105263157895,0.157894736842105,1,1.15789473684211
46,"survival",1,"Purely rule-based","BRP-GABLE rule-only",TRUE,"C-index",0.879130800399725,576.009999999999,NA,35,35,0,29,6,0,0,0,0.828571428571429,0.171428571428571,1,1.17142857142857
46,"survival",1,"Purely rule-based","GABLE",TRUE,"C-index",0.828983783503581,11.6700000000001,NA,5,5,0,5,0,0,0,0,1,0,1,1
46,"survival",1,"Purely rule-based","GBM",TRUE,"C-index",0.86200282802335,0.0999999999994543,NA,NA,NA,NA,NA,NA,NA,NA,NA,NA,NA,NA,NA
46,"survival",1,"Purely rule-based","Linear",TRUE,"C-index",0.776367285932744,0.0300000000006548,NA,20,0,20,20,0,0,0,0,1,0,1,1
46,"survival",1,"Purely rule-based","Random forest",TRUE,"C-index",0.850898084604552,0.640000000000327,NA,NA,NA,NA,NA,NA,NA,NA,NA,NA,NA,NA,NA
46,"survival",1,"Purely rule-based","RuleFit",TRUE,"C-index",0.872469682264953,98.8800000000001,NA,70,70,0,1,52,17,0,0,0.0142857142857143,0.742857142857143,0.757142857142857,2.22857142857143
47,"survival",1,"Purely rule-based","BRP-GABLE full",TRUE,"C-index",0.860572932304269,593.08,NA,38,35,3,29,9,0,0,0,0.763157894736842,0.236842105263158,1,1.23684210526316
47,"survival",1,"Purely rule-based","BRP-GABLE rule-only",TRUE,"C-index",0.861141037188793,583.320000000001,NA,34,34,0,26,8,0,0,0,0.764705882352941,0.235294117647059,1,1.23529411764706
47,"survival",1,"Purely rule-based","GABLE",TRUE,"C-index",0.839095329765752,11.7700000000004,NA,5,5,0,4,1,0,0,0,0.8,0.2,1,1.2
47,"survival",1,"Purely rule-based","GBM",TRUE,"C-index",0.847168011868388,0.109999999999673,NA,NA,NA,NA,NA,NA,NA,NA,NA,NA,NA,NA,NA
47,"survival",1,"Purely rule-based","Linear",TRUE,"C-index",0.754293165668804,0.0200000000004366,NA,20,0,20,20,0,0,0,0,1,0,1,1
47,"survival",1,"Purely rule-based","Random forest",TRUE,"C-index",0.839891559668674,0.619999999999891,NA,NA,NA,NA,NA,NA,NA,NA,NA,NA,NA,NA,NA
47,"survival",1,"Purely rule-based","RuleFit",TRUE,"C-index",0.859441137858156,89.3899999999994,NA,60,60,0,0,50,10,0,0,0,0.833333333333333,0.833333333333333,2.16666666666667
48,"survival",1,"Purely rule-based","BRP-GABLE full",TRUE,"C-index",0.866159669961012,580.52,NA,36,35,1,31,5,0,0,0,0.861111111111111,0.138888888888889,1,1.13888888888889
48,"survival",1,"Purely rule-based","BRP-GABLE rule-only",TRUE,"C-index",0.866692356514643,574.96,NA,36,36,0,31,5,0,0,0,0.861111111111111,0.138888888888889,1,1.13888888888889
48,"survival",1,"Purely rule-based","GABLE",TRUE,"C-index",0.826198261401759,12.2399999999998,NA,5,5,0,5,0,0,0,0,1,0,1,1
48,"survival",1,"Purely rule-based","GBM",TRUE,"C-index",0.854432065463777,0.110000000000582,NA,NA,NA,NA,NA,NA,NA,NA,NA,NA,NA,NA,NA
48,"survival",1,"Purely rule-based","Linear",TRUE,"C-index",0.768105675945235,0.0199999999995271,NA,20,0,20,20,0,0,0,0,1,0,1,1
48,"survival",1,"Purely rule-based","Random forest",TRUE,"C-index",0.850646590806057,0.619999999999891,NA,NA,NA,NA,NA,NA,NA,NA,NA,NA,NA,NA,NA
48,"survival",1,"Purely rule-based","RuleFit",TRUE,"C-index",0.86618942107172,79.5600000000004,NA,54,54,0,0,45,9,0,0,0,0.833333333333333,0.833333333333333,2.16666666666667
49,"survival",1,"Purely rule-based","BRP-GABLE full",TRUE,"C-index",0.873255982386002,703.839999999999,NA,26,25,1,16,10,0,0,0,0.615384615384615,0.384615384615385,1,1.38461538461538
49,"survival",1,"Purely rule-based","BRP-GABLE rule-only",TRUE,"C-index",0.873570311142013,718.73,NA,27,27,0,16,11,0,0,0,0.592592592592593,0.407407407407407,1,1.40740740740741
49,"survival",1,"Purely rule-based","GABLE",TRUE,"C-index",0.836097108754853,10.2200000000003,NA,5,5,0,4,1,0,0,0,0.8,0.2,1,1.2
49,"survival",1,"Purely rule-based","GBM",TRUE,"C-index",0.864095544353671,0.0800000000008367,NA,NA,NA,NA,NA,NA,NA,NA,NA,NA,NA,NA,NA
49,"survival",1,"Purely rule-based","Linear",TRUE,"C-index",0.760003476447071,0.0299999999997453,NA,20,0,20,20,0,0,0,0,1,0,1,1
49,"survival",1,"Purely rule-based","Random forest",TRUE,"C-index",0.850819862100933,0.639999999999418,NA,NA,NA,NA,NA,NA,NA,NA,NA,NA,NA,NA,NA
49,"survival",1,"Purely rule-based","RuleFit",TRUE,"C-index",0.868381713888406,67.8099999999995,NA,58,58,0,0,47,11,0,0,0,0.810344827586207,0.810344827586207,2.18965517241379
50,"survival",1,"Purely rule-based","BRP-GABLE full",TRUE,"C-index",0.885489238639171,540.46,NA,24,24,0,17,7,0,0,0,0.708333333333333,0.291666666666667,1,1.29166666666667
50,"survival",1,"Purely rule-based","BRP-GABLE rule-only",TRUE,"C-index",0.885442734446527,535.7,NA,25,25,0,18,7,0,0,0,0.72,0.28,1,1.28
50,"survival",1,"Purely rule-based","GABLE",TRUE,"C-index",0.838512737789016,12.0299999999997,NA,5,5,0,5,0,0,0,0,1,0,1,1
50,"survival",1,"Purely rule-based","GBM",TRUE,"C-index",0.868698318582785,0.110000000000582,NA,NA,NA,NA,NA,NA,NA,NA,NA,NA,NA,NA,NA
50,"survival",1,"Purely rule-based","Linear",TRUE,"C-index",0.767237796282571,0.00999999999930878,NA,20,0,20,20,0,0,0,0,1,0,1,1
50,"survival",1,"Purely rule-based","Random forest",TRUE,"C-index",0.870852044004592,0.829999999999927,NA,NA,NA,NA,NA,NA,NA,NA,NA,NA,NA,NA,NA
50,"survival",1,"Purely rule-based","RuleFit",TRUE,"C-index",0.881013210097223,82.6700000000001,NA,46,46,0,0,39,7,0,0,0,0.847826086956522,0.847826086956522,2.15217391304348
51,"survival",1,"Purely rule-based","BRP-GABLE full",TRUE,"C-index",0.867950378277661,535.32,NA,27,25,2,18,9,0,0,0,0.666666666666667,0.333333333333333,1,1.33333333333333
51,"survival",1,"Purely rule-based","BRP-GABLE rule-only",TRUE,"C-index",0.86850272423371,534.33,NA,26,26,0,17,9,0,0,0,0.653846153846154,0.346153846153846,1,1.34615384615385
51,"survival",1,"Purely rule-based","GABLE",TRUE,"C-index",0.836070065733495,11.7799999999997,NA,5,5,0,5,0,0,0,0,1,0,1,1
51,"survival",1,"Purely rule-based","GBM",TRUE,"C-index",0.862304335411,0.100000000000364,NA,NA,NA,NA,NA,NA,NA,NA,NA,NA,NA,NA,NA
51,"survival",1,"Purely rule-based","Linear",TRUE,"C-index",0.770968235059979,0.0399999999999636,NA,20,0,20,20,0,0,0,0,1,0,1,1
51,"survival",1,"Purely rule-based","Random forest",TRUE,"C-index",0.854921936066316,0.630000000000109,NA,NA,NA,NA,NA,NA,NA,NA,NA,NA,NA,NA,NA
51,"survival",1,"Purely rule-based","RuleFit",TRUE,"C-index",0.86943291520408,91.6900000000005,NA,55,55,0,3,45,7,0,0,0.0545454545454545,0.818181818181818,0.872727272727273,2.07272727272727
52,"survival",1,"Purely rule-based","BRP-GABLE full",TRUE,"C-index",0.856013984817462,528.02,NA,34,32,2,26,8,0,0,0,0.764705882352941,0.235294117647059,1,1.23529411764706
52,"survival",1,"Purely rule-based","BRP-GABLE rule-only",TRUE,"C-index",0.856446019859353,526.75,NA,32,32,0,24,8,0,0,0,0.75,0.25,1,1.25
52,"survival",1,"Purely rule-based","GABLE",TRUE,"C-index",0.821921714680066,12.0500000000002,NA,5,5,0,5,0,0,0,0,1,0,1,1
52,"survival",1,"Purely rule-based","GBM",TRUE,"C-index",0.851367112865234,0.109999999999673,NA,NA,NA,NA,NA,NA,NA,NA,NA,NA,NA,NA,NA
52,"survival",1,"Purely rule-based","Linear",TRUE,"C-index",0.763609816748701,0.0200000000004366,NA,20,0,20,20,0,0,0,0,1,0,1,1
52,"survival",1,"Purely rule-based","Random forest",TRUE,"C-index",0.844552936412427,0.670000000000073,NA,NA,NA,NA,NA,NA,NA,NA,NA,NA,NA,NA,NA
52,"survival",1,"Purely rule-based","RuleFit",TRUE,"C-index",0.860116178928097,86.54,NA,58,58,0,1,50,7,0,0,0.0172413793103448,0.862068965517241,0.879310344827586,2.10344827586207
53,"survival",1,"Purely rule-based","BRP-GABLE full",TRUE,"C-index",0.873325812526257,558.079999999999,NA,35,34,1,32,3,0,0,0,0.914285714285714,0.0857142857142857,1,1.08571428571429
53,"survival",1,"Purely rule-based","BRP-GABLE rule-only",TRUE,"C-index",0.873196548654627,552.249999999999,NA,37,37,0,34,3,0,0,0,0.918918918918919,0.0810810810810811,1,1.08108108108108
53,"survival",1,"Purely rule-based","GABLE",TRUE,"C-index",0.836688318365165,10.1999999999998,NA,5,5,0,4,1,0,0,0,0.8,0.2,1,1.2
53,"survival",1,"Purely rule-based","GBM",TRUE,"C-index",0.858229848790648,0.0900000000001455,NA,NA,NA,NA,NA,NA,NA,NA,NA,NA,NA,NA,NA
53,"survival",1,"Purely rule-based","Linear",TRUE,"C-index",0.789990275831475,0.0399999999999636,NA,20,0,20,20,0,0,0,0,1,0,1,1
53,"survival",1,"Purely rule-based","Random forest",TRUE,"C-index",0.850256618163337,0.659999999999854,NA,NA,NA,NA,NA,NA,NA,NA,NA,NA,NA,NA,NA
53,"survival",1,"Purely rule-based","RuleFit",TRUE,"C-index",0.868451977002782,96.2500000000009,NA,55,55,0,1,46,8,0,0,0.0181818181818182,0.836363636363636,0.854545454545454,2.12727272727273
54,"survival",1,"Purely rule-based","BRP-GABLE full",TRUE,"C-index",0.875098231087693,543.01,NA,34,32,2,32,2,0,0,0,0.941176470588235,0.0588235294117647,1,1.05882352941176
54,"survival",1,"Purely rule-based","BRP-GABLE rule-only",TRUE,"C-index",0.875289424162589,538.630000000001,NA,32,32,0,30,2,0,0,0,0.9375,0.0625,1,1.0625
54,"survival",1,"Purely rule-based","GABLE",TRUE,"C-index",0.839111780203237,11.75,NA,5,5,0,5,0,0,0,0,1,0,1,1
54,"survival",1,"Purely rule-based","GBM",TRUE,"C-index",0.875572450131727,0.0600000000013097,NA,NA,NA,NA,NA,NA,NA,NA,NA,NA,NA,NA,NA
54,"survival",1,"Purely rule-based","Linear",TRUE,"C-index",0.800831012420023,0.0299999999988358,NA,20,0,20,20,0,0,0,0,1,0,1,1
54,"survival",1,"Purely rule-based","Random forest",TRUE,"C-index",0.871238238614979,0.6299999999992,NA,NA,NA,NA,NA,NA,NA,NA,NA,NA,NA,NA,NA
54,"survival",1,"Purely rule-based","RuleFit",TRUE,"C-index",0.879947308995107,97.8899999999994,NA,76,76,0,3,59,14,0,0,0.0394736842105263,0.776315789473684,0.815789473684211,2.14473684210526
55,"survival",1,"Purely rule-based","BRP-GABLE full",TRUE,"C-index",0.865566659234184,530.720000000001,NA,27,25,2,22,5,0,0,0,0.814814814814815,0.185185185185185,1,1.18518518518519
55,"survival",1,"Purely rule-based","BRP-GABLE rule-only",TRUE,"C-index",0.864986056855596,523.700000000001,NA,25,25,0,20,5,0,0,0,0.8,0.2,1,1.2
55,"survival",1,"Purely rule-based","GABLE",TRUE,"C-index",0.818491534209208,12.2600000000002,NA,5,5,0,5,0,0,0,0,1,0,1,1
55,"survival",1,"Purely rule-based","GBM",TRUE,"C-index",0.857807436922836,0.0799999999999272,NA,NA,NA,NA,NA,NA,NA,NA,NA,NA,NA,NA,NA
55,"survival",1,"Purely rule-based","Linear",TRUE,"C-index",0.772091124167827,0.0300000000006548,NA,20,0,20,20,0,0,0,0,1,0,1,1
55,"survival",1,"Purely rule-based","Random forest",TRUE,"C-index",0.858880320619927,0.68999999999869,NA,NA,NA,NA,NA,NA,NA,NA,NA,NA,NA,NA,NA
55,"survival",1,"Purely rule-based","RuleFit",TRUE,"C-index",0.870021805166637,80.9400000000005,NA,67,67,0,1,53,13,0,0,0.0149253731343284,0.791044776119403,0.805970149253731,2.17910447761194
56,"survival",1,"Purely rule-based","BRP-GABLE full",TRUE,"C-index",0.867147478526502,497.309999999998,NA,38,37,1,30,8,0,0,0,0.789473684210526,0.210526315789474,1,1.21052631578947
56,"survival",1,"Purely rule-based","BRP-GABLE rule-only",TRUE,"C-index",0.867279051075892,494.51,NA,38,38,0,30,8,0,0,0,0.789473684210526,0.210526315789474,1,1.21052631578947
56,"survival",1,"Purely rule-based","GABLE",TRUE,"C-index",0.818956172039689,9.35000000000036,NA,5,5,0,3,2,0,0,0,0.6,0.4,1,1.4
56,"survival",1,"Purely rule-based","GBM",TRUE,"C-index",0.857933109659999,0.0799999999999272,NA,NA,NA,NA,NA,NA,NA,NA,NA,NA,NA,NA,NA
56,"survival",1,"Purely rule-based","Linear",TRUE,"C-index",0.772047697909427,0.0100000000002183,NA,20,0,20,20,0,0,0,0,1,0,1,1
56,"survival",1,"Purely rule-based","Random forest",TRUE,"C-index",0.852026646301524,0.699999999998909,NA,NA,NA,NA,NA,NA,NA,NA,NA,NA,NA,NA,NA
56,"survival",1,"Purely rule-based","RuleFit",TRUE,"C-index",0.864467402900889,84.5,NA,54,54,0,1,47,6,0,0,0.0185185185185185,0.87037037037037,0.888888888888889,2.09259259259259
57,"survival",1,"Purely rule-based","BRP-GABLE full",TRUE,"C-index",0.870803278830025,525.01,NA,41,39,2,35,6,0,0,0,0.853658536585366,0.146341463414634,1,1.14634146341463
57,"survival",1,"Purely rule-based","BRP-GABLE rule-only",TRUE,"C-index",0.870901102821647,522.59,NA,39,39,0,33,6,0,0,0,0.846153846153846,0.153846153846154,1,1.15384615384615
57,"survival",1,"Purely rule-based","GABLE",TRUE,"C-index",0.839800266426518,9.79000000000087,NA,5,5,0,4,1,0,0,0,0.8,0.2,1,1.2
57,"survival",1,"Purely rule-based","GBM",TRUE,"C-index",0.865525099046792,0.0799999999999272,NA,NA,NA,NA,NA,NA,NA,NA,NA,NA,NA,NA,NA
57,"survival",1,"Purely rule-based","Linear",TRUE,"C-index",0.783947082974885,0.0300000000006548,NA,20,0,20,20,0,0,0,0,1,0,1,1
57,"survival",1,"Purely rule-based","Random forest",TRUE,"C-index",0.856466309705003,0.609999999998763,NA,NA,NA,NA,NA,NA,NA,NA,NA,NA,NA,NA,NA
57,"survival",1,"Purely rule-based","RuleFit",TRUE,"C-index",0.872155551655383,93.9599999999991,NA,62,62,0,0,53,9,0,0,0,0.854838709677419,0.854838709677419,2.14516129032258
58,"survival",1,"Purely rule-based","BRP-GABLE full",TRUE,"C-index",0.87655112569523,528.279999999999,NA,28,27,1,22,6,0,0,0,0.785714285714286,0.214285714285714,1,1.21428571428571
58,"survival",1,"Purely rule-based","BRP-GABLE rule-only",TRUE,"C-index",0.877016093206736,525.85,NA,28,28,0,22,6,0,0,0,0.785714285714286,0.214285714285714,1,1.21428571428571
58,"survival",1,"Purely rule-based","GABLE",TRUE,"C-index",0.833670459458979,11.4799999999996,NA,5,5,0,5,0,0,0,0,1,0,1,1
58,"survival",1,"Purely rule-based","GBM",TRUE,"C-index",0.872518939281758,0.0799999999999272,NA,NA,NA,NA,NA,NA,NA,NA,NA,NA,NA,NA,NA
58,"survival",1,"Purely rule-based","Linear",TRUE,"C-index",0.777348678248405,0.0200000000004366,NA,20,0,20,20,0,0,0,0,1,0,1,1
58,"survival",1,"Purely rule-based","Random forest",TRUE,"C-index",0.85433189795592,0.610000000000582,NA,NA,NA,NA,NA,NA,NA,NA,NA,NA,NA,NA,NA
58,"survival",1,"Purely rule-based","RuleFit",TRUE,"C-index",0.874759371908854,78.7700000000004,NA,57,57,0,0,46,11,0,0,0,0.807017543859649,0.807017543859649,2.19298245614035
59,"survival",1,"Purely rule-based","BRP-GABLE full",TRUE,"C-index",0.873719279113651,491.57,NA,41,39,2,29,12,0,0,0,0.707317073170732,0.292682926829268,1,1.29268292682927
59,"survival",1,"Purely rule-based","BRP-GABLE rule-only",TRUE,"C-index",0.874118946818502,489.640000000001,NA,39,39,0,27,12,0,0,0,0.692307692307692,0.307692307692308,1,1.30769230769231
59,"survival",1,"Purely rule-based","GABLE",TRUE,"C-index",0.826716929638501,9.14000000000124,NA,5,5,0,3,2,0,0,0,0.6,0.4,1,1.4
59,"survival",1,"Purely rule-based","GBM",TRUE,"C-index",0.862104650133746,0.069999999999709,NA,NA,NA,NA,NA,NA,NA,NA,NA,NA,NA,NA,NA
59,"survival",1,"Purely rule-based","Linear",TRUE,"C-index",0.779680322931505,0.0200000000004366,NA,20,0,20,20,0,0,0,0,1,0,1,1
59,"survival",1,"Purely rule-based","Random forest",TRUE,"C-index",0.862697014767722,0.639999999999418,NA,NA,NA,NA,NA,NA,NA,NA,NA,NA,NA,NA,NA
59,"survival",1,"Purely rule-based","RuleFit",TRUE,"C-index",0.875255145008008,88.2899999999991,NA,67,67,0,1,53,13,0,0,0.0149253731343284,0.791044776119403,0.805970149253731,2.17910447761194
60,"survival",1,"Purely rule-based","BRP-GABLE full",TRUE,"C-index",0.86887484266404,532.779999999999,NA,33,31,2,29,4,0,0,0,0.878787878787879,0.121212121212121,1,1.12121212121212
60,"survival",1,"Purely rule-based","BRP-GABLE rule-only",TRUE,"C-index",0.868828325945384,524.93,NA,31,31,0,26,5,0,0,0,0.838709677419355,0.161290322580645,1,1.16129032258065
60,"survival",1,"Purely rule-based","GABLE",TRUE,"C-index",0.833735566135829,12.0500000000011,NA,5,5,0,5,0,0,0,0,1,0,1,1
60,"survival",1,"Purely rule-based","GBM",TRUE,"C-index",0.851626717014174,0.069999999999709,NA,NA,NA,NA,NA,NA,NA,NA,NA,NA,NA,NA,NA
60,"survival",1,"Purely rule-based","Linear",TRUE,"C-index",0.760923220051442,0.0199999999986176,NA,20,0,20,20,0,0,0,0,1,0,1,1
60,"survival",1,"Purely rule-based","Random forest",TRUE,"C-index",0.842198872653642,0.610000000000582,NA,NA,NA,NA,NA,NA,NA,NA,NA,NA,NA,NA,NA
60,"survival",1,"Purely rule-based","RuleFit",TRUE,"C-index",0.865238329776173,99.7999999999993,NA,60,60,0,1,50,9,0,0,0.0166666666666667,0.833333333333333,0.85,2.13333333333333
61,"survival",1,"Purely rule-based","BRP-GABLE full",TRUE,"C-index",0.87213717048477,519.799999999999,NA,41,38,3,33,8,0,0,0,0.804878048780488,0.195121951219512,1,1.19512195121951
61,"survival",1,"Purely rule-based","BRP-GABLE rule-only",TRUE,"C-index",0.871972618559662,518.4,NA,40,40,0,33,7,0,0,0,0.825,0.175,1,1.175
61,"survival",1,"Purely rule-based","GABLE",TRUE,"C-index",0.828684990770133,11.6599999999999,NA,5,5,0,5,0,0,0,0,1,0,1,1
61,"survival",1,"Purely rule-based","GBM",TRUE,"C-index",0.865899156596587,0.0999999999985448,NA,NA,NA,NA,NA,NA,NA,NA,NA,NA,NA,NA,NA
61,"survival",1,"Purely rule-based","Linear",TRUE,"C-index",0.778546019189746,0.0300000000006548,NA,20,0,20,20,0,0,0,0,1,0,1,1
61,"survival",1,"Purely rule-based","Random forest",TRUE,"C-index",0.848330994701428,0.710000000000946,NA,NA,NA,NA,NA,NA,NA,NA,NA,NA,NA,NA,NA
61,"survival",1,"Purely rule-based","RuleFit",TRUE,"C-index",0.871519352802319,96.1700000000001,NA,60,60,0,4,43,13,0,0,0.0666666666666667,0.716666666666667,0.783333333333333,2.15
62,"survival",1,"Purely rule-based","BRP-GABLE full",TRUE,"C-index",0.874044373477258,550.599999999999,NA,28,26,2,23,5,0,0,0,0.821428571428571,0.178571428571429,1,1.17857142857143
62,"survival",1,"Purely rule-based","BRP-GABLE rule-only",TRUE,"C-index",0.874087091271723,544.719999999999,NA,23,23,0,18,5,0,0,0,0.782608695652174,0.217391304347826,1,1.21739130434783
62,"survival",1,"Purely rule-based","GABLE",TRUE,"C-index",0.834098816569791,11.4200000000001,NA,5,5,0,4,1,0,0,0,0.8,0.2,1,1.2
62,"survival",1,"Purely rule-based","GBM",TRUE,"C-index",0.861990590300998,0.0900000000001455,NA,NA,NA,NA,NA,NA,NA,NA,NA,NA,NA,NA,NA
62,"survival",1,"Purely rule-based","Linear",TRUE,"C-index",0.759204211679929,0.0300000000006548,NA,20,0,20,20,0,0,0,0,1,0,1,1
62,"survival",1,"Purely rule-based","Random forest",TRUE,"C-index",0.850717511644282,0.690000000000509,NA,NA,NA,NA,NA,NA,NA,NA,NA,NA,NA,NA,NA
62,"survival",1,"Purely rule-based","RuleFit",TRUE,"C-index",0.869762282838936,91.4699999999993,NA,62,62,0,0,44,18,0,0,0,0.709677419354839,0.709677419354839,2.29032258064516
63,"survival",1,"Purely rule-based","BRP-GABLE full",TRUE,"C-index",0.88384819673262,531.700000000001,NA,30,29,1,26,4,0,0,0,0.866666666666667,0.133333333333333,1,1.13333333333333
63,"survival",1,"Purely rule-based","BRP-GABLE rule-only",TRUE,"C-index",0.883705924282315,530.580000000002,NA,33,33,0,29,4,0,0,0,0.878787878787879,0.121212121212121,1,1.12121212121212
63,"survival",1,"Purely rule-based","GABLE",TRUE,"C-index",0.844272024924984,11.5499999999993,NA,5,5,0,5,0,0,0,0,1,0,1,1
63,"survival",1,"Purely rule-based","GBM",TRUE,"C-index",0.870023338430232,0.0800000000017462,NA,NA,NA,NA,NA,NA,NA,NA,NA,NA,NA,NA,NA
63,"survival",1,"Purely rule-based","Linear",TRUE,"C-index",0.776885181821317,0,NA,20,0,20,20,0,0,0,0,1,0,1,1
63,"survival",1,"Purely rule-based","Random forest",TRUE,"C-index",0.859521044825882,0.639999999999418,NA,NA,NA,NA,NA,NA,NA,NA,NA,NA,NA,NA,NA
63,"survival",1,"Purely rule-based","RuleFit",TRUE,"C-index",0.879878939078649,93.6900000000005,NA,58,58,0,0,47,11,0,0,0,0.810344827586207,0.810344827586207,2.18965517241379
64,"survival",1,"Purely rule-based","BRP-GABLE full",TRUE,"C-index",0.879828061733466,519.629999999997,NA,22,22,0,18,4,0,0,0,0.818181818181818,0.181818181818182,1,1.18181818181818
64,"survival",1,"Purely rule-based","BRP-GABLE rule-only",TRUE,"C-index",0.879828061733466,515.209999999999,NA,22,22,0,18,4,0,0,0,0.818181818181818,0.181818181818182,1,1.18181818181818
64,"survival",1,"Purely rule-based","GABLE",TRUE,"C-index",0.839560471803298,11.6400000000012,NA,5,5,0,4,1,0,0,0,0.8,0.2,1,1.2
64,"survival",1,"Purely rule-based","GBM",TRUE,"C-index",0.876499325156974,0.0900000000001455,NA,NA,NA,NA,NA,NA,NA,NA,NA,NA,NA,NA,NA
64,"survival",1,"Purely rule-based","Linear",TRUE,"C-index",0.780426618156212,0.0199999999986176,NA,20,0,20,20,0,0,0,0,1,0,1,1
64,"survival",1,"Purely rule-based","Random forest",TRUE,"C-index",0.863696379320462,0.659999999999854,NA,NA,NA,NA,NA,NA,NA,NA,NA,NA,NA,NA,NA
64,"survival",1,"Purely rule-based","RuleFit",TRUE,"C-index",0.87935420456546,85.0699999999997,NA,54,54,0,0,44,10,0,0,0,0.814814814814815,0.814814814814815,2.18518518518519
65,"survival",1,"Purely rule-based","BRP-GABLE full",TRUE,"C-index",0.88005488863353,536.049999999999,NA,30,28,2,25,5,0,0,0,0.833333333333333,0.166666666666667,1,1.16666666666667
65,"survival",1,"Purely rule-based","BRP-GABLE rule-only",TRUE,"C-index",0.880579020072859,533.99,NA,30,30,0,25,5,0,0,0,0.833333333333333,0.166666666666667,1,1.16666666666667
65,"survival",1,"Purely rule-based","GABLE",TRUE,"C-index",0.850144250751815,11.9200000000001,NA,5,5,0,4,1,0,0,0,0.8,0.2,1,1.2
65,"survival",1,"Purely rule-based","GBM",TRUE,"C-index",0.867498655289602,0.0400000000008731,NA,NA,NA,NA,NA,NA,NA,NA,NA,NA,NA,NA,NA
65,"survival",1,"Purely rule-based","Linear",TRUE,"C-index",0.77477323292829,0.0199999999986176,NA,20,0,20,20,0,0,0,0,1,0,1,1
65,"survival",1,"Purely rule-based","Random forest",TRUE,"C-index",0.859777267059485,0.690000000000509,NA,NA,NA,NA,NA,NA,NA,NA,NA,NA,NA,NA,NA
65,"survival",1,"Purely rule-based","RuleFit",TRUE,"C-index",0.87763288183663,95.7399999999998,NA,63,63,0,0,46,17,0,0,0,0.73015873015873,0.73015873015873,2.26984126984127
66,"survival",1,"Purely rule-based","BRP-GABLE full",TRUE,"C-index",0.868989111493297,549.049999999999,NA,35,35,0,31,4,0,0,0,0.885714285714286,0.114285714285714,1,1.11428571428571
66,"survival",1,"Purely rule-based","BRP-GABLE rule-only",TRUE,"C-index",0.868684438319343,546.1,NA,34,34,0,30,4,0,0,0,0.882352941176471,0.117647058823529,1,1.11764705882353
66,"survival",1,"Purely rule-based","GABLE",TRUE,"C-index",0.832213350949327,11.7000000000007,NA,5,5,0,5,0,0,0,0,1,0,1,1
66,"survival",1,"Purely rule-based","GBM",TRUE,"C-index",0.852814382851741,0.0599999999994907,NA,NA,NA,NA,NA,NA,NA,NA,NA,NA,NA,NA,NA
66,"survival",1,"Purely rule-based","Linear",TRUE,"C-index",0.774883540814816,0.0300000000006548,NA,20,0,20,20,0,0,0,0,1,0,1,1
66,"survival",1,"Purely rule-based","Random forest",TRUE,"C-index",0.853574642080206,0.719999999999345,NA,NA,NA,NA,NA,NA,NA,NA,NA,NA,NA,NA,NA
66,"survival",1,"Purely rule-based","RuleFit",TRUE,"C-index",0.866079055570109,99.8099999999995,NA,65,65,0,3,54,8,0,0,0.0461538461538462,0.830769230769231,0.876923076923077,2.07692307692308
67,"survival",1,"Purely rule-based","BRP-GABLE full",TRUE,"C-index",0.884620507604378,523.51,NA,30,28,2,25,5,0,0,0,0.833333333333333,0.166666666666667,1,1.16666666666667
67,"survival",1,"Purely rule-based","BRP-GABLE rule-only",TRUE,"C-index",0.884426765475153,521.59,NA,30,30,0,25,5,0,0,0,0.833333333333333,0.166666666666667,1,1.16666666666667
67,"survival",1,"Purely rule-based","GABLE",TRUE,"C-index",0.855545565727017,11.5500000000011,NA,5,5,0,5,0,0,0,0,1,0,1,1
67,"survival",1,"Purely rule-based","GBM",TRUE,"C-index",0.883058461687494,0.0799999999999272,NA,NA,NA,NA,NA,NA,NA,NA,NA,NA,NA,NA,NA
67,"survival",1,"Purely rule-based","Linear",TRUE,"C-index",0.799591930640318,0.0100000000002183,NA,20,0,20,20,0,0,0,0,1,0,1,1
67,"survival",1,"Purely rule-based","Random forest",TRUE,"C-index",0.871987915334689,0.659999999999854,NA,NA,NA,NA,NA,NA,NA,NA,NA,NA,NA,NA,NA
67,"survival",1,"Purely rule-based","RuleFit",TRUE,"C-index",0.887005957570474,85.6399999999994,NA,53,53,0,1,44,8,0,0,0.0188679245283019,0.830188679245283,0.849056603773585,2.13207547169811
68,"survival",1,"Purely rule-based","BRP-GABLE full",TRUE,"C-index",0.874070532942444,514.41,NA,42,41,1,38,4,0,0,0,0.904761904761905,0.0952380952380952,1,1.0952380952381
68,"survival",1,"Purely rule-based","BRP-GABLE rule-only",TRUE,"C-index",0.87506983602214,509.959999999999,NA,41,41,0,37,4,0,0,0,0.902439024390244,0.0975609756097561,1,1.09756097560976
68,"survival",1,"Purely rule-based","GABLE",TRUE,"C-index",0.842137471849604,11.630000000001,NA,5,5,0,5,0,0,0,0,1,0,1,1
68,"survival",1,"Purely rule-based","GBM",TRUE,"C-index",0.864752823679163,0.0799999999999272,NA,NA,NA,NA,NA,NA,NA,NA,NA,NA,NA,NA,NA
68,"survival",1,"Purely rule-based","Linear",TRUE,"C-index",0.767824744702542,0.0100000000002183,NA,20,0,20,20,0,0,0,0,1,0,1,1
68,"survival",1,"Purely rule-based","Random forest",TRUE,"C-index",0.856869272726225,0.590000000000146,NA,NA,NA,NA,NA,NA,NA,NA,NA,NA,NA,NA,NA
68,"survival",1,"Purely rule-based","RuleFit",TRUE,"C-index",0.87095599034679,98.4699999999993,NA,59,59,0,0,53,6,0,0,0,0.898305084745763,0.898305084745763,2.10169491525424
69,"survival",1,"Purely rule-based","BRP-GABLE full",TRUE,"C-index",0.869005612522793,518.080000000002,NA,32,30,2,26,6,0,0,0,0.8125,0.1875,1,1.1875
69,"survival",1,"Purely rule-based","BRP-GABLE rule-only",TRUE,"C-index",0.869079617306463,513.83,NA,31,31,0,25,6,0,0,0,0.806451612903226,0.193548387096774,1,1.19354838709677
69,"survival",1,"Purely rule-based","GABLE",TRUE,"C-index",0.820085490326095,10.75,NA,5,5,0,4,1,0,0,0,0.8,0.2,1,1.2
69,"survival",1,"Purely rule-based","GBM",TRUE,"C-index",0.856025173467213,0.0799999999999272,NA,NA,NA,NA,NA,NA,NA,NA,NA,NA,NA,NA,NA
69,"survival",1,"Purely rule-based","Linear",TRUE,"C-index",0.75697125062164,0.0200000000004366,NA,20,0,20,20,0,0,0,0,1,0,1,1
69,"survival",1,"Purely rule-based","Random forest",TRUE,"C-index",0.847896488028986,0.590000000000146,NA,NA,NA,NA,NA,NA,NA,NA,NA,NA,NA,NA,NA
69,"survival",1,"Purely rule-based","RuleFit",TRUE,"C-index",0.863478935278376,99.5599999999995,NA,52,52,0,1,45,6,0,0,0.0192307692307692,0.865384615384615,0.884615384615385,2.09615384615385
70,"survival",1,"Purely rule-based","BRP-GABLE full",TRUE,"C-index",0.862392419612571,516.599999999999,NA,34,34,0,25,9,0,0,0,0.735294117647059,0.264705882352941,1,1.26470588235294
70,"survival",1,"Purely rule-based","BRP-GABLE rule-only",TRUE,"C-index",0.862271873510695,515.09,NA,34,34,0,25,9,0,0,0,0.735294117647059,0.264705882352941,1,1.26470588235294
70,"survival",1,"Purely rule-based","GABLE",TRUE,"C-index",0.826266434919122,11.6800000000003,NA,5,5,0,5,0,0,0,0,1,0,1,1
70,"survival",1,"Purely rule-based","GBM",TRUE,"C-index",0.854380308934429,0.0799999999999272,NA,NA,NA,NA,NA,NA,NA,NA,NA,NA,NA,NA,NA
70,"survival",1,"Purely rule-based","Linear",TRUE,"C-index",0.768016035434947,0.0200000000004366,NA,20,0,20,20,0,0,0,0,1,0,1,1
70,"survival",1,"Purely rule-based","Random forest",TRUE,"C-index",0.844728210591237,0.600000000000364,NA,NA,NA,NA,NA,NA,NA,NA,NA,NA,NA,NA,NA
70,"survival",1,"Purely rule-based","RuleFit",TRUE,"C-index",0.86021137618794,98.0399999999991,NA,64,64,0,1,47,16,0,0,0.015625,0.734375,0.75,2.234375
71,"survival",1,"Purely rule-based","BRP-GABLE full",TRUE,"C-index",0.857537939175621,528.449999999999,NA,36,33,3,33,3,0,0,0,0.916666666666667,0.0833333333333333,1,1.08333333333333
71,"survival",1,"Purely rule-based","BRP-GABLE rule-only",TRUE,"C-index",0.857650509303769,524.610000000001,NA,31,31,0,28,3,0,0,0,0.903225806451613,0.0967741935483871,1,1.09677419354839
71,"survival",1,"Purely rule-based","GABLE",TRUE,"C-index",0.812447517980796,11.3200000000015,NA,5,5,0,5,0,0,0,0,1,0,1,1
71,"survival",1,"Purely rule-based","GBM",TRUE,"C-index",0.842642173029414,0.069999999999709,NA,NA,NA,NA,NA,NA,NA,NA,NA,NA,NA,NA,NA
71,"survival",1,"Purely rule-based","Linear",TRUE,"C-index",0.762023706660501,0.0300000000006548,NA,20,0,20,20,0,0,0,0,1,0,1,1
71,"survival",1,"Purely rule-based","Random forest",TRUE,"C-index",0.841361307517251,0.609999999998763,NA,NA,NA,NA,NA,NA,NA,NA,NA,NA,NA,NA,NA
71,"survival",1,"Purely rule-based","RuleFit",TRUE,"C-index",0.860011439558968,95.3899999999994,NA,72,72,0,0,52,20,0,0,0,0.722222222222222,0.722222222222222,2.27777777777778
72,"survival",1,"Purely rule-based","BRP-GABLE full",TRUE,"C-index",0.880437099906081,557.84,NA,39,37,2,31,8,0,0,0,0.794871794871795,0.205128205128205,1,1.20512820512821
72,"survival",1,"Purely rule-based","BRP-GABLE rule-only",TRUE,"C-index",0.880164848778183,545.149999999998,NA,35,35,0,27,8,0,0,0,0.771428571428571,0.228571428571429,1,1.22857142857143
72,"survival",1,"Purely rule-based","GABLE",TRUE,"C-index",0.846967496960583,11.1999999999989,NA,5,5,0,5,0,0,0,0,1,0,1,1
72,"survival",1,"Purely rule-based","GBM",TRUE,"C-index",0.876230892004172,0.0599999999994907,NA,NA,NA,NA,NA,NA,NA,NA,NA,NA,NA,NA,NA
72,"survival",1,"Purely rule-based","Linear",TRUE,"C-index",0.776048238866513,0.0200000000004366,NA,20,0,20,20,0,0,0,0,1,0,1,1
72,"survival",1,"Purely rule-based","Random forest",TRUE,"C-index",0.86673235265308,0.640000000001237,NA,NA,NA,NA,NA,NA,NA,NA,NA,NA,NA,NA,NA
72,"survival",1,"Purely rule-based","RuleFit",TRUE,"C-index",0.877865839253715,82.8900000000012,NA,58,58,0,0,50,8,0,0,0,0.862068965517241,0.862068965517241,2.13793103448276
73,"survival",1,"Purely rule-based","BRP-GABLE full",TRUE,"C-index",0.861879038828558,505.5,NA,32,30,2,24,8,0,0,0,0.75,0.25,1,1.25
73,"survival",1,"Purely rule-based","BRP-GABLE rule-only",TRUE,"C-index",0.861686514358419,501.75,NA,28,28,0,20,8,0,0,0,0.714285714285714,0.285714285714286,1,1.28571428571429
73,"survival",1,"Purely rule-based","GABLE",TRUE,"C-index",0.820480697329211,11.6800000000003,NA,5,5,0,5,0,0,0,0,1,0,1,1
73,"survival",1,"Purely rule-based","GBM",TRUE,"C-index",0.847434123148696,0.0900000000001455,NA,NA,NA,NA,NA,NA,NA,NA,NA,NA,NA,NA,NA
73,"survival",1,"Purely rule-based","Linear",TRUE,"C-index",0.77323128606346,0.0300000000006548,NA,20,0,20,20,0,0,0,0,1,0,1,1
73,"survival",1,"Purely rule-based","Random forest",TRUE,"C-index",0.841870444982645,0.669999999998254,NA,NA,NA,NA,NA,NA,NA,NA,NA,NA,NA,NA,NA
73,"survival",1,"Purely rule-based","RuleFit",TRUE,"C-index",0.859201832609739,78.8100000000013,NA,58,58,0,4,43,11,0,0,0.0689655172413793,0.741379310344828,0.810344827586207,2.12068965517241
74,"survival",1,"Purely rule-based","BRP-GABLE full",TRUE,"C-index",0.874586878044346,491.740000000002,NA,35,31,4,24,11,0,0,0,0.685714285714286,0.314285714285714,1,1.31428571428571
74,"survival",1,"Purely rule-based","BRP-GABLE rule-only",TRUE,"C-index",0.874273095973326,489.139999999999,NA,38,38,0,28,10,0,0,0,0.736842105263158,0.263157894736842,1,1.26315789473684
74,"survival",1,"Purely rule-based","GABLE",TRUE,"C-index",0.824633945354999,11.5299999999988,NA,5,5,0,5,0,0,0,0,1,0,1,1
74,"survival",1,"Purely rule-based","GBM",TRUE,"C-index",0.854170515628986,0.109999999998763,NA,NA,NA,NA,NA,NA,NA,NA,NA,NA,NA,NA,NA
74,"survival",1,"Purely rule-based","Linear",TRUE,"C-index",0.770710349823021,0.0300000000006548,NA,20,0,20,20,0,0,0,0,1,0,1,1
74,"survival",1,"Purely rule-based","Random forest",TRUE,"C-index",0.857475491274219,0.650000000001455,NA,NA,NA,NA,NA,NA,NA,NA,NA,NA,NA,NA,NA
74,"survival",1,"Purely rule-based","RuleFit",TRUE,"C-index",0.869133814856848,106.970000000001,NA,68,68,0,0,53,15,0,0,0,0.779411764705882,0.779411764705882,2.22058823529412
75,"survival",1,"Purely rule-based","BRP-GABLE full",TRUE,"C-index",0.879682484095021,485.630000000001,NA,32,31,1,22,10,0,0,0,0.6875,0.3125,1,1.3125
75,"survival",1,"Purely rule-based","BRP-GABLE rule-only",TRUE,"C-index",0.862306659662639,483.480000000001,NA,35,35,0,26,9,0,0,0,0.742857142857143,0.257142857142857,1,1.25714285714286
75,"survival",1,"Purely rule-based","GABLE",TRUE,"C-index",0.849379851748088,11.3900000000012,NA,5,5,0,5,0,0,0,0,1,0,1,1
75,"survival",1,"Purely rule-based","GBM",TRUE,"C-index",0.87445281036596,0.0599999999994907,NA,NA,NA,NA,NA,NA,NA,NA,NA,NA,NA,NA,NA
75,"survival",1,"Purely rule-based","Linear",TRUE,"C-index",0.803904745228506,0.0300000000006548,NA,20,0,20,20,0,0,0,0,1,0,1,1
75,"survival",1,"Purely rule-based","Random forest",TRUE,"C-index",0.867553843459989,0.75,NA,NA,NA,NA,NA,NA,NA,NA,NA,NA,NA,NA,NA
75,"survival",1,"Purely rule-based","RuleFit",TRUE,"C-index",0.877458705422284,86.0299999999988,NA,47,47,0,0,41,6,0,0,0,0.872340425531915,0.872340425531915,2.12765957446809
76,"survival",1,"Purely rule-based","BRP-GABLE full",TRUE,"C-index",0.876389619227319,507.449999999999,NA,41,40,1,34,7,0,0,0,0.829268292682927,0.170731707317073,1,1.17073170731707
76,"survival",1,"Purely rule-based","BRP-GABLE rule-only",TRUE,"C-index",0.876145256580779,502.07,NA,38,38,0,31,7,0,0,0,0.815789473684211,0.184210526315789,1,1.18421052631579
76,"survival",1,"Purely rule-based","GABLE",TRUE,"C-index",0.843187231278419,11.3000000000011,NA,5,5,0,5,0,0,0,0,1,0,1,1
76,"survival",1,"Purely rule-based","GBM",TRUE,"C-index",0.869912462494974,0.0799999999999272,NA,NA,NA,NA,NA,NA,NA,NA,NA,NA,NA,NA,NA
76,"survival",1,"Purely rule-based","Linear",TRUE,"C-index",0.780454081474837,0.0200000000004366,NA,20,0,20,20,0,0,0,0,1,0,1,1
76,"survival",1,"Purely rule-based","Random forest",TRUE,"C-index",0.865984100961985,0.619999999998981,NA,NA,NA,NA,NA,NA,NA,NA,NA,NA,NA,NA,NA
76,"survival",1,"Purely rule-based","RuleFit",TRUE,"C-index",0.877037644220359,81.0599999999995,NA,64,64,0,0,52,12,0,0,0,0.8125,0.8125,2.1875
77,"survival",1,"Purely rule-based","BRP-GABLE full",TRUE,"C-index",0.877661995101378,512.6,NA,31,31,0,23,8,0,0,0,0.741935483870968,0.258064516129032,1,1.25806451612903
77,"survival",1,"Purely rule-based","BRP-GABLE rule-only",TRUE,"C-index",0.877661995101378,508.619999999999,NA,31,31,0,23,8,0,0,0,0.741935483870968,0.258064516129032,1,1.25806451612903
77,"survival",1,"Purely rule-based","GABLE",TRUE,"C-index",0.844244119479992,11.6500000000015,NA,5,5,0,5,0,0,0,0,1,0,1,1
77,"survival",1,"Purely rule-based","GBM",TRUE,"C-index",0.866869085059204,0.0799999999999272,NA,NA,NA,NA,NA,NA,NA,NA,NA,NA,NA,NA,NA
77,"survival",1,"Purely rule-based","Linear",TRUE,"C-index",0.784440354208032,0.0300000000006548,NA,20,0,20,20,0,0,0,0,1,0,1,1
77,"survival",1,"Purely rule-based","Random forest",TRUE,"C-index",0.861618284322961,0.639999999999418,NA,NA,NA,NA,NA,NA,NA,NA,NA,NA,NA,NA,NA
77,"survival",1,"Purely rule-based","RuleFit",TRUE,"C-index",0.875844577457644,86.5499999999993,NA,49,49,0,0,41,8,0,0,0,0.836734693877551,0.836734693877551,2.16326530612245
78,"survival",1,"Purely rule-based","BRP-GABLE full",TRUE,"C-index",0.883925696594427,510.33,NA,32,30,2,26,6,0,0,0,0.8125,0.1875,1,1.1875
78,"survival",1,"Purely rule-based","BRP-GABLE rule-only",TRUE,"C-index",0.884140866873065,507.870000000001,NA,29,29,0,23,6,0,0,0,0.793103448275862,0.206896551724138,1,1.20689655172414
78,"survival",1,"Purely rule-based","GABLE",TRUE,"C-index",0.847498452012384,11.9899999999998,NA,5,5,0,5,0,0,0,0,1,0,1,1
78,"survival",1,"Purely rule-based","GBM",TRUE,"C-index",0.873074303405573,0.069999999999709,NA,NA,NA,NA,NA,NA,NA,NA,NA,NA,NA,NA,NA
78,"survival",1,"Purely rule-based","Linear",TRUE,"C-index",0.78225386996904,0.0299999999988358,NA,20,0,20,20,0,0,0,0,1,0,1,1
78,"survival",1,"Purely rule-based","Random forest",TRUE,"C-index",0.861164086687306,0.650000000001455,NA,NA,NA,NA,NA,NA,NA,NA,NA,NA,NA,NA,NA
78,"survival",1,"Purely rule-based","RuleFit",TRUE,"C-index",0.885410216718266,84.9499999999989,NA,51,51,0,0,47,4,0,0,0,0.92156862745098,0.92156862745098,2.07843137254902
79,"survival",1,"Purely rule-based","BRP-GABLE full",TRUE,"C-index",0.867359764162127,476.85,NA,23,23,0,17,6,0,0,0,0.739130434782609,0.260869565217391,1,1.26086956521739
79,"survival",1,"Purely rule-based","BRP-GABLE rule-only",TRUE,"C-index",0.867516875148184,472.539999999999,NA,25,25,0,18,7,0,0,0,0.72,0.28,1,1.28
79,"survival",1,"Purely rule-based","GABLE",TRUE,"C-index",0.827065081083552,9.55000000000109,NA,5,5,0,4,1,0,0,0,0.8,0.2,1,1.2
79,"survival",1,"Purely rule-based","GBM",TRUE,"C-index",0.858661528661329,0.0799999999999272,NA,NA,NA,NA,NA,NA,NA,NA,NA,NA,NA,NA,NA
79,"survival",1,"Purely rule-based","Linear",TRUE,"C-index",0.764899120464134,0.0100000000002183,NA,20,0,20,20,0,0,0,0,1,0,1,1
79,"survival",1,"Purely rule-based","Random forest",TRUE,"C-index",0.846276898114954,0.619999999998981,NA,NA,NA,NA,NA,NA,NA,NA,NA,NA,NA,NA,NA
79,"survival",1,"Purely rule-based","RuleFit",TRUE,"C-index",0.865101650807979,71.4400000000005,NA,48,48,0,1,43,4,0,0,0.0208333333333333,0.895833333333333,0.916666666666667,2.0625
80,"survival",1,"Purely rule-based","BRP-GABLE full",TRUE,"C-index",0.882127616190157,772.810000000001,NA,34,33,1,27,7,0,0,0,0.794117647058823,0.205882352941176,1,1.20588235294118
80,"survival",1,"Purely rule-based","BRP-GABLE rule-only",TRUE,"C-index",0.882091204357768,624.17,NA,35,35,0,28,7,0,0,0,0.8,0.2,1,1.2
80,"survival",1,"Purely rule-based","GABLE",TRUE,"C-index",0.843429120727071,9.32999999999993,NA,5,5,0,4,1,0,0,0,0.8,0.2,1,1.2
80,"survival",1,"Purely rule-based","GBM",TRUE,"C-index",0.867204590803828,0.0900000000001455,NA,NA,NA,NA,NA,NA,NA,NA,NA,NA,NA,NA,NA
80,"survival",1,"Purely rule-based","Linear",TRUE,"C-index",0.78997363783335,0.0200000000004366,NA,20,0,20,20,0,0,0,0,1,0,1,1
80,"survival",1,"Purely rule-based","Random forest",TRUE,"C-index",0.867309456881108,0.630000000001019,NA,NA,NA,NA,NA,NA,NA,NA,NA,NA,NA,NA,NA
80,"survival",1,"Purely rule-based","RuleFit",TRUE,"C-index",0.882737878500998,83.1999999999989,NA,61,61,0,0,51,10,0,0,0,0.836065573770492,0.836065573770492,2.16393442622951
81,"survival",1,"Purely rule-based","BRP-GABLE full",TRUE,"C-index",0.87668085742027,518.059999999999,NA,43,41,2,40,3,0,0,0,0.930232558139535,0.0697674418604651,1,1.06976744186047
81,"survival",1,"Purely rule-based","BRP-GABLE rule-only",TRUE,"C-index",0.877010979161999,515.92,NA,40,40,0,37,3,0,0,0,0.925,0.075,1,1.075
81,"survival",1,"Purely rule-based","GABLE",TRUE,"C-index",0.84408544327433,11.0799999999999,NA,5,5,0,5,0,0,0,0,1,0,1,1
81,"survival",1,"Purely rule-based","GBM",TRUE,"C-index",0.869056688326238,0.109999999998763,NA,NA,NA,NA,NA,NA,NA,NA,NA,NA,NA,NA,NA
81,"survival",1,"Purely rule-based","Linear",TRUE,"C-index",0.788692210023153,0.0100000000002183,NA,20,0,20,20,0,0,0,0,1,0,1,1
81,"survival",1,"Purely rule-based","Random forest",TRUE,"C-index",0.856467249234446,0.610000000000582,NA,NA,NA,NA,NA,NA,NA,NA,NA,NA,NA,NA,NA
81,"survival",1,"Purely rule-based","RuleFit",TRUE,"C-index",0.874459631040406,94.1900000000005,NA,73,73,0,2,52,19,0,0,0.0273972602739726,0.712328767123288,0.73972602739726,2.23287671232877
82,"survival",1,"Purely rule-based","BRP-GABLE full",TRUE,"C-index",0.875835513576634,495.189999999999,NA,33,32,1,26,7,0,0,0,0.787878787878788,0.212121212121212,1,1.21212121212121
82,"survival",1,"Purely rule-based","BRP-GABLE rule-only",TRUE,"C-index",0.876330687478752,489.059999999998,NA,31,31,0,25,6,0,0,0,0.806451612903226,0.193548387096774,1,1.19354838709677
82,"survival",1,"Purely rule-based","GABLE",TRUE,"C-index",0.837849023694441,11.7299999999996,NA,5,5,0,5,0,0,0,0,1,0,1,1
82,"survival",1,"Purely rule-based","GBM",TRUE,"C-index",0.870925162224883,0.0600000000013097,NA,NA,NA,NA,NA,NA,NA,NA,NA,NA,NA,NA,NA
82,"survival",1,"Purely rule-based","Linear",TRUE,"C-index",0.770653186111481,0.0299999999988358,NA,20,0,20,20,0,0,0,0,1,0,1,1
82,"survival",1,"Purely rule-based","Random forest",TRUE,"C-index",0.861159150370272,0.6299999999992,NA,NA,NA,NA,NA,NA,NA,NA,NA,NA,NA,NA,NA
82,"survival",1,"Purely rule-based","RuleFit",TRUE,"C-index",0.870397469439641,94.6400000000012,NA,56,56,0,1,44,11,0,0,0.0178571428571429,0.785714285714286,0.803571428571429,2.17857142857143
83,"survival",1,"Purely rule-based","BRP-GABLE full",TRUE,"C-index",0.874594025560122,502.57,NA,38,36,2,29,9,0,0,0,0.763157894736842,0.236842105263158,1,1.23684210526316
83,"survival",1,"Purely rule-based","BRP-GABLE rule-only",TRUE,"C-index",0.874686571826025,503.309999999999,NA,35,35,0,27,8,0,0,0,0.771428571428571,0.228571428571429,1,1.22857142857143
83,"survival",1,"Purely rule-based","GABLE",TRUE,"C-index",0.834483895503698,11.1400000000012,NA,5,5,0,5,0,0,0,0,1,0,1,1
83,"survival",1,"Purely rule-based","GBM",TRUE,"C-index",0.867576415740963,0.0900000000001455,NA,NA,NA,NA,NA,NA,NA,NA,NA,NA,NA,NA,NA
83,"survival",1,"Purely rule-based","Linear",TRUE,"C-index",0.773993342452997,0.0200000000004366,NA,20,0,20,20,0,0,0,0,1,0,1,1
83,"survival",1,"Purely rule-based","Random forest",TRUE,"C-index",0.858025351892716,0.6299999999992,NA,NA,NA,NA,NA,NA,NA,NA,NA,NA,NA,NA,NA
83,"survival",1,"Purely rule-based","RuleFit",TRUE,"C-index",0.870375940284522,93.7199999999993,NA,58,58,0,0,50,8,0,0,0,0.862068965517241,0.862068965517241,2.13793103448276
84,"survival",1,"Purely rule-based","BRP-GABLE full",TRUE,"C-index",0.868019670550235,509.599999999999,NA,24,23,1,18,6,0,0,0,0.75,0.25,1,1.25
84,"survival",1,"Purely rule-based","BRP-GABLE rule-only",TRUE,"C-index",0.867414043006817,508.33,NA,23,23,0,17,6,0,0,0,0.739130434782609,0.260869565217391,1,1.26086956521739
84,"survival",1,"Purely rule-based","GABLE",TRUE,"C-index",0.828566739574347,11.75,NA,5,5,0,5,0,0,0,0,1,0,1,1
84,"survival",1,"Purely rule-based","GBM",TRUE,"C-index",0.861186390953638,0.0599999999994907,NA,NA,NA,NA,NA,NA,NA,NA,NA,NA,NA,NA,NA
84,"survival",1,"Purely rule-based","Linear",TRUE,"C-index",0.781172390355273,0.0200000000004366,NA,20,0,20,20,0,0,0,0,1,0,1,1
84,"survival",1,"Purely rule-based","Random forest",TRUE,"C-index",0.855962308762574,0.639999999999418,NA,NA,NA,NA,NA,NA,NA,NA,NA,NA,NA,NA,NA
84,"survival",1,"Purely rule-based","RuleFit",TRUE,"C-index",0.869665176561488,93.0300000000007,NA,74,74,0,2,54,18,0,0,0.027027027027027,0.72972972972973,0.756756756756757,2.21621621621622
85,"survival",1,"Purely rule-based","BRP-GABLE full",TRUE,"C-index",0.871788853870299,557.190000000001,NA,24,24,0,19,5,0,0,0,0.791666666666667,0.208333333333333,1,1.20833333333333
85,"survival",1,"Purely rule-based","BRP-GABLE rule-only",TRUE,"C-index",0.872128928016043,658.08,NA,24,24,0,19,5,0,0,0,0.791666666666667,0.208333333333333,1,1.20833333333333
85,"survival",1,"Purely rule-based","GABLE",TRUE,"C-index",0.828586664623029,10.7299999999996,NA,5,5,0,5,0,0,0,0,1,0,1,1
85,"survival",1,"Purely rule-based","GBM",TRUE,"C-index",0.863065073906254,0.0799999999999272,NA,NA,NA,NA,NA,NA,NA,NA,NA,NA,NA,NA,NA
85,"survival",1,"Purely rule-based","Linear",TRUE,"C-index",0.79406195416503,0.0200000000004366,NA,20,0,20,20,0,0,0,0,1,0,1,1
85,"survival",1,"Purely rule-based","Random forest",TRUE,"C-index",0.85999802022563,0.610000000000582,NA,NA,NA,NA,NA,NA,NA,NA,NA,NA,NA,NA,NA
85,"survival",1,"Purely rule-based","RuleFit",TRUE,"C-index",0.870755858695201,76.0499999999993,NA,46,46,0,1,40,5,0,0,0.0217391304347826,0.869565217391304,0.891304347826087,2.08695652173913
86,"survival",1,"Purely rule-based","BRP-GABLE full",TRUE,"C-index",0.873514848517546,492.58,NA,38,37,1,30,8,0,0,0,0.789473684210526,0.210526315789474,1,1.21052631578947
86,"survival",1,"Purely rule-based","BRP-GABLE rule-only",TRUE,"C-index",0.8739299715858,490.559999999999,NA,37,37,0,29,8,0,0,0,0.783783783783784,0.216216216216216,1,1.21621621621622
86,"survival",1,"Purely rule-based","GABLE",TRUE,"C-index",0.832426656595811,8.25,NA,5,5,0,3,2,0,0,0,0.6,0.4,1,1.4
86,"survival",1,"Purely rule-based","GBM",TRUE,"C-index",0.865554076898176,0.110000000000582,NA,NA,NA,NA,NA,NA,NA,NA,NA,NA,NA,NA,NA
86,"survival",1,"Purely rule-based","Linear",TRUE,"C-index",0.780608207747365,0.00999999999839929,NA,20,0,20,20,0,0,0,0,1,0,1,1
86,"survival",1,"Purely rule-based","Random forest",TRUE,"C-index",0.858978047932477,0.639999999999418,NA,NA,NA,NA,NA,NA,NA,NA,NA,NA,NA,NA,NA
86,"survival",1,"Purely rule-based","RuleFit",TRUE,"C-index",0.873835557313959,92.7100000000009,NA,60,60,0,0,44,16,0,0,0,0.733333333333333,0.733333333333333,2.26666666666667
87,"survival",1,"Purely rule-based","BRP-GABLE full",TRUE,"C-index",0.867320168119718,575.300000000001,NA,46,45,1,41,5,0,0,0,0.891304347826087,0.108695652173913,1,1.10869565217391
87,"survival",1,"Purely rule-based","BRP-GABLE rule-only",TRUE,"C-index",0.867575976608396,530.530000000001,NA,46,46,0,42,4,0,0,0,0.91304347826087,0.0869565217391304,1,1.08695652173913
87,"survival",1,"Purely rule-based","GABLE",TRUE,"C-index",0.829371276276142,11.8099999999995,NA,5,5,0,5,0,0,0,0,1,0,1,1
87,"survival",1,"Purely rule-based","GBM",TRUE,"C-index",0.85505920776706,0.0799999999999272,NA,NA,NA,NA,NA,NA,NA,NA,NA,NA,NA,NA,NA
87,"survival",1,"Purely rule-based","Linear",TRUE,"C-index",0.760471044561244,0.0200000000004366,NA,20,0,20,20,0,0,0,0,1,0,1,1
87,"survival",1,"Purely rule-based","Random forest",TRUE,"C-index",0.851738159190217,0.649999999999636,NA,NA,NA,NA,NA,NA,NA,NA,NA,NA,NA,NA,NA
87,"survival",1,"Purely rule-based","RuleFit",TRUE,"C-index",0.873789743269411,88.2100000000009,NA,60,60,0,1,47,12,0,0,0.0166666666666667,0.783333333333333,0.8,2.18333333333333
88,"survival",1,"Purely rule-based","BRP-GABLE full",TRUE,"C-index",0.864134367377426,509.91,NA,32,31,1,27,5,0,0,0,0.84375,0.15625,1,1.15625
88,"survival",1,"Purely rule-based","BRP-GABLE rule-only",TRUE,"C-index",0.864258370972071,508.050000000001,NA,29,29,0,24,5,0,0,0,0.827586206896552,0.172413793103448,1,1.17241379310345
88,"survival",1,"Purely rule-based","GABLE",TRUE,"C-index",0.821005917159763,11.9200000000001,NA,5,5,0,5,0,0,0,0,1,0,1,1
88,"survival",1,"Purely rule-based","GBM",TRUE,"C-index",0.850673412462215,0.0999999999985448,NA,NA,NA,NA,NA,NA,NA,NA,NA,NA,NA,NA,NA
88,"survival",1,"Purely rule-based","Linear",TRUE,"C-index",0.756363572704037,0.0200000000004366,NA,20,0,20,20,0,0,0,0,1,0,1,1
88,"survival",1,"Purely rule-based","Random forest",TRUE,"C-index",0.84623554263973,0.680000000000291,NA,NA,NA,NA,NA,NA,NA,NA,NA,NA,NA,NA,NA
88,"survival",1,"Purely rule-based","RuleFit",TRUE,"C-index",0.86616948519543,83.8400000000001,NA,65,65,0,0,47,18,0,0,0,0.723076923076923,0.723076923076923,2.27692307692308
89,"survival",1,"Purely rule-based","BRP-GABLE full",TRUE,"C-index",0.863072169656068,501.949999999999,NA,26,25,1,20,6,0,0,0,0.769230769230769,0.230769230769231,1,1.23076923076923
89,"survival",1,"Purely rule-based","BRP-GABLE rule-only",TRUE,"C-index",0.86344578306108,494.610000000001,NA,26,26,0,20,6,0,0,0,0.769230769230769,0.230769230769231,1,1.23076923076923
89,"survival",1,"Purely rule-based","GABLE",TRUE,"C-index",0.830443265618375,11.75,NA,5,5,0,5,0,0,0,0,1,0,1,1
89,"survival",1,"Purely rule-based","GBM",TRUE,"C-index",0.846957867675621,0.110000000000582,NA,NA,NA,NA,NA,NA,NA,NA,NA,NA,NA,NA,NA
89,"survival",1,"Purely rule-based","Linear",TRUE,"C-index",0.754630878851406,0.0200000000004366,NA,20,0,20,20,0,0,0,0,1,0,1,1
89,"survival",1,"Purely rule-based","Random forest",TRUE,"C-index",0.840410737530653,0.610000000000582,NA,NA,NA,NA,NA,NA,NA,NA,NA,NA,NA,NA,NA
89,"survival",1,"Purely rule-based","RuleFit",TRUE,"C-index",0.85879192402008,94.3099999999995,NA,55,55,0,0,47,8,0,0,0,0.854545454545454,0.854545454545454,2.14545454545455
90,"survival",1,"Purely rule-based","BRP-GABLE full",TRUE,"C-index",0.870159312314318,524.120000000001,NA,38,38,0,36,2,0,0,0,0.947368421052632,0.0526315789473684,1,1.05263157894737
90,"survival",1,"Purely rule-based","BRP-GABLE rule-only",TRUE,"C-index",0.870159312314318,520.610000000001,NA,38,38,0,36,2,0,0,0,0.947368421052632,0.0526315789473684,1,1.05263157894737
90,"survival",1,"Purely rule-based","GABLE",TRUE,"C-index",0.843658598374059,11.1900000000005,NA,5,5,0,5,0,0,0,0,1,0,1,1
90,"survival",1,"Purely rule-based","GBM",TRUE,"C-index",0.86578498883029,0.0900000000001455,NA,NA,NA,NA,NA,NA,NA,NA,NA,NA,NA,NA,NA
90,"survival",1,"Purely rule-based","Linear",TRUE,"C-index",0.784459132677737,0.0300000000006548,NA,20,0,20,20,0,0,0,0,1,0,1,1
90,"survival",1,"Purely rule-based","Random forest",TRUE,"C-index",0.84915996867875,0.579999999999927,NA,NA,NA,NA,NA,NA,NA,NA,NA,NA,NA,NA,NA
90,"survival",1,"Purely rule-based","RuleFit",TRUE,"C-index",0.865527337002833,84.1899999999987,NA,67,67,0,0,50,17,0,0,0,0.746268656716418,0.746268656716418,2.25373134328358
91,"survival",1,"Purely rule-based","BRP-GABLE full",TRUE,"C-index",0.870542601359822,546.370000000001,NA,30,30,0,26,4,0,0,0,0.866666666666667,0.133333333333333,1,1.13333333333333
91,"survival",1,"Purely rule-based","BRP-GABLE rule-only",TRUE,"C-index",0.870521953305901,530.300000000001,NA,30,30,0,26,4,0,0,0,0.866666666666667,0.133333333333333,1,1.13333333333333
91,"survival",1,"Purely rule-based","GABLE",TRUE,"C-index",0.838470274176659,9.04000000000087,NA,5,5,0,4,1,0,0,0,0.8,0.2,1,1.2
91,"survival",1,"Purely rule-based","GBM",TRUE,"C-index",0.865725705352271,0.110000000000582,NA,NA,NA,NA,NA,NA,NA,NA,NA,NA,NA,NA,NA
91,"survival",1,"Purely rule-based","Linear",TRUE,"C-index",0.766700588469537,0.0300000000006548,NA,20,0,20,20,0,0,0,0,1,0,1,1
91,"survival",1,"Purely rule-based","Random forest",TRUE,"C-index",0.855743846142501,0.599999999998545,NA,NA,NA,NA,NA,NA,NA,NA,NA,NA,NA,NA,NA
91,"survival",1,"Purely rule-based","RuleFit",TRUE,"C-index",0.869902511688273,89.8500000000004,NA,50,50,0,0,38,12,0,0,0,0.76,0.76,2.24
92,"survival",1,"Purely rule-based","BRP-GABLE full",TRUE,"C-index",0.874775368395831,509.860000000001,NA,34,30,4,30,4,0,0,0,0.882352941176471,0.117647058823529,1,1.11764705882353
92,"survival",1,"Purely rule-based","BRP-GABLE rule-only",TRUE,"C-index",0.875130286330418,507.860000000001,NA,28,28,0,24,4,0,0,0,0.857142857142857,0.142857142857143,1,1.14285714285714
92,"survival",1,"Purely rule-based","GABLE",TRUE,"C-index",0.843900503174793,11.380000000001,NA,5,5,0,5,0,0,0,0,1,0,1,1
92,"survival",1,"Purely rule-based","GBM",TRUE,"C-index",0.867335569665748,0.109999999998763,NA,NA,NA,NA,NA,NA,NA,NA,NA,NA,NA,NA,NA
92,"survival",1,"Purely rule-based","Linear",TRUE,"C-index",0.780846411884509,0.0300000000006548,NA,20,0,20,20,0,0,0,0,1,0,1,1
92,"survival",1,"Purely rule-based","Random forest",TRUE,"C-index",0.855909308733677,0.569999999999709,NA,NA,NA,NA,NA,NA,NA,NA,NA,NA,NA,NA,NA
92,"survival",1,"Purely rule-based","RuleFit",TRUE,"C-index",0.877253803761831,92.869999999999,NA,62,62,0,2,48,12,0,0,0.032258064516129,0.774193548387097,0.806451612903226,2.16129032258065
93,"survival",1,"Purely rule-based","BRP-GABLE full",TRUE,"C-index",0.879754813113631,505.809999999998,NA,28,27,1,24,4,0,0,0,0.857142857142857,0.142857142857143,1,1.14285714285714
93,"survival",1,"Purely rule-based","BRP-GABLE rule-only",TRUE,"C-index",0.880334866366357,503.019999999999,NA,29,29,0,25,4,0,0,0,0.862068965517241,0.137931034482759,1,1.13793103448276
93,"survival",1,"Purely rule-based","GABLE",TRUE,"C-index",0.846470383336974,11.1700000000001,NA,5,5,0,4,1,0,0,0,0.8,0.2,1,1.2
93,"survival",1,"Purely rule-based","GBM",TRUE,"C-index",0.872668717270532,0.139999999999418,NA,NA,NA,NA,NA,NA,NA,NA,NA,NA,NA,NA,NA
93,"survival",1,"Purely rule-based","Linear",TRUE,"C-index",0.780550947272717,0.0499999999992724,NA,20,0,20,20,0,0,0,0,1,0,1,1
93,"survival",1,"Purely rule-based","Random forest",TRUE,"C-index",0.85800060219269,0.780000000000655,NA,NA,NA,NA,NA,NA,NA,NA,NA,NA,NA,NA,NA
93,"survival",1,"Purely rule-based","RuleFit",TRUE,"C-index",0.882908944922984,83.2000000000007,NA,48,48,0,0,41,7,0,0,0,0.854166666666667,0.854166666666667,2.14583333333333
94,"survival",1,"Purely rule-based","BRP-GABLE full",TRUE,"C-index",0.861840344082951,496.490000000002,NA,34,31,3,29,5,0,0,0,0.852941176470588,0.147058823529412,1,1.14705882352941
94,"survival",1,"Purely rule-based","BRP-GABLE rule-only",TRUE,"C-index",0.862012861468539,492.779999999999,NA,31,31,0,26,5,0,0,0,0.838709677419355,0.161290322580645,1,1.16129032258065
94,"survival",1,"Purely rule-based","GABLE",TRUE,"C-index",0.821551585672729,10.6499999999996,NA,5,5,0,4,1,0,0,0,0.8,0.2,1,1.2
94,"survival",1,"Purely rule-based","GBM",TRUE,"C-index",0.85010916186295,0.110000000000582,NA,NA,NA,NA,NA,NA,NA,NA,NA,NA,NA,NA,NA
94,"survival",1,"Purely rule-based","Linear",TRUE,"C-index",0.767404922099477,0.0200000000004366,NA,20,0,20,20,0,0,0,0,1,0,1,1
94,"survival",1,"Purely rule-based","Random forest",TRUE,"C-index",0.846355421507564,0.670000000000073,NA,NA,NA,NA,NA,NA,NA,NA,NA,NA,NA,NA,NA
94,"survival",1,"Purely rule-based","RuleFit",TRUE,"C-index",0.86081565030131,85.6900000000005,NA,59,59,0,2,48,9,0,0,0.0338983050847458,0.813559322033898,0.847457627118644,2.11864406779661
95,"survival",1,"Purely rule-based","BRP-GABLE full",TRUE,"C-index",0.872782627958626,511.940000000001,NA,37,33,4,32,5,0,0,0,0.864864864864865,0.135135135135135,1,1.13513513513514
95,"survival",1,"Purely rule-based","BRP-GABLE rule-only",TRUE,"C-index",0.872644885347026,506.440000000001,NA,35,35,0,30,5,0,0,0,0.857142857142857,0.142857142857143,1,1.14285714285714
95,"survival",1,"Purely rule-based","GABLE",TRUE,"C-index",0.829102599785292,11.5,NA,5,5,0,5,0,0,0,0,1,0,1,1
95,"survival",1,"Purely rule-based","GBM",TRUE,"C-index",0.863528312496805,0.0799999999999272,NA,NA,NA,NA,NA,NA,NA,NA,NA,NA,NA,NA,NA
95,"survival",1,"Purely rule-based","Linear",TRUE,"C-index",0.790486387621909,0.0199999999986176,NA,20,0,20,20,0,0,0,0,1,0,1,1
95,"survival",1,"Purely rule-based","Random forest",TRUE,"C-index",0.85666816242836,0.640000000001237,NA,NA,NA,NA,NA,NA,NA,NA,NA,NA,NA,NA,NA
95,"survival",1,"Purely rule-based","RuleFit",TRUE,"C-index",0.874439799378596,94.8099999999995,NA,64,64,0,0,51,13,0,0,0,0.796875,0.796875,2.203125
96,"survival",1,"Purely rule-based","BRP-GABLE full",TRUE,"C-index",0.871107783981071,509.34,NA,32,32,0,24,8,0,0,0,0.75,0.25,1,1.25
96,"survival",1,"Purely rule-based","BRP-GABLE rule-only",TRUE,"C-index",0.871228041693349,503.450000000001,NA,35,35,0,27,8,0,0,0,0.771428571428571,0.228571428571429,1,1.22857142857143
96,"survival",1,"Purely rule-based","GABLE",TRUE,"C-index",0.839150800164753,11.2399999999998,NA,5,5,0,5,0,0,0,0,1,0,1,1
96,"survival",1,"Purely rule-based","GBM",TRUE,"C-index",0.860323673632595,0.069999999999709,NA,NA,NA,NA,NA,NA,NA,NA,NA,NA,NA,NA,NA
96,"survival",1,"Purely rule-based","Linear",TRUE,"C-index",0.78132036955195,0.0200000000004366,NA,20,0,20,20,0,0,0,0,1,0,1,1
96,"survival",1,"Purely rule-based","Random forest",TRUE,"C-index",0.851520809093888,0.610000000000582,NA,NA,NA,NA,NA,NA,NA,NA,NA,NA,NA,NA,NA
96,"survival",1,"Purely rule-based","RuleFit",TRUE,"C-index",0.87232539331788,94.6499999999996,NA,56,56,0,1,40,15,0,0,0.0178571428571429,0.714285714285714,0.732142857142857,2.25
97,"survival",1,"Purely rule-based","BRP-GABLE full",TRUE,"C-index",0.886124389747762,511.25,NA,25,24,1,21,4,0,0,0,0.84,0.16,1,1.16
97,"survival",1,"Purely rule-based","BRP-GABLE rule-only",TRUE,"C-index",0.885786773347799,507.07,NA,25,25,0,21,4,0,0,0,0.84,0.16,1,1.16
97,"survival",1,"Purely rule-based","GABLE",TRUE,"C-index",0.844478912394901,11.1599999999999,NA,5,5,0,5,0,0,0,0,1,0,1,1
97,"survival",1,"Purely rule-based","GBM",TRUE,"C-index",0.878792887171142,0.149999999999636,NA,NA,NA,NA,NA,NA,NA,NA,NA,NA,NA,NA,NA
97,"survival",1,"Purely rule-based","Linear",TRUE,"C-index",0.79908857698219,0.0500000000010914,NA,20,0,20,20,0,0,0,0,1,0,1,1
97,"survival",1,"Purely rule-based","Random forest",TRUE,"C-index",0.869962593798029,0.75,NA,NA,NA,NA,NA,NA,NA,NA,NA,NA,NA,NA,NA
97,"survival",1,"Purely rule-based","RuleFit",TRUE,"C-index",0.884571919356297,86.6900000000005,NA,55,55,0,4,45,6,0,0,0.0727272727272727,0.818181818181818,0.890909090909091,2.03636363636364
98,"survival",1,"Purely rule-based","BRP-GABLE full",TRUE,"C-index",0.869014507020513,506.48,NA,35,33,2,28,7,0,0,0,0.8,0.2,1,1.2
98,"survival",1,"Purely rule-based","BRP-GABLE rule-only",TRUE,"C-index",0.868415994128457,506.07,NA,33,33,0,26,7,0,0,0,0.787878787878788,0.212121212121212,1,1.21212121212121
98,"survival",1,"Purely rule-based","GABLE",TRUE,"C-index",0.843613386883976,11.3400000000001,NA,5,5,0,5,0,0,0,0,1,0,1,1
98,"survival",1,"Purely rule-based","GBM",TRUE,"C-index",0.866898596479987,0.1200000000008,NA,NA,NA,NA,NA,NA,NA,NA,NA,NA,NA,NA,NA
98,"survival",1,"Purely rule-based","Linear",TRUE,"C-index",0.789506947700749,0.0199999999986176,NA,20,0,20,20,0,0,0,0,1,0,1,1
98,"survival",1,"Purely rule-based","Random forest",TRUE,"C-index",0.855483164458528,0.579999999999927,NA,NA,NA,NA,NA,NA,NA,NA,NA,NA,NA,NA,NA
98,"survival",1,"Purely rule-based","RuleFit",TRUE,"C-index",0.8689955759558,94.8199999999997,NA,60,60,0,1,47,12,0,0,0.0166666666666667,0.783333333333333,0.8,2.18333333333333
99,"survival",1,"Purely rule-based","BRP-GABLE full",TRUE,"C-index",0.878164222923428,480.25,NA,34,34,0,27,7,0,0,0,0.794117647058823,0.205882352941176,1,1.20588235294118
99,"survival",1,"Purely rule-based","BRP-GABLE rule-only",TRUE,"C-index",0.878244445632929,479.909999999998,NA,35,35,0,27,8,0,0,0,0.771428571428571,0.228571428571429,1,1.22857142857143
99,"survival",1,"Purely rule-based","GABLE",TRUE,"C-index",0.847005441070086,8.42000000000007,NA,5,5,0,4,1,0,0,0,0.8,0.2,1,1.2
99,"survival",1,"Purely rule-based","GBM",TRUE,"C-index",0.862997908579889,0.0899999999983265,NA,NA,NA,NA,NA,NA,NA,NA,NA,NA,NA,NA,NA
99,"survival",1,"Purely rule-based","Linear",TRUE,"C-index",0.767582143832281,0.0200000000004366,NA,20,0,20,20,0,0,0,0,1,0,1,1
99,"survival",1,"Purely rule-based","Random forest",TRUE,"C-index",0.855027712020177,0.600000000000364,NA,NA,NA,NA,NA,NA,NA,NA,NA,NA,NA,NA,NA
99,"survival",1,"Purely rule-based","RuleFit",TRUE,"C-index",0.877300069526348,73.1200000000008,NA,49,49,0,0,39,10,0,0,0,0.795918367346939,0.795918367346939,2.20408163265306
100,"survival",1,"Purely rule-based","BRP-GABLE full",TRUE,"C-index",0.879764501407121,434.379999999999,NA,34,32,2,25,9,0,0,0,0.735294117647059,0.264705882352941,1,1.26470588235294
100,"survival",1,"Purely rule-based","BRP-GABLE rule-only",TRUE,"C-index",0.880175990883926,432.549999999997,NA,38,38,0,30,8,0,0,0,0.789473684210526,0.210526315789474,1,1.21052631578947
100,"survival",1,"Purely rule-based","GABLE",TRUE,"C-index",0.848888402902871,6.46999999999935,NA,5,5,0,5,0,0,0,0,1,0,1,1
100,"survival",1,"Purely rule-based","GBM",TRUE,"C-index",0.87478346445364,0.0900000000001455,NA,NA,NA,NA,NA,NA,NA,NA,NA,NA,NA,NA,NA
100,"survival",1,"Purely rule-based","Linear",TRUE,"C-index",0.792813609654752,0.0200000000004366,NA,20,0,20,20,0,0,0,0,1,0,1,1
100,"survival",1,"Purely rule-based","Random forest",TRUE,"C-index",0.865120655620716,0.559999999999491,NA,NA,NA,NA,NA,NA,NA,NA,NA,NA,NA,NA,NA
100,"survival",1,"Purely rule-based","RuleFit",TRUE,"C-index",0.87964364435799,54.6400000000012,NA,57,57,0,1,48,8,0,0,0.0175438596491228,0.842105263157895,0.859649122807018,2.12280701754386
1,"survival",2,"Purely linear","BRP-GABLE full",TRUE,"C-index",0.873137469237919,610.57,NA,29,21,8,23,6,0,0,0,0.793103448275862,0.206896551724138,1,1.20689655172414
1,"survival",2,"Purely linear","BRP-GABLE rule-only",TRUE,"C-index",0.822269700884428,603.54,NA,51,51,0,41,10,0,0,0,0.803921568627451,0.196078431372549,1,1.19607843137255
1,"survival",2,"Purely linear","GABLE",TRUE,"C-index",0.75065762168924,13.53,NA,5,5,0,5,0,0,0,0,1,0,1,1
1,"survival",2,"Purely linear","GBM",TRUE,"C-index",0.850817789105108,0.07000000000005,NA,NA,NA,NA,NA,NA,NA,NA,NA,NA,NA,NA,NA
1,"survival",2,"Purely linear","Linear",TRUE,"C-index",0.876858146617486,0.0399999999999636,NA,20,0,20,20,0,0,0,0,1,0,1,1
1,"survival",2,"Purely linear","Random forest",TRUE,"C-index",0.839174962442495,1.20999999999992,NA,NA,NA,NA,NA,NA,NA,NA,NA,NA,NA,NA,NA
1,"survival",2,"Purely linear","RuleFit",TRUE,"C-index",0.859067287851243,168.37,NA,95,95,0,0,21,74,0,0,0,0.221052631578947,0.221052631578947,2.77894736842105
2,"survival",2,"Purely linear","BRP-GABLE full",TRUE,"C-index",0.867048695831472,659.27,NA,24,17,7,14,10,0,0,0,0.583333333333333,0.416666666666667,1,1.41666666666667
2,"survival",2,"Purely linear","BRP-GABLE rule-only",TRUE,"C-index",0.816562997582964,623.65,NA,48,48,0,35,13,0,0,0,0.729166666666667,0.270833333333333,1,1.27083333333333
2,"survival",2,"Purely linear","GABLE",TRUE,"C-index",0.732685544749533,13.6799999999999,NA,5,5,0,5,0,0,0,0,1,0,1,1
2,"survival",2,"Purely linear","GBM",TRUE,"C-index",0.846565460439649,0.100000000000023,NA,NA,NA,NA,NA,NA,NA,NA,NA,NA,NA,NA,NA
2,"survival",2,"Purely linear","Linear",TRUE,"C-index",0.867337938302576,0.0299999999999727,NA,20,0,20,20,0,0,0,0,1,0,1,1
2,"survival",2,"Purely linear","Random forest",TRUE,"C-index",0.832895173946413,1.00999999999999,NA,NA,NA,NA,NA,NA,NA,NA,NA,NA,NA,NA,NA
2,"survival",2,"Purely linear","RuleFit",TRUE,"C-index",0.857601063037676,170.04,NA,110,110,0,0,36,74,0,0,0,0.327272727272727,0.327272727272727,2.67272727272727
3,"survival",2,"Purely linear","BRP-GABLE full",TRUE,"C-index",0.864184142814855,586.52,NA,23,16,7,14,9,0,0,0,0.608695652173913,0.391304347826087,1,1.39130434782609
3,"survival",2,"Purely linear","BRP-GABLE rule-only",TRUE,"C-index",0.834444804973017,586.33,NA,66,66,0,47,19,0,0,0,0.712121212121212,0.287878787878788,1,1.28787878787879
3,"survival",2,"Purely linear","GABLE",TRUE,"C-index",0.728837921533802,12.17,NA,5,5,0,4,1,0,0,0,0.8,0.2,1,1.2
3,"survival",2,"Purely linear","GBM",TRUE,"C-index",0.852651023521643,0.0800000000000409,NA,NA,NA,NA,NA,NA,NA,NA,NA,NA,NA,NA,NA
3,"survival",2,"Purely linear","Linear",TRUE,"C-index",0.869555069790742,0.0299999999999727,NA,20,0,20,20,0,0,0,0,1,0,1,1
3,"survival",2,"Purely linear","Random forest",TRUE,"C-index",0.835197645558667,1,NA,NA,NA,NA,NA,NA,NA,NA,NA,NA,NA,NA,NA
3,"survival",2,"Purely linear","RuleFit",TRUE,"C-index",0.843682400892593,164.2,NA,86,86,0,0,12,74,0,0,0,0.13953488372093,0.13953488372093,2.86046511627907
4,"survival",2,"Purely linear","BRP-GABLE full",TRUE,"C-index",0.866718067188638,599.1,NA,24,18,6,13,11,0,0,0,0.541666666666667,0.458333333333333,1,1.45833333333333
4,"survival",2,"Purely linear","BRP-GABLE rule-only",TRUE,"C-index",0.836136653313911,596.86,NA,46,46,0,31,15,0,0,0,0.673913043478261,0.326086956521739,1,1.32608695652174
4,"survival",2,"Purely linear","GABLE",TRUE,"C-index",0.739346720229425,13.64,NA,5,5,0,5,0,0,0,0,1,0,1,1
4,"survival",2,"Purely linear","GBM",TRUE,"C-index",0.84523653723598,0.100000000000023,NA,NA,NA,NA,NA,NA,NA,NA,NA,NA,NA,NA,NA
4,"survival",2,"Purely linear","Linear",TRUE,"C-index",0.869528973962127,0.0199999999999818,NA,20,0,20,20,0,0,0,0,1,0,1,1
4,"survival",2,"Purely linear","Random forest",TRUE,"C-index",0.834941733430444,0.970000000000027,NA,NA,NA,NA,NA,NA,NA,NA,NA,NA,NA,NA,NA
4,"survival",2,"Purely linear","RuleFit",TRUE,"C-index",0.846171135287691,168.24,NA,70,70,0,0,6,64,0,0,0,0.0857142857142857,0.0857142857142857,2.91428571428571
5,"survival",2,"Purely linear","BRP-GABLE full",TRUE,"C-index",0.865290719760452,825.53,NA,24,18,6,13,11,0,0,0,0.541666666666667,0.458333333333333,1,1.45833333333333
5,"survival",2,"Purely linear","BRP-GABLE rule-only",TRUE,"C-index",0.826164499117338,730.59,NA,45,45,0,30,15,0,0,0,0.666666666666667,0.333333333333333,1,1.33333333333333
5,"survival",2,"Purely linear","GABLE",TRUE,"C-index",0.728760251167572,13.5300000000001,NA,5,5,0,5,0,0,0,0,1,0,1,1
5,"survival",2,"Purely linear","GBM",TRUE,"C-index",0.844151527340171,0.100000000000023,NA,NA,NA,NA,NA,NA,NA,NA,NA,NA,NA,NA,NA
5,"survival",2,"Purely linear","Linear",TRUE,"C-index",0.871388348863713,0.00999999999999091,NA,20,0,20,20,0,0,0,0,1,0,1,1
5,"survival",2,"Purely linear","Random forest",TRUE,"C-index",0.820967687872897,1.50999999999999,NA,NA,NA,NA,NA,NA,NA,NA,NA,NA,NA,NA,NA
5,"survival",2,"Purely linear","RuleFit",TRUE,"C-index",0.844916873365958,166.57,NA,78,78,0,0,17,61,0,0,0,0.217948717948718,0.217948717948718,2.78205128205128
6,"survival",2,"Purely linear","BRP-GABLE full",TRUE,"C-index",0.86951868564156,566.28,NA,30,24,6,21,9,0,0,0,0.7,0.3,1,1.3
6,"survival",2,"Purely linear","BRP-GABLE rule-only",TRUE,"C-index",0.829704674302904,564.34,NA,60,60,0,48,12,0,0,0,0.8,0.2,1,1.2
6,"survival",2,"Purely linear","GABLE",TRUE,"C-index",0.724754136295268,12.76,NA,5,5,0,5,0,0,0,0,1,0,1,1
6,"survival",2,"Purely linear","GBM",TRUE,"C-index",0.843558370936018,0.0899999999999181,NA,NA,NA,NA,NA,NA,NA,NA,NA,NA,NA,NA,NA
6,"survival",2,"Purely linear","Linear",TRUE,"C-index",0.872674418604651,0.0499999999999545,NA,20,0,20,20,0,0,0,0,1,0,1,1
6,"survival",2,"Purely linear","Random forest",TRUE,"C-index",0.828210690732385,0.690000000000055,NA,NA,NA,NA,NA,NA,NA,NA,NA,NA,NA,NA,NA
6,"survival",2,"Purely linear","RuleFit",TRUE,"C-index",0.850128716880713,153.24,NA,92,92,0,0,13,79,0,0,0,0.141304347826087,0.141304347826087,2.85869565217391
7,"survival",2,"Purely linear","BRP-GABLE full",TRUE,"C-index",0.868859632707937,567.34,NA,19,13,6,16,3,0,0,0,0.842105263157895,0.157894736842105,1,1.15789473684211
7,"survival",2,"Purely linear","BRP-GABLE rule-only",TRUE,"C-index",0.836884955650304,560.28,NA,62,62,0,55,7,0,0,0,0.887096774193548,0.112903225806452,1,1.11290322580645
7,"survival",2,"Purely linear","GABLE",TRUE,"C-index",0.724362536094405,14,NA,5,5,0,5,0,0,0,0,1,0,1,1
7,"survival",2,"Purely linear","GBM",TRUE,"C-index",0.85185819612901,0.0799999999999272,NA,NA,NA,NA,NA,NA,NA,NA,NA,NA,NA,NA,NA
7,"survival",2,"Purely linear","Linear",TRUE,"C-index",0.873595449010085,0.0399999999999636,NA,20,0,20,20,0,0,0,0,1,0,1,1
7,"survival",2,"Purely linear","Random forest",TRUE,"C-index",0.834249308340507,0.829999999999927,NA,NA,NA,NA,NA,NA,NA,NA,NA,NA,NA,NA,NA
7,"survival",2,"Purely linear","RuleFit",TRUE,"C-index",0.848325766583274,156.22,NA,71,71,0,0,19,52,0,0,0,0.267605633802817,0.267605633802817,2.73239436619718
8,"survival",2,"Purely linear","BRP-GABLE full",TRUE,"C-index",0.875341208549617,1054.05,NA,33,27,6,23,10,0,0,0,0.696969696969697,0.303030303030303,1,1.3030303030303
8,"survival",2,"Purely linear","BRP-GABLE rule-only",TRUE,"C-index",0.838042134276077,1010.02,NA,47,47,0,34,13,0,0,0,0.723404255319149,0.276595744680851,1,1.27659574468085
8,"survival",2,"Purely linear","GABLE",TRUE,"C-index",0.731155697334368,13.6900000000001,NA,5,5,0,5,0,0,0,0,1,0,1,1
8,"survival",2,"Purely linear","GBM",TRUE,"C-index",0.85994735428735,0.0899999999999181,NA,NA,NA,NA,NA,NA,NA,NA,NA,NA,NA,NA,NA
8,"survival",2,"Purely linear","Linear",TRUE,"C-index",0.881930775609454,0.0599999999999454,NA,20,0,20,20,0,0,0,0,1,0,1,1
8,"survival",2,"Purely linear","Random forest",TRUE,"C-index",0.85083616382732,0.860000000000127,NA,NA,NA,NA,NA,NA,NA,NA,NA,NA,NA,NA,NA
8,"survival",2,"Purely linear","RuleFit",TRUE,"C-index",0.86194960294391,158.78,NA,81,81,0,0,16,65,0,0,0,0.197530864197531,0.197530864197531,2.80246913580247
9,"survival",2,"Purely linear","BRP-GABLE full",TRUE,"C-index",0.877937184497278,582.24,NA,27,19,8,22,5,0,0,0,0.814814814814815,0.185185185185185,1,1.18518518518519
9,"survival",2,"Purely linear","BRP-GABLE rule-only",TRUE,"C-index",0.855398216495789,567.98,NA,65,65,0,55,10,0,0,0,0.846153846153846,0.153846153846154,1,1.15384615384615
9,"survival",2,"Purely linear","GABLE",TRUE,"C-index",0.736578672975983,12.8099999999999,NA,5,5,0,5,0,0,0,0,1,0,1,1
9,"survival",2,"Purely linear","GBM",TRUE,"C-index",0.86146827471518,0.100000000000136,NA,NA,NA,NA,NA,NA,NA,NA,NA,NA,NA,NA,NA
9,"survival",2,"Purely linear","Linear",TRUE,"C-index",0.877680203930326,0.0299999999999727,NA,20,0,20,20,0,0,0,0,1,0,1,1
9,"survival",2,"Purely linear","Random forest",TRUE,"C-index",0.848009286746006,0.759999999999991,NA,NA,NA,NA,NA,NA,NA,NA,NA,NA,NA,NA,NA
9,"survival",2,"Purely linear","RuleFit",TRUE,"C-index",0.861409198722777,158.61,NA,77,77,0,0,15,62,0,0,0,0.194805194805195,0.194805194805195,2.80519480519481
10,"survival",2,"Purely linear","BRP-GABLE full",TRUE,"C-index",0.865131080041119,574.38,NA,23,16,7,17,6,0,0,0,0.739130434782609,0.260869565217391,1,1.26086956521739
10,"survival",2,"Purely linear","BRP-GABLE rule-only",TRUE,"C-index",0.829315080805074,568.44,NA,56,56,0,48,8,0,0,0,0.857142857142857,0.142857142857143,1,1.14285714285714
10,"survival",2,"Purely linear","GABLE",TRUE,"C-index",0.740291875677589,13.8399999999999,NA,5,5,0,5,0,0,0,0,1,0,1,1
10,"survival",2,"Purely linear","GBM",TRUE,"C-index",0.847060178293572,0.0699999999999363,NA,NA,NA,NA,NA,NA,NA,NA,NA,NA,NA,NA,NA
10,"survival",2,"Purely linear","Linear",TRUE,"C-index",0.867111183512058,0.0399999999999636,NA,20,0,20,20,0,0,0,0,1,0,1,1
10,"survival",2,"Purely linear","Random forest",TRUE,"C-index",0.832050713118115,0.670000000000073,NA,NA,NA,NA,NA,NA,NA,NA,NA,NA,NA,NA,NA
10,"survival",2,"Purely linear","RuleFit",TRUE,"C-index",0.8433035990136,156.64,NA,84,84,0,0,15,69,0,0,0,0.178571428571429,0.178571428571429,2.82142857142857
11,"survival",2,"Purely linear","BRP-GABLE full",TRUE,"C-index",0.865830069220959,766.93,NA,19,13,6,13,6,0,0,0,0.684210526315789,0.315789473684211,1,1.31578947368421
11,"survival",2,"Purely linear","BRP-GABLE rule-only",TRUE,"C-index",0.821002610343094,612.15,NA,56,56,0,49,7,0,0,0,0.875,0.125,1,1.125
11,"survival",2,"Purely linear","GABLE",TRUE,"C-index",0.738570872661272,12.8799999999999,NA,5,5,0,5,0,0,0,0,1,0,1,1
11,"survival",2,"Purely linear","GBM",TRUE,"C-index",0.836400510138868,0.0900000000001455,NA,NA,NA,NA,NA,NA,NA,NA,NA,NA,NA,NA,NA
11,"survival",2,"Purely linear","Linear",TRUE,"C-index",0.868838070675252,0.0199999999999818,NA,20,0,20,20,0,0,0,0,1,0,1,1
11,"survival",2,"Purely linear","Random forest",TRUE,"C-index",0.815202479115835,0.75,NA,NA,NA,NA,NA,NA,NA,NA,NA,NA,NA,NA,NA
11,"survival",2,"Purely linear","RuleFit",TRUE,"C-index",0.842774405571762,148.53,NA,92,92,0,0,26,66,0,0,0,0.282608695652174,0.282608695652174,2.71739130434783
12,"survival",2,"Purely linear","BRP-GABLE full",TRUE,"C-index",0.862525204404955,584.76,NA,28,22,6,21,7,0,0,0,0.75,0.25,1,1.25
12,"survival",2,"Purely linear","BRP-GABLE rule-only",TRUE,"C-index",0.821455872903326,583.42,NA,54,54,0,45,9,0,0,0,0.833333333333333,0.166666666666667,1,1.16666666666667
12,"survival",2,"Purely linear","GABLE",TRUE,"C-index",0.736284372161042,12.8600000000001,NA,5,5,0,5,0,0,0,0,1,0,1,1
12,"survival",2,"Purely linear","GBM",TRUE,"C-index",0.839424397863996,0.0800000000001546,NA,NA,NA,NA,NA,NA,NA,NA,NA,NA,NA,NA,NA
12,"survival",2,"Purely linear","Linear",TRUE,"C-index",0.868421927278367,0.0299999999999727,NA,20,0,20,20,0,0,0,0,1,0,1,1
12,"survival",2,"Purely linear","Random forest",TRUE,"C-index",0.830919988477986,0.659999999999854,NA,NA,NA,NA,NA,NA,NA,NA,NA,NA,NA,NA,NA
12,"survival",2,"Purely linear","RuleFit",TRUE,"C-index",0.846890164188695,147.72,NA,83,83,0,0,17,66,0,0,0,0.204819277108434,0.204819277108434,2.79518072289157
13,"survival",2,"Purely linear","BRP-GABLE full",TRUE,"C-index",0.855140502566874,585.02,NA,27,20,7,22,5,0,0,0,0.814814814814815,0.185185185185185,1,1.18518518518519
13,"survival",2,"Purely linear","BRP-GABLE rule-only",TRUE,"C-index",0.816057597045843,579.39,NA,61,61,0,51,10,0,0,0,0.836065573770492,0.163934426229508,1,1.16393442622951
13,"survival",2,"Purely linear","GABLE",TRUE,"C-index",0.720607606052418,12.5299999999997,NA,5,5,0,5,0,0,0,0,1,0,1,1
13,"survival",2,"Purely linear","GBM",TRUE,"C-index",0.84243982482212,0.0799999999999272,NA,NA,NA,NA,NA,NA,NA,NA,NA,NA,NA,NA,NA
13,"survival",2,"Purely linear","Linear",TRUE,"C-index",0.858140817796992,0.00999999999976353,NA,20,0,20,20,0,0,0,0,1,0,1,1
13,"survival",2,"Purely linear","Random forest",TRUE,"C-index",0.822182067909574,0.720000000000255,NA,NA,NA,NA,NA,NA,NA,NA,NA,NA,NA,NA,NA
13,"survival",2,"Purely linear","RuleFit",TRUE,"C-index",0.839697041340178,152.59,NA,91,91,0,0,29,62,0,0,0,0.318681318681319,0.318681318681319,2.68131868131868
14,"survival",2,"Purely linear","BRP-GABLE full",TRUE,"C-index",0.859388822540694,564.150000000001,NA,20,13,7,17,3,0,0,0,0.85,0.15,1,1.15
14,"survival",2,"Purely linear","BRP-GABLE rule-only",TRUE,"C-index",0.805594258669498,562.81,NA,53,53,0,47,6,0,0,0,0.886792452830189,0.113207547169811,1,1.11320754716981
14,"survival",2,"Purely linear","GABLE",TRUE,"C-index",0.711808320063694,11.4099999999999,NA,5,5,0,5,0,0,0,0,1,0,1,1
14,"survival",2,"Purely linear","GBM",TRUE,"C-index",0.839485746196037,0.0599999999999454,NA,NA,NA,NA,NA,NA,NA,NA,NA,NA,NA,NA,NA
14,"survival",2,"Purely linear","Linear",TRUE,"C-index",0.862543126326964,0.0199999999999818,NA,20,0,20,20,0,0,0,0,1,0,1,1
14,"survival",2,"Purely linear","Random forest",TRUE,"C-index",0.811983036978061,0.670000000000073,NA,NA,NA,NA,NA,NA,NA,NA,NA,NA,NA,NA,NA
14,"survival",2,"Purely linear","RuleFit",TRUE,"C-index",0.846694201167728,140,NA,89,89,0,0,22,67,0,0,0,0.247191011235955,0.247191011235955,2.75280898876404
15,"survival",2,"Purely linear","BRP-GABLE full",TRUE,"C-index",0.871741607882171,941.83,NA,43,37,6,30,13,0,0,0,0.697674418604651,0.302325581395349,1,1.30232558139535
15,"survival",2,"Purely linear","BRP-GABLE rule-only",TRUE,"C-index",0.840898140534614,914.369999999999,NA,49,49,0,34,15,0,0,0,0.693877551020408,0.306122448979592,1,1.30612244897959
15,"survival",2,"Purely linear","GABLE",TRUE,"C-index",0.733202059981824,11.7000000000003,NA,5,5,0,5,0,0,0,0,1,0,1,1
15,"survival",2,"Purely linear","GBM",TRUE,"C-index",0.855418992801604,0.109999999999673,NA,NA,NA,NA,NA,NA,NA,NA,NA,NA,NA,NA,NA
15,"survival",2,"Purely linear","Linear",TRUE,"C-index",0.877508979962782,0.0100000000002183,NA,20,0,20,20,0,0,0,0,1,0,1,1
15,"survival",2,"Purely linear","Random forest",TRUE,"C-index",0.844604088227233,0.690000000000055,NA,NA,NA,NA,NA,NA,NA,NA,NA,NA,NA,NA,NA
15,"survival",2,"Purely linear","RuleFit",TRUE,"C-index",0.849221736558907,128.25,NA,69,69,0,0,12,57,0,0,0,0.173913043478261,0.173913043478261,2.82608695652174
16,"survival",2,"Purely linear","BRP-GABLE full",TRUE,"C-index",0.865149286844507,551.99,NA,27,21,6,20,7,0,0,0,0.740740740740741,0.259259259259259,1,1.25925925925926
16,"survival",2,"Purely linear","BRP-GABLE rule-only",TRUE,"C-index",0.824432029067609,553.62,NA,53,53,0,43,10,0,0,0,0.811320754716981,0.188679245283019,1,1.18867924528302
16,"survival",2,"Purely linear","GABLE",TRUE,"C-index",0.726895352698717,11.6100000000001,NA,5,5,0,5,0,0,0,0,1,0,1,1
16,"survival",2,"Purely linear","GBM",TRUE,"C-index",0.841838827695717,0.080000000000382,NA,NA,NA,NA,NA,NA,NA,NA,NA,NA,NA,NA,NA
16,"survival",2,"Purely linear","Linear",TRUE,"C-index",0.867066476529077,0.0199999999999818,NA,20,0,20,20,0,0,0,0,1,0,1,1
16,"survival",2,"Purely linear","Random forest",TRUE,"C-index",0.825929223049811,0.699999999999818,NA,NA,NA,NA,NA,NA,NA,NA,NA,NA,NA,NA,NA
16,"survival",2,"Purely linear","RuleFit",TRUE,"C-index",0.85186570183933,150.14,NA,83,83,0,0,19,64,0,0,0,0.228915662650602,0.228915662650602,2.7710843373494
17,"survival",2,"Purely linear","BRP-GABLE full",TRUE,"C-index",0.858648563273503,546.35,NA,21,15,6,13,8,0,0,0,0.619047619047619,0.380952380952381,1,1.38095238095238
17,"survival",2,"Purely linear","BRP-GABLE rule-only",TRUE,"C-index",0.824823159106037,538.11,NA,53,53,0,39,14,0,0,0,0.735849056603774,0.264150943396226,1,1.26415094339623
17,"survival",2,"Purely linear","GABLE",TRUE,"C-index",0.73636886697729,12.0500000000002,NA,5,5,0,5,0,0,0,0,1,0,1,1
17,"survival",2,"Purely linear","GBM",TRUE,"C-index",0.84802682791999,0.110000000000127,NA,NA,NA,NA,NA,NA,NA,NA,NA,NA,NA,NA,NA
17,"survival",2,"Purely linear","Linear",TRUE,"C-index",0.864114554541455,0.0300000000002001,NA,20,0,20,20,0,0,0,0,1,0,1,1
17,"survival",2,"Purely linear","Random forest",TRUE,"C-index",0.820265345953813,0.639999999999873,NA,NA,NA,NA,NA,NA,NA,NA,NA,NA,NA,NA,NA
17,"survival",2,"Purely linear","RuleFit",TRUE,"C-index",0.843170049301098,138.94,NA,74,74,0,0,13,61,0,0,0,0.175675675675676,0.175675675675676,2.82432432432432
18,"survival",2,"Purely linear","BRP-GABLE full",TRUE,"C-index",0.864905425536895,545.97,NA,24,18,6,17,7,0,0,0,0.708333333333333,0.291666666666667,1,1.29166666666667
18,"survival",2,"Purely linear","BRP-GABLE rule-only",TRUE,"C-index",0.831203377088995,539.59,NA,53,53,0,43,10,0,0,0,0.811320754716981,0.188679245283019,1,1.18867924528302
18,"survival",2,"Purely linear","GABLE",TRUE,"C-index",0.750225111729767,11.5599999999999,NA,5,5,0,5,0,0,0,0,1,0,1,1
18,"survival",2,"Purely linear","GBM",TRUE,"C-index",0.841397427530545,0.0799999999999272,NA,NA,NA,NA,NA,NA,NA,NA,NA,NA,NA,NA,NA
18,"survival",2,"Purely linear","Linear",TRUE,"C-index",0.869000118407393,0.0100000000002183,NA,20,0,20,20,0,0,0,0,1,0,1,1
18,"survival",2,"Purely linear","Random forest",TRUE,"C-index",0.823380228168293,0.659999999999854,NA,NA,NA,NA,NA,NA,NA,NA,NA,NA,NA,NA,NA
18,"survival",2,"Purely linear","RuleFit",TRUE,"C-index",0.847337072804025,143.59,NA,84,84,0,0,17,67,0,0,0,0.202380952380952,0.202380952380952,2.79761904761905
19,"survival",2,"Purely linear","BRP-GABLE full",TRUE,"C-index",0.856805550617986,529.07,NA,28,22,6,16,12,0,0,0,0.571428571428571,0.428571428571429,1,1.42857142857143
19,"survival",2,"Purely linear","BRP-GABLE rule-only",TRUE,"C-index",0.821004716366265,526.13,NA,61,61,0,42,19,0,0,0,0.688524590163934,0.311475409836066,1,1.31147540983607
19,"survival",2,"Purely linear","GABLE",TRUE,"C-index",0.710285648263358,12.0700000000002,NA,5,5,0,5,0,0,0,0,1,0,1,1
19,"survival",2,"Purely linear","GBM",TRUE,"C-index",0.832243118015808,0.0599999999999454,NA,NA,NA,NA,NA,NA,NA,NA,NA,NA,NA,NA,NA
19,"survival",2,"Purely linear","Linear",TRUE,"C-index",0.862840247905483,0.0300000000002001,NA,20,0,20,20,0,0,0,0,1,0,1,1
19,"survival",2,"Purely linear","Random forest",TRUE,"C-index",0.82869103060898,0.639999999999873,NA,NA,NA,NA,NA,NA,NA,NA,NA,NA,NA,NA,NA
19,"survival",2,"Purely linear","RuleFit",TRUE,"C-index",0.840578228874116,132.59,NA,80,80,0,0,14,66,0,0,0,0.175,0.175,2.825
20,"survival",2,"Purely linear","BRP-GABLE full",TRUE,"C-index",0.861127312468502,545.25,NA,26,20,6,24,2,0,0,0,0.923076923076923,0.0769230769230769,1,1.07692307692308
20,"survival",2,"Purely linear","BRP-GABLE rule-only",TRUE,"C-index",0.815870314897762,544.52,NA,62,62,0,59,3,0,0,0,0.951612903225806,0.0483870967741935,1,1.04838709677419
20,"survival",2,"Purely linear","GABLE",TRUE,"C-index",0.722638266788224,11.0499999999997,NA,5,5,0,5,0,0,0,0,1,0,1,1
20,"survival",2,"Purely linear","GBM",TRUE,"C-index",0.842641720980538,0.0799999999999272,NA,NA,NA,NA,NA,NA,NA,NA,NA,NA,NA,NA,NA
20,"survival",2,"Purely linear","Linear",TRUE,"C-index",0.864983550116933,0.0100000000002183,NA,20,0,20,20,0,0,0,0,1,0,1,1
20,"survival",2,"Purely linear","Random forest",TRUE,"C-index",0.826981772057283,0.610000000000127,NA,NA,NA,NA,NA,NA,NA,NA,NA,NA,NA,NA,NA
20,"survival",2,"Purely linear","RuleFit",TRUE,"C-index",0.852370085562042,147.87,NA,90,90,0,0,17,73,0,0,0,0.188888888888889,0.188888888888889,2.81111111111111
21,"survival",2,"Purely linear","BRP-GABLE full",TRUE,"C-index",0.862539732314666,584.58,NA,23,17,6,10,13,0,0,0,0.434782608695652,0.565217391304348,1,1.56521739130435
21,"survival",2,"Purely linear","BRP-GABLE rule-only",TRUE,"C-index",0.827150533802757,534.85,NA,54,54,0,35,19,0,0,0,0.648148148148148,0.351851851851852,1,1.35185185185185
21,"survival",2,"Purely linear","GABLE",TRUE,"C-index",0.724311187764585,12.75,NA,5,5,0,5,0,0,0,0,1,0,1,1
21,"survival",2,"Purely linear","GBM",TRUE,"C-index",0.844222244394715,0.0900000000001455,NA,NA,NA,NA,NA,NA,NA,NA,NA,NA,NA,NA,NA
21,"survival",2,"Purely linear","Linear",TRUE,"C-index",0.86765682683125,0.0299999999997453,NA,20,0,20,20,0,0,0,0,1,0,1,1
21,"survival",2,"Purely linear","Random forest",TRUE,"C-index",0.8223099619425,0.739999999999782,NA,NA,NA,NA,NA,NA,NA,NA,NA,NA,NA,NA,NA
21,"survival",2,"Purely linear","RuleFit",TRUE,"C-index",0.848476987328421,151.58,NA,91,91,0,0,20,71,0,0,0,0.21978021978022,0.21978021978022,2.78021978021978
22,"survival",2,"Purely linear","BRP-GABLE full",TRUE,"C-index",0.876915846067429,551.91,NA,22,15,7,22,0,0,0,0,1,0,1,1
22,"survival",2,"Purely linear","BRP-GABLE rule-only",TRUE,"C-index",0.830088670571917,551.340000000001,NA,51,51,0,50,1,0,0,0,0.980392156862745,0.0196078431372549,1,1.01960784313725
22,"survival",2,"Purely linear","GABLE",TRUE,"C-index",0.734307830752124,13.2599999999998,NA,5,5,0,5,0,0,0,0,1,0,1,1
22,"survival",2,"Purely linear","GBM",TRUE,"C-index",0.848437517911799,0.0599999999999454,NA,NA,NA,NA,NA,NA,NA,NA,NA,NA,NA,NA,NA
22,"survival",2,"Purely linear","Linear",TRUE,"C-index",0.879701489115358,0.0199999999999818,NA,20,0,20,20,0,0,0,0,1,0,1,1
22,"survival",2,"Purely linear","Random forest",TRUE,"C-index",0.817689406531932,0.740000000000236,NA,NA,NA,NA,NA,NA,NA,NA,NA,NA,NA,NA,NA
22,"survival",2,"Purely linear","RuleFit",TRUE,"C-index",0.853306661469857,147,NA,81,81,0,0,16,65,0,0,0,0.197530864197531,0.197530864197531,2.80246913580247
23,"survival",2,"Purely linear","BRP-GABLE full",TRUE,"C-index",0.862955937573514,561.66,NA,18,12,6,10,8,0,0,0,0.555555555555556,0.444444444444444,1,1.44444444444444
23,"survival",2,"Purely linear","BRP-GABLE rule-only",TRUE,"C-index",0.825724571867583,563.47,NA,64,64,0,53,11,0,0,0,0.828125,0.171875,1,1.171875
23,"survival",2,"Purely linear","GABLE",TRUE,"C-index",0.730945836894279,12.3400000000001,NA,5,5,0,5,0,0,0,0,1,0,1,1
23,"survival",2,"Purely linear","GBM",TRUE,"C-index",0.849645195775105,0.0599999999999454,NA,NA,NA,NA,NA,NA,NA,NA,NA,NA,NA,NA,NA
23,"survival",2,"Purely linear","Linear",TRUE,"C-index",0.864587769006518,0.0300000000002001,NA,20,0,20,20,0,0,0,0,1,0,1,1
23,"survival",2,"Purely linear","Random forest",TRUE,"C-index",0.827725649829223,0.659999999999854,NA,NA,NA,NA,NA,NA,NA,NA,NA,NA,NA,NA,NA
23,"survival",2,"Purely linear","RuleFit",TRUE,"C-index",0.852923747614042,136.28,NA,71,71,0,0,8,63,0,0,0,0.112676056338028,0.112676056338028,2.88732394366197
24,"survival",2,"Purely linear","BRP-GABLE full",TRUE,"C-index",0.860756612922991,577.7,NA,19,13,6,12,7,0,0,0,0.631578947368421,0.368421052631579,1,1.36842105263158
24,"survival",2,"Purely linear","BRP-GABLE rule-only",TRUE,"C-index",0.819445173864585,554.86,NA,64,64,0,56,8,0,0,0,0.875,0.125,1,1.125
24,"survival",2,"Purely linear","GABLE",TRUE,"C-index",0.738699823188558,11.8000000000002,NA,5,5,0,5,0,0,0,0,1,0,1,1
24,"survival",2,"Purely linear","GBM",TRUE,"C-index",0.84716897455199,0.0799999999999272,NA,NA,NA,NA,NA,NA,NA,NA,NA,NA,NA,NA,NA
24,"survival",2,"Purely linear","Linear",TRUE,"C-index",0.865527020639672,0.0299999999997453,NA,20,0,20,20,0,0,0,0,1,0,1,1
24,"survival",2,"Purely linear","Random forest",TRUE,"C-index",0.829975083008012,0.670000000000073,NA,NA,NA,NA,NA,NA,NA,NA,NA,NA,NA,NA,NA
24,"survival",2,"Purely linear","RuleFit",TRUE,"C-index",0.842383978432505,145.85,NA,84,84,0,0,19,65,0,0,0,0.226190476190476,0.226190476190476,2.77380952380952
25,"survival",2,"Purely linear","BRP-GABLE full",TRUE,"C-index",0.854840956450297,566.68,NA,24,18,6,19,5,0,0,0,0.791666666666667,0.208333333333333,1,1.20833333333333
25,"survival",2,"Purely linear","BRP-GABLE rule-only",TRUE,"C-index",0.811628131760666,604.21,NA,53,53,0,46,7,0,0,0,0.867924528301887,0.132075471698113,1,1.13207547169811
25,"survival",2,"Purely linear","GABLE",TRUE,"C-index",0.722540148226485,12.4100000000008,NA,5,5,0,5,0,0,0,0,1,0,1,1
25,"survival",2,"Purely linear","GBM",TRUE,"C-index",0.83812638766883,0.100000000000364,NA,NA,NA,NA,NA,NA,NA,NA,NA,NA,NA,NA,NA
25,"survival",2,"Purely linear","Linear",TRUE,"C-index",0.857160726520146,0.0100000000002183,NA,20,0,20,20,0,0,0,0,1,0,1,1
25,"survival",2,"Purely linear","Random forest",TRUE,"C-index",0.826878629971088,0.839999999999236,NA,NA,NA,NA,NA,NA,NA,NA,NA,NA,NA,NA,NA
25,"survival",2,"Purely linear","RuleFit",TRUE,"C-index",0.84219309242976,142.29,NA,99,99,0,0,25,74,0,0,0,0.252525252525253,0.252525252525253,2.74747474747475
26,"survival",2,"Purely linear","BRP-GABLE full",TRUE,"C-index",0.855340322942364,555.78,NA,18,12,6,9,9,0,0,0,0.5,0.5,1,1.5
26,"survival",2,"Purely linear","BRP-GABLE rule-only",TRUE,"C-index",0.813919881139269,555.240000000001,NA,57,57,0,42,15,0,0,0,0.736842105263158,0.263157894736842,1,1.26315789473684
26,"survival",2,"Purely linear","GABLE",TRUE,"C-index",0.725765306122449,12.3899999999994,NA,5,5,0,5,0,0,0,0,1,0,1,1
26,"survival",2,"Purely linear","GBM",TRUE,"C-index",0.830423020856694,0.109999999999673,NA,NA,NA,NA,NA,NA,NA,NA,NA,NA,NA,NA,NA
26,"survival",2,"Purely linear","Linear",TRUE,"C-index",0.858942588024221,0.0100000000002183,NA,20,0,20,20,0,0,0,0,1,0,1,1
26,"survival",2,"Purely linear","Random forest",TRUE,"C-index",0.820994056963445,0.690000000000509,NA,NA,NA,NA,NA,NA,NA,NA,NA,NA,NA,NA,NA
26,"survival",2,"Purely linear","RuleFit",TRUE,"C-index",0.837662592509531,140.84,NA,103,103,0,0,12,91,0,0,0,0.116504854368932,0.116504854368932,2.88349514563107
27,"survival",2,"Purely linear","BRP-GABLE full",TRUE,"C-index",0.872089642960966,712.280000000001,NA,29,23,6,15,14,0,0,0,0.517241379310345,0.482758620689655,1,1.48275862068966
27,"survival",2,"Purely linear","BRP-GABLE rule-only",TRUE,"C-index",0.846739548555136,558.59,NA,61,61,0,37,24,0,0,0,0.60655737704918,0.39344262295082,1,1.39344262295082
27,"survival",2,"Purely linear","GABLE",TRUE,"C-index",0.732164932711987,12.4899999999998,NA,5,5,0,5,0,0,0,0,1,0,1,1
27,"survival",2,"Purely linear","GBM",TRUE,"C-index",0.860888677466811,0.0799999999999272,NA,NA,NA,NA,NA,NA,NA,NA,NA,NA,NA,NA,NA
27,"survival",2,"Purely linear","Linear",TRUE,"C-index",0.879556953290403,0.0100000000002183,NA,20,0,20,20,0,0,0,0,1,0,1,1
27,"survival",2,"Purely linear","Random forest",TRUE,"C-index",0.846287340222169,0.699999999999818,NA,NA,NA,NA,NA,NA,NA,NA,NA,NA,NA,NA,NA
27,"survival",2,"Purely linear","RuleFit",TRUE,"C-index",0.857131530960121,128.42,NA,84,84,0,0,12,72,0,0,0,0.142857142857143,0.142857142857143,2.85714285714286
28,"survival",2,"Purely linear","BRP-GABLE full",TRUE,"C-index",0.868801799965944,682.12,NA,24,18,6,17,7,0,0,0,0.708333333333333,0.291666666666667,1,1.29166666666667
28,"survival",2,"Purely linear","BRP-GABLE rule-only",TRUE,"C-index",0.823515125799419,719.300000000001,NA,37,37,0,28,9,0,0,0,0.756756756756757,0.243243243243243,1,1.24324324324324
28,"survival",2,"Purely linear","GABLE",TRUE,"C-index",0.743035879283922,11.6000000000004,NA,5,5,0,5,0,0,0,0,1,0,1,1
28,"survival",2,"Purely linear","GBM",TRUE,"C-index",0.851800105519095,0.069999999999709,NA,NA,NA,NA,NA,NA,NA,NA,NA,NA,NA,NA,NA
28,"survival",2,"Purely linear","Linear",TRUE,"C-index",0.874412735987315,0.0399999999999636,NA,20,0,20,20,0,0,0,0,1,0,1,1
28,"survival",2,"Purely linear","Random forest",TRUE,"C-index",0.841980967481695,0.640000000000327,NA,NA,NA,NA,NA,NA,NA,NA,NA,NA,NA,NA,NA
28,"survival",2,"Purely linear","RuleFit",TRUE,"C-index",0.849791613744281,140.589999999999,NA,77,77,0,0,19,58,0,0,0,0.246753246753247,0.246753246753247,2.75324675324675
29,"survival",2,"Purely linear","BRP-GABLE full",TRUE,"C-index",0.868080436209069,548.139999999999,NA,21,15,6,12,9,0,0,0,0.571428571428571,0.428571428571429,1,1.42857142857143
29,"survival",2,"Purely linear","BRP-GABLE rule-only",TRUE,"C-index",0.820126182415757,545.95,NA,43,43,0,33,10,0,0,0,0.767441860465116,0.232558139534884,1,1.23255813953488
29,"survival",2,"Purely linear","GABLE",TRUE,"C-index",0.753240211136339,11.6199999999999,NA,5,5,0,5,0,0,0,0,1,0,1,1
29,"survival",2,"Purely linear","GBM",TRUE,"C-index",0.849722143184814,0.0799999999999272,NA,NA,NA,NA,NA,NA,NA,NA,NA,NA,NA,NA,NA
29,"survival",2,"Purely linear","Linear",TRUE,"C-index",0.87330077637317,0.0199999999995271,NA,20,0,20,20,0,0,0,0,1,0,1,1
29,"survival",2,"Purely linear","Random forest",TRUE,"C-index",0.836589997154653,0.670000000000073,NA,NA,NA,NA,NA,NA,NA,NA,NA,NA,NA,NA,NA
29,"survival",2,"Purely linear","RuleFit",TRUE,"C-index",0.854321152539617,135.55,NA,86,86,0,0,20,66,0,0,0,0.232558139534884,0.232558139534884,2.76744186046512
30,"survival",2,"Purely linear","BRP-GABLE full",TRUE,"C-index",0.865280162018521,541.11,NA,31,25,6,22,9,0,0,0,0.709677419354839,0.290322580645161,1,1.29032258064516
30,"survival",2,"Purely linear","BRP-GABLE rule-only",TRUE,"C-index",0.826938574968019,534.499999999999,NA,48,48,0,39,9,0,0,0,0.8125,0.1875,1,1.1875
30,"survival",2,"Purely linear","GABLE",TRUE,"C-index",0.747142655989263,11.5699999999997,NA,5,5,0,5,0,0,0,0,1,0,1,1
30,"survival",2,"Purely linear","GBM",TRUE,"C-index",0.852373805008553,0.069999999999709,NA,NA,NA,NA,NA,NA,NA,NA,NA,NA,NA,NA,NA
30,"survival",2,"Purely linear","Linear",TRUE,"C-index",0.869087956763105,0.0200000000004366,NA,20,0,20,20,0,0,0,0,1,0,1,1
30,"survival",2,"Purely linear","Random forest",TRUE,"C-index",0.833424708423585,0.640000000000327,NA,NA,NA,NA,NA,NA,NA,NA,NA,NA,NA,NA,NA
30,"survival",2,"Purely linear","RuleFit",TRUE,"C-index",0.851033137700763,137.820000000001,NA,84,84,0,0,17,67,0,0,0,0.202380952380952,0.202380952380952,2.79761904761905
31,"survival",2,"Purely linear","BRP-GABLE full",TRUE,"C-index",0.860215903393857,532.719999999999,NA,14,8,6,9,5,0,0,0,0.642857142857143,0.357142857142857,1,1.35714285714286
31,"survival",2,"Purely linear","BRP-GABLE rule-only",TRUE,"C-index",0.827030701658783,533.17,NA,60,60,0,53,7,0,0,0,0.883333333333333,0.116666666666667,1,1.11666666666667
31,"survival",2,"Purely linear","GABLE",TRUE,"C-index",0.72543431349042,11.5700000000006,NA,5,5,0,5,0,0,0,0,1,0,1,1
31,"survival",2,"Purely linear","GBM",TRUE,"C-index",0.841156788804848,0.0799999999999272,NA,NA,NA,NA,NA,NA,NA,NA,NA,NA,NA,NA,NA
31,"survival",2,"Purely linear","Linear",TRUE,"C-index",0.86170902630948,0.00999999999930878,NA,20,0,20,20,0,0,0,0,1,0,1,1
31,"survival",2,"Purely linear","Random forest",TRUE,"C-index",0.820332083614883,0.710000000000036,NA,NA,NA,NA,NA,NA,NA,NA,NA,NA,NA,NA,NA
31,"survival",2,"Purely linear","RuleFit",TRUE,"C-index",0.846317326765046,145.94,NA,93,93,0,0,24,69,0,0,0,0.258064516129032,0.258064516129032,2.74193548387097
32,"survival",2,"Purely linear","BRP-GABLE full",TRUE,"C-index",0.864454790766606,535.06,NA,30,24,6,23,7,0,0,0,0.766666666666667,0.233333333333333,1,1.23333333333333
32,"survival",2,"Purely linear","BRP-GABLE rule-only",TRUE,"C-index",0.823221900647344,531.28,NA,64,64,0,54,10,0,0,0,0.84375,0.15625,1,1.15625
32,"survival",2,"Purely linear","GABLE",TRUE,"C-index",0.742596087971701,11.7799999999997,NA,5,5,0,5,0,0,0,0,1,0,1,1
32,"survival",2,"Purely linear","GBM",TRUE,"C-index",0.844928204913105,0.0900000000001455,NA,NA,NA,NA,NA,NA,NA,NA,NA,NA,NA,NA,NA
32,"survival",2,"Purely linear","Linear",TRUE,"C-index",0.86921689526446,0.0299999999997453,NA,20,0,20,20,0,0,0,0,1,0,1,1
32,"survival",2,"Purely linear","Random forest",TRUE,"C-index",0.83071179900172,0.659999999999854,NA,NA,NA,NA,NA,NA,NA,NA,NA,NA,NA,NA,NA
32,"survival",2,"Purely linear","RuleFit",TRUE,"C-index",0.846979293374159,129.27,NA,80,80,0,0,20,60,0,0,0,0.25,0.25,2.75
33,"survival",2,"Purely linear","BRP-GABLE full",TRUE,"C-index",0.873997197954685,538.53,NA,26,20,6,20,6,0,0,0,0.769230769230769,0.230769230769231,1,1.23076923076923
33,"survival",2,"Purely linear","BRP-GABLE rule-only",TRUE,"C-index",0.838468929124911,536.65,NA,57,57,0,51,6,0,0,0,0.894736842105263,0.105263157894737,1,1.10526315789474
33,"survival",2,"Purely linear","GABLE",TRUE,"C-index",0.769695374245575,11.4000000000005,NA,5,5,0,5,0,0,0,0,1,0,1,1
33,"survival",2,"Purely linear","GBM",TRUE,"C-index",0.853618416160246,0.089999999999236,NA,NA,NA,NA,NA,NA,NA,NA,NA,NA,NA,NA,NA
33,"survival",2,"Purely linear","Linear",TRUE,"C-index",0.875927694142773,0.0200000000004366,NA,20,0,20,20,0,0,0,0,1,0,1,1
33,"survival",2,"Purely linear","Random forest",TRUE,"C-index",0.846393184664305,0.630000000000109,NA,NA,NA,NA,NA,NA,NA,NA,NA,NA,NA,NA,NA
33,"survival",2,"Purely linear","RuleFit",TRUE,"C-index",0.859957225677682,144.83,NA,95,95,0,0,25,70,0,0,0,0.263157894736842,0.263157894736842,2.73684210526316
34,"survival",2,"Purely linear","BRP-GABLE full",TRUE,"C-index",0.877327281554494,534.25,NA,34,24,10,26,8,0,0,0,0.764705882352941,0.235294117647059,1,1.23529411764706
34,"survival",2,"Purely linear","BRP-GABLE rule-only",TRUE,"C-index",0.850320089421807,527.61,NA,66,66,0,56,10,0,0,0,0.848484848484849,0.151515151515152,1,1.15151515151515
34,"survival",2,"Purely linear","GABLE",TRUE,"C-index",0.748412254852149,11.9499999999998,NA,5,5,0,5,0,0,0,0,1,0,1,1
34,"survival",2,"Purely linear","GBM",TRUE,"C-index",0.859877609547359,0.0900000000001455,NA,NA,NA,NA,NA,NA,NA,NA,NA,NA,NA,NA,NA
34,"survival",2,"Purely linear","Linear",TRUE,"C-index",0.88278347954702,0.0299999999997453,NA,20,0,20,20,0,0,0,0,1,0,1,1
34,"survival",2,"Purely linear","Random forest",TRUE,"C-index",0.845685284919103,0.710000000000036,NA,NA,NA,NA,NA,NA,NA,NA,NA,NA,NA,NA,NA
34,"survival",2,"Purely linear","RuleFit",TRUE,"C-index",0.863084149081507,138.34,NA,76,76,0,0,13,63,0,0,0,0.171052631578947,0.171052631578947,2.82894736842105
35,"survival",2,"Purely linear","BRP-GABLE full",TRUE,"C-index",0.865010767104272,516.929999999999,NA,39,32,7,31,8,0,0,0,0.794871794871795,0.205128205128205,1,1.20512820512821
35,"survival",2,"Purely linear","BRP-GABLE rule-only",TRUE,"C-index",0.827508320035119,514.51,NA,74,74,0,56,18,0,0,0,0.756756756756757,0.243243243243243,1,1.24324324324324
35,"survival",2,"Purely linear","GABLE",TRUE,"C-index",0.71125770456015,11.6600000000008,NA,5,5,0,5,0,0,0,0,1,0,1,1
35,"survival",2,"Purely linear","GBM",TRUE,"C-index",0.837077101958249,0.0900000000001455,NA,NA,NA,NA,NA,NA,NA,NA,NA,NA,NA,NA,NA
35,"survival",2,"Purely linear","Linear",TRUE,"C-index",0.870462540562025,0.0199999999995271,NA,20,0,20,20,0,0,0,0,1,0,1,1
35,"survival",2,"Purely linear","Random forest",TRUE,"C-index",0.822333881081338,0.6899999999996,NA,NA,NA,NA,NA,NA,NA,NA,NA,NA,NA,NA,NA
35,"survival",2,"Purely linear","RuleFit",TRUE,"C-index",0.846521305815423,136.389999999999,NA,83,83,0,0,14,69,0,0,0,0.168674698795181,0.168674698795181,2.83132530120482
36,"survival",2,"Purely linear","BRP-GABLE full",TRUE,"C-index",0.873115322809888,526.57,NA,19,13,6,7,12,0,0,0,0.368421052631579,0.631578947368421,1,1.63157894736842
36,"survival",2,"Purely linear","BRP-GABLE rule-only",TRUE,"C-index",0.834745934782483,518.74,NA,45,45,0,28,17,0,0,0,0.622222222222222,0.377777777777778,1,1.37777777777778
36,"survival",2,"Purely linear","GABLE",TRUE,"C-index",0.748746932595416,11.9499999999998,NA,5,5,0,5,0,0,0,0,1,0,1,1
36,"survival",2,"Purely linear","GBM",TRUE,"C-index",0.856442564843338,0.0900000000001455,NA,NA,NA,NA,NA,NA,NA,NA,NA,NA,NA,NA,NA
36,"survival",2,"Purely linear","Linear",TRUE,"C-index",0.877689598960418,0.0200000000004366,NA,20,0,20,20,0,0,0,0,1,0,1,1
36,"survival",2,"Purely linear","Random forest",TRUE,"C-index",0.845466622577258,0.670000000000073,NA,NA,NA,NA,NA,NA,NA,NA,NA,NA,NA,NA,NA
36,"survival",2,"Purely linear","RuleFit",TRUE,"C-index",0.859462109214106,131.14,NA,71,71,0,0,5,66,0,0,0,0.0704225352112676,0.0704225352112676,2.92957746478873
37,"survival",2,"Purely linear","BRP-GABLE full",TRUE,"C-index",0.867232974989272,530.26,NA,27,21,6,18,9,0,0,0,0.666666666666667,0.333333333333333,1,1.33333333333333
37,"survival",2,"Purely linear","BRP-GABLE rule-only",TRUE,"C-index",0.831331631474125,528.410000000001,NA,54,54,0,42,12,0,0,0,0.777777777777778,0.222222222222222,1,1.22222222222222
37,"survival",2,"Purely linear","GABLE",TRUE,"C-index",0.736761534314103,11.75,NA,5,5,0,4,1,0,0,0,0.8,0.2,1,1.2
37,"survival",2,"Purely linear","GBM",TRUE,"C-index",0.846006040866628,0.069999999999709,NA,NA,NA,NA,NA,NA,NA,NA,NA,NA,NA,NA,NA
37,"survival",2,"Purely linear","Linear",TRUE,"C-index",0.871411516158493,0.0300000000006548,NA,20,0,20,20,0,0,0,0,1,0,1,1
37,"survival",2,"Purely linear","Random forest",TRUE,"C-index",0.832473234229377,0.609999999999673,NA,NA,NA,NA,NA,NA,NA,NA,NA,NA,NA,NA,NA
37,"survival",2,"Purely linear","RuleFit",TRUE,"C-index",0.853987632178343,139.25,NA,101,101,0,0,35,66,0,0,0,0.346534653465347,0.346534653465347,2.65346534653465
38,"survival",2,"Purely linear","BRP-GABLE full",TRUE,"C-index",0.883129062888029,533.79,NA,28,21,7,21,7,0,0,0,0.75,0.25,1,1.25
38,"survival",2,"Purely linear","BRP-GABLE rule-only",TRUE,"C-index",0.843137827770068,532.639999999999,NA,67,67,0,59,8,0,0,0,0.880597014925373,0.119402985074627,1,1.11940298507463
38,"survival",2,"Purely linear","GABLE",TRUE,"C-index",0.741717916879702,11.4400000000005,NA,5,5,0,5,0,0,0,0,1,0,1,1
38,"survival",2,"Purely linear","GBM",TRUE,"C-index",0.858467606456796,0.0599999999994907,NA,NA,NA,NA,NA,NA,NA,NA,NA,NA,NA,NA,NA
38,"survival",2,"Purely linear","Linear",TRUE,"C-index",0.887061573296326,0.0299999999997453,NA,20,0,20,20,0,0,0,0,1,0,1,1
38,"survival",2,"Purely linear","Random forest",TRUE,"C-index",0.837487400482068,0.670000000000073,NA,NA,NA,NA,NA,NA,NA,NA,NA,NA,NA,NA,NA
38,"survival",2,"Purely linear","RuleFit",TRUE,"C-index",0.862785771674823,132.75,NA,80,80,0,0,9,71,0,0,0,0.1125,0.1125,2.8875
39,"survival",2,"Purely linear","BRP-GABLE full",TRUE,"C-index",0.8710668288722,544.29,NA,25,18,7,15,10,0,0,0,0.6,0.4,1,1.4
39,"survival",2,"Purely linear","BRP-GABLE rule-only",TRUE,"C-index",0.82990669328995,543.83,NA,58,58,0,45,13,0,0,0,0.775862068965517,0.224137931034483,1,1.22413793103448
39,"survival",2,"Purely linear","GABLE",TRUE,"C-index",0.730667537413708,11.9300000000003,NA,5,5,0,5,0,0,0,0,1,0,1,1
39,"survival",2,"Purely linear","GBM",TRUE,"C-index",0.843823234497765,0.100000000000364,NA,NA,NA,NA,NA,NA,NA,NA,NA,NA,NA,NA,NA
39,"survival",2,"Purely linear","Linear",TRUE,"C-index",0.878686828698821,0.0399999999999636,NA,20,0,20,20,0,0,0,0,1,0,1,1
39,"survival",2,"Purely linear","Random forest",TRUE,"C-index",0.824052267939653,0.609999999999673,NA,NA,NA,NA,NA,NA,NA,NA,NA,NA,NA,NA,NA
39,"survival",2,"Purely linear","RuleFit",TRUE,"C-index",0.858748262599584,144.429999999999,NA,83,83,0,0,14,69,0,0,0,0.168674698795181,0.168674698795181,2.83132530120482
40,"survival",2,"Purely linear","BRP-GABLE full",TRUE,"C-index",0.877651505300843,536.440000000001,NA,23,17,6,13,10,0,0,0,0.565217391304348,0.434782608695652,1,1.43478260869565
40,"survival",2,"Purely linear","BRP-GABLE rule-only",TRUE,"C-index",0.838761316123291,544.91,NA,54,54,0,40,14,0,0,0,0.740740740740741,0.259259259259259,1,1.25925925925926
40,"survival",2,"Purely linear","GABLE",TRUE,"C-index",0.738832687523297,11.6299999999992,NA,5,5,0,5,0,0,0,0,1,0,1,1
40,"survival",2,"Purely linear","GBM",TRUE,"C-index",0.858962022902418,0.0599999999994907,NA,NA,NA,NA,NA,NA,NA,NA,NA,NA,NA,NA,NA
40,"survival",2,"Purely linear","Linear",TRUE,"C-index",0.879570153462958,0.0300000000006548,NA,20,0,20,20,0,0,0,0,1,0,1,1
40,"survival",2,"Purely linear","Random forest",TRUE,"C-index",0.833617952074249,0.780000000000655,NA,NA,NA,NA,NA,NA,NA,NA,NA,NA,NA,NA,NA
40,"survival",2,"Purely linear","RuleFit",TRUE,"C-index",0.86448680495959,136.23,NA,90,90,0,0,25,65,0,0,0,0.277777777777778,0.277777777777778,2.72222222222222
41,"survival",2,"Purely linear","BRP-GABLE full",TRUE,"C-index",0.879646100415648,533.17,NA,20,14,6,11,9,0,0,0,0.55,0.45,1,1.45
41,"survival",2,"Purely linear","BRP-GABLE rule-only",TRUE,"C-index",0.844302876821563,527.880000000001,NA,49,49,0,35,14,0,0,0,0.714285714285714,0.285714285714286,1,1.28571428571429
41,"survival",2,"Purely linear","GABLE",TRUE,"C-index",0.746958584167988,11.7799999999997,NA,5,5,0,5,0,0,0,0,1,0,1,1
41,"survival",2,"Purely linear","GBM",TRUE,"C-index",0.862468125377895,0.0900000000001455,NA,NA,NA,NA,NA,NA,NA,NA,NA,NA,NA,NA,NA
41,"survival",2,"Purely linear","Linear",TRUE,"C-index",0.882529055927,0.0100000000002183,NA,20,0,20,20,0,0,0,0,1,0,1,1
41,"survival",2,"Purely linear","Random forest",TRUE,"C-index",0.838233189331604,0.739999999999782,NA,NA,NA,NA,NA,NA,NA,NA,NA,NA,NA,NA,NA
41,"survival",2,"Purely linear","RuleFit",TRUE,"C-index",0.860198564656192,138.11,NA,71,71,0,0,5,66,0,0,0,0.0704225352112676,0.0704225352112676,2.92957746478873
42,"survival",2,"Purely linear","BRP-GABLE full",TRUE,"C-index",0.865238234434376,533.96,NA,22,15,7,14,8,0,0,0,0.636363636363636,0.363636363636364,1,1.36363636363636
42,"survival",2,"Purely linear","BRP-GABLE rule-only",TRUE,"C-index",0.814811458637825,533.940000000001,NA,45,45,0,32,13,0,0,0,0.711111111111111,0.288888888888889,1,1.28888888888889
42,"survival",2,"Purely linear","GABLE",TRUE,"C-index",0.72216603332359,12.1700000000001,NA,5,5,0,5,0,0,0,0,1,0,1,1
42,"survival",2,"Purely linear","GBM",TRUE,"C-index",0.84735165156387,0.0799999999999272,NA,NA,NA,NA,NA,NA,NA,NA,NA,NA,NA,NA,NA
42,"survival",2,"Purely linear","Linear",TRUE,"C-index",0.869368605670856,0.0100000000002183,NA,20,0,20,20,0,0,0,0,1,0,1,1
42,"survival",2,"Purely linear","Random forest",TRUE,"C-index",0.829652148494592,0.659999999999854,NA,NA,NA,NA,NA,NA,NA,NA,NA,NA,NA,NA,NA
42,"survival",2,"Purely linear","RuleFit",TRUE,"C-index",0.853370359543993,144.77,NA,74,74,0,0,19,55,0,0,0,0.256756756756757,0.256756756756757,2.74324324324324
43,"survival",2,"Purely linear","BRP-GABLE full",TRUE,"C-index",0.86127698278638,543.54,NA,29,23,6,22,7,0,0,0,0.758620689655172,0.241379310344828,1,1.24137931034483
43,"survival",2,"Purely linear","BRP-GABLE rule-only",TRUE,"C-index",0.826918948539921,539.75,NA,58,58,0,48,10,0,0,0,0.827586206896552,0.172413793103448,1,1.17241379310345
43,"survival",2,"Purely linear","GABLE",TRUE,"C-index",0.723617458801995,12.4200000000001,NA,5,5,0,5,0,0,0,0,1,0,1,1
43,"survival",2,"Purely linear","GBM",TRUE,"C-index",0.834830886216111,0.069999999999709,NA,NA,NA,NA,NA,NA,NA,NA,NA,NA,NA,NA,NA
43,"survival",2,"Purely linear","Linear",TRUE,"C-index",0.866539367609923,0.0300000000006548,NA,20,0,20,20,0,0,0,0,1,0,1,1
43,"survival",2,"Purely linear","Random forest",TRUE,"C-index",0.817223223415494,0.659999999999854,NA,NA,NA,NA,NA,NA,NA,NA,NA,NA,NA,NA,NA
43,"survival",2,"Purely linear","RuleFit",TRUE,"C-index",0.846186112727458,139.28,NA,86,86,0,0,17,69,0,0,0,0.197674418604651,0.197674418604651,2.80232558139535
44,"survival",2,"Purely linear","BRP-GABLE full",TRUE,"C-index",0.868999326332244,535.500000000001,NA,26,16,10,19,7,0,0,0,0.730769230769231,0.269230769230769,1,1.26923076923077
44,"survival",2,"Purely linear","BRP-GABLE rule-only",TRUE,"C-index",0.831090204404212,535.35,NA,42,42,0,34,8,0,0,0,0.80952380952381,0.19047619047619,1,1.19047619047619
44,"survival",2,"Purely linear","GABLE",TRUE,"C-index",0.739450975360092,11.7299999999996,NA,5,5,0,5,0,0,0,0,1,0,1,1
44,"survival",2,"Purely linear","GBM",TRUE,"C-index",0.851734767380482,0.100000000000364,NA,NA,NA,NA,NA,NA,NA,NA,NA,NA,NA,NA,NA
44,"survival",2,"Purely linear","Linear",TRUE,"C-index",0.871979795799929,0.0299999999997453,NA,20,0,20,20,0,0,0,0,1,0,1,1
44,"survival",2,"Purely linear","Random forest",TRUE,"C-index",0.83166471759906,0.640000000000327,NA,NA,NA,NA,NA,NA,NA,NA,NA,NA,NA,NA,NA
44,"survival",2,"Purely linear","RuleFit",TRUE,"C-index",0.854793977235279,162.81,NA,74,74,0,0,14,60,0,0,0,0.189189189189189,0.189189189189189,2.81081081081081
45,"survival",2,"Purely linear","BRP-GABLE full",TRUE,"C-index",0.846621427466236,568.1,NA,25,19,6,18,7,0,0,0,0.72,0.28,1,1.28
45,"survival",2,"Purely linear","BRP-GABLE rule-only",TRUE,"C-index",0.810339349262837,566.940000000001,NA,55,55,0,50,5,0,0,0,0.909090909090909,0.0909090909090909,1,1.09090909090909
45,"survival",2,"Purely linear","GABLE",TRUE,"C-index",0.731228310603214,13.6899999999996,NA,5,5,0,5,0,0,0,0,1,0,1,1
45,"survival",2,"Purely linear","GBM",TRUE,"C-index",0.82534509626224,0.109999999999673,NA,NA,NA,NA,NA,NA,NA,NA,NA,NA,NA,NA,NA
45,"survival",2,"Purely linear","Linear",TRUE,"C-index",0.852713799429721,0.0200000000004366,NA,20,0,20,20,0,0,0,0,1,0,1,1
45,"survival",2,"Purely linear","Random forest",TRUE,"C-index",0.805953117747176,0.8100000000004,NA,NA,NA,NA,NA,NA,NA,NA,NA,NA,NA,NA,NA
45,"survival",2,"Purely linear","RuleFit",TRUE,"C-index",0.82945502972967,173.73,NA,79,79,0,0,14,65,0,0,0,0.177215189873418,0.177215189873418,2.82278481012658
46,"survival",2,"Purely linear","BRP-GABLE full",TRUE,"C-index",0.870067574267945,576.43,NA,23,17,6,16,7,0,0,0,0.695652173913043,0.304347826086957,1,1.30434782608696
46,"survival",2,"Purely linear","BRP-GABLE rule-only",TRUE,"C-index",0.834656957882956,575.920000000001,NA,64,64,0,54,10,0,0,0,0.84375,0.15625,1,1.15625
46,"survival",2,"Purely linear","GABLE",TRUE,"C-index",0.744701015738996,11.6399999999994,NA,5,5,0,5,0,0,0,0,1,0,1,1
46,"survival",2,"Purely linear","GBM",TRUE,"C-index",0.855719729702928,0.0700000000006185,NA,NA,NA,NA,NA,NA,NA,NA,NA,NA,NA,NA,NA
46,"survival",2,"Purely linear","Linear",TRUE,"C-index",0.876895833628469,0.0199999999995271,NA,20,0,20,20,0,0,0,0,1,0,1,1
46,"survival",2,"Purely linear","Random forest",TRUE,"C-index",0.841003555794812,0.710000000000036,NA,NA,NA,NA,NA,NA,NA,NA,NA,NA,NA,NA,NA
46,"survival",2,"Purely linear","RuleFit",TRUE,"C-index",0.859111192962076,146.2,NA,87,87,0,0,18,69,0,0,0,0.206896551724138,0.206896551724138,2.79310344827586
47,"survival",2,"Purely linear","BRP-GABLE full",TRUE,"C-index",0.857773479227416,641.99,NA,16,10,6,9,7,0,0,0,0.5625,0.4375,1,1.4375
47,"survival",2,"Purely linear","BRP-GABLE rule-only",TRUE,"C-index",0.826590062649768,719.92,NA,57,57,0,50,7,0,0,0,0.87719298245614,0.12280701754386,1,1.12280701754386
47,"survival",2,"Purely linear","GABLE",TRUE,"C-index",0.737202991021162,11.8900000000003,NA,5,5,0,5,0,0,0,0,1,0,1,1
47,"survival",2,"Purely linear","GBM",TRUE,"C-index",0.839658457718625,0.100000000000364,NA,NA,NA,NA,NA,NA,NA,NA,NA,NA,NA,NA,NA
47,"survival",2,"Purely linear","Linear",TRUE,"C-index",0.859667407685423,0.00999999999930878,NA,20,0,20,20,0,0,0,0,1,0,1,1
47,"survival",2,"Purely linear","Random forest",TRUE,"C-index",0.832430637757312,0.699999999999818,NA,NA,NA,NA,NA,NA,NA,NA,NA,NA,NA,NA,NA
47,"survival",2,"Purely linear","RuleFit",TRUE,"C-index",0.843597886653001,145.98,NA,90,90,0,0,16,74,0,0,0,0.177777777777778,0.177777777777778,2.82222222222222
48,"survival",2,"Purely linear","BRP-GABLE full",TRUE,"C-index",0.867879374937679,577.490000000001,NA,27,21,6,21,6,0,0,0,0.777777777777778,0.222222222222222,1,1.22222222222222
48,"survival",2,"Purely linear","BRP-GABLE rule-only",TRUE,"C-index",0.836872694121166,573.98,NA,55,55,0,46,9,0,0,0,0.836363636363636,0.163636363636364,1,1.16363636363636
48,"survival",2,"Purely linear","GABLE",TRUE,"C-index",0.744600504266321,12.2799999999997,NA,5,5,0,5,0,0,0,0,1,0,1,1
48,"survival",2,"Purely linear","GBM",TRUE,"C-index",0.85401062662925,0.109999999999673,NA,NA,NA,NA,NA,NA,NA,NA,NA,NA,NA,NA,NA
48,"survival",2,"Purely linear","Linear",TRUE,"C-index",0.87174256776969,0.0200000000004366,NA,20,0,20,20,0,0,0,0,1,0,1,1
48,"survival",2,"Purely linear","Random forest",TRUE,"C-index",0.838874090112676,0.699999999999818,NA,NA,NA,NA,NA,NA,NA,NA,NA,NA,NA,NA,NA
48,"survival",2,"Purely linear","RuleFit",TRUE,"C-index",0.860452130311534,141.690000000001,NA,89,89,0,2,21,66,0,0,0.0224719101123595,0.235955056179775,0.258426966292135,2.71910112359551
49,"survival",2,"Purely linear","BRP-GABLE full",TRUE,"C-index",0.870947409664038,858.919999999999,NA,33,27,6,27,6,0,0,0,0.818181818181818,0.181818181818182,1,1.18181818181818
49,"survival",2,"Purely linear","BRP-GABLE rule-only",TRUE,"C-index",0.841962108156144,930.56,NA,57,57,0,49,8,0,0,0,0.859649122807018,0.140350877192982,1,1.14035087719298
49,"survival",2,"Purely linear","GABLE",TRUE,"C-index",0.749880044177813,12,NA,5,5,0,5,0,0,0,0,1,0,1,1
49,"survival",2,"Purely linear","GBM",TRUE,"C-index",0.853324550768995,0.110000000000582,NA,NA,NA,NA,NA,NA,NA,NA,NA,NA,NA,NA,NA
49,"survival",2,"Purely linear","Linear",TRUE,"C-index",0.876083506287389,0.00999999999930878,NA,20,0,20,20,0,0,0,0,1,0,1,1
49,"survival",2,"Purely linear","Random forest",TRUE,"C-index",0.845655895722191,0.840000000000146,NA,NA,NA,NA,NA,NA,NA,NA,NA,NA,NA,NA,NA
49,"survival",2,"Purely linear","RuleFit",TRUE,"C-index",0.856862182826869,144.65,NA,86,86,0,0,30,56,0,0,0,0.348837209302326,0.348837209302326,2.65116279069767
50,"survival",2,"Purely linear","BRP-GABLE full",TRUE,"C-index",0.868869784251451,545.93,NA,21,15,6,13,8,0,0,0,0.619047619047619,0.380952380952381,1,1.38095238095238
50,"survival",2,"Purely linear","BRP-GABLE rule-only",TRUE,"C-index",0.824623535209725,545.629999999999,NA,51,51,0,40,11,0,0,0,0.784313725490196,0.215686274509804,1,1.2156862745098
50,"survival",2,"Purely linear","GABLE",TRUE,"C-index",0.735456138429526,11.9300000000003,NA,5,5,0,5,0,0,0,0,1,0,1,1
50,"survival",2,"Purely linear","GBM",TRUE,"C-index",0.853471689847771,0.0999999999994543,NA,NA,NA,NA,NA,NA,NA,NA,NA,NA,NA,NA,NA
50,"survival",2,"Purely linear","Linear",TRUE,"C-index",0.877472346949951,0.0100000000002183,NA,20,0,20,20,0,0,0,0,1,0,1,1
50,"survival",2,"Purely linear","Random forest",TRUE,"C-index",0.835116635636842,0.640000000000327,NA,NA,NA,NA,NA,NA,NA,NA,NA,NA,NA,NA,NA
50,"survival",2,"Purely linear","RuleFit",TRUE,"C-index",0.853400503778338,135.96,NA,65,65,0,0,5,60,0,0,0,0.0769230769230769,0.0769230769230769,2.92307692307692
51,"survival",2,"Purely linear","BRP-GABLE full",TRUE,"C-index",0.869989716636197,552.74,NA,27,21,6,24,3,0,0,0,0.888888888888889,0.111111111111111,1,1.11111111111111
51,"survival",2,"Purely linear","BRP-GABLE rule-only",TRUE,"C-index",0.844962579981718,547.17,NA,73,73,0,64,9,0,0,0,0.876712328767123,0.123287671232877,1,1.12328767123288
51,"survival",2,"Purely linear","GABLE",TRUE,"C-index",0.735651851005484,11.9700000000003,NA,5,5,0,5,0,0,0,0,1,0,1,1
51,"survival",2,"Purely linear","GBM",TRUE,"C-index",0.85758540904936,0.109999999999673,NA,NA,NA,NA,NA,NA,NA,NA,NA,NA,NA,NA,NA
51,"survival",2,"Purely linear","Linear",TRUE,"C-index",0.869287020109689,0.0200000000004366,NA,20,0,20,20,0,0,0,0,1,0,1,1
51,"survival",2,"Purely linear","Random forest",TRUE,"C-index",0.839728062157221,0.699999999999818,NA,NA,NA,NA,NA,NA,NA,NA,NA,NA,NA,NA,NA
51,"survival",2,"Purely linear","RuleFit",TRUE,"C-index",0.857284049360146,145.47,NA,82,82,0,0,13,69,0,0,0,0.158536585365854,0.158536585365854,2.84146341463415
52,"survival",2,"Purely linear","BRP-GABLE full",TRUE,"C-index",0.868289757006349,558.429999999999,NA,22,16,6,19,3,0,0,0,0.863636363636364,0.136363636363636,1,1.13636363636364
52,"survival",2,"Purely linear","BRP-GABLE rule-only",TRUE,"C-index",0.830874649993504,557.72,NA,57,57,0,52,5,0,0,0,0.912280701754386,0.087719298245614,1,1.08771929824561
52,"survival",2,"Purely linear","GABLE",TRUE,"C-index",0.735064777115311,12.0300000000007,NA,5,5,0,5,0,0,0,0,1,0,1,1
52,"survival",2,"Purely linear","GBM",TRUE,"C-index",0.853440912822469,0.100000000000364,NA,NA,NA,NA,NA,NA,NA,NA,NA,NA,NA,NA,NA
52,"survival",2,"Purely linear","Linear",TRUE,"C-index",0.872325369908148,0.00999999999930878,NA,20,0,20,20,0,0,0,0,1,0,1,1
52,"survival",2,"Purely linear","Random forest",TRUE,"C-index",0.844427122635642,0.649999999999636,NA,NA,NA,NA,NA,NA,NA,NA,NA,NA,NA,NA,NA
52,"survival",2,"Purely linear","RuleFit",TRUE,"C-index",0.848437858471608,145.41,NA,69,69,0,0,10,59,0,0,0,0.144927536231884,0.144927536231884,2.85507246376812
53,"survival",2,"Purely linear","BRP-GABLE full",TRUE,"C-index",0.876323031481882,560.300000000001,NA,34,28,6,27,7,0,0,0,0.794117647058823,0.205882352941176,1,1.20588235294118
53,"survival",2,"Purely linear","BRP-GABLE rule-only",TRUE,"C-index",0.83752467401484,561.519999999999,NA,58,58,0,49,9,0,0,0,0.844827586206897,0.155172413793103,1,1.1551724137931
53,"survival",2,"Purely linear","GABLE",TRUE,"C-index",0.741639651321951,12.1000000000004,NA,5,5,0,5,0,0,0,0,1,0,1,1
53,"survival",2,"Purely linear","GBM",TRUE,"C-index",0.854199265182624,0.0599999999994907,NA,NA,NA,NA,NA,NA,NA,NA,NA,NA,NA,NA,NA
53,"survival",2,"Purely linear","Linear",TRUE,"C-index",0.882149701030185,0.0299999999997453,NA,20,0,20,20,0,0,0,0,1,0,1,1
53,"survival",2,"Purely linear","Random forest",TRUE,"C-index",0.837360420718968,0.670000000000073,NA,NA,NA,NA,NA,NA,NA,NA,NA,NA,NA,NA,NA
53,"survival",2,"Purely linear","RuleFit",TRUE,"C-index",0.858792594193502,147.540000000001,NA,89,89,0,0,13,76,0,0,0,0.146067415730337,0.146067415730337,2.85393258426966
54,"survival",2,"Purely linear","BRP-GABLE full",TRUE,"C-index",0.872812667895251,535.41,NA,30,22,8,19,11,0,0,0,0.633333333333333,0.366666666666667,1,1.36666666666667
54,"survival",2,"Purely linear","BRP-GABLE rule-only",TRUE,"C-index",0.82358939104212,533.65,NA,60,60,0,48,12,0,0,0,0.8,0.2,1,1.2
54,"survival",2,"Purely linear","GABLE",TRUE,"C-index",0.729897341983489,11.7600000000002,NA,5,5,0,5,0,0,0,0,1,0,1,1
54,"survival",2,"Purely linear","GBM",TRUE,"C-index",0.856411648825239,0.0600000000013097,NA,NA,NA,NA,NA,NA,NA,NA,NA,NA,NA,NA,NA
54,"survival",2,"Purely linear","Linear",TRUE,"C-index",0.876899924320764,0.0299999999988358,NA,20,0,20,20,0,0,0,0,1,0,1,1
54,"survival",2,"Purely linear","Random forest",TRUE,"C-index",0.841171814972935,0.6299999999992,NA,NA,NA,NA,NA,NA,NA,NA,NA,NA,NA,NA,NA
54,"survival",2,"Purely linear","RuleFit",TRUE,"C-index",0.852464485641165,139.75,NA,88,88,0,0,22,66,0,0,0,0.25,0.25,2.75
55,"survival",2,"Purely linear","BRP-GABLE full",TRUE,"C-index",0.854065508716214,604.139999999999,NA,33,27,6,25,8,0,0,0,0.757575757575758,0.242424242424242,1,1.24242424242424
55,"survival",2,"Purely linear","BRP-GABLE rule-only",TRUE,"C-index",0.819998908858063,542.719999999999,NA,55,55,0,44,11,0,0,0,0.8,0.2,1,1.2
55,"survival",2,"Purely linear","GABLE",TRUE,"C-index",0.734526602327578,11.8899999999994,NA,5,5,0,4,1,0,0,0,0.8,0.2,1,1.2
55,"survival",2,"Purely linear","GBM",TRUE,"C-index",0.837151372972414,0.0899999999983265,NA,NA,NA,NA,NA,NA,NA,NA,NA,NA,NA,NA,NA
55,"survival",2,"Purely linear","Linear",TRUE,"C-index",0.855997978515989,0.0200000000004366,NA,20,0,20,20,0,0,0,0,1,0,1,1
55,"survival",2,"Purely linear","Random forest",TRUE,"C-index",0.814241699424853,0.610000000000582,NA,NA,NA,NA,NA,NA,NA,NA,NA,NA,NA,NA,NA
55,"survival",2,"Purely linear","RuleFit",TRUE,"C-index",0.83654406634143,147.85,NA,87,87,0,0,31,56,0,0,0,0.35632183908046,0.35632183908046,2.64367816091954
56,"survival",2,"Purely linear","BRP-GABLE full",TRUE,"C-index",0.86487066894981,556.420000000001,NA,34,27,7,26,8,0,0,0,0.764705882352941,0.235294117647059,1,1.23529411764706
56,"survival",2,"Purely linear","BRP-GABLE rule-only",TRUE,"C-index",0.840268947549859,550.3,NA,68,68,0,58,10,0,0,0,0.852941176470588,0.147058823529412,1,1.14705882352941
56,"survival",2,"Purely linear","GABLE",TRUE,"C-index",0.744101407750256,11.7200000000012,NA,5,5,0,5,0,0,0,0,1,0,1,1
56,"survival",2,"Purely linear","GBM",TRUE,"C-index",0.844263036242081,0.0900000000001455,NA,NA,NA,NA,NA,NA,NA,NA,NA,NA,NA,NA,NA
56,"survival",2,"Purely linear","Linear",TRUE,"C-index",0.868778574617545,0.0200000000004366,NA,20,0,20,20,0,0,0,0,1,0,1,1
56,"survival",2,"Purely linear","Random forest",TRUE,"C-index",0.832431943667384,0.699999999998909,NA,NA,NA,NA,NA,NA,NA,NA,NA,NA,NA,NA,NA
56,"survival",2,"Purely linear","RuleFit",TRUE,"C-index",0.845754991551238,138.83,NA,74,74,0,0,5,69,0,0,0,0.0675675675675676,0.0675675675675676,2.93243243243243
57,"survival",2,"Purely linear","BRP-GABLE full",TRUE,"C-index",0.874030157873431,716.410000000002,NA,23,17,6,20,3,0,0,0,0.869565217391304,0.130434782608696,1,1.1304347826087
57,"survival",2,"Purely linear","BRP-GABLE rule-only",TRUE,"C-index",0.842631167633698,558.23,NA,60,60,0,56,4,0,0,0,0.933333333333333,0.0666666666666667,1,1.06666666666667
57,"survival",2,"Purely linear","GABLE",TRUE,"C-index",0.743835177438942,12.4099999999999,NA,5,5,0,5,0,0,0,0,1,0,1,1
57,"survival",2,"Purely linear","GBM",TRUE,"C-index",0.855150564476229,0.0899999999983265,NA,NA,NA,NA,NA,NA,NA,NA,NA,NA,NA,NA,NA
57,"survival",2,"Purely linear","Linear",TRUE,"C-index",0.873768722169748,0.0200000000004366,NA,20,0,20,20,0,0,0,0,1,0,1,1
57,"survival",2,"Purely linear","Random forest",TRUE,"C-index",0.841673975621823,0.880000000001019,NA,NA,NA,NA,NA,NA,NA,NA,NA,NA,NA,NA,NA
57,"survival",2,"Purely linear","RuleFit",TRUE,"C-index",0.855070447083165,134.030000000001,NA,76,76,0,0,17,59,0,0,0,0.223684210526316,0.223684210526316,2.77631578947368
58,"survival",2,"Purely linear","BRP-GABLE full",TRUE,"C-index",0.871876578821843,548.41,NA,24,18,6,17,7,0,0,0,0.708333333333333,0.291666666666667,1,1.29166666666667
58,"survival",2,"Purely linear","BRP-GABLE rule-only",TRUE,"C-index",0.835933773451238,543.209999999999,NA,54,54,0,41,13,0,0,0,0.759259259259259,0.240740740740741,1,1.24074074074074
58,"survival",2,"Purely linear","GABLE",TRUE,"C-index",0.742353210141717,11.6499999999996,NA,5,5,0,5,0,0,0,0,1,0,1,1
58,"survival",2,"Purely linear","GBM",TRUE,"C-index",0.855403204637891,0.069999999999709,NA,NA,NA,NA,NA,NA,NA,NA,NA,NA,NA,NA,NA
58,"survival",2,"Purely linear","Linear",TRUE,"C-index",0.874707521048606,0.0400000000008731,NA,20,0,20,20,0,0,0,0,1,0,1,1
58,"survival",2,"Purely linear","Random forest",TRUE,"C-index",0.837778260734577,0.710000000000946,NA,NA,NA,NA,NA,NA,NA,NA,NA,NA,NA,NA,NA
58,"survival",2,"Purely linear","RuleFit",TRUE,"C-index",0.853265179975106,137.77,NA,80,80,0,0,13,67,0,0,0,0.1625,0.1625,2.8375
59,"survival",2,"Purely linear","BRP-GABLE full",TRUE,"C-index",0.87118370206323,536.679999999998,NA,32,26,6,16,16,0,0,0,0.5,0.5,1,1.5
59,"survival",2,"Purely linear","BRP-GABLE rule-only",TRUE,"C-index",0.842271926058168,534.970000000001,NA,59,59,0,39,20,0,0,0,0.661016949152542,0.338983050847458,1,1.33898305084746
59,"survival",2,"Purely linear","GABLE",TRUE,"C-index",0.742272773496644,12.0699999999997,NA,5,5,0,5,0,0,0,0,1,0,1,1
59,"survival",2,"Purely linear","GBM",TRUE,"C-index",0.855661453978441,0.0799999999999272,NA,NA,NA,NA,NA,NA,NA,NA,NA,NA,NA,NA,NA
59,"survival",2,"Purely linear","Linear",TRUE,"C-index",0.875446317597342,0.0100000000002183,NA,20,0,20,20,0,0,0,0,1,0,1,1
59,"survival",2,"Purely linear","Random forest",TRUE,"C-index",0.831783462520621,0.659999999999854,NA,NA,NA,NA,NA,NA,NA,NA,NA,NA,NA,NA,NA
59,"survival",2,"Purely linear","RuleFit",TRUE,"C-index",0.852278762061874,137.789999999999,NA,84,84,0,0,15,69,0,0,0,0.178571428571429,0.178571428571429,2.82142857142857
60,"survival",2,"Purely linear","BRP-GABLE full",TRUE,"C-index",0.868681972166012,560.4,NA,35,28,7,30,5,0,0,0,0.857142857142857,0.142857142857143,1,1.14285714285714
60,"survival",2,"Purely linear","BRP-GABLE rule-only",TRUE,"C-index",0.841005811430085,548.890000000001,NA,61,61,0,55,6,0,0,0,0.901639344262295,0.0983606557377049,1,1.09836065573771
60,"survival",2,"Purely linear","GABLE",TRUE,"C-index",0.747028053819141,12.25,NA,5,5,0,5,0,0,0,0,1,0,1,1
60,"survival",2,"Purely linear","GBM",TRUE,"C-index",0.84800517448382,0.109999999998763,NA,NA,NA,NA,NA,NA,NA,NA,NA,NA,NA,NA,NA
60,"survival",2,"Purely linear","Linear",TRUE,"C-index",0.869913589502224,0.0100000000002183,NA,20,0,20,20,0,0,0,0,1,0,1,1
60,"survival",2,"Purely linear","Random forest",TRUE,"C-index",0.834007857549504,0.710000000000946,NA,NA,NA,NA,NA,NA,NA,NA,NA,NA,NA,NA,NA
60,"survival",2,"Purely linear","RuleFit",TRUE,"C-index",0.856698363668134,144.67,NA,93,93,0,0,13,80,0,0,0,0.139784946236559,0.139784946236559,2.86021505376344
61,"survival",2,"Purely linear","BRP-GABLE full",TRUE,"C-index",0.861592376303123,543.93,NA,26,20,6,19,7,0,0,0,0.730769230769231,0.269230769230769,1,1.26923076923077
61,"survival",2,"Purely linear","BRP-GABLE rule-only",TRUE,"C-index",0.823309932249013,542.17,NA,57,57,0,48,9,0,0,0,0.842105263157895,0.157894736842105,1,1.15789473684211
61,"survival",2,"Purely linear","GABLE",TRUE,"C-index",0.74842883865228,12.1700000000001,NA,5,5,0,5,0,0,0,0,1,0,1,1
61,"survival",2,"Purely linear","GBM",TRUE,"C-index",0.843534000958095,0.110000000000582,NA,NA,NA,NA,NA,NA,NA,NA,NA,NA,NA,NA,NA
61,"survival",2,"Purely linear","Linear",TRUE,"C-index",0.862236809088213,0.0299999999988358,NA,20,0,20,20,0,0,0,0,1,0,1,1
61,"survival",2,"Purely linear","Random forest",TRUE,"C-index",0.822994844537719,0.659999999999854,NA,NA,NA,NA,NA,NA,NA,NA,NA,NA,NA,NA,NA
61,"survival",2,"Purely linear","RuleFit",TRUE,"C-index",0.846690581016037,149.360000000001,NA,92,92,0,0,28,64,0,0,0,0.304347826086957,0.304347826086957,2.69565217391304
62,"survival",2,"Purely linear","BRP-GABLE full",TRUE,"C-index",0.879111360220122,772.58,NA,32,26,6,27,5,0,0,0,0.84375,0.15625,1,1.15625
62,"survival",2,"Purely linear","BRP-GABLE rule-only",TRUE,"C-index",0.833002131580512,557.27,NA,56,56,0,49,7,0,0,0,0.875,0.125,1,1.125
62,"survival",2,"Purely linear","GABLE",TRUE,"C-index",0.741439000846404,12.0799999999999,NA,5,5,0,5,0,0,0,0,1,0,1,1
62,"survival",2,"Purely linear","GBM",TRUE,"C-index",0.853761687600316,0.0900000000001455,NA,NA,NA,NA,NA,NA,NA,NA,NA,NA,NA,NA,NA
62,"survival",2,"Purely linear","Linear",TRUE,"C-index",0.882700794601128,0.0400000000008731,NA,20,0,20,20,0,0,0,0,1,0,1,1
62,"survival",2,"Purely linear","Random forest",TRUE,"C-index",0.833142255399013,0.670000000000073,NA,NA,NA,NA,NA,NA,NA,NA,NA,NA,NA,NA,NA
62,"survival",2,"Purely linear","RuleFit",TRUE,"C-index",0.860051690119714,144.5,NA,101,101,0,1,38,62,0,0,0.0099009900990099,0.376237623762376,0.386138613861386,2.6039603960396
63,"survival",2,"Purely linear","BRP-GABLE full",TRUE,"C-index",0.869299445705984,582.870000000001,NA,19,13,6,13,6,0,0,0,0.684210526315789,0.315789473684211,1,1.31578947368421
63,"survival",2,"Purely linear","BRP-GABLE rule-only",TRUE,"C-index",0.829618764192324,540.66,NA,45,45,0,34,11,0,0,0,0.755555555555556,0.244444444444444,1,1.24444444444444
63,"survival",2,"Purely linear","GABLE",TRUE,"C-index",0.746289897180576,11.4300000000003,NA,5,5,0,5,0,0,0,0,1,0,1,1
63,"survival",2,"Purely linear","GBM",TRUE,"C-index",0.856676210490684,0.0900000000001455,NA,NA,NA,NA,NA,NA,NA,NA,NA,NA,NA,NA,NA
63,"survival",2,"Purely linear","Linear",TRUE,"C-index",0.871477130082791,0.0400000000008731,NA,20,0,20,20,0,0,0,0,1,0,1,1
63,"survival",2,"Purely linear","Random forest",TRUE,"C-index",0.843485987503702,0.659999999999854,NA,NA,NA,NA,NA,NA,NA,NA,NA,NA,NA,NA,NA
63,"survival",2,"Purely linear","RuleFit",TRUE,"C-index",0.853089519188728,151.219999999999,NA,78,78,0,0,17,61,0,0,0,0.217948717948718,0.217948717948718,2.78205128205128
64,"survival",2,"Purely linear","BRP-GABLE full",TRUE,"C-index",0.871301411733787,552.150000000001,NA,31,24,7,20,11,0,0,0,0.645161290322581,0.354838709677419,1,1.35483870967742
64,"survival",2,"Purely linear","BRP-GABLE rule-only",TRUE,"C-index",0.837783446550079,543.560000000001,NA,59,59,0,44,15,0,0,0,0.745762711864407,0.254237288135593,1,1.25423728813559
64,"survival",2,"Purely linear","GABLE",TRUE,"C-index",0.754133506253106,12.5900000000001,NA,5,5,0,5,0,0,0,0,1,0,1,1
64,"survival",2,"Purely linear","GBM",TRUE,"C-index",0.860492021504516,0.109999999998763,NA,NA,NA,NA,NA,NA,NA,NA,NA,NA,NA,NA,NA
64,"survival",2,"Purely linear","Linear",TRUE,"C-index",0.876111933178315,0.0300000000006548,NA,20,0,20,20,0,0,0,0,1,0,1,1
64,"survival",2,"Purely linear","Random forest",TRUE,"C-index",0.83999017328161,0.640000000001237,NA,NA,NA,NA,NA,NA,NA,NA,NA,NA,NA,NA,NA
64,"survival",2,"Purely linear","RuleFit",TRUE,"C-index",0.859289391143384,150.349999999999,NA,86,86,0,0,8,78,0,0,0,0.0930232558139535,0.0930232558139535,2.90697674418605
65,"survival",2,"Purely linear","BRP-GABLE full",TRUE,"C-index",0.858717739247891,861.280000000001,NA,24,18,6,13,11,0,0,0,0.541666666666667,0.458333333333333,1,1.45833333333333
65,"survival",2,"Purely linear","BRP-GABLE rule-only",TRUE,"C-index",0.826037460959734,716.15,NA,53,53,0,39,14,0,0,0,0.735849056603774,0.264150943396226,1,1.26415094339623
65,"survival",2,"Purely linear","GABLE",TRUE,"C-index",0.740352372497958,9.97000000000116,NA,5,5,0,4,1,0,0,0,0.8,0.2,1,1.2
65,"survival",2,"Purely linear","GBM",TRUE,"C-index",0.838826742323924,0.0799999999999272,NA,NA,NA,NA,NA,NA,NA,NA,NA,NA,NA,NA,NA
65,"survival",2,"Purely linear","Linear",TRUE,"C-index",0.86871558631917,0.0100000000002183,NA,20,0,20,20,0,0,0,0,1,0,1,1
65,"survival",2,"Purely linear","Random forest",TRUE,"C-index",0.822109103349426,0.619999999998981,NA,NA,NA,NA,NA,NA,NA,NA,NA,NA,NA,NA,NA
65,"survival",2,"Purely linear","RuleFit",TRUE,"C-index",0.844797433001153,134.1,NA,89,89,0,0,22,67,0,0,0,0.247191011235955,0.247191011235955,2.75280898876404
66,"survival",2,"Purely linear","BRP-GABLE full",TRUE,"C-index",0.86641583574285,548.75,NA,28,22,6,16,12,0,0,0,0.571428571428571,0.428571428571429,1,1.42857142857143
66,"survival",2,"Purely linear","BRP-GABLE rule-only",TRUE,"C-index",0.830502672963413,545.700000000001,NA,59,59,0,43,16,0,0,0,0.728813559322034,0.271186440677966,1,1.27118644067797
66,"survival",2,"Purely linear","GABLE",TRUE,"C-index",0.751780352257896,11.5,NA,5,5,0,5,0,0,0,0,1,0,1,1
66,"survival",2,"Purely linear","GBM",TRUE,"C-index",0.85044484456182,0.0900000000001455,NA,NA,NA,NA,NA,NA,NA,NA,NA,NA,NA,NA,NA
66,"survival",2,"Purely linear","Linear",TRUE,"C-index",0.870746008643648,0.0200000000004366,NA,20,0,20,20,0,0,0,0,1,0,1,1
66,"survival",2,"Purely linear","Random forest",TRUE,"C-index",0.840292871077172,0.690000000000509,NA,NA,NA,NA,NA,NA,NA,NA,NA,NA,NA,NA,NA
66,"survival",2,"Purely linear","RuleFit",TRUE,"C-index",0.852788035810196,133.5,NA,78,78,0,0,18,60,0,0,0,0.230769230769231,0.230769230769231,2.76923076923077
67,"survival",2,"Purely linear","BRP-GABLE full",TRUE,"C-index",0.877122897831424,550.089999999998,NA,24,18,6,17,7,0,0,0,0.708333333333333,0.291666666666667,1,1.29166666666667
67,"survival",2,"Purely linear","BRP-GABLE rule-only",TRUE,"C-index",0.850713826709349,531.819999999998,NA,58,58,0,47,11,0,0,0,0.810344827586207,0.189655172413793,1,1.18965517241379
67,"survival",2,"Purely linear","GABLE",TRUE,"C-index",0.743327400817917,11.3400000000001,NA,5,5,0,5,0,0,0,0,1,0,1,1
67,"survival",2,"Purely linear","GBM",TRUE,"C-index",0.862331093586665,0.0599999999994907,NA,NA,NA,NA,NA,NA,NA,NA,NA,NA,NA,NA,NA
67,"survival",2,"Purely linear","Linear",TRUE,"C-index",0.879453458380097,0.0100000000002183,NA,20,0,20,20,0,0,0,0,1,0,1,1
67,"survival",2,"Purely linear","Random forest",TRUE,"C-index",0.843905747037938,0.659999999999854,NA,NA,NA,NA,NA,NA,NA,NA,NA,NA,NA,NA,NA
67,"survival",2,"Purely linear","RuleFit",TRUE,"C-index",0.85459315875352,142.460000000001,NA,95,95,0,0,29,66,0,0,0,0.305263157894737,0.305263157894737,2.69473684210526
68,"survival",2,"Purely linear","BRP-GABLE full",TRUE,"C-index",0.874627143134786,540.460000000001,NA,18,12,6,13,5,0,0,0,0.722222222222222,0.277777777777778,1,1.27777777777778
68,"survival",2,"Purely linear","BRP-GABLE rule-only",TRUE,"C-index",0.832929140999749,538.1,NA,54,54,0,45,9,0,0,0,0.833333333333333,0.166666666666667,1,1.16666666666667
68,"survival",2,"Purely linear","GABLE",TRUE,"C-index",0.739597328668926,11.3799999999992,NA,5,5,0,5,0,0,0,0,1,0,1,1
68,"survival",2,"Purely linear","GBM",TRUE,"C-index",0.853069749231753,0.069999999999709,NA,NA,NA,NA,NA,NA,NA,NA,NA,NA,NA,NA,NA
68,"survival",2,"Purely linear","Linear",TRUE,"C-index",0.879412667697568,0.0199999999986176,NA,20,0,20,20,0,0,0,0,1,0,1,1
68,"survival",2,"Purely linear","Random forest",TRUE,"C-index",0.833988209413879,0.640000000001237,NA,NA,NA,NA,NA,NA,NA,NA,NA,NA,NA,NA,NA
68,"survival",2,"Purely linear","RuleFit",TRUE,"C-index",0.856379338025908,136.66,NA,95,95,0,0,17,78,0,0,0,0.178947368421053,0.178947368421053,2.82105263157895
69,"survival",2,"Purely linear","BRP-GABLE full",TRUE,"C-index",0.864503234690054,536.49,NA,26,19,7,20,6,0,0,0,0.769230769230769,0.230769230769231,1,1.23076923076923
69,"survival",2,"Purely linear","BRP-GABLE rule-only",TRUE,"C-index",0.81971577721163,525.930000000002,NA,64,64,0,53,11,0,0,0,0.828125,0.171875,1,1.171875
69,"survival",2,"Purely linear","GABLE",TRUE,"C-index",0.736302314974857,12.0500000000011,NA,5,5,0,5,0,0,0,0,1,0,1,1
69,"survival",2,"Purely linear","GBM",TRUE,"C-index",0.843214122828168,0.0799999999999272,NA,NA,NA,NA,NA,NA,NA,NA,NA,NA,NA,NA,NA
69,"survival",2,"Purely linear","Linear",TRUE,"C-index",0.86972057042096,0.0100000000002183,NA,20,0,20,20,0,0,0,0,1,0,1,1
69,"survival",2,"Purely linear","Random forest",TRUE,"C-index",0.827342789996427,0.670000000000073,NA,NA,NA,NA,NA,NA,NA,NA,NA,NA,NA,NA,NA
69,"survival",2,"Purely linear","RuleFit",TRUE,"C-index",0.842301960567865,150.279999999999,NA,84,84,0,0,23,61,0,0,0,0.273809523809524,0.273809523809524,2.72619047619048
70,"survival",2,"Purely linear","BRP-GABLE full",TRUE,"C-index",0.867185245091175,531.43,NA,20,14,6,15,5,0,0,0,0.75,0.25,1,1.25
70,"survival",2,"Purely linear","BRP-GABLE rule-only",TRUE,"C-index",0.822987960483638,530.91,NA,61,61,0,52,9,0,0,0,0.852459016393443,0.147540983606557,1,1.14754098360656
70,"survival",2,"Purely linear","GABLE",TRUE,"C-index",0.738412715649657,11.6399999999994,NA,5,5,0,5,0,0,0,0,1,0,1,1
70,"survival",2,"Purely linear","GBM",TRUE,"C-index",0.850757720807816,0.0799999999999272,NA,NA,NA,NA,NA,NA,NA,NA,NA,NA,NA,NA,NA
70,"survival",2,"Purely linear","Linear",TRUE,"C-index",0.872277677599298,0.0100000000002183,NA,20,0,20,20,0,0,0,0,1,0,1,1
70,"survival",2,"Purely linear","Random forest",TRUE,"C-index",0.825528461325233,0.780000000000655,NA,NA,NA,NA,NA,NA,NA,NA,NA,NA,NA,NA,NA
70,"survival",2,"Purely linear","RuleFit",TRUE,"C-index",0.851702192717993,141.08,NA,113,113,0,0,44,69,0,0,0,0.389380530973451,0.389380530973451,2.61061946902655
71,"survival",2,"Purely linear","BRP-GABLE full",TRUE,"C-index",0.867044281204826,514.25,NA,25,19,6,9,16,0,0,0,0.36,0.64,1,1.64
71,"survival",2,"Purely linear","BRP-GABLE rule-only",TRUE,"C-index",0.841341416644541,510.309999999999,NA,66,66,0,39,27,0,0,0,0.590909090909091,0.409090909090909,1,1.40909090909091
71,"survival",2,"Purely linear","GABLE",TRUE,"C-index",0.746580818361507,11.4899999999998,NA,5,5,0,5,0,0,0,0,1,0,1,1
71,"survival",2,"Purely linear","GBM",TRUE,"C-index",0.85004572676048,0.0600000000013097,NA,NA,NA,NA,NA,NA,NA,NA,NA,NA,NA,NA,NA
71,"survival",2,"Purely linear","Linear",TRUE,"C-index",0.871596306457799,0.0199999999986176,NA,20,0,20,20,0,0,0,0,1,0,1,1
71,"survival",2,"Purely linear","Random forest",TRUE,"C-index",0.835755376581998,0.699999999998909,NA,NA,NA,NA,NA,NA,NA,NA,NA,NA,NA,NA,NA
71,"survival",2,"Purely linear","RuleFit",TRUE,"C-index",0.85663333038322,138.190000000001,NA,97,97,0,0,22,75,0,0,0,0.22680412371134,0.22680412371134,2.77319587628866
72,"survival",2,"Purely linear","BRP-GABLE full",TRUE,"C-index",0.859314926881396,574.149999999998,NA,25,19,6,17,8,0,0,0,0.68,0.32,1,1.32
72,"survival",2,"Purely linear","BRP-GABLE rule-only",TRUE,"C-index",0.814076057286887,536.790000000001,NA,62,62,0,50,12,0,0,0,0.806451612903226,0.193548387096774,1,1.19354838709677
72,"survival",2,"Purely linear","GABLE",TRUE,"C-index",0.751993483790784,11.0699999999997,NA,5,5,0,5,0,0,0,0,1,0,1,1
72,"survival",2,"Purely linear","GBM",TRUE,"C-index",0.842765962389509,0.0799999999999272,NA,NA,NA,NA,NA,NA,NA,NA,NA,NA,NA,NA,NA
72,"survival",2,"Purely linear","Linear",TRUE,"C-index",0.867268535188691,0.0100000000002183,NA,20,0,20,20,0,0,0,0,1,0,1,1
72,"survival",2,"Purely linear","Random forest",TRUE,"C-index",0.826754207659159,0.590000000000146,NA,NA,NA,NA,NA,NA,NA,NA,NA,NA,NA,NA,NA
72,"survival",2,"Purely linear","RuleFit",TRUE,"C-index",0.841732196578119,143.389999999999,NA,82,82,0,0,22,60,0,0,0,0.268292682926829,0.268292682926829,2.73170731707317
73,"survival",2,"Purely linear","BRP-GABLE full",TRUE,"C-index",0.867201903226875,529.369999999999,NA,22,16,6,14,8,0,0,0,0.636363636363636,0.363636363636364,1,1.36363636363636
73,"survival",2,"Purely linear","BRP-GABLE rule-only",TRUE,"C-index",0.82790507048784,524.249999999998,NA,47,47,0,38,9,0,0,0,0.808510638297872,0.191489361702128,1,1.19148936170213
73,"survival",2,"Purely linear","GABLE",TRUE,"C-index",0.721094189859024,11.5099999999984,NA,5,5,0,5,0,0,0,0,1,0,1,1
73,"survival",2,"Purely linear","GBM",TRUE,"C-index",0.847642493624632,0.0900000000001455,NA,NA,NA,NA,NA,NA,NA,NA,NA,NA,NA,NA,NA
73,"survival",2,"Purely linear","Linear",TRUE,"C-index",0.871648101740945,0.0200000000004366,NA,20,0,20,20,0,0,0,0,1,0,1,1
73,"survival",2,"Purely linear","Random forest",TRUE,"C-index",0.832341609352748,0.659999999999854,NA,NA,NA,NA,NA,NA,NA,NA,NA,NA,NA,NA,NA
73,"survival",2,"Purely linear","RuleFit",TRUE,"C-index",0.853487961317245,142.580000000002,NA,90,90,0,0,22,68,0,0,0,0.244444444444444,0.244444444444444,2.75555555555556
74,"survival",2,"Purely linear","BRP-GABLE full",TRUE,"C-index",0.860386560214867,870.01,NA,24,16,8,21,3,0,0,0,0.875,0.125,1,1.125
74,"survival",2,"Purely linear","BRP-GABLE rule-only",TRUE,"C-index",0.822083938284657,538.070000000002,NA,58,58,0,53,5,0,0,0,0.913793103448276,0.0862068965517241,1,1.08620689655172
74,"survival",2,"Purely linear","GABLE",TRUE,"C-index",0.738914297662556,12.0599999999995,NA,5,5,0,5,0,0,0,0,1,0,1,1
74,"survival",2,"Purely linear","GBM",TRUE,"C-index",0.840095535680103,0.0799999999999272,NA,NA,NA,NA,NA,NA,NA,NA,NA,NA,NA,NA,NA
74,"survival",2,"Purely linear","Linear",TRUE,"C-index",0.86251579254268,0.0100000000002183,NA,20,0,20,20,0,0,0,0,1,0,1,1
74,"survival",2,"Purely linear","Random forest",TRUE,"C-index",0.826707582481984,0.710000000000946,NA,NA,NA,NA,NA,NA,NA,NA,NA,NA,NA,NA,NA
74,"survival",2,"Purely linear","RuleFit",TRUE,"C-index",0.847371149049208,153.289999999999,NA,88,88,0,0,23,65,0,0,0,0.261363636363636,0.261363636363636,2.73863636363636
75,"survival",2,"Purely linear","BRP-GABLE full",TRUE,"C-index",0.863605026846069,520.309999999998,NA,24,17,7,16,8,0,0,0,0.666666666666667,0.333333333333333,1,1.33333333333333
75,"survival",2,"Purely linear","BRP-GABLE rule-only",TRUE,"C-index",0.831448168683286,520.66,NA,47,47,0,38,9,0,0,0,0.808510638297872,0.191489361702128,1,1.19148936170213
75,"survival",2,"Purely linear","GABLE",TRUE,"C-index",0.729820169314271,11.5399999999991,NA,5,5,0,5,0,0,0,0,1,0,1,1
75,"survival",2,"Purely linear","GBM",TRUE,"C-index",0.852279432814718,0.070000000001528,NA,NA,NA,NA,NA,NA,NA,NA,NA,NA,NA,NA,NA
75,"survival",2,"Purely linear","Linear",TRUE,"C-index",0.86508316731031,0.0299999999988358,NA,20,0,20,20,0,0,0,0,1,0,1,1
75,"survival",2,"Purely linear","Random forest",TRUE,"C-index",0.834638147708882,0.889999999999418,NA,NA,NA,NA,NA,NA,NA,NA,NA,NA,NA,NA,NA
75,"survival",2,"Purely linear","RuleFit",TRUE,"C-index",0.845747571000403,140.040000000001,NA,74,74,0,0,7,67,0,0,0,0.0945945945945946,0.0945945945945946,2.90540540540541
76,"survival",2,"Purely linear","BRP-GABLE full",TRUE,"C-index",0.861631675355784,523.080000000002,NA,17,11,6,8,9,0,0,0,0.470588235294118,0.529411764705882,1,1.52941176470588
76,"survival",2,"Purely linear","BRP-GABLE rule-only",TRUE,"C-index",0.826084084824574,523.049999999999,NA,53,53,0,41,12,0,0,0,0.773584905660377,0.226415094339623,1,1.22641509433962
76,"survival",2,"Purely linear","GABLE",TRUE,"C-index",0.736346930627965,11.4799999999996,NA,5,5,0,5,0,0,0,0,1,0,1,1
76,"survival",2,"Purely linear","GBM",TRUE,"C-index",0.845956037762435,0.0899999999983265,NA,NA,NA,NA,NA,NA,NA,NA,NA,NA,NA,NA,NA
76,"survival",2,"Purely linear","Linear",TRUE,"C-index",0.863715889342915,0.0100000000002183,NA,20,0,20,20,0,0,0,0,1,0,1,1
76,"survival",2,"Purely linear","Random forest",TRUE,"C-index",0.824694119581044,0.650000000001455,NA,NA,NA,NA,NA,NA,NA,NA,NA,NA,NA,NA,NA
76,"survival",2,"Purely linear","RuleFit",TRUE,"C-index",0.841290040392654,134.780000000001,NA,69,69,0,0,5,64,0,0,0,0.072463768115942,0.072463768115942,2.92753623188406
77,"survival",2,"Purely linear","BRP-GABLE full",TRUE,"C-index",0.881356776410818,517.73,NA,24,18,6,14,10,0,0,0,0.583333333333333,0.416666666666667,1,1.41666666666667
77,"survival",2,"Purely linear","BRP-GABLE rule-only",TRUE,"C-index",0.849078108107316,512.92,NA,63,63,0,49,14,0,0,0,0.777777777777778,0.222222222222222,1,1.22222222222222
77,"survival",2,"Purely linear","GABLE",TRUE,"C-index",0.755425435602343,11.2300000000014,NA,5,5,0,5,0,0,0,0,1,0,1,1
77,"survival",2,"Purely linear","GBM",TRUE,"C-index",0.865366866973915,0.0599999999994907,NA,NA,NA,NA,NA,NA,NA,NA,NA,NA,NA,NA,NA
77,"survival",2,"Purely linear","Linear",TRUE,"C-index",0.884295462469493,0.0200000000004366,NA,20,0,20,20,0,0,0,0,1,0,1,1
77,"survival",2,"Purely linear","Random forest",TRUE,"C-index",0.853956385562643,0.639999999999418,NA,NA,NA,NA,NA,NA,NA,NA,NA,NA,NA,NA,NA
77,"survival",2,"Purely linear","RuleFit",TRUE,"C-index",0.864379491897372,141.07,NA,77,77,0,0,15,62,0,0,0,0.194805194805195,0.194805194805195,2.80519480519481
78,"survival",2,"Purely linear","BRP-GABLE full",TRUE,"C-index",0.879369193210612,512.059999999999,NA,25,18,7,15,10,0,0,0,0.6,0.4,1,1.4
78,"survival",2,"Purely linear","BRP-GABLE rule-only",TRUE,"C-index",0.84937347418112,510.640000000001,NA,61,61,0,46,15,0,0,0,0.754098360655738,0.245901639344262,1,1.24590163934426
78,"survival",2,"Purely linear","GABLE",TRUE,"C-index",0.735587881382406,11.1700000000001,NA,5,5,0,4,1,0,0,0,0.8,0.2,1,1.2
78,"survival",2,"Purely linear","GBM",TRUE,"C-index",0.860386849321408,0.0799999999999272,NA,NA,NA,NA,NA,NA,NA,NA,NA,NA,NA,NA,NA
78,"survival",2,"Purely linear","Linear",TRUE,"C-index",0.884104293697717,0.0100000000002183,NA,20,0,20,20,0,0,0,0,1,0,1,1
78,"survival",2,"Purely linear","Random forest",TRUE,"C-index",0.843981765379676,0.690000000000509,NA,NA,NA,NA,NA,NA,NA,NA,NA,NA,NA,NA,NA
78,"survival",2,"Purely linear","RuleFit",TRUE,"C-index",0.861937254856588,136.189999999999,NA,99,99,0,0,29,70,0,0,0,0.292929292929293,0.292929292929293,2.70707070707071
79,"survival",2,"Purely linear","BRP-GABLE full",TRUE,"C-index",0.864785975661646,524.879999999999,NA,29,21,8,23,6,0,0,0,0.793103448275862,0.206896551724138,1,1.20689655172414
79,"survival",2,"Purely linear","BRP-GABLE rule-only",TRUE,"C-index",0.83312625875812,521.4,NA,64,64,0,54,10,0,0,0,0.84375,0.15625,1,1.15625
79,"survival",2,"Purely linear","GABLE",TRUE,"C-index",0.730830000283664,11.4200000000001,NA,5,5,0,5,0,0,0,0,1,0,1,1
79,"survival",2,"Purely linear","GBM",TRUE,"C-index",0.84711939409412,0.0799999999999272,NA,NA,NA,NA,NA,NA,NA,NA,NA,NA,NA,NA,NA
79,"survival",2,"Purely linear","Linear",TRUE,"C-index",0.867795648597282,0.0100000000002183,NA,20,0,20,20,0,0,0,0,1,0,1,1
79,"survival",2,"Purely linear","Random forest",TRUE,"C-index",0.829869798315037,0.610000000000582,NA,NA,NA,NA,NA,NA,NA,NA,NA,NA,NA,NA,NA
79,"survival",2,"Purely linear","RuleFit",TRUE,"C-index",0.844583439707259,137.66,NA,91,91,0,0,24,67,0,0,0,0.263736263736264,0.263736263736264,2.73626373626374
80,"survival",2,"Purely linear","BRP-GABLE full",TRUE,"C-index",0.864607052741707,765.790000000001,NA,19,13,6,15,4,0,0,0,0.789473684210526,0.210526315789474,1,1.21052631578947
80,"survival",2,"Purely linear","BRP-GABLE rule-only",TRUE,"C-index",0.831252552604636,530.02,NA,53,53,0,42,11,0,0,0,0.792452830188679,0.207547169811321,1,1.20754716981132
80,"survival",2,"Purely linear","GABLE",TRUE,"C-index",0.735873256536067,11.1699999999983,NA,5,5,0,5,0,0,0,0,1,0,1,1
80,"survival",2,"Purely linear","GBM",TRUE,"C-index",0.848531937629728,0.069999999999709,NA,NA,NA,NA,NA,NA,NA,NA,NA,NA,NA,NA,NA
80,"survival",2,"Purely linear","Linear",TRUE,"C-index",0.865457454724487,0.0299999999988358,NA,20,0,20,20,0,0,0,0,1,0,1,1
80,"survival",2,"Purely linear","Random forest",TRUE,"C-index",0.826210284269242,0.650000000001455,NA,NA,NA,NA,NA,NA,NA,NA,NA,NA,NA,NA,NA
80,"survival",2,"Purely linear","RuleFit",TRUE,"C-index",0.849881671039896,136.470000000001,NA,82,82,0,0,19,63,0,0,0,0.231707317073171,0.231707317073171,2.76829268292683
81,"survival",2,"Purely linear","BRP-GABLE full",TRUE,"C-index",0.863760619775184,579.539999999997,NA,18,12,6,15,3,0,0,0,0.833333333333333,0.166666666666667,1,1.16666666666667
81,"survival",2,"Purely linear","BRP-GABLE rule-only",TRUE,"C-index",0.820582513809961,573.199999999999,NA,54,54,0,48,6,0,0,0,0.888888888888889,0.111111111111111,1,1.11111111111111
81,"survival",2,"Purely linear","GABLE",TRUE,"C-index",0.746727577953971,11.6100000000006,NA,5,5,0,5,0,0,0,0,1,0,1,1
81,"survival",2,"Purely linear","GBM",TRUE,"C-index",0.842993216955343,0.100000000000364,NA,NA,NA,NA,NA,NA,NA,NA,NA,NA,NA,NA,NA
81,"survival",2,"Purely linear","Linear",TRUE,"C-index",0.862019487074784,0.0100000000002183,NA,20,0,20,20,0,0,0,0,1,0,1,1
81,"survival",2,"Purely linear","Random forest",TRUE,"C-index",0.830480597996847,0.639999999999418,NA,NA,NA,NA,NA,NA,NA,NA,NA,NA,NA,NA,NA
81,"survival",2,"Purely linear","RuleFit",TRUE,"C-index",0.85069361735915,142.030000000001,NA,86,86,0,0,22,64,0,0,0,0.255813953488372,0.255813953488372,2.74418604651163
82,"survival",2,"Purely linear","BRP-GABLE full",TRUE,"C-index",0.869302732326484,531.1,NA,28,22,6,16,12,0,0,0,0.571428571428571,0.428571428571429,1,1.42857142857143
82,"survival",2,"Purely linear","BRP-GABLE rule-only",TRUE,"C-index",0.839970362538699,525.4,NA,64,64,0,51,13,0,0,0,0.796875,0.203125,1,1.203125
82,"survival",2,"Purely linear","GABLE",TRUE,"C-index",0.734069864550616,11.9099999999999,NA,5,5,0,5,0,0,0,0,1,0,1,1
82,"survival",2,"Purely linear","GBM",TRUE,"C-index",0.852495986007969,0.110000000000582,NA,NA,NA,NA,NA,NA,NA,NA,NA,NA,NA,NA,NA
82,"survival",2,"Purely linear","Linear",TRUE,"C-index",0.874257306027877,0.0299999999988358,NA,20,0,20,20,0,0,0,0,1,0,1,1
82,"survival",2,"Purely linear","Random forest",TRUE,"C-index",0.828558252795735,0.690000000000509,NA,NA,NA,NA,NA,NA,NA,NA,NA,NA,NA,NA,NA
82,"survival",2,"Purely linear","RuleFit",TRUE,"C-index",0.852362420598879,152.709999999999,NA,79,79,0,0,18,61,0,0,0,0.227848101265823,0.227848101265823,2.77215189873418
83,"survival",2,"Purely linear","BRP-GABLE full",TRUE,"C-index",0.868529849982371,507.669999999998,NA,36,30,6,24,12,0,0,0,0.666666666666667,0.333333333333333,1,1.33333333333333
83,"survival",2,"Purely linear","BRP-GABLE rule-only",TRUE,"C-index",0.844282781524743,508.99,NA,55,55,0,37,18,0,0,0,0.672727272727273,0.327272727272727,1,1.32727272727273
83,"survival",2,"Purely linear","GABLE",TRUE,"C-index",0.732932509127305,11.3400000000001,NA,5,5,0,5,0,0,0,0,1,0,1,1
83,"survival",2,"Purely linear","GBM",TRUE,"C-index",0.846836152087622,0.110000000000582,NA,NA,NA,NA,NA,NA,NA,NA,NA,NA,NA,NA,NA
83,"survival",2,"Purely linear","Linear",TRUE,"C-index",0.873349408004731,0.0400000000008731,NA,20,0,20,20,0,0,0,0,1,0,1,1
83,"survival",2,"Purely linear","Random forest",TRUE,"C-index",0.840149903893179,0.639999999999418,NA,NA,NA,NA,NA,NA,NA,NA,NA,NA,NA,NA,NA
83,"survival",2,"Purely linear","RuleFit",TRUE,"C-index",0.850312204997555,143.309999999999,NA,92,92,0,0,16,76,0,0,0,0.173913043478261,0.173913043478261,2.82608695652174
84,"survival",2,"Purely linear","BRP-GABLE full",TRUE,"C-index",0.868465381459032,520.01,NA,24,18,6,11,13,0,0,0,0.458333333333333,0.541666666666667,1,1.54166666666667
84,"survival",2,"Purely linear","BRP-GABLE rule-only",TRUE,"C-index",0.837024345998243,520.269999999999,NA,49,49,0,30,19,0,0,0,0.612244897959184,0.387755102040816,1,1.38775510204082
84,"survival",2,"Purely linear","GABLE",TRUE,"C-index",0.747111162301856,11.2800000000007,NA,5,5,0,5,0,0,0,0,1,0,1,1
84,"survival",2,"Purely linear","GBM",TRUE,"C-index",0.8475358855119,0.0899999999983265,NA,NA,NA,NA,NA,NA,NA,NA,NA,NA,NA,NA,NA
84,"survival",2,"Purely linear","Linear",TRUE,"C-index",0.87183149286609,0.0200000000004366,NA,20,0,20,20,0,0,0,0,1,0,1,1
84,"survival",2,"Purely linear","Random forest",TRUE,"C-index",0.83261010409318,0.600000000000364,NA,NA,NA,NA,NA,NA,NA,NA,NA,NA,NA,NA,NA
84,"survival",2,"Purely linear","RuleFit",TRUE,"C-index",0.851302244554185,135.26,NA,81,81,0,0,14,67,0,0,0,0.172839506172839,0.172839506172839,2.82716049382716
85,"survival",2,"Purely linear","BRP-GABLE full",TRUE,"C-index",0.873772221279073,532.879999999999,NA,28,22,6,21,7,0,0,0,0.75,0.25,1,1.25
85,"survival",2,"Purely linear","BRP-GABLE rule-only",TRUE,"C-index",0.836008173065263,531.949999999999,NA,69,69,0,60,9,0,0,0,0.869565217391304,0.130434782608696,1,1.1304347826087
85,"survival",2,"Purely linear","GABLE",TRUE,"C-index",0.748322035748066,11.2099999999991,NA,5,5,0,5,0,0,0,0,1,0,1,1
85,"survival",2,"Purely linear","GBM",TRUE,"C-index",0.85639839448985,0.0799999999999272,NA,NA,NA,NA,NA,NA,NA,NA,NA,NA,NA,NA,NA
85,"survival",2,"Purely linear","Linear",TRUE,"C-index",0.880499236048796,0.0100000000002183,NA,20,0,20,20,0,0,0,0,1,0,1,1
85,"survival",2,"Purely linear","Random forest",TRUE,"C-index",0.840349356098271,0.640000000001237,NA,NA,NA,NA,NA,NA,NA,NA,NA,NA,NA,NA,NA
85,"survival",2,"Purely linear","RuleFit",TRUE,"C-index",0.858932772294036,148.709999999999,NA,90,90,0,0,25,65,0,0,0,0.277777777777778,0.277777777777778,2.72222222222222
86,"survival",2,"Purely linear","BRP-GABLE full",TRUE,"C-index",0.874760530208378,576.760000000002,NA,31,25,6,22,9,0,0,0,0.709677419354839,0.290322580645161,1,1.29032258064516
86,"survival",2,"Purely linear","BRP-GABLE rule-only",TRUE,"C-index",0.843375985524105,576.5,NA,69,69,0,56,13,0,0,0,0.811594202898551,0.188405797101449,1,1.18840579710145
86,"survival",2,"Purely linear","GABLE",TRUE,"C-index",0.747658437809659,11.5599999999995,NA,5,5,0,5,0,0,0,0,1,0,1,1
86,"survival",2,"Purely linear","GBM",TRUE,"C-index",0.856275042005946,0.0800000000017462,NA,NA,NA,NA,NA,NA,NA,NA,NA,NA,NA,NA,NA
86,"survival",2,"Purely linear","Linear",TRUE,"C-index",0.879120531931699,0.00999999999839929,NA,20,0,20,20,0,0,0,0,1,0,1,1
86,"survival",2,"Purely linear","Random forest",TRUE,"C-index",0.836715350480376,0.659999999999854,NA,NA,NA,NA,NA,NA,NA,NA,NA,NA,NA,NA,NA
86,"survival",2,"Purely linear","RuleFit",TRUE,"C-index",0.858480892680195,140.16,NA,86,86,0,0,20,66,0,0,0,0.232558139534884,0.232558139534884,2.76744186046512
87,"survival",2,"Purely linear","BRP-GABLE full",TRUE,"C-index",0.869092206170858,525.959999999999,NA,29,23,6,21,8,0,0,0,0.724137931034483,0.275862068965517,1,1.27586206896552
87,"survival",2,"Purely linear","BRP-GABLE rule-only",TRUE,"C-index",0.832130967243327,520.93,NA,56,56,0,46,10,0,0,0,0.821428571428571,0.178571428571429,1,1.17857142857143
87,"survival",2,"Purely linear","GABLE",TRUE,"C-index",0.733724213780394,11.5799999999999,NA,5,5,0,5,0,0,0,0,1,0,1,1
87,"survival",2,"Purely linear","GBM",TRUE,"C-index",0.845868259913204,0.0999999999985448,NA,NA,NA,NA,NA,NA,NA,NA,NA,NA,NA,NA,NA
87,"survival",2,"Purely linear","Linear",TRUE,"C-index",0.872935616194043,0.0200000000004366,NA,20,0,20,20,0,0,0,0,1,0,1,1
87,"survival",2,"Purely linear","Random forest",TRUE,"C-index",0.828363355329647,0.660000000001673,NA,NA,NA,NA,NA,NA,NA,NA,NA,NA,NA,NA,NA
87,"survival",2,"Purely linear","RuleFit",TRUE,"C-index",0.851521907139885,148.75,NA,92,92,0,0,16,76,0,0,0,0.173913043478261,0.173913043478261,2.82608695652174
88,"survival",2,"Purely linear","BRP-GABLE full",TRUE,"C-index",0.873136189830588,514.309999999999,NA,29,23,6,21,8,0,0,0,0.724137931034483,0.275862068965517,1,1.27586206896552
88,"survival",2,"Purely linear","BRP-GABLE rule-only",TRUE,"C-index",0.837686747836498,514.820000000002,NA,50,50,0,39,11,0,0,0,0.78,0.22,1,1.22
88,"survival",2,"Purely linear","GABLE",TRUE,"C-index",0.759689171780131,11.8199999999997,NA,5,5,0,5,0,0,0,0,1,0,1,1
88,"survival",2,"Purely linear","GBM",TRUE,"C-index",0.848697203661153,0.110000000000582,NA,NA,NA,NA,NA,NA,NA,NA,NA,NA,NA,NA,NA
88,"survival",2,"Purely linear","Linear",TRUE,"C-index",0.878160150484055,0.0100000000002183,NA,20,0,20,20,0,0,0,0,1,0,1,1
88,"survival",2,"Purely linear","Random forest",TRUE,"C-index",0.843664439338316,0.670000000000073,NA,NA,NA,NA,NA,NA,NA,NA,NA,NA,NA,NA,NA
88,"survival",2,"Purely linear","RuleFit",TRUE,"C-index",0.853030076269122,131.539999999999,NA,86,86,0,0,21,65,0,0,0,0.244186046511628,0.244186046511628,2.75581395348837
89,"survival",2,"Purely linear","BRP-GABLE full",TRUE,"C-index",0.864677214767341,532.779999999999,NA,18,12,6,13,5,0,0,0,0.722222222222222,0.277777777777778,1,1.27777777777778
89,"survival",2,"Purely linear","BRP-GABLE rule-only",TRUE,"C-index",0.827790791165603,524.889999999999,NA,74,74,0,65,9,0,0,0,0.878378378378378,0.121621621621622,1,1.12162162162162
89,"survival",2,"Purely linear","GABLE",TRUE,"C-index",0.745823863553903,11.4300000000003,NA,5,5,0,5,0,0,0,0,1,0,1,1
89,"survival",2,"Purely linear","GBM",TRUE,"C-index",0.845752168978599,0.0900000000001455,NA,NA,NA,NA,NA,NA,NA,NA,NA,NA,NA,NA,NA
89,"survival",2,"Purely linear","Linear",TRUE,"C-index",0.867887506276904,0.0299999999988358,NA,20,0,20,20,0,0,0,0,1,0,1,1
89,"survival",2,"Purely linear","Random forest",TRUE,"C-index",0.833944333661329,0.75,NA,NA,NA,NA,NA,NA,NA,NA,NA,NA,NA,NA,NA
89,"survival",2,"Purely linear","RuleFit",TRUE,"C-index",0.849453002319189,143.1,NA,77,77,0,0,14,63,0,0,0,0.181818181818182,0.181818181818182,2.81818181818182
90,"survival",2,"Purely linear","BRP-GABLE full",TRUE,"C-index",0.872942232864412,531.01,NA,14,8,6,12,2,0,0,0,0.857142857142857,0.142857142857143,1,1.14285714285714
90,"survival",2,"Purely linear","BRP-GABLE rule-only",TRUE,"C-index",0.832920394204441,526.289999999999,NA,54,54,0,51,3,0,0,0,0.944444444444444,0.0555555555555556,1,1.05555555555556
90,"survival",2,"Purely linear","GABLE",TRUE,"C-index",0.742377254536788,10.9499999999989,NA,5,5,0,5,0,0,0,0,1,0,1,1
90,"survival",2,"Purely linear","GBM",TRUE,"C-index",0.855476847694747,0.0799999999999272,NA,NA,NA,NA,NA,NA,NA,NA,NA,NA,NA,NA,NA
90,"survival",2,"Purely linear","Linear",TRUE,"C-index",0.876791712394825,0.0100000000002183,NA,20,0,20,20,0,0,0,0,1,0,1,1
90,"survival",2,"Purely linear","Random forest",TRUE,"C-index",0.835844224949283,0.690000000000509,NA,NA,NA,NA,NA,NA,NA,NA,NA,NA,NA,NA,NA
90,"survival",2,"Purely linear","RuleFit",TRUE,"C-index",0.857797898167548,139.940000000001,NA,84,84,0,0,26,58,0,0,0,0.30952380952381,0.30952380952381,2.69047619047619
91,"survival",2,"Purely linear","BRP-GABLE full",TRUE,"C-index",0.858602567997929,582.85,NA,28,22,6,26,2,0,0,0,0.928571428571429,0.0714285714285714,1,1.07142857142857
91,"survival",2,"Purely linear","BRP-GABLE rule-only",TRUE,"C-index",0.826857072122256,522.51,NA,60,60,0,58,2,0,0,0,0.966666666666667,0.0333333333333333,1,1.03333333333333
91,"survival",2,"Purely linear","GABLE",TRUE,"C-index",0.74191452010398,11.7399999999998,NA,5,5,0,5,0,0,0,0,1,0,1,1
91,"survival",2,"Purely linear","GBM",TRUE,"C-index",0.844654130515513,0.0799999999999272,NA,NA,NA,NA,NA,NA,NA,NA,NA,NA,NA,NA,NA
91,"survival",2,"Purely linear","Linear",TRUE,"C-index",0.861396194141544,0.0200000000004366,NA,20,0,20,20,0,0,0,0,1,0,1,1
91,"survival",2,"Purely linear","Random forest",TRUE,"C-index",0.820423010701867,0.6200000000008,NA,NA,NA,NA,NA,NA,NA,NA,NA,NA,NA,NA,NA
91,"survival",2,"Purely linear","RuleFit",TRUE,"C-index",0.838487334436155,144.17,NA,81,81,0,0,21,60,0,0,0,0.259259259259259,0.259259259259259,2.74074074074074
92,"survival",2,"Purely linear","BRP-GABLE full",TRUE,"C-index",0.875809401627905,516.780000000001,NA,19,12,7,15,4,0,0,0,0.789473684210526,0.210526315789474,1,1.21052631578947
92,"survival",2,"Purely linear","BRP-GABLE rule-only",TRUE,"C-index",0.837781611088477,514.02,NA,48,48,0,43,5,0,0,0,0.895833333333333,0.104166666666667,1,1.10416666666667
92,"survival",2,"Purely linear","GABLE",TRUE,"C-index",0.762907806951391,11.6100000000006,NA,5,5,0,5,0,0,0,0,1,0,1,1
92,"survival",2,"Purely linear","GBM",TRUE,"C-index",0.850957412688644,0.0599999999994907,NA,NA,NA,NA,NA,NA,NA,NA,NA,NA,NA,NA,NA
92,"survival",2,"Purely linear","Linear",TRUE,"C-index",0.879744805526902,0.0299999999988358,NA,20,0,20,20,0,0,0,0,1,0,1,1
92,"survival",2,"Purely linear","Random forest",TRUE,"C-index",0.843415999930654,1.02000000000044,NA,NA,NA,NA,NA,NA,NA,NA,NA,NA,NA,NA,NA
92,"survival",2,"Purely linear","RuleFit",TRUE,"C-index",0.856854739676788,156.809999999999,NA,84,84,0,0,17,67,0,0,0,0.202380952380952,0.202380952380952,2.79761904761905
93,"survival",2,"Purely linear","BRP-GABLE full",TRUE,"C-index",0.872704701060266,547.549999999999,NA,27,21,6,20,7,0,0,0,0.740740740740741,0.259259259259259,1,1.25925925925926
93,"survival",2,"Purely linear","BRP-GABLE rule-only",TRUE,"C-index",0.83727176627484,613.710000000001,NA,49,49,0,39,10,0,0,0,0.795918367346939,0.204081632653061,1,1.20408163265306
93,"survival",2,"Purely linear","GABLE",TRUE,"C-index",0.755971737759126,11.7999999999993,NA,5,5,0,5,0,0,0,0,1,0,1,1
93,"survival",2,"Purely linear","GBM",TRUE,"C-index",0.854898221944426,0.109999999998763,NA,NA,NA,NA,NA,NA,NA,NA,NA,NA,NA,NA,NA
93,"survival",2,"Purely linear","Linear",TRUE,"C-index",0.872828557191289,0.0100000000002183,NA,20,0,20,20,0,0,0,0,1,0,1,1
93,"survival",2,"Purely linear","Random forest",TRUE,"C-index",0.834487883701973,0.610000000000582,NA,NA,NA,NA,NA,NA,NA,NA,NA,NA,NA,NA,NA
93,"survival",2,"Purely linear","RuleFit",TRUE,"C-index",0.858513092745199,145.25,NA,82,82,0,0,14,68,0,0,0,0.170731707317073,0.170731707317073,2.82926829268293
94,"survival",2,"Purely linear","BRP-GABLE full",TRUE,"C-index",0.85618900298464,530.089999999998,NA,27,21,6,15,12,0,0,0,0.555555555555556,0.444444444444444,1,1.44444444444444
94,"survival",2,"Purely linear","BRP-GABLE rule-only",TRUE,"C-index",0.81906421592349,522.239999999998,NA,59,59,0,41,18,0,0,0,0.694915254237288,0.305084745762712,1,1.30508474576271
94,"survival",2,"Purely linear","GABLE",TRUE,"C-index",0.711273101592461,10.6900000000005,NA,5,5,0,4,1,0,0,0,0.8,0.2,1,1.2
94,"survival",2,"Purely linear","GBM",TRUE,"C-index",0.841542726232668,0.0999999999985448,NA,NA,NA,NA,NA,NA,NA,NA,NA,NA,NA,NA,NA
94,"survival",2,"Purely linear","Linear",TRUE,"C-index",0.86496390179498,0.0100000000002183,NA,20,0,20,20,0,0,0,0,1,0,1,1
94,"survival",2,"Purely linear","Random forest",TRUE,"C-index",0.830054517940011,0.670000000000073,NA,NA,NA,NA,NA,NA,NA,NA,NA,NA,NA,NA,NA
94,"survival",2,"Purely linear","RuleFit",TRUE,"C-index",0.843856032358314,134.280000000001,NA,82,82,0,0,10,72,0,0,0,0.121951219512195,0.121951219512195,2.8780487804878
95,"survival",2,"Purely linear","BRP-GABLE full",TRUE,"C-index",0.863909828139422,533.859999999999,NA,24,17,7,19,5,0,0,0,0.791666666666667,0.208333333333333,1,1.20833333333333
95,"survival",2,"Purely linear","BRP-GABLE rule-only",TRUE,"C-index",0.815171585864358,530.610000000001,NA,48,48,0,43,5,0,0,0,0.895833333333333,0.104166666666667,1,1.10416666666667
95,"survival",2,"Purely linear","GABLE",TRUE,"C-index",0.728433640279548,11.3000000000011,NA,5,5,0,5,0,0,0,0,1,0,1,1
95,"survival",2,"Purely linear","GBM",TRUE,"C-index",0.841843490396027,0.0799999999999272,NA,NA,NA,NA,NA,NA,NA,NA,NA,NA,NA,NA,NA
95,"survival",2,"Purely linear","Linear",TRUE,"C-index",0.868143158542482,0.0200000000004366,NA,20,0,20,20,0,0,0,0,1,0,1,1
95,"survival",2,"Purely linear","Random forest",TRUE,"C-index",0.817060239110369,0.649999999999636,NA,NA,NA,NA,NA,NA,NA,NA,NA,NA,NA,NA,NA
95,"survival",2,"Purely linear","RuleFit",TRUE,"C-index",0.850654916267417,136.719999999999,NA,89,89,0,0,16,73,0,0,0,0.179775280898876,0.179775280898876,2.82022471910112
96,"survival",2,"Purely linear","BRP-GABLE full",TRUE,"C-index",0.871872266098266,530.540000000001,NA,23,17,6,19,4,0,0,0,0.826086956521739,0.173913043478261,1,1.17391304347826
96,"survival",2,"Purely linear","BRP-GABLE rule-only",TRUE,"C-index",0.830114030947392,529.940000000001,NA,54,54,0,45,9,0,0,0,0.833333333333333,0.166666666666667,1,1.16666666666667
96,"survival",2,"Purely linear","GABLE",TRUE,"C-index",0.74329207615692,11.1000000000004,NA,5,5,0,5,0,0,0,0,1,0,1,1
96,"survival",2,"Purely linear","GBM",TRUE,"C-index",0.851988251174732,0.109999999998763,NA,NA,NA,NA,NA,NA,NA,NA,NA,NA,NA,NA,NA
96,"survival",2,"Purely linear","Linear",TRUE,"C-index",0.876856798415051,0.0200000000004366,NA,20,0,20,20,0,0,0,0,1,0,1,1
96,"survival",2,"Purely linear","Random forest",TRUE,"C-index",0.839319482065605,0.6200000000008,NA,NA,NA,NA,NA,NA,NA,NA,NA,NA,NA,NA,NA
96,"survival",2,"Purely linear","RuleFit",TRUE,"C-index",0.854098710575446,147.209999999999,NA,85,85,0,0,30,55,0,0,0,0.352941176470588,0.352941176470588,2.64705882352941
97,"survival",2,"Purely linear","BRP-GABLE full",TRUE,"C-index",0.860342690816477,641.789999999999,NA,30,24,6,20,10,0,0,0,0.666666666666667,0.333333333333333,1,1.33333333333333
97,"survival",2,"Purely linear","BRP-GABLE rule-only",TRUE,"C-index",0.818053518436402,640.15,NA,53,53,0,42,11,0,0,0,0.792452830188679,0.207547169811321,1,1.20754716981132
97,"survival",2,"Purely linear","GABLE",TRUE,"C-index",0.740631146888608,11.7099999999991,NA,5,5,0,5,0,0,0,0,1,0,1,1
97,"survival",2,"Purely linear","GBM",TRUE,"C-index",0.845605791861377,0.0799999999999272,NA,NA,NA,NA,NA,NA,NA,NA,NA,NA,NA,NA,NA
97,"survival",2,"Purely linear","Linear",TRUE,"C-index",0.865336948982956,0.0300000000006548,NA,20,0,20,20,0,0,0,0,1,0,1,1
97,"survival",2,"Purely linear","Random forest",TRUE,"C-index",0.832014417118623,0.670000000000073,NA,NA,NA,NA,NA,NA,NA,NA,NA,NA,NA,NA,NA
97,"survival",2,"Purely linear","RuleFit",TRUE,"C-index",0.849401939716433,151.030000000001,NA,96,96,0,0,26,70,0,0,0,0.270833333333333,0.270833333333333,2.72916666666667
98,"survival",2,"Purely linear","BRP-GABLE full",TRUE,"C-index",0.864992812317782,567.990000000002,NA,23,16,7,12,11,0,0,0,0.521739130434783,0.478260869565217,1,1.47826086956522
98,"survival",2,"Purely linear","BRP-GABLE rule-only",TRUE,"C-index",0.825187774589667,523.49,NA,47,47,0,32,15,0,0,0,0.680851063829787,0.319148936170213,1,1.31914893617021
98,"survival",2,"Purely linear","GABLE",TRUE,"C-index",0.740068586076103,11.6599999999999,NA,5,5,0,5,0,0,0,0,1,0,1,1
98,"survival",2,"Purely linear","GBM",TRUE,"C-index",0.840284793866511,0.109999999998763,NA,NA,NA,NA,NA,NA,NA,NA,NA,NA,NA,NA,NA
98,"survival",2,"Purely linear","Linear",TRUE,"C-index",0.87149636574622,0.0100000000002183,NA,20,0,20,20,0,0,0,0,1,0,1,1
98,"survival",2,"Purely linear","Random forest",TRUE,"C-index",0.830959570009179,0.660000000001673,NA,NA,NA,NA,NA,NA,NA,NA,NA,NA,NA,NA,NA
98,"survival",2,"Purely linear","RuleFit",TRUE,"C-index",0.848169594660909,148.73,NA,89,89,0,0,19,70,0,0,0,0.213483146067416,0.213483146067416,2.78651685393258
99,"survival",2,"Purely linear","BRP-GABLE full",TRUE,"C-index",0.86405694553073,503.329999999998,NA,23,16,7,16,7,0,0,0,0.695652173913043,0.304347826086957,1,1.30434782608696
99,"survival",2,"Purely linear","BRP-GABLE rule-only",TRUE,"C-index",0.823671586247011,498.790000000001,NA,56,56,0,46,10,0,0,0,0.821428571428571,0.178571428571429,1,1.17857142857143
99,"survival",2,"Purely linear","GABLE",TRUE,"C-index",0.725969398271417,9,NA,5,5,0,5,0,0,0,0,1,0,1,1
99,"survival",2,"Purely linear","GBM",TRUE,"C-index",0.843152729110607,0.0500000000010914,NA,NA,NA,NA,NA,NA,NA,NA,NA,NA,NA,NA,NA
99,"survival",2,"Purely linear","Linear",TRUE,"C-index",0.868433461428777,0.0299999999988358,NA,20,0,20,20,0,0,0,0,1,0,1,1
99,"survival",2,"Purely linear","Random forest",TRUE,"C-index",0.829273526596511,0.609999999998763,NA,NA,NA,NA,NA,NA,NA,NA,NA,NA,NA,NA,NA
99,"survival",2,"Purely linear","RuleFit",TRUE,"C-index",0.849032789986532,114.5,NA,87,87,0,0,24,63,0,0,0,0.275862068965517,0.275862068965517,2.72413793103448
100,"survival",2,"Purely linear","BRP-GABLE full",TRUE,"C-index",0.869228354258294,418.619999999999,NA,18,12,6,11,7,0,0,0,0.611111111111111,0.388888888888889,1,1.38888888888889
100,"survival",2,"Purely linear","BRP-GABLE rule-only",TRUE,"C-index",0.819473606898757,421.59,NA,51,51,0,43,8,0,0,0,0.843137254901961,0.156862745098039,1,1.15686274509804
100,"survival",2,"Purely linear","GABLE",TRUE,"C-index",0.740305824138159,5.97000000000116,NA,5,5,0,5,0,0,0,0,1,0,1,1
100,"survival",2,"Purely linear","GBM",TRUE,"C-index",0.846388032016774,0.0499999999992724,NA,NA,NA,NA,NA,NA,NA,NA,NA,NA,NA,NA,NA
100,"survival",2,"Purely linear","Linear",TRUE,"C-index",0.871414458240806,0.0100000000002183,NA,20,0,20,20,0,0,0,0,1,0,1,1
100,"survival",2,"Purely linear","Random forest",TRUE,"C-index",0.831615268741017,0.420000000000073,NA,NA,NA,NA,NA,NA,NA,NA,NA,NA,NA,NA,NA
100,"survival",2,"Purely linear","RuleFit",TRUE,"C-index",0.849534696840086,75.5899999999983,NA,88,88,0,0,26,62,0,0,0,0.295454545454545,0.295454545454545,2.70454545454545
1,"survival",3,"Mixed linear and rule-based","BRP-GABLE full",TRUE,"C-index",0.830906385854198,588.28,NA,43,35,8,29,14,0,0,0,0.674418604651163,0.325581395348837,1,1.32558139534884
1,"survival",3,"Mixed linear and rule-based","BRP-GABLE rule-only",TRUE,"C-index",0.799554245973858,588.25,NA,48,48,0,34,14,0,0,0,0.708333333333333,0.291666666666667,1,1.29166666666667
1,"survival",3,"Mixed linear and rule-based","GABLE",TRUE,"C-index",0.772020161886726,12.0899999999999,NA,5,5,0,4,1,0,0,0,0.8,0.2,1,1.2
1,"survival",3,"Mixed linear and rule-based","GBM",TRUE,"C-index",0.817536665226256,0.110000000000014,NA,NA,NA,NA,NA,NA,NA,NA,NA,NA,NA,NA,NA
1,"survival",3,"Mixed linear and rule-based","Linear",TRUE,"C-index",0.81867062634676,0.0299999999999727,NA,20,0,20,20,0,0,0,0,1,0,1,1
1,"survival",3,"Mixed linear and rule-based","Random forest",TRUE,"C-index",0.80483688070787,1.08000000000004,NA,NA,NA,NA,NA,NA,NA,NA,NA,NA,NA,NA,NA
1,"survival",3,"Mixed linear and rule-based","RuleFit",TRUE,"C-index",0.824607246330577,162.53,NA,90,90,0,0,36,54,0,0,0,0.4,0.4,2.6
2,"survival",3,"Mixed linear and rule-based","BRP-GABLE full",TRUE,"C-index",0.849443229183354,598.79,NA,39,32,7,29,10,0,0,0,0.743589743589744,0.256410256410256,1,1.25641025641026
2,"survival",3,"Mixed linear and rule-based","BRP-GABLE rule-only",TRUE,"C-index",0.811297947390037,595.91,NA,40,40,0,28,12,0,0,0,0.7,0.3,1,1.3
2,"survival",3,"Mixed linear and rule-based","GABLE",TRUE,"C-index",0.786536719494115,13.5600000000001,NA,5,5,0,5,0,0,0,0,1,0,1,1
2,"survival",3,"Mixed linear and rule-based","GBM",TRUE,"C-index",0.837790800975186,0.0900000000000318,NA,NA,NA,NA,NA,NA,NA,NA,NA,NA,NA,NA,NA
2,"survival",3,"Mixed linear and rule-based","Linear",TRUE,"C-index",0.818043860083479,0.0199999999999818,NA,20,0,20,20,0,0,0,0,1,0,1,1
2,"survival",3,"Mixed linear and rule-based","Random forest",TRUE,"C-index",0.817982692481337,1.49000000000001,NA,NA,NA,NA,NA,NA,NA,NA,NA,NA,NA,NA,NA
2,"survival",3,"Mixed linear and rule-based","RuleFit",TRUE,"C-index",0.836385402497386,159.92,NA,92,92,0,0,36,56,0,0,0,0.391304347826087,0.391304347826087,2.60869565217391
3,"survival",3,"Mixed linear and rule-based","BRP-GABLE full",TRUE,"C-index",0.843257861273339,599.27,NA,35,28,7,23,12,0,0,0,0.657142857142857,0.342857142857143,1,1.34285714285714
3,"survival",3,"Mixed linear and rule-based","BRP-GABLE rule-only",TRUE,"C-index",0.821424666992721,596.1,NA,37,37,0,23,14,0,0,0,0.621621621621622,0.378378378378378,1,1.37837837837838
3,"survival",3,"Mixed linear and rule-based","GABLE",TRUE,"C-index",0.77336517161023,12.7800000000001,NA,5,5,0,4,1,0,0,0,0.8,0.2,1,1.2
3,"survival",3,"Mixed linear and rule-based","GBM",TRUE,"C-index",0.831128628556633,0.0899999999999181,NA,NA,NA,NA,NA,NA,NA,NA,NA,NA,NA,NA,NA
3,"survival",3,"Mixed linear and rule-based","Linear",TRUE,"C-index",0.817235823815415,0.0300000000000864,NA,20,0,20,20,0,0,0,0,1,0,1,1
3,"survival",3,"Mixed linear and rule-based","Random forest",TRUE,"C-index",0.816361230184988,1.01999999999998,NA,NA,NA,NA,NA,NA,NA,NA,NA,NA,NA,NA,NA
3,"survival",3,"Mixed linear and rule-based","RuleFit",TRUE,"C-index",0.839123680197934,151.2,NA,79,79,0,0,20,59,0,0,0,0.253164556962025,0.253164556962025,2.74683544303797
4,"survival",3,"Mixed linear and rule-based","BRP-GABLE full",TRUE,"C-index",0.847499962473168,614.2,NA,43,36,7,27,16,0,0,0,0.627906976744186,0.372093023255814,1,1.37209302325581
4,"survival",3,"Mixed linear and rule-based","BRP-GABLE rule-only",TRUE,"C-index",0.828753058436782,607.62,NA,44,44,0,28,16,0,0,0,0.636363636363636,0.363636363636364,1,1.36363636363636
4,"survival",3,"Mixed linear and rule-based","GABLE",TRUE,"C-index",0.786786052027199,14.22,NA,5,5,0,5,0,0,0,0,1,0,1,1
4,"survival",3,"Mixed linear and rule-based","GBM",TRUE,"C-index",0.836055779882616,0.110000000000014,NA,NA,NA,NA,NA,NA,NA,NA,NA,NA,NA,NA,NA
4,"survival",3,"Mixed linear and rule-based","Linear",TRUE,"C-index",0.822561131208814,0.0299999999999727,NA,20,0,20,20,0,0,0,0,1,0,1,1
4,"survival",3,"Mixed linear and rule-based","Random forest",TRUE,"C-index",0.825037902100001,0.939999999999941,NA,NA,NA,NA,NA,NA,NA,NA,NA,NA,NA,NA,NA
4,"survival",3,"Mixed linear and rule-based","RuleFit",TRUE,"C-index",0.837738483015356,156.98,NA,69,69,0,0,14,55,0,0,0,0.202898550724638,0.202898550724638,2.79710144927536
5,"survival",3,"Mixed linear and rule-based","BRP-GABLE full",TRUE,"C-index",0.846723026022262,642.63,NA,45,39,6,33,12,0,0,0,0.733333333333333,0.266666666666667,1,1.26666666666667
5,"survival",3,"Mixed linear and rule-based","BRP-GABLE rule-only",TRUE,"C-index",0.832011264145368,655.21,NA,55,55,0,42,13,0,0,0,0.763636363636364,0.236363636363636,1,1.23636363636364
5,"survival",3,"Mixed linear and rule-based","GABLE",TRUE,"C-index",0.793568891489892,13.39,NA,5,5,0,5,0,0,0,0,1,0,1,1
5,"survival",3,"Mixed linear and rule-based","GBM",TRUE,"C-index",0.84113730784608,0.0800000000000409,NA,NA,NA,NA,NA,NA,NA,NA,NA,NA,NA,NA,NA
5,"survival",3,"Mixed linear and rule-based","Linear",TRUE,"C-index",0.809245406558004,0.0299999999999727,NA,20,0,20,20,0,0,0,0,1,0,1,1
5,"survival",3,"Mixed linear and rule-based","Random forest",TRUE,"C-index",0.827645248952678,0.939999999999941,NA,NA,NA,NA,NA,NA,NA,NA,NA,NA,NA,NA,NA
5,"survival",3,"Mixed linear and rule-based","RuleFit",TRUE,"C-index",0.838147442100323,168.17,NA,94,94,0,0,31,63,0,0,0,0.329787234042553,0.329787234042553,2.67021276595745
6,"survival",3,"Mixed linear and rule-based","BRP-GABLE full",TRUE,"C-index",0.842303138992428,884.3,NA,39,33,6,32,7,0,0,0,0.82051282051282,0.179487179487179,1,1.17948717948718
6,"survival",3,"Mixed linear and rule-based","BRP-GABLE rule-only",TRUE,"C-index",0.811106617905619,556.33,NA,47,47,0,38,9,0,0,0,0.808510638297872,0.191489361702128,1,1.19148936170213
6,"survival",3,"Mixed linear and rule-based","GABLE",TRUE,"C-index",0.775530686639942,12.8,NA,5,5,0,5,0,0,0,0,1,0,1,1
6,"survival",3,"Mixed linear and rule-based","GBM",TRUE,"C-index",0.828590559579905,0.0799999999999272,NA,NA,NA,NA,NA,NA,NA,NA,NA,NA,NA,NA,NA
6,"survival",3,"Mixed linear and rule-based","Linear",TRUE,"C-index",0.816457439576154,0.0399999999999636,NA,20,0,20,20,0,0,0,0,1,0,1,1
6,"survival",3,"Mixed linear and rule-based","Random forest",TRUE,"C-index",0.815757085589704,0.720000000000027,NA,NA,NA,NA,NA,NA,NA,NA,NA,NA,NA,NA,NA
6,"survival",3,"Mixed linear and rule-based","RuleFit",TRUE,"C-index",0.832928944839065,136.78,NA,82,82,0,0,32,50,0,0,0,0.390243902439024,0.390243902439024,2.60975609756098
7,"survival",3,"Mixed linear and rule-based","BRP-GABLE full",TRUE,"C-index",0.844030139503011,550.98,NA,41,33,8,34,7,0,0,0,0.829268292682927,0.170731707317073,1,1.17073170731707
7,"survival",3,"Mixed linear and rule-based","BRP-GABLE rule-only",TRUE,"C-index",0.81782200443645,549.75,NA,50,50,0,43,7,0,0,0,0.86,0.14,1,1.14
7,"survival",3,"Mixed linear and rule-based","GABLE",TRUE,"C-index",0.786232237217147,13.0699999999999,NA,5,5,0,4,1,0,0,0,0.8,0.2,1,1.2
7,"survival",3,"Mixed linear and rule-based","GBM",TRUE,"C-index",0.824969946154142,0.100000000000136,NA,NA,NA,NA,NA,NA,NA,NA,NA,NA,NA,NA,NA
7,"survival",3,"Mixed linear and rule-based","Linear",TRUE,"C-index",0.829043091455256,0.0499999999999545,NA,20,0,20,20,0,0,0,0,1,0,1,1
7,"survival",3,"Mixed linear and rule-based","Random forest",TRUE,"C-index",0.821933547771585,0.789999999999964,NA,NA,NA,NA,NA,NA,NA,NA,NA,NA,NA,NA,NA
7,"survival",3,"Mixed linear and rule-based","RuleFit",TRUE,"C-index",0.833543045672985,133.49,NA,91,91,0,0,45,46,0,0,0,0.494505494505495,0.494505494505495,2.50549450549451
8,"survival",3,"Mixed linear and rule-based","BRP-GABLE full",TRUE,"C-index",0.851917587645466,571.13,NA,34,26,8,21,13,0,0,0,0.617647058823529,0.382352941176471,1,1.38235294117647
8,"survival",3,"Mixed linear and rule-based","BRP-GABLE rule-only",TRUE,"C-index",0.828473797848203,564.34,NA,34,34,0,21,13,0,0,0,0.617647058823529,0.382352941176471,1,1.38235294117647
8,"survival",3,"Mixed linear and rule-based","GABLE",TRUE,"C-index",0.795561004171851,12.72,NA,5,5,0,5,0,0,0,0,1,0,1,1
8,"survival",3,"Mixed linear and rule-based","GBM",TRUE,"C-index",0.840169008758447,0.110000000000127,NA,NA,NA,NA,NA,NA,NA,NA,NA,NA,NA,NA,NA
8,"survival",3,"Mixed linear and rule-based","Linear",TRUE,"C-index",0.822845763497524,0.0499999999999545,NA,20,0,20,20,0,0,0,0,1,0,1,1
8,"survival",3,"Mixed linear and rule-based","Random forest",TRUE,"C-index",0.83237575935007,0.690000000000055,NA,NA,NA,NA,NA,NA,NA,NA,NA,NA,NA,NA,NA
8,"survival",3,"Mixed linear and rule-based","RuleFit",TRUE,"C-index",0.845321305716168,138.67,NA,96,96,0,1,46,49,0,0,0.0104166666666667,0.479166666666667,0.489583333333333,2.5
9,"survival",3,"Mixed linear and rule-based","BRP-GABLE full",TRUE,"C-index",0.851901753035256,572.75,NA,34,25,9,27,7,0,0,0,0.794117647058823,0.205882352941176,1,1.20588235294118
9,"survival",3,"Mixed linear and rule-based","BRP-GABLE rule-only",TRUE,"C-index",0.819675557654079,569.36,NA,41,41,0,32,9,0,0,0,0.780487804878049,0.219512195121951,1,1.21951219512195
9,"survival",3,"Mixed linear and rule-based","GABLE",TRUE,"C-index",0.790792128934856,13.3199999999999,NA,5,5,0,5,0,0,0,0,1,0,1,1
9,"survival",3,"Mixed linear and rule-based","GBM",TRUE,"C-index",0.841972698483349,0.0799999999999272,NA,NA,NA,NA,NA,NA,NA,NA,NA,NA,NA,NA,NA
9,"survival",3,"Mixed linear and rule-based","Linear",TRUE,"C-index",0.822795773948976,0.0300000000002001,NA,20,0,20,20,0,0,0,0,1,0,1,1
9,"survival",3,"Mixed linear and rule-based","Random forest",TRUE,"C-index",0.8311173532145,0.700000000000045,NA,NA,NA,NA,NA,NA,NA,NA,NA,NA,NA,NA,NA
9,"survival",3,"Mixed linear and rule-based","RuleFit",TRUE,"C-index",0.846521447539766,141.67,NA,72,72,0,0,29,43,0,0,0,0.402777777777778,0.402777777777778,2.59722222222222
10,"survival",3,"Mixed linear and rule-based","BRP-GABLE full",TRUE,"C-index",0.834025503209412,576.14,NA,48,40,8,38,10,0,0,0,0.791666666666667,0.208333333333333,1,1.20833333333333
10,"survival",3,"Mixed linear and rule-based","BRP-GABLE rule-only",TRUE,"C-index",0.820327423120386,565.13,NA,59,59,0,47,12,0,0,0,0.796610169491525,0.203389830508475,1,1.20338983050847
10,"survival",3,"Mixed linear and rule-based","GABLE",TRUE,"C-index",0.779243221228582,13.5,NA,5,5,0,5,0,0,0,0,1,0,1,1
10,"survival",3,"Mixed linear and rule-based","GBM",TRUE,"C-index",0.822957477442337,0.0899999999999181,NA,NA,NA,NA,NA,NA,NA,NA,NA,NA,NA,NA,NA
10,"survival",3,"Mixed linear and rule-based","Linear",TRUE,"C-index",0.803531787232334,0.0499999999999545,NA,20,0,20,20,0,0,0,0,1,0,1,1
10,"survival",3,"Mixed linear and rule-based","Random forest",TRUE,"C-index",0.803012659825275,0.75,NA,NA,NA,NA,NA,NA,NA,NA,NA,NA,NA,NA,NA
10,"survival",3,"Mixed linear and rule-based","RuleFit",TRUE,"C-index",0.826625786578405,149.96,NA,76,76,0,0,36,40,0,0,0,0.473684210526316,0.473684210526316,2.52631578947368
11,"survival",3,"Mixed linear and rule-based","BRP-GABLE full",TRUE,"C-index",0.8406381441621,584.36,NA,38,32,6,30,8,0,0,0,0.789473684210526,0.210526315789474,1,1.21052631578947
11,"survival",3,"Mixed linear and rule-based","BRP-GABLE rule-only",TRUE,"C-index",0.818014123237094,578.42,NA,46,46,0,37,9,0,0,0,0.804347826086957,0.195652173913043,1,1.19565217391304
11,"survival",3,"Mixed linear and rule-based","GABLE",TRUE,"C-index",0.78134110787172,12.8900000000001,NA,5,5,0,5,0,0,0,0,1,0,1,1
11,"survival",3,"Mixed linear and rule-based","GBM",TRUE,"C-index",0.819437583344517,0.1099999999999,NA,NA,NA,NA,NA,NA,NA,NA,NA,NA,NA,NA,NA
11,"survival",3,"Mixed linear and rule-based","Linear",TRUE,"C-index",0.81600100513131,0.0199999999999818,NA,20,0,20,20,0,0,0,0,1,0,1,1
11,"survival",3,"Mixed linear and rule-based","Random forest",TRUE,"C-index",0.810538459122281,0.720000000000027,NA,NA,NA,NA,NA,NA,NA,NA,NA,NA,NA,NA,NA
11,"survival",3,"Mixed linear and rule-based","RuleFit",TRUE,"C-index",0.826823299629072,131.76,NA,90,90,0,1,52,37,0,0,0.0111111111111111,0.577777777777778,0.588888888888889,2.4
12,"survival",3,"Mixed linear and rule-based","BRP-GABLE full",TRUE,"C-index",0.827533034089666,589.98,NA,49,42,7,42,7,0,0,0,0.857142857142857,0.142857142857143,1,1.14285714285714
12,"survival",3,"Mixed linear and rule-based","BRP-GABLE rule-only",TRUE,"C-index",0.800062801918823,584.8,NA,45,45,0,37,8,0,0,0,0.822222222222222,0.177777777777778,1,1.17777777777778
12,"survival",3,"Mixed linear and rule-based","GABLE",TRUE,"C-index",0.764133936306518,12.5300000000002,NA,5,5,0,5,0,0,0,0,1,0,1,1
12,"survival",3,"Mixed linear and rule-based","GBM",TRUE,"C-index",0.814026416057105,0.0799999999999272,NA,NA,NA,NA,NA,NA,NA,NA,NA,NA,NA,NA,NA
12,"survival",3,"Mixed linear and rule-based","Linear",TRUE,"C-index",0.804069227900874,0.0300000000002001,NA,20,0,20,20,0,0,0,0,1,0,1,1
12,"survival",3,"Mixed linear and rule-based","Random forest",TRUE,"C-index",0.804355200924085,0.699999999999818,NA,NA,NA,NA,NA,NA,NA,NA,NA,NA,NA,NA,NA
12,"survival",3,"Mixed linear and rule-based","RuleFit",TRUE,"C-index",0.81143864056275,127.79,NA,87,87,0,0,42,45,0,0,0,0.482758620689655,0.482758620689655,2.51724137931034
13,"survival",3,"Mixed linear and rule-based","BRP-GABLE full",TRUE,"C-index",0.828183873398644,588.07,NA,40,32,8,37,3,0,0,0,0.925,0.075,1,1.075
13,"survival",3,"Mixed linear and rule-based","BRP-GABLE rule-only",TRUE,"C-index",0.808454184091994,583.08,NA,54,54,0,51,3,0,0,0,0.944444444444444,0.0555555555555556,1,1.05555555555556
13,"survival",3,"Mixed linear and rule-based","GABLE",TRUE,"C-index",0.772778522408923,13.04,NA,5,5,0,5,0,0,0,0,1,0,1,1
13,"survival",3,"Mixed linear and rule-based","GBM",TRUE,"C-index",0.817977473150135,0.0899999999996908,NA,NA,NA,NA,NA,NA,NA,NA,NA,NA,NA,NA,NA
13,"survival",3,"Mixed linear and rule-based","Linear",TRUE,"C-index",0.804601436978319,0.0199999999999818,NA,20,0,20,20,0,0,0,0,1,0,1,1
13,"survival",3,"Mixed linear and rule-based","Random forest",TRUE,"C-index",0.807328129224503,0.670000000000073,NA,NA,NA,NA,NA,NA,NA,NA,NA,NA,NA,NA,NA
13,"survival",3,"Mixed linear and rule-based","RuleFit",TRUE,"C-index",0.823331626753798,133.43,NA,84,84,0,0,39,45,0,0,0,0.464285714285714,0.464285714285714,2.53571428571429
14,"survival",3,"Mixed linear and rule-based","BRP-GABLE full",TRUE,"C-index",0.834615855098273,590.95,NA,34,26,8,25,9,0,0,0,0.735294117647059,0.264705882352941,1,1.26470588235294
14,"survival",3,"Mixed linear and rule-based","BRP-GABLE rule-only",TRUE,"C-index",0.8125161796877,571.53,NA,47,47,0,37,10,0,0,0,0.787234042553192,0.212765957446809,1,1.21276595744681
14,"survival",3,"Mixed linear and rule-based","GABLE",TRUE,"C-index",0.764578787611551,11.4200000000001,NA,5,5,0,5,0,0,0,0,1,0,1,1
14,"survival",3,"Mixed linear and rule-based","GBM",TRUE,"C-index",0.810233243533103,0.0799999999999272,NA,NA,NA,NA,NA,NA,NA,NA,NA,NA,NA,NA,NA
14,"survival",3,"Mixed linear and rule-based","Linear",TRUE,"C-index",0.803192412402104,0.0100000000002183,NA,20,0,20,20,0,0,0,0,1,0,1,1
14,"survival",3,"Mixed linear and rule-based","Random forest",TRUE,"C-index",0.799317821694863,0.659999999999854,NA,NA,NA,NA,NA,NA,NA,NA,NA,NA,NA,NA,NA
14,"survival",3,"Mixed linear and rule-based","RuleFit",TRUE,"C-index",0.82331354314536,123.45,NA,78,78,0,0,32,46,0,0,0,0.41025641025641,0.41025641025641,2.58974358974359
15,"survival",3,"Mixed linear and rule-based","BRP-GABLE full",TRUE,"C-index",0.851059787136397,553.38,NA,35,27,8,29,6,0,0,0,0.828571428571429,0.171428571428571,1,1.17142857142857
15,"survival",3,"Mixed linear and rule-based","BRP-GABLE rule-only",TRUE,"C-index",0.832626418822732,552.8,NA,53,53,0,45,8,0,0,0,0.849056603773585,0.150943396226415,1,1.15094339622642
15,"survival",3,"Mixed linear and rule-based","GABLE",TRUE,"C-index",0.794217721874205,12.25,NA,5,5,0,5,0,0,0,0,1,0,1,1
15,"survival",3,"Mixed linear and rule-based","GBM",TRUE,"C-index",0.835198788647664,0.0899999999996908,NA,NA,NA,NA,NA,NA,NA,NA,NA,NA,NA,NA,NA
15,"survival",3,"Mixed linear and rule-based","Linear",TRUE,"C-index",0.820907520381646,0.0199999999999818,NA,20,0,20,20,0,0,0,0,1,0,1,1
15,"survival",3,"Mixed linear and rule-based","Random forest",TRUE,"C-index",0.829989739752176,0.690000000000055,NA,NA,NA,NA,NA,NA,NA,NA,NA,NA,NA,NA,NA
15,"survival",3,"Mixed linear and rule-based","RuleFit",TRUE,"C-index",0.838387942601075,125.47,NA,90,90,0,0,30,60,0,0,0,0.333333333333333,0.333333333333333,2.66666666666667
16,"survival",3,"Mixed linear and rule-based","BRP-GABLE full",TRUE,"C-index",0.835721343873518,560.97,NA,42,30,12,35,7,0,0,0,0.833333333333333,0.166666666666667,1,1.16666666666667
16,"survival",3,"Mixed linear and rule-based","BRP-GABLE rule-only",TRUE,"C-index",0.807410505749192,556.79,NA,56,56,0,49,7,0,0,0,0.875,0.125,1,1.125
16,"survival",3,"Mixed linear and rule-based","GABLE",TRUE,"C-index",0.775909259342436,12.3899999999999,NA,5,5,0,5,0,0,0,0,1,0,1,1
16,"survival",3,"Mixed linear and rule-based","GBM",TRUE,"C-index",0.828662583093784,0.110000000000127,NA,NA,NA,NA,NA,NA,NA,NA,NA,NA,NA,NA,NA
16,"survival",3,"Mixed linear and rule-based","Linear",TRUE,"C-index",0.810821280991736,0.00999999999976353,NA,20,0,20,20,0,0,0,0,1,0,1,1
16,"survival",3,"Mixed linear and rule-based","Random forest",TRUE,"C-index",0.821488726194754,0.610000000000127,NA,NA,NA,NA,NA,NA,NA,NA,NA,NA,NA,NA,NA
16,"survival",3,"Mixed linear and rule-based","RuleFit",TRUE,"C-index",0.834748641304348,132.08,NA,91,91,0,0,48,43,0,0,0,0.527472527472527,0.527472527472527,2.47252747252747
17,"survival",3,"Mixed linear and rule-based","BRP-GABLE full",TRUE,"C-index",0.838268385060186,539.61,NA,47,40,7,37,10,0,0,0,0.787234042553192,0.212765957446809,1,1.21276595744681
17,"survival",3,"Mixed linear and rule-based","BRP-GABLE rule-only",TRUE,"C-index",0.823159587045746,534.89,NA,54,54,0,45,9,0,0,0,0.833333333333333,0.166666666666667,1,1.16666666666667
17,"survival",3,"Mixed linear and rule-based","GABLE",TRUE,"C-index",0.769953148057419,11.8599999999997,NA,5,5,0,5,0,0,0,0,1,0,1,1
17,"survival",3,"Mixed linear and rule-based","GBM",TRUE,"C-index",0.823964900648652,0.109999999999673,NA,NA,NA,NA,NA,NA,NA,NA,NA,NA,NA,NA,NA
17,"survival",3,"Mixed linear and rule-based","Linear",TRUE,"C-index",0.80841163993534,0.0199999999999818,NA,20,0,20,20,0,0,0,0,1,0,1,1
17,"survival",3,"Mixed linear and rule-based","Random forest",TRUE,"C-index",0.809409113979012,0.640000000000327,NA,NA,NA,NA,NA,NA,NA,NA,NA,NA,NA,NA,NA
17,"survival",3,"Mixed linear and rule-based","RuleFit",TRUE,"C-index",0.826741692361402,120.3,NA,97,97,0,2,39,56,0,0,0.0206185567010309,0.402061855670103,0.422680412371134,2.55670103092783
18,"survival",3,"Mixed linear and rule-based","BRP-GABLE full",TRUE,"C-index",0.833043935956885,541.05,NA,48,42,6,40,8,0,0,0,0.833333333333333,0.166666666666667,1,1.16666666666667
18,"survival",3,"Mixed linear and rule-based","BRP-GABLE rule-only",TRUE,"C-index",0.813611879500082,533.4,NA,49,49,0,40,9,0,0,0,0.816326530612245,0.183673469387755,1,1.18367346938776
18,"survival",3,"Mixed linear and rule-based","GABLE",TRUE,"C-index",0.788807616061697,11.6199999999999,NA,5,5,0,5,0,0,0,0,1,0,1,1
18,"survival",3,"Mixed linear and rule-based","GBM",TRUE,"C-index",0.815293912356934,0.110000000000127,NA,NA,NA,NA,NA,NA,NA,NA,NA,NA,NA,NA,NA
18,"survival",3,"Mixed linear and rule-based","Linear",TRUE,"C-index",0.814864822342431,0.0199999999999818,NA,20,0,20,20,0,0,0,0,1,0,1,1
18,"survival",3,"Mixed linear and rule-based","Random forest",TRUE,"C-index",0.808946240742383,0.639999999999873,NA,NA,NA,NA,NA,NA,NA,NA,NA,NA,NA,NA,NA
18,"survival",3,"Mixed linear and rule-based","RuleFit",TRUE,"C-index",0.825780872311394,122.9,NA,88,88,0,0,36,52,0,0,0,0.409090909090909,0.409090909090909,2.59090909090909
19,"survival",3,"Mixed linear and rule-based","BRP-GABLE full",TRUE,"C-index",0.840275067089534,643.89,NA,43,36,7,30,13,0,0,0,0.697674418604651,0.302325581395349,1,1.30232558139535
19,"survival",3,"Mixed linear and rule-based","BRP-GABLE rule-only",TRUE,"C-index",0.822028238594779,601.24,NA,50,50,0,33,17,0,0,0,0.66,0.34,1,1.34
19,"survival",3,"Mixed linear and rule-based","GABLE",TRUE,"C-index",0.769570322029763,11.4400000000001,NA,5,5,0,5,0,0,0,0,1,0,1,1
19,"survival",3,"Mixed linear and rule-based","GBM",TRUE,"C-index",0.818213283727738,0.0799999999999272,NA,NA,NA,NA,NA,NA,NA,NA,NA,NA,NA,NA,NA
19,"survival",3,"Mixed linear and rule-based","Linear",TRUE,"C-index",0.818193461819956,0.0299999999997453,NA,20,0,20,20,0,0,0,0,1,0,1,1
19,"survival",3,"Mixed linear and rule-based","Random forest",TRUE,"C-index",0.81881861429617,0.690000000000055,NA,NA,NA,NA,NA,NA,NA,NA,NA,NA,NA,NA,NA
19,"survival",3,"Mixed linear and rule-based","RuleFit",TRUE,"C-index",0.830751402781166,115.87,NA,81,81,0,0,38,43,0,0,0,0.469135802469136,0.469135802469136,2.53086419753086
20,"survival",3,"Mixed linear and rule-based","BRP-GABLE full",TRUE,"C-index",0.833627612263823,543.47,NA,42,36,6,35,7,0,0,0,0.833333333333333,0.166666666666667,1,1.16666666666667
20,"survival",3,"Mixed linear and rule-based","BRP-GABLE rule-only",TRUE,"C-index",0.820110878558981,538.59,NA,49,49,0,43,6,0,0,0,0.877551020408163,0.122448979591837,1,1.12244897959184
20,"survival",3,"Mixed linear and rule-based","GABLE",TRUE,"C-index",0.766863618224048,12.4400000000001,NA,5,5,0,5,0,0,0,0,1,0,1,1
20,"survival",3,"Mixed linear and rule-based","GBM",TRUE,"C-index",0.812697920524592,0.0700000000001637,NA,NA,NA,NA,NA,NA,NA,NA,NA,NA,NA,NA,NA
20,"survival",3,"Mixed linear and rule-based","Linear",TRUE,"C-index",0.807438222957202,0.0299999999997453,NA,20,0,20,20,0,0,0,0,1,0,1,1
20,"survival",3,"Mixed linear and rule-based","Random forest",TRUE,"C-index",0.80105308791906,0.679999999999836,NA,NA,NA,NA,NA,NA,NA,NA,NA,NA,NA,NA,NA
20,"survival",3,"Mixed linear and rule-based","RuleFit",TRUE,"C-index",0.824259493725399,127.17,NA,74,74,0,0,30,44,0,0,0,0.405405405405405,0.405405405405405,2.59459459459459
21,"survival",3,"Mixed linear and rule-based","BRP-GABLE full",TRUE,"C-index",0.842812195735018,525.46,NA,40,33,7,25,15,0,0,0,0.625,0.375,1,1.375
21,"survival",3,"Mixed linear and rule-based","BRP-GABLE rule-only",TRUE,"C-index",0.819326189396194,521.56,NA,41,41,0,28,13,0,0,0,0.682926829268293,0.317073170731707,1,1.31707317073171
21,"survival",3,"Mixed linear and rule-based","GABLE",TRUE,"C-index",0.782203333516314,11.8600000000001,NA,5,5,0,4,1,0,0,0,0.8,0.2,1,1.2
21,"survival",3,"Mixed linear and rule-based","GBM",TRUE,"C-index",0.834384507152123,0.0799999999999272,NA,NA,NA,NA,NA,NA,NA,NA,NA,NA,NA,NA,NA
21,"survival",3,"Mixed linear and rule-based","Linear",TRUE,"C-index",0.821663522294227,0.0199999999999818,NA,20,0,20,20,0,0,0,0,1,0,1,1
21,"survival",3,"Mixed linear and rule-based","Random forest",TRUE,"C-index",0.820091817601359,0.699999999999818,NA,NA,NA,NA,NA,NA,NA,NA,NA,NA,NA,NA,NA
21,"survival",3,"Mixed linear and rule-based","RuleFit",TRUE,"C-index",0.836594716876468,137.9,NA,86,86,0,0,34,52,0,0,0,0.395348837209302,0.395348837209302,2.6046511627907
22,"survival",3,"Mixed linear and rule-based","BRP-GABLE full",TRUE,"C-index",0.852726601098952,551.98,NA,48,38,10,38,10,0,0,0,0.791666666666667,0.208333333333333,1,1.20833333333333
22,"survival",3,"Mixed linear and rule-based","BRP-GABLE rule-only",TRUE,"C-index",0.819004825229718,544.21,NA,41,41,0,29,12,0,0,0,0.707317073170732,0.292682926829268,1,1.29268292682927
22,"survival",3,"Mixed linear and rule-based","GABLE",TRUE,"C-index",0.786707242462022,12.52,NA,5,5,0,5,0,0,0,0,1,0,1,1
22,"survival",3,"Mixed linear and rule-based","GBM",TRUE,"C-index",0.84352922842499,0.0799999999999272,NA,NA,NA,NA,NA,NA,NA,NA,NA,NA,NA,NA,NA
22,"survival",3,"Mixed linear and rule-based","Linear",TRUE,"C-index",0.837281248557049,0.0199999999999818,NA,20,0,20,20,0,0,0,0,1,0,1,1
22,"survival",3,"Mixed linear and rule-based","Random forest",TRUE,"C-index",0.831927898600914,0.670000000000073,NA,NA,NA,NA,NA,NA,NA,NA,NA,NA,NA,NA,NA
22,"survival",3,"Mixed linear and rule-based","RuleFit",TRUE,"C-index",0.846973553585446,135.64,NA,94,94,0,0,43,51,0,0,0,0.457446808510638,0.457446808510638,2.54255319148936
23,"survival",3,"Mixed linear and rule-based","BRP-GABLE full",TRUE,"C-index",0.84408480765352,563.91,NA,44,36,8,33,11,0,0,0,0.75,0.25,1,1.25
23,"survival",3,"Mixed linear and rule-based","BRP-GABLE rule-only",TRUE,"C-index",0.821853353683317,611.47,NA,60,60,0,46,14,0,0,0,0.766666666666667,0.233333333333333,1,1.23333333333333
23,"survival",3,"Mixed linear and rule-based","GABLE",TRUE,"C-index",0.78730052651067,12.0900000000001,NA,5,5,0,5,0,0,0,0,1,0,1,1
23,"survival",3,"Mixed linear and rule-based","GBM",TRUE,"C-index",0.829838313961714,0.0900000000001455,NA,NA,NA,NA,NA,NA,NA,NA,NA,NA,NA,NA,NA
23,"survival",3,"Mixed linear and rule-based","Linear",TRUE,"C-index",0.822322968689323,0.0199999999999818,NA,20,0,20,20,0,0,0,0,1,0,1,1
23,"survival",3,"Mixed linear and rule-based","Random forest",TRUE,"C-index",0.823012339435318,0.7199999999998,NA,NA,NA,NA,NA,NA,NA,NA,NA,NA,NA,NA,NA
23,"survival",3,"Mixed linear and rule-based","RuleFit",TRUE,"C-index",0.836841899291664,128.22,NA,90,90,0,0,31,59,0,0,0,0.344444444444444,0.344444444444444,2.65555555555556
24,"survival",3,"Mixed linear and rule-based","BRP-GABLE full",TRUE,"C-index",0.844411558808674,554.56,NA,38,30,8,27,11,0,0,0,0.710526315789474,0.289473684210526,1,1.28947368421053
24,"survival",3,"Mixed linear and rule-based","BRP-GABLE rule-only",TRUE,"C-index",0.824720053641001,553.81,NA,47,47,0,36,11,0,0,0,0.765957446808511,0.234042553191489,1,1.23404255319149
24,"survival",3,"Mixed linear and rule-based","GABLE",TRUE,"C-index",0.7747550561665,11.2000000000003,NA,5,5,0,3,2,0,0,0,0.6,0.4,1,1.4
24,"survival",3,"Mixed linear and rule-based","GBM",TRUE,"C-index",0.836046398284433,0.0700000000001637,NA,NA,NA,NA,NA,NA,NA,NA,NA,NA,NA,NA,NA
24,"survival",3,"Mixed linear and rule-based","Linear",TRUE,"C-index",0.810082499623391,0.0199999999999818,NA,20,0,20,20,0,0,0,0,1,0,1,1
24,"survival",3,"Mixed linear and rule-based","Random forest",TRUE,"C-index",0.826354981730749,0.659999999999854,NA,NA,NA,NA,NA,NA,NA,NA,NA,NA,NA,NA,NA
24,"survival",3,"Mixed linear and rule-based","RuleFit",TRUE,"C-index",0.837730064067914,127.46,NA,90,90,0,0,39,51,0,0,0,0.433333333333333,0.433333333333333,2.56666666666667
25,"survival",3,"Mixed linear and rule-based","BRP-GABLE full",TRUE,"C-index",0.82712942302481,572.41,NA,43,35,8,33,10,0,0,0,0.767441860465116,0.232558139534884,1,1.23255813953488
25,"survival",3,"Mixed linear and rule-based","BRP-GABLE rule-only",TRUE,"C-index",0.802900443383553,565.869999999999,NA,37,37,0,29,8,0,0,0,0.783783783783784,0.216216216216216,1,1.21621621621622
25,"survival",3,"Mixed linear and rule-based","GABLE",TRUE,"C-index",0.78167972601318,12.3800000000001,NA,5,5,0,5,0,0,0,0,1,0,1,1
25,"survival",3,"Mixed linear and rule-based","GBM",TRUE,"C-index",0.822989639008528,0.100000000000364,NA,NA,NA,NA,NA,NA,NA,NA,NA,NA,NA,NA,NA
25,"survival",3,"Mixed linear and rule-based","Linear",TRUE,"C-index",0.806493925818299,0.0200000000004366,NA,20,0,20,20,0,0,0,0,1,0,1,1
25,"survival",3,"Mixed linear and rule-based","Random forest",TRUE,"C-index",0.818708594952692,0.719999999999345,NA,NA,NA,NA,NA,NA,NA,NA,NA,NA,NA,NA,NA
25,"survival",3,"Mixed linear and rule-based","RuleFit",TRUE,"C-index",0.825751416924682,135.150000000001,NA,82,82,0,1,30,51,0,0,0.0121951219512195,0.365853658536585,0.378048780487805,2.60975609756098
26,"survival",3,"Mixed linear and rule-based","BRP-GABLE full",TRUE,"C-index",0.828935491678412,628.070000000001,NA,38,31,7,31,7,0,0,0,0.815789473684211,0.184210526315789,1,1.18421052631579
26,"survival",3,"Mixed linear and rule-based","BRP-GABLE rule-only",TRUE,"C-index",0.815119805236407,594.52,NA,64,64,0,58,6,0,0,0,0.90625,0.09375,1,1.09375
26,"survival",3,"Mixed linear and rule-based","GABLE",TRUE,"C-index",0.767461097111291,12,NA,5,5,0,5,0,0,0,0,1,0,1,1
26,"survival",3,"Mixed linear and rule-based","GBM",TRUE,"C-index",0.819521918022751,0.0799999999999272,NA,NA,NA,NA,NA,NA,NA,NA,NA,NA,NA,NA,NA
26,"survival",3,"Mixed linear and rule-based","Linear",TRUE,"C-index",0.817303777103888,0.0199999999995271,NA,20,0,20,20,0,0,0,0,1,0,1,1
26,"survival",3,"Mixed linear and rule-based","Random forest",TRUE,"C-index",0.812961460157462,0.640000000000327,NA,NA,NA,NA,NA,NA,NA,NA,NA,NA,NA,NA,NA
26,"survival",3,"Mixed linear and rule-based","RuleFit",TRUE,"C-index",0.82096271302268,132.09,NA,84,84,0,0,34,50,0,0,0,0.404761904761905,0.404761904761905,2.5952380952381
27,"survival",3,"Mixed linear and rule-based","BRP-GABLE full",TRUE,"C-index",0.841106896439929,556.269999999999,NA,37,28,9,29,8,0,0,0,0.783783783783784,0.216216216216216,1,1.21621621621622
27,"survival",3,"Mixed linear and rule-based","BRP-GABLE rule-only",TRUE,"C-index",0.804742831374837,549.92,NA,34,34,0,26,8,0,0,0,0.764705882352941,0.235294117647059,1,1.23529411764706
27,"survival",3,"Mixed linear and rule-based","GABLE",TRUE,"C-index",0.783053485061496,12.6999999999998,NA,5,5,0,5,0,0,0,0,1,0,1,1
27,"survival",3,"Mixed linear and rule-based","GBM",TRUE,"C-index",0.831208313807322,0.0999999999994543,NA,NA,NA,NA,NA,NA,NA,NA,NA,NA,NA,NA,NA
27,"survival",3,"Mixed linear and rule-based","Linear",TRUE,"C-index",0.826600175070957,0.0100000000002183,NA,20,0,20,20,0,0,0,0,1,0,1,1
27,"survival",3,"Mixed linear and rule-based","Random forest",TRUE,"C-index",0.82311054522519,0.690000000000509,NA,NA,NA,NA,NA,NA,NA,NA,NA,NA,NA,NA,NA
27,"survival",3,"Mixed linear and rule-based","RuleFit",TRUE,"C-index",0.835075200933712,120.45,NA,74,74,0,0,20,54,0,0,0,0.27027027027027,0.27027027027027,2.72972972972973
28,"survival",3,"Mixed linear and rule-based","BRP-GABLE full",TRUE,"C-index",0.851992309611518,576.92,NA,32,24,8,16,16,0,0,0,0.5,0.5,1,1.5
28,"survival",3,"Mixed linear and rule-based","BRP-GABLE rule-only",TRUE,"C-index",0.824732524179227,544.05,NA,37,37,0,22,15,0,0,0,0.594594594594595,0.405405405405405,1,1.40540540540541
28,"survival",3,"Mixed linear and rule-based","GABLE",TRUE,"C-index",0.799779855291545,11.3000000000002,NA,5,5,0,5,0,0,0,0,1,0,1,1
28,"survival",3,"Mixed linear and rule-based","GBM",TRUE,"C-index",0.839673011726375,0.110000000000582,NA,NA,NA,NA,NA,NA,NA,NA,NA,NA,NA,NA,NA
28,"survival",3,"Mixed linear and rule-based","Linear",TRUE,"C-index",0.835954033784875,0.0299999999997453,NA,20,0,20,20,0,0,0,0,1,0,1,1
28,"survival",3,"Mixed linear and rule-based","Random forest",TRUE,"C-index",0.838771886053099,0.670000000000073,NA,NA,NA,NA,NA,NA,NA,NA,NA,NA,NA,NA,NA
28,"survival",3,"Mixed linear and rule-based","RuleFit",TRUE,"C-index",0.847008233412096,127.7,NA,87,87,0,0,41,46,0,0,0,0.471264367816092,0.471264367816092,2.52873563218391
29,"survival",3,"Mixed linear and rule-based","BRP-GABLE full",TRUE,"C-index",0.852383138016953,540.630000000001,NA,47,40,7,40,7,0,0,0,0.851063829787234,0.148936170212766,1,1.14893617021277
29,"survival",3,"Mixed linear and rule-based","BRP-GABLE rule-only",TRUE,"C-index",0.819705892872045,536.93,NA,44,44,0,37,7,0,0,0,0.840909090909091,0.159090909090909,1,1.15909090909091
29,"survival",3,"Mixed linear and rule-based","GABLE",TRUE,"C-index",0.785963150177037,10.3699999999999,NA,5,5,0,4,1,0,0,0,0.8,0.2,1,1.2
29,"survival",3,"Mixed linear and rule-based","GBM",TRUE,"C-index",0.835281529786245,0.0999999999994543,NA,NA,NA,NA,NA,NA,NA,NA,NA,NA,NA,NA,NA
29,"survival",3,"Mixed linear and rule-based","Linear",TRUE,"C-index",0.831111932380396,0.0100000000002183,NA,20,0,20,20,0,0,0,0,1,0,1,1
29,"survival",3,"Mixed linear and rule-based","Random forest",TRUE,"C-index",0.822182615848643,0.780000000000655,NA,NA,NA,NA,NA,NA,NA,NA,NA,NA,NA,NA,NA
29,"survival",3,"Mixed linear and rule-based","RuleFit",TRUE,"C-index",0.834882154480753,124.049999999999,NA,70,70,0,0,26,44,0,0,0,0.371428571428571,0.371428571428571,2.62857142857143
30,"survival",3,"Mixed linear and rule-based","BRP-GABLE full",TRUE,"C-index",0.84038295557999,533.87,NA,50,42,8,39,11,0,0,0,0.78,0.22,1,1.22
30,"survival",3,"Mixed linear and rule-based","BRP-GABLE rule-only",TRUE,"C-index",0.825742796675298,528.399999999999,NA,53,53,0,41,12,0,0,0,0.773584905660377,0.226415094339623,1,1.22641509433962
30,"survival",3,"Mixed linear and rule-based","GABLE",TRUE,"C-index",0.782373579730193,11.5100000000002,NA,5,5,0,5,0,0,0,0,1,0,1,1
30,"survival",3,"Mixed linear and rule-based","GBM",TRUE,"C-index",0.827662599463224,0.0600000000004002,NA,NA,NA,NA,NA,NA,NA,NA,NA,NA,NA,NA,NA
30,"survival",3,"Mixed linear and rule-based","Linear",TRUE,"C-index",0.823721018219653,0.0100000000002183,NA,20,0,20,20,0,0,0,0,1,0,1,1
30,"survival",3,"Mixed linear and rule-based","Random forest",TRUE,"C-index",0.824542735194315,0.649999999999636,NA,NA,NA,NA,NA,NA,NA,NA,NA,NA,NA,NA,NA
30,"survival",3,"Mixed linear and rule-based","RuleFit",TRUE,"C-index",0.832250026602348,127.66,NA,81,81,0,0,33,48,0,0,0,0.407407407407407,0.407407407407407,2.59259259259259
31,"survival",3,"Mixed linear and rule-based","BRP-GABLE full",TRUE,"C-index",0.840319372620333,528.06,NA,35,28,7,31,4,0,0,0,0.885714285714286,0.114285714285714,1,1.11428571428571
31,"survival",3,"Mixed linear and rule-based","BRP-GABLE rule-only",TRUE,"C-index",0.812115701540035,528.94,NA,48,48,0,41,7,0,0,0,0.854166666666667,0.145833333333333,1,1.14583333333333
31,"survival",3,"Mixed linear and rule-based","GABLE",TRUE,"C-index",0.782823776780133,11.8399999999992,NA,5,5,0,5,0,0,0,0,1,0,1,1
31,"survival",3,"Mixed linear and rule-based","GBM",TRUE,"C-index",0.825656361879866,0.0900000000001455,NA,NA,NA,NA,NA,NA,NA,NA,NA,NA,NA,NA,NA
31,"survival",3,"Mixed linear and rule-based","Linear",TRUE,"C-index",0.812215150309712,0.0299999999997453,NA,20,0,20,20,0,0,0,0,1,0,1,1
31,"survival",3,"Mixed linear and rule-based","Random forest",TRUE,"C-index",0.812269136784679,0.630000000000109,NA,NA,NA,NA,NA,NA,NA,NA,NA,NA,NA,NA,NA
31,"survival",3,"Mixed linear and rule-based","RuleFit",TRUE,"C-index",0.828396885832812,139.490000000001,NA,91,91,0,1,29,61,0,0,0.010989010989011,0.318681318681319,0.32967032967033,2.65934065934066
32,"survival",3,"Mixed linear and rule-based","BRP-GABLE full",TRUE,"C-index",0.851667533239248,537.88,NA,46,39,7,37,9,0,0,0,0.804347826086957,0.195652173913043,1,1.19565217391304
32,"survival",3,"Mixed linear and rule-based","BRP-GABLE rule-only",TRUE,"C-index",0.830536970271799,580.78,NA,55,55,0,48,7,0,0,0,0.872727272727273,0.127272727272727,1,1.12727272727273
32,"survival",3,"Mixed linear and rule-based","GABLE",TRUE,"C-index",0.798669001651249,11.8800000000001,NA,5,5,0,5,0,0,0,0,1,0,1,1
32,"survival",3,"Mixed linear and rule-based","GBM",TRUE,"C-index",0.839288877207617,0.0700000000006185,NA,NA,NA,NA,NA,NA,NA,NA,NA,NA,NA,NA,NA
32,"survival",3,"Mixed linear and rule-based","Linear",TRUE,"C-index",0.824944720287512,0.0199999999995271,NA,20,0,20,20,0,0,0,0,1,0,1,1
32,"survival",3,"Mixed linear and rule-based","Random forest",TRUE,"C-index",0.833480936355481,0.630000000000109,NA,NA,NA,NA,NA,NA,NA,NA,NA,NA,NA,NA,NA
32,"survival",3,"Mixed linear and rule-based","RuleFit",TRUE,"C-index",0.845292511098795,123.22,NA,92,92,0,1,40,51,0,0,0.0108695652173913,0.434782608695652,0.445652173913043,2.54347826086957
33,"survival",3,"Mixed linear and rule-based","BRP-GABLE full",TRUE,"C-index",0.840453004046648,527.02,NA,36,28,8,26,10,0,0,0,0.722222222222222,0.277777777777778,1,1.27777777777778
33,"survival",3,"Mixed linear and rule-based","BRP-GABLE rule-only",TRUE,"C-index",0.81194113520584,523.05,NA,31,31,0,22,9,0,0,0,0.709677419354839,0.290322580645161,1,1.29032258064516
33,"survival",3,"Mixed linear and rule-based","GABLE",TRUE,"C-index",0.789828545871714,11.25,NA,5,5,0,5,0,0,0,0,1,0,1,1
33,"survival",3,"Mixed linear and rule-based","GBM",TRUE,"C-index",0.828288552672289,0.0799999999999272,NA,NA,NA,NA,NA,NA,NA,NA,NA,NA,NA,NA,NA
33,"survival",3,"Mixed linear and rule-based","Linear",TRUE,"C-index",0.814782366293656,0.00999999999930878,NA,20,0,20,20,0,0,0,0,1,0,1,1
33,"survival",3,"Mixed linear and rule-based","Random forest",TRUE,"C-index",0.819824594186428,0.630000000000109,NA,NA,NA,NA,NA,NA,NA,NA,NA,NA,NA,NA,NA
33,"survival",3,"Mixed linear and rule-based","RuleFit",TRUE,"C-index",0.833759645634919,128.93,NA,82,82,0,0,32,50,0,0,0,0.390243902439024,0.390243902439024,2.60975609756098
34,"survival",3,"Mixed linear and rule-based","BRP-GABLE full",TRUE,"C-index",0.851552604141235,524.000000000001,NA,43,36,7,33,10,0,0,0,0.767441860465116,0.232558139534884,1,1.23255813953488
34,"survival",3,"Mixed linear and rule-based","BRP-GABLE rule-only",TRUE,"C-index",0.834883400305035,525.960000000001,NA,43,43,0,32,11,0,0,0,0.744186046511628,0.255813953488372,1,1.25581395348837
34,"survival",3,"Mixed linear and rule-based","GABLE",TRUE,"C-index",0.767610589475438,11.4399999999996,NA,5,5,0,5,0,0,0,0,1,0,1,1
34,"survival",3,"Mixed linear and rule-based","GBM",TRUE,"C-index",0.836306608800053,0.0799999999999272,NA,NA,NA,NA,NA,NA,NA,NA,NA,NA,NA,NA,NA
34,"survival",3,"Mixed linear and rule-based","Linear",TRUE,"C-index",0.828094796313158,0.0100000000002183,NA,20,0,20,20,0,0,0,0,1,0,1,1
34,"survival",3,"Mixed linear and rule-based","Random forest",TRUE,"C-index",0.824481483928228,0.75,NA,NA,NA,NA,NA,NA,NA,NA,NA,NA,NA,NA,NA
34,"survival",3,"Mixed linear and rule-based","RuleFit",TRUE,"C-index",0.840207147924643,118.38,NA,100,100,0,0,45,55,0,0,0,0.45,0.45,2.55
35,"survival",3,"Mixed linear and rule-based","BRP-GABLE full",TRUE,"C-index",0.841638704597141,815.13,NA,57,48,9,51,6,0,0,0,0.894736842105263,0.105263157894737,1,1.10526315789474
35,"survival",3,"Mixed linear and rule-based","BRP-GABLE rule-only",TRUE,"C-index",0.805047569797439,537.87,NA,44,44,0,37,7,0,0,0,0.840909090909091,0.159090909090909,1,1.15909090909091
35,"survival",3,"Mixed linear and rule-based","GABLE",TRUE,"C-index",0.781431618783459,12.4200000000001,NA,5,5,0,5,0,0,0,0,1,0,1,1
35,"survival",3,"Mixed linear and rule-based","GBM",TRUE,"C-index",0.828496042216359,0.0799999999999272,NA,NA,NA,NA,NA,NA,NA,NA,NA,NA,NA,NA,NA
35,"survival",3,"Mixed linear and rule-based","Linear",TRUE,"C-index",0.820971258322511,0.0200000000004366,NA,20,0,20,20,0,0,0,0,1,0,1,1
35,"survival",3,"Mixed linear and rule-based","Random forest",TRUE,"C-index",0.81528580075336,0.649999999999636,NA,NA,NA,NA,NA,NA,NA,NA,NA,NA,NA,NA,NA
35,"survival",3,"Mixed linear and rule-based","RuleFit",TRUE,"C-index",0.831869119885292,122.25,NA,87,87,0,0,35,52,0,0,0,0.402298850574713,0.402298850574713,2.59770114942529
36,"survival",3,"Mixed linear and rule-based","BRP-GABLE full",TRUE,"C-index",0.843003950264566,686.02,NA,45,38,7,33,12,0,0,0,0.733333333333333,0.266666666666667,1,1.26666666666667
36,"survival",3,"Mixed linear and rule-based","BRP-GABLE rule-only",TRUE,"C-index",0.824268617990467,629.549999999999,NA,53,53,0,40,13,0,0,0,0.754716981132076,0.245283018867925,1,1.24528301886792
36,"survival",3,"Mixed linear and rule-based","GABLE",TRUE,"C-index",0.788395551214961,10.6100000000006,NA,5,5,0,4,1,0,0,0,0.8,0.2,1,1.2
36,"survival",3,"Mixed linear and rule-based","GBM",TRUE,"C-index",0.829594915674242,0.0799999999999272,NA,NA,NA,NA,NA,NA,NA,NA,NA,NA,NA,NA,NA
36,"survival",3,"Mixed linear and rule-based","Linear",TRUE,"C-index",0.818847572263604,0.0200000000004366,NA,20,0,20,20,0,0,0,0,1,0,1,1
36,"survival",3,"Mixed linear and rule-based","Random forest",TRUE,"C-index",0.820200282786467,0.729999999999563,NA,NA,NA,NA,NA,NA,NA,NA,NA,NA,NA,NA,NA
36,"survival",3,"Mixed linear and rule-based","RuleFit",TRUE,"C-index",0.82677725463901,124.62,NA,67,67,0,0,18,49,0,0,0,0.26865671641791,0.26865671641791,2.73134328358209
37,"survival",3,"Mixed linear and rule-based","BRP-GABLE full",TRUE,"C-index",0.856084320083623,525.120000000001,NA,55,49,6,42,13,0,0,0,0.763636363636364,0.236363636363636,1,1.23636363636364
37,"survival",3,"Mixed linear and rule-based","BRP-GABLE rule-only",TRUE,"C-index",0.840416205371443,518.76,NA,63,63,0,45,18,0,0,0,0.714285714285714,0.285714285714286,1,1.28571428571429
37,"survival",3,"Mixed linear and rule-based","GABLE",TRUE,"C-index",0.791369049291619,11.4799999999996,NA,5,5,0,5,0,0,0,0,1,0,1,1
37,"survival",3,"Mixed linear and rule-based","GBM",TRUE,"C-index",0.835866944661433,0.0900000000001455,NA,NA,NA,NA,NA,NA,NA,NA,NA,NA,NA,NA,NA
37,"survival",3,"Mixed linear and rule-based","Linear",TRUE,"C-index",0.824264784394827,0.0299999999997453,NA,20,0,20,20,0,0,0,0,1,0,1,1
37,"survival",3,"Mixed linear and rule-based","Random forest",TRUE,"C-index",0.829159665282313,0.710000000000036,NA,NA,NA,NA,NA,NA,NA,NA,NA,NA,NA,NA,NA
37,"survival",3,"Mixed linear and rule-based","RuleFit",TRUE,"C-index",0.841720008317364,128.81,NA,77,77,0,0,35,42,0,0,0,0.454545454545455,0.454545454545455,2.54545454545455
38,"survival",3,"Mixed linear and rule-based","BRP-GABLE full",TRUE,"C-index",0.853656011618311,538.56,NA,37,29,8,29,8,0,0,0,0.783783783783784,0.216216216216216,1,1.21621621621622
38,"survival",3,"Mixed linear and rule-based","BRP-GABLE rule-only",TRUE,"C-index",0.823152028915634,535.58,NA,41,41,0,34,7,0,0,0,0.829268292682927,0.170731707317073,1,1.17073170731707
38,"survival",3,"Mixed linear and rule-based","GABLE",TRUE,"C-index",0.799980478397572,11.7600000000002,NA,5,5,0,5,0,0,0,0,1,0,1,1
38,"survival",3,"Mixed linear and rule-based","GBM",TRUE,"C-index",0.83917157418061,0.069999999999709,NA,NA,NA,NA,NA,NA,NA,NA,NA,NA,NA,NA,NA
38,"survival",3,"Mixed linear and rule-based","Linear",TRUE,"C-index",0.833625664399992,0.0399999999999636,NA,20,0,20,20,0,0,0,0,1,0,1,1
38,"survival",3,"Mixed linear and rule-based","Random forest",TRUE,"C-index",0.831336312842552,0.630000000000109,NA,NA,NA,NA,NA,NA,NA,NA,NA,NA,NA,NA,NA
38,"survival",3,"Mixed linear and rule-based","RuleFit",TRUE,"C-index",0.84022455758429,123.65,NA,92,92,0,0,31,61,0,0,0,0.33695652173913,0.33695652173913,2.66304347826087
39,"survival",3,"Mixed linear and rule-based","BRP-GABLE full",TRUE,"C-index",0.853938129462386,583.78,NA,40,34,6,23,17,0,0,0,0.575,0.425,1,1.425
39,"survival",3,"Mixed linear and rule-based","BRP-GABLE rule-only",TRUE,"C-index",0.833318064683909,693.47,NA,43,43,0,26,17,0,0,0,0.604651162790698,0.395348837209302,1,1.3953488372093
39,"survival",3,"Mixed linear and rule-based","GABLE",TRUE,"C-index",0.800820960801929,10.9799999999996,NA,5,5,0,4,1,0,0,0,0.8,0.2,1,1.2
39,"survival",3,"Mixed linear and rule-based","GBM",TRUE,"C-index",0.840172703201097,0.0799999999999272,NA,NA,NA,NA,NA,NA,NA,NA,NA,NA,NA,NA,NA
39,"survival",3,"Mixed linear and rule-based","Linear",TRUE,"C-index",0.824152442195848,0.0200000000004366,NA,20,0,20,20,0,0,0,0,1,0,1,1
39,"survival",3,"Mixed linear and rule-based","Random forest",TRUE,"C-index",0.828685753463521,0.779999999999745,NA,NA,NA,NA,NA,NA,NA,NA,NA,NA,NA,NA,NA
39,"survival",3,"Mixed linear and rule-based","RuleFit",TRUE,"C-index",0.848908340819897,120.83,NA,93,93,0,0,45,48,0,0,0,0.483870967741935,0.483870967741935,2.51612903225806
40,"survival",3,"Mixed linear and rule-based","BRP-GABLE full",TRUE,"C-index",0.851871592338879,524.52,NA,35,28,7,23,12,0,0,0,0.657142857142857,0.342857142857143,1,1.34285714285714
40,"survival",3,"Mixed linear and rule-based","BRP-GABLE rule-only",TRUE,"C-index",0.826518011090918,520.62,NA,60,60,0,48,12,0,0,0,0.8,0.2,1,1.2
40,"survival",3,"Mixed linear and rule-based","GABLE",TRUE,"C-index",0.797743662332821,10.7200000000003,NA,5,5,0,4,1,0,0,0,0.8,0.2,1,1.2
40,"survival",3,"Mixed linear and rule-based","GBM",TRUE,"C-index",0.838545307330258,0.0800000000008367,NA,NA,NA,NA,NA,NA,NA,NA,NA,NA,NA,NA,NA
40,"survival",3,"Mixed linear and rule-based","Linear",TRUE,"C-index",0.826774313807726,0.0199999999995271,NA,20,0,20,20,0,0,0,0,1,0,1,1
40,"survival",3,"Mixed linear and rule-based","Random forest",TRUE,"C-index",0.827665548254811,0.609999999999673,NA,NA,NA,NA,NA,NA,NA,NA,NA,NA,NA,NA,NA
40,"survival",3,"Mixed linear and rule-based","RuleFit",TRUE,"C-index",0.850083298382963,127.9,NA,87,87,0,0,36,51,0,0,0,0.413793103448276,0.413793103448276,2.58620689655172
41,"survival",3,"Mixed linear and rule-based","BRP-GABLE full",TRUE,"C-index",0.858970585585315,526.08,NA,42,34,8,30,12,0,0,0,0.714285714285714,0.285714285714286,1,1.28571428571429
41,"survival",3,"Mixed linear and rule-based","BRP-GABLE rule-only",TRUE,"C-index",0.838180174552357,523.87,NA,47,47,0,36,11,0,0,0,0.765957446808511,0.234042553191489,1,1.23404255319149
41,"survival",3,"Mixed linear and rule-based","GABLE",TRUE,"C-index",0.798033432842993,12.2399999999998,NA,5,5,0,5,0,0,0,0,1,0,1,1
41,"survival",3,"Mixed linear and rule-based","GBM",TRUE,"C-index",0.846547395229543,0.100000000000364,NA,NA,NA,NA,NA,NA,NA,NA,NA,NA,NA,NA,NA
41,"survival",3,"Mixed linear and rule-based","Linear",TRUE,"C-index",0.823138098184199,0.0100000000002183,NA,20,0,20,20,0,0,0,0,1,0,1,1
41,"survival",3,"Mixed linear and rule-based","Random forest",TRUE,"C-index",0.836115399169885,0.649999999999636,NA,NA,NA,NA,NA,NA,NA,NA,NA,NA,NA,NA,NA
41,"survival",3,"Mixed linear and rule-based","RuleFit",TRUE,"C-index",0.848945537982857,130.22,NA,84,84,0,0,42,42,0,0,0,0.5,0.5,2.5
42,"survival",3,"Mixed linear and rule-based","BRP-GABLE full",TRUE,"C-index",0.840629584847239,536.37,NA,45,37,8,33,12,0,0,0,0.733333333333333,0.266666666666667,1,1.26666666666667
42,"survival",3,"Mixed linear and rule-based","BRP-GABLE rule-only",TRUE,"C-index",0.816036051713326,531.62,NA,59,59,0,45,14,0,0,0,0.76271186440678,0.23728813559322,1,1.23728813559322
42,"survival",3,"Mixed linear and rule-based","GABLE",TRUE,"C-index",0.777170048514997,11.8999999999996,NA,5,5,0,5,0,0,0,0,1,0,1,1
42,"survival",3,"Mixed linear and rule-based","GBM",TRUE,"C-index",0.825253001059109,0.0799999999999272,NA,NA,NA,NA,NA,NA,NA,NA,NA,NA,NA,NA,NA
42,"survival",3,"Mixed linear and rule-based","Linear",TRUE,"C-index",0.81863131902586,0.0299999999997453,NA,20,0,20,20,0,0,0,0,1,0,1,1
42,"survival",3,"Mixed linear and rule-based","Random forest",TRUE,"C-index",0.820545516188167,0.650000000000546,NA,NA,NA,NA,NA,NA,NA,NA,NA,NA,NA,NA,NA
42,"survival",3,"Mixed linear and rule-based","RuleFit",TRUE,"C-index",0.833539854605024,126.71,NA,73,73,0,0,31,42,0,0,0,0.424657534246575,0.424657534246575,2.57534246575342
43,"survival",3,"Mixed linear and rule-based","BRP-GABLE full",TRUE,"C-index",0.843898825272516,542.19,NA,40,33,7,34,6,0,0,0,0.85,0.15,1,1.15
43,"survival",3,"Mixed linear and rule-based","BRP-GABLE rule-only",TRUE,"C-index",0.813706870167871,531.67,NA,40,40,0,36,4,0,0,0,0.9,0.1,1,1.1
43,"survival",3,"Mixed linear and rule-based","GABLE",TRUE,"C-index",0.782612488666039,11.9799999999996,NA,5,5,0,5,0,0,0,0,1,0,1,1
43,"survival",3,"Mixed linear and rule-based","GBM",TRUE,"C-index",0.820395694668104,0.0799999999999272,NA,NA,NA,NA,NA,NA,NA,NA,NA,NA,NA,NA,NA
43,"survival",3,"Mixed linear and rule-based","Linear",TRUE,"C-index",0.814497744649083,0.0300000000006548,NA,20,0,20,20,0,0,0,0,1,0,1,1
43,"survival",3,"Mixed linear and rule-based","Random forest",TRUE,"C-index",0.813159121657375,0.659999999999854,NA,NA,NA,NA,NA,NA,NA,NA,NA,NA,NA,NA,NA
43,"survival",3,"Mixed linear and rule-based","RuleFit",TRUE,"C-index",0.829482885361814,119.72,NA,97,97,0,0,46,51,0,0,0,0.474226804123711,0.474226804123711,2.52577319587629
44,"survival",3,"Mixed linear and rule-based","BRP-GABLE full",TRUE,"C-index",0.853557318036817,535.820000000001,NA,39,32,7,30,9,0,0,0,0.769230769230769,0.230769230769231,1,1.23076923076923
44,"survival",3,"Mixed linear and rule-based","BRP-GABLE rule-only",TRUE,"C-index",0.829954051918406,534.22,NA,42,42,0,32,10,0,0,0,0.761904761904762,0.238095238095238,1,1.23809523809524
44,"survival",3,"Mixed linear and rule-based","GABLE",TRUE,"C-index",0.797079223857883,10.6700000000001,NA,5,5,0,4,1,0,0,0,0.8,0.2,1,1.2
44,"survival",3,"Mixed linear and rule-based","GBM",TRUE,"C-index",0.838707600456554,0.0799999999999272,NA,NA,NA,NA,NA,NA,NA,NA,NA,NA,NA,NA,NA
44,"survival",3,"Mixed linear and rule-based","Linear",TRUE,"C-index",0.825429482864585,0.0100000000002183,NA,20,0,20,20,0,0,0,0,1,0,1,1
44,"survival",3,"Mixed linear and rule-based","Random forest",TRUE,"C-index",0.833577219116743,0.609999999999673,NA,NA,NA,NA,NA,NA,NA,NA,NA,NA,NA,NA,NA
44,"survival",3,"Mixed linear and rule-based","RuleFit",TRUE,"C-index",0.848687406713688,161.83,NA,96,96,0,0,47,49,0,0,0,0.489583333333333,0.489583333333333,2.51041666666667
45,"survival",3,"Mixed linear and rule-based","BRP-GABLE full",TRUE,"C-index",0.831320964349891,571.14,NA,31,24,7,23,8,0,0,0,0.741935483870968,0.258064516129032,1,1.25806451612903
45,"survival",3,"Mixed linear and rule-based","BRP-GABLE rule-only",TRUE,"C-index",0.810535460208946,564.74,NA,52,52,0,44,8,0,0,0,0.846153846153846,0.153846153846154,1,1.15384615384615
45,"survival",3,"Mixed linear and rule-based","GABLE",TRUE,"C-index",0.768781638125039,13.3199999999997,NA,5,5,0,5,0,0,0,0,1,0,1,1
45,"survival",3,"Mixed linear and rule-based","GBM",TRUE,"C-index",0.819892975981951,0.089999999999236,NA,NA,NA,NA,NA,NA,NA,NA,NA,NA,NA,NA,NA
45,"survival",3,"Mixed linear and rule-based","Linear",TRUE,"C-index",0.807844270983907,0.0300000000006548,NA,20,0,20,20,0,0,0,0,1,0,1,1
45,"survival",3,"Mixed linear and rule-based","Random forest",TRUE,"C-index",0.816160173233792,0.700000000000728,NA,NA,NA,NA,NA,NA,NA,NA,NA,NA,NA,NA,NA
45,"survival",3,"Mixed linear and rule-based","RuleFit",TRUE,"C-index",0.821383829623205,124.53,NA,80,80,0,1,36,43,0,0,0.0125,0.45,0.4625,2.525
46,"survival",3,"Mixed linear and rule-based","BRP-GABLE full",TRUE,"C-index",0.84268815439845,575.920000000001,NA,43,35,8,31,12,0,0,0,0.720930232558139,0.27906976744186,1,1.27906976744186
46,"survival",3,"Mixed linear and rule-based","BRP-GABLE rule-only",TRUE,"C-index",0.822324613298557,569.67,NA,48,48,0,35,13,0,0,0,0.729166666666667,0.270833333333333,1,1.27083333333333
46,"survival",3,"Mixed linear and rule-based","GABLE",TRUE,"C-index",0.787543794496216,12.3099999999995,NA,5,5,0,5,0,0,0,0,1,0,1,1
46,"survival",3,"Mixed linear and rule-based","GBM",TRUE,"C-index",0.830453044527163,0.0900000000001455,NA,NA,NA,NA,NA,NA,NA,NA,NA,NA,NA,NA,NA
46,"survival",3,"Mixed linear and rule-based","Linear",TRUE,"C-index",0.821816496382726,0.0200000000004366,NA,20,0,20,20,0,0,0,0,1,0,1,1
46,"survival",3,"Mixed linear and rule-based","Random forest",TRUE,"C-index",0.819637207400946,0.880000000000109,NA,NA,NA,NA,NA,NA,NA,NA,NA,NA,NA,NA,NA
46,"survival",3,"Mixed linear and rule-based","RuleFit",TRUE,"C-index",0.837720699790708,127.25,NA,80,80,0,0,42,38,0,0,0,0.525,0.525,2.475
47,"survival",3,"Mixed linear and rule-based","BRP-GABLE full",TRUE,"C-index",0.830894971746907,618.36,NA,43,34,9,38,5,0,0,0,0.883720930232558,0.116279069767442,1,1.11627906976744
47,"survival",3,"Mixed linear and rule-based","BRP-GABLE rule-only",TRUE,"C-index",0.804409727452909,616.08,NA,45,45,0,40,5,0,0,0,0.888888888888889,0.111111111111111,1,1.11111111111111
47,"survival",3,"Mixed linear and rule-based","GABLE",TRUE,"C-index",0.785243998617622,11.79,NA,5,5,0,5,0,0,0,0,1,0,1,1
47,"survival",3,"Mixed linear and rule-based","GBM",TRUE,"C-index",0.822365875343748,0.0900000000001455,NA,NA,NA,NA,NA,NA,NA,NA,NA,NA,NA,NA,NA
47,"survival",3,"Mixed linear and rule-based","Linear",TRUE,"C-index",0.801466266131438,0.0299999999997453,NA,20,0,20,20,0,0,0,0,1,0,1,1
47,"survival",3,"Mixed linear and rule-based","Random forest",TRUE,"C-index",0.817083004723126,0.690000000000509,NA,NA,NA,NA,NA,NA,NA,NA,NA,NA,NA,NA,NA
47,"survival",3,"Mixed linear and rule-based","RuleFit",TRUE,"C-index",0.824870697421628,124.299999999999,NA,100,100,0,1,41,58,0,0,0.01,0.41,0.42,2.57
48,"survival",3,"Mixed linear and rule-based","BRP-GABLE full",TRUE,"C-index",0.838726759409605,600.13,NA,46,38,8,37,9,0,0,0,0.804347826086957,0.195652173913043,1,1.19565217391304
48,"survival",3,"Mixed linear and rule-based","BRP-GABLE rule-only",TRUE,"C-index",0.817194014130864,587,NA,54,54,0,44,10,0,0,0,0.814814814814815,0.185185185185185,1,1.18518518518519
48,"survival",3,"Mixed linear and rule-based","GABLE",TRUE,"C-index",0.770377847018037,12.5,NA,5,5,0,5,0,0,0,0,1,0,1,1
48,"survival",3,"Mixed linear and rule-based","GBM",TRUE,"C-index",0.82038296689633,0.0799999999999272,NA,NA,NA,NA,NA,NA,NA,NA,NA,NA,NA,NA,NA
48,"survival",3,"Mixed linear and rule-based","Linear",TRUE,"C-index",0.815880399643071,0.0299999999997453,NA,20,0,20,20,0,0,0,0,1,0,1,1
48,"survival",3,"Mixed linear and rule-based","Random forest",TRUE,"C-index",0.810652272494551,0.670000000000073,NA,NA,NA,NA,NA,NA,NA,NA,NA,NA,NA,NA,NA
48,"survival",3,"Mixed linear and rule-based","RuleFit",TRUE,"C-index",0.82968797998859,132,NA,80,80,0,0,40,40,0,0,0,0.5,0.5,2.5
49,"survival",3,"Mixed linear and rule-based","BRP-GABLE full",TRUE,"C-index",0.838569068795448,545.659999999999,NA,38,30,8,24,14,0,0,0,0.631578947368421,0.368421052631579,1,1.36842105263158
49,"survival",3,"Mixed linear and rule-based","BRP-GABLE rule-only",TRUE,"C-index",0.815576998818432,540.679999999999,NA,37,37,0,24,13,0,0,0,0.648648648648649,0.351351351351351,1,1.35135135135135
49,"survival",3,"Mixed linear and rule-based","GABLE",TRUE,"C-index",0.788890325842234,11.8400000000001,NA,5,5,0,4,1,0,0,0,0.8,0.2,1,1.2
49,"survival",3,"Mixed linear and rule-based","GBM",TRUE,"C-index",0.832182137755492,0.109999999999673,NA,NA,NA,NA,NA,NA,NA,NA,NA,NA,NA,NA,NA
49,"survival",3,"Mixed linear and rule-based","Linear",TRUE,"C-index",0.814476259897833,0.0100000000002183,NA,20,0,20,20,0,0,0,0,1,0,1,1
49,"survival",3,"Mixed linear and rule-based","Random forest",TRUE,"C-index",0.82041055063399,0.659999999999854,NA,NA,NA,NA,NA,NA,NA,NA,NA,NA,NA,NA,NA
49,"survival",3,"Mixed linear and rule-based","RuleFit",TRUE,"C-index",0.83582383474514,118.440000000001,NA,84,84,0,0,43,41,0,0,0,0.511904761904762,0.511904761904762,2.48809523809524
50,"survival",3,"Mixed linear and rule-based","BRP-GABLE full",TRUE,"C-index",0.849522031495791,547.73,NA,44,36,8,31,13,0,0,0,0.704545454545455,0.295454545454545,1,1.29545454545455
50,"survival",3,"Mixed linear and rule-based","BRP-GABLE rule-only",TRUE,"C-index",0.820037223345837,545.870000000001,NA,52,52,0,38,14,0,0,0,0.730769230769231,0.269230769230769,1,1.26923076923077
50,"survival",3,"Mixed linear and rule-based","GABLE",TRUE,"C-index",0.790196603801852,11.0300000000007,NA,5,5,0,4,1,0,0,0,0.8,0.2,1,1.2
50,"survival",3,"Mixed linear and rule-based","GBM",TRUE,"C-index",0.836390142151694,0.0799999999999272,NA,NA,NA,NA,NA,NA,NA,NA,NA,NA,NA,NA,NA
50,"survival",3,"Mixed linear and rule-based","Linear",TRUE,"C-index",0.817830328383666,0.0300000000006548,NA,20,0,20,20,0,0,0,0,1,0,1,1
50,"survival",3,"Mixed linear and rule-based","Random forest",TRUE,"C-index",0.82501570179836,0.639999999999418,NA,NA,NA,NA,NA,NA,NA,NA,NA,NA,NA,NA,NA
50,"survival",3,"Mixed linear and rule-based","RuleFit",TRUE,"C-index",0.845756480953286,128.57,NA,90,90,0,0,23,67,0,0,0,0.255555555555556,0.255555555555556,2.74444444444444
51,"survival",3,"Mixed linear and rule-based","BRP-GABLE full",TRUE,"C-index",0.84607236966743,551.55,NA,37,30,7,28,9,0,0,0,0.756756756756757,0.243243243243243,1,1.24324324324324
51,"survival",3,"Mixed linear and rule-based","BRP-GABLE rule-only",TRUE,"C-index",0.829400823243718,538.460000000001,NA,44,44,0,34,10,0,0,0,0.772727272727273,0.227272727272727,1,1.22727272727273
51,"survival",3,"Mixed linear and rule-based","GABLE",TRUE,"C-index",0.79034984987571,11.1199999999999,NA,5,5,0,4,1,0,0,0,0.8,0.2,1,1.2
51,"survival",3,"Mixed linear and rule-based","GBM",TRUE,"C-index",0.839900912227523,0.109999999999673,NA,NA,NA,NA,NA,NA,NA,NA,NA,NA,NA,NA,NA
51,"survival",3,"Mixed linear and rule-based","Linear",TRUE,"C-index",0.816423539947988,0.0100000000002183,NA,20,0,20,20,0,0,0,0,1,0,1,1
51,"survival",3,"Mixed linear and rule-based","Random forest",TRUE,"C-index",0.824104851626681,0.710000000000036,NA,NA,NA,NA,NA,NA,NA,NA,NA,NA,NA,NA,NA
51,"survival",3,"Mixed linear and rule-based","RuleFit",TRUE,"C-index",0.838333649082319,125.03,NA,73,73,0,0,34,39,0,0,0,0.465753424657534,0.465753424657534,2.53424657534247
52,"survival",3,"Mixed linear and rule-based","BRP-GABLE full",TRUE,"C-index",0.840703587978514,732.23,NA,38,32,6,23,15,0,0,0,0.605263157894737,0.394736842105263,1,1.39473684210526
52,"survival",3,"Mixed linear and rule-based","BRP-GABLE rule-only",TRUE,"C-index",0.82388717206917,552.83,NA,53,53,0,37,16,0,0,0,0.69811320754717,0.30188679245283,1,1.30188679245283
52,"survival",3,"Mixed linear and rule-based","GABLE",TRUE,"C-index",0.78427247024788,10.9899999999998,NA,5,5,0,4,1,0,0,0,0.8,0.2,1,1.2
52,"survival",3,"Mixed linear and rule-based","GBM",TRUE,"C-index",0.835074769801633,0.0900000000001455,NA,NA,NA,NA,NA,NA,NA,NA,NA,NA,NA,NA,NA
52,"survival",3,"Mixed linear and rule-based","Linear",TRUE,"C-index",0.819626251047006,0.0199999999995271,NA,20,0,20,20,0,0,0,0,1,0,1,1
52,"survival",3,"Mixed linear and rule-based","Random forest",TRUE,"C-index",0.827750731117445,0.640000000000327,NA,NA,NA,NA,NA,NA,NA,NA,NA,NA,NA,NA,NA
52,"survival",3,"Mixed linear and rule-based","RuleFit",TRUE,"C-index",0.835230570000029,130.84,NA,73,73,0,0,35,38,0,0,0,0.479452054794521,0.479452054794521,2.52054794520548
53,"survival",3,"Mixed linear and rule-based","BRP-GABLE full",TRUE,"C-index",0.847716747173946,557.27,NA,37,30,7,25,12,0,0,0,0.675675675675676,0.324324324324324,1,1.32432432432432
53,"survival",3,"Mixed linear and rule-based","BRP-GABLE rule-only",TRUE,"C-index",0.823295066744391,558.410000000001,NA,48,48,0,33,15,0,0,0,0.6875,0.3125,1,1.3125
53,"survival",3,"Mixed linear and rule-based","GABLE",TRUE,"C-index",0.782174838961031,10.9799999999996,NA,5,5,0,4,1,0,0,0,0.8,0.2,1,1.2
53,"survival",3,"Mixed linear and rule-based","GBM",TRUE,"C-index",0.828066917220551,0.0900000000001455,NA,NA,NA,NA,NA,NA,NA,NA,NA,NA,NA,NA,NA
53,"survival",3,"Mixed linear and rule-based","Linear",TRUE,"C-index",0.830149658588599,0.0300000000006548,NA,20,0,20,20,0,0,0,0,1,0,1,1
53,"survival",3,"Mixed linear and rule-based","Random forest",TRUE,"C-index",0.82065868526585,0.659999999999854,NA,NA,NA,NA,NA,NA,NA,NA,NA,NA,NA,NA,NA
53,"survival",3,"Mixed linear and rule-based","RuleFit",TRUE,"C-index",0.838192086754526,127.25,NA,73,73,0,0,21,52,0,0,0,0.287671232876712,0.287671232876712,2.71232876712329
54,"survival",3,"Mixed linear and rule-based","BRP-GABLE full",TRUE,"C-index",0.854414860605766,545.8,NA,39,32,7,28,11,0,0,0,0.717948717948718,0.282051282051282,1,1.28205128205128
54,"survival",3,"Mixed linear and rule-based","BRP-GABLE rule-only",TRUE,"C-index",0.829486961071833,544.48,NA,55,55,0,44,11,0,0,0,0.8,0.2,1,1.2
54,"survival",3,"Mixed linear and rule-based","GABLE",TRUE,"C-index",0.785837278070506,11.7700000000004,NA,5,5,0,5,0,0,0,0,1,0,1,1
54,"survival",3,"Mixed linear and rule-based","GBM",TRUE,"C-index",0.838356535283595,0.0900000000001455,NA,NA,NA,NA,NA,NA,NA,NA,NA,NA,NA,NA,NA
54,"survival",3,"Mixed linear and rule-based","Linear",TRUE,"C-index",0.83058520023851,0.0200000000004366,NA,20,0,20,20,0,0,0,0,1,0,1,1
54,"survival",3,"Mixed linear and rule-based","Random forest",TRUE,"C-index",0.833475303308712,0.639999999999418,NA,NA,NA,NA,NA,NA,NA,NA,NA,NA,NA,NA,NA
54,"survival",3,"Mixed linear and rule-based","RuleFit",TRUE,"C-index",0.847909086484053,138.389999999999,NA,90,90,0,0,41,49,0,0,0,0.455555555555556,0.455555555555556,2.54444444444444
55,"survival",3,"Mixed linear and rule-based","BRP-GABLE full",TRUE,"C-index",0.827988517892364,587.880000000001,NA,33,26,7,25,8,0,0,0,0.757575757575758,0.242424242424242,1,1.24242424242424
55,"survival",3,"Mixed linear and rule-based","BRP-GABLE rule-only",TRUE,"C-index",0.812197684793839,543.020000000002,NA,37,37,0,29,8,0,0,0,0.783783783783784,0.216216216216216,1,1.21621621621622
55,"survival",3,"Mixed linear and rule-based","GABLE",TRUE,"C-index",0.776779844087536,11.8499999999985,NA,5,5,0,5,0,0,0,0,1,0,1,1
55,"survival",3,"Mixed linear and rule-based","GBM",TRUE,"C-index",0.821810134310134,0.109999999998763,NA,NA,NA,NA,NA,NA,NA,NA,NA,NA,NA,NA,NA
55,"survival",3,"Mixed linear and rule-based","Linear",TRUE,"C-index",0.804815910585141,0.0200000000004366,NA,20,0,20,20,0,0,0,0,1,0,1,1
55,"survival",3,"Mixed linear and rule-based","Random forest",TRUE,"C-index",0.812438362919132,0.650000000001455,NA,NA,NA,NA,NA,NA,NA,NA,NA,NA,NA,NA,NA
55,"survival",3,"Mixed linear and rule-based","RuleFit",TRUE,"C-index",0.822479336902414,128.57,NA,89,89,0,1,54,34,0,0,0.0112359550561798,0.606741573033708,0.617977528089888,2.37078651685393
56,"survival",3,"Mixed linear and rule-based","BRP-GABLE full",TRUE,"C-index",0.842203934415003,531.510000000002,NA,40,33,7,27,13,0,0,0,0.675,0.325,1,1.325
56,"survival",3,"Mixed linear and rule-based","BRP-GABLE rule-only",TRUE,"C-index",0.818705306951713,527.160000000002,NA,45,45,0,31,14,0,0,0,0.688888888888889,0.311111111111111,1,1.31111111111111
56,"survival",3,"Mixed linear and rule-based","GABLE",TRUE,"C-index",0.774597227532915,12.1100000000006,NA,5,5,0,5,0,0,0,0,1,0,1,1
56,"survival",3,"Mixed linear and rule-based","GBM",TRUE,"C-index",0.820659959023644,0.0900000000001455,NA,NA,NA,NA,NA,NA,NA,NA,NA,NA,NA,NA,NA
56,"survival",3,"Mixed linear and rule-based","Linear",TRUE,"C-index",0.81834291160407,0.0200000000004366,NA,20,0,20,20,0,0,0,0,1,0,1,1
56,"survival",3,"Mixed linear and rule-based","Random forest",TRUE,"C-index",0.810541424356392,0.639999999999418,NA,NA,NA,NA,NA,NA,NA,NA,NA,NA,NA,NA,NA
56,"survival",3,"Mixed linear and rule-based","RuleFit",TRUE,"C-index",0.827940681303253,128.519999999999,NA,82,82,0,0,29,53,0,0,0,0.353658536585366,0.353658536585366,2.64634146341463
57,"survival",3,"Mixed linear and rule-based","BRP-GABLE full",TRUE,"C-index",0.850171059137588,541.09,NA,39,33,6,34,5,0,0,0,0.871794871794872,0.128205128205128,1,1.12820512820513
57,"survival",3,"Mixed linear and rule-based","BRP-GABLE rule-only",TRUE,"C-index",0.82690444410782,537.570000000002,NA,43,43,0,38,5,0,0,0,0.883720930232558,0.116279069767442,1,1.11627906976744
57,"survival",3,"Mixed linear and rule-based","GABLE",TRUE,"C-index",0.799382072087779,11.5300000000007,NA,5,5,0,5,0,0,0,0,1,0,1,1
57,"survival",3,"Mixed linear and rule-based","GBM",TRUE,"C-index",0.836107625779198,0.110000000000582,NA,NA,NA,NA,NA,NA,NA,NA,NA,NA,NA,NA,NA
57,"survival",3,"Mixed linear and rule-based","Linear",TRUE,"C-index",0.828074848733419,0.0299999999988358,NA,20,0,20,20,0,0,0,0,1,0,1,1
57,"survival",3,"Mixed linear and rule-based","Random forest",TRUE,"C-index",0.823601873790653,0.639999999999418,NA,NA,NA,NA,NA,NA,NA,NA,NA,NA,NA,NA,NA
57,"survival",3,"Mixed linear and rule-based","RuleFit",TRUE,"C-index",0.841150797847256,104.529999999999,NA,83,83,0,0,41,42,0,0,0,0.493975903614458,0.493975903614458,2.50602409638554
58,"survival",3,"Mixed linear and rule-based","BRP-GABLE full",TRUE,"C-index",0.847684134638113,522.67,NA,39,31,8,25,14,0,0,0,0.641025641025641,0.358974358974359,1,1.35897435897436
58,"survival",3,"Mixed linear and rule-based","BRP-GABLE rule-only",TRUE,"C-index",0.834986467640524,520.320000000002,NA,49,49,0,33,16,0,0,0,0.673469387755102,0.326530612244898,1,1.3265306122449
58,"survival",3,"Mixed linear and rule-based","GABLE",TRUE,"C-index",0.795781035786886,11.5399999999991,NA,5,5,0,5,0,0,0,0,1,0,1,1
58,"survival",3,"Mixed linear and rule-based","GBM",TRUE,"C-index",0.848257339384484,0.0599999999994907,NA,NA,NA,NA,NA,NA,NA,NA,NA,NA,NA,NA,NA
58,"survival",3,"Mixed linear and rule-based","Linear",TRUE,"C-index",0.818486148536851,0.0300000000006548,NA,20,0,20,20,0,0,0,0,1,0,1,1
58,"survival",3,"Mixed linear and rule-based","Random forest",TRUE,"C-index",0.830136387273673,0.579999999999927,NA,NA,NA,NA,NA,NA,NA,NA,NA,NA,NA,NA,NA
58,"survival",3,"Mixed linear and rule-based","RuleFit",TRUE,"C-index",0.841943223183473,120.110000000001,NA,93,93,0,1,48,44,0,0,0.010752688172043,0.516129032258065,0.526881720430108,2.46236559139785
59,"survival",3,"Mixed linear and rule-based","BRP-GABLE full",TRUE,"C-index",0.85455789488689,541.360000000002,NA,40,34,6,32,8,0,0,0,0.8,0.2,1,1.2
59,"survival",3,"Mixed linear and rule-based","BRP-GABLE rule-only",TRUE,"C-index",0.836776759368808,537.620000000001,NA,58,58,0,49,9,0,0,0,0.844827586206897,0.155172413793103,1,1.1551724137931
59,"survival",3,"Mixed linear and rule-based","GABLE",TRUE,"C-index",0.774688181546049,11.5699999999997,NA,5,5,0,5,0,0,0,0,1,0,1,1
59,"survival",3,"Mixed linear and rule-based","GBM",TRUE,"C-index",0.835612161988796,0.0899999999983265,NA,NA,NA,NA,NA,NA,NA,NA,NA,NA,NA,NA,NA
59,"survival",3,"Mixed linear and rule-based","Linear",TRUE,"C-index",0.831570994825595,0.0300000000006548,NA,20,0,20,20,0,0,0,0,1,0,1,1
59,"survival",3,"Mixed linear and rule-based","Random forest",TRUE,"C-index",0.825803600701324,0.650000000001455,NA,NA,NA,NA,NA,NA,NA,NA,NA,NA,NA,NA,NA
59,"survival",3,"Mixed linear and rule-based","RuleFit",TRUE,"C-index",0.837760323863555,127.91,NA,85,85,0,0,34,51,0,0,0,0.4,0.4,2.6
60,"survival",3,"Mixed linear and rule-based","BRP-GABLE full",TRUE,"C-index",0.837702732416868,614.719999999999,NA,45,36,9,37,8,0,0,0,0.822222222222222,0.177777777777778,1,1.17777777777778
60,"survival",3,"Mixed linear and rule-based","BRP-GABLE rule-only",TRUE,"C-index",0.819904586686113,546.33,NA,46,46,0,38,8,0,0,0,0.826086956521739,0.173913043478261,1,1.17391304347826
60,"survival",3,"Mixed linear and rule-based","GABLE",TRUE,"C-index",0.775530994018576,11.8899999999994,NA,5,5,0,5,0,0,0,0,1,0,1,1
60,"survival",3,"Mixed linear and rule-based","GBM",TRUE,"C-index",0.820052104353441,0.100000000000364,NA,NA,NA,NA,NA,NA,NA,NA,NA,NA,NA,NA,NA
60,"survival",3,"Mixed linear and rule-based","Linear",TRUE,"C-index",0.809009154445431,0.0299999999988358,NA,20,0,20,20,0,0,0,0,1,0,1,1
60,"survival",3,"Mixed linear and rule-based","Random forest",TRUE,"C-index",0.807545111181004,0.610000000000582,NA,NA,NA,NA,NA,NA,NA,NA,NA,NA,NA,NA,NA
60,"survival",3,"Mixed linear and rule-based","RuleFit",TRUE,"C-index",0.828347885626491,124.42,NA,93,93,0,0,43,50,0,0,0,0.462365591397849,0.462365591397849,2.53763440860215
61,"survival",3,"Mixed linear and rule-based","BRP-GABLE full",TRUE,"C-index",0.838363024213551,539.310000000001,NA,35,28,7,30,5,0,0,0,0.857142857142857,0.142857142857143,1,1.14285714285714
61,"survival",3,"Mixed linear and rule-based","BRP-GABLE rule-only",TRUE,"C-index",0.815319202646495,537.91,NA,52,52,0,46,6,0,0,0,0.884615384615385,0.115384615384615,1,1.11538461538462
61,"survival",3,"Mixed linear and rule-based","GABLE",TRUE,"C-index",0.775514637031558,11.4300000000003,NA,5,5,0,5,0,0,0,0,1,0,1,1
61,"survival",3,"Mixed linear and rule-based","GBM",TRUE,"C-index",0.82459925383868,0.0799999999999272,NA,NA,NA,NA,NA,NA,NA,NA,NA,NA,NA,NA,NA
61,"survival",3,"Mixed linear and rule-based","Linear",TRUE,"C-index",0.809602644146802,0.0299999999988358,NA,20,0,20,20,0,0,0,0,1,0,1,1
61,"survival",3,"Mixed linear and rule-based","Random forest",TRUE,"C-index",0.804662480883652,0.700000000000728,NA,NA,NA,NA,NA,NA,NA,NA,NA,NA,NA,NA,NA
61,"survival",3,"Mixed linear and rule-based","RuleFit",TRUE,"C-index",0.83295907854067,125.92,NA,96,96,0,0,37,59,0,0,0,0.385416666666667,0.385416666666667,2.61458333333333
62,"survival",3,"Mixed linear and rule-based","BRP-GABLE full",TRUE,"C-index",0.854519624763716,845.27,NA,40,32,8,30,10,0,0,0,0.75,0.25,1,1.25
62,"survival",3,"Mixed linear and rule-based","BRP-GABLE rule-only",TRUE,"C-index",0.83334654174445,543.09,NA,35,35,0,23,12,0,0,0,0.657142857142857,0.342857142857143,1,1.34285714285714
62,"survival",3,"Mixed linear and rule-based","GABLE",TRUE,"C-index",0.79676804855999,11.619999999999,NA,5,5,0,5,0,0,0,0,1,0,1,1
62,"survival",3,"Mixed linear and rule-based","GBM",TRUE,"C-index",0.832788853275099,0.0799999999999272,NA,NA,NA,NA,NA,NA,NA,NA,NA,NA,NA,NA,NA
62,"survival",3,"Mixed linear and rule-based","Linear",TRUE,"C-index",0.819435149636622,0.0200000000004366,NA,20,0,20,20,0,0,0,0,1,0,1,1
62,"survival",3,"Mixed linear and rule-based","Random forest",TRUE,"C-index",0.825566787597009,0.670000000000073,NA,NA,NA,NA,NA,NA,NA,NA,NA,NA,NA,NA,NA
62,"survival",3,"Mixed linear and rule-based","RuleFit",TRUE,"C-index",0.840007983750719,113.820000000002,NA,76,76,0,0,40,36,0,0,0,0.526315789473684,0.526315789473684,2.47368421052632
63,"survival",3,"Mixed linear and rule-based","BRP-GABLE full",TRUE,"C-index",0.847491320655842,541.24,NA,38,30,8,28,10,0,0,0,0.736842105263158,0.263157894736842,1,1.26315789473684
63,"survival",3,"Mixed linear and rule-based","BRP-GABLE rule-only",TRUE,"C-index",0.833312447845614,537.439999999999,NA,46,46,0,36,10,0,0,0,0.782608695652174,0.217391304347826,1,1.21739130434783
63,"survival",3,"Mixed linear and rule-based","GABLE",TRUE,"C-index",0.803191777193617,12.2700000000004,NA,5,5,0,5,0,0,0,0,1,0,1,1
63,"survival",3,"Mixed linear and rule-based","GBM",TRUE,"C-index",0.839046938234967,0.110000000000582,NA,NA,NA,NA,NA,NA,NA,NA,NA,NA,NA,NA,NA
63,"survival",3,"Mixed linear and rule-based","Linear",TRUE,"C-index",0.812190099709217,0.0299999999988358,NA,20,0,20,20,0,0,0,0,1,0,1,1
63,"survival",3,"Mixed linear and rule-based","Random forest",TRUE,"C-index",0.833108814340356,0.639999999999418,NA,NA,NA,NA,NA,NA,NA,NA,NA,NA,NA,NA,NA
63,"survival",3,"Mixed linear and rule-based","RuleFit",TRUE,"C-index",0.843794589329604,132.550000000001,NA,102,102,0,0,50,52,0,0,0,0.490196078431373,0.490196078431373,2.50980392156863
64,"survival",3,"Mixed linear and rule-based","BRP-GABLE full",TRUE,"C-index",0.851121787807996,545.609999999999,NA,42,35,7,33,9,0,0,0,0.785714285714286,0.214285714285714,1,1.21428571428571
64,"survival",3,"Mixed linear and rule-based","BRP-GABLE rule-only",TRUE,"C-index",0.827528246719854,542.6,NA,51,51,0,43,8,0,0,0,0.843137254901961,0.156862745098039,1,1.15686274509804
64,"survival",3,"Mixed linear and rule-based","GABLE",TRUE,"C-index",0.792547861477204,12.0799999999999,NA,5,5,0,5,0,0,0,0,1,0,1,1
64,"survival",3,"Mixed linear and rule-based","GBM",TRUE,"C-index",0.847197367067777,0.0900000000001455,NA,NA,NA,NA,NA,NA,NA,NA,NA,NA,NA,NA,NA
64,"survival",3,"Mixed linear and rule-based","Linear",TRUE,"C-index",0.827184437489899,0.0400000000008731,NA,20,0,20,20,0,0,0,0,1,0,1,1
64,"survival",3,"Mixed linear and rule-based","Random forest",TRUE,"C-index",0.837357664448069,0.719999999999345,NA,NA,NA,NA,NA,NA,NA,NA,NA,NA,NA,NA,NA
64,"survival",3,"Mixed linear and rule-based","RuleFit",TRUE,"C-index",0.848819441383465,139.26,NA,91,91,0,0,28,63,0,0,0,0.307692307692308,0.307692307692308,2.69230769230769
65,"survival",3,"Mixed linear and rule-based","BRP-GABLE full",TRUE,"C-index",0.843871828295995,547.700000000001,NA,42,35,7,32,10,0,0,0,0.761904761904762,0.238095238095238,1,1.23809523809524
65,"survival",3,"Mixed linear and rule-based","BRP-GABLE rule-only",TRUE,"C-index",0.826652923879104,542.820000000002,NA,52,52,0,43,9,0,0,0,0.826923076923077,0.173076923076923,1,1.17307692307692
65,"survival",3,"Mixed linear and rule-based","GABLE",TRUE,"C-index",0.798502440355291,11.0400000000009,NA,5,5,0,5,0,0,0,0,1,0,1,1
65,"survival",3,"Mixed linear and rule-based","GBM",TRUE,"C-index",0.828315700124291,0.0500000000010914,NA,NA,NA,NA,NA,NA,NA,NA,NA,NA,NA,NA,NA
65,"survival",3,"Mixed linear and rule-based","Linear",TRUE,"C-index",0.813199139054779,0.0299999999988358,NA,20,0,20,20,0,0,0,0,1,0,1,1
65,"survival",3,"Mixed linear and rule-based","Random forest",TRUE,"C-index",0.827674538454543,0.6299999999992,NA,NA,NA,NA,NA,NA,NA,NA,NA,NA,NA,NA,NA
65,"survival",3,"Mixed linear and rule-based","RuleFit",TRUE,"C-index",0.83630824264104,119.609999999999,NA,99,99,0,1,51,47,0,0,0.0101010101010101,0.515151515151515,0.525252525252525,2.46464646464646
66,"survival",3,"Mixed linear and rule-based","BRP-GABLE full",TRUE,"C-index",0.842211938735803,537.129999999999,NA,41,35,6,29,12,0,0,0,0.707317073170732,0.292682926829268,1,1.29268292682927
66,"survival",3,"Mixed linear and rule-based","BRP-GABLE rule-only",TRUE,"C-index",0.828333431315736,535.290000000001,NA,61,61,0,48,13,0,0,0,0.786885245901639,0.213114754098361,1,1.21311475409836
66,"survival",3,"Mixed linear and rule-based","GABLE",TRUE,"C-index",0.786154806596735,10.2299999999996,NA,5,5,0,4,1,0,0,0,0.8,0.2,1,1.2
66,"survival",3,"Mixed linear and rule-based","GBM",TRUE,"C-index",0.829272662629792,0.100000000000364,NA,NA,NA,NA,NA,NA,NA,NA,NA,NA,NA,NA,NA
66,"survival",3,"Mixed linear and rule-based","Linear",TRUE,"C-index",0.816173815182793,0.0100000000002183,NA,20,0,20,20,0,0,0,0,1,0,1,1
66,"survival",3,"Mixed linear and rule-based","Random forest",TRUE,"C-index",0.818463803900819,0.670000000000073,NA,NA,NA,NA,NA,NA,NA,NA,NA,NA,NA,NA,NA
66,"survival",3,"Mixed linear and rule-based","RuleFit",TRUE,"C-index",0.835488946185265,128.610000000001,NA,73,73,0,0,31,42,0,0,0,0.424657534246575,0.424657534246575,2.57534246575342
67,"survival",3,"Mixed linear and rule-based","BRP-GABLE full",TRUE,"C-index",0.857718394004154,529.440000000002,NA,40,31,9,33,7,0,0,0,0.825,0.175,1,1.175
67,"survival",3,"Mixed linear and rule-based","BRP-GABLE rule-only",TRUE,"C-index",0.842245389077456,531.280000000001,NA,43,43,0,35,8,0,0,0,0.813953488372093,0.186046511627907,1,1.18604651162791
67,"survival",3,"Mixed linear and rule-based","GABLE",TRUE,"C-index",0.816619674466773,11.5599999999995,NA,5,5,0,5,0,0,0,0,1,0,1,1
67,"survival",3,"Mixed linear and rule-based","GBM",TRUE,"C-index",0.852487892773977,0.0799999999999272,NA,NA,NA,NA,NA,NA,NA,NA,NA,NA,NA,NA,NA
67,"survival",3,"Mixed linear and rule-based","Linear",TRUE,"C-index",0.833836179803531,0.0100000000002183,NA,20,0,20,20,0,0,0,0,1,0,1,1
67,"survival",3,"Mixed linear and rule-based","Random forest",TRUE,"C-index",0.843557878227347,0.690000000000509,NA,NA,NA,NA,NA,NA,NA,NA,NA,NA,NA,NA,NA
67,"survival",3,"Mixed linear and rule-based","RuleFit",TRUE,"C-index",0.852000011972535,122.969999999999,NA,95,95,0,0,43,52,0,0,0,0.452631578947368,0.452631578947368,2.54736842105263
68,"survival",3,"Mixed linear and rule-based","BRP-GABLE full",TRUE,"C-index",0.845579010994024,530.440000000001,NA,50,43,7,38,12,0,0,0,0.76,0.24,1,1.24
68,"survival",3,"Mixed linear and rule-based","BRP-GABLE rule-only",TRUE,"C-index",0.825112050088956,525.620000000001,NA,66,66,0,51,15,0,0,0,0.772727272727273,0.227272727272727,1,1.22727272727273
68,"survival",3,"Mixed linear and rule-based","GABLE",TRUE,"C-index",0.775683134893481,11.4700000000012,NA,5,5,0,4,1,0,0,0,0.8,0.2,1,1.2
68,"survival",3,"Mixed linear and rule-based","GBM",TRUE,"C-index",0.830965455499293,0.100000000000364,NA,NA,NA,NA,NA,NA,NA,NA,NA,NA,NA,NA,NA
68,"survival",3,"Mixed linear and rule-based","Linear",TRUE,"C-index",0.822938050271429,0.0100000000002183,NA,20,0,20,20,0,0,0,0,1,0,1,1
68,"survival",3,"Mixed linear and rule-based","Random forest",TRUE,"C-index",0.817808836275717,0.639999999999418,NA,NA,NA,NA,NA,NA,NA,NA,NA,NA,NA,NA,NA
68,"survival",3,"Mixed linear and rule-based","RuleFit",TRUE,"C-index",0.837769718534738,128.809999999999,NA,89,89,0,0,38,51,0,0,0,0.426966292134831,0.426966292134831,2.57303370786517
69,"survival",3,"Mixed linear and rule-based","BRP-GABLE full",TRUE,"C-index",0.833098807338631,533.33,NA,39,32,7,32,7,0,0,0,0.82051282051282,0.179487179487179,1,1.17948717948718
69,"survival",3,"Mixed linear and rule-based","BRP-GABLE rule-only",TRUE,"C-index",0.808687774997843,531.26,NA,47,47,0,40,7,0,0,0,0.851063829787234,0.148936170212766,1,1.14893617021277
69,"survival",3,"Mixed linear and rule-based","GABLE",TRUE,"C-index",0.782765463097112,11.5700000000015,NA,5,5,0,5,0,0,0,0,1,0,1,1
69,"survival",3,"Mixed linear and rule-based","GBM",TRUE,"C-index",0.824245327081951,0.069999999999709,NA,NA,NA,NA,NA,NA,NA,NA,NA,NA,NA,NA,NA
69,"survival",3,"Mixed linear and rule-based","Linear",TRUE,"C-index",0.814017415414457,0.0199999999986176,NA,20,0,20,20,0,0,0,0,1,0,1,1
69,"survival",3,"Mixed linear and rule-based","Random forest",TRUE,"C-index",0.813791318472418,0.75,NA,NA,NA,NA,NA,NA,NA,NA,NA,NA,NA,NA,NA
69,"survival",3,"Mixed linear and rule-based","RuleFit",TRUE,"C-index",0.831162108532482,129.65,NA,94,94,0,0,54,40,0,0,0,0.574468085106383,0.574468085106383,2.42553191489362
70,"survival",3,"Mixed linear and rule-based","BRP-GABLE full",TRUE,"C-index",0.846793383053633,522.929999999998,NA,43,36,7,37,6,0,0,0,0.86046511627907,0.13953488372093,1,1.13953488372093
70,"survival",3,"Mixed linear and rule-based","BRP-GABLE rule-only",TRUE,"C-index",0.805067989751608,520.339999999998,NA,32,32,0,26,6,0,0,0,0.8125,0.1875,1,1.1875
70,"survival",3,"Mixed linear and rule-based","GABLE",TRUE,"C-index",0.777833572044029,11.6399999999994,NA,5,5,0,5,0,0,0,0,1,0,1,1
70,"survival",3,"Mixed linear and rule-based","GBM",TRUE,"C-index",0.831186839147033,0.0599999999994907,NA,NA,NA,NA,NA,NA,NA,NA,NA,NA,NA,NA,NA
70,"survival",3,"Mixed linear and rule-based","Linear",TRUE,"C-index",0.822330767431112,0.0100000000002183,NA,20,0,20,20,0,0,0,0,1,0,1,1
70,"survival",3,"Mixed linear and rule-based","Random forest",TRUE,"C-index",0.822416360907747,0.600000000000364,NA,NA,NA,NA,NA,NA,NA,NA,NA,NA,NA,NA,NA
70,"survival",3,"Mixed linear and rule-based","RuleFit",TRUE,"C-index",0.836622024913408,135.390000000001,NA,83,83,0,1,45,37,0,0,0.0120481927710843,0.542168674698795,0.55421686746988,2.43373493975904
71,"survival",3,"Mixed linear and rule-based","BRP-GABLE full",TRUE,"C-index",0.833510967527664,527.540000000001,NA,32,23,9,26,6,0,0,0,0.8125,0.1875,1,1.1875
71,"survival",3,"Mixed linear and rule-based","BRP-GABLE rule-only",TRUE,"C-index",0.803787684364668,521.710000000001,NA,49,49,0,42,7,0,0,0,0.857142857142857,0.142857142857143,1,1.14285714285714
71,"survival",3,"Mixed linear and rule-based","GABLE",TRUE,"C-index",0.760255732854275,11.9400000000005,NA,5,5,0,5,0,0,0,0,1,0,1,1
71,"survival",3,"Mixed linear and rule-based","GBM",TRUE,"C-index",0.819293186998989,0.110000000000582,NA,NA,NA,NA,NA,NA,NA,NA,NA,NA,NA,NA,NA
71,"survival",3,"Mixed linear and rule-based","Linear",TRUE,"C-index",0.81731555984964,0.0300000000006548,NA,20,0,20,20,0,0,0,0,1,0,1,1
71,"survival",3,"Mixed linear and rule-based","Random forest",TRUE,"C-index",0.813381440497577,0.609999999998763,NA,NA,NA,NA,NA,NA,NA,NA,NA,NA,NA,NA,NA
71,"survival",3,"Mixed linear and rule-based","RuleFit",TRUE,"C-index",0.830724173850032,115.119999999999,NA,91,91,0,0,31,60,0,0,0,0.340659340659341,0.340659340659341,2.65934065934066
72,"survival",3,"Mixed linear and rule-based","BRP-GABLE full",TRUE,"C-index",0.842222516517312,521.469999999999,NA,33,27,6,21,12,0,0,0,0.636363636363636,0.363636363636364,1,1.36363636363636
72,"survival",3,"Mixed linear and rule-based","BRP-GABLE rule-only",TRUE,"C-index",0.817843111287688,515.6,NA,42,42,0,29,13,0,0,0,0.69047619047619,0.30952380952381,1,1.30952380952381
72,"survival",3,"Mixed linear and rule-based","GABLE",TRUE,"C-index",0.786315278329581,11.3099999999995,NA,5,5,0,5,0,0,0,0,1,0,1,1
72,"survival",3,"Mixed linear and rule-based","GBM",TRUE,"C-index",0.828464221074471,0.0900000000001455,NA,NA,NA,NA,NA,NA,NA,NA,NA,NA,NA,NA,NA
72,"survival",3,"Mixed linear and rule-based","Linear",TRUE,"C-index",0.812089642284318,0.0299999999988358,NA,20,0,20,20,0,0,0,0,1,0,1,1
72,"survival",3,"Mixed linear and rule-based","Random forest",TRUE,"C-index",0.821106843832311,0.630000000001019,NA,NA,NA,NA,NA,NA,NA,NA,NA,NA,NA,NA,NA
72,"survival",3,"Mixed linear and rule-based","RuleFit",TRUE,"C-index",0.83055813063759,127.549999999999,NA,85,85,0,0,35,50,0,0,0,0.411764705882353,0.411764705882353,2.58823529411765
73,"survival",3,"Mixed linear and rule-based","BRP-GABLE full",TRUE,"C-index",0.836770860199845,519.540000000001,NA,36,28,8,28,8,0,0,0,0.777777777777778,0.222222222222222,1,1.22222222222222
73,"survival",3,"Mixed linear and rule-based","BRP-GABLE rule-only",TRUE,"C-index",0.814017177927722,519.92,NA,48,48,0,35,13,0,0,0,0.729166666666667,0.270833333333333,1,1.27083333333333
73,"survival",3,"Mixed linear and rule-based","GABLE",TRUE,"C-index",0.769390341644965,10.6700000000001,NA,5,5,0,4,1,0,0,0,0.8,0.2,1,1.2
73,"survival",3,"Mixed linear and rule-based","GBM",TRUE,"C-index",0.82190310583811,0.0799999999999272,NA,NA,NA,NA,NA,NA,NA,NA,NA,NA,NA,NA,NA
73,"survival",3,"Mixed linear and rule-based","Linear",TRUE,"C-index",0.818633364671819,0.0300000000006548,NA,20,0,20,20,0,0,0,0,1,0,1,1
73,"survival",3,"Mixed linear and rule-based","Random forest",TRUE,"C-index",0.810557464522338,0.590000000000146,NA,NA,NA,NA,NA,NA,NA,NA,NA,NA,NA,NA,NA
73,"survival",3,"Mixed linear and rule-based","RuleFit",TRUE,"C-index",0.832319685838609,122.690000000001,NA,96,96,0,0,46,50,0,0,0,0.479166666666667,0.479166666666667,2.52083333333333
74,"survival",3,"Mixed linear and rule-based","BRP-GABLE full",TRUE,"C-index",0.836787495980387,536.16,NA,45,36,9,36,9,0,0,0,0.8,0.2,1,1.2
74,"survival",3,"Mixed linear and rule-based","BRP-GABLE rule-only",TRUE,"C-index",0.817816398839991,522.969999999999,NA,47,47,0,38,9,0,0,0,0.808510638297872,0.191489361702128,1,1.19148936170213
74,"survival",3,"Mixed linear and rule-based","GABLE",TRUE,"C-index",0.78078433339332,11.6100000000006,NA,5,5,0,5,0,0,0,0,1,0,1,1
74,"survival",3,"Mixed linear and rule-based","GBM",TRUE,"C-index",0.820377150308441,0.0599999999994907,NA,NA,NA,NA,NA,NA,NA,NA,NA,NA,NA,NA,NA
74,"survival",3,"Mixed linear and rule-based","Linear",TRUE,"C-index",0.808569076860896,0.0200000000004366,NA,20,0,20,20,0,0,0,0,1,0,1,1
74,"survival",3,"Mixed linear and rule-based","Random forest",TRUE,"C-index",0.812926484601564,0.670000000000073,NA,NA,NA,NA,NA,NA,NA,NA,NA,NA,NA,NA,NA
74,"survival",3,"Mixed linear and rule-based","RuleFit",TRUE,"C-index",0.830155503698044,134.51,NA,96,96,0,1,40,55,0,0,0.0104166666666667,0.416666666666667,0.427083333333333,2.5625
75,"survival",3,"Mixed linear and rule-based","BRP-GABLE full",TRUE,"C-index",0.846858769918234,503.68,NA,33,26,7,21,12,0,0,0,0.636363636363636,0.363636363636364,1,1.36363636363636
75,"survival",3,"Mixed linear and rule-based","BRP-GABLE rule-only",TRUE,"C-index",0.82617711385301,503.200000000001,NA,48,48,0,37,11,0,0,0,0.770833333333333,0.229166666666667,1,1.22916666666667
75,"survival",3,"Mixed linear and rule-based","GABLE",TRUE,"C-index",0.791214459621178,10.3700000000008,NA,5,5,0,4,1,0,0,0,0.8,0.2,1,1.2
75,"survival",3,"Mixed linear and rule-based","GBM",TRUE,"C-index",0.83042456862248,0.110000000000582,NA,NA,NA,NA,NA,NA,NA,NA,NA,NA,NA,NA,NA
75,"survival",3,"Mixed linear and rule-based","Linear",TRUE,"C-index",0.82700685605815,0.0200000000004366,NA,20,0,20,20,0,0,0,0,1,0,1,1
75,"survival",3,"Mixed linear and rule-based","Random forest",TRUE,"C-index",0.820224487269426,0.859999999998763,NA,NA,NA,NA,NA,NA,NA,NA,NA,NA,NA,NA,NA
75,"survival",3,"Mixed linear and rule-based","RuleFit",TRUE,"C-index",0.834042716248799,109.66,NA,80,80,0,0,33,47,0,0,0,0.4125,0.4125,2.5875
76,"survival",3,"Mixed linear and rule-based","BRP-GABLE full",TRUE,"C-index",0.850982818377134,523.340000000002,NA,47,40,7,35,12,0,0,0,0.74468085106383,0.25531914893617,1,1.25531914893617
76,"survival",3,"Mixed linear and rule-based","BRP-GABLE rule-only",TRUE,"C-index",0.835358684076065,518.77,NA,63,63,0,51,12,0,0,0,0.80952380952381,0.19047619047619,1,1.19047619047619
76,"survival",3,"Mixed linear and rule-based","GABLE",TRUE,"C-index",0.801266305920303,11.5300000000007,NA,5,5,0,5,0,0,0,0,1,0,1,1
76,"survival",3,"Mixed linear and rule-based","GBM",TRUE,"C-index",0.844241909370171,0.110000000000582,NA,NA,NA,NA,NA,NA,NA,NA,NA,NA,NA,NA,NA
76,"survival",3,"Mixed linear and rule-based","Linear",TRUE,"C-index",0.818380211892318,0.0299999999988358,NA,20,0,20,20,0,0,0,0,1,0,1,1
76,"survival",3,"Mixed linear and rule-based","Random forest",TRUE,"C-index",0.831314138671887,0.659999999999854,NA,NA,NA,NA,NA,NA,NA,NA,NA,NA,NA,NA,NA
76,"survival",3,"Mixed linear and rule-based","RuleFit",TRUE,"C-index",0.839141596025634,119.35,NA,72,72,0,0,30,42,0,0,0,0.416666666666667,0.416666666666667,2.58333333333333
77,"survival",3,"Mixed linear and rule-based","BRP-GABLE full",TRUE,"C-index",0.861850447302454,640.139999999999,NA,44,37,7,39,5,0,0,0,0.886363636363636,0.113636363636364,1,1.11363636363636
77,"survival",3,"Mixed linear and rule-based","BRP-GABLE rule-only",TRUE,"C-index",0.850305603113295,537.290000000001,NA,55,55,0,48,7,0,0,0,0.872727272727273,0.127272727272727,1,1.12727272727273
77,"survival",3,"Mixed linear and rule-based","GABLE",TRUE,"C-index",0.805982925959903,11.0100000000002,NA,5,5,0,5,0,0,0,0,1,0,1,1
77,"survival",3,"Mixed linear and rule-based","GBM",TRUE,"C-index",0.851843844405359,0.110000000000582,NA,NA,NA,NA,NA,NA,NA,NA,NA,NA,NA,NA,NA
77,"survival",3,"Mixed linear and rule-based","Linear",TRUE,"C-index",0.829075535974103,0.0199999999986176,NA,20,0,20,20,0,0,0,0,1,0,1,1
77,"survival",3,"Mixed linear and rule-based","Random forest",TRUE,"C-index",0.838416005890018,0.590000000000146,NA,NA,NA,NA,NA,NA,NA,NA,NA,NA,NA,NA,NA
77,"survival",3,"Mixed linear and rule-based","RuleFit",TRUE,"C-index",0.853053401660658,119.709999999999,NA,91,91,0,1,36,54,0,0,0.010989010989011,0.395604395604396,0.406593406593407,2.58241758241758
78,"survival",3,"Mixed linear and rule-based","BRP-GABLE full",TRUE,"C-index",0.851876510034765,514.82,NA,55,48,7,44,11,0,0,0,0.8,0.2,1,1.2
78,"survival",3,"Mixed linear and rule-based","BRP-GABLE rule-only",TRUE,"C-index",0.825674959180108,512.43,NA,57,57,0,48,9,0,0,0,0.842105263157895,0.157894736842105,1,1.15789473684211
78,"survival",3,"Mixed linear and rule-based","GABLE",TRUE,"C-index",0.784873142017075,11.6100000000006,NA,5,5,0,5,0,0,0,0,1,0,1,1
78,"survival",3,"Mixed linear and rule-based","GBM",TRUE,"C-index",0.838088122766956,0.0599999999994907,NA,NA,NA,NA,NA,NA,NA,NA,NA,NA,NA,NA,NA
78,"survival",3,"Mixed linear and rule-based","Linear",TRUE,"C-index",0.826953781639182,0.0300000000006548,NA,20,0,20,20,0,0,0,0,1,0,1,1
78,"survival",3,"Mixed linear and rule-based","Random forest",TRUE,"C-index",0.825387261783543,0.639999999999418,NA,NA,NA,NA,NA,NA,NA,NA,NA,NA,NA,NA,NA
78,"survival",3,"Mixed linear and rule-based","RuleFit",TRUE,"C-index",0.839428702258801,123.459999999999,NA,86,86,0,0,40,46,0,0,0,0.465116279069767,0.465116279069767,2.53488372093023
79,"survival",3,"Mixed linear and rule-based","BRP-GABLE full",TRUE,"C-index",0.839854959044191,514.370000000001,NA,40,33,7,31,9,0,0,0,0.775,0.225,1,1.225
79,"survival",3,"Mixed linear and rule-based","BRP-GABLE rule-only",TRUE,"C-index",0.813129336881098,515.009999999998,NA,53,53,0,43,10,0,0,0,0.811320754716981,0.188679245283019,1,1.18867924528302
79,"survival",3,"Mixed linear and rule-based","GABLE",TRUE,"C-index",0.785242865341472,10.2300000000014,NA,5,5,0,4,1,0,0,0,0.8,0.2,1,1.2
79,"survival",3,"Mixed linear and rule-based","GBM",TRUE,"C-index",0.827197208164496,0.100000000000364,NA,NA,NA,NA,NA,NA,NA,NA,NA,NA,NA,NA,NA
79,"survival",3,"Mixed linear and rule-based","Linear",TRUE,"C-index",0.812264134536791,0.0299999999988358,NA,20,0,20,20,0,0,0,0,1,0,1,1
79,"survival",3,"Mixed linear and rule-based","Random forest",TRUE,"C-index",0.819513283826948,0.639999999999418,NA,NA,NA,NA,NA,NA,NA,NA,NA,NA,NA,NA,NA
79,"survival",3,"Mixed linear and rule-based","RuleFit",TRUE,"C-index",0.823532054514994,121.42,NA,85,85,0,0,48,37,0,0,0,0.564705882352941,0.564705882352941,2.43529411764706
80,"survival",3,"Mixed linear and rule-based","BRP-GABLE full",TRUE,"C-index",0.851226561195645,665.080000000002,NA,39,31,8,32,7,0,0,0,0.82051282051282,0.179487179487179,1,1.17948717948718
80,"survival",3,"Mixed linear and rule-based","BRP-GABLE rule-only",TRUE,"C-index",0.828893129990731,594.230000000001,NA,48,48,0,42,6,0,0,0,0.875,0.125,1,1.125
80,"survival",3,"Mixed linear and rule-based","GABLE",TRUE,"C-index",0.790494366626942,11.2200000000012,NA,5,5,0,5,0,0,0,0,1,0,1,1
80,"survival",3,"Mixed linear and rule-based","GBM",TRUE,"C-index",0.833842841269567,0.0900000000001455,NA,NA,NA,NA,NA,NA,NA,NA,NA,NA,NA,NA,NA
80,"survival",3,"Mixed linear and rule-based","Linear",TRUE,"C-index",0.824806991485172,0.0199999999986176,NA,20,0,20,20,0,0,0,0,1,0,1,1
80,"survival",3,"Mixed linear and rule-based","Random forest",TRUE,"C-index",0.825823128781729,0.670000000000073,NA,NA,NA,NA,NA,NA,NA,NA,NA,NA,NA,NA,NA
80,"survival",3,"Mixed linear and rule-based","RuleFit",TRUE,"C-index",0.840731273424411,124.939999999999,NA,89,89,0,0,29,60,0,0,0,0.325842696629214,0.325842696629214,2.67415730337079
81,"survival",3,"Mixed linear and rule-based","BRP-GABLE full",TRUE,"C-index",0.840361454594387,518.579999999998,NA,45,35,10,41,4,0,0,0,0.911111111111111,0.0888888888888889,1,1.08888888888889
81,"survival",3,"Mixed linear and rule-based","BRP-GABLE rule-only",TRUE,"C-index",0.815801790891087,515.219999999999,NA,48,48,0,44,4,0,0,0,0.916666666666667,0.0833333333333333,1,1.08333333333333
81,"survival",3,"Mixed linear and rule-based","GABLE",TRUE,"C-index",0.793307414850764,10.9799999999996,NA,5,5,0,5,0,0,0,0,1,0,1,1
81,"survival",3,"Mixed linear and rule-based","GBM",TRUE,"C-index",0.82988582411121,0.110000000000582,NA,NA,NA,NA,NA,NA,NA,NA,NA,NA,NA,NA,NA
81,"survival",3,"Mixed linear and rule-based","Linear",TRUE,"C-index",0.816522886371149,0.0199999999986176,NA,20,0,20,20,0,0,0,0,1,0,1,1
81,"survival",3,"Mixed linear and rule-based","Random forest",TRUE,"C-index",0.820694416409968,0.579999999999927,NA,NA,NA,NA,NA,NA,NA,NA,NA,NA,NA,NA,NA
81,"survival",3,"Mixed linear and rule-based","RuleFit",TRUE,"C-index",0.833621478991695,131.33,NA,102,102,0,1,47,54,0,0,0.00980392156862745,0.46078431372549,0.470588235294118,2.51960784313725
82,"survival",3,"Mixed linear and rule-based","BRP-GABLE full",TRUE,"C-index",0.85175483784594,561.52,NA,47,36,11,35,12,0,0,0,0.74468085106383,0.25531914893617,1,1.25531914893617
82,"survival",3,"Mixed linear and rule-based","BRP-GABLE rule-only",TRUE,"C-index",0.834270488630444,557.480000000001,NA,41,41,0,29,12,0,0,0,0.707317073170732,0.292682926829268,1,1.29268292682927
82,"survival",3,"Mixed linear and rule-based","GABLE",TRUE,"C-index",0.797874229102456,11.7800000000007,NA,5,5,0,5,0,0,0,0,1,0,1,1
82,"survival",3,"Mixed linear and rule-based","GBM",TRUE,"C-index",0.83983230158938,0.0599999999994907,NA,NA,NA,NA,NA,NA,NA,NA,NA,NA,NA,NA,NA
82,"survival",3,"Mixed linear and rule-based","Linear",TRUE,"C-index",0.818124932696533,0.0300000000006548,NA,20,0,20,20,0,0,0,0,1,0,1,1
82,"survival",3,"Mixed linear and rule-based","Random forest",TRUE,"C-index",0.834606642160929,0.639999999999418,NA,NA,NA,NA,NA,NA,NA,NA,NA,NA,NA,NA,NA
82,"survival",3,"Mixed linear and rule-based","RuleFit",TRUE,"C-index",0.84146504730888,138.049999999999,NA,85,85,0,0,38,47,0,0,0,0.447058823529412,0.447058823529412,2.55294117647059
83,"survival",3,"Mixed linear and rule-based","BRP-GABLE full",TRUE,"C-index",0.846441991271268,517.35,NA,43,36,7,35,8,0,0,0,0.813953488372093,0.186046511627907,1,1.18604651162791
83,"survival",3,"Mixed linear and rule-based","BRP-GABLE rule-only",TRUE,"C-index",0.824202978038136,517.090000000002,NA,48,48,0,41,7,0,0,0,0.854166666666667,0.145833333333333,1,1.14583333333333
83,"survival",3,"Mixed linear and rule-based","GABLE",TRUE,"C-index",0.79087509043807,10.7999999999993,NA,5,5,0,4,1,0,0,0,0.8,0.2,1,1.2
83,"survival",3,"Mixed linear and rule-based","GBM",TRUE,"C-index",0.825797313697575,0.0799999999999272,NA,NA,NA,NA,NA,NA,NA,NA,NA,NA,NA,NA,NA
83,"survival",3,"Mixed linear and rule-based","Linear",TRUE,"C-index",0.821189348145728,0.0200000000004366,NA,20,0,20,20,0,0,0,0,1,0,1,1
83,"survival",3,"Mixed linear and rule-based","Random forest",TRUE,"C-index",0.821530678927346,0.649999999999636,NA,NA,NA,NA,NA,NA,NA,NA,NA,NA,NA,NA,NA
83,"survival",3,"Mixed linear and rule-based","RuleFit",TRUE,"C-index",0.840108408990128,129.02,NA,103,103,0,1,51,51,0,0,0.00970873786407767,0.495145631067961,0.504854368932039,2.48543689320388
84,"survival",3,"Mixed linear and rule-based","BRP-GABLE full",TRUE,"C-index",0.847888988686466,518.690000000001,NA,38,30,8,29,9,0,0,0,0.763157894736842,0.236842105263158,1,1.23684210526316
84,"survival",3,"Mixed linear and rule-based","BRP-GABLE rule-only",TRUE,"C-index",0.819975248900683,518.34,NA,47,47,0,37,10,0,0,0,0.787234042553192,0.212765957446809,1,1.21276595744681
84,"survival",3,"Mixed linear and rule-based","GABLE",TRUE,"C-index",0.78911683045497,11.6700000000001,NA,5,5,0,5,0,0,0,0,1,0,1,1
84,"survival",3,"Mixed linear and rule-based","GBM",TRUE,"C-index",0.833755116251174,0.100000000000364,NA,NA,NA,NA,NA,NA,NA,NA,NA,NA,NA,NA,NA
84,"survival",3,"Mixed linear and rule-based","Linear",TRUE,"C-index",0.819273090054798,0.0300000000006548,NA,20,0,20,20,0,0,0,0,1,0,1,1
84,"survival",3,"Mixed linear and rule-based","Random forest",TRUE,"C-index",0.83123904705342,0.609999999998763,NA,NA,NA,NA,NA,NA,NA,NA,NA,NA,NA,NA,NA
84,"survival",3,"Mixed linear and rule-based","RuleFit",TRUE,"C-index",0.83138825580817,132.530000000001,NA,88,88,0,0,35,53,0,0,0,0.397727272727273,0.397727272727273,2.60227272727273
85,"survival",3,"Mixed linear and rule-based","BRP-GABLE full",TRUE,"C-index",0.851255523635913,524.009999999998,NA,43,37,6,28,15,0,0,0,0.651162790697674,0.348837209302326,1,1.34883720930233
85,"survival",3,"Mixed linear and rule-based","BRP-GABLE rule-only",TRUE,"C-index",0.832390060159513,525.050000000001,NA,51,51,0,36,15,0,0,0,0.705882352941177,0.294117647058824,1,1.29411764705882
85,"survival",3,"Mixed linear and rule-based","GABLE",TRUE,"C-index",0.79039452042592,11.2799999999988,NA,5,5,0,5,0,0,0,0,1,0,1,1
85,"survival",3,"Mixed linear and rule-based","GBM",TRUE,"C-index",0.837178006623591,0.0799999999999272,NA,NA,NA,NA,NA,NA,NA,NA,NA,NA,NA,NA,NA
85,"survival",3,"Mixed linear and rule-based","Linear",TRUE,"C-index",0.841460116883158,0,NA,20,0,20,20,0,0,0,0,1,0,1,1
85,"survival",3,"Mixed linear and rule-based","Random forest",TRUE,"C-index",0.827350786273069,0.670000000000073,NA,NA,NA,NA,NA,NA,NA,NA,NA,NA,NA,NA,NA
85,"survival",3,"Mixed linear and rule-based","RuleFit",TRUE,"C-index",0.843601172012942,116.24,NA,84,84,0,0,49,35,0,0,0,0.583333333333333,0.583333333333333,2.41666666666667
86,"survival",3,"Mixed linear and rule-based","BRP-GABLE full",TRUE,"C-index",0.845801549287446,513.660000000002,NA,45,37,8,35,10,0,0,0,0.777777777777778,0.222222222222222,1,1.22222222222222
86,"survival",3,"Mixed linear and rule-based","BRP-GABLE rule-only",TRUE,"C-index",0.808050972739637,508.85,NA,34,34,0,24,10,0,0,0,0.705882352941177,0.294117647058824,1,1.29411764705882
86,"survival",3,"Mixed linear and rule-based","GABLE",TRUE,"C-index",0.800850038436521,11.4499999999989,NA,5,5,0,5,0,0,0,0,1,0,1,1
86,"survival",3,"Mixed linear and rule-based","GBM",TRUE,"C-index",0.837982673999172,0.0600000000013097,NA,NA,NA,NA,NA,NA,NA,NA,NA,NA,NA,NA,NA
86,"survival",3,"Mixed linear and rule-based","Linear",TRUE,"C-index",0.825580982792265,0.0199999999986176,NA,20,0,20,20,0,0,0,0,1,0,1,1
86,"survival",3,"Mixed linear and rule-based","Random forest",TRUE,"C-index",0.830083969014251,0.659999999999854,NA,NA,NA,NA,NA,NA,NA,NA,NA,NA,NA,NA,NA
86,"survival",3,"Mixed linear and rule-based","RuleFit",TRUE,"C-index",0.8435544911596,129.390000000001,NA,86,86,0,0,30,56,0,0,0,0.348837209302326,0.348837209302326,2.65116279069767
87,"survival",3,"Mixed linear and rule-based","BRP-GABLE full",TRUE,"C-index",0.840171465390719,523.469999999999,NA,52,45,7,43,9,0,0,0,0.826923076923077,0.173076923076923,1,1.17307692307692
87,"survival",3,"Mixed linear and rule-based","BRP-GABLE rule-only",TRUE,"C-index",0.818791986349589,558.700000000001,NA,69,69,0,56,13,0,0,0,0.811594202898551,0.188405797101449,1,1.18840579710145
87,"survival",3,"Mixed linear and rule-based","GABLE",TRUE,"C-index",0.768384502487859,10.4799999999996,NA,5,5,0,4,1,0,0,0,0.8,0.2,1,1.2
87,"survival",3,"Mixed linear and rule-based","GBM",TRUE,"C-index",0.816360805183338,0.0999999999985448,NA,NA,NA,NA,NA,NA,NA,NA,NA,NA,NA,NA,NA
87,"survival",3,"Mixed linear and rule-based","Linear",TRUE,"C-index",0.811734103356522,0.0100000000002183,NA,20,0,20,20,0,0,0,0,1,0,1,1
87,"survival",3,"Mixed linear and rule-based","Random forest",TRUE,"C-index",0.80056260216927,0.610000000000582,NA,NA,NA,NA,NA,NA,NA,NA,NA,NA,NA,NA,NA
87,"survival",3,"Mixed linear and rule-based","RuleFit",TRUE,"C-index",0.826479291705943,118.25,NA,90,90,0,0,43,47,0,0,0,0.477777777777778,0.477777777777778,2.52222222222222
88,"survival",3,"Mixed linear and rule-based","BRP-GABLE full",TRUE,"C-index",0.827910742890001,525.5,NA,48,40,8,39,9,0,0,0,0.8125,0.1875,1,1.1875
88,"survival",3,"Mixed linear and rule-based","BRP-GABLE rule-only",TRUE,"C-index",0.804221992735978,526.01,NA,43,43,0,33,10,0,0,0,0.767441860465116,0.232558139534884,1,1.23255813953488
88,"survival",3,"Mixed linear and rule-based","GABLE",TRUE,"C-index",0.774488203298734,11.6100000000006,NA,5,5,0,5,0,0,0,0,1,0,1,1
88,"survival",3,"Mixed linear and rule-based","GBM",TRUE,"C-index",0.818902592868585,0.0799999999999272,NA,NA,NA,NA,NA,NA,NA,NA,NA,NA,NA,NA,NA
88,"survival",3,"Mixed linear and rule-based","Linear",TRUE,"C-index",0.809551191405219,0.0300000000006548,NA,20,0,20,20,0,0,0,0,1,0,1,1
88,"survival",3,"Mixed linear and rule-based","Random forest",TRUE,"C-index",0.808603582723598,0.639999999999418,NA,NA,NA,NA,NA,NA,NA,NA,NA,NA,NA,NA,NA
88,"survival",3,"Mixed linear and rule-based","RuleFit",TRUE,"C-index",0.822937997641247,123.26,NA,81,81,0,0,42,39,0,0,0,0.518518518518518,0.518518518518518,2.48148148148148
89,"survival",3,"Mixed linear and rule-based","BRP-GABLE full",TRUE,"C-index",0.835267313092778,523.57,NA,37,28,9,32,5,0,0,0,0.864864864864865,0.135135135135135,1,1.13513513513514
89,"survival",3,"Mixed linear and rule-based","BRP-GABLE rule-only",TRUE,"C-index",0.801814173098548,511.049999999999,NA,45,45,0,39,6,0,0,0,0.866666666666667,0.133333333333333,1,1.13333333333333
89,"survival",3,"Mixed linear and rule-based","GABLE",TRUE,"C-index",0.780113566117381,11.3299999999999,NA,5,5,0,5,0,0,0,0,1,0,1,1
89,"survival",3,"Mixed linear and rule-based","GBM",TRUE,"C-index",0.820072178361798,0.069999999999709,NA,NA,NA,NA,NA,NA,NA,NA,NA,NA,NA,NA,NA
89,"survival",3,"Mixed linear and rule-based","Linear",TRUE,"C-index",0.805250887511259,0.0200000000004366,NA,20,0,20,20,0,0,0,0,1,0,1,1
89,"survival",3,"Mixed linear and rule-based","Random forest",TRUE,"C-index",0.808553665730585,0.659999999999854,NA,NA,NA,NA,NA,NA,NA,NA,NA,NA,NA,NA,NA
89,"survival",3,"Mixed linear and rule-based","RuleFit",TRUE,"C-index",0.824031391111347,134.530000000001,NA,72,72,0,0,18,54,0,0,0,0.25,0.25,2.75
90,"survival",3,"Mixed linear and rule-based","BRP-GABLE full",TRUE,"C-index",0.848028480719318,522.629999999999,NA,43,34,9,37,6,0,0,0,0.86046511627907,0.13953488372093,1,1.13953488372093
90,"survival",3,"Mixed linear and rule-based","BRP-GABLE rule-only",TRUE,"C-index",0.824825616425658,520.48,NA,48,48,0,42,6,0,0,0,0.875,0.125,1,1.125
90,"survival",3,"Mixed linear and rule-based","GABLE",TRUE,"C-index",0.790413827864294,11.1700000000001,NA,5,5,0,5,0,0,0,0,1,0,1,1
90,"survival",3,"Mixed linear and rule-based","GBM",TRUE,"C-index",0.831415693362996,0.0800000000017462,NA,NA,NA,NA,NA,NA,NA,NA,NA,NA,NA,NA,NA
90,"survival",3,"Mixed linear and rule-based","Linear",TRUE,"C-index",0.831873377827215,0.00999999999839929,NA,20,0,20,20,0,0,0,0,1,0,1,1
90,"survival",3,"Mixed linear and rule-based","Random forest",TRUE,"C-index",0.817018909899889,0.609999999998763,NA,NA,NA,NA,NA,NA,NA,NA,NA,NA,NA,NA,NA
90,"survival",3,"Mixed linear and rule-based","RuleFit",TRUE,"C-index",0.834510856970708,114.280000000001,NA,85,85,0,0,45,40,0,0,0,0.529411764705882,0.529411764705882,2.47058823529412
91,"survival",3,"Mixed linear and rule-based","BRP-GABLE full",TRUE,"C-index",0.837404426383135,525.269999999999,NA,38,31,7,26,12,0,0,0,0.684210526315789,0.315789473684211,1,1.31578947368421
91,"survival",3,"Mixed linear and rule-based","BRP-GABLE rule-only",TRUE,"C-index",0.82613265136321,510.759999999998,NA,53,53,0,41,12,0,0,0,0.773584905660377,0.226415094339623,1,1.22641509433962
91,"survival",3,"Mixed linear and rule-based","GABLE",TRUE,"C-index",0.784596992441692,11.2999999999993,NA,5,5,0,5,0,0,0,0,1,0,1,1
91,"survival",3,"Mixed linear and rule-based","GBM",TRUE,"C-index",0.828351389776871,0.110000000000582,NA,NA,NA,NA,NA,NA,NA,NA,NA,NA,NA,NA,NA
91,"survival",3,"Mixed linear and rule-based","Linear",TRUE,"C-index",0.801998032329354,0.0200000000004366,NA,20,0,20,20,0,0,0,0,1,0,1,1
91,"survival",3,"Mixed linear and rule-based","Random forest",TRUE,"C-index",0.816411073840198,0.590000000000146,NA,NA,NA,NA,NA,NA,NA,NA,NA,NA,NA,NA,NA
91,"survival",3,"Mixed linear and rule-based","RuleFit",TRUE,"C-index",0.831469301126594,134.620000000001,NA,91,91,0,0,41,50,0,0,0,0.450549450549451,0.450549450549451,2.54945054945055
92,"survival",3,"Mixed linear and rule-based","BRP-GABLE full",TRUE,"C-index",0.847686660956535,518.83,NA,32,24,8,26,6,0,0,0,0.8125,0.1875,1,1.1875
92,"survival",3,"Mixed linear and rule-based","BRP-GABLE rule-only",TRUE,"C-index",0.826357554297757,515.389999999999,NA,52,52,0,45,7,0,0,0,0.865384615384615,0.134615384615385,1,1.13461538461538
92,"survival",3,"Mixed linear and rule-based","GABLE",TRUE,"C-index",0.788426387870975,11.6599999999999,NA,5,5,0,5,0,0,0,0,1,0,1,1
92,"survival",3,"Mixed linear and rule-based","GBM",TRUE,"C-index",0.835627687661701,0.219999999999345,NA,NA,NA,NA,NA,NA,NA,NA,NA,NA,NA,NA,NA
92,"survival",3,"Mixed linear and rule-based","Linear",TRUE,"C-index",0.825761522544717,0.0100000000002183,NA,20,0,20,20,0,0,0,0,1,0,1,1
92,"survival",3,"Mixed linear and rule-based","Random forest",TRUE,"C-index",0.820860817019724,0.640000000001237,NA,NA,NA,NA,NA,NA,NA,NA,NA,NA,NA,NA,NA
92,"survival",3,"Mixed linear and rule-based","RuleFit",TRUE,"C-index",0.836978692968591,138.01,NA,70,70,0,0,27,43,0,0,0,0.385714285714286,0.385714285714286,2.61428571428571
93,"survival",3,"Mixed linear and rule-based","BRP-GABLE full",TRUE,"C-index",0.853547283779739,510.380000000001,NA,29,22,7,20,9,0,0,0,0.689655172413793,0.310344827586207,1,1.31034482758621
93,"survival",3,"Mixed linear and rule-based","BRP-GABLE rule-only",TRUE,"C-index",0.821500656492758,598.98,NA,35,35,0,25,10,0,0,0,0.714285714285714,0.285714285714286,1,1.28571428571429
93,"survival",3,"Mixed linear and rule-based","GABLE",TRUE,"C-index",0.799977178355597,11.4599999999991,NA,5,5,0,3,2,0,0,0,0.6,0.4,1,1.4
93,"survival",3,"Mixed linear and rule-based","GBM",TRUE,"C-index",0.842237232475496,0.0799999999999272,NA,NA,NA,NA,NA,NA,NA,NA,NA,NA,NA,NA,NA
93,"survival",3,"Mixed linear and rule-based","Linear",TRUE,"C-index",0.82557743206115,0.0300000000006548,NA,20,0,20,20,0,0,0,0,1,0,1,1
93,"survival",3,"Mixed linear and rule-based","Random forest",TRUE,"C-index",0.833926597292819,0.649999999999636,NA,NA,NA,NA,NA,NA,NA,NA,NA,NA,NA,NA,NA
93,"survival",3,"Mixed linear and rule-based","RuleFit",TRUE,"C-index",0.853062694317411,130.5,NA,70,70,0,0,27,43,0,0,0,0.385714285714286,0.385714285714286,2.61428571428571
94,"survival",3,"Mixed linear and rule-based","BRP-GABLE full",TRUE,"C-index",0.830509420877558,518.48,NA,40,34,6,23,17,0,0,0,0.575,0.425,1,1.425
94,"survival",3,"Mixed linear and rule-based","BRP-GABLE rule-only",TRUE,"C-index",0.80597429387496,527.699999999999,NA,50,50,0,32,18,0,0,0,0.64,0.36,1,1.36
94,"survival",3,"Mixed linear and rule-based","GABLE",TRUE,"C-index",0.760544859362695,11.25,NA,5,5,0,5,0,0,0,0,1,0,1,1
94,"survival",3,"Mixed linear and rule-based","GBM",TRUE,"C-index",0.821350071112051,0.0799999999999272,NA,NA,NA,NA,NA,NA,NA,NA,NA,NA,NA,NA,NA
94,"survival",3,"Mixed linear and rule-based","Linear",TRUE,"C-index",0.813850982051553,0.0300000000006548,NA,20,0,20,20,0,0,0,0,1,0,1,1
94,"survival",3,"Mixed linear and rule-based","Random forest",TRUE,"C-index",0.809178743961353,0.579999999999927,NA,NA,NA,NA,NA,NA,NA,NA,NA,NA,NA,NA,NA
94,"survival",3,"Mixed linear and rule-based","RuleFit",TRUE,"C-index",0.828255580239078,119.25,NA,88,88,0,0,28,60,0,0,0,0.318181818181818,0.318181818181818,2.68181818181818
95,"survival",3,"Mixed linear and rule-based","BRP-GABLE full",TRUE,"C-index",0.839145861701622,513.929999999998,NA,47,40,7,34,13,0,0,0,0.723404255319149,0.276595744680851,1,1.27659574468085
95,"survival",3,"Mixed linear and rule-based","BRP-GABLE rule-only",TRUE,"C-index",0.825564033809874,513.890000000001,NA,63,63,0,46,17,0,0,0,0.73015873015873,0.26984126984127,1,1.26984126984127
95,"survival",3,"Mixed linear and rule-based","GABLE",TRUE,"C-index",0.781625457504187,9.96999999999935,NA,5,5,0,4,1,0,0,0,0.8,0.2,1,1.2
95,"survival",3,"Mixed linear and rule-based","GBM",TRUE,"C-index",0.817946187162202,0.0599999999994907,NA,NA,NA,NA,NA,NA,NA,NA,NA,NA,NA,NA,NA
95,"survival",3,"Mixed linear and rule-based","Linear",TRUE,"C-index",0.828171353317657,0.0200000000004366,NA,20,0,20,20,0,0,0,0,1,0,1,1
95,"survival",3,"Mixed linear and rule-based","Random forest",TRUE,"C-index",0.812038126979955,0.640000000001237,NA,NA,NA,NA,NA,NA,NA,NA,NA,NA,NA,NA,NA
95,"survival",3,"Mixed linear and rule-based","RuleFit",TRUE,"C-index",0.831772669699452,122.559999999999,NA,89,89,0,0,43,46,0,0,0,0.48314606741573,0.48314606741573,2.51685393258427
96,"survival",3,"Mixed linear and rule-based","BRP-GABLE full",TRUE,"C-index",0.845867143275273,514.769999999999,NA,41,35,6,35,6,0,0,0,0.853658536585366,0.146341463414634,1,1.14634146341463
96,"survival",3,"Mixed linear and rule-based","BRP-GABLE rule-only",TRUE,"C-index",0.81449317781279,509.01,NA,38,38,0,31,7,0,0,0,0.815789473684211,0.184210526315789,1,1.18421052631579
96,"survival",3,"Mixed linear and rule-based","GABLE",TRUE,"C-index",0.789480567197454,11.5200000000004,NA,5,5,0,5,0,0,0,0,1,0,1,1
96,"survival",3,"Mixed linear and rule-based","GBM",TRUE,"C-index",0.823951139314605,0.110000000000582,NA,NA,NA,NA,NA,NA,NA,NA,NA,NA,NA,NA,NA
96,"survival",3,"Mixed linear and rule-based","Linear",TRUE,"C-index",0.827138044202542,0.00999999999839929,NA,20,0,20,20,0,0,0,0,1,0,1,1
96,"survival",3,"Mixed linear and rule-based","Random forest",TRUE,"C-index",0.824058563074873,0.940000000000509,NA,NA,NA,NA,NA,NA,NA,NA,NA,NA,NA,NA,NA
96,"survival",3,"Mixed linear and rule-based","RuleFit",TRUE,"C-index",0.829738010574234,124.73,NA,87,87,0,0,42,45,0,0,0,0.482758620689655,0.482758620689655,2.51724137931034
97,"survival",3,"Mixed linear and rule-based","BRP-GABLE full",TRUE,"C-index",0.847920173457505,523.76,NA,40,33,7,30,10,0,0,0,0.75,0.25,1,1.25
97,"survival",3,"Mixed linear and rule-based","BRP-GABLE rule-only",TRUE,"C-index",0.830319255418432,514,NA,50,50,0,37,13,0,0,0,0.74,0.26,1,1.26
97,"survival",3,"Mixed linear and rule-based","GABLE",TRUE,"C-index",0.792792716589271,10.9600000000009,NA,5,5,0,5,0,0,0,0,1,0,1,1
97,"survival",3,"Mixed linear and rule-based","GBM",TRUE,"C-index",0.835493093560475,0.069999999999709,NA,NA,NA,NA,NA,NA,NA,NA,NA,NA,NA,NA,NA
97,"survival",3,"Mixed linear and rule-based","Linear",TRUE,"C-index",0.823697588455715,0.0100000000002183,NA,20,0,20,20,0,0,0,0,1,0,1,1
97,"survival",3,"Mixed linear and rule-based","Random forest",TRUE,"C-index",0.828022747970643,0.649999999999636,NA,NA,NA,NA,NA,NA,NA,NA,NA,NA,NA,NA,NA
97,"survival",3,"Mixed linear and rule-based","RuleFit",TRUE,"C-index",0.840091747516699,123.389999999999,NA,89,89,0,0,37,52,0,0,0,0.415730337078652,0.415730337078652,2.58426966292135
98,"survival",3,"Mixed linear and rule-based","BRP-GABLE full",TRUE,"C-index",0.841960681060207,554.410000000002,NA,39,32,7,28,11,0,0,0,0.717948717948718,0.282051282051282,1,1.28205128205128
98,"survival",3,"Mixed linear and rule-based","BRP-GABLE rule-only",TRUE,"C-index",0.815540342870517,553.17,NA,45,45,0,35,10,0,0,0,0.777777777777778,0.222222222222222,1,1.22222222222222
98,"survival",3,"Mixed linear and rule-based","GABLE",TRUE,"C-index",0.781709671757065,11.4500000000007,NA,5,5,0,4,1,0,0,0,0.8,0.2,1,1.2
98,"survival",3,"Mixed linear and rule-based","GBM",TRUE,"C-index",0.821695629278568,0.0799999999999272,NA,NA,NA,NA,NA,NA,NA,NA,NA,NA,NA,NA,NA
98,"survival",3,"Mixed linear and rule-based","Linear",TRUE,"C-index",0.81953367269323,0.0100000000002183,NA,20,0,20,20,0,0,0,0,1,0,1,1
98,"survival",3,"Mixed linear and rule-based","Random forest",TRUE,"C-index",0.813349131121643,0.639999999999418,NA,NA,NA,NA,NA,NA,NA,NA,NA,NA,NA,NA,NA
98,"survival",3,"Mixed linear and rule-based","RuleFit",TRUE,"C-index",0.829035749809842,123.41,NA,87,87,0,1,35,51,0,0,0.0114942528735632,0.402298850574713,0.413793103448276,2.57471264367816
99,"survival",3,"Mixed linear and rule-based","BRP-GABLE full",TRUE,"C-index",0.84389985518108,492.590000000002,NA,37,28,9,27,10,0,0,0,0.72972972972973,0.27027027027027,1,1.27027027027027
99,"survival",3,"Mixed linear and rule-based","BRP-GABLE rule-only",TRUE,"C-index",0.824647954784941,492.92,NA,48,48,0,37,11,0,0,0,0.770833333333333,0.229166666666667,1,1.22916666666667
99,"survival",3,"Mixed linear and rule-based","GABLE",TRUE,"C-index",0.79915249939424,8.59000000000015,NA,5,5,0,4,1,0,0,0,0.8,0.2,1,1.2
99,"survival",3,"Mixed linear and rule-based","GBM",TRUE,"C-index",0.835954537002079,0.0599999999994907,NA,NA,NA,NA,NA,NA,NA,NA,NA,NA,NA,NA,NA
99,"survival",3,"Mixed linear and rule-based","Linear",TRUE,"C-index",0.815254447405938,0.0300000000006548,NA,20,0,20,20,0,0,0,0,1,0,1,1
99,"survival",3,"Mixed linear and rule-based","Random forest",TRUE,"C-index",0.830094160472887,0.579999999999927,NA,NA,NA,NA,NA,NA,NA,NA,NA,NA,NA,NA,NA
99,"survival",3,"Mixed linear and rule-based","RuleFit",TRUE,"C-index",0.836492677346827,107.83,NA,66,66,0,0,33,33,0,0,0,0.5,0.5,2.5
100,"survival",3,"Mixed linear and rule-based","BRP-GABLE full",TRUE,"C-index",0.847322387601657,402.82,NA,43,33,10,37,6,0,0,0,0.86046511627907,0.13953488372093,1,1.13953488372093
100,"survival",3,"Mixed linear and rule-based","BRP-GABLE rule-only",TRUE,"C-index",0.829727871484048,446.220000000001,NA,58,58,0,50,8,0,0,0,0.862068965517241,0.137931034482759,1,1.13793103448276
100,"survival",3,"Mixed linear and rule-based","GABLE",TRUE,"C-index",0.806296549851867,5.88999999999942,NA,5,5,0,5,0,0,0,0,1,0,1,1
100,"survival",3,"Mixed linear and rule-based","GBM",TRUE,"C-index",0.842096410571169,0.0500000000010914,NA,NA,NA,NA,NA,NA,NA,NA,NA,NA,NA,NA,NA
100,"survival",3,"Mixed linear and rule-based","Linear",TRUE,"C-index",0.829496228798055,0,NA,20,0,20,20,0,0,0,0,1,0,1,1
100,"survival",3,"Mixed linear and rule-based","Random forest",TRUE,"C-index",0.828068011472952,0.420000000000073,NA,NA,NA,NA,NA,NA,NA,NA,NA,NA,NA,NA,NA
100,"survival",3,"Mixed linear and rule-based","RuleFit",TRUE,"C-index",0.846664345321703,66.8899999999994,NA,104,104,0,0,40,64,0,0,0,0.384615384615385,0.384615384615385,2.61538461538462
1,"survival",4,"Smooth nonlinear misspecified","BRP-GABLE full",TRUE,"C-index",0.82798942928712,613.75,NA,64,61,3,40,24,0,0,0,0.625,0.375,1,1.375
1,"survival",4,"Smooth nonlinear misspecified","BRP-GABLE rule-only",TRUE,"C-index",0.82801124114037,611.66,NA,62,62,0,39,23,0,0,0,0.629032258064516,0.370967741935484,1,1.37096774193548
1,"survival",4,"Smooth nonlinear misspecified","GABLE",TRUE,"C-index",0.711965293897503,13.67,NA,5,5,0,5,0,0,0,0,1,0,1,1
1,"survival",4,"Smooth nonlinear misspecified","GBM",TRUE,"C-index",0.822457254507592,0.0800000000000409,NA,NA,NA,NA,NA,NA,NA,NA,NA,NA,NA,NA,NA
1,"survival",4,"Smooth nonlinear misspecified","Linear",TRUE,"C-index",0.661147119802178,0.00999999999999091,NA,20,0,20,20,0,0,0,0,1,0,1,1
1,"survival",4,"Smooth nonlinear misspecified","Random forest",TRUE,"C-index",0.795965036747233,1.25,NA,NA,NA,NA,NA,NA,NA,NA,NA,NA,NA,NA,NA
1,"survival",4,"Smooth nonlinear misspecified","RuleFit",TRUE,"C-index",0.771893934697607,32.24,NA,25,25,0,6,14,5,0,0,0.24,0.56,0.8,1.96
2,"survival",4,"Smooth nonlinear misspecified","BRP-GABLE full",TRUE,"C-index",0.830160491919206,607.35,NA,75,72,3,55,20,0,0,0,0.733333333333333,0.266666666666667,1,1.26666666666667
2,"survival",4,"Smooth nonlinear misspecified","BRP-GABLE rule-only",TRUE,"C-index",0.82924259241047,604.62,NA,76,76,0,57,19,0,0,0,0.75,0.25,1,1.25
2,"survival",4,"Smooth nonlinear misspecified","GABLE",TRUE,"C-index",0.718684874795697,13.62,NA,5,5,0,4,1,0,0,0,0.8,0.2,1,1.2
2,"survival",4,"Smooth nonlinear misspecified","GBM",TRUE,"C-index",0.822331417920583,0.100000000000023,NA,NA,NA,NA,NA,NA,NA,NA,NA,NA,NA,NA,NA
2,"survival",4,"Smooth nonlinear misspecified","Linear",TRUE,"C-index",0.654256290655689,0.00999999999999091,NA,20,0,20,20,0,0,0,0,1,0,1,1
2,"survival",4,"Smooth nonlinear misspecified","Random forest",TRUE,"C-index",0.804110410198051,1.02999999999997,NA,NA,NA,NA,NA,NA,NA,NA,NA,NA,NA,NA,NA
2,"survival",4,"Smooth nonlinear misspecified","RuleFit",TRUE,"C-index",0.788988484107694,27.9100000000001,NA,18,18,0,9,7,2,0,0,0.5,0.388888888888889,0.888888888888889,1.61111111111111
3,"survival",4,"Smooth nonlinear misspecified","BRP-GABLE full",TRUE,"C-index",0.822358887521719,624.92,NA,56,54,2,39,17,0,0,0,0.696428571428571,0.303571428571429,1,1.30357142857143
3,"survival",4,"Smooth nonlinear misspecified","BRP-GABLE rule-only",TRUE,"C-index",0.812651335239101,620.28,NA,61,61,0,45,16,0,0,0,0.737704918032787,0.262295081967213,1,1.26229508196721
3,"survival",4,"Smooth nonlinear misspecified","GABLE",TRUE,"C-index",0.723253931517969,13.4299999999999,NA,5,5,0,5,0,0,0,0,1,0,1,1
3,"survival",4,"Smooth nonlinear misspecified","GBM",TRUE,"C-index",0.818759405754054,0.240000000000009,NA,NA,NA,NA,NA,NA,NA,NA,NA,NA,NA,NA,NA
3,"survival",4,"Smooth nonlinear misspecified","Linear",TRUE,"C-index",0.666700781302698,0.0299999999999727,NA,20,0,20,20,0,0,0,0,1,0,1,1
3,"survival",4,"Smooth nonlinear misspecified","Random forest",TRUE,"C-index",0.793723527236273,0.970000000000027,NA,NA,NA,NA,NA,NA,NA,NA,NA,NA,NA,NA,NA
3,"survival",4,"Smooth nonlinear misspecified","RuleFit",TRUE,"C-index",0.735337490666933,27.8900000000001,NA,20,20,0,2,15,3,0,0,0.1,0.75,0.85,2.05
4,"survival",4,"Smooth nonlinear misspecified","BRP-GABLE full",TRUE,"C-index",0.817535107169253,612.39,NA,50,49,1,29,21,0,0,0,0.58,0.42,1,1.42
4,"survival",4,"Smooth nonlinear misspecified","BRP-GABLE rule-only",TRUE,"C-index",0.817372274575018,605.71,NA,48,48,0,27,21,0,0,0,0.5625,0.4375,1,1.4375
4,"survival",4,"Smooth nonlinear misspecified","GABLE",TRUE,"C-index",0.724302475979305,12.9400000000001,NA,5,5,0,3,2,0,0,0,0.6,0.4,1,1.4
4,"survival",4,"Smooth nonlinear misspecified","GBM",TRUE,"C-index",0.817378048780488,0.110000000000014,NA,NA,NA,NA,NA,NA,NA,NA,NA,NA,NA,NA,NA
4,"survival",4,"Smooth nonlinear misspecified","Linear",TRUE,"C-index",0.669288155949741,0.0900000000000318,NA,20,0,20,20,0,0,0,0,1,0,1,1
4,"survival",4,"Smooth nonlinear misspecified","Random forest",TRUE,"C-index",0.807575757575758,1.29999999999995,NA,NA,NA,NA,NA,NA,NA,NA,NA,NA,NA,NA,NA
4,"survival",4,"Smooth nonlinear misspecified","RuleFit",TRUE,"C-index",0.733795269770879,26.42,NA,10,10,0,2,6,2,0,0,0.2,0.6,0.8,2
5,"survival",4,"Smooth nonlinear misspecified","BRP-GABLE full",TRUE,"C-index",0.816248969885862,616.11,NA,74,73,1,55,19,0,0,0,0.743243243243243,0.256756756756757,1,1.25675675675676
5,"survival",4,"Smooth nonlinear misspecified","BRP-GABLE rule-only",TRUE,"C-index",0.815264326726381,611.75,NA,79,79,0,60,19,0,0,0,0.759493670886076,0.240506329113924,1,1.24050632911392
5,"survival",4,"Smooth nonlinear misspecified","GABLE",TRUE,"C-index",0.703063284374375,13.1700000000001,NA,5,5,0,5,0,0,0,0,1,0,1,1
5,"survival",4,"Smooth nonlinear misspecified","GBM",TRUE,"C-index",0.800258903891193,0.210000000000036,NA,NA,NA,NA,NA,NA,NA,NA,NA,NA,NA,NA,NA
5,"survival",4,"Smooth nonlinear misspecified","Linear",TRUE,"C-index",0.658754342197742,0.0299999999999727,NA,20,0,20,20,0,0,0,0,1,0,1,1
5,"survival",4,"Smooth nonlinear misspecified","Random forest",TRUE,"C-index",0.789012415261183,1.28999999999996,NA,NA,NA,NA,NA,NA,NA,NA,NA,NA,NA,NA,NA
5,"survival",4,"Smooth nonlinear misspecified","RuleFit",TRUE,"C-index",0.688496852959206,30.14,NA,21,21,0,1,13,7,0,0,0.0476190476190476,0.619047619047619,0.666666666666667,2.28571428571429
6,"survival",4,"Smooth nonlinear misspecified","BRP-GABLE full",TRUE,"C-index",0.827888621423942,545.97,NA,78,76,2,61,17,0,0,0,0.782051282051282,0.217948717948718,1,1.21794871794872
6,"survival",4,"Smooth nonlinear misspecified","BRP-GABLE rule-only",TRUE,"C-index",0.826313535783724,541.04,NA,80,80,0,61,19,0,0,0,0.7625,0.2375,1,1.2375
6,"survival",4,"Smooth nonlinear misspecified","GABLE",TRUE,"C-index",0.726796129987964,11.3600000000001,NA,5,5,0,4,1,0,0,0,0.8,0.2,1,1.2
6,"survival",4,"Smooth nonlinear misspecified","GBM",TRUE,"C-index",0.813157346541987,0.1099999999999,NA,NA,NA,NA,NA,NA,NA,NA,NA,NA,NA,NA,NA
6,"survival",4,"Smooth nonlinear misspecified","Linear",TRUE,"C-index",0.661253587630775,0.0399999999999636,NA,20,0,20,20,0,0,0,0,1,0,1,1
6,"survival",4,"Smooth nonlinear misspecified","Random forest",TRUE,"C-index",0.793067771502639,0.769999999999982,NA,NA,NA,NA,NA,NA,NA,NA,NA,NA,NA,NA,NA
6,"survival",4,"Smooth nonlinear misspecified","RuleFit",TRUE,"C-index",0.723365892047033,24.53,NA,17,17,0,4,10,3,0,0,0.235294117647059,0.588235294117647,0.823529411764706,1.94117647058824
7,"survival",4,"Smooth nonlinear misspecified","BRP-GABLE full",TRUE,"C-index",0.81382901811938,613.98,NA,63,61,2,51,12,0,0,0,0.80952380952381,0.19047619047619,1,1.19047619047619
7,"survival",4,"Smooth nonlinear misspecified","BRP-GABLE rule-only",TRUE,"C-index",0.81127377886223,571.45,NA,63,63,0,49,14,0,0,0,0.777777777777778,0.222222222222222,1,1.22222222222222
7,"survival",4,"Smooth nonlinear misspecified","GABLE",TRUE,"C-index",0.729343454882292,14.1600000000001,NA,5,5,0,5,0,0,0,0,1,0,1,1
7,"survival",4,"Smooth nonlinear misspecified","GBM",TRUE,"C-index",0.813021327549591,0.0899999999999181,NA,NA,NA,NA,NA,NA,NA,NA,NA,NA,NA,NA,NA
7,"survival",4,"Smooth nonlinear misspecified","Linear",TRUE,"C-index",0.656477339478559,0.0499999999999545,NA,20,0,20,20,0,0,0,0,1,0,1,1
7,"survival",4,"Smooth nonlinear misspecified","Random forest",TRUE,"C-index",0.789252632054584,1,NA,NA,NA,NA,NA,NA,NA,NA,NA,NA,NA,NA,NA
7,"survival",4,"Smooth nonlinear misspecified","RuleFit",TRUE,"C-index",0.702895260042474,39.01,NA,17,17,0,1,11,5,0,0,0.0588235294117647,0.647058823529412,0.705882352941177,2.23529411764706
8,"survival",4,"Smooth nonlinear misspecified","BRP-GABLE full",TRUE,"C-index",0.828400081411377,597.05,NA,75,71,4,58,17,0,0,0,0.773333333333333,0.226666666666667,1,1.22666666666667
8,"survival",4,"Smooth nonlinear misspecified","BRP-GABLE rule-only",TRUE,"C-index",0.828557353390136,603.35,NA,71,71,0,55,16,0,0,0,0.774647887323944,0.225352112676056,1,1.22535211267606
8,"survival",4,"Smooth nonlinear misspecified","GABLE",TRUE,"C-index",0.734440481807333,14.1600000000001,NA,5,5,0,4,1,0,0,0,0.8,0.2,1,1.2
8,"survival",4,"Smooth nonlinear misspecified","GBM",TRUE,"C-index",0.815088627385677,0.110000000000127,NA,NA,NA,NA,NA,NA,NA,NA,NA,NA,NA,NA,NA
8,"survival",4,"Smooth nonlinear misspecified","Linear",TRUE,"C-index",0.668058986243327,0.0299999999999727,NA,20,0,20,20,0,0,0,0,1,0,1,1
8,"survival",4,"Smooth nonlinear misspecified","Random forest",TRUE,"C-index",0.798603979906192,0.829999999999927,NA,NA,NA,NA,NA,NA,NA,NA,NA,NA,NA,NA,NA
8,"survival",4,"Smooth nonlinear misspecified","RuleFit",TRUE,"C-index",0.74116501531089,33.55,NA,17,17,0,0,10,7,0,0,0,0.588235294117647,0.588235294117647,2.41176470588235
9,"survival",4,"Smooth nonlinear misspecified","BRP-GABLE full",TRUE,"C-index",0.830100140635049,1126.21,NA,78,70,8,54,24,0,0,0,0.692307692307692,0.307692307692308,1,1.30769230769231
9,"survival",4,"Smooth nonlinear misspecified","BRP-GABLE rule-only",TRUE,"C-index",0.828193204759448,993.16,NA,73,73,0,49,24,0,0,0,0.671232876712329,0.328767123287671,1,1.32876712328767
9,"survival",4,"Smooth nonlinear misspecified","GABLE",TRUE,"C-index",0.741600177148336,12.2,NA,5,5,0,4,1,0,0,0,0.8,0.2,1,1.2
9,"survival",4,"Smooth nonlinear misspecified","GBM",TRUE,"C-index",0.82181633580917,0.0800000000001546,NA,NA,NA,NA,NA,NA,NA,NA,NA,NA,NA,NA,NA
9,"survival",4,"Smooth nonlinear misspecified","Linear",TRUE,"C-index",0.681389766385632,0.0299999999999727,NA,20,0,20,20,0,0,0,0,1,0,1,1
9,"survival",4,"Smooth nonlinear misspecified","Random forest",TRUE,"C-index",0.810034322490065,0.8599999999999,NA,NA,NA,NA,NA,NA,NA,NA,NA,NA,NA,NA,NA
9,"survival",4,"Smooth nonlinear misspecified","RuleFit",TRUE,"C-index",0.786409047757024,60.77,NA,24,24,0,9,11,4,0,0,0.375,0.458333333333333,0.833333333333333,1.79166666666667
10,"survival",4,"Smooth nonlinear misspecified","BRP-GABLE full",TRUE,"C-index",0.82149332658955,649.39,NA,67,66,1,45,22,0,0,0,0.671641791044776,0.328358208955224,1,1.32835820895522
10,"survival",4,"Smooth nonlinear misspecified","BRP-GABLE rule-only",TRUE,"C-index",0.816259367725125,641.6,NA,67,67,0,46,21,0,0,0,0.686567164179104,0.313432835820896,1,1.3134328358209
10,"survival",4,"Smooth nonlinear misspecified","GABLE",TRUE,"C-index",0.708456298249853,14.29,NA,5,5,0,5,0,0,0,0,1,0,1,1
10,"survival",4,"Smooth nonlinear misspecified","GBM",TRUE,"C-index",0.813718030062523,0.0800000000001546,NA,NA,NA,NA,NA,NA,NA,NA,NA,NA,NA,NA,NA
10,"survival",4,"Smooth nonlinear misspecified","Linear",TRUE,"C-index",0.660479094647046,0.0499999999999545,NA,20,0,20,20,0,0,0,0,1,0,1,1
10,"survival",4,"Smooth nonlinear misspecified","Random forest",TRUE,"C-index",0.79264220088196,0.829999999999927,NA,NA,NA,NA,NA,NA,NA,NA,NA,NA,NA,NA,NA
10,"survival",4,"Smooth nonlinear misspecified","RuleFit",TRUE,"C-index",0.708905632940975,34.6700000000001,NA,11,11,0,0,9,2,0,0,0,0.818181818181818,0.818181818181818,2.18181818181818
11,"survival",4,"Smooth nonlinear misspecified","BRP-GABLE full",TRUE,"C-index",0.817656188744736,655.06,NA,68,66,2,54,14,0,0,0,0.794117647058823,0.205882352941176,1,1.20588235294118
11,"survival",4,"Smooth nonlinear misspecified","BRP-GABLE rule-only",TRUE,"C-index",0.817274471728869,605.48,NA,74,74,0,59,15,0,0,0,0.797297297297297,0.202702702702703,1,1.2027027027027
11,"survival",4,"Smooth nonlinear misspecified","GABLE",TRUE,"C-index",0.702118586752929,12.0599999999999,NA,5,5,0,4,1,0,0,0,0.8,0.2,1,1.2
11,"survival",4,"Smooth nonlinear misspecified","GBM",TRUE,"C-index",0.814002939106392,0.0999999999999091,NA,NA,NA,NA,NA,NA,NA,NA,NA,NA,NA,NA,NA
11,"survival",4,"Smooth nonlinear misspecified","Linear",TRUE,"C-index",0.662745565548721,0.00999999999999091,NA,20,0,20,20,0,0,0,0,1,0,1,1
11,"survival",4,"Smooth nonlinear misspecified","Random forest",TRUE,"C-index",0.800945466050112,0.75,NA,NA,NA,NA,NA,NA,NA,NA,NA,NA,NA,NA,NA
11,"survival",4,"Smooth nonlinear misspecified","RuleFit",TRUE,"C-index",0.714077906952752,27.3599999999999,NA,13,13,0,2,7,4,0,0,0.153846153846154,0.538461538461538,0.692307692307692,2.15384615384615
12,"survival",4,"Smooth nonlinear misspecified","BRP-GABLE full",TRUE,"C-index",0.810552223761547,1071.27,NA,64,63,1,35,29,0,0,0,0.546875,0.453125,1,1.453125
12,"survival",4,"Smooth nonlinear misspecified","BRP-GABLE rule-only",TRUE,"C-index",0.810140288216802,1074.47,NA,64,64,0,34,30,0,0,0,0.53125,0.46875,1,1.46875
12,"survival",4,"Smooth nonlinear misspecified","GABLE",TRUE,"C-index",0.693401436941643,12.0999999999999,NA,5,5,0,3,2,0,0,0,0.6,0.4,1,1.4
12,"survival",4,"Smooth nonlinear misspecified","GBM",TRUE,"C-index",0.803812820170574,0.0899999999996908,NA,NA,NA,NA,NA,NA,NA,NA,NA,NA,NA,NA,NA
12,"survival",4,"Smooth nonlinear misspecified","Linear",TRUE,"C-index",0.651451900196532,0.0300000000002001,NA,20,0,20,20,0,0,0,0,1,0,1,1
12,"survival",4,"Smooth nonlinear misspecified","Random forest",TRUE,"C-index",0.786244574647784,0.7800000000002,NA,NA,NA,NA,NA,NA,NA,NA,NA,NA,NA,NA,NA
12,"survival",4,"Smooth nonlinear misspecified","RuleFit",TRUE,"C-index",0.755584143012975,28.4000000000001,NA,16,16,0,1,9,6,0,0,0.0625,0.5625,0.625,2.3125
13,"survival",4,"Smooth nonlinear misspecified","BRP-GABLE full",TRUE,"C-index",0.817512082312049,585.47,NA,72,69,3,55,17,0,0,0,0.763888888888889,0.236111111111111,1,1.23611111111111
13,"survival",4,"Smooth nonlinear misspecified","BRP-GABLE rule-only",TRUE,"C-index",0.810376940440087,578.19,NA,67,67,0,49,18,0,0,0,0.73134328358209,0.26865671641791,1,1.26865671641791
13,"survival",4,"Smooth nonlinear misspecified","GABLE",TRUE,"C-index",0.729261582632859,12.8400000000001,NA,5,5,0,5,0,0,0,0,1,0,1,1
13,"survival",4,"Smooth nonlinear misspecified","GBM",TRUE,"C-index",0.810843153818103,0.170000000000073,NA,NA,NA,NA,NA,NA,NA,NA,NA,NA,NA,NA,NA
13,"survival",4,"Smooth nonlinear misspecified","Linear",TRUE,"C-index",0.65923725644967,0.0299999999997453,NA,20,0,20,20,0,0,0,0,1,0,1,1
13,"survival",4,"Smooth nonlinear misspecified","Random forest",TRUE,"C-index",0.795941635624241,0.769999999999982,NA,NA,NA,NA,NA,NA,NA,NA,NA,NA,NA,NA,NA
13,"survival",4,"Smooth nonlinear misspecified","RuleFit",TRUE,"C-index",0.765596222286846,26.3099999999999,NA,16,16,0,4,7,5,0,0,0.25,0.4375,0.6875,2.0625
14,"survival",4,"Smooth nonlinear misspecified","BRP-GABLE full",TRUE,"C-index",0.827696624763801,578.71,NA,85,83,2,62,23,0,0,0,0.729411764705882,0.270588235294118,1,1.27058823529412
14,"survival",4,"Smooth nonlinear misspecified","BRP-GABLE rule-only",TRUE,"C-index",0.827466932189774,573.5,NA,88,88,0,63,25,0,0,0,0.715909090909091,0.284090909090909,1,1.28409090909091
14,"survival",4,"Smooth nonlinear misspecified","GABLE",TRUE,"C-index",0.738707158940472,12.0800000000004,NA,5,5,0,5,0,0,0,0,1,0,1,1
14,"survival",4,"Smooth nonlinear misspecified","GBM",TRUE,"C-index",0.819976464997341,0.0799999999999272,NA,NA,NA,NA,NA,NA,NA,NA,NA,NA,NA,NA,NA
14,"survival",4,"Smooth nonlinear misspecified","Linear",TRUE,"C-index",0.649482343090553,0.0100000000002183,NA,20,0,20,20,0,0,0,0,1,0,1,1
14,"survival",4,"Smooth nonlinear misspecified","Random forest",TRUE,"C-index",0.80389459034386,0.7199999999998,NA,NA,NA,NA,NA,NA,NA,NA,NA,NA,NA,NA,NA
14,"survival",4,"Smooth nonlinear misspecified","RuleFit",TRUE,"C-index",0.670823385645911,22.3099999999999,NA,10,10,0,0,9,1,0,0,0,0.9,0.9,2.1
15,"survival",4,"Smooth nonlinear misspecified","BRP-GABLE full",TRUE,"C-index",0.818228297353313,558.37,NA,75,73,2,52,23,0,0,0,0.693333333333333,0.306666666666667,1,1.30666666666667
15,"survival",4,"Smooth nonlinear misspecified","BRP-GABLE rule-only",TRUE,"C-index",0.817894710295116,554.98,NA,77,77,0,55,22,0,0,0,0.714285714285714,0.285714285714286,1,1.28571428571429
15,"survival",4,"Smooth nonlinear misspecified","GABLE",TRUE,"C-index",0.721123512041232,12.3099999999999,NA,5,5,0,5,0,0,0,0,1,0,1,1
15,"survival",4,"Smooth nonlinear misspecified","GBM",TRUE,"C-index",0.808890152418334,0.0899999999996908,NA,NA,NA,NA,NA,NA,NA,NA,NA,NA,NA,NA,NA
15,"survival",4,"Smooth nonlinear misspecified","Linear",TRUE,"C-index",0.647853579354744,0.0199999999999818,NA,20,0,20,20,0,0,0,0,1,0,1,1
15,"survival",4,"Smooth nonlinear misspecified","Random forest",TRUE,"C-index",0.79409768712973,0.690000000000055,NA,NA,NA,NA,NA,NA,NA,NA,NA,NA,NA,NA,NA
15,"survival",4,"Smooth nonlinear misspecified","RuleFit",TRUE,"C-index",0.669017442820198,23.0300000000002,NA,6,6,0,0,5,1,0,0,0,0.833333333333333,0.833333333333333,2.16666666666667
16,"survival",4,"Smooth nonlinear misspecified","BRP-GABLE full",TRUE,"C-index",0.819141159405013,557.75,NA,75,74,1,52,23,0,0,0,0.693333333333333,0.306666666666667,1,1.30666666666667
16,"survival",4,"Smooth nonlinear misspecified","BRP-GABLE rule-only",TRUE,"C-index",0.814824957204632,552.42,NA,70,70,0,49,21,0,0,0,0.7,0.3,1,1.3
16,"survival",4,"Smooth nonlinear misspecified","GABLE",TRUE,"C-index",0.7158020894681,12.3200000000002,NA,5,5,0,5,0,0,0,0,1,0,1,1
16,"survival",4,"Smooth nonlinear misspecified","GBM",TRUE,"C-index",0.803397963696695,0.130000000000109,NA,NA,NA,NA,NA,NA,NA,NA,NA,NA,NA,NA,NA
16,"survival",4,"Smooth nonlinear misspecified","Linear",TRUE,"C-index",0.6563010594002,0.00999999999976353,NA,20,0,20,20,0,0,0,0,1,0,1,1
16,"survival",4,"Smooth nonlinear misspecified","Random forest",TRUE,"C-index",0.784153224605217,0.690000000000055,NA,NA,NA,NA,NA,NA,NA,NA,NA,NA,NA,NA,NA
16,"survival",4,"Smooth nonlinear misspecified","RuleFit",TRUE,"C-index",0.717828997270721,23.1799999999998,NA,12,12,0,2,8,2,0,0,0.166666666666667,0.666666666666667,0.833333333333333,2
17,"survival",4,"Smooth nonlinear misspecified","BRP-GABLE full",TRUE,"C-index",0.814459865141639,552.85,NA,60,58,2,34,26,0,0,0,0.566666666666667,0.433333333333333,1,1.43333333333333
17,"survival",4,"Smooth nonlinear misspecified","BRP-GABLE rule-only",TRUE,"C-index",0.810212808738672,550.77,NA,65,65,0,39,26,0,0,0,0.6,0.4,1,1.4
17,"survival",4,"Smooth nonlinear misspecified","GABLE",TRUE,"C-index",0.713321939266977,12.3399999999997,NA,5,5,0,4,1,0,0,0,0.8,0.2,1,1.2
17,"survival",4,"Smooth nonlinear misspecified","GBM",TRUE,"C-index",0.812622162783955,0.0999999999999091,NA,NA,NA,NA,NA,NA,NA,NA,NA,NA,NA,NA,NA
17,"survival",4,"Smooth nonlinear misspecified","Linear",TRUE,"C-index",0.64815715394615,0.0300000000002001,NA,20,0,20,20,0,0,0,0,1,0,1,1
17,"survival",4,"Smooth nonlinear misspecified","Random forest",TRUE,"C-index",0.805107690293378,0.730000000000018,NA,NA,NA,NA,NA,NA,NA,NA,NA,NA,NA,NA,NA
17,"survival",4,"Smooth nonlinear misspecified","RuleFit",TRUE,"C-index",0.722780495104136,24.1000000000004,NA,10,10,0,1,7,2,0,0,0.1,0.7,0.8,2.1
18,"survival",4,"Smooth nonlinear misspecified","BRP-GABLE full",TRUE,"C-index",0.820925865825954,553.73,NA,74,71,3,57,17,0,0,0,0.77027027027027,0.22972972972973,1,1.22972972972973
18,"survival",4,"Smooth nonlinear misspecified","BRP-GABLE rule-only",TRUE,"C-index",0.819970791413603,549.55,NA,73,73,0,58,15,0,0,0,0.794520547945205,0.205479452054795,1,1.20547945205479
18,"survival",4,"Smooth nonlinear misspecified","GABLE",TRUE,"C-index",0.730419815475915,11.0100000000002,NA,5,5,0,4,1,0,0,0,0.8,0.2,1,1.2
18,"survival",4,"Smooth nonlinear misspecified","GBM",TRUE,"C-index",0.80476146321109,0.110000000000127,NA,NA,NA,NA,NA,NA,NA,NA,NA,NA,NA,NA,NA
18,"survival",4,"Smooth nonlinear misspecified","Linear",TRUE,"C-index",0.649350920302286,0.0199999999999818,NA,20,0,20,20,0,0,0,0,1,0,1,1
18,"survival",4,"Smooth nonlinear misspecified","Random forest",TRUE,"C-index",0.789315684547267,0.699999999999818,NA,NA,NA,NA,NA,NA,NA,NA,NA,NA,NA,NA,NA
18,"survival",4,"Smooth nonlinear misspecified","RuleFit",TRUE,"C-index",0.693747971625945,25.8000000000002,NA,15,15,0,7,7,1,0,0,0.466666666666667,0.466666666666667,0.933333333333333,1.6
19,"survival",4,"Smooth nonlinear misspecified","BRP-GABLE full",TRUE,"C-index",0.817149275790718,534.59,NA,57,56,1,29,28,0,0,0,0.508771929824561,0.491228070175439,1,1.49122807017544
19,"survival",4,"Smooth nonlinear misspecified","BRP-GABLE rule-only",TRUE,"C-index",0.816625480342891,533.85,NA,58,58,0,31,27,0,0,0,0.53448275862069,0.46551724137931,1,1.46551724137931
19,"survival",4,"Smooth nonlinear misspecified","GABLE",TRUE,"C-index",0.725806680461129,13.0700000000002,NA,5,5,0,5,0,0,0,0,1,0,1,1
19,"survival",4,"Smooth nonlinear misspecified","GBM",TRUE,"C-index",0.807051729234407,0.0999999999999091,NA,NA,NA,NA,NA,NA,NA,NA,NA,NA,NA,NA,NA
19,"survival",4,"Smooth nonlinear misspecified","Linear",TRUE,"C-index",0.662588235294118,0.0100000000002183,NA,20,0,20,20,0,0,0,0,1,0,1,1
19,"survival",4,"Smooth nonlinear misspecified","Random forest",TRUE,"C-index",0.793563109665977,0.7199999999998,NA,NA,NA,NA,NA,NA,NA,NA,NA,NA,NA,NA,NA
19,"survival",4,"Smooth nonlinear misspecified","RuleFit",TRUE,"C-index",0.671457286432161,24.46,NA,13,13,0,3,10,0,0,0,0.230769230769231,0.769230769230769,1,1.76923076923077
20,"survival",4,"Smooth nonlinear misspecified","BRP-GABLE full",TRUE,"C-index",0.816872868120772,537.1,NA,74,72,2,49,25,0,0,0,0.662162162162162,0.337837837837838,1,1.33783783783784
20,"survival",4,"Smooth nonlinear misspecified","BRP-GABLE rule-only",TRUE,"C-index",0.815660730180855,532.07,NA,72,72,0,48,24,0,0,0,0.666666666666667,0.333333333333333,1,1.33333333333333
20,"survival",4,"Smooth nonlinear misspecified","GABLE",TRUE,"C-index",0.714167753450683,10.77,NA,5,5,0,4,1,0,0,0,0.8,0.2,1,1.2
20,"survival",4,"Smooth nonlinear misspecified","GBM",TRUE,"C-index",0.805580664674804,0.129999999999654,NA,NA,NA,NA,NA,NA,NA,NA,NA,NA,NA,NA,NA
20,"survival",4,"Smooth nonlinear misspecified","Linear",TRUE,"C-index",0.653751762430164,0.0300000000002001,NA,20,0,20,20,0,0,0,0,1,0,1,1
20,"survival",4,"Smooth nonlinear misspecified","Random forest",TRUE,"C-index",0.784690260805163,0.760000000000218,NA,NA,NA,NA,NA,NA,NA,NA,NA,NA,NA,NA,NA
20,"survival",4,"Smooth nonlinear misspecified","RuleFit",TRUE,"C-index",0.752299496974255,34.79,NA,31,31,0,1,22,8,0,0,0.032258064516129,0.709677419354839,0.741935483870968,2.2258064516129
21,"survival",4,"Smooth nonlinear misspecified","BRP-GABLE full",TRUE,"C-index",0.820083210480197,557.7,NA,59,58,1,39,20,0,0,0,0.661016949152542,0.338983050847458,1,1.33898305084746
21,"survival",4,"Smooth nonlinear misspecified","BRP-GABLE rule-only",TRUE,"C-index",0.818482478191173,591.03,NA,57,57,0,38,19,0,0,0,0.666666666666667,0.333333333333333,1,1.33333333333333
21,"survival",4,"Smooth nonlinear misspecified","GABLE",TRUE,"C-index",0.707427075834692,13.3299999999999,NA,5,5,0,4,1,0,0,0,0.8,0.2,1,1.2
21,"survival",4,"Smooth nonlinear misspecified","GBM",TRUE,"C-index",0.808606695936762,0.0900000000001455,NA,NA,NA,NA,NA,NA,NA,NA,NA,NA,NA,NA,NA
21,"survival",4,"Smooth nonlinear misspecified","Linear",TRUE,"C-index",0.661042637896417,0.0299999999997453,NA,20,0,20,20,0,0,0,0,1,0,1,1
21,"survival",4,"Smooth nonlinear misspecified","Random forest",TRUE,"C-index",0.802546452285068,0.860000000000127,NA,NA,NA,NA,NA,NA,NA,NA,NA,NA,NA,NA,NA
21,"survival",4,"Smooth nonlinear misspecified","RuleFit",TRUE,"C-index",0.697298304281729,34.1599999999999,NA,8,8,0,1,6,1,0,0,0.125,0.75,0.875,2
22,"survival",4,"Smooth nonlinear misspecified","BRP-GABLE full",TRUE,"C-index",0.821022340791024,557.64,NA,79,75,4,59,20,0,0,0,0.746835443037975,0.253164556962025,1,1.25316455696203
22,"survival",4,"Smooth nonlinear misspecified","BRP-GABLE rule-only",TRUE,"C-index",0.815361628440526,556.69,NA,76,76,0,56,20,0,0,0,0.736842105263158,0.263157894736842,1,1.26315789473684
22,"survival",4,"Smooth nonlinear misspecified","GABLE",TRUE,"C-index",0.727954926433797,13.3400000000001,NA,5,5,0,5,0,0,0,0,1,0,1,1
22,"survival",4,"Smooth nonlinear misspecified","GBM",TRUE,"C-index",0.819706888083912,0.110000000000127,NA,NA,NA,NA,NA,NA,NA,NA,NA,NA,NA,NA,NA
22,"survival",4,"Smooth nonlinear misspecified","Linear",TRUE,"C-index",0.642067739473496,0.0399999999999636,NA,20,0,20,20,0,0,0,0,1,0,1,1
22,"survival",4,"Smooth nonlinear misspecified","Random forest",TRUE,"C-index",0.793071564777687,0.75,NA,NA,NA,NA,NA,NA,NA,NA,NA,NA,NA,NA,NA
22,"survival",4,"Smooth nonlinear misspecified","RuleFit",TRUE,"C-index",0.712946544890256,32.1199999999999,NA,16,16,0,3,9,4,0,0,0.1875,0.5625,0.75,2.0625
23,"survival",4,"Smooth nonlinear misspecified","BRP-GABLE full",TRUE,"C-index",0.826515486437989,569.52,NA,71,69,2,57,14,0,0,0,0.802816901408451,0.197183098591549,1,1.19718309859155
23,"survival",4,"Smooth nonlinear misspecified","BRP-GABLE rule-only",TRUE,"C-index",0.826452836165992,567.6,NA,73,73,0,58,15,0,0,0,0.794520547945205,0.205479452054795,1,1.20547945205479
23,"survival",4,"Smooth nonlinear misspecified","GABLE",TRUE,"C-index",0.714786409855715,13.2200000000003,NA,5,5,0,4,1,0,0,0,0.8,0.2,1,1.2
23,"survival",4,"Smooth nonlinear misspecified","GBM",TRUE,"C-index",0.821898279599889,0.0900000000001455,NA,NA,NA,NA,NA,NA,NA,NA,NA,NA,NA,NA,NA
23,"survival",4,"Smooth nonlinear misspecified","Linear",TRUE,"C-index",0.658778248771227,0.0199999999999818,NA,20,0,20,20,0,0,0,0,1,0,1,1
23,"survival",4,"Smooth nonlinear misspecified","Random forest",TRUE,"C-index",0.795332200112061,0.769999999999982,NA,NA,NA,NA,NA,NA,NA,NA,NA,NA,NA,NA,NA
23,"survival",4,"Smooth nonlinear misspecified","RuleFit",TRUE,"C-index",0.688059567405782,28.6099999999997,NA,7,7,0,0,6,1,0,0,0,0.857142857142857,0.857142857142857,2.14285714285714
24,"survival",4,"Smooth nonlinear misspecified","BRP-GABLE full",TRUE,"C-index",0.808372769025057,664.930000000001,NA,52,51,1,35,17,0,0,0,0.673076923076923,0.326923076923077,1,1.32692307692308
24,"survival",4,"Smooth nonlinear misspecified","BRP-GABLE rule-only",TRUE,"C-index",0.80824603220743,741.67,NA,56,56,0,38,18,0,0,0,0.678571428571429,0.321428571428571,1,1.32142857142857
24,"survival",4,"Smooth nonlinear misspecified","GABLE",TRUE,"C-index",0.703009127376315,12.73,NA,5,5,0,4,1,0,0,0,0.8,0.2,1,1.2
24,"survival",4,"Smooth nonlinear misspecified","GBM",TRUE,"C-index",0.796725771757456,0.0999999999999091,NA,NA,NA,NA,NA,NA,NA,NA,NA,NA,NA,NA,NA
24,"survival",4,"Smooth nonlinear misspecified","Linear",TRUE,"C-index",0.657161792919016,0.0299999999997453,NA,20,0,20,20,0,0,0,0,1,0,1,1
24,"survival",4,"Smooth nonlinear misspecified","Random forest",TRUE,"C-index",0.776715307249578,0.75,NA,NA,NA,NA,NA,NA,NA,NA,NA,NA,NA,NA,NA
24,"survival",4,"Smooth nonlinear misspecified","RuleFit",TRUE,"C-index",0.687025172955061,23.3500000000004,NA,17,17,0,5,7,5,0,0,0.294117647058824,0.411764705882353,0.705882352941177,2
25,"survival",4,"Smooth nonlinear misspecified","BRP-GABLE full",TRUE,"C-index",0.82247913101184,809.62,NA,57,54,3,31,26,0,0,0,0.543859649122807,0.456140350877193,1,1.45614035087719
25,"survival",4,"Smooth nonlinear misspecified","BRP-GABLE rule-only",TRUE,"C-index",0.814792823629399,920.6,NA,59,59,0,33,26,0,0,0,0.559322033898305,0.440677966101695,1,1.44067796610169
25,"survival",4,"Smooth nonlinear misspecified","GABLE",TRUE,"C-index",0.703533466056605,12.8400000000001,NA,5,5,0,4,1,0,0,0,0.8,0.2,1,1.2
25,"survival",4,"Smooth nonlinear misspecified","GBM",TRUE,"C-index",0.816742924336093,0.110000000000582,NA,NA,NA,NA,NA,NA,NA,NA,NA,NA,NA,NA,NA
25,"survival",4,"Smooth nonlinear misspecified","Linear",TRUE,"C-index",0.647866531614916,0.0199999999995271,NA,20,0,20,20,0,0,0,0,1,0,1,1
25,"survival",4,"Smooth nonlinear misspecified","Random forest",TRUE,"C-index",0.794940216315648,0.779999999999745,NA,NA,NA,NA,NA,NA,NA,NA,NA,NA,NA,NA,NA
25,"survival",4,"Smooth nonlinear misspecified","RuleFit",TRUE,"C-index",0.733377574423993,24.0799999999999,NA,14,14,0,1,7,6,0,0,0.0714285714285714,0.5,0.571428571428571,2.35714285714286
26,"survival",4,"Smooth nonlinear misspecified","BRP-GABLE full",TRUE,"C-index",0.812094720951716,556.4,NA,69,66,3,44,25,0,0,0,0.63768115942029,0.36231884057971,1,1.36231884057971
26,"survival",4,"Smooth nonlinear misspecified","BRP-GABLE rule-only",TRUE,"C-index",0.809826960773269,551.329999999999,NA,63,63,0,38,25,0,0,0,0.603174603174603,0.396825396825397,1,1.3968253968254
26,"survival",4,"Smooth nonlinear misspecified","GABLE",TRUE,"C-index",0.720285920284794,12.3699999999999,NA,5,5,0,5,0,0,0,0,1,0,1,1
26,"survival",4,"Smooth nonlinear misspecified","GBM",TRUE,"C-index",0.800956447288376,0.110000000000582,NA,NA,NA,NA,NA,NA,NA,NA,NA,NA,NA,NA,NA
26,"survival",4,"Smooth nonlinear misspecified","Linear",TRUE,"C-index",0.649433341594755,0.00999999999930878,NA,20,0,20,20,0,0,0,0,1,0,1,1
26,"survival",4,"Smooth nonlinear misspecified","Random forest",TRUE,"C-index",0.786650294031499,0.769999999999527,NA,NA,NA,NA,NA,NA,NA,NA,NA,NA,NA,NA,NA
26,"survival",4,"Smooth nonlinear misspecified","RuleFit",TRUE,"C-index",0.760148029650992,32.3900000000003,NA,13,13,0,0,7,6,0,0,0,0.538461538461538,0.538461538461538,2.46153846153846
27,"survival",4,"Smooth nonlinear misspecified","BRP-GABLE full",TRUE,"C-index",0.811921881650792,573.269999999999,NA,64,63,1,53,11,0,0,0,0.828125,0.171875,1,1.171875
27,"survival",4,"Smooth nonlinear misspecified","BRP-GABLE rule-only",TRUE,"C-index",0.811619806946803,570.83,NA,63,63,0,52,11,0,0,0,0.825396825396825,0.174603174603175,1,1.17460317460317
27,"survival",4,"Smooth nonlinear misspecified","GABLE",TRUE,"C-index",0.730239279780675,12.1099999999997,NA,5,5,0,4,1,0,0,0,0.8,0.2,1,1.2
27,"survival",4,"Smooth nonlinear misspecified","GBM",TRUE,"C-index",0.802614776945292,0.0900000000001455,NA,NA,NA,NA,NA,NA,NA,NA,NA,NA,NA,NA,NA
27,"survival",4,"Smooth nonlinear misspecified","Linear",TRUE,"C-index",0.665022037722723,0.0200000000004366,NA,20,0,20,20,0,0,0,0,1,0,1,1
27,"survival",4,"Smooth nonlinear misspecified","Random forest",TRUE,"C-index",0.798079079495993,0.75,NA,NA,NA,NA,NA,NA,NA,NA,NA,NA,NA,NA,NA
27,"survival",4,"Smooth nonlinear misspecified","RuleFit",TRUE,"C-index",0.707222102714553,27.2799999999997,NA,17,17,0,5,9,3,0,0,0.294117647058824,0.529411764705882,0.823529411764706,1.88235294117647
28,"survival",4,"Smooth nonlinear misspecified","BRP-GABLE full",TRUE,"C-index",0.831800945049014,564.98,NA,71,69,2,54,17,0,0,0,0.76056338028169,0.23943661971831,1,1.23943661971831
28,"survival",4,"Smooth nonlinear misspecified","BRP-GABLE rule-only",TRUE,"C-index",0.832396746762544,564.05,NA,69,69,0,53,16,0,0,0,0.768115942028985,0.231884057971014,1,1.23188405797101
28,"survival",4,"Smooth nonlinear misspecified","GABLE",TRUE,"C-index",0.714422289616811,12,NA,5,5,0,4,1,0,0,0,0.8,0.2,1,1.2
28,"survival",4,"Smooth nonlinear misspecified","GBM",TRUE,"C-index",0.822024536509723,0.100000000000364,NA,NA,NA,NA,NA,NA,NA,NA,NA,NA,NA,NA,NA
28,"survival",4,"Smooth nonlinear misspecified","Linear",TRUE,"C-index",0.658663940387809,0.0100000000002183,NA,20,0,20,20,0,0,0,0,1,0,1,1
28,"survival",4,"Smooth nonlinear misspecified","Random forest",TRUE,"C-index",0.797411407372846,0.719999999999345,NA,NA,NA,NA,NA,NA,NA,NA,NA,NA,NA,NA,NA
28,"survival",4,"Smooth nonlinear misspecified","RuleFit",TRUE,"C-index",0.77805299776317,30.8900000000003,NA,23,23,0,0,19,4,0,0,0,0.826086956521739,0.826086956521739,2.17391304347826
29,"survival",4,"Smooth nonlinear misspecified","BRP-GABLE full",TRUE,"C-index",0.821469435200802,576.4,NA,66,65,1,50,16,0,0,0,0.757575757575758,0.242424242424242,1,1.24242424242424
29,"survival",4,"Smooth nonlinear misspecified","BRP-GABLE rule-only",TRUE,"C-index",0.82012125632493,617.33,NA,63,63,0,45,18,0,0,0,0.714285714285714,0.285714285714286,1,1.28571428571429
29,"survival",4,"Smooth nonlinear misspecified","GABLE",TRUE,"C-index",0.711203674157816,12.4200000000001,NA,5,5,0,4,1,0,0,0,0.8,0.2,1,1.2
29,"survival",4,"Smooth nonlinear misspecified","GBM",TRUE,"C-index",0.817751971554907,0.0799999999999272,NA,NA,NA,NA,NA,NA,NA,NA,NA,NA,NA,NA,NA
29,"survival",4,"Smooth nonlinear misspecified","Linear",TRUE,"C-index",0.670611295983954,0.0100000000002183,NA,20,0,20,20,0,0,0,0,1,0,1,1
29,"survival",4,"Smooth nonlinear misspecified","Random forest",TRUE,"C-index",0.797878014313717,0.739999999999782,NA,NA,NA,NA,NA,NA,NA,NA,NA,NA,NA,NA,NA
29,"survival",4,"Smooth nonlinear misspecified","RuleFit",TRUE,"C-index",0.716360486848703,23.4499999999998,NA,17,17,0,1,10,6,0,0,0.0588235294117647,0.588235294117647,0.647058823529412,2.29411764705882
30,"survival",4,"Smooth nonlinear misspecified","BRP-GABLE full",TRUE,"C-index",0.8172327400626,524.94,NA,78,77,1,51,27,0,0,0,0.653846153846154,0.346153846153846,1,1.34615384615385
30,"survival",4,"Smooth nonlinear misspecified","BRP-GABLE rule-only",TRUE,"C-index",0.817418281220469,523.2,NA,83,83,0,56,27,0,0,0,0.674698795180723,0.325301204819277,1,1.32530120481928
30,"survival",4,"Smooth nonlinear misspecified","GABLE",TRUE,"C-index",0.724341156025132,11.96,NA,5,5,0,5,0,0,0,0,1,0,1,1
30,"survival",4,"Smooth nonlinear misspecified","GBM",TRUE,"C-index",0.807699842808609,0.0799999999999272,NA,NA,NA,NA,NA,NA,NA,NA,NA,NA,NA,NA,NA
30,"survival",4,"Smooth nonlinear misspecified","Linear",TRUE,"C-index",0.655333674452481,0.0200000000004366,NA,20,0,20,20,0,0,0,0,1,0,1,1
30,"survival",4,"Smooth nonlinear misspecified","Random forest",TRUE,"C-index",0.782575726145861,0.789999999999964,NA,NA,NA,NA,NA,NA,NA,NA,NA,NA,NA,NA,NA
30,"survival",4,"Smooth nonlinear misspecified","RuleFit",TRUE,"C-index",0.712040122987282,27.96,NA,12,12,0,0,10,2,0,0,0,0.833333333333333,0.833333333333333,2.16666666666667
31,"survival",4,"Smooth nonlinear misspecified","BRP-GABLE full",TRUE,"C-index",0.81681684409403,760.52,NA,69,68,1,49,20,0,0,0,0.710144927536232,0.289855072463768,1,1.28985507246377
31,"survival",4,"Smooth nonlinear misspecified","BRP-GABLE rule-only",TRUE,"C-index",0.816913354285507,766.34,NA,71,71,0,50,21,0,0,0,0.704225352112676,0.295774647887324,1,1.29577464788732
31,"survival",4,"Smooth nonlinear misspecified","GABLE",TRUE,"C-index",0.706685090651455,12.3899999999994,NA,5,5,0,5,0,0,0,0,1,0,1,1
31,"survival",4,"Smooth nonlinear misspecified","GBM",TRUE,"C-index",0.806705982269375,0.109999999999673,NA,NA,NA,NA,NA,NA,NA,NA,NA,NA,NA,NA,NA
31,"survival",4,"Smooth nonlinear misspecified","Linear",TRUE,"C-index",0.650574065327181,0.0299999999997453,NA,20,0,20,20,0,0,0,0,1,0,1,1
31,"survival",4,"Smooth nonlinear misspecified","Random forest",TRUE,"C-index",0.791376757620899,0.690000000000509,NA,NA,NA,NA,NA,NA,NA,NA,NA,NA,NA,NA,NA
31,"survival",4,"Smooth nonlinear misspecified","RuleFit",TRUE,"C-index",0.703013161719289,24.2700000000004,NA,16,16,0,3,8,5,0,0,0.1875,0.5,0.6875,2.125
32,"survival",4,"Smooth nonlinear misspecified","BRP-GABLE full",TRUE,"C-index",0.825378949567239,535.690000000001,NA,72,68,4,52,20,0,0,0,0.722222222222222,0.277777777777778,1,1.27777777777778
32,"survival",4,"Smooth nonlinear misspecified","BRP-GABLE rule-only",TRUE,"C-index",0.819866130218787,535.31,NA,76,76,0,58,18,0,0,0,0.763157894736842,0.236842105263158,1,1.23684210526316
32,"survival",4,"Smooth nonlinear misspecified","GABLE",TRUE,"C-index",0.727409474420337,12.6000000000004,NA,5,5,0,5,0,0,0,0,1,0,1,1
32,"survival",4,"Smooth nonlinear misspecified","GBM",TRUE,"C-index",0.817292497298083,0.0799999999999272,NA,NA,NA,NA,NA,NA,NA,NA,NA,NA,NA,NA,NA
32,"survival",4,"Smooth nonlinear misspecified","Linear",TRUE,"C-index",0.665457237051232,0.0100000000002183,NA,20,0,20,20,0,0,0,0,1,0,1,1
32,"survival",4,"Smooth nonlinear misspecified","Random forest",TRUE,"C-index",0.791119093245661,0.699999999999818,NA,NA,NA,NA,NA,NA,NA,NA,NA,NA,NA,NA,NA
32,"survival",4,"Smooth nonlinear misspecified","RuleFit",TRUE,"C-index",0.711253598772103,24.0699999999997,NA,18,18,0,3,13,2,0,0,0.166666666666667,0.722222222222222,0.888888888888889,1.94444444444444
33,"survival",4,"Smooth nonlinear misspecified","BRP-GABLE full",TRUE,"C-index",0.826655350403315,533.13,NA,60,58,2,43,17,0,0,0,0.716666666666667,0.283333333333333,1,1.28333333333333
33,"survival",4,"Smooth nonlinear misspecified","BRP-GABLE rule-only",TRUE,"C-index",0.827524883445571,529.450000000001,NA,65,65,0,48,17,0,0,0,0.738461538461539,0.261538461538462,1,1.26153846153846
33,"survival",4,"Smooth nonlinear misspecified","GABLE",TRUE,"C-index",0.720461315029971,11.8100000000004,NA,5,5,0,5,0,0,0,0,1,0,1,1
33,"survival",4,"Smooth nonlinear misspecified","GBM",TRUE,"C-index",0.819035373344187,0.130000000000109,NA,NA,NA,NA,NA,NA,NA,NA,NA,NA,NA,NA,NA
33,"survival",4,"Smooth nonlinear misspecified","Linear",TRUE,"C-index",0.660116646932583,0.0100000000002183,NA,20,0,20,20,0,0,0,0,1,0,1,1
33,"survival",4,"Smooth nonlinear misspecified","Random forest",TRUE,"C-index",0.798404776881521,0.839999999999236,NA,NA,NA,NA,NA,NA,NA,NA,NA,NA,NA,NA,NA
33,"survival",4,"Smooth nonlinear misspecified","RuleFit",TRUE,"C-index",0.719510841411974,25.3000000000002,NA,14,14,0,2,8,4,0,0,0.142857142857143,0.571428571428571,0.714285714285714,2.14285714285714
34,"survival",4,"Smooth nonlinear misspecified","BRP-GABLE full",TRUE,"C-index",0.840823217300426,539.719999999999,NA,63,62,1,43,20,0,0,0,0.682539682539683,0.317460317460317,1,1.31746031746032
34,"survival",4,"Smooth nonlinear misspecified","BRP-GABLE rule-only",TRUE,"C-index",0.840472936501556,539.24,NA,62,62,0,42,20,0,0,0,0.67741935483871,0.32258064516129,1,1.32258064516129
34,"survival",4,"Smooth nonlinear misspecified","GABLE",TRUE,"C-index",0.699718626899268,12.0799999999999,NA,5,5,0,5,0,0,0,0,1,0,1,1
34,"survival",4,"Smooth nonlinear misspecified","GBM",TRUE,"C-index",0.841762658918379,0.069999999999709,NA,NA,NA,NA,NA,NA,NA,NA,NA,NA,NA,NA,NA
34,"survival",4,"Smooth nonlinear misspecified","Linear",TRUE,"C-index",0.673434933906033,0.0200000000004366,NA,20,0,20,20,0,0,0,0,1,0,1,1
34,"survival",4,"Smooth nonlinear misspecified","Random forest",TRUE,"C-index",0.815846473648548,0.739999999999782,NA,NA,NA,NA,NA,NA,NA,NA,NA,NA,NA,NA,NA
34,"survival",4,"Smooth nonlinear misspecified","RuleFit",TRUE,"C-index",0.743983783721705,25.54,NA,20,20,0,2,15,3,0,0,0.1,0.75,0.85,2.05
35,"survival",4,"Smooth nonlinear misspecified","BRP-GABLE full",TRUE,"C-index",0.828622176519392,532.65,NA,70,69,1,41,29,0,0,0,0.585714285714286,0.414285714285714,1,1.41428571428571
35,"survival",4,"Smooth nonlinear misspecified","BRP-GABLE rule-only",TRUE,"C-index",0.826652020986947,531.56,NA,73,73,0,43,30,0,0,0,0.589041095890411,0.410958904109589,1,1.41095890410959
35,"survival",4,"Smooth nonlinear misspecified","GABLE",TRUE,"C-index",0.695900767729647,12.1899999999996,NA,5,5,0,5,0,0,0,0,1,0,1,1
35,"survival",4,"Smooth nonlinear misspecified","GBM",TRUE,"C-index",0.816368884162801,0.110000000000582,NA,NA,NA,NA,NA,NA,NA,NA,NA,NA,NA,NA,NA
35,"survival",4,"Smooth nonlinear misspecified","Linear",TRUE,"C-index",0.683321453194199,0.00999999999930878,NA,20,0,20,20,0,0,0,0,1,0,1,1
35,"survival",4,"Smooth nonlinear misspecified","Random forest",TRUE,"C-index",0.805856713836662,0.829999999999927,NA,NA,NA,NA,NA,NA,NA,NA,NA,NA,NA,NA,NA
35,"survival",4,"Smooth nonlinear misspecified","RuleFit",TRUE,"C-index",0.75216471715531,25.0500000000002,NA,21,21,0,0,13,8,0,0,0,0.619047619047619,0.619047619047619,2.38095238095238
36,"survival",4,"Smooth nonlinear misspecified","BRP-GABLE full",TRUE,"C-index",0.820413236333782,709.48,NA,70,67,3,50,20,0,0,0,0.714285714285714,0.285714285714286,1,1.28571428571429
36,"survival",4,"Smooth nonlinear misspecified","BRP-GABLE rule-only",TRUE,"C-index",0.818711943259824,614.360000000001,NA,74,74,0,55,19,0,0,0,0.743243243243243,0.256756756756757,1,1.25675675675676
36,"survival",4,"Smooth nonlinear misspecified","GABLE",TRUE,"C-index",0.701017126958426,12.3100000000004,NA,5,5,0,5,0,0,0,0,1,0,1,1
36,"survival",4,"Smooth nonlinear misspecified","GBM",TRUE,"C-index",0.807474514812196,0.0799999999999272,NA,NA,NA,NA,NA,NA,NA,NA,NA,NA,NA,NA,NA
36,"survival",4,"Smooth nonlinear misspecified","Linear",TRUE,"C-index",0.646712581814865,0.0100000000002183,NA,20,0,20,20,0,0,0,0,1,0,1,1
36,"survival",4,"Smooth nonlinear misspecified","Random forest",TRUE,"C-index",0.798508517868138,0.889999999999418,NA,NA,NA,NA,NA,NA,NA,NA,NA,NA,NA,NA,NA
36,"survival",4,"Smooth nonlinear misspecified","RuleFit",TRUE,"C-index",0.729880955095897,24.6099999999997,NA,15,15,0,0,10,5,0,0,0,0.666666666666667,0.666666666666667,2.33333333333333
37,"survival",4,"Smooth nonlinear misspecified","BRP-GABLE full",TRUE,"C-index",0.815918018904317,539.169999999999,NA,76,75,1,53,23,0,0,0,0.697368421052632,0.302631578947368,1,1.30263157894737
37,"survival",4,"Smooth nonlinear misspecified","BRP-GABLE rule-only",TRUE,"C-index",0.81453021107005,537.37,NA,79,79,0,55,24,0,0,0,0.69620253164557,0.30379746835443,1,1.30379746835443
37,"survival",4,"Smooth nonlinear misspecified","GABLE",TRUE,"C-index",0.720264276958966,10.3499999999995,NA,5,5,0,4,1,0,0,0,0.8,0.2,1,1.2
37,"survival",4,"Smooth nonlinear misspecified","GBM",TRUE,"C-index",0.817309250606595,0.110000000000582,NA,NA,NA,NA,NA,NA,NA,NA,NA,NA,NA,NA,NA
37,"survival",4,"Smooth nonlinear misspecified","Linear",TRUE,"C-index",0.671655622790179,0.0299999999997453,NA,20,0,20,20,0,0,0,0,1,0,1,1
37,"survival",4,"Smooth nonlinear misspecified","Random forest",TRUE,"C-index",0.8060858112627,0.710000000000036,NA,NA,NA,NA,NA,NA,NA,NA,NA,NA,NA,NA,NA
37,"survival",4,"Smooth nonlinear misspecified","RuleFit",TRUE,"C-index",0.752262606111376,26.6500000000005,NA,19,19,0,4,10,5,0,0,0.210526315789474,0.526315789473684,0.736842105263158,2.05263157894737
38,"survival",4,"Smooth nonlinear misspecified","BRP-GABLE full",TRUE,"C-index",0.820321167883212,516.91,NA,64,59,5,36,28,0,0,0,0.5625,0.4375,1,1.4375
38,"survival",4,"Smooth nonlinear misspecified","BRP-GABLE rule-only",TRUE,"C-index",0.815333138686131,512.959999999999,NA,59,59,0,34,25,0,0,0,0.576271186440678,0.423728813559322,1,1.42372881355932
38,"survival",4,"Smooth nonlinear misspecified","GABLE",TRUE,"C-index",0.717150364963504,12.6600000000008,NA,5,5,0,5,0,0,0,0,1,0,1,1
38,"survival",4,"Smooth nonlinear misspecified","GBM",TRUE,"C-index",0.814471240875912,0.119999999999891,NA,NA,NA,NA,NA,NA,NA,NA,NA,NA,NA,NA,NA
38,"survival",4,"Smooth nonlinear misspecified","Linear",TRUE,"C-index",0.650924379562044,0.0199999999995271,NA,20,0,20,20,0,0,0,0,1,0,1,1
38,"survival",4,"Smooth nonlinear misspecified","Random forest",TRUE,"C-index",0.794162919708029,0.75,NA,NA,NA,NA,NA,NA,NA,NA,NA,NA,NA,NA,NA
38,"survival",4,"Smooth nonlinear misspecified","RuleFit",TRUE,"C-index",0.700478832116788,37.3699999999999,NA,22,22,0,2,12,8,0,0,0.0909090909090909,0.545454545454545,0.636363636363636,2.27272727272727
39,"survival",4,"Smooth nonlinear misspecified","BRP-GABLE full",TRUE,"C-index",0.825394505797838,555.719999999999,NA,75,73,2,65,10,0,0,0,0.866666666666667,0.133333333333333,1,1.13333333333333
39,"survival",4,"Smooth nonlinear misspecified","BRP-GABLE rule-only",TRUE,"C-index",0.823457640643086,551.78,NA,77,77,0,67,10,0,0,0,0.87012987012987,0.12987012987013,1,1.12987012987013
39,"survival",4,"Smooth nonlinear misspecified","GABLE",TRUE,"C-index",0.708250117719649,12.25,NA,5,5,0,5,0,0,0,0,1,0,1,1
39,"survival",4,"Smooth nonlinear misspecified","GBM",TRUE,"C-index",0.8175391838259,0.0700000000006185,NA,NA,NA,NA,NA,NA,NA,NA,NA,NA,NA,NA,NA
39,"survival",4,"Smooth nonlinear misspecified","Linear",TRUE,"C-index",0.664964081009675,0.0199999999995271,NA,20,0,20,20,0,0,0,0,1,0,1,1
39,"survival",4,"Smooth nonlinear misspecified","Random forest",TRUE,"C-index",0.796239466121097,0.769999999999527,NA,NA,NA,NA,NA,NA,NA,NA,NA,NA,NA,NA,NA
39,"survival",4,"Smooth nonlinear misspecified","RuleFit",TRUE,"C-index",0.775277250069008,23.3000000000002,NA,21,21,0,2,16,3,0,0,0.0952380952380952,0.761904761904762,0.857142857142857,2.04761904761905
40,"survival",4,"Smooth nonlinear misspecified","BRP-GABLE full",TRUE,"C-index",0.827267248684457,658.45,NA,70,67,3,45,25,0,0,0,0.642857142857143,0.357142857142857,1,1.35714285714286
40,"survival",4,"Smooth nonlinear misspecified","BRP-GABLE rule-only",TRUE,"C-index",0.826626505745906,534.13,NA,65,65,0,42,23,0,0,0,0.646153846153846,0.353846153846154,1,1.35384615384615
40,"survival",4,"Smooth nonlinear misspecified","GABLE",TRUE,"C-index",0.715544770036782,11.1400000000003,NA,5,5,0,3,2,0,0,0,0.6,0.4,1,1.4
40,"survival",4,"Smooth nonlinear misspecified","GBM",TRUE,"C-index",0.824976736990609,0.069999999999709,NA,NA,NA,NA,NA,NA,NA,NA,NA,NA,NA,NA,NA
40,"survival",4,"Smooth nonlinear misspecified","Linear",TRUE,"C-index",0.676716902452371,0.0200000000004366,NA,20,0,20,20,0,0,0,0,1,0,1,1
40,"survival",4,"Smooth nonlinear misspecified","Random forest",TRUE,"C-index",0.811930979863354,0.710000000000036,NA,NA,NA,NA,NA,NA,NA,NA,NA,NA,NA,NA,NA
40,"survival",4,"Smooth nonlinear misspecified","RuleFit",TRUE,"C-index",0.739352699548132,25.9499999999998,NA,18,18,0,3,10,5,0,0,0.166666666666667,0.555555555555556,0.722222222222222,2.11111111111111
41,"survival",4,"Smooth nonlinear misspecified","BRP-GABLE full",TRUE,"C-index",0.815160899982846,542.22,NA,58,57,1,32,26,0,0,0,0.551724137931034,0.448275862068966,1,1.44827586206897
41,"survival",4,"Smooth nonlinear misspecified","BRP-GABLE rule-only",TRUE,"C-index",0.816937730941662,533.27,NA,64,64,0,38,26,0,0,0,0.59375,0.40625,1,1.40625
41,"survival",4,"Smooth nonlinear misspecified","GABLE",TRUE,"C-index",0.722200071397774,12.5199999999995,NA,5,5,0,4,1,0,0,0,0.8,0.2,1,1.2
41,"survival",4,"Smooth nonlinear misspecified","GBM",TRUE,"C-index",0.810724038332259,0.109999999999673,NA,NA,NA,NA,NA,NA,NA,NA,NA,NA,NA,NA,NA
41,"survival",4,"Smooth nonlinear misspecified","Linear",TRUE,"C-index",0.670837718423871,0.0100000000002183,NA,20,0,20,20,0,0,0,0,1,0,1,1
41,"survival",4,"Smooth nonlinear misspecified","Random forest",TRUE,"C-index",0.792550059575415,0.720000000000255,NA,NA,NA,NA,NA,NA,NA,NA,NA,NA,NA,NA,NA
41,"survival",4,"Smooth nonlinear misspecified","RuleFit",TRUE,"C-index",0.69934814759867,29.3500000000004,NA,8,8,0,0,6,2,0,0,0,0.75,0.75,2.25
42,"survival",4,"Smooth nonlinear misspecified","BRP-GABLE full",TRUE,"C-index",0.831625305447417,656.45,NA,75,72,3,57,18,0,0,0,0.76,0.24,1,1.24
42,"survival",4,"Smooth nonlinear misspecified","BRP-GABLE rule-only",TRUE,"C-index",0.831454580085293,694.820000000001,NA,75,75,0,57,18,0,0,0,0.76,0.24,1,1.24
42,"survival",4,"Smooth nonlinear misspecified","GABLE",TRUE,"C-index",0.738569530516868,11.5299999999997,NA,5,5,0,4,1,0,0,0,0.8,0.2,1,1.2
42,"survival",4,"Smooth nonlinear misspecified","GBM",TRUE,"C-index",0.830039998513412,0.109999999999673,NA,NA,NA,NA,NA,NA,NA,NA,NA,NA,NA,NA,NA
42,"survival",4,"Smooth nonlinear misspecified","Linear",TRUE,"C-index",0.676413884733668,0.0100000000002183,NA,20,0,20,20,0,0,0,0,1,0,1,1
42,"survival",4,"Smooth nonlinear misspecified","Random forest",TRUE,"C-index",0.805691309962928,0.800000000000182,NA,NA,NA,NA,NA,NA,NA,NA,NA,NA,NA,NA,NA
42,"survival",4,"Smooth nonlinear misspecified","RuleFit",TRUE,"C-index",0.781883832424347,21.75,NA,16,16,0,0,10,6,0,0,0,0.625,0.625,2.375
43,"survival",4,"Smooth nonlinear misspecified","BRP-GABLE full",TRUE,"C-index",0.824696130312552,545.83,NA,78,77,1,62,16,0,0,0,0.794871794871795,0.205128205128205,1,1.20512820512821
43,"survival",4,"Smooth nonlinear misspecified","BRP-GABLE rule-only",TRUE,"C-index",0.822739237087261,543.889999999999,NA,86,86,0,71,15,0,0,0,0.825581395348837,0.174418604651163,1,1.17441860465116
43,"survival",4,"Smooth nonlinear misspecified","GABLE",TRUE,"C-index",0.726471344835823,12.6499999999996,NA,5,5,0,5,0,0,0,0,1,0,1,1
43,"survival",4,"Smooth nonlinear misspecified","GBM",TRUE,"C-index",0.820427484703159,0.0800000000008367,NA,NA,NA,NA,NA,NA,NA,NA,NA,NA,NA,NA,NA
43,"survival",4,"Smooth nonlinear misspecified","Linear",TRUE,"C-index",0.669388401962406,0.0199999999995271,NA,20,0,20,20,0,0,0,0,1,0,1,1
43,"survival",4,"Smooth nonlinear misspecified","Random forest",TRUE,"C-index",0.800132756371387,0.75,NA,NA,NA,NA,NA,NA,NA,NA,NA,NA,NA,NA,NA
43,"survival",4,"Smooth nonlinear misspecified","RuleFit",TRUE,"C-index",0.743849107913933,31.46,NA,28,28,0,4,15,9,0,0,0.142857142857143,0.535714285714286,0.678571428571429,2.17857142857143
44,"survival",4,"Smooth nonlinear misspecified","BRP-GABLE full",TRUE,"C-index",0.813642962838875,544,NA,71,69,2,46,25,0,0,0,0.647887323943662,0.352112676056338,1,1.35211267605634
44,"survival",4,"Smooth nonlinear misspecified","BRP-GABLE rule-only",TRUE,"C-index",0.811425673097505,539.15,NA,73,73,0,49,24,0,0,0,0.671232876712329,0.328767123287671,1,1.32876712328767
44,"survival",4,"Smooth nonlinear misspecified","GABLE",TRUE,"C-index",0.695651971596356,11.6300000000001,NA,5,5,0,3,2,0,0,0,0.6,0.4,1,1.4
44,"survival",4,"Smooth nonlinear misspecified","GBM",TRUE,"C-index",0.79656308456878,0.0900000000001455,NA,NA,NA,NA,NA,NA,NA,NA,NA,NA,NA,NA,NA
44,"survival",4,"Smooth nonlinear misspecified","Linear",TRUE,"C-index",0.633593451899005,0.0199999999995271,NA,20,0,20,20,0,0,0,0,1,0,1,1
44,"survival",4,"Smooth nonlinear misspecified","Random forest",TRUE,"C-index",0.778699127974612,0.75,NA,NA,NA,NA,NA,NA,NA,NA,NA,NA,NA,NA,NA
44,"survival",4,"Smooth nonlinear misspecified","RuleFit",TRUE,"C-index",0.707634177439019,31.0299999999997,NA,26,26,0,3,18,5,0,0,0.115384615384615,0.692307692307692,0.807692307692308,2.07692307692308
45,"survival",4,"Smooth nonlinear misspecified","BRP-GABLE full",TRUE,"C-index",0.803480689900103,575.07,NA,66,65,1,44,22,0,0,0,0.666666666666667,0.333333333333333,1,1.33333333333333
45,"survival",4,"Smooth nonlinear misspecified","BRP-GABLE rule-only",TRUE,"C-index",0.800159134164443,568.77,NA,62,62,0,41,21,0,0,0,0.661290322580645,0.338709677419355,1,1.33870967741935
45,"survival",4,"Smooth nonlinear misspecified","GABLE",TRUE,"C-index",0.726457705371859,14.4399999999996,NA,5,5,0,5,0,0,0,0,1,0,1,1
45,"survival",4,"Smooth nonlinear misspecified","GBM",TRUE,"C-index",0.800365166237149,0.109999999999673,NA,NA,NA,NA,NA,NA,NA,NA,NA,NA,NA,NA,NA
45,"survival",4,"Smooth nonlinear misspecified","Linear",TRUE,"C-index",0.65581260870753,0.0200000000004366,NA,20,0,20,20,0,0,0,0,1,0,1,1
45,"survival",4,"Smooth nonlinear misspecified","Random forest",TRUE,"C-index",0.775390891788768,0.930000000000291,NA,NA,NA,NA,NA,NA,NA,NA,NA,NA,NA,NA,NA
45,"survival",4,"Smooth nonlinear misspecified","RuleFit",TRUE,"C-index",0.747797391929917,25.75,NA,18,18,0,1,12,5,0,0,0.0555555555555556,0.666666666666667,0.722222222222222,2.22222222222222
46,"survival",4,"Smooth nonlinear misspecified","BRP-GABLE full",TRUE,"C-index",0.812050612435141,587.299999999999,NA,74,73,1,57,17,0,0,0,0.77027027027027,0.22972972972973,1,1.22972972972973
46,"survival",4,"Smooth nonlinear misspecified","BRP-GABLE rule-only",TRUE,"C-index",0.806604840533816,582.96,NA,70,70,0,54,16,0,0,0,0.771428571428571,0.228571428571429,1,1.22857142857143
46,"survival",4,"Smooth nonlinear misspecified","GABLE",TRUE,"C-index",0.718498031662474,12.7399999999998,NA,5,5,0,5,0,0,0,0,1,0,1,1
46,"survival",4,"Smooth nonlinear misspecified","GBM",TRUE,"C-index",0.814793490206293,0.0799999999999272,NA,NA,NA,NA,NA,NA,NA,NA,NA,NA,NA,NA,NA
46,"survival",4,"Smooth nonlinear misspecified","Linear",TRUE,"C-index",0.658697355824703,0.0100000000002183,NA,20,0,20,20,0,0,0,0,1,0,1,1
46,"survival",4,"Smooth nonlinear misspecified","Random forest",TRUE,"C-index",0.798582979763708,0.75,NA,NA,NA,NA,NA,NA,NA,NA,NA,NA,NA,NA,NA
46,"survival",4,"Smooth nonlinear misspecified","RuleFit",TRUE,"C-index",0.686749878335492,26.8599999999997,NA,23,23,0,2,17,4,0,0,0.0869565217391304,0.739130434782609,0.826086956521739,2.08695652173913
47,"survival",4,"Smooth nonlinear misspecified","BRP-GABLE full",TRUE,"C-index",0.822837213258854,575.07,NA,73,71,2,58,15,0,0,0,0.794520547945205,0.205479452054795,1,1.20547945205479
47,"survival",4,"Smooth nonlinear misspecified","BRP-GABLE rule-only",TRUE,"C-index",0.820996493416886,573.02,NA,73,73,0,60,13,0,0,0,0.821917808219178,0.178082191780822,1,1.17808219178082
47,"survival",4,"Smooth nonlinear misspecified","GABLE",TRUE,"C-index",0.710468237540288,12.3299999999999,NA,5,5,0,5,0,0,0,0,1,0,1,1
47,"survival",4,"Smooth nonlinear misspecified","GBM",TRUE,"C-index",0.812410799519853,0.109999999999673,NA,NA,NA,NA,NA,NA,NA,NA,NA,NA,NA,NA,NA
47,"survival",4,"Smooth nonlinear misspecified","Linear",TRUE,"C-index",0.63996559578832,0.0299999999997453,NA,20,0,20,20,0,0,0,0,1,0,1,1
47,"survival",4,"Smooth nonlinear misspecified","Random forest",TRUE,"C-index",0.786528482717555,0.700000000000728,NA,NA,NA,NA,NA,NA,NA,NA,NA,NA,NA,NA,NA
47,"survival",4,"Smooth nonlinear misspecified","RuleFit",TRUE,"C-index",0.751974225196359,25.5699999999997,NA,21,21,0,6,12,3,0,0,0.285714285714286,0.571428571428571,0.857142857142857,1.85714285714286
48,"survival",4,"Smooth nonlinear misspecified","BRP-GABLE full",TRUE,"C-index",0.829115493915965,558.73,NA,64,62,2,44,20,0,0,0,0.6875,0.3125,1,1.3125
48,"survival",4,"Smooth nonlinear misspecified","BRP-GABLE rule-only",TRUE,"C-index",0.829567869300129,556.82,NA,65,65,0,45,20,0,0,0,0.692307692307692,0.307692307692308,1,1.30769230769231
48,"survival",4,"Smooth nonlinear misspecified","GABLE",TRUE,"C-index",0.722326555970528,12.6599999999999,NA,5,5,0,4,1,0,0,0,0.8,0.2,1,1.2
48,"survival",4,"Smooth nonlinear misspecified","GBM",TRUE,"C-index",0.82611776878539,0.069999999999709,NA,NA,NA,NA,NA,NA,NA,NA,NA,NA,NA,NA,NA
48,"survival",4,"Smooth nonlinear misspecified","Linear",TRUE,"C-index",0.648916543237874,0,NA,20,0,20,20,0,0,0,0,1,0,1,1
48,"survival",4,"Smooth nonlinear misspecified","Random forest",TRUE,"C-index",0.802854098898944,0.829999999999927,NA,NA,NA,NA,NA,NA,NA,NA,NA,NA,NA,NA,NA
48,"survival",4,"Smooth nonlinear misspecified","RuleFit",TRUE,"C-index",0.788583604404223,31.0600000000004,NA,38,38,0,9,17,12,0,0,0.236842105263158,0.447368421052632,0.684210526315789,2.07894736842105
49,"survival",4,"Smooth nonlinear misspecified","BRP-GABLE full",TRUE,"C-index",0.812169537288958,833.790000000001,NA,63,62,1,46,17,0,0,0,0.73015873015873,0.26984126984127,1,1.26984126984127
49,"survival",4,"Smooth nonlinear misspecified","BRP-GABLE rule-only",TRUE,"C-index",0.810891958961102,657.2,NA,66,66,0,47,19,0,0,0,0.712121212121212,0.287878787878788,1,1.28787878787879
49,"survival",4,"Smooth nonlinear misspecified","GABLE",TRUE,"C-index",0.724382312152288,10.8299999999999,NA,5,5,0,4,1,0,0,0,0.8,0.2,1,1.2
49,"survival",4,"Smooth nonlinear misspecified","GBM",TRUE,"C-index",0.805912738295382,0.0799999999999272,NA,NA,NA,NA,NA,NA,NA,NA,NA,NA,NA,NA,NA
49,"survival",4,"Smooth nonlinear misspecified","Linear",TRUE,"C-index",0.649959637264349,0.0299999999997453,NA,20,0,20,20,0,0,0,0,1,0,1,1
49,"survival",4,"Smooth nonlinear misspecified","Random forest",TRUE,"C-index",0.786466179247344,0.920000000000073,NA,NA,NA,NA,NA,NA,NA,NA,NA,NA,NA,NA,NA
49,"survival",4,"Smooth nonlinear misspecified","RuleFit",TRUE,"C-index",0.712263142037732,34.7399999999998,NA,18,18,0,0,10,8,0,0,0,0.555555555555556,0.555555555555556,2.44444444444444
50,"survival",4,"Smooth nonlinear misspecified","BRP-GABLE full",TRUE,"C-index",0.829124259543032,551.870000000001,NA,75,73,2,59,16,0,0,0,0.786666666666667,0.213333333333333,1,1.21333333333333
50,"survival",4,"Smooth nonlinear misspecified","BRP-GABLE rule-only",TRUE,"C-index",0.827905221508131,551.12,NA,80,80,0,63,17,0,0,0,0.7875,0.2125,1,1.2125
50,"survival",4,"Smooth nonlinear misspecified","GABLE",TRUE,"C-index",0.728029869862544,10.7399999999998,NA,5,5,0,4,1,0,0,0,0.8,0.2,1,1.2
50,"survival",4,"Smooth nonlinear misspecified","GBM",TRUE,"C-index",0.823013059488141,0.0799999999999272,NA,NA,NA,NA,NA,NA,NA,NA,NA,NA,NA,NA,NA
50,"survival",4,"Smooth nonlinear misspecified","Linear",TRUE,"C-index",0.653363218443382,0.0199999999995271,NA,20,0,20,20,0,0,0,0,1,0,1,1
50,"survival",4,"Smooth nonlinear misspecified","Random forest",TRUE,"C-index",0.796843766438716,0.730000000000473,NA,NA,NA,NA,NA,NA,NA,NA,NA,NA,NA,NA,NA
50,"survival",4,"Smooth nonlinear misspecified","RuleFit",TRUE,"C-index",0.737587768451387,32.04,NA,22,22,0,2,13,7,0,0,0.0909090909090909,0.590909090909091,0.681818181818182,2.22727272727273
51,"survival",4,"Smooth nonlinear misspecified","BRP-GABLE full",TRUE,"C-index",0.808147778745544,540.49,NA,55,54,1,29,26,0,0,0,0.527272727272727,0.472727272727273,1,1.47272727272727
51,"survival",4,"Smooth nonlinear misspecified","BRP-GABLE rule-only",TRUE,"C-index",0.804420217081057,539.439999999999,NA,53,53,0,28,25,0,0,0,0.528301886792453,0.471698113207547,1,1.47169811320755
51,"survival",4,"Smooth nonlinear misspecified","GABLE",TRUE,"C-index",0.688477422053284,12.5300000000007,NA,5,5,0,4,1,0,0,0,0.8,0.2,1,1.2
51,"survival",4,"Smooth nonlinear misspecified","GBM",TRUE,"C-index",0.802507026522681,0.0999999999994543,NA,NA,NA,NA,NA,NA,NA,NA,NA,NA,NA,NA,NA
51,"survival",4,"Smooth nonlinear misspecified","Linear",TRUE,"C-index",0.664758455383017,0.0100000000002183,NA,20,0,20,20,0,0,0,0,1,0,1,1
51,"survival",4,"Smooth nonlinear misspecified","Random forest",TRUE,"C-index",0.783587697667631,0.699999999999818,NA,NA,NA,NA,NA,NA,NA,NA,NA,NA,NA,NA,NA
51,"survival",4,"Smooth nonlinear misspecified","RuleFit",TRUE,"C-index",0.730725036023138,22.71,NA,18,18,0,1,12,5,0,0,0.0555555555555556,0.666666666666667,0.722222222222222,2.22222222222222
52,"survival",4,"Smooth nonlinear misspecified","BRP-GABLE full",TRUE,"C-index",0.824126595789901,561.700000000001,NA,89,86,3,68,21,0,0,0,0.764044943820225,0.235955056179775,1,1.23595505617978
52,"survival",4,"Smooth nonlinear misspecified","BRP-GABLE rule-only",TRUE,"C-index",0.821586792550855,559.009999999999,NA,86,86,0,65,21,0,0,0,0.755813953488372,0.244186046511628,1,1.24418604651163
52,"survival",4,"Smooth nonlinear misspecified","GABLE",TRUE,"C-index",0.719076035876049,11.9499999999998,NA,5,5,0,4,1,0,0,0,0.8,0.2,1,1.2
52,"survival",4,"Smooth nonlinear misspecified","GBM",TRUE,"C-index",0.82063038128929,0.0799999999999272,NA,NA,NA,NA,NA,NA,NA,NA,NA,NA,NA,NA,NA
52,"survival",4,"Smooth nonlinear misspecified","Linear",TRUE,"C-index",0.659940301045204,0.0299999999997453,NA,20,0,20,20,0,0,0,0,1,0,1,1
52,"survival",4,"Smooth nonlinear misspecified","Random forest",TRUE,"C-index",0.802497532222794,0.75,NA,NA,NA,NA,NA,NA,NA,NA,NA,NA,NA,NA,NA
52,"survival",4,"Smooth nonlinear misspecified","RuleFit",TRUE,"C-index",0.762674220347709,30.1900000000005,NA,24,24,0,3,16,5,0,0,0.125,0.666666666666667,0.791666666666667,2.08333333333333
53,"survival",4,"Smooth nonlinear misspecified","BRP-GABLE full",TRUE,"C-index",0.815318164567256,817.57,NA,69,66,3,52,17,0,0,0,0.753623188405797,0.246376811594203,1,1.2463768115942
53,"survival",4,"Smooth nonlinear misspecified","BRP-GABLE rule-only",TRUE,"C-index",0.814072298628305,621.040000000001,NA,64,64,0,47,17,0,0,0,0.734375,0.265625,1,1.265625
53,"survival",4,"Smooth nonlinear misspecified","GABLE",TRUE,"C-index",0.710384174001048,12.5799999999999,NA,5,5,0,4,1,0,0,0,0.8,0.2,1,1.2
53,"survival",4,"Smooth nonlinear misspecified","GBM",TRUE,"C-index",0.812434487557154,0.0799999999999272,NA,NA,NA,NA,NA,NA,NA,NA,NA,NA,NA,NA,NA
53,"survival",4,"Smooth nonlinear misspecified","Linear",TRUE,"C-index",0.646815643467732,0.0100000000002183,NA,20,0,20,20,0,0,0,0,1,0,1,1
53,"survival",4,"Smooth nonlinear misspecified","Random forest",TRUE,"C-index",0.78320577232393,0.889999999999418,NA,NA,NA,NA,NA,NA,NA,NA,NA,NA,NA,NA,NA
53,"survival",4,"Smooth nonlinear misspecified","RuleFit",TRUE,"C-index",0.75735998409629,68.6499999999996,NA,13,13,0,2,6,5,0,0,0.153846153846154,0.461538461538462,0.615384615384615,2.23076923076923
54,"survival",4,"Smooth nonlinear misspecified","BRP-GABLE full",TRUE,"C-index",0.839988726969551,538.32,NA,61,59,2,37,24,0,0,0,0.60655737704918,0.39344262295082,1,1.39344262295082
54,"survival",4,"Smooth nonlinear misspecified","BRP-GABLE rule-only",TRUE,"C-index",0.83717516645334,534.020000000002,NA,60,60,0,34,26,0,0,0,0.566666666666667,0.433333333333333,1,1.43333333333333
54,"survival",4,"Smooth nonlinear misspecified","GABLE",TRUE,"C-index",0.73028100376942,12.3100000000013,NA,5,5,0,4,1,0,0,0,0.8,0.2,1,1.2
54,"survival",4,"Smooth nonlinear misspecified","GBM",TRUE,"C-index",0.834937000199627,0.0900000000001455,NA,NA,NA,NA,NA,NA,NA,NA,NA,NA,NA,NA,NA
54,"survival",4,"Smooth nonlinear misspecified","Linear",TRUE,"C-index",0.662748505736328,0.0100000000002183,NA,20,0,20,20,0,0,0,0,1,0,1,1
54,"survival",4,"Smooth nonlinear misspecified","Random forest",TRUE,"C-index",0.821665355394028,0.709999999999127,NA,NA,NA,NA,NA,NA,NA,NA,NA,NA,NA,NA,NA
54,"survival",4,"Smooth nonlinear misspecified","RuleFit",TRUE,"C-index",0.729042144694043,26.0899999999983,NA,15,15,0,2,7,6,0,0,0.133333333333333,0.466666666666667,0.6,2.26666666666667
55,"survival",4,"Smooth nonlinear misspecified","BRP-GABLE full",TRUE,"C-index",0.813807488105909,550.499999999999,NA,53,52,1,35,18,0,0,0,0.660377358490566,0.339622641509434,1,1.33962264150943
55,"survival",4,"Smooth nonlinear misspecified","BRP-GABLE rule-only",TRUE,"C-index",0.807659334850261,547.55,NA,51,51,0,33,18,0,0,0,0.647058823529412,0.352941176470588,1,1.35294117647059
55,"survival",4,"Smooth nonlinear misspecified","GABLE",TRUE,"C-index",0.696966144935531,12.380000000001,NA,5,5,0,5,0,0,0,0,1,0,1,1
55,"survival",4,"Smooth nonlinear misspecified","GBM",TRUE,"C-index",0.808651083683836,0.0900000000001455,NA,NA,NA,NA,NA,NA,NA,NA,NA,NA,NA,NA,NA
55,"survival",4,"Smooth nonlinear misspecified","Linear",TRUE,"C-index",0.663876439357374,0.0300000000006548,NA,20,0,20,20,0,0,0,0,1,0,1,1
55,"survival",4,"Smooth nonlinear misspecified","Random forest",TRUE,"C-index",0.789094210393252,0.719999999999345,NA,NA,NA,NA,NA,NA,NA,NA,NA,NA,NA,NA,NA
55,"survival",4,"Smooth nonlinear misspecified","RuleFit",TRUE,"C-index",0.770202716679308,30.0900000000001,NA,25,25,0,4,11,10,0,0,0.16,0.44,0.6,2.24
56,"survival",4,"Smooth nonlinear misspecified","BRP-GABLE full",TRUE,"C-index",0.81773858027064,554.58,NA,66,63,3,56,10,0,0,0,0.848484848484849,0.151515151515152,1,1.15151515151515
56,"survival",4,"Smooth nonlinear misspecified","BRP-GABLE rule-only",TRUE,"C-index",0.81520992175252,551.810000000001,NA,59,59,0,49,10,0,0,0,0.830508474576271,0.169491525423729,1,1.16949152542373
56,"survival",4,"Smooth nonlinear misspecified","GABLE",TRUE,"C-index",0.723050743222939,11.6899999999987,NA,5,5,0,4,1,0,0,0,0.8,0.2,1,1.2
56,"survival",4,"Smooth nonlinear misspecified","GBM",TRUE,"C-index",0.826483475781485,0.0799999999999272,NA,NA,NA,NA,NA,NA,NA,NA,NA,NA,NA,NA,NA
56,"survival",4,"Smooth nonlinear misspecified","Linear",TRUE,"C-index",0.655373311995229,0.0300000000006548,NA,20,0,20,20,0,0,0,0,1,0,1,1
56,"survival",4,"Smooth nonlinear misspecified","Random forest",TRUE,"C-index",0.804420901092297,0.780000000000655,NA,NA,NA,NA,NA,NA,NA,NA,NA,NA,NA,NA,NA
56,"survival",4,"Smooth nonlinear misspecified","RuleFit",TRUE,"C-index",0.792923716277759,26,NA,27,27,0,8,17,2,0,0,0.296296296296296,0.62962962962963,0.925925925925926,1.77777777777778
57,"survival",4,"Smooth nonlinear misspecified","BRP-GABLE full",TRUE,"C-index",0.825382625416749,544.779999999999,NA,70,67,3,49,21,0,0,0,0.7,0.3,1,1.3
57,"survival",4,"Smooth nonlinear misspecified","BRP-GABLE rule-only",TRUE,"C-index",0.824247084484245,556.909999999998,NA,71,71,0,50,21,0,0,0,0.704225352112676,0.295774647887324,1,1.29577464788732
57,"survival",4,"Smooth nonlinear misspecified","GABLE",TRUE,"C-index",0.683630226370373,11.5200000000004,NA,5,5,0,4,1,0,0,0,0.8,0.2,1,1.2
57,"survival",4,"Smooth nonlinear misspecified","GBM",TRUE,"C-index",0.816581894981485,0.110000000000582,NA,NA,NA,NA,NA,NA,NA,NA,NA,NA,NA,NA,NA
57,"survival",4,"Smooth nonlinear misspecified","Linear",TRUE,"C-index",0.664004389989717,0.0299999999988358,NA,20,0,20,20,0,0,0,0,1,0,1,1
57,"survival",4,"Smooth nonlinear misspecified","Random forest",TRUE,"C-index",0.786234707664498,0.729999999999563,NA,NA,NA,NA,NA,NA,NA,NA,NA,NA,NA,NA,NA
57,"survival",4,"Smooth nonlinear misspecified","RuleFit",TRUE,"C-index",0.721989606053759,25.0900000000001,NA,13,13,0,1,5,7,0,0,0.0769230769230769,0.384615384615385,0.461538461538462,2.46153846153846
58,"survival",4,"Smooth nonlinear misspecified","BRP-GABLE full",TRUE,"C-index",0.823525727858084,556.48,NA,62,60,2,44,18,0,0,0,0.709677419354839,0.290322580645161,1,1.29032258064516
58,"survival",4,"Smooth nonlinear misspecified","BRP-GABLE rule-only",TRUE,"C-index",0.827191692490397,552.710000000001,NA,73,73,0,53,20,0,0,0,0.726027397260274,0.273972602739726,1,1.27397260273973
58,"survival",4,"Smooth nonlinear misspecified","GABLE",TRUE,"C-index",0.709696424263792,12.0599999999995,NA,5,5,0,5,0,0,0,0,1,0,1,1
58,"survival",4,"Smooth nonlinear misspecified","GBM",TRUE,"C-index",0.821563433597447,0.0799999999999272,NA,NA,NA,NA,NA,NA,NA,NA,NA,NA,NA,NA,NA
58,"survival",4,"Smooth nonlinear misspecified","Linear",TRUE,"C-index",0.63955484218144,0.0200000000004366,NA,20,0,20,20,0,0,0,0,1,0,1,1
58,"survival",4,"Smooth nonlinear misspecified","Random forest",TRUE,"C-index",0.796039691228591,0.719999999999345,NA,NA,NA,NA,NA,NA,NA,NA,NA,NA,NA,NA,NA
58,"survival",4,"Smooth nonlinear misspecified","RuleFit",TRUE,"C-index",0.689112050249578,32.4500000000007,NA,12,12,0,2,8,2,0,0,0.166666666666667,0.666666666666667,0.833333333333333,2
59,"survival",4,"Smooth nonlinear misspecified","BRP-GABLE full",TRUE,"C-index",0.829303208684154,551.32,NA,81,79,2,66,15,0,0,0,0.814814814814815,0.185185185185185,1,1.18518518518519
59,"survival",4,"Smooth nonlinear misspecified","BRP-GABLE rule-only",TRUE,"C-index",0.828612994159902,547.220000000001,NA,78,78,0,65,13,0,0,0,0.833333333333333,0.166666666666667,1,1.16666666666667
59,"survival",4,"Smooth nonlinear misspecified","GABLE",TRUE,"C-index",0.718547017088038,12.4400000000005,NA,5,5,0,5,0,0,0,0,1,0,1,1
59,"survival",4,"Smooth nonlinear misspecified","GBM",TRUE,"C-index",0.824444981536181,0.110000000000582,NA,NA,NA,NA,NA,NA,NA,NA,NA,NA,NA,NA,NA
59,"survival",4,"Smooth nonlinear misspecified","Linear",TRUE,"C-index",0.653842310382732,0.0299999999988358,NA,20,0,20,20,0,0,0,0,1,0,1,1
59,"survival",4,"Smooth nonlinear misspecified","Random forest",TRUE,"C-index",0.796107840790516,0.739999999999782,NA,NA,NA,NA,NA,NA,NA,NA,NA,NA,NA,NA,NA
59,"survival",4,"Smooth nonlinear misspecified","RuleFit",TRUE,"C-index",0.776375142051727,23.9499999999989,NA,12,12,0,0,6,6,0,0,0,0.5,0.5,2.5
60,"survival",4,"Smooth nonlinear misspecified","BRP-GABLE full",TRUE,"C-index",0.8134831151057,561.15,NA,70,68,2,61,9,0,0,0,0.871428571428571,0.128571428571429,1,1.12857142857143
60,"survival",4,"Smooth nonlinear misspecified","BRP-GABLE rule-only",TRUE,"C-index",0.813938936065657,556.02,NA,64,64,0,55,9,0,0,0,0.859375,0.140625,1,1.140625
60,"survival",4,"Smooth nonlinear misspecified","GABLE",TRUE,"C-index",0.720500231929053,12.6499999999996,NA,5,5,0,5,0,0,0,0,1,0,1,1
60,"survival",4,"Smooth nonlinear misspecified","GBM",TRUE,"C-index",0.808126931785303,0.0900000000001455,NA,NA,NA,NA,NA,NA,NA,NA,NA,NA,NA,NA,NA
60,"survival",4,"Smooth nonlinear misspecified","Linear",TRUE,"C-index",0.653440587124952,0.0200000000004366,NA,20,0,20,20,0,0,0,0,1,0,1,1
60,"survival",4,"Smooth nonlinear misspecified","Random forest",TRUE,"C-index",0.786581641322868,0.739999999999782,NA,NA,NA,NA,NA,NA,NA,NA,NA,NA,NA,NA,NA
60,"survival",4,"Smooth nonlinear misspecified","RuleFit",TRUE,"C-index",0.746494656446479,35.9400000000005,NA,26,26,0,1,18,7,0,0,0.0384615384615385,0.692307692307692,0.730769230769231,2.23076923076923
61,"survival",4,"Smooth nonlinear misspecified","BRP-GABLE full",TRUE,"C-index",0.823104102215145,683.32,NA,87,84,3,64,23,0,0,0,0.735632183908046,0.264367816091954,1,1.26436781609195
61,"survival",4,"Smooth nonlinear misspecified","BRP-GABLE rule-only",TRUE,"C-index",0.823478242569222,674.52,NA,84,84,0,64,20,0,0,0,0.761904761904762,0.238095238095238,1,1.23809523809524
61,"survival",4,"Smooth nonlinear misspecified","GABLE",TRUE,"C-index",0.701811306989176,12.3199999999997,NA,5,5,0,5,0,0,0,0,1,0,1,1
61,"survival",4,"Smooth nonlinear misspecified","GBM",TRUE,"C-index",0.809609327319027,0.0900000000001455,NA,NA,NA,NA,NA,NA,NA,NA,NA,NA,NA,NA,NA
61,"survival",4,"Smooth nonlinear misspecified","Linear",TRUE,"C-index",0.6420131557102,0.0200000000004366,NA,20,0,20,20,0,0,0,0,1,0,1,1
61,"survival",4,"Smooth nonlinear misspecified","Random forest",TRUE,"C-index",0.793158843625701,0.729999999999563,NA,NA,NA,NA,NA,NA,NA,NA,NA,NA,NA,NA,NA
61,"survival",4,"Smooth nonlinear misspecified","RuleFit",TRUE,"C-index",0.726018187897963,54.9500000000007,NA,15,15,0,1,11,3,0,0,0.0666666666666667,0.733333333333333,0.8,2.13333333333333
62,"survival",4,"Smooth nonlinear misspecified","BRP-GABLE full",TRUE,"C-index",0.824214706272347,919.82,NA,76,74,2,58,18,0,0,0,0.763157894736842,0.236842105263158,1,1.23684210526316
62,"survival",4,"Smooth nonlinear misspecified","BRP-GABLE rule-only",TRUE,"C-index",0.824478738970528,906.82,NA,77,77,0,59,18,0,0,0,0.766233766233766,0.233766233766234,1,1.23376623376623
62,"survival",4,"Smooth nonlinear misspecified","GABLE",TRUE,"C-index",0.699814595541453,12.2800000000007,NA,5,5,0,5,0,0,0,0,1,0,1,1
62,"survival",4,"Smooth nonlinear misspecified","GBM",TRUE,"C-index",0.821867490479702,0.0900000000001455,NA,NA,NA,NA,NA,NA,NA,NA,NA,NA,NA,NA,NA
62,"survival",4,"Smooth nonlinear misspecified","Linear",TRUE,"C-index",0.67450700326377,0.0299999999988358,NA,20,0,20,20,0,0,0,0,1,0,1,1
62,"survival",4,"Smooth nonlinear misspecified","Random forest",TRUE,"C-index",0.798153399508225,0.739999999999782,NA,NA,NA,NA,NA,NA,NA,NA,NA,NA,NA,NA,NA
62,"survival",4,"Smooth nonlinear misspecified","RuleFit",TRUE,"C-index",0.732479046039393,25.2899999999991,NA,10,10,0,0,6,4,0,0,0,0.6,0.6,2.4
63,"survival",4,"Smooth nonlinear misspecified","BRP-GABLE full",TRUE,"C-index",0.821942511816711,687.939999999999,NA,69,68,1,44,25,0,0,0,0.63768115942029,0.36231884057971,1,1.36231884057971
63,"survival",4,"Smooth nonlinear misspecified","BRP-GABLE rule-only",TRUE,"C-index",0.810988626701652,555.960000000001,NA,57,57,0,31,26,0,0,0,0.543859649122807,0.456140350877193,1,1.45614035087719
63,"survival",4,"Smooth nonlinear misspecified","GABLE",TRUE,"C-index",0.714387588111063,13.25,NA,5,5,0,5,0,0,0,0,1,0,1,1
63,"survival",4,"Smooth nonlinear misspecified","GBM",TRUE,"C-index",0.816094725678604,0.0900000000001455,NA,NA,NA,NA,NA,NA,NA,NA,NA,NA,NA,NA,NA
63,"survival",4,"Smooth nonlinear misspecified","Linear",TRUE,"C-index",0.668414412272923,0.0200000000004366,NA,20,0,20,20,0,0,0,0,1,0,1,1
63,"survival",4,"Smooth nonlinear misspecified","Random forest",TRUE,"C-index",0.797312555426544,0.869999999998981,NA,NA,NA,NA,NA,NA,NA,NA,NA,NA,NA,NA,NA
63,"survival",4,"Smooth nonlinear misspecified","RuleFit",TRUE,"C-index",0.761693286645517,192.360000000001,NA,21,21,0,2,13,6,0,0,0.0952380952380952,0.619047619047619,0.714285714285714,2.19047619047619
64,"survival",4,"Smooth nonlinear misspecified","BRP-GABLE full",TRUE,"C-index",0.830433599084634,550.390000000001,NA,67,66,1,49,18,0,0,0,0.73134328358209,0.26865671641791,1,1.26865671641791
64,"survival",4,"Smooth nonlinear misspecified","BRP-GABLE rule-only",TRUE,"C-index",0.829096768537999,545.460000000001,NA,75,75,0,56,19,0,0,0,0.746666666666667,0.253333333333333,1,1.25333333333333
64,"survival",4,"Smooth nonlinear misspecified","GABLE",TRUE,"C-index",0.725014302587384,11.9699999999993,NA,5,5,0,5,0,0,0,0,1,0,1,1
64,"survival",4,"Smooth nonlinear misspecified","GBM",TRUE,"C-index",0.82170094673901,0.070000000001528,NA,NA,NA,NA,NA,NA,NA,NA,NA,NA,NA,NA,NA
64,"survival",4,"Smooth nonlinear misspecified","Linear",TRUE,"C-index",0.668447569482892,0.0299999999988358,NA,20,0,20,20,0,0,0,0,1,0,1,1
64,"survival",4,"Smooth nonlinear misspecified","Random forest",TRUE,"C-index",0.803256376185731,0.889999999999418,NA,NA,NA,NA,NA,NA,NA,NA,NA,NA,NA,NA,NA
64,"survival",4,"Smooth nonlinear misspecified","RuleFit",TRUE,"C-index",0.771659192411324,28.3600000000006,NA,19,19,0,1,9,9,0,0,0.0526315789473684,0.473684210526316,0.526315789473684,2.42105263157895
65,"survival",4,"Smooth nonlinear misspecified","BRP-GABLE full",TRUE,"C-index",0.820853359924142,752.34,NA,76,75,1,55,21,0,0,0,0.723684210526316,0.276315789473684,1,1.27631578947368
65,"survival",4,"Smooth nonlinear misspecified","BRP-GABLE rule-only",TRUE,"C-index",0.818247476241843,559.029999999999,NA,71,71,0,53,18,0,0,0,0.746478873239437,0.253521126760563,1,1.25352112676056
65,"survival",4,"Smooth nonlinear misspecified","GABLE",TRUE,"C-index",0.732049457039614,11.9799999999996,NA,5,5,0,4,1,0,0,0,0.8,0.2,1,1.2
65,"survival",4,"Smooth nonlinear misspecified","GBM",TRUE,"C-index",0.810283047660762,0.110000000000582,NA,NA,NA,NA,NA,NA,NA,NA,NA,NA,NA,NA,NA
65,"survival",4,"Smooth nonlinear misspecified","Linear",TRUE,"C-index",0.655645925991506,0.0199999999986176,NA,20,0,20,20,0,0,0,0,1,0,1,1
65,"survival",4,"Smooth nonlinear misspecified","Random forest",TRUE,"C-index",0.784831124292614,0.700000000000728,NA,NA,NA,NA,NA,NA,NA,NA,NA,NA,NA,NA,NA
65,"survival",4,"Smooth nonlinear misspecified","RuleFit",TRUE,"C-index",0.744414881844085,24.9899999999998,NA,15,15,0,1,10,4,0,0,0.0666666666666667,0.666666666666667,0.733333333333333,2.2
66,"survival",4,"Smooth nonlinear misspecified","BRP-GABLE full",TRUE,"C-index",0.808647746940935,773.27,NA,60,59,1,43,17,0,0,0,0.716666666666667,0.283333333333333,1,1.28333333333333
66,"survival",4,"Smooth nonlinear misspecified","BRP-GABLE rule-only",TRUE,"C-index",0.807730143336411,562.09,NA,64,64,0,47,17,0,0,0,0.734375,0.265625,1,1.265625
66,"survival",4,"Smooth nonlinear misspecified","GABLE",TRUE,"C-index",0.724933528841291,10.9600000000009,NA,5,5,0,4,1,0,0,0,0.8,0.2,1,1.2
66,"survival",4,"Smooth nonlinear misspecified","GBM",TRUE,"C-index",0.805889135851736,0.100000000000364,NA,NA,NA,NA,NA,NA,NA,NA,NA,NA,NA,NA,NA
66,"survival",4,"Smooth nonlinear misspecified","Linear",TRUE,"C-index",0.671801844023628,0.0100000000002183,NA,20,0,20,20,0,0,0,0,1,0,1,1
66,"survival",4,"Smooth nonlinear misspecified","Random forest",TRUE,"C-index",0.791173836580714,0.789999999999054,NA,NA,NA,NA,NA,NA,NA,NA,NA,NA,NA,NA,NA
66,"survival",4,"Smooth nonlinear misspecified","RuleFit",TRUE,"C-index",0.700030625455322,29.5599999999995,NA,20,20,0,3,13,4,0,0,0.15,0.65,0.8,2.05
67,"survival",4,"Smooth nonlinear misspecified","BRP-GABLE full",TRUE,"C-index",0.828468081630748,977.58,NA,70,68,2,49,21,0,0,0,0.7,0.3,1,1.3
67,"survival",4,"Smooth nonlinear misspecified","BRP-GABLE rule-only",TRUE,"C-index",0.828968647538593,814.480000000001,NA,73,73,0,51,22,0,0,0,0.698630136986301,0.301369863013699,1,1.3013698630137
67,"survival",4,"Smooth nonlinear misspecified","GABLE",TRUE,"C-index",0.733502911216644,10.9099999999999,NA,5,5,0,3,2,0,0,0,0.6,0.4,1,1.4
67,"survival",4,"Smooth nonlinear misspecified","GBM",TRUE,"C-index",0.822938520238498,0.100000000000364,NA,NA,NA,NA,NA,NA,NA,NA,NA,NA,NA,NA,NA
67,"survival",4,"Smooth nonlinear misspecified","Linear",TRUE,"C-index",0.663454021446157,0.0299999999988358,NA,20,0,20,20,0,0,0,0,1,0,1,1
67,"survival",4,"Smooth nonlinear misspecified","Random forest",TRUE,"C-index",0.806629872933269,0.729999999999563,NA,NA,NA,NA,NA,NA,NA,NA,NA,NA,NA,NA,NA
67,"survival",4,"Smooth nonlinear misspecified","RuleFit",TRUE,"C-index",0.712605159679358,21.9200000000001,NA,14,14,0,0,10,4,0,0,0,0.714285714285714,0.714285714285714,2.28571428571429
68,"survival",4,"Smooth nonlinear misspecified","BRP-GABLE full",TRUE,"C-index",0.833036835496023,553.84,NA,72,69,3,52,20,0,0,0,0.722222222222222,0.277777777777778,1,1.27777777777778
68,"survival",4,"Smooth nonlinear misspecified","BRP-GABLE rule-only",TRUE,"C-index",0.831363632227419,547.330000000002,NA,73,73,0,51,22,0,0,0,0.698630136986301,0.301369863013699,1,1.3013698630137
68,"survival",4,"Smooth nonlinear misspecified","GABLE",TRUE,"C-index",0.721122172275101,11.8600000000006,NA,5,5,0,4,1,0,0,0,0.8,0.2,1,1.2
68,"survival",4,"Smooth nonlinear misspecified","GBM",TRUE,"C-index",0.820964975339873,0.0900000000001455,NA,NA,NA,NA,NA,NA,NA,NA,NA,NA,NA,NA,NA
68,"survival",4,"Smooth nonlinear misspecified","Linear",TRUE,"C-index",0.655563543050576,0.0200000000004366,NA,20,0,20,20,0,0,0,0,1,0,1,1
68,"survival",4,"Smooth nonlinear misspecified","Random forest",TRUE,"C-index",0.798037199483138,0.909999999999854,NA,NA,NA,NA,NA,NA,NA,NA,NA,NA,NA,NA,NA
68,"survival",4,"Smooth nonlinear misspecified","RuleFit",TRUE,"C-index",0.747905936629843,33.2199999999993,NA,21,21,0,0,14,7,0,0,0,0.666666666666667,0.666666666666667,2.33333333333333
69,"survival",4,"Smooth nonlinear misspecified","BRP-GABLE full",TRUE,"C-index",0.824665407244497,514.360000000001,NA,65,63,2,39,26,0,0,0,0.6,0.4,1,1.4
69,"survival",4,"Smooth nonlinear misspecified","BRP-GABLE rule-only",TRUE,"C-index",0.823542265832065,568.269999999999,NA,72,72,0,46,26,0,0,0,0.638888888888889,0.361111111111111,1,1.36111111111111
69,"survival",4,"Smooth nonlinear misspecified","GABLE",TRUE,"C-index",0.68510451324273,12.2200000000012,NA,5,5,0,5,0,0,0,0,1,0,1,1
69,"survival",4,"Smooth nonlinear misspecified","GBM",TRUE,"C-index",0.813525630181018,0.0799999999999272,NA,NA,NA,NA,NA,NA,NA,NA,NA,NA,NA,NA,NA
69,"survival",4,"Smooth nonlinear misspecified","Linear",TRUE,"C-index",0.659815034117183,0.0300000000006548,NA,20,0,20,20,0,0,0,0,1,0,1,1
69,"survival",4,"Smooth nonlinear misspecified","Random forest",TRUE,"C-index",0.794523863230512,0.719999999999345,NA,NA,NA,NA,NA,NA,NA,NA,NA,NA,NA,NA,NA
69,"survival",4,"Smooth nonlinear misspecified","RuleFit",TRUE,"C-index",0.737896858963514,37.2600000000002,NA,25,25,0,4,14,7,0,0,0.16,0.56,0.72,2.12
70,"survival",4,"Smooth nonlinear misspecified","BRP-GABLE full",TRUE,"C-index",0.818835344517177,539.539999999999,NA,58,57,1,50,8,0,0,0,0.862068965517241,0.137931034482759,1,1.13793103448276
70,"survival",4,"Smooth nonlinear misspecified","BRP-GABLE rule-only",TRUE,"C-index",0.819582036912225,537.209999999999,NA,64,64,0,56,8,0,0,0,0.875,0.125,1,1.125
70,"survival",4,"Smooth nonlinear misspecified","GABLE",TRUE,"C-index",0.728531728079327,11.8400000000001,NA,5,5,0,5,0,0,0,0,1,0,1,1
70,"survival",4,"Smooth nonlinear misspecified","GBM",TRUE,"C-index",0.811935075846405,0.069999999999709,NA,NA,NA,NA,NA,NA,NA,NA,NA,NA,NA,NA,NA
70,"survival",4,"Smooth nonlinear misspecified","Linear",TRUE,"C-index",0.653620130919297,0.0199999999986176,NA,20,0,20,20,0,0,0,0,1,0,1,1
70,"survival",4,"Smooth nonlinear misspecified","Random forest",TRUE,"C-index",0.7860859007857,0.800000000001091,NA,NA,NA,NA,NA,NA,NA,NA,NA,NA,NA,NA,NA
70,"survival",4,"Smooth nonlinear misspecified","RuleFit",TRUE,"C-index",0.69310134704693,27.1800000000003,NA,17,17,0,1,12,4,0,0,0.0588235294117647,0.705882352941177,0.764705882352941,2.17647058823529
71,"survival",4,"Smooth nonlinear misspecified","BRP-GABLE full",TRUE,"C-index",0.828081717044747,526.049999999999,NA,73,70,3,55,18,0,0,0,0.753424657534247,0.246575342465753,1,1.24657534246575
71,"survival",4,"Smooth nonlinear misspecified","BRP-GABLE rule-only",TRUE,"C-index",0.828037075760958,523.420000000002,NA,76,76,0,56,20,0,0,0,0.736842105263158,0.263157894736842,1,1.26315789473684
71,"survival",4,"Smooth nonlinear misspecified","GABLE",TRUE,"C-index",0.697326222055144,11.75,NA,5,5,0,5,0,0,0,0,1,0,1,1
71,"survival",4,"Smooth nonlinear misspecified","GBM",TRUE,"C-index",0.820128519906488,0.109999999998763,NA,NA,NA,NA,NA,NA,NA,NA,NA,NA,NA,NA,NA
71,"survival",4,"Smooth nonlinear misspecified","Linear",TRUE,"C-index",0.642785146200204,0.0300000000006548,NA,20,0,20,20,0,0,0,0,1,0,1,1
71,"survival",4,"Smooth nonlinear misspecified","Random forest",TRUE,"C-index",0.795206935845776,0.670000000000073,NA,NA,NA,NA,NA,NA,NA,NA,NA,NA,NA,NA,NA
71,"survival",4,"Smooth nonlinear misspecified","RuleFit",TRUE,"C-index",0.754765457044512,23.6700000000001,NA,15,15,0,3,7,5,0,0,0.2,0.466666666666667,0.666666666666667,2.13333333333333
72,"survival",4,"Smooth nonlinear misspecified","BRP-GABLE full",TRUE,"C-index",0.811825202295062,543.870000000001,NA,73,72,1,56,17,0,0,0,0.767123287671233,0.232876712328767,1,1.23287671232877
72,"survival",4,"Smooth nonlinear misspecified","BRP-GABLE rule-only",TRUE,"C-index",0.811245897553072,541.490000000002,NA,72,72,0,56,16,0,0,0,0.777777777777778,0.222222222222222,1,1.22222222222222
72,"survival",4,"Smooth nonlinear misspecified","GABLE",TRUE,"C-index",0.70965638689248,12.1999999999989,NA,5,5,0,5,0,0,0,0,1,0,1,1
72,"survival",4,"Smooth nonlinear misspecified","GBM",TRUE,"C-index",0.801357327166392,0.069999999999709,NA,NA,NA,NA,NA,NA,NA,NA,NA,NA,NA,NA,NA
72,"survival",4,"Smooth nonlinear misspecified","Linear",TRUE,"C-index",0.645056984199521,0.0200000000004366,NA,20,0,20,20,0,0,0,0,1,0,1,1
72,"survival",4,"Smooth nonlinear misspecified","Random forest",TRUE,"C-index",0.782361439999261,0.710000000000946,NA,NA,NA,NA,NA,NA,NA,NA,NA,NA,NA,NA,NA
72,"survival",4,"Smooth nonlinear misspecified","RuleFit",TRUE,"C-index",0.709030922410092,21.9799999999996,NA,20,20,0,8,8,4,0,0,0.4,0.4,0.8,1.8
73,"survival",4,"Smooth nonlinear misspecified","BRP-GABLE full",TRUE,"C-index",0.793315423514539,527.360000000001,NA,52,51,1,34,18,0,0,0,0.653846153846154,0.346153846153846,1,1.34615384615385
73,"survival",4,"Smooth nonlinear misspecified","BRP-GABLE rule-only",TRUE,"C-index",0.7947941123352,523.639999999999,NA,56,56,0,39,17,0,0,0,0.696428571428571,0.303571428571429,1,1.30357142857143
73,"survival",4,"Smooth nonlinear misspecified","GABLE",TRUE,"C-index",0.691162858948889,11.5,NA,5,5,0,5,0,0,0,0,1,0,1,1
73,"survival",4,"Smooth nonlinear misspecified","GBM",TRUE,"C-index",0.79756298537114,0.109999999998763,NA,NA,NA,NA,NA,NA,NA,NA,NA,NA,NA,NA,NA
73,"survival",4,"Smooth nonlinear misspecified","Linear",TRUE,"C-index",0.659750316055626,0.0200000000004366,NA,20,0,20,20,0,0,0,0,1,0,1,1
73,"survival",4,"Smooth nonlinear misspecified","Random forest",TRUE,"C-index",0.779372855336825,0.840000000000146,NA,NA,NA,NA,NA,NA,NA,NA,NA,NA,NA,NA,NA
73,"survival",4,"Smooth nonlinear misspecified","RuleFit",TRUE,"C-index",0.691908975979772,25.3000000000011,NA,12,12,0,2,8,2,0,0,0.166666666666667,0.666666666666667,0.833333333333333,2
74,"survival",4,"Smooth nonlinear misspecified","BRP-GABLE full",TRUE,"C-index",0.816382048583497,517.5,NA,53,52,1,27,26,0,0,0,0.509433962264151,0.490566037735849,1,1.49056603773585
74,"survival",4,"Smooth nonlinear misspecified","BRP-GABLE rule-only",TRUE,"C-index",0.816091557176804,514.549999999999,NA,56,56,0,30,26,0,0,0,0.535714285714286,0.464285714285714,1,1.46428571428571
74,"survival",4,"Smooth nonlinear misspecified","GABLE",TRUE,"C-index",0.722305692202925,11.7800000000007,NA,5,5,0,5,0,0,0,0,1,0,1,1
74,"survival",4,"Smooth nonlinear misspecified","GBM",TRUE,"C-index",0.806386286900742,0.110000000000582,NA,NA,NA,NA,NA,NA,NA,NA,NA,NA,NA,NA,NA
74,"survival",4,"Smooth nonlinear misspecified","Linear",TRUE,"C-index",0.666694445899547,0.00999999999839929,NA,20,0,20,20,0,0,0,0,1,0,1,1
74,"survival",4,"Smooth nonlinear misspecified","Random forest",TRUE,"C-index",0.78571496602203,0.75,NA,NA,NA,NA,NA,NA,NA,NA,NA,NA,NA,NA,NA
74,"survival",4,"Smooth nonlinear misspecified","RuleFit",TRUE,"C-index",0.734351561272257,23.5200000000004,NA,13,13,0,0,10,3,0,0,0,0.769230769230769,0.769230769230769,2.23076923076923
75,"survival",4,"Smooth nonlinear misspecified","BRP-GABLE full",TRUE,"C-index",0.82539928228013,528.269999999999,NA,55,54,1,35,20,0,0,0,0.636363636363636,0.363636363636364,1,1.36363636363636
75,"survival",4,"Smooth nonlinear misspecified","BRP-GABLE rule-only",TRUE,"C-index",0.811998590278158,523.92,NA,65,65,0,41,24,0,0,0,0.630769230769231,0.369230769230769,1,1.36923076923077
75,"survival",4,"Smooth nonlinear misspecified","GABLE",TRUE,"C-index",0.727327172150374,11.8600000000006,NA,5,5,0,5,0,0,0,0,1,0,1,1
75,"survival",4,"Smooth nonlinear misspecified","GBM",TRUE,"C-index",0.820123541164116,0.0799999999999272,NA,NA,NA,NA,NA,NA,NA,NA,NA,NA,NA,NA,NA
75,"survival",4,"Smooth nonlinear misspecified","Linear",TRUE,"C-index",0.663712283392191,0.0199999999986176,NA,20,0,20,20,0,0,0,0,1,0,1,1
75,"survival",4,"Smooth nonlinear misspecified","Random forest",TRUE,"C-index",0.798195460790921,0.700000000000728,NA,NA,NA,NA,NA,NA,NA,NA,NA,NA,NA,NA,NA
75,"survival",4,"Smooth nonlinear misspecified","RuleFit",TRUE,"C-index",0.679095396734303,23.8400000000001,NA,17,17,0,1,14,2,0,0,0.0588235294117647,0.823529411764706,0.882352941176471,2.05882352941176
76,"survival",4,"Smooth nonlinear misspecified","BRP-GABLE full",TRUE,"C-index",0.831748472651311,535.639999999999,NA,69,68,1,53,16,0,0,0,0.768115942028985,0.231884057971014,1,1.23188405797101
76,"survival",4,"Smooth nonlinear misspecified","BRP-GABLE rule-only",TRUE,"C-index",0.831120858557553,532.51,NA,69,69,0,52,17,0,0,0,0.753623188405797,0.246376811594203,1,1.2463768115942
76,"survival",4,"Smooth nonlinear misspecified","GABLE",TRUE,"C-index",0.739460251879368,11.6600000000017,NA,5,5,0,5,0,0,0,0,1,0,1,1
76,"survival",4,"Smooth nonlinear misspecified","GBM",TRUE,"C-index",0.822523008656906,0.0799999999999272,NA,NA,NA,NA,NA,NA,NA,NA,NA,NA,NA,NA,NA
76,"survival",4,"Smooth nonlinear misspecified","Linear",TRUE,"C-index",0.671431284362451,0.0100000000002183,NA,20,0,20,20,0,0,0,0,1,0,1,1
76,"survival",4,"Smooth nonlinear misspecified","Random forest",TRUE,"C-index",0.805692066124124,0.699999999998909,NA,NA,NA,NA,NA,NA,NA,NA,NA,NA,NA,NA,NA
76,"survival",4,"Smooth nonlinear misspecified","RuleFit",TRUE,"C-index",0.714510854713127,23.7999999999993,NA,11,11,0,4,5,2,0,0,0.363636363636364,0.454545454545455,0.818181818181818,1.81818181818182
77,"survival",4,"Smooth nonlinear misspecified","BRP-GABLE full",TRUE,"C-index",0.81872998871962,527.48,NA,66,65,1,42,24,0,0,0,0.636363636363636,0.363636363636364,1,1.36363636363636
77,"survival",4,"Smooth nonlinear misspecified","BRP-GABLE rule-only",TRUE,"C-index",0.818796075795039,524.300000000001,NA,66,66,0,42,24,0,0,0,0.636363636363636,0.363636363636364,1,1.36363636363636
77,"survival",4,"Smooth nonlinear misspecified","GABLE",TRUE,"C-index",0.718191037225254,11.9099999999999,NA,5,5,0,5,0,0,0,0,1,0,1,1
77,"survival",4,"Smooth nonlinear misspecified","GBM",TRUE,"C-index",0.811368116404407,0.0799999999999272,NA,NA,NA,NA,NA,NA,NA,NA,NA,NA,NA,NA,NA
77,"survival",4,"Smooth nonlinear misspecified","Linear",TRUE,"C-index",0.647874388979411,0.0100000000002183,NA,20,0,20,20,0,0,0,0,1,0,1,1
77,"survival",4,"Smooth nonlinear misspecified","Random forest",TRUE,"C-index",0.789154883037271,0.81000000000131,NA,NA,NA,NA,NA,NA,NA,NA,NA,NA,NA,NA,NA
77,"survival",4,"Smooth nonlinear misspecified","RuleFit",TRUE,"C-index",0.755537071431013,59.6899999999987,NA,13,13,0,0,10,3,0,0,0,0.769230769230769,0.769230769230769,2.23076923076923
78,"survival",4,"Smooth nonlinear misspecified","BRP-GABLE full",TRUE,"C-index",0.829316872427984,502.940000000001,NA,56,55,1,28,28,0,0,0,0.5,0.5,1,1.5
78,"survival",4,"Smooth nonlinear misspecified","BRP-GABLE rule-only",TRUE,"C-index",0.829489711934156,501.790000000001,NA,63,63,0,30,33,0,0,0,0.476190476190476,0.523809523809524,1,1.52380952380952
78,"survival",4,"Smooth nonlinear misspecified","GABLE",TRUE,"C-index",0.711298059964727,11.4300000000003,NA,5,5,0,4,1,0,0,0,0.8,0.2,1,1.2
78,"survival",4,"Smooth nonlinear misspecified","GBM",TRUE,"C-index",0.81758024691358,0.0599999999994907,NA,NA,NA,NA,NA,NA,NA,NA,NA,NA,NA,NA,NA
78,"survival",4,"Smooth nonlinear misspecified","Linear",TRUE,"C-index",0.669740152851264,0.0100000000002183,NA,20,0,20,20,0,0,0,0,1,0,1,1
78,"survival",4,"Smooth nonlinear misspecified","Random forest",TRUE,"C-index",0.806934744268078,0.790000000000873,NA,NA,NA,NA,NA,NA,NA,NA,NA,NA,NA,NA,NA
78,"survival",4,"Smooth nonlinear misspecified","RuleFit",TRUE,"C-index",0.723151087595532,26.5699999999997,NA,14,14,0,1,8,5,0,0,0.0714285714285714,0.571428571428571,0.642857142857143,2.28571428571429
79,"survival",4,"Smooth nonlinear misspecified","BRP-GABLE full",TRUE,"C-index",0.828256009920769,538.25,NA,67,65,2,54,13,0,0,0,0.805970149253731,0.194029850746269,1,1.19402985074627
79,"survival",4,"Smooth nonlinear misspecified","BRP-GABLE rule-only",TRUE,"C-index",0.826597497896265,536.769999999999,NA,71,71,0,58,13,0,0,0,0.816901408450704,0.183098591549296,1,1.1830985915493
79,"survival",4,"Smooth nonlinear misspecified","GABLE",TRUE,"C-index",0.742037860228112,11.3500000000004,NA,5,5,0,4,1,0,0,0,0.8,0.2,1,1.2
79,"survival",4,"Smooth nonlinear misspecified","GBM",TRUE,"C-index",0.819965780806016,0.0799999999999272,NA,NA,NA,NA,NA,NA,NA,NA,NA,NA,NA,NA,NA
79,"survival",4,"Smooth nonlinear misspecified","Linear",TRUE,"C-index",0.662197347779365,0.0300000000006548,NA,20,0,20,20,0,0,0,0,1,0,1,1
79,"survival",4,"Smooth nonlinear misspecified","Random forest",TRUE,"C-index",0.807778106708873,0.680000000000291,NA,NA,NA,NA,NA,NA,NA,NA,NA,NA,NA,NA,NA
79,"survival",4,"Smooth nonlinear misspecified","RuleFit",TRUE,"C-index",0.696216075095746,22.9699999999993,NA,16,16,0,5,10,1,0,0,0.3125,0.625,0.9375,1.75
80,"survival",4,"Smooth nonlinear misspecified","BRP-GABLE full",TRUE,"C-index",0.832055686474925,527.860000000001,NA,75,74,1,52,23,0,0,0,0.693333333333333,0.306666666666667,1,1.30666666666667
80,"survival",4,"Smooth nonlinear misspecified","BRP-GABLE rule-only",TRUE,"C-index",0.827255046705091,520.500000000002,NA,71,71,0,47,24,0,0,0,0.661971830985915,0.338028169014085,1,1.33802816901408
80,"survival",4,"Smooth nonlinear misspecified","GABLE",TRUE,"C-index",0.706645183271344,11.5799999999999,NA,5,5,0,4,1,0,0,0,0.8,0.2,1,1.2
80,"survival",4,"Smooth nonlinear misspecified","GBM",TRUE,"C-index",0.825741981582957,0.110000000000582,NA,NA,NA,NA,NA,NA,NA,NA,NA,NA,NA,NA,NA
80,"survival",4,"Smooth nonlinear misspecified","Linear",TRUE,"C-index",0.656161570275309,0.0100000000002183,NA,20,0,20,20,0,0,0,0,1,0,1,1
80,"survival",4,"Smooth nonlinear misspecified","Random forest",TRUE,"C-index",0.806651808106906,0.770000000000437,NA,NA,NA,NA,NA,NA,NA,NA,NA,NA,NA,NA,NA
80,"survival",4,"Smooth nonlinear misspecified","RuleFit",TRUE,"C-index",0.724300370044386,96.6099999999988,NA,11,11,0,2,5,4,0,0,0.181818181818182,0.454545454545455,0.636363636363636,2.18181818181818
81,"survival",4,"Smooth nonlinear misspecified","BRP-GABLE full",TRUE,"C-index",0.840535468710832,898.190000000001,NA,84,79,5,70,14,0,0,0,0.833333333333333,0.166666666666667,1,1.16666666666667
81,"survival",4,"Smooth nonlinear misspecified","BRP-GABLE rule-only",TRUE,"C-index",0.837013079811921,710.380000000001,NA,79,79,0,63,16,0,0,0,0.79746835443038,0.20253164556962,1,1.20253164556962
81,"survival",4,"Smooth nonlinear misspecified","GABLE",TRUE,"C-index",0.734895429445625,12.4699999999993,NA,5,5,0,4,1,0,0,0,0.8,0.2,1,1.2
81,"survival",4,"Smooth nonlinear misspecified","GBM",TRUE,"C-index",0.833508261858631,0.110000000000582,NA,NA,NA,NA,NA,NA,NA,NA,NA,NA,NA,NA,NA
81,"survival",4,"Smooth nonlinear misspecified","Linear",TRUE,"C-index",0.669560796643247,0.0200000000004366,NA,20,0,20,20,0,0,0,0,1,0,1,1
81,"survival",4,"Smooth nonlinear misspecified","Random forest",TRUE,"C-index",0.810674232325386,0.719999999999345,NA,NA,NA,NA,NA,NA,NA,NA,NA,NA,NA,NA,NA
81,"survival",4,"Smooth nonlinear misspecified","RuleFit",TRUE,"C-index",0.705701888993794,27.1200000000008,NA,19,19,0,1,15,3,0,0,0.0526315789473684,0.789473684210526,0.842105263157895,2.10526315789474
82,"survival",4,"Smooth nonlinear misspecified","BRP-GABLE full",TRUE,"C-index",0.823898563223664,540.59,NA,72,71,1,54,18,0,0,0,0.75,0.25,1,1.25
82,"survival",4,"Smooth nonlinear misspecified","BRP-GABLE rule-only",TRUE,"C-index",0.822268886360717,535.519999999999,NA,72,72,0,54,18,0,0,0,0.75,0.25,1,1.25
82,"survival",4,"Smooth nonlinear misspecified","GABLE",TRUE,"C-index",0.721532836669908,11.8600000000006,NA,5,5,0,5,0,0,0,0,1,0,1,1
82,"survival",4,"Smooth nonlinear misspecified","GBM",TRUE,"C-index",0.818625337174523,0.0800000000017462,NA,NA,NA,NA,NA,NA,NA,NA,NA,NA,NA,NA,NA
82,"survival",4,"Smooth nonlinear misspecified","Linear",TRUE,"C-index",0.675679395196066,0.00999999999839929,NA,20,0,20,20,0,0,0,0,1,0,1,1
82,"survival",4,"Smooth nonlinear misspecified","Random forest",TRUE,"C-index",0.788976916160523,0.709999999999127,NA,NA,NA,NA,NA,NA,NA,NA,NA,NA,NA,NA,NA
82,"survival",4,"Smooth nonlinear misspecified","RuleFit",TRUE,"C-index",0.682316228416243,20.0100000000002,NA,8,8,0,5,2,1,0,0,0.625,0.25,0.875,1.5
83,"survival",4,"Smooth nonlinear misspecified","BRP-GABLE full",TRUE,"C-index",0.811572861498771,524.139999999999,NA,66,62,4,47,19,0,0,0,0.712121212121212,0.287878787878788,1,1.28787878787879
83,"survival",4,"Smooth nonlinear misspecified","BRP-GABLE rule-only",TRUE,"C-index",0.811569393940095,521.510000000002,NA,63,63,0,44,19,0,0,0,0.698412698412698,0.301587301587302,1,1.3015873015873
83,"survival",4,"Smooth nonlinear misspecified","GABLE",TRUE,"C-index",0.709834689919345,12.1900000000005,NA,5,5,0,4,1,0,0,0,0.8,0.2,1,1.2
83,"survival",4,"Smooth nonlinear misspecified","GBM",TRUE,"C-index",0.812052540449072,0.0799999999999272,NA,NA,NA,NA,NA,NA,NA,NA,NA,NA,NA,NA,NA
83,"survival",4,"Smooth nonlinear misspecified","Linear",TRUE,"C-index",0.666633532217088,0.0100000000002183,NA,20,0,20,20,0,0,0,0,1,0,1,1
83,"survival",4,"Smooth nonlinear misspecified","Random forest",TRUE,"C-index",0.795779287578511,0.719999999999345,NA,NA,NA,NA,NA,NA,NA,NA,NA,NA,NA,NA,NA
83,"survival",4,"Smooth nonlinear misspecified","RuleFit",TRUE,"C-index",0.710199939433309,27.7199999999993,NA,13,13,0,1,8,4,0,0,0.0769230769230769,0.615384615384615,0.692307692307692,2.23076923076923
84,"survival",4,"Smooth nonlinear misspecified","BRP-GABLE full",TRUE,"C-index",0.820970943872947,541.519999999999,NA,75,73,2,57,18,0,0,0,0.76,0.24,1,1.24
84,"survival",4,"Smooth nonlinear misspecified","BRP-GABLE rule-only",TRUE,"C-index",0.821190750535634,539.880000000001,NA,70,70,0,50,20,0,0,0,0.714285714285714,0.285714285714286,1,1.28571428571429
84,"survival",4,"Smooth nonlinear misspecified","GABLE",TRUE,"C-index",0.712406119417489,12.2799999999988,NA,5,5,0,4,1,0,0,0,0.8,0.2,1,1.2
84,"survival",4,"Smooth nonlinear misspecified","GBM",TRUE,"C-index",0.81385614926492,0.0800000000017462,NA,NA,NA,NA,NA,NA,NA,NA,NA,NA,NA,NA,NA
84,"survival",4,"Smooth nonlinear misspecified","Linear",TRUE,"C-index",0.653885487670003,0.0299999999988358,NA,20,0,20,20,0,0,0,0,1,0,1,1
84,"survival",4,"Smooth nonlinear misspecified","Random forest",TRUE,"C-index",0.791308613181921,0.739999999999782,NA,NA,NA,NA,NA,NA,NA,NA,NA,NA,NA,NA,NA
84,"survival",4,"Smooth nonlinear misspecified","RuleFit",TRUE,"C-index",0.758427850198289,24.3400000000001,NA,28,28,0,7,16,5,0,0,0.25,0.571428571428571,0.821428571428571,1.92857142857143
85,"survival",4,"Smooth nonlinear misspecified","BRP-GABLE full",TRUE,"C-index",0.814793718429238,521.639999999999,NA,63,62,1,47,16,0,0,0,0.746031746031746,0.253968253968254,1,1.25396825396825
85,"survival",4,"Smooth nonlinear misspecified","BRP-GABLE rule-only",TRUE,"C-index",0.813419971439003,518.970000000001,NA,67,67,0,52,15,0,0,0,0.776119402985075,0.223880597014925,1,1.22388059701493
85,"survival",4,"Smooth nonlinear misspecified","GABLE",TRUE,"C-index",0.714302219716331,12.0799999999999,NA,5,5,0,5,0,0,0,0,1,0,1,1
85,"survival",4,"Smooth nonlinear misspecified","GBM",TRUE,"C-index",0.804894421362517,0.0799999999999272,NA,NA,NA,NA,NA,NA,NA,NA,NA,NA,NA,NA,NA
85,"survival",4,"Smooth nonlinear misspecified","Linear",TRUE,"C-index",0.649252006895309,0.0100000000002183,NA,20,0,20,20,0,0,0,0,1,0,1,1
85,"survival",4,"Smooth nonlinear misspecified","Random forest",TRUE,"C-index",0.773302862107691,0.75,NA,NA,NA,NA,NA,NA,NA,NA,NA,NA,NA,NA,NA
85,"survival",4,"Smooth nonlinear misspecified","RuleFit",TRUE,"C-index",0.700607498879281,23.2199999999993,NA,12,12,0,2,7,3,0,0,0.166666666666667,0.583333333333333,0.75,2.08333333333333
86,"survival",4,"Smooth nonlinear misspecified","BRP-GABLE full",TRUE,"C-index",0.8253114175783,593.41,NA,75,73,2,55,20,0,0,0,0.733333333333333,0.266666666666667,1,1.26666666666667
86,"survival",4,"Smooth nonlinear misspecified","BRP-GABLE rule-only",TRUE,"C-index",0.823964530840165,539.110000000001,NA,72,72,0,52,20,0,0,0,0.722222222222222,0.277777777777778,1,1.27777777777778
86,"survival",4,"Smooth nonlinear misspecified","GABLE",TRUE,"C-index",0.711243019950831,11.7700000000004,NA,5,5,0,4,1,0,0,0,0.8,0.2,1,1.2
86,"survival",4,"Smooth nonlinear misspecified","GBM",TRUE,"C-index",0.8214249810362,0.110000000000582,NA,NA,NA,NA,NA,NA,NA,NA,NA,NA,NA,NA,NA
86,"survival",4,"Smooth nonlinear misspecified","Linear",TRUE,"C-index",0.669360440142937,0.0199999999986176,NA,20,0,20,20,0,0,0,0,1,0,1,1
86,"survival",4,"Smooth nonlinear misspecified","Random forest",TRUE,"C-index",0.801917400085908,0.680000000000291,NA,NA,NA,NA,NA,NA,NA,NA,NA,NA,NA,NA,NA
86,"survival",4,"Smooth nonlinear misspecified","RuleFit",TRUE,"C-index",0.726051919684881,21.369999999999,NA,13,13,0,0,12,1,0,0,0,0.923076923076923,0.923076923076923,2.07692307692308
87,"survival",4,"Smooth nonlinear misspecified","BRP-GABLE full",TRUE,"C-index",0.83026527620645,526.779999999999,NA,67,66,1,45,22,0,0,0,0.671641791044776,0.328358208955224,1,1.32835820895522
87,"survival",4,"Smooth nonlinear misspecified","BRP-GABLE rule-only",TRUE,"C-index",0.826132459223569,528.450000000001,NA,69,69,0,47,22,0,0,0,0.681159420289855,0.318840579710145,1,1.31884057971015
87,"survival",4,"Smooth nonlinear misspecified","GABLE",TRUE,"C-index",0.730580522560906,12.5300000000007,NA,5,5,0,5,0,0,0,0,1,0,1,1
87,"survival",4,"Smooth nonlinear misspecified","GBM",TRUE,"C-index",0.821968280223112,0.109999999998763,NA,NA,NA,NA,NA,NA,NA,NA,NA,NA,NA,NA,NA
87,"survival",4,"Smooth nonlinear misspecified","Linear",TRUE,"C-index",0.662059160380712,0.0100000000002183,NA,20,0,20,20,0,0,0,0,1,0,1,1
87,"survival",4,"Smooth nonlinear misspecified","Random forest",TRUE,"C-index",0.805838910739052,0.770000000000437,NA,NA,NA,NA,NA,NA,NA,NA,NA,NA,NA,NA,NA
87,"survival",4,"Smooth nonlinear misspecified","RuleFit",TRUE,"C-index",0.736359264688459,117.759999999998,NA,18,18,0,0,13,5,0,0,0,0.722222222222222,0.722222222222222,2.27777777777778
88,"survival",4,"Smooth nonlinear misspecified","BRP-GABLE full",TRUE,"C-index",0.811216442394451,521.889999999999,NA,73,70,3,55,18,0,0,0,0.753424657534247,0.246575342465753,1,1.24657534246575
88,"survival",4,"Smooth nonlinear misspecified","BRP-GABLE rule-only",TRUE,"C-index",0.810568995562005,520.109999999999,NA,65,65,0,46,19,0,0,0,0.707692307692308,0.292307692307692,1,1.29230769230769
88,"survival",4,"Smooth nonlinear misspecified","GABLE",TRUE,"C-index",0.712206439111299,12.1999999999989,NA,5,5,0,5,0,0,0,0,1,0,1,1
88,"survival",4,"Smooth nonlinear misspecified","GBM",TRUE,"C-index",0.810280858762458,0.069999999999709,NA,NA,NA,NA,NA,NA,NA,NA,NA,NA,NA,NA,NA
88,"survival",4,"Smooth nonlinear misspecified","Linear",TRUE,"C-index",0.631933363486295,0.0400000000008731,NA,20,0,20,20,0,0,0,0,1,0,1,1
88,"survival",4,"Smooth nonlinear misspecified","Random forest",TRUE,"C-index",0.792610381649244,0.710000000000946,NA,NA,NA,NA,NA,NA,NA,NA,NA,NA,NA,NA,NA
88,"survival",4,"Smooth nonlinear misspecified","RuleFit",TRUE,"C-index",0.645087784147655,21.7800000000007,NA,6,6,0,3,3,0,0,0,0.5,0.5,1,1.5
89,"survival",4,"Smooth nonlinear misspecified","BRP-GABLE full",TRUE,"C-index",0.820750642100423,511.610000000001,NA,73,69,4,54,19,0,0,0,0.73972602739726,0.26027397260274,1,1.26027397260274
89,"survival",4,"Smooth nonlinear misspecified","BRP-GABLE rule-only",TRUE,"C-index",0.820150342066518,509.020000000002,NA,71,71,0,52,19,0,0,0,0.732394366197183,0.267605633802817,1,1.26760563380282
89,"survival",4,"Smooth nonlinear misspecified","GABLE",TRUE,"C-index",0.728749146575387,11.8799999999992,NA,5,5,0,5,0,0,0,0,1,0,1,1
89,"survival",4,"Smooth nonlinear misspecified","GBM",TRUE,"C-index",0.808051451634627,0.0799999999999272,NA,NA,NA,NA,NA,NA,NA,NA,NA,NA,NA,NA,NA
89,"survival",4,"Smooth nonlinear misspecified","Linear",TRUE,"C-index",0.656103553497531,0.0200000000004366,NA,20,0,20,20,0,0,0,0,1,0,1,1
89,"survival",4,"Smooth nonlinear misspecified","Random forest",TRUE,"C-index",0.800593565526755,0.760000000000218,NA,NA,NA,NA,NA,NA,NA,NA,NA,NA,NA,NA,NA
89,"survival",4,"Smooth nonlinear misspecified","RuleFit",TRUE,"C-index",0.716703667751929,26.6700000000001,NA,17,17,0,2,9,6,0,0,0.117647058823529,0.529411764705882,0.647058823529412,2.23529411764706
90,"survival",4,"Smooth nonlinear misspecified","BRP-GABLE full",TRUE,"C-index",0.807218034193077,527.85,NA,62,61,1,41,21,0,0,0,0.661290322580645,0.338709677419355,1,1.33870967741935
90,"survival",4,"Smooth nonlinear misspecified","BRP-GABLE rule-only",TRUE,"C-index",0.800942420020242,537.18,NA,63,63,0,44,19,0,0,0,0.698412698412698,0.301587301587302,1,1.3015873015873
90,"survival",4,"Smooth nonlinear misspecified","GABLE",TRUE,"C-index",0.70229693605704,10.4799999999996,NA,5,5,0,4,1,0,0,0,0.8,0.2,1,1.2
90,"survival",4,"Smooth nonlinear misspecified","GBM",TRUE,"C-index",0.811147242632876,0.100000000000364,NA,NA,NA,NA,NA,NA,NA,NA,NA,NA,NA,NA,NA
90,"survival",4,"Smooth nonlinear misspecified","Linear",TRUE,"C-index",0.675935044953866,0.0100000000002183,NA,20,0,20,20,0,0,0,0,1,0,1,1
90,"survival",4,"Smooth nonlinear misspecified","Random forest",TRUE,"C-index",0.791435392149299,0.700000000000728,NA,NA,NA,NA,NA,NA,NA,NA,NA,NA,NA,NA,NA
90,"survival",4,"Smooth nonlinear misspecified","RuleFit",TRUE,"C-index",0.731917471872631,24.6299999999992,NA,17,17,0,0,12,5,0,0,0,0.705882352941177,0.705882352941177,2.29411764705882
91,"survival",4,"Smooth nonlinear misspecified","BRP-GABLE full",TRUE,"C-index",0.82221271807445,509.6,NA,70,67,3,50,20,0,0,0,0.714285714285714,0.285714285714286,1,1.28571428571429
91,"survival",4,"Smooth nonlinear misspecified","BRP-GABLE rule-only",TRUE,"C-index",0.819320687226121,507.219999999999,NA,71,71,0,49,22,0,0,0,0.690140845070423,0.309859154929577,1,1.30985915492958
91,"survival",4,"Smooth nonlinear misspecified","GABLE",TRUE,"C-index",0.711038203624587,10.6599999999999,NA,5,5,0,4,1,0,0,0,0.8,0.2,1,1.2
91,"survival",4,"Smooth nonlinear misspecified","GBM",TRUE,"C-index",0.800045055759361,0.0800000000017462,NA,NA,NA,NA,NA,NA,NA,NA,NA,NA,NA,NA,NA
91,"survival",4,"Smooth nonlinear misspecified","Linear",TRUE,"C-index",0.651657228590509,0.00999999999839929,NA,20,0,20,20,0,0,0,0,1,0,1,1
91,"survival",4,"Smooth nonlinear misspecified","Random forest",TRUE,"C-index",0.780848329048843,0.68999999999869,NA,NA,NA,NA,NA,NA,NA,NA,NA,NA,NA,NA,NA
91,"survival",4,"Smooth nonlinear misspecified","RuleFit",TRUE,"C-index",0.800031333193058,38.0699999999997,NA,31,31,0,6,12,13,0,0,0.193548387096774,0.387096774193548,0.580645161290323,2.2258064516129
92,"survival",4,"Smooth nonlinear misspecified","BRP-GABLE full",TRUE,"C-index",0.813292637405657,530.190000000001,NA,72,69,3,60,12,0,0,0,0.833333333333333,0.166666666666667,1,1.16666666666667
92,"survival",4,"Smooth nonlinear misspecified","BRP-GABLE rule-only",TRUE,"C-index",0.801313741020949,527.740000000002,NA,67,67,0,55,12,0,0,0,0.82089552238806,0.17910447761194,1,1.17910447761194
92,"survival",4,"Smooth nonlinear misspecified","GABLE",TRUE,"C-index",0.733199273482096,12.0200000000004,NA,5,5,0,5,0,0,0,0,1,0,1,1
92,"survival",4,"Smooth nonlinear misspecified","GBM",TRUE,"C-index",0.811575351195841,0.0599999999994907,NA,NA,NA,NA,NA,NA,NA,NA,NA,NA,NA,NA,NA
92,"survival",4,"Smooth nonlinear misspecified","Linear",TRUE,"C-index",0.66545352743561,0.0100000000002183,NA,20,0,20,20,0,0,0,0,1,0,1,1
92,"survival",4,"Smooth nonlinear misspecified","Random forest",TRUE,"C-index",0.801992006482215,1.13999999999942,NA,NA,NA,NA,NA,NA,NA,NA,NA,NA,NA,NA,NA
92,"survival",4,"Smooth nonlinear misspecified","RuleFit",TRUE,"C-index",0.691796629612433,24.1700000000001,NA,13,13,0,4,8,1,0,0,0.307692307692308,0.615384615384615,0.923076923076923,1.76923076923077
93,"survival",4,"Smooth nonlinear misspecified","BRP-GABLE full",TRUE,"C-index",0.816266293473358,530.879999999999,NA,71,69,2,54,17,0,0,0,0.76056338028169,0.23943661971831,1,1.23943661971831
93,"survival",4,"Smooth nonlinear misspecified","BRP-GABLE rule-only",TRUE,"C-index",0.81570534691942,529.019999999999,NA,81,81,0,62,19,0,0,0,0.765432098765432,0.234567901234568,1,1.23456790123457
93,"survival",4,"Smooth nonlinear misspecified","GABLE",TRUE,"C-index",0.706222458680792,12.0699999999997,NA,5,5,0,5,0,0,0,0,1,0,1,1
93,"survival",4,"Smooth nonlinear misspecified","GBM",TRUE,"C-index",0.809438937786979,0.0799999999999272,NA,NA,NA,NA,NA,NA,NA,NA,NA,NA,NA,NA,NA
93,"survival",4,"Smooth nonlinear misspecified","Linear",TRUE,"C-index",0.658553567504424,0.0100000000002183,NA,20,0,20,20,0,0,0,0,1,0,1,1
93,"survival",4,"Smooth nonlinear misspecified","Random forest",TRUE,"C-index",0.7799169567782,0.700000000000728,NA,NA,NA,NA,NA,NA,NA,NA,NA,NA,NA,NA,NA
93,"survival",4,"Smooth nonlinear misspecified","RuleFit",TRUE,"C-index",0.740935219347451,23.7600000000002,NA,12,12,0,4,4,4,0,0,0.333333333333333,0.333333333333333,0.666666666666667,2
94,"survival",4,"Smooth nonlinear misspecified","BRP-GABLE full",TRUE,"C-index",0.802215297837014,514.079999999998,NA,69,68,1,43,26,0,0,0,0.623188405797101,0.376811594202899,1,1.3768115942029
94,"survival",4,"Smooth nonlinear misspecified","BRP-GABLE rule-only",TRUE,"C-index",0.802285805263038,513.459999999999,NA,68,68,0,42,26,0,0,0,0.617647058823529,0.382352941176471,1,1.38235294117647
94,"survival",4,"Smooth nonlinear misspecified","GABLE",TRUE,"C-index",0.692926513066618,11.8099999999995,NA,5,5,0,5,0,0,0,0,1,0,1,1
94,"survival",4,"Smooth nonlinear misspecified","GBM",TRUE,"C-index",0.793529237837469,0.100000000000364,NA,NA,NA,NA,NA,NA,NA,NA,NA,NA,NA,NA,NA
94,"survival",4,"Smooth nonlinear misspecified","Linear",TRUE,"C-index",0.655982896263106,0.00999999999839929,NA,20,0,20,20,0,0,0,0,1,0,1,1
94,"survival",4,"Smooth nonlinear misspecified","Random forest",TRUE,"C-index",0.784740828348534,0.690000000000509,NA,NA,NA,NA,NA,NA,NA,NA,NA,NA,NA,NA,NA
94,"survival",4,"Smooth nonlinear misspecified","RuleFit",TRUE,"C-index",0.738847317306161,26.2800000000007,NA,16,16,0,3,7,6,0,0,0.1875,0.4375,0.625,2.1875
95,"survival",4,"Smooth nonlinear misspecified","BRP-GABLE full",TRUE,"C-index",0.81347166785135,525.389999999999,NA,64,63,1,43,21,0,0,0,0.671875,0.328125,1,1.328125
95,"survival",4,"Smooth nonlinear misspecified","BRP-GABLE rule-only",TRUE,"C-index",0.811245830827273,524.539999999999,NA,65,65,0,44,21,0,0,0,0.676923076923077,0.323076923076923,1,1.32307692307692
95,"survival",4,"Smooth nonlinear misspecified","GABLE",TRUE,"C-index",0.704488809302495,12.0600000000013,NA,5,5,0,4,1,0,0,0,0.8,0.2,1,1.2
95,"survival",4,"Smooth nonlinear misspecified","GBM",TRUE,"C-index",0.805979687243698,0.0999999999985448,NA,NA,NA,NA,NA,NA,NA,NA,NA,NA,NA,NA,NA
95,"survival",4,"Smooth nonlinear misspecified","Linear",TRUE,"C-index",0.653605537025899,0.0100000000002183,NA,20,0,20,20,0,0,0,0,1,0,1,1
95,"survival",4,"Smooth nonlinear misspecified","Random forest",TRUE,"C-index",0.788169573696393,0.75,NA,NA,NA,NA,NA,NA,NA,NA,NA,NA,NA,NA,NA
95,"survival",4,"Smooth nonlinear misspecified","RuleFit",TRUE,"C-index",0.723045045291341,23.6399999999994,NA,11,11,0,0,8,3,0,0,0,0.727272727272727,0.727272727272727,2.27272727272727
96,"survival",4,"Smooth nonlinear misspecified","BRP-GABLE full",TRUE,"C-index",0.824076571436475,585.060000000001,NA,80,73,7,60,20,0,0,0,0.75,0.25,1,1.25
96,"survival",4,"Smooth nonlinear misspecified","BRP-GABLE rule-only",TRUE,"C-index",0.821884271457914,527.15,NA,71,71,0,53,18,0,0,0,0.746478873239437,0.253521126760563,1,1.25352112676056
96,"survival",4,"Smooth nonlinear misspecified","GABLE",TRUE,"C-index",0.733198706289434,12.1900000000005,NA,5,5,0,5,0,0,0,0,1,0,1,1
96,"survival",4,"Smooth nonlinear misspecified","GBM",TRUE,"C-index",0.8136395176479,0.0799999999999272,NA,NA,NA,NA,NA,NA,NA,NA,NA,NA,NA,NA,NA
96,"survival",4,"Smooth nonlinear misspecified","Linear",TRUE,"C-index",0.642579029993707,0.0199999999986176,NA,20,0,20,20,0,0,0,0,1,0,1,1
96,"survival",4,"Smooth nonlinear misspecified","Random forest",TRUE,"C-index",0.791761470385508,0.700000000000728,NA,NA,NA,NA,NA,NA,NA,NA,NA,NA,NA,NA,NA
96,"survival",4,"Smooth nonlinear misspecified","RuleFit",TRUE,"C-index",0.699975333743669,23.9799999999996,NA,21,21,0,3,16,2,0,0,0.142857142857143,0.761904761904762,0.904761904761905,1.95238095238095
97,"survival",4,"Smooth nonlinear misspecified","BRP-GABLE full",TRUE,"C-index",0.816693586456492,684.610000000001,NA,77,76,1,64,13,0,0,0,0.831168831168831,0.168831168831169,1,1.16883116883117
97,"survival",4,"Smooth nonlinear misspecified","BRP-GABLE rule-only",TRUE,"C-index",0.81722234049446,819.26,NA,70,70,0,57,13,0,0,0,0.814285714285714,0.185714285714286,1,1.18571428571429
97,"survival",4,"Smooth nonlinear misspecified","GABLE",TRUE,"C-index",0.71646403546933,10.3099999999995,NA,5,5,0,4,1,0,0,0,0.8,0.2,1,1.2
97,"survival",4,"Smooth nonlinear misspecified","GBM",TRUE,"C-index",0.815795745901867,0.0799999999999272,NA,NA,NA,NA,NA,NA,NA,NA,NA,NA,NA,NA,NA
97,"survival",4,"Smooth nonlinear misspecified","Linear",TRUE,"C-index",0.654391551042698,0.0200000000004366,NA,20,0,20,20,0,0,0,0,1,0,1,1
97,"survival",4,"Smooth nonlinear misspecified","Random forest",TRUE,"C-index",0.789368457102659,0.860000000000582,NA,NA,NA,NA,NA,NA,NA,NA,NA,NA,NA,NA,NA
97,"survival",4,"Smooth nonlinear misspecified","RuleFit",TRUE,"C-index",0.772835926580709,27.3000000000011,NA,25,25,0,3,17,5,0,0,0.12,0.68,0.8,2.08
98,"survival",4,"Smooth nonlinear misspecified","BRP-GABLE full",TRUE,"C-index",0.823097729944418,519.700000000001,NA,58,56,2,39,19,0,0,0,0.672413793103448,0.327586206896552,1,1.32758620689655
98,"survival",4,"Smooth nonlinear misspecified","BRP-GABLE rule-only",TRUE,"C-index",0.82038713064518,517.530000000001,NA,70,70,0,50,20,0,0,0,0.714285714285714,0.285714285714286,1,1.28571428571429
98,"survival",4,"Smooth nonlinear misspecified","GABLE",TRUE,"C-index",0.739708282450154,10.4000000000015,NA,5,5,0,5,0,0,0,0,1,0,1,1
98,"survival",4,"Smooth nonlinear misspecified","GBM",TRUE,"C-index",0.814337073009279,0.0900000000001455,NA,NA,NA,NA,NA,NA,NA,NA,NA,NA,NA,NA,NA
98,"survival",4,"Smooth nonlinear misspecified","Linear",TRUE,"C-index",0.680304500165489,0.0200000000004366,NA,20,0,20,20,0,0,0,0,1,0,1,1
98,"survival",4,"Smooth nonlinear misspecified","Random forest",TRUE,"C-index",0.802033805453155,0.68999999999869,NA,NA,NA,NA,NA,NA,NA,NA,NA,NA,NA,NA,NA
98,"survival",4,"Smooth nonlinear misspecified","RuleFit",TRUE,"C-index",0.679496456248074,23.7199999999993,NA,7,7,0,0,6,1,0,0,0,0.857142857142857,0.857142857142857,2.14285714285714
99,"survival",4,"Smooth nonlinear misspecified","BRP-GABLE full",TRUE,"C-index",0.834620960490338,507,NA,76,72,4,57,19,0,0,0,0.75,0.25,1,1.25
99,"survival",4,"Smooth nonlinear misspecified","BRP-GABLE rule-only",TRUE,"C-index",0.831770823775531,505.139999999999,NA,75,75,0,56,19,0,0,0,0.746666666666667,0.253333333333333,1,1.25333333333333
99,"survival",4,"Smooth nonlinear misspecified","GABLE",TRUE,"C-index",0.739479153285743,9.28000000000065,NA,5,5,0,5,0,0,0,0,1,0,1,1
99,"survival",4,"Smooth nonlinear misspecified","GBM",TRUE,"C-index",0.831421008202888,0.0900000000001455,NA,NA,NA,NA,NA,NA,NA,NA,NA,NA,NA,NA,NA
99,"survival",4,"Smooth nonlinear misspecified","Linear",TRUE,"C-index",0.67346264657846,0.0200000000004366,NA,20,0,20,20,0,0,0,0,1,0,1,1
99,"survival",4,"Smooth nonlinear misspecified","Random forest",TRUE,"C-index",0.809028223808563,0.6299999999992,NA,NA,NA,NA,NA,NA,NA,NA,NA,NA,NA,NA,NA
99,"survival",4,"Smooth nonlinear misspecified","RuleFit",TRUE,"C-index",0.794612381406786,20.1899999999987,NA,20,20,0,3,13,4,0,0,0.15,0.65,0.8,2.05
100,"survival",4,"Smooth nonlinear misspecified","BRP-GABLE full",TRUE,"C-index",0.829945110558365,397.720000000001,NA,67,66,1,49,18,0,0,0,0.73134328358209,0.26865671641791,1,1.26865671641791
100,"survival",4,"Smooth nonlinear misspecified","BRP-GABLE rule-only",TRUE,"C-index",0.830187098770746,396,NA,73,73,0,56,17,0,0,0,0.767123287671233,0.232876712328767,1,1.23287671232877
100,"survival",4,"Smooth nonlinear misspecified","GABLE",TRUE,"C-index",0.738310689596601,6.40999999999985,NA,5,5,0,5,0,0,0,0,1,0,1,1
100,"survival",4,"Smooth nonlinear misspecified","GBM",TRUE,"C-index",0.821316136658189,0.0399999999990541,NA,NA,NA,NA,NA,NA,NA,NA,NA,NA,NA,NA,NA
100,"survival",4,"Smooth nonlinear misspecified","Linear",TRUE,"C-index",0.662137919320199,0.0200000000004366,NA,20,0,20,20,0,0,0,0,1,0,1,1
100,"survival",4,"Smooth nonlinear misspecified","Random forest",TRUE,"C-index",0.797039367293897,0.550000000001091,NA,NA,NA,NA,NA,NA,NA,NA,NA,NA,NA,NA,NA
100,"survival",4,"Smooth nonlinear misspecified","RuleFit",TRUE,"C-index",0.734202707010445,13.7800000000007,NA,20,20,0,2,15,3,0,0,0.1,0.75,0.85,2.05
