"Split","Dataset","Sim","Outcome","Scenario","Scenario_name","method","fit_ok","metric_name","metric_value","elapsed_time","error_message","n_rules_total","n_rule_terms_selected","n_linear_selected","n_rules_deg1","n_rules_deg2","n_rules_deg3","n_rules_deg4","n_rules_deg5plus","prop_deg1","prop_deg2","prop_deg_le2","avg_rule_degree"
1,"MGUS2",1,"survival",NA,"Real data: MGUS2","BRP-GABLE full",TRUE,"C-index",0.695018084237545,133.88,NA,9,7,2,2,7,0,0,0,0.222222222222222,0.777777777777778,1,1.77777777777778
1,"MGUS2",1,"survival",NA,"Real data: MGUS2","BRP-GABLE rule-only",TRUE,"C-index",0.692998191576246,133.79,NA,18,18,0,4,14,0,0,0,0.222222222222222,0.777777777777778,1,1.77777777777778
1,"MGUS2",1,"survival",NA,"Real data: MGUS2","GABLE",TRUE,"C-index",0.659739236961848,3.13999999999999,NA,5,5,0,3,2,0,0,0,0.6,0.4,1,1.4
1,"MGUS2",1,"survival",NA,"Real data: MGUS2","GBM",TRUE,"C-index",0.70080795706452,0.0900000000000034,NA,NA,NA,NA,NA,NA,NA,NA,NA,NA,NA,NA,NA
1,"MGUS2",1,"survival",NA,"Real data: MGUS2","Linear",TRUE,"C-index",0.685742620464357,0.00999999999999091,NA,6,0,6,6,0,0,0,0,1,0,1,1
1,"MGUS2",1,"survival",NA,"Real data: MGUS2","Random forest",TRUE,"C-index",0.697905728619764,0.909999999999997,NA,NA,NA,NA,NA,NA,NA,NA,NA,NA,NA,NA,NA
1,"MGUS2",1,"survival",NA,"Real data: MGUS2","RuleFit",TRUE,"C-index",0.706568661766422,22.61,NA,24,24,0,1,17,6,0,0,0.0416666666666667,0.708333333333333,0.75,2.20833333333333
2,"MGUS2",2,"survival",NA,"Real data: MGUS2","BRP-GABLE full",TRUE,"C-index",0.67255010112153,127.28,NA,9,8,1,1,8,0,0,0,0.111111111111111,0.888888888888889,1,1.88888888888889
2,"MGUS2",2,"survival",NA,"Real data: MGUS2","BRP-GABLE rule-only",TRUE,"C-index",0.680019305019305,127.15,NA,15,15,0,0,15,0,0,0,0,1,1,2
2,"MGUS2",2,"survival",NA,"Real data: MGUS2","GABLE",TRUE,"C-index",0.661809768952626,3.47,NA,5,5,0,4,1,0,0,0,0.8,0.2,1,1.2
2,"MGUS2",2,"survival",NA,"Real data: MGUS2","GBM",TRUE,"C-index",0.6888444567016,0.0599999999999881,NA,NA,NA,NA,NA,NA,NA,NA,NA,NA,NA,NA,NA
2,"MGUS2",2,"survival",NA,"Real data: MGUS2","Linear",TRUE,"C-index",0.675093460807747,0,NA,6,0,6,6,0,0,0,0,1,0,1,1
2,"MGUS2",2,"survival",NA,"Real data: MGUS2","Random forest",TRUE,"C-index",0.681451860023289,0.740000000000009,NA,NA,NA,NA,NA,NA,NA,NA,NA,NA,NA,NA,NA
2,"MGUS2",2,"survival",NA,"Real data: MGUS2","RuleFit",TRUE,"C-index",0.680003983575412,30.61,NA,21,21,0,1,17,3,0,0,0.0476190476190476,0.80952380952381,0.857142857142857,2.0952380952381
3,"MGUS2",3,"survival",NA,"Real data: MGUS2","BRP-GABLE full",TRUE,"C-index",0.689477223554178,123.89,NA,16,15,1,1,15,0,0,0,0.0625,0.9375,1,1.9375
3,"MGUS2",3,"survival",NA,"Real data: MGUS2","BRP-GABLE rule-only",TRUE,"C-index",0.696201976492603,124.52,NA,21,21,0,0,21,0,0,0,0,1,1,2
3,"MGUS2",3,"survival",NA,"Real data: MGUS2","GABLE",TRUE,"C-index",0.667753347757441,3.17,NA,5,5,0,3,2,0,0,0,0.6,0.4,1,1.4
3,"MGUS2",3,"survival",NA,"Real data: MGUS2","GBM",TRUE,"C-index",0.700258756797848,0.039999999999992,NA,NA,NA,NA,NA,NA,NA,NA,NA,NA,NA,NA,NA
3,"MGUS2",3,"survival",NA,"Real data: MGUS2","Linear",TRUE,"C-index",0.685734752353664,0.019999999999996,NA,6,0,6,6,0,0,0,0,1,0,1,1
3,"MGUS2",3,"survival",NA,"Real data: MGUS2","Random forest",TRUE,"C-index",0.692810361967136,0.800000000000011,NA,NA,NA,NA,NA,NA,NA,NA,NA,NA,NA,NA,NA
3,"MGUS2",3,"survival",NA,"Real data: MGUS2","RuleFit",TRUE,"C-index",0.69096105490907,22.85,NA,15,15,0,1,9,5,0,0,0.0666666666666667,0.6,0.666666666666667,2.26666666666667
4,"MGUS2",4,"survival",NA,"Real data: MGUS2","BRP-GABLE full",TRUE,"C-index",0.694248924428769,111.89,NA,9,8,1,1,8,0,0,0,0.111111111111111,0.888888888888889,1,1.88888888888889
4,"MGUS2",4,"survival",NA,"Real data: MGUS2","BRP-GABLE rule-only",TRUE,"C-index",0.699531765457061,112.23,NA,11,11,0,0,11,0,0,0,0,1,1,2
4,"MGUS2",4,"survival",NA,"Real data: MGUS2","GABLE",TRUE,"C-index",0.694727800665866,3,NA,5,5,0,3,2,0,0,0,0.6,0.4,1,1.4
4,"MGUS2",4,"survival",NA,"Real data: MGUS2","GBM",TRUE,"C-index",0.716984143875705,0.0800000000000125,NA,NA,NA,NA,NA,NA,NA,NA,NA,NA,NA,NA,NA
4,"MGUS2",4,"survival",NA,"Real data: MGUS2","Linear",TRUE,"C-index",0.712355006917101,0.00999999999999091,NA,6,0,6,6,0,0,0,0,1,0,1,1
4,"MGUS2",4,"survival",NA,"Real data: MGUS2","Random forest",TRUE,"C-index",0.708143936514693,0.849999999999994,NA,NA,NA,NA,NA,NA,NA,NA,NA,NA,NA,NA,NA
4,"MGUS2",4,"survival",NA,"Real data: MGUS2","RuleFit",TRUE,"C-index",0.703499597135864,101.51,NA,20,20,0,1,16,3,0,0,0.05,0.8,0.85,2.1
5,"MGUS2",5,"survival",NA,"Real data: MGUS2","BRP-GABLE full",TRUE,"C-index",0.671321983528556,119.34,NA,18,16,2,4,14,0,0,0,0.222222222222222,0.777777777777778,1,1.77777777777778
5,"MGUS2",5,"survival",NA,"Real data: MGUS2","BRP-GABLE rule-only",TRUE,"C-index",0.671069063087842,119.55,NA,18,18,0,0,18,0,0,0,0,1,1,2
5,"MGUS2",5,"survival",NA,"Real data: MGUS2","GABLE",TRUE,"C-index",0.657419263053066,2.94,NA,5,5,0,5,0,0,0,0,1,0,1,1
5,"MGUS2",5,"survival",NA,"Real data: MGUS2","GBM",TRUE,"C-index",0.680569387142157,0.0600000000000023,NA,NA,NA,NA,NA,NA,NA,NA,NA,NA,NA,NA,NA
5,"MGUS2",5,"survival",NA,"Real data: MGUS2","Linear",TRUE,"C-index",0.680514060795751,0.0200000000000102,NA,6,0,6,6,0,0,0,0,1,0,1,1
5,"MGUS2",5,"survival",NA,"Real data: MGUS2","Random forest",TRUE,"C-index",0.68013468013468,0.719999999999999,NA,NA,NA,NA,NA,NA,NA,NA,NA,NA,NA,NA,NA
5,"MGUS2",5,"survival",NA,"Real data: MGUS2","RuleFit",TRUE,"C-index",0.663876638055042,127.31,NA,18,18,0,0,14,4,0,0,0,0.777777777777778,0.777777777777778,2.22222222222222
6,"MGUS2",6,"survival",NA,"Real data: MGUS2","BRP-GABLE full",TRUE,"C-index",0.689491217917638,124.78,NA,8,7,1,1,7,0,0,0,0.125,0.875,1,1.875
6,"MGUS2",6,"survival",NA,"Real data: MGUS2","BRP-GABLE rule-only",TRUE,"C-index",0.705241096704569,124.4,NA,15,15,0,2,13,0,0,0,0.133333333333333,0.866666666666667,1,1.86666666666667
6,"MGUS2",6,"survival",NA,"Real data: MGUS2","GABLE",TRUE,"C-index",0.687739493563977,3.40000000000001,NA,5,5,0,4,1,0,0,0,0.8,0.2,1,1.2
6,"MGUS2",6,"survival",NA,"Real data: MGUS2","GBM",TRUE,"C-index",0.713632169166523,0.0600000000000023,NA,NA,NA,NA,NA,NA,NA,NA,NA,NA,NA,NA,NA
6,"MGUS2",6,"survival",NA,"Real data: MGUS2","Linear",TRUE,"C-index",0.699125701862771,0.019999999999996,NA,6,0,6,6,0,0,0,0,1,0,1,1
6,"MGUS2",6,"survival",NA,"Real data: MGUS2","Random forest",TRUE,"C-index",0.700533337504106,0.909999999999997,NA,NA,NA,NA,NA,NA,NA,NA,NA,NA,NA,NA,NA
6,"MGUS2",6,"survival",NA,"Real data: MGUS2","RuleFit",TRUE,"C-index",0.691102178707165,90.09,NA,9,9,0,0,2,7,0,0,0,0.222222222222222,0.222222222222222,2.77777777777778
7,"MGUS2",7,"survival",NA,"Real data: MGUS2","BRP-GABLE full",TRUE,"C-index",0.682161954562912,123.18,NA,16,14,2,2,14,0,0,0,0.125,0.875,1,1.875
7,"MGUS2",7,"survival",NA,"Real data: MGUS2","BRP-GABLE rule-only",TRUE,"C-index",0.692472451180242,122.29,NA,17,17,0,1,16,0,0,0,0.0588235294117647,0.941176470588235,1,1.94117647058824
7,"MGUS2",7,"survival",NA,"Real data: MGUS2","GABLE",TRUE,"C-index",0.661843776773317,2.80999999999999,NA,5,5,0,2,3,0,0,0,0.4,0.6,1,1.6
7,"MGUS2",7,"survival",NA,"Real data: MGUS2","GBM",TRUE,"C-index",0.688868208809714,0.0500000000000114,NA,NA,NA,NA,NA,NA,NA,NA,NA,NA,NA,NA,NA
7,"MGUS2",7,"survival",NA,"Real data: MGUS2","Linear",TRUE,"C-index",0.684894679311058,0,NA,6,0,6,6,0,0,0,0,1,0,1,1
7,"MGUS2",7,"survival",NA,"Real data: MGUS2","Random forest",TRUE,"C-index",0.688247806434459,0.780000000000001,NA,NA,NA,NA,NA,NA,NA,NA,NA,NA,NA,NA,NA
7,"MGUS2",7,"survival",NA,"Real data: MGUS2","RuleFit",TRUE,"C-index",0.68640137079382,30.97,NA,18,18,0,1,13,4,0,0,0.0555555555555556,0.722222222222222,0.777777777777778,2.16666666666667
8,"MGUS2",8,"survival",NA,"Real data: MGUS2","BRP-GABLE full",TRUE,"C-index",0.707750333678259,115.54,NA,16,14,2,2,14,0,0,0,0.125,0.875,1,1.875
8,"MGUS2",8,"survival",NA,"Real data: MGUS2","BRP-GABLE rule-only",TRUE,"C-index",0.706933009402978,115.48,NA,22,22,0,3,19,0,0,0,0.136363636363636,0.863636363636364,1,1.86363636363636
8,"MGUS2",8,"survival",NA,"Real data: MGUS2","GABLE",TRUE,"C-index",0.676414570867264,2.5,NA,4,4,0,2,2,0,0,0,0.5,0.5,1,1.5
8,"MGUS2",8,"survival",NA,"Real data: MGUS2","GBM",TRUE,"C-index",0.715046265053014,0.0600000000000023,NA,NA,NA,NA,NA,NA,NA,NA,NA,NA,NA,NA,NA
8,"MGUS2",8,"survival",NA,"Real data: MGUS2","Linear",TRUE,"C-index",0.713186664867054,0.019999999999996,NA,6,0,6,6,0,0,0,0,1,0,1,1
8,"MGUS2",8,"survival",NA,"Real data: MGUS2","Random forest",TRUE,"C-index",0.706498102907875,0.789999999999992,NA,NA,NA,NA,NA,NA,NA,NA,NA,NA,NA,NA,NA
8,"MGUS2",8,"survival",NA,"Real data: MGUS2","RuleFit",TRUE,"C-index",0.70108426688262,29.14,NA,15,15,0,0,12,3,0,0,0,0.8,0.8,2.2
9,"MGUS2",9,"survival",NA,"Real data: MGUS2","BRP-GABLE full",TRUE,"C-index",0.673483717423761,123.54,NA,11,9,2,2,9,0,0,0,0.181818181818182,0.818181818181818,1,1.81818181818182
9,"MGUS2",9,"survival",NA,"Real data: MGUS2","BRP-GABLE rule-only",TRUE,"C-index",0.681251755384411,123.44,NA,15,15,0,0,15,0,0,0,0,1,1,2
9,"MGUS2",9,"survival",NA,"Real data: MGUS2","GABLE",TRUE,"C-index",0.670312938846103,3.75,NA,5,5,0,5,0,0,0,0,1,0,1,1
9,"MGUS2",9,"survival",NA,"Real data: MGUS2","GBM",TRUE,"C-index",0.692656210734822,0.0799999999999983,NA,NA,NA,NA,NA,NA,NA,NA,NA,NA,NA,NA,NA
9,"MGUS2",9,"survival",NA,"Real data: MGUS2","Linear",TRUE,"C-index",0.681872607133882,0.019999999999996,NA,6,0,6,6,0,0,0,0,1,0,1,1
9,"MGUS2",9,"survival",NA,"Real data: MGUS2","Random forest",TRUE,"C-index",0.688155035551154,0.900000000000006,NA,NA,NA,NA,NA,NA,NA,NA,NA,NA,NA,NA,NA
9,"MGUS2",9,"survival",NA,"Real data: MGUS2","RuleFit",TRUE,"C-index",0.687009416251534,29.57,NA,21,21,0,1,16,4,0,0,0.0476190476190476,0.761904761904762,0.80952380952381,2.14285714285714
10,"MGUS2",10,"survival",NA,"Real data: MGUS2","BRP-GABLE full",TRUE,"C-index",0.679909150103873,116.11,NA,9,7,2,2,7,0,0,0,0.222222222222222,0.777777777777778,1,1.77777777777778
10,"MGUS2",10,"survival",NA,"Real data: MGUS2","BRP-GABLE rule-only",TRUE,"C-index",0.670924932560231,115.37,NA,15,15,0,2,13,0,0,0,0.133333333333333,0.866666666666667,1,1.86666666666667
10,"MGUS2",10,"survival",NA,"Real data: MGUS2","GABLE",TRUE,"C-index",0.660995007906732,2.8,NA,5,5,0,2,3,0,0,0,0.4,0.6,1,1.6
10,"MGUS2",10,"survival",NA,"Real data: MGUS2","GBM",TRUE,"C-index",0.68939722799293,0.0600000000000023,NA,NA,NA,NA,NA,NA,NA,NA,NA,NA,NA,NA,NA
10,"MGUS2",10,"survival",NA,"Real data: MGUS2","Linear",TRUE,"C-index",0.69545130383554,0.0400000000000063,NA,6,0,6,6,0,0,0,0,1,0,1,1
10,"MGUS2",10,"survival",NA,"Real data: MGUS2","Random forest",TRUE,"C-index",0.684273355864934,0.840000000000003,NA,NA,NA,NA,NA,NA,NA,NA,NA,NA,NA,NA,NA
10,"MGUS2",10,"survival",NA,"Real data: MGUS2","RuleFit",TRUE,"C-index",0.679862639918142,28.25,NA,22,22,0,0,17,5,0,0,0,0.772727272727273,0.772727272727273,2.22727272727273
11,"MGUS2",11,"survival",NA,"Real data: MGUS2","BRP-GABLE full",TRUE,"C-index",0.691264711780222,116.6,NA,16,15,1,2,14,0,0,0,0.125,0.875,1,1.875
11,"MGUS2",11,"survival",NA,"Real data: MGUS2","BRP-GABLE rule-only",TRUE,"C-index",0.689336562340928,116.74,NA,19,19,0,3,16,0,0,0,0.157894736842105,0.842105263157895,1,1.84210526315789
11,"MGUS2",11,"survival",NA,"Real data: MGUS2","GABLE",TRUE,"C-index",0.675708402103997,2.61,NA,4,4,0,2,2,0,0,0,0.5,0.5,1,1.5
11,"MGUS2",11,"survival",NA,"Real data: MGUS2","GBM",TRUE,"C-index",0.692814943929414,0.0499999999999972,NA,NA,NA,NA,NA,NA,NA,NA,NA,NA,NA,NA,NA
11,"MGUS2",11,"survival",NA,"Real data: MGUS2","Linear",TRUE,"C-index",0.701584167579324,0.019999999999996,NA,6,0,6,6,0,0,0,0,1,0,1,1
11,"MGUS2",11,"survival",NA,"Real data: MGUS2","Random forest",TRUE,"C-index",0.687331286924062,0.730000000000004,NA,NA,NA,NA,NA,NA,NA,NA,NA,NA,NA,NA,NA
11,"MGUS2",11,"survival",NA,"Real data: MGUS2","RuleFit",TRUE,"C-index",0.696031097194157,35.97,NA,19,19,0,1,15,3,0,0,0.0526315789473684,0.789473684210526,0.842105263157895,2.10526315789474
12,"MGUS2",12,"survival",NA,"Real data: MGUS2","BRP-GABLE full",TRUE,"C-index",0.689741080167275,123.53,NA,12,10,2,2,10,0,0,0,0.166666666666667,0.833333333333333,1,1.83333333333333
12,"MGUS2",12,"survival",NA,"Real data: MGUS2","BRP-GABLE rule-only",TRUE,"C-index",0.691038645193819,123.34,NA,19,19,0,2,17,0,0,0,0.105263157894737,0.894736842105263,1,1.89473684210526
12,"MGUS2",12,"survival",NA,"Real data: MGUS2","GABLE",TRUE,"C-index",0.677736750007415,3.52,NA,4,4,0,3,1,0,0,0,0.75,0.25,1,1.25
12,"MGUS2",12,"survival",NA,"Real data: MGUS2","GBM",TRUE,"C-index",0.702294094966931,0.0800000000000125,NA,NA,NA,NA,NA,NA,NA,NA,NA,NA,NA,NA,NA
12,"MGUS2",12,"survival",NA,"Real data: MGUS2","Linear",TRUE,"C-index",0.688673369516861,0.0300000000000011,NA,6,0,6,6,0,0,0,0,1,0,1,1
12,"MGUS2",12,"survival",NA,"Real data: MGUS2","Random forest",TRUE,"C-index",0.698178960168461,0.799999999999997,NA,NA,NA,NA,NA,NA,NA,NA,NA,NA,NA,NA,NA
12,"MGUS2",12,"survival",NA,"Real data: MGUS2","RuleFit",TRUE,"C-index",0.693552214016668,32.08,NA,18,18,0,1,14,3,0,0,0.0555555555555556,0.777777777777778,0.833333333333333,2.11111111111111
13,"MGUS2",13,"survival",NA,"Real data: MGUS2","BRP-GABLE full",TRUE,"C-index",0.689948246293008,121.09,NA,19,17,2,2,17,0,0,0,0.105263157894737,0.894736842105263,1,1.89473684210526
13,"MGUS2",13,"survival",NA,"Real data: MGUS2","BRP-GABLE rule-only",TRUE,"C-index",0.692915357646952,121.4,NA,20,20,0,1,19,0,0,0,0.05,0.95,1,1.95
13,"MGUS2",13,"survival",NA,"Real data: MGUS2","GABLE",TRUE,"C-index",0.681251802273521,3.5,NA,4,4,0,3,1,0,0,0,0.75,0.25,1,1.25
13,"MGUS2",13,"survival",NA,"Real data: MGUS2","GBM",TRUE,"C-index",0.693810803017196,0.0600000000000023,NA,NA,NA,NA,NA,NA,NA,NA,NA,NA,NA,NA,NA
13,"MGUS2",13,"survival",NA,"Real data: MGUS2","Linear",TRUE,"C-index",0.688415365235472,0.019999999999996,NA,6,0,6,6,0,0,0,0,1,0,1,1
13,"MGUS2",13,"survival",NA,"Real data: MGUS2","Random forest",TRUE,"C-index",0.687944876990089,0.759999999999991,NA,NA,NA,NA,NA,NA,NA,NA,NA,NA,NA,NA,NA
13,"MGUS2",13,"survival",NA,"Real data: MGUS2","RuleFit",TRUE,"C-index",0.681433926755604,22.94,NA,21,21,0,1,12,8,0,0,0.0476190476190476,0.571428571428571,0.619047619047619,2.33333333333333
14,"MGUS2",14,"survival",NA,"Real data: MGUS2","BRP-GABLE full",TRUE,"C-index",0.675751636965802,132.59,NA,9,7,2,2,7,0,0,0,0.222222222222222,0.777777777777778,1,1.77777777777778
14,"MGUS2",14,"survival",NA,"Real data: MGUS2","BRP-GABLE rule-only",TRUE,"C-index",0.684183340169849,131.64,NA,14,14,0,1,13,0,0,0,0.0714285714285714,0.928571428571429,1,1.92857142857143
14,"MGUS2",14,"survival",NA,"Real data: MGUS2","GABLE",TRUE,"C-index",0.671550977621804,4.07999999999998,NA,5,5,0,4,1,0,0,0,0.8,0.2,1,1.2
14,"MGUS2",14,"survival",NA,"Real data: MGUS2","GBM",TRUE,"C-index",0.690883125959011,0.0499999999999829,NA,NA,NA,NA,NA,NA,NA,NA,NA,NA,NA,NA,NA
14,"MGUS2",14,"survival",NA,"Real data: MGUS2","Linear",TRUE,"C-index",0.687221791774911,0.0200000000000102,NA,6,0,6,6,0,0,0,0,1,0,1,1
14,"MGUS2",14,"survival",NA,"Real data: MGUS2","Random forest",TRUE,"C-index",0.687145830484785,0.79000000000002,NA,NA,NA,NA,NA,NA,NA,NA,NA,NA,NA,NA,NA
14,"MGUS2",14,"survival",NA,"Real data: MGUS2","RuleFit",TRUE,"C-index",0.687867462740987,32.23,NA,16,16,0,1,12,3,0,0,0.0625,0.75,0.8125,2.125
15,"MGUS2",15,"survival",NA,"Real data: MGUS2","BRP-GABLE full",TRUE,"C-index",0.694727487243921,130.18,NA,13,11,2,2,11,0,0,0,0.153846153846154,0.846153846153846,1,1.84615384615385
15,"MGUS2",15,"survival",NA,"Real data: MGUS2","BRP-GABLE rule-only",TRUE,"C-index",0.694735148552779,129.87,NA,11,11,0,0,11,0,0,0,0,1,1,2
15,"MGUS2",15,"survival",NA,"Real data: MGUS2","GABLE",TRUE,"C-index",0.671812512449627,4.04000000000002,NA,4,4,0,3,1,0,0,0,0.75,0.25,1,1.25
15,"MGUS2",15,"survival",NA,"Real data: MGUS2","GBM",TRUE,"C-index",0.707054533196451,0.0799999999999841,NA,NA,NA,NA,NA,NA,NA,NA,NA,NA,NA,NA,NA
15,"MGUS2",15,"survival",NA,"Real data: MGUS2","Linear",TRUE,"C-index",0.697684752463111,0.0200000000000102,NA,6,0,6,6,0,0,0,0,1,0,1,1
15,"MGUS2",15,"survival",NA,"Real data: MGUS2","Random forest",TRUE,"C-index",0.69964604753076,0.719999999999999,NA,NA,NA,NA,NA,NA,NA,NA,NA,NA,NA,NA,NA
15,"MGUS2",15,"survival",NA,"Real data: MGUS2","RuleFit",TRUE,"C-index",0.702702909765104,31.1,NA,20,20,0,1,14,5,0,0,0.05,0.7,0.75,2.2
16,"MGUS2",16,"survival",NA,"Real data: MGUS2","BRP-GABLE full",TRUE,"C-index",0.674073062271396,133.14,NA,8,7,1,1,7,0,0,0,0.125,0.875,1,1.875
16,"MGUS2",16,"survival",NA,"Real data: MGUS2","BRP-GABLE rule-only",TRUE,"C-index",0.685766971725174,132.76,NA,16,16,0,0,16,0,0,0,0,1,1,2
16,"MGUS2",16,"survival",NA,"Real data: MGUS2","GABLE",TRUE,"C-index",0.669186055335488,3.20000000000002,NA,5,5,0,3,2,0,0,0,0.6,0.4,1,1.4
16,"MGUS2",16,"survival",NA,"Real data: MGUS2","GBM",TRUE,"C-index",0.698606747712061,0.0500000000000114,NA,NA,NA,NA,NA,NA,NA,NA,NA,NA,NA,NA,NA
16,"MGUS2",16,"survival",NA,"Real data: MGUS2","Linear",TRUE,"C-index",0.691890907435232,0,NA,6,0,6,6,0,0,0,0,1,0,1,1
16,"MGUS2",16,"survival",NA,"Real data: MGUS2","Random forest",TRUE,"C-index",0.68727708722245,0.889999999999986,NA,NA,NA,NA,NA,NA,NA,NA,NA,NA,NA,NA,NA
16,"MGUS2",16,"survival",NA,"Real data: MGUS2","RuleFit",TRUE,"C-index",0.684416215149722,23.12,NA,20,20,0,1,14,5,0,0,0.05,0.7,0.75,2.2
17,"MGUS2",17,"survival",NA,"Real data: MGUS2","BRP-GABLE full",TRUE,"C-index",0.671801035777352,132.16,NA,10,9,1,1,9,0,0,0,0.1,0.9,1,1.9
17,"MGUS2",17,"survival",NA,"Real data: MGUS2","BRP-GABLE rule-only",TRUE,"C-index",0.679702918874,132.05,NA,15,15,0,0,15,0,0,0,0,1,1,2
17,"MGUS2",17,"survival",NA,"Real data: MGUS2","GABLE",TRUE,"C-index",0.659321254210628,3.22,NA,5,5,0,4,1,0,0,0,0.8,0.2,1,1.2
17,"MGUS2",17,"survival",NA,"Real data: MGUS2","GBM",TRUE,"C-index",0.680652628767306,0.0600000000000023,NA,NA,NA,NA,NA,NA,NA,NA,NA,NA,NA,NA,NA
17,"MGUS2",17,"survival",NA,"Real data: MGUS2","Linear",TRUE,"C-index",0.678998056062562,0.0200000000000102,NA,6,0,6,6,0,0,0,0,1,0,1,1
17,"MGUS2",17,"survival",NA,"Real data: MGUS2","Random forest",TRUE,"C-index",0.677499295137189,0.859999999999985,NA,NA,NA,NA,NA,NA,NA,NA,NA,NA,NA,NA,NA
17,"MGUS2",17,"survival",NA,"Real data: MGUS2","RuleFit",TRUE,"C-index",0.66540533321462,24.34,NA,22,22,0,1,13,8,0,0,0.0454545454545455,0.590909090909091,0.636363636363636,2.31818181818182
18,"MGUS2",18,"survival",NA,"Real data: MGUS2","BRP-GABLE full",TRUE,"C-index",0.673921709931155,126.37,NA,14,13,1,1,13,0,0,0,0.0714285714285714,0.928571428571429,1,1.92857142857143
18,"MGUS2",18,"survival",NA,"Real data: MGUS2","BRP-GABLE rule-only",TRUE,"C-index",0.67655131173431,126.13,NA,18,18,0,2,16,0,0,0,0.111111111111111,0.888888888888889,1,1.88888888888889
18,"MGUS2",18,"survival",NA,"Real data: MGUS2","GABLE",TRUE,"C-index",0.646314724236802,2.34,NA,5,5,0,3,2,0,0,0,0.6,0.4,1,1.4
18,"MGUS2",18,"survival",NA,"Real data: MGUS2","GBM",TRUE,"C-index",0.677770281666386,0.0600000000000023,NA,NA,NA,NA,NA,NA,NA,NA,NA,NA,NA,NA,NA
18,"MGUS2",18,"survival",NA,"Real data: MGUS2","Linear",TRUE,"C-index",0.678789923181895,0.189999999999998,NA,6,0,6,6,0,0,0,0,1,0,1,1
18,"MGUS2",18,"survival",NA,"Real data: MGUS2","Random forest",TRUE,"C-index",0.674159370735522,0.909999999999997,NA,NA,NA,NA,NA,NA,NA,NA,NA,NA,NA,NA,NA
18,"MGUS2",18,"survival",NA,"Real data: MGUS2","RuleFit",TRUE,"C-index",0.668141185850749,37.02,NA,23,23,0,0,18,5,0,0,0,0.782608695652174,0.782608695652174,2.21739130434783
19,"MGUS2",19,"survival",NA,"Real data: MGUS2","BRP-GABLE full",TRUE,"C-index",0.694079689544696,131.8,NA,10,9,1,1,9,0,0,0,0.1,0.9,1,1.9
19,"MGUS2",19,"survival",NA,"Real data: MGUS2","BRP-GABLE rule-only",TRUE,"C-index",0.700261721041469,130.92,NA,15,15,0,1,14,0,0,0,0.0666666666666667,0.933333333333333,1,1.93333333333333
19,"MGUS2",19,"survival",NA,"Real data: MGUS2","GABLE",TRUE,"C-index",0.687905178767504,3.44,NA,5,5,0,4,1,0,0,0,0.8,0.2,1,1.2
19,"MGUS2",19,"survival",NA,"Real data: MGUS2","GBM",TRUE,"C-index",0.709542289006212,0.0600000000000023,NA,NA,NA,NA,NA,NA,NA,NA,NA,NA,NA,NA,NA
19,"MGUS2",19,"survival",NA,"Real data: MGUS2","Linear",TRUE,"C-index",0.691319585457937,0.00999999999999091,NA,6,0,6,6,0,0,0,0,1,0,1,1
19,"MGUS2",19,"survival",NA,"Real data: MGUS2","Random forest",TRUE,"C-index",0.699291548215333,0.719999999999999,NA,NA,NA,NA,NA,NA,NA,NA,NA,NA,NA,NA,NA
19,"MGUS2",19,"survival",NA,"Real data: MGUS2","RuleFit",TRUE,"C-index",0.698780139283727,37.05,NA,18,18,0,1,12,5,0,0,0.0555555555555556,0.666666666666667,0.722222222222222,2.22222222222222
20,"MGUS2",20,"survival",NA,"Real data: MGUS2","BRP-GABLE full",TRUE,"C-index",0.692291176165726,133.3,NA,10,9,1,1,9,0,0,0,0.1,0.9,1,1.9
20,"MGUS2",20,"survival",NA,"Real data: MGUS2","BRP-GABLE rule-only",TRUE,"C-index",0.695326729154635,133.53,NA,16,16,0,0,16,0,0,0,0,1,1,2
20,"MGUS2",20,"survival",NA,"Real data: MGUS2","GABLE",TRUE,"C-index",0.683421438407889,3.70999999999998,NA,4,4,0,3,1,0,0,0,0.75,0.25,1,1.25
20,"MGUS2",20,"survival",NA,"Real data: MGUS2","GBM",TRUE,"C-index",0.699791213184665,0.0700000000000216,NA,NA,NA,NA,NA,NA,NA,NA,NA,NA,NA,NA,NA
20,"MGUS2",20,"survival",NA,"Real data: MGUS2","Linear",TRUE,"C-index",0.684450564909007,0.0199999999999818,NA,6,0,6,6,0,0,0,0,1,0,1,1
20,"MGUS2",20,"survival",NA,"Real data: MGUS2","Random forest",TRUE,"C-index",0.69909525713355,0.719999999999999,NA,NA,NA,NA,NA,NA,NA,NA,NA,NA,NA,NA,NA
20,"MGUS2",20,"survival",NA,"Real data: MGUS2","RuleFit",TRUE,"C-index",0.700731494232449,34.03,NA,17,17,0,1,13,3,0,0,0.0588235294117647,0.764705882352941,0.823529411764706,2.11764705882353
21,"MGUS2",21,"survival",NA,"Real data: MGUS2","BRP-GABLE full",TRUE,"C-index",0.698372406686165,127.65,NA,13,11,2,2,11,0,0,0,0.153846153846154,0.846153846153846,1,1.84615384615385
21,"MGUS2",21,"survival",NA,"Real data: MGUS2","BRP-GABLE rule-only",TRUE,"C-index",0.696796338672769,126.65,NA,19,19,0,3,16,0,0,0,0.157894736842105,0.842105263157895,1,1.84210526315789
21,"MGUS2",21,"survival",NA,"Real data: MGUS2","GABLE",TRUE,"C-index",0.681194780790156,3.97000000000003,NA,4,4,0,3,1,0,0,0,0.75,0.25,1,1.25
21,"MGUS2",21,"survival",NA,"Real data: MGUS2","GBM",TRUE,"C-index",0.710647551790504,0.0500000000000114,NA,NA,NA,NA,NA,NA,NA,NA,NA,NA,NA,NA,NA
21,"MGUS2",21,"survival",NA,"Real data: MGUS2","Linear",TRUE,"C-index",0.696879688423477,0.0299999999999727,NA,6,0,6,6,0,0,0,0,1,0,1,1
21,"MGUS2",21,"survival",NA,"Real data: MGUS2","Random forest",TRUE,"C-index",0.690802733871823,0.449999999999989,NA,NA,NA,NA,NA,NA,NA,NA,NA,NA,NA,NA,NA
21,"MGUS2",21,"survival",NA,"Real data: MGUS2","RuleFit",TRUE,"C-index",0.692651582887538,96.03,NA,30,30,0,1,21,8,0,0,0.0333333333333333,0.7,0.733333333333333,2.23333333333333
22,"MGUS2",22,"survival",NA,"Real data: MGUS2","BRP-GABLE full",TRUE,"C-index",0.656565961428183,125.32,NA,9,7,2,2,7,0,0,0,0.222222222222222,0.777777777777778,1,1.77777777777778
22,"MGUS2",22,"survival",NA,"Real data: MGUS2","BRP-GABLE rule-only",TRUE,"C-index",0.669521323152144,124.99,NA,24,24,0,6,18,0,0,0,0.25,0.75,1,1.75
22,"MGUS2",22,"survival",NA,"Real data: MGUS2","GABLE",TRUE,"C-index",0.646206199257538,3.92000000000002,NA,5,5,0,5,0,0,0,0,1,0,1,1
22,"MGUS2",22,"survival",NA,"Real data: MGUS2","GBM",TRUE,"C-index",0.670140041650318,0.0499999999999545,NA,NA,NA,NA,NA,NA,NA,NA,NA,NA,NA,NA,NA
22,"MGUS2",22,"survival",NA,"Real data: MGUS2","Linear",TRUE,"C-index",0.662104246521595,0.0400000000000205,NA,6,0,6,6,0,0,0,0,1,0,1,1
22,"MGUS2",22,"survival",NA,"Real data: MGUS2","Random forest",TRUE,"C-index",0.669634503365225,0.5,NA,NA,NA,NA,NA,NA,NA,NA,NA,NA,NA,NA,NA
22,"MGUS2",22,"survival",NA,"Real data: MGUS2","RuleFit",TRUE,"C-index",0.659870823650137,71.54,NA,15,15,0,1,13,1,0,0,0.0666666666666667,0.866666666666667,0.933333333333333,2
23,"MGUS2",23,"survival",NA,"Real data: MGUS2","BRP-GABLE full",TRUE,"C-index",0.701932820696233,111.27,NA,17,14,3,6,11,0,0,0,0.352941176470588,0.647058823529412,1,1.64705882352941
23,"MGUS2",23,"survival",NA,"Real data: MGUS2","BRP-GABLE rule-only",TRUE,"C-index",0.703564616118264,110.55,NA,27,27,0,7,20,0,0,0,0.259259259259259,0.740740740740741,1,1.74074074074074
23,"MGUS2",23,"survival",NA,"Real data: MGUS2","GABLE",TRUE,"C-index",0.683200703385789,2.38999999999999,NA,5,5,0,2,3,0,0,0,0.4,0.6,1,1.6
23,"MGUS2",23,"survival",NA,"Real data: MGUS2","GBM",TRUE,"C-index",0.710181211254173,0.0500000000000114,NA,NA,NA,NA,NA,NA,NA,NA,NA,NA,NA,NA,NA
23,"MGUS2",23,"survival",NA,"Real data: MGUS2","Linear",TRUE,"C-index",0.703683834048641,0.0499999999999545,NA,6,0,6,6,0,0,0,0,1,0,1,1
23,"MGUS2",23,"survival",NA,"Real data: MGUS2","Random forest",TRUE,"C-index",0.708169408679065,0.470000000000027,NA,NA,NA,NA,NA,NA,NA,NA,NA,NA,NA,NA,NA
23,"MGUS2",23,"survival",NA,"Real data: MGUS2","RuleFit",TRUE,"C-index",0.699667680019075,25.5,NA,31,31,0,1,25,5,0,0,0.032258064516129,0.806451612903226,0.838709677419355,2.12903225806452
24,"MGUS2",24,"survival",NA,"Real data: MGUS2","BRP-GABLE full",TRUE,"C-index",0.714407581468211,125.92,NA,14,12,2,2,12,0,0,0,0.142857142857143,0.857142857142857,1,1.85714285714286
24,"MGUS2",24,"survival",NA,"Real data: MGUS2","BRP-GABLE rule-only",TRUE,"C-index",0.714803095869589,125.66,NA,11,11,0,0,11,0,0,0,0,1,1,2
24,"MGUS2",24,"survival",NA,"Real data: MGUS2","GABLE",TRUE,"C-index",0.697741690319979,2.44,NA,5,5,0,3,2,0,0,0,0.6,0.4,1,1.4
24,"MGUS2",24,"survival",NA,"Real data: MGUS2","GBM",TRUE,"C-index",0.722139500255921,0.0500000000000114,NA,NA,NA,NA,NA,NA,NA,NA,NA,NA,NA,NA,NA
24,"MGUS2",24,"survival",NA,"Real data: MGUS2","Linear",TRUE,"C-index",0.712716951281932,0.0500000000000114,NA,6,0,6,6,0,0,0,0,1,0,1,1
24,"MGUS2",24,"survival",NA,"Real data: MGUS2","Random forest",TRUE,"C-index",0.715400245063825,0.449999999999989,NA,NA,NA,NA,NA,NA,NA,NA,NA,NA,NA,NA,NA
24,"MGUS2",24,"survival",NA,"Real data: MGUS2","RuleFit",TRUE,"C-index",0.708381803235463,88.86,NA,10,10,0,0,6,4,0,0,0,0.6,0.6,2.4
25,"MGUS2",25,"survival",NA,"Real data: MGUS2","BRP-GABLE full",TRUE,"C-index",0.711845638092927,127.71,NA,9,8,1,1,8,0,0,0,0.111111111111111,0.888888888888889,1,1.88888888888889
25,"MGUS2",25,"survival",NA,"Real data: MGUS2","BRP-GABLE rule-only",TRUE,"C-index",0.718512507015761,127.56,NA,13,13,0,0,13,0,0,0,0,1,1,2
25,"MGUS2",25,"survival",NA,"Real data: MGUS2","GABLE",TRUE,"C-index",0.715031172731823,3.67000000000002,NA,5,5,0,5,0,0,0,0,1,0,1,1
25,"MGUS2",25,"survival",NA,"Real data: MGUS2","GBM",TRUE,"C-index",0.72914612502465,0.0600000000000023,NA,NA,NA,NA,NA,NA,NA,NA,NA,NA,NA,NA,NA
25,"MGUS2",25,"survival",NA,"Real data: MGUS2","Linear",TRUE,"C-index",0.71627504816225,0.0499999999999545,NA,6,0,6,6,0,0,0,0,1,0,1,1
25,"MGUS2",25,"survival",NA,"Real data: MGUS2","Random forest",TRUE,"C-index",0.721569103347845,0.5,NA,NA,NA,NA,NA,NA,NA,NA,NA,NA,NA,NA,NA
25,"MGUS2",25,"survival",NA,"Real data: MGUS2","RuleFit",TRUE,"C-index",0.715948910092077,129.12,NA,17,17,0,1,14,2,0,0,0.0588235294117647,0.823529411764706,0.882352941176471,2.05882352941176
26,"MGUS2",26,"survival",NA,"Real data: MGUS2","BRP-GABLE full",TRUE,"C-index",0.674939577039275,120.48,NA,10,9,1,1,9,0,0,0,0.1,0.9,1,1.9
26,"MGUS2",26,"survival",NA,"Real data: MGUS2","BRP-GABLE rule-only",TRUE,"C-index",0.682469788519637,120.15,NA,19,19,0,2,17,0,0,0,0.105263157894737,0.894736842105263,1,1.89473684210526
26,"MGUS2",26,"survival",NA,"Real data: MGUS2","GABLE",TRUE,"C-index",0.669584592145015,2.88999999999999,NA,5,5,0,3,2,0,0,0,0.6,0.4,1,1.4
26,"MGUS2",26,"survival",NA,"Real data: MGUS2","GBM",TRUE,"C-index",0.688768882175227,0.0500000000000114,NA,NA,NA,NA,NA,NA,NA,NA,NA,NA,NA,NA,NA
26,"MGUS2",26,"survival",NA,"Real data: MGUS2","Linear",TRUE,"C-index",0.678474320241692,0.0199999999999818,NA,6,0,6,6,0,0,0,0,1,0,1,1
26,"MGUS2",26,"survival",NA,"Real data: MGUS2","Random forest",TRUE,"C-index",0.68595166163142,0.529999999999973,NA,NA,NA,NA,NA,NA,NA,NA,NA,NA,NA,NA,NA
26,"MGUS2",26,"survival",NA,"Real data: MGUS2","RuleFit",TRUE,"C-index",0.680226586102719,84.14,NA,23,23,0,1,18,4,0,0,0.0434782608695652,0.782608695652174,0.826086956521739,2.1304347826087
27,"MGUS2",27,"survival",NA,"Real data: MGUS2","BRP-GABLE full",TRUE,"C-index",0.711545080433969,125.78,NA,13,11,2,2,11,0,0,0,0.153846153846154,0.846153846153846,1,1.84615384615385
27,"MGUS2",27,"survival",NA,"Real data: MGUS2","BRP-GABLE rule-only",TRUE,"C-index",0.711043771043771,125.6,NA,15,15,0,1,14,0,0,0,0.0666666666666667,0.933333333333333,1,1.93333333333333
27,"MGUS2",27,"survival",NA,"Real data: MGUS2","GABLE",TRUE,"C-index",0.684736251402918,3.22000000000003,NA,5,5,0,4,1,0,0,0,0.8,0.2,1,1.2
27,"MGUS2",27,"survival",NA,"Real data: MGUS2","GBM",TRUE,"C-index",0.717358772914328,0.0699999999999932,NA,NA,NA,NA,NA,NA,NA,NA,NA,NA,NA,NA,NA
27,"MGUS2",27,"survival",NA,"Real data: MGUS2","Linear",TRUE,"C-index",0.697074448185559,0.0300000000000296,NA,6,0,6,6,0,0,0,0,1,0,1,1
27,"MGUS2",27,"survival",NA,"Real data: MGUS2","Random forest",TRUE,"C-index",0.71181444070333,0.449999999999989,NA,NA,NA,NA,NA,NA,NA,NA,NA,NA,NA,NA,NA
27,"MGUS2",27,"survival",NA,"Real data: MGUS2","RuleFit",TRUE,"C-index",0.707998503554059,30.31,NA,15,15,0,1,10,4,0,0,0.0666666666666667,0.666666666666667,0.733333333333333,2.2
28,"MGUS2",28,"survival",NA,"Real data: MGUS2","BRP-GABLE full",TRUE,"C-index",0.715513526822812,115.39,NA,12,10,2,2,10,0,0,0,0.166666666666667,0.833333333333333,1,1.83333333333333
28,"MGUS2",28,"survival",NA,"Real data: MGUS2","BRP-GABLE rule-only",TRUE,"C-index",0.710635252839248,114.87,NA,14,14,0,0,14,0,0,0,0,1,1,2
28,"MGUS2",28,"survival",NA,"Real data: MGUS2","GABLE",TRUE,"C-index",0.701094149148995,2.78000000000003,NA,5,5,0,4,1,0,0,0,0.8,0.2,1,1.2
28,"MGUS2",28,"survival",NA,"Real data: MGUS2","GBM",TRUE,"C-index",0.730725431657998,0.0300000000000296,NA,NA,NA,NA,NA,NA,NA,NA,NA,NA,NA,NA,NA
28,"MGUS2",28,"survival",NA,"Real data: MGUS2","Linear",TRUE,"C-index",0.721430549998461,0.0299999999999727,NA,6,0,6,6,0,0,0,0,1,0,1,1
28,"MGUS2",28,"survival",NA,"Real data: MGUS2","Random forest",TRUE,"C-index",0.707488227509156,0.549999999999955,NA,NA,NA,NA,NA,NA,NA,NA,NA,NA,NA,NA,NA
28,"MGUS2",28,"survival",NA,"Real data: MGUS2","RuleFit",TRUE,"C-index",0.697593179649749,97.69,NA,17,17,0,0,12,5,0,0,0,0.705882352941177,0.705882352941177,2.29411764705882
29,"MGUS2",29,"survival",NA,"Real data: MGUS2","BRP-GABLE full",TRUE,"C-index",0.694080881215384,109.65,NA,13,11,2,2,11,0,0,0,0.153846153846154,0.846153846153846,1,1.84615384615385
29,"MGUS2",29,"survival",NA,"Real data: MGUS2","BRP-GABLE rule-only",TRUE,"C-index",0.70161514898357,109.65,NA,19,19,0,3,16,0,0,0,0.157894736842105,0.842105263157895,1,1.84210526315789
29,"MGUS2",29,"survival",NA,"Real data: MGUS2","GABLE",TRUE,"C-index",0.672243881308209,2.99000000000001,NA,5,5,0,4,1,0,0,0,0.8,0.2,1,1.2
29,"MGUS2",29,"survival",NA,"Real data: MGUS2","GBM",TRUE,"C-index",0.700191837618738,0.0500000000000114,NA,NA,NA,NA,NA,NA,NA,NA,NA,NA,NA,NA,NA
29,"MGUS2",29,"survival",NA,"Real data: MGUS2","Linear",TRUE,"C-index",0.695272130944646,0.0199999999999818,NA,6,0,6,6,0,0,0,0,1,0,1,1
29,"MGUS2",29,"survival",NA,"Real data: MGUS2","Random forest",TRUE,"C-index",0.700640490114174,0.509999999999991,NA,NA,NA,NA,NA,NA,NA,NA,NA,NA,NA,NA,NA
29,"MGUS2",29,"survival",NA,"Real data: MGUS2","RuleFit",TRUE,"C-index",0.694738389182834,91.55,NA,13,13,0,1,12,0,0,0,0.0769230769230769,0.923076923076923,1,1.92307692307692
30,"MGUS2",30,"survival",NA,"Real data: MGUS2","BRP-GABLE full",TRUE,"C-index",0.682085609653599,111.08,NA,13,11,2,2,11,0,0,0,0.153846153846154,0.846153846153846,1,1.84615384615385
30,"MGUS2",30,"survival",NA,"Real data: MGUS2","BRP-GABLE rule-only",TRUE,"C-index",0.680337095515399,111.01,NA,14,14,0,0,14,0,0,0,0,1,1,2
30,"MGUS2",30,"survival",NA,"Real data: MGUS2","GABLE",TRUE,"C-index",0.667061895899622,2.97000000000003,NA,5,5,0,4,1,0,0,0,0.8,0.2,1,1.2
30,"MGUS2",30,"survival",NA,"Real data: MGUS2","GBM",TRUE,"C-index",0.686303055772348,0.0699999999999932,NA,NA,NA,NA,NA,NA,NA,NA,NA,NA,NA,NA,NA
30,"MGUS2",30,"survival",NA,"Real data: MGUS2","Linear",TRUE,"C-index",0.686618238578375,0.0299999999999727,NA,6,0,6,6,0,0,0,0,1,0,1,1
30,"MGUS2",30,"survival",NA,"Real data: MGUS2","Random forest",TRUE,"C-index",0.678078285405535,0.5,NA,NA,NA,NA,NA,NA,NA,NA,NA,NA,NA,NA,NA
30,"MGUS2",30,"survival",NA,"Real data: MGUS2","RuleFit",TRUE,"C-index",0.670153689139701,29,NA,10,10,0,0,9,1,0,0,0,0.9,0.9,2.1
31,"MGUS2",31,"survival",NA,"Real data: MGUS2","BRP-GABLE full",TRUE,"C-index",0.685273037041389,137.44,NA,14,12,2,2,12,0,0,0,0.142857142857143,0.857142857142857,1,1.85714285714286
31,"MGUS2",31,"survival",NA,"Real data: MGUS2","BRP-GABLE rule-only",TRUE,"C-index",0.687556913315513,137.93,NA,16,16,0,4,12,0,0,0,0.25,0.75,1,1.75
31,"MGUS2",31,"survival",NA,"Real data: MGUS2","GABLE",TRUE,"C-index",0.658013394824193,3.42000000000002,NA,5,5,0,5,0,0,0,0,1,0,1,1
31,"MGUS2",31,"survival",NA,"Real data: MGUS2","GBM",TRUE,"C-index",0.687343947360691,0.0699999999999932,NA,NA,NA,NA,NA,NA,NA,NA,NA,NA,NA,NA,NA
31,"MGUS2",31,"survival",NA,"Real data: MGUS2","Linear",TRUE,"C-index",0.676100813676821,0.0500000000000114,NA,6,0,6,6,0,0,0,0,1,0,1,1
31,"MGUS2",31,"survival",NA,"Real data: MGUS2","Random forest",TRUE,"C-index",0.683679464207032,0.45999999999998,NA,NA,NA,NA,NA,NA,NA,NA,NA,NA,NA,NA,NA
31,"MGUS2",31,"survival",NA,"Real data: MGUS2","RuleFit",TRUE,"C-index",0.682489792321476,30.59,NA,16,16,0,1,13,2,0,0,0.0625,0.8125,0.875,2.0625
32,"MGUS2",32,"survival",NA,"Real data: MGUS2","BRP-GABLE full",TRUE,"C-index",0.680823368486079,117.05,NA,13,12,1,1,12,0,0,0,0.0769230769230769,0.923076923076923,1,1.92307692307692
32,"MGUS2",32,"survival",NA,"Real data: MGUS2","BRP-GABLE rule-only",TRUE,"C-index",0.685956551795143,116.87,NA,15,15,0,0,15,0,0,0,0,1,1,2
32,"MGUS2",32,"survival",NA,"Real data: MGUS2","GABLE",TRUE,"C-index",0.676572680874847,2.88,NA,4,4,0,3,1,0,0,0,0.75,0.25,1,1.25
32,"MGUS2",32,"survival",NA,"Real data: MGUS2","GBM",TRUE,"C-index",0.700127961876186,0.0300000000000296,NA,NA,NA,NA,NA,NA,NA,NA,NA,NA,NA,NA,NA
32,"MGUS2",32,"survival",NA,"Real data: MGUS2","Linear",TRUE,"C-index",0.693538660665696,0.0500000000000114,NA,6,0,6,6,0,0,0,0,1,0,1,1
32,"MGUS2",32,"survival",NA,"Real data: MGUS2","Random forest",TRUE,"C-index",0.695259527276471,0.449999999999989,NA,NA,NA,NA,NA,NA,NA,NA,NA,NA,NA,NA,NA
32,"MGUS2",32,"survival",NA,"Real data: MGUS2","RuleFit",TRUE,"C-index",0.68745679448146,31.19,NA,17,17,0,0,13,4,0,0,0,0.764705882352941,0.764705882352941,2.23529411764706
33,"MGUS2",33,"survival",NA,"Real data: MGUS2","BRP-GABLE full",TRUE,"C-index",0.65560063105702,122.6,NA,16,14,2,2,14,0,0,0,0.125,0.875,1,1.875
33,"MGUS2",33,"survival",NA,"Real data: MGUS2","BRP-GABLE rule-only",TRUE,"C-index",0.654195777928029,122.07,NA,16,16,0,1,15,0,0,0,0.0625,0.9375,1,1.9375
33,"MGUS2",33,"survival",NA,"Real data: MGUS2","GABLE",TRUE,"C-index",0.630501089324619,3.49000000000001,NA,5,5,0,4,1,0,0,0,0.8,0.2,1,1.2
33,"MGUS2",33,"survival",NA,"Real data: MGUS2","GBM",TRUE,"C-index",0.657906994215311,0.0799999999999841,NA,NA,NA,NA,NA,NA,NA,NA,NA,NA,NA,NA,NA
33,"MGUS2",33,"survival",NA,"Real data: MGUS2","Linear",TRUE,"C-index",0.651070543159793,0.0100000000000477,NA,6,0,6,6,0,0,0,0,1,0,1,1
33,"MGUS2",33,"survival",NA,"Real data: MGUS2","Random forest",TRUE,"C-index",0.662204192021636,0.560000000000002,NA,NA,NA,NA,NA,NA,NA,NA,NA,NA,NA,NA,NA
33,"MGUS2",33,"survival",NA,"Real data: MGUS2","RuleFit",TRUE,"C-index",0.651183231913455,23.55,NA,21,21,0,1,11,9,0,0,0.0476190476190476,0.523809523809524,0.571428571428571,2.38095238095238
34,"MGUS2",34,"survival",NA,"Real data: MGUS2","BRP-GABLE full",TRUE,"C-index",0.705201746461909,116.63,NA,14,12,2,2,12,0,0,0,0.142857142857143,0.857142857142857,1,1.85714285714286
34,"MGUS2",34,"survival",NA,"Real data: MGUS2","BRP-GABLE rule-only",TRUE,"C-index",0.701068955133996,116.92,NA,17,17,0,2,15,0,0,0,0.117647058823529,0.882352941176471,1,1.88235294117647
34,"MGUS2",34,"survival",NA,"Real data: MGUS2","GABLE",TRUE,"C-index",0.691124661246612,3.24000000000001,NA,5,5,0,4,1,0,0,0,0.8,0.2,1,1.2
34,"MGUS2",34,"survival",NA,"Real data: MGUS2","GBM",TRUE,"C-index",0.719760614272809,0.0399999999999636,NA,NA,NA,NA,NA,NA,NA,NA,NA,NA,NA,NA,NA
34,"MGUS2",34,"survival",NA,"Real data: MGUS2","Linear",TRUE,"C-index",0.713565191207468,0.0300000000000296,NA,6,0,6,6,0,0,0,0,1,0,1,1
34,"MGUS2",34,"survival",NA,"Real data: MGUS2","Random forest",TRUE,"C-index",0.717073170731707,0.439999999999998,NA,NA,NA,NA,NA,NA,NA,NA,NA,NA,NA,NA,NA
34,"MGUS2",34,"survival",NA,"Real data: MGUS2","RuleFit",TRUE,"C-index",0.705706112616682,29.78,NA,24,24,0,1,22,1,0,0,0.0416666666666667,0.916666666666667,0.958333333333333,2
35,"MGUS2",35,"survival",NA,"Real data: MGUS2","BRP-GABLE full",TRUE,"C-index",0.700672494956288,136.09,NA,11,9,2,2,9,0,0,0,0.181818181818182,0.818181818181818,1,1.81818181818182
35,"MGUS2",35,"survival",NA,"Real data: MGUS2","BRP-GABLE rule-only",TRUE,"C-index",0.710274228498842,135.8,NA,14,14,0,2,12,0,0,0,0.142857142857143,0.857142857142857,1,1.85714285714286
35,"MGUS2",35,"survival",NA,"Real data: MGUS2","GABLE",TRUE,"C-index",0.701120824927146,3.15999999999997,NA,5,5,0,4,1,0,0,0,0.8,0.2,1,1.2
35,"MGUS2",35,"survival",NA,"Real data: MGUS2","GBM",TRUE,"C-index",0.708697601434656,0.0800000000000409,NA,NA,NA,NA,NA,NA,NA,NA,NA,NA,NA,NA,NA
35,"MGUS2",35,"survival",NA,"Real data: MGUS2","Linear",TRUE,"C-index",0.694986176492565,0.0499999999999545,NA,6,0,6,6,0,0,0,0,1,0,1,1
35,"MGUS2",35,"survival",NA,"Real data: MGUS2","Random forest",TRUE,"C-index",0.707524471344243,0.509999999999991,NA,NA,NA,NA,NA,NA,NA,NA,NA,NA,NA,NA,NA
35,"MGUS2",35,"survival",NA,"Real data: MGUS2","RuleFit",TRUE,"C-index",0.701143241425689,92.04,NA,13,13,0,1,11,1,0,0,0.0769230769230769,0.846153846153846,0.923076923076923,2
36,"MGUS2",36,"survival",NA,"Real data: MGUS2","BRP-GABLE full",TRUE,"C-index",0.669794143317182,118.17,NA,12,10,2,2,10,0,0,0,0.166666666666667,0.833333333333333,1,1.83333333333333
36,"MGUS2",36,"survival",NA,"Real data: MGUS2","BRP-GABLE rule-only",TRUE,"C-index",0.674301020254612,118.18,NA,18,18,0,2,16,0,0,0,0.111111111111111,0.888888888888889,1,1.88888888888889
36,"MGUS2",36,"survival",NA,"Real data: MGUS2","GABLE",TRUE,"C-index",0.65654437656123,3.03000000000003,NA,5,5,0,5,0,0,0,0,1,0,1,1
36,"MGUS2",36,"survival",NA,"Real data: MGUS2","GBM",TRUE,"C-index",0.682818190026183,0.0600000000000023,NA,NA,NA,NA,NA,NA,NA,NA,NA,NA,NA,NA,NA
36,"MGUS2",36,"survival",NA,"Real data: MGUS2","Linear",TRUE,"C-index",0.674376260270262,0.0199999999999818,NA,6,0,6,6,0,0,0,0,1,0,1,1
36,"MGUS2",36,"survival",NA,"Real data: MGUS2","Random forest",TRUE,"C-index",0.674963132392332,0.629999999999995,NA,NA,NA,NA,NA,NA,NA,NA,NA,NA,NA,NA,NA
36,"MGUS2",36,"survival",NA,"Real data: MGUS2","RuleFit",TRUE,"C-index",0.672337255846149,35.39,NA,22,22,0,1,17,4,0,0,0.0454545454545455,0.772727272727273,0.818181818181818,2.13636363636364
37,"MGUS2",37,"survival",NA,"Real data: MGUS2","BRP-GABLE full",TRUE,"C-index",0.693024626967209,125.1,NA,15,12,3,4,11,0,0,0,0.266666666666667,0.733333333333333,1,1.73333333333333
37,"MGUS2",37,"survival",NA,"Real data: MGUS2","BRP-GABLE rule-only",TRUE,"C-index",0.688761395074607,124.61,NA,19,19,0,6,13,0,0,0,0.315789473684211,0.684210526315789,1,1.68421052631579
37,"MGUS2",37,"survival",NA,"Real data: MGUS2","GABLE",TRUE,"C-index",0.664315841988299,3.33999999999997,NA,4,4,0,3,1,0,0,0,0.75,0.25,1,1.25
37,"MGUS2",37,"survival",NA,"Real data: MGUS2","GBM",TRUE,"C-index",0.693969492191634,0.0400000000000205,NA,NA,NA,NA,NA,NA,NA,NA,NA,NA,NA,NA,NA
37,"MGUS2",37,"survival",NA,"Real data: MGUS2","Linear",TRUE,"C-index",0.686728045111645,0.0299999999999727,NA,6,0,6,6,0,0,0,0,1,0,1,1
37,"MGUS2",37,"survival",NA,"Real data: MGUS2","Random forest",TRUE,"C-index",0.689434139114397,0.480000000000018,NA,NA,NA,NA,NA,NA,NA,NA,NA,NA,NA,NA,NA
37,"MGUS2",37,"survival",NA,"Real data: MGUS2","RuleFit",TRUE,"C-index",0.684740048679456,31.63,NA,23,23,0,1,16,6,0,0,0.0434782608695652,0.695652173913043,0.739130434782609,2.21739130434783
38,"MGUS2",38,"survival",NA,"Real data: MGUS2","BRP-GABLE full",TRUE,"C-index",0.69139218862491,124.39,NA,10,8,2,2,8,0,0,0,0.2,0.8,1,1.8
38,"MGUS2",38,"survival",NA,"Real data: MGUS2","BRP-GABLE rule-only",TRUE,"C-index",0.687140028797696,123.07,NA,15,15,0,0,15,0,0,0,0,1,1,2
38,"MGUS2",38,"survival",NA,"Real data: MGUS2","GABLE",TRUE,"C-index",0.671886249100072,3.60999999999996,NA,4,4,0,3,1,0,0,0,0.75,0.25,1,1.25
38,"MGUS2",38,"survival",NA,"Real data: MGUS2","GBM",TRUE,"C-index",0.705873530117591,0.0600000000000023,NA,NA,NA,NA,NA,NA,NA,NA,NA,NA,NA,NA,NA
38,"MGUS2",38,"survival",NA,"Real data: MGUS2","Linear",TRUE,"C-index",0.690709743220542,0.0499999999999545,NA,6,0,6,6,0,0,0,0,1,0,1,1
38,"MGUS2",38,"survival",NA,"Real data: MGUS2","Random forest",TRUE,"C-index",0.692704583633309,0.450000000000045,NA,NA,NA,NA,NA,NA,NA,NA,NA,NA,NA,NA,NA
38,"MGUS2",38,"survival",NA,"Real data: MGUS2","RuleFit",TRUE,"C-index",0.684380249580034,22.61,NA,19,19,0,1,10,8,0,0,0.0526315789473684,0.526315789473684,0.578947368421053,2.36842105263158
39,"MGUS2",39,"survival",NA,"Real data: MGUS2","BRP-GABLE full",TRUE,"C-index",0.690500263759451,127.68,NA,11,9,2,2,9,0,0,0,0.181818181818182,0.818181818181818,1,1.81818181818182
39,"MGUS2",39,"survival",NA,"Real data: MGUS2","BRP-GABLE rule-only",TRUE,"C-index",0.691027782662212,127.12,NA,15,15,0,3,12,0,0,0,0.2,0.8,1,1.8
39,"MGUS2",39,"survival",NA,"Real data: MGUS2","GABLE",TRUE,"C-index",0.684924682023328,2.45999999999998,NA,5,5,0,3,2,0,0,0,0.6,0.4,1,1.4
39,"MGUS2",39,"survival",NA,"Real data: MGUS2","GBM",TRUE,"C-index",0.689166813199695,0.0799999999999841,NA,NA,NA,NA,NA,NA,NA,NA,NA,NA,NA,NA,NA
39,"MGUS2",39,"survival",NA,"Real data: MGUS2","Linear",TRUE,"C-index",0.688895727096888,0.0500000000000114,NA,6,0,6,6,0,0,0,0,1,0,1,1
39,"MGUS2",39,"survival",NA,"Real data: MGUS2","Random forest",TRUE,"C-index",0.68965769884532,0.510000000000048,NA,NA,NA,NA,NA,NA,NA,NA,NA,NA,NA,NA,NA
39,"MGUS2",39,"survival",NA,"Real data: MGUS2","RuleFit",TRUE,"C-index",0.691958267393471,36.59,NA,19,19,0,1,15,3,0,0,0.0526315789473684,0.789473684210526,0.842105263157895,2.10526315789474
40,"MGUS2",40,"survival",NA,"Real data: MGUS2","BRP-GABLE full",TRUE,"C-index",0.691124547621149,125.34,NA,13,11,2,6,7,0,0,0,0.461538461538462,0.538461538461538,1,1.53846153846154
40,"MGUS2",40,"survival",NA,"Real data: MGUS2","BRP-GABLE rule-only",TRUE,"C-index",0.688417630270397,122.81,NA,13,13,0,1,12,0,0,0,0.0769230769230769,0.923076923076923,1,1.92307692307692
40,"MGUS2",40,"survival",NA,"Real data: MGUS2","GABLE",TRUE,"C-index",0.680443993291553,2.63999999999999,NA,5,5,0,3,2,0,0,0,0.6,0.4,1,1.4
40,"MGUS2",40,"survival",NA,"Real data: MGUS2","GBM",TRUE,"C-index",0.696435401771266,0.0400000000000205,NA,NA,NA,NA,NA,NA,NA,NA,NA,NA,NA,NA,NA
40,"MGUS2",40,"survival",NA,"Real data: MGUS2","Linear",TRUE,"C-index",0.696428046017595,0.0299999999999727,NA,6,0,6,6,0,0,0,0,1,0,1,1
40,"MGUS2",40,"survival",NA,"Real data: MGUS2","Random forest",TRUE,"C-index",0.697178332891988,0.439999999999998,NA,NA,NA,NA,NA,NA,NA,NA,NA,NA,NA,NA,NA
40,"MGUS2",40,"survival",NA,"Real data: MGUS2","RuleFit",TRUE,"C-index",0.696280930944185,30.59,NA,19,19,0,1,14,4,0,0,0.0526315789473684,0.736842105263158,0.789473684210526,2.15789473684211
41,"MGUS2",41,"survival",NA,"Real data: MGUS2","BRP-GABLE full",TRUE,"C-index",0.693944735731935,115.63,NA,12,10,2,2,10,0,0,0,0.166666666666667,0.833333333333333,1,1.83333333333333
41,"MGUS2",41,"survival",NA,"Real data: MGUS2","BRP-GABLE rule-only",TRUE,"C-index",0.69533086241186,115.82,NA,17,17,0,2,15,0,0,0,0.117647058823529,0.882352941176471,1,1.88235294117647
41,"MGUS2",41,"survival",NA,"Real data: MGUS2","GABLE",TRUE,"C-index",0.682463990839511,2.79999999999995,NA,5,5,0,2,3,0,0,0,0.4,0.6,1,1.6
41,"MGUS2",41,"survival",NA,"Real data: MGUS2","GBM",TRUE,"C-index",0.693620803953474,0.0300000000000296,NA,NA,NA,NA,NA,NA,NA,NA,NA,NA,NA,NA,NA
41,"MGUS2",41,"survival",NA,"Real data: MGUS2","Linear",TRUE,"C-index",0.69111974929187,0.0199999999999818,NA,6,0,6,6,0,0,0,0,1,0,1,1
41,"MGUS2",41,"survival",NA,"Real data: MGUS2","Random forest",TRUE,"C-index",0.692716808292654,0.560000000000002,NA,NA,NA,NA,NA,NA,NA,NA,NA,NA,NA,NA,NA
41,"MGUS2",41,"survival",NA,"Real data: MGUS2","RuleFit",TRUE,"C-index",0.693861869463027,31.05,NA,19,19,0,0,11,8,0,0,0,0.578947368421053,0.578947368421053,2.42105263157895
42,"MGUS2",42,"survival",NA,"Real data: MGUS2","BRP-GABLE full",TRUE,"C-index",0.674935404353895,118.45,NA,9,8,1,1,8,0,0,0,0.111111111111111,0.888888888888889,1,1.88888888888889
42,"MGUS2",42,"survival",NA,"Real data: MGUS2","BRP-GABLE rule-only",TRUE,"C-index",0.681498915981111,118.32,NA,14,14,0,3,11,0,0,0,0.214285714285714,0.785714285714286,1,1.78571428571429
42,"MGUS2",42,"survival",NA,"Real data: MGUS2","GABLE",TRUE,"C-index",0.664845118945086,2.14999999999998,NA,5,5,0,3,2,0,0,0,0.6,0.4,1,1.4
42,"MGUS2",42,"survival",NA,"Real data: MGUS2","GBM",TRUE,"C-index",0.697499331769178,0.0300000000000296,NA,NA,NA,NA,NA,NA,NA,NA,NA,NA,NA,NA,NA
42,"MGUS2",42,"survival",NA,"Real data: MGUS2","Linear",TRUE,"C-index",0.685575123993941,0.0199999999999818,NA,6,0,6,6,0,0,0,0,1,0,1,1
42,"MGUS2",42,"survival",NA,"Real data: MGUS2","Random forest",TRUE,"C-index",0.689436013186422,0.480000000000018,NA,NA,NA,NA,NA,NA,NA,NA,NA,NA,NA,NA,NA
42,"MGUS2",42,"survival",NA,"Real data: MGUS2","RuleFit",TRUE,"C-index",0.685575123993941,90.02,NA,18,18,0,1,16,1,0,0,0.0555555555555556,0.888888888888889,0.944444444444444,2
43,"MGUS2",43,"survival",NA,"Real data: MGUS2","BRP-GABLE full",TRUE,"C-index",0.676441036097936,120.8,NA,13,11,2,2,11,0,0,0,0.153846153846154,0.846153846153846,1,1.84615384615385
43,"MGUS2",43,"survival",NA,"Real data: MGUS2","BRP-GABLE rule-only",TRUE,"C-index",0.674394550585871,119.7,NA,13,13,0,3,10,0,0,0,0.230769230769231,0.769230769230769,1,1.76923076923077
43,"MGUS2",43,"survival",NA,"Real data: MGUS2","GABLE",TRUE,"C-index",0.653080071516172,3.04000000000002,NA,5,5,0,4,1,0,0,0,0.8,0.2,1,1.2
43,"MGUS2",43,"survival",NA,"Real data: MGUS2","GBM",TRUE,"C-index",0.678214164339436,0.0400000000000205,NA,NA,NA,NA,NA,NA,NA,NA,NA,NA,NA,NA,NA
43,"MGUS2",43,"survival",NA,"Real data: MGUS2","Linear",TRUE,"C-index",0.685727795262792,0,NA,6,0,6,6,0,0,0,0,1,0,1,1
43,"MGUS2",43,"survival",NA,"Real data: MGUS2","Random forest",TRUE,"C-index",0.688683008998626,0.489999999999952,NA,NA,NA,NA,NA,NA,NA,NA,NA,NA,NA,NA,NA
43,"MGUS2",43,"survival",NA,"Real data: MGUS2","RuleFit",TRUE,"C-index",0.674926489058321,76.33,NA,17,17,0,1,12,4,0,0,0.0588235294117647,0.705882352941177,0.764705882352941,2.17647058823529
44,"MGUS2",44,"survival",NA,"Real data: MGUS2","BRP-GABLE full",TRUE,"C-index",0.692489800780203,114.93,NA,10,8,2,2,8,0,0,0,0.2,0.8,1,1.8
44,"MGUS2",44,"survival",NA,"Real data: MGUS2","BRP-GABLE rule-only",TRUE,"C-index",0.69061373991245,114.12,NA,16,16,0,4,12,0,0,0,0.25,0.75,1,1.75
44,"MGUS2",44,"survival",NA,"Real data: MGUS2","GABLE",TRUE,"C-index",0.680734641612817,3.42000000000002,NA,5,5,0,3,2,0,0,0,0.6,0.4,1,1.4
44,"MGUS2",44,"survival",NA,"Real data: MGUS2","GBM",TRUE,"C-index",0.696964057056073,0.0600000000000023,NA,NA,NA,NA,NA,NA,NA,NA,NA,NA,NA,NA,NA
44,"MGUS2",44,"survival",NA,"Real data: MGUS2","Linear",TRUE,"C-index",0.701840326375033,0.0200000000000387,NA,6,0,6,6,0,0,0,0,1,0,1,1
44,"MGUS2",44,"survival",NA,"Real data: MGUS2","Random forest",TRUE,"C-index",0.695497453917394,0.449999999999989,NA,NA,NA,NA,NA,NA,NA,NA,NA,NA,NA,NA,NA
44,"MGUS2",44,"survival",NA,"Real data: MGUS2","RuleFit",TRUE,"C-index",0.694030850778714,104,NA,18,18,0,1,14,3,0,0,0.0555555555555556,0.777777777777778,0.833333333333333,2.11111111111111
45,"MGUS2",45,"survival",NA,"Real data: MGUS2","BRP-GABLE full",TRUE,"C-index",0.68614416713654,130.63,NA,11,9,2,2,9,0,0,0,0.181818181818182,0.818181818181818,1,1.81818181818182
45,"MGUS2",45,"survival",NA,"Real data: MGUS2","BRP-GABLE rule-only",TRUE,"C-index",0.681128883876903,129.63,NA,14,14,0,4,10,0,0,0,0.285714285714286,0.714285714285714,1,1.71428571428571
45,"MGUS2",45,"survival",NA,"Real data: MGUS2","GABLE",TRUE,"C-index",0.670126420749622,3.45999999999998,NA,5,5,0,4,1,0,0,0,0.8,0.2,1,1.2
45,"MGUS2",45,"survival",NA,"Real data: MGUS2","GBM",TRUE,"C-index",0.689297266819005,0.0400000000000205,NA,NA,NA,NA,NA,NA,NA,NA,NA,NA,NA,NA,NA
45,"MGUS2",45,"survival",NA,"Real data: MGUS2","Linear",TRUE,"C-index",0.684185535804374,0.0199999999999818,NA,6,0,6,6,0,0,0,0,1,0,1,1
45,"MGUS2",45,"survival",NA,"Real data: MGUS2","Random forest",TRUE,"C-index",0.691352345906164,0.5,NA,NA,NA,NA,NA,NA,NA,NA,NA,NA,NA,NA,NA
45,"MGUS2",45,"survival",NA,"Real data: MGUS2","RuleFit",TRUE,"C-index",0.693993530581357,24.96,NA,24,24,0,1,15,8,0,0,0.0416666666666667,0.625,0.666666666666667,2.29166666666667
46,"MGUS2",46,"survival",NA,"Real data: MGUS2","BRP-GABLE full",TRUE,"C-index",0.651461850001478,121.32,NA,11,10,1,1,10,0,0,0,0.0909090909090909,0.909090909090909,1,1.90909090909091
46,"MGUS2",46,"survival",NA,"Real data: MGUS2","BRP-GABLE rule-only",TRUE,"C-index",0.646983179117273,121.15,NA,17,17,0,4,13,0,0,0,0.235294117647059,0.764705882352941,1,1.76470588235294
46,"MGUS2",46,"survival",NA,"Real data: MGUS2","GABLE",TRUE,"C-index",0.627930351494368,3.31,NA,5,5,0,3,2,0,0,0,0.6,0.4,1,1.4
46,"MGUS2",46,"survival",NA,"Real data: MGUS2","GBM",TRUE,"C-index",0.652651727909658,0.00999999999999091,NA,NA,NA,NA,NA,NA,NA,NA,NA,NA,NA,NA,NA
46,"MGUS2",46,"survival",NA,"Real data: MGUS2","Linear",TRUE,"C-index",0.668888757501404,0.0199999999999818,NA,6,0,6,6,0,0,0,0,1,0,1,1
46,"MGUS2",46,"survival",NA,"Real data: MGUS2","Random forest",TRUE,"C-index",0.659399296420019,0.519999999999982,NA,NA,NA,NA,NA,NA,NA,NA,NA,NA,NA,NA,NA
46,"MGUS2",46,"survival",NA,"Real data: MGUS2","RuleFit",TRUE,"C-index",0.657647737014811,29.36,NA,18,18,0,1,11,6,0,0,0.0555555555555556,0.611111111111111,0.666666666666667,2.27777777777778
47,"MGUS2",47,"survival",NA,"Real data: MGUS2","BRP-GABLE full",TRUE,"C-index",0.679544813875165,119.01,NA,15,14,1,1,14,0,0,0,0.0666666666666667,0.933333333333333,1,1.93333333333333
47,"MGUS2",47,"survival",NA,"Real data: MGUS2","BRP-GABLE rule-only",TRUE,"C-index",0.683335558819602,118.33,NA,21,21,0,1,20,0,0,0,0.0476190476190476,0.952380952380952,1,1.95238095238095
47,"MGUS2",47,"survival",NA,"Real data: MGUS2","GABLE",TRUE,"C-index",0.675805996943665,2.52999999999997,NA,5,5,0,3,2,0,0,0,0.6,0.4,1,1.4
47,"MGUS2",47,"survival",NA,"Real data: MGUS2","GBM",TRUE,"C-index",0.686354801857539,0.0800000000000409,NA,NA,NA,NA,NA,NA,NA,NA,NA,NA,NA,NA,NA
47,"MGUS2",47,"survival",NA,"Real data: MGUS2","Linear",TRUE,"C-index",0.675954362694915,0,NA,6,0,6,6,0,0,0,0,1,0,1,1
47,"MGUS2",47,"survival",NA,"Real data: MGUS2","Random forest",TRUE,"C-index",0.67742318363229,0.519999999999982,NA,NA,NA,NA,NA,NA,NA,NA,NA,NA,NA,NA,NA
47,"MGUS2",47,"survival",NA,"Real data: MGUS2","RuleFit",TRUE,"C-index",0.678751057105978,24.75,NA,19,19,0,1,16,2,0,0,0.0526315789473684,0.842105263157895,0.894736842105263,2.05263157894737
48,"MGUS2",48,"survival",NA,"Real data: MGUS2","BRP-GABLE full",TRUE,"C-index",0.659364202839512,106.7,NA,11,9,2,2,9,0,0,0,0.181818181818182,0.818181818181818,1,1.81818181818182
48,"MGUS2",48,"survival",NA,"Real data: MGUS2","BRP-GABLE rule-only",TRUE,"C-index",0.670355617918194,106.74,NA,12,12,0,0,12,0,0,0,0,1,1,2
48,"MGUS2",48,"survival",NA,"Real data: MGUS2","GABLE",TRUE,"C-index",0.641764359751958,2.88999999999999,NA,5,5,0,4,1,0,0,0,0.8,0.2,1,1.2
48,"MGUS2",48,"survival",NA,"Real data: MGUS2","GBM",TRUE,"C-index",0.678352117563633,0.0600000000000023,NA,NA,NA,NA,NA,NA,NA,NA,NA,NA,NA,NA,NA
48,"MGUS2",48,"survival",NA,"Real data: MGUS2","Linear",TRUE,"C-index",0.676790536972495,0,NA,6,0,6,6,0,0,0,0,1,0,1,1
48,"MGUS2",48,"survival",NA,"Real data: MGUS2","Random forest",TRUE,"C-index",0.673154392794098,0.519999999999982,NA,NA,NA,NA,NA,NA,NA,NA,NA,NA,NA,NA,NA
48,"MGUS2",48,"survival",NA,"Real data: MGUS2","RuleFit",TRUE,"C-index",0.674557552165844,21.99,NA,15,15,0,1,8,6,0,0,0.0666666666666667,0.533333333333333,0.6,2.33333333333333
49,"MGUS2",49,"survival",NA,"Real data: MGUS2","BRP-GABLE full",TRUE,"C-index",0.687752795622175,112.54,NA,12,10,2,2,10,0,0,0,0.166666666666667,0.833333333333333,1,1.83333333333333
49,"MGUS2",49,"survival",NA,"Real data: MGUS2","BRP-GABLE rule-only",TRUE,"C-index",0.69461545324768,112.16,NA,17,17,0,2,15,0,0,0,0.117647058823529,0.882352941176471,1,1.88235294117647
49,"MGUS2",49,"survival",NA,"Real data: MGUS2","GABLE",TRUE,"C-index",0.683202474423031,3,NA,5,5,0,3,2,0,0,0,0.6,0.4,1,1.4
49,"MGUS2",49,"survival",NA,"Real data: MGUS2","GBM",TRUE,"C-index",0.692801272900309,0.0399999999999636,NA,NA,NA,NA,NA,NA,NA,NA,NA,NA,NA,NA,NA
49,"MGUS2",49,"survival",NA,"Real data: MGUS2","Linear",TRUE,"C-index",0.696169402807518,0,NA,6,0,6,6,0,0,0,0,1,0,1,1
49,"MGUS2",49,"survival",NA,"Real data: MGUS2","Random forest",TRUE,"C-index",0.695321793956698,0.490000000000009,NA,NA,NA,NA,NA,NA,NA,NA,NA,NA,NA,NA,NA
49,"MGUS2",49,"survival",NA,"Real data: MGUS2","RuleFit",TRUE,"C-index",0.702020877944326,131.39,NA,19,19,0,1,13,5,0,0,0.0526315789473684,0.684210526315789,0.736842105263158,2.21052631578947
50,"MGUS2",50,"survival",NA,"Real data: MGUS2","BRP-GABLE full",TRUE,"C-index",0.677284874398717,133.64,NA,8,6,2,2,6,0,0,0,0.25,0.75,1,1.75
50,"MGUS2",50,"survival",NA,"Real data: MGUS2","BRP-GABLE rule-only",TRUE,"C-index",0.671581278155303,133.33,NA,21,21,0,7,14,0,0,0,0.333333333333333,0.666666666666667,1,1.66666666666667
50,"MGUS2",50,"survival",NA,"Real data: MGUS2","GABLE",TRUE,"C-index",0.659906848896694,3.5,NA,5,5,0,4,1,0,0,0,0.8,0.2,1,1.2
50,"MGUS2",50,"survival",NA,"Real data: MGUS2","GBM",TRUE,"C-index",0.685477590287852,0.0799999999999841,NA,NA,NA,NA,NA,NA,NA,NA,NA,NA,NA,NA,NA
50,"MGUS2",50,"survival",NA,"Real data: MGUS2","Linear",TRUE,"C-index",0.669573184698786,0,NA,6,0,6,6,0,0,0,0,1,0,1,1
50,"MGUS2",50,"survival",NA,"Real data: MGUS2","Random forest",TRUE,"C-index",0.681621745437887,0.480000000000018,NA,NA,NA,NA,NA,NA,NA,NA,NA,NA,NA,NA,NA
50,"MGUS2",50,"survival",NA,"Real data: MGUS2","RuleFit",TRUE,"C-index",0.681033824539971,23.33,NA,26,26,0,1,22,3,0,0,0.0384615384615385,0.846153846153846,0.884615384615385,2.07692307692308
51,"MGUS2",51,"survival",NA,"Real data: MGUS2","BRP-GABLE full",TRUE,"C-index",0.687278878984041,102.33,NA,11,10,1,1,10,0,0,0,0.0909090909090909,0.909090909090909,1,1.90909090909091
51,"MGUS2",51,"survival",NA,"Real data: MGUS2","BRP-GABLE rule-only",TRUE,"C-index",0.68425850108919,102.18,NA,20,20,0,0,20,0,0,0,0,1,1,2
51,"MGUS2",51,"survival",NA,"Real data: MGUS2","GABLE",TRUE,"C-index",0.672184714261437,2.49000000000001,NA,4,4,0,2,2,0,0,0,0.5,0.5,1,1.5
51,"MGUS2",51,"survival",NA,"Real data: MGUS2","GBM",TRUE,"C-index",0.698201677816058,0.0300000000000296,NA,NA,NA,NA,NA,NA,NA,NA,NA,NA,NA,NA,NA
51,"MGUS2",51,"survival",NA,"Real data: MGUS2","Linear",TRUE,"C-index",0.698456594620483,0.00999999999999091,NA,6,0,6,6,0,0,0,0,1,0,1,1
51,"MGUS2",51,"survival",NA,"Real data: MGUS2","Random forest",TRUE,"C-index",0.690994484527322,0.529999999999973,NA,NA,NA,NA,NA,NA,NA,NA,NA,NA,NA,NA,NA
51,"MGUS2",51,"survival",NA,"Real data: MGUS2","RuleFit",TRUE,"C-index",0.685038701005763,26.06,NA,16,16,0,0,9,7,0,0,0,0.5625,0.5625,2.4375
52,"MGUS2",52,"survival",NA,"Real data: MGUS2","BRP-GABLE full",TRUE,"C-index",0.678693331328472,127.74,NA,9,7,2,2,7,0,0,0,0.222222222222222,0.777777777777778,1,1.77777777777778
52,"MGUS2",52,"survival",NA,"Real data: MGUS2","BRP-GABLE rule-only",TRUE,"C-index",0.687497180663108,127.38,NA,14,14,0,2,12,0,0,0,0.142857142857143,0.857142857142857,1,1.85714285714286
52,"MGUS2",52,"survival",NA,"Real data: MGUS2","GABLE",TRUE,"C-index",0.661717164122998,3.38,NA,5,5,0,5,0,0,0,0,1,0,1,1
52,"MGUS2",52,"survival",NA,"Real data: MGUS2","GBM",TRUE,"C-index",0.680775881512668,0.0300000000000296,NA,NA,NA,NA,NA,NA,NA,NA,NA,NA,NA,NA,NA
52,"MGUS2",52,"survival",NA,"Real data: MGUS2","Linear",TRUE,"C-index",0.672370498458763,0.0199999999999818,NA,6,0,6,6,0,0,0,0,1,0,1,1
52,"MGUS2",52,"survival",NA,"Real data: MGUS2","Random forest",TRUE,"C-index",0.692188557251334,0.479999999999961,NA,NA,NA,NA,NA,NA,NA,NA,NA,NA,NA,NA,NA
52,"MGUS2",52,"survival",NA,"Real data: MGUS2","RuleFit",TRUE,"C-index",0.687865574016991,29.1,NA,21,21,0,1,17,3,0,0,0.0476190476190476,0.80952380952381,0.857142857142857,2.0952380952381
53,"MGUS2",53,"survival",NA,"Real data: MGUS2","BRP-GABLE full",TRUE,"C-index",0.66570297558155,120.02,NA,13,11,2,2,11,0,0,0,0.153846153846154,0.846153846153846,1,1.84615384615385
53,"MGUS2",53,"survival",NA,"Real data: MGUS2","BRP-GABLE rule-only",TRUE,"C-index",0.665450933297751,119.81,NA,14,14,0,2,12,0,0,0,0.142857142857143,0.857142857142857,1,1.85714285714286
53,"MGUS2",53,"survival",NA,"Real data: MGUS2","GABLE",TRUE,"C-index",0.641469851295053,3.67000000000002,NA,5,5,0,4,1,0,0,0,0.8,0.2,1,1.2
53,"MGUS2",53,"survival",NA,"Real data: MGUS2","GBM",TRUE,"C-index",0.677904787320791,0.0799999999999841,NA,NA,NA,NA,NA,NA,NA,NA,NA,NA,NA,NA,NA
53,"MGUS2",53,"survival",NA,"Real data: MGUS2","Linear",TRUE,"C-index",0.67037317084019,0.0200000000000387,NA,6,0,6,6,0,0,0,0,1,0,1,1
53,"MGUS2",53,"survival",NA,"Real data: MGUS2","Random forest",TRUE,"C-index",0.671366513958695,0.529999999999973,NA,NA,NA,NA,NA,NA,NA,NA,NA,NA,NA,NA,NA
53,"MGUS2",53,"survival",NA,"Real data: MGUS2","RuleFit",TRUE,"C-index",0.670595561090602,103.77,NA,23,23,0,1,18,4,0,0,0.0434782608695652,0.782608695652174,0.826086956521739,2.1304347826087
54,"MGUS2",54,"survival",NA,"Real data: MGUS2","BRP-GABLE full",TRUE,"C-index",0.687215719570623,123.74,NA,12,10,2,2,10,0,0,0,0.166666666666667,0.833333333333333,1,1.83333333333333
54,"MGUS2",54,"survival",NA,"Real data: MGUS2","BRP-GABLE rule-only",TRUE,"C-index",0.690331433076597,123.81,NA,13,13,0,2,11,0,0,0,0.153846153846154,0.846153846153846,1,1.84615384615385
54,"MGUS2",54,"survival",NA,"Real data: MGUS2","GABLE",TRUE,"C-index",0.662380981260234,3.54999999999995,NA,5,5,0,5,0,0,0,0,1,0,1,1
54,"MGUS2",54,"survival",NA,"Real data: MGUS2","GBM",TRUE,"C-index",0.691711140760507,0.0799999999999272,NA,NA,NA,NA,NA,NA,NA,NA,NA,NA,NA,NA,NA
54,"MGUS2",54,"survival",NA,"Real data: MGUS2","Linear",TRUE,"C-index",0.685366001576809,0.0200000000000955,NA,6,0,6,6,0,0,0,0,1,0,1,1
54,"MGUS2",54,"survival",NA,"Real data: MGUS2","Random forest",TRUE,"C-index",0.68945963975984,0.560000000000059,NA,NA,NA,NA,NA,NA,NA,NA,NA,NA,NA,NA,NA
54,"MGUS2",54,"survival",NA,"Real data: MGUS2","RuleFit",TRUE,"C-index",0.689027533507187,142.74,NA,18,18,0,1,12,5,0,0,0.0555555555555556,0.666666666666667,0.722222222222222,2.22222222222222
55,"MGUS2",55,"survival",NA,"Real data: MGUS2","BRP-GABLE full",TRUE,"C-index",0.715078085341455,121,NA,11,10,1,1,10,0,0,0,0.0909090909090909,0.909090909090909,1,1.90909090909091
55,"MGUS2",55,"survival",NA,"Real data: MGUS2","BRP-GABLE rule-only",TRUE,"C-index",0.708889486099913,120.61,NA,15,15,0,0,15,0,0,0,0,1,1,2
55,"MGUS2",55,"survival",NA,"Real data: MGUS2","GABLE",TRUE,"C-index",0.684090298306907,3.13,NA,4,4,0,2,2,0,0,0,0.5,0.5,1,1.5
55,"MGUS2",55,"survival",NA,"Real data: MGUS2","GBM",TRUE,"C-index",0.726828212248798,0.0499999999999545,NA,NA,NA,NA,NA,NA,NA,NA,NA,NA,NA,NA,NA
55,"MGUS2",55,"survival",NA,"Real data: MGUS2","Linear",TRUE,"C-index",0.727522470064797,0.0199999999999818,NA,6,0,6,6,0,0,0,0,1,0,1,1
55,"MGUS2",55,"survival",NA,"Real data: MGUS2","Random forest",TRUE,"C-index",0.715951506464809,0.540000000000077,NA,NA,NA,NA,NA,NA,NA,NA,NA,NA,NA,NA,NA
55,"MGUS2",55,"survival",NA,"Real data: MGUS2","RuleFit",TRUE,"C-index",0.717989489085968,31.86,NA,18,18,0,1,15,2,0,0,0.0555555555555556,0.833333333333333,0.888888888888889,2.05555555555556
56,"MGUS2",56,"survival",NA,"Real data: MGUS2","BRP-GABLE full",TRUE,"C-index",0.66192397536632,122.47,NA,6,5,1,1,5,0,0,0,0.166666666666667,0.833333333333333,1,1.83333333333333
56,"MGUS2",56,"survival",NA,"Real data: MGUS2","BRP-GABLE rule-only",TRUE,"C-index",0.658503473591603,122.34,NA,8,8,0,0,8,0,0,0,0,1,1,2
56,"MGUS2",56,"survival",NA,"Real data: MGUS2","GABLE",TRUE,"C-index",0.664555713982344,2.66000000000008,NA,5,5,0,4,1,0,0,0,0.8,0.2,1,1.2
56,"MGUS2",56,"survival",NA,"Real data: MGUS2","GBM",TRUE,"C-index",0.687194733489063,0.0799999999999272,NA,NA,NA,NA,NA,NA,NA,NA,NA,NA,NA,NA,NA
56,"MGUS2",56,"survival",NA,"Real data: MGUS2","Linear",TRUE,"C-index",0.683417771440706,0,NA,6,0,6,6,0,0,0,0,1,0,1,1
56,"MGUS2",56,"survival",NA,"Real data: MGUS2","Random forest",TRUE,"C-index",0.687376755756454,0.5,NA,NA,NA,NA,NA,NA,NA,NA,NA,NA,NA,NA,NA
56,"MGUS2",56,"survival",NA,"Real data: MGUS2","RuleFit",TRUE,"C-index",0.662705154263872,166,NA,17,17,0,0,16,1,0,0,0,0.941176470588235,0.941176470588235,2.05882352941176
57,"MGUS2",57,"survival",NA,"Real data: MGUS2","BRP-GABLE full",TRUE,"C-index",0.70156817041867,110.08,NA,13,11,2,2,11,0,0,0,0.153846153846154,0.846153846153846,1,1.84615384615385
57,"MGUS2",57,"survival",NA,"Real data: MGUS2","BRP-GABLE rule-only",TRUE,"C-index",0.701752574277875,110,NA,13,13,0,0,13,0,0,0,0,1,1,2
57,"MGUS2",57,"survival",NA,"Real data: MGUS2","GABLE",TRUE,"C-index",0.687627238662851,2.72000000000003,NA,5,5,0,4,1,0,0,0,0.8,0.2,1,1.2
57,"MGUS2",57,"survival",NA,"Real data: MGUS2","GBM",TRUE,"C-index",0.710006491015844,0.0500000000000114,NA,NA,NA,NA,NA,NA,NA,NA,NA,NA,NA,NA,NA
57,"MGUS2",57,"survival",NA,"Real data: MGUS2","Linear",TRUE,"C-index",0.706266780751188,0.0199999999999818,NA,6,0,6,6,0,0,0,0,1,0,1,1
57,"MGUS2",57,"survival",NA,"Real data: MGUS2","Random forest",TRUE,"C-index",0.706252028442451,0.509999999999991,NA,NA,NA,NA,NA,NA,NA,NA,NA,NA,NA,NA,NA
57,"MGUS2",57,"survival",NA,"Real data: MGUS2","RuleFit",TRUE,"C-index",0.700933821143009,28.02,NA,23,23,0,0,22,1,0,0,0,0.956521739130435,0.956521739130435,2.04347826086957
58,"MGUS2",58,"survival",NA,"Real data: MGUS2","BRP-GABLE full",TRUE,"C-index",0.67161468311748,128.05,NA,10,8,2,2,8,0,0,0,0.2,0.8,1,1.8
58,"MGUS2",58,"survival",NA,"Real data: MGUS2","BRP-GABLE rule-only",TRUE,"C-index",0.678067284849414,127.97,NA,18,18,0,6,12,0,0,0,0.333333333333333,0.666666666666667,1,1.66666666666667
58,"MGUS2",58,"survival",NA,"Real data: MGUS2","GABLE",TRUE,"C-index",0.654364319104912,2.63999999999999,NA,5,5,0,5,0,0,0,0,1,0,1,1
58,"MGUS2",58,"survival",NA,"Real data: MGUS2","GBM",TRUE,"C-index",0.686190512682964,0.0499999999999545,NA,NA,NA,NA,NA,NA,NA,NA,NA,NA,NA,NA,NA
58,"MGUS2",58,"survival",NA,"Real data: MGUS2","Linear",TRUE,"C-index",0.673262318951644,0,NA,6,0,6,6,0,0,0,0,1,0,1,1
58,"MGUS2",58,"survival",NA,"Real data: MGUS2","Random forest",TRUE,"C-index",0.687500957927811,0.5,NA,NA,NA,NA,NA,NA,NA,NA,NA,NA,NA,NA,NA
58,"MGUS2",58,"survival",NA,"Real data: MGUS2","RuleFit",TRUE,"C-index",0.681508161544946,93.79,NA,15,15,0,1,14,0,0,0,0.0666666666666667,0.933333333333333,1,1.93333333333333
59,"MGUS2",59,"survival",NA,"Real data: MGUS2","BRP-GABLE full",TRUE,"C-index",0.69957638378691,116.76,NA,13,12,1,1,12,0,0,0,0.0769230769230769,0.923076923076923,1,1.92307692307692
59,"MGUS2",59,"survival",NA,"Real data: MGUS2","BRP-GABLE rule-only",TRUE,"C-index",0.69415222046801,116.99,NA,16,16,0,3,13,0,0,0,0.1875,0.8125,1,1.8125
59,"MGUS2",59,"survival",NA,"Real data: MGUS2","GABLE",TRUE,"C-index",0.681803260750629,2.74000000000001,NA,5,5,0,4,1,0,0,0,0.8,0.2,1,1.2
59,"MGUS2",59,"survival",NA,"Real data: MGUS2","GBM",TRUE,"C-index",0.713637003110687,0.0299999999999727,NA,NA,NA,NA,NA,NA,NA,NA,NA,NA,NA,NA,NA
59,"MGUS2",59,"survival",NA,"Real data: MGUS2","Linear",TRUE,"C-index",0.708079971237866,0.0199999999999818,NA,6,0,6,6,0,0,0,0,1,0,1,1
59,"MGUS2",59,"survival",NA,"Real data: MGUS2","Random forest",TRUE,"C-index",0.702577649946071,0.450000000000045,NA,NA,NA,NA,NA,NA,NA,NA,NA,NA,NA,NA,NA
59,"MGUS2",59,"survival",NA,"Real data: MGUS2","RuleFit",TRUE,"C-index",0.697122223438013,35.51,NA,17,17,0,0,13,4,0,0,0,0.764705882352941,0.764705882352941,2.23529411764706
60,"MGUS2",60,"survival",NA,"Real data: MGUS2","BRP-GABLE full",TRUE,"C-index",0.689271570328839,124.17,NA,15,14,1,1,14,0,0,0,0.0666666666666667,0.933333333333333,1,1.93333333333333
60,"MGUS2",60,"survival",NA,"Real data: MGUS2","BRP-GABLE rule-only",TRUE,"C-index",0.690443346831012,123.75,NA,17,17,0,0,17,0,0,0,0,1,1,2
60,"MGUS2",60,"survival",NA,"Real data: MGUS2","GABLE",TRUE,"C-index",0.663181002388051,2.92000000000007,NA,5,5,0,3,2,0,0,0,0.6,0.4,1,1.4
60,"MGUS2",60,"survival",NA,"Real data: MGUS2","GBM",TRUE,"C-index",0.691985938681974,0.0699999999999363,NA,NA,NA,NA,NA,NA,NA,NA,NA,NA,NA,NA,NA
60,"MGUS2",60,"survival",NA,"Real data: MGUS2","Linear",TRUE,"C-index",0.69071033388214,0.0299999999999727,NA,6,0,6,6,0,0,0,0,1,0,1,1
60,"MGUS2",60,"survival",NA,"Real data: MGUS2","Random forest",TRUE,"C-index",0.696821370830181,0.480000000000018,NA,NA,NA,NA,NA,NA,NA,NA,NA,NA,NA,NA,NA
60,"MGUS2",60,"survival",NA,"Real data: MGUS2","RuleFit",TRUE,"C-index",0.69671754253252,25.7,NA,19,19,0,1,13,5,0,0,0.0526315789473684,0.684210526315789,0.736842105263158,2.21052631578947
61,"MGUS2",61,"survival",NA,"Real data: MGUS2","BRP-GABLE full",TRUE,"C-index",0.683833732331011,119.36,NA,7,6,1,1,6,0,0,0,0.142857142857143,0.857142857142857,1,1.85714285714286
61,"MGUS2",61,"survival",NA,"Real data: MGUS2","BRP-GABLE rule-only",TRUE,"C-index",0.694164468367362,119.49,NA,10,10,0,2,8,0,0,0,0.2,0.8,1,1.8
61,"MGUS2",61,"survival",NA,"Real data: MGUS2","GABLE",TRUE,"C-index",0.686296335828975,3.01999999999998,NA,5,5,0,4,1,0,0,0,0.8,0.2,1,1.2
61,"MGUS2",61,"survival",NA,"Real data: MGUS2","GBM",TRUE,"C-index",0.70452570104146,0.0499999999999545,NA,NA,NA,NA,NA,NA,NA,NA,NA,NA,NA,NA,NA
61,"MGUS2",61,"survival",NA,"Real data: MGUS2","Linear",TRUE,"C-index",0.697412360287278,0,NA,6,0,6,6,0,0,0,0,1,0,1,1
61,"MGUS2",61,"survival",NA,"Real data: MGUS2","Random forest",TRUE,"C-index",0.704762049983989,0.480000000000018,NA,NA,NA,NA,NA,NA,NA,NA,NA,NA,NA,NA,NA
61,"MGUS2",61,"survival",NA,"Real data: MGUS2","RuleFit",TRUE,"C-index",0.686387825742212,128.58,NA,12,12,0,1,10,1,0,0,0.0833333333333333,0.833333333333333,0.916666666666667,2
62,"MGUS2",62,"survival",NA,"Real data: MGUS2","BRP-GABLE full",TRUE,"C-index",0.663800015127449,120.02,NA,11,9,2,2,9,0,0,0,0.181818181818182,0.818181818181818,1,1.81818181818182
62,"MGUS2",62,"survival",NA,"Real data: MGUS2","BRP-GABLE rule-only",TRUE,"C-index",0.657854927766432,119.46,NA,14,14,0,0,14,0,0,0,0,1,1,2
62,"MGUS2",62,"survival",NA,"Real data: MGUS2","GABLE",TRUE,"C-index",0.652363663868089,3.72000000000003,NA,5,5,0,4,1,0,0,0,0.8,0.2,1,1.2
62,"MGUS2",62,"survival",NA,"Real data: MGUS2","GBM",TRUE,"C-index",0.671220028742153,0.0400000000000773,NA,NA,NA,NA,NA,NA,NA,NA,NA,NA,NA,NA,NA
62,"MGUS2",62,"survival",NA,"Real data: MGUS2","Linear",TRUE,"C-index",0.671492322819756,0,NA,6,0,6,6,0,0,0,0,1,0,1,1
62,"MGUS2",62,"survival",NA,"Real data: MGUS2","Random forest",TRUE,"C-index",0.67176461689736,0.569999999999936,NA,NA,NA,NA,NA,NA,NA,NA,NA,NA,NA,NA,NA
62,"MGUS2",62,"survival",NA,"Real data: MGUS2","RuleFit",TRUE,"C-index",0.671439376749111,25.85,NA,19,19,0,1,12,6,0,0,0.0526315789473684,0.631578947368421,0.684210526315789,2.26315789473684
63,"MGUS2",63,"survival",NA,"Real data: MGUS2","BRP-GABLE full",TRUE,"C-index",0.691192022964194,122.92,NA,14,12,2,2,12,0,0,0,0.142857142857143,0.857142857142857,1,1.85714285714286
63,"MGUS2",63,"survival",NA,"Real data: MGUS2","BRP-GABLE rule-only",TRUE,"C-index",0.692725487233721,123,NA,13,13,0,1,12,0,0,0,0.0769230769230769,0.923076923076923,1,1.92307692307692
63,"MGUS2",63,"survival",NA,"Real data: MGUS2","GABLE",TRUE,"C-index",0.67145339175102,3.36000000000001,NA,5,5,0,3,2,0,0,0,0.6,0.4,1,1.4
63,"MGUS2",63,"survival",NA,"Real data: MGUS2","GBM",TRUE,"C-index",0.694425139749207,0.129999999999995,NA,NA,NA,NA,NA,NA,NA,NA,NA,NA,NA,NA,NA
63,"MGUS2",63,"survival",NA,"Real data: MGUS2","Linear",TRUE,"C-index",0.689016467744372,0.00999999999999091,NA,6,0,6,6,0,0,0,0,1,0,1,1
63,"MGUS2",63,"survival",NA,"Real data: MGUS2","Random forest",TRUE,"C-index",0.690965402628796,0.509999999999991,NA,NA,NA,NA,NA,NA,NA,NA,NA,NA,NA,NA,NA
63,"MGUS2",63,"survival",NA,"Real data: MGUS2","RuleFit",TRUE,"C-index",0.695958604018734,38.32,NA,20,20,0,0,16,4,0,0,0,0.8,0.8,2.2
64,"MGUS2",64,"survival",NA,"Real data: MGUS2","BRP-GABLE full",TRUE,"C-index",0.647186180779737,121.52,NA,5,4,1,1,4,0,0,0,0.2,0.8,1,1.8
64,"MGUS2",64,"survival",NA,"Real data: MGUS2","BRP-GABLE rule-only",TRUE,"C-index",0.658042587534144,120.94,NA,14,14,0,4,10,0,0,0,0.285714285714286,0.714285714285714,1,1.71428571428571
64,"MGUS2",64,"survival",NA,"Real data: MGUS2","GABLE",TRUE,"C-index",0.63787403774522,2.77999999999997,NA,5,5,0,4,1,0,0,0,0.8,0.2,1,1.2
64,"MGUS2",64,"survival",NA,"Real data: MGUS2","GBM",TRUE,"C-index",0.670722622299479,0.0399999999999636,NA,NA,NA,NA,NA,NA,NA,NA,NA,NA,NA,NA,NA
64,"MGUS2",64,"survival",NA,"Real data: MGUS2","Linear",TRUE,"C-index",0.667292649615098,0,NA,6,0,6,6,0,0,0,0,1,0,1,1
64,"MGUS2",64,"survival",NA,"Real data: MGUS2","Random forest",TRUE,"C-index",0.656832008939657,0.660000000000082,NA,NA,NA,NA,NA,NA,NA,NA,NA,NA,NA,NA,NA
64,"MGUS2",64,"survival",NA,"Real data: MGUS2","RuleFit",TRUE,"C-index",0.663397069778992,105.49,NA,17,17,0,1,14,2,0,0,0.0588235294117647,0.823529411764706,0.882352941176471,2.05882352941176
65,"MGUS2",65,"survival",NA,"Real data: MGUS2","BRP-GABLE full",TRUE,"C-index",0.680245587106677,116.3,NA,9,8,1,1,8,0,0,0,0.111111111111111,0.888888888888889,1,1.88888888888889
65,"MGUS2",65,"survival",NA,"Real data: MGUS2","BRP-GABLE rule-only",TRUE,"C-index",0.688733691481197,116,NA,13,13,0,0,13,0,0,0,0,1,1,2
65,"MGUS2",65,"survival",NA,"Real data: MGUS2","GABLE",TRUE,"C-index",0.67432847275518,2.61000000000001,NA,5,5,0,4,1,0,0,0,0.8,0.2,1,1.2
65,"MGUS2",65,"survival",NA,"Real data: MGUS2","GBM",TRUE,"C-index",0.69327705295472,0.0699999999999363,NA,NA,NA,NA,NA,NA,NA,NA,NA,NA,NA,NA,NA
65,"MGUS2",65,"survival",NA,"Real data: MGUS2","Linear",TRUE,"C-index",0.690391404451266,0.00999999999999091,NA,6,0,6,6,0,0,0,0,1,0,1,1
65,"MGUS2",65,"survival",NA,"Real data: MGUS2","Random forest",TRUE,"C-index",0.690099769762087,0.529999999999973,NA,NA,NA,NA,NA,NA,NA,NA,NA,NA,NA,NA,NA
65,"MGUS2",65,"survival",NA,"Real data: MGUS2","RuleFit",TRUE,"C-index",0.690544896392939,86.3,NA,24,24,0,1,20,3,0,0,0.0416666666666667,0.833333333333333,0.875,2.08333333333333
66,"MGUS2",66,"survival",NA,"Real data: MGUS2","BRP-GABLE full",TRUE,"C-index",0.701585144927536,128.39,NA,8,7,1,1,7,0,0,0,0.125,0.875,1,1.875
66,"MGUS2",66,"survival",NA,"Real data: MGUS2","BRP-GABLE rule-only",TRUE,"C-index",0.699222524154589,128.43,NA,15,15,0,2,13,0,0,0,0.133333333333333,0.866666666666667,1,1.86666666666667
66,"MGUS2",66,"survival",NA,"Real data: MGUS2","GABLE",TRUE,"C-index",0.671859903381642,2.68999999999994,NA,5,5,0,2,3,0,0,0,0.4,0.6,1,1.6
66,"MGUS2",66,"survival",NA,"Real data: MGUS2","GBM",TRUE,"C-index",0.704664855072464,0.0499999999999545,NA,NA,NA,NA,NA,NA,NA,NA,NA,NA,NA,NA,NA
66,"MGUS2",66,"survival",NA,"Real data: MGUS2","Linear",TRUE,"C-index",0.711503623188406,0,NA,6,0,6,6,0,0,0,0,1,0,1,1
66,"MGUS2",66,"survival",NA,"Real data: MGUS2","Random forest",TRUE,"C-index",0.700951086956522,0.540000000000077,NA,NA,NA,NA,NA,NA,NA,NA,NA,NA,NA,NA,NA
66,"MGUS2",66,"survival",NA,"Real data: MGUS2","RuleFit",TRUE,"C-index",0.698158212560386,36.68,NA,13,13,0,0,7,6,0,0,0,0.538461538461538,0.538461538461538,2.46153846153846
67,"MGUS2",67,"survival",NA,"Real data: MGUS2","BRP-GABLE full",TRUE,"C-index",0.6898808637379,123.64,NA,16,14,2,4,12,0,0,0,0.25,0.75,1,1.75
67,"MGUS2",67,"survival",NA,"Real data: MGUS2","BRP-GABLE rule-only",TRUE,"C-index",0.684259121370067,123.79,NA,20,20,0,4,16,0,0,0,0.2,0.8,1,1.8
67,"MGUS2",67,"survival",NA,"Real data: MGUS2","GABLE",TRUE,"C-index",0.65385703648548,3.34000000000003,NA,4,4,0,3,1,0,0,0,0.75,0.25,1,1.25
67,"MGUS2",67,"survival",NA,"Real data: MGUS2","GBM",TRUE,"C-index",0.685405807892777,0.0499999999999545,NA,NA,NA,NA,NA,NA,NA,NA,NA,NA,NA,NA,NA
67,"MGUS2",67,"survival",NA,"Real data: MGUS2","Linear",TRUE,"C-index",0.683350707371556,0,NA,6,0,6,6,0,0,0,0,1,0,1,1
67,"MGUS2",67,"survival",NA,"Real data: MGUS2","Random forest",TRUE,"C-index",0.687148175725987,0.580000000000041,NA,NA,NA,NA,NA,NA,NA,NA,NA,NA,NA,NA,NA
67,"MGUS2",67,"survival",NA,"Real data: MGUS2","RuleFit",TRUE,"C-index",0.679947877885331,36.76,NA,18,18,0,0,14,4,0,0,0,0.777777777777778,0.777777777777778,2.22222222222222
68,"MGUS2",68,"survival",NA,"Real data: MGUS2","BRP-GABLE full",TRUE,"C-index",0.680198871352265,102.37,NA,12,11,1,1,11,0,0,0,0.0833333333333333,0.916666666666667,1,1.91666666666667
68,"MGUS2",68,"survival",NA,"Real data: MGUS2","BRP-GABLE rule-only",TRUE,"C-index",0.677181096659323,102.13,NA,13,13,0,0,13,0,0,0,0,1,1,2
68,"MGUS2",68,"survival",NA,"Real data: MGUS2","GABLE",TRUE,"C-index",0.671862268763014,3.10000000000002,NA,4,4,0,3,1,0,0,0,0.75,0.25,1,1.25
68,"MGUS2",68,"survival",NA,"Real data: MGUS2","GBM",TRUE,"C-index",0.688271418655883,0.07000000000005,NA,NA,NA,NA,NA,NA,NA,NA,NA,NA,NA,NA,NA
68,"MGUS2",68,"survival",NA,"Real data: MGUS2","Linear",TRUE,"C-index",0.689501161843257,0.00999999999999091,NA,6,0,6,6,0,0,0,0,1,0,1,1
68,"MGUS2",68,"survival",NA,"Real data: MGUS2","Random forest",TRUE,"C-index",0.691824848356822,0.5,NA,NA,NA,NA,NA,NA,NA,NA,NA,NA,NA,NA,NA
68,"MGUS2",68,"survival",NA,"Real data: MGUS2","RuleFit",TRUE,"C-index",0.679814105078915,35.83,NA,18,18,0,1,12,5,0,0,0.0555555555555556,0.666666666666667,0.722222222222222,2.22222222222222
69,"MGUS2",69,"survival",NA,"Real data: MGUS2","BRP-GABLE full",TRUE,"C-index",0.708221879155649,112.77,NA,17,15,2,2,15,0,0,0,0.117647058823529,0.882352941176471,1,1.88235294117647
69,"MGUS2",69,"survival",NA,"Real data: MGUS2","BRP-GABLE rule-only",TRUE,"C-index",0.704851504822463,112.72,NA,17,17,0,0,17,0,0,0,0,1,1,2
69,"MGUS2",69,"survival",NA,"Real data: MGUS2","GABLE",TRUE,"C-index",0.705913822356052,2.19000000000005,NA,4,4,0,3,1,0,0,0,0.75,0.25,1,1.25
69,"MGUS2",69,"survival",NA,"Real data: MGUS2","GBM",TRUE,"C-index",0.718103724989683,0.0500000000000682,NA,NA,NA,NA,NA,NA,NA,NA,NA,NA,NA,NA,NA
69,"MGUS2",69,"survival",NA,"Real data: MGUS2","Linear",TRUE,"C-index",0.721076685569295,0.00999999999999091,NA,6,0,6,6,0,0,0,0,1,0,1,1
69,"MGUS2",69,"survival",NA,"Real data: MGUS2","Random forest",TRUE,"C-index",0.716154869082739,0.449999999999932,NA,NA,NA,NA,NA,NA,NA,NA,NA,NA,NA,NA,NA
69,"MGUS2",69,"survival",NA,"Real data: MGUS2","RuleFit",TRUE,"C-index",0.709926172752702,36.09,NA,19,19,0,0,12,7,0,0,0,0.631578947368421,0.631578947368421,2.36842105263158
70,"MGUS2",70,"survival",NA,"Real data: MGUS2","BRP-GABLE full",TRUE,"C-index",0.663799621928166,118.69,NA,13,11,2,2,11,0,0,0,0.153846153846154,0.846153846153846,1,1.84615384615385
70,"MGUS2",70,"survival",NA,"Real data: MGUS2","BRP-GABLE rule-only",TRUE,"C-index",0.663108913770539,119.08,NA,17,17,0,2,15,0,0,0,0.117647058823529,0.882352941176471,1,1.88235294117647
70,"MGUS2",70,"survival",NA,"Real data: MGUS2","GABLE",TRUE,"C-index",0.647557074305657,2.58000000000004,NA,5,5,0,5,0,0,0,0,1,0,1,1
70,"MGUS2",70,"survival",NA,"Real data: MGUS2","GBM",TRUE,"C-index",0.670219572488003,0.0800000000000409,NA,NA,NA,NA,NA,NA,NA,NA,NA,NA,NA,NA,NA
70,"MGUS2",70,"survival",NA,"Real data: MGUS2","Linear",TRUE,"C-index",0.663923222335321,0.0299999999999727,NA,6,0,6,6,0,0,0,0,1,0,1,1
70,"MGUS2",70,"survival",NA,"Real data: MGUS2","Random forest",TRUE,"C-index",0.67270612185546,0.559999999999945,NA,NA,NA,NA,NA,NA,NA,NA,NA,NA,NA,NA,NA
70,"MGUS2",70,"survival",NA,"Real data: MGUS2","RuleFit",TRUE,"C-index",0.660760506034608,35.05,NA,23,23,0,1,16,6,0,0,0.0434782608695652,0.695652173913043,0.739130434782609,2.21739130434783
71,"MGUS2",71,"survival",NA,"Real data: MGUS2","BRP-GABLE full",TRUE,"C-index",0.686726506187951,118.35,NA,12,10,2,2,10,0,0,0,0.166666666666667,0.833333333333333,1,1.83333333333333
71,"MGUS2",71,"survival",NA,"Real data: MGUS2","BRP-GABLE rule-only",TRUE,"C-index",0.687074058963084,118.34,NA,19,19,0,4,15,0,0,0,0.210526315789474,0.789473684210526,1,1.78947368421053
71,"MGUS2",71,"survival",NA,"Real data: MGUS2","GABLE",TRUE,"C-index",0.676987472989105,2.62,NA,5,5,0,5,0,0,0,0,1,0,1,1
71,"MGUS2",71,"survival",NA,"Real data: MGUS2","GBM",TRUE,"C-index",0.697523308702419,0.129999999999995,NA,NA,NA,NA,NA,NA,NA,NA,NA,NA,NA,NA,NA
71,"MGUS2",71,"survival",NA,"Real data: MGUS2","Linear",TRUE,"C-index",0.688109161793372,0.0299999999999727,NA,6,0,6,6,0,0,0,0,1,0,1,1
71,"MGUS2",71,"survival",NA,"Real data: MGUS2","Random forest",TRUE,"C-index",0.694425555706665,0.549999999999955,NA,NA,NA,NA,NA,NA,NA,NA,NA,NA,NA,NA,NA
71,"MGUS2",71,"survival",NA,"Real data: MGUS2","RuleFit",TRUE,"C-index",0.687142058419088,36.44,NA,18,18,0,0,15,3,0,0,0,0.833333333333333,0.833333333333333,2.16666666666667
72,"MGUS2",72,"survival",NA,"Real data: MGUS2","BRP-GABLE full",TRUE,"C-index",0.671573884003799,111.52,NA,14,13,1,1,13,0,0,0,0.0714285714285714,0.928571428571429,1,1.92857142857143
72,"MGUS2",72,"survival",NA,"Real data: MGUS2","BRP-GABLE rule-only",TRUE,"C-index",0.685207880143387,111.57,NA,19,19,0,2,17,0,0,0,0.105263157894737,0.894736842105263,1,1.89473684210526
72,"MGUS2",72,"survival",NA,"Real data: MGUS2","GABLE",TRUE,"C-index",0.661792640705904,2.70000000000005,NA,5,5,0,4,1,0,0,0,0.8,0.2,1,1.2
72,"MGUS2",72,"survival",NA,"Real data: MGUS2","GBM",TRUE,"C-index",0.693732957504826,0.0600000000000591,NA,NA,NA,NA,NA,NA,NA,NA,NA,NA,NA,NA,NA
72,"MGUS2",72,"survival",NA,"Real data: MGUS2","Linear",TRUE,"C-index",0.67646067587855,0,NA,6,0,6,6,0,0,0,0,1,0,1,1
72,"MGUS2",72,"survival",NA,"Real data: MGUS2","Random forest",TRUE,"C-index",0.683584055884065,0.439999999999941,NA,NA,NA,NA,NA,NA,NA,NA,NA,NA,NA,NA,NA
72,"MGUS2",72,"survival",NA,"Real data: MGUS2","RuleFit",TRUE,"C-index",0.684932136401238,132.63,NA,24,24,0,1,20,3,0,0,0.0416666666666667,0.833333333333333,0.875,2.08333333333333
73,"MGUS2",73,"survival",NA,"Real data: MGUS2","BRP-GABLE full",TRUE,"C-index",0.685934255793159,125.34,NA,7,6,1,1,6,0,0,0,0.142857142857143,0.857142857142857,1,1.85714285714286
73,"MGUS2",73,"survival",NA,"Real data: MGUS2","BRP-GABLE rule-only",TRUE,"C-index",0.703863116257218,125.29,NA,18,18,0,4,14,0,0,0,0.222222222222222,0.777777777777778,1,1.77777777777778
73,"MGUS2",73,"survival",NA,"Real data: MGUS2","GABLE",TRUE,"C-index",0.684865798766349,3.79999999999995,NA,5,5,0,5,0,0,0,0,1,0,1,1
73,"MGUS2",73,"survival",NA,"Real data: MGUS2","GBM",TRUE,"C-index",0.704120758377158,0.0499999999999545,NA,NA,NA,NA,NA,NA,NA,NA,NA,NA,NA,NA,NA
73,"MGUS2",73,"survival",NA,"Real data: MGUS2","Linear",TRUE,"C-index",0.700483457860358,0.0199999999999818,NA,6,0,6,6,0,0,0,0,1,0,1,1
73,"MGUS2",73,"survival",NA,"Real data: MGUS2","Random forest",TRUE,"C-index",0.705590834002698,0.540000000000077,NA,NA,NA,NA,NA,NA,NA,NA,NA,NA,NA,NA,NA
73,"MGUS2",73,"survival",NA,"Real data: MGUS2","RuleFit",TRUE,"C-index",0.709046269493657,87.58,NA,16,16,0,1,13,2,0,0,0.0625,0.8125,0.875,2.0625
74,"MGUS2",74,"survival",NA,"Real data: MGUS2","BRP-GABLE full",TRUE,"C-index",0.675067968088425,130.96,NA,14,12,2,2,12,0,0,0,0.142857142857143,0.857142857142857,1,1.85714285714286
74,"MGUS2",74,"survival",NA,"Real data: MGUS2","BRP-GABLE rule-only",TRUE,"C-index",0.681337374277607,130.02,NA,24,24,0,8,16,0,0,0,0.333333333333333,0.666666666666667,1,1.66666666666667
74,"MGUS2",74,"survival",NA,"Real data: MGUS2","GABLE",TRUE,"C-index",0.659201319249454,3.09000000000003,NA,5,5,0,4,1,0,0,0,0.8,0.2,1,1.2
74,"MGUS2",74,"survival",NA,"Real data: MGUS2","GBM",TRUE,"C-index",0.678529512263969,0.0299999999999727,NA,NA,NA,NA,NA,NA,NA,NA,NA,NA,NA,NA,NA
74,"MGUS2",74,"survival",NA,"Real data: MGUS2","Linear",TRUE,"C-index",0.672148682979008,0.0200000000000955,NA,6,0,6,6,0,0,0,0,1,0,1,1
74,"MGUS2",74,"survival",NA,"Real data: MGUS2","Random forest",TRUE,"C-index",0.680973392164728,0.5,NA,NA,NA,NA,NA,NA,NA,NA,NA,NA,NA,NA,NA
74,"MGUS2",74,"survival",NA,"Real data: MGUS2","RuleFit",TRUE,"C-index",0.683253851525011,36.63,NA,22,22,0,1,18,3,0,0,0.0454545454545455,0.818181818181818,0.863636363636364,2.09090909090909
75,"MGUS2",75,"survival",NA,"Real data: MGUS2","BRP-GABLE full",TRUE,"C-index",0.707500616827042,138.77,NA,13,11,2,3,10,0,0,0,0.230769230769231,0.769230769230769,1,1.76923076923077
75,"MGUS2",75,"survival",NA,"Real data: MGUS2","BRP-GABLE rule-only",TRUE,"C-index",0.70489452257587,138.64,NA,13,13,0,0,13,0,0,0,0,1,1,2
75,"MGUS2",75,"survival",NA,"Real data: MGUS2","GABLE",TRUE,"C-index",0.690298852701702,3.15999999999997,NA,5,5,0,3,2,0,0,0,0.6,0.4,1,1.4
75,"MGUS2",75,"survival",NA,"Real data: MGUS2","GBM",TRUE,"C-index",0.712751357019492,0.0800000000000409,NA,NA,NA,NA,NA,NA,NA,NA,NA,NA,NA,NA,NA
75,"MGUS2",75,"survival",NA,"Real data: MGUS2","Linear",TRUE,"C-index",0.706544534912411,0.00999999999999091,NA,6,0,6,6,0,0,0,0,1,0,1,1
75,"MGUS2",75,"survival",NA,"Real data: MGUS2","Random forest",TRUE,"C-index",0.7053417221811,0.449999999999932,NA,NA,NA,NA,NA,NA,NA,NA,NA,NA,NA,NA,NA
75,"MGUS2",75,"survival",NA,"Real data: MGUS2","RuleFit",TRUE,"C-index",0.704678633111276,37.03,NA,23,23,0,1,17,5,0,0,0.0434782608695652,0.739130434782609,0.782608695652174,2.17391304347826
76,"MGUS2",76,"survival",NA,"Real data: MGUS2","BRP-GABLE full",TRUE,"C-index",0.679574100195659,128.03,NA,7,6,1,1,6,0,0,0,0.142857142857143,0.857142857142857,1,1.85714285714286
76,"MGUS2",76,"survival",NA,"Real data: MGUS2","BRP-GABLE rule-only",TRUE,"C-index",0.681045335274757,127.93,NA,8,8,0,0,8,0,0,0,0,1,1,2
76,"MGUS2",76,"survival",NA,"Real data: MGUS2","GABLE",TRUE,"C-index",0.674849463833402,2.63999999999999,NA,5,5,0,5,0,0,0,0,1,0,1,1
76,"MGUS2",76,"survival",NA,"Real data: MGUS2","GBM",TRUE,"C-index",0.696227874596169,0.0399999999999636,NA,NA,NA,NA,NA,NA,NA,NA,NA,NA,NA,NA,NA
76,"MGUS2",76,"survival",NA,"Real data: MGUS2","Linear",TRUE,"C-index",0.691723165127178,0,NA,6,0,6,6,0,0,0,0,1,0,1,1
76,"MGUS2",76,"survival",NA,"Real data: MGUS2","Random forest",TRUE,"C-index",0.688841364456781,0.470000000000027,NA,NA,NA,NA,NA,NA,NA,NA,NA,NA,NA,NA,NA
76,"MGUS2",76,"survival",NA,"Real data: MGUS2","RuleFit",TRUE,"C-index",0.683077763115985,101.36,NA,15,15,0,1,13,1,0,0,0.0666666666666667,0.866666666666667,0.933333333333333,2
77,"MGUS2",77,"survival",NA,"Real data: MGUS2","BRP-GABLE full",TRUE,"C-index",0.704338839880783,132.61,NA,12,10,2,2,10,0,0,0,0.166666666666667,0.833333333333333,1,1.83333333333333
77,"MGUS2",77,"survival",NA,"Real data: MGUS2","BRP-GABLE rule-only",TRUE,"C-index",0.699141817310428,132.58,NA,16,16,0,2,14,0,0,0,0.125,0.875,1,1.875
77,"MGUS2",77,"survival",NA,"Real data: MGUS2","GABLE",TRUE,"C-index",0.695113001542632,4,NA,5,5,0,5,0,0,0,0,1,0,1,1
77,"MGUS2",77,"survival",NA,"Real data: MGUS2","GBM",TRUE,"C-index",0.714530695382588,0.0299999999999727,NA,NA,NA,NA,NA,NA,NA,NA,NA,NA,NA,NA,NA
77,"MGUS2",77,"survival",NA,"Real data: MGUS2","Linear",TRUE,"C-index",0.711318126675553,0.0199999999999818,NA,6,0,6,6,0,0,0,0,1,0,1,1
77,"MGUS2",77,"survival",NA,"Real data: MGUS2","Random forest",TRUE,"C-index",0.696326139376058,0.560000000000059,NA,NA,NA,NA,NA,NA,NA,NA,NA,NA,NA,NA,NA
77,"MGUS2",77,"survival",NA,"Real data: MGUS2","RuleFit",TRUE,"C-index",0.70364989740748,37.06,NA,19,19,0,1,13,5,0,0,0.0526315789473684,0.684210526315789,0.736842105263158,2.21052631578947
78,"MGUS2",78,"survival",NA,"Real data: MGUS2","BRP-GABLE full",TRUE,"C-index",0.656037981350104,127.33,NA,6,5,1,1,5,0,0,0,0.166666666666667,0.833333333333333,1,1.83333333333333
78,"MGUS2",78,"survival",NA,"Real data: MGUS2","BRP-GABLE rule-only",TRUE,"C-index",0.67628334211097,126.94,NA,17,17,0,6,11,0,0,0,0.352941176470588,0.647058823529412,1,1.64705882352941
78,"MGUS2",78,"survival",NA,"Real data: MGUS2","GABLE",TRUE,"C-index",0.649175934818303,2.88,NA,5,5,0,5,0,0,0,0,1,0,1,1
78,"MGUS2",78,"survival",NA,"Real data: MGUS2","GBM",TRUE,"C-index",0.684640168530624,0.0400000000000773,NA,NA,NA,NA,NA,NA,NA,NA,NA,NA,NA,NA,NA
78,"MGUS2",78,"survival",NA,"Real data: MGUS2","Linear",TRUE,"C-index",0.677886551627993,0,NA,6,0,6,6,0,0,0,0,1,0,1,1
78,"MGUS2",78,"survival",NA,"Real data: MGUS2","Random forest",TRUE,"C-index",0.67748381300536,0.549999999999955,NA,NA,NA,NA,NA,NA,NA,NA,NA,NA,NA,NA,NA
78,"MGUS2",78,"survival",NA,"Real data: MGUS2","RuleFit",TRUE,"C-index",0.678242820409554,106.56,NA,16,16,0,1,13,2,0,0,0.0625,0.8125,0.875,2.0625
79,"MGUS2",79,"survival",NA,"Real data: MGUS2","BRP-GABLE full",TRUE,"C-index",0.693018865097322,119.75,NA,11,9,2,2,9,0,0,0,0.181818181818182,0.818181818181818,1,1.81818181818182
79,"MGUS2",79,"survival",NA,"Real data: MGUS2","BRP-GABLE rule-only",TRUE,"C-index",0.693041341384839,119.31,NA,15,15,0,0,15,0,0,0,0,1,1,2
79,"MGUS2",79,"survival",NA,"Real data: MGUS2","GABLE",TRUE,"C-index",0.663485023300418,3.54999999999995,NA,5,5,0,3,2,0,0,0,0.6,0.4,1,1.4
79,"MGUS2",79,"survival",NA,"Real data: MGUS2","GBM",TRUE,"C-index",0.69161784317545,0.0399999999999636,NA,NA,NA,NA,NA,NA,NA,NA,NA,NA,NA,NA,NA
79,"MGUS2",79,"survival",NA,"Real data: MGUS2","Linear",TRUE,"C-index",0.689302785561233,0.0199999999999818,NA,6,0,6,6,0,0,0,0,1,0,1,1
79,"MGUS2",79,"survival",NA,"Real data: MGUS2","Random forest",TRUE,"C-index",0.691775177188067,0.520000000000095,NA,NA,NA,NA,NA,NA,NA,NA,NA,NA,NA,NA,NA
79,"MGUS2",79,"survival",NA,"Real data: MGUS2","RuleFit",TRUE,"C-index",0.694000329652217,28.42,NA,17,17,0,1,11,5,0,0,0.0588235294117647,0.647058823529412,0.705882352941177,2.23529411764706
80,"MGUS2",80,"survival",NA,"Real data: MGUS2","BRP-GABLE full",TRUE,"C-index",0.673819327793551,120.42,NA,9,7,2,2,7,0,0,0,0.222222222222222,0.777777777777778,1,1.77777777777778
80,"MGUS2",80,"survival",NA,"Real data: MGUS2","BRP-GABLE rule-only",TRUE,"C-index",0.679312036390123,120.45,NA,20,20,0,6,14,0,0,0,0.3,0.7,1,1.7
80,"MGUS2",80,"survival",NA,"Real data: MGUS2","GABLE",TRUE,"C-index",0.674822731935009,2.82000000000005,NA,5,5,0,5,0,0,0,0,1,0,1,1
80,"MGUS2",80,"survival",NA,"Real data: MGUS2","GBM",TRUE,"C-index",0.683927695440829,0.0900000000000318,NA,NA,NA,NA,NA,NA,NA,NA,NA,NA,NA,NA,NA
80,"MGUS2",80,"survival",NA,"Real data: MGUS2","Linear",TRUE,"C-index",0.686194645538196,0,NA,6,0,6,6,0,0,0,0,1,0,1,1
80,"MGUS2",80,"survival",NA,"Real data: MGUS2","Random forest",TRUE,"C-index",0.680858022030295,0.539999999999964,NA,NA,NA,NA,NA,NA,NA,NA,NA,NA,NA,NA,NA
80,"MGUS2",80,"survival",NA,"Real data: MGUS2","RuleFit",TRUE,"C-index",0.68272361047108,69.84,NA,21,21,0,1,17,3,0,0,0.0476190476190476,0.80952380952381,0.857142857142857,2.0952380952381
81,"MGUS2",81,"survival",NA,"Real data: MGUS2","BRP-GABLE full",TRUE,"C-index",0.688708818382409,124.93,NA,12,10,2,2,10,0,0,0,0.166666666666667,0.833333333333333,1,1.83333333333333
81,"MGUS2",81,"survival",NA,"Real data: MGUS2","BRP-GABLE rule-only",TRUE,"C-index",0.691303355398311,124.18,NA,18,18,0,2,16,0,0,0,0.111111111111111,0.888888888888889,1,1.88888888888889
81,"MGUS2",81,"survival",NA,"Real data: MGUS2","GABLE",TRUE,"C-index",0.67403180400213,3.31000000000006,NA,5,5,0,4,1,0,0,0,0.8,0.2,1,1.2
81,"MGUS2",81,"survival",NA,"Real data: MGUS2","GBM",TRUE,"C-index",0.689424027999696,0.0699999999999363,NA,NA,NA,NA,NA,NA,NA,NA,NA,NA,NA,NA,NA
81,"MGUS2",81,"survival",NA,"Real data: MGUS2","Linear",TRUE,"C-index",0.686586015369398,0.00999999999999091,NA,6,0,6,6,0,0,0,0,1,0,1,1
81,"MGUS2",81,"survival",NA,"Real data: MGUS2","Random forest",TRUE,"C-index",0.69839458266758,0.470000000000027,NA,NA,NA,NA,NA,NA,NA,NA,NA,NA,NA,NA,NA
81,"MGUS2",81,"survival",NA,"Real data: MGUS2","RuleFit",TRUE,"C-index",0.693220725861675,111.13,NA,19,19,0,1,15,3,0,0,0.0526315789473684,0.789473684210526,0.842105263157895,2.10526315789474
82,"MGUS2",82,"survival",NA,"Real data: MGUS2","BRP-GABLE full",TRUE,"C-index",0.676430467209347,116.87,NA,13,12,1,3,10,0,0,0,0.230769230769231,0.769230769230769,1,1.76923076923077
82,"MGUS2",82,"survival",NA,"Real data: MGUS2","BRP-GABLE rule-only",TRUE,"C-index",0.680975045594057,116.87,NA,15,15,0,2,13,0,0,0,0.133333333333333,0.866666666666667,1,1.86666666666667
82,"MGUS2",82,"survival",NA,"Real data: MGUS2","GABLE",TRUE,"C-index",0.673457586406299,2.82000000000005,NA,5,5,0,4,1,0,0,0,0.8,0.2,1,1.2
82,"MGUS2",82,"survival",NA,"Real data: MGUS2","GBM",TRUE,"C-index",0.678617499221565,0.0499999999999545,NA,NA,NA,NA,NA,NA,NA,NA,NA,NA,NA,NA,NA
82,"MGUS2",82,"survival",NA,"Real data: MGUS2","Linear",TRUE,"C-index",0.673991370490637,0.0200000000000955,NA,6,0,6,6,0,0,0,0,1,0,1,1
82,"MGUS2",82,"survival",NA,"Real data: MGUS2","Random forest",TRUE,"C-index",0.675726168764735,0.5,NA,NA,NA,NA,NA,NA,NA,NA,NA,NA,NA,NA,NA
82,"MGUS2",82,"survival",NA,"Real data: MGUS2","RuleFit",TRUE,"C-index",0.68284328988924,102.89,NA,21,21,0,1,18,2,0,0,0.0476190476190476,0.857142857142857,0.904761904761905,2.04761904761905
83,"MGUS2",83,"survival",NA,"Real data: MGUS2","BRP-GABLE full",TRUE,"C-index",0.686334213126115,111.97,NA,12,10,2,2,10,0,0,0,0.166666666666667,0.833333333333333,1,1.83333333333333
83,"MGUS2",83,"survival",NA,"Real data: MGUS2","BRP-GABLE rule-only",TRUE,"C-index",0.687484333298928,111.63,NA,14,14,0,0,14,0,0,0,0,1,1,2
83,"MGUS2",83,"survival",NA,"Real data: MGUS2","GABLE",TRUE,"C-index",0.657389522110323,2.5,NA,4,4,0,2,2,0,0,0,0.5,0.5,1,1.5
83,"MGUS2",83,"survival",NA,"Real data: MGUS2","GBM",TRUE,"C-index",0.689578141818664,0.0800000000000409,NA,NA,NA,NA,NA,NA,NA,NA,NA,NA,NA,NA,NA
83,"MGUS2",83,"survival",NA,"Real data: MGUS2","Linear",TRUE,"C-index",0.691620342381928,0.0199999999999818,NA,6,0,6,6,0,0,0,0,1,0,1,1
83,"MGUS2",83,"survival",NA,"Real data: MGUS2","Random forest",TRUE,"C-index",0.687889824385497,0.5,NA,NA,NA,NA,NA,NA,NA,NA,NA,NA,NA,NA,NA
83,"MGUS2",83,"survival",NA,"Real data: MGUS2","RuleFit",TRUE,"C-index",0.686452174169481,99.34,NA,13,13,0,0,12,1,0,0,0,0.923076923076923,0.923076923076923,2.07692307692308
84,"MGUS2",84,"survival",NA,"Real data: MGUS2","BRP-GABLE full",TRUE,"C-index",0.678876814821413,115.7,NA,11,10,1,1,10,0,0,0,0.0909090909090909,0.909090909090909,1,1.90909090909091
84,"MGUS2",84,"survival",NA,"Real data: MGUS2","BRP-GABLE rule-only",TRUE,"C-index",0.677852498441258,116.14,NA,18,18,0,2,16,0,0,0,0.111111111111111,0.888888888888889,1,1.88888888888889
84,"MGUS2",84,"survival",NA,"Real data: MGUS2","GABLE",TRUE,"C-index",0.671016299991093,2.37,NA,5,5,0,3,2,0,0,0,0.6,0.4,1,1.4
84,"MGUS2",84,"survival",NA,"Real data: MGUS2","GBM",TRUE,"C-index",0.692623437546391,0.0600000000000591,NA,NA,NA,NA,NA,NA,NA,NA,NA,NA,NA,NA,NA
84,"MGUS2",84,"survival",NA,"Real data: MGUS2","Linear",TRUE,"C-index",0.684109735459161,0.00999999999999091,NA,6,0,6,6,0,0,0,0,1,0,1,1
84,"MGUS2",84,"survival",NA,"Real data: MGUS2","Random forest",TRUE,"C-index",0.691532317924052,0.490000000000009,NA,NA,NA,NA,NA,NA,NA,NA,NA,NA,NA,NA,NA
84,"MGUS2",84,"survival",NA,"Real data: MGUS2","RuleFit",TRUE,"C-index",0.667208515186604,27.5,NA,14,14,0,0,9,5,0,0,0,0.642857142857143,0.642857142857143,2.35714285714286
85,"MGUS2",85,"survival",NA,"Real data: MGUS2","BRP-GABLE full",TRUE,"C-index",0.673237153022774,127.88,NA,14,12,2,2,12,0,0,0,0.142857142857143,0.857142857142857,1,1.85714285714286
85,"MGUS2",85,"survival",NA,"Real data: MGUS2","BRP-GABLE rule-only",TRUE,"C-index",0.67957994925763,128.79,NA,18,18,0,4,14,0,0,0,0.222222222222222,0.777777777777778,1,1.77777777777778
85,"MGUS2",85,"survival",NA,"Real data: MGUS2","GABLE",TRUE,"C-index",0.653623275434988,2.38,NA,5,5,0,4,1,0,0,0,0.8,0.2,1,1.2
85,"MGUS2",85,"survival",NA,"Real data: MGUS2","GBM",TRUE,"C-index",0.686388134091967,0.100000000000023,NA,NA,NA,NA,NA,NA,NA,NA,NA,NA,NA,NA,NA
85,"MGUS2",85,"survival",NA,"Real data: MGUS2","Linear",TRUE,"C-index",0.680007806518443,0,NA,6,0,6,6,0,0,0,0,1,0,1,1
85,"MGUS2",85,"survival",NA,"Real data: MGUS2","Random forest",TRUE,"C-index",0.686958610439717,0.509999999999991,NA,NA,NA,NA,NA,NA,NA,NA,NA,NA,NA,NA,NA
85,"MGUS2",85,"survival",NA,"Real data: MGUS2","RuleFit",TRUE,"C-index",0.679332242422423,36.91,NA,14,14,0,1,9,4,0,0,0.0714285714285714,0.642857142857143,0.714285714285714,2.21428571428571
86,"MGUS2",86,"survival",NA,"Real data: MGUS2","BRP-GABLE full",TRUE,"C-index",0.708287735630944,128.52,NA,12,11,1,1,11,0,0,0,0.0833333333333333,0.916666666666667,1,1.91666666666667
86,"MGUS2",86,"survival",NA,"Real data: MGUS2","BRP-GABLE rule-only",TRUE,"C-index",0.716187055904068,128.91,NA,17,17,0,3,14,0,0,0,0.176470588235294,0.823529411764706,1,1.82352941176471
86,"MGUS2",86,"survival",NA,"Real data: MGUS2","GABLE",TRUE,"C-index",0.675572989719324,3.46000000000004,NA,5,5,0,4,1,0,0,0,0.8,0.2,1,1.2
86,"MGUS2",86,"survival",NA,"Real data: MGUS2","GBM",TRUE,"C-index",0.710252932381819,0.0599999999999454,NA,NA,NA,NA,NA,NA,NA,NA,NA,NA,NA,NA,NA
86,"MGUS2",86,"survival",NA,"Real data: MGUS2","Linear",TRUE,"C-index",0.706006566069144,0.0199999999999818,NA,6,0,6,6,0,0,0,0,1,0,1,1
86,"MGUS2",86,"survival",NA,"Real data: MGUS2","Random forest",TRUE,"C-index",0.717273694107492,0.529999999999973,NA,NA,NA,NA,NA,NA,NA,NA,NA,NA,NA,NA,NA
86,"MGUS2",86,"survival",NA,"Real data: MGUS2","RuleFit",TRUE,"C-index",0.714599485195518,83.47,NA,17,17,0,1,12,4,0,0,0.0588235294117647,0.705882352941177,0.764705882352941,2.17647058823529
87,"MGUS2",87,"survival",NA,"Real data: MGUS2","BRP-GABLE full",TRUE,"C-index",0.679557587286004,111.84,NA,11,10,1,1,10,0,0,0,0.0909090909090909,0.909090909090909,1,1.90909090909091
87,"MGUS2",87,"survival",NA,"Real data: MGUS2","BRP-GABLE rule-only",TRUE,"C-index",0.684673559550838,112.05,NA,15,15,0,0,15,0,0,0,0,1,1,2
87,"MGUS2",87,"survival",NA,"Real data: MGUS2","GABLE",TRUE,"C-index",0.672524084187274,2.15000000000009,NA,5,5,0,4,1,0,0,0,0.8,0.2,1,1.2
87,"MGUS2",87,"survival",NA,"Real data: MGUS2","GBM",TRUE,"C-index",0.695373381603976,0.0400000000000773,NA,NA,NA,NA,NA,NA,NA,NA,NA,NA,NA,NA,NA
87,"MGUS2",87,"survival",NA,"Real data: MGUS2","Linear",TRUE,"C-index",0.683929557587286,0,NA,6,0,6,6,0,0,0,0,1,0,1,1
87,"MGUS2",87,"survival",NA,"Real data: MGUS2","Random forest",TRUE,"C-index",0.687104988648217,0.459999999999923,NA,NA,NA,NA,NA,NA,NA,NA,NA,NA,NA,NA,NA
87,"MGUS2",87,"survival",NA,"Real data: MGUS2","RuleFit",TRUE,"C-index",0.688961158495429,83.94,NA,22,22,0,1,18,3,0,0,0.0454545454545455,0.818181818181818,0.863636363636364,2.09090909090909
88,"MGUS2",88,"survival",NA,"Real data: MGUS2","BRP-GABLE full",TRUE,"C-index",0.683373969939199,111.84,NA,11,9,2,2,9,0,0,0,0.181818181818182,0.818181818181818,1,1.81818181818182
88,"MGUS2",88,"survival",NA,"Real data: MGUS2","BRP-GABLE rule-only",TRUE,"C-index",0.684677942038826,112.15,NA,13,13,0,0,13,0,0,0,0,1,1,2
88,"MGUS2",88,"survival",NA,"Real data: MGUS2","GABLE",TRUE,"C-index",0.670465417734021,2.82999999999993,NA,5,5,0,4,1,0,0,0,0.8,0.2,1,1.2
88,"MGUS2",88,"survival",NA,"Real data: MGUS2","GBM",TRUE,"C-index",0.690703990617574,0.0300000000000864,NA,NA,NA,NA,NA,NA,NA,NA,NA,NA,NA,NA,NA
88,"MGUS2",88,"survival",NA,"Real data: MGUS2","Linear",TRUE,"C-index",0.695580383321502,0.00999999999999091,NA,6,0,6,6,0,0,0,0,1,0,1,1
88,"MGUS2",88,"survival",NA,"Real data: MGUS2","Random forest",TRUE,"C-index",0.690349063300515,0.519999999999982,NA,NA,NA,NA,NA,NA,NA,NA,NA,NA,NA,NA,NA
88,"MGUS2",88,"survival",NA,"Real data: MGUS2","RuleFit",TRUE,"C-index",0.692625227616432,87.29,NA,23,23,0,1,17,5,0,0,0.0434782608695652,0.739130434782609,0.782608695652174,2.17391304347826
89,"MGUS2",89,"survival",NA,"Real data: MGUS2","BRP-GABLE full",TRUE,"C-index",0.687660688287953,114.77,NA,9,8,1,1,8,0,0,0,0.111111111111111,0.888888888888889,1,1.88888888888889
89,"MGUS2",89,"survival",NA,"Real data: MGUS2","BRP-GABLE rule-only",TRUE,"C-index",0.686715918594926,114.94,NA,11,11,0,2,9,0,0,0,0.181818181818182,0.818181818181818,1,1.81818181818182
89,"MGUS2",89,"survival",NA,"Real data: MGUS2","GABLE",TRUE,"C-index",0.66756497227643,2.37,NA,4,4,0,2,2,0,0,0,0.5,0.5,1,1.5
89,"MGUS2",89,"survival",NA,"Real data: MGUS2","GBM",TRUE,"C-index",0.701677353405817,0.0600000000000591,NA,NA,NA,NA,NA,NA,NA,NA,NA,NA,NA,NA,NA
89,"MGUS2",89,"survival",NA,"Real data: MGUS2","Linear",TRUE,"C-index",0.698711396090822,0.0199999999999818,NA,6,0,6,6,0,0,0,0,1,0,1,1
89,"MGUS2",89,"survival",NA,"Real data: MGUS2","Random forest",TRUE,"C-index",0.700275686894031,0.519999999999982,NA,NA,NA,NA,NA,NA,NA,NA,NA,NA,NA,NA,NA
89,"MGUS2",89,"survival",NA,"Real data: MGUS2","RuleFit",TRUE,"C-index",0.681078276492271,87.34,NA,11,11,0,0,8,3,0,0,0,0.727272727272727,0.727272727272727,2.27272727272727
90,"MGUS2",90,"survival",NA,"Real data: MGUS2","BRP-GABLE full",TRUE,"C-index",0.696601030354917,129.72,NA,14,13,1,1,13,0,0,0,0.0714285714285714,0.928571428571429,1,1.92857142857143
90,"MGUS2",90,"survival",NA,"Real data: MGUS2","BRP-GABLE rule-only",TRUE,"C-index",0.704516439117439,129.69,NA,17,17,0,4,13,0,0,0,0.235294117647059,0.764705882352941,1,1.76470588235294
90,"MGUS2",90,"survival",NA,"Real data: MGUS2","GABLE",TRUE,"C-index",0.691111311374457,3.41999999999996,NA,5,5,0,3,2,0,0,0,0.6,0.4,1,1.4
90,"MGUS2",90,"survival",NA,"Real data: MGUS2","GBM",TRUE,"C-index",0.705755568572673,0.0299999999999727,NA,NA,NA,NA,NA,NA,NA,NA,NA,NA,NA,NA,NA
90,"MGUS2",90,"survival",NA,"Real data: MGUS2","Linear",TRUE,"C-index",0.692605776596224,0.0199999999999818,NA,6,0,6,6,0,0,0,0,1,0,1,1
90,"MGUS2",90,"survival",NA,"Real data: MGUS2","Random forest",TRUE,"C-index",0.705808137701077,0.450000000000045,NA,NA,NA,NA,NA,NA,NA,NA,NA,NA,NA,NA,NA
90,"MGUS2",90,"survival",NA,"Real data: MGUS2","RuleFit",TRUE,"C-index",0.693709728292705,34.53,NA,11,11,0,1,9,1,0,0,0.0909090909090909,0.818181818181818,0.909090909090909,2
91,"MGUS2",91,"survival",NA,"Real data: MGUS2","BRP-GABLE full",TRUE,"C-index",0.680987377940115,128.07,NA,10,8,2,2,8,0,0,0,0.2,0.8,1,1.8
91,"MGUS2",91,"survival",NA,"Real data: MGUS2","BRP-GABLE rule-only",TRUE,"C-index",0.694441580629483,128.03,NA,19,19,0,5,14,0,0,0,0.263157894736842,0.736842105263158,1,1.73684210526316
91,"MGUS2",91,"survival",NA,"Real data: MGUS2","GABLE",TRUE,"C-index",0.660979130153026,3.36000000000001,NA,5,5,0,5,0,0,0,0,1,0,1,1
91,"MGUS2",91,"survival",NA,"Real data: MGUS2","GBM",TRUE,"C-index",0.69624578405526,0.0799999999999272,NA,NA,NA,NA,NA,NA,NA,NA,NA,NA,NA,NA,NA
91,"MGUS2",91,"survival",NA,"Real data: MGUS2","Linear",TRUE,"C-index",0.683240791198433,0.00999999999999091,NA,6,0,6,6,0,0,0,0,1,0,1,1
91,"MGUS2",91,"survival",NA,"Real data: MGUS2","Random forest",TRUE,"C-index",0.688866960248612,0.560000000000059,NA,NA,NA,NA,NA,NA,NA,NA,NA,NA,NA,NA,NA
91,"MGUS2",91,"survival",NA,"Real data: MGUS2","RuleFit",TRUE,"C-index",0.681753243884119,97.88,NA,18,18,0,1,15,2,0,0,0.0555555555555556,0.833333333333333,0.888888888888889,2.05555555555556
92,"MGUS2",92,"survival",NA,"Real data: MGUS2","BRP-GABLE full",TRUE,"C-index",0.690114907541283,115.24,NA,14,12,2,2,12,0,0,0,0.142857142857143,0.857142857142857,1,1.85714285714286
92,"MGUS2",92,"survival",NA,"Real data: MGUS2","BRP-GABLE rule-only",TRUE,"C-index",0.692367399741268,115.17,NA,12,12,0,0,12,0,0,0,0,1,1,2
92,"MGUS2",92,"survival",NA,"Real data: MGUS2","GABLE",TRUE,"C-index",0.671737310706948,2.63999999999999,NA,5,5,0,3,2,0,0,0,0.6,0.4,1,1.4
92,"MGUS2",92,"survival",NA,"Real data: MGUS2","GBM",TRUE,"C-index",0.689095198234533,0.0299999999999727,NA,NA,NA,NA,NA,NA,NA,NA,NA,NA,NA,NA,NA
92,"MGUS2",92,"survival",NA,"Real data: MGUS2","Linear",TRUE,"C-index",0.681820257210258,0.0199999999999818,NA,6,0,6,6,0,0,0,0,1,0,1,1
92,"MGUS2",92,"survival",NA,"Real data: MGUS2","Random forest",TRUE,"C-index",0.69280876645613,0.530000000000086,NA,NA,NA,NA,NA,NA,NA,NA,NA,NA,NA,NA,NA
92,"MGUS2",92,"survival",NA,"Real data: MGUS2","RuleFit",TRUE,"C-index",0.688265733201431,33.87,NA,25,25,0,1,21,3,0,0,0.04,0.84,0.88,2.08
93,"MGUS2",93,"survival",NA,"Real data: MGUS2","BRP-GABLE full",TRUE,"C-index",0.67434558135322,118.33,NA,15,14,1,1,14,0,0,0,0.0666666666666667,0.933333333333333,1,1.93333333333333
93,"MGUS2",93,"survival",NA,"Real data: MGUS2","BRP-GABLE rule-only",TRUE,"C-index",0.676972313637873,118.04,NA,18,18,0,2,16,0,0,0,0.111111111111111,0.888888888888889,1,1.88888888888889
93,"MGUS2",93,"survival",NA,"Real data: MGUS2","GABLE",TRUE,"C-index",0.668578847257027,2.35000000000002,NA,5,5,0,3,2,0,0,0,0.6,0.4,1,1.4
93,"MGUS2",93,"survival",NA,"Real data: MGUS2","GBM",TRUE,"C-index",0.685577126294496,0.0799999999999272,NA,NA,NA,NA,NA,NA,NA,NA,NA,NA,NA,NA,NA
93,"MGUS2",93,"survival",NA,"Real data: MGUS2","Linear",TRUE,"C-index",0.675221158781438,0.00999999999999091,NA,6,0,6,6,0,0,0,0,1,0,1,1
93,"MGUS2",93,"survival",NA,"Real data: MGUS2","Random forest",TRUE,"C-index",0.687886839165484,0.470000000000027,NA,NA,NA,NA,NA,NA,NA,NA,NA,NA,NA,NA,NA
93,"MGUS2",93,"survival",NA,"Real data: MGUS2","RuleFit",TRUE,"C-index",0.683954288819782,36.73,NA,24,24,0,1,17,6,0,0,0.0416666666666667,0.708333333333333,0.75,2.20833333333333
94,"MGUS2",94,"survival",NA,"Real data: MGUS2","BRP-GABLE full",TRUE,"C-index",0.67811246810062,125.15,NA,15,13,2,2,13,0,0,0,0.133333333333333,0.866666666666667,1,1.86666666666667
94,"MGUS2",94,"survival",NA,"Real data: MGUS2","BRP-GABLE rule-only",TRUE,"C-index",0.681006197593875,125.07,NA,20,20,0,4,16,0,0,0,0.2,0.8,1,1.8
94,"MGUS2",94,"survival",NA,"Real data: MGUS2","GABLE",TRUE,"C-index",0.666286912139993,3.11000000000001,NA,5,5,0,4,1,0,0,0,0.8,0.2,1,1.2
94,"MGUS2",94,"survival",NA,"Real data: MGUS2","GBM",TRUE,"C-index",0.680368209989063,0.0699999999999363,NA,NA,NA,NA,NA,NA,NA,NA,NA,NA,NA,NA,NA
94,"MGUS2",94,"survival",NA,"Real data: MGUS2","Linear",TRUE,"C-index",0.681355571758415,0,NA,6,0,6,6,0,0,0,0,1,0,1,1
94,"MGUS2",94,"survival",NA,"Real data: MGUS2","Random forest",TRUE,"C-index",0.681978369182161,0.460000000000036,NA,NA,NA,NA,NA,NA,NA,NA,NA,NA,NA,NA,NA
94,"MGUS2",94,"survival",NA,"Real data: MGUS2","RuleFit",TRUE,"C-index",0.674930125167092,35.21,NA,18,18,0,0,16,2,0,0,0,0.888888888888889,0.888888888888889,2.11111111111111
95,"MGUS2",95,"survival",NA,"Real data: MGUS2","BRP-GABLE full",TRUE,"C-index",0.67357231874496,100.18,NA,9,8,1,1,8,0,0,0,0.111111111111111,0.888888888888889,1,1.88888888888889
95,"MGUS2",95,"survival",NA,"Real data: MGUS2","BRP-GABLE rule-only",TRUE,"C-index",0.671035847811744,100.19,NA,12,12,0,0,12,0,0,0,0,1,1,2
95,"MGUS2",95,"survival",NA,"Real data: MGUS2","GABLE",TRUE,"C-index",0.6467707646067,2.12,NA,5,5,0,2,3,0,0,0,0.4,0.6,1,1.6
95,"MGUS2",95,"survival",NA,"Real data: MGUS2","GBM",TRUE,"C-index",0.68857854995968,0.0499999999999545,NA,NA,NA,NA,NA,NA,NA,NA,NA,NA,NA,NA,NA
95,"MGUS2",95,"survival",NA,"Real data: MGUS2","Linear",TRUE,"C-index",0.693262957261198,0.0199999999999818,NA,6,0,6,6,0,0,0,0,1,0,1,1
95,"MGUS2",95,"survival",NA,"Real data: MGUS2","Random forest",TRUE,"C-index",0.680903159592405,0.529999999999973,NA,NA,NA,NA,NA,NA,NA,NA,NA,NA,NA,NA,NA
95,"MGUS2",95,"survival",NA,"Real data: MGUS2","RuleFit",TRUE,"C-index",0.686305989296972,32.91,NA,26,26,0,1,17,8,0,0,0.0384615384615385,0.653846153846154,0.692307692307692,2.26923076923077
96,"MGUS2",96,"survival",NA,"Real data: MGUS2","BRP-GABLE full",TRUE,"C-index",0.678277743906973,116.93,NA,20,18,2,6,14,0,0,0,0.3,0.7,1,1.7
96,"MGUS2",96,"survival",NA,"Real data: MGUS2","BRP-GABLE rule-only",TRUE,"C-index",0.677883686002766,117,NA,26,26,0,7,19,0,0,0,0.269230769230769,0.730769230769231,1,1.73076923076923
96,"MGUS2",96,"survival",NA,"Real data: MGUS2","GABLE",TRUE,"C-index",0.666337045904028,3.63,NA,5,5,0,5,0,0,0,0,1,0,1,1
96,"MGUS2",96,"survival",NA,"Real data: MGUS2","GBM",TRUE,"C-index",0.686828056922779,0.0300000000000864,NA,NA,NA,NA,NA,NA,NA,NA,NA,NA,NA,NA,NA
96,"MGUS2",96,"survival",NA,"Real data: MGUS2","Linear",TRUE,"C-index",0.683459977100031,0.00999999999999091,NA,6,0,6,6,0,0,0,0,1,0,1,1
96,"MGUS2",96,"survival",NA,"Real data: MGUS2","Random forest",TRUE,"C-index",0.678166218085027,0.469999999999914,NA,NA,NA,NA,NA,NA,NA,NA,NA,NA,NA,NA,NA
96,"MGUS2",96,"survival",NA,"Real data: MGUS2","RuleFit",TRUE,"C-index",0.675028624960966,30.99,NA,20,20,0,1,14,5,0,0,0.05,0.7,0.75,2.2
97,"MGUS2",97,"survival",NA,"Real data: MGUS2","BRP-GABLE full",TRUE,"C-index",0.711755383611448,119.04,NA,11,9,2,2,9,0,0,0,0.181818181818182,0.818181818181818,1,1.81818181818182
97,"MGUS2",97,"survival",NA,"Real data: MGUS2","BRP-GABLE rule-only",TRUE,"C-index",0.709991920698549,119.09,NA,16,16,0,4,12,0,0,0,0.25,0.75,1,1.75
97,"MGUS2",97,"survival",NA,"Real data: MGUS2","GABLE",TRUE,"C-index",0.69162704701532,2.45000000000005,NA,5,5,0,4,1,0,0,0,0.8,0.2,1,1.2
97,"MGUS2",97,"survival",NA,"Real data: MGUS2","GBM",TRUE,"C-index",0.721551536620987,0.0599999999999454,NA,NA,NA,NA,NA,NA,NA,NA,NA,NA,NA,NA,NA
97,"MGUS2",97,"survival",NA,"Real data: MGUS2","Linear",TRUE,"C-index",0.71719337497281,0.0199999999999818,NA,6,0,6,6,0,0,0,0,1,0,1,1
97,"MGUS2",97,"survival",NA,"Real data: MGUS2","Random forest",TRUE,"C-index",0.713837357446941,0.490000000000009,NA,NA,NA,NA,NA,NA,NA,NA,NA,NA,NA,NA,NA
97,"MGUS2",97,"survival",NA,"Real data: MGUS2","RuleFit",TRUE,"C-index",0.718125602063329,40.8,NA,17,17,0,1,10,6,0,0,0.0588235294117647,0.588235294117647,0.647058823529412,2.29411764705882
98,"MGUS2",98,"survival",NA,"Real data: MGUS2","BRP-GABLE full",TRUE,"C-index",0.677314757353854,116.95,NA,14,12,2,2,12,0,0,0,0.142857142857143,0.857142857142857,1,1.85714285714286
98,"MGUS2",98,"survival",NA,"Real data: MGUS2","BRP-GABLE rule-only",TRUE,"C-index",0.678765359314881,116.77,NA,16,16,0,0,16,0,0,0,0,1,1,2
98,"MGUS2",98,"survival",NA,"Real data: MGUS2","GABLE",TRUE,"C-index",0.670651297008812,2.44000000000005,NA,5,5,0,3,2,0,0,0,0.6,0.4,1,1.4
98,"MGUS2",98,"survival",NA,"Real data: MGUS2","GBM",TRUE,"C-index",0.677966364651856,0.0399999999999636,NA,NA,NA,NA,NA,NA,NA,NA,NA,NA,NA,NA,NA
98,"MGUS2",98,"survival",NA,"Real data: MGUS2","Linear",TRUE,"C-index",0.679331637085764,0,NA,6,0,6,6,0,0,0,0,1,0,1,1
98,"MGUS2",98,"survival",NA,"Real data: MGUS2","Random forest",TRUE,"C-index",0.679952215464813,0.490000000000009,NA,NA,NA,NA,NA,NA,NA,NA,NA,NA,NA,NA,NA
98,"MGUS2",98,"survival",NA,"Real data: MGUS2","RuleFit",TRUE,"C-index",0.675887427082041,30.58,NA,19,19,0,0,13,6,0,0,0,0.684210526315789,0.684210526315789,2.31578947368421
99,"MGUS2",99,"survival",NA,"Real data: MGUS2","BRP-GABLE full",TRUE,"C-index",0.700526739337186,119.99,NA,13,11,2,2,11,0,0,0,0.153846153846154,0.846153846153846,1,1.84615384615385
99,"MGUS2",99,"survival",NA,"Real data: MGUS2","BRP-GABLE rule-only",TRUE,"C-index",0.699005047918648,120.22,NA,19,19,0,2,17,0,0,0,0.105263157894737,0.894736842105263,1,1.89473684210526
99,"MGUS2",99,"survival",NA,"Real data: MGUS2","GABLE",TRUE,"C-index",0.678498792889019,2.11000000000001,NA,5,5,0,4,1,0,0,0,0.8,0.2,1,1.2
99,"MGUS2",99,"survival",NA,"Real data: MGUS2","GBM",TRUE,"C-index",0.702853171409759,0.0600000000000591,NA,NA,NA,NA,NA,NA,NA,NA,NA,NA,NA,NA,NA
99,"MGUS2",99,"survival",NA,"Real data: MGUS2","Linear",TRUE,"C-index",0.699992684175872,0,NA,6,0,6,6,0,0,0,0,1,0,1,1
99,"MGUS2",99,"survival",NA,"Real data: MGUS2","Random forest",TRUE,"C-index",0.69730046089692,0.469999999999914,NA,NA,NA,NA,NA,NA,NA,NA,NA,NA,NA,NA,NA
99,"MGUS2",99,"survival",NA,"Real data: MGUS2","RuleFit",TRUE,"C-index",0.698712414953545,27.74,NA,21,21,0,0,18,3,0,0,0,0.857142857142857,0.857142857142857,2.14285714285714
100,"MGUS2",100,"survival",NA,"Real data: MGUS2","BRP-GABLE full",TRUE,"C-index",0.680924505151744,122.39,NA,19,17,2,2,17,0,0,0,0.105263157894737,0.894736842105263,1,1.89473684210526
100,"MGUS2",100,"survival",NA,"Real data: MGUS2","BRP-GABLE rule-only",TRUE,"C-index",0.680007982615637,122.69,NA,28,28,0,6,22,0,0,0,0.214285714285714,0.785714285714286,1,1.78571428571429
100,"MGUS2",100,"survival",NA,"Real data: MGUS2","GABLE",TRUE,"C-index",0.661840140730557,2.64999999999998,NA,5,5,0,5,0,0,0,0,1,0,1,1
100,"MGUS2",100,"survival",NA,"Real data: MGUS2","GBM",TRUE,"C-index",0.690259730660635,0.0400000000000773,NA,NA,NA,NA,NA,NA,NA,NA,NA,NA,NA,NA,NA
100,"MGUS2",100,"survival",NA,"Real data: MGUS2","Linear",TRUE,"C-index",0.682410158617529,0,NA,6,0,6,6,0,0,0,0,1,0,1,1
100,"MGUS2",100,"survival",NA,"Real data: MGUS2","Random forest",TRUE,"C-index",0.687820598104868,0.389999999999986,NA,NA,NA,NA,NA,NA,NA,NA,NA,NA,NA,NA,NA
100,"MGUS2",100,"survival",NA,"Real data: MGUS2","RuleFit",TRUE,"C-index",0.680318417668189,29.97,NA,18,18,0,1,13,4,0,0,0.0555555555555556,0.722222222222222,0.777777777777778,2.16666666666667
