"Sim","Outcome","Scenario","Scenario_name","method","fit_ok","metric_name","metric_value","elapsed_time","error_message","n_rules_total","n_rule_terms_selected","n_linear_selected","n_rules_deg1","n_rules_deg2","n_rules_deg3","n_rules_deg4","n_rules_deg5plus","prop_deg1","prop_deg2","prop_deg_le2","avg_rule_degree"
1,"survival",1,"Purely rule-based","BRP-GABLE full",TRUE,"C-index",0.807435254803676,246.98,NA,32,32,0,12,20,0,0,0,0.375,0.625,1,1.625
1,"survival",1,"Purely rule-based","BRP-GABLE rule-only",TRUE,"C-index",0.807435254803676,251.69,NA,32,32,0,12,20,0,0,0,0.375,0.625,1,1.625
1,"survival",1,"Purely rule-based","GABLE",TRUE,"C-index",0.766656223893066,4.55000000000001,NA,5,5,0,4,1,0,0,0,0.8,0.2,1,1.2
1,"survival",1,"Purely rule-based","GBM",TRUE,"C-index",0.848162071846282,0.0299999999999727,NA,NA,NA,NA,NA,NA,NA,NA,NA,NA,NA,NA,NA
1,"survival",1,"Purely rule-based","Linear",TRUE,"C-index",0.759920634920635,0.0200000000000102,NA,20,0,20,20,0,0,0,0,1,0,1,1
1,"survival",1,"Purely rule-based","Random forest",TRUE,"C-index",0.816885964912281,0.650000000000006,NA,NA,NA,NA,NA,NA,NA,NA,NA,NA,NA,NA,NA
1,"survival",1,"Purely rule-based","RuleFit",TRUE,"C-index",0.839572890559733,17.75,NA,32,32,0,4,27,1,0,0,0.125,0.84375,0.96875,1.90625
2,"survival",1,"Purely rule-based","BRP-GABLE full",TRUE,"C-index",0.844017740147163,265.87,NA,35,34,1,15,20,0,0,0,0.428571428571429,0.571428571428571,1,1.57142857142857
2,"survival",1,"Purely rule-based","BRP-GABLE rule-only",TRUE,"C-index",0.846109263179115,283.08,NA,35,35,0,15,20,0,0,0,0.428571428571429,0.571428571428571,1,1.57142857142857
2,"survival",1,"Purely rule-based","GABLE",TRUE,"C-index",0.814408829755065,5.13000000000002,NA,5,5,0,4,1,0,0,0,0.8,0.2,1,1.2
2,"survival",1,"Purely rule-based","GBM",TRUE,"C-index",0.825118435641568,0.0300000000000011,NA,NA,NA,NA,NA,NA,NA,NA,NA,NA,NA,NA,NA
2,"survival",1,"Purely rule-based","Linear",TRUE,"C-index",0.760961596613245,0.0299999999999727,NA,20,0,20,20,0,0,0,0,1,0,1,1
2,"survival",1,"Purely rule-based","Random forest",TRUE,"C-index",0.81614756576958,0.620000000000005,NA,NA,NA,NA,NA,NA,NA,NA,NA,NA,NA,NA,NA
2,"survival",1,"Purely rule-based","RuleFit",TRUE,"C-index",0.84033867553674,25.59,NA,23,23,0,1,21,1,0,0,0.0434782608695652,0.91304347826087,0.956521739130435,2
3,"survival",1,"Purely rule-based","BRP-GABLE full",TRUE,"C-index",0.866080541894776,250.07,NA,26,26,0,12,14,0,0,0,0.461538461538462,0.538461538461538,1,1.53846153846154
3,"survival",1,"Purely rule-based","BRP-GABLE rule-only",TRUE,"C-index",0.86724041941171,249.41,NA,33,33,0,19,14,0,0,0,0.575757575757576,0.424242424242424,1,1.42424242424242
3,"survival",1,"Purely rule-based","GABLE",TRUE,"C-index",0.849819059107358,5.19,NA,5,5,0,5,0,0,0,0,1,0,1,1
3,"survival",1,"Purely rule-based","GBM",TRUE,"C-index",0.870557669110142,0.0300000000000011,NA,NA,NA,NA,NA,NA,NA,NA,NA,NA,NA,NA,NA
3,"survival",1,"Purely rule-based","Linear",TRUE,"C-index",0.786257771179363,0,NA,20,0,20,20,0,0,0,0,1,0,1,1
3,"survival",1,"Purely rule-based","Random forest",TRUE,"C-index",0.839055395750209,1.03,NA,NA,NA,NA,NA,NA,NA,NA,NA,NA,NA,NA,NA
3,"survival",1,"Purely rule-based","RuleFit",TRUE,"C-index",0.864804676626148,22.04,NA,29,29,0,0,25,4,0,0,0,0.862068965517241,0.862068965517241,2.13793103448276
4,"survival",1,"Purely rule-based","BRP-GABLE full",TRUE,"C-index",0.801144655235316,250,NA,25,25,0,7,18,0,0,0,0.28,0.72,1,1.72
4,"survival",1,"Purely rule-based","BRP-GABLE rule-only",TRUE,"C-index",0.802603976650857,251.58,NA,25,25,0,7,18,0,0,0,0.28,0.72,1,1.72
4,"survival",1,"Purely rule-based","GABLE",TRUE,"C-index",0.81566946369938,5.41999999999999,NA,5,5,0,5,0,0,0,0,1,0,1,1
4,"survival",1,"Purely rule-based","GBM",TRUE,"C-index",0.810607442539219,0.039999999999992,NA,NA,NA,NA,NA,NA,NA,NA,NA,NA,NA,NA,NA
4,"survival",1,"Purely rule-based","Linear",TRUE,"C-index",0.712148850784385,0.0100000000000193,NA,20,0,20,20,0,0,0,0,1,0,1,1
4,"survival",1,"Purely rule-based","Random forest",TRUE,"C-index",0.811701933600876,0.780000000000001,NA,NA,NA,NA,NA,NA,NA,NA,NA,NA,NA,NA,NA
4,"survival",1,"Purely rule-based","RuleFit",TRUE,"C-index",0.800711419190077,14.86,NA,19,19,0,0,16,3,0,0,0,0.842105263157895,0.842105263157895,2.15789473684211
5,"survival",1,"Purely rule-based","BRP-GABLE full",TRUE,"C-index",0.863582686106191,244,NA,25,24,1,7,18,0,0,0,0.28,0.72,1,1.72
5,"survival",1,"Purely rule-based","BRP-GABLE rule-only",TRUE,"C-index",0.863355588863151,243.19,NA,25,25,0,7,18,0,0,0,0.28,0.72,1,1.72
5,"survival",1,"Purely rule-based","GABLE",TRUE,"C-index",0.848026524957987,5.18000000000001,NA,5,5,0,5,0,0,0,0,1,0,1,1
5,"survival",1,"Purely rule-based","GBM",TRUE,"C-index",0.856792478539311,0.0400000000000205,NA,NA,NA,NA,NA,NA,NA,NA,NA,NA,NA,NA,NA
5,"survival",1,"Purely rule-based","Linear",TRUE,"C-index",0.804423854294409,0.00999999999999091,NA,20,0,20,20,0,0,0,0,1,0,1,1
5,"survival",1,"Purely rule-based","Random forest",TRUE,"C-index",0.844756324658219,0.919999999999987,NA,NA,NA,NA,NA,NA,NA,NA,NA,NA,NA,NA,NA
5,"survival",1,"Purely rule-based","RuleFit",TRUE,"C-index",0.862220102647954,21.36,NA,27,27,0,1,24,2,0,0,0.037037037037037,0.888888888888889,0.925925925925926,2.03703703703704
6,"survival",1,"Purely rule-based","BRP-GABLE full",TRUE,"C-index",0.865036111480349,244.12,NA,32,32,0,9,23,0,0,0,0.28125,0.71875,1,1.71875
6,"survival",1,"Purely rule-based","BRP-GABLE rule-only",TRUE,"C-index",0.865922282777261,241.66,NA,33,33,0,9,24,0,0,0,0.272727272727273,0.727272727272727,1,1.72727272727273
6,"survival",1,"Purely rule-based","GABLE",TRUE,"C-index",0.822034649297709,5.88999999999999,NA,5,5,0,5,0,0,0,0,1,0,1,1
6,"survival",1,"Purely rule-based","GBM",TRUE,"C-index",0.85980770082857,0.0299999999999727,NA,NA,NA,NA,NA,NA,NA,NA,NA,NA,NA,NA,NA
6,"survival",1,"Purely rule-based","Linear",TRUE,"C-index",0.791483893836679,0.0300000000000296,NA,20,0,20,20,0,0,0,0,1,0,1,1
6,"survival",1,"Purely rule-based","Random forest",TRUE,"C-index",0.846337897115512,0.75,NA,NA,NA,NA,NA,NA,NA,NA,NA,NA,NA,NA,NA
6,"survival",1,"Purely rule-based","RuleFit",TRUE,"C-index",0.868381408126191,19.6900000000001,NA,27,27,0,1,21,5,0,0,0.037037037037037,0.777777777777778,0.814814814814815,2.14814814814815
7,"survival",1,"Purely rule-based","BRP-GABLE full",TRUE,"C-index",0.837333394402968,258.26,NA,40,40,0,22,18,0,0,0,0.55,0.45,1,1.45
7,"survival",1,"Purely rule-based","BRP-GABLE rule-only",TRUE,"C-index",0.837333394402968,257.78,NA,40,40,0,22,18,0,0,0,0.55,0.45,1,1.45
7,"survival",1,"Purely rule-based","GABLE",TRUE,"C-index",0.817409426098108,5.63999999999999,NA,5,5,0,5,0,0,0,0,1,0,1,1
7,"survival",1,"Purely rule-based","GBM",TRUE,"C-index",0.834928777538588,0.0299999999999727,NA,NA,NA,NA,NA,NA,NA,NA,NA,NA,NA,NA,NA
7,"survival",1,"Purely rule-based","Linear",TRUE,"C-index",0.750652681720332,0.0200000000000955,NA,20,0,20,20,0,0,0,0,1,0,1,1
7,"survival",1,"Purely rule-based","Random forest",TRUE,"C-index",0.826180552374845,0.75,NA,NA,NA,NA,NA,NA,NA,NA,NA,NA,NA,NA,NA
7,"survival",1,"Purely rule-based","RuleFit",TRUE,"C-index",0.857509274950763,22.27,NA,44,44,0,1,36,7,0,0,0.0227272727272727,0.818181818181818,0.840909090909091,2.13636363636364
8,"survival",1,"Purely rule-based","BRP-GABLE full",TRUE,"C-index",0.817580561940053,264.4,NA,39,39,0,23,16,0,0,0,0.58974358974359,0.41025641025641,1,1.41025641025641
8,"survival",1,"Purely rule-based","BRP-GABLE rule-only",TRUE,"C-index",0.817580561940053,264.11,NA,39,39,0,23,16,0,0,0,0.58974358974359,0.41025641025641,1,1.41025641025641
8,"survival",1,"Purely rule-based","GABLE",TRUE,"C-index",0.790538955860969,5.43999999999994,NA,5,5,0,5,0,0,0,0,1,0,1,1
8,"survival",1,"Purely rule-based","GBM",TRUE,"C-index",0.823350063323796,0.0299999999999727,NA,NA,NA,NA,NA,NA,NA,NA,NA,NA,NA,NA,NA
8,"survival",1,"Purely rule-based","Linear",TRUE,"C-index",0.77250340072236,0.0299999999999727,NA,20,0,20,20,0,0,0,0,1,0,1,1
8,"survival",1,"Purely rule-based","Random forest",TRUE,"C-index",0.800318964304142,0.670000000000073,NA,NA,NA,NA,NA,NA,NA,NA,NA,NA,NA,NA,NA
8,"survival",1,"Purely rule-based","RuleFit",TRUE,"C-index",0.821637975514799,22.85,NA,27,27,0,0,27,0,0,0,0,1,1,2
9,"survival",1,"Purely rule-based","BRP-GABLE full",TRUE,"C-index",0.848959752884528,294.02,NA,39,39,0,22,17,0,0,0,0.564102564102564,0.435897435897436,1,1.43589743589744
9,"survival",1,"Purely rule-based","BRP-GABLE rule-only",TRUE,"C-index",0.84941400926683,265.61,NA,40,40,0,23,17,0,0,0,0.575,0.425,1,1.425
9,"survival",1,"Purely rule-based","GABLE",TRUE,"C-index",0.777914054692468,4.72000000000003,NA,5,5,0,3,2,0,0,0,0.6,0.4,1,1.4
9,"survival",1,"Purely rule-based","GBM",TRUE,"C-index",0.857090942127737,0.0299999999999727,NA,NA,NA,NA,NA,NA,NA,NA,NA,NA,NA,NA,NA
9,"survival",1,"Purely rule-based","Linear",TRUE,"C-index",0.750794948669029,0.0299999999999727,NA,20,0,20,20,0,0,0,0,1,0,1,1
9,"survival",1,"Purely rule-based","Random forest",TRUE,"C-index",0.851957845007722,0.700000000000045,NA,NA,NA,NA,NA,NA,NA,NA,NA,NA,NA,NA,NA
9,"survival",1,"Purely rule-based","RuleFit",TRUE,"C-index",0.859135095848097,24.4499999999999,NA,36,36,0,1,33,2,0,0,0.0277777777777778,0.916666666666667,0.944444444444444,2.02777777777778
10,"survival",1,"Purely rule-based","BRP-GABLE full",TRUE,"C-index",0.843829923273657,260.34,NA,25,25,0,10,15,0,0,0,0.4,0.6,1,1.6
10,"survival",1,"Purely rule-based","BRP-GABLE rule-only",TRUE,"C-index",0.843829923273657,259.32,NA,25,25,0,10,15,0,0,0,0.4,0.6,1,1.6
10,"survival",1,"Purely rule-based","GABLE",TRUE,"C-index",0.837253379612715,5.40999999999997,NA,5,5,0,5,0,0,0,0,1,0,1,1
10,"survival",1,"Purely rule-based","GBM",TRUE,"C-index",0.845177201315309,0.0300000000000864,NA,NA,NA,NA,NA,NA,NA,NA,NA,NA,NA,NA,NA
10,"survival",1,"Purely rule-based","Linear",TRUE,"C-index",0.732553891121666,0.0499999999999545,NA,20,0,20,20,0,0,0,0,1,0,1,1
10,"survival",1,"Purely rule-based","Random forest",TRUE,"C-index",0.847506393861893,0.779999999999973,NA,NA,NA,NA,NA,NA,NA,NA,NA,NA,NA,NA,NA
10,"survival",1,"Purely rule-based","RuleFit",TRUE,"C-index",0.849995432955791,19.5,NA,26,26,0,2,23,1,0,0,0.0769230769230769,0.884615384615385,0.961538461538462,1.96153846153846
11,"survival",1,"Purely rule-based","BRP-GABLE full",TRUE,"C-index",0.834094600081202,251.69,NA,28,27,1,16,12,0,0,0,0.571428571428571,0.428571428571429,1,1.42857142857143
11,"survival",1,"Purely rule-based","BRP-GABLE rule-only",TRUE,"C-index",0.833104953308973,251.41,NA,27,27,0,15,12,0,0,0,0.555555555555556,0.444444444444444,1,1.44444444444444
11,"survival",1,"Purely rule-based","GABLE",TRUE,"C-index",0.833840844498579,5.04000000000008,NA,5,5,0,5,0,0,0,0,1,0,1,1
11,"survival",1,"Purely rule-based","GBM",TRUE,"C-index",0.850030450669915,0.0300000000000864,NA,NA,NA,NA,NA,NA,NA,NA,NA,NA,NA,NA,NA
11,"survival",1,"Purely rule-based","Linear",TRUE,"C-index",0.747360941940723,0.0199999999999818,NA,20,0,20,20,0,0,0,0,1,0,1,1
11,"survival",1,"Purely rule-based","Random forest",TRUE,"C-index",0.814758424685343,0.689999999999941,NA,NA,NA,NA,NA,NA,NA,NA,NA,NA,NA,NA,NA
11,"survival",1,"Purely rule-based","RuleFit",TRUE,"C-index",0.83196305318717,23.3599999999999,NA,21,21,0,0,18,3,0,0,0,0.857142857142857,0.857142857142857,2.14285714285714
12,"survival",1,"Purely rule-based","BRP-GABLE full",TRUE,"C-index",0.848333852382435,258.07,NA,25,25,0,11,14,0,0,0,0.44,0.56,1,1.56
12,"survival",1,"Purely rule-based","BRP-GABLE rule-only",TRUE,"C-index",0.848333852382435,262.12,NA,25,25,0,11,14,0,0,0,0.44,0.56,1,1.56
12,"survival",1,"Purely rule-based","GABLE",TRUE,"C-index",0.798349423855497,4.63999999999999,NA,5,5,0,5,0,0,0,0,1,0,1,1
12,"survival",1,"Purely rule-based","GBM",TRUE,"C-index",0.835743204164257,0.0300000000000864,NA,NA,NA,NA,NA,NA,NA,NA,NA,NA,NA,NA,NA
12,"survival",1,"Purely rule-based","Linear",TRUE,"C-index",0.767317702540375,0.0199999999999818,NA,20,0,20,20,0,0,0,0,1,0,1,1
12,"survival",1,"Purely rule-based","Random forest",TRUE,"C-index",0.842772612003381,0.730000000000018,NA,NA,NA,NA,NA,NA,NA,NA,NA,NA,NA,NA,NA
12,"survival",1,"Purely rule-based","RuleFit",TRUE,"C-index",0.846064866307781,22.88,NA,31,31,0,0,25,6,0,0,0,0.806451612903226,0.806451612903226,2.19354838709677
13,"survival",1,"Purely rule-based","BRP-GABLE full",TRUE,"C-index",0.859524027879677,248.2,NA,26,26,0,10,16,0,0,0,0.384615384615385,0.615384615384615,1,1.61538461538462
13,"survival",1,"Purely rule-based","BRP-GABLE rule-only",TRUE,"C-index",0.859340608950844,245.53,NA,26,26,0,10,16,0,0,0,0.384615384615385,0.615384615384615,1,1.61538461538462
13,"survival",1,"Purely rule-based","GABLE",TRUE,"C-index",0.831208730741013,4.50999999999999,NA,5,5,0,5,0,0,0,0,1,0,1,1
13,"survival",1,"Purely rule-based","GBM",TRUE,"C-index",0.847349596478357,0.0299999999999727,NA,NA,NA,NA,NA,NA,NA,NA,NA,NA,NA,NA,NA
13,"survival",1,"Purely rule-based","Linear",TRUE,"C-index",0.736472853998533,0,NA,20,0,20,20,0,0,0,0,1,0,1,1
13,"survival",1,"Purely rule-based","Random forest",TRUE,"C-index",0.833363903154806,0.689999999999941,NA,NA,NA,NA,NA,NA,NA,NA,NA,NA,NA,NA,NA
13,"survival",1,"Purely rule-based","RuleFit",TRUE,"C-index",0.852875091709464,18.6600000000001,NA,28,28,0,1,27,0,0,0,0.0357142857142857,0.964285714285714,1,1.96428571428571
14,"survival",1,"Purely rule-based","BRP-GABLE full",TRUE,"C-index",0.843304843304843,253.06,NA,39,38,1,21,18,0,0,0,0.538461538461538,0.461538461538462,1,1.46153846153846
14,"survival",1,"Purely rule-based","BRP-GABLE rule-only",TRUE,"C-index",0.848067355530042,251.51,NA,43,43,0,24,19,0,0,0,0.558139534883721,0.441860465116279,1,1.44186046511628
14,"survival",1,"Purely rule-based","GABLE",TRUE,"C-index",0.820959306033933,4.75,NA,5,5,0,5,0,0,0,0,1,0,1,1
14,"survival",1,"Purely rule-based","GBM",TRUE,"C-index",0.83905260024663,0.0299999999999727,NA,NA,NA,NA,NA,NA,NA,NA,NA,NA,NA,NA,NA
14,"survival",1,"Purely rule-based","Linear",TRUE,"C-index",0.732576434068971,0.00999999999999091,NA,20,0,20,20,0,0,0,0,1,0,1,1
14,"survival",1,"Purely rule-based","Random forest",TRUE,"C-index",0.805077178211507,0.690000000000055,NA,NA,NA,NA,NA,NA,NA,NA,NA,NA,NA,NA,NA
14,"survival",1,"Purely rule-based","RuleFit",TRUE,"C-index",0.849768252753327,21.41,NA,39,39,0,0,33,6,0,0,0,0.846153846153846,0.846153846153846,2.15384615384615
15,"survival",1,"Purely rule-based","BRP-GABLE full",TRUE,"C-index",0.863023387400981,232.97,NA,26,26,0,5,21,0,0,0,0.192307692307692,0.807692307692308,1,1.80769230769231
15,"survival",1,"Purely rule-based","BRP-GABLE rule-only",TRUE,"C-index",0.863023387400981,231.74,NA,26,26,0,5,21,0,0,0,0.192307692307692,0.807692307692308,1,1.80769230769231
15,"survival",1,"Purely rule-based","GABLE",TRUE,"C-index",0.834779328555262,4.76999999999998,NA,5,5,0,4,1,0,0,0,0.8,0.2,1,1.2
15,"survival",1,"Purely rule-based","GBM",TRUE,"C-index",0.848972086005281,0.0299999999999727,NA,NA,NA,NA,NA,NA,NA,NA,NA,NA,NA,NA,NA
15,"survival",1,"Purely rule-based","Linear",TRUE,"C-index",0.762023764617126,0.0199999999999818,NA,20,0,20,20,0,0,0,0,1,0,1,1
15,"survival",1,"Purely rule-based","Random forest",TRUE,"C-index",0.859958506224066,0.680000000000064,NA,NA,NA,NA,NA,NA,NA,NA,NA,NA,NA,NA,NA
15,"survival",1,"Purely rule-based","RuleFit",TRUE,"C-index",0.880681818181818,17.3399999999999,NA,26,26,0,5,19,2,0,0,0.192307692307692,0.730769230769231,0.923076923076923,1.88461538461538
16,"survival",1,"Purely rule-based","BRP-GABLE full",TRUE,"C-index",0.844035643746268,275,NA,24,24,0,10,14,0,0,0,0.416666666666667,0.583333333333333,1,1.58333333333333
16,"survival",1,"Purely rule-based","BRP-GABLE rule-only",TRUE,"C-index",0.846447108538882,274.65,NA,29,29,0,15,14,0,0,0,0.517241379310345,0.482758620689655,1,1.48275862068966
16,"survival",1,"Purely rule-based","GABLE",TRUE,"C-index",0.820035827476919,5.74000000000001,NA,5,5,0,4,1,0,0,0,0.8,0.2,1,1.2
16,"survival",1,"Purely rule-based","GBM",TRUE,"C-index",0.838638555877084,0.0299999999999727,NA,NA,NA,NA,NA,NA,NA,NA,NA,NA,NA,NA,NA
16,"survival",1,"Purely rule-based","Linear",TRUE,"C-index",0.738735014468789,0.0200000000002092,NA,20,0,20,20,0,0,0,0,1,0,1,1
16,"survival",1,"Purely rule-based","Random forest",TRUE,"C-index",0.850029856230766,0.730000000000018,NA,NA,NA,NA,NA,NA,NA,NA,NA,NA,NA,NA,NA
16,"survival",1,"Purely rule-based","RuleFit",TRUE,"C-index",0.847802122089018,22.8099999999999,NA,30,30,0,1,26,3,0,0,0.0333333333333333,0.866666666666667,0.9,2.06666666666667
17,"survival",1,"Purely rule-based","BRP-GABLE full",TRUE,"C-index",0.884210052242839,285.52,NA,28,28,0,11,17,0,0,0,0.392857142857143,0.607142857142857,1,1.60714285714286
17,"survival",1,"Purely rule-based","BRP-GABLE rule-only",TRUE,"C-index",0.88357953521888,276.47,NA,28,28,0,11,17,0,0,0,0.392857142857143,0.607142857142857,1,1.60714285714286
17,"survival",1,"Purely rule-based","GABLE",TRUE,"C-index",0.847955323365159,5.95000000000005,NA,5,5,0,4,1,0,0,0,0.8,0.2,1,1.2
17,"survival",1,"Purely rule-based","GBM",TRUE,"C-index",0.871149342460818,0.0299999999999727,NA,NA,NA,NA,NA,NA,NA,NA,NA,NA,NA,NA,NA
17,"survival",1,"Purely rule-based","Linear",TRUE,"C-index",0.789497387858044,0.0200000000002092,NA,20,0,20,20,0,0,0,0,1,0,1,1
17,"survival",1,"Purely rule-based","Random forest",TRUE,"C-index",0.861781660961989,0.779999999999973,NA,NA,NA,NA,NA,NA,NA,NA,NA,NA,NA,NA,NA
17,"survival",1,"Purely rule-based","RuleFit",TRUE,"C-index",0.891573590344082,20.03,NA,36,36,0,1,34,1,0,0,0.0277777777777778,0.944444444444444,0.972222222222222,2
18,"survival",1,"Purely rule-based","BRP-GABLE full",TRUE,"C-index",0.865861852714567,290.62,NA,28,28,0,16,12,0,0,0,0.571428571428571,0.428571428571429,1,1.42857142857143
18,"survival",1,"Purely rule-based","BRP-GABLE rule-only",TRUE,"C-index",0.865861852714567,289.48,NA,28,28,0,16,12,0,0,0,0.571428571428571,0.428571428571429,1,1.42857142857143
18,"survival",1,"Purely rule-based","GABLE",TRUE,"C-index",0.823105178283462,6.17000000000007,NA,5,5,0,5,0,0,0,0,1,0,1,1
18,"survival",1,"Purely rule-based","GBM",TRUE,"C-index",0.860508869378248,0.0299999999999727,NA,NA,NA,NA,NA,NA,NA,NA,NA,NA,NA,NA,NA
18,"survival",1,"Purely rule-based","Linear",TRUE,"C-index",0.763169682852535,0.00999999999999091,NA,20,0,20,20,0,0,0,0,1,0,1,1
18,"survival",1,"Purely rule-based","Random forest",TRUE,"C-index",0.844427521949471,0.799999999999955,NA,NA,NA,NA,NA,NA,NA,NA,NA,NA,NA,NA,NA
18,"survival",1,"Purely rule-based","RuleFit",TRUE,"C-index",0.863913277190468,21.5999999999999,NA,27,27,0,2,23,2,0,0,0.0740740740740741,0.851851851851852,0.925925925925926,2
19,"survival",1,"Purely rule-based","BRP-GABLE full",TRUE,"C-index",0.84976156531144,281.96,NA,30,30,0,4,26,0,0,0,0.133333333333333,0.866666666666667,1,1.86666666666667
19,"survival",1,"Purely rule-based","BRP-GABLE rule-only",TRUE,"C-index",0.84976156531144,270.74,NA,30,30,0,4,26,0,0,0,0.133333333333333,0.866666666666667,1,1.86666666666667
19,"survival",1,"Purely rule-based","GABLE",TRUE,"C-index",0.780173049505924,6.13000000000011,NA,5,5,0,5,0,0,0,0,1,0,1,1
19,"survival",1,"Purely rule-based","GBM",TRUE,"C-index",0.85806990806745,0.0399999999999636,NA,NA,NA,NA,NA,NA,NA,NA,NA,NA,NA,NA,NA
19,"survival",1,"Purely rule-based","Linear",TRUE,"C-index",0.786097045376334,0,NA,20,0,20,20,0,0,0,0,1,0,1,1
19,"survival",1,"Purely rule-based","Random forest",TRUE,"C-index",0.832948232633597,0.829999999999927,NA,NA,NA,NA,NA,NA,NA,NA,NA,NA,NA,NA,NA
19,"survival",1,"Purely rule-based","RuleFit",TRUE,"C-index",0.852735853694509,21.04,NA,28,28,0,2,23,3,0,0,0.0714285714285714,0.821428571428571,0.892857142857143,2.03571428571429
20,"survival",1,"Purely rule-based","BRP-GABLE full",TRUE,"C-index",0.851260549373757,293.03,NA,43,42,1,18,25,0,0,0,0.418604651162791,0.581395348837209,1,1.58139534883721
20,"survival",1,"Purely rule-based","BRP-GABLE rule-only",TRUE,"C-index",0.852228135247003,291.84,NA,41,41,0,16,25,0,0,0,0.390243902439024,0.609756097560976,1,1.60975609756098
20,"survival",1,"Purely rule-based","GABLE",TRUE,"C-index",0.835967317099393,5.66000000000008,NA,5,5,0,5,0,0,0,0,1,0,1,1
20,"survival",1,"Purely rule-based","GBM",TRUE,"C-index",0.820297801429877,0.0299999999999727,NA,NA,NA,NA,NA,NA,NA,NA,NA,NA,NA,NA,NA
20,"survival",1,"Purely rule-based","Linear",TRUE,"C-index",0.743267214965328,0.00999999999999091,NA,20,0,20,20,0,0,0,0,1,0,1,1
20,"survival",1,"Purely rule-based","Random forest",TRUE,"C-index",0.814277267107456,0.689999999999827,NA,NA,NA,NA,NA,NA,NA,NA,NA,NA,NA,NA,NA
20,"survival",1,"Purely rule-based","RuleFit",TRUE,"C-index",0.840160189216793,24.5899999999999,NA,35,35,0,1,32,2,0,0,0.0285714285714286,0.914285714285714,0.942857142857143,2.02857142857143
21,"survival",1,"Purely rule-based","BRP-GABLE full",TRUE,"C-index",0.816579089525119,288.69,NA,36,36,0,13,23,0,0,0,0.361111111111111,0.638888888888889,1,1.63888888888889
21,"survival",1,"Purely rule-based","BRP-GABLE rule-only",TRUE,"C-index",0.818445219270245,287.03,NA,35,35,0,12,23,0,0,0,0.342857142857143,0.657142857142857,1,1.65714285714286
21,"survival",1,"Purely rule-based","GABLE",TRUE,"C-index",0.79600255365123,5.72999999999979,NA,5,5,0,4,1,0,0,0,0.8,0.2,1,1.2
21,"survival",1,"Purely rule-based","GBM",TRUE,"C-index",0.829052693610961,0.0200000000002092,NA,NA,NA,NA,NA,NA,NA,NA,NA,NA,NA,NA,NA
21,"survival",1,"Purely rule-based","Linear",TRUE,"C-index",0.77866719049256,0.00999999999999091,NA,20,0,20,20,0,0,0,0,1,0,1,1
21,"survival",1,"Purely rule-based","Random forest",TRUE,"C-index",0.821637283307961,0.75,NA,NA,NA,NA,NA,NA,NA,NA,NA,NA,NA,NA,NA
21,"survival",1,"Purely rule-based","RuleFit",TRUE,"C-index",0.834184550410057,23.7800000000002,NA,29,29,0,0,27,2,0,0,0,0.931034482758621,0.931034482758621,2.06896551724138
22,"survival",1,"Purely rule-based","BRP-GABLE full",TRUE,"C-index",0.834031536832196,294.49,NA,36,35,1,15,21,0,0,0,0.416666666666667,0.583333333333333,1,1.58333333333333
22,"survival",1,"Purely rule-based","BRP-GABLE rule-only",TRUE,"C-index",0.835420098846787,293.87,NA,34,34,0,13,21,0,0,0,0.382352941176471,0.617647058823529,1,1.61764705882353
22,"survival",1,"Purely rule-based","GABLE",TRUE,"C-index",0.818851494469287,6.04999999999995,NA,5,5,0,5,0,0,0,0,1,0,1,1
22,"survival",1,"Purely rule-based","GBM",TRUE,"C-index",0.822734761120264,0.0399999999999636,NA,NA,NA,NA,NA,NA,NA,NA,NA,NA,NA,NA,NA
22,"survival",1,"Purely rule-based","Linear",TRUE,"C-index",0.747469992939515,0.0299999999999727,NA,20,0,20,20,0,0,0,0,1,0,1,1
22,"survival",1,"Purely rule-based","Random forest",TRUE,"C-index",0.806213226641563,0.759999999999991,NA,NA,NA,NA,NA,NA,NA,NA,NA,NA,NA,NA,NA
22,"survival",1,"Purely rule-based","RuleFit",TRUE,"C-index",0.831348552600612,21.9000000000001,NA,35,35,0,2,29,4,0,0,0.0571428571428571,0.828571428571429,0.885714285714286,2.05714285714286
23,"survival",1,"Purely rule-based","BRP-GABLE full",TRUE,"C-index",0.873006724303554,302.76,NA,43,43,0,29,14,0,0,0,0.674418604651163,0.325581395348837,1,1.32558139534884
23,"survival",1,"Purely rule-based","BRP-GABLE rule-only",TRUE,"C-index",0.873535062439962,300.81,NA,44,44,0,30,14,0,0,0,0.681818181818182,0.318181818181818,1,1.31818181818182
23,"survival",1,"Purely rule-based","GABLE",TRUE,"C-index",0.847790585975024,5.80999999999995,NA,5,5,0,5,0,0,0,0,1,0,1,1
23,"survival",1,"Purely rule-based","GBM",TRUE,"C-index",0.864889529298751,0.0199999999999818,NA,NA,NA,NA,NA,NA,NA,NA,NA,NA,NA,NA,NA
23,"survival",1,"Purely rule-based","Linear",TRUE,"C-index",0.808741594620557,0.00999999999999091,NA,20,0,20,20,0,0,0,0,1,0,1,1
23,"survival",1,"Purely rule-based","Random forest",TRUE,"C-index",0.859077809798271,0.720000000000027,NA,NA,NA,NA,NA,NA,NA,NA,NA,NA,NA,NA,NA
23,"survival",1,"Purely rule-based","RuleFit",TRUE,"C-index",0.881916426512968,23.4199999999998,NA,34,34,0,1,32,1,0,0,0.0294117647058824,0.941176470588235,0.970588235294118,2
24,"survival",1,"Purely rule-based","BRP-GABLE full",TRUE,"C-index",0.82576017866346,291.13,NA,24,24,0,7,17,0,0,0,0.291666666666667,0.708333333333333,1,1.70833333333333
24,"survival",1,"Purely rule-based","BRP-GABLE rule-only",TRUE,"C-index",0.826941247208383,288.89,NA,27,27,0,10,17,0,0,0,0.37037037037037,0.62962962962963,1,1.62962962962963
24,"survival",1,"Purely rule-based","GABLE",TRUE,"C-index",0.814250128843841,6.1400000000001,NA,5,5,0,5,0,0,0,0,1,0,1,1
24,"survival",1,"Purely rule-based","GBM",TRUE,"C-index",0.833233121456794,0.0399999999999636,NA,NA,NA,NA,NA,NA,NA,NA,NA,NA,NA,NA,NA
24,"survival",1,"Purely rule-based","Linear",TRUE,"C-index",0.739048273492527,0,NA,20,0,20,20,0,0,0,0,1,0,1,1
24,"survival",1,"Purely rule-based","Random forest",TRUE,"C-index",0.816912901563305,0.819999999999936,NA,NA,NA,NA,NA,NA,NA,NA,NA,NA,NA,NA,NA
24,"survival",1,"Purely rule-based","RuleFit",TRUE,"C-index",0.81461518639409,20.1399999999999,NA,16,16,0,0,14,2,0,0,0,0.875,0.875,2.125
25,"survival",1,"Purely rule-based","BRP-GABLE full",TRUE,"C-index",0.816199035510741,297.32,NA,37,37,0,13,24,0,0,0,0.351351351351351,0.648648648648649,1,1.64864864864865
25,"survival",1,"Purely rule-based","BRP-GABLE rule-only",TRUE,"C-index",0.819881630863656,296.13,NA,39,39,0,15,24,0,0,0,0.384615384615385,0.615384615384615,1,1.61538461538462
25,"survival",1,"Purely rule-based","GABLE",TRUE,"C-index",0.790683910565541,5.92000000000007,NA,5,5,0,5,0,0,0,0,1,0,1,1
25,"survival",1,"Purely rule-based","GBM",TRUE,"C-index",0.833406400701447,0.0199999999999818,NA,NA,NA,NA,NA,NA,NA,NA,NA,NA,NA,NA,NA
25,"survival",1,"Purely rule-based","Linear",TRUE,"C-index",0.750811047786059,0.00999999999999091,NA,20,0,20,20,0,0,0,0,1,0,1,1
25,"survival",1,"Purely rule-based","Random forest",TRUE,"C-index",0.806400701446734,0.75,NA,NA,NA,NA,NA,NA,NA,NA,NA,NA,NA,NA,NA
25,"survival",1,"Purely rule-based","RuleFit",TRUE,"C-index",0.846142042963612,25.3800000000001,NA,28,28,0,0,24,4,0,0,0,0.857142857142857,0.857142857142857,2.14285714285714
26,"survival",1,"Purely rule-based","BRP-GABLE full",TRUE,"C-index",0.856446833090562,290.77,NA,28,28,0,15,13,0,0,0,0.535714285714286,0.464285714285714,1,1.46428571428571
26,"survival",1,"Purely rule-based","BRP-GABLE rule-only",TRUE,"C-index",0.856597518710131,289.89,NA,28,28,0,16,12,0,0,0,0.571428571428571,0.428571428571429,1,1.42857142857143
26,"survival",1,"Purely rule-based","GABLE",TRUE,"C-index",0.81606308704606,6.47000000000003,NA,5,5,0,5,0,0,0,0,1,0,1,1
26,"survival",1,"Purely rule-based","GBM",TRUE,"C-index",0.848309809633834,0.0299999999999727,NA,NA,NA,NA,NA,NA,NA,NA,NA,NA,NA,NA,NA
26,"survival",1,"Purely rule-based","Linear",TRUE,"C-index",0.773218142548596,0.0199999999999818,NA,20,0,20,20,0,0,0,0,1,0,1,1
26,"survival",1,"Purely rule-based","Random forest",TRUE,"C-index",0.838766387061128,0.769999999999982,NA,NA,NA,NA,NA,NA,NA,NA,NA,NA,NA,NA,NA
26,"survival",1,"Purely rule-based","RuleFit",TRUE,"C-index",0.871440052237682,25.1500000000001,NA,34,34,0,1,28,5,0,0,0.0294117647058824,0.823529411764706,0.852941176470588,2.11764705882353
27,"survival",1,"Purely rule-based","BRP-GABLE full",TRUE,"C-index",0.827966903073286,324.53,NA,26,26,0,11,15,0,0,0,0.423076923076923,0.576923076923077,1,1.57692307692308
27,"survival",1,"Purely rule-based","BRP-GABLE rule-only",TRUE,"C-index",0.827966903073286,314.51,NA,26,26,0,11,15,0,0,0,0.423076923076923,0.576923076923077,1,1.57692307692308
27,"survival",1,"Purely rule-based","GABLE",TRUE,"C-index",0.836217494089835,6.16000000000008,NA,5,5,0,5,0,0,0,0,1,0,1,1
27,"survival",1,"Purely rule-based","GBM",TRUE,"C-index",0.813947990543735,0.0499999999999545,NA,NA,NA,NA,NA,NA,NA,NA,NA,NA,NA,NA,NA
27,"survival",1,"Purely rule-based","Linear",TRUE,"C-index",0.702033096926714,0,NA,20,0,20,20,0,0,0,0,1,0,1,1
27,"survival",1,"Purely rule-based","Random forest",TRUE,"C-index",0.782931442080378,0.759999999999991,NA,NA,NA,NA,NA,NA,NA,NA,NA,NA,NA,NA,NA
27,"survival",1,"Purely rule-based","RuleFit",TRUE,"C-index",0.830449172576832,22.2,NA,31,31,0,2,28,1,0,0,0.0645161290322581,0.903225806451613,0.967741935483871,1.96774193548387
28,"survival",1,"Purely rule-based","BRP-GABLE full",TRUE,"C-index",0.848293903548681,298.6,NA,25,25,0,7,18,0,0,0,0.28,0.72,1,1.72
28,"survival",1,"Purely rule-based","BRP-GABLE rule-only",TRUE,"C-index",0.848293903548681,281.5,NA,25,25,0,7,18,0,0,0,0.28,0.72,1,1.72
28,"survival",1,"Purely rule-based","GABLE",TRUE,"C-index",0.820609645131938,6.1099999999999,NA,5,5,0,5,0,0,0,0,1,0,1,1
28,"survival",1,"Purely rule-based","GBM",TRUE,"C-index",0.853730664240218,0.0299999999999727,NA,NA,NA,NA,NA,NA,NA,NA,NA,NA,NA,NA,NA
28,"survival",1,"Purely rule-based","Linear",TRUE,"C-index",0.764149226569609,0.0199999999999818,NA,20,0,20,20,0,0,0,0,1,0,1,1
28,"survival",1,"Purely rule-based","Random forest",TRUE,"C-index",0.82761601455869,0.830000000000155,NA,NA,NA,NA,NA,NA,NA,NA,NA,NA,NA,NA,NA
28,"survival",1,"Purely rule-based","RuleFit",TRUE,"C-index",0.852206551410373,18,NA,23,23,0,2,19,2,0,0,0.0869565217391304,0.826086956521739,0.91304347826087,2
29,"survival",1,"Purely rule-based","BRP-GABLE full",TRUE,"C-index",0.828933963137909,343.05,NA,33,32,1,21,12,0,0,0,0.636363636363636,0.363636363636364,1,1.36363636363636
29,"survival",1,"Purely rule-based","BRP-GABLE rule-only",TRUE,"C-index",0.833379642493285,319.02,NA,38,38,0,26,12,0,0,0,0.684210526315789,0.315789473684211,1,1.31578947368421
29,"survival",1,"Purely rule-based","GABLE",TRUE,"C-index",0.815087524312309,5.94000000000005,NA,5,5,0,5,0,0,0,0,1,0,1,1
29,"survival",1,"Purely rule-based","GBM",TRUE,"C-index",0.81008613503751,0.0399999999999636,NA,NA,NA,NA,NA,NA,NA,NA,NA,NA,NA,NA,NA
29,"survival",1,"Purely rule-based","Linear",TRUE,"C-index",0.725618227285357,0.0199999999999818,NA,20,0,20,20,0,0,0,0,1,0,1,1
29,"survival",1,"Purely rule-based","Random forest",TRUE,"C-index",0.805084745762712,0.779999999999973,NA,NA,NA,NA,NA,NA,NA,NA,NA,NA,NA,NA,NA
29,"survival",1,"Purely rule-based","RuleFit",TRUE,"C-index",0.81020190793739,19.3900000000001,NA,20,20,0,0,18,2,0,0,0,0.9,0.9,2.1
30,"survival",1,"Purely rule-based","BRP-GABLE full",TRUE,"C-index",0.80671249494541,282.54,NA,30,30,0,8,22,0,0,0,0.266666666666667,0.733333333333333,1,1.73333333333333
30,"survival",1,"Purely rule-based","BRP-GABLE rule-only",TRUE,"C-index",0.80671249494541,281.55,NA,30,30,0,8,22,0,0,0,0.266666666666667,0.733333333333333,1,1.73333333333333
30,"survival",1,"Purely rule-based","GABLE",TRUE,"C-index",0.801725299905648,4.8599999999999,NA,5,5,0,4,1,0,0,0,0.8,0.2,1,1.2
30,"survival",1,"Purely rule-based","GBM",TRUE,"C-index",0.821988587859999,0.0299999999999727,NA,NA,NA,NA,NA,NA,NA,NA,NA,NA,NA,NA,NA
30,"survival",1,"Purely rule-based","Linear",TRUE,"C-index",0.732084288089141,0.0199999999999818,NA,20,0,20,20,0,0,0,0,1,0,1,1
30,"survival",1,"Purely rule-based","Random forest",TRUE,"C-index",0.806982073055668,0.720000000000027,NA,NA,NA,NA,NA,NA,NA,NA,NA,NA,NA,NA,NA
30,"survival",1,"Purely rule-based","RuleFit",TRUE,"C-index",0.826459091521768,22.5,NA,27,27,0,0,25,2,0,0,0,0.925925925925926,0.925925925925926,2.07407407407407
31,"survival",1,"Purely rule-based","BRP-GABLE full",TRUE,"C-index",0.832758275827583,281.32,NA,31,31,0,8,23,0,0,0,0.258064516129032,0.741935483870968,1,1.74193548387097
31,"survival",1,"Purely rule-based","BRP-GABLE rule-only",TRUE,"C-index",0.832758275827583,280.36,NA,31,31,0,8,23,0,0,0,0.258064516129032,0.741935483870968,1,1.74193548387097
31,"survival",1,"Purely rule-based","GABLE",TRUE,"C-index",0.782653265326533,5.05999999999995,NA,5,5,0,5,0,0,0,0,1,0,1,1
31,"survival",1,"Purely rule-based","GBM",TRUE,"C-index",0.834983498349835,0.0299999999999727,NA,NA,NA,NA,NA,NA,NA,NA,NA,NA,NA,NA,NA
31,"survival",1,"Purely rule-based","Linear",TRUE,"C-index",0.766626662666267,0.0199999999999818,NA,20,0,20,20,0,0,0,0,1,0,1,1
31,"survival",1,"Purely rule-based","Random forest",TRUE,"C-index",0.828032803280328,0.690000000000055,NA,NA,NA,NA,NA,NA,NA,NA,NA,NA,NA,NA,NA
31,"survival",1,"Purely rule-based","RuleFit",TRUE,"C-index",0.847534753475347,19.9400000000001,NA,32,32,0,3,28,1,0,0,0.09375,0.875,0.96875,1.9375
32,"survival",1,"Purely rule-based","BRP-GABLE full",TRUE,"C-index",0.893985994132677,271.53,NA,28,28,0,16,12,0,0,0,0.571428571428571,0.428571428571429,1,1.42857142857143
32,"survival",1,"Purely rule-based","BRP-GABLE rule-only",TRUE,"C-index",0.893985994132677,271.63,NA,28,28,0,16,12,0,0,0,0.571428571428571,0.428571428571429,1,1.42857142857143
32,"survival",1,"Purely rule-based","GABLE",TRUE,"C-index",0.833183495788776,4.96000000000004,NA,5,5,0,5,0,0,0,0,1,0,1,1
32,"survival",1,"Purely rule-based","GBM",TRUE,"C-index",0.864294501750733,0.0299999999997453,NA,NA,NA,NA,NA,NA,NA,NA,NA,NA,NA,NA,NA
32,"survival",1,"Purely rule-based","Linear",TRUE,"C-index",0.798712974354121,0,NA,20,0,20,20,0,0,0,0,1,0,1,1
32,"survival",1,"Purely rule-based","Random forest",TRUE,"C-index",0.860698400681366,0.670000000000073,NA,NA,NA,NA,NA,NA,NA,NA,NA,NA,NA,NA,NA
32,"survival",1,"Purely rule-based","RuleFit",TRUE,"C-index",0.890815747137314,18.3899999999999,NA,27,27,0,3,22,2,0,0,0.111111111111111,0.814814814814815,0.925925925925926,1.96296296296296
33,"survival",1,"Purely rule-based","BRP-GABLE full",TRUE,"C-index",0.857327886818771,264.89,NA,31,31,0,17,14,0,0,0,0.548387096774194,0.451612903225806,1,1.45161290322581
33,"survival",1,"Purely rule-based","BRP-GABLE rule-only",TRUE,"C-index",0.858124937730398,263.669999999999,NA,31,31,0,18,13,0,0,0,0.580645161290323,0.419354838709677,1,1.41935483870968
33,"survival",1,"Purely rule-based","GABLE",TRUE,"C-index",0.841087974494371,4.94000000000005,NA,5,5,0,5,0,0,0,0,1,0,1,1
33,"survival",1,"Purely rule-based","GBM",TRUE,"C-index",0.836853641526353,0.0500000000001819,NA,NA,NA,NA,NA,NA,NA,NA,NA,NA,NA,NA,NA
33,"survival",1,"Purely rule-based","Linear",TRUE,"C-index",0.77164491381887,0,NA,20,0,20,20,0,0,0,0,1,0,1,1
33,"survival",1,"Purely rule-based","Random forest",TRUE,"C-index",0.837600876756003,0.699999999999818,NA,NA,NA,NA,NA,NA,NA,NA,NA,NA,NA,NA,NA
33,"survival",1,"Purely rule-based","RuleFit",TRUE,"C-index",0.849158114974594,23.1700000000001,NA,35,35,0,4,29,2,0,0,0.114285714285714,0.828571428571429,0.942857142857143,1.94285714285714
34,"survival",1,"Purely rule-based","BRP-GABLE full",TRUE,"C-index",0.833627357850455,263.01,NA,39,37,2,27,12,0,0,0,0.692307692307692,0.307692307692308,1,1.30769230769231
34,"survival",1,"Purely rule-based","BRP-GABLE rule-only",TRUE,"C-index",0.831885828018275,262.62,NA,36,36,0,24,12,0,0,0,0.666666666666667,0.333333333333333,1,1.33333333333333
34,"survival",1,"Purely rule-based","GABLE",TRUE,"C-index",0.832496494323065,4.74000000000024,NA,5,5,0,5,0,0,0,0,1,0,1,1
34,"survival",1,"Purely rule-based","GBM",TRUE,"C-index",0.834260641425793,0.0299999999997453,NA,NA,NA,NA,NA,NA,NA,NA,NA,NA,NA,NA,NA
34,"survival",1,"Purely rule-based","Linear",TRUE,"C-index",0.749672049577057,0.0100000000002183,NA,20,0,20,20,0,0,0,0,1,0,1,1
34,"survival",1,"Purely rule-based","Random forest",TRUE,"C-index",0.817523861220428,0.690000000000055,NA,NA,NA,NA,NA,NA,NA,NA,NA,NA,NA,NA,NA
34,"survival",1,"Purely rule-based","RuleFit",TRUE,"C-index",0.805401004206812,21.6199999999999,NA,29,29,0,0,26,3,0,0,0,0.896551724137931,0.896551724137931,2.10344827586207
35,"survival",1,"Purely rule-based","BRP-GABLE full",TRUE,"C-index",0.853135533084974,258.13,NA,35,35,0,18,17,0,0,0,0.514285714285714,0.485714285714286,1,1.48571428571429
35,"survival",1,"Purely rule-based","BRP-GABLE rule-only",TRUE,"C-index",0.853135533084974,265.42,NA,35,35,0,18,17,0,0,0,0.514285714285714,0.485714285714286,1,1.48571428571429
35,"survival",1,"Purely rule-based","GABLE",TRUE,"C-index",0.841959375554373,4.88999999999987,NA,5,5,0,5,0,0,0,0,1,0,1,1
35,"survival",1,"Purely rule-based","GBM",TRUE,"C-index",0.855330849742771,0.0300000000002001,NA,NA,NA,NA,NA,NA,NA,NA,NA,NA,NA,NA,NA
35,"survival",1,"Purely rule-based","Linear",TRUE,"C-index",0.783528472591804,0,NA,20,0,20,20,0,0,0,0,1,0,1,1
35,"survival",1,"Purely rule-based","Random forest",TRUE,"C-index",0.850496718112471,0.75,NA,NA,NA,NA,NA,NA,NA,NA,NA,NA,NA,NA,NA
35,"survival",1,"Purely rule-based","RuleFit",TRUE,"C-index",0.850230619123647,22.3099999999999,NA,33,33,0,0,30,3,0,0,0,0.909090909090909,0.909090909090909,2.09090909090909
36,"survival",1,"Purely rule-based","BRP-GABLE full",TRUE,"C-index",0.873208962400231,237.06,NA,33,32,1,19,14,0,0,0,0.575757575757576,0.424242424242424,1,1.42424242424242
36,"survival",1,"Purely rule-based","BRP-GABLE rule-only",TRUE,"C-index",0.874098471006828,236.43,NA,31,31,0,17,14,0,0,0,0.548387096774194,0.451612903225806,1,1.45161290322581
36,"survival",1,"Purely rule-based","GABLE",TRUE,"C-index",0.824742763727282,4.90999999999985,NA,5,5,0,5,0,0,0,0,1,0,1,1
36,"survival",1,"Purely rule-based","GBM",TRUE,"C-index",0.865083181075103,0.0300000000002001,NA,NA,NA,NA,NA,NA,NA,NA,NA,NA,NA,NA,NA
36,"survival",1,"Purely rule-based","Linear",TRUE,"C-index",0.779546110202904,0,NA,20,0,20,20,0,0,0,0,1,0,1,1
36,"survival",1,"Purely rule-based","Random forest",TRUE,"C-index",0.836426579478796,0.639999999999873,NA,NA,NA,NA,NA,NA,NA,NA,NA,NA,NA,NA,NA
36,"survival",1,"Purely rule-based","RuleFit",TRUE,"C-index",0.862270410616405,21,NA,27,27,0,1,26,0,0,0,0.037037037037037,0.962962962962963,1,1.96296296296296
37,"survival",1,"Purely rule-based","BRP-GABLE full",TRUE,"C-index",0.81695498376702,242.24,NA,26,26,0,8,18,0,0,0,0.307692307692308,0.692307692307692,1,1.69230769230769
37,"survival",1,"Purely rule-based","BRP-GABLE rule-only",TRUE,"C-index",0.81695498376702,237.27,NA,26,26,0,8,18,0,0,0,0.307692307692308,0.692307692307692,1,1.69230769230769
37,"survival",1,"Purely rule-based","GABLE",TRUE,"C-index",0.832073460289771,4.78999999999996,NA,5,5,0,5,0,0,0,0,1,0,1,1
37,"survival",1,"Purely rule-based","GBM",TRUE,"C-index",0.842976207782139,0.0199999999999818,NA,NA,NA,NA,NA,NA,NA,NA,NA,NA,NA,NA,NA
37,"survival",1,"Purely rule-based","Linear",TRUE,"C-index",0.762901584532636,0,NA,20,0,20,20,0,0,0,0,1,0,1,1
37,"survival",1,"Purely rule-based","Random forest",TRUE,"C-index",0.822067160924553,0.75,NA,NA,NA,NA,NA,NA,NA,NA,NA,NA,NA,NA,NA
37,"survival",1,"Purely rule-based","RuleFit",TRUE,"C-index",0.836652614236565,18.3499999999999,NA,23,23,0,0,21,2,0,0,0,0.91304347826087,0.91304347826087,2.08695652173913
38,"survival",1,"Purely rule-based","BRP-GABLE full",TRUE,"C-index",0.833099964994749,227.48,NA,30,30,0,13,17,0,0,0,0.433333333333333,0.566666666666667,1,1.56666666666667
38,"survival",1,"Purely rule-based","BRP-GABLE rule-only",TRUE,"C-index",0.834350152522878,226.56,NA,30,30,0,13,17,0,0,0,0.433333333333333,0.566666666666667,1,1.56666666666667
38,"survival",1,"Purely rule-based","GABLE",TRUE,"C-index",0.735860379056859,3.70000000000027,NA,5,5,0,3,2,0,0,0,0.6,0.4,1,1.4
38,"survival",1,"Purely rule-based","GBM",TRUE,"C-index",0.835225283792569,0.0399999999999636,NA,NA,NA,NA,NA,NA,NA,NA,NA,NA,NA,NA,NA
38,"survival",1,"Purely rule-based","Linear",TRUE,"C-index",0.746311946792019,0.0100000000002183,NA,20,0,20,20,0,0,0,0,1,0,1,1
38,"survival",1,"Purely rule-based","Random forest",TRUE,"C-index",0.818322748412262,0.639999999999873,NA,NA,NA,NA,NA,NA,NA,NA,NA,NA,NA,NA,NA
38,"survival",1,"Purely rule-based","RuleFit",TRUE,"C-index",0.839575936390459,22.6700000000001,NA,31,31,0,1,25,5,0,0,0.032258064516129,0.806451612903226,0.838709677419355,2.12903225806452
39,"survival",1,"Purely rule-based","BRP-GABLE full",TRUE,"C-index",0.841420173556032,229.25,NA,32,32,0,13,19,0,0,0,0.40625,0.59375,1,1.59375
39,"survival",1,"Purely rule-based","BRP-GABLE rule-only",TRUE,"C-index",0.84426611924979,228.18,NA,30,30,0,13,17,0,0,0,0.433333333333333,0.566666666666667,1,1.56666666666667
39,"survival",1,"Purely rule-based","GABLE",TRUE,"C-index",0.846482224503126,4.59999999999991,NA,5,5,0,5,0,0,0,0,1,0,1,1
39,"survival",1,"Purely rule-based","GBM",TRUE,"C-index",0.867826817206308,0.0300000000002001,NA,NA,NA,NA,NA,NA,NA,NA,NA,NA,NA,NA,NA
39,"survival",1,"Purely rule-based","Linear",TRUE,"C-index",0.727722310348045,0.0199999999999818,NA,20,0,20,20,0,0,0,0,1,0,1,1
39,"survival",1,"Purely rule-based","Random forest",TRUE,"C-index",0.841700102640664,0.670000000000073,NA,NA,NA,NA,NA,NA,NA,NA,NA,NA,NA,NA,NA
39,"survival",1,"Purely rule-based","RuleFit",TRUE,"C-index",0.83976392647196,11.0999999999999,NA,22,22,0,4,14,4,0,0,0.181818181818182,0.636363636363636,0.818181818181818,2
40,"survival",1,"Purely rule-based","BRP-GABLE full",TRUE,"C-index",0.869807571130823,236.07,NA,28,27,1,5,23,0,0,0,0.178571428571429,0.821428571428571,1,1.82142857142857
40,"survival",1,"Purely rule-based","BRP-GABLE rule-only",TRUE,"C-index",0.870849692210751,240.63,NA,29,29,0,5,24,0,0,0,0.172413793103448,0.827586206896552,1,1.82758620689655
40,"survival",1,"Purely rule-based","GABLE",TRUE,"C-index",0.815253744365276,4.80000000000018,NA,5,5,0,4,1,0,0,0,0.8,0.2,1,1.2
40,"survival",1,"Purely rule-based","GBM",TRUE,"C-index",0.846687024380786,0.0399999999999636,NA,NA,NA,NA,NA,NA,NA,NA,NA,NA,NA,NA,NA
40,"survival",1,"Purely rule-based","Linear",TRUE,"C-index",0.76724346856672,0.0100000000002183,NA,20,0,20,20,0,0,0,0,1,0,1,1
40,"survival",1,"Purely rule-based","Random forest",TRUE,"C-index",0.857447530415394,0.710000000000036,NA,NA,NA,NA,NA,NA,NA,NA,NA,NA,NA,NA,NA
40,"survival",1,"Purely rule-based","RuleFit",TRUE,"C-index",0.85858659299113,18.8599999999997,NA,32,32,0,2,26,4,0,0,0.0625,0.8125,0.875,2.0625
41,"survival",1,"Purely rule-based","BRP-GABLE full",TRUE,"C-index",0.82249696969697,230.75,NA,24,24,0,8,16,0,0,0,0.333333333333333,0.666666666666667,1,1.66666666666667
41,"survival",1,"Purely rule-based","BRP-GABLE rule-only",TRUE,"C-index",0.82249696969697,230.13,NA,24,24,0,8,16,0,0,0,0.333333333333333,0.666666666666667,1,1.66666666666667
41,"survival",1,"Purely rule-based","GABLE",TRUE,"C-index",0.802933333333333,4.90999999999985,NA,5,5,0,4,1,0,0,0,0.8,0.2,1,1.2
41,"survival",1,"Purely rule-based","GBM",TRUE,"C-index",0.829721212121212,0.0299999999997453,NA,NA,NA,NA,NA,NA,NA,NA,NA,NA,NA,NA,NA
41,"survival",1,"Purely rule-based","Linear",TRUE,"C-index",0.748072727272727,0,NA,20,0,20,20,0,0,0,0,1,0,1,1
41,"survival",1,"Purely rule-based","Random forest",TRUE,"C-index",0.816242424242424,0.690000000000055,NA,NA,NA,NA,NA,NA,NA,NA,NA,NA,NA,NA,NA
41,"survival",1,"Purely rule-based","RuleFit",TRUE,"C-index",0.847806060606061,14.8600000000001,NA,33,33,0,6,27,0,0,0,0.181818181818182,0.818181818181818,1,1.81818181818182
42,"survival",1,"Purely rule-based","BRP-GABLE full",TRUE,"C-index",0.836383281989977,230.23,NA,27,27,0,8,19,0,0,0,0.296296296296296,0.703703703703704,1,1.7037037037037
42,"survival",1,"Purely rule-based","BRP-GABLE rule-only",TRUE,"C-index",0.836383281989977,229.21,NA,27,27,0,8,19,0,0,0,0.296296296296296,0.703703703703704,1,1.7037037037037
42,"survival",1,"Purely rule-based","GABLE",TRUE,"C-index",0.843808910754517,5.0600000000004,NA,5,5,0,5,0,0,0,0,1,0,1,1
42,"survival",1,"Purely rule-based","GBM",TRUE,"C-index",0.854797921743528,0.0300000000002001,NA,NA,NA,NA,NA,NA,NA,NA,NA,NA,NA,NA,NA
42,"survival",1,"Purely rule-based","Linear",TRUE,"C-index",0.770977975998897,0.0199999999999818,NA,20,0,20,20,0,0,0,0,1,0,1,1
42,"survival",1,"Purely rule-based","Random forest",TRUE,"C-index",0.820313577635753,0.6899999999996,NA,NA,NA,NA,NA,NA,NA,NA,NA,NA,NA,NA,NA
42,"survival",1,"Purely rule-based","RuleFit",TRUE,"C-index",0.855763483378546,16.4399999999996,NA,27,27,0,0,26,1,0,0,0,0.962962962962963,0.962962962962963,2.03703703703704
43,"survival",1,"Purely rule-based","BRP-GABLE full",TRUE,"C-index",0.852937030075188,237.48,NA,35,35,0,14,21,0,0,0,0.4,0.6,1,1.6
43,"survival",1,"Purely rule-based","BRP-GABLE rule-only",TRUE,"C-index",0.851503759398496,236.89,NA,36,36,0,14,22,0,0,0,0.388888888888889,0.611111111111111,1,1.61111111111111
43,"survival",1,"Purely rule-based","GABLE",TRUE,"C-index",0.83843984962406,4.91000000000031,NA,5,5,0,5,0,0,0,0,1,0,1,1
43,"survival",1,"Purely rule-based","GBM",TRUE,"C-index",0.835667293233083,0.0500000000001819,NA,NA,NA,NA,NA,NA,NA,NA,NA,NA,NA,NA,NA
43,"survival",1,"Purely rule-based","Linear",TRUE,"C-index",0.792105263157895,0,NA,20,0,20,20,0,0,0,0,1,0,1,1
43,"survival",1,"Purely rule-based","Random forest",TRUE,"C-index",0.823872180451128,0.699999999999818,NA,NA,NA,NA,NA,NA,NA,NA,NA,NA,NA,NA,NA
43,"survival",1,"Purely rule-based","RuleFit",TRUE,"C-index",0.854746240601504,22.1099999999997,NA,34,34,0,2,29,3,0,0,0.0588235294117647,0.852941176470588,0.911764705882353,2.02941176470588
44,"survival",1,"Purely rule-based","BRP-GABLE full",TRUE,"C-index",0.847612757123986,235.15,NA,35,32,3,17,18,0,0,0,0.485714285714286,0.514285714285714,1,1.51428571428571
44,"survival",1,"Purely rule-based","BRP-GABLE rule-only",TRUE,"C-index",0.84655123608228,234.329999999999,NA,35,35,0,15,20,0,0,0,0.428571428571429,0.571428571428571,1,1.57142857142857
44,"survival",1,"Purely rule-based","GABLE",TRUE,"C-index",0.821334214002642,4.96000000000004,NA,5,5,0,5,0,0,0,0,1,0,1,1
44,"survival",1,"Purely rule-based","GBM",TRUE,"C-index",0.851670126438951,0.0300000000002001,NA,NA,NA,NA,NA,NA,NA,NA,NA,NA,NA,NA,NA
44,"survival",1,"Purely rule-based","Linear",TRUE,"C-index",0.771277599547084,0.0199999999999818,NA,20,0,20,20,0,0,0,0,1,0,1,1
44,"survival",1,"Purely rule-based","Random forest",TRUE,"C-index",0.844357425929421,0.669999999999618,NA,NA,NA,NA,NA,NA,NA,NA,NA,NA,NA,NA,NA
44,"survival",1,"Purely rule-based","RuleFit",TRUE,"C-index",0.861742781656916,21.3900000000003,NA,38,38,0,5,29,4,0,0,0.131578947368421,0.763157894736842,0.894736842105263,1.97368421052632
45,"survival",1,"Purely rule-based","BRP-GABLE full",TRUE,"C-index",0.846832262117624,239.51,NA,38,38,0,20,18,0,0,0,0.526315789473684,0.473684210526316,1,1.47368421052632
45,"survival",1,"Purely rule-based","BRP-GABLE rule-only",TRUE,"C-index",0.848040400135311,238.7,NA,38,38,0,20,18,0,0,0,0.526315789473684,0.473684210526316,1,1.47368421052632
45,"survival",1,"Purely rule-based","GABLE",TRUE,"C-index",0.79560721016769,4.84000000000015,NA,5,5,0,4,1,0,0,0,0.8,0.2,1,1.2
45,"survival",1,"Purely rule-based","GBM",TRUE,"C-index",0.845938239984536,0.0199999999999818,NA,NA,NA,NA,NA,NA,NA,NA,NA,NA,NA,NA,NA
45,"survival",1,"Purely rule-based","Linear",TRUE,"C-index",0.776301164645049,0.0100000000002183,NA,20,0,20,20,0,0,0,0,1,0,1,1
45,"survival",1,"Purely rule-based","Random forest",TRUE,"C-index",0.817764461412072,0.659999999999854,NA,NA,NA,NA,NA,NA,NA,NA,NA,NA,NA,NA,NA
45,"survival",1,"Purely rule-based","RuleFit",TRUE,"C-index",0.848982747789107,22.9699999999998,NA,29,29,0,0,25,4,0,0,0,0.862068965517241,0.862068965517241,2.13793103448276
46,"survival",1,"Purely rule-based","BRP-GABLE full",TRUE,"C-index",0.829818299805321,232.93,NA,36,36,0,11,25,0,0,0,0.305555555555556,0.694444444444444,1,1.69444444444444
46,"survival",1,"Purely rule-based","BRP-GABLE rule-only",TRUE,"C-index",0.831069806248262,230.63,NA,35,35,0,11,24,0,0,0,0.314285714285714,0.685714285714286,1,1.68571428571429
46,"survival",1,"Purely rule-based","GABLE",TRUE,"C-index",0.831626031334013,4.86000000000013,NA,5,5,0,5,0,0,0,0,1,0,1,1
46,"survival",1,"Purely rule-based","GBM",TRUE,"C-index",0.839807175303606,0.0299999999997453,NA,NA,NA,NA,NA,NA,NA,NA,NA,NA,NA,NA,NA
46,"survival",1,"Purely rule-based","Linear",TRUE,"C-index",0.759200889960137,0,NA,20,0,20,20,0,0,0,0,1,0,1,1
46,"survival",1,"Purely rule-based","Random forest",TRUE,"C-index",0.827013998331325,0.730000000000018,NA,NA,NA,NA,NA,NA,NA,NA,NA,NA,NA,NA,NA
46,"survival",1,"Purely rule-based","RuleFit",TRUE,"C-index",0.856632984147585,19.77,NA,36,36,0,0,31,5,0,0,0,0.861111111111111,0.861111111111111,2.13888888888889
47,"survival",1,"Purely rule-based","BRP-GABLE full",TRUE,"C-index",0.879709788489916,233.3,NA,33,33,0,15,18,0,0,0,0.454545454545455,0.545454545454545,1,1.54545454545455
47,"survival",1,"Purely rule-based","BRP-GABLE rule-only",TRUE,"C-index",0.881283817019183,232.2,NA,33,33,0,15,18,0,0,0,0.454545454545455,0.545454545454545,1,1.54545454545455
47,"survival",1,"Purely rule-based","GABLE",TRUE,"C-index",0.837038858829316,4.86000000000013,NA,5,5,0,5,0,0,0,0,1,0,1,1
47,"survival",1,"Purely rule-based","GBM",TRUE,"C-index",0.870634530250861,0.0300000000002001,NA,NA,NA,NA,NA,NA,NA,NA,NA,NA,NA,NA,NA
47,"survival",1,"Purely rule-based","Linear",TRUE,"C-index",0.766994589276931,0.00999999999976353,NA,20,0,20,20,0,0,0,0,1,0,1,1
47,"survival",1,"Purely rule-based","Random forest",TRUE,"C-index",0.860550909985244,0.659999999999854,NA,NA,NA,NA,NA,NA,NA,NA,NA,NA,NA,NA,NA
47,"survival",1,"Purely rule-based","RuleFit",TRUE,"C-index",0.874963108706345,24.1399999999999,NA,35,35,0,1,31,3,0,0,0.0285714285714286,0.885714285714286,0.914285714285714,2.05714285714286
48,"survival",1,"Purely rule-based","BRP-GABLE full",TRUE,"C-index",0.843774491875229,235.48,NA,33,32,1,12,21,0,0,0,0.363636363636364,0.636363636363636,1,1.63636363636364
48,"survival",1,"Purely rule-based","BRP-GABLE rule-only",TRUE,"C-index",0.84330424787084,234.76,NA,33,33,0,12,21,0,0,0,0.363636363636364,0.636363636363636,1,1.63636363636364
48,"survival",1,"Purely rule-based","GABLE",TRUE,"C-index",0.826401588379748,5.02999999999975,NA,5,5,0,5,0,0,0,0,1,0,1,1
48,"survival",1,"Purely rule-based","GBM",TRUE,"C-index",0.855373843983489,0.0199999999999818,NA,NA,NA,NA,NA,NA,NA,NA,NA,NA,NA,NA,NA
48,"survival",1,"Purely rule-based","Linear",TRUE,"C-index",0.77234965254193,0.00999999999976353,NA,20,0,20,20,0,0,0,0,1,0,1,1
48,"survival",1,"Purely rule-based","Random forest",TRUE,"C-index",0.831861643764042,0.720000000000255,NA,NA,NA,NA,NA,NA,NA,NA,NA,NA,NA,NA,NA
48,"survival",1,"Purely rule-based","RuleFit",TRUE,"C-index",0.847640942577982,16.8900000000003,NA,30,30,0,1,25,4,0,0,0.0333333333333333,0.833333333333333,0.866666666666667,2.1
49,"survival",1,"Purely rule-based","BRP-GABLE full",TRUE,"C-index",0.879250936329588,242.27,NA,30,30,0,19,11,0,0,0,0.633333333333333,0.366666666666667,1,1.36666666666667
49,"survival",1,"Purely rule-based","BRP-GABLE rule-only",TRUE,"C-index",0.882721598002497,241.37,NA,33,33,0,21,12,0,0,0,0.636363636363636,0.363636363636364,1,1.36363636363636
49,"survival",1,"Purely rule-based","GABLE",TRUE,"C-index",0.865842696629213,4.62000000000035,NA,5,5,0,5,0,0,0,0,1,0,1,1
49,"survival",1,"Purely rule-based","GBM",TRUE,"C-index",0.863121098626717,0.0300000000002001,NA,NA,NA,NA,NA,NA,NA,NA,NA,NA,NA,NA,NA
49,"survival",1,"Purely rule-based","Linear",TRUE,"C-index",0.775580524344569,0.00999999999976353,NA,20,0,20,20,0,0,0,0,1,0,1,1
49,"survival",1,"Purely rule-based","Random forest",TRUE,"C-index",0.839101123595506,0.679999999999836,NA,NA,NA,NA,NA,NA,NA,NA,NA,NA,NA,NA,NA
49,"survival",1,"Purely rule-based","RuleFit",TRUE,"C-index",0.880299625468165,18.9699999999998,NA,34,34,0,1,30,3,0,0,0.0294117647058824,0.882352941176471,0.911764705882353,2.05882352941176
50,"survival",1,"Purely rule-based","BRP-GABLE full",TRUE,"C-index",0.836577338975082,235.63,NA,26,25,1,9,17,0,0,0,0.346153846153846,0.653846153846154,1,1.65384615384615
50,"survival",1,"Purely rule-based","BRP-GABLE rule-only",TRUE,"C-index",0.83911612599906,235,NA,29,29,0,11,18,0,0,0,0.379310344827586,0.620689655172414,1,1.62068965517241
50,"survival",1,"Purely rule-based","GABLE",TRUE,"C-index",0.832275505406676,4.91000000000031,NA,5,5,0,5,0,0,0,0,1,0,1,1
50,"survival",1,"Purely rule-based","GBM",TRUE,"C-index",0.832110954395863,0.0300000000002001,NA,NA,NA,NA,NA,NA,NA,NA,NA,NA,NA,NA,NA
50,"survival",1,"Purely rule-based","Linear",TRUE,"C-index",0.747202632816173,0,NA,20,0,20,20,0,0,0,0,1,0,1,1
50,"survival",1,"Purely rule-based","Random forest",TRUE,"C-index",0.820874471086037,0.659999999999854,NA,NA,NA,NA,NA,NA,NA,NA,NA,NA,NA,NA,NA
50,"survival",1,"Purely rule-based","RuleFit",TRUE,"C-index",0.852938410907381,27.6099999999997,NA,32,32,0,0,28,4,0,0,0,0.875,0.875,2.125
51,"survival",1,"Purely rule-based","BRP-GABLE full",TRUE,"C-index",0.837734145791018,231.14,NA,31,31,0,13,18,0,0,0,0.419354838709677,0.580645161290323,1,1.58064516129032
51,"survival",1,"Purely rule-based","BRP-GABLE rule-only",TRUE,"C-index",0.838794854434665,230.340000000001,NA,32,32,0,14,18,0,0,0,0.4375,0.5625,1,1.5625
51,"survival",1,"Purely rule-based","GABLE",TRUE,"C-index",0.806522229744979,4.77999999999975,NA,5,5,0,5,0,0,0,0,1,0,1,1
51,"survival",1,"Purely rule-based","GBM",TRUE,"C-index",0.846264951478222,0.0199999999999818,NA,NA,NA,NA,NA,NA,NA,NA,NA,NA,NA,NA,NA
51,"survival",1,"Purely rule-based","Linear",TRUE,"C-index",0.77309862333559,0.0199999999999818,NA,20,0,20,20,0,0,0,0,1,0,1,1
51,"survival",1,"Purely rule-based","Random forest",TRUE,"C-index",0.832046941999549,0.590000000000146,NA,NA,NA,NA,NA,NA,NA,NA,NA,NA,NA,NA,NA
51,"survival",1,"Purely rule-based","RuleFit",TRUE,"C-index",0.843285939968404,20.5799999999999,NA,24,24,0,0,22,2,0,0,0,0.916666666666667,0.916666666666667,2.08333333333333
52,"survival",1,"Purely rule-based","BRP-GABLE full",TRUE,"C-index",0.853923205342237,226.36,NA,32,32,0,5,27,0,0,0,0.15625,0.84375,1,1.84375
52,"survival",1,"Purely rule-based","BRP-GABLE rule-only",TRUE,"C-index",0.854352492248986,224.94,NA,32,32,0,5,27,0,0,0,0.15625,0.84375,1,1.84375
52,"survival",1,"Purely rule-based","GABLE",TRUE,"C-index",0.805485332697353,4.14000000000033,NA,5,5,0,4,1,0,0,0,0.8,0.2,1,1.2
52,"survival",1,"Purely rule-based","GBM",TRUE,"C-index",0.833627474362032,0.0199999999999818,NA,NA,NA,NA,NA,NA,NA,NA,NA,NA,NA,NA,NA
52,"survival",1,"Purely rule-based","Linear",TRUE,"C-index",0.772477939422848,0.00999999999976353,NA,20,0,20,20,0,0,0,0,1,0,1,1
52,"survival",1,"Purely rule-based","Random forest",TRUE,"C-index",0.828523730026234,0.670000000000073,NA,NA,NA,NA,NA,NA,NA,NA,NA,NA,NA,NA,NA
52,"survival",1,"Purely rule-based","RuleFit",TRUE,"C-index",0.865561650369664,21.7799999999997,NA,25,25,0,1,22,2,0,0,0.04,0.88,0.92,2.04
53,"survival",1,"Purely rule-based","BRP-GABLE full",TRUE,"C-index",0.835997618175156,250.19,NA,30,30,0,12,18,0,0,0,0.4,0.6,1,1.6
53,"survival",1,"Purely rule-based","BRP-GABLE rule-only",TRUE,"C-index",0.835997618175156,247.36,NA,30,30,0,12,18,0,0,0,0.4,0.6,1,1.6
53,"survival",1,"Purely rule-based","GABLE",TRUE,"C-index",0.834531879809454,4.88999999999987,NA,5,5,0,5,0,0,0,0,1,0,1,1
53,"survival",1,"Purely rule-based","GBM",TRUE,"C-index",0.84531879809454,0.0199999999999818,NA,NA,NA,NA,NA,NA,NA,NA,NA,NA,NA,NA,NA
53,"survival",1,"Purely rule-based","Linear",TRUE,"C-index",0.758519604250641,0.0100000000002183,NA,20,0,20,20,0,0,0,0,1,0,1,1
53,"survival",1,"Purely rule-based","Random forest",TRUE,"C-index",0.832081348479296,0.670000000000073,NA,NA,NA,NA,NA,NA,NA,NA,NA,NA,NA,NA,NA
53,"survival",1,"Purely rule-based","RuleFit",TRUE,"C-index",0.843624038109198,19.3000000000002,NA,25,25,0,0,23,2,0,0,0,0.92,0.92,2.08
54,"survival",1,"Purely rule-based","BRP-GABLE full",TRUE,"C-index",0.838086065958846,235.27,NA,37,37,0,21,16,0,0,0,0.567567567567568,0.432432432432432,1,1.43243243243243
54,"survival",1,"Purely rule-based","BRP-GABLE rule-only",TRUE,"C-index",0.840810861599173,241.26,NA,36,36,0,20,16,0,0,0,0.555555555555556,0.444444444444444,1,1.44444444444444
54,"survival",1,"Purely rule-based","GABLE",TRUE,"C-index",0.772855397914122,4.46000000000004,NA,5,5,0,4,1,0,0,0,0.8,0.2,1,1.2
54,"survival",1,"Purely rule-based","GBM",TRUE,"C-index",0.832331109649535,0.0300000000002001,NA,NA,NA,NA,NA,NA,NA,NA,NA,NA,NA,NA,NA
54,"survival",1,"Purely rule-based","Linear",TRUE,"C-index",0.737667950765762,0.0199999999999818,NA,20,0,20,20,0,0,0,0,1,0,1,1
54,"survival",1,"Purely rule-based","Random forest",TRUE,"C-index",0.800573146669172,0.669999999999618,NA,NA,NA,NA,NA,NA,NA,NA,NA,NA,NA,NA,NA
54,"survival",1,"Purely rule-based","RuleFit",TRUE,"C-index",0.837686742459833,22.8900000000003,NA,40,40,0,0,30,10,0,0,0,0.75,0.75,2.25
55,"survival",1,"Purely rule-based","BRP-GABLE full",TRUE,"C-index",0.850618021412489,244.32,NA,34,32,2,25,9,0,0,0,0.735294117647059,0.264705882352941,1,1.26470588235294
55,"survival",1,"Purely rule-based","BRP-GABLE rule-only",TRUE,"C-index",0.850939668244268,243.55,NA,34,34,0,25,9,0,0,0,0.735294117647059,0.264705882352941,1,1.26470588235294
55,"survival",1,"Purely rule-based","GABLE",TRUE,"C-index",0.835293847355604,4.90999999999985,NA,5,5,0,5,0,0,0,0,1,0,1,1
55,"survival",1,"Purely rule-based","GBM",TRUE,"C-index",0.84969903046455,0.0500000000001819,NA,NA,NA,NA,NA,NA,NA,NA,NA,NA,NA,NA,NA
55,"survival",1,"Purely rule-based","Linear",TRUE,"C-index",0.766851996507834,0.0199999999999818,NA,20,0,20,20,0,0,0,0,1,0,1,1
55,"survival",1,"Purely rule-based","Random forest",TRUE,"C-index",0.848136745853053,0.699999999999818,NA,NA,NA,NA,NA,NA,NA,NA,NA,NA,NA,NA,NA
55,"survival",1,"Purely rule-based","RuleFit",TRUE,"C-index",0.855833295042044,19.8400000000001,NA,34,34,0,3,29,2,0,0,0.0882352941176471,0.852941176470588,0.941176470588235,1.97058823529412
56,"survival",1,"Purely rule-based","BRP-GABLE full",TRUE,"C-index",0.866369062060265,241.02,NA,27,27,0,13,14,0,0,0,0.481481481481481,0.518518518518518,1,1.51851851851852
56,"survival",1,"Purely rule-based","BRP-GABLE rule-only",TRUE,"C-index",0.871245572322772,240.02,NA,32,32,0,17,15,0,0,0,0.53125,0.46875,1,1.46875
56,"survival",1,"Purely rule-based","GABLE",TRUE,"C-index",0.839220728807802,4.90000000000009,NA,5,5,0,5,0,0,0,0,1,0,1,1
56,"survival",1,"Purely rule-based","GBM",TRUE,"C-index",0.846571886069193,0.0299999999997453,NA,NA,NA,NA,NA,NA,NA,NA,NA,NA,NA,NA,NA
56,"survival",1,"Purely rule-based","Linear",TRUE,"C-index",0.771119413848319,0.0100000000002183,NA,20,0,20,20,0,0,0,0,1,0,1,1
56,"survival",1,"Purely rule-based","Random forest",TRUE,"C-index",0.824736765490805,0.710000000000036,NA,NA,NA,NA,NA,NA,NA,NA,NA,NA,NA,NA,NA
56,"survival",1,"Purely rule-based","RuleFit",TRUE,"C-index",0.85537871803581,17.3800000000001,NA,25,25,0,1,16,8,0,0,0.04,0.64,0.68,2.28
57,"survival",1,"Purely rule-based","BRP-GABLE full",TRUE,"C-index",0.853844051739843,241.34,NA,39,39,0,20,19,0,0,0,0.512820512820513,0.487179487179487,1,1.48717948717949
57,"survival",1,"Purely rule-based","BRP-GABLE rule-only",TRUE,"C-index",0.853844051739843,239.87,NA,39,39,0,20,19,0,0,0,0.512820512820513,0.487179487179487,1,1.48717948717949
57,"survival",1,"Purely rule-based","GABLE",TRUE,"C-index",0.796798141738021,4.84000000000015,NA,5,5,0,5,0,0,0,0,1,0,1,1
57,"survival",1,"Purely rule-based","GBM",TRUE,"C-index",0.843186372745491,0.0399999999999636,NA,NA,NA,NA,NA,NA,NA,NA,NA,NA,NA,NA,NA
57,"survival",1,"Purely rule-based","Linear",TRUE,"C-index",0.787848424120969,0,NA,20,0,20,20,0,0,0,0,1,0,1,1
57,"survival",1,"Purely rule-based","Random forest",TRUE,"C-index",0.835807979595555,0.650000000000091,NA,NA,NA,NA,NA,NA,NA,NA,NA,NA,NA,NA,NA
57,"survival",1,"Purely rule-based","RuleFit",TRUE,"C-index",0.851680633995263,22.4400000000001,NA,35,35,0,0,34,1,0,0,0,0.971428571428571,0.971428571428571,2.02857142857143
58,"survival",1,"Purely rule-based","BRP-GABLE full",TRUE,"C-index",0.802715193529752,239.81,NA,29,29,0,13,16,0,0,0,0.448275862068966,0.551724137931034,1,1.55172413793103
58,"survival",1,"Purely rule-based","BRP-GABLE rule-only",TRUE,"C-index",0.802715193529752,239.5,NA,29,29,0,13,16,0,0,0,0.448275862068966,0.551724137931034,1,1.55172413793103
58,"survival",1,"Purely rule-based","GABLE",TRUE,"C-index",0.824201217615429,4.65999999999985,NA,5,5,0,5,0,0,0,0,1,0,1,1
58,"survival",1,"Purely rule-based","GBM",TRUE,"C-index",0.844154112784962,0.0100000000002183,NA,NA,NA,NA,NA,NA,NA,NA,NA,NA,NA,NA,NA
58,"survival",1,"Purely rule-based","Linear",TRUE,"C-index",0.737368350886549,0.0199999999999818,NA,20,0,20,20,0,0,0,0,1,0,1,1
58,"survival",1,"Purely rule-based","Random forest",TRUE,"C-index",0.814646935964094,0.670000000000073,NA,NA,NA,NA,NA,NA,NA,NA,NA,NA,NA,NA,NA
58,"survival",1,"Purely rule-based","RuleFit",TRUE,"C-index",0.831111407367906,16.9099999999999,NA,26,26,0,4,21,1,0,0,0.153846153846154,0.807692307692308,0.961538461538462,1.88461538461538
59,"survival",1,"Purely rule-based","BRP-GABLE full",TRUE,"C-index",0.822575523904563,230.27,NA,37,37,0,18,19,0,0,0,0.486486486486487,0.513513513513513,1,1.51351351351351
59,"survival",1,"Purely rule-based","BRP-GABLE rule-only",TRUE,"C-index",0.822575523904563,231.43,NA,37,37,0,18,19,0,0,0,0.486486486486487,0.513513513513513,1,1.51351351351351
59,"survival",1,"Purely rule-based","GABLE",TRUE,"C-index",0.803728567540597,4.47000000000025,NA,5,5,0,5,0,0,0,0,1,0,1,1
59,"survival",1,"Purely rule-based","GBM",TRUE,"C-index",0.829538238229157,0.0100000000002183,NA,NA,NA,NA,NA,NA,NA,NA,NA,NA,NA,NA,NA
59,"survival",1,"Purely rule-based","Linear",TRUE,"C-index",0.726889231606641,0.0199999999999818,NA,20,0,20,20,0,0,0,0,1,0,1,1
59,"survival",1,"Purely rule-based","Random forest",TRUE,"C-index",0.800598748072213,0.639999999999873,NA,NA,NA,NA,NA,NA,NA,NA,NA,NA,NA,NA,NA
59,"survival",1,"Purely rule-based","RuleFit",TRUE,"C-index",0.833303093531707,15.9399999999996,NA,25,25,0,3,20,2,0,0,0.12,0.8,0.92,1.96
60,"survival",1,"Purely rule-based","BRP-GABLE full",TRUE,"C-index",0.827964139697552,254.02,NA,40,40,0,21,19,0,0,0,0.525,0.475,1,1.475
60,"survival",1,"Purely rule-based","BRP-GABLE rule-only",TRUE,"C-index",0.827964139697552,269.89,NA,40,40,0,21,19,0,0,0,0.525,0.475,1,1.475
60,"survival",1,"Purely rule-based","GABLE",TRUE,"C-index",0.783064873651544,4.77999999999975,NA,5,5,0,5,0,0,0,0,1,0,1,1
60,"survival",1,"Purely rule-based","GBM",TRUE,"C-index",0.808630116743018,0.0300000000002001,NA,NA,NA,NA,NA,NA,NA,NA,NA,NA,NA,NA,NA
60,"survival",1,"Purely rule-based","Linear",TRUE,"C-index",0.744544603714103,0,NA,20,0,20,20,0,0,0,0,1,0,1,1
60,"survival",1,"Purely rule-based","Random forest",TRUE,"C-index",0.807300132998374,0.690000000000055,NA,NA,NA,NA,NA,NA,NA,NA,NA,NA,NA,NA,NA
60,"survival",1,"Purely rule-based","RuleFit",TRUE,"C-index",0.82407270577804,21.8699999999999,NA,31,31,0,0,29,2,0,0,0,0.935483870967742,0.935483870967742,2.06451612903226
61,"survival",1,"Purely rule-based","BRP-GABLE full",TRUE,"C-index",0.842759965750167,228.64,NA,32,32,0,12,20,0,0,0,0.375,0.625,1,1.625
61,"survival",1,"Purely rule-based","BRP-GABLE rule-only",TRUE,"C-index",0.843711350014271,228.09,NA,33,33,0,14,19,0,0,0,0.424242424242424,0.575757575757576,1,1.57575757575758
61,"survival",1,"Purely rule-based","GABLE",TRUE,"C-index",0.826871848539625,4.99000000000024,NA,5,5,0,5,0,0,0,0,1,0,1,1
61,"survival",1,"Purely rule-based","GBM",TRUE,"C-index",0.850299686043193,0.0300000000002001,NA,NA,NA,NA,NA,NA,NA,NA,NA,NA,NA,NA,NA
61,"survival",1,"Purely rule-based","Linear",TRUE,"C-index",0.778327466463705,0.0199999999999818,NA,20,0,20,20,0,0,0,0,1,0,1,1
61,"survival",1,"Purely rule-based","Random forest",TRUE,"C-index",0.843402150128437,0.649999999999636,NA,NA,NA,NA,NA,NA,NA,NA,NA,NA,NA,NA,NA
61,"survival",1,"Purely rule-based","RuleFit",TRUE,"C-index",0.854533346018457,19.6199999999999,NA,25,25,0,0,24,1,0,0,0,0.96,0.96,2.04
62,"survival",1,"Purely rule-based","BRP-GABLE full",TRUE,"C-index",0.836154831625183,222.91,NA,36,36,0,11,25,0,0,0,0.305555555555556,0.694444444444444,1,1.69444444444444
62,"survival",1,"Purely rule-based","BRP-GABLE rule-only",TRUE,"C-index",0.836154831625183,222.39,NA,36,36,0,11,25,0,0,0,0.305555555555556,0.694444444444444,1,1.69444444444444
62,"survival",1,"Purely rule-based","GABLE",TRUE,"C-index",0.823458089311859,4.94000000000005,NA,5,5,0,5,0,0,0,0,1,0,1,1
62,"survival",1,"Purely rule-based","GBM",TRUE,"C-index",0.841782576866764,0.0299999999997453,NA,NA,NA,NA,NA,NA,NA,NA,NA,NA,NA,NA,NA
62,"survival",1,"Purely rule-based","Linear",TRUE,"C-index",0.764229502196193,0.0199999999999818,NA,20,0,20,20,0,0,0,0,1,0,1,1
62,"survival",1,"Purely rule-based","Random forest",TRUE,"C-index",0.827873352855051,0.670000000000073,NA,NA,NA,NA,NA,NA,NA,NA,NA,NA,NA,NA,NA
62,"survival",1,"Purely rule-based","RuleFit",TRUE,"C-index",0.848188140556369,17.5,NA,26,26,0,0,24,2,0,0,0,0.923076923076923,0.923076923076923,2.07692307692308
63,"survival",1,"Purely rule-based","BRP-GABLE full",TRUE,"C-index",0.86595949855352,241.5,NA,33,33,0,18,15,0,0,0,0.545454545454545,0.454545454545455,1,1.45454545454545
63,"survival",1,"Purely rule-based","BRP-GABLE rule-only",TRUE,"C-index",0.866005418560867,240.9,NA,34,34,0,18,16,0,0,0,0.529411764705882,0.470588235294118,1,1.47058823529412
63,"survival",1,"Purely rule-based","GABLE",TRUE,"C-index",0.836387013821922,5,NA,5,5,0,5,0,0,0,0,1,0,1,1
63,"survival",1,"Purely rule-based","GBM",TRUE,"C-index",0.849428295908527,0.0299999999997453,NA,NA,NA,NA,NA,NA,NA,NA,NA,NA,NA,NA,NA
63,"survival",1,"Purely rule-based","Linear",TRUE,"C-index",0.791752766680443,0,NA,20,0,20,20,0,0,0,0,1,0,1,1
63,"survival",1,"Purely rule-based","Random forest",TRUE,"C-index",0.831840933094549,0.670000000000073,NA,NA,NA,NA,NA,NA,NA,NA,NA,NA,NA,NA,NA
63,"survival",1,"Purely rule-based","RuleFit",TRUE,"C-index",0.858956697433072,16.4699999999998,NA,23,23,0,2,19,2,0,0,0.0869565217391304,0.826086956521739,0.91304347826087,2
64,"survival",1,"Purely rule-based","BRP-GABLE full",TRUE,"C-index",0.850817878983742,239.429999999999,NA,29,29,0,18,11,0,0,0,0.620689655172414,0.379310344827586,1,1.37931034482759
64,"survival",1,"Purely rule-based","BRP-GABLE rule-only",TRUE,"C-index",0.850072092676379,239.1,NA,29,29,0,18,11,0,0,0,0.620689655172414,0.379310344827586,1,1.37931034482759
64,"survival",1,"Purely rule-based","GABLE",TRUE,"C-index",0.832372097648287,4.72000000000025,NA,5,5,0,5,0,0,0,0,1,0,1,1
64,"survival",1,"Purely rule-based","GBM",TRUE,"C-index",0.850395266742903,0.0499999999997272,NA,NA,NA,NA,NA,NA,NA,NA,NA,NA,NA,NA,NA
64,"survival",1,"Purely rule-based","Linear",TRUE,"C-index",0.778004275841496,0,NA,20,0,20,20,0,0,0,0,1,0,1,1
64,"survival",1,"Purely rule-based","Random forest",TRUE,"C-index",0.834385720678168,0.650000000000091,NA,NA,NA,NA,NA,NA,NA,NA,NA,NA,NA,NA,NA
64,"survival",1,"Purely rule-based","RuleFit",TRUE,"C-index",0.869238800775618,13.0499999999997,NA,28,28,0,3,23,2,0,0,0.107142857142857,0.821428571428571,0.928571428571429,1.96428571428571
65,"survival",1,"Purely rule-based","BRP-GABLE full",TRUE,"C-index",0.851716911939801,227.29,NA,40,40,0,17,23,0,0,0,0.425,0.575,1,1.575
65,"survival",1,"Purely rule-based","BRP-GABLE rule-only",TRUE,"C-index",0.853336190884412,225.86,NA,40,40,0,17,23,0,0,0,0.425,0.575,1,1.575
65,"survival",1,"Purely rule-based","GABLE",TRUE,"C-index",0.82004572081726,4.98999999999978,NA,5,5,0,5,0,0,0,0,1,0,1,1
65,"survival",1,"Purely rule-based","GBM",TRUE,"C-index",0.840977282468924,0.0199999999999818,NA,NA,NA,NA,NA,NA,NA,NA,NA,NA,NA,NA,NA
65,"survival",1,"Purely rule-based","Linear",TRUE,"C-index",0.761870743439539,0.00999999999976353,NA,20,0,20,20,0,0,0,0,1,0,1,1
65,"survival",1,"Purely rule-based","Random forest",TRUE,"C-index",0.852455112635138,0.590000000000146,NA,NA,NA,NA,NA,NA,NA,NA,NA,NA,NA,NA,NA
65,"survival",1,"Purely rule-based","RuleFit",TRUE,"C-index",0.865195027861123,16.9200000000001,NA,32,32,0,5,27,0,0,0,0.15625,0.84375,1,1.84375
66,"survival",1,"Purely rule-based","BRP-GABLE full",TRUE,"C-index",0.843711452114274,228.43,NA,33,33,0,16,17,0,0,0,0.484848484848485,0.515151515151515,1,1.51515151515152
66,"survival",1,"Purely rule-based","BRP-GABLE rule-only",TRUE,"C-index",0.847436719790793,234.48,NA,35,35,0,18,17,0,0,0,0.514285714285714,0.485714285714286,1,1.48571428571429
66,"survival",1,"Purely rule-based","GABLE",TRUE,"C-index",0.78252824789066,5.05999999999995,NA,5,5,0,5,0,0,0,0,1,0,1,1
66,"survival",1,"Purely rule-based","GBM",TRUE,"C-index",0.845068337691814,0.0300000000002001,NA,NA,NA,NA,NA,NA,NA,NA,NA,NA,NA,NA,NA
66,"survival",1,"Purely rule-based","Linear",TRUE,"C-index",0.783786450880742,0.0199999999999818,NA,20,0,20,20,0,0,0,0,1,0,1,1
66,"survival",1,"Purely rule-based","Random forest",TRUE,"C-index",0.822322001282874,0.629999999999654,NA,NA,NA,NA,NA,NA,NA,NA,NA,NA,NA,NA,NA
66,"survival",1,"Purely rule-based","RuleFit",TRUE,"C-index",0.842699955592836,17.4700000000003,NA,23,23,0,3,20,0,0,0,0.130434782608696,0.869565217391304,1,1.8695652173913
67,"survival",1,"Purely rule-based","BRP-GABLE full",TRUE,"C-index",0.833688353785599,236.95,NA,28,28,0,13,15,0,0,0,0.464285714285714,0.535714285714286,1,1.53571428571429
67,"survival",1,"Purely rule-based","BRP-GABLE rule-only",TRUE,"C-index",0.835957397545728,236.329999999999,NA,28,28,0,13,15,0,0,0,0.464285714285714,0.535714285714286,1,1.53571428571429
67,"survival",1,"Purely rule-based","GABLE",TRUE,"C-index",0.818545959712897,4.63999999999987,NA,5,5,0,5,0,0,0,0,1,0,1,1
67,"survival",1,"Purely rule-based","GBM",TRUE,"C-index",0.827089604075017,0.0300000000002001,NA,NA,NA,NA,NA,NA,NA,NA,NA,NA,NA,NA,NA
67,"survival",1,"Purely rule-based","Linear",TRUE,"C-index",0.718314424635332,0,NA,20,0,20,20,0,0,0,0,1,0,1,1
67,"survival",1,"Purely rule-based","Random forest",TRUE,"C-index",0.796712201898588,0.690000000000055,NA,NA,NA,NA,NA,NA,NA,NA,NA,NA,NA,NA,NA
67,"survival",1,"Purely rule-based","RuleFit",TRUE,"C-index",0.842301458670989,19.8400000000001,NA,29,29,0,3,22,4,0,0,0.103448275862069,0.758620689655172,0.862068965517241,2.03448275862069
68,"survival",1,"Purely rule-based","BRP-GABLE full",TRUE,"C-index",0.851275117721106,234.25,NA,35,34,1,18,17,0,0,0,0.514285714285714,0.485714285714286,1,1.48571428571429
68,"survival",1,"Purely rule-based","BRP-GABLE rule-only",TRUE,"C-index",0.851391673271481,240.79,NA,36,36,0,19,17,0,0,0,0.527777777777778,0.472222222222222,1,1.47222222222222
68,"survival",1,"Purely rule-based","GABLE",TRUE,"C-index",0.78299687631125,4.05999999999995,NA,5,5,0,4,1,0,0,0,0.8,0.2,1,1.2
68,"survival",1,"Purely rule-based","GBM",TRUE,"C-index",0.826611963261691,0.00999999999976353,NA,NA,NA,NA,NA,NA,NA,NA,NA,NA,NA,NA,NA
68,"survival",1,"Purely rule-based","Linear",TRUE,"C-index",0.738402722737657,0.0199999999999818,NA,20,0,20,20,0,0,0,0,1,0,1,1
68,"survival",1,"Purely rule-based","Random forest",TRUE,"C-index",0.81528276376521,0.640000000000327,NA,NA,NA,NA,NA,NA,NA,NA,NA,NA,NA,NA,NA
68,"survival",1,"Purely rule-based","RuleFit",TRUE,"C-index",0.861112406172782,17.6599999999999,NA,22,22,0,0,21,1,0,0,0,0.954545454545455,0.954545454545455,2.04545454545455
69,"survival",1,"Purely rule-based","BRP-GABLE full",TRUE,"C-index",0.837277147487844,242.17,NA,50,49,1,27,23,0,0,0,0.54,0.46,1,1.46
69,"survival",1,"Purely rule-based","BRP-GABLE rule-only",TRUE,"C-index",0.838295901829127,241.56,NA,51,51,0,26,25,0,0,0,0.509803921568627,0.490196078431373,1,1.49019607843137
69,"survival",1,"Purely rule-based","GABLE",TRUE,"C-index",0.829891178513545,4.80999999999995,NA,5,5,0,5,0,0,0,0,1,0,1,1
69,"survival",1,"Purely rule-based","GBM",TRUE,"C-index",0.846909006714517,0.0399999999999636,NA,NA,NA,NA,NA,NA,NA,NA,NA,NA,NA,NA,NA
69,"survival",1,"Purely rule-based","Linear",TRUE,"C-index",0.760361194721,0,NA,20,0,20,20,0,0,0,0,1,0,1,1
69,"survival",1,"Purely rule-based","Random forest",TRUE,"C-index",0.815420236165779,0.619999999999891,NA,NA,NA,NA,NA,NA,NA,NA,NA,NA,NA,NA,NA
69,"survival",1,"Purely rule-based","RuleFit",TRUE,"C-index",0.837948599212781,19.6100000000001,NA,44,44,0,3,37,4,0,0,0.0681818181818182,0.840909090909091,0.909090909090909,2.02272727272727
70,"survival",1,"Purely rule-based","BRP-GABLE full",TRUE,"C-index",0.830124414589148,227.53,NA,25,25,0,4,21,0,0,0,0.16,0.84,1,1.84
70,"survival",1,"Purely rule-based","BRP-GABLE rule-only",TRUE,"C-index",0.830124414589148,226.67,NA,25,25,0,4,21,0,0,0,0.16,0.84,1,1.84
70,"survival",1,"Purely rule-based","GABLE",TRUE,"C-index",0.833010076162543,5.07000000000016,NA,5,5,0,5,0,0,0,0,1,0,1,1
70,"survival",1,"Purely rule-based","GBM",TRUE,"C-index",0.82544112777331,0.00999999999976353,NA,NA,NA,NA,NA,NA,NA,NA,NA,NA,NA,NA,NA
70,"survival",1,"Purely rule-based","Linear",TRUE,"C-index",0.771228534935427,0.0199999999999818,NA,20,0,20,20,0,0,0,0,1,0,1,1
70,"survival",1,"Purely rule-based","Random forest",TRUE,"C-index",0.81285775107621,0.75,NA,NA,NA,NA,NA,NA,NA,NA,NA,NA,NA,NA,NA
70,"survival",1,"Purely rule-based","RuleFit",TRUE,"C-index",0.827073182269738,18.6100000000001,NA,24,24,0,0,24,0,0,0,0,1,1,2
71,"survival",1,"Purely rule-based","BRP-GABLE full",TRUE,"C-index",0.821520531237295,230.96,NA,34,34,0,12,22,0,0,0,0.352941176470588,0.647058823529412,1,1.64705882352941
71,"survival",1,"Purely rule-based","BRP-GABLE rule-only",TRUE,"C-index",0.826738040384876,228.890000000001,NA,37,37,0,15,22,0,0,0,0.405405405405405,0.594594594594595,1,1.59459459459459
71,"survival",1,"Purely rule-based","GABLE",TRUE,"C-index",0.76119167005466,4.89000000000033,NA,5,5,0,5,0,0,0,0,1,0,1,1
71,"survival",1,"Purely rule-based","GBM",TRUE,"C-index",0.81993946785924,0.0199999999995271,NA,NA,NA,NA,NA,NA,NA,NA,NA,NA,NA,NA,NA
71,"survival",1,"Purely rule-based","Linear",TRUE,"C-index",0.737317613046031,0.0100000000002183,NA,20,0,20,20,0,0,0,0,1,0,1,1
71,"survival",1,"Purely rule-based","Random forest",TRUE,"C-index",0.767041604553462,0.770000000000437,NA,NA,NA,NA,NA,NA,NA,NA,NA,NA,NA,NA,NA
71,"survival",1,"Purely rule-based","RuleFit",TRUE,"C-index",0.819781361521435,15.0899999999992,NA,21,21,0,0,19,2,0,0,0,0.904761904761905,0.904761904761905,2.0952380952381
72,"survival",1,"Purely rule-based","BRP-GABLE full",TRUE,"C-index",0.818446023150678,244.18,NA,26,26,0,15,11,0,0,0,0.576923076923077,0.423076923076923,1,1.42307692307692
72,"survival",1,"Purely rule-based","BRP-GABLE rule-only",TRUE,"C-index",0.821377117591535,243.73,NA,29,29,0,17,12,0,0,0,0.586206896551724,0.413793103448276,1,1.41379310344828
72,"survival",1,"Purely rule-based","GABLE",TRUE,"C-index",0.80443638531472,4.72000000000025,NA,5,5,0,5,0,0,0,0,1,0,1,1
72,"survival",1,"Purely rule-based","GBM",TRUE,"C-index",0.832629539470416,0.0299999999997453,NA,NA,NA,NA,NA,NA,NA,NA,NA,NA,NA,NA,NA
72,"survival",1,"Purely rule-based","Linear",TRUE,"C-index",0.723831288191167,0,NA,20,0,20,20,0,0,0,0,1,0,1,1
72,"survival",1,"Purely rule-based","Random forest",TRUE,"C-index",0.810770530080978,0.6899999999996,NA,NA,NA,NA,NA,NA,NA,NA,NA,NA,NA,NA,NA
72,"survival",1,"Purely rule-based","RuleFit",TRUE,"C-index",0.82363753788067,17.3900000000003,NA,24,24,0,0,23,1,0,0,0,0.958333333333333,0.958333333333333,2.04166666666667
73,"survival",1,"Purely rule-based","BRP-GABLE full",TRUE,"C-index",0.845839210155148,238.339999999999,NA,43,42,1,22,21,0,0,0,0.511627906976744,0.488372093023256,1,1.48837209302326
73,"survival",1,"Purely rule-based","BRP-GABLE rule-only",TRUE,"C-index",0.847132110954396,237.559999999999,NA,43,43,0,22,21,0,0,0,0.511627906976744,0.488372093023256,1,1.48837209302326
73,"survival",1,"Purely rule-based","GABLE",TRUE,"C-index",0.819863657733898,4.40999999999985,NA,5,5,0,5,0,0,0,0,1,0,1,1
73,"survival",1,"Purely rule-based","GBM",TRUE,"C-index",0.842313117066291,0.0399999999999636,NA,NA,NA,NA,NA,NA,NA,NA,NA,NA,NA,NA,NA
73,"survival",1,"Purely rule-based","Linear",TRUE,"C-index",0.761589092618712,0.0100000000002183,NA,20,0,20,20,0,0,0,0,1,0,1,1
73,"survival",1,"Purely rule-based","Random forest",TRUE,"C-index",0.818194640338505,0.679999999999382,NA,NA,NA,NA,NA,NA,NA,NA,NA,NA,NA,NA,NA
73,"survival",1,"Purely rule-based","RuleFit",TRUE,"C-index",0.846238834038552,17.4100000000008,NA,29,29,0,2,23,4,0,0,0.0689655172413793,0.793103448275862,0.862068965517241,2.06896551724138
74,"survival",1,"Purely rule-based","BRP-GABLE full",TRUE,"C-index",0.848430881786677,237.509999999999,NA,38,38,0,25,13,0,0,0,0.657894736842105,0.342105263157895,1,1.34210526315789
74,"survival",1,"Purely rule-based","BRP-GABLE rule-only",TRUE,"C-index",0.850452445128995,237.05,NA,39,39,0,26,13,0,0,0,0.666666666666667,0.333333333333333,1,1.33333333333333
74,"survival",1,"Purely rule-based","GABLE",TRUE,"C-index",0.802103388525221,4.86999999999989,NA,5,5,0,5,0,0,0,0,1,0,1,1
74,"survival",1,"Purely rule-based","GBM",TRUE,"C-index",0.845446669233731,0.00999999999930878,NA,NA,NA,NA,NA,NA,NA,NA,NA,NA,NA,NA,NA
74,"survival",1,"Purely rule-based","Linear",TRUE,"C-index",0.762706969580285,0.0200000000004366,NA,20,0,20,20,0,0,0,0,1,0,1,1
74,"survival",1,"Purely rule-based","Random forest",TRUE,"C-index",0.833606083943011,0.710000000000036,NA,NA,NA,NA,NA,NA,NA,NA,NA,NA,NA,NA,NA
74,"survival",1,"Purely rule-based","RuleFit",TRUE,"C-index",0.839694840200231,21.3100000000004,NA,40,40,0,4,35,1,0,0,0.1,0.875,0.975,1.925
75,"survival",1,"Purely rule-based","BRP-GABLE full",TRUE,"C-index",0.837370966241979,250.99,NA,35,35,0,15,20,0,0,0,0.428571428571429,0.571428571428571,1,1.57142857142857
75,"survival",1,"Purely rule-based","BRP-GABLE rule-only",TRUE,"C-index",0.838579931181996,242.19,NA,35,35,0,15,20,0,0,0,0.428571428571429,0.571428571428571,1,1.57142857142857
75,"survival",1,"Purely rule-based","GABLE",TRUE,"C-index",0.793917976378685,4.92000000000007,NA,5,5,0,4,1,0,0,0,0.8,0.2,1,1.2
75,"survival",1,"Purely rule-based","GBM",TRUE,"C-index",0.849530363619455,0.0299999999997453,NA,NA,NA,NA,NA,NA,NA,NA,NA,NA,NA,NA,NA
75,"survival",1,"Purely rule-based","Linear",TRUE,"C-index",0.750348739886543,0,NA,20,0,20,20,0,0,0,0,1,0,1,1
75,"survival",1,"Purely rule-based","Random forest",TRUE,"C-index",0.826188040546824,0.670000000000073,NA,NA,NA,NA,NA,NA,NA,NA,NA,NA,NA,NA,NA
75,"survival",1,"Purely rule-based","RuleFit",TRUE,"C-index",0.844020273412071,19.2799999999997,NA,30,30,0,0,24,6,0,0,0,0.8,0.8,2.2
76,"survival",1,"Purely rule-based","BRP-GABLE full",TRUE,"C-index",0.831715210355987,229.05,NA,29,29,0,11,18,0,0,0,0.379310344827586,0.620689655172414,1,1.62068965517241
76,"survival",1,"Purely rule-based","BRP-GABLE rule-only",TRUE,"C-index",0.831715210355987,229.64,NA,29,29,0,11,18,0,0,0,0.379310344827586,0.620689655172414,1,1.62068965517241
76,"survival",1,"Purely rule-based","GABLE",TRUE,"C-index",0.83581593296981,4.67999999999938,NA,5,5,0,5,0,0,0,0,1,0,1,1
76,"survival",1,"Purely rule-based","GBM",TRUE,"C-index",0.84452719776566,0.0300000000006548,NA,NA,NA,NA,NA,NA,NA,NA,NA,NA,NA,NA,NA
76,"survival",1,"Purely rule-based","Linear",TRUE,"C-index",0.742518951988296,0.0199999999995271,NA,20,0,20,20,0,0,0,0,1,0,1,1
76,"survival",1,"Purely rule-based","Random forest",TRUE,"C-index",0.815445316309793,0.75,NA,NA,NA,NA,NA,NA,NA,NA,NA,NA,NA,NA,NA
76,"survival",1,"Purely rule-based","RuleFit",TRUE,"C-index",0.791661125149621,12.6599999999999,NA,13,13,0,0,13,0,0,0,0,1,1,2
77,"survival",1,"Purely rule-based","BRP-GABLE full",TRUE,"C-index",0.835611089418196,238.49,NA,33,32,1,18,15,0,0,0,0.545454545454545,0.454545454545455,1,1.45454545454545
77,"survival",1,"Purely rule-based","BRP-GABLE rule-only",TRUE,"C-index",0.835828018569135,237.900000000001,NA,32,32,0,17,15,0,0,0,0.53125,0.46875,1,1.46875
77,"survival",1,"Purely rule-based","GABLE",TRUE,"C-index",0.830882033927719,4.84000000000015,NA,5,5,0,5,0,0,0,0,1,0,1,1
77,"survival",1,"Purely rule-based","GBM",TRUE,"C-index",0.843116838040696,0.0100000000002183,NA,NA,NA,NA,NA,NA,NA,NA,NA,NA,NA,NA,NA
77,"survival",1,"Purely rule-based","Linear",TRUE,"C-index",0.777430691136275,0.0199999999995271,NA,20,0,20,20,0,0,0,0,1,0,1,1
77,"survival",1,"Purely rule-based","Random forest",TRUE,"C-index",0.823072584493904,0.739999999999782,NA,NA,NA,NA,NA,NA,NA,NA,NA,NA,NA,NA,NA
77,"survival",1,"Purely rule-based","RuleFit",TRUE,"C-index",0.844049633389735,20.8599999999997,NA,40,40,0,1,35,4,0,0,0.025,0.875,0.9,2.075
78,"survival",1,"Purely rule-based","BRP-GABLE full",TRUE,"C-index",0.827261523293074,228.16,NA,30,30,0,5,25,0,0,0,0.166666666666667,0.833333333333333,1,1.83333333333333
78,"survival",1,"Purely rule-based","BRP-GABLE rule-only",TRUE,"C-index",0.828641853586394,227.39,NA,32,32,0,7,25,0,0,0,0.21875,0.78125,1,1.78125
78,"survival",1,"Purely rule-based","GABLE",TRUE,"C-index",0.822479664776929,4.75,NA,5,5,0,5,0,0,0,0,1,0,1,1
78,"survival",1,"Purely rule-based","GBM",TRUE,"C-index",0.814000492975105,0.0299999999997453,NA,NA,NA,NA,NA,NA,NA,NA,NA,NA,NA,NA,NA
78,"survival",1,"Purely rule-based","Linear",TRUE,"C-index",0.740054227261523,0.0200000000004366,NA,20,0,20,20,0,0,0,0,1,0,1,1
78,"survival",1,"Purely rule-based","Random forest",TRUE,"C-index",0.799211239832389,0.680000000000291,NA,NA,NA,NA,NA,NA,NA,NA,NA,NA,NA,NA,NA
78,"survival",1,"Purely rule-based","RuleFit",TRUE,"C-index",0.843012077890066,19.5799999999999,NA,28,28,0,1,23,4,0,0,0.0357142857142857,0.821428571428571,0.857142857142857,2.10714285714286
79,"survival",1,"Purely rule-based","BRP-GABLE full",TRUE,"C-index",0.827922790085545,233.079999999999,NA,32,32,0,12,20,0,0,0,0.375,0.625,1,1.625
79,"survival",1,"Purely rule-based","BRP-GABLE rule-only",TRUE,"C-index",0.828186005703005,232.3,NA,32,32,0,12,20,0,0,0,0.375,0.625,1,1.625
79,"survival",1,"Purely rule-based","GABLE",TRUE,"C-index",0.76189953937267,4.65999999999985,NA,4,4,0,3,1,0,0,0,0.75,0.25,1,1.25
79,"survival",1,"Purely rule-based","GBM",TRUE,"C-index",0.834788330774293,0.0399999999999636,NA,NA,NA,NA,NA,NA,NA,NA,NA,NA,NA,NA,NA
79,"survival",1,"Purely rule-based","Linear",TRUE,"C-index",0.7689844264093,0,NA,20,0,20,20,0,0,0,0,1,0,1,1
79,"survival",1,"Purely rule-based","Random forest",TRUE,"C-index",0.824610660232507,0.699999999999818,NA,NA,NA,NA,NA,NA,NA,NA,NA,NA,NA,NA,NA
79,"survival",1,"Purely rule-based","RuleFit",TRUE,"C-index",0.851458653213424,23.3100000000004,NA,37,37,0,3,32,2,0,0,0.0810810810810811,0.864864864864865,0.945945945945946,1.97297297297297
80,"survival",1,"Purely rule-based","BRP-GABLE full",TRUE,"C-index",0.835688628414784,230.5,NA,35,35,0,11,24,0,0,0,0.314285714285714,0.685714285714286,1,1.68571428571429
80,"survival",1,"Purely rule-based","BRP-GABLE rule-only",TRUE,"C-index",0.836633897343794,230.219999999999,NA,36,36,0,12,24,0,0,0,0.333333333333333,0.666666666666667,1,1.66666666666667
80,"survival",1,"Purely rule-based","GABLE",TRUE,"C-index",0.824510823329237,4.92000000000007,NA,5,5,0,5,0,0,0,0,1,0,1,1
80,"survival",1,"Purely rule-based","GBM",TRUE,"C-index",0.818839209755175,0.0500000000001819,NA,NA,NA,NA,NA,NA,NA,NA,NA,NA,NA,NA,NA
80,"survival",1,"Purely rule-based","Linear",TRUE,"C-index",0.766565837980905,0,NA,20,0,20,20,0,0,0,0,1,0,1,1
80,"survival",1,"Purely rule-based","Random forest",TRUE,"C-index",0.804423858587768,0.630000000000109,NA,NA,NA,NA,NA,NA,NA,NA,NA,NA,NA,NA,NA
80,"survival",1,"Purely rule-based","RuleFit",TRUE,"C-index",0.836468475281217,19.4700000000003,NA,30,30,0,1,26,3,0,0,0.0333333333333333,0.866666666666667,0.9,2.06666666666667
81,"survival",1,"Purely rule-based","BRP-GABLE full",TRUE,"C-index",0.831344802071772,229.780000000001,NA,28,27,1,8,20,0,0,0,0.285714285714286,0.714285714285714,1,1.71428571428571
81,"survival",1,"Purely rule-based","BRP-GABLE rule-only",TRUE,"C-index",0.8315991490936,228.36,NA,27,27,0,7,20,0,0,0,0.259259259259259,0.740740740740741,1,1.74074074074074
81,"survival",1,"Purely rule-based","GABLE",TRUE,"C-index",0.834651313355531,4.77999999999975,NA,5,5,0,5,0,0,0,0,1,0,1,1
81,"survival",1,"Purely rule-based","GBM",TRUE,"C-index",0.838142804291528,0.0500000000001819,NA,NA,NA,NA,NA,NA,NA,NA,NA,NA,NA,NA,NA
81,"survival",1,"Purely rule-based","Linear",TRUE,"C-index",0.755503144654088,0,NA,20,0,20,20,0,0,0,0,1,0,1,1
81,"survival",1,"Purely rule-based","Random forest",TRUE,"C-index",0.821170921198668,0.640000000000327,NA,NA,NA,NA,NA,NA,NA,NA,NA,NA,NA,NA,NA
81,"survival",1,"Purely rule-based","RuleFit",TRUE,"C-index",0.850212726600074,21.0900000000001,NA,33,33,0,1,28,4,0,0,0.0303030303030303,0.848484848484849,0.878787878787879,2.09090909090909
82,"survival",1,"Purely rule-based","BRP-GABLE full",TRUE,"C-index",0.887978632670467,218.44,NA,34,34,0,14,20,0,0,0,0.411764705882353,0.588235294117647,1,1.58823529411765
82,"survival",1,"Purely rule-based","BRP-GABLE rule-only",TRUE,"C-index",0.887978632670467,217.39,NA,34,34,0,14,20,0,0,0,0.411764705882353,0.588235294117647,1,1.58823529411765
82,"survival",1,"Purely rule-based","GABLE",TRUE,"C-index",0.827849351348925,5,NA,5,5,0,4,1,0,0,0,0.8,0.2,1,1.2
82,"survival",1,"Purely rule-based","GBM",TRUE,"C-index",0.883781478655115,0.0299999999997453,NA,NA,NA,NA,NA,NA,NA,NA,NA,NA,NA,NA,NA
82,"survival",1,"Purely rule-based","Linear",TRUE,"C-index",0.794002783139561,0,NA,20,0,20,20,0,0,0,0,1,0,1,1
82,"survival",1,"Purely rule-based","Random forest",TRUE,"C-index",0.866678637159402,0.700000000000728,NA,NA,NA,NA,NA,NA,NA,NA,NA,NA,NA,NA,NA
82,"survival",1,"Purely rule-based","RuleFit",TRUE,"C-index",0.884746599631907,17.5799999999999,NA,25,25,0,1,20,4,0,0,0.04,0.8,0.84,2.12
83,"survival",1,"Purely rule-based","BRP-GABLE full",TRUE,"C-index",0.848715551400205,231.679999999999,NA,26,26,0,7,19,0,0,0,0.269230769230769,0.730769230769231,1,1.73076923076923
83,"survival",1,"Purely rule-based","BRP-GABLE rule-only",TRUE,"C-index",0.847112773251414,230.719999999999,NA,24,24,0,5,19,0,0,0,0.208333333333333,0.791666666666667,1,1.79166666666667
83,"survival",1,"Purely rule-based","GABLE",TRUE,"C-index",0.846111036908419,4.6899999999996,NA,5,5,0,5,0,0,0,0,1,0,1,1
83,"survival",1,"Purely rule-based","GBM",TRUE,"C-index",0.853078669694136,0.0200000000004366,NA,NA,NA,NA,NA,NA,NA,NA,NA,NA,NA,NA,NA
83,"survival",1,"Purely rule-based","Linear",TRUE,"C-index",0.791149102889453,0.0100000000002183,NA,20,0,20,20,0,0,0,0,1,0,1,1
83,"survival",1,"Purely rule-based","Random forest",TRUE,"C-index",0.807978273451761,0.670000000000073,NA,NA,NA,NA,NA,NA,NA,NA,NA,NA,NA,NA,NA
83,"survival",1,"Purely rule-based","RuleFit",TRUE,"C-index",0.846200080138907,19.8400000000001,NA,23,23,0,0,21,2,0,0,0,0.91304347826087,0.91304347826087,2.08695652173913
84,"survival",1,"Purely rule-based","BRP-GABLE full",TRUE,"C-index",0.844763092269327,232.139999999999,NA,33,33,0,13,20,0,0,0,0.393939393939394,0.606060606060606,1,1.60606060606061
84,"survival",1,"Purely rule-based","BRP-GABLE rule-only",TRUE,"C-index",0.844763092269327,231.37,NA,33,33,0,13,20,0,0,0,0.393939393939394,0.606060606060606,1,1.60606060606061
84,"survival",1,"Purely rule-based","GABLE",TRUE,"C-index",0.83520365752286,4.81999999999971,NA,5,5,0,5,0,0,0,0,1,0,1,1
84,"survival",1,"Purely rule-based","GBM",TRUE,"C-index",0.85009697977279,0.0200000000004366,NA,NA,NA,NA,NA,NA,NA,NA,NA,NA,NA,NA,NA
84,"survival",1,"Purely rule-based","Linear",TRUE,"C-index",0.782811489794033,0.0100000000002183,NA,20,0,20,20,0,0,0,0,1,0,1,1
84,"survival",1,"Purely rule-based","Random forest",TRUE,"C-index",0.831209014500785,0.6899999999996,NA,NA,NA,NA,NA,NA,NA,NA,NA,NA,NA,NA,NA
84,"survival",1,"Purely rule-based","RuleFit",TRUE,"C-index",0.836658354114713,17.4900000000007,NA,24,24,0,2,19,3,0,0,0.0833333333333333,0.791666666666667,0.875,2.04166666666667
85,"survival",1,"Purely rule-based","BRP-GABLE full",TRUE,"C-index",0.864679676528982,224.349999999999,NA,29,29,0,5,24,0,0,0,0.172413793103448,0.827586206896552,1,1.82758620689655
85,"survival",1,"Purely rule-based","BRP-GABLE rule-only",TRUE,"C-index",0.865648152631834,223.8,NA,29,29,0,5,24,0,0,0,0.172413793103448,0.827586206896552,1,1.82758620689655
85,"survival",1,"Purely rule-based","GABLE",TRUE,"C-index",0.864340709892983,4.58999999999924,NA,5,5,0,4,1,0,0,0,0.8,0.2,1,1.2
85,"survival",1,"Purely rule-based","GBM",TRUE,"C-index",0.869207302309815,0.0299999999997453,NA,NA,NA,NA,NA,NA,NA,NA,NA,NA,NA,NA,NA
85,"survival",1,"Purely rule-based","Linear",TRUE,"C-index",0.809016512517554,0.0100000000002183,NA,20,0,20,20,0,0,0,0,1,0,1,1
85,"survival",1,"Purely rule-based","Random forest",TRUE,"C-index",0.840395138249964,0.680000000000291,NA,NA,NA,NA,NA,NA,NA,NA,NA,NA,NA,NA,NA
85,"survival",1,"Purely rule-based","RuleFit",TRUE,"C-index",0.864752312236696,16.9800000000005,NA,23,23,0,0,19,4,0,0,0,0.826086956521739,0.826086956521739,2.17391304347826
86,"survival",1,"Purely rule-based","BRP-GABLE full",TRUE,"C-index",0.84548553572274,228.639999999999,NA,21,21,0,9,12,0,0,0,0.428571428571429,0.571428571428571,1,1.57142857142857
86,"survival",1,"Purely rule-based","BRP-GABLE rule-only",TRUE,"C-index",0.84387576345817,228,NA,21,21,0,9,12,0,0,0,0.428571428571429,0.571428571428571,1,1.57142857142857
86,"survival",1,"Purely rule-based","GABLE",TRUE,"C-index",0.827233559017092,4.25999999999931,NA,5,5,0,4,1,0,0,0,0.8,0.2,1,1.2
86,"survival",1,"Purely rule-based","GBM",TRUE,"C-index",0.850291179394915,0.0399999999999636,NA,NA,NA,NA,NA,NA,NA,NA,NA,NA,NA,NA,NA
86,"survival",1,"Purely rule-based","Linear",TRUE,"C-index",0.789119833341224,0.00999999999930878,NA,20,0,20,20,0,0,0,0,1,0,1,1
86,"survival",1,"Purely rule-based","Random forest",TRUE,"C-index",0.832062875810804,0.700000000000728,NA,NA,NA,NA,NA,NA,NA,NA,NA,NA,NA,NA,NA
86,"survival",1,"Purely rule-based","RuleFit",TRUE,"C-index",0.852800530277922,21.71,NA,31,31,0,0,25,6,0,0,0,0.806451612903226,0.806451612903226,2.19354838709677
87,"survival",1,"Purely rule-based","BRP-GABLE full",TRUE,"C-index",0.84543514346692,237.440000000001,NA,26,26,0,8,18,0,0,0,0.307692307692308,0.692307692307692,1,1.69230769230769
87,"survival",1,"Purely rule-based","BRP-GABLE rule-only",TRUE,"C-index",0.84633625800332,236.48,NA,27,27,0,8,19,0,0,0,0.296296296296296,0.703703703703704,1,1.7037037037037
87,"survival",1,"Purely rule-based","GABLE",TRUE,"C-index",0.807967749585013,4.88000000000011,NA,5,5,0,5,0,0,0,0,1,0,1,1
87,"survival",1,"Purely rule-based","GBM",TRUE,"C-index",0.832724685795589,0.0299999999997453,NA,NA,NA,NA,NA,NA,NA,NA,NA,NA,NA,NA,NA
87,"survival",1,"Purely rule-based","Linear",TRUE,"C-index",0.762105762390325,0,NA,20,0,20,20,0,0,0,0,1,0,1,1
87,"survival",1,"Purely rule-based","Random forest",TRUE,"C-index",0.825041498695755,0.670000000000073,NA,NA,NA,NA,NA,NA,NA,NA,NA,NA,NA,NA,NA
87,"survival",1,"Purely rule-based","RuleFit",TRUE,"C-index",0.846051695518141,22.9300000000003,NA,39,39,0,1,30,8,0,0,0.0256410256410256,0.769230769230769,0.794871794871795,2.17948717948718
88,"survival",1,"Purely rule-based","BRP-GABLE full",TRUE,"C-index",0.848021415270019,229.09,NA,21,21,0,6,15,0,0,0,0.285714285714286,0.714285714285714,1,1.71428571428571
88,"survival",1,"Purely rule-based","BRP-GABLE rule-only",TRUE,"C-index",0.848184357541899,228.28,NA,21,21,0,6,15,0,0,0,0.285714285714286,0.714285714285714,1,1.71428571428571
88,"survival",1,"Purely rule-based","GABLE",TRUE,"C-index",0.841364059590317,4.38000000000011,NA,5,5,0,5,0,0,0,0,1,0,1,1
88,"survival",1,"Purely rule-based","GBM",TRUE,"C-index",0.832914338919926,0.0300000000006548,NA,NA,NA,NA,NA,NA,NA,NA,NA,NA,NA,NA,NA
88,"survival",1,"Purely rule-based","Linear",TRUE,"C-index",0.7731843575419,0,NA,20,0,20,20,0,0,0,0,1,0,1,1
88,"survival",1,"Purely rule-based","Random forest",TRUE,"C-index",0.829702048417132,0.699999999999818,NA,NA,NA,NA,NA,NA,NA,NA,NA,NA,NA,NA,NA
88,"survival",1,"Purely rule-based","RuleFit",TRUE,"C-index",0.850884543761639,26.5799999999999,NA,35,35,0,0,28,7,0,0,0,0.8,0.8,2.2
89,"survival",1,"Purely rule-based","BRP-GABLE full",TRUE,"C-index",0.84832001540387,235.309999999999,NA,27,27,0,9,18,0,0,0,0.333333333333333,0.666666666666667,1,1.66666666666667
89,"survival",1,"Purely rule-based","BRP-GABLE rule-only",TRUE,"C-index",0.850149224992779,234.03,NA,29,29,0,11,18,0,0,0,0.379310344827586,0.620689655172414,1,1.62068965517241
89,"survival",1,"Purely rule-based","GABLE",TRUE,"C-index",0.806585154520073,4.71000000000004,NA,4,4,0,3,1,0,0,0,0.75,0.25,1,1.25
89,"survival",1,"Purely rule-based","GBM",TRUE,"C-index",0.860161740637335,0.00999999999930878,NA,NA,NA,NA,NA,NA,NA,NA,NA,NA,NA,NA,NA
89,"survival",1,"Purely rule-based","Linear",TRUE,"C-index",0.785308558775392,0.0200000000004366,NA,20,0,20,20,0,0,0,0,1,0,1,1
89,"survival",1,"Purely rule-based","Random forest",TRUE,"C-index",0.839992298064889,0.680000000000291,NA,NA,NA,NA,NA,NA,NA,NA,NA,NA,NA,NA,NA
89,"survival",1,"Purely rule-based","RuleFit",TRUE,"C-index",0.864084913834601,22.3800000000001,NA,38,38,0,3,32,3,0,0,0.0789473684210526,0.842105263157895,0.921052631578947,2
90,"survival",1,"Purely rule-based","BRP-GABLE full",TRUE,"C-index",0.852022506756457,241.420000000001,NA,27,26,1,9,18,0,0,0,0.333333333333333,0.666666666666667,1,1.66666666666667
90,"survival",1,"Purely rule-based","BRP-GABLE rule-only",TRUE,"C-index",0.847724956802977,242.43,NA,24,24,0,6,18,0,0,0,0.25,0.75,1,1.75
90,"survival",1,"Purely rule-based","GABLE",TRUE,"C-index",0.831553763679057,4.89999999999964,NA,5,5,0,5,0,0,0,0,1,0,1,1
90,"survival",1,"Purely rule-based","GBM",TRUE,"C-index",0.8505604536795,0.0299999999997453,NA,NA,NA,NA,NA,NA,NA,NA,NA,NA,NA,NA,NA
90,"survival",1,"Purely rule-based","Linear",TRUE,"C-index",0.792211244517301,0.0200000000004366,NA,20,0,20,20,0,0,0,0,1,0,1,1
90,"survival",1,"Purely rule-based","Random forest",TRUE,"C-index",0.82743343228036,0.630000000000109,NA,NA,NA,NA,NA,NA,NA,NA,NA,NA,NA,NA,NA
90,"survival",1,"Purely rule-based","RuleFit",TRUE,"C-index",0.846129989809933,22.6400000000003,NA,29,29,0,0,24,5,0,0,0,0.827586206896552,0.827586206896552,2.17241379310345
91,"survival",1,"Purely rule-based","BRP-GABLE full",TRUE,"C-index",0.838786003549165,233.830000000001,NA,47,45,2,25,22,0,0,0,0.531914893617021,0.468085106382979,1,1.46808510638298
91,"survival",1,"Purely rule-based","BRP-GABLE rule-only",TRUE,"C-index",0.83935477999727,261.51,NA,46,46,0,24,22,0,0,0,0.521739130434783,0.478260869565217,1,1.47826086956522
91,"survival",1,"Purely rule-based","GABLE",TRUE,"C-index",0.813464076079538,4.96000000000004,NA,5,5,0,5,0,0,0,0,1,0,1,1
91,"survival",1,"Purely rule-based","GBM",TRUE,"C-index",0.855075761022888,0.0199999999995271,NA,NA,NA,NA,NA,NA,NA,NA,NA,NA,NA,NA,NA
91,"survival",1,"Purely rule-based","Linear",TRUE,"C-index",0.791600309414388,0.0200000000004366,NA,20,0,20,20,0,0,0,0,1,0,1,1
91,"survival",1,"Purely rule-based","Random forest",TRUE,"C-index",0.834281294080175,0.75,NA,NA,NA,NA,NA,NA,NA,NA,NA,NA,NA,NA,NA
91,"survival",1,"Purely rule-based","RuleFit",TRUE,"C-index",0.846908131228102,12.8900000000003,NA,29,29,0,4,22,3,0,0,0.137931034482759,0.758620689655172,0.896551724137931,1.96551724137931
92,"survival",1,"Purely rule-based","BRP-GABLE full",TRUE,"C-index",0.841650930671702,233.53,NA,34,34,0,15,19,0,0,0,0.441176470588235,0.558823529411765,1,1.55882352941176
92,"survival",1,"Purely rule-based","BRP-GABLE rule-only",TRUE,"C-index",0.842212930491862,232.719999999999,NA,37,37,0,18,19,0,0,0,0.486486486486487,0.513513513513513,1,1.51351351351351
92,"survival",1,"Purely rule-based","GABLE",TRUE,"C-index",0.794712705691934,4.64999999999964,NA,5,5,0,5,0,0,0,0,1,0,1,1
92,"survival",1,"Purely rule-based","GBM",TRUE,"C-index",0.85122740760723,0.0299999999997453,NA,NA,NA,NA,NA,NA,NA,NA,NA,NA,NA,NA,NA
92,"survival",1,"Purely rule-based","Linear",TRUE,"C-index",0.761172556424782,0,NA,20,0,20,20,0,0,0,0,1,0,1,1
92,"survival",1,"Purely rule-based","Random forest",TRUE,"C-index",0.818136858196205,0.640000000000327,NA,NA,NA,NA,NA,NA,NA,NA,NA,NA,NA,NA,NA
92,"survival",1,"Purely rule-based","RuleFit",TRUE,"C-index",0.864625483319845,21.9499999999998,NA,26,26,0,2,20,4,0,0,0.0769230769230769,0.769230769230769,0.846153846153846,2.07692307692308
93,"survival",1,"Purely rule-based","BRP-GABLE full",TRUE,"C-index",0.812154696132597,231.98,NA,32,32,0,13,19,0,0,0,0.40625,0.59375,1,1.59375
93,"survival",1,"Purely rule-based","BRP-GABLE rule-only",TRUE,"C-index",0.812154696132597,230.870000000001,NA,31,31,0,12,19,0,0,0,0.387096774193548,0.612903225806452,1,1.61290322580645
93,"survival",1,"Purely rule-based","GABLE",TRUE,"C-index",0.796662062615101,4.72000000000025,NA,5,5,0,5,0,0,0,0,1,0,1,1
93,"survival",1,"Purely rule-based","GBM",TRUE,"C-index",0.812845303867403,0.0299999999997453,NA,NA,NA,NA,NA,NA,NA,NA,NA,NA,NA,NA,NA
93,"survival",1,"Purely rule-based","Linear",TRUE,"C-index",0.72182320441989,0,NA,20,0,20,20,0,0,0,0,1,0,1,1
93,"survival",1,"Purely rule-based","Random forest",TRUE,"C-index",0.776979742173112,0.770000000000437,NA,NA,NA,NA,NA,NA,NA,NA,NA,NA,NA,NA,NA
93,"survival",1,"Purely rule-based","RuleFit",TRUE,"C-index",0.810174953959484,17.3899999999994,NA,24,24,0,0,22,2,0,0,0,0.916666666666667,0.916666666666667,2.08333333333333
94,"survival",1,"Purely rule-based","BRP-GABLE full",TRUE,"C-index",0.860153440421961,242.55,NA,36,36,0,27,9,0,0,0,0.75,0.25,1,1.25
94,"survival",1,"Purely rule-based","BRP-GABLE rule-only",TRUE,"C-index",0.860153440421961,241.98,NA,33,33,0,24,9,0,0,0,0.727272727272727,0.272727272727273,1,1.27272727272727
94,"survival",1,"Purely rule-based","GABLE",TRUE,"C-index",0.830975785183409,4.8799999999992,NA,5,5,0,5,0,0,0,0,1,0,1,1
94,"survival",1,"Purely rule-based","GBM",TRUE,"C-index",0.852409494126109,0.00999999999930878,NA,NA,NA,NA,NA,NA,NA,NA,NA,NA,NA,NA,NA
94,"survival",1,"Purely rule-based","Linear",TRUE,"C-index",0.770990170222968,0.0200000000004366,NA,20,0,20,20,0,0,0,0,1,0,1,1
94,"survival",1,"Purely rule-based","Random forest",TRUE,"C-index",0.813282186526013,0.700000000000728,NA,NA,NA,NA,NA,NA,NA,NA,NA,NA,NA,NA,NA
94,"survival",1,"Purely rule-based","RuleFit",TRUE,"C-index",0.840493886358187,20,NA,26,26,0,0,25,1,0,0,0,0.961538461538462,0.961538461538462,2.03846153846154
95,"survival",1,"Purely rule-based","BRP-GABLE full",TRUE,"C-index",0.847977616336148,234.5,NA,25,25,0,12,13,0,0,0,0.48,0.52,1,1.52
95,"survival",1,"Purely rule-based","BRP-GABLE rule-only",TRUE,"C-index",0.848664834086,232.21,NA,26,26,0,13,13,0,0,0,0.5,0.5,1,1.5
95,"survival",1,"Purely rule-based","GABLE",TRUE,"C-index",0.816930100137444,4.52999999999975,NA,5,5,0,4,1,0,0,0,0.8,0.2,1,1.2
95,"survival",1,"Purely rule-based","GBM",TRUE,"C-index",0.83899469860593,0.0299999999997453,NA,NA,NA,NA,NA,NA,NA,NA,NA,NA,NA,NA,NA
95,"survival",1,"Purely rule-based","Linear",TRUE,"C-index",0.740378951502062,0.0200000000004366,NA,20,0,20,20,0,0,0,0,1,0,1,1
95,"survival",1,"Purely rule-based","Random forest",TRUE,"C-index",0.821716080895347,0.720000000000255,NA,NA,NA,NA,NA,NA,NA,NA,NA,NA,NA,NA,NA
95,"survival",1,"Purely rule-based","RuleFit",TRUE,"C-index",0.851560966031808,18.8699999999999,NA,31,31,0,3,28,0,0,0,0.0967741935483871,0.903225806451613,1,1.90322580645161
96,"survival",1,"Purely rule-based","BRP-GABLE full",TRUE,"C-index",0.894478142647982,250.139999999999,NA,33,33,0,17,16,0,0,0,0.515151515151515,0.484848484848485,1,1.48484848484848
96,"survival",1,"Purely rule-based","BRP-GABLE rule-only",TRUE,"C-index",0.894844174858816,239.29,NA,34,34,0,19,15,0,0,0,0.558823529411765,0.441176470588235,1,1.44117647058824
96,"survival",1,"Purely rule-based","GABLE",TRUE,"C-index",0.828252457644844,4.83000000000084,NA,5,5,0,5,0,0,0,0,1,0,1,1
96,"survival",1,"Purely rule-based","GBM",TRUE,"C-index",0.866816565572056,0.0100000000002183,NA,NA,NA,NA,NA,NA,NA,NA,NA,NA,NA,NA,NA
96,"survival",1,"Purely rule-based","Linear",TRUE,"C-index",0.797531897092658,0.0199999999995271,NA,20,0,20,20,0,0,0,0,1,0,1,1
96,"survival",1,"Purely rule-based","Random forest",TRUE,"C-index",0.832514118385275,0.6899999999996,NA,NA,NA,NA,NA,NA,NA,NA,NA,NA,NA,NA,NA
96,"survival",1,"Purely rule-based","RuleFit",TRUE,"C-index",0.885510353482535,20.3699999999999,NA,32,32,0,4,26,2,0,0,0.125,0.8125,0.9375,1.9375
97,"survival",1,"Purely rule-based","BRP-GABLE full",TRUE,"C-index",0.829331129690842,232.41,NA,32,32,0,13,19,0,0,0,0.40625,0.59375,1,1.59375
97,"survival",1,"Purely rule-based","BRP-GABLE rule-only",TRUE,"C-index",0.829331129690842,230.959999999999,NA,32,32,0,13,19,0,0,0,0.40625,0.59375,1,1.59375
97,"survival",1,"Purely rule-based","GABLE",TRUE,"C-index",0.816449543068248,4.69000000000051,NA,5,5,0,5,0,0,0,0,1,0,1,1
97,"survival",1,"Purely rule-based","GBM",TRUE,"C-index",0.846295936223994,0.0299999999997453,NA,NA,NA,NA,NA,NA,NA,NA,NA,NA,NA,NA,NA
97,"survival",1,"Purely rule-based","Linear",TRUE,"C-index",0.717577289519736,0.0200000000004366,NA,20,0,20,20,0,0,0,0,1,0,1,1
97,"survival",1,"Purely rule-based","Random forest",TRUE,"C-index",0.840948862531596,0.649999999999636,NA,NA,NA,NA,NA,NA,NA,NA,NA,NA,NA,NA,NA
97,"survival",1,"Purely rule-based","RuleFit",TRUE,"C-index",0.846052887419794,24.1700000000001,NA,33,33,0,2,27,4,0,0,0.0606060606060606,0.818181818181818,0.878787878787879,2.06060606060606
98,"survival",1,"Purely rule-based","BRP-GABLE full",TRUE,"C-index",0.85037597474935,261.740000000001,NA,35,35,0,12,23,0,0,0,0.342857142857143,0.657142857142857,1,1.65714285714286
98,"survival",1,"Purely rule-based","BRP-GABLE rule-only",TRUE,"C-index",0.85037597474935,234.090000000001,NA,35,35,0,12,23,0,0,0,0.342857142857143,0.657142857142857,1,1.65714285714286
98,"survival",1,"Purely rule-based","GABLE",TRUE,"C-index",0.827098031934645,3.89000000000033,NA,5,5,0,5,0,0,0,0,1,0,1,1
98,"survival",1,"Purely rule-based","GBM",TRUE,"C-index",0.83401411065726,0.00999999999930878,NA,NA,NA,NA,NA,NA,NA,NA,NA,NA,NA,NA,NA
98,"survival",1,"Purely rule-based","Linear",TRUE,"C-index",0.764017823988117,0.0200000000004366,NA,20,0,20,20,0,0,0,0,1,0,1,1
98,"survival",1,"Purely rule-based","Random forest",TRUE,"C-index",0.822317118455254,0.640000000000327,NA,NA,NA,NA,NA,NA,NA,NA,NA,NA,NA,NA,NA
98,"survival",1,"Purely rule-based","RuleFit",TRUE,"C-index",0.83299294467137,12.6899999999996,NA,23,23,0,0,21,2,0,0,0,0.91304347826087,0.91304347826087,2.08695652173913
99,"survival",1,"Purely rule-based","BRP-GABLE full",TRUE,"C-index",0.838794980815099,216.429999999999,NA,32,32,0,6,26,0,0,0,0.1875,0.8125,1,1.8125
99,"survival",1,"Purely rule-based","BRP-GABLE rule-only",TRUE,"C-index",0.84042828995126,215.74,NA,38,38,0,12,26,0,0,0,0.315789473684211,0.684210526315789,1,1.68421052631579
99,"survival",1,"Purely rule-based","GABLE",TRUE,"C-index",0.800114072384113,3.73999999999978,NA,5,5,0,4,1,0,0,0,0.8,0.2,1,1.2
99,"survival",1,"Purely rule-based","GBM",TRUE,"C-index",0.823447060043555,0.0200000000004366,NA,NA,NA,NA,NA,NA,NA,NA,NA,NA,NA,NA,NA
99,"survival",1,"Purely rule-based","Linear",TRUE,"C-index",0.76444052680701,0,NA,20,0,20,20,0,0,0,0,1,0,1,1
99,"survival",1,"Purely rule-based","Random forest",TRUE,"C-index",0.808669501192575,0.619999999999891,NA,NA,NA,NA,NA,NA,NA,NA,NA,NA,NA,NA,NA
99,"survival",1,"Purely rule-based","RuleFit",TRUE,"C-index",0.820102665145702,11.8099999999995,NA,16,16,0,0,13,3,0,0,0,0.8125,0.8125,2.1875
100,"survival",1,"Purely rule-based","BRP-GABLE full",TRUE,"C-index",0.848570864392556,198.41,NA,37,37,0,17,20,0,0,0,0.459459459459459,0.540540540540541,1,1.54054054054054
100,"survival",1,"Purely rule-based","BRP-GABLE rule-only",TRUE,"C-index",0.849286666337562,197.080000000001,NA,39,39,0,18,21,0,0,0,0.461538461538462,0.538461538461538,1,1.53846153846154
100,"survival",1,"Purely rule-based","GABLE",TRUE,"C-index",0.826504418225799,2.57000000000062,NA,5,5,0,5,0,0,0,0,1,0,1,1
100,"survival",1,"Purely rule-based","GBM",TRUE,"C-index",0.821592535913511,0.0200000000004366,NA,NA,NA,NA,NA,NA,NA,NA,NA,NA,NA,NA,NA
100,"survival",1,"Purely rule-based","Linear",TRUE,"C-index",0.726168731796416,0.00999999999930878,NA,20,0,20,20,0,0,0,0,1,0,1,1
100,"survival",1,"Purely rule-based","Random forest",TRUE,"C-index",0.807572690921657,0.4399999999996,NA,NA,NA,NA,NA,NA,NA,NA,NA,NA,NA,NA,NA
100,"survival",1,"Purely rule-based","RuleFit",TRUE,"C-index",0.851804314557931,10.5699999999997,NA,34,34,0,1,27,6,0,0,0.0294117647058824,0.794117647058823,0.823529411764706,2.14705882352941
1,"survival",2,"Purely linear","BRP-GABLE full",TRUE,"C-index",0.823498916014704,254.66,NA,41,38,3,8,33,0,0,0,0.195121951219512,0.804878048780488,1,1.80487804878049
1,"survival",2,"Purely linear","BRP-GABLE rule-only",TRUE,"C-index",0.823546045810161,249.09,NA,38,38,0,3,35,0,0,0,0.0789473684210526,0.921052631578947,1,1.92105263157895
1,"survival",2,"Purely linear","GABLE",TRUE,"C-index",0.718752945612216,5.45000000000002,NA,5,5,0,5,0,0,0,0,1,0,1,1
1,"survival",2,"Purely linear","GBM",TRUE,"C-index",0.840041474220002,0.0199999999999818,NA,NA,NA,NA,NA,NA,NA,NA,NA,NA,NA,NA,NA
1,"survival",2,"Purely linear","Linear",TRUE,"C-index",0.868083702516731,0.0100000000000193,NA,20,0,20,20,0,0,0,0,1,0,1,1
1,"survival",2,"Purely linear","Random forest",TRUE,"C-index",0.822933358469224,0.840000000000003,NA,NA,NA,NA,NA,NA,NA,NA,NA,NA,NA,NA,NA
1,"survival",2,"Purely linear","RuleFit",TRUE,"C-index",0.837684984447167,28.22,NA,43,43,0,0,30,13,0,0,0,0.697674418604651,0.697674418604651,2.30232558139535
2,"survival",2,"Purely linear","BRP-GABLE full",TRUE,"C-index",0.812663938726262,252.24,NA,45,43,2,12,33,0,0,0,0.266666666666667,0.733333333333333,1,1.73333333333333
2,"survival",2,"Purely linear","BRP-GABLE rule-only",TRUE,"C-index",0.808362186549155,252.11,NA,51,51,0,16,35,0,0,0,0.313725490196078,0.686274509803922,1,1.68627450980392
2,"survival",2,"Purely linear","GABLE",TRUE,"C-index",0.652318749344245,4.56,NA,5,5,0,4,1,0,0,0,0.8,0.2,1,1.2
2,"survival",2,"Purely linear","GBM",TRUE,"C-index",0.829870947434687,0.039999999999992,NA,NA,NA,NA,NA,NA,NA,NA,NA,NA,NA,NA,NA
2,"survival",2,"Purely linear","Linear",TRUE,"C-index",0.871472038610849,0.0100000000000193,NA,20,0,20,20,0,0,0,0,1,0,1,1
2,"survival",2,"Purely linear","Random forest",TRUE,"C-index",0.80238170181513,0.900000000000006,NA,NA,NA,NA,NA,NA,NA,NA,NA,NA,NA,NA,NA
2,"survival",2,"Purely linear","RuleFit",TRUE,"C-index",0.817726366593222,26.02,NA,30,30,0,0,17,13,0,0,0,0.566666666666667,0.566666666666667,2.43333333333333
3,"survival",2,"Purely linear","BRP-GABLE full",TRUE,"C-index",0.775857059848925,247.78,NA,25,24,1,4,21,0,0,0,0.16,0.84,1,1.84
3,"survival",2,"Purely linear","BRP-GABLE rule-only",TRUE,"C-index",0.776292852992446,246.67,NA,25,25,0,4,21,0,0,0,0.16,0.84,1,1.84
3,"survival",2,"Purely linear","GABLE",TRUE,"C-index",0.697172186713151,5.36000000000001,NA,5,5,0,5,0,0,0,0,1,0,1,1
3,"survival",2,"Purely linear","GBM",TRUE,"C-index",0.820065853186132,0.039999999999992,NA,NA,NA,NA,NA,NA,NA,NA,NA,NA,NA,NA,NA
3,"survival",2,"Purely linear","Linear",TRUE,"C-index",0.861708309122603,0.0100000000000193,NA,20,0,20,20,0,0,0,0,1,0,1,1
3,"survival",2,"Purely linear","Random forest",TRUE,"C-index",0.769852798760411,0.97999999999999,NA,NA,NA,NA,NA,NA,NA,NA,NA,NA,NA,NA,NA
3,"survival",2,"Purely linear","RuleFit",TRUE,"C-index",0.780360255665311,28.56,NA,36,36,0,0,19,17,0,0,0,0.527777777777778,0.527777777777778,2.47222222222222
4,"survival",2,"Purely linear","BRP-GABLE full",TRUE,"C-index",0.808227876808636,251.36,NA,51,48,3,21,30,0,0,0,0.411764705882353,0.588235294117647,1,1.58823529411765
4,"survival",2,"Purely linear","BRP-GABLE rule-only",TRUE,"C-index",0.800834580668572,250.06,NA,59,59,0,23,36,0,0,0,0.389830508474576,0.610169491525424,1,1.61016949152542
4,"survival",2,"Purely linear","GABLE",TRUE,"C-index",0.729078786229419,5.13,NA,5,5,0,5,0,0,0,0,1,0,1,1
4,"survival",2,"Purely linear","GBM",TRUE,"C-index",0.807592869778201,0.039999999999992,NA,NA,NA,NA,NA,NA,NA,NA,NA,NA,NA,NA,NA
4,"survival",2,"Purely linear","Linear",TRUE,"C-index",0.82918310881299,0,NA,20,0,20,20,0,0,0,0,1,0,1,1
4,"survival",2,"Purely linear","Random forest",TRUE,"C-index",0.784324397877262,0.969999999999999,NA,NA,NA,NA,NA,NA,NA,NA,NA,NA,NA,NA,NA
4,"survival",2,"Purely linear","RuleFit",TRUE,"C-index",0.796298816165465,27.67,NA,41,41,0,0,24,17,0,0,0,0.585365853658537,0.585365853658537,2.41463414634146
5,"survival",2,"Purely linear","BRP-GABLE full",TRUE,"C-index",0.80826679192109,250.6,NA,33,31,2,5,28,0,0,0,0.151515151515152,0.848484848484849,1,1.84848484848485
5,"survival",2,"Purely linear","BRP-GABLE rule-only",TRUE,"C-index",0.8088304368248,273.67,NA,34,34,0,4,30,0,0,0,0.117647058823529,0.882352941176471,1,1.88235294117647
5,"survival",2,"Purely linear","GABLE",TRUE,"C-index",0.737693752935651,5.19999999999999,NA,5,5,0,5,0,0,0,0,1,0,1,1
5,"survival",2,"Purely linear","GBM",TRUE,"C-index",0.839408172851104,0.0499999999999829,NA,NA,NA,NA,NA,NA,NA,NA,NA,NA,NA,NA,NA
5,"survival",2,"Purely linear","Linear",TRUE,"C-index",0.871348050728041,0,NA,20,0,20,20,0,0,0,0,1,0,1,1
5,"survival",2,"Purely linear","Random forest",TRUE,"C-index",0.814419915453264,0.990000000000009,NA,NA,NA,NA,NA,NA,NA,NA,NA,NA,NA,NA,NA
5,"survival",2,"Purely linear","RuleFit",TRUE,"C-index",0.821723813997182,25.05,NA,26,26,0,0,16,10,0,0,0,0.615384615384615,0.615384615384615,2.38461538461538
6,"survival",2,"Purely linear","BRP-GABLE full",TRUE,"C-index",0.836254273226881,248.03,NA,54,49,5,22,32,0,0,0,0.407407407407407,0.592592592592593,1,1.59259259259259
6,"survival",2,"Purely linear","BRP-GABLE rule-only",TRUE,"C-index",0.832576052620191,246.27,NA,58,58,0,20,38,0,0,0,0.344827586206897,0.655172413793103,1,1.6551724137931
6,"survival",2,"Purely linear","GABLE",TRUE,"C-index",0.732117356873945,5.81999999999999,NA,5,5,0,5,0,0,0,0,1,0,1,1
6,"survival",2,"Purely linear","GBM",TRUE,"C-index",0.836687005062962,0.0299999999999727,NA,NA,NA,NA,NA,NA,NA,NA,NA,NA,NA,NA,NA
6,"survival",2,"Purely linear","Linear",TRUE,"C-index",0.864901120775455,0.0500000000000114,NA,20,0,20,20,0,0,0,0,1,0,1,1
6,"survival",2,"Purely linear","Random forest",TRUE,"C-index",0.8022415509109,0.740000000000009,NA,NA,NA,NA,NA,NA,NA,NA,NA,NA,NA,NA,NA
6,"survival",2,"Purely linear","RuleFit",TRUE,"C-index",0.835561902289151,31.58,NA,47,47,0,0,24,23,0,0,0,0.51063829787234,0.51063829787234,2.48936170212766
7,"survival",2,"Purely linear","BRP-GABLE full",TRUE,"C-index",0.822067728190177,232.58,NA,34,32,2,6,28,0,0,0,0.176470588235294,0.823529411764706,1,1.82352941176471
7,"survival",2,"Purely linear","BRP-GABLE rule-only",TRUE,"C-index",0.817672123794573,231.83,NA,30,30,0,3,27,0,0,0,0.1,0.9,1,1.9
7,"survival",2,"Purely linear","GABLE",TRUE,"C-index",0.755685131195335,4.02999999999997,NA,5,5,0,2,3,0,0,0,0.4,0.6,1,1.6
7,"survival",2,"Purely linear","GBM",TRUE,"C-index",0.85839874411303,0.0500000000000114,NA,NA,NA,NA,NA,NA,NA,NA,NA,NA,NA,NA,NA
7,"survival",2,"Purely linear","Linear",TRUE,"C-index",0.878717201166181,0.0299999999999727,NA,20,0,20,20,0,0,0,0,1,0,1,1
7,"survival",2,"Purely linear","Random forest",TRUE,"C-index",0.812738282126037,0.840000000000032,NA,NA,NA,NA,NA,NA,NA,NA,NA,NA,NA,NA,NA
7,"survival",2,"Purely linear","RuleFit",TRUE,"C-index",0.822000448531061,30.5,NA,38,38,0,0,9,29,0,0,0,0.236842105263158,0.236842105263158,2.76315789473684
8,"survival",2,"Purely linear","BRP-GABLE full",TRUE,"C-index",0.835909287880976,243.33,NA,31,30,1,2,29,0,0,0,0.0645161290322581,0.935483870967742,1,1.93548387096774
8,"survival",2,"Purely linear","BRP-GABLE rule-only",TRUE,"C-index",0.836150031296644,242.85,NA,33,33,0,1,32,0,0,0,0.0303030303030303,0.96969696969697,1,1.96969696969697
8,"survival",2,"Purely linear","GABLE",TRUE,"C-index",0.729452549472772,5.14999999999998,NA,5,5,0,4,1,0,0,0,0.8,0.2,1,1.2
8,"survival",2,"Purely linear","GBM",TRUE,"C-index",0.831768501131494,0.0399999999999636,NA,NA,NA,NA,NA,NA,NA,NA,NA,NA,NA,NA,NA
8,"survival",2,"Purely linear","Linear",TRUE,"C-index",0.872694881794983,0.0300000000000864,NA,20,0,20,20,0,0,0,0,1,0,1,1
8,"survival",2,"Purely linear","Random forest",TRUE,"C-index",0.822764697385526,0.779999999999973,NA,NA,NA,NA,NA,NA,NA,NA,NA,NA,NA,NA,NA
8,"survival",2,"Purely linear","RuleFit",TRUE,"C-index",0.834416678703837,28.3000000000001,NA,31,31,0,0,14,17,0,0,0,0.451612903225806,0.451612903225806,2.54838709677419
9,"survival",2,"Purely linear","BRP-GABLE full",TRUE,"C-index",0.842565597667638,255.17,NA,32,29,3,6,26,0,0,0,0.1875,0.8125,1,1.8125
9,"survival",2,"Purely linear","BRP-GABLE rule-only",TRUE,"C-index",0.82973319197809,253.73,NA,36,36,0,5,31,0,0,0,0.138888888888889,0.861111111111111,1,1.86111111111111
9,"survival",2,"Purely linear","GABLE",TRUE,"C-index",0.728200371057514,5.47000000000003,NA,4,4,0,3,1,0,0,0,0.75,0.25,1,1.25
9,"survival",2,"Purely linear","GBM",TRUE,"C-index",0.852504638218924,0.0499999999999545,NA,NA,NA,NA,NA,NA,NA,NA,NA,NA,NA,NA,NA
9,"survival",2,"Purely linear","Linear",TRUE,"C-index",0.890979768530789,0.0299999999999727,NA,20,0,20,20,0,0,0,0,1,0,1,1
9,"survival",2,"Purely linear","Random forest",TRUE,"C-index",0.815354713313897,0.840000000000032,NA,NA,NA,NA,NA,NA,NA,NA,NA,NA,NA,NA,NA
9,"survival",2,"Purely linear","RuleFit",TRUE,"C-index",0.843780369290573,27.5599999999999,NA,40,40,0,0,22,18,0,0,0,0.55,0.55,2.45
10,"survival",2,"Purely linear","BRP-GABLE full",TRUE,"C-index",0.837624681048481,254.88,NA,27,24,3,9,18,0,0,0,0.333333333333333,0.666666666666667,1,1.66666666666667
10,"survival",2,"Purely linear","BRP-GABLE rule-only",TRUE,"C-index",0.831732776617954,254.35,NA,25,25,0,7,18,0,0,0,0.28,0.72,1,1.72
10,"survival",2,"Purely linear","GABLE",TRUE,"C-index",0.74333101368592,5.27999999999997,NA,5,5,0,5,0,0,0,0,1,0,1,1
10,"survival",2,"Purely linear","GBM",TRUE,"C-index",0.845233124565066,0.0199999999999818,NA,NA,NA,NA,NA,NA,NA,NA,NA,NA,NA,NA,NA
10,"survival",2,"Purely linear","Linear",TRUE,"C-index",0.874553467872883,0.0499999999999545,NA,20,0,20,20,0,0,0,0,1,0,1,1
10,"survival",2,"Purely linear","Random forest",TRUE,"C-index",0.825516121549524,0.75,NA,NA,NA,NA,NA,NA,NA,NA,NA,NA,NA,NA,NA
10,"survival",2,"Purely linear","RuleFit",TRUE,"C-index",0.840848990953375,29.2600000000001,NA,30,30,0,0,14,16,0,0,0,0.466666666666667,0.466666666666667,2.53333333333333
11,"survival",2,"Purely linear","BRP-GABLE full",TRUE,"C-index",0.807278898736564,229.29,NA,38,35,3,6,32,0,0,0,0.157894736842105,0.842105263157895,1,1.84210526315789
11,"survival",2,"Purely linear","BRP-GABLE rule-only",TRUE,"C-index",0.796035263058646,228.45,NA,39,39,0,4,35,0,0,0,0.102564102564103,0.897435897435897,1,1.8974358974359
11,"survival",2,"Purely linear","GABLE",TRUE,"C-index",0.655195172543843,3.90999999999997,NA,5,5,0,4,1,0,0,0,0.8,0.2,1,1.2
11,"survival",2,"Purely linear","GBM",TRUE,"C-index",0.833867622100698,0.0399999999999636,NA,NA,NA,NA,NA,NA,NA,NA,NA,NA,NA,NA,NA
11,"survival",2,"Purely linear","Linear",TRUE,"C-index",0.860314916085235,0.00999999999999091,NA,20,0,20,20,0,0,0,0,1,0,1,1
11,"survival",2,"Purely linear","Random forest",TRUE,"C-index",0.824014708655478,0.710000000000036,NA,NA,NA,NA,NA,NA,NA,NA,NA,NA,NA,NA,NA
11,"survival",2,"Purely linear","RuleFit",TRUE,"C-index",0.82646615123515,30.11,NA,55,55,0,0,19,36,0,0,0,0.345454545454545,0.345454545454545,2.65454545454545
12,"survival",2,"Purely linear","BRP-GABLE full",TRUE,"C-index",0.832437907345429,233.06,NA,39,36,3,9,30,0,0,0,0.230769230769231,0.769230769230769,1,1.76923076923077
12,"survival",2,"Purely linear","BRP-GABLE rule-only",TRUE,"C-index",0.820195525805883,231.71,NA,41,41,0,8,33,0,0,0,0.195121951219512,0.804878048780488,1,1.80487804878049
12,"survival",2,"Purely linear","GABLE",TRUE,"C-index",0.732539193235864,5.13999999999999,NA,5,5,0,5,0,0,0,0,1,0,1,1
12,"survival",2,"Purely linear","GBM",TRUE,"C-index",0.841201338735247,0.0199999999999818,NA,NA,NA,NA,NA,NA,NA,NA,NA,NA,NA,NA,NA
12,"survival",2,"Purely linear","Linear",TRUE,"C-index",0.856482296987846,0.0199999999999818,NA,20,0,20,20,0,0,0,0,1,0,1,1
12,"survival",2,"Purely linear","Random forest",TRUE,"C-index",0.833142504844108,0.789999999999964,NA,NA,NA,NA,NA,NA,NA,NA,NA,NA,NA,NA,NA
12,"survival",2,"Purely linear","RuleFit",TRUE,"C-index",0.829861722740884,27.5,NA,50,50,0,0,25,25,0,0,0,0.5,0.5,2.5
13,"survival",2,"Purely linear","BRP-GABLE full",TRUE,"C-index",0.845372190001438,235.73,NA,57,53,4,16,41,0,0,0,0.280701754385965,0.719298245614035,1,1.71929824561404
13,"survival",2,"Purely linear","BRP-GABLE rule-only",TRUE,"C-index",0.839716244068446,234.12,NA,54,54,0,13,41,0,0,0,0.240740740740741,0.759259259259259,1,1.75925925925926
13,"survival",2,"Purely linear","GABLE",TRUE,"C-index",0.739898384700187,4.75,NA,5,5,0,5,0,0,0,0,1,0,1,1
13,"survival",2,"Purely linear","GBM",TRUE,"C-index",0.854623016824043,0.0199999999999818,NA,NA,NA,NA,NA,NA,NA,NA,NA,NA,NA,NA,NA
13,"survival",2,"Purely linear","Linear",TRUE,"C-index",0.88122513540718,0.00999999999999091,NA,20,0,20,20,0,0,0,0,1,0,1,1
13,"survival",2,"Purely linear","Random forest",TRUE,"C-index",0.821022863442458,0.75,NA,NA,NA,NA,NA,NA,NA,NA,NA,NA,NA,NA,NA
13,"survival",2,"Purely linear","RuleFit",TRUE,"C-index",0.843406988448449,30.83,NA,49,49,0,0,29,20,0,0,0,0.591836734693878,0.591836734693878,2.40816326530612
14,"survival",2,"Purely linear","BRP-GABLE full",TRUE,"C-index",0.828055530351148,239.62,NA,40,37,3,10,30,0,0,0,0.25,0.75,1,1.75
14,"survival",2,"Purely linear","BRP-GABLE rule-only",TRUE,"C-index",0.822180382905362,239.01,NA,35,35,0,6,29,0,0,0,0.171428571428571,0.828571428571429,1,1.82857142857143
14,"survival",2,"Purely linear","GABLE",TRUE,"C-index",0.75941384629344,4.8900000000001,NA,5,5,0,5,0,0,0,0,1,0,1,1
14,"survival",2,"Purely linear","GBM",TRUE,"C-index",0.835768079121677,0.0199999999999818,NA,NA,NA,NA,NA,NA,NA,NA,NA,NA,NA,NA,NA
14,"survival",2,"Purely linear","Linear",TRUE,"C-index",0.866754378005626,0.00999999999999091,NA,20,0,20,20,0,0,0,0,1,0,1,1
14,"survival",2,"Purely linear","Random forest",TRUE,"C-index",0.793938844025043,0.669999999999959,NA,NA,NA,NA,NA,NA,NA,NA,NA,NA,NA,NA,NA
14,"survival",2,"Purely linear","RuleFit",TRUE,"C-index",0.836879593503312,25.87,NA,49,49,0,0,23,26,0,0,0,0.469387755102041,0.469387755102041,2.53061224489796
15,"survival",2,"Purely linear","BRP-GABLE full",TRUE,"C-index",0.826951951951952,229.87,NA,39,36,3,6,33,0,0,0,0.153846153846154,0.846153846153846,1,1.84615384615385
15,"survival",2,"Purely linear","BRP-GABLE rule-only",TRUE,"C-index",0.821086711711712,229.31,NA,39,39,0,4,35,0,0,0,0.102564102564103,0.897435897435897,1,1.8974358974359
15,"survival",2,"Purely linear","GABLE",TRUE,"C-index",0.698503190690691,4.29999999999995,NA,5,5,0,4,1,0,0,0,0.8,0.2,1,1.2
15,"survival",2,"Purely linear","GBM",TRUE,"C-index",0.835491741741742,0.0199999999999818,NA,NA,NA,NA,NA,NA,NA,NA,NA,NA,NA,NA,NA
15,"survival",2,"Purely linear","Linear",TRUE,"C-index",0.875609984984985,0.00999999999999091,NA,20,0,20,20,0,0,0,0,1,0,1,1
15,"survival",2,"Purely linear","Random forest",TRUE,"C-index",0.799455705705706,0.730000000000018,NA,NA,NA,NA,NA,NA,NA,NA,NA,NA,NA,NA,NA
15,"survival",2,"Purely linear","RuleFit",TRUE,"C-index",0.82641234984985,26,NA,37,37,0,0,17,20,0,0,0,0.459459459459459,0.459459459459459,2.54054054054054
16,"survival",2,"Purely linear","BRP-GABLE full",TRUE,"C-index",0.830790756454234,261.51,NA,40,35,5,12,28,0,0,0,0.3,0.7,1,1.7
16,"survival",2,"Purely linear","BRP-GABLE rule-only",TRUE,"C-index",0.820116447012096,259.69,NA,41,41,0,8,33,0,0,0,0.195121951219512,0.804878048780488,1,1.80487804878049
16,"survival",2,"Purely linear","GABLE",TRUE,"C-index",0.720143527712583,5.31999999999994,NA,5,5,0,4,1,0,0,0,0.8,0.2,1,1.2
16,"survival",2,"Purely linear","GBM",TRUE,"C-index",0.839230908106156,0.0499999999999545,NA,NA,NA,NA,NA,NA,NA,NA,NA,NA,NA,NA,NA
16,"survival",2,"Purely linear","Linear",TRUE,"C-index",0.86279111753024,0,NA,20,0,20,20,0,0,0,0,1,0,1,1
16,"survival",2,"Purely linear","Random forest",TRUE,"C-index",0.822531142805561,0.800000000000182,NA,NA,NA,NA,NA,NA,NA,NA,NA,NA,NA,NA,NA
16,"survival",2,"Purely linear","RuleFit",TRUE,"C-index",0.843744358187398,34.25,NA,49,49,0,0,20,29,0,0,0,0.408163265306122,0.408163265306122,2.59183673469388
17,"survival",2,"Purely linear","BRP-GABLE full",TRUE,"C-index",0.842055612955393,265.73,NA,37,32,5,13,24,0,0,0,0.351351351351351,0.648648648648649,1,1.64864864864865
17,"survival",2,"Purely linear","BRP-GABLE rule-only",TRUE,"C-index",0.811014779210278,264.2,NA,33,33,0,6,27,0,0,0,0.181818181818182,0.818181818181818,1,1.81818181818182
17,"survival",2,"Purely linear","GABLE",TRUE,"C-index",0.741184133686717,6.27999999999997,NA,5,5,0,4,1,0,0,0,0.8,0.2,1,1.2
17,"survival",2,"Purely linear","GBM",TRUE,"C-index",0.845873949957324,0.0499999999999545,NA,NA,NA,NA,NA,NA,NA,NA,NA,NA,NA,NA,NA
17,"survival",2,"Purely linear","Linear",TRUE,"C-index",0.877184313373164,0.0199999999999818,NA,20,0,20,20,0,0,0,0,1,0,1,1
17,"survival",2,"Purely linear","Random forest",TRUE,"C-index",0.839584924307084,0.779999999999973,NA,NA,NA,NA,NA,NA,NA,NA,NA,NA,NA,NA,NA
17,"survival",2,"Purely linear","RuleFit",TRUE,"C-index",0.843807555815103,27.9100000000001,NA,41,41,0,0,25,16,0,0,0,0.609756097560976,0.609756097560976,2.39024390243902
18,"survival",2,"Purely linear","BRP-GABLE full",TRUE,"C-index",0.801229776285378,280.46,NA,37,33,4,8,29,0,0,0,0.216216216216216,0.783783783783784,1,1.78378378378378
18,"survival",2,"Purely linear","BRP-GABLE rule-only",TRUE,"C-index",0.794426758536479,279,NA,38,38,0,5,33,0,0,0,0.131578947368421,0.868421052631579,1,1.86842105263158
18,"survival",2,"Purely linear","GABLE",TRUE,"C-index",0.675744625179888,5.32000000000016,NA,5,5,0,3,2,0,0,0,0.6,0.4,1,1.4
18,"survival",2,"Purely linear","GBM",TRUE,"C-index",0.823862893026907,0.0299999999999727,NA,NA,NA,NA,NA,NA,NA,NA,NA,NA,NA,NA,NA
18,"survival",2,"Purely linear","Linear",TRUE,"C-index",0.863721599581353,0.0199999999999818,NA,20,0,20,20,0,0,0,0,1,0,1,1
18,"survival",2,"Purely linear","Random forest",TRUE,"C-index",0.795735031180498,0.869999999999891,NA,NA,NA,NA,NA,NA,NA,NA,NA,NA,NA,NA,NA
18,"survival",2,"Purely linear","RuleFit",TRUE,"C-index",0.809537307574899,33.5899999999999,NA,38,38,0,0,15,23,0,0,0,0.394736842105263,0.394736842105263,2.60526315789474
19,"survival",2,"Purely linear","BRP-GABLE full",TRUE,"C-index",0.808326278571784,299.46,NA,45,42,3,6,39,0,0,0,0.133333333333333,0.866666666666667,1,1.86666666666667
19,"survival",2,"Purely linear","BRP-GABLE rule-only",TRUE,"C-index",0.798590707634082,323.07,NA,40,40,0,4,36,0,0,0,0.1,0.9,1,1.9
19,"survival",2,"Purely linear","GABLE",TRUE,"C-index",0.690528360141427,4.99000000000001,NA,5,5,0,3,2,0,0,0,0.6,0.4,1,1.4
19,"survival",2,"Purely linear","GBM",TRUE,"C-index",0.794083959962153,0.0200000000002092,NA,NA,NA,NA,NA,NA,NA,NA,NA,NA,NA,NA,NA
19,"survival",2,"Purely linear","Linear",TRUE,"C-index",0.849858074797072,0.00999999999999091,NA,20,0,20,20,0,0,0,0,1,0,1,1
19,"survival",2,"Purely linear","Random forest",TRUE,"C-index",0.775409591155819,0.899999999999864,NA,NA,NA,NA,NA,NA,NA,NA,NA,NA,NA,NA,NA
19,"survival",2,"Purely linear","RuleFit",TRUE,"C-index",0.777600717095762,25.6200000000001,NA,25,25,0,0,5,20,0,0,0,0.2,0.2,2.8
20,"survival",2,"Purely linear","BRP-GABLE full",TRUE,"C-index",0.828614191775444,271.62,NA,25,25,0,1,24,0,0,0,0.04,0.96,1,1.96
20,"survival",2,"Purely linear","BRP-GABLE rule-only",TRUE,"C-index",0.828614191775444,271.97,NA,25,25,0,1,24,0,0,0,0.04,0.96,1,1.96
20,"survival",2,"Purely linear","GABLE",TRUE,"C-index",0.742688193149475,5.63000000000011,NA,5,5,0,3,2,0,0,0,0.6,0.4,1,1.4
20,"survival",2,"Purely linear","GBM",TRUE,"C-index",0.858082245558936,0.0499999999999545,NA,NA,NA,NA,NA,NA,NA,NA,NA,NA,NA,NA,NA
20,"survival",2,"Purely linear","Linear",TRUE,"C-index",0.895917165570713,0,NA,20,0,20,20,0,0,0,0,1,0,1,1
20,"survival",2,"Purely linear","Random forest",TRUE,"C-index",0.832858965551085,0.839999999999918,NA,NA,NA,NA,NA,NA,NA,NA,NA,NA,NA,NA,NA
20,"survival",2,"Purely linear","RuleFit",TRUE,"C-index",0.839999018549416,27.8399999999999,NA,41,41,0,0,19,22,0,0,0,0.463414634146341,0.463414634146341,2.53658536585366
21,"survival",2,"Purely linear","BRP-GABLE full",TRUE,"C-index",0.809643052267347,318.76,NA,37,35,2,7,30,0,0,0,0.189189189189189,0.810810810810811,1,1.81081081081081
21,"survival",2,"Purely linear","BRP-GABLE rule-only",TRUE,"C-index",0.809392642505919,303.44,NA,37,37,0,7,30,0,0,0,0.189189189189189,0.810810810810811,1,1.81081081081081
21,"survival",2,"Purely linear","GABLE",TRUE,"C-index",0.670665634674923,5.59999999999991,NA,4,4,0,3,1,0,0,0,0.75,0.25,1,1.25
21,"survival",2,"Purely linear","GBM",TRUE,"C-index",0.802950282280095,0.0299999999999727,NA,NA,NA,NA,NA,NA,NA,NA,NA,NA,NA,NA,NA
21,"survival",2,"Purely linear","Linear",TRUE,"C-index",0.83222545984338,0,NA,20,0,20,20,0,0,0,0,1,0,1,1
21,"survival",2,"Purely linear","Random forest",TRUE,"C-index",0.770715716627208,0.900000000000091,NA,NA,NA,NA,NA,NA,NA,NA,NA,NA,NA,NA,NA
21,"survival",2,"Purely linear","RuleFit",TRUE,"C-index",0.804634857038791,29.7,NA,47,47,0,0,23,24,0,0,0,0.48936170212766,0.48936170212766,2.51063829787234
22,"survival",2,"Purely linear","BRP-GABLE full",TRUE,"C-index",0.860450160771704,307.21,NA,47,44,3,18,29,0,0,0,0.382978723404255,0.617021276595745,1,1.61702127659574
22,"survival",2,"Purely linear","BRP-GABLE rule-only",TRUE,"C-index",0.854983922829582,284.45,NA,49,49,0,17,32,0,0,0,0.346938775510204,0.653061224489796,1,1.6530612244898
22,"survival",2,"Purely linear","GABLE",TRUE,"C-index",0.761116214974736,6.1099999999999,NA,5,5,0,5,0,0,0,0,1,0,1,1
22,"survival",2,"Purely linear","GBM",TRUE,"C-index",0.859807073954984,0.0299999999999727,NA,NA,NA,NA,NA,NA,NA,NA,NA,NA,NA,NA,NA
22,"survival",2,"Purely linear","Linear",TRUE,"C-index",0.890813045475425,0.0199999999999818,NA,20,0,20,20,0,0,0,0,1,0,1,1
22,"survival",2,"Purely linear","Random forest",TRUE,"C-index",0.840927882406982,1,NA,NA,NA,NA,NA,NA,NA,NA,NA,NA,NA,NA,NA
22,"survival",2,"Purely linear","RuleFit",TRUE,"C-index",0.852779053743684,33.6100000000001,NA,44,44,0,0,23,21,0,0,0,0.522727272727273,0.522727272727273,2.47727272727273
23,"survival",2,"Purely linear","BRP-GABLE full",TRUE,"C-index",0.802517665777528,277.7,NA,37,35,2,9,28,0,0,0,0.243243243243243,0.756756756756757,1,1.75675675675676
23,"survival",2,"Purely linear","BRP-GABLE rule-only",TRUE,"C-index",0.803102625298329,277.52,NA,38,38,0,9,29,0,0,0,0.236842105263158,0.763157894736842,1,1.76315789473684
23,"survival",2,"Purely linear","GABLE",TRUE,"C-index",0.7199915765829,6.19000000000005,NA,5,5,0,4,1,0,0,0,0.8,0.2,1,1.2
23,"survival",2,"Purely linear","GBM",TRUE,"C-index",0.837849220833918,0.0299999999999727,NA,NA,NA,NA,NA,NA,NA,NA,NA,NA,NA,NA,NA
23,"survival",2,"Purely linear","Linear",TRUE,"C-index",0.853619729514718,0,NA,20,0,20,20,0,0,0,0,1,0,1,1
23,"survival",2,"Purely linear","Random forest",TRUE,"C-index",0.808975618887173,0.75,NA,NA,NA,NA,NA,NA,NA,NA,NA,NA,NA,NA,NA
23,"survival",2,"Purely linear","RuleFit",TRUE,"C-index",0.821797931583135,30.76,NA,38,38,0,0,15,23,0,0,0,0.394736842105263,0.394736842105263,2.60526315789474
24,"survival",2,"Purely linear","BRP-GABLE full",TRUE,"C-index",0.794358426766329,286.81,NA,32,28,4,8,24,0,0,0,0.25,0.75,1,1.75
24,"survival",2,"Purely linear","BRP-GABLE rule-only",TRUE,"C-index",0.766306282256629,285.95,NA,23,23,0,2,21,0,0,0,0.0869565217391304,0.91304347826087,1,1.91304347826087
24,"survival",2,"Purely linear","GABLE",TRUE,"C-index",0.669669870083645,5.20000000000005,NA,5,5,0,3,2,0,0,0,0.6,0.4,1,1.4
24,"survival",2,"Purely linear","GBM",TRUE,"C-index",0.811621284926143,0.0299999999999727,NA,NA,NA,NA,NA,NA,NA,NA,NA,NA,NA,NA,NA
24,"survival",2,"Purely linear","Linear",TRUE,"C-index",0.843255027584979,0.0199999999999818,NA,20,0,20,20,0,0,0,0,1,0,1,1
24,"survival",2,"Purely linear","Random forest",TRUE,"C-index",0.760233137568962,0.799999999999955,NA,NA,NA,NA,NA,NA,NA,NA,NA,NA,NA,NA,NA
24,"survival",2,"Purely linear","RuleFit",TRUE,"C-index",0.800008898380495,30.45,NA,48,48,0,0,34,14,0,0,0,0.708333333333333,0.708333333333333,2.29166666666667
25,"survival",2,"Purely linear","BRP-GABLE full",TRUE,"C-index",0.817029148993773,291.27,NA,39,36,3,5,34,0,0,0,0.128205128205128,0.871794871794872,1,1.87179487179487
25,"survival",2,"Purely linear","BRP-GABLE rule-only",TRUE,"C-index",0.814005956141143,291.04,NA,37,37,0,2,35,0,0,0,0.0540540540540541,0.945945945945946,1,1.94594594594595
25,"survival",2,"Purely linear","GABLE",TRUE,"C-index",0.724912011551304,5.25,NA,5,5,0,3,2,0,0,0,0.6,0.4,1,1.4
25,"survival",2,"Purely linear","GBM",TRUE,"C-index",0.838823210901543,0.0199999999999818,NA,NA,NA,NA,NA,NA,NA,NA,NA,NA,NA,NA,NA
25,"survival",2,"Purely linear","Linear",TRUE,"C-index",0.865129500947568,0.00999999999999091,NA,20,0,20,20,0,0,0,0,1,0,1,1
25,"survival",2,"Purely linear","Random forest",TRUE,"C-index",0.801597328760942,0.810000000000173,NA,NA,NA,NA,NA,NA,NA,NA,NA,NA,NA,NA,NA
25,"survival",2,"Purely linear","RuleFit",TRUE,"C-index",0.821902355383088,32.49,NA,44,44,0,0,19,25,0,0,0,0.431818181818182,0.431818181818182,2.56818181818182
26,"survival",2,"Purely linear","BRP-GABLE full",TRUE,"C-index",0.806799576230377,293.5,NA,42,36,6,13,29,0,0,0,0.30952380952381,0.69047619047619,1,1.69047619047619
26,"survival",2,"Purely linear","BRP-GABLE rule-only",TRUE,"C-index",0.789704324376384,292.15,NA,36,36,0,6,30,0,0,0,0.166666666666667,0.833333333333333,1,1.83333333333333
26,"survival",2,"Purely linear","GABLE",TRUE,"C-index",0.699075411730714,5.25,NA,4,4,0,2,2,0,0,0,0.5,0.5,1,1.5
26,"survival",2,"Purely linear","GBM",TRUE,"C-index",0.817441972454974,0.0299999999999727,NA,NA,NA,NA,NA,NA,NA,NA,NA,NA,NA,NA,NA
26,"survival",2,"Purely linear","Linear",TRUE,"C-index",0.882741018973322,0.0199999999999818,NA,20,0,20,20,0,0,0,0,1,0,1,1
26,"survival",2,"Purely linear","Random forest",TRUE,"C-index",0.769430800346721,0.870000000000118,NA,NA,NA,NA,NA,NA,NA,NA,NA,NA,NA,NA,NA
26,"survival",2,"Purely linear","RuleFit",TRUE,"C-index",0.826495232591737,32.53,NA,37,37,0,0,20,17,0,0,0,0.540540540540541,0.540540540540541,2.45945945945946
27,"survival",2,"Purely linear","BRP-GABLE full",TRUE,"C-index",0.82196041470311,291.23,NA,42,39,3,9,33,0,0,0,0.214285714285714,0.785714285714286,1,1.78571428571429
27,"survival",2,"Purely linear","BRP-GABLE rule-only",TRUE,"C-index",0.814679547596607,287.94,NA,37,37,0,6,31,0,0,0,0.162162162162162,0.837837837837838,1,1.83783783783784
27,"survival",2,"Purely linear","GABLE",TRUE,"C-index",0.725895381715363,6.50999999999999,NA,5,5,0,4,1,0,0,0,0.8,0.2,1,1.2
27,"survival",2,"Purely linear","GBM",TRUE,"C-index",0.851932139491046,0.0199999999999818,NA,NA,NA,NA,NA,NA,NA,NA,NA,NA,NA,NA,NA
27,"survival",2,"Purely linear","Linear",TRUE,"C-index",0.880725730442978,0.00999999999999091,NA,20,0,20,20,0,0,0,0,1,0,1,1
27,"survival",2,"Purely linear","Random forest",TRUE,"C-index",0.829359095193214,0.830000000000155,NA,NA,NA,NA,NA,NA,NA,NA,NA,NA,NA,NA,NA
27,"survival",2,"Purely linear","RuleFit",TRUE,"C-index",0.819274269557022,28.8599999999999,NA,34,34,0,0,22,12,0,0,0,0.647058823529412,0.647058823529412,2.35294117647059
28,"survival",2,"Purely linear","BRP-GABLE full",TRUE,"C-index",0.786678028689107,284.51,NA,27,26,1,5,22,0,0,0,0.185185185185185,0.814814814814815,1,1.81481481481481
28,"survival",2,"Purely linear","BRP-GABLE rule-only",TRUE,"C-index",0.780405245467026,283.96,NA,25,25,0,4,21,0,0,0,0.16,0.84,1,1.84
28,"survival",2,"Purely linear","GABLE",TRUE,"C-index",0.720328551815556,5.42000000000007,NA,5,5,0,4,1,0,0,0,0.8,0.2,1,1.2
28,"survival",2,"Purely linear","GBM",TRUE,"C-index",0.833925105335416,0.0299999999999727,NA,NA,NA,NA,NA,NA,NA,NA,NA,NA,NA,NA,NA
28,"survival",2,"Purely linear","Linear",TRUE,"C-index",0.883160535908725,0.0199999999999818,NA,20,0,20,20,0,0,0,0,1,0,1,1
28,"survival",2,"Purely linear","Random forest",TRUE,"C-index",0.798939544572267,0.8599999999999,NA,NA,NA,NA,NA,NA,NA,NA,NA,NA,NA,NA,NA
28,"survival",2,"Purely linear","RuleFit",TRUE,"C-index",0.813189414382427,27.7,NA,33,33,0,0,15,18,0,0,0,0.454545454545455,0.454545454545455,2.54545454545455
29,"survival",2,"Purely linear","BRP-GABLE full",TRUE,"C-index",0.781523454310716,287.59,NA,32,29,3,3,29,0,0,0,0.09375,0.90625,1,1.90625
29,"survival",2,"Purely linear","BRP-GABLE rule-only",TRUE,"C-index",0.779036962654808,286.84,NA,28,28,0,0,28,0,0,0,0,1,1,2
29,"survival",2,"Purely linear","GABLE",TRUE,"C-index",0.71510543680964,6.07999999999993,NA,5,5,0,5,0,0,0,0,1,0,1,1
29,"survival",2,"Purely linear","GBM",TRUE,"C-index",0.819203366327165,0.0299999999999727,NA,NA,NA,NA,NA,NA,NA,NA,NA,NA,NA,NA,NA
29,"survival",2,"Purely linear","Linear",TRUE,"C-index",0.857696169846507,0,NA,20,0,20,20,0,0,0,0,1,0,1,1
29,"survival",2,"Purely linear","Random forest",TRUE,"C-index",0.784775020322288,0.910000000000082,NA,NA,NA,NA,NA,NA,NA,NA,NA,NA,NA,NA,NA
29,"survival",2,"Purely linear","RuleFit",TRUE,"C-index",0.804834313584851,28.25,NA,43,43,0,0,23,20,0,0,0,0.534883720930233,0.534883720930233,2.46511627906977
30,"survival",2,"Purely linear","BRP-GABLE full",TRUE,"C-index",0.819498841861445,285.86,NA,31,28,3,5,26,0,0,0,0.161290322580645,0.838709677419355,1,1.83870967741935
30,"survival",2,"Purely linear","BRP-GABLE rule-only",TRUE,"C-index",0.81623499684144,283.84,NA,36,36,0,6,30,0,0,0,0.166666666666667,0.833333333333333,1,1.83333333333333
30,"survival",2,"Purely linear","GABLE",TRUE,"C-index",0.74017687934302,6.28999999999996,NA,5,5,0,5,0,0,0,0,1,0,1,1
30,"survival",2,"Purely linear","GBM",TRUE,"C-index",0.816929879974732,0.0300000000002001,NA,NA,NA,NA,NA,NA,NA,NA,NA,NA,NA,NA,NA
30,"survival",2,"Purely linear","Linear",TRUE,"C-index",0.843124868393346,0,NA,20,0,20,20,0,0,0,0,1,0,1,1
30,"survival",2,"Purely linear","Random forest",TRUE,"C-index",0.791450831754054,0.769999999999982,NA,NA,NA,NA,NA,NA,NA,NA,NA,NA,NA,NA,NA
30,"survival",2,"Purely linear","RuleFit",TRUE,"C-index",0.827753211202358,30.5,NA,39,39,0,0,23,16,0,0,0,0.58974358974359,0.58974358974359,2.41025641025641
31,"survival",2,"Purely linear","BRP-GABLE full",TRUE,"C-index",0.833193592515776,275.12,NA,36,33,3,10,26,0,0,0,0.277777777777778,0.722222222222222,1,1.72222222222222
31,"survival",2,"Purely linear","BRP-GABLE rule-only",TRUE,"C-index",0.822801288557433,272.11,NA,40,40,0,9,31,0,0,0,0.225,0.775,1,1.775
31,"survival",2,"Purely linear","GABLE",TRUE,"C-index",0.708110851242222,4.49000000000001,NA,4,4,0,2,2,0,0,0,0.5,0.5,1,1.5
31,"survival",2,"Purely linear","GBM",TRUE,"C-index",0.842107585719959,0.0299999999999727,NA,NA,NA,NA,NA,NA,NA,NA,NA,NA,NA,NA,NA
31,"survival",2,"Purely linear","Linear",TRUE,"C-index",0.870526455143197,0.0199999999999818,NA,20,0,20,20,0,0,0,0,1,0,1,1
31,"survival",2,"Purely linear","Random forest",TRUE,"C-index",0.823573540443934,0.840000000000146,NA,NA,NA,NA,NA,NA,NA,NA,NA,NA,NA,NA,NA
31,"survival",2,"Purely linear","RuleFit",TRUE,"C-index",0.834539517232249,30.5799999999999,NA,43,43,0,0,23,20,0,0,0,0.534883720930233,0.534883720930233,2.46511627906977
32,"survival",2,"Purely linear","BRP-GABLE full",TRUE,"C-index",0.837396427031946,255.88,NA,28,25,3,4,24,0,0,0,0.142857142857143,0.857142857142857,1,1.85714285714286
32,"survival",2,"Purely linear","BRP-GABLE rule-only",TRUE,"C-index",0.825997413669237,255.56,NA,34,34,0,9,25,0,0,0,0.264705882352941,0.735294117647059,1,1.73529411764706
32,"survival",2,"Purely linear","GABLE",TRUE,"C-index",0.7511135590785,4.9399999999996,NA,5,5,0,4,1,0,0,0,0.8,0.2,1,1.2
32,"survival",2,"Purely linear","GBM",TRUE,"C-index",0.856746012740074,0.0399999999999636,NA,NA,NA,NA,NA,NA,NA,NA,NA,NA,NA,NA,NA
32,"survival",2,"Purely linear","Linear",TRUE,"C-index",0.899085205230135,0.0199999999999818,NA,20,0,20,20,0,0,0,0,1,0,1,1
32,"survival",2,"Purely linear","Random forest",TRUE,"C-index",0.836917476890656,0.800000000000182,NA,NA,NA,NA,NA,NA,NA,NA,NA,NA,NA,NA,NA
32,"survival",2,"Purely linear","RuleFit",TRUE,"C-index",0.83423535609943,29.9500000000003,NA,46,46,0,0,32,14,0,0,0,0.695652173913043,0.695652173913043,2.30434782608696
33,"survival",2,"Purely linear","BRP-GABLE full",TRUE,"C-index",0.810814613328331,245.83,NA,36,33,3,4,32,0,0,0,0.111111111111111,0.888888888888889,1,1.88888888888889
33,"survival",2,"Purely linear","BRP-GABLE rule-only",TRUE,"C-index",0.805937250855883,244.53,NA,41,41,0,5,36,0,0,0,0.121951219512195,0.878048780487805,1,1.8780487804878
33,"survival",2,"Purely linear","GABLE",TRUE,"C-index",0.697931810720818,4.67000000000007,NA,5,5,0,5,0,0,0,0,1,0,1,1
33,"survival",2,"Purely linear","GBM",TRUE,"C-index",0.82568118932608,0.0399999999999636,NA,NA,NA,NA,NA,NA,NA,NA,NA,NA,NA,NA,NA
33,"survival",2,"Purely linear","Linear",TRUE,"C-index",0.851615626318998,0,NA,20,0,20,20,0,0,0,0,1,0,1,1
33,"survival",2,"Purely linear","Random forest",TRUE,"C-index",0.78975753880786,0.860000000000127,NA,NA,NA,NA,NA,NA,NA,NA,NA,NA,NA,NA,NA
33,"survival",2,"Purely linear","RuleFit",TRUE,"C-index",0.800379871500258,24.4200000000001,NA,29,29,0,0,10,19,0,0,0,0.344827586206897,0.344827586206897,2.6551724137931
34,"survival",2,"Purely linear","BRP-GABLE full",TRUE,"C-index",0.802945333515707,307.63,NA,35,31,4,8,27,0,0,0,0.228571428571429,0.771428571428571,1,1.77142857142857
34,"survival",2,"Purely linear","BRP-GABLE rule-only",TRUE,"C-index",0.794373774677427,283.14,NA,41,41,0,8,33,0,0,0,0.195121951219512,0.804878048780488,1,1.80487804878049
34,"survival",2,"Purely linear","GABLE",TRUE,"C-index",0.71558838280217,4.7800000000002,NA,5,5,0,5,0,0,0,0,1,0,1,1
34,"survival",2,"Purely linear","GBM",TRUE,"C-index",0.818857429444216,0.0300000000002001,NA,NA,NA,NA,NA,NA,NA,NA,NA,NA,NA,NA,NA
34,"survival",2,"Purely linear","Linear",TRUE,"C-index",0.865317102083618,0,NA,20,0,20,20,0,0,0,0,1,0,1,1
34,"survival",2,"Purely linear","Random forest",TRUE,"C-index",0.798933114485023,0.7199999999998,NA,NA,NA,NA,NA,NA,NA,NA,NA,NA,NA,NA,NA
34,"survival",2,"Purely linear","RuleFit",TRUE,"C-index",0.810787397984772,28.6499999999996,NA,45,45,0,0,21,24,0,0,0,0.466666666666667,0.466666666666667,2.53333333333333
35,"survival",2,"Purely linear","BRP-GABLE full",TRUE,"C-index",0.820485841072327,255.81,NA,36,32,4,15,21,0,0,0,0.416666666666667,0.583333333333333,1,1.58333333333333
35,"survival",2,"Purely linear","BRP-GABLE rule-only",TRUE,"C-index",0.809666498924928,249.17,NA,35,35,0,10,25,0,0,0,0.285714285714286,0.714285714285714,1,1.71428571428571
35,"survival",2,"Purely linear","GABLE",TRUE,"C-index",0.695548744224347,4.5300000000002,NA,5,5,0,5,0,0,0,0,1,0,1,1
35,"survival",2,"Purely linear","GBM",TRUE,"C-index",0.83425591289629,0.0300000000002001,NA,NA,NA,NA,NA,NA,NA,NA,NA,NA,NA,NA,NA
35,"survival",2,"Purely linear","Linear",TRUE,"C-index",0.878402488677433,0.0199999999999818,NA,20,0,20,20,0,0,0,0,1,0,1,1
35,"survival",2,"Purely linear","Random forest",TRUE,"C-index",0.814218399743813,0.75,NA,NA,NA,NA,NA,NA,NA,NA,NA,NA,NA,NA,NA
35,"survival",2,"Purely linear","RuleFit",TRUE,"C-index",0.839768516400567,25.7399999999998,NA,53,53,0,0,26,27,0,0,0,0.490566037735849,0.490566037735849,2.50943396226415
36,"survival",2,"Purely linear","BRP-GABLE full",TRUE,"C-index",0.795413830168398,290.010000000001,NA,26,24,2,5,21,0,0,0,0.192307692307692,0.807692307692308,1,1.80769230769231
36,"survival",2,"Purely linear","BRP-GABLE rule-only",TRUE,"C-index",0.79830257972053,260.84,NA,28,28,0,3,25,0,0,0,0.107142857142857,0.892857142857143,1,1.89285714285714
36,"survival",2,"Purely linear","GABLE",TRUE,"C-index",0.687410426370477,4.34000000000015,NA,5,5,0,3,2,0,0,0,0.6,0.4,1,1.4
36,"survival",2,"Purely linear","GBM",TRUE,"C-index",0.850949480472949,0.0300000000002001,NA,NA,NA,NA,NA,NA,NA,NA,NA,NA,NA,NA,NA
36,"survival",2,"Purely linear","Linear",TRUE,"C-index",0.878582945180939,0.00999999999976353,NA,20,0,20,20,0,0,0,0,1,0,1,1
36,"survival",2,"Purely linear","Random forest",TRUE,"C-index",0.785560730920817,0.739999999999782,NA,NA,NA,NA,NA,NA,NA,NA,NA,NA,NA,NA,NA
36,"survival",2,"Purely linear","RuleFit",TRUE,"C-index",0.822912934432103,25.4400000000001,NA,32,32,0,0,17,15,0,0,0,0.53125,0.53125,2.46875
37,"survival",2,"Purely linear","BRP-GABLE full",TRUE,"C-index",0.838924205378973,222.37,NA,44,41,3,6,38,0,0,0,0.136363636363636,0.863636363636364,1,1.86363636363636
37,"survival",2,"Purely linear","BRP-GABLE rule-only",TRUE,"C-index",0.827921760391198,220.92,NA,37,37,0,1,36,0,0,0,0.027027027027027,0.972972972972973,1,1.97297297297297
37,"survival",2,"Purely linear","GABLE",TRUE,"C-index",0.72921760391198,3.85999999999967,NA,5,5,0,3,2,0,0,0,0.6,0.4,1,1.4
37,"survival",2,"Purely linear","GBM",TRUE,"C-index",0.839364303178484,0.0499999999997272,NA,NA,NA,NA,NA,NA,NA,NA,NA,NA,NA,NA,NA
37,"survival",2,"Purely linear","Linear",TRUE,"C-index",0.866161369193154,0,NA,20,0,20,20,0,0,0,0,1,0,1,1
37,"survival",2,"Purely linear","Random forest",TRUE,"C-index",0.799804400977995,0.760000000000218,NA,NA,NA,NA,NA,NA,NA,NA,NA,NA,NA,NA,NA
37,"survival",2,"Purely linear","RuleFit",TRUE,"C-index",0.820904645476773,23.3000000000002,NA,35,35,0,0,17,18,0,0,0,0.485714285714286,0.485714285714286,2.51428571428571
38,"survival",2,"Purely linear","BRP-GABLE full",TRUE,"C-index",0.833736450774881,223.08,NA,42,39,3,7,35,0,0,0,0.166666666666667,0.833333333333333,1,1.83333333333333
38,"survival",2,"Purely linear","BRP-GABLE rule-only",TRUE,"C-index",0.828473528621338,230.62,NA,40,40,0,4,36,0,0,0,0.1,0.9,1,1.9
38,"survival",2,"Purely linear","GABLE",TRUE,"C-index",0.724827555316671,4.62000000000035,NA,5,5,0,3,2,0,0,0,0.6,0.4,1,1.4
38,"survival",2,"Purely linear","GBM",TRUE,"C-index",0.844754994177193,0.0500000000001819,NA,NA,NA,NA,NA,NA,NA,NA,NA,NA,NA,NA,NA
38,"survival",2,"Purely linear","Linear",TRUE,"C-index",0.864015049717818,0,NA,20,0,20,20,0,0,0,0,1,0,1,1
38,"survival",2,"Purely linear","Random forest",TRUE,"C-index",0.809101496013616,0.7199999999998,NA,NA,NA,NA,NA,NA,NA,NA,NA,NA,NA,NA,NA
38,"survival",2,"Purely linear","RuleFit",TRUE,"C-index",0.826525127653857,27.1999999999998,NA,48,48,0,0,19,29,0,0,0,0.395833333333333,0.395833333333333,2.60416666666667
39,"survival",2,"Purely linear","BRP-GABLE full",TRUE,"C-index",0.839040571574381,282.55,NA,47,42,5,14,33,0,0,0,0.297872340425532,0.702127659574468,1,1.70212765957447
39,"survival",2,"Purely linear","BRP-GABLE rule-only",TRUE,"C-index",0.831717274815004,287.42,NA,53,53,0,18,35,0,0,0,0.339622641509434,0.660377358490566,1,1.66037735849057
39,"survival",2,"Purely linear","GABLE",TRUE,"C-index",0.711967338606788,4.57999999999993,NA,5,5,0,5,0,0,0,0,1,0,1,1
39,"survival",2,"Purely linear","GBM",TRUE,"C-index",0.836437866802756,0.0300000000002001,NA,NA,NA,NA,NA,NA,NA,NA,NA,NA,NA,NA,NA
39,"survival",2,"Purely linear","Linear",TRUE,"C-index",0.867159989793315,0.0199999999999818,NA,20,0,20,20,0,0,0,0,1,0,1,1
39,"survival",2,"Purely linear","Random forest",TRUE,"C-index",0.80265373819852,0.670000000000073,NA,NA,NA,NA,NA,NA,NA,NA,NA,NA,NA,NA,NA
39,"survival",2,"Purely linear","RuleFit",TRUE,"C-index",0.83847920387854,27.5,NA,42,42,0,0,26,16,0,0,0,0.619047619047619,0.619047619047619,2.38095238095238
40,"survival",2,"Purely linear","BRP-GABLE full",TRUE,"C-index",0.809841453982985,217.309999999999,NA,41,39,2,9,32,0,0,0,0.219512195121951,0.780487804878049,1,1.78048780487805
40,"survival",2,"Purely linear","BRP-GABLE rule-only",TRUE,"C-index",0.810808197989172,215.17,NA,45,45,0,8,37,0,0,0,0.177777777777778,0.822222222222222,1,1.82222222222222
40,"survival",2,"Purely linear","GABLE",TRUE,"C-index",0.717904098994586,4.01000000000022,NA,4,4,0,3,1,0,0,0,0.75,0.25,1,1.25
40,"survival",2,"Purely linear","GBM",TRUE,"C-index",0.819557231245166,0.0500000000001819,NA,NA,NA,NA,NA,NA,NA,NA,NA,NA,NA,NA,NA
40,"survival",2,"Purely linear","Linear",TRUE,"C-index",0.876450116009281,0,NA,20,0,20,20,0,0,0,0,1,0,1,1
40,"survival",2,"Purely linear","Random forest",TRUE,"C-index",0.746809744779582,0.7199999999998,NA,NA,NA,NA,NA,NA,NA,NA,NA,NA,NA,NA,NA
40,"survival",2,"Purely linear","RuleFit",TRUE,"C-index",0.821104021655066,26.1699999999996,NA,46,46,0,0,30,16,0,0,0,0.652173913043478,0.652173913043478,2.34782608695652
41,"survival",2,"Purely linear","BRP-GABLE full",TRUE,"C-index",0.823201834433057,232.66,NA,37,35,2,10,27,0,0,0,0.27027027027027,0.72972972972973,1,1.72972972972973
41,"survival",2,"Purely linear","BRP-GABLE rule-only",TRUE,"C-index",0.815059197903505,231.71,NA,35,35,0,8,27,0,0,0,0.228571428571429,0.771428571428571,1,1.77142857142857
41,"survival",2,"Purely linear","GABLE",TRUE,"C-index",0.710889606439234,4.90999999999985,NA,5,5,0,5,0,0,0,0,1,0,1,1
41,"survival",2,"Purely linear","GBM",TRUE,"C-index",0.831952828864243,0.0299999999997453,NA,NA,NA,NA,NA,NA,NA,NA,NA,NA,NA,NA,NA
41,"survival",2,"Purely linear","Linear",TRUE,"C-index",0.84758294726005,0.0199999999999818,NA,20,0,20,20,0,0,0,0,1,0,1,1
41,"survival",2,"Purely linear","Random forest",TRUE,"C-index",0.792035191164771,0.730000000000018,NA,NA,NA,NA,NA,NA,NA,NA,NA,NA,NA,NA,NA
41,"survival",2,"Purely linear","RuleFit",TRUE,"C-index",0.816439702372596,25.98,NA,39,39,0,0,21,18,0,0,0,0.538461538461538,0.538461538461538,2.46153846153846
42,"survival",2,"Purely linear","BRP-GABLE full",TRUE,"C-index",0.812073490813648,226.52,NA,31,29,2,6,25,0,0,0,0.193548387096774,0.806451612903226,1,1.80645161290323
42,"survival",2,"Purely linear","BRP-GABLE rule-only",TRUE,"C-index",0.808114610673666,224.69,NA,32,32,0,4,28,0,0,0,0.125,0.875,1,1.875
42,"survival",2,"Purely linear","GABLE",TRUE,"C-index",0.721259842519685,4.83000000000038,NA,5,5,0,5,0,0,0,0,1,0,1,1
42,"survival",2,"Purely linear","GBM",TRUE,"C-index",0.832064741907262,0.0300000000002001,NA,NA,NA,NA,NA,NA,NA,NA,NA,NA,NA,NA,NA
42,"survival",2,"Purely linear","Linear",TRUE,"C-index",0.866535433070866,0.00999999999976353,NA,20,0,20,20,0,0,0,0,1,0,1,1
42,"survival",2,"Purely linear","Random forest",TRUE,"C-index",0.790332458442695,0.799999999999727,NA,NA,NA,NA,NA,NA,NA,NA,NA,NA,NA,NA,NA
42,"survival",2,"Purely linear","RuleFit",TRUE,"C-index",0.820691163604549,25.3099999999999,NA,41,41,0,0,20,21,0,0,0,0.48780487804878,0.48780487804878,2.51219512195122
43,"survival",2,"Purely linear","BRP-GABLE full",TRUE,"C-index",0.817302727315402,231.11,NA,37,34,3,8,29,0,0,0,0.216216216216216,0.783783783783784,1,1.78378378378378
43,"survival",2,"Purely linear","BRP-GABLE rule-only",TRUE,"C-index",0.812702436276581,229.08,NA,34,34,0,5,29,0,0,0,0.147058823529412,0.852941176470588,1,1.85294117647059
43,"survival",2,"Purely linear","GABLE",TRUE,"C-index",0.750809745106323,4.5300000000002,NA,5,5,0,4,1,0,0,0,0.8,0.2,1,1.2
43,"survival",2,"Purely linear","GBM",TRUE,"C-index",0.833450687696569,0.0199999999999818,NA,NA,NA,NA,NA,NA,NA,NA,NA,NA,NA,NA,NA
43,"survival",2,"Purely linear","Linear",TRUE,"C-index",0.860770783457729,0.0100000000002183,NA,20,0,20,20,0,0,0,0,1,0,1,1
43,"survival",2,"Purely linear","Random forest",TRUE,"C-index",0.81326573722011,0.7199999999998,NA,NA,NA,NA,NA,NA,NA,NA,NA,NA,NA,NA,NA
43,"survival",2,"Purely linear","RuleFit",TRUE,"C-index",0.815096465286579,24.1799999999998,NA,32,32,0,0,12,20,0,0,0,0.375,0.375,2.625
44,"survival",2,"Purely linear","BRP-GABLE full",TRUE,"C-index",0.844168124438561,216.66,NA,33,30,3,9,24,0,0,0,0.272727272727273,0.727272727272727,1,1.72727272727273
44,"survival",2,"Purely linear","BRP-GABLE rule-only",TRUE,"C-index",0.831757363718028,215.86,NA,19,19,0,0,19,0,0,0,0,1,1,2
44,"survival",2,"Purely linear","GABLE",TRUE,"C-index",0.728688950877027,4.25,NA,5,5,0,3,2,0,0,0,0.6,0.4,1,1.4
44,"survival",2,"Purely linear","GBM",TRUE,"C-index",0.854474965722661,0.0399999999999636,NA,NA,NA,NA,NA,NA,NA,NA,NA,NA,NA,NA,NA
44,"survival",2,"Purely linear","Linear",TRUE,"C-index",0.871448158479505,0,NA,20,0,20,20,0,0,0,0,1,0,1,1
44,"survival",2,"Purely linear","Random forest",TRUE,"C-index",0.820008510235923,0.7199999999998,NA,NA,NA,NA,NA,NA,NA,NA,NA,NA,NA,NA,NA
44,"survival",2,"Purely linear","RuleFit",TRUE,"C-index",0.843860810363576,22.71,NA,29,29,0,0,19,10,0,0,0,0.655172413793103,0.655172413793103,2.3448275862069
45,"survival",2,"Purely linear","BRP-GABLE full",TRUE,"C-index",0.824786524193925,230.37,NA,43,37,6,16,27,0,0,0,0.372093023255814,0.627906976744186,1,1.62790697674419
45,"survival",2,"Purely linear","BRP-GABLE rule-only",TRUE,"C-index",0.792776818627222,228.02,NA,39,39,0,7,32,0,0,0,0.179487179487179,0.82051282051282,1,1.82051282051282
45,"survival",2,"Purely linear","GABLE",TRUE,"C-index",0.737436423871961,4.5600000000004,NA,5,5,0,5,0,0,0,0,1,0,1,1
45,"survival",2,"Purely linear","GBM",TRUE,"C-index",0.824599878680416,0.0500000000001819,NA,NA,NA,NA,NA,NA,NA,NA,NA,NA,NA,NA,NA
45,"survival",2,"Purely linear","Linear",TRUE,"C-index",0.866735103354953,0,NA,20,0,20,20,0,0,0,0,1,0,1,1
45,"survival",2,"Purely linear","Random forest",TRUE,"C-index",0.80154915776212,0.699999999999818,NA,NA,NA,NA,NA,NA,NA,NA,NA,NA,NA,NA,NA
45,"survival",2,"Purely linear","RuleFit",TRUE,"C-index",0.814241052680696,27.9499999999998,NA,37,37,0,0,18,19,0,0,0,0.486486486486487,0.486486486486487,2.51351351351351
46,"survival",2,"Purely linear","BRP-GABLE full",TRUE,"C-index",0.785872903378219,224.04,NA,46,44,2,17,29,0,0,0,0.369565217391304,0.630434782608696,1,1.6304347826087
46,"survival",2,"Purely linear","BRP-GABLE rule-only",TRUE,"C-index",0.779683439640917,227.84,NA,41,41,0,16,25,0,0,0,0.390243902439024,0.609756097560976,1,1.60975609756098
46,"survival",2,"Purely linear","GABLE",TRUE,"C-index",0.693125442948264,4.61000000000013,NA,4,4,0,3,1,0,0,0,0.75,0.25,1,1.25
46,"survival",2,"Purely linear","GBM",TRUE,"C-index",0.813465627214741,0.0299999999997453,NA,NA,NA,NA,NA,NA,NA,NA,NA,NA,NA,NA,NA
46,"survival",2,"Purely linear","Linear",TRUE,"C-index",0.858776281596976,0.0100000000002183,NA,20,0,20,20,0,0,0,0,1,0,1,1
46,"survival",2,"Purely linear","Random forest",TRUE,"C-index",0.78582565556343,0.720000000000255,NA,NA,NA,NA,NA,NA,NA,NA,NA,NA,NA,NA,NA
46,"survival",2,"Purely linear","RuleFit",TRUE,"C-index",0.828301441058351,25.77,NA,50,50,0,0,26,24,0,0,0,0.52,0.52,2.48
47,"survival",2,"Purely linear","BRP-GABLE full",TRUE,"C-index",0.826043690470549,237.6,NA,35,31,4,10,25,0,0,0,0.285714285714286,0.714285714285714,1,1.71428571428571
47,"survival",2,"Purely linear","BRP-GABLE rule-only",TRUE,"C-index",0.816542671658058,231.29,NA,36,36,0,10,26,0,0,0,0.277777777777778,0.722222222222222,1,1.72222222222222
47,"survival",2,"Purely linear","GABLE",TRUE,"C-index",0.710988958915794,4.57999999999993,NA,5,5,0,4,1,0,0,0,0.8,0.2,1,1.2
47,"survival",2,"Purely linear","GBM",TRUE,"C-index",0.828270861962754,0.0499999999997272,NA,NA,NA,NA,NA,NA,NA,NA,NA,NA,NA,NA,NA
47,"survival",2,"Purely linear","Linear",TRUE,"C-index",0.84935791119746,0,NA,20,0,20,20,0,0,0,0,1,0,1,1
47,"survival",2,"Purely linear","Random forest",TRUE,"C-index",0.789366440790409,0.7800000000002,NA,NA,NA,NA,NA,NA,NA,NA,NA,NA,NA,NA,NA
47,"survival",2,"Purely linear","RuleFit",TRUE,"C-index",0.819575415817656,30.5,NA,43,43,0,0,17,26,0,0,0,0.395348837209302,0.395348837209302,2.6046511627907
48,"survival",2,"Purely linear","BRP-GABLE full",TRUE,"C-index",0.838969404186795,235.12,NA,39,34,5,12,27,0,0,0,0.307692307692308,0.692307692307692,1,1.69230769230769
48,"survival",2,"Purely linear","BRP-GABLE rule-only",TRUE,"C-index",0.829735305958132,233.63,NA,45,45,0,12,33,0,0,0,0.266666666666667,0.733333333333333,1,1.73333333333333
48,"survival",2,"Purely linear","GABLE",TRUE,"C-index",0.74861614331723,4.23000000000002,NA,5,5,0,4,1,0,0,0,0.8,0.2,1,1.2
48,"survival",2,"Purely linear","GBM",TRUE,"C-index",0.843045491143317,0.0299999999997453,NA,NA,NA,NA,NA,NA,NA,NA,NA,NA,NA,NA,NA
48,"survival",2,"Purely linear","Linear",TRUE,"C-index",0.865640096618358,0,NA,20,0,20,20,0,0,0,0,1,0,1,1
48,"survival",2,"Purely linear","Random forest",TRUE,"C-index",0.78557769726248,0.75,NA,NA,NA,NA,NA,NA,NA,NA,NA,NA,NA,NA,NA
48,"survival",2,"Purely linear","RuleFit",TRUE,"C-index",0.845762882447665,29.4700000000003,NA,35,35,0,0,9,26,0,0,0,0.257142857142857,0.257142857142857,2.74285714285714
49,"survival",2,"Purely linear","BRP-GABLE full",TRUE,"C-index",0.813469038333492,228.06,NA,25,22,3,3,22,0,0,0,0.12,0.88,1,1.88
49,"survival",2,"Purely linear","BRP-GABLE rule-only",TRUE,"C-index",0.804171026348331,226.83,NA,23,23,0,0,23,0,0,0,0,1,1,2
49,"survival",2,"Purely linear","GABLE",TRUE,"C-index",0.731499096356891,4.71000000000004,NA,5,5,0,5,0,0,0,0,1,0,1,1
49,"survival",2,"Purely linear","GBM",TRUE,"C-index",0.846190430895082,0.0299999999997453,NA,NA,NA,NA,NA,NA,NA,NA,NA,NA,NA,NA,NA
49,"survival",2,"Purely linear","Linear",TRUE,"C-index",0.878436221820603,0,NA,20,0,20,20,0,0,0,0,1,0,1,1
49,"survival",2,"Purely linear","Random forest",TRUE,"C-index",0.827546846761153,0.760000000000218,NA,NA,NA,NA,NA,NA,NA,NA,NA,NA,NA,NA,NA
49,"survival",2,"Purely linear","RuleFit",TRUE,"C-index",0.827570626842956,26.8600000000001,NA,35,35,0,0,20,15,0,0,0,0.571428571428571,0.571428571428571,2.42857142857143
50,"survival",2,"Purely linear","BRP-GABLE full",TRUE,"C-index",0.828930817610063,228.53,NA,42,39,3,12,30,0,0,0,0.285714285714286,0.714285714285714,1,1.71428571428571
50,"survival",2,"Purely linear","BRP-GABLE rule-only",TRUE,"C-index",0.816504012144871,227.52,NA,45,45,0,12,33,0,0,0,0.266666666666667,0.733333333333333,1,1.73333333333333
50,"survival",2,"Purely linear","GABLE",TRUE,"C-index",0.782303188028627,4.60999999999967,NA,5,5,0,4,1,0,0,0,0.8,0.2,1,1.2
50,"survival",2,"Purely linear","GBM",TRUE,"C-index",0.844979397093906,0.0299999999997453,NA,NA,NA,NA,NA,NA,NA,NA,NA,NA,NA,NA,NA
50,"survival",2,"Purely linear","Linear",TRUE,"C-index",0.872435480373021,0,NA,20,0,20,20,0,0,0,0,1,0,1,1
50,"survival",2,"Purely linear","Random forest",TRUE,"C-index",0.800520494469746,0.700000000000273,NA,NA,NA,NA,NA,NA,NA,NA,NA,NA,NA,NA,NA
50,"survival",2,"Purely linear","RuleFit",TRUE,"C-index",0.825612665365431,26.1400000000003,NA,37,37,0,0,21,16,0,0,0,0.567567567567568,0.567567567567568,2.43243243243243
51,"survival",2,"Purely linear","BRP-GABLE full",TRUE,"C-index",0.806028833551769,279.15,NA,36,34,2,6,30,0,0,0,0.166666666666667,0.833333333333333,1,1.83333333333333
51,"survival",2,"Purely linear","BRP-GABLE rule-only",TRUE,"C-index",0.803641640142295,261.02,NA,37,37,0,6,31,0,0,0,0.162162162162162,0.837837837837838,1,1.83783783783784
51,"survival",2,"Purely linear","GABLE",TRUE,"C-index",0.734272608125819,4.61000000000013,NA,5,5,0,5,0,0,0,0,1,0,1,1
51,"survival",2,"Purely linear","GBM",TRUE,"C-index",0.837249578730575,0.00999999999976353,NA,NA,NA,NA,NA,NA,NA,NA,NA,NA,NA,NA,NA
51,"survival",2,"Purely linear","Linear",TRUE,"C-index",0.873712787867441,0.0199999999999818,NA,20,0,20,20,0,0,0,0,1,0,1,1
51,"survival",2,"Purely linear","Random forest",TRUE,"C-index",0.824985957685827,0.710000000000036,NA,NA,NA,NA,NA,NA,NA,NA,NA,NA,NA,NA,NA
51,"survival",2,"Purely linear","RuleFit",TRUE,"C-index",0.81297977906759,25.8400000000001,NA,37,37,0,0,12,25,0,0,0,0.324324324324324,0.324324324324324,2.67567567567568
52,"survival",2,"Purely linear","BRP-GABLE full",TRUE,"C-index",0.840356755226275,224.92,NA,45,42,3,9,36,0,0,0,0.2,0.8,1,1.8
52,"survival",2,"Purely linear","BRP-GABLE rule-only",TRUE,"C-index",0.833325468359209,223.17,NA,42,42,0,9,33,0,0,0,0.214285714285714,0.785714285714286,1,1.78571428571429
52,"survival",2,"Purely linear","GABLE",TRUE,"C-index",0.737648058137889,4.51000000000022,NA,5,5,0,4,1,0,0,0,0.8,0.2,1,1.2
52,"survival",2,"Purely linear","GBM",TRUE,"C-index",0.851635128120428,0.0100000000002183,NA,NA,NA,NA,NA,NA,NA,NA,NA,NA,NA,NA,NA
52,"survival",2,"Purely linear","Linear",TRUE,"C-index",0.861309046293238,0.0199999999999818,NA,20,0,20,20,0,0,0,0,1,0,1,1
52,"survival",2,"Purely linear","Random forest",TRUE,"C-index",0.824831296305035,0.739999999999782,NA,NA,NA,NA,NA,NA,NA,NA,NA,NA,NA,NA,NA
52,"survival",2,"Purely linear","RuleFit",TRUE,"C-index",0.834363644943608,26.1999999999998,NA,40,40,0,0,22,18,0,0,0,0.55,0.55,2.45
53,"survival",2,"Purely linear","BRP-GABLE full",TRUE,"C-index",0.841087639664804,217.420000000001,NA,33,31,2,7,26,0,0,0,0.212121212121212,0.787878787878788,1,1.78787878787879
53,"survival",2,"Purely linear","BRP-GABLE rule-only",TRUE,"C-index",0.84023655726257,216.29,NA,38,38,0,10,28,0,0,0,0.263157894736842,0.736842105263158,1,1.73684210526316
53,"survival",2,"Purely linear","GABLE",TRUE,"C-index",0.742602129888268,4.84999999999991,NA,5,5,0,5,0,0,0,0,1,0,1,1
53,"survival",2,"Purely linear","GBM",TRUE,"C-index",0.840694832402235,0.0300000000002001,NA,NA,NA,NA,NA,NA,NA,NA,NA,NA,NA,NA,NA
53,"survival",2,"Purely linear","Linear",TRUE,"C-index",0.871770251396648,0,NA,20,0,20,20,0,0,0,0,1,0,1,1
53,"survival",2,"Purely linear","Random forest",TRUE,"C-index",0.824415153631285,0.75,NA,NA,NA,NA,NA,NA,NA,NA,NA,NA,NA,NA,NA
53,"survival",2,"Purely linear","RuleFit",TRUE,"C-index",0.838556215083799,26.79,NA,39,39,0,0,16,23,0,0,0,0.41025641025641,0.41025641025641,2.58974358974359
54,"survival",2,"Purely linear","BRP-GABLE full",TRUE,"C-index",0.813080040085399,224.24,NA,27,25,2,4,23,0,0,0,0.148148148148148,0.851851851851852,1,1.85185185185185
54,"survival",2,"Purely linear","BRP-GABLE rule-only",TRUE,"C-index",0.805171887935166,226.61,NA,24,24,0,1,23,0,0,0,0.0416666666666667,0.958333333333333,1,1.95833333333333
54,"survival",2,"Purely linear","GABLE",TRUE,"C-index",0.708770859657531,4.61000000000013,NA,5,5,0,4,1,0,0,0,0.8,0.2,1,1.2
54,"survival",2,"Purely linear","GBM",TRUE,"C-index",0.853165439414405,0.0199999999999818,NA,NA,NA,NA,NA,NA,NA,NA,NA,NA,NA,NA,NA
54,"survival",2,"Purely linear","Linear",TRUE,"C-index",0.874950982527994,0.00999999999976353,NA,20,0,20,20,0,0,0,0,1,0,1,1
54,"survival",2,"Purely linear","Random forest",TRUE,"C-index",0.826761361160734,0.690000000000055,NA,NA,NA,NA,NA,NA,NA,NA,NA,NA,NA,NA,NA
54,"survival",2,"Purely linear","RuleFit",TRUE,"C-index",0.828308134721799,25.9299999999998,NA,35,35,0,0,18,17,0,0,0,0.514285714285714,0.514285714285714,2.48571428571429
55,"survival",2,"Purely linear","BRP-GABLE full",TRUE,"C-index",0.799945882565166,233.44,NA,33,29,4,10,23,0,0,0,0.303030303030303,0.696969696969697,1,1.6969696969697
55,"survival",2,"Purely linear","BRP-GABLE rule-only",TRUE,"C-index",0.794534139081807,231.32,NA,40,40,0,15,25,0,0,0,0.375,0.625,1,1.625
55,"survival",2,"Purely linear","GABLE",TRUE,"C-index",0.710020745016686,4.90999999999985,NA,5,5,0,3,2,0,0,0,0.6,0.4,1,1.4
55,"survival",2,"Purely linear","GBM",TRUE,"C-index",0.823532064580139,0.0399999999999636,NA,NA,NA,NA,NA,NA,NA,NA,NA,NA,NA,NA,NA
55,"survival",2,"Purely linear","Linear",TRUE,"C-index",0.837332010462704,0,NA,20,0,20,20,0,0,0,0,1,0,1,1
55,"survival",2,"Purely linear","Random forest",TRUE,"C-index",0.801569405610174,0.75,NA,NA,NA,NA,NA,NA,NA,NA,NA,NA,NA,NA,NA
55,"survival",2,"Purely linear","RuleFit",TRUE,"C-index",0.802336069270317,27.1100000000001,NA,49,49,0,0,22,27,0,0,0,0.448979591836735,0.448979591836735,2.55102040816327
56,"survival",2,"Purely linear","BRP-GABLE full",TRUE,"C-index",0.844436156822526,237.68,NA,30,27,3,7,23,0,0,0,0.233333333333333,0.766666666666667,1,1.76666666666667
56,"survival",2,"Purely linear","BRP-GABLE rule-only",TRUE,"C-index",0.836907370285768,236.56,NA,38,38,0,11,27,0,0,0,0.289473684210526,0.710526315789474,1,1.71052631578947
56,"survival",2,"Purely linear","GABLE",TRUE,"C-index",0.737354901869377,4.82999999999993,NA,5,5,0,5,0,0,0,0,1,0,1,1
56,"survival",2,"Purely linear","GBM",TRUE,"C-index",0.860239615868724,0.0300000000002001,NA,NA,NA,NA,NA,NA,NA,NA,NA,NA,NA,NA,NA
56,"survival",2,"Purely linear","Linear",TRUE,"C-index",0.870868490979442,0.0199999999999818,NA,20,0,20,20,0,0,0,0,1,0,1,1
56,"survival",2,"Purely linear","Random forest",TRUE,"C-index",0.846673814740571,0.670000000000073,NA,NA,NA,NA,NA,NA,NA,NA,NA,NA,NA,NA,NA
56,"survival",2,"Purely linear","RuleFit",TRUE,"C-index",0.854412381707147,27.6900000000001,NA,45,45,0,0,22,23,0,0,0,0.488888888888889,0.488888888888889,2.51111111111111
57,"survival",2,"Purely linear","BRP-GABLE full",TRUE,"C-index",0.852069092924441,238.07,NA,36,33,3,8,28,0,0,0,0.222222222222222,0.777777777777778,1,1.77777777777778
57,"survival",2,"Purely linear","BRP-GABLE rule-only",TRUE,"C-index",0.834911324588953,236.61,NA,38,38,0,8,30,0,0,0,0.210526315789474,0.789473684210526,1,1.78947368421053
57,"survival",2,"Purely linear","GABLE",TRUE,"C-index",0.717716608165527,4.13000000000011,NA,5,5,0,4,1,0,0,0,0.8,0.2,1,1.2
57,"survival",2,"Purely linear","GBM",TRUE,"C-index",0.859458710511731,0.0399999999999636,NA,NA,NA,NA,NA,NA,NA,NA,NA,NA,NA,NA,NA
57,"survival",2,"Purely linear","Linear",TRUE,"C-index",0.888832440421208,0,NA,20,0,20,20,0,0,0,0,1,0,1,1
57,"survival",2,"Purely linear","Random forest",TRUE,"C-index",0.835165342693516,0.710000000000036,NA,NA,NA,NA,NA,NA,NA,NA,NA,NA,NA,NA,NA
57,"survival",2,"Purely linear","RuleFit",TRUE,"C-index",0.853269905782376,29.4499999999998,NA,52,52,0,0,32,20,0,0,0,0.615384615384615,0.615384615384615,2.38461538461538
58,"survival",2,"Purely linear","BRP-GABLE full",TRUE,"C-index",0.839057524941626,224.58,NA,46,43,3,10,36,0,0,0,0.217391304347826,0.782608695652174,1,1.78260869565217
58,"survival",2,"Purely linear","BRP-GABLE rule-only",TRUE,"C-index",0.835555083846317,223.86,NA,44,44,0,9,35,0,0,0,0.204545454545455,0.795454545454545,1,1.79545454545455
58,"survival",2,"Purely linear","GABLE",TRUE,"C-index",0.733687115262152,3.80999999999995,NA,5,5,0,4,1,0,0,0,0.8,0.2,1,1.2
58,"survival",2,"Purely linear","GBM",TRUE,"C-index",0.836043302908087,0.0300000000002001,NA,NA,NA,NA,NA,NA,NA,NA,NA,NA,NA,NA,NA
58,"survival",2,"Purely linear","Linear",TRUE,"C-index",0.856039057524942,0,NA,20,0,20,20,0,0,0,0,1,0,1,1
58,"survival",2,"Purely linear","Random forest",TRUE,"C-index",0.803820844831246,0.739999999999782,NA,NA,NA,NA,NA,NA,NA,NA,NA,NA,NA,NA,NA
58,"survival",2,"Purely linear","RuleFit",TRUE,"C-index",0.82407132243685,27.5900000000001,NA,45,45,0,0,25,20,0,0,0,0.555555555555556,0.555555555555556,2.44444444444444
59,"survival",2,"Purely linear","BRP-GABLE full",TRUE,"C-index",0.821336417830768,223.650000000001,NA,28,26,2,3,25,0,0,0,0.107142857142857,0.892857142857143,1,1.89285714285714
59,"survival",2,"Purely linear","BRP-GABLE rule-only",TRUE,"C-index",0.819645875967613,221.73,NA,26,26,0,1,25,0,0,0,0.0384615384615385,0.961538461538462,1,1.96153846153846
59,"survival",2,"Purely linear","GABLE",TRUE,"C-index",0.738210694901682,4.82000000000016,NA,5,5,0,4,1,0,0,0,0.8,0.2,1,1.2
59,"survival",2,"Purely linear","GBM",TRUE,"C-index",0.836684758430465,0.0300000000002001,NA,NA,NA,NA,NA,NA,NA,NA,NA,NA,NA,NA,NA
59,"survival",2,"Purely linear","Linear",TRUE,"C-index",0.853323249399413,0.00999999999976353,NA,20,0,20,20,0,0,0,0,1,0,1,1
59,"survival",2,"Purely linear","Random forest",TRUE,"C-index",0.818934068867337,0.7199999999998,NA,NA,NA,NA,NA,NA,NA,NA,NA,NA,NA,NA,NA
59,"survival",2,"Purely linear","RuleFit",TRUE,"C-index",0.823182667497108,24.9000000000001,NA,36,36,0,0,22,14,0,0,0,0.611111111111111,0.611111111111111,2.38888888888889
60,"survival",2,"Purely linear","BRP-GABLE full",TRUE,"C-index",0.774704480680279,222.45,NA,34,33,1,3,31,0,0,0,0.0882352941176471,0.911764705882353,1,1.91176470588235
60,"survival",2,"Purely linear","BRP-GABLE rule-only",TRUE,"C-index",0.777577909638836,221.49,NA,34,34,0,2,32,0,0,0,0.0588235294117647,0.941176470588235,1,1.94117647058824
60,"survival",2,"Purely linear","GABLE",TRUE,"C-index",0.705064710554595,4.88999999999987,NA,4,4,0,3,1,0,0,0,0.75,0.25,1,1.25
60,"survival",2,"Purely linear","GBM",TRUE,"C-index",0.802831378778676,0.0299999999997453,NA,NA,NA,NA,NA,NA,NA,NA,NA,NA,NA,NA,NA
60,"survival",2,"Purely linear","Linear",TRUE,"C-index",0.852590758304911,0.0199999999999818,NA,20,0,20,20,0,0,0,0,1,0,1,1
60,"survival",2,"Purely linear","Random forest",TRUE,"C-index",0.752558052609447,0.7800000000002,NA,NA,NA,NA,NA,NA,NA,NA,NA,NA,NA,NA,NA
60,"survival",2,"Purely linear","RuleFit",TRUE,"C-index",0.765103022940709,27.0300000000002,NA,34,34,0,0,14,20,0,0,0,0.411764705882353,0.411764705882353,2.58823529411765
61,"survival",2,"Purely linear","BRP-GABLE full",TRUE,"C-index",0.840787636608733,238.14,NA,29,25,4,6,23,0,0,0,0.206896551724138,0.793103448275862,1,1.79310344827586
61,"survival",2,"Purely linear","BRP-GABLE rule-only",TRUE,"C-index",0.831953203986327,225.79,NA,29,29,0,5,24,0,0,0,0.172413793103448,0.827586206896552,1,1.82758620689655
61,"survival",2,"Purely linear","GABLE",TRUE,"C-index",0.763973809638438,4.69999999999982,NA,5,5,0,4,1,0,0,0,0.8,0.2,1,1.2
61,"survival",2,"Purely linear","GBM",TRUE,"C-index",0.839295171152087,0.0299999999997453,NA,NA,NA,NA,NA,NA,NA,NA,NA,NA,NA,NA,NA
61,"survival",2,"Purely linear","Linear",TRUE,"C-index",0.879591738481537,0.0199999999999818,NA,20,0,20,20,0,0,0,0,1,0,1,1
61,"survival",2,"Purely linear","Random forest",TRUE,"C-index",0.821818882095229,0.720000000000255,NA,NA,NA,NA,NA,NA,NA,NA,NA,NA,NA,NA,NA
61,"survival",2,"Purely linear","RuleFit",TRUE,"C-index",0.853016224543835,27.1199999999999,NA,35,35,0,0,16,19,0,0,0,0.457142857142857,0.457142857142857,2.54285714285714
62,"survival",2,"Purely linear","BRP-GABLE full",TRUE,"C-index",0.834777200231019,223.81,NA,39,36,3,9,30,0,0,0,0.230769230769231,0.769230769230769,1,1.76923076923077
62,"survival",2,"Purely linear","BRP-GABLE rule-only",TRUE,"C-index",0.821027144697676,222.59,NA,37,37,0,5,32,0,0,0,0.135135135135135,0.864864864864865,1,1.86486486486486
62,"survival",2,"Purely linear","GABLE",TRUE,"C-index",0.702852192456351,4.5600000000004,NA,5,5,0,5,0,0,0,0,1,0,1,1
62,"survival",2,"Purely linear","GBM",TRUE,"C-index",0.842685148162957,0.0300000000002001,NA,NA,NA,NA,NA,NA,NA,NA,NA,NA,NA,NA,NA
62,"survival",2,"Purely linear","Linear",TRUE,"C-index",0.860633524368031,0,NA,20,0,20,20,0,0,0,0,1,0,1,1
62,"survival",2,"Purely linear","Random forest",TRUE,"C-index",0.777822204451553,0.859999999999673,NA,NA,NA,NA,NA,NA,NA,NA,NA,NA,NA,NA,NA
62,"survival",2,"Purely linear","RuleFit",TRUE,"C-index",0.813496823492825,26.4399999999996,NA,37,37,0,0,12,25,0,0,0,0.324324324324324,0.324324324324324,2.67567567567568
63,"survival",2,"Purely linear","BRP-GABLE full",TRUE,"C-index",0.843821859308274,231.2,NA,39,35,4,11,28,0,0,0,0.282051282051282,0.717948717948718,1,1.71794871794872
63,"survival",2,"Purely linear","BRP-GABLE rule-only",TRUE,"C-index",0.833004833638369,229.62,NA,46,46,0,14,32,0,0,0,0.304347826086957,0.695652173913043,1,1.69565217391304
63,"survival",2,"Purely linear","GABLE",TRUE,"C-index",0.746187057112018,4.68000000000029,NA,5,5,0,5,0,0,0,0,1,0,1,1
63,"survival",2,"Purely linear","GBM",TRUE,"C-index",0.842460932000563,0.0299999999997453,NA,NA,NA,NA,NA,NA,NA,NA,NA,NA,NA,NA,NA
63,"survival",2,"Purely linear","Linear",TRUE,"C-index",0.864188840396077,0.0199999999999818,NA,20,0,20,20,0,0,0,0,1,0,1,1
63,"survival",2,"Purely linear","Random forest",TRUE,"C-index",0.83133887089962,0.690000000000055,NA,NA,NA,NA,NA,NA,NA,NA,NA,NA,NA,NA,NA
63,"survival",2,"Purely linear","RuleFit",TRUE,"C-index",0.849148247219485,29.02,NA,46,46,0,0,21,25,0,0,0,0.456521739130435,0.456521739130435,2.54347826086957
64,"survival",2,"Purely linear","BRP-GABLE full",TRUE,"C-index",0.863425133297461,225.56,NA,31,28,3,11,20,0,0,0,0.354838709677419,0.645161290322581,1,1.64516129032258
64,"survival",2,"Purely linear","BRP-GABLE rule-only",TRUE,"C-index",0.856503448613217,224.74,NA,33,33,0,8,25,0,0,0,0.242424242424242,0.757575757575758,1,1.75757575757576
64,"survival",2,"Purely linear","GABLE",TRUE,"C-index",0.767891209705033,4.36000000000013,NA,5,5,0,3,2,0,0,0,0.6,0.4,1,1.4
64,"survival",2,"Purely linear","GBM",TRUE,"C-index",0.854962578877855,0.0299999999997453,NA,NA,NA,NA,NA,NA,NA,NA,NA,NA,NA,NA,NA
64,"survival",2,"Purely linear","Linear",TRUE,"C-index",0.888470381059531,0.0100000000002183,NA,20,0,20,20,0,0,0,0,1,0,1,1
64,"survival",2,"Purely linear","Random forest",TRUE,"C-index",0.843613950985667,0.690000000000055,NA,NA,NA,NA,NA,NA,NA,NA,NA,NA,NA,NA,NA
64,"survival",2,"Purely linear","RuleFit",TRUE,"C-index",0.85366629164017,24.2399999999998,NA,43,43,0,0,19,24,0,0,0,0.441860465116279,0.441860465116279,2.55813953488372
65,"survival",2,"Purely linear","BRP-GABLE full",TRUE,"C-index",0.822578969243558,268.74,NA,48,44,4,13,35,0,0,0,0.270833333333333,0.729166666666667,1,1.72916666666667
65,"survival",2,"Purely linear","BRP-GABLE rule-only",TRUE,"C-index",0.820656691604323,238.32,NA,53,53,0,16,37,0,0,0,0.30188679245283,0.69811320754717,1,1.69811320754717
65,"survival",2,"Purely linear","GABLE",TRUE,"C-index",0.743012261014131,4.9699999999998,NA,5,5,0,4,1,0,0,0,0.8,0.2,1,1.2
65,"survival",2,"Purely linear","GBM",TRUE,"C-index",0.841126350789692,0.0299999999997453,NA,NA,NA,NA,NA,NA,NA,NA,NA,NA,NA,NA,NA
65,"survival",2,"Purely linear","Linear",TRUE,"C-index",0.854894014962594,0,NA,20,0,20,20,0,0,0,0,1,0,1,1
65,"survival",2,"Purely linear","Random forest",TRUE,"C-index",0.811097256857855,0.660000000000309,NA,NA,NA,NA,NA,NA,NA,NA,NA,NA,NA,NA,NA
65,"survival",2,"Purely linear","RuleFit",TRUE,"C-index",0.817955112219451,28.0300000000002,NA,50,50,0,0,25,25,0,0,0,0.5,0.5,2.5
66,"survival",2,"Purely linear","BRP-GABLE full",TRUE,"C-index",0.814247852312192,224.72,NA,36,32,4,11,25,0,0,0,0.305555555555556,0.694444444444444,1,1.69444444444444
66,"survival",2,"Purely linear","BRP-GABLE rule-only",TRUE,"C-index",0.802732590020106,223.55,NA,39,39,0,11,28,0,0,0,0.282051282051282,0.717948717948718,1,1.71794871794872
66,"survival",2,"Purely linear","GABLE",TRUE,"C-index",0.738576128678487,4.48999999999978,NA,5,5,0,4,1,0,0,0,0.8,0.2,1,1.2
66,"survival",2,"Purely linear","GBM",TRUE,"C-index",0.828733321147871,0.0300000000002001,NA,NA,NA,NA,NA,NA,NA,NA,NA,NA,NA,NA,NA
66,"survival",2,"Purely linear","Linear",TRUE,"C-index",0.854231401937489,0.0199999999999818,NA,20,0,20,20,0,0,0,0,1,0,1,1
66,"survival",2,"Purely linear","Random forest",TRUE,"C-index",0.805885578504844,0.730000000000018,NA,NA,NA,NA,NA,NA,NA,NA,NA,NA,NA,NA,NA
66,"survival",2,"Purely linear","RuleFit",TRUE,"C-index",0.818497532443795,25.9000000000001,NA,45,45,0,0,22,23,0,0,0,0.488888888888889,0.488888888888889,2.51111111111111
67,"survival",2,"Purely linear","BRP-GABLE full",TRUE,"C-index",0.837488908606921,224.63,NA,39,38,1,8,31,0,0,0,0.205128205128205,0.794871794871795,1,1.79487179487179
67,"survival",2,"Purely linear","BRP-GABLE rule-only",TRUE,"C-index",0.829702750665484,223.64,NA,38,38,0,5,33,0,0,0,0.131578947368421,0.868421052631579,1,1.86842105263158
67,"survival",2,"Purely linear","GABLE",TRUE,"C-index",0.725798580301686,4.75,NA,5,5,0,5,0,0,0,0,1,0,1,1
67,"survival",2,"Purely linear","GBM",TRUE,"C-index",0.845385980479148,0.0399999999999636,NA,NA,NA,NA,NA,NA,NA,NA,NA,NA,NA,NA,NA
67,"survival",2,"Purely linear","Linear",TRUE,"C-index",0.880789707187223,0,NA,20,0,20,20,0,0,0,0,1,0,1,1
67,"survival",2,"Purely linear","Random forest",TRUE,"C-index",0.810292812777285,0.720000000000255,NA,NA,NA,NA,NA,NA,NA,NA,NA,NA,NA,NA,NA
67,"survival",2,"Purely linear","RuleFit",TRUE,"C-index",0.84622892635315,26.2199999999998,NA,38,38,0,0,15,23,0,0,0,0.394736842105263,0.394736842105263,2.60526315789474
68,"survival",2,"Purely linear","BRP-GABLE full",TRUE,"C-index",0.783890156089271,296.739999999999,NA,40,38,2,16,24,0,0,0,0.4,0.6,1,1.6
68,"survival",2,"Purely linear","BRP-GABLE rule-only",TRUE,"C-index",0.778702088644394,281.17,NA,40,40,0,16,24,0,0,0,0.4,0.6,1,1.6
68,"survival",2,"Purely linear","GABLE",TRUE,"C-index",0.636701104700568,3.65999999999985,NA,5,5,0,3,2,0,0,0,0.6,0.4,1,1.4
68,"survival",2,"Purely linear","GBM",TRUE,"C-index",0.812335077597388,0.0300000000002001,NA,NA,NA,NA,NA,NA,NA,NA,NA,NA,NA,NA,NA
68,"survival",2,"Purely linear","Linear",TRUE,"C-index",0.864618274520327,0.0199999999999818,NA,20,0,20,20,0,0,0,0,1,0,1,1
68,"survival",2,"Purely linear","Random forest",TRUE,"C-index",0.780446352699137,0.779999999999745,NA,NA,NA,NA,NA,NA,NA,NA,NA,NA,NA,NA,NA
68,"survival",2,"Purely linear","RuleFit",TRUE,"C-index",0.811216959613578,25.8700000000003,NA,48,48,0,0,31,17,0,0,0,0.645833333333333,0.645833333333333,2.35416666666667
69,"survival",2,"Purely linear","BRP-GABLE full",TRUE,"C-index",0.854802068732176,232.48,NA,39,33,6,14,25,0,0,0,0.358974358974359,0.641025641025641,1,1.64102564102564
69,"survival",2,"Purely linear","BRP-GABLE rule-only",TRUE,"C-index",0.842428343564213,240.96,NA,39,39,0,12,27,0,0,0,0.307692307692308,0.692307692307692,1,1.69230769230769
69,"survival",2,"Purely linear","GABLE",TRUE,"C-index",0.72794721832858,4.38999999999987,NA,5,5,0,4,1,0,0,0,0.8,0.2,1,1.2
69,"survival",2,"Purely linear","GBM",TRUE,"C-index",0.868239160906762,0.0100000000002183,NA,NA,NA,NA,NA,NA,NA,NA,NA,NA,NA,NA,NA
69,"survival",2,"Purely linear","Linear",TRUE,"C-index",0.889361496447387,0.0199999999999818,NA,20,0,20,20,0,0,0,0,1,0,1,1
69,"survival",2,"Purely linear","Random forest",TRUE,"C-index",0.843346705979023,0.769999999999982,NA,NA,NA,NA,NA,NA,NA,NA,NA,NA,NA,NA,NA
69,"survival",2,"Purely linear","RuleFit",TRUE,"C-index",0.85528541737155,25.9299999999998,NA,48,48,0,0,31,17,0,0,0,0.645833333333333,0.645833333333333,2.35416666666667
70,"survival",2,"Purely linear","BRP-GABLE full",TRUE,"C-index",0.808928494181771,223.9,NA,36,34,2,13,23,0,0,0,0.361111111111111,0.638888888888889,1,1.63888888888889
70,"survival",2,"Purely linear","BRP-GABLE rule-only",TRUE,"C-index",0.808322879266341,222.81,NA,35,35,0,11,24,0,0,0,0.314285714285714,0.685714285714286,1,1.68571428571429
70,"survival",2,"Purely linear","GABLE",TRUE,"C-index",0.751092269758187,5.07000000000016,NA,5,5,0,5,0,0,0,0,1,0,1,1
70,"survival",2,"Purely linear","GBM",TRUE,"C-index",0.83592161612666,0.0299999999997453,NA,NA,NA,NA,NA,NA,NA,NA,NA,NA,NA,NA,NA
70,"survival",2,"Purely linear","Linear",TRUE,"C-index",0.857896785915127,0.0199999999999818,NA,20,0,20,20,0,0,0,0,1,0,1,1
70,"survival",2,"Purely linear","Random forest",TRUE,"C-index",0.826404810312757,0.690000000000055,NA,NA,NA,NA,NA,NA,NA,NA,NA,NA,NA,NA,NA
70,"survival",2,"Purely linear","RuleFit",TRUE,"C-index",0.816347276895791,26.3600000000001,NA,37,37,0,0,26,11,0,0,0,0.702702702702703,0.702702702702703,2.2972972972973
71,"survival",2,"Purely linear","BRP-GABLE full",TRUE,"C-index",0.824519830381641,223.84,NA,40,36,4,9,31,0,0,0,0.225,0.775,1,1.775
71,"survival",2,"Purely linear","BRP-GABLE rule-only",TRUE,"C-index",0.807599567639478,221.89,NA,45,45,0,10,35,0,0,0,0.222222222222222,0.777777777777778,1,1.77777777777778
71,"survival",2,"Purely linear","GABLE",TRUE,"C-index",0.736842105263158,4.69999999999982,NA,4,4,0,3,1,0,0,0,0.75,0.25,1,1.25
71,"survival",2,"Purely linear","GBM",TRUE,"C-index",0.845181674565561,0.0200000000004366,NA,NA,NA,NA,NA,NA,NA,NA,NA,NA,NA,NA,NA
71,"survival",2,"Purely linear","Linear",TRUE,"C-index",0.861062609129459,0.00999999999930878,NA,20,0,20,20,0,0,0,0,1,0,1,1
71,"survival",2,"Purely linear","Random forest",TRUE,"C-index",0.789473684210526,0.800000000000182,NA,NA,NA,NA,NA,NA,NA,NA,NA,NA,NA,NA,NA
71,"survival",2,"Purely linear","RuleFit",TRUE,"C-index",0.817514758460131,25.8099999999995,NA,34,34,0,0,15,19,0,0,0,0.441176470588235,0.441176470588235,2.55882352941176
72,"survival",2,"Purely linear","BRP-GABLE full",TRUE,"C-index",0.809085054738198,225.29,NA,34,31,3,4,30,0,0,0,0.117647058823529,0.882352941176471,1,1.88235294117647
72,"survival",2,"Purely linear","BRP-GABLE rule-only",TRUE,"C-index",0.806187150146134,223.4,NA,37,37,0,5,32,0,0,0,0.135135135135135,0.864864864864865,1,1.86486486486486
72,"survival",2,"Purely linear","GABLE",TRUE,"C-index",0.709491256749393,4.97000000000025,NA,4,4,0,3,1,0,0,0,0.75,0.25,1,1.25
72,"survival",2,"Purely linear","GBM",TRUE,"C-index",0.817803536929707,0.0299999999997453,NA,NA,NA,NA,NA,NA,NA,NA,NA,NA,NA,NA,NA
72,"survival",2,"Purely linear","Linear",TRUE,"C-index",0.859166790508743,0.0200000000004366,NA,20,0,20,20,0,0,0,0,1,0,1,1
72,"survival",2,"Purely linear","Random forest",TRUE,"C-index",0.801902214296329,0.75,NA,NA,NA,NA,NA,NA,NA,NA,NA,NA,NA,NA,NA
72,"survival",2,"Purely linear","RuleFit",TRUE,"C-index",0.816069747857532,26.9399999999996,NA,35,35,0,1,25,9,0,0,0.0285714285714286,0.714285714285714,0.742857142857143,2.22857142857143
73,"survival",2,"Purely linear","BRP-GABLE full",TRUE,"C-index",0.825193412122075,222.94,NA,42,40,2,13,29,0,0,0,0.30952380952381,0.69047619047619,1,1.69047619047619
73,"survival",2,"Purely linear","BRP-GABLE rule-only",TRUE,"C-index",0.823935640039869,211.66,NA,42,42,0,13,29,0,0,0,0.30952380952381,0.69047619047619,1,1.69047619047619
73,"survival",2,"Purely linear","GABLE",TRUE,"C-index",0.676491527837107,4.14000000000033,NA,4,4,0,2,2,0,0,0,0.5,0.5,1,1.5
73,"survival",2,"Purely linear","GBM",TRUE,"C-index",0.831173762399734,0.0299999999997453,NA,NA,NA,NA,NA,NA,NA,NA,NA,NA,NA,NA,NA
73,"survival",2,"Purely linear","Linear",TRUE,"C-index",0.876073852579619,0.0200000000004366,NA,20,0,20,20,0,0,0,0,1,0,1,1
73,"survival",2,"Purely linear","Random forest",TRUE,"C-index",0.801129621719113,0.729999999999563,NA,NA,NA,NA,NA,NA,NA,NA,NA,NA,NA,NA,NA
73,"survival",2,"Purely linear","RuleFit",TRUE,"C-index",0.81878589396744,26.4899999999998,NA,39,39,0,0,14,25,0,0,0,0.358974358974359,0.358974358974359,2.64102564102564
74,"survival",2,"Purely linear","BRP-GABLE full",TRUE,"C-index",0.860949323549645,244.12,NA,37,30,7,18,19,0,0,0,0.486486486486487,0.513513513513513,1,1.51351351351351
74,"survival",2,"Purely linear","BRP-GABLE rule-only",TRUE,"C-index",0.835771612015593,252.24,NA,33,33,0,12,21,0,0,0,0.363636363636364,0.636363636363636,1,1.63636363636364
74,"survival",2,"Purely linear","GABLE",TRUE,"C-index",0.759756936482458,4.80000000000018,NA,5,5,0,5,0,0,0,0,1,0,1,1
74,"survival",2,"Purely linear","GBM",TRUE,"C-index",0.849805090575556,0.0299999999997453,NA,NA,NA,NA,NA,NA,NA,NA,NA,NA,NA,NA,NA
74,"survival",2,"Purely linear","Linear",TRUE,"C-index",0.883100206374685,0.0200000000004366,NA,20,0,20,20,0,0,0,0,1,0,1,1
74,"survival",2,"Purely linear","Random forest",TRUE,"C-index",0.805961935335932,0.699999999999818,NA,NA,NA,NA,NA,NA,NA,NA,NA,NA,NA,NA,NA
74,"survival",2,"Purely linear","RuleFit",TRUE,"C-index",0.848429259344187,29.5,NA,44,44,0,0,25,19,0,0,0,0.568181818181818,0.568181818181818,2.43181818181818
75,"survival",2,"Purely linear","BRP-GABLE full",TRUE,"C-index",0.840456852791878,233.11,NA,41,37,4,14,27,0,0,0,0.341463414634146,0.658536585365854,1,1.65853658536585
75,"survival",2,"Purely linear","BRP-GABLE rule-only",TRUE,"C-index",0.827081218274112,223.79,NA,48,48,0,17,31,0,0,0,0.354166666666667,0.645833333333333,1,1.64583333333333
75,"survival",2,"Purely linear","GABLE",TRUE,"C-index",0.751675126903553,4.38000000000011,NA,5,5,0,4,1,0,0,0,0.8,0.2,1,1.2
75,"survival",2,"Purely linear","GBM",TRUE,"C-index",0.850913705583756,0.0399999999999636,NA,NA,NA,NA,NA,NA,NA,NA,NA,NA,NA,NA,NA
75,"survival",2,"Purely linear","Linear",TRUE,"C-index",0.875126903553299,0,NA,20,0,20,20,0,0,0,0,1,0,1,1
75,"survival",2,"Purely linear","Random forest",TRUE,"C-index",0.844670050761421,0.759999999999309,NA,NA,NA,NA,NA,NA,NA,NA,NA,NA,NA,NA,NA
75,"survival",2,"Purely linear","RuleFit",TRUE,"C-index",0.838908629441624,25.7300000000005,NA,52,52,0,0,24,28,0,0,0,0.461538461538462,0.461538461538462,2.53846153846154
76,"survival",2,"Purely linear","BRP-GABLE full",TRUE,"C-index",0.797622729883788,223.16,NA,28,27,1,6,22,0,0,0,0.214285714285714,0.785714285714286,1,1.78571428571429
76,"survival",2,"Purely linear","BRP-GABLE rule-only",TRUE,"C-index",0.7959436171623,233.059999999999,NA,32,32,0,7,25,0,0,0,0.21875,0.78125,1,1.78125
76,"survival",2,"Purely linear","GABLE",TRUE,"C-index",0.724272016260881,4.05999999999949,NA,5,5,0,4,1,0,0,0,0.8,0.2,1,1.2
76,"survival",2,"Purely linear","GBM",TRUE,"C-index",0.815209226282533,0.0399999999999636,NA,NA,NA,NA,NA,NA,NA,NA,NA,NA,NA,NA,NA
76,"survival",2,"Purely linear","Linear",TRUE,"C-index",0.858468472449295,0,NA,20,0,20,20,0,0,0,0,1,0,1,1
76,"survival",2,"Purely linear","Random forest",TRUE,"C-index",0.783261897397375,0.760000000000218,NA,NA,NA,NA,NA,NA,NA,NA,NA,NA,NA,NA,NA
76,"survival",2,"Purely linear","RuleFit",TRUE,"C-index",0.813971985329857,25.1000000000004,NA,40,40,0,1,16,23,0,0,0.025,0.4,0.425,2.55
77,"survival",2,"Purely linear","BRP-GABLE full",TRUE,"C-index",0.844067642098546,223.76,NA,48,43,5,19,29,0,0,0,0.395833333333333,0.604166666666667,1,1.60416666666667
77,"survival",2,"Purely linear","BRP-GABLE rule-only",TRUE,"C-index",0.833082638224167,222.03,NA,54,54,0,22,32,0,0,0,0.407407407407407,0.592592592592593,1,1.59259259259259
77,"survival",2,"Purely linear","GABLE",TRUE,"C-index",0.712976890469028,4.0600000000004,NA,5,5,0,4,1,0,0,0,0.8,0.2,1,1.2
77,"survival",2,"Purely linear","GBM",TRUE,"C-index",0.851588495373536,0.0299999999997453,NA,NA,NA,NA,NA,NA,NA,NA,NA,NA,NA,NA,NA
77,"survival",2,"Purely linear","Linear",TRUE,"C-index",0.876247777929714,0,NA,20,0,20,20,0,0,0,0,1,0,1,1
77,"survival",2,"Purely linear","Random forest",TRUE,"C-index",0.835908655818406,0.769999999999527,NA,NA,NA,NA,NA,NA,NA,NA,NA,NA,NA,NA,NA
77,"survival",2,"Purely linear","RuleFit",TRUE,"C-index",0.859929805369433,28.3800000000001,NA,45,45,0,0,24,21,0,0,0,0.533333333333333,0.533333333333333,2.46666666666667
78,"survival",2,"Purely linear","BRP-GABLE full",TRUE,"C-index",0.818585974472967,227.58,NA,28,26,2,2,26,0,0,0,0.0714285714285714,0.928571428571429,1,1.92857142857143
78,"survival",2,"Purely linear","BRP-GABLE rule-only",TRUE,"C-index",0.809240403460968,226.81,NA,30,30,0,2,28,0,0,0,0.0666666666666667,0.933333333333333,1,1.93333333333333
78,"survival",2,"Purely linear","GABLE",TRUE,"C-index",0.748195420431187,4.77000000000044,NA,5,5,0,5,0,0,0,0,1,0,1,1
78,"survival",2,"Purely linear","GBM",TRUE,"C-index",0.848988957407142,0.0100000000002183,NA,NA,NA,NA,NA,NA,NA,NA,NA,NA,NA,NA,NA
78,"survival",2,"Purely linear","Linear",TRUE,"C-index",0.886705865481141,0,NA,20,0,20,20,0,0,0,0,1,0,1,1
78,"survival",2,"Purely linear","Random forest",TRUE,"C-index",0.837611740522969,0.769999999999527,NA,NA,NA,NA,NA,NA,NA,NA,NA,NA,NA,NA,NA
78,"survival",2,"Purely linear","RuleFit",TRUE,"C-index",0.840049715569578,26.6800000000003,NA,41,41,0,0,16,25,0,0,0,0.390243902439024,0.390243902439024,2.60975609756098
79,"survival",2,"Purely linear","BRP-GABLE full",TRUE,"C-index",0.822332258211057,226.89,NA,38,36,2,9,29,0,0,0,0.236842105263158,0.763157894736842,1,1.76315789473684
79,"survival",2,"Purely linear","BRP-GABLE rule-only",TRUE,"C-index",0.821696270385681,226.94,NA,36,36,0,6,30,0,0,0,0.166666666666667,0.833333333333333,1,1.83333333333333
79,"survival",2,"Purely linear","GABLE",TRUE,"C-index",0.712033798210149,4.75,NA,5,5,0,4,1,0,0,0,0.8,0.2,1,1.2
79,"survival",2,"Purely linear","GBM",TRUE,"C-index",0.829600690501068,0.0399999999999636,NA,NA,NA,NA,NA,NA,NA,NA,NA,NA,NA,NA,NA
79,"survival",2,"Purely linear","Linear",TRUE,"C-index",0.861445509471676,0.0200000000004366,NA,20,0,20,20,0,0,0,0,1,0,1,1
79,"survival",2,"Purely linear","Random forest",TRUE,"C-index",0.781083904965248,0.739999999999782,NA,NA,NA,NA,NA,NA,NA,NA,NA,NA,NA,NA,NA
79,"survival",2,"Purely linear","RuleFit",TRUE,"C-index",0.816108663062736,27.9200000000001,NA,40,40,0,0,20,20,0,0,0,0.5,0.5,2.5
80,"survival",2,"Purely linear","BRP-GABLE full",TRUE,"C-index",0.798331763756222,232.19,NA,42,39,3,7,35,0,0,0,0.166666666666667,0.833333333333333,1,1.83333333333333
80,"survival",2,"Purely linear","BRP-GABLE rule-only",TRUE,"C-index",0.793936947845195,224.929999999999,NA,36,36,0,6,30,0,0,0,0.166666666666667,0.833333333333333,1,1.83333333333333
80,"survival",2,"Purely linear","GABLE",TRUE,"C-index",0.684627113323467,4.07999999999993,NA,5,5,0,2,3,0,0,0,0.4,0.6,1,1.6
80,"survival",2,"Purely linear","GBM",TRUE,"C-index",0.828288264047715,0.0300000000006548,NA,NA,NA,NA,NA,NA,NA,NA,NA,NA,NA,NA,NA
80,"survival",2,"Purely linear","Linear",TRUE,"C-index",0.863401946275618,0,NA,20,0,20,20,0,0,0,0,1,0,1,1
80,"survival",2,"Purely linear","Random forest",TRUE,"C-index",0.779138077940715,0.729999999999563,NA,NA,NA,NA,NA,NA,NA,NA,NA,NA,NA,NA,NA
80,"survival",2,"Purely linear","RuleFit",TRUE,"C-index",0.788488273016727,24.4800000000005,NA,25,25,0,0,8,17,0,0,0,0.32,0.32,2.68
81,"survival",2,"Purely linear","BRP-GABLE full",TRUE,"C-index",0.816942874780379,216.039999999999,NA,34,32,2,8,26,0,0,0,0.235294117647059,0.764705882352941,1,1.76470588235294
81,"survival",2,"Purely linear","BRP-GABLE rule-only",TRUE,"C-index",0.808537917280023,215.12,NA,30,30,0,5,25,0,0,0,0.166666666666667,0.833333333333333,1,1.83333333333333
81,"survival",2,"Purely linear","GABLE",TRUE,"C-index",0.712593190559856,3.76999999999953,NA,5,5,0,3,2,0,0,0,0.6,0.4,1,1.4
81,"survival",2,"Purely linear","GBM",TRUE,"C-index",0.841967804739066,0.0299999999997453,NA,NA,NA,NA,NA,NA,NA,NA,NA,NA,NA,NA,NA
81,"survival",2,"Purely linear","Linear",TRUE,"C-index",0.869177073935135,0,NA,20,0,20,20,0,0,0,0,1,0,1,1
81,"survival",2,"Purely linear","Random forest",TRUE,"C-index",0.792582743720025,0.760000000000218,NA,NA,NA,NA,NA,NA,NA,NA,NA,NA,NA,NA,NA
81,"survival",2,"Purely linear","RuleFit",TRUE,"C-index",0.821026639441569,25.7200000000003,NA,34,34,0,0,16,18,0,0,0,0.470588235294118,0.470588235294118,2.52941176470588
82,"survival",2,"Purely linear","BRP-GABLE full",TRUE,"C-index",0.824836316019206,246.55,NA,31,27,4,4,27,0,0,0,0.129032258064516,0.870967741935484,1,1.87096774193548
82,"survival",2,"Purely linear","BRP-GABLE rule-only",TRUE,"C-index",0.811065037101702,234.84,NA,31,31,0,6,25,0,0,0,0.193548387096774,0.806451612903226,1,1.80645161290323
82,"survival",2,"Purely linear","GABLE",TRUE,"C-index",0.701898734177215,4.71000000000004,NA,5,5,0,5,0,0,0,0,1,0,1,1
82,"survival",2,"Purely linear","GBM",TRUE,"C-index",0.833478830205151,0.0200000000004366,NA,NA,NA,NA,NA,NA,NA,NA,NA,NA,NA,NA,NA
82,"survival",2,"Purely linear","Linear",TRUE,"C-index",0.861894369271061,0.00999999999930878,NA,20,0,20,20,0,0,0,0,1,0,1,1
82,"survival",2,"Purely linear","Random forest",TRUE,"C-index",0.781754692274116,0.769999999999527,NA,NA,NA,NA,NA,NA,NA,NA,NA,NA,NA,NA,NA
82,"survival",2,"Purely linear","RuleFit",TRUE,"C-index",0.821038847664775,28.1100000000006,NA,33,33,0,0,17,16,0,0,0,0.515151515151515,0.515151515151515,2.48484848484848
83,"survival",2,"Purely linear","BRP-GABLE full",TRUE,"C-index",0.85268577911594,226.000000000001,NA,38,35,3,10,28,0,0,0,0.263157894736842,0.736842105263158,1,1.73684210526316
83,"survival",2,"Purely linear","BRP-GABLE rule-only",TRUE,"C-index",0.845420430248287,225.63,NA,38,38,0,9,29,0,0,0,0.236842105263158,0.763157894736842,1,1.76315789473684
83,"survival",2,"Purely linear","GABLE",TRUE,"C-index",0.73334206047912,4.84000000000015,NA,5,5,0,4,1,0,0,0,0.8,0.2,1,1.2
83,"survival",2,"Purely linear","GBM",TRUE,"C-index",0.849151285072217,0.0399999999999636,NA,NA,NA,NA,NA,NA,NA,NA,NA,NA,NA,NA,NA
83,"survival",2,"Purely linear","Linear",TRUE,"C-index",0.877383601693066,0,NA,20,0,20,20,0,0,0,0,1,0,1,1
83,"survival",2,"Purely linear","Random forest",TRUE,"C-index",0.815726316708121,0.800000000000182,NA,NA,NA,NA,NA,NA,NA,NA,NA,NA,NA,NA,NA
83,"survival",2,"Purely linear","RuleFit",TRUE,"C-index",0.839616878299952,24.4700000000003,NA,35,35,0,0,20,15,0,0,0,0.571428571428571,0.571428571428571,2.42857142857143
84,"survival",2,"Purely linear","BRP-GABLE full",TRUE,"C-index",0.798461958500182,233.660000000001,NA,36,35,1,5,31,0,0,0,0.138888888888889,0.861111111111111,1,1.86111111111111
84,"survival",2,"Purely linear","BRP-GABLE rule-only",TRUE,"C-index",0.790885511467055,221.04,NA,35,35,0,2,33,0,0,0,0.0571428571428571,0.942857142857143,1,1.94285714285714
84,"survival",2,"Purely linear","GABLE",TRUE,"C-index",0.677784856206771,3.55000000000018,NA,4,4,0,1,3,0,0,0,0.25,0.75,1,1.75
84,"survival",2,"Purely linear","GBM",TRUE,"C-index",0.812204222788496,0.0299999999997453,NA,NA,NA,NA,NA,NA,NA,NA,NA,NA,NA,NA,NA
84,"survival",2,"Purely linear","Linear",TRUE,"C-index",0.866354204586822,0,NA,20,0,20,20,0,0,0,0,1,0,1,1
84,"survival",2,"Purely linear","Random forest",TRUE,"C-index",0.808245358572989,0.789999999999964,NA,NA,NA,NA,NA,NA,NA,NA,NA,NA,NA,NA,NA
84,"survival",2,"Purely linear","RuleFit",TRUE,"C-index",0.809701492537313,25.2700000000004,NA,30,30,0,0,16,14,0,0,0,0.533333333333333,0.533333333333333,2.46666666666667
85,"survival",2,"Purely linear","BRP-GABLE full",TRUE,"C-index",0.854170634164921,233.19,NA,30,26,4,6,24,0,0,0,0.2,0.8,1,1.8
85,"survival",2,"Purely linear","BRP-GABLE rule-only",TRUE,"C-index",0.83743572652828,232.610000000001,NA,31,31,0,3,28,0,0,0,0.0967741935483871,0.903225806451613,1,1.90322580645161
85,"survival",2,"Purely linear","GABLE",TRUE,"C-index",0.753094648638355,4.22000000000025,NA,5,5,0,4,1,0,0,0,0.8,0.2,1,1.2
85,"survival",2,"Purely linear","GBM",TRUE,"C-index",0.865168539325843,0.0299999999997453,NA,NA,NA,NA,NA,NA,NA,NA,NA,NA,NA,NA,NA
85,"survival",2,"Purely linear","Linear",TRUE,"C-index",0.877547133879261,0.0100000000002183,NA,20,0,20,20,0,0,0,0,1,0,1,1
85,"survival",2,"Purely linear","Random forest",TRUE,"C-index",0.832365263759284,0.710000000000036,NA,NA,NA,NA,NA,NA,NA,NA,NA,NA,NA,NA,NA
85,"survival",2,"Purely linear","RuleFit",TRUE,"C-index",0.850504665777947,30.4299999999994,NA,45,45,0,0,25,20,0,0,0,0.555555555555556,0.555555555555556,2.44444444444444
86,"survival",2,"Purely linear","BRP-GABLE full",TRUE,"C-index",0.797149267520127,219.21,NA,26,26,0,0,26,0,0,0,0,1,1,2
86,"survival",2,"Purely linear","BRP-GABLE rule-only",TRUE,"C-index",0.799106946460781,217.599999999999,NA,29,29,0,0,29,0,0,0,0,1,1,2
86,"survival",2,"Purely linear","GABLE",TRUE,"C-index",0.725902951915886,4.78999999999996,NA,5,5,0,5,0,0,0,0,1,0,1,1
86,"survival",2,"Purely linear","GBM",TRUE,"C-index",0.81967357353394,0.0200000000004366,NA,NA,NA,NA,NA,NA,NA,NA,NA,NA,NA,NA,NA
86,"survival",2,"Purely linear","Linear",TRUE,"C-index",0.866305925828164,0.0100000000002183,NA,20,0,20,20,0,0,0,0,1,0,1,1
86,"survival",2,"Purely linear","Random forest",TRUE,"C-index",0.790374378601909,0.75,NA,NA,NA,NA,NA,NA,NA,NA,NA,NA,NA,NA,NA
86,"survival",2,"Purely linear","RuleFit",TRUE,"C-index",0.811930843341692,27.4099999999999,NA,40,40,0,0,20,20,0,0,0,0.5,0.5,2.5
87,"survival",2,"Purely linear","BRP-GABLE full",TRUE,"C-index",0.820183402941711,230.129999999999,NA,46,40,6,18,28,0,0,0,0.391304347826087,0.608695652173913,1,1.60869565217391
87,"survival",2,"Purely linear","BRP-GABLE rule-only",TRUE,"C-index",0.809220083530053,227.79,NA,45,45,0,15,30,0,0,0,0.333333333333333,0.666666666666667,1,1.66666666666667
87,"survival",2,"Purely linear","GABLE",TRUE,"C-index",0.71014163791538,4.82999999999993,NA,5,5,0,5,0,0,0,0,1,0,1,1
87,"survival",2,"Purely linear","GBM",TRUE,"C-index",0.841656074087525,0.0299999999997453,NA,NA,NA,NA,NA,NA,NA,NA,NA,NA,NA,NA,NA
87,"survival",2,"Purely linear","Linear",TRUE,"C-index",0.855956055928818,0.0200000000004366,NA,20,0,20,20,0,0,0,0,1,0,1,1
87,"survival",2,"Purely linear","Random forest",TRUE,"C-index",0.808698020700926,0.730000000000473,NA,NA,NA,NA,NA,NA,NA,NA,NA,NA,NA,NA,NA
87,"survival",2,"Purely linear","RuleFit",TRUE,"C-index",0.829171962956238,28.9899999999998,NA,42,42,0,0,14,28,0,0,0,0.333333333333333,0.333333333333333,2.66666666666667
88,"survival",2,"Purely linear","BRP-GABLE full",TRUE,"C-index",0.815186117604747,222.47,NA,30,26,4,7,23,0,0,0,0.233333333333333,0.766666666666667,1,1.76666666666667
88,"survival",2,"Purely linear","BRP-GABLE rule-only",TRUE,"C-index",0.811679554037044,221.77,NA,26,26,0,3,23,0,0,0,0.115384615384615,0.884615384615385,1,1.88461538461538
88,"survival",2,"Purely linear","GABLE",TRUE,"C-index",0.732736917820536,3.94999999999982,NA,4,4,0,1,3,0,0,0,0.25,0.75,1,1.75
88,"survival",2,"Purely linear","GBM",TRUE,"C-index",0.845666247077864,0.0200000000004366,NA,NA,NA,NA,NA,NA,NA,NA,NA,NA,NA,NA,NA
88,"survival",2,"Purely linear","Linear",TRUE,"C-index",0.886890846969969,0.00999999999930878,NA,20,0,20,20,0,0,0,0,1,0,1,1
88,"survival",2,"Purely linear","Random forest",TRUE,"C-index",0.823413055205898,0.75,NA,NA,NA,NA,NA,NA,NA,NA,NA,NA,NA,NA,NA
88,"survival",2,"Purely linear","RuleFit",TRUE,"C-index",0.836337888868908,26.2700000000004,NA,39,39,0,0,20,19,0,0,0,0.512820512820513,0.512820512820513,2.48717948717949
89,"survival",2,"Purely linear","BRP-GABLE full",TRUE,"C-index",0.833572247706422,230.86,NA,41,38,3,8,33,0,0,0,0.195121951219512,0.804878048780488,1,1.80487804878049
89,"survival",2,"Purely linear","BRP-GABLE rule-only",TRUE,"C-index",0.82960626911315,229.330000000001,NA,48,48,0,14,34,0,0,0,0.291666666666667,0.708333333333333,1,1.70833333333333
89,"survival",2,"Purely linear","GABLE",TRUE,"C-index",0.702981651376147,3.85999999999967,NA,5,5,0,4,1,0,0,0,0.8,0.2,1,1.2
89,"survival",2,"Purely linear","GBM",TRUE,"C-index",0.838207186544343,0.0300000000006548,NA,NA,NA,NA,NA,NA,NA,NA,NA,NA,NA,NA,NA
89,"survival",2,"Purely linear","Linear",TRUE,"C-index",0.858467125382263,0,NA,20,0,20,20,0,0,0,0,1,0,1,1
89,"survival",2,"Purely linear","Random forest",TRUE,"C-index",0.833763379204893,0.75,NA,NA,NA,NA,NA,NA,NA,NA,NA,NA,NA,NA,NA
89,"survival",2,"Purely linear","RuleFit",TRUE,"C-index",0.830753058103975,28.9899999999998,NA,45,45,0,0,27,18,0,0,0,0.6,0.6,2.4
90,"survival",2,"Purely linear","BRP-GABLE full",TRUE,"C-index",0.840466580919856,260.1,NA,39,34,5,10,29,0,0,0,0.256410256410256,0.743589743589744,1,1.74358974358974
90,"survival",2,"Purely linear","BRP-GABLE rule-only",TRUE,"C-index",0.825763959728567,228.010000000001,NA,31,31,0,2,29,0,0,0,0.0645161290322581,0.935483870967742,1,1.93548387096774
90,"survival",2,"Purely linear","GABLE",TRUE,"C-index",0.727258615336852,3.3100000000004,NA,4,4,0,2,2,0,0,0,0.5,0.5,1,1.5
90,"survival",2,"Purely linear","GBM",TRUE,"C-index",0.849381292411407,0.0300000000006548,NA,NA,NA,NA,NA,NA,NA,NA,NA,NA,NA,NA,NA
90,"survival",2,"Purely linear","Linear",TRUE,"C-index",0.881625049895773,0.00999999999930878,NA,20,0,20,20,0,0,0,0,1,0,1,1
90,"survival",2,"Purely linear","Random forest",TRUE,"C-index",0.822415398944427,0.769999999999527,NA,NA,NA,NA,NA,NA,NA,NA,NA,NA,NA,NA,NA
90,"survival",2,"Purely linear","RuleFit",TRUE,"C-index",0.839335610058988,27.6899999999996,NA,42,42,0,0,16,26,0,0,0,0.380952380952381,0.380952380952381,2.61904761904762
91,"survival",2,"Purely linear","BRP-GABLE full",TRUE,"C-index",0.830610218450984,227.840000000001,NA,30,27,3,3,27,0,0,0,0.1,0.9,1,1.9
91,"survival",2,"Purely linear","BRP-GABLE rule-only",TRUE,"C-index",0.822215201299874,223.01,NA,32,32,0,3,29,0,0,0,0.09375,0.90625,1,1.90625
91,"survival",2,"Purely linear","GABLE",TRUE,"C-index",0.743726304387073,4.96999999999935,NA,5,5,0,5,0,0,0,0,1,0,1,1
91,"survival",2,"Purely linear","GBM",TRUE,"C-index",0.843699223686586,0.0299999999997453,NA,NA,NA,NA,NA,NA,NA,NA,NA,NA,NA,NA,NA
91,"survival",2,"Purely linear","Linear",TRUE,"C-index",0.865815129084672,0.0200000000004366,NA,20,0,20,20,0,0,0,0,1,0,1,1
91,"survival",2,"Purely linear","Random forest",TRUE,"C-index",0.814858277667449,0.770000000000437,NA,NA,NA,NA,NA,NA,NA,NA,NA,NA,NA,NA,NA
91,"survival",2,"Purely linear","RuleFit",TRUE,"C-index",0.832347896732262,27.3100000000004,NA,53,53,0,0,16,37,0,0,0,0.30188679245283,0.30188679245283,2.69811320754717
92,"survival",2,"Purely linear","BRP-GABLE full",TRUE,"C-index",0.852983988355167,225.499999999999,NA,36,35,1,5,31,0,0,0,0.138888888888889,0.861111111111111,1,1.86111111111111
92,"survival",2,"Purely linear","BRP-GABLE rule-only",TRUE,"C-index",0.852941176470588,224.049999999999,NA,40,40,0,8,32,0,0,0,0.2,0.8,1,1.8
92,"survival",2,"Purely linear","GABLE",TRUE,"C-index",0.725661443616748,4.09999999999945,NA,5,5,0,4,1,0,0,0,0.8,0.2,1,1.2
92,"survival",2,"Purely linear","GBM",TRUE,"C-index",0.854610839969175,0.0199999999995271,NA,NA,NA,NA,NA,NA,NA,NA,NA,NA,NA,NA,NA
92,"survival",2,"Purely linear","Linear",TRUE,"C-index",0.883080743214316,0.0100000000002183,NA,20,0,20,20,0,0,0,0,1,0,1,1
92,"survival",2,"Purely linear","Random forest",TRUE,"C-index",0.827553728915147,0.730000000000473,NA,NA,NA,NA,NA,NA,NA,NA,NA,NA,NA,NA,NA
92,"survival",2,"Purely linear","RuleFit",TRUE,"C-index",0.857671889716585,25.8000000000002,NA,44,44,0,0,22,22,0,0,0,0.5,0.5,2.5
93,"survival",2,"Purely linear","BRP-GABLE full",TRUE,"C-index",0.835641433517358,230.44,NA,39,36,3,11,28,0,0,0,0.282051282051282,0.717948717948718,1,1.71794871794872
93,"survival",2,"Purely linear","BRP-GABLE rule-only",TRUE,"C-index",0.828974454945261,228.999999999999,NA,37,37,0,7,30,0,0,0,0.189189189189189,0.810810810810811,1,1.81081081081081
93,"survival",2,"Purely linear","GABLE",TRUE,"C-index",0.711612239169084,4.5,NA,5,5,0,3,2,0,0,0,0.6,0.4,1,1.4
93,"survival",2,"Purely linear","GBM",TRUE,"C-index",0.847665387854402,0.0200000000004366,NA,NA,NA,NA,NA,NA,NA,NA,NA,NA,NA,NA,NA
93,"survival",2,"Purely linear","Linear",TRUE,"C-index",0.874052587255544,0,NA,20,0,20,20,0,0,0,0,1,0,1,1
93,"survival",2,"Purely linear","Random forest",TRUE,"C-index",0.823851408253018,0.75,NA,NA,NA,NA,NA,NA,NA,NA,NA,NA,NA,NA,NA
93,"survival",2,"Purely linear","RuleFit",TRUE,"C-index",0.837045007953588,25.1199999999999,NA,46,46,0,0,22,24,0,0,0,0.478260869565217,0.478260869565217,2.52173913043478
94,"survival",2,"Purely linear","BRP-GABLE full",TRUE,"C-index",0.819098513011152,224.67,NA,37,33,4,6,31,0,0,0,0.162162162162162,0.837837837837838,1,1.83783783783784
94,"survival",2,"Purely linear","BRP-GABLE rule-only",TRUE,"C-index",0.813986988847584,221.61,NA,35,35,0,2,33,0,0,0,0.0571428571428571,0.942857142857143,1,1.94285714285714
94,"survival",2,"Purely linear","GABLE",TRUE,"C-index",0.704600371747212,4.88000000000011,NA,5,5,0,5,0,0,0,0,1,0,1,1
94,"survival",2,"Purely linear","GBM",TRUE,"C-index",0.842146840148699,0.0100000000002183,NA,NA,NA,NA,NA,NA,NA,NA,NA,NA,NA,NA,NA
94,"survival",2,"Purely linear","Linear",TRUE,"C-index",0.867100371747212,0.0199999999995271,NA,20,0,20,20,0,0,0,0,1,0,1,1
94,"survival",2,"Purely linear","Random forest",TRUE,"C-index",0.821236059479554,0.769999999999527,NA,NA,NA,NA,NA,NA,NA,NA,NA,NA,NA,NA,NA
94,"survival",2,"Purely linear","RuleFit",TRUE,"C-index",0.817565055762082,26.79,NA,39,39,0,0,16,23,0,0,0,0.41025641025641,0.41025641025641,2.58974358974359
95,"survival",2,"Purely linear","BRP-GABLE full",TRUE,"C-index",0.833430349706712,234.110000000001,NA,44,38,6,15,29,0,0,0,0.340909090909091,0.659090909090909,1,1.65909090909091
95,"survival",2,"Purely linear","BRP-GABLE rule-only",TRUE,"C-index",0.818967447275333,233.500000000001,NA,40,40,0,12,28,0,0,0,0.3,0.7,1,1.7
95,"survival",2,"Purely linear","GABLE",TRUE,"C-index",0.729122822728697,5.09000000000015,NA,5,5,0,5,0,0,0,0,1,0,1,1
95,"survival",2,"Purely linear","GBM",TRUE,"C-index",0.835713965880088,0.0399999999999636,NA,NA,NA,NA,NA,NA,NA,NA,NA,NA,NA,NA,NA
95,"survival",2,"Purely linear","Linear",TRUE,"C-index",0.861729279541486,0,NA,20,0,20,20,0,0,0,0,1,0,1,1
95,"survival",2,"Purely linear","Random forest",TRUE,"C-index",0.821251063448708,0.690000000000509,NA,NA,NA,NA,NA,NA,NA,NA,NA,NA,NA,NA,NA
95,"survival",2,"Purely linear","RuleFit",TRUE,"C-index",0.817758474007075,27.2699999999995,NA,35,35,0,0,17,18,0,0,0,0.485714285714286,0.485714285714286,2.51428571428571
96,"survival",2,"Purely linear","BRP-GABLE full",TRUE,"C-index",0.846192284629222,223.639999999999,NA,60,54,6,25,35,0,0,0,0.416666666666667,0.583333333333333,1,1.58333333333333
96,"survival",2,"Purely linear","BRP-GABLE rule-only",TRUE,"C-index",0.838446931840895,222.17,NA,55,55,0,19,36,0,0,0,0.345454545454545,0.654545454545455,1,1.65454545454545
96,"survival",2,"Purely linear","GABLE",TRUE,"C-index",0.730711573056166,4.31999999999971,NA,5,5,0,4,1,0,0,0,0.8,0.2,1,1.2
96,"survival",2,"Purely linear","GBM",TRUE,"C-index",0.845542674395363,0.0100000000002183,NA,NA,NA,NA,NA,NA,NA,NA,NA,NA,NA,NA,NA
96,"survival",2,"Purely linear","Linear",TRUE,"C-index",0.877773335998401,0.0199999999995271,NA,20,0,20,20,0,0,0,0,1,0,1,1
96,"survival",2,"Purely linear","Random forest",TRUE,"C-index",0.829852088746752,0.75,NA,NA,NA,NA,NA,NA,NA,NA,NA,NA,NA,NA,NA
96,"survival",2,"Purely linear","RuleFit",TRUE,"C-index",0.831301219268439,28.25,NA,35,35,0,0,22,13,0,0,0,0.628571428571429,0.628571428571429,2.37142857142857
97,"survival",2,"Purely linear","BRP-GABLE full",TRUE,"C-index",0.85087973704563,265.79,NA,39,35,4,13,26,0,0,0,0.333333333333333,0.666666666666667,1,1.66666666666667
97,"survival",2,"Purely linear","BRP-GABLE rule-only",TRUE,"C-index",0.840245552977572,282.349999999999,NA,34,34,0,8,26,0,0,0,0.235294117647059,0.764705882352941,1,1.76470588235294
97,"survival",2,"Purely linear","GABLE",TRUE,"C-index",0.763196055684455,4.77000000000044,NA,5,5,0,5,0,0,0,0,1,0,1,1
97,"survival",2,"Purely linear","GBM",TRUE,"C-index",0.856728538283063,0.0199999999995271,NA,NA,NA,NA,NA,NA,NA,NA,NA,NA,NA,NA,NA
97,"survival",2,"Purely linear","Linear",TRUE,"C-index",0.882782289249807,0.0100000000002183,NA,20,0,20,20,0,0,0,0,1,0,1,1
97,"survival",2,"Purely linear","Random forest",TRUE,"C-index",0.834155065738592,0.670000000000073,NA,NA,NA,NA,NA,NA,NA,NA,NA,NA,NA,NA,NA
97,"survival",2,"Purely linear","RuleFit",TRUE,"C-index",0.839955529775715,25.5099999999993,NA,43,43,0,0,22,21,0,0,0,0.511627906976744,0.511627906976744,2.48837209302326
98,"survival",2,"Purely linear","BRP-GABLE full",TRUE,"C-index",0.82969837587007,228.98,NA,41,37,4,16,25,0,0,0,0.390243902439024,0.609756097560976,1,1.60975609756098
98,"survival",2,"Purely linear","BRP-GABLE rule-only",TRUE,"C-index",0.821461716937355,221.9,NA,44,44,0,15,29,0,0,0,0.340909090909091,0.659090909090909,1,1.65909090909091
98,"survival",2,"Purely linear","GABLE",TRUE,"C-index",0.761902552204176,4.3100000000004,NA,5,5,0,5,0,0,0,0,1,0,1,1
98,"survival",2,"Purely linear","GBM",TRUE,"C-index",0.84969837587007,0.0299999999997453,NA,NA,NA,NA,NA,NA,NA,NA,NA,NA,NA,NA,NA
98,"survival",2,"Purely linear","Linear",TRUE,"C-index",0.870580046403712,0,NA,20,0,20,20,0,0,0,0,1,0,1,1
98,"survival",2,"Purely linear","Random forest",TRUE,"C-index",0.823294663573086,0.720000000000255,NA,NA,NA,NA,NA,NA,NA,NA,NA,NA,NA,NA,NA
98,"survival",2,"Purely linear","RuleFit",TRUE,"C-index",0.828747099767981,22.5899999999992,NA,48,48,0,0,30,18,0,0,0,0.625,0.625,2.375
99,"survival",2,"Purely linear","BRP-GABLE full",TRUE,"C-index",0.84317897950687,220.04,NA,33,31,2,5,28,0,0,0,0.151515151515152,0.848484848484849,1,1.84848484848485
99,"survival",2,"Purely linear","BRP-GABLE rule-only",TRUE,"C-index",0.842901420178563,221.25,NA,33,33,0,3,30,0,0,0,0.0909090909090909,0.909090909090909,1,1.90909090909091
99,"survival",2,"Purely linear","GABLE",TRUE,"C-index",0.699264467779988,3.35999999999967,NA,4,4,0,2,2,0,0,0,0.5,0.5,1,1.5
99,"survival",2,"Purely linear","GBM",TRUE,"C-index",0.835777397418698,0.0299999999997453,NA,NA,NA,NA,NA,NA,NA,NA,NA,NA,NA,NA,NA
99,"survival",2,"Purely linear","Linear",TRUE,"C-index",0.849932923162326,0,NA,20,0,20,20,0,0,0,0,1,0,1,1
99,"survival",2,"Purely linear","Random forest",TRUE,"C-index",0.808067724476107,0.720000000000255,NA,NA,NA,NA,NA,NA,NA,NA,NA,NA,NA,NA,NA
99,"survival",2,"Purely linear","RuleFit",TRUE,"C-index",0.823564786973215,20.3900000000003,NA,50,50,0,0,21,29,0,0,0,0.42,0.42,2.58
100,"survival",2,"Purely linear","BRP-GABLE full",TRUE,"C-index",0.818626298716562,177.12,NA,31,28,3,4,27,0,0,0,0.129032258064516,0.870967741935484,1,1.87096774193548
100,"survival",2,"Purely linear","BRP-GABLE rule-only",TRUE,"C-index",0.813690000470124,176.51,NA,28,28,0,1,27,0,0,0,0.0357142857142857,0.964285714285714,1,1.96428571428571
100,"survival",2,"Purely linear","GABLE",TRUE,"C-index",0.75776879319261,2.17000000000007,NA,5,5,0,4,1,0,0,0,0.8,0.2,1,1.2
100,"survival",2,"Purely linear","GBM",TRUE,"C-index",0.838136429881059,0.0200000000004366,NA,NA,NA,NA,NA,NA,NA,NA,NA,NA,NA,NA,NA
100,"survival",2,"Purely linear","Linear",TRUE,"C-index",0.871280146678576,0,NA,20,0,20,20,0,0,0,0,1,0,1,1
100,"survival",2,"Purely linear","Random forest",TRUE,"C-index",0.8182972121668,0.430000000000291,NA,NA,NA,NA,NA,NA,NA,NA,NA,NA,NA,NA,NA
100,"survival",2,"Purely linear","RuleFit",TRUE,"C-index",0.845141272154577,16.5199999999995,NA,47,47,0,0,20,27,0,0,0,0.425531914893617,0.425531914893617,2.57446808510638
1,"survival",3,"Mixed linear and rule-based","BRP-GABLE full",TRUE,"C-index",0.765512769353552,260.71,NA,26,26,0,4,22,0,0,0,0.153846153846154,0.846153846153846,1,1.84615384615385
1,"survival",3,"Mixed linear and rule-based","BRP-GABLE rule-only",TRUE,"C-index",0.765512769353552,273.65,NA,26,26,0,4,22,0,0,0,0.153846153846154,0.846153846153846,1,1.84615384615385
1,"survival",3,"Mixed linear and rule-based","GABLE",TRUE,"C-index",0.710045889864326,4.84999999999999,NA,5,5,0,4,1,0,0,0,0.8,0.2,1,1.2
1,"survival",3,"Mixed linear and rule-based","GBM",TRUE,"C-index",0.795490822027135,0.039999999999992,NA,NA,NA,NA,NA,NA,NA,NA,NA,NA,NA,NA,NA
1,"survival",3,"Mixed linear and rule-based","Linear",TRUE,"C-index",0.808409816440543,0,NA,20,0,20,20,0,0,0,0,1,0,1,1
1,"survival",3,"Mixed linear and rule-based","Random forest",TRUE,"C-index",0.786711891460495,0.760000000000019,NA,NA,NA,NA,NA,NA,NA,NA,NA,NA,NA,NA,NA
1,"survival",3,"Mixed linear and rule-based","RuleFit",TRUE,"C-index",0.782771348762969,19.67,NA,27,27,0,0,25,2,0,0,0,0.925925925925926,0.925925925925926,2.07407407407407
2,"survival",3,"Mixed linear and rule-based","BRP-GABLE full",TRUE,"C-index",0.804813664596273,255.58,NA,46,44,2,16,30,0,0,0,0.347826086956522,0.652173913043478,1,1.65217391304348
2,"survival",3,"Mixed linear and rule-based","BRP-GABLE rule-only",TRUE,"C-index",0.80527950310559,252.96,NA,46,46,0,15,31,0,0,0,0.326086956521739,0.673913043478261,1,1.67391304347826
2,"survival",3,"Mixed linear and rule-based","GABLE",TRUE,"C-index",0.753131469979296,5.25,NA,5,5,0,5,0,0,0,0,1,0,1,1
2,"survival",3,"Mixed linear and rule-based","GBM",TRUE,"C-index",0.800103519668737,0.0300000000000011,NA,NA,NA,NA,NA,NA,NA,NA,NA,NA,NA,NA,NA
2,"survival",3,"Mixed linear and rule-based","Linear",TRUE,"C-index",0.800414078674948,0.0199999999999818,NA,20,0,20,20,0,0,0,0,1,0,1,1
2,"survival",3,"Mixed linear and rule-based","Random forest",TRUE,"C-index",0.794099378881988,0.700000000000017,NA,NA,NA,NA,NA,NA,NA,NA,NA,NA,NA,NA,NA
2,"survival",3,"Mixed linear and rule-based","RuleFit",TRUE,"C-index",0.793555900621118,24.68,NA,35,35,0,3,29,3,0,0,0.0857142857142857,0.828571428571429,0.914285714285714,2
3,"survival",3,"Mixed linear and rule-based","BRP-GABLE full",TRUE,"C-index",0.833448140129896,251,NA,35,34,1,3,32,0,0,0,0.0857142857142857,0.914285714285714,1,1.91428571428571
3,"survival",3,"Mixed linear and rule-based","BRP-GABLE rule-only",TRUE,"C-index",0.834309191104113,250.52,NA,36,36,0,3,33,0,0,0,0.0833333333333333,0.916666666666667,1,1.91666666666667
3,"survival",3,"Mixed linear and rule-based","GABLE",TRUE,"C-index",0.772436528242472,5.12,NA,5,5,0,4,1,0,0,0,0.8,0.2,1,1.2
3,"survival",3,"Mixed linear and rule-based","GBM",TRUE,"C-index",0.845994882897067,0.0499999999999829,NA,NA,NA,NA,NA,NA,NA,NA,NA,NA,NA,NA,NA
3,"survival",3,"Mixed linear and rule-based","Linear",TRUE,"C-index",0.829856327494588,0,NA,20,0,20,20,0,0,0,0,1,0,1,1
3,"survival",3,"Mixed linear and rule-based","Random forest",TRUE,"C-index",0.823263137177721,1.02000000000001,NA,NA,NA,NA,NA,NA,NA,NA,NA,NA,NA,NA,NA
3,"survival",3,"Mixed linear and rule-based","RuleFit",TRUE,"C-index",0.827125565833497,23.47,NA,39,39,0,0,27,12,0,0,0,0.692307692307692,0.692307692307692,2.30769230769231
4,"survival",3,"Mixed linear and rule-based","BRP-GABLE full",TRUE,"C-index",0.794843257280653,238.59,NA,28,27,1,4,24,0,0,0,0.142857142857143,0.857142857142857,1,1.85714285714286
4,"survival",3,"Mixed linear and rule-based","BRP-GABLE rule-only",TRUE,"C-index",0.795608421443146,248.79,NA,26,26,0,3,23,0,0,0,0.115384615384615,0.884615384615385,1,1.88461538461538
4,"survival",3,"Mixed linear and rule-based","GABLE",TRUE,"C-index",0.791272491189019,5.07999999999998,NA,5,5,0,4,1,0,0,0,0.8,0.2,1,1.2
4,"survival",3,"Mixed linear and rule-based","GBM",TRUE,"C-index",0.786171396772398,0.0499999999999829,NA,NA,NA,NA,NA,NA,NA,NA,NA,NA,NA,NA,NA
4,"survival",3,"Mixed linear and rule-based","Linear",TRUE,"C-index",0.768688554999073,0,NA,20,0,20,20,0,0,0,0,1,0,1,1
4,"survival",3,"Mixed linear and rule-based","Random forest",TRUE,"C-index",0.775690966425524,0.920000000000016,NA,NA,NA,NA,NA,NA,NA,NA,NA,NA,NA,NA,NA
4,"survival",3,"Mixed linear and rule-based","RuleFit",TRUE,"C-index",0.788629196809497,17.69,NA,27,27,0,1,23,3,0,0,0.037037037037037,0.851851851851852,0.888888888888889,2.07407407407407
5,"survival",3,"Mixed linear and rule-based","BRP-GABLE full",TRUE,"C-index",0.812739027499545,243.18,NA,48,46,2,11,37,0,0,0,0.229166666666667,0.770833333333333,1,1.77083333333333
5,"survival",3,"Mixed linear and rule-based","BRP-GABLE rule-only",TRUE,"C-index",0.811691859406301,241.76,NA,47,47,0,9,38,0,0,0,0.191489361702128,0.808510638297872,1,1.80851063829787
5,"survival",3,"Mixed linear and rule-based","GABLE",TRUE,"C-index",0.811259333454744,5.25,NA,5,5,0,4,1,0,0,0,0.8,0.2,1,1.2
5,"survival",3,"Mixed linear and rule-based","GBM",TRUE,"C-index",0.822755417956656,0.0300000000000011,NA,NA,NA,NA,NA,NA,NA,NA,NA,NA,NA,NA,NA
5,"survival",3,"Mixed linear and rule-based","Linear",TRUE,"C-index",0.828674194135859,0.00999999999999091,NA,20,0,20,20,0,0,0,0,1,0,1,1
5,"survival",3,"Mixed linear and rule-based","Random forest",TRUE,"C-index",0.815835002731743,0.920000000000016,NA,NA,NA,NA,NA,NA,NA,NA,NA,NA,NA,NA,NA
5,"survival",3,"Mixed linear and rule-based","RuleFit",TRUE,"C-index",0.806956838462939,22.72,NA,30,30,0,0,23,7,0,0,0,0.766666666666667,0.766666666666667,2.23333333333333
6,"survival",3,"Mixed linear and rule-based","BRP-GABLE full",TRUE,"C-index",0.814621990833445,252.84,NA,31,29,2,5,26,0,0,0,0.161290322580645,0.838709677419355,1,1.83870967741935
6,"survival",3,"Mixed linear and rule-based","BRP-GABLE rule-only",TRUE,"C-index",0.81324255773595,251.52,NA,30,30,0,4,26,0,0,0,0.133333333333333,0.866666666666667,1,1.86666666666667
6,"survival",3,"Mixed linear and rule-based","GABLE",TRUE,"C-index",0.771948560494816,5.73000000000002,NA,5,5,0,5,0,0,0,0,1,0,1,1
6,"survival",3,"Mixed linear and rule-based","GBM",TRUE,"C-index",0.832154140524185,0.0299999999999727,NA,NA,NA,NA,NA,NA,NA,NA,NA,NA,NA,NA,NA
6,"survival",3,"Mixed linear and rule-based","Linear",TRUE,"C-index",0.837849864281582,0.0299999999999727,NA,20,0,20,20,0,0,0,0,1,0,1,1
6,"survival",3,"Mixed linear and rule-based","Random forest",TRUE,"C-index",0.845369999555022,0.720000000000027,NA,NA,NA,NA,NA,NA,NA,NA,NA,NA,NA,NA,NA
6,"survival",3,"Mixed linear and rule-based","RuleFit",TRUE,"C-index",0.8475503938059,26.16,NA,32,32,0,0,26,6,0,0,0,0.8125,0.8125,2.1875
7,"survival",3,"Mixed linear and rule-based","BRP-GABLE full",TRUE,"C-index",0.791589835844389,253.64,NA,33,33,0,10,23,0,0,0,0.303030303030303,0.696969696969697,1,1.6969696969697
7,"survival",3,"Mixed linear and rule-based","BRP-GABLE rule-only",TRUE,"C-index",0.791589835844389,248.86,NA,33,33,0,10,23,0,0,0,0.303030303030303,0.696969696969697,1,1.6969696969697
7,"survival",3,"Mixed linear and rule-based","GABLE",TRUE,"C-index",0.788823926242411,5.56000000000006,NA,5,5,0,4,1,0,0,0,0.8,0.2,1,1.2
7,"survival",3,"Mixed linear and rule-based","GBM",TRUE,"C-index",0.812997526422307,0.0300000000000864,NA,NA,NA,NA,NA,NA,NA,NA,NA,NA,NA,NA,NA
7,"survival",3,"Mixed linear and rule-based","Linear",TRUE,"C-index",0.808724983134698,0.0299999999999727,NA,20,0,20,20,0,0,0,0,1,0,1,1
7,"survival",3,"Mixed linear and rule-based","Random forest",TRUE,"C-index",0.814751517877221,0.799999999999955,NA,NA,NA,NA,NA,NA,NA,NA,NA,NA,NA,NA,NA
7,"survival",3,"Mixed linear and rule-based","RuleFit",TRUE,"C-index",0.799527771531369,24.6099999999999,NA,34,34,0,0,22,12,0,0,0,0.647058823529412,0.647058823529412,2.35294117647059
8,"survival",3,"Mixed linear and rule-based","BRP-GABLE full",TRUE,"C-index",0.783123594430356,249.68,NA,20,20,0,0,20,0,0,0,0,1,1,2
8,"survival",3,"Mixed linear and rule-based","BRP-GABLE rule-only",TRUE,"C-index",0.785300732092445,248.9,NA,21,21,0,0,21,0,0,0,0,1,1,2
8,"survival",3,"Mixed linear and rule-based","GABLE",TRUE,"C-index",0.7498205655773,5.89999999999998,NA,4,4,0,3,1,0,0,0,0.75,0.25,1,1.25
8,"survival",3,"Mixed linear and rule-based","GBM",TRUE,"C-index",0.819656442892004,0.0100000000001046,NA,NA,NA,NA,NA,NA,NA,NA,NA,NA,NA,NA,NA
8,"survival",3,"Mixed linear and rule-based","Linear",TRUE,"C-index",0.81831666586918,0.0299999999999727,NA,20,0,20,20,0,0,0,0,1,0,1,1
8,"survival",3,"Mixed linear and rule-based","Random forest",TRUE,"C-index",0.79778936791234,0.92999999999995,NA,NA,NA,NA,NA,NA,NA,NA,NA,NA,NA,NA,NA
8,"survival",3,"Mixed linear and rule-based","RuleFit",TRUE,"C-index",0.815828508541079,22.22,NA,36,36,0,0,32,4,0,0,0,0.888888888888889,0.888888888888889,2.11111111111111
9,"survival",3,"Mixed linear and rule-based","BRP-GABLE full",TRUE,"C-index",0.777232965009208,242.51,NA,29,29,0,4,25,0,0,0,0.137931034482759,0.862068965517241,1,1.86206896551724
9,"survival",3,"Mixed linear and rule-based","BRP-GABLE rule-only",TRUE,"C-index",0.775391344383057,240.89,NA,25,25,0,3,22,0,0,0,0.12,0.88,1,1.88
9,"survival",3,"Mixed linear and rule-based","GABLE",TRUE,"C-index",0.706790976058932,4.81000000000006,NA,5,5,0,2,3,0,0,0,0.4,0.6,1,1.6
9,"survival",3,"Mixed linear and rule-based","GBM",TRUE,"C-index",0.825138121546961,0.0199999999999818,NA,NA,NA,NA,NA,NA,NA,NA,NA,NA,NA,NA,NA
9,"survival",3,"Mixed linear and rule-based","Linear",TRUE,"C-index",0.833379373848987,0.0300000000000864,NA,20,0,20,20,0,0,0,0,1,0,1,1
9,"survival",3,"Mixed linear and rule-based","Random forest",TRUE,"C-index",0.808195211786372,0.689999999999941,NA,NA,NA,NA,NA,NA,NA,NA,NA,NA,NA,NA,NA
9,"survival",3,"Mixed linear and rule-based","RuleFit",TRUE,"C-index",0.793991712707182,24.53,NA,34,34,0,0,29,5,0,0,0,0.852941176470588,0.852941176470588,2.14705882352941
10,"survival",3,"Mixed linear and rule-based","BRP-GABLE full",TRUE,"C-index",0.787542024654464,254.14,NA,19,19,0,2,17,0,0,0,0.105263157894737,0.894736842105263,1,1.89473684210526
10,"survival",3,"Mixed linear and rule-based","BRP-GABLE rule-only",TRUE,"C-index",0.787542024654464,254.23,NA,19,19,0,2,17,0,0,0,0.105263157894737,0.894736842105263,1,1.89473684210526
10,"survival",3,"Mixed linear and rule-based","GABLE",TRUE,"C-index",0.777736271946208,5.56000000000006,NA,5,5,0,5,0,0,0,0,1,0,1,1
10,"survival",3,"Mixed linear and rule-based","GBM",TRUE,"C-index",0.822002241314905,0.0399999999999636,NA,NA,NA,NA,NA,NA,NA,NA,NA,NA,NA,NA,NA
10,"survival",3,"Mixed linear and rule-based","Linear",TRUE,"C-index",0.806966753828913,0.0300000000000864,NA,20,0,20,20,0,0,0,0,1,0,1,1
10,"survival",3,"Mixed linear and rule-based","Random forest",TRUE,"C-index",0.809348150915204,0.759999999999991,NA,NA,NA,NA,NA,NA,NA,NA,NA,NA,NA,NA,NA
10,"survival",3,"Mixed linear and rule-based","RuleFit",TRUE,"C-index",0.815675196115054,21.89,NA,33,33,0,2,31,0,0,0,0.0606060606060606,0.939393939393939,1,1.93939393939394
11,"survival",3,"Mixed linear and rule-based","BRP-GABLE full",TRUE,"C-index",0.79156746031746,241.03,NA,37,36,1,13,24,0,0,0,0.351351351351351,0.648648648648649,1,1.64864864864865
11,"survival",3,"Mixed linear and rule-based","BRP-GABLE rule-only",TRUE,"C-index",0.786805555555556,239.06,NA,37,37,0,13,24,0,0,0,0.351351351351351,0.648648648648649,1,1.64864864864865
11,"survival",3,"Mixed linear and rule-based","GABLE",TRUE,"C-index",0.727604166666667,4.59000000000003,NA,5,5,0,4,1,0,0,0,0.8,0.2,1,1.2
11,"survival",3,"Mixed linear and rule-based","GBM",TRUE,"C-index",0.805803571428571,0.0299999999999727,NA,NA,NA,NA,NA,NA,NA,NA,NA,NA,NA,NA,NA
11,"survival",3,"Mixed linear and rule-based","Linear",TRUE,"C-index",0.796130952380952,0,NA,20,0,20,20,0,0,0,0,1,0,1,1
11,"survival",3,"Mixed linear and rule-based","Random forest",TRUE,"C-index",0.792857142857143,0.709999999999923,NA,NA,NA,NA,NA,NA,NA,NA,NA,NA,NA,NA,NA
11,"survival",3,"Mixed linear and rule-based","RuleFit",TRUE,"C-index",0.791889880952381,25.88,NA,38,38,0,0,32,6,0,0,0,0.842105263157895,0.842105263157895,2.15789473684211
12,"survival",3,"Mixed linear and rule-based","BRP-GABLE full",TRUE,"C-index",0.772845251946657,240.92,NA,26,25,1,1,25,0,0,0,0.0384615384615385,0.961538461538462,1,1.96153846153846
12,"survival",3,"Mixed linear and rule-based","BRP-GABLE rule-only",TRUE,"C-index",0.772330618455205,240.68,NA,27,27,0,2,25,0,0,0,0.0740740740740741,0.925925925925926,1,1.92592592592593
12,"survival",3,"Mixed linear and rule-based","GABLE",TRUE,"C-index",0.753580059070975,4.63,NA,5,5,0,5,0,0,0,0,1,0,1,1
12,"survival",3,"Mixed linear and rule-based","GBM",TRUE,"C-index",0.806811062382529,0.0499999999999545,NA,NA,NA,NA,NA,NA,NA,NA,NA,NA,NA,NA,NA
12,"survival",3,"Mixed linear and rule-based","Linear",TRUE,"C-index",0.800903964915421,0,NA,20,0,20,20,0,0,0,0,1,0,1,1
12,"survival",3,"Mixed linear and rule-based","Random forest",TRUE,"C-index",0.791058802470241,0.779999999999973,NA,NA,NA,NA,NA,NA,NA,NA,NA,NA,NA,NA,NA
12,"survival",3,"Mixed linear and rule-based","RuleFit",TRUE,"C-index",0.796921149198962,22.48,NA,34,34,0,0,23,11,0,0,0,0.676470588235294,0.676470588235294,2.32352941176471
13,"survival",3,"Mixed linear and rule-based","BRP-GABLE full",TRUE,"C-index",0.810007182188173,248.51,NA,32,31,1,8,24,0,0,0,0.25,0.75,1,1.75
13,"survival",3,"Mixed linear and rule-based","BRP-GABLE rule-only",TRUE,"C-index",0.810198707206129,247.89,NA,32,32,0,7,25,0,0,0,0.21875,0.78125,1,1.78125
13,"survival",3,"Mixed linear and rule-based","GABLE",TRUE,"C-index",0.785444098635384,4.8599999999999,NA,5,5,0,4,1,0,0,0,0.8,0.2,1,1.2
13,"survival",3,"Mixed linear and rule-based","GBM",TRUE,"C-index",0.821307158247546,0.0299999999999727,NA,NA,NA,NA,NA,NA,NA,NA,NA,NA,NA,NA,NA
13,"survival",3,"Mixed linear and rule-based","Linear",TRUE,"C-index",0.799616949964089,0.0200000000000955,NA,20,0,20,20,0,0,0,0,1,0,1,1
13,"survival",3,"Mixed linear and rule-based","Random forest",TRUE,"C-index",0.799329662437156,0.720000000000027,NA,NA,NA,NA,NA,NA,NA,NA,NA,NA,NA,NA,NA
13,"survival",3,"Mixed linear and rule-based","RuleFit",TRUE,"C-index",0.821307158247546,21.45,NA,39,39,0,1,33,5,0,0,0.0256410256410256,0.846153846153846,0.871794871794872,2.1025641025641
14,"survival",3,"Mixed linear and rule-based","BRP-GABLE full",TRUE,"C-index",0.817453016165068,240.8,NA,26,24,2,2,24,0,0,0,0.0769230769230769,0.923076923076923,1,1.92307692307692
14,"survival",3,"Mixed linear and rule-based","BRP-GABLE rule-only",TRUE,"C-index",0.816949226792833,239.28,NA,30,30,0,3,27,0,0,0,0.1,0.9,1,1.9
14,"survival",3,"Mixed linear and rule-based","GABLE",TRUE,"C-index",0.760086739387567,4.20000000000005,NA,5,5,0,4,1,0,0,0,0.8,0.2,1,1.2
14,"survival",3,"Mixed linear and rule-based","GBM",TRUE,"C-index",0.804310684715469,0.0299999999999727,NA,NA,NA,NA,NA,NA,NA,NA,NA,NA,NA,NA,NA
14,"survival",3,"Mixed linear and rule-based","Linear",TRUE,"C-index",0.798309020020152,0,NA,20,0,20,20,0,0,0,0,1,0,1,1
14,"survival",3,"Mixed linear and rule-based","Random forest",TRUE,"C-index",0.805405879002935,0.710000000000036,NA,NA,NA,NA,NA,NA,NA,NA,NA,NA,NA,NA,NA
14,"survival",3,"Mixed linear and rule-based","RuleFit",TRUE,"C-index",0.821176676742454,23.41,NA,35,35,0,0,27,8,0,0,0,0.771428571428571,0.771428571428571,2.22857142857143
15,"survival",3,"Mixed linear and rule-based","BRP-GABLE full",TRUE,"C-index",0.809313679466717,225.36,NA,31,30,1,4,27,0,0,0,0.129032258064516,0.870967741935484,1,1.87096774193548
15,"survival",3,"Mixed linear and rule-based","BRP-GABLE rule-only",TRUE,"C-index",0.808093136794667,225.71,NA,32,32,0,5,27,0,0,0,0.15625,0.84375,1,1.84375
15,"survival",3,"Mixed linear and rule-based","GABLE",TRUE,"C-index",0.781076894188339,4.79999999999995,NA,5,5,0,4,1,0,0,0,0.8,0.2,1,1.2
15,"survival",3,"Mixed linear and rule-based","GBM",TRUE,"C-index",0.806356210684443,0.0500000000000682,NA,NA,NA,NA,NA,NA,NA,NA,NA,NA,NA,NA,NA
15,"survival",3,"Mixed linear and rule-based","Linear",TRUE,"C-index",0.795230494789222,0,NA,20,0,20,20,0,0,0,0,1,0,1,1
15,"survival",3,"Mixed linear and rule-based","Random forest",TRUE,"C-index",0.800722936813445,0.730000000000018,NA,NA,NA,NA,NA,NA,NA,NA,NA,NA,NA,NA,NA
15,"survival",3,"Mixed linear and rule-based","RuleFit",TRUE,"C-index",0.796028541920946,20.59,NA,30,30,0,0,26,4,0,0,0,0.866666666666667,0.866666666666667,2.13333333333333
16,"survival",3,"Mixed linear and rule-based","BRP-GABLE full",TRUE,"C-index",0.795246303184251,261.71,NA,36,33,3,13,23,0,0,0,0.361111111111111,0.638888888888889,1,1.63888888888889
16,"survival",3,"Mixed linear and rule-based","BRP-GABLE rule-only",TRUE,"C-index",0.794180350176903,261.13,NA,33,33,0,9,24,0,0,0,0.272727272727273,0.727272727272727,1,1.72727272727273
16,"survival",3,"Mixed linear and rule-based","GABLE",TRUE,"C-index",0.738546675133811,5.91000000000008,NA,4,4,0,2,2,0,0,0,0.5,0.5,1,1.5
16,"survival",3,"Mixed linear and rule-based","GBM",TRUE,"C-index",0.81180259457498,0.0299999999999727,NA,NA,NA,NA,NA,NA,NA,NA,NA,NA,NA,NA,NA
16,"survival",3,"Mixed linear and rule-based","Linear",TRUE,"C-index",0.796108137530618,0,NA,20,0,20,20,0,0,0,0,1,0,1,1
16,"survival",3,"Mixed linear and rule-based","Random forest",TRUE,"C-index",0.807266624330944,0.769999999999982,NA,NA,NA,NA,NA,NA,NA,NA,NA,NA,NA,NA,NA
16,"survival",3,"Mixed linear and rule-based","RuleFit",TRUE,"C-index",0.78356617980586,28.53,NA,32,32,0,0,24,8,0,0,0,0.75,0.75,2.25
17,"survival",3,"Mixed linear and rule-based","BRP-GABLE full",TRUE,"C-index",0.83021457656586,281.28,NA,47,46,1,19,28,0,0,0,0.404255319148936,0.595744680851064,1,1.59574468085106
17,"survival",3,"Mixed linear and rule-based","BRP-GABLE rule-only",TRUE,"C-index",0.83021457656586,280.09,NA,45,45,0,18,27,0,0,0,0.4,0.6,1,1.6
17,"survival",3,"Mixed linear and rule-based","GABLE",TRUE,"C-index",0.797524820423663,5.61000000000013,NA,5,5,0,4,1,0,0,0,0.8,0.2,1,1.2
17,"survival",3,"Mixed linear and rule-based","GBM",TRUE,"C-index",0.845770233792378,0.0399999999999636,NA,NA,NA,NA,NA,NA,NA,NA,NA,NA,NA,NA,NA
17,"survival",3,"Mixed linear and rule-based","Linear",TRUE,"C-index",0.824861600402617,0.00999999999999091,NA,20,0,20,20,0,0,0,0,1,0,1,1
17,"survival",3,"Mixed linear and rule-based","Random forest",TRUE,"C-index",0.845587226060301,0.809999999999945,NA,NA,NA,NA,NA,NA,NA,NA,NA,NA,NA,NA,NA
17,"survival",3,"Mixed linear and rule-based","RuleFit",TRUE,"C-index",0.840165621997529,24.53,NA,38,38,0,0,32,6,0,0,0,0.842105263157895,0.842105263157895,2.15789473684211
18,"survival",3,"Mixed linear and rule-based","BRP-GABLE full",TRUE,"C-index",0.778753566333809,274.19,NA,37,35,2,7,30,0,0,0,0.189189189189189,0.810810810810811,1,1.81081081081081
18,"survival",3,"Mixed linear and rule-based","BRP-GABLE rule-only",TRUE,"C-index",0.773782988587732,273.46,NA,39,39,0,6,33,0,0,0,0.153846153846154,0.846153846153846,1,1.84615384615385
18,"survival",3,"Mixed linear and rule-based","GABLE",TRUE,"C-index",0.75722182596291,6.07999999999993,NA,5,5,0,5,0,0,0,0,1,0,1,1
18,"survival",3,"Mixed linear and rule-based","GBM",TRUE,"C-index",0.805456490727532,0.0299999999999727,NA,NA,NA,NA,NA,NA,NA,NA,NA,NA,NA,NA,NA
18,"survival",3,"Mixed linear and rule-based","Linear",TRUE,"C-index",0.808175820256776,0.0199999999999818,NA,20,0,20,20,0,0,0,0,1,0,1,1
18,"survival",3,"Mixed linear and rule-based","Random forest",TRUE,"C-index",0.781160841654779,0.809999999999945,NA,NA,NA,NA,NA,NA,NA,NA,NA,NA,NA,NA,NA
18,"survival",3,"Mixed linear and rule-based","RuleFit",TRUE,"C-index",0.787624821683309,25.95,NA,40,40,0,0,27,13,0,0,0,0.675,0.675,2.325
19,"survival",3,"Mixed linear and rule-based","BRP-GABLE full",TRUE,"C-index",0.793021880544057,277.1,NA,34,34,0,4,30,0,0,0,0.117647058823529,0.882352941176471,1,1.88235294117647
19,"survival",3,"Mixed linear and rule-based","BRP-GABLE rule-only",TRUE,"C-index",0.793958210132072,276.33,NA,35,35,0,6,29,0,0,0,0.171428571428571,0.828571428571429,1,1.82857142857143
19,"survival",3,"Mixed linear and rule-based","GABLE",TRUE,"C-index",0.752291543465405,6.02999999999997,NA,4,4,0,3,1,0,0,0,0.75,0.25,1,1.25
19,"survival",3,"Mixed linear and rule-based","GBM",TRUE,"C-index",0.795042381233984,0.0299999999999727,NA,NA,NA,NA,NA,NA,NA,NA,NA,NA,NA,NA,NA
19,"survival",3,"Mixed linear and rule-based","Linear",TRUE,"C-index",0.794993100729351,0.0199999999999818,NA,20,0,20,20,0,0,0,0,1,0,1,1
19,"survival",3,"Mixed linear and rule-based","Random forest",TRUE,"C-index",0.785974768381628,0.75,NA,NA,NA,NA,NA,NA,NA,NA,NA,NA,NA,NA,NA
19,"survival",3,"Mixed linear and rule-based","RuleFit",TRUE,"C-index",0.757539917208752,18.28,NA,25,25,0,1,21,3,0,0,0.04,0.84,0.88,2.08
20,"survival",3,"Mixed linear and rule-based","BRP-GABLE full",TRUE,"C-index",0.812116121581185,306.69,NA,33,30,3,8,25,0,0,0,0.242424242424242,0.757575757575758,1,1.75757575757576
20,"survival",3,"Mixed linear and rule-based","BRP-GABLE rule-only",TRUE,"C-index",0.807890177962098,290.18,NA,29,29,0,5,24,0,0,0,0.172413793103448,0.827586206896552,1,1.82758620689655
20,"survival",3,"Mixed linear and rule-based","GABLE",TRUE,"C-index",0.787075437030815,5.88000000000011,NA,5,5,0,5,0,0,0,0,1,0,1,1
20,"survival",3,"Mixed linear and rule-based","GBM",TRUE,"C-index",0.825555147251824,0.0299999999999727,NA,NA,NA,NA,NA,NA,NA,NA,NA,NA,NA,NA,NA
20,"survival",3,"Mixed linear and rule-based","Linear",TRUE,"C-index",0.822825345162476,0,NA,20,0,20,20,0,0,0,0,1,0,1,1
20,"survival",3,"Mixed linear and rule-based","Random forest",TRUE,"C-index",0.808546380387422,0.809999999999945,NA,NA,NA,NA,NA,NA,NA,NA,NA,NA,NA,NA,NA
20,"survival",3,"Mixed linear and rule-based","RuleFit",TRUE,"C-index",0.807233975536774,25.9400000000001,NA,38,38,0,0,26,12,0,0,0,0.684210526315789,0.684210526315789,2.31578947368421
21,"survival",3,"Mixed linear and rule-based","BRP-GABLE full",TRUE,"C-index",0.789925283200771,281.64,NA,36,36,0,3,33,0,0,0,0.0833333333333333,0.916666666666667,1,1.91666666666667
21,"survival",3,"Mixed linear and rule-based","BRP-GABLE rule-only",TRUE,"C-index",0.789925283200771,279.87,NA,36,36,0,3,33,0,0,0,0.0833333333333333,0.916666666666667,1,1.91666666666667
21,"survival",3,"Mixed linear and rule-based","GABLE",TRUE,"C-index",0.754278139310677,5.72000000000003,NA,5,5,0,3,2,0,0,0,0.6,0.4,1,1.4
21,"survival",3,"Mixed linear and rule-based","GBM",TRUE,"C-index",0.794986743793685,0.0299999999999727,NA,NA,NA,NA,NA,NA,NA,NA,NA,NA,NA,NA,NA
21,"survival",3,"Mixed linear and rule-based","Linear",TRUE,"C-index",0.796914919257652,0.0200000000002092,NA,20,0,20,20,0,0,0,0,1,0,1,1
21,"survival",3,"Mixed linear and rule-based","Random forest",TRUE,"C-index",0.796866714871053,0.889999999999873,NA,NA,NA,NA,NA,NA,NA,NA,NA,NA,NA,NA,NA
21,"survival",3,"Mixed linear and rule-based","RuleFit",TRUE,"C-index",0.814461315979754,24.28,NA,40,40,0,0,25,15,0,0,0,0.625,0.625,2.375
22,"survival",3,"Mixed linear and rule-based","BRP-GABLE full",TRUE,"C-index",0.812792001495048,289.36,NA,38,36,2,13,25,0,0,0,0.342105263157895,0.657894736842105,1,1.65789473684211
22,"survival",3,"Mixed linear and rule-based","BRP-GABLE rule-only",TRUE,"C-index",0.813072322930293,288.24,NA,38,38,0,13,25,0,0,0,0.342105263157895,0.657894736842105,1,1.65789473684211
22,"survival",3,"Mixed linear and rule-based","GABLE",TRUE,"C-index",0.715987665856849,5.89999999999986,NA,5,5,0,3,2,0,0,0,0.6,0.4,1,1.4
22,"survival",3,"Mixed linear and rule-based","GBM",TRUE,"C-index",0.831059615025229,0.00999999999999091,NA,NA,NA,NA,NA,NA,NA,NA,NA,NA,NA,NA,NA
22,"survival",3,"Mixed linear and rule-based","Linear",TRUE,"C-index",0.82592038871239,0.0299999999999727,NA,20,0,20,20,0,0,0,0,1,0,1,1
22,"survival",3,"Mixed linear and rule-based","Random forest",TRUE,"C-index",0.805690525135489,0.850000000000136,NA,NA,NA,NA,NA,NA,NA,NA,NA,NA,NA,NA,NA
22,"survival",3,"Mixed linear and rule-based","RuleFit",TRUE,"C-index",0.804826200710148,25.3500000000001,NA,27,27,0,0,16,11,0,0,0,0.592592592592593,0.592592592592593,2.40740740740741
23,"survival",3,"Mixed linear and rule-based","BRP-GABLE full",TRUE,"C-index",0.838487972508591,288.18,NA,42,40,2,9,33,0,0,0,0.214285714285714,0.785714285714286,1,1.78571428571429
23,"survival",3,"Mixed linear and rule-based","BRP-GABLE rule-only",TRUE,"C-index",0.838746881325613,287.45,NA,42,42,0,9,33,0,0,0,0.214285714285714,0.785714285714286,1,1.78571428571429
23,"survival",3,"Mixed linear and rule-based","GABLE",TRUE,"C-index",0.791625476627595,6.12000000000012,NA,5,5,0,4,1,0,0,0,0.8,0.2,1,1.2
23,"survival",3,"Mixed linear and rule-based","GBM",TRUE,"C-index",0.846208162688886,0.0300000000002001,NA,NA,NA,NA,NA,NA,NA,NA,NA,NA,NA,NA,NA
23,"survival",3,"Mixed linear and rule-based","Linear",TRUE,"C-index",0.82168243656734,0,NA,20,0,20,20,0,0,0,0,1,0,1,1
23,"survival",3,"Mixed linear and rule-based","Random forest",TRUE,"C-index",0.838440898178223,0.7199999999998,NA,NA,NA,NA,NA,NA,NA,NA,NA,NA,NA,NA,NA
23,"survival",3,"Mixed linear and rule-based","RuleFit",TRUE,"C-index",0.841783175634327,25.3299999999999,NA,48,48,0,1,40,7,0,0,0.0208333333333333,0.833333333333333,0.854166666666667,2.125
24,"survival",3,"Mixed linear and rule-based","BRP-GABLE full",TRUE,"C-index",0.767287646928365,296.07,NA,33,33,0,13,20,0,0,0,0.393939393939394,0.606060606060606,1,1.60606060606061
24,"survival",3,"Mixed linear and rule-based","BRP-GABLE rule-only",TRUE,"C-index",0.767287646928365,295.28,NA,33,33,0,13,20,0,0,0,0.393939393939394,0.606060606060606,1,1.60606060606061
24,"survival",3,"Mixed linear and rule-based","GABLE",TRUE,"C-index",0.73754712796629,6.00999999999999,NA,5,5,0,4,1,0,0,0,0.8,0.2,1,1.2
24,"survival",3,"Mixed linear and rule-based","GBM",TRUE,"C-index",0.792947438456421,0.0299999999999727,NA,NA,NA,NA,NA,NA,NA,NA,NA,NA,NA,NA,NA
24,"survival",3,"Mixed linear and rule-based","Linear",TRUE,"C-index",0.798979818141495,0.0199999999999818,NA,20,0,20,20,0,0,0,0,1,0,1,1
24,"survival",3,"Mixed linear and rule-based","Random forest",TRUE,"C-index",0.763850077622533,0.75,NA,NA,NA,NA,NA,NA,NA,NA,NA,NA,NA,NA,NA
24,"survival",3,"Mixed linear and rule-based","RuleFit",TRUE,"C-index",0.768463073852295,24.49,NA,32,32,0,0,28,4,0,0,0,0.875,0.875,2.125
25,"survival",3,"Mixed linear and rule-based","BRP-GABLE full",TRUE,"C-index",0.773819279706707,299.66,NA,34,31,3,16,18,0,0,0,0.470588235294118,0.529411764705882,1,1.52941176470588
25,"survival",3,"Mixed linear and rule-based","BRP-GABLE rule-only",TRUE,"C-index",0.771188268276903,298.77,NA,33,33,0,15,18,0,0,0,0.454545454545455,0.545454545454545,1,1.54545454545455
25,"survival",3,"Mixed linear and rule-based","GABLE",TRUE,"C-index",0.754345481992668,6.17000000000007,NA,5,5,0,5,0,0,0,0,1,0,1,1
25,"survival",3,"Mixed linear and rule-based","GBM",TRUE,"C-index",0.7860254474876,0.0300000000002001,NA,NA,NA,NA,NA,NA,NA,NA,NA,NA,NA,NA,NA
25,"survival",3,"Mixed linear and rule-based","Linear",TRUE,"C-index",0.792840198404141,0.0199999999999818,NA,20,0,20,20,0,0,0,0,1,0,1,1
25,"survival",3,"Mixed linear and rule-based","Random forest",TRUE,"C-index",0.784386456760837,0.829999999999927,NA,NA,NA,NA,NA,NA,NA,NA,NA,NA,NA,NA,NA
25,"survival",3,"Mixed linear and rule-based","RuleFit",TRUE,"C-index",0.804830709510459,24.6599999999999,NA,45,45,0,1,33,11,0,0,0.0222222222222222,0.733333333333333,0.755555555555556,2.22222222222222
26,"survival",3,"Mixed linear and rule-based","BRP-GABLE full",TRUE,"C-index",0.818136596527881,291.95,NA,33,31,2,6,27,0,0,0,0.181818181818182,0.818181818181818,1,1.81818181818182
26,"survival",3,"Mixed linear and rule-based","BRP-GABLE rule-only",TRUE,"C-index",0.818161468437547,290.95,NA,38,38,0,6,32,0,0,0,0.157894736842105,0.842105263157895,1,1.84210526315789
26,"survival",3,"Mixed linear and rule-based","GABLE",TRUE,"C-index",0.799781127194946,6.45999999999981,NA,5,5,0,5,0,0,0,0,1,0,1,1
26,"survival",3,"Mixed linear and rule-based","GBM",TRUE,"C-index",0.855145998109735,0.0199999999999818,NA,NA,NA,NA,NA,NA,NA,NA,NA,NA,NA,NA,NA
26,"survival",3,"Mixed linear and rule-based","Linear",TRUE,"C-index",0.835646420932199,0.0199999999999818,NA,20,0,20,20,0,0,0,0,1,0,1,1
26,"survival",3,"Mixed linear and rule-based","Random forest",TRUE,"C-index",0.813609908968811,0.8900000000001,NA,NA,NA,NA,NA,NA,NA,NA,NA,NA,NA,NA,NA
26,"survival",3,"Mixed linear and rule-based","RuleFit",TRUE,"C-index",0.817813261702234,27.7900000000002,NA,33,33,0,0,20,13,0,0,0,0.606060606060606,0.606060606060606,2.39393939393939
27,"survival",3,"Mixed linear and rule-based","BRP-GABLE full",TRUE,"C-index",0.832821143208359,305.96,NA,40,39,1,10,30,0,0,0,0.25,0.75,1,1.75
27,"survival",3,"Mixed linear and rule-based","BRP-GABLE rule-only",TRUE,"C-index",0.833861283154461,302.81,NA,37,37,0,9,28,0,0,0,0.243243243243243,0.756756756756757,1,1.75675675675676
27,"survival",3,"Mixed linear and rule-based","GABLE",TRUE,"C-index",0.768285187461586,5.8599999999999,NA,5,5,0,4,1,0,0,0,0.8,0.2,1,1.2
27,"survival",3,"Mixed linear and rule-based","GBM",TRUE,"C-index",0.818779253935984,0.0299999999999727,NA,NA,NA,NA,NA,NA,NA,NA,NA,NA,NA,NA,NA
27,"survival",3,"Mixed linear and rule-based","Linear",TRUE,"C-index",0.801758782090681,0,NA,20,0,20,20,0,0,0,0,1,0,1,1
27,"survival",3,"Mixed linear and rule-based","Random forest",TRUE,"C-index",0.795234267883315,0.779999999999973,NA,NA,NA,NA,NA,NA,NA,NA,NA,NA,NA,NA,NA
27,"survival",3,"Mixed linear and rule-based","RuleFit",TRUE,"C-index",0.810765448442154,23.1700000000001,NA,34,34,0,2,27,5,0,0,0.0588235294117647,0.794117647058823,0.852941176470588,2.08823529411765
28,"survival",3,"Mixed linear and rule-based","BRP-GABLE full",TRUE,"C-index",0.75734339695207,288.3,NA,18,18,0,0,18,0,0,0,0,1,1,2
28,"survival",3,"Mixed linear and rule-based","BRP-GABLE rule-only",TRUE,"C-index",0.75734339695207,288.08,NA,18,18,0,0,18,0,0,0,0,1,1,2
28,"survival",3,"Mixed linear and rule-based","GABLE",TRUE,"C-index",0.769217826066054,6.04999999999995,NA,5,5,0,5,0,0,0,0,1,0,1,1
28,"survival",3,"Mixed linear and rule-based","GBM",TRUE,"C-index",0.809961059564444,0.0299999999999727,NA,NA,NA,NA,NA,NA,NA,NA,NA,NA,NA,NA,NA
28,"survival",3,"Mixed linear and rule-based","Linear",TRUE,"C-index",0.815922311427335,0.0200000000002092,NA,20,0,20,20,0,0,0,0,1,0,1,1
28,"survival",3,"Mixed linear and rule-based","Random forest",TRUE,"C-index",0.779818277967405,1.08999999999992,NA,NA,NA,NA,NA,NA,NA,NA,NA,NA,NA,NA,NA
28,"survival",3,"Mixed linear and rule-based","RuleFit",TRUE,"C-index",0.775828085188212,23.26,NA,30,30,0,0,27,3,0,0,0,0.9,0.9,2.1
29,"survival",3,"Mixed linear and rule-based","BRP-GABLE full",TRUE,"C-index",0.779070863173766,291.89,NA,38,37,1,7,31,0,0,0,0.184210526315789,0.815789473684211,1,1.81578947368421
29,"survival",3,"Mixed linear and rule-based","BRP-GABLE rule-only",TRUE,"C-index",0.781191104410102,290.6,NA,38,38,0,5,33,0,0,0,0.131578947368421,0.868421052631579,1,1.86842105263158
29,"survival",3,"Mixed linear and rule-based","GABLE",TRUE,"C-index",0.668276479457218,5.88999999999987,NA,5,5,0,5,0,0,0,0,1,0,1,1
29,"survival",3,"Mixed linear and rule-based","GBM",TRUE,"C-index",0.79852996607614,0.0199999999999818,NA,NA,NA,NA,NA,NA,NA,NA,NA,NA,NA,NA,NA
29,"survival",3,"Mixed linear and rule-based","Linear",TRUE,"C-index",0.788070109310215,0.00999999999999091,NA,20,0,20,20,0,0,0,0,1,0,1,1
29,"survival",3,"Mixed linear and rule-based","Random forest",TRUE,"C-index",0.766255182811911,0.860000000000127,NA,NA,NA,NA,NA,NA,NA,NA,NA,NA,NA,NA,NA
29,"survival",3,"Mixed linear and rule-based","RuleFit",TRUE,"C-index",0.787810968714663,23.8900000000001,NA,30,30,0,1,23,6,0,0,0.0333333333333333,0.766666666666667,0.8,2.16666666666667
30,"survival",3,"Mixed linear and rule-based","BRP-GABLE full",TRUE,"C-index",0.803634594977007,298.13,NA,40,39,1,9,31,0,0,0,0.225,0.775,1,1.775
30,"survival",3,"Mixed linear and rule-based","BRP-GABLE rule-only",TRUE,"C-index",0.801467987265653,296.52,NA,38,38,0,7,31,0,0,0,0.184210526315789,0.815789473684211,1,1.81578947368421
30,"survival",3,"Mixed linear and rule-based","GABLE",TRUE,"C-index",0.763287053413513,6,NA,5,5,0,4,1,0,0,0,0.8,0.2,1,1.2
30,"survival",3,"Mixed linear and rule-based","GBM",TRUE,"C-index",0.804961089494163,0.0299999999999727,NA,NA,NA,NA,NA,NA,NA,NA,NA,NA,NA,NA,NA
30,"survival",3,"Mixed linear and rule-based","Linear",TRUE,"C-index",0.777104704633887,0.0199999999999818,NA,20,0,20,20,0,0,0,0,1,0,1,1
30,"survival",3,"Mixed linear and rule-based","Random forest",TRUE,"C-index",0.78767244428723,0.700000000000045,NA,NA,NA,NA,NA,NA,NA,NA,NA,NA,NA,NA,NA
30,"survival",3,"Mixed linear and rule-based","RuleFit",TRUE,"C-index",0.803789352670676,23.6099999999999,NA,37,37,0,0,31,6,0,0,0,0.837837837837838,0.837837837837838,2.16216216216216
31,"survival",3,"Mixed linear and rule-based","BRP-GABLE full",TRUE,"C-index",0.801875901875902,277.87,NA,25,25,0,0,25,0,0,0,0,1,1,2
31,"survival",3,"Mixed linear and rule-based","BRP-GABLE rule-only",TRUE,"C-index",0.803030303030303,274.91,NA,27,27,0,1,26,0,0,0,0.037037037037037,0.962962962962963,1,1.96296296296296
31,"survival",3,"Mixed linear and rule-based","GABLE",TRUE,"C-index",0.774434824434824,4.80999999999995,NA,5,5,0,3,2,0,0,0,0.6,0.4,1,1.4
31,"survival",3,"Mixed linear and rule-based","GBM",TRUE,"C-index",0.836892736892737,0.0199999999999818,NA,NA,NA,NA,NA,NA,NA,NA,NA,NA,NA,NA,NA
31,"survival",3,"Mixed linear and rule-based","Linear",TRUE,"C-index",0.813804713804714,0.00999999999999091,NA,20,0,20,20,0,0,0,0,1,0,1,1
31,"survival",3,"Mixed linear and rule-based","Random forest",TRUE,"C-index",0.816690716690717,0.720000000000027,NA,NA,NA,NA,NA,NA,NA,NA,NA,NA,NA,NA,NA
31,"survival",3,"Mixed linear and rule-based","RuleFit",TRUE,"C-index",0.816810966810967,21.6699999999998,NA,38,38,0,0,32,6,0,0,0,0.842105263157895,0.842105263157895,2.15789473684211
32,"survival",3,"Mixed linear and rule-based","BRP-GABLE full",TRUE,"C-index",0.83058011855019,278.06,NA,30,27,3,13,17,0,0,0,0.433333333333333,0.566666666666667,1,1.56666666666667
32,"survival",3,"Mixed linear and rule-based","BRP-GABLE rule-only",TRUE,"C-index",0.827567777669808,277.43,NA,33,33,0,14,19,0,0,0,0.424242424242424,0.575757575757576,1,1.57575757575758
32,"survival",3,"Mixed linear and rule-based","GABLE",TRUE,"C-index",0.796035370712273,5.01999999999998,NA,5,5,0,4,1,0,0,0,0.8,0.2,1,1.2
32,"survival",3,"Mixed linear and rule-based","GBM",TRUE,"C-index",0.834515596151977,0.0300000000002001,NA,NA,NA,NA,NA,NA,NA,NA,NA,NA,NA,NA,NA
32,"survival",3,"Mixed linear and rule-based","Linear",TRUE,"C-index",0.834029734719658,0,NA,20,0,20,20,0,0,0,0,1,0,1,1
32,"survival",3,"Mixed linear and rule-based","Random forest",TRUE,"C-index",0.831260324555437,0.769999999999982,NA,NA,NA,NA,NA,NA,NA,NA,NA,NA,NA,NA,NA
32,"survival",3,"Mixed linear and rule-based","RuleFit",TRUE,"C-index",0.829875619473326,23.1500000000001,NA,34,34,0,0,31,3,0,0,0,0.911764705882353,0.911764705882353,2.08823529411765
33,"survival",3,"Mixed linear and rule-based","BRP-GABLE full",TRUE,"C-index",0.800662025994256,251.23,NA,25,24,1,1,24,0,0,0,0.04,0.96,1,1.96
33,"survival",3,"Mixed linear and rule-based","BRP-GABLE rule-only",TRUE,"C-index",0.803461032955264,250.03,NA,28,28,0,3,25,0,0,0,0.107142857142857,0.892857142857143,1,1.89285714285714
33,"survival",3,"Mixed linear and rule-based","GABLE",TRUE,"C-index",0.780728228593682,4.88000000000011,NA,5,5,0,4,1,0,0,0,0.8,0.2,1,1.2
33,"survival",3,"Mixed linear and rule-based","GBM",TRUE,"C-index",0.807184929172954,0.0399999999999636,NA,NA,NA,NA,NA,NA,NA,NA,NA,NA,NA,NA,NA
33,"survival",3,"Mixed linear and rule-based","Linear",TRUE,"C-index",0.818965097600156,0,NA,20,0,20,20,0,0,0,0,1,0,1,1
33,"survival",3,"Mixed linear and rule-based","Random forest",TRUE,"C-index",0.791559168573237,0.730000000000018,NA,NA,NA,NA,NA,NA,NA,NA,NA,NA,NA,NA,NA
33,"survival",3,"Mixed linear and rule-based","RuleFit",TRUE,"C-index",0.804410261402911,22.75,NA,38,38,0,0,27,11,0,0,0,0.710526315789474,0.710526315789474,2.28947368421053
34,"survival",3,"Mixed linear and rule-based","BRP-GABLE full",TRUE,"C-index",0.777813608513383,262.29,NA,31,29,2,10,21,0,0,0,0.32258064516129,0.67741935483871,1,1.67741935483871
34,"survival",3,"Mixed linear and rule-based","BRP-GABLE rule-only",TRUE,"C-index",0.779748468236053,261.77,NA,32,32,0,9,23,0,0,0,0.28125,0.71875,1,1.71875
34,"survival",3,"Mixed linear and rule-based","GABLE",TRUE,"C-index",0.780854102363293,4.61000000000013,NA,5,5,0,5,0,0,0,0,1,0,1,1
34,"survival",3,"Mixed linear and rule-based","GBM",TRUE,"C-index",0.804118487123969,0.0399999999999636,NA,NA,NA,NA,NA,NA,NA,NA,NA,NA,NA,NA,NA
34,"survival",3,"Mixed linear and rule-based","Linear",TRUE,"C-index",0.800202699589994,0,NA,20,0,20,20,0,0,0,0,1,0,1,1
34,"survival",3,"Mixed linear and rule-based","Random forest",TRUE,"C-index",0.763486432947897,0.690000000000055,NA,NA,NA,NA,NA,NA,NA,NA,NA,NA,NA,NA,NA
34,"survival",3,"Mixed linear and rule-based","RuleFit",TRUE,"C-index",0.791104252084581,38.2800000000002,NA,39,39,0,0,32,7,0,0,0,0.82051282051282,0.82051282051282,2.17948717948718
35,"survival",3,"Mixed linear and rule-based","BRP-GABLE full",TRUE,"C-index",0.802279981760146,250.65,NA,40,39,1,7,33,0,0,0,0.175,0.825,1,1.825
35,"survival",3,"Mixed linear and rule-based","BRP-GABLE rule-only",TRUE,"C-index",0.799772001823985,241.75,NA,37,37,0,4,33,0,0,0,0.108108108108108,0.891891891891892,1,1.89189189189189
35,"survival",3,"Mixed linear and rule-based","GABLE",TRUE,"C-index",0.765389876880985,4.4699999999998,NA,5,5,0,4,1,0,0,0,0.8,0.2,1,1.2
35,"survival",3,"Mixed linear and rule-based","GBM",TRUE,"C-index",0.816598267213862,0.0499999999997272,NA,NA,NA,NA,NA,NA,NA,NA,NA,NA,NA,NA,NA
35,"survival",3,"Mixed linear and rule-based","Linear",TRUE,"C-index",0.812266301869585,0.0199999999999818,NA,20,0,20,20,0,0,0,0,1,0,1,1
35,"survival",3,"Mixed linear and rule-based","Random forest",TRUE,"C-index",0.805836753305974,0.760000000000218,NA,NA,NA,NA,NA,NA,NA,NA,NA,NA,NA,NA,NA
35,"survival",3,"Mixed linear and rule-based","RuleFit",TRUE,"C-index",0.798244414044688,18.6100000000001,NA,26,26,0,1,18,7,0,0,0.0384615384615385,0.692307692307692,0.730769230769231,2.23076923076923
36,"survival",3,"Mixed linear and rule-based","BRP-GABLE full",TRUE,"C-index",0.796611705019025,238.88,NA,40,38,2,14,26,0,0,0,0.35,0.65,1,1.65
36,"survival",3,"Mixed linear and rule-based","BRP-GABLE rule-only",TRUE,"C-index",0.788911034607719,237.86,NA,42,42,0,15,27,0,0,0,0.357142857142857,0.642857142857143,1,1.64285714285714
36,"survival",3,"Mixed linear and rule-based","GABLE",TRUE,"C-index",0.771856314549737,4.73000000000002,NA,5,5,0,5,0,0,0,0,1,0,1,1
36,"survival",3,"Mixed linear and rule-based","GBM",TRUE,"C-index",0.809340460228302,0.0299999999997453,NA,NA,NA,NA,NA,NA,NA,NA,NA,NA,NA,NA,NA
36,"survival",3,"Mixed linear and rule-based","Linear",TRUE,"C-index",0.815365102373618,0.130000000000109,NA,20,0,20,20,0,0,0,0,1,0,1,1
36,"survival",3,"Mixed linear and rule-based","Random forest",TRUE,"C-index",0.781029171951441,0.75,NA,NA,NA,NA,NA,NA,NA,NA,NA,NA,NA,NA,NA
36,"survival",3,"Mixed linear and rule-based","RuleFit",TRUE,"C-index",0.79409766262004,21.2800000000002,NA,33,33,0,0,21,12,0,0,0,0.636363636363636,0.636363636363636,2.36363636363636
37,"survival",3,"Mixed linear and rule-based","BRP-GABLE full",TRUE,"C-index",0.765235354876789,217.57,NA,30,28,2,2,28,0,0,0,0.0666666666666667,0.933333333333333,1,1.93333333333333
37,"survival",3,"Mixed linear and rule-based","BRP-GABLE rule-only",TRUE,"C-index",0.763661403767645,217.22,NA,28,28,0,0,28,0,0,0,0,1,1,2
37,"survival",3,"Mixed linear and rule-based","GABLE",TRUE,"C-index",0.7273867492991,3.57999999999993,NA,5,5,0,2,3,0,0,0,0.4,0.6,1,1.6
37,"survival",3,"Mixed linear and rule-based","GBM",TRUE,"C-index",0.815454232452904,0.00999999999976353,NA,NA,NA,NA,NA,NA,NA,NA,NA,NA,NA,NA,NA
37,"survival",3,"Mixed linear and rule-based","Linear",TRUE,"C-index",0.812453888151099,0,NA,20,0,20,20,0,0,0,0,1,0,1,1
37,"survival",3,"Mixed linear and rule-based","Random forest",TRUE,"C-index",0.787467414293443,0.710000000000036,NA,NA,NA,NA,NA,NA,NA,NA,NA,NA,NA,NA,NA
37,"survival",3,"Mixed linear and rule-based","RuleFit",TRUE,"C-index",0.780261669371895,21.4000000000001,NA,29,29,0,1,18,10,0,0,0.0344827586206897,0.620689655172414,0.655172413793103,2.31034482758621
38,"survival",3,"Mixed linear and rule-based","BRP-GABLE full",TRUE,"C-index",0.806264003432331,215.96,NA,39,38,1,16,23,0,0,0,0.41025641025641,0.58974358974359,1,1.58974358974359
38,"survival",3,"Mixed linear and rule-based","BRP-GABLE rule-only",TRUE,"C-index",0.798207560661677,215.16,NA,36,36,0,11,25,0,0,0,0.305555555555556,0.694444444444444,1,1.69444444444444
38,"survival",3,"Mixed linear and rule-based","GABLE",TRUE,"C-index",0.707608332936073,4.45000000000027,NA,5,5,0,3,2,0,0,0,0.6,0.4,1,1.4
38,"survival",3,"Mixed linear and rule-based","GBM",TRUE,"C-index",0.815845926490919,0.0199999999999818,NA,NA,NA,NA,NA,NA,NA,NA,NA,NA,NA,NA,NA
38,"survival",3,"Mixed linear and rule-based","Linear",TRUE,"C-index",0.812032225771083,0.0199999999999818,NA,20,0,20,20,0,0,0,0,1,0,1,1
38,"survival",3,"Mixed linear and rule-based","Random forest",TRUE,"C-index",0.817466749296849,0.699999999999818,NA,NA,NA,NA,NA,NA,NA,NA,NA,NA,NA,NA,NA
38,"survival",3,"Mixed linear and rule-based","RuleFit",TRUE,"C-index",0.789102350193069,20.0799999999999,NA,34,34,0,0,25,9,0,0,0,0.735294117647059,0.735294117647059,2.26470588235294
39,"survival",3,"Mixed linear and rule-based","BRP-GABLE full",TRUE,"C-index",0.798211671198494,233.81,NA,28,28,0,9,19,0,0,0,0.321428571428571,0.678571428571429,1,1.67857142857143
39,"survival",3,"Mixed linear and rule-based","BRP-GABLE rule-only",TRUE,"C-index",0.800826186990169,232.639999999999,NA,28,28,0,8,20,0,0,0,0.285714285714286,0.714285714285714,1,1.71428571428571
39,"survival",3,"Mixed linear and rule-based","GABLE",TRUE,"C-index",0.750784354737503,4.88999999999987,NA,5,5,0,5,0,0,0,0,1,0,1,1
39,"survival",3,"Mixed linear and rule-based","GBM",TRUE,"C-index",0.811807153315206,0.0399999999999636,NA,NA,NA,NA,NA,NA,NA,NA,NA,NA,NA,NA,NA
39,"survival",3,"Mixed linear and rule-based","Linear",TRUE,"C-index",0.822840409956076,0,NA,20,0,20,20,0,0,0,0,1,0,1,1
39,"survival",3,"Mixed linear and rule-based","Random forest",TRUE,"C-index",0.797218155197657,0.850000000000364,NA,NA,NA,NA,NA,NA,NA,NA,NA,NA,NA,NA,NA
39,"survival",3,"Mixed linear and rule-based","RuleFit",TRUE,"C-index",0.802421041623091,19.6900000000001,NA,27,27,0,0,19,8,0,0,0,0.703703703703704,0.703703703703704,2.2962962962963
40,"survival",3,"Mixed linear and rule-based","BRP-GABLE full",TRUE,"C-index",0.796924403564243,226.92,NA,23,23,0,0,23,0,0,0,0,1,1,2
40,"survival",3,"Mixed linear and rule-based","BRP-GABLE rule-only",TRUE,"C-index",0.797810673565201,226.119999999999,NA,24,24,0,0,24,0,0,0,0,1,1,2
40,"survival",3,"Mixed linear and rule-based","GABLE",TRUE,"C-index",0.767294241640318,5.02999999999975,NA,5,5,0,5,0,0,0,0,1,0,1,1
40,"survival",3,"Mixed linear and rule-based","GBM",TRUE,"C-index",0.800182044648845,0.0199999999999818,NA,NA,NA,NA,NA,NA,NA,NA,NA,NA,NA,NA,NA
40,"survival",3,"Mixed linear and rule-based","Linear",TRUE,"C-index",0.812925170068027,0.0199999999999818,NA,20,0,20,20,0,0,0,0,1,0,1,1
40,"survival",3,"Mixed linear and rule-based","Random forest",TRUE,"C-index",0.78753473220274,0.7800000000002,NA,NA,NA,NA,NA,NA,NA,NA,NA,NA,NA,NA,NA
40,"survival",3,"Mixed linear and rule-based","RuleFit",TRUE,"C-index",0.797307655456549,20.0100000000002,NA,33,33,0,0,24,9,0,0,0,0.727272727272727,0.727272727272727,2.27272727272727
41,"survival",3,"Mixed linear and rule-based","BRP-GABLE full",TRUE,"C-index",0.773013750954927,233.52,NA,26,25,1,5,21,0,0,0,0.192307692307692,0.807692307692308,1,1.80769230769231
41,"survival",3,"Mixed linear and rule-based","BRP-GABLE rule-only",TRUE,"C-index",0.7728705118411,232.34,NA,24,24,0,3,21,0,0,0,0.125,0.875,1,1.875
41,"survival",3,"Mixed linear and rule-based","GABLE",TRUE,"C-index",0.769313407181054,4.94999999999982,NA,5,5,0,4,1,0,0,0,0.8,0.2,1,1.2
41,"survival",3,"Mixed linear and rule-based","GBM",TRUE,"C-index",0.801088617265088,0.0199999999999818,NA,NA,NA,NA,NA,NA,NA,NA,NA,NA,NA,NA,NA
41,"survival",3,"Mixed linear and rule-based","Linear",TRUE,"C-index",0.799656226126814,0.0100000000002183,NA,20,0,20,20,0,0,0,0,1,0,1,1
41,"survival",3,"Mixed linear and rule-based","Random forest",TRUE,"C-index",0.794881588999236,0.690000000000055,NA,NA,NA,NA,NA,NA,NA,NA,NA,NA,NA,NA,NA
41,"survival",3,"Mixed linear and rule-based","RuleFit",TRUE,"C-index",0.792780748663102,19.9099999999999,NA,31,31,0,0,25,6,0,0,0,0.806451612903226,0.806451612903226,2.19354838709677
42,"survival",3,"Mixed linear and rule-based","BRP-GABLE full",TRUE,"C-index",0.798412841149229,236.79,NA,27,27,0,0,27,0,0,0,0,1,1,2
42,"survival",3,"Mixed linear and rule-based","BRP-GABLE rule-only",TRUE,"C-index",0.800121397419181,229.1,NA,30,30,0,2,28,0,0,0,0.0666666666666667,0.933333333333333,1,1.93333333333333
42,"survival",3,"Mixed linear and rule-based","GABLE",TRUE,"C-index",0.783552897801358,4.92999999999984,NA,5,5,0,4,1,0,0,0,0.8,0.2,1,1.2
42,"survival",3,"Mixed linear and rule-based","GBM",TRUE,"C-index",0.826176880535947,0.0300000000002001,NA,NA,NA,NA,NA,NA,NA,NA,NA,NA,NA,NA,NA
42,"survival",3,"Mixed linear and rule-based","Linear",TRUE,"C-index",0.800503574479565,0,NA,20,0,20,20,0,0,0,0,1,0,1,1
42,"survival",3,"Mixed linear and rule-based","Random forest",TRUE,"C-index",0.794568589541837,0.710000000000036,NA,NA,NA,NA,NA,NA,NA,NA,NA,NA,NA,NA,NA
42,"survival",3,"Mixed linear and rule-based","RuleFit",TRUE,"C-index",0.802931522863181,19.8899999999999,NA,41,41,0,1,36,4,0,0,0.024390243902439,0.878048780487805,0.902439024390244,2.07317073170732
43,"survival",3,"Mixed linear and rule-based","BRP-GABLE full",TRUE,"C-index",0.822843151375486,224.55,NA,49,47,2,12,37,0,0,0,0.244897959183673,0.755102040816326,1,1.75510204081633
43,"survival",3,"Mixed linear and rule-based","BRP-GABLE rule-only",TRUE,"C-index",0.823299246243219,222.22,NA,48,48,0,11,37,0,0,0,0.229166666666667,0.770833333333333,1,1.77083333333333
43,"survival",3,"Mixed linear and rule-based","GABLE",TRUE,"C-index",0.765783282922848,4.55999999999995,NA,5,5,0,4,1,0,0,0,0.8,0.2,1,1.2
43,"survival",3,"Mixed linear and rule-based","GBM",TRUE,"C-index",0.810984684814441,0.0299999999997453,NA,NA,NA,NA,NA,NA,NA,NA,NA,NA,NA,NA,NA
43,"survival",3,"Mixed linear and rule-based","Linear",TRUE,"C-index",0.815161553603149,0,NA,20,0,20,20,0,0,0,0,1,0,1,1
43,"survival",3,"Mixed linear and rule-based","Random forest",TRUE,"C-index",0.811560804647367,0.75,NA,NA,NA,NA,NA,NA,NA,NA,NA,NA,NA,NA,NA
43,"survival",3,"Mixed linear and rule-based","RuleFit",TRUE,"C-index",0.824499495895146,22.04,NA,33,33,0,1,23,9,0,0,0.0303030303030303,0.696969696969697,0.727272727272727,2.24242424242424
44,"survival",3,"Mixed linear and rule-based","BRP-GABLE full",TRUE,"C-index",0.806935645215072,232.349999999999,NA,31,31,0,0,31,0,0,0,0,1,1,2
44,"survival",3,"Mixed linear and rule-based","BRP-GABLE rule-only",TRUE,"C-index",0.806935645215072,231.94,NA,31,31,0,0,31,0,0,0,0,1,1,2
44,"survival",3,"Mixed linear and rule-based","GABLE",TRUE,"C-index",0.741223264897823,4.96000000000004,NA,5,5,0,5,0,0,0,0,1,0,1,1
44,"survival",3,"Mixed linear and rule-based","GBM",TRUE,"C-index",0.824894012289811,0.0399999999999636,NA,NA,NA,NA,NA,NA,NA,NA,NA,NA,NA,NA,NA
44,"survival",3,"Mixed linear and rule-based","Linear",TRUE,"C-index",0.824989282141666,0.0100000000002183,NA,20,0,20,20,0,0,0,0,1,0,1,1
44,"survival",3,"Mixed linear and rule-based","Random forest",TRUE,"C-index",0.81027009003001,0.75,NA,NA,NA,NA,NA,NA,NA,NA,NA,NA,NA,NA,NA
44,"survival",3,"Mixed linear and rule-based","RuleFit",TRUE,"C-index",0.816819892345067,20.3600000000001,NA,35,35,0,3,28,4,0,0,0.0857142857142857,0.8,0.885714285714286,2.02857142857143
45,"survival",3,"Mixed linear and rule-based","BRP-GABLE full",TRUE,"C-index",0.792082922939825,237.34,NA,35,32,3,12,23,0,0,0,0.342857142857143,0.657142857142857,1,1.65714285714286
45,"survival",3,"Mixed linear and rule-based","BRP-GABLE rule-only",TRUE,"C-index",0.784813095070588,233.69,NA,28,28,0,6,22,0,0,0,0.214285714285714,0.785714285714286,1,1.78571428571429
45,"survival",3,"Mixed linear and rule-based","GABLE",TRUE,"C-index",0.757093944936917,5.03999999999996,NA,5,5,0,4,1,0,0,0,0.8,0.2,1,1.2
45,"survival",3,"Mixed linear and rule-based","GBM",TRUE,"C-index",0.805543830026734,0.0300000000002001,NA,NA,NA,NA,NA,NA,NA,NA,NA,NA,NA,NA,NA
45,"survival",3,"Mixed linear and rule-based","Linear",TRUE,"C-index",0.812250832512546,0,NA,20,0,20,20,0,0,0,0,1,0,1,1
45,"survival",3,"Mixed linear and rule-based","Random forest",TRUE,"C-index",0.772243328174101,0.679999999999836,NA,NA,NA,NA,NA,NA,NA,NA,NA,NA,NA,NA,NA
45,"survival",3,"Mixed linear and rule-based","RuleFit",TRUE,"C-index",0.791449744383472,25.3200000000002,NA,28,28,0,0,18,10,0,0,0,0.642857142857143,0.642857142857143,2.35714285714286
46,"survival",3,"Mixed linear and rule-based","BRP-GABLE full",TRUE,"C-index",0.762995343533213,231.33,NA,42,40,2,16,26,0,0,0,0.380952380952381,0.619047619047619,1,1.61904761904762
46,"survival",3,"Mixed linear and rule-based","BRP-GABLE rule-only",TRUE,"C-index",0.757436092369096,229.44,NA,48,48,0,17,31,0,0,0,0.354166666666667,0.645833333333333,1,1.64583333333333
46,"survival",3,"Mixed linear and rule-based","GABLE",TRUE,"C-index",0.749667395229497,4.90000000000009,NA,5,5,0,5,0,0,0,0,1,0,1,1
46,"survival",3,"Mixed linear and rule-based","GBM",TRUE,"C-index",0.798726598878647,0.0199999999999818,NA,NA,NA,NA,NA,NA,NA,NA,NA,NA,NA,NA,NA
46,"survival",3,"Mixed linear and rule-based","Linear",TRUE,"C-index",0.803193005796826,0.00999999999976353,NA,20,0,20,20,0,0,0,0,1,0,1,1
46,"survival",3,"Mixed linear and rule-based","Random forest",TRUE,"C-index",0.779673097025563,0.720000000000255,NA,NA,NA,NA,NA,NA,NA,NA,NA,NA,NA,NA,NA
46,"survival",3,"Mixed linear and rule-based","RuleFit",TRUE,"C-index",0.791884443599734,23.9699999999998,NA,52,52,0,2,30,20,0,0,0.0384615384615385,0.576923076923077,0.615384615384615,2.34615384615385
47,"survival",3,"Mixed linear and rule-based","BRP-GABLE full",TRUE,"C-index",0.805704796327049,235.87,NA,42,40,2,16,26,0,0,0,0.380952380952381,0.619047619047619,1,1.61904761904762
47,"survival",3,"Mixed linear and rule-based","BRP-GABLE rule-only",TRUE,"C-index",0.802798671485787,234.95,NA,41,41,0,14,27,0,0,0,0.341463414634146,0.658536585365854,1,1.65853658536585
47,"survival",3,"Mixed linear and rule-based","GABLE",TRUE,"C-index",0.767949594607795,4.82000000000016,NA,5,5,0,5,0,0,0,0,1,0,1,1
47,"survival",3,"Mixed linear and rule-based","GBM",TRUE,"C-index",0.816596659177493,0.0300000000002001,NA,NA,NA,NA,NA,NA,NA,NA,NA,NA,NA,NA,NA
47,"survival",3,"Mixed linear and rule-based","Linear",TRUE,"C-index",0.797596952232099,0.00999999999976353,NA,20,0,20,20,0,0,0,0,1,0,1,1
47,"survival",3,"Mixed linear and rule-based","Random forest",TRUE,"C-index",0.796180521637198,0.7199999999998,NA,NA,NA,NA,NA,NA,NA,NA,NA,NA,NA,NA,NA
47,"survival",3,"Mixed linear and rule-based","RuleFit",TRUE,"C-index",0.807341017876331,25.3899999999999,NA,36,36,0,1,23,12,0,0,0.0277777777777778,0.638888888888889,0.666666666666667,2.30555555555556
48,"survival",3,"Mixed linear and rule-based","BRP-GABLE full",TRUE,"C-index",0.805301883838647,233.38,NA,33,31,2,9,24,0,0,0,0.272727272727273,0.727272727272727,1,1.72727272727273
48,"survival",3,"Mixed linear and rule-based","BRP-GABLE rule-only",TRUE,"C-index",0.800109586181704,232.34,NA,32,32,0,8,24,0,0,0,0.25,0.75,1,1.75
48,"survival",3,"Mixed linear and rule-based","GABLE",TRUE,"C-index",0.784402233470751,4.61999999999989,NA,5,5,0,5,0,0,0,0,1,0,1,1
48,"survival",3,"Mixed linear and rule-based","GBM",TRUE,"C-index",0.835151072379064,0.0199999999999818,NA,NA,NA,NA,NA,NA,NA,NA,NA,NA,NA,NA,NA
48,"survival",3,"Mixed linear and rule-based","Linear",TRUE,"C-index",0.804988780462349,0.0199999999999818,NA,20,0,20,20,0,0,0,0,1,0,1,1
48,"survival",3,"Mixed linear and rule-based","Random forest",TRUE,"C-index",0.804675677086051,0.75,NA,NA,NA,NA,NA,NA,NA,NA,NA,NA,NA,NA,NA
48,"survival",3,"Mixed linear and rule-based","RuleFit",TRUE,"C-index",0.818765329019465,23.5799999999999,NA,45,45,0,1,36,8,0,0,0.0222222222222222,0.8,0.822222222222222,2.15555555555556
49,"survival",3,"Mixed linear and rule-based","BRP-GABLE full",TRUE,"C-index",0.792224536348309,227.67,NA,21,21,0,0,21,0,0,0,0,1,1,2
49,"survival",3,"Mixed linear and rule-based","BRP-GABLE rule-only",TRUE,"C-index",0.792224536348309,226.53,NA,21,21,0,0,21,0,0,0,0,1,1,2
49,"survival",3,"Mixed linear and rule-based","GABLE",TRUE,"C-index",0.726916592284042,4.36000000000013,NA,4,4,0,2,2,0,0,0,0.5,0.5,1,1.5
49,"survival",3,"Mixed linear and rule-based","GBM",TRUE,"C-index",0.823068531191114,0.0300000000002001,NA,NA,NA,NA,NA,NA,NA,NA,NA,NA,NA,NA,NA
49,"survival",3,"Mixed linear and rule-based","Linear",TRUE,"C-index",0.820837052464544,0.0199999999999818,NA,20,0,20,20,0,0,0,0,1,0,1,1
49,"survival",3,"Mixed linear and rule-based","Random forest",TRUE,"C-index",0.773380938212833,0.75,NA,NA,NA,NA,NA,NA,NA,NA,NA,NA,NA,NA,NA
49,"survival",3,"Mixed linear and rule-based","RuleFit",TRUE,"C-index",0.7972825547952,23.54,NA,38,38,0,1,25,12,0,0,0.0263157894736842,0.657894736842105,0.684210526315789,2.28947368421053
50,"survival",3,"Mixed linear and rule-based","BRP-GABLE full",TRUE,"C-index",0.796461378342911,228.75,NA,29,29,0,3,26,0,0,0,0.103448275862069,0.896551724137931,1,1.89655172413793
50,"survival",3,"Mixed linear and rule-based","BRP-GABLE rule-only",TRUE,"C-index",0.794606090773338,228.55,NA,29,29,0,3,26,0,0,0,0.103448275862069,0.896551724137931,1,1.89655172413793
50,"survival",3,"Mixed linear and rule-based","GABLE",TRUE,"C-index",0.786234671252093,5.01999999999998,NA,5,5,0,5,0,0,0,0,1,0,1,1
50,"survival",3,"Mixed linear and rule-based","GBM",TRUE,"C-index",0.834200642563012,0.0299999999997453,NA,NA,NA,NA,NA,NA,NA,NA,NA,NA,NA,NA,NA
50,"survival",3,"Mixed linear and rule-based","Linear",TRUE,"C-index",0.816417032444907,0.0199999999999818,NA,20,0,20,20,0,0,0,0,1,0,1,1
50,"survival",3,"Mixed linear and rule-based","Random forest",TRUE,"C-index",0.795511109099959,0.650000000000091,NA,NA,NA,NA,NA,NA,NA,NA,NA,NA,NA,NA,NA
50,"survival",3,"Mixed linear and rule-based","RuleFit",TRUE,"C-index",0.798520295035974,21.3600000000001,NA,29,29,0,0,22,7,0,0,0,0.758620689655172,0.758620689655172,2.24137931034483
51,"survival",3,"Mixed linear and rule-based","BRP-GABLE full",TRUE,"C-index",0.789477269630773,254.08,NA,26,26,0,1,25,0,0,0,0.0384615384615385,0.961538461538462,1,1.96153846153846
51,"survival",3,"Mixed linear and rule-based","BRP-GABLE rule-only",TRUE,"C-index",0.789477269630773,244.47,NA,26,26,0,1,25,0,0,0,0.0384615384615385,0.961538461538462,1,1.96153846153846
51,"survival",3,"Mixed linear and rule-based","GABLE",TRUE,"C-index",0.767882283482447,4.94000000000005,NA,5,5,0,5,0,0,0,0,1,0,1,1
51,"survival",3,"Mixed linear and rule-based","GBM",TRUE,"C-index",0.815659203415232,0.0199999999999818,NA,NA,NA,NA,NA,NA,NA,NA,NA,NA,NA,NA,NA
51,"survival",3,"Mixed linear and rule-based","Linear",TRUE,"C-index",0.813797175166901,0.00999999999976353,NA,20,0,20,20,0,0,0,0,1,0,1,1
51,"survival",3,"Mixed linear and rule-based","Random forest",TRUE,"C-index",0.794404832190381,0.700000000000273,NA,NA,NA,NA,NA,NA,NA,NA,NA,NA,NA,NA,NA
51,"survival",3,"Mixed linear and rule-based","RuleFit",TRUE,"C-index",0.788114809936873,22.1700000000001,NA,31,31,0,0,28,3,0,0,0,0.903225806451613,0.903225806451613,2.09677419354839
52,"survival",3,"Mixed linear and rule-based","BRP-GABLE full",TRUE,"C-index",0.807929304991641,230.45,NA,32,31,1,8,24,0,0,0,0.25,0.75,1,1.75
52,"survival",3,"Mixed linear and rule-based","BRP-GABLE rule-only",TRUE,"C-index",0.806305230475281,229.2,NA,31,31,0,7,24,0,0,0,0.225806451612903,0.774193548387097,1,1.7741935483871
52,"survival",3,"Mixed linear and rule-based","GABLE",TRUE,"C-index",0.755935037019346,4.82999999999993,NA,5,5,0,4,1,0,0,0,0.8,0.2,1,1.2
52,"survival",3,"Mixed linear and rule-based","GBM",TRUE,"C-index",0.823883448770002,0.0299999999997453,NA,NA,NA,NA,NA,NA,NA,NA,NA,NA,NA,NA,NA
52,"survival",3,"Mixed linear and rule-based","Linear",TRUE,"C-index",0.8028660138524,0,NA,20,0,20,20,0,0,0,0,1,0,1,1
52,"survival",3,"Mixed linear and rule-based","Random forest",TRUE,"C-index",0.810747551946501,0.690000000000055,NA,NA,NA,NA,NA,NA,NA,NA,NA,NA,NA,NA,NA
52,"survival",3,"Mixed linear and rule-based","RuleFit",TRUE,"C-index",0.810007165034631,24.0100000000002,NA,34,34,0,1,29,4,0,0,0.0294117647058824,0.852941176470588,0.882352941176471,2.08823529411765
53,"survival",3,"Mixed linear and rule-based","BRP-GABLE full",TRUE,"C-index",0.820914383716207,225.83,NA,35,34,1,5,30,0,0,0,0.142857142857143,0.857142857142857,1,1.85714285714286
53,"survival",3,"Mixed linear and rule-based","BRP-GABLE rule-only",TRUE,"C-index",0.820778986324863,225.5,NA,35,35,0,5,30,0,0,0,0.142857142857143,0.857142857142857,1,1.85714285714286
53,"survival",3,"Mixed linear and rule-based","GABLE",TRUE,"C-index",0.758699282393826,4.62999999999965,NA,5,5,0,5,0,0,0,0,1,0,1,1
53,"survival",3,"Mixed linear and rule-based","GBM",TRUE,"C-index",0.829805479081103,0.0199999999999818,NA,NA,NA,NA,NA,NA,NA,NA,NA,NA,NA,NA,NA
53,"survival",3,"Mixed linear and rule-based","Linear",TRUE,"C-index",0.807555174436972,0.0199999999999818,NA,20,0,20,20,0,0,0,0,1,0,1,1
53,"survival",3,"Mixed linear and rule-based","Random forest",TRUE,"C-index",0.809134810669314,0.710000000000036,NA,NA,NA,NA,NA,NA,NA,NA,NA,NA,NA,NA,NA
53,"survival",3,"Mixed linear and rule-based","RuleFit",TRUE,"C-index",0.817935641106648,22.3600000000001,NA,38,38,0,0,30,8,0,0,0,0.789473684210526,0.789473684210526,2.21052631578947
54,"survival",3,"Mixed linear and rule-based","BRP-GABLE full",TRUE,"C-index",0.823033331845968,230.91,NA,40,38,2,8,32,0,0,0,0.2,0.8,1,1.8
54,"survival",3,"Mixed linear and rule-based","BRP-GABLE rule-only",TRUE,"C-index",0.814309937084468,229.95,NA,37,37,0,7,30,0,0,0,0.189189189189189,0.810810810810811,1,1.81081081081081
54,"survival",3,"Mixed linear and rule-based","GABLE",TRUE,"C-index",0.739681406452189,4.94999999999982,NA,5,5,0,5,0,0,0,0,1,0,1,1
54,"survival",3,"Mixed linear and rule-based","GBM",TRUE,"C-index",0.81919593056981,0.0299999999997453,NA,NA,NA,NA,NA,NA,NA,NA,NA,NA,NA,NA,NA
54,"survival",3,"Mixed linear and rule-based","Linear",TRUE,"C-index",0.815849359689438,0.0100000000002183,NA,20,0,20,20,0,0,0,0,1,0,1,1
54,"survival",3,"Mixed linear and rule-based","Random forest",TRUE,"C-index",0.816652536700727,0.710000000000036,NA,NA,NA,NA,NA,NA,NA,NA,NA,NA,NA,NA,NA
54,"survival",3,"Mixed linear and rule-based","RuleFit",TRUE,"C-index",0.819686760965597,23.75,NA,40,40,0,0,26,14,0,0,0,0.65,0.65,2.35
55,"survival",3,"Mixed linear and rule-based","BRP-GABLE full",TRUE,"C-index",0.779245283018868,237.45,NA,36,34,2,12,24,0,0,0,0.333333333333333,0.666666666666667,1,1.66666666666667
55,"survival",3,"Mixed linear and rule-based","BRP-GABLE rule-only",TRUE,"C-index",0.776806258628624,236.28,NA,52,52,0,20,32,0,0,0,0.384615384615385,0.615384615384615,1,1.61538461538462
55,"survival",3,"Mixed linear and rule-based","GABLE",TRUE,"C-index",0.758168430740911,4.67000000000007,NA,5,5,0,4,1,0,0,0,0.8,0.2,1,1.2
55,"survival",3,"Mixed linear and rule-based","GBM",TRUE,"C-index",0.794661757938334,0.0300000000002001,NA,NA,NA,NA,NA,NA,NA,NA,NA,NA,NA,NA,NA
55,"survival",3,"Mixed linear and rule-based","Linear",TRUE,"C-index",0.781132075471698,0.00999999999976353,NA,20,0,20,20,0,0,0,0,1,0,1,1
55,"survival",3,"Mixed linear and rule-based","Random forest",TRUE,"C-index",0.782374597330879,0.7199999999998,NA,NA,NA,NA,NA,NA,NA,NA,NA,NA,NA,NA,NA
55,"survival",3,"Mixed linear and rule-based","RuleFit",TRUE,"C-index",0.768867924528302,21.9900000000002,NA,28,28,0,1,21,6,0,0,0.0357142857142857,0.75,0.785714285714286,2.17857142857143
56,"survival",3,"Mixed linear and rule-based","BRP-GABLE full",TRUE,"C-index",0.80776849123146,239.96,NA,24,23,1,2,22,0,0,0,0.0833333333333333,0.916666666666667,1,1.91666666666667
56,"survival",3,"Mixed linear and rule-based","BRP-GABLE rule-only",TRUE,"C-index",0.808299917870429,238.11,NA,24,24,0,1,23,0,0,0,0.0416666666666667,0.958333333333333,1,1.95833333333333
56,"survival",3,"Mixed linear and rule-based","GABLE",TRUE,"C-index",0.777090680709213,4.80999999999995,NA,5,5,0,4,1,0,0,0,0.8,0.2,1,1.2
56,"survival",3,"Mixed linear and rule-based","GBM",TRUE,"C-index",0.835692545533601,0.0399999999999636,NA,NA,NA,NA,NA,NA,NA,NA,NA,NA,NA,NA,NA
56,"survival",3,"Mixed linear and rule-based","Linear",TRUE,"C-index",0.818831827624523,0,NA,20,0,20,20,0,0,0,0,1,0,1,1
56,"survival",3,"Mixed linear and rule-based","Random forest",TRUE,"C-index",0.817768974346587,0.699999999999818,NA,NA,NA,NA,NA,NA,NA,NA,NA,NA,NA,NA,NA
56,"survival",3,"Mixed linear and rule-based","RuleFit",TRUE,"C-index",0.8036378569013,19.4200000000001,NA,32,32,0,0,23,9,0,0,0,0.71875,0.71875,2.28125
57,"survival",3,"Mixed linear and rule-based","BRP-GABLE full",TRUE,"C-index",0.801241372921395,239.25,NA,35,33,2,14,21,0,0,0,0.4,0.6,1,1.6
57,"survival",3,"Mixed linear and rule-based","BRP-GABLE rule-only",TRUE,"C-index",0.797419982398444,238.849999999999,NA,37,37,0,14,23,0,0,0,0.378378378378378,0.621621621621622,1,1.62162162162162
57,"survival",3,"Mixed linear and rule-based","GABLE",TRUE,"C-index",0.756426884061328,4.61999999999989,NA,5,5,0,3,2,0,0,0,0.6,0.4,1,1.4
57,"survival",3,"Mixed linear and rule-based","GBM",TRUE,"C-index",0.830608180091713,0.0399999999999636,NA,NA,NA,NA,NA,NA,NA,NA,NA,NA,NA,NA,NA
57,"survival",3,"Mixed linear and rule-based","Linear",TRUE,"C-index",0.851915327249988,0,NA,20,0,20,20,0,0,0,0,1,0,1,1
57,"survival",3,"Mixed linear and rule-based","Random forest",TRUE,"C-index",0.807077678447357,0.670000000000073,NA,NA,NA,NA,NA,NA,NA,NA,NA,NA,NA,NA,NA
57,"survival",3,"Mixed linear and rule-based","RuleFit",TRUE,"C-index",0.815808976793738,22.9700000000003,NA,36,36,0,0,27,9,0,0,0,0.75,0.75,2.25
58,"survival",3,"Mixed linear and rule-based","BRP-GABLE full",TRUE,"C-index",0.778583072652773,235.96,NA,25,25,0,0,25,0,0,0,0,1,1,2
58,"survival",3,"Mixed linear and rule-based","BRP-GABLE rule-only",TRUE,"C-index",0.779398158346918,235.02,NA,27,27,0,1,26,0,0,0,0.037037037037037,0.962962962962963,1,1.96296296296296
58,"survival",3,"Mixed linear and rule-based","GABLE",TRUE,"C-index",0.762193241397542,4.80000000000018,NA,5,5,0,5,0,0,0,0,1,0,1,1
58,"survival",3,"Mixed linear and rule-based","GBM",TRUE,"C-index",0.803982905229766,0.0399999999999636,NA,NA,NA,NA,NA,NA,NA,NA,NA,NA,NA,NA,NA
58,"survival",3,"Mixed linear and rule-based","Linear",TRUE,"C-index",0.781645151341587,0,NA,20,0,20,20,0,0,0,0,1,0,1,1
58,"survival",3,"Mixed linear and rule-based","Random forest",TRUE,"C-index",0.783804026963916,0.690000000000055,NA,NA,NA,NA,NA,NA,NA,NA,NA,NA,NA,NA,NA
58,"survival",3,"Mixed linear and rule-based","RuleFit",TRUE,"C-index",0.799863418072873,21.1500000000001,NA,28,28,0,0,18,10,0,0,0,0.642857142857143,0.642857142857143,2.35714285714286
59,"survival",3,"Mixed linear and rule-based","BRP-GABLE full",TRUE,"C-index",0.79609644087256,232.43,NA,29,29,0,4,25,0,0,0,0.137931034482759,0.862068965517241,1,1.86206896551724
59,"survival",3,"Mixed linear and rule-based","BRP-GABLE rule-only",TRUE,"C-index",0.797175660160735,230.63,NA,29,29,0,4,25,0,0,0,0.137931034482759,0.862068965517241,1,1.86206896551724
59,"survival",3,"Mixed linear and rule-based","GABLE",TRUE,"C-index",0.765419058553387,4.34000000000015,NA,5,5,0,4,1,0,0,0,0.8,0.2,1,1.2
59,"survival",3,"Mixed linear and rule-based","GBM",TRUE,"C-index",0.799173363949483,0.0299999999997453,NA,NA,NA,NA,NA,NA,NA,NA,NA,NA,NA,NA,NA
59,"survival",3,"Mixed linear and rule-based","Linear",TRUE,"C-index",0.796371986222733,0.0100000000002183,NA,20,0,20,20,0,0,0,0,1,0,1,1
59,"survival",3,"Mixed linear and rule-based","Random forest",TRUE,"C-index",0.789345579793341,0.710000000000036,NA,NA,NA,NA,NA,NA,NA,NA,NA,NA,NA,NA,NA
59,"survival",3,"Mixed linear and rule-based","RuleFit",TRUE,"C-index",0.795384615384615,20.6700000000001,NA,44,44,0,1,35,8,0,0,0.0227272727272727,0.795454545454545,0.818181818181818,2.15909090909091
60,"survival",3,"Mixed linear and rule-based","BRP-GABLE full",TRUE,"C-index",0.765737850053586,234.78,NA,34,34,0,9,25,0,0,0,0.264705882352941,0.735294117647059,1,1.73529411764706
60,"survival",3,"Mixed linear and rule-based","BRP-GABLE rule-only",TRUE,"C-index",0.760239504216952,241.900000000001,NA,29,29,0,7,22,0,0,0,0.241379310344828,0.758620689655172,1,1.75862068965517
60,"survival",3,"Mixed linear and rule-based","GABLE",TRUE,"C-index",0.716136247145986,4.65999999999985,NA,5,5,0,3,2,0,0,0,0.6,0.4,1,1.4
60,"survival",3,"Mixed linear and rule-based","GBM",TRUE,"C-index",0.783840454778435,0.0199999999999818,NA,NA,NA,NA,NA,NA,NA,NA,NA,NA,NA,NA,NA
60,"survival",3,"Mixed linear and rule-based","Linear",TRUE,"C-index",0.776851032104748,0.00999999999976353,NA,20,0,20,20,0,0,0,0,1,0,1,1
60,"survival",3,"Mixed linear and rule-based","Random forest",TRUE,"C-index",0.747495456875262,0.700000000000273,NA,NA,NA,NA,NA,NA,NA,NA,NA,NA,NA,NA,NA
60,"survival",3,"Mixed linear and rule-based","RuleFit",TRUE,"C-index",0.743278505195471,22.9099999999999,NA,31,31,0,0,27,4,0,0,0,0.870967741935484,0.870967741935484,2.12903225806452
61,"survival",3,"Mixed linear and rule-based","BRP-GABLE full",TRUE,"C-index",0.815068493150685,226.01,NA,34,33,1,7,27,0,0,0,0.205882352941176,0.794117647058823,1,1.79411764705882
61,"survival",3,"Mixed linear and rule-based","BRP-GABLE rule-only",TRUE,"C-index",0.812601781779864,229.61,NA,33,33,0,6,27,0,0,0,0.181818181818182,0.818181818181818,1,1.81818181818182
61,"survival",3,"Mixed linear and rule-based","GABLE",TRUE,"C-index",0.773493629658013,4.7800000000002,NA,5,5,0,4,1,0,0,0,0.8,0.2,1,1.2
61,"survival",3,"Mixed linear and rule-based","GBM",TRUE,"C-index",0.845626975763962,0.0299999999997453,NA,NA,NA,NA,NA,NA,NA,NA,NA,NA,NA,NA,NA
61,"survival",3,"Mixed linear and rule-based","Linear",TRUE,"C-index",0.826228565954593,0,NA,20,0,20,20,0,0,0,0,1,0,1,1
61,"survival",3,"Mixed linear and rule-based","Random forest",TRUE,"C-index",0.825893284797394,0.690000000000055,NA,NA,NA,NA,NA,NA,NA,NA,NA,NA,NA,NA,NA
61,"survival",3,"Mixed linear and rule-based","RuleFit",TRUE,"C-index",0.830227991186895,19.4899999999998,NA,28,28,0,0,25,3,0,0,0,0.892857142857143,0.892857142857143,2.10714285714286
62,"survival",3,"Mixed linear and rule-based","BRP-GABLE full",TRUE,"C-index",0.8022664927823,225.21,NA,44,42,2,12,32,0,0,0,0.272727272727273,0.727272727272727,1,1.72727272727273
62,"survival",3,"Mixed linear and rule-based","BRP-GABLE rule-only",TRUE,"C-index",0.804087781625219,222.84,NA,44,44,0,12,32,0,0,0,0.272727272727273,0.727272727272727,1,1.72727272727273
62,"survival",3,"Mixed linear and rule-based","GABLE",TRUE,"C-index",0.776678508791654,4.78999999999996,NA,5,5,0,5,0,0,0,0,1,0,1,1
62,"survival",3,"Mixed linear and rule-based","GBM",TRUE,"C-index",0.824796510320637,0.0199999999999818,NA,NA,NA,NA,NA,NA,NA,NA,NA,NA,NA,NA,NA
62,"survival",3,"Mixed linear and rule-based","Linear",TRUE,"C-index",0.800557629176598,0.00999999999976353,NA,20,0,20,20,0,0,0,0,1,0,1,1
62,"survival",3,"Mixed linear and rule-based","Random forest",TRUE,"C-index",0.780950667805909,0.690000000000055,NA,NA,NA,NA,NA,NA,NA,NA,NA,NA,NA,NA,NA
62,"survival",3,"Mixed linear and rule-based","RuleFit",TRUE,"C-index",0.787696182038944,19.52,NA,26,26,0,0,22,4,0,0,0,0.846153846153846,0.846153846153846,2.15384615384615
63,"survival",3,"Mixed linear and rule-based","BRP-GABLE full",TRUE,"C-index",0.806197647274225,232.97,NA,31,30,1,5,26,0,0,0,0.161290322580645,0.838709677419355,1,1.83870967741935
63,"survival",3,"Mixed linear and rule-based","BRP-GABLE rule-only",TRUE,"C-index",0.807135991211608,231.87,NA,30,30,0,4,26,0,0,0,0.133333333333333,0.866666666666667,1,1.86666666666667
63,"survival",3,"Mixed linear and rule-based","GABLE",TRUE,"C-index",0.799537693962558,4.5600000000004,NA,5,5,0,5,0,0,0,0,1,0,1,1
63,"survival",3,"Mixed linear and rule-based","GBM",TRUE,"C-index",0.83031995239621,0.0299999999997453,NA,NA,NA,NA,NA,NA,NA,NA,NA,NA,NA,NA,NA
63,"survival",3,"Mixed linear and rule-based","Linear",TRUE,"C-index",0.83695701927038,0,NA,20,0,20,20,0,0,0,0,1,0,1,1
63,"survival",3,"Mixed linear and rule-based","Random forest",TRUE,"C-index",0.818007049022749,0.639999999999873,NA,NA,NA,NA,NA,NA,NA,NA,NA,NA,NA,NA,NA
63,"survival",3,"Mixed linear and rule-based","RuleFit",TRUE,"C-index",0.818991165835126,23.5799999999999,NA,28,28,0,0,17,11,0,0,0,0.607142857142857,0.607142857142857,2.39285714285714
64,"survival",3,"Mixed linear and rule-based","BRP-GABLE full",TRUE,"C-index",0.791068164011491,230.37,NA,32,31,1,4,28,0,0,0,0.125,0.875,1,1.875
64,"survival",3,"Mixed linear and rule-based","BRP-GABLE rule-only",TRUE,"C-index",0.792243405588927,227.3,NA,35,35,0,6,29,0,0,0,0.171428571428571,0.828571428571429,1,1.82857142857143
64,"survival",3,"Mixed linear and rule-based","GABLE",TRUE,"C-index",0.768059545573257,4.88999999999987,NA,5,5,0,4,1,0,0,0,0.8,0.2,1,1.2
64,"survival",3,"Mixed linear and rule-based","GBM",TRUE,"C-index",0.808566205275529,0.00999999999976353,NA,NA,NA,NA,NA,NA,NA,NA,NA,NA,NA,NA,NA
64,"survival",3,"Mixed linear and rule-based","Linear",TRUE,"C-index",0.821728910942805,0.0199999999999818,NA,20,0,20,20,0,0,0,0,1,0,1,1
64,"survival",3,"Mixed linear and rule-based","Random forest",TRUE,"C-index",0.79018020370854,0.690000000000055,NA,NA,NA,NA,NA,NA,NA,NA,NA,NA,NA,NA,NA
64,"survival",3,"Mixed linear and rule-based","RuleFit",TRUE,"C-index",0.823713763384696,19.6900000000001,NA,36,36,0,1,24,11,0,0,0.0277777777777778,0.666666666666667,0.694444444444444,2.27777777777778
65,"survival",3,"Mixed linear and rule-based","BRP-GABLE full",TRUE,"C-index",0.804880473137518,231.83,NA,27,26,1,3,24,0,0,0,0.111111111111111,0.888888888888889,1,1.88888888888889
65,"survival",3,"Mixed linear and rule-based","BRP-GABLE rule-only",TRUE,"C-index",0.804209532329407,229.93,NA,27,27,0,3,24,0,0,0,0.111111111111111,0.888888888888889,1,1.88888888888889
65,"survival",3,"Mixed linear and rule-based","GABLE",TRUE,"C-index",0.756324238357934,5.05999999999995,NA,5,5,0,5,0,0,0,0,1,0,1,1
65,"survival",3,"Mixed linear and rule-based","GBM",TRUE,"C-index",0.814049997515034,0.00999999999976353,NA,NA,NA,NA,NA,NA,NA,NA,NA,NA,NA,NA,NA
65,"survival",3,"Mixed linear and rule-based","Linear",TRUE,"C-index",0.803339794244819,0.0199999999999818,NA,20,0,20,20,0,0,0,0,1,0,1,1
65,"survival",3,"Mixed linear and rule-based","Random forest",TRUE,"C-index",0.808210327518513,0.630000000000109,NA,NA,NA,NA,NA,NA,NA,NA,NA,NA,NA,NA,NA
65,"survival",3,"Mixed linear and rule-based","RuleFit",TRUE,"C-index",0.786143829829531,21.8000000000002,NA,26,26,0,1,18,7,0,0,0.0384615384615385,0.692307692307692,0.730769230769231,2.23076923076923
66,"survival",3,"Mixed linear and rule-based","BRP-GABLE full",TRUE,"C-index",0.805981935738611,235.32,NA,46,44,2,18,28,0,0,0,0.391304347826087,0.608695652173913,1,1.60869565217391
66,"survival",3,"Mixed linear and rule-based","BRP-GABLE rule-only",TRUE,"C-index",0.803785597946794,233.93,NA,45,45,0,16,29,0,0,0,0.355555555555556,0.644444444444444,1,1.64444444444444
66,"survival",3,"Mixed linear and rule-based","GABLE",TRUE,"C-index",0.724273234292483,4.95000000000027,NA,4,4,0,3,1,0,0,0,0.75,0.25,1,1.25
66,"survival",3,"Mixed linear and rule-based","GBM",TRUE,"C-index",0.822269384531859,0.0299999999997453,NA,NA,NA,NA,NA,NA,NA,NA,NA,NA,NA,NA,NA
66,"survival",3,"Mixed linear and rule-based","Linear",TRUE,"C-index",0.824046197127486,0.0199999999999818,NA,20,0,20,20,0,0,0,0,1,0,1,1
66,"survival",3,"Mixed linear and rule-based","Random forest",TRUE,"C-index",0.812990474310251,0.75,NA,NA,NA,NA,NA,NA,NA,NA,NA,NA,NA,NA,NA
66,"survival",3,"Mixed linear and rule-based","RuleFit",TRUE,"C-index",0.815285523912936,22.04,NA,25,25,0,0,18,7,0,0,0,0.72,0.72,2.28
67,"survival",3,"Mixed linear and rule-based","BRP-GABLE full",TRUE,"C-index",0.818343033830484,227.81,NA,40,39,1,13,27,0,0,0,0.325,0.675,1,1.675
67,"survival",3,"Mixed linear and rule-based","BRP-GABLE rule-only",TRUE,"C-index",0.818729538013823,227.29,NA,41,41,0,14,27,0,0,0,0.341463414634146,0.658536585365854,1,1.65853658536585
67,"survival",3,"Mixed linear and rule-based","GABLE",TRUE,"C-index",0.785853946889778,4.75999999999976,NA,5,5,0,5,0,0,0,0,1,0,1,1
67,"survival",3,"Mixed linear and rule-based","GBM",TRUE,"C-index",0.810294652600946,0.0199999999999818,NA,NA,NA,NA,NA,NA,NA,NA,NA,NA,NA,NA,NA
67,"survival",3,"Mixed linear and rule-based","Linear",TRUE,"C-index",0.810612950163696,0.00999999999976353,NA,20,0,20,20,0,0,0,0,1,0,1,1
67,"survival",3,"Mixed linear and rule-based","Random forest",TRUE,"C-index",0.790787559112405,0.720000000000255,NA,NA,NA,NA,NA,NA,NA,NA,NA,NA,NA,NA,NA
67,"survival",3,"Mixed linear and rule-based","RuleFit",TRUE,"C-index",0.811363222990178,22.0500000000002,NA,43,43,0,1,34,8,0,0,0.0232558139534884,0.790697674418605,0.813953488372093,2.16279069767442
68,"survival",3,"Mixed linear and rule-based","BRP-GABLE full",TRUE,"C-index",0.778789590098358,227.95,NA,23,23,0,0,23,0,0,0,0,1,1,2
68,"survival",3,"Mixed linear and rule-based","BRP-GABLE rule-only",TRUE,"C-index",0.778789590098358,226.45,NA,23,23,0,0,23,0,0,0,0,1,1,2
68,"survival",3,"Mixed linear and rule-based","GABLE",TRUE,"C-index",0.719822109275731,4.74000000000024,NA,5,5,0,4,1,0,0,0,0.8,0.2,1,1.2
68,"survival",3,"Mixed linear and rule-based","GBM",TRUE,"C-index",0.809779283730999,0.0500000000001819,NA,NA,NA,NA,NA,NA,NA,NA,NA,NA,NA,NA,NA
68,"survival",3,"Mixed linear and rule-based","Linear",TRUE,"C-index",0.801731846204527,0.00999999999976353,NA,20,0,20,20,0,0,0,0,1,0,1,1
68,"survival",3,"Mixed linear and rule-based","Random forest",TRUE,"C-index",0.79537860605205,0.619999999999891,NA,NA,NA,NA,NA,NA,NA,NA,NA,NA,NA,NA,NA
68,"survival",3,"Mixed linear and rule-based","RuleFit",TRUE,"C-index",0.801943620876276,19.2199999999998,NA,31,31,0,0,28,3,0,0,0,0.903225806451613,0.903225806451613,2.09677419354839
69,"survival",3,"Mixed linear and rule-based","BRP-GABLE full",TRUE,"C-index",0.820769486218511,236.86,NA,30,28,2,8,22,0,0,0,0.266666666666667,0.733333333333333,1,1.73333333333333
69,"survival",3,"Mixed linear and rule-based","BRP-GABLE rule-only",TRUE,"C-index",0.819702073153375,235.82,NA,40,40,0,13,27,0,0,0,0.325,0.675,1,1.675
69,"survival",3,"Mixed linear and rule-based","GABLE",TRUE,"C-index",0.801223966981356,4.66000000000031,NA,5,5,0,4,1,0,0,0,0.8,0.2,1,1.2
69,"survival",3,"Mixed linear and rule-based","GBM",TRUE,"C-index",0.836187674937141,0.0300000000002001,NA,NA,NA,NA,NA,NA,NA,NA,NA,NA,NA,NA,NA
69,"survival",3,"Mixed linear and rule-based","Linear",TRUE,"C-index",0.829640874804308,0.00999999999976353,NA,20,0,20,20,0,0,0,0,1,0,1,1
69,"survival",3,"Mixed linear and rule-based","Random forest",TRUE,"C-index",0.823615921058874,0.859999999999673,NA,NA,NA,NA,NA,NA,NA,NA,NA,NA,NA,NA,NA
69,"survival",3,"Mixed linear and rule-based","RuleFit",TRUE,"C-index",0.819844394895394,23.9099999999999,NA,44,44,0,0,35,9,0,0,0,0.795454545454545,0.795454545454545,2.20454545454545
70,"survival",3,"Mixed linear and rule-based","BRP-GABLE full",TRUE,"C-index",0.79884824762676,241.08,NA,41,40,1,15,26,0,0,0,0.365853658536585,0.634146341463415,1,1.63414634146341
70,"survival",3,"Mixed linear and rule-based","BRP-GABLE rule-only",TRUE,"C-index",0.799635578350655,229.690000000001,NA,45,45,0,16,29,0,0,0,0.355555555555556,0.644444444444444,1,1.64444444444444
70,"survival",3,"Mixed linear and rule-based","GABLE",TRUE,"C-index",0.770841769019661,4.96000000000004,NA,5,5,0,5,0,0,0,0,1,0,1,1
70,"survival",3,"Mixed linear and rule-based","GBM",TRUE,"C-index",0.818194088271022,0.0399999999999636,NA,NA,NA,NA,NA,NA,NA,NA,NA,NA,NA,NA,NA
70,"survival",3,"Mixed linear and rule-based","Linear",TRUE,"C-index",0.806406622576146,0,NA,20,0,20,20,0,0,0,0,1,0,1,1
70,"survival",3,"Mixed linear and rule-based","Random forest",TRUE,"C-index",0.818554010887659,0.610000000000127,NA,NA,NA,NA,NA,NA,NA,NA,NA,NA,NA,NA,NA
70,"survival",3,"Mixed linear and rule-based","RuleFit",TRUE,"C-index",0.810320781032078,20.3899999999999,NA,27,27,0,0,25,2,0,0,0,0.925925925925926,0.925925925925926,2.07407407407407
71,"survival",3,"Mixed linear and rule-based","BRP-GABLE full",TRUE,"C-index",0.764533868715084,229.7,NA,31,29,2,6,25,0,0,0,0.193548387096774,0.806451612903226,1,1.80645161290323
71,"survival",3,"Mixed linear and rule-based","BRP-GABLE rule-only",TRUE,"C-index",0.766716131284916,228.72,NA,32,32,0,6,26,0,0,0,0.1875,0.8125,1,1.8125
71,"survival",3,"Mixed linear and rule-based","GABLE",TRUE,"C-index",0.71172311452514,4.75,NA,5,5,0,4,1,0,0,0,0.8,0.2,1,1.2
71,"survival",3,"Mixed linear and rule-based","GBM",TRUE,"C-index",0.790197276536313,0.0299999999997453,NA,NA,NA,NA,NA,NA,NA,NA,NA,NA,NA,NA,NA
71,"survival",3,"Mixed linear and rule-based","Linear",TRUE,"C-index",0.785614525139665,0.0200000000004366,NA,20,0,20,20,0,0,0,0,1,0,1,1
71,"survival",3,"Mixed linear and rule-based","Random forest",TRUE,"C-index",0.754189944134078,0.720000000000255,NA,NA,NA,NA,NA,NA,NA,NA,NA,NA,NA,NA,NA
71,"survival",3,"Mixed linear and rule-based","RuleFit",TRUE,"C-index",0.748472416201117,23.0900000000001,NA,27,27,0,0,13,14,0,0,0,0.481481481481481,0.481481481481481,2.51851851851852
72,"survival",3,"Mixed linear and rule-based","BRP-GABLE full",TRUE,"C-index",0.759910901992191,236.86,NA,28,28,0,4,24,0,0,0,0.142857142857143,0.857142857142857,1,1.85714285714286
72,"survival",3,"Mixed linear and rule-based","BRP-GABLE rule-only",TRUE,"C-index",0.762764040444489,235.849999999999,NA,38,38,0,10,28,0,0,0,0.263157894736842,0.736842105263158,1,1.73684210526316
72,"survival",3,"Mixed linear and rule-based","GABLE",TRUE,"C-index",0.772099309240164,4.81999999999971,NA,5,5,0,5,0,0,0,0,1,0,1,1
72,"survival",3,"Mixed linear and rule-based","GBM",TRUE,"C-index",0.797777555310842,0.0200000000004366,NA,NA,NA,NA,NA,NA,NA,NA,NA,NA,NA,NA,NA
72,"survival",3,"Mixed linear and rule-based","Linear",TRUE,"C-index",0.796426068675543,0.0100000000002183,NA,20,0,20,20,0,0,0,0,1,0,1,1
72,"survival",3,"Mixed linear and rule-based","Random forest",TRUE,"C-index",0.776153769146061,0.649999999999636,NA,NA,NA,NA,NA,NA,NA,NA,NA,NA,NA,NA,NA
72,"survival",3,"Mixed linear and rule-based","RuleFit",TRUE,"C-index",0.784112523776154,19.9300000000003,NA,33,33,0,0,29,4,0,0,0,0.878787878787879,0.878787878787879,2.12121212121212
73,"survival",3,"Mixed linear and rule-based","BRP-GABLE full",TRUE,"C-index",0.793981589645344,231.159999999999,NA,38,36,2,10,28,0,0,0,0.263157894736842,0.736842105263158,1,1.73684210526316
73,"survival",3,"Mixed linear and rule-based","BRP-GABLE rule-only",TRUE,"C-index",0.791014438577637,230.33,NA,33,33,0,7,26,0,0,0,0.212121212121212,0.787878787878788,1,1.78787878787879
73,"survival",3,"Mixed linear and rule-based","GABLE",TRUE,"C-index",0.764169898602869,4.65000000000055,NA,5,5,0,5,0,0,0,0,1,0,1,1
73,"survival",3,"Mixed linear and rule-based","GBM",TRUE,"C-index",0.807952899397224,0.0299999999997453,NA,NA,NA,NA,NA,NA,NA,NA,NA,NA,NA,NA,NA
73,"survival",3,"Mixed linear and rule-based","Linear",TRUE,"C-index",0.818466426802486,0.0100000000002183,NA,20,0,20,20,0,0,0,0,1,0,1,1
73,"survival",3,"Mixed linear and rule-based","Random forest",TRUE,"C-index",0.797486098780431,0.710000000000036,NA,NA,NA,NA,NA,NA,NA,NA,NA,NA,NA,NA,NA
73,"survival",3,"Mixed linear and rule-based","RuleFit",TRUE,"C-index",0.791995701135461,19.6899999999996,NA,27,27,0,0,22,5,0,0,0,0.814814814814815,0.814814814814815,2.18518518518519
74,"survival",3,"Mixed linear and rule-based","BRP-GABLE full",TRUE,"C-index",0.806972909305065,230.92,NA,47,44,3,18,29,0,0,0,0.382978723404255,0.617021276595745,1,1.61702127659574
74,"survival",3,"Mixed linear and rule-based","BRP-GABLE rule-only",TRUE,"C-index",0.80188457008245,229.67,NA,40,40,0,11,29,0,0,0,0.275,0.725,1,1.725
74,"survival",3,"Mixed linear and rule-based","GABLE",TRUE,"C-index",0.759458186101296,4.77999999999975,NA,5,5,0,5,0,0,0,0,1,0,1,1
74,"survival",3,"Mixed linear and rule-based","GBM",TRUE,"C-index",0.835382803297998,0.0299999999997453,NA,NA,NA,NA,NA,NA,NA,NA,NA,NA,NA,NA,NA
74,"survival",3,"Mixed linear and rule-based","Linear",TRUE,"C-index",0.80904593639576,0,NA,20,0,20,20,0,0,0,0,1,0,1,1
74,"survival",3,"Mixed linear and rule-based","Random forest",TRUE,"C-index",0.806219081272085,0.770000000000437,NA,NA,NA,NA,NA,NA,NA,NA,NA,NA,NA,NA,NA
74,"survival",3,"Mixed linear and rule-based","RuleFit",TRUE,"C-index",0.810718492343934,23.6700000000001,NA,47,47,0,1,39,7,0,0,0.0212765957446809,0.829787234042553,0.851063829787234,2.12765957446809
75,"survival",3,"Mixed linear and rule-based","BRP-GABLE full",TRUE,"C-index",0.800350603817686,233.630000000001,NA,34,33,1,9,25,0,0,0,0.264705882352941,0.735294117647059,1,1.73529411764706
75,"survival",3,"Mixed linear and rule-based","BRP-GABLE rule-only",TRUE,"C-index",0.798938449552006,242.62,NA,32,32,0,7,25,0,0,0,0.21875,0.78125,1,1.78125
75,"survival",3,"Mixed linear and rule-based","GABLE",TRUE,"C-index",0.745227892481496,4.40999999999985,NA,5,5,0,4,1,0,0,0,0.8,0.2,1,1.2
75,"survival",3,"Mixed linear and rule-based","GBM",TRUE,"C-index",0.823480716790027,0.0299999999997453,NA,NA,NA,NA,NA,NA,NA,NA,NA,NA,NA,NA,NA
75,"survival",3,"Mixed linear and rule-based","Linear",TRUE,"C-index",0.796406310868718,0.0200000000004366,NA,20,0,20,20,0,0,0,0,1,0,1,1
75,"survival",3,"Mixed linear and rule-based","Random forest",TRUE,"C-index",0.798208024931827,0.720000000000255,NA,NA,NA,NA,NA,NA,NA,NA,NA,NA,NA,NA,NA
75,"survival",3,"Mixed linear and rule-based","RuleFit",TRUE,"C-index",0.811526100506428,20.8699999999999,NA,44,44,0,1,37,6,0,0,0.0227272727272727,0.840909090909091,0.863636363636364,2.11363636363636
76,"survival",3,"Mixed linear and rule-based","BRP-GABLE full",TRUE,"C-index",0.776307678760127,290.39,NA,23,23,0,2,21,0,0,0,0.0869565217391304,0.91304347826087,1,1.91304347826087
76,"survival",3,"Mixed linear and rule-based","BRP-GABLE rule-only",TRUE,"C-index",0.774788657978161,241.51,NA,21,21,0,2,19,0,0,0,0.0952380952380952,0.904761904761905,1,1.9047619047619
76,"survival",3,"Mixed linear and rule-based","GABLE",TRUE,"C-index",0.763274920746742,5.01999999999953,NA,5,5,0,5,0,0,0,0,1,0,1,1
76,"survival",3,"Mixed linear and rule-based","GBM",TRUE,"C-index",0.788613948573441,0.0399999999999636,NA,NA,NA,NA,NA,NA,NA,NA,NA,NA,NA,NA,NA
76,"survival",3,"Mixed linear and rule-based","Linear",TRUE,"C-index",0.791343783022191,0.0100000000002183,NA,20,0,20,20,0,0,0,0,1,0,1,1
76,"survival",3,"Mixed linear and rule-based","Random forest",TRUE,"C-index",0.763913349771046,0.710000000000036,NA,NA,NA,NA,NA,NA,NA,NA,NA,NA,NA,NA,NA
76,"survival",3,"Mixed linear and rule-based","RuleFit",TRUE,"C-index",0.767986086650229,18.7000000000007,NA,21,21,0,0,18,3,0,0,0,0.857142857142857,0.857142857142857,2.14285714285714
77,"survival",3,"Mixed linear and rule-based","BRP-GABLE full",TRUE,"C-index",0.817046903160578,228.459999999999,NA,39,37,2,16,23,0,0,0,0.41025641025641,0.58974358974359,1,1.58974358974359
77,"survival",3,"Mixed linear and rule-based","BRP-GABLE rule-only",TRUE,"C-index",0.817090861136753,226.77,NA,37,37,0,14,23,0,0,0,0.378378378378378,0.621621621621622,1,1.62162162162162
77,"survival",3,"Mixed linear and rule-based","GABLE",TRUE,"C-index",0.783902589124797,4.8100000000004,NA,5,5,0,5,0,0,0,0,1,0,1,1
77,"survival",3,"Mixed linear and rule-based","GBM",TRUE,"C-index",0.831377203393556,0.0299999999997453,NA,NA,NA,NA,NA,NA,NA,NA,NA,NA,NA,NA,NA
77,"survival",3,"Mixed linear and rule-based","Linear",TRUE,"C-index",0.818189810541123,0,NA,20,0,20,20,0,0,0,0,1,0,1,1
77,"survival",3,"Mixed linear and rule-based","Random forest",TRUE,"C-index",0.811991735900479,0.670000000000073,NA,NA,NA,NA,NA,NA,NA,NA,NA,NA,NA,NA,NA
77,"survival",3,"Mixed linear and rule-based","RuleFit",TRUE,"C-index",0.829377115477603,24.04,NA,32,32,0,0,22,10,0,0,0,0.6875,0.6875,2.3125
78,"survival",3,"Mixed linear and rule-based","BRP-GABLE full",TRUE,"C-index",0.794342582606138,219.55,NA,28,28,0,1,27,0,0,0,0.0357142857142857,0.964285714285714,1,1.96428571428571
78,"survival",3,"Mixed linear and rule-based","BRP-GABLE rule-only",TRUE,"C-index",0.794342582606138,218.66,NA,28,28,0,1,27,0,0,0,0.0357142857142857,0.964285714285714,1,1.96428571428571
78,"survival",3,"Mixed linear and rule-based","GABLE",TRUE,"C-index",0.768555740758898,5.16000000000076,NA,5,5,0,4,1,0,0,0,0.8,0.2,1,1.2
78,"survival",3,"Mixed linear and rule-based","GBM",TRUE,"C-index",0.811157956662418,0.0500000000001819,NA,NA,NA,NA,NA,NA,NA,NA,NA,NA,NA,NA,NA
78,"survival",3,"Mixed linear and rule-based","Linear",TRUE,"C-index",0.821207961564859,0,NA,20,0,20,20,0,0,0,0,1,0,1,1
78,"survival",3,"Mixed linear and rule-based","Random forest",TRUE,"C-index",0.803117952740465,0.729999999999563,NA,NA,NA,NA,NA,NA,NA,NA,NA,NA,NA,NA,NA
78,"survival",3,"Mixed linear and rule-based","RuleFit",TRUE,"C-index",0.804735758407687,22.1799999999994,NA,44,44,0,2,33,9,0,0,0.0454545454545455,0.75,0.795454545454545,2.15909090909091
79,"survival",3,"Mixed linear and rule-based","BRP-GABLE full",TRUE,"C-index",0.809636471177033,226.22,NA,42,40,2,10,32,0,0,0,0.238095238095238,0.761904761904762,1,1.76190476190476
79,"survival",3,"Mixed linear and rule-based","BRP-GABLE rule-only",TRUE,"C-index",0.808840256608581,225.780000000001,NA,40,40,0,8,32,0,0,0,0.2,0.8,1,1.8
79,"survival",3,"Mixed linear and rule-based","GABLE",TRUE,"C-index",0.753787706447063,4.47999999999956,NA,5,5,0,4,1,0,0,0,0.8,0.2,1,1.2
79,"survival",3,"Mixed linear and rule-based","GBM",TRUE,"C-index",0.830338049956777,0.0299999999997453,NA,NA,NA,NA,NA,NA,NA,NA,NA,NA,NA,NA,NA
79,"survival",3,"Mixed linear and rule-based","Linear",TRUE,"C-index",0.824650803039265,0,NA,20,0,20,20,0,0,0,0,1,0,1,1
79,"survival",3,"Mixed linear and rule-based","Random forest",TRUE,"C-index",0.81291232540152,0.670000000000073,NA,NA,NA,NA,NA,NA,NA,NA,NA,NA,NA,NA,NA
79,"survival",3,"Mixed linear and rule-based","RuleFit",TRUE,"C-index",0.823649847581783,24.5799999999999,NA,43,43,0,0,30,13,0,0,0,0.697674418604651,0.697674418604651,2.30232558139535
80,"survival",3,"Mixed linear and rule-based","BRP-GABLE full",TRUE,"C-index",0.775114689635802,235.12,NA,34,32,2,9,25,0,0,0,0.264705882352941,0.735294117647059,1,1.73529411764706
80,"survival",3,"Mixed linear and rule-based","BRP-GABLE rule-only",TRUE,"C-index",0.772633648534781,234,NA,33,33,0,8,25,0,0,0,0.242424242424242,0.757575757575758,1,1.75757575757576
80,"survival",3,"Mixed linear and rule-based","GABLE",TRUE,"C-index",0.742931373466904,4.57999999999993,NA,5,5,0,4,1,0,0,0,0.8,0.2,1,1.2
80,"survival",3,"Mixed linear and rule-based","GBM",TRUE,"C-index",0.778017039603033,0.0299999999997453,NA,NA,NA,NA,NA,NA,NA,NA,NA,NA,NA,NA,NA
80,"survival",3,"Mixed linear and rule-based","Linear",TRUE,"C-index",0.804278625596854,0.0199999999995271,NA,20,0,20,20,0,0,0,0,1,0,1,1
80,"survival",3,"Mixed linear and rule-based","Random forest",TRUE,"C-index",0.755734481790095,0.720000000000255,NA,NA,NA,NA,NA,NA,NA,NA,NA,NA,NA,NA,NA
80,"survival",3,"Mixed linear and rule-based","RuleFit",TRUE,"C-index",0.763107386948788,20.4200000000001,NA,31,31,0,1,24,6,0,0,0.032258064516129,0.774193548387097,0.806451612903226,2.16129032258065
81,"survival",3,"Mixed linear and rule-based","BRP-GABLE full",TRUE,"C-index",0.775529149647234,216.599999999999,NA,28,27,1,6,22,0,0,0,0.214285714285714,0.785714285714286,1,1.78571428571429
81,"survival",3,"Mixed linear and rule-based","BRP-GABLE rule-only",TRUE,"C-index",0.778290939472707,216.059999999999,NA,34,34,0,11,23,0,0,0,0.323529411764706,0.676470588235294,1,1.67647058823529
81,"survival",3,"Mixed linear and rule-based","GABLE",TRUE,"C-index",0.717229855180097,4.41999999999916,NA,5,5,0,3,2,0,0,0,0.6,0.4,1,1.4
81,"survival",3,"Mixed linear and rule-based","GBM",TRUE,"C-index",0.810945042703305,0.0300000000006548,NA,NA,NA,NA,NA,NA,NA,NA,NA,NA,NA,NA,NA
81,"survival",3,"Mixed linear and rule-based","Linear",TRUE,"C-index",0.813173041217973,0.0199999999995271,NA,20,0,20,20,0,0,0,0,1,0,1,1
81,"survival",3,"Mixed linear and rule-based","Random forest",TRUE,"C-index",0.788108057927961,0.800000000000182,NA,NA,NA,NA,NA,NA,NA,NA,NA,NA,NA,NA,NA
81,"survival",3,"Mixed linear and rule-based","RuleFit",TRUE,"C-index",0.804121797252135,22.1600000000008,NA,33,33,0,0,22,11,0,0,0,0.666666666666667,0.666666666666667,2.33333333333333
82,"survival",3,"Mixed linear and rule-based","BRP-GABLE full",TRUE,"C-index",0.825568966285129,223.71,NA,40,40,0,9,31,0,0,0,0.225,0.775,1,1.775
82,"survival",3,"Mixed linear and rule-based","BRP-GABLE rule-only",TRUE,"C-index",0.826994165590344,222.059999999999,NA,38,38,0,8,30,0,0,0,0.210526315789474,0.789473684210526,1,1.78947368421053
82,"survival",3,"Mixed linear and rule-based","GABLE",TRUE,"C-index",0.787979334610074,4.78999999999996,NA,5,5,0,5,0,0,0,0,1,0,1,1
82,"survival",3,"Mixed linear and rule-based","GBM",TRUE,"C-index",0.833385293724669,0.0299999999997453,NA,NA,NA,NA,NA,NA,NA,NA,NA,NA,NA,NA,NA
82,"survival",3,"Mixed linear and rule-based","Linear",TRUE,"C-index",0.817262726584421,0,NA,20,0,20,20,0,0,0,0,1,0,1,1
82,"survival",3,"Mixed linear and rule-based","Random forest",TRUE,"C-index",0.815436689974614,0.75,NA,NA,NA,NA,NA,NA,NA,NA,NA,NA,NA,NA,NA
82,"survival",3,"Mixed linear and rule-based","RuleFit",TRUE,"C-index",0.794437268961831,20.3299999999999,NA,34,34,0,0,24,10,0,0,0,0.705882352941177,0.705882352941177,2.29411764705882
83,"survival",3,"Mixed linear and rule-based","BRP-GABLE full",TRUE,"C-index",0.825043339111882,231.27,NA,45,42,3,17,28,0,0,0,0.377777777777778,0.622222222222222,1,1.62222222222222
83,"survival",3,"Mixed linear and rule-based","BRP-GABLE rule-only",TRUE,"C-index",0.817064497488554,230.63,NA,39,39,0,13,26,0,0,0,0.333333333333333,0.666666666666667,1,1.66666666666667
83,"survival",3,"Mixed linear and rule-based","GABLE",TRUE,"C-index",0.786838245099347,4.89000000000033,NA,5,5,0,4,1,0,0,0,0.8,0.2,1,1.2
83,"survival",3,"Mixed linear and rule-based","GBM",TRUE,"C-index",0.847135173578699,0.0299999999997453,NA,NA,NA,NA,NA,NA,NA,NA,NA,NA,NA,NA,NA
83,"survival",3,"Mixed linear and rule-based","Linear",TRUE,"C-index",0.837044939325243,0.0100000000002183,NA,20,0,20,20,0,0,0,0,1,0,1,1
83,"survival",3,"Mixed linear and rule-based","Random forest",TRUE,"C-index",0.817975730097346,0.6899999999996,NA,NA,NA,NA,NA,NA,NA,NA,NA,NA,NA,NA,NA
83,"survival",3,"Mixed linear and rule-based","RuleFit",TRUE,"C-index",0.828532693247989,21.2799999999997,NA,35,35,0,0,25,10,0,0,0,0.714285714285714,0.714285714285714,2.28571428571429
84,"survival",3,"Mixed linear and rule-based","BRP-GABLE full",TRUE,"C-index",0.804521395891271,232.369999999999,NA,35,33,2,10,25,0,0,0,0.285714285714286,0.714285714285714,1,1.71428571428571
84,"survival",3,"Mixed linear and rule-based","BRP-GABLE rule-only",TRUE,"C-index",0.801919799049072,232.34,NA,37,37,0,10,27,0,0,0,0.27027027027027,0.72972972972973,1,1.72972972972973
84,"survival",3,"Mixed linear and rule-based","GABLE",TRUE,"C-index",0.770386651116892,4.85999999999967,NA,5,5,0,4,1,0,0,0,0.8,0.2,1,1.2
84,"survival",3,"Mixed linear and rule-based","GBM",TRUE,"C-index",0.81492778326007,0.0300000000006548,NA,NA,NA,NA,NA,NA,NA,NA,NA,NA,NA,NA,NA
84,"survival",3,"Mixed linear and rule-based","Linear",TRUE,"C-index",0.815645465147573,0.00999999999930878,NA,20,0,20,20,0,0,0,0,1,0,1,1
84,"survival",3,"Mixed linear and rule-based","Random forest",TRUE,"C-index",0.799632188032654,0.75,NA,NA,NA,NA,NA,NA,NA,NA,NA,NA,NA,NA,NA
84,"survival",3,"Mixed linear and rule-based","RuleFit",TRUE,"C-index",0.794675697497084,20.5699999999997,NA,30,30,0,0,15,15,0,0,0,0.5,0.5,2.5
85,"survival",3,"Mixed linear and rule-based","BRP-GABLE full",TRUE,"C-index",0.870760859003012,226.88,NA,41,39,2,7,34,0,0,0,0.170731707317073,0.829268292682927,1,1.82926829268293
85,"survival",3,"Mixed linear and rule-based","BRP-GABLE rule-only",TRUE,"C-index",0.870347876785541,225.379999999999,NA,46,46,0,13,33,0,0,0,0.282608695652174,0.717391304347826,1,1.71739130434783
85,"survival",3,"Mixed linear and rule-based","GABLE",TRUE,"C-index",0.812724710912448,4.83999999999924,NA,4,4,0,3,1,0,0,0,0.75,0.25,1,1.25
85,"survival",3,"Mixed linear and rule-based","GBM",TRUE,"C-index",0.862549800796813,0.0299999999997453,NA,NA,NA,NA,NA,NA,NA,NA,NA,NA,NA,NA,NA
85,"survival",3,"Mixed linear and rule-based","Linear",TRUE,"C-index",0.844767272373919,0.0200000000004366,NA,20,0,20,20,0,0,0,0,1,0,1,1
85,"survival",3,"Mixed linear and rule-based","Random forest",TRUE,"C-index",0.864833349528714,0.720000000000255,NA,NA,NA,NA,NA,NA,NA,NA,NA,NA,NA,NA,NA
85,"survival",3,"Mixed linear and rule-based","RuleFit",TRUE,"C-index",0.854095811874453,21.7800000000007,NA,37,37,0,1,31,5,0,0,0.027027027027027,0.837837837837838,0.864864864864865,2.10810810810811
86,"survival",3,"Mixed linear and rule-based","BRP-GABLE full",TRUE,"C-index",0.789426523297491,232.21,NA,33,29,4,11,22,0,0,0,0.333333333333333,0.666666666666667,1,1.66666666666667
86,"survival",3,"Mixed linear and rule-based","BRP-GABLE rule-only",TRUE,"C-index",0.785237455197133,231.48,NA,31,31,0,10,21,0,0,0,0.32258064516129,0.67741935483871,1,1.67741935483871
86,"survival",3,"Mixed linear and rule-based","GABLE",TRUE,"C-index",0.76198476702509,4.60999999999967,NA,5,5,0,4,1,0,0,0,0.8,0.2,1,1.2
86,"survival",3,"Mixed linear and rule-based","GBM",TRUE,"C-index",0.809318996415771,0.0300000000006548,NA,NA,NA,NA,NA,NA,NA,NA,NA,NA,NA,NA,NA
86,"survival",3,"Mixed linear and rule-based","Linear",TRUE,"C-index",0.815725806451613,0.0199999999995271,NA,20,0,20,20,0,0,0,0,1,0,1,1
86,"survival",3,"Mixed linear and rule-based","Random forest",TRUE,"C-index",0.793637992831541,0.729999999999563,NA,NA,NA,NA,NA,NA,NA,NA,NA,NA,NA,NA,NA
86,"survival",3,"Mixed linear and rule-based","RuleFit",TRUE,"C-index",0.773767921146953,22.4200000000001,NA,30,30,0,0,20,10,0,0,0,0.666666666666667,0.666666666666667,2.33333333333333
87,"survival",3,"Mixed linear and rule-based","BRP-GABLE full",TRUE,"C-index",0.807290424161458,235.169999999999,NA,50,47,3,17,33,0,0,0,0.34,0.66,1,1.66
87,"survival",3,"Mixed linear and rule-based","BRP-GABLE rule-only",TRUE,"C-index",0.805811345961162,233.44,NA,46,46,0,15,31,0,0,0,0.326086956521739,0.673913043478261,1,1.67391304347826
87,"survival",3,"Mixed linear and rule-based","GABLE",TRUE,"C-index",0.758003721551601,4.85999999999967,NA,5,5,0,5,0,0,0,0,1,0,1,1
87,"survival",3,"Mixed linear and rule-based","GBM",TRUE,"C-index",0.834009256166802,0.0299999999997453,NA,NA,NA,NA,NA,NA,NA,NA,NA,NA,NA,NA,NA
87,"survival",3,"Mixed linear and rule-based","Linear",TRUE,"C-index",0.806574741161315,0,NA,20,0,20,20,0,0,0,0,1,0,1,1
87,"survival",3,"Mixed linear and rule-based","Random forest",TRUE,"C-index",0.812443341762489,0.690000000000509,NA,NA,NA,NA,NA,NA,NA,NA,NA,NA,NA,NA,NA
87,"survival",3,"Mixed linear and rule-based","RuleFit",TRUE,"C-index",0.807552841261511,26.04,NA,43,43,0,0,30,13,0,0,0,0.697674418604651,0.697674418604651,2.30232558139535
88,"survival",3,"Mixed linear and rule-based","BRP-GABLE full",TRUE,"C-index",0.80983078162772,225.63,NA,36,35,1,11,25,0,0,0,0.305555555555556,0.694444444444444,1,1.69444444444444
88,"survival",3,"Mixed linear and rule-based","BRP-GABLE rule-only",TRUE,"C-index",0.809763631479989,225.919999999999,NA,39,39,0,13,26,0,0,0,0.333333333333333,0.666666666666667,1,1.66666666666667
88,"survival",3,"Mixed linear and rule-based","GABLE",TRUE,"C-index",0.781000984868833,4.48000000000047,NA,5,5,0,4,1,0,0,0,0.8,0.2,1,1.2
88,"survival",3,"Mixed linear and rule-based","GBM",TRUE,"C-index",0.809114513385263,0.0500000000001819,NA,NA,NA,NA,NA,NA,NA,NA,NA,NA,NA,NA,NA
88,"survival",3,"Mixed linear and rule-based","Linear",TRUE,"C-index",0.819187035544812,0,NA,20,0,20,20,0,0,0,0,1,0,1,1
88,"survival",3,"Mixed linear and rule-based","Random forest",TRUE,"C-index",0.801593696839466,0.719999999999345,NA,NA,NA,NA,NA,NA,NA,NA,NA,NA,NA,NA,NA
88,"survival",3,"Mixed linear and rule-based","RuleFit",TRUE,"C-index",0.81954516966604,26.1300000000001,NA,45,45,0,0,37,8,0,0,0,0.822222222222222,0.822222222222222,2.17777777777778
89,"survival",3,"Mixed linear and rule-based","BRP-GABLE full",TRUE,"C-index",0.799463888326927,233.330000000001,NA,26,25,1,4,22,0,0,0,0.153846153846154,0.846153846153846,1,1.84615384615385
89,"survival",3,"Mixed linear and rule-based","BRP-GABLE rule-only",TRUE,"C-index",0.797997167711916,232.08,NA,26,26,0,4,22,0,0,0,0.153846153846154,0.846153846153846,1,1.84615384615385
89,"survival",3,"Mixed linear and rule-based","GABLE",TRUE,"C-index",0.735004046125834,5.03999999999996,NA,5,5,0,5,0,0,0,0,1,0,1,1
89,"survival",3,"Mixed linear and rule-based","GBM",TRUE,"C-index",0.832793849888732,0.0500000000001819,NA,NA,NA,NA,NA,NA,NA,NA,NA,NA,NA,NA,NA
89,"survival",3,"Mixed linear and rule-based","Linear",TRUE,"C-index",0.807202103985434,0,NA,20,0,20,20,0,0,0,0,1,0,1,1
89,"survival",3,"Mixed linear and rule-based","Random forest",TRUE,"C-index",0.810691887517702,0.670000000000073,NA,NA,NA,NA,NA,NA,NA,NA,NA,NA,NA,NA,NA
89,"survival",3,"Mixed linear and rule-based","RuleFit",TRUE,"C-index",0.795038438195428,23.2200000000003,NA,40,40,0,0,32,8,0,0,0,0.8,0.8,2.2
90,"survival",3,"Mixed linear and rule-based","BRP-GABLE full",TRUE,"C-index",0.807631440126604,233.389999999999,NA,40,39,1,11,29,0,0,0,0.275,0.725,1,1.725
90,"survival",3,"Mixed linear and rule-based","BRP-GABLE rule-only",TRUE,"C-index",0.806268682961139,231.809999999999,NA,43,43,0,14,29,0,0,0,0.325581395348837,0.674418604651163,1,1.67441860465116
90,"survival",3,"Mixed linear and rule-based","GABLE",TRUE,"C-index",0.786640583787586,4.77999999999975,NA,5,5,0,5,0,0,0,0,1,0,1,1
90,"survival",3,"Mixed linear and rule-based","GBM",TRUE,"C-index",0.835765781607174,0.0299999999997453,NA,NA,NA,NA,NA,NA,NA,NA,NA,NA,NA,NA,NA
90,"survival",3,"Mixed linear and rule-based","Linear",TRUE,"C-index",0.830182873219624,0,NA,20,0,20,20,0,0,0,0,1,0,1,1
90,"survival",3,"Mixed linear and rule-based","Random forest",TRUE,"C-index",0.822709688763847,0.610000000000582,NA,NA,NA,NA,NA,NA,NA,NA,NA,NA,NA,NA,NA
90,"survival",3,"Mixed linear and rule-based","RuleFit",TRUE,"C-index",0.827633198522947,28.1700000000001,NA,31,31,0,0,20,11,0,0,0,0.645161290322581,0.645161290322581,2.35483870967742
91,"survival",3,"Mixed linear and rule-based","BRP-GABLE full",TRUE,"C-index",0.812560879447099,227.48,NA,36,36,0,8,28,0,0,0,0.222222222222222,0.777777777777778,1,1.77777777777778
91,"survival",3,"Mixed linear and rule-based","BRP-GABLE rule-only",TRUE,"C-index",0.81622524235818,249.089999999999,NA,38,38,0,9,29,0,0,0,0.236842105263158,0.763157894736842,1,1.76315789473684
91,"survival",3,"Mixed linear and rule-based","GABLE",TRUE,"C-index",0.784104086460411,4.39999999999964,NA,5,5,0,3,2,0,0,0,0.6,0.4,1,1.4
91,"survival",3,"Mixed linear and rule-based","GBM",TRUE,"C-index",0.831300153068324,0.0299999999997453,NA,NA,NA,NA,NA,NA,NA,NA,NA,NA,NA,NA,NA
91,"survival",3,"Mixed linear and rule-based","Linear",TRUE,"C-index",0.831856765156083,0,NA,20,0,20,20,0,0,0,0,1,0,1,1
91,"survival",3,"Mixed linear and rule-based","Random forest",TRUE,"C-index",0.799805185769284,0.740000000000691,NA,NA,NA,NA,NA,NA,NA,NA,NA,NA,NA,NA,NA
91,"survival",3,"Mixed linear and rule-based","RuleFit",TRUE,"C-index",0.811424463101257,23.7700000000004,NA,33,33,0,0,23,10,0,0,0,0.696969696969697,0.696969696969697,2.3030303030303
92,"survival",3,"Mixed linear and rule-based","BRP-GABLE full",TRUE,"C-index",0.824838667193468,233.66,NA,38,37,1,10,28,0,0,0,0.263157894736842,0.736842105263158,1,1.73684210526316
92,"survival",3,"Mixed linear and rule-based","BRP-GABLE rule-only",TRUE,"C-index",0.827384872031257,224.25,NA,41,41,0,11,30,0,0,0,0.268292682926829,0.731707317073171,1,1.73170731707317
92,"survival",3,"Mixed linear and rule-based","GABLE",TRUE,"C-index",0.768953861012336,4.84999999999945,NA,5,5,0,5,0,0,0,0,1,0,1,1
92,"survival",3,"Mixed linear and rule-based","GBM",TRUE,"C-index",0.845559506563062,0.0399999999999636,NA,NA,NA,NA,NA,NA,NA,NA,NA,NA,NA,NA,NA
92,"survival",3,"Mixed linear and rule-based","Linear",TRUE,"C-index",0.815048948593002,0,NA,20,0,20,20,0,0,0,0,1,0,1,1
92,"survival",3,"Mixed linear and rule-based","Random forest",TRUE,"C-index",0.815575749593924,0.650000000000546,NA,NA,NA,NA,NA,NA,NA,NA,NA,NA,NA,NA,NA
92,"survival",3,"Mixed linear and rule-based","RuleFit",TRUE,"C-index",0.829053075200843,22.46,NA,44,44,0,1,31,12,0,0,0.0227272727272727,0.704545454545455,0.727272727272727,2.25
93,"survival",3,"Mixed linear and rule-based","BRP-GABLE full",TRUE,"C-index",0.788837507440135,228.7,NA,35,34,1,10,25,0,0,0,0.285714285714286,0.714285714285714,1,1.71428571428571
93,"survival",3,"Mixed linear and rule-based","BRP-GABLE rule-only",TRUE,"C-index",0.788906185614212,227.949999999999,NA,34,34,0,9,25,0,0,0,0.264705882352941,0.735294117647059,1,1.73529411764706
93,"survival",3,"Mixed linear and rule-based","GABLE",TRUE,"C-index",0.762968728538071,4.71000000000004,NA,5,5,0,5,0,0,0,0,1,0,1,1
93,"survival",3,"Mixed linear and rule-based","GBM",TRUE,"C-index",0.800879080628176,0.00999999999930878,NA,NA,NA,NA,NA,NA,NA,NA,NA,NA,NA,NA,NA
93,"survival",3,"Mixed linear and rule-based","Linear",TRUE,"C-index",0.8057323382629,0.0200000000004366,NA,20,0,20,20,0,0,0,0,1,0,1,1
93,"survival",3,"Mixed linear and rule-based","Random forest",TRUE,"C-index",0.785037315141248,0.75,NA,NA,NA,NA,NA,NA,NA,NA,NA,NA,NA,NA,NA
93,"survival",3,"Mixed linear and rule-based","RuleFit",TRUE,"C-index",0.7958884666453,21.2800000000007,NA,33,33,0,1,23,9,0,0,0.0303030303030303,0.696969696969697,0.727272727272727,2.24242424242424
94,"survival",3,"Mixed linear and rule-based","BRP-GABLE full",TRUE,"C-index",0.814656197953842,236.990000000001,NA,36,35,1,5,31,0,0,0,0.138888888888889,0.861111111111111,1,1.86111111111111
94,"survival",3,"Mixed linear and rule-based","BRP-GABLE rule-only",TRUE,"C-index",0.813276231263383,236.07,NA,37,37,0,4,33,0,0,0,0.108108108108108,0.891891891891892,1,1.89189189189189
94,"survival",3,"Mixed linear and rule-based","GABLE",TRUE,"C-index",0.777563645015465,4.77999999999975,NA,5,5,0,5,0,0,0,0,1,0,1,1
94,"survival",3,"Mixed linear and rule-based","GBM",TRUE,"C-index",0.822983583154889,0.0299999999997453,NA,NA,NA,NA,NA,NA,NA,NA,NA,NA,NA,NA,NA
94,"survival",3,"Mixed linear and rule-based","Linear",TRUE,"C-index",0.823459433737806,0,NA,20,0,20,20,0,0,0,0,1,0,1,1
94,"survival",3,"Mixed linear and rule-based","Random forest",TRUE,"C-index",0.796669045919581,0.75,NA,NA,NA,NA,NA,NA,NA,NA,NA,NA,NA,NA,NA
94,"survival",3,"Mixed linear and rule-based","RuleFit",TRUE,"C-index",0.828717582679039,21.6700000000001,NA,38,38,0,0,34,4,0,0,0,0.894736842105263,0.894736842105263,2.10526315789474
95,"survival",3,"Mixed linear and rule-based","BRP-GABLE full",TRUE,"C-index",0.795545819642205,232.120000000001,NA,37,36,1,10,27,0,0,0,0.27027027027027,0.72972972972973,1,1.72972972972973
95,"survival",3,"Mixed linear and rule-based","BRP-GABLE rule-only",TRUE,"C-index",0.796709565534867,230.700000000001,NA,38,38,0,9,29,0,0,0,0.236842105263158,0.763157894736842,1,1.76315789473684
95,"survival",3,"Mixed linear and rule-based","GABLE",TRUE,"C-index",0.777450711938664,4.69999999999982,NA,5,5,0,4,1,0,0,0,0.8,0.2,1,1.2
95,"survival",3,"Mixed linear and rule-based","GBM",TRUE,"C-index",0.802984665936473,0.0299999999997453,NA,NA,NA,NA,NA,NA,NA,NA,NA,NA,NA,NA,NA
95,"survival",3,"Mixed linear and rule-based","Linear",TRUE,"C-index",0.804810149689668,0,NA,20,0,20,20,0,0,0,0,1,0,1,1
95,"survival",3,"Mixed linear and rule-based","Random forest",TRUE,"C-index",0.803532311062432,0.660000000000764,NA,NA,NA,NA,NA,NA,NA,NA,NA,NA,NA,NA,NA
95,"survival",3,"Mixed linear and rule-based","RuleFit",TRUE,"C-index",0.804673238408178,23.1599999999999,NA,37,37,0,1,29,7,0,0,0.027027027027027,0.783783783783784,0.810810810810811,2.16216216216216
96,"survival",3,"Mixed linear and rule-based","BRP-GABLE full",TRUE,"C-index",0.80869154463864,241.58,NA,37,35,2,8,29,0,0,0,0.216216216216216,0.783783783783784,1,1.78378378378378
96,"survival",3,"Mixed linear and rule-based","BRP-GABLE rule-only",TRUE,"C-index",0.802786962683042,248.11,NA,35,35,0,8,27,0,0,0,0.228571428571429,0.771428571428571,1,1.77142857142857
96,"survival",3,"Mixed linear and rule-based","GABLE",TRUE,"C-index",0.750013121293235,4.96000000000004,NA,5,5,0,5,0,0,0,0,1,0,1,1
96,"survival",3,"Mixed linear and rule-based","GBM",TRUE,"C-index",0.822652600640319,0.0199999999995271,NA,NA,NA,NA,NA,NA,NA,NA,NA,NA,NA,NA,NA
96,"survival",3,"Mixed linear and rule-based","Linear",TRUE,"C-index",0.824856977903742,0.0100000000002183,NA,20,0,20,20,0,0,0,0,1,0,1,1
96,"survival",3,"Mixed linear and rule-based","Random forest",TRUE,"C-index",0.780821917808219,0.760000000000218,NA,NA,NA,NA,NA,NA,NA,NA,NA,NA,NA,NA,NA
96,"survival",3,"Mixed linear and rule-based","RuleFit",TRUE,"C-index",0.829134519498242,22.0799999999999,NA,41,41,0,0,35,6,0,0,0,0.853658536585366,0.853658536585366,2.14634146341463
97,"survival",3,"Mixed linear and rule-based","BRP-GABLE full",TRUE,"C-index",0.80626517727052,232.3,NA,46,43,3,14,32,0,0,0,0.304347826086957,0.695652173913043,1,1.69565217391304
97,"survival",3,"Mixed linear and rule-based","BRP-GABLE rule-only",TRUE,"C-index",0.803035454103934,230.91,NA,43,43,0,11,32,0,0,0,0.255813953488372,0.744186046511628,1,1.74418604651163
97,"survival",3,"Mixed linear and rule-based","GABLE",TRUE,"C-index",0.739072365225838,4.09000000000015,NA,5,5,0,3,2,0,0,0,0.6,0.4,1,1.4
97,"survival",3,"Mixed linear and rule-based","GBM",TRUE,"C-index",0.822632345798932,0.0299999999997453,NA,NA,NA,NA,NA,NA,NA,NA,NA,NA,NA,NA,NA
97,"survival",3,"Mixed linear and rule-based","Linear",TRUE,"C-index",0.798154443904808,0.0200000000004366,NA,20,0,20,20,0,0,0,0,1,0,1,1
97,"survival",3,"Mixed linear and rule-based","Random forest",TRUE,"C-index",0.813161728994658,0.609999999999673,NA,NA,NA,NA,NA,NA,NA,NA,NA,NA,NA,NA,NA
97,"survival",3,"Mixed linear and rule-based","RuleFit",TRUE,"C-index",0.806168042739194,24.5500000000002,NA,42,42,0,0,31,11,0,0,0,0.738095238095238,0.738095238095238,2.26190476190476
98,"survival",3,"Mixed linear and rule-based","BRP-GABLE full",TRUE,"C-index",0.803642264695276,217.26,NA,38,37,1,6,32,0,0,0,0.157894736842105,0.842105263157895,1,1.84210526315789
98,"survival",3,"Mixed linear and rule-based","BRP-GABLE rule-only",TRUE,"C-index",0.804656509195817,216.330000000001,NA,39,39,0,7,32,0,0,0,0.179487179487179,0.82051282051282,1,1.82051282051282
98,"survival",3,"Mixed linear and rule-based","GABLE",TRUE,"C-index",0.748715290299315,4.38000000000011,NA,5,5,0,4,1,0,0,0,0.8,0.2,1,1.2
98,"survival",3,"Mixed linear and rule-based","GBM",TRUE,"C-index",0.810088351965381,0.0200000000004366,NA,NA,NA,NA,NA,NA,NA,NA,NA,NA,NA,NA,NA
98,"survival",3,"Mixed linear and rule-based","Linear",TRUE,"C-index",0.797601875225388,0.0100000000002183,NA,20,0,20,20,0,0,0,0,1,0,1,1
98,"survival",3,"Mixed linear and rule-based","Random forest",TRUE,"C-index",0.783222142084385,0.699999999999818,NA,NA,NA,NA,NA,NA,NA,NA,NA,NA,NA,NA,NA
98,"survival",3,"Mixed linear and rule-based","RuleFit",TRUE,"C-index",0.805152362062748,17.4299999999994,NA,40,40,0,2,33,5,0,0,0.05,0.825,0.875,2.075
99,"survival",3,"Mixed linear and rule-based","BRP-GABLE full",TRUE,"C-index",0.777585416772748,216.780000000001,NA,43,43,0,7,36,0,0,0,0.162790697674419,0.837209302325581,1,1.83720930232558
99,"survival",3,"Mixed linear and rule-based","BRP-GABLE rule-only",TRUE,"C-index",0.777585416772748,222.51,NA,43,43,0,7,36,0,0,0,0.162790697674419,0.837209302325581,1,1.83720930232558
99,"survival",3,"Mixed linear and rule-based","GABLE",TRUE,"C-index",0.733209430215388,3.36999999999989,NA,5,5,0,4,1,0,0,0,0.8,0.2,1,1.2
99,"survival",3,"Mixed linear and rule-based","GBM",TRUE,"C-index",0.792199195478385,0.0299999999997453,NA,NA,NA,NA,NA,NA,NA,NA,NA,NA,NA,NA,NA
99,"survival",3,"Mixed linear and rule-based","Linear",TRUE,"C-index",0.802790366108254,0,NA,20,0,20,20,0,0,0,0,1,0,1,1
99,"survival",3,"Mixed linear and rule-based","Random forest",TRUE,"C-index",0.768827333367279,0.609999999999673,NA,NA,NA,NA,NA,NA,NA,NA,NA,NA,NA,NA,NA
99,"survival",3,"Mixed linear and rule-based","RuleFit",TRUE,"C-index",0.777050766332298,15.21,NA,27,27,0,1,19,7,0,0,0.037037037037037,0.703703703703704,0.740740740740741,2.22222222222222
100,"survival",3,"Mixed linear and rule-based","BRP-GABLE full",TRUE,"C-index",0.827269993986771,178.9,NA,39,38,1,6,33,0,0,0,0.153846153846154,0.846153846153846,1,1.84615384615385
100,"survival",3,"Mixed linear and rule-based","BRP-GABLE rule-only",TRUE,"C-index",0.822158749248346,178.139999999999,NA,38,38,0,7,31,0,0,0,0.184210526315789,0.815789473684211,1,1.81578947368421
100,"survival",3,"Mixed linear and rule-based","GABLE",TRUE,"C-index",0.782521547404289,2.96999999999935,NA,5,5,0,4,1,0,0,0,0.8,0.2,1,1.2
100,"survival",3,"Mixed linear and rule-based","GBM",TRUE,"C-index",0.820605331729806,0.0199999999995271,NA,NA,NA,NA,NA,NA,NA,NA,NA,NA,NA,NA,NA
100,"survival",3,"Mixed linear and rule-based","Linear",TRUE,"C-index",0.808628983764281,0.0100000000002183,NA,20,0,20,20,0,0,0,0,1,0,1,1
100,"survival",3,"Mixed linear and rule-based","Random forest",TRUE,"C-index",0.809530968129886,0.450000000000728,NA,NA,NA,NA,NA,NA,NA,NA,NA,NA,NA,NA,NA
100,"survival",3,"Mixed linear and rule-based","RuleFit",TRUE,"C-index",0.821006213670074,14.7400000000007,NA,38,38,0,0,33,5,0,0,0,0.868421052631579,0.868421052631579,2.13157894736842
1,"survival",4,"Smooth nonlinear misspecified","BRP-GABLE full",TRUE,"C-index",0.775280251842752,248.36,NA,47,47,0,17,30,0,0,0,0.361702127659574,0.638297872340426,1,1.63829787234043
1,"survival",4,"Smooth nonlinear misspecified","BRP-GABLE rule-only",TRUE,"C-index",0.775280251842752,247.19,NA,47,47,0,17,30,0,0,0,0.361702127659574,0.638297872340426,1,1.63829787234043
1,"survival",4,"Smooth nonlinear misspecified","GABLE",TRUE,"C-index",0.707098433660934,5.38999999999999,NA,5,5,0,5,0,0,0,0,1,0,1,1
1,"survival",4,"Smooth nonlinear misspecified","GBM",TRUE,"C-index",0.788294686732187,0.0300000000000011,NA,NA,NA,NA,NA,NA,NA,NA,NA,NA,NA,NA,NA
1,"survival",4,"Smooth nonlinear misspecified","Linear",TRUE,"C-index",0.603386056511056,0,NA,20,0,20,20,0,0,0,0,1,0,1,1
1,"survival",4,"Smooth nonlinear misspecified","Random forest",TRUE,"C-index",0.744471744471744,1.03,NA,NA,NA,NA,NA,NA,NA,NA,NA,NA,NA,NA,NA
1,"survival",4,"Smooth nonlinear misspecified","RuleFit",TRUE,"C-index",0.682240479115479,11.13,NA,8,8,0,1,7,0,0,0,0.125,0.875,1,1.875
2,"survival",4,"Smooth nonlinear misspecified","BRP-GABLE full",TRUE,"C-index",0.800454047283545,236.88,NA,47,46,1,19,28,0,0,0,0.404255319148936,0.595744680851064,1,1.59574468085106
2,"survival",4,"Smooth nonlinear misspecified","BRP-GABLE rule-only",TRUE,"C-index",0.802078440582433,235.46,NA,45,45,0,18,27,0,0,0,0.4,0.6,1,1.6
2,"survival",4,"Smooth nonlinear misspecified","GABLE",TRUE,"C-index",0.746085799279787,5.14999999999998,NA,5,5,0,4,1,0,0,0,0.8,0.2,1,1.2
2,"survival",4,"Smooth nonlinear misspecified","GBM",TRUE,"C-index",0.807440895569125,0.0300000000000011,NA,NA,NA,NA,NA,NA,NA,NA,NA,NA,NA,NA,NA
2,"survival",4,"Smooth nonlinear misspecified","Linear",TRUE,"C-index",0.648113355252857,0.00999999999999091,NA,20,0,20,20,0,0,0,0,1,0,1,1
2,"survival",4,"Smooth nonlinear misspecified","Random forest",TRUE,"C-index",0.775403162674182,1.04000000000002,NA,NA,NA,NA,NA,NA,NA,NA,NA,NA,NA,NA,NA
2,"survival",4,"Smooth nonlinear misspecified","RuleFit",TRUE,"C-index",0.666373101612651,9.27000000000001,NA,6,6,0,3,3,0,0,0,0.5,0.5,1,1.5
3,"survival",4,"Smooth nonlinear misspecified","BRP-GABLE full",TRUE,"C-index",0.798477503408574,251.89,NA,47,47,0,18,29,0,0,0,0.382978723404255,0.617021276595745,1,1.61702127659574
3,"survival",4,"Smooth nonlinear misspecified","BRP-GABLE rule-only",TRUE,"C-index",0.798477503408574,250.07,NA,47,47,0,18,29,0,0,0,0.382978723404255,0.617021276595745,1,1.61702127659574
3,"survival",4,"Smooth nonlinear misspecified","GABLE",TRUE,"C-index",0.717807907892744,5.22,NA,5,5,0,5,0,0,0,0,1,0,1,1
3,"survival",4,"Smooth nonlinear misspecified","GBM",TRUE,"C-index",0.792796545977882,0.0300000000000011,NA,NA,NA,NA,NA,NA,NA,NA,NA,NA,NA,NA,NA
3,"survival",4,"Smooth nonlinear misspecified","Linear",TRUE,"C-index",0.583396455082563,0.0100000000000193,NA,20,0,20,20,0,0,0,0,1,0,1,1
3,"survival",4,"Smooth nonlinear misspecified","Random forest",TRUE,"C-index",0.746742917739736,1,NA,NA,NA,NA,NA,NA,NA,NA,NA,NA,NA,NA,NA
3,"survival",4,"Smooth nonlinear misspecified","RuleFit",TRUE,"C-index",0.633540372670807,12.11,NA,7,7,0,1,6,0,0,0,0.142857142857143,0.857142857142857,1,1.85714285714286
4,"survival",4,"Smooth nonlinear misspecified","BRP-GABLE full",TRUE,"C-index",0.802659189580318,240.58,NA,47,46,1,12,35,0,0,0,0.25531914893617,0.74468085106383,1,1.74468085106383
4,"survival",4,"Smooth nonlinear misspecified","BRP-GABLE rule-only",TRUE,"C-index",0.802623010130246,239.59,NA,46,46,0,11,35,0,0,0,0.239130434782609,0.760869565217391,1,1.76086956521739
4,"survival",4,"Smooth nonlinear misspecified","GABLE",TRUE,"C-index",0.743053545586107,5.20000000000002,NA,5,5,0,4,1,0,0,0,0.8,0.2,1,1.2
4,"survival",4,"Smooth nonlinear misspecified","GBM",TRUE,"C-index",0.804160636758321,0.0300000000000011,NA,NA,NA,NA,NA,NA,NA,NA,NA,NA,NA,NA,NA
4,"survival",4,"Smooth nonlinear misspecified","Linear",TRUE,"C-index",0.637843704775687,0.0100000000000193,NA,20,0,20,20,0,0,0,0,1,0,1,1
4,"survival",4,"Smooth nonlinear misspecified","Random forest",TRUE,"C-index",0.754052098408104,1.04999999999998,NA,NA,NA,NA,NA,NA,NA,NA,NA,NA,NA,NA,NA
4,"survival",4,"Smooth nonlinear misspecified","RuleFit",TRUE,"C-index",0.679630969609262,10.18,NA,17,17,0,10,7,0,0,0,0.588235294117647,0.411764705882353,1,1.41176470588235
5,"survival",4,"Smooth nonlinear misspecified","BRP-GABLE full",TRUE,"C-index",0.777141019821456,252.66,NA,31,31,0,7,24,0,0,0,0.225806451612903,0.774193548387097,1,1.7741935483871
5,"survival",4,"Smooth nonlinear misspecified","BRP-GABLE rule-only",TRUE,"C-index",0.777141019821456,238.63,NA,31,31,0,7,24,0,0,0,0.225806451612903,0.774193548387097,1,1.7741935483871
5,"survival",4,"Smooth nonlinear misspecified","GABLE",TRUE,"C-index",0.738292479951581,5.13,NA,5,5,0,5,0,0,0,0,1,0,1,1
5,"survival",4,"Smooth nonlinear misspecified","GBM",TRUE,"C-index",0.802806778635194,0.0300000000000011,NA,NA,NA,NA,NA,NA,NA,NA,NA,NA,NA,NA,NA
5,"survival",4,"Smooth nonlinear misspecified","Linear",TRUE,"C-index",0.637237100922984,0.0100000000000193,NA,20,0,20,20,0,0,0,0,1,0,1,1
5,"survival",4,"Smooth nonlinear misspecified","Random forest",TRUE,"C-index",0.75404751096989,1.13999999999999,NA,NA,NA,NA,NA,NA,NA,NA,NA,NA,NA,NA,NA
5,"survival",4,"Smooth nonlinear misspecified","RuleFit",TRUE,"C-index",0.699046754425783,11.05,NA,8,8,0,1,7,0,0,0,0.125,0.875,1,1.875
6,"survival",4,"Smooth nonlinear misspecified","BRP-GABLE full",TRUE,"C-index",0.777637883398034,249.5,NA,42,42,0,22,20,0,0,0,0.523809523809524,0.476190476190476,1,1.47619047619048
6,"survival",4,"Smooth nonlinear misspecified","BRP-GABLE rule-only",TRUE,"C-index",0.777637883398034,258.42,NA,42,42,0,22,20,0,0,0,0.523809523809524,0.476190476190476,1,1.47619047619048
6,"survival",4,"Smooth nonlinear misspecified","GABLE",TRUE,"C-index",0.698247822893715,5.33000000000004,NA,5,5,0,4,1,0,0,0,0.8,0.2,1,1.2
6,"survival",4,"Smooth nonlinear misspecified","GBM",TRUE,"C-index",0.778896932815724,0.0400000000000773,NA,NA,NA,NA,NA,NA,NA,NA,NA,NA,NA,NA,NA
6,"survival",4,"Smooth nonlinear misspecified","Linear",TRUE,"C-index",0.647780925401322,0.0299999999999727,NA,20,0,20,20,0,0,0,0,1,0,1,1
6,"survival",4,"Smooth nonlinear misspecified","Random forest",TRUE,"C-index",0.751162872031616,0.959999999999923,NA,NA,NA,NA,NA,NA,NA,NA,NA,NA,NA,NA,NA
6,"survival",4,"Smooth nonlinear misspecified","RuleFit",TRUE,"C-index",0.717255971741335,12.9299999999999,NA,10,10,0,0,9,1,0,0,0,0.9,0.9,2.1
7,"survival",4,"Smooth nonlinear misspecified","BRP-GABLE full",TRUE,"C-index",0.742508445025608,234.48,NA,20,20,0,0,20,0,0,0,0,1,1,2
7,"survival",4,"Smooth nonlinear misspecified","BRP-GABLE rule-only",TRUE,"C-index",0.742508445025608,233,NA,20,20,0,0,20,0,0,0,0,1,1,2
7,"survival",4,"Smooth nonlinear misspecified","GABLE",TRUE,"C-index",0.677944862155389,4.86999999999995,NA,5,5,0,4,1,0,0,0,0.8,0.2,1,1.2
7,"survival",4,"Smooth nonlinear misspecified","GBM",TRUE,"C-index",0.79310595328902,0.0299999999999727,NA,NA,NA,NA,NA,NA,NA,NA,NA,NA,NA,NA,NA
7,"survival",4,"Smooth nonlinear misspecified","Linear",TRUE,"C-index",0.653699466056445,0.0300000000000296,NA,20,0,20,20,0,0,0,0,1,0,1,1
7,"survival",4,"Smooth nonlinear misspecified","Random forest",TRUE,"C-index",0.76027024081944,0.970000000000027,NA,NA,NA,NA,NA,NA,NA,NA,NA,NA,NA,NA,NA
7,"survival",4,"Smooth nonlinear misspecified","RuleFit",TRUE,"C-index",0.668664414659838,10.8100000000001,NA,9,9,0,4,4,1,0,0,0.444444444444444,0.444444444444444,0.888888888888889,1.66666666666667
8,"survival",4,"Smooth nonlinear misspecified","BRP-GABLE full",TRUE,"C-index",0.758539779548183,241.17,NA,28,28,0,4,24,0,0,0,0.142857142857143,0.857142857142857,1,1.85714285714286
8,"survival",4,"Smooth nonlinear misspecified","BRP-GABLE rule-only",TRUE,"C-index",0.757412055731383,231.95,NA,27,27,0,4,23,0,0,0,0.148148148148148,0.851851851851852,1,1.85185185185185
8,"survival",4,"Smooth nonlinear misspecified","GABLE",TRUE,"C-index",0.711684673869548,4.71000000000004,NA,5,5,0,4,1,0,0,0,0.8,0.2,1,1.2
8,"survival",4,"Smooth nonlinear misspecified","GBM",TRUE,"C-index",0.775073665829968,0.0300000000000864,NA,NA,NA,NA,NA,NA,NA,NA,NA,NA,NA,NA,NA
8,"survival",4,"Smooth nonlinear misspecified","Linear",TRUE,"C-index",0.629269889774091,0.0299999999999727,NA,20,0,20,20,0,0,0,0,1,0,1,1
8,"survival",4,"Smooth nonlinear misspecified","Random forest",TRUE,"C-index",0.72803666921314,0.909999999999968,NA,NA,NA,NA,NA,NA,NA,NA,NA,NA,NA,NA,NA
8,"survival",4,"Smooth nonlinear misspecified","RuleFit",TRUE,"C-index",0.61568263669104,10.27,NA,5,5,0,1,4,0,0,0,0.2,0.8,1,1.8
9,"survival",4,"Smooth nonlinear misspecified","BRP-GABLE full",TRUE,"C-index",0.833327179411439,243.3,NA,46,46,0,14,32,0,0,0,0.304347826086957,0.695652173913043,1,1.69565217391304
9,"survival",4,"Smooth nonlinear misspecified","BRP-GABLE rule-only",TRUE,"C-index",0.833327179411439,242.1,NA,46,46,0,14,32,0,0,0,0.304347826086957,0.695652173913043,1,1.69565217391304
9,"survival",4,"Smooth nonlinear misspecified","GABLE",TRUE,"C-index",0.684949968614998,4.99000000000001,NA,5,5,0,3,2,0,0,0,0.6,0.4,1,1.4
9,"survival",4,"Smooth nonlinear misspecified","GBM",TRUE,"C-index",0.841044197467046,0.0399999999999636,NA,NA,NA,NA,NA,NA,NA,NA,NA,NA,NA,NA,NA
9,"survival",4,"Smooth nonlinear misspecified","Linear",TRUE,"C-index",0.639330945611638,0.0299999999999727,NA,20,0,20,20,0,0,0,0,1,0,1,1
9,"survival",4,"Smooth nonlinear misspecified","Random forest",TRUE,"C-index",0.810102278181885,1.00999999999999,NA,NA,NA,NA,NA,NA,NA,NA,NA,NA,NA,NA,NA
9,"survival",4,"Smooth nonlinear misspecified","RuleFit",TRUE,"C-index",0.722002732341321,9.41999999999996,NA,12,12,0,4,8,0,0,0,0.333333333333333,0.666666666666667,1,1.66666666666667
10,"survival",4,"Smooth nonlinear misspecified","BRP-GABLE full",TRUE,"C-index",0.776484068899238,250.7,NA,51,51,0,22,29,0,0,0,0.431372549019608,0.568627450980392,1,1.56862745098039
10,"survival",4,"Smooth nonlinear misspecified","BRP-GABLE rule-only",TRUE,"C-index",0.776484068899238,250.21,NA,51,51,0,22,29,0,0,0,0.431372549019608,0.568627450980392,1,1.56862745098039
10,"survival",4,"Smooth nonlinear misspecified","GABLE",TRUE,"C-index",0.673966881052709,4.29999999999995,NA,5,5,0,3,2,0,0,0,0.6,0.4,1,1.4
10,"survival",4,"Smooth nonlinear misspecified","GBM",TRUE,"C-index",0.783580986175797,0.0299999999999727,NA,NA,NA,NA,NA,NA,NA,NA,NA,NA,NA,NA,NA
10,"survival",4,"Smooth nonlinear misspecified","Linear",TRUE,"C-index",0.625563687439935,0.0399999999999636,NA,20,0,20,20,0,0,0,0,1,0,1,1
10,"survival",4,"Smooth nonlinear misspecified","Random forest",TRUE,"C-index",0.755821689953426,0.930000000000064,NA,NA,NA,NA,NA,NA,NA,NA,NA,NA,NA,NA,NA
10,"survival",4,"Smooth nonlinear misspecified","RuleFit",TRUE,"C-index",0.644692097286908,14.17,NA,6,6,0,0,6,0,0,0,0,1,1,2
11,"survival",4,"Smooth nonlinear misspecified","BRP-GABLE full",TRUE,"C-index",0.802454383369371,233.33,NA,44,44,0,15,29,0,0,0,0.340909090909091,0.659090909090909,1,1.65909090909091
11,"survival",4,"Smooth nonlinear misspecified","BRP-GABLE rule-only",TRUE,"C-index",0.802606122681234,232.06,NA,45,45,0,16,29,0,0,0,0.355555555555556,0.644444444444444,1,1.64444444444444
11,"survival",4,"Smooth nonlinear misspecified","GABLE",TRUE,"C-index",0.705379158605516,4.75999999999999,NA,5,5,0,4,1,0,0,0,0.8,0.2,1,1.2
11,"survival",4,"Smooth nonlinear misspecified","GBM",TRUE,"C-index",0.803914874246045,0.0299999999999727,NA,NA,NA,NA,NA,NA,NA,NA,NA,NA,NA,NA,NA
11,"survival",4,"Smooth nonlinear misspecified","Linear",TRUE,"C-index",0.619627479989378,0,NA,20,0,20,20,0,0,0,0,1,0,1,1
11,"survival",4,"Smooth nonlinear misspecified","Random forest",TRUE,"C-index",0.771973749099048,0.92999999999995,NA,NA,NA,NA,NA,NA,NA,NA,NA,NA,NA,NA,NA
11,"survival",4,"Smooth nonlinear misspecified","RuleFit",TRUE,"C-index",0.671086074124654,8.88,NA,3,3,0,0,3,0,0,0,0,1,1,2
12,"survival",4,"Smooth nonlinear misspecified","BRP-GABLE full",TRUE,"C-index",0.791276122396878,227.29,NA,44,44,0,8,36,0,0,0,0.181818181818182,0.818181818181818,1,1.81818181818182
12,"survival",4,"Smooth nonlinear misspecified","BRP-GABLE rule-only",TRUE,"C-index",0.791276122396878,226.53,NA,44,44,0,8,36,0,0,0,0.181818181818182,0.818181818181818,1,1.81818181818182
12,"survival",4,"Smooth nonlinear misspecified","GABLE",TRUE,"C-index",0.692330136037055,5.13999999999999,NA,5,5,0,4,1,0,0,0,0.8,0.2,1,1.2
12,"survival",4,"Smooth nonlinear misspecified","GBM",TRUE,"C-index",0.789707866807688,0.0299999999999727,NA,NA,NA,NA,NA,NA,NA,NA,NA,NA,NA,NA,NA
12,"survival",4,"Smooth nonlinear misspecified","Linear",TRUE,"C-index",0.631058754878004,0.0199999999999818,NA,20,0,20,20,0,0,0,0,1,0,1,1
12,"survival",4,"Smooth nonlinear misspecified","Random forest",TRUE,"C-index",0.754659177942303,0.950000000000045,NA,NA,NA,NA,NA,NA,NA,NA,NA,NA,NA,NA,NA
12,"survival",4,"Smooth nonlinear misspecified","RuleFit",TRUE,"C-index",0.654874357197564,10.3199999999999,NA,5,5,0,0,5,0,0,0,0,1,1,2
13,"survival",4,"Smooth nonlinear misspecified","BRP-GABLE full",TRUE,"C-index",0.825834597875569,229.53,NA,45,44,1,22,23,0,0,0,0.488888888888889,0.511111111111111,1,1.51111111111111
13,"survival",4,"Smooth nonlinear misspecified","BRP-GABLE rule-only",TRUE,"C-index",0.827693474962064,228.68,NA,46,46,0,21,25,0,0,0,0.456521739130435,0.543478260869565,1,1.54347826086957
13,"survival",4,"Smooth nonlinear misspecified","GABLE",TRUE,"C-index",0.702389984825493,4.11000000000001,NA,5,5,0,3,2,0,0,0,0.6,0.4,1,1.4
13,"survival",4,"Smooth nonlinear misspecified","GBM",TRUE,"C-index",0.833952959028831,0.0299999999999727,NA,NA,NA,NA,NA,NA,NA,NA,NA,NA,NA,NA,NA
13,"survival",4,"Smooth nonlinear misspecified","Linear",TRUE,"C-index",0.648710166919575,0.0199999999999818,NA,20,0,20,20,0,0,0,0,1,0,1,1
13,"survival",4,"Smooth nonlinear misspecified","Random forest",TRUE,"C-index",0.790743550834598,0.930000000000064,NA,NA,NA,NA,NA,NA,NA,NA,NA,NA,NA,NA,NA
13,"survival",4,"Smooth nonlinear misspecified","RuleFit",TRUE,"C-index",0.689605462822458,9.7399999999999,NA,15,15,0,3,12,0,0,0,0.2,0.8,1,1.8
14,"survival",4,"Smooth nonlinear misspecified","BRP-GABLE full",TRUE,"C-index",0.764229963830192,247.73,NA,36,36,0,12,24,0,0,0,0.333333333333333,0.666666666666667,1,1.66666666666667
14,"survival",4,"Smooth nonlinear misspecified","BRP-GABLE rule-only",TRUE,"C-index",0.764229963830192,245.52,NA,36,36,0,12,24,0,0,0,0.333333333333333,0.666666666666667,1,1.66666666666667
14,"survival",4,"Smooth nonlinear misspecified","GABLE",TRUE,"C-index",0.693508471349705,4.03999999999996,NA,5,5,0,4,1,0,0,0,0.8,0.2,1,1.2
14,"survival",4,"Smooth nonlinear misspecified","GBM",TRUE,"C-index",0.802094041500095,0.0499999999999545,NA,NA,NA,NA,NA,NA,NA,NA,NA,NA,NA,NA,NA
14,"survival",4,"Smooth nonlinear misspecified","Linear",TRUE,"C-index",0.593146773272416,0,NA,20,0,20,20,0,0,0,0,1,0,1,1
14,"survival",4,"Smooth nonlinear misspecified","Random forest",TRUE,"C-index",0.741519131924614,0.830000000000041,NA,NA,NA,NA,NA,NA,NA,NA,NA,NA,NA,NA,NA
14,"survival",4,"Smooth nonlinear misspecified","RuleFit",TRUE,"C-index",0.67393870169427,10.89,NA,12,12,0,3,8,1,0,0,0.25,0.666666666666667,0.916666666666667,1.83333333333333
15,"survival",4,"Smooth nonlinear misspecified","BRP-GABLE full",TRUE,"C-index",0.794055587892899,223.88,NA,47,47,0,19,28,0,0,0,0.404255319148936,0.595744680851064,1,1.59574468085106
15,"survival",4,"Smooth nonlinear misspecified","BRP-GABLE rule-only",TRUE,"C-index",0.794055587892899,222.17,NA,47,47,0,19,28,0,0,0,0.404255319148936,0.595744680851064,1,1.59574468085106
15,"survival",4,"Smooth nonlinear misspecified","GABLE",TRUE,"C-index",0.693902793946449,4.73000000000002,NA,5,5,0,4,1,0,0,0,0.8,0.2,1,1.2
15,"survival",4,"Smooth nonlinear misspecified","GBM",TRUE,"C-index",0.801695285215367,0.0500000000000682,NA,NA,NA,NA,NA,NA,NA,NA,NA,NA,NA,NA,NA
15,"survival",4,"Smooth nonlinear misspecified","Linear",TRUE,"C-index",0.616087019790454,0,NA,20,0,20,20,0,0,0,0,1,0,1,1
15,"survival",4,"Smooth nonlinear misspecified","Random forest",TRUE,"C-index",0.784415017462165,0.939999999999941,NA,NA,NA,NA,NA,NA,NA,NA,NA,NA,NA,NA,NA
15,"survival",4,"Smooth nonlinear misspecified","RuleFit",TRUE,"C-index",0.701469732246799,9.73000000000002,NA,5,5,0,0,5,0,0,0,0,1,1,2
16,"survival",4,"Smooth nonlinear misspecified","BRP-GABLE full",TRUE,"C-index",0.826379342374141,255.51,NA,38,38,0,4,34,0,0,0,0.105263157894737,0.894736842105263,1,1.89473684210526
16,"survival",4,"Smooth nonlinear misspecified","BRP-GABLE rule-only",TRUE,"C-index",0.826379342374141,253.59,NA,38,38,0,4,34,0,0,0,0.105263157894737,0.894736842105263,1,1.89473684210526
16,"survival",4,"Smooth nonlinear misspecified","GABLE",TRUE,"C-index",0.759204904328441,5.45000000000005,NA,5,5,0,2,3,0,0,0,0.4,0.6,1,1.6
16,"survival",4,"Smooth nonlinear misspecified","GBM",TRUE,"C-index",0.824298718186885,0.0299999999999727,NA,NA,NA,NA,NA,NA,NA,NA,NA,NA,NA,NA,NA
16,"survival",4,"Smooth nonlinear misspecified","Linear",TRUE,"C-index",0.649823518484117,0.0199999999999818,NA,20,0,20,20,0,0,0,0,1,0,1,1
16,"survival",4,"Smooth nonlinear misspecified","Random forest",TRUE,"C-index",0.796693293702396,0.970000000000027,NA,NA,NA,NA,NA,NA,NA,NA,NA,NA,NA,NA,NA
16,"survival",4,"Smooth nonlinear misspecified","RuleFit",TRUE,"C-index",0.684785435630689,10.8299999999999,NA,3,3,0,2,1,0,0,0,0.666666666666667,0.333333333333333,1,1.33333333333333
17,"survival",4,"Smooth nonlinear misspecified","BRP-GABLE full",TRUE,"C-index",0.780545379008196,286.56,NA,43,43,0,15,28,0,0,0,0.348837209302326,0.651162790697674,1,1.65116279069767
17,"survival",4,"Smooth nonlinear misspecified","BRP-GABLE rule-only",TRUE,"C-index",0.782433810477018,284.88,NA,44,44,0,17,27,0,0,0,0.386363636363636,0.613636363636364,1,1.61363636363636
17,"survival",4,"Smooth nonlinear misspecified","GABLE",TRUE,"C-index",0.720889828908109,5.47000000000003,NA,5,5,0,3,2,0,0,0,0.6,0.4,1,1.4
17,"survival",4,"Smooth nonlinear misspecified","GBM",TRUE,"C-index",0.784813234127734,0.0299999999999727,NA,NA,NA,NA,NA,NA,NA,NA,NA,NA,NA,NA,NA
17,"survival",4,"Smooth nonlinear misspecified","Linear",TRUE,"C-index",0.593458473392001,0,NA,20,0,20,20,0,0,0,0,1,0,1,1
17,"survival",4,"Smooth nonlinear misspecified","Random forest",TRUE,"C-index",0.733844468784228,0.970000000000027,NA,NA,NA,NA,NA,NA,NA,NA,NA,NA,NA,NA,NA
17,"survival",4,"Smooth nonlinear misspecified","RuleFit",TRUE,"C-index",0.726139668391434,11.55,NA,19,19,0,10,8,1,0,0,0.526315789473684,0.421052631578947,0.947368421052632,1.52631578947368
18,"survival",4,"Smooth nonlinear misspecified","BRP-GABLE full",TRUE,"C-index",0.756919069498209,275.72,NA,47,47,0,22,25,0,0,0,0.468085106382979,0.531914893617021,1,1.53191489361702
18,"survival",4,"Smooth nonlinear misspecified","BRP-GABLE rule-only",TRUE,"C-index",0.759740964509243,274.1,NA,51,51,0,25,26,0,0,0,0.490196078431373,0.509803921568627,1,1.50980392156863
18,"survival",4,"Smooth nonlinear misspecified","GABLE",TRUE,"C-index",0.700246011359936,5.91000000000008,NA,5,5,0,3,2,0,0,0,0.6,0.4,1,1.4
18,"survival",4,"Smooth nonlinear misspecified","GBM",TRUE,"C-index",0.767302196013169,0.0299999999999727,NA,NA,NA,NA,NA,NA,NA,NA,NA,NA,NA,NA,NA
18,"survival",4,"Smooth nonlinear misspecified","Linear",TRUE,"C-index",0.638435657175934,0,NA,20,0,20,20,0,0,0,0,1,0,1,1
18,"survival",4,"Smooth nonlinear misspecified","Random forest",TRUE,"C-index",0.734922759668608,1.02999999999997,NA,NA,NA,NA,NA,NA,NA,NA,NA,NA,NA,NA,NA
18,"survival",4,"Smooth nonlinear misspecified","RuleFit",TRUE,"C-index",0.665478817698347,10.0599999999999,NA,8,8,0,2,5,1,0,0,0.25,0.625,0.875,1.875
19,"survival",4,"Smooth nonlinear misspecified","BRP-GABLE full",TRUE,"C-index",0.77098299028548,283.91,NA,33,33,0,11,22,0,0,0,0.333333333333333,0.666666666666667,1,1.66666666666667
19,"survival",4,"Smooth nonlinear misspecified","BRP-GABLE rule-only",TRUE,"C-index",0.775356385156512,281.97,NA,37,37,0,13,24,0,0,0,0.351351351351351,0.648648648648649,1,1.64864864864865
19,"survival",4,"Smooth nonlinear misspecified","GABLE",TRUE,"C-index",0.711560650612275,6.07000000000016,NA,4,4,0,3,1,0,0,0,0.75,0.25,1,1.25
19,"survival",4,"Smooth nonlinear misspecified","GBM",TRUE,"C-index",0.804071909777794,0.0399999999999636,NA,NA,NA,NA,NA,NA,NA,NA,NA,NA,NA,NA,NA
19,"survival",4,"Smooth nonlinear misspecified","Linear",TRUE,"C-index",0.632039304723266,0,NA,20,0,20,20,0,0,0,0,1,0,1,1
19,"survival",4,"Smooth nonlinear misspecified","Random forest",TRUE,"C-index",0.754047716529572,1,NA,NA,NA,NA,NA,NA,NA,NA,NA,NA,NA,NA,NA
19,"survival",4,"Smooth nonlinear misspecified","RuleFit",TRUE,"C-index",0.707280306695947,11.6999999999998,NA,16,16,0,4,12,0,0,0,0.25,0.75,1,1.75
20,"survival",4,"Smooth nonlinear misspecified","BRP-GABLE full",TRUE,"C-index",0.784507703135997,272.43,NA,41,41,0,16,25,0,0,0,0.390243902439024,0.609756097560976,1,1.60975609756098
20,"survival",4,"Smooth nonlinear misspecified","BRP-GABLE rule-only",TRUE,"C-index",0.787890044576523,270.78,NA,49,49,0,21,28,0,0,0,0.428571428571429,0.571428571428571,1,1.57142857142857
20,"survival",4,"Smooth nonlinear misspecified","GABLE",TRUE,"C-index",0.713830452803629,5.29999999999995,NA,5,5,0,3,2,0,0,0,0.6,0.4,1,1.4
20,"survival",4,"Smooth nonlinear misspecified","GBM",TRUE,"C-index",0.817236255572065,0.0299999999999727,NA,NA,NA,NA,NA,NA,NA,NA,NA,NA,NA,NA,NA
20,"survival",4,"Smooth nonlinear misspecified","Linear",TRUE,"C-index",0.639047470086807,0.0199999999999818,NA,20,0,20,20,0,0,0,0,1,0,1,1
20,"survival",4,"Smooth nonlinear misspecified","Random forest",TRUE,"C-index",0.754164385704231,1,NA,NA,NA,NA,NA,NA,NA,NA,NA,NA,NA,NA,NA
20,"survival",4,"Smooth nonlinear misspecified","RuleFit",TRUE,"C-index",0.669156174239462,10.76,NA,8,8,0,4,4,0,0,0,0.5,0.5,1,1.5
21,"survival",4,"Smooth nonlinear misspecified","BRP-GABLE full",TRUE,"C-index",0.740649126752118,278.84,NA,30,29,1,6,24,0,0,0,0.2,0.8,1,1.8
21,"survival",4,"Smooth nonlinear misspecified","BRP-GABLE rule-only",TRUE,"C-index",0.740574169852335,278.13,NA,30,30,0,6,24,0,0,0,0.2,0.8,1,1.8
21,"survival",4,"Smooth nonlinear misspecified","GABLE",TRUE,"C-index",0.676204932164006,5.88999999999987,NA,5,5,0,4,1,0,0,0,0.8,0.2,1,1.2
21,"survival",4,"Smooth nonlinear misspecified","GBM",TRUE,"C-index",0.770032231466907,0.00999999999999091,NA,NA,NA,NA,NA,NA,NA,NA,NA,NA,NA,NA,NA
21,"survival",4,"Smooth nonlinear misspecified","Linear",TRUE,"C-index",0.607675586537741,0.0200000000002092,NA,20,0,20,20,0,0,0,0,1,0,1,1
21,"survival",4,"Smooth nonlinear misspecified","Random forest",TRUE,"C-index",0.718237013717113,1.07999999999993,NA,NA,NA,NA,NA,NA,NA,NA,NA,NA,NA,NA,NA
21,"survival",4,"Smooth nonlinear misspecified","RuleFit",TRUE,"C-index",0.627820253354321,10.4200000000001,NA,4,4,0,3,1,0,0,0,0.75,0.25,1,1.25
22,"survival",4,"Smooth nonlinear misspecified","BRP-GABLE full",TRUE,"C-index",0.800881514130153,280.84,NA,51,50,1,20,31,0,0,0,0.392156862745098,0.607843137254902,1,1.6078431372549
22,"survival",4,"Smooth nonlinear misspecified","BRP-GABLE rule-only",TRUE,"C-index",0.801937108781807,280.24,NA,50,50,0,19,31,0,0,0,0.38,0.62,1,1.62
22,"survival",4,"Smooth nonlinear misspecified","GABLE",TRUE,"C-index",0.694710915219082,6.04999999999995,NA,5,5,0,4,1,0,0,0,0.8,0.2,1,1.2
22,"survival",4,"Smooth nonlinear misspecified","GBM",TRUE,"C-index",0.787695840586688,0.0299999999999727,NA,NA,NA,NA,NA,NA,NA,NA,NA,NA,NA,NA,NA
22,"survival",4,"Smooth nonlinear misspecified","Linear",TRUE,"C-index",0.618726619504426,0,NA,20,0,20,20,0,0,0,0,1,0,1,1
22,"survival",4,"Smooth nonlinear misspecified","Random forest",TRUE,"C-index",0.745583169747028,1.02999999999997,NA,NA,NA,NA,NA,NA,NA,NA,NA,NA,NA,NA,NA
22,"survival",4,"Smooth nonlinear misspecified","RuleFit",TRUE,"C-index",0.650616689507019,14.1300000000001,NA,3,3,0,0,3,0,0,0,0,1,1,2
23,"survival",4,"Smooth nonlinear misspecified","BRP-GABLE full",TRUE,"C-index",0.789050197795445,277.3,NA,43,43,0,14,29,0,0,0,0.325581395348837,0.674418604651163,1,1.67441860465116
23,"survival",4,"Smooth nonlinear misspecified","BRP-GABLE rule-only",TRUE,"C-index",0.789050197795445,276.64,NA,43,43,0,14,29,0,0,0,0.325581395348837,0.674418604651163,1,1.67441860465116
23,"survival",4,"Smooth nonlinear misspecified","GABLE",TRUE,"C-index",0.739025233321811,6.41000000000008,NA,5,5,0,5,0,0,0,0,1,0,1,1
23,"survival",4,"Smooth nonlinear misspecified","GBM",TRUE,"C-index",0.815531743288397,0.0299999999999727,NA,NA,NA,NA,NA,NA,NA,NA,NA,NA,NA,NA,NA
23,"survival",4,"Smooth nonlinear misspecified","Linear",TRUE,"C-index",0.652763375196835,0,NA,20,0,20,20,0,0,0,0,1,0,1,1
23,"survival",4,"Smooth nonlinear misspecified","Random forest",TRUE,"C-index",0.774551599646657,0.919999999999845,NA,NA,NA,NA,NA,NA,NA,NA,NA,NA,NA,NA,NA
23,"survival",4,"Smooth nonlinear misspecified","RuleFit",TRUE,"C-index",0.702212236432769,9.98000000000002,NA,2,2,0,0,2,0,0,0,0,1,1,2
24,"survival",4,"Smooth nonlinear misspecified","BRP-GABLE full",TRUE,"C-index",0.792376952916474,288.97,NA,48,48,0,16,32,0,0,0,0.333333333333333,0.666666666666667,1,1.66666666666667
24,"survival",4,"Smooth nonlinear misspecified","BRP-GABLE rule-only",TRUE,"C-index",0.792376952916474,279.02,NA,48,48,0,16,32,0,0,0,0.333333333333333,0.666666666666667,1,1.66666666666667
24,"survival",4,"Smooth nonlinear misspecified","GABLE",TRUE,"C-index",0.707889960496815,5.36999999999989,NA,5,5,0,3,2,0,0,0,0.6,0.4,1,1.4
24,"survival",4,"Smooth nonlinear misspecified","GBM",TRUE,"C-index",0.801807893519342,0.0499999999999545,NA,NA,NA,NA,NA,NA,NA,NA,NA,NA,NA,NA,NA
24,"survival",4,"Smooth nonlinear misspecified","Linear",TRUE,"C-index",0.640414249617424,0,NA,20,0,20,20,0,0,0,0,1,0,1,1
24,"survival",4,"Smooth nonlinear misspecified","Random forest",TRUE,"C-index",0.768852984091961,1.08000000000015,NA,NA,NA,NA,NA,NA,NA,NA,NA,NA,NA,NA,NA
24,"survival",4,"Smooth nonlinear misspecified","RuleFit",TRUE,"C-index",0.648492828926296,9.79999999999995,NA,3,3,0,0,2,1,0,0,0,0.666666666666667,0.666666666666667,2.33333333333333
25,"survival",4,"Smooth nonlinear misspecified","BRP-GABLE full",TRUE,"C-index",0.783749675216213,280.42,NA,36,36,0,11,25,0,0,0,0.305555555555556,0.694444444444444,1,1.69444444444444
25,"survival",4,"Smooth nonlinear misspecified","BRP-GABLE rule-only",TRUE,"C-index",0.783749675216213,279.24,NA,36,36,0,11,25,0,0,0,0.305555555555556,0.694444444444444,1,1.69444444444444
25,"survival",4,"Smooth nonlinear misspecified","GABLE",TRUE,"C-index",0.700475112282395,6.13999999999987,NA,5,5,0,4,1,0,0,0,0.8,0.2,1,1.2
25,"survival",4,"Smooth nonlinear misspecified","GBM",TRUE,"C-index",0.815856872424929,0.0399999999999636,NA,NA,NA,NA,NA,NA,NA,NA,NA,NA,NA,NA,NA
25,"survival",4,"Smooth nonlinear misspecified","Linear",TRUE,"C-index",0.593519171522958,0.0199999999999818,NA,20,0,20,20,0,0,0,0,1,0,1,1
25,"survival",4,"Smooth nonlinear misspecified","Random forest",TRUE,"C-index",0.743068186036153,0.990000000000009,NA,NA,NA,NA,NA,NA,NA,NA,NA,NA,NA,NA,NA
25,"survival",4,"Smooth nonlinear misspecified","RuleFit",TRUE,"C-index",0.658253219999258,11.3400000000001,NA,4,4,0,0,3,1,0,0,0,0.75,0.75,2.25
26,"survival",4,"Smooth nonlinear misspecified","BRP-GABLE full",TRUE,"C-index",0.811858834713035,276.66,NA,45,45,0,11,34,0,0,0,0.244444444444444,0.755555555555556,1,1.75555555555556
26,"survival",4,"Smooth nonlinear misspecified","BRP-GABLE rule-only",TRUE,"C-index",0.811858834713035,275.63,NA,45,45,0,11,34,0,0,0,0.244444444444444,0.755555555555556,1,1.75555555555556
26,"survival",4,"Smooth nonlinear misspecified","GABLE",TRUE,"C-index",0.731492850635719,5.91000000000008,NA,5,5,0,4,1,0,0,0,0.8,0.2,1,1.2
26,"survival",4,"Smooth nonlinear misspecified","GBM",TRUE,"C-index",0.811541965382026,0.0299999999999727,NA,NA,NA,NA,NA,NA,NA,NA,NA,NA,NA,NA,NA
26,"survival",4,"Smooth nonlinear misspecified","Linear",TRUE,"C-index",0.670535113082742,0.0199999999999818,NA,20,0,20,20,0,0,0,0,1,0,1,1
26,"survival",4,"Smooth nonlinear misspecified","Random forest",TRUE,"C-index",0.793797282845487,0.970000000000027,NA,NA,NA,NA,NA,NA,NA,NA,NA,NA,NA,NA,NA
26,"survival",4,"Smooth nonlinear misspecified","RuleFit",TRUE,"C-index",0.719946924387056,10.0599999999999,NA,10,10,0,7,2,1,0,0,0.7,0.2,0.9,1.4
27,"survival",4,"Smooth nonlinear misspecified","BRP-GABLE full",TRUE,"C-index",0.813250357968939,293.47,NA,64,64,0,34,30,0,0,0,0.53125,0.46875,1,1.46875
27,"survival",4,"Smooth nonlinear misspecified","BRP-GABLE rule-only",TRUE,"C-index",0.81561846018284,292.18,NA,65,65,0,33,32,0,0,0,0.507692307692308,0.492307692307692,1,1.49230769230769
27,"survival",4,"Smooth nonlinear misspecified","GABLE",TRUE,"C-index",0.723170686933216,6.1400000000001,NA,5,5,0,4,1,0,0,0,0.8,0.2,1,1.2
27,"survival",4,"Smooth nonlinear misspecified","GBM",TRUE,"C-index",0.812754708668356,0.0399999999999636,NA,NA,NA,NA,NA,NA,NA,NA,NA,NA,NA,NA,NA
27,"survival",4,"Smooth nonlinear misspecified","Linear",TRUE,"C-index",0.634467819510225,0.0199999999999818,NA,20,0,20,20,0,0,0,0,1,0,1,1
27,"survival",4,"Smooth nonlinear misspecified","Random forest",TRUE,"C-index",0.774571355141903,0.970000000000027,NA,NA,NA,NA,NA,NA,NA,NA,NA,NA,NA,NA,NA
27,"survival",4,"Smooth nonlinear misspecified","RuleFit",TRUE,"C-index",0.64651026177626,10.6599999999999,NA,3,3,0,2,1,0,0,0,0.666666666666667,0.333333333333333,1,1.33333333333333
28,"survival",4,"Smooth nonlinear misspecified","BRP-GABLE full",TRUE,"C-index",0.744060475161987,287.54,NA,33,33,0,5,28,0,0,0,0.151515151515152,0.848484848484849,1,1.84848484848485
28,"survival",4,"Smooth nonlinear misspecified","BRP-GABLE rule-only",TRUE,"C-index",0.744153571162583,286.75,NA,33,33,0,4,29,0,0,0,0.121212121212121,0.878787878787879,1,1.87878787878788
28,"survival",4,"Smooth nonlinear misspecified","GABLE",TRUE,"C-index",0.694887167647278,5.81999999999994,NA,5,5,0,3,2,0,0,0,0.6,0.4,1,1.4
28,"survival",4,"Smooth nonlinear misspecified","GBM",TRUE,"C-index",0.750130334400834,0.0299999999999727,NA,NA,NA,NA,NA,NA,NA,NA,NA,NA,NA,NA,NA
28,"survival",4,"Smooth nonlinear misspecified","Linear",TRUE,"C-index",0.614843226334997,0.0199999999999818,NA,20,0,20,20,0,0,0,0,1,0,1,1
28,"survival",4,"Smooth nonlinear misspecified","Random forest",TRUE,"C-index",0.73154837268191,0.980000000000018,NA,NA,NA,NA,NA,NA,NA,NA,NA,NA,NA,NA,NA
28,"survival",4,"Smooth nonlinear misspecified","RuleFit",TRUE,"C-index",0.649325984955686,10.2800000000002,NA,1,1,0,0,1,0,0,0,0,1,1,2
29,"survival",4,"Smooth nonlinear misspecified","BRP-GABLE full",TRUE,"C-index",0.761015669246743,302.49,NA,47,47,0,23,24,0,0,0,0.48936170212766,0.51063829787234,1,1.51063829787234
29,"survival",4,"Smooth nonlinear misspecified","BRP-GABLE rule-only",TRUE,"C-index",0.765414385501227,301.69,NA,53,53,0,29,24,0,0,0,0.547169811320755,0.452830188679245,1,1.45283018867925
29,"survival",4,"Smooth nonlinear misspecified","GABLE",TRUE,"C-index",0.688295261468756,6.31999999999994,NA,5,5,0,5,0,0,0,0,1,0,1,1
29,"survival",4,"Smooth nonlinear misspecified","GBM",TRUE,"C-index",0.772210685293562,0.0399999999999636,NA,NA,NA,NA,NA,NA,NA,NA,NA,NA,NA,NA,NA
29,"survival",4,"Smooth nonlinear misspecified","Linear",TRUE,"C-index",0.638210307721352,0,NA,20,0,20,20,0,0,0,0,1,0,1,1
29,"survival",4,"Smooth nonlinear misspecified","Random forest",TRUE,"C-index",0.713800264300547,0.990000000000009,NA,NA,NA,NA,NA,NA,NA,NA,NA,NA,NA,NA,NA
29,"survival",4,"Smooth nonlinear misspecified","RuleFit",TRUE,"C-index",0.598300925051916,11.1300000000001,NA,6,6,0,4,2,0,0,0,0.666666666666667,0.333333333333333,1,1.33333333333333
30,"survival",4,"Smooth nonlinear misspecified","BRP-GABLE full",TRUE,"C-index",0.786673129987322,281.93,NA,41,41,0,7,34,0,0,0,0.170731707317073,0.829268292682927,1,1.82926829268293
30,"survival",4,"Smooth nonlinear misspecified","BRP-GABLE rule-only",TRUE,"C-index",0.786673129987322,280.77,NA,41,41,0,7,34,0,0,0,0.170731707317073,0.829268292682927,1,1.82926829268293
30,"survival",4,"Smooth nonlinear misspecified","GABLE",TRUE,"C-index",0.711592959952271,5.72000000000003,NA,5,5,0,3,2,0,0,0,0.6,0.4,1,1.4
30,"survival",4,"Smooth nonlinear misspecified","GBM",TRUE,"C-index",0.792974867626221,0.0299999999999727,NA,NA,NA,NA,NA,NA,NA,NA,NA,NA,NA,NA,NA
30,"survival",4,"Smooth nonlinear misspecified","Linear",TRUE,"C-index",0.601014244164367,0.0199999999999818,NA,20,0,20,20,0,0,0,0,1,0,1,1
30,"survival",4,"Smooth nonlinear misspecified","Random forest",TRUE,"C-index",0.75251696621672,1,NA,NA,NA,NA,NA,NA,NA,NA,NA,NA,NA,NA,NA
30,"survival",4,"Smooth nonlinear misspecified","RuleFit",TRUE,"C-index",0.662073980162577,10.5,NA,9,9,0,3,6,0,0,0,0.333333333333333,0.666666666666667,1,1.66666666666667
31,"survival",4,"Smooth nonlinear misspecified","BRP-GABLE full",TRUE,"C-index",0.755455123225761,268.83,NA,41,41,0,7,34,0,0,0,0.170731707317073,0.829268292682927,1,1.82926829268293
31,"survival",4,"Smooth nonlinear misspecified","BRP-GABLE rule-only",TRUE,"C-index",0.755455123225761,268.07,NA,42,42,0,8,34,0,0,0,0.19047619047619,0.80952380952381,1,1.80952380952381
31,"survival",4,"Smooth nonlinear misspecified","GABLE",TRUE,"C-index",0.660793729256408,4.70000000000005,NA,5,5,0,3,2,0,0,0,0.6,0.4,1,1.4
31,"survival",4,"Smooth nonlinear misspecified","GBM",TRUE,"C-index",0.770602358590495,0.0399999999999636,NA,NA,NA,NA,NA,NA,NA,NA,NA,NA,NA,NA,NA
31,"survival",4,"Smooth nonlinear misspecified","Linear",TRUE,"C-index",0.575665560341784,0,NA,20,0,20,20,0,0,0,0,1,0,1,1
31,"survival",4,"Smooth nonlinear misspecified","Random forest",TRUE,"C-index",0.698467622343055,0.960000000000036,NA,NA,NA,NA,NA,NA,NA,NA,NA,NA,NA,NA,NA
31,"survival",4,"Smooth nonlinear misspecified","RuleFit",TRUE,"C-index",0.596373843655109,9.47000000000003,NA,6,6,0,5,1,0,0,0,0.833333333333333,0.166666666666667,1,1.16666666666667
32,"survival",4,"Smooth nonlinear misspecified","BRP-GABLE full",TRUE,"C-index",0.820274277242402,247.79,NA,43,43,0,17,26,0,0,0,0.395348837209302,0.604651162790698,1,1.6046511627907
32,"survival",4,"Smooth nonlinear misspecified","BRP-GABLE rule-only",TRUE,"C-index",0.82175685693106,246.96,NA,44,44,0,18,26,0,0,0,0.409090909090909,0.590909090909091,1,1.59090909090909
32,"survival",4,"Smooth nonlinear misspecified","GABLE",TRUE,"C-index",0.725555967383247,4.36999999999989,NA,5,5,0,4,1,0,0,0,0.8,0.2,1,1.2
32,"survival",4,"Smooth nonlinear misspecified","GBM",TRUE,"C-index",0.828539659006672,0.0299999999997453,NA,NA,NA,NA,NA,NA,NA,NA,NA,NA,NA,NA,NA
32,"survival",4,"Smooth nonlinear misspecified","Linear",TRUE,"C-index",0.648813936249073,0,NA,20,0,20,20,0,0,0,0,1,0,1,1
32,"survival",4,"Smooth nonlinear misspecified","Random forest",TRUE,"C-index",0.786174944403262,0.850000000000364,NA,NA,NA,NA,NA,NA,NA,NA,NA,NA,NA,NA,NA
32,"survival",4,"Smooth nonlinear misspecified","RuleFit",TRUE,"C-index",0.675018532246108,8.92000000000007,NA,8,8,0,4,4,0,0,0,0.5,0.5,1,1.5
33,"survival",4,"Smooth nonlinear misspecified","BRP-GABLE full",TRUE,"C-index",0.790631865063112,253.98,NA,49,49,0,16,33,0,0,0,0.326530612244898,0.673469387755102,1,1.6734693877551
33,"survival",4,"Smooth nonlinear misspecified","BRP-GABLE rule-only",TRUE,"C-index",0.790631865063112,253.07,NA,49,49,0,16,33,0,0,0,0.326530612244898,0.673469387755102,1,1.6734693877551
33,"survival",4,"Smooth nonlinear misspecified","GABLE",TRUE,"C-index",0.725360241277879,4.5,NA,5,5,0,3,2,0,0,0,0.6,0.4,1,1.4
33,"survival",4,"Smooth nonlinear misspecified","GBM",TRUE,"C-index",0.803514912313363,0.0300000000002001,NA,NA,NA,NA,NA,NA,NA,NA,NA,NA,NA,NA,NA
33,"survival",4,"Smooth nonlinear misspecified","Linear",TRUE,"C-index",0.620880962132777,0,NA,20,0,20,20,0,0,0,0,1,0,1,1
33,"survival",4,"Smooth nonlinear misspecified","Random forest",TRUE,"C-index",0.786536098596269,0.920000000000073,NA,NA,NA,NA,NA,NA,NA,NA,NA,NA,NA,NA,NA
33,"survival",4,"Smooth nonlinear misspecified","RuleFit",TRUE,"C-index",0.705402688312172,9.07999999999993,NA,7,7,0,3,3,1,0,0,0.428571428571429,0.428571428571429,0.857142857142857,1.71428571428571
34,"survival",4,"Smooth nonlinear misspecified","BRP-GABLE full",TRUE,"C-index",0.780638328951212,254.440000000001,NA,58,58,0,29,29,0,0,0,0.5,0.5,1,1.5
34,"survival",4,"Smooth nonlinear misspecified","BRP-GABLE rule-only",TRUE,"C-index",0.78224510663161,263.19,NA,57,57,0,29,28,0,0,0,0.508771929824561,0.491228070175439,1,1.49122807017544
34,"survival",4,"Smooth nonlinear misspecified","GABLE",TRUE,"C-index",0.683683903009056,4.75,NA,5,5,0,4,1,0,0,0,0.8,0.2,1,1.2
34,"survival",4,"Smooth nonlinear misspecified","GBM",TRUE,"C-index",0.801855097867368,0.0199999999999818,NA,NA,NA,NA,NA,NA,NA,NA,NA,NA,NA,NA,NA
34,"survival",4,"Smooth nonlinear misspecified","Linear",TRUE,"C-index",0.610940695296524,0,NA,20,0,20,20,0,0,0,0,1,0,1,1
34,"survival",4,"Smooth nonlinear misspecified","Random forest",TRUE,"C-index",0.752081507449606,0.920000000000073,NA,NA,NA,NA,NA,NA,NA,NA,NA,NA,NA,NA,NA
34,"survival",4,"Smooth nonlinear misspecified","RuleFit",TRUE,"C-index",0.687573035349109,9.55999999999995,NA,13,13,0,8,5,0,0,0,0.615384615384615,0.384615384615385,1,1.38461538461538
35,"survival",4,"Smooth nonlinear misspecified","BRP-GABLE full",TRUE,"C-index",0.791283422459893,249.1,NA,33,33,0,11,22,0,0,0,0.333333333333333,0.666666666666667,1,1.66666666666667
35,"survival",4,"Smooth nonlinear misspecified","BRP-GABLE rule-only",TRUE,"C-index",0.793547237076649,248.5,NA,37,37,0,15,22,0,0,0,0.405405405405405,0.594594594594595,1,1.59459459459459
35,"survival",4,"Smooth nonlinear misspecified","GABLE",TRUE,"C-index",0.727450980392157,5,NA,5,5,0,4,1,0,0,0,0.8,0.2,1,1.2
35,"survival",4,"Smooth nonlinear misspecified","GBM",TRUE,"C-index",0.807754010695187,0.0399999999999636,NA,NA,NA,NA,NA,NA,NA,NA,NA,NA,NA,NA,NA
35,"survival",4,"Smooth nonlinear misspecified","Linear",TRUE,"C-index",0.639714795008913,0.0199999999999818,NA,20,0,20,20,0,0,0,0,1,0,1,1
35,"survival",4,"Smooth nonlinear misspecified","Random forest",TRUE,"C-index",0.757112299465241,0.830000000000382,NA,NA,NA,NA,NA,NA,NA,NA,NA,NA,NA,NA,NA
35,"survival",4,"Smooth nonlinear misspecified","RuleFit",TRUE,"C-index",0.646042780748663,8.58999999999969,NA,2,2,0,1,1,0,0,0,0.5,0.5,1,1.5
36,"survival",4,"Smooth nonlinear misspecified","BRP-GABLE full",TRUE,"C-index",0.775944515422522,212.56,NA,45,45,0,12,33,0,0,0,0.266666666666667,0.733333333333333,1,1.73333333333333
36,"survival",4,"Smooth nonlinear misspecified","BRP-GABLE rule-only",TRUE,"C-index",0.775944515422522,210.77,NA,45,45,0,12,33,0,0,0,0.266666666666667,0.733333333333333,1,1.73333333333333
36,"survival",4,"Smooth nonlinear misspecified","GABLE",TRUE,"C-index",0.674977185617814,3.94000000000005,NA,5,5,0,3,2,0,0,0,0.6,0.4,1,1.4
36,"survival",4,"Smooth nonlinear misspecified","GBM",TRUE,"C-index",0.817192918415769,0.0100000000002183,NA,NA,NA,NA,NA,NA,NA,NA,NA,NA,NA,NA,NA
36,"survival",4,"Smooth nonlinear misspecified","Linear",TRUE,"C-index",0.603504289103851,0.0199999999999818,NA,20,0,20,20,0,0,0,0,1,0,1,1
36,"survival",4,"Smooth nonlinear misspecified","Random forest",TRUE,"C-index",0.79269939770031,0.889999999999873,NA,NA,NA,NA,NA,NA,NA,NA,NA,NA,NA,NA,NA
36,"survival",4,"Smooth nonlinear misspecified","RuleFit",TRUE,"C-index",0.671107866398978,7.61999999999989,NA,4,4,0,1,3,0,0,0,0.25,0.75,1,1.75
37,"survival",4,"Smooth nonlinear misspecified","BRP-GABLE full",TRUE,"C-index",0.788760477052025,228.56,NA,54,54,0,22,32,0,0,0,0.407407407407407,0.592592592592593,1,1.59259259259259
37,"survival",4,"Smooth nonlinear misspecified","BRP-GABLE rule-only",TRUE,"C-index",0.788760477052025,227.62,NA,54,54,0,22,32,0,0,0,0.407407407407407,0.592592592592593,1,1.59259259259259
37,"survival",4,"Smooth nonlinear misspecified","GABLE",TRUE,"C-index",0.695713178008345,4.90999999999985,NA,5,5,0,4,1,0,0,0,0.8,0.2,1,1.2
37,"survival",4,"Smooth nonlinear misspecified","GBM",TRUE,"C-index",0.818520843333456,0.0299999999997453,NA,NA,NA,NA,NA,NA,NA,NA,NA,NA,NA,NA,NA
37,"survival",4,"Smooth nonlinear misspecified","Linear",TRUE,"C-index",0.629915445113171,0,NA,20,0,20,20,0,0,0,0,1,0,1,1
37,"survival",4,"Smooth nonlinear misspecified","Random forest",TRUE,"C-index",0.786545065170033,0.930000000000291,NA,NA,NA,NA,NA,NA,NA,NA,NA,NA,NA,NA,NA
37,"survival",4,"Smooth nonlinear misspecified","RuleFit",TRUE,"C-index",0.643872539969723,8.19000000000005,NA,10,10,0,0,8,2,0,0,0,0.8,0.8,2.2
38,"survival",4,"Smooth nonlinear misspecified","BRP-GABLE full",TRUE,"C-index",0.79446472692407,222.19,NA,49,49,0,16,33,0,0,0,0.326530612244898,0.673469387755102,1,1.6734693877551
38,"survival",4,"Smooth nonlinear misspecified","BRP-GABLE rule-only",TRUE,"C-index",0.797746800899805,221.54,NA,52,52,0,18,34,0,0,0,0.346153846153846,0.653846153846154,1,1.65384615384615
38,"survival",4,"Smooth nonlinear misspecified","GABLE",TRUE,"C-index",0.721281852712321,4.41999999999962,NA,5,5,0,4,1,0,0,0,0.8,0.2,1,1.2
38,"survival",4,"Smooth nonlinear misspecified","GBM",TRUE,"C-index",0.794335656599181,0.00999999999976353,NA,NA,NA,NA,NA,NA,NA,NA,NA,NA,NA,NA,NA
38,"survival",4,"Smooth nonlinear misspecified","Linear",TRUE,"C-index",0.659401851237231,0.0199999999999818,NA,20,0,20,20,0,0,0,0,1,0,1,1
38,"survival",4,"Smooth nonlinear misspecified","Random forest",TRUE,"C-index",0.763248146918907,0.850000000000364,NA,NA,NA,NA,NA,NA,NA,NA,NA,NA,NA,NA,NA
38,"survival",4,"Smooth nonlinear misspecified","RuleFit",TRUE,"C-index",0.69085813327433,12.2200000000003,NA,11,11,0,1,10,0,0,0,0.0909090909090909,0.909090909090909,1,1.90909090909091
39,"survival",4,"Smooth nonlinear misspecified","BRP-GABLE full",TRUE,"C-index",0.78963554400978,225.73,NA,49,49,0,22,27,0,0,0,0.448979591836735,0.551020408163265,1,1.55102040816327
39,"survival",4,"Smooth nonlinear misspecified","BRP-GABLE rule-only",TRUE,"C-index",0.790399602689487,225.11,NA,48,48,0,22,26,0,0,0,0.458333333333333,0.541666666666667,1,1.54166666666667
39,"survival",4,"Smooth nonlinear misspecified","GABLE",TRUE,"C-index",0.722283771393643,4.94000000000005,NA,5,5,0,5,0,0,0,0,1,0,1,1
39,"survival",4,"Smooth nonlinear misspecified","GBM",TRUE,"C-index",0.795060360635697,0.0399999999999636,NA,NA,NA,NA,NA,NA,NA,NA,NA,NA,NA,NA,NA
39,"survival",4,"Smooth nonlinear misspecified","Linear",TRUE,"C-index",0.620950488997555,0,NA,20,0,20,20,0,0,0,0,1,0,1,1
39,"survival",4,"Smooth nonlinear misspecified","Random forest",TRUE,"C-index",0.769483496332518,0.880000000000109,NA,NA,NA,NA,NA,NA,NA,NA,NA,NA,NA,NA,NA
39,"survival",4,"Smooth nonlinear misspecified","RuleFit",TRUE,"C-index",0.681616748166259,8.36999999999989,NA,5,5,0,1,4,0,0,0,0.2,0.8,1,1.8
40,"survival",4,"Smooth nonlinear misspecified","BRP-GABLE full",TRUE,"C-index",0.760149611446002,226.19,NA,31,31,0,12,19,0,0,0,0.387096774193548,0.612903225806452,1,1.61290322580645
40,"survival",4,"Smooth nonlinear misspecified","BRP-GABLE rule-only",TRUE,"C-index",0.762110538165444,225.33,NA,35,35,0,14,21,0,0,0,0.4,0.6,1,1.6
40,"survival",4,"Smooth nonlinear misspecified","GABLE",TRUE,"C-index",0.666406420219333,4.34000000000015,NA,5,5,0,4,1,0,0,0,0.8,0.2,1,1.2
40,"survival",4,"Smooth nonlinear misspecified","GBM",TRUE,"C-index",0.772786694749074,0.0300000000002001,NA,NA,NA,NA,NA,NA,NA,NA,NA,NA,NA,NA,NA
40,"survival",4,"Smooth nonlinear misspecified","Linear",TRUE,"C-index",0.634977122521607,0.0199999999999818,NA,20,0,20,20,0,0,0,0,1,0,1,1
40,"survival",4,"Smooth nonlinear misspecified","Random forest",TRUE,"C-index",0.732914518120415,0.879999999999654,NA,NA,NA,NA,NA,NA,NA,NA,NA,NA,NA,NA,NA
40,"survival",4,"Smooth nonlinear misspecified","RuleFit",TRUE,"C-index",0.653987217662866,10.25,NA,5,5,0,0,5,0,0,0,0,1,1,2
41,"survival",4,"Smooth nonlinear misspecified","BRP-GABLE full",TRUE,"C-index",0.792552383844519,237.25,NA,40,40,0,9,31,0,0,0,0.225,0.775,1,1.775
41,"survival",4,"Smooth nonlinear misspecified","BRP-GABLE rule-only",TRUE,"C-index",0.791982994230185,238.56,NA,40,40,0,9,31,0,0,0,0.225,0.775,1,1.775
41,"survival",4,"Smooth nonlinear misspecified","GABLE",TRUE,"C-index",0.731475857880352,4.94999999999982,NA,5,5,0,4,1,0,0,0,0.8,0.2,1,1.2
41,"survival",4,"Smooth nonlinear misspecified","GBM",TRUE,"C-index",0.801890373519587,0.0399999999999636,NA,NA,NA,NA,NA,NA,NA,NA,NA,NA,NA,NA,NA
41,"survival",4,"Smooth nonlinear misspecified","Linear",TRUE,"C-index",0.622266929851199,0,NA,20,0,20,20,0,0,0,0,1,0,1,1
41,"survival",4,"Smooth nonlinear misspecified","Random forest",TRUE,"C-index",0.755086547221379,0.860000000000127,NA,NA,NA,NA,NA,NA,NA,NA,NA,NA,NA,NA,NA
41,"survival",4,"Smooth nonlinear misspecified","RuleFit",TRUE,"C-index",0.69788187063468,9.80999999999995,NA,9,9,0,5,3,1,0,0,0.555555555555556,0.333333333333333,0.888888888888889,1.55555555555556
42,"survival",4,"Smooth nonlinear misspecified","BRP-GABLE full",TRUE,"C-index",0.757820569573558,225.11,NA,41,41,0,18,23,0,0,0,0.439024390243902,0.560975609756098,1,1.5609756097561
42,"survival",4,"Smooth nonlinear misspecified","BRP-GABLE rule-only",TRUE,"C-index",0.757820569573558,223.99,NA,41,41,0,18,23,0,0,0,0.439024390243902,0.560975609756098,1,1.5609756097561
42,"survival",4,"Smooth nonlinear misspecified","GABLE",TRUE,"C-index",0.683598937583001,4.60999999999967,NA,5,5,0,4,1,0,0,0,0.8,0.2,1,1.2
42,"survival",4,"Smooth nonlinear misspecified","GBM",TRUE,"C-index",0.787369042349122,0.0199999999999818,NA,NA,NA,NA,NA,NA,NA,NA,NA,NA,NA,NA,NA
42,"survival",4,"Smooth nonlinear misspecified","Linear",TRUE,"C-index",0.60041316216615,0.00999999999976353,NA,20,0,20,20,0,0,0,0,1,0,1,1
42,"survival",4,"Smooth nonlinear misspecified","Random forest",TRUE,"C-index",0.741183414490187,0.970000000000255,NA,NA,NA,NA,NA,NA,NA,NA,NA,NA,NA,NA,NA
42,"survival",4,"Smooth nonlinear misspecified","RuleFit",TRUE,"C-index",0.635439722591117,8.70000000000027,NA,4,4,0,2,2,0,0,0,0.5,0.5,1,1.5
43,"survival",4,"Smooth nonlinear misspecified","BRP-GABLE full",TRUE,"C-index",0.778284570030037,221.03,NA,45,45,0,14,31,0,0,0,0.311111111111111,0.688888888888889,1,1.68888888888889
43,"survival",4,"Smooth nonlinear misspecified","BRP-GABLE rule-only",TRUE,"C-index",0.780583676345163,219.91,NA,45,45,0,14,31,0,0,0,0.311111111111111,0.688888888888889,1,1.68888888888889
43,"survival",4,"Smooth nonlinear misspecified","GABLE",TRUE,"C-index",0.698446249119294,5,NA,5,5,0,5,0,0,0,0,1,0,1,1
43,"survival",4,"Smooth nonlinear misspecified","GBM",TRUE,"C-index",0.794489561315682,0.0399999999999636,NA,NA,NA,NA,NA,NA,NA,NA,NA,NA,NA,NA,NA
43,"survival",4,"Smooth nonlinear misspecified","Linear",TRUE,"C-index",0.660548077279638,0,NA,20,0,20,20,0,0,0,0,1,0,1,1
43,"survival",4,"Smooth nonlinear misspecified","Random forest",TRUE,"C-index",0.765009085178181,0.920000000000073,NA,NA,NA,NA,NA,NA,NA,NA,NA,NA,NA,NA,NA
43,"survival",4,"Smooth nonlinear misspecified","RuleFit",TRUE,"C-index",0.624300070456484,8.90000000000009,NA,2,2,0,0,2,0,0,0,0,1,1,2
44,"survival",4,"Smooth nonlinear misspecified","BRP-GABLE full",TRUE,"C-index",0.775255623721881,223.28,NA,52,52,0,22,30,0,0,0,0.423076923076923,0.576923076923077,1,1.57692307692308
44,"survival",4,"Smooth nonlinear misspecified","BRP-GABLE rule-only",TRUE,"C-index",0.77625952779327,222.62,NA,50,50,0,20,30,0,0,0,0.4,0.6,1,1.6
44,"survival",4,"Smooth nonlinear misspecified","GABLE",TRUE,"C-index",0.690239821528165,4.17999999999984,NA,5,5,0,4,1,0,0,0,0.8,0.2,1,1.2
44,"survival",4,"Smooth nonlinear misspecified","GBM",TRUE,"C-index",0.792935489868005,0.0399999999999636,NA,NA,NA,NA,NA,NA,NA,NA,NA,NA,NA,NA,NA
44,"survival",4,"Smooth nonlinear misspecified","Linear",TRUE,"C-index",0.636586726157278,0,NA,20,0,20,20,0,0,0,0,1,0,1,1
44,"survival",4,"Smooth nonlinear misspecified","Random forest",TRUE,"C-index",0.72150957427031,0.890000000000327,NA,NA,NA,NA,NA,NA,NA,NA,NA,NA,NA,NA,NA
44,"survival",4,"Smooth nonlinear misspecified","RuleFit",TRUE,"C-index",0.662502323852017,10.3499999999999,NA,14,14,0,7,7,0,0,0,0.5,0.5,1,1.5
45,"survival",4,"Smooth nonlinear misspecified","BRP-GABLE full",TRUE,"C-index",0.795817344589409,223.96,NA,64,63,1,30,34,0,0,0,0.46875,0.53125,1,1.53125
45,"survival",4,"Smooth nonlinear misspecified","BRP-GABLE rule-only",TRUE,"C-index",0.7957981580967,222.72,NA,67,67,0,33,34,0,0,0,0.492537313432836,0.507462686567164,1,1.50746268656716
45,"survival",4,"Smooth nonlinear misspecified","GABLE",TRUE,"C-index",0.680391404451266,4.63000000000011,NA,5,5,0,3,2,0,0,0,0.6,0.4,1,1.4
45,"survival",4,"Smooth nonlinear misspecified","GBM",TRUE,"C-index",0.79512663085188,0.0299999999997453,NA,NA,NA,NA,NA,NA,NA,NA,NA,NA,NA,NA,NA
45,"survival",4,"Smooth nonlinear misspecified","Linear",TRUE,"C-index",0.620414428242517,0,NA,20,0,20,20,0,0,0,0,1,0,1,1
45,"survival",4,"Smooth nonlinear misspecified","Random forest",TRUE,"C-index",0.766730621642364,0.869999999999891,NA,NA,NA,NA,NA,NA,NA,NA,NA,NA,NA,NA,NA
45,"survival",4,"Smooth nonlinear misspecified","RuleFit",TRUE,"C-index",0.642613200306984,9.84000000000015,NA,8,8,0,1,7,0,0,0,0.125,0.875,1,1.875
46,"survival",4,"Smooth nonlinear misspecified","BRP-GABLE full",TRUE,"C-index",0.798603632042188,220.41,NA,59,58,1,25,34,0,0,0,0.423728813559322,0.576271186440678,1,1.57627118644068
46,"survival",4,"Smooth nonlinear misspecified","BRP-GABLE rule-only",TRUE,"C-index",0.799977717532588,219.69,NA,61,61,0,27,34,0,0,0,0.442622950819672,0.557377049180328,1,1.55737704918033
46,"survival",4,"Smooth nonlinear misspecified","GABLE",TRUE,"C-index",0.705630036766071,4.7800000000002,NA,5,5,0,4,1,0,0,0,0.8,0.2,1,1.2
46,"survival",4,"Smooth nonlinear misspecified","GBM",TRUE,"C-index",0.792327403721172,0.0299999999997453,NA,NA,NA,NA,NA,NA,NA,NA,NA,NA,NA,NA,NA
46,"survival",4,"Smooth nonlinear misspecified","Linear",TRUE,"C-index",0.602629331154603,0,NA,20,0,20,20,0,0,0,0,1,0,1,1
46,"survival",4,"Smooth nonlinear misspecified","Random forest",TRUE,"C-index",0.744865748133843,0.829999999999927,NA,NA,NA,NA,NA,NA,NA,NA,NA,NA,NA,NA,NA
46,"survival",4,"Smooth nonlinear misspecified","RuleFit",TRUE,"C-index",0.672949084561964,22.5900000000001,NA,15,15,0,2,12,1,0,0,0.133333333333333,0.8,0.933333333333333,1.93333333333333
47,"survival",4,"Smooth nonlinear misspecified","BRP-GABLE full",TRUE,"C-index",0.779749749378086,229.94,NA,50,49,1,20,30,0,0,0,0.4,0.6,1,1.6
47,"survival",4,"Smooth nonlinear misspecified","BRP-GABLE rule-only",TRUE,"C-index",0.779638361860914,227.73,NA,50,50,0,20,30,0,0,0,0.4,0.6,1,1.6
47,"survival",4,"Smooth nonlinear misspecified","GABLE",TRUE,"C-index",0.709705565662941,4.92000000000007,NA,5,5,0,5,0,0,0,0,1,0,1,1
47,"survival",4,"Smooth nonlinear misspecified","GBM",TRUE,"C-index",0.794879887127316,0.0199999999999818,NA,NA,NA,NA,NA,NA,NA,NA,NA,NA,NA,NA,NA
47,"survival",4,"Smooth nonlinear misspecified","Linear",TRUE,"C-index",0.627705788437976,0.0199999999999818,NA,20,0,20,20,0,0,0,0,1,0,1,1
47,"survival",4,"Smooth nonlinear misspecified","Random forest",TRUE,"C-index",0.749786507258753,0.889999999999873,NA,NA,NA,NA,NA,NA,NA,NA,NA,NA,NA,NA,NA
47,"survival",4,"Smooth nonlinear misspecified","RuleFit",TRUE,"C-index",0.661140608175844,8.84000000000015,NA,8,8,0,1,6,1,0,0,0.125,0.75,0.875,2
48,"survival",4,"Smooth nonlinear misspecified","BRP-GABLE full",TRUE,"C-index",0.798966389054134,223.85,NA,43,43,0,18,25,0,0,0,0.418604651162791,0.581395348837209,1,1.58139534883721
48,"survival",4,"Smooth nonlinear misspecified","BRP-GABLE rule-only",TRUE,"C-index",0.798668947055324,223.119999999999,NA,47,47,0,20,27,0,0,0,0.425531914893617,0.574468085106383,1,1.57446808510638
48,"survival",4,"Smooth nonlinear misspecified","GABLE",TRUE,"C-index",0.720980814991077,4.48000000000002,NA,5,5,0,4,1,0,0,0,0.8,0.2,1,1.2
48,"survival",4,"Smooth nonlinear misspecified","GBM",TRUE,"C-index",0.823059190957763,0.0299999999997453,NA,NA,NA,NA,NA,NA,NA,NA,NA,NA,NA,NA,NA
48,"survival",4,"Smooth nonlinear misspecified","Linear",TRUE,"C-index",0.67180993456276,0,NA,20,0,20,20,0,0,0,0,1,0,1,1
48,"survival",4,"Smooth nonlinear misspecified","Random forest",TRUE,"C-index",0.779149315883403,0.850000000000364,NA,NA,NA,NA,NA,NA,NA,NA,NA,NA,NA,NA,NA
48,"survival",4,"Smooth nonlinear misspecified","RuleFit",TRUE,"C-index",0.700104104699584,10,NA,6,6,0,1,4,1,0,0,0.166666666666667,0.666666666666667,0.833333333333333,2
49,"survival",4,"Smooth nonlinear misspecified","BRP-GABLE full",TRUE,"C-index",0.818423133401107,223.1,NA,38,38,0,10,28,0,0,0,0.263157894736842,0.736842105263158,1,1.73684210526316
49,"survival",4,"Smooth nonlinear misspecified","BRP-GABLE rule-only",TRUE,"C-index",0.818423133401107,222.47,NA,38,38,0,10,28,0,0,0,0.263157894736842,0.736842105263158,1,1.73684210526316
49,"survival",4,"Smooth nonlinear misspecified","GABLE",TRUE,"C-index",0.773240709364057,4.86000000000013,NA,5,5,0,4,1,0,0,0,0.8,0.2,1,1.2
49,"survival",4,"Smooth nonlinear misspecified","GBM",TRUE,"C-index",0.839376482548289,0.0300000000002001,NA,NA,NA,NA,NA,NA,NA,NA,NA,NA,NA,NA,NA
49,"survival",4,"Smooth nonlinear misspecified","Linear",TRUE,"C-index",0.63710983094243,0,NA,20,0,20,20,0,0,0,0,1,0,1,1
49,"survival",4,"Smooth nonlinear misspecified","Random forest",TRUE,"C-index",0.800745509996611,0.859999999999673,NA,NA,NA,NA,NA,NA,NA,NA,NA,NA,NA,NA,NA
49,"survival",4,"Smooth nonlinear misspecified","RuleFit",TRUE,"C-index",0.730223276478783,9.40000000000009,NA,14,14,0,7,7,0,0,0,0.5,0.5,1,1.5
50,"survival",4,"Smooth nonlinear misspecified","BRP-GABLE full",TRUE,"C-index",0.741550404628511,225.76,NA,42,40,2,8,34,0,0,0,0.19047619047619,0.80952380952381,1,1.80952380952381
50,"survival",4,"Smooth nonlinear misspecified","BRP-GABLE rule-only",TRUE,"C-index",0.738712512358563,224.49,NA,42,42,0,6,36,0,0,0,0.142857142857143,0.857142857142857,1,1.85714285714286
50,"survival",4,"Smooth nonlinear misspecified","GABLE",TRUE,"C-index",0.684261598740342,4.98000000000002,NA,5,5,0,4,1,0,0,0,0.8,0.2,1,1.2
50,"survival",4,"Smooth nonlinear misspecified","GBM",TRUE,"C-index",0.759273499578893,0.0299999999997453,NA,NA,NA,NA,NA,NA,NA,NA,NA,NA,NA,NA,NA
50,"survival",4,"Smooth nonlinear misspecified","Linear",TRUE,"C-index",0.573217620564649,0,NA,20,0,20,20,0,0,0,0,1,0,1,1
50,"survival",4,"Smooth nonlinear misspecified","Random forest",TRUE,"C-index",0.699549599033286,0.820000000000164,NA,NA,NA,NA,NA,NA,NA,NA,NA,NA,NA,NA,NA
50,"survival",4,"Smooth nonlinear misspecified","RuleFit",TRUE,"C-index",0.679116774689663,10.0799999999999,NA,11,11,0,3,7,1,0,0,0.272727272727273,0.636363636363636,0.909090909090909,1.81818181818182
51,"survival",4,"Smooth nonlinear misspecified","BRP-GABLE full",TRUE,"C-index",0.788249240571979,219.76,NA,45,45,0,17,28,0,0,0,0.377777777777778,0.622222222222222,1,1.62222222222222
51,"survival",4,"Smooth nonlinear misspecified","BRP-GABLE rule-only",TRUE,"C-index",0.787545380454916,219.28,NA,38,38,0,11,27,0,0,0,0.289473684210526,0.710526315789474,1,1.71052631578947
51,"survival",4,"Smooth nonlinear misspecified","GABLE",TRUE,"C-index",0.708027709861451,3.9699999999998,NA,5,5,0,3,2,0,0,0,0.6,0.4,1,1.4
51,"survival",4,"Smooth nonlinear misspecified","GBM",TRUE,"C-index",0.80440097799511,0.0499999999997272,NA,NA,NA,NA,NA,NA,NA,NA,NA,NA,NA,NA,NA
51,"survival",4,"Smooth nonlinear misspecified","Linear",TRUE,"C-index",0.61376602207898,0,NA,20,0,20,20,0,0,0,0,1,0,1,1
51,"survival",4,"Smooth nonlinear misspecified","Random forest",TRUE,"C-index",0.764280951322516,0.890000000000327,NA,NA,NA,NA,NA,NA,NA,NA,NA,NA,NA,NA,NA
51,"survival",4,"Smooth nonlinear misspecified","RuleFit",TRUE,"C-index",0.68065125583463,8.98000000000002,NA,5,5,0,1,3,1,0,0,0.2,0.6,0.8,2
52,"survival",4,"Smooth nonlinear misspecified","BRP-GABLE full",TRUE,"C-index",0.761240625115454,221.21,NA,34,34,0,12,22,0,0,0,0.352941176470588,0.647058823529412,1,1.64705882352941
52,"survival",4,"Smooth nonlinear misspecified","BRP-GABLE rule-only",TRUE,"C-index",0.761240625115454,219.78,NA,34,34,0,12,22,0,0,0,0.352941176470588,0.647058823529412,1,1.64705882352941
52,"survival",4,"Smooth nonlinear misspecified","GABLE",TRUE,"C-index",0.721099493848598,4.80999999999995,NA,5,5,0,5,0,0,0,0,1,0,1,1
52,"survival",4,"Smooth nonlinear misspecified","GBM",TRUE,"C-index",0.782724350685336,0.0300000000002001,NA,NA,NA,NA,NA,NA,NA,NA,NA,NA,NA,NA,NA
52,"survival",4,"Smooth nonlinear misspecified","Linear",TRUE,"C-index",0.632245908301622,0.0199999999999818,NA,20,0,20,20,0,0,0,0,1,0,1,1
52,"survival",4,"Smooth nonlinear misspecified","Random forest",TRUE,"C-index",0.727897439686703,0.859999999999673,NA,NA,NA,NA,NA,NA,NA,NA,NA,NA,NA,NA,NA
52,"survival",4,"Smooth nonlinear misspecified","RuleFit",TRUE,"C-index",0.652510437063583,9.82000000000016,NA,4,4,0,1,3,0,0,0,0.25,0.75,1,1.75
53,"survival",4,"Smooth nonlinear misspecified","BRP-GABLE full",TRUE,"C-index",0.729799221083677,215.25,NA,36,36,0,4,32,0,0,0,0.111111111111111,0.888888888888889,1,1.88888888888889
53,"survival",4,"Smooth nonlinear misspecified","BRP-GABLE rule-only",TRUE,"C-index",0.731765417627708,214.68,NA,37,37,0,4,33,0,0,0,0.108108108108108,0.891891891891892,1,1.89189189189189
53,"survival",4,"Smooth nonlinear misspecified","GABLE",TRUE,"C-index",0.682894090066926,4.5,NA,5,5,0,4,1,0,0,0,0.8,0.2,1,1.2
53,"survival",4,"Smooth nonlinear misspecified","GBM",TRUE,"C-index",0.768688320036299,0.0199999999999818,NA,NA,NA,NA,NA,NA,NA,NA,NA,NA,NA,NA,NA
53,"survival",4,"Smooth nonlinear misspecified","Linear",TRUE,"C-index",0.613528944681816,0.00999999999976353,NA,20,0,20,20,0,0,0,0,1,0,1,1
53,"survival",4,"Smooth nonlinear misspecified","Random forest",TRUE,"C-index",0.709078534427345,0.829999999999927,NA,NA,NA,NA,NA,NA,NA,NA,NA,NA,NA,NA,NA
53,"survival",4,"Smooth nonlinear misspecified","RuleFit",TRUE,"C-index",0.673800431050781,10.8900000000003,NA,17,17,0,4,12,1,0,0,0.235294117647059,0.705882352941177,0.941176470588235,1.82352941176471
54,"survival",4,"Smooth nonlinear misspecified","BRP-GABLE full",TRUE,"C-index",0.809279305998369,230.73,NA,40,40,0,10,30,0,0,0,0.25,0.75,1,1.75
54,"survival",4,"Smooth nonlinear misspecified","BRP-GABLE rule-only",TRUE,"C-index",0.809353451471788,229.19,NA,41,41,0,11,30,0,0,0,0.268292682926829,0.731707317073171,1,1.73170731707317
54,"survival",4,"Smooth nonlinear misspecified","GABLE",TRUE,"C-index",0.738822569882109,5.02999999999975,NA,5,5,0,5,0,0,0,0,1,0,1,1
54,"survival",4,"Smooth nonlinear misspecified","GBM",TRUE,"C-index",0.830355156817676,0.0299999999997453,NA,NA,NA,NA,NA,NA,NA,NA,NA,NA,NA,NA,NA
54,"survival",4,"Smooth nonlinear misspecified","Linear",TRUE,"C-index",0.652294802402313,0,NA,20,0,20,20,0,0,0,0,1,0,1,1
54,"survival",4,"Smooth nonlinear misspecified","Random forest",TRUE,"C-index",0.773114851338326,0.890000000000327,NA,NA,NA,NA,NA,NA,NA,NA,NA,NA,NA,NA,NA
54,"survival",4,"Smooth nonlinear misspecified","RuleFit",TRUE,"C-index",0.706773188996812,10.0799999999999,NA,10,10,0,1,9,0,0,0,0.1,0.9,1,1.9
55,"survival",4,"Smooth nonlinear misspecified","BRP-GABLE full",TRUE,"C-index",0.794093851132686,221.85,NA,47,47,0,19,28,0,0,0,0.404255319148936,0.595744680851064,1,1.59574468085106
55,"survival",4,"Smooth nonlinear misspecified","BRP-GABLE rule-only",TRUE,"C-index",0.795969402765519,221.29,NA,48,48,0,18,30,0,0,0,0.375,0.625,1,1.625
55,"survival",4,"Smooth nonlinear misspecified","GABLE",TRUE,"C-index",0.711422477199176,4.61999999999989,NA,5,5,0,3,2,0,0,0,0.6,0.4,1,1.4
55,"survival",4,"Smooth nonlinear misspecified","GBM",TRUE,"C-index",0.804795528096499,0.0199999999999818,NA,NA,NA,NA,NA,NA,NA,NA,NA,NA,NA,NA,NA
55,"survival",4,"Smooth nonlinear misspecified","Linear",TRUE,"C-index",0.608671668137688,0.0199999999999818,NA,20,0,20,20,0,0,0,0,1,0,1,1
55,"survival",4,"Smooth nonlinear misspecified","Random forest",TRUE,"C-index",0.778501029714622,0.920000000000073,NA,NA,NA,NA,NA,NA,NA,NA,NA,NA,NA,NA,NA
55,"survival",4,"Smooth nonlinear misspecified","RuleFit",TRUE,"C-index",0.732605177993528,8.71000000000004,NA,12,12,0,5,6,1,0,0,0.416666666666667,0.5,0.916666666666667,1.66666666666667
56,"survival",4,"Smooth nonlinear misspecified","BRP-GABLE full",TRUE,"C-index",0.797156361079645,224.92,NA,50,50,0,15,35,0,0,0,0.3,0.7,1,1.7
56,"survival",4,"Smooth nonlinear misspecified","BRP-GABLE rule-only",TRUE,"C-index",0.798367251279247,224.26,NA,50,50,0,15,35,0,0,0,0.3,0.7,1,1.7
56,"survival",4,"Smooth nonlinear misspecified","GABLE",TRUE,"C-index",0.728702003827975,4.5,NA,5,5,0,3,2,0,0,0,0.6,0.4,1,1.4
56,"survival",4,"Smooth nonlinear misspecified","GBM",TRUE,"C-index",0.818913323698293,0.0199999999999818,NA,NA,NA,NA,NA,NA,NA,NA,NA,NA,NA,NA,NA
56,"survival",4,"Smooth nonlinear misspecified","Linear",TRUE,"C-index",0.663060036717316,0,NA,20,0,20,20,0,0,0,0,1,0,1,1
56,"survival",4,"Smooth nonlinear misspecified","Random forest",TRUE,"C-index",0.782156946994258,0.789999999999964,NA,NA,NA,NA,NA,NA,NA,NA,NA,NA,NA,NA,NA
56,"survival",4,"Smooth nonlinear misspecified","RuleFit",TRUE,"C-index",0.669309792586227,8.88999999999987,NA,7,7,0,2,4,1,0,0,0.285714285714286,0.571428571428571,0.857142857142857,1.85714285714286
57,"survival",4,"Smooth nonlinear misspecified","BRP-GABLE full",TRUE,"C-index",0.776358490566038,249.059999999999,NA,41,41,0,8,33,0,0,0,0.195121951219512,0.804878048780488,1,1.80487804878049
57,"survival",4,"Smooth nonlinear misspecified","BRP-GABLE rule-only",TRUE,"C-index",0.776358490566038,238.99,NA,41,41,0,8,33,0,0,0,0.195121951219512,0.804878048780488,1,1.80487804878049
57,"survival",4,"Smooth nonlinear misspecified","GABLE",TRUE,"C-index",0.718698113207547,4.81999999999971,NA,5,5,0,5,0,0,0,0,1,0,1,1
57,"survival",4,"Smooth nonlinear misspecified","GBM",TRUE,"C-index",0.802377358490566,0.0399999999999636,NA,NA,NA,NA,NA,NA,NA,NA,NA,NA,NA,NA,NA
57,"survival",4,"Smooth nonlinear misspecified","Linear",TRUE,"C-index",0.633735849056604,0,NA,20,0,20,20,0,0,0,0,1,0,1,1
57,"survival",4,"Smooth nonlinear misspecified","Random forest",TRUE,"C-index",0.746528301886792,0.860000000000127,NA,NA,NA,NA,NA,NA,NA,NA,NA,NA,NA,NA,NA
57,"survival",4,"Smooth nonlinear misspecified","RuleFit",TRUE,"C-index",0.647962264150943,8.11000000000013,NA,5,5,0,2,3,0,0,0,0.4,0.6,1,1.6
58,"survival",4,"Smooth nonlinear misspecified","BRP-GABLE full",TRUE,"C-index",0.806768402154399,232.44,NA,54,54,0,26,28,0,0,0,0.481481481481481,0.518518518518518,1,1.51851851851852
58,"survival",4,"Smooth nonlinear misspecified","BRP-GABLE rule-only",TRUE,"C-index",0.808078994614004,231.19,NA,57,57,0,27,30,0,0,0,0.473684210526316,0.526315789473684,1,1.52631578947368
58,"survival",4,"Smooth nonlinear misspecified","GABLE",TRUE,"C-index",0.736804308797127,4.2800000000002,NA,5,5,0,4,1,0,0,0,0.8,0.2,1,1.2
58,"survival",4,"Smooth nonlinear misspecified","GBM",TRUE,"C-index",0.800682226211849,0.0199999999999818,NA,NA,NA,NA,NA,NA,NA,NA,NA,NA,NA,NA,NA
58,"survival",4,"Smooth nonlinear misspecified","Linear",TRUE,"C-index",0.630915619389587,0.00999999999976353,NA,20,0,20,20,0,0,0,0,1,0,1,1
58,"survival",4,"Smooth nonlinear misspecified","Random forest",TRUE,"C-index",0.765709156193896,0.860000000000127,NA,NA,NA,NA,NA,NA,NA,NA,NA,NA,NA,NA,NA
58,"survival",4,"Smooth nonlinear misspecified","RuleFit",TRUE,"C-index",0.684865350089767,9.53999999999996,NA,7,7,0,1,6,0,0,0,0.142857142857143,0.857142857142857,1,1.85714285714286
59,"survival",4,"Smooth nonlinear misspecified","BRP-GABLE full",TRUE,"C-index",0.808191535776614,224.75,NA,52,52,0,16,36,0,0,0,0.307692307692308,0.692307692307692,1,1.69230769230769
59,"survival",4,"Smooth nonlinear misspecified","BRP-GABLE rule-only",TRUE,"C-index",0.809464077952298,223.6,NA,53,53,0,16,37,0,0,0,0.30188679245283,0.69811320754717,1,1.69811320754717
59,"survival",4,"Smooth nonlinear misspecified","GABLE",TRUE,"C-index",0.705897324025596,4.17999999999984,NA,4,4,0,2,2,0,0,0,0.5,0.5,1,1.5
59,"survival",4,"Smooth nonlinear misspecified","GBM",TRUE,"C-index",0.800956224549156,0.0399999999999636,NA,NA,NA,NA,NA,NA,NA,NA,NA,NA,NA,NA,NA
59,"survival",4,"Smooth nonlinear misspecified","Linear",TRUE,"C-index",0.60391215823153,0.00999999999976353,NA,20,0,20,20,0,0,0,0,1,0,1,1
59,"survival",4,"Smooth nonlinear misspecified","Random forest",TRUE,"C-index",0.76923356602676,0.890000000000327,NA,NA,NA,NA,NA,NA,NA,NA,NA,NA,NA,NA,NA
59,"survival",4,"Smooth nonlinear misspecified","RuleFit",TRUE,"C-index",0.646069662594532,7.92999999999984,NA,4,4,0,2,2,0,0,0,0.5,0.5,1,1.5
60,"survival",4,"Smooth nonlinear misspecified","BRP-GABLE full",TRUE,"C-index",0.774746702351367,216.52,NA,41,40,1,11,30,0,0,0,0.268292682926829,0.731707317073171,1,1.73170731707317
60,"survival",4,"Smooth nonlinear misspecified","BRP-GABLE rule-only",TRUE,"C-index",0.774383483081629,213.82,NA,37,37,0,9,28,0,0,0,0.243243243243243,0.756756756756757,1,1.75675675675676
60,"survival",4,"Smooth nonlinear misspecified","GABLE",TRUE,"C-index",0.721353469699866,4.48000000000002,NA,5,5,0,4,1,0,0,0,0.8,0.2,1,1.2
60,"survival",4,"Smooth nonlinear misspecified","GBM",TRUE,"C-index",0.77713630281017,0.0300000000002001,NA,NA,NA,NA,NA,NA,NA,NA,NA,NA,NA,NA,NA
60,"survival",4,"Smooth nonlinear misspecified","Linear",TRUE,"C-index",0.60581150831581,0,NA,20,0,20,20,0,0,0,0,1,0,1,1
60,"survival",4,"Smooth nonlinear misspecified","Random forest",TRUE,"C-index",0.753240298222137,0.849999999999909,NA,NA,NA,NA,NA,NA,NA,NA,NA,NA,NA,NA,NA
60,"survival",4,"Smooth nonlinear misspecified","RuleFit",TRUE,"C-index",0.677537755687249,8.86000000000013,NA,16,16,0,5,10,1,0,0,0.3125,0.625,0.9375,1.75
61,"survival",4,"Smooth nonlinear misspecified","BRP-GABLE full",TRUE,"C-index",0.815359664186224,219.32,NA,52,52,0,22,30,0,0,0,0.423076923076923,0.576923076923077,1,1.57692307692308
61,"survival",4,"Smooth nonlinear misspecified","BRP-GABLE rule-only",TRUE,"C-index",0.817458500286205,219.37,NA,54,54,0,22,32,0,0,0,0.407407407407407,0.592592592592593,1,1.59259259259259
61,"survival",4,"Smooth nonlinear misspecified","GABLE",TRUE,"C-index",0.720282388857088,4.38000000000011,NA,5,5,0,3,2,0,0,0,0.6,0.4,1,1.4
61,"survival",4,"Smooth nonlinear misspecified","GBM",TRUE,"C-index",0.823793169242511,0.0300000000002001,NA,NA,NA,NA,NA,NA,NA,NA,NA,NA,NA,NA,NA
61,"survival",4,"Smooth nonlinear misspecified","Linear",TRUE,"C-index",0.673001335622973,0.0199999999999818,NA,20,0,20,20,0,0,0,0,1,0,1,1
61,"survival",4,"Smooth nonlinear misspecified","Random forest",TRUE,"C-index",0.776531196336577,0.839999999999691,NA,NA,NA,NA,NA,NA,NA,NA,NA,NA,NA,NA,NA
61,"survival",4,"Smooth nonlinear misspecified","RuleFit",TRUE,"C-index",0.65951154359855,9.32000000000016,NA,3,3,0,0,3,0,0,0,0,1,1,2
62,"survival",4,"Smooth nonlinear misspecified","BRP-GABLE full",TRUE,"C-index",0.796471569480708,228.04,NA,56,55,1,23,33,0,0,0,0.410714285714286,0.589285714285714,1,1.58928571428571
62,"survival",4,"Smooth nonlinear misspecified","BRP-GABLE rule-only",TRUE,"C-index",0.799118798955614,227,NA,54,54,0,23,31,0,0,0,0.425925925925926,0.574074074074074,1,1.57407407407407
62,"survival",4,"Smooth nonlinear misspecified","GABLE",TRUE,"C-index",0.705776762402089,4.60999999999967,NA,5,5,0,3,2,0,0,0,0.6,0.4,1,1.4
62,"survival",4,"Smooth nonlinear misspecified","GBM",TRUE,"C-index",0.791340295909487,0.0300000000002001,NA,NA,NA,NA,NA,NA,NA,NA,NA,NA,NA,NA,NA
62,"survival",4,"Smooth nonlinear misspecified","Linear",TRUE,"C-index",0.676276472294749,0.0199999999999818,NA,20,0,20,20,0,0,0,0,1,0,1,1
62,"survival",4,"Smooth nonlinear misspecified","Random forest",TRUE,"C-index",0.747352770525094,0.840000000000146,NA,NA,NA,NA,NA,NA,NA,NA,NA,NA,NA,NA,NA
62,"survival",4,"Smooth nonlinear misspecified","RuleFit",TRUE,"C-index",0.702186684073107,9.30999999999995,NA,9,9,0,4,4,1,0,0,0.444444444444444,0.444444444444444,0.888888888888889,1.66666666666667
63,"survival",4,"Smooth nonlinear misspecified","BRP-GABLE full",TRUE,"C-index",0.811205600967706,218.52,NA,36,36,0,8,28,0,0,0,0.222222222222222,0.777777777777778,1,1.77777777777778
63,"survival",4,"Smooth nonlinear misspecified","BRP-GABLE rule-only",TRUE,"C-index",0.811205600967706,218.5,NA,36,36,0,8,28,0,0,0,0.222222222222222,0.777777777777778,1,1.77777777777778
63,"survival",4,"Smooth nonlinear misspecified","GABLE",TRUE,"C-index",0.699864374473076,4.29999999999973,NA,5,5,0,4,1,0,0,0,0.8,0.2,1,1.2
63,"survival",4,"Smooth nonlinear misspecified","GBM",TRUE,"C-index",0.832594113119021,0.0500000000001819,NA,NA,NA,NA,NA,NA,NA,NA,NA,NA,NA,NA,NA
63,"survival",4,"Smooth nonlinear misspecified","Linear",TRUE,"C-index",0.674315457644515,0,NA,20,0,20,20,0,0,0,0,1,0,1,1
63,"survival",4,"Smooth nonlinear misspecified","Random forest",TRUE,"C-index",0.777244235915106,0.840000000000146,NA,NA,NA,NA,NA,NA,NA,NA,NA,NA,NA,NA,NA
63,"survival",4,"Smooth nonlinear misspecified","RuleFit",TRUE,"C-index",0.723232286206517,14.6399999999999,NA,10,10,0,1,8,1,0,0,0.1,0.8,0.9,2
64,"survival",4,"Smooth nonlinear misspecified","BRP-GABLE full",TRUE,"C-index",0.766140497976742,225.13,NA,57,57,0,26,31,0,0,0,0.456140350877193,0.543859649122807,1,1.54385964912281
64,"survival",4,"Smooth nonlinear misspecified","BRP-GABLE rule-only",TRUE,"C-index",0.770897889249389,224.639999999999,NA,63,63,0,31,32,0,0,0,0.492063492063492,0.507936507936508,1,1.50793650793651
64,"survival",4,"Smooth nonlinear misspecified","GABLE",TRUE,"C-index",0.681929204185046,3.69999999999982,NA,5,5,0,2,3,0,0,0,0.4,0.6,1,1.6
64,"survival",4,"Smooth nonlinear misspecified","GBM",TRUE,"C-index",0.799168823593744,0.0499999999997272,NA,NA,NA,NA,NA,NA,NA,NA,NA,NA,NA,NA,NA
64,"survival",4,"Smooth nonlinear misspecified","Linear",TRUE,"C-index",0.626626809084612,0,NA,20,0,20,20,0,0,0,0,1,0,1,1
64,"survival",4,"Smooth nonlinear misspecified","Random forest",TRUE,"C-index",0.733367358098502,0.940000000000055,NA,NA,NA,NA,NA,NA,NA,NA,NA,NA,NA,NA,NA
64,"survival",4,"Smooth nonlinear misspecified","RuleFit",TRUE,"C-index",0.657686559002588,9.58000000000038,NA,6,6,0,1,5,0,0,0,0.166666666666667,0.833333333333333,1,1.83333333333333
65,"survival",4,"Smooth nonlinear misspecified","BRP-GABLE full",TRUE,"C-index",0.755451947661302,221.82,NA,33,33,0,4,29,0,0,0,0.121212121212121,0.878787878787879,1,1.87878787878788
65,"survival",4,"Smooth nonlinear misspecified","BRP-GABLE rule-only",TRUE,"C-index",0.755564746578433,220.92,NA,36,36,0,6,30,0,0,0,0.166666666666667,0.833333333333333,1,1.83333333333333
65,"survival",4,"Smooth nonlinear misspecified","GABLE",TRUE,"C-index",0.645755000751993,4.90999999999985,NA,5,5,0,5,0,0,0,0,1,0,1,1
65,"survival",4,"Smooth nonlinear misspecified","GBM",TRUE,"C-index",0.775793352383817,0.0100000000002183,NA,NA,NA,NA,NA,NA,NA,NA,NA,NA,NA,NA,NA
65,"survival",4,"Smooth nonlinear misspecified","Linear",TRUE,"C-index",0.652842532711686,0,NA,20,0,20,20,0,0,0,0,1,0,1,1
65,"survival",4,"Smooth nonlinear misspecified","Random forest",TRUE,"C-index",0.76812302601895,0.800000000000182,NA,NA,NA,NA,NA,NA,NA,NA,NA,NA,NA,NA,NA
65,"survival",4,"Smooth nonlinear misspecified","RuleFit",TRUE,"C-index",0.690498571213716,8.75,NA,13,13,0,6,6,1,0,0,0.461538461538462,0.461538461538462,0.923076923076923,1.61538461538462
66,"survival",4,"Smooth nonlinear misspecified","BRP-GABLE full",TRUE,"C-index",0.792391384797572,229.37,NA,34,34,0,11,23,0,0,0,0.323529411764706,0.676470588235294,1,1.67647058823529
66,"survival",4,"Smooth nonlinear misspecified","BRP-GABLE rule-only",TRUE,"C-index",0.796702686699726,228.22,NA,34,34,0,9,25,0,0,0,0.264705882352941,0.735294117647059,1,1.73529411764706
66,"survival",4,"Smooth nonlinear misspecified","GABLE",TRUE,"C-index",0.707090518836504,4.42000000000007,NA,5,5,0,3,2,0,0,0,0.6,0.4,1,1.4
66,"survival",4,"Smooth nonlinear misspecified","GBM",TRUE,"C-index",0.816223817630079,0.0300000000002001,NA,NA,NA,NA,NA,NA,NA,NA,NA,NA,NA,NA,NA
66,"survival",4,"Smooth nonlinear misspecified","Linear",TRUE,"C-index",0.646399230256828,0,NA,20,0,20,20,0,0,0,0,1,0,1,1
66,"survival",4,"Smooth nonlinear misspecified","Random forest",TRUE,"C-index",0.783065650210939,0.829999999999927,NA,NA,NA,NA,NA,NA,NA,NA,NA,NA,NA,NA,NA
66,"survival",4,"Smooth nonlinear misspecified","RuleFit",TRUE,"C-index",0.702205610243505,10.23,NA,8,8,0,2,6,0,0,0,0.25,0.75,1,1.75
67,"survival",4,"Smooth nonlinear misspecified","BRP-GABLE full",TRUE,"C-index",0.809244670126573,229.889999999999,NA,62,61,1,30,32,0,0,0,0.483870967741935,0.516129032258065,1,1.51612903225806
67,"survival",4,"Smooth nonlinear misspecified","BRP-GABLE rule-only",TRUE,"C-index",0.810159429488855,228.85,NA,59,59,0,27,32,0,0,0,0.457627118644068,0.542372881355932,1,1.54237288135593
67,"survival",4,"Smooth nonlinear misspecified","GABLE",TRUE,"C-index",0.727420378598365,4.4699999999998,NA,5,5,0,4,1,0,0,0,0.8,0.2,1,1.2
67,"survival",4,"Smooth nonlinear misspecified","GBM",TRUE,"C-index",0.822648695067767,0.0299999999997453,NA,NA,NA,NA,NA,NA,NA,NA,NA,NA,NA,NA,NA
67,"survival",4,"Smooth nonlinear misspecified","Linear",TRUE,"C-index",0.67352425045738,0.0199999999999818,NA,20,0,20,20,0,0,0,0,1,0,1,1
67,"survival",4,"Smooth nonlinear misspecified","Random forest",TRUE,"C-index",0.766232311540903,0.890000000000327,NA,NA,NA,NA,NA,NA,NA,NA,NA,NA,NA,NA,NA
67,"survival",4,"Smooth nonlinear misspecified","RuleFit",TRUE,"C-index",0.716648620393533,9.98000000000002,NA,7,7,0,0,7,0,0,0,0,1,1,2
68,"survival",4,"Smooth nonlinear misspecified","BRP-GABLE full",TRUE,"C-index",0.77982194780486,235.49,NA,22,22,0,4,18,0,0,0,0.181818181818182,0.818181818181818,1,1.81818181818182
68,"survival",4,"Smooth nonlinear misspecified","BRP-GABLE rule-only",TRUE,"C-index",0.77982194780486,235.03,NA,22,22,0,4,18,0,0,0,0.181818181818182,0.818181818181818,1,1.81818181818182
68,"survival",4,"Smooth nonlinear misspecified","GABLE",TRUE,"C-index",0.748698711275442,4.67000000000007,NA,5,5,0,5,0,0,0,0,1,0,1,1
68,"survival",4,"Smooth nonlinear misspecified","GBM",TRUE,"C-index",0.832860681336827,0.0300000000002001,NA,NA,NA,NA,NA,NA,NA,NA,NA,NA,NA,NA,NA
68,"survival",4,"Smooth nonlinear misspecified","Linear",TRUE,"C-index",0.681839394048175,0.0199999999999818,NA,20,0,20,20,0,0,0,0,1,0,1,1
68,"survival",4,"Smooth nonlinear misspecified","Random forest",TRUE,"C-index",0.793839968410094,0.779999999999745,NA,NA,NA,NA,NA,NA,NA,NA,NA,NA,NA,NA,NA
68,"survival",4,"Smooth nonlinear misspecified","RuleFit",TRUE,"C-index",0.747783321965754,10.2400000000002,NA,14,14,0,4,9,1,0,0,0.285714285714286,0.642857142857143,0.928571428571429,1.78571428571429
69,"survival",4,"Smooth nonlinear misspecified","BRP-GABLE full",TRUE,"C-index",0.806342979794242,230.23,NA,40,40,0,11,29,0,0,0,0.275,0.725,1,1.725
69,"survival",4,"Smooth nonlinear misspecified","BRP-GABLE rule-only",TRUE,"C-index",0.806342979794242,229.04,NA,40,40,0,11,29,0,0,0,0.275,0.725,1,1.725
69,"survival",4,"Smooth nonlinear misspecified","GABLE",TRUE,"C-index",0.735826363703649,4.5,NA,5,5,0,4,1,0,0,0,0.8,0.2,1,1.2
69,"survival",4,"Smooth nonlinear misspecified","GBM",TRUE,"C-index",0.829398268077862,0.0199999999999818,NA,NA,NA,NA,NA,NA,NA,NA,NA,NA,NA,NA,NA
69,"survival",4,"Smooth nonlinear misspecified","Linear",TRUE,"C-index",0.67607875064762,0.0100000000002183,NA,20,0,20,20,0,0,0,0,1,0,1,1
69,"survival",4,"Smooth nonlinear misspecified","Random forest",TRUE,"C-index",0.796388128191844,0.809999999999945,NA,NA,NA,NA,NA,NA,NA,NA,NA,NA,NA,NA,NA
69,"survival",4,"Smooth nonlinear misspecified","RuleFit",TRUE,"C-index",0.695377840278292,9.15999999999985,NA,7,7,0,0,7,0,0,0,0,1,1,2
70,"survival",4,"Smooth nonlinear misspecified","BRP-GABLE full",TRUE,"C-index",0.790040252594261,226.44,NA,32,32,0,6,26,0,0,0,0.1875,0.8125,1,1.8125
70,"survival",4,"Smooth nonlinear misspecified","BRP-GABLE rule-only",TRUE,"C-index",0.790040252594261,225.47,NA,32,32,0,6,26,0,0,0,0.1875,0.8125,1,1.8125
70,"survival",4,"Smooth nonlinear misspecified","GABLE",TRUE,"C-index",0.73649322353115,4.94999999999982,NA,5,5,0,5,0,0,0,0,1,0,1,1
70,"survival",4,"Smooth nonlinear misspecified","GBM",TRUE,"C-index",0.799660253332841,0.0299999999997453,NA,NA,NA,NA,NA,NA,NA,NA,NA,NA,NA,NA,NA
70,"survival",4,"Smooth nonlinear misspecified","Linear",TRUE,"C-index",0.625835518298312,0.0199999999999818,NA,20,0,20,20,0,0,0,0,1,0,1,1
70,"survival",4,"Smooth nonlinear misspecified","Random forest",TRUE,"C-index",0.759887735883895,0.860000000000127,NA,NA,NA,NA,NA,NA,NA,NA,NA,NA,NA,NA,NA
70,"survival",4,"Smooth nonlinear misspecified","RuleFit",TRUE,"C-index",0.675080320543595,9.0300000000002,NA,10,10,0,3,7,0,0,0,0.3,0.7,1,1.7
71,"survival",4,"Smooth nonlinear misspecified","BRP-GABLE full",TRUE,"C-index",0.795711393337015,255.71,NA,42,42,0,15,27,0,0,0,0.357142857142857,0.642857142857143,1,1.64285714285714
71,"survival",4,"Smooth nonlinear misspecified","BRP-GABLE rule-only",TRUE,"C-index",0.797901711761458,256.32,NA,44,44,0,15,29,0,0,0,0.340909090909091,0.659090909090909,1,1.65909090909091
71,"survival",4,"Smooth nonlinear misspecified","GABLE",TRUE,"C-index",0.685330388367384,4.28999999999996,NA,5,5,0,3,2,0,0,0,0.6,0.4,1,1.4
71,"survival",4,"Smooth nonlinear misspecified","GBM",TRUE,"C-index",0.795453708816492,0.0300000000006548,NA,NA,NA,NA,NA,NA,NA,NA,NA,NA,NA,NA,NA
71,"survival",4,"Smooth nonlinear misspecified","Linear",TRUE,"C-index",0.624259157003497,0,NA,20,0,20,20,0,0,0,0,1,0,1,1
71,"survival",4,"Smooth nonlinear misspecified","Random forest",TRUE,"C-index",0.727848334253635,0.849999999999454,NA,NA,NA,NA,NA,NA,NA,NA,NA,NA,NA,NA,NA
71,"survival",4,"Smooth nonlinear misspecified","RuleFit",TRUE,"C-index",0.662028345297258,9.80000000000018,NA,6,6,0,2,3,1,0,0,0.333333333333333,0.5,0.833333333333333,1.83333333333333
72,"survival",4,"Smooth nonlinear misspecified","BRP-GABLE full",TRUE,"C-index",0.777824869167834,220.12,NA,47,47,0,13,34,0,0,0,0.276595744680851,0.723404255319149,1,1.72340425531915
72,"survival",4,"Smooth nonlinear misspecified","BRP-GABLE rule-only",TRUE,"C-index",0.777824869167834,219.61,NA,47,47,0,13,34,0,0,0,0.276595744680851,0.723404255319149,1,1.72340425531915
72,"survival",4,"Smooth nonlinear misspecified","GABLE",TRUE,"C-index",0.702200191641483,4.67000000000007,NA,5,5,0,4,1,0,0,0,0.8,0.2,1,1.2
72,"survival",4,"Smooth nonlinear misspecified","GBM",TRUE,"C-index",0.783518832461119,0.0399999999999636,NA,NA,NA,NA,NA,NA,NA,NA,NA,NA,NA,NA,NA
72,"survival",4,"Smooth nonlinear misspecified","Linear",TRUE,"C-index",0.639124345839169,0.0200000000004366,NA,20,0,20,20,0,0,0,0,1,0,1,1
72,"survival",4,"Smooth nonlinear misspecified","Random forest",TRUE,"C-index",0.75893712685192,0.9399999999996,NA,NA,NA,NA,NA,NA,NA,NA,NA,NA,NA,NA,NA
72,"survival",4,"Smooth nonlinear misspecified","RuleFit",TRUE,"C-index",0.691623055944571,10.54,NA,10,10,0,0,10,0,0,0,0,1,1,2
73,"survival",4,"Smooth nonlinear misspecified","BRP-GABLE full",TRUE,"C-index",0.807817159249613,229.449999999999,NA,55,55,0,15,40,0,0,0,0.272727272727273,0.727272727272727,1,1.72727272727273
73,"survival",4,"Smooth nonlinear misspecified","BRP-GABLE rule-only",TRUE,"C-index",0.809440229494583,230.180000000001,NA,54,54,0,15,39,0,0,0,0.277777777777778,0.722222222222222,1,1.72222222222222
73,"survival",4,"Smooth nonlinear misspecified","GABLE",TRUE,"C-index",0.69918469029555,4.55999999999949,NA,5,5,0,4,1,0,0,0,0.8,0.2,1,1.2
73,"survival",4,"Smooth nonlinear misspecified","GBM",TRUE,"C-index",0.80719435322538,0.00999999999930878,NA,NA,NA,NA,NA,NA,NA,NA,NA,NA,NA,NA,NA
73,"survival",4,"Smooth nonlinear misspecified","Linear",TRUE,"C-index",0.628581134639339,0.0200000000004366,NA,20,0,20,20,0,0,0,0,1,0,1,1
73,"survival",4,"Smooth nonlinear misspecified","Random forest",TRUE,"C-index",0.747367229079379,0.910000000000764,NA,NA,NA,NA,NA,NA,NA,NA,NA,NA,NA,NA,NA
73,"survival",4,"Smooth nonlinear misspecified","RuleFit",TRUE,"C-index",0.695013777224172,8.77999999999975,NA,19,19,0,11,7,1,0,0,0.578947368421053,0.368421052631579,0.947368421052632,1.47368421052632
74,"survival",4,"Smooth nonlinear misspecified","BRP-GABLE full",TRUE,"C-index",0.778371009882994,218.44,NA,35,35,0,8,27,0,0,0,0.228571428571429,0.771428571428571,1,1.77142857142857
74,"survival",4,"Smooth nonlinear misspecified","BRP-GABLE rule-only",TRUE,"C-index",0.783558635313719,218.34,NA,37,37,0,8,29,0,0,0,0.216216216216216,0.783783783783784,1,1.78378378378378
74,"survival",4,"Smooth nonlinear misspecified","GABLE",TRUE,"C-index",0.686016130864478,4.44999999999982,NA,5,5,0,4,1,0,0,0,0.8,0.2,1,1.2
74,"survival",4,"Smooth nonlinear misspecified","GBM",TRUE,"C-index",0.795978643644212,0.0200000000004366,NA,NA,NA,NA,NA,NA,NA,NA,NA,NA,NA,NA,NA
74,"survival",4,"Smooth nonlinear misspecified","Linear",TRUE,"C-index",0.641750918247567,0.00999999999930878,NA,20,0,20,20,0,0,0,0,1,0,1,1
74,"survival",4,"Smooth nonlinear misspecified","Random forest",TRUE,"C-index",0.74482184103904,0.890000000000327,NA,NA,NA,NA,NA,NA,NA,NA,NA,NA,NA,NA,NA
74,"survival",4,"Smooth nonlinear misspecified","RuleFit",TRUE,"C-index",0.732023173917983,13.1899999999996,NA,18,18,0,3,15,0,0,0,0.166666666666667,0.833333333333333,1,1.83333333333333
75,"survival",4,"Smooth nonlinear misspecified","BRP-GABLE full",TRUE,"C-index",0.795505015697986,213.550000000001,NA,44,44,0,13,31,0,0,0,0.295454545454545,0.704545454545455,1,1.70454545454545
75,"survival",4,"Smooth nonlinear misspecified","BRP-GABLE rule-only",TRUE,"C-index",0.795428440156214,212.61,NA,44,44,0,13,31,0,0,0,0.295454545454545,0.704545454545455,1,1.70454545454545
75,"survival",4,"Smooth nonlinear misspecified","GABLE",TRUE,"C-index",0.731679301631059,3.94000000000051,NA,5,5,0,3,2,0,0,0,0.6,0.4,1,1.4
75,"survival",4,"Smooth nonlinear misspecified","GBM",TRUE,"C-index",0.809575771498583,0.0299999999997453,NA,NA,NA,NA,NA,NA,NA,NA,NA,NA,NA,NA,NA
75,"survival",4,"Smooth nonlinear misspecified","Linear",TRUE,"C-index",0.647943946703423,0.0200000000004366,NA,20,0,20,20,0,0,0,0,1,0,1,1
75,"survival",4,"Smooth nonlinear misspecified","Random forest",TRUE,"C-index",0.763113561528448,0.859999999999673,NA,NA,NA,NA,NA,NA,NA,NA,NA,NA,NA,NA,NA
75,"survival",4,"Smooth nonlinear misspecified","RuleFit",TRUE,"C-index",0.669672256681216,11.6099999999997,NA,4,4,0,0,3,1,0,0,0,0.75,0.75,2.25
76,"survival",4,"Smooth nonlinear misspecified","BRP-GABLE full",TRUE,"C-index",0.788550100274827,232.46,NA,34,34,0,8,26,0,0,0,0.235294117647059,0.764705882352941,1,1.76470588235294
76,"survival",4,"Smooth nonlinear misspecified","BRP-GABLE rule-only",TRUE,"C-index",0.788550100274827,230.669999999999,NA,34,34,0,8,26,0,0,0,0.235294117647059,0.764705882352941,1,1.76470588235294
76,"survival",4,"Smooth nonlinear misspecified","GABLE",TRUE,"C-index",0.735033053554186,4.98000000000047,NA,5,5,0,5,0,0,0,0,1,0,1,1
76,"survival",4,"Smooth nonlinear misspecified","GBM",TRUE,"C-index",0.814250167124712,0.0299999999997453,NA,NA,NA,NA,NA,NA,NA,NA,NA,NA,NA,NA,NA
76,"survival",4,"Smooth nonlinear misspecified","Linear",TRUE,"C-index",0.630171581371165,0.0200000000004366,NA,20,0,20,20,0,0,0,0,1,0,1,1
76,"survival",4,"Smooth nonlinear misspecified","Random forest",TRUE,"C-index",0.778058382232786,0.809999999999491,NA,NA,NA,NA,NA,NA,NA,NA,NA,NA,NA,NA,NA
76,"survival",4,"Smooth nonlinear misspecified","RuleFit",TRUE,"C-index",0.636875139270593,8.93000000000029,NA,5,5,0,1,4,0,0,0,0.2,0.8,1,1.8
77,"survival",4,"Smooth nonlinear misspecified","BRP-GABLE full",TRUE,"C-index",0.759380097879282,226.71,NA,48,47,1,19,29,0,0,0,0.395833333333333,0.604166666666667,1,1.60416666666667
77,"survival",4,"Smooth nonlinear misspecified","BRP-GABLE rule-only",TRUE,"C-index",0.765534628503633,225.62,NA,53,53,0,24,29,0,0,0,0.452830188679245,0.547169811320755,1,1.54716981132075
77,"survival",4,"Smooth nonlinear misspecified","GABLE",TRUE,"C-index",0.681317662761382,4.72000000000025,NA,4,4,0,2,2,0,0,0,0.5,0.5,1,1.5
77,"survival",4,"Smooth nonlinear misspecified","GBM",TRUE,"C-index",0.791042562657571,0.0100000000002183,NA,NA,NA,NA,NA,NA,NA,NA,NA,NA,NA,NA,NA
77,"survival",4,"Smooth nonlinear misspecified","Linear",TRUE,"C-index",0.646707696870829,0,NA,20,0,20,20,0,0,0,0,1,0,1,1
77,"survival",4,"Smooth nonlinear misspecified","Random forest",TRUE,"C-index",0.731499332641258,0.809999999999491,NA,NA,NA,NA,NA,NA,NA,NA,NA,NA,NA,NA,NA
77,"survival",4,"Smooth nonlinear misspecified","RuleFit",TRUE,"C-index",0.728051312472193,13.5200000000004,NA,14,14,0,1,12,1,0,0,0.0714285714285714,0.857142857142857,0.928571428571429,2
78,"survival",4,"Smooth nonlinear misspecified","BRP-GABLE full",TRUE,"C-index",0.813073863425152,239.17,NA,40,40,0,12,28,0,0,0,0.3,0.7,1,1.7
78,"survival",4,"Smooth nonlinear misspecified","BRP-GABLE rule-only",TRUE,"C-index",0.814467863648191,270.740000000001,NA,43,43,0,15,28,0,0,0,0.348837209302326,0.651162790697674,1,1.65116279069767
78,"survival",4,"Smooth nonlinear misspecified","GABLE",TRUE,"C-index",0.725735102784283,3.78000000000065,NA,5,5,0,3,2,0,0,0,0.6,0.4,1,1.4
78,"survival",4,"Smooth nonlinear misspecified","GBM",TRUE,"C-index",0.814319170291067,0.0300000000006548,NA,NA,NA,NA,NA,NA,NA,NA,NA,NA,NA,NA,NA
78,"survival",4,"Smooth nonlinear misspecified","Linear",TRUE,"C-index",0.655142931489536,0,NA,20,0,20,20,0,0,0,0,1,0,1,1
78,"survival",4,"Smooth nonlinear misspecified","Random forest",TRUE,"C-index",0.772908070331958,0.889999999999418,NA,NA,NA,NA,NA,NA,NA,NA,NA,NA,NA,NA,NA
78,"survival",4,"Smooth nonlinear misspecified","RuleFit",TRUE,"C-index",0.673822534478272,8.22999999999956,NA,6,6,0,2,4,0,0,0,0.333333333333333,0.666666666666667,1,1.66666666666667
79,"survival",4,"Smooth nonlinear misspecified","BRP-GABLE full",TRUE,"C-index",0.778050657967083,228.22,NA,47,47,0,22,25,0,0,0,0.468085106382979,0.531914893617021,1,1.53191489361702
79,"survival",4,"Smooth nonlinear misspecified","BRP-GABLE rule-only",TRUE,"C-index",0.778050657967083,226.96,NA,47,47,0,22,25,0,0,0,0.468085106382979,0.531914893617021,1,1.53191489361702
79,"survival",4,"Smooth nonlinear misspecified","GABLE",TRUE,"C-index",0.73908581063744,4.55000000000018,NA,5,5,0,3,2,0,0,0,0.6,0.4,1,1.4
79,"survival",4,"Smooth nonlinear misspecified","GBM",TRUE,"C-index",0.803819508082548,0.0199999999995271,NA,NA,NA,NA,NA,NA,NA,NA,NA,NA,NA,NA,NA
79,"survival",4,"Smooth nonlinear misspecified","Linear",TRUE,"C-index",0.580293977493494,0,NA,20,0,20,20,0,0,0,0,1,0,1,1
79,"survival",4,"Smooth nonlinear misspecified","Random forest",TRUE,"C-index",0.767567171291375,0.840000000000146,NA,NA,NA,NA,NA,NA,NA,NA,NA,NA,NA,NA,NA
79,"survival",4,"Smooth nonlinear misspecified","RuleFit",TRUE,"C-index",0.662457387925663,10.8000000000002,NA,14,14,0,4,9,1,0,0,0.285714285714286,0.642857142857143,0.928571428571429,1.78571428571429
80,"survival",4,"Smooth nonlinear misspecified","BRP-GABLE full",TRUE,"C-index",0.773060304339658,230.05,NA,46,46,0,20,26,0,0,0,0.434782608695652,0.565217391304348,1,1.56521739130435
80,"survival",4,"Smooth nonlinear misspecified","BRP-GABLE rule-only",TRUE,"C-index",0.774863798609806,228.25,NA,45,45,0,19,26,0,0,0,0.422222222222222,0.577777777777778,1,1.57777777777778
80,"survival",4,"Smooth nonlinear misspecified","GABLE",TRUE,"C-index",0.722900619951155,4.19000000000051,NA,5,5,0,4,1,0,0,0,0.8,0.2,1,1.2
80,"survival",4,"Smooth nonlinear misspecified","GBM",TRUE,"C-index",0.793236896486943,0.0299999999997453,NA,NA,NA,NA,NA,NA,NA,NA,NA,NA,NA,NA,NA
80,"survival",4,"Smooth nonlinear misspecified","Linear",TRUE,"C-index",0.632913770430209,0.0100000000002183,NA,20,0,20,20,0,0,0,0,1,0,1,1
80,"survival",4,"Smooth nonlinear misspecified","Random forest",TRUE,"C-index",0.782528649257937,0.859999999999673,NA,NA,NA,NA,NA,NA,NA,NA,NA,NA,NA,NA,NA
80,"survival",4,"Smooth nonlinear misspecified","RuleFit",TRUE,"C-index",0.686229569791471,8.63999999999942,NA,3,3,0,0,3,0,0,0,0,1,1,2
81,"survival",4,"Smooth nonlinear misspecified","BRP-GABLE full",TRUE,"C-index",0.791821911106093,224.920000000001,NA,39,39,0,11,28,0,0,0,0.282051282051282,0.717948717948718,1,1.71794871794872
81,"survival",4,"Smooth nonlinear misspecified","BRP-GABLE rule-only",TRUE,"C-index",0.795020887433668,224.15,NA,44,44,0,16,28,0,0,0,0.363636363636364,0.636363636363636,1,1.63636363636364
81,"survival",4,"Smooth nonlinear misspecified","GABLE",TRUE,"C-index",0.707952278800196,4.50999999999931,NA,5,5,0,4,1,0,0,0,0.8,0.2,1,1.2
81,"survival",4,"Smooth nonlinear misspecified","GBM",TRUE,"C-index",0.793157954160551,0.0399999999999636,NA,NA,NA,NA,NA,NA,NA,NA,NA,NA,NA,NA,NA
81,"survival",4,"Smooth nonlinear misspecified","Linear",TRUE,"C-index",0.613450754582063,0.0200000000004366,NA,20,0,20,20,0,0,0,0,1,0,1,1
81,"survival",4,"Smooth nonlinear misspecified","Random forest",TRUE,"C-index",0.768619923977268,0.880000000000109,NA,NA,NA,NA,NA,NA,NA,NA,NA,NA,NA,NA,NA
81,"survival",4,"Smooth nonlinear misspecified","RuleFit",TRUE,"C-index",0.664352113206127,8.57000000000062,NA,3,3,0,0,3,0,0,0,0,1,1,2
82,"survival",4,"Smooth nonlinear misspecified","BRP-GABLE full",TRUE,"C-index",0.796921494434444,216.889999999999,NA,37,37,0,8,29,0,0,0,0.216216216216216,0.783783783783784,1,1.78378378378378
82,"survival",4,"Smooth nonlinear misspecified","BRP-GABLE rule-only",TRUE,"C-index",0.796921494434444,215.26,NA,37,37,0,8,29,0,0,0,0.216216216216216,0.783783783783784,1,1.78378378378378
82,"survival",4,"Smooth nonlinear misspecified","GABLE",TRUE,"C-index",0.661290915102311,5.03999999999996,NA,4,4,0,3,1,0,0,0,0.75,0.25,1,1.25
82,"survival",4,"Smooth nonlinear misspecified","GBM",TRUE,"C-index",0.803938135997943,0.0199999999995271,NA,NA,NA,NA,NA,NA,NA,NA,NA,NA,NA,NA,NA
82,"survival",4,"Smooth nonlinear misspecified","Linear",TRUE,"C-index",0.656919290253848,0.0100000000002183,NA,20,0,20,20,0,0,0,0,1,0,1,1
82,"survival",4,"Smooth nonlinear misspecified","Random forest",TRUE,"C-index",0.764446566988722,0.800000000000182,NA,NA,NA,NA,NA,NA,NA,NA,NA,NA,NA,NA,NA
82,"survival",4,"Smooth nonlinear misspecified","RuleFit",TRUE,"C-index",0.668619815583557,9.21000000000004,NA,6,6,0,3,3,0,0,0,0.5,0.5,1,1.5
83,"survival",4,"Smooth nonlinear misspecified","BRP-GABLE full",TRUE,"C-index",0.791742122419413,227.15,NA,60,60,0,29,31,0,0,0,0.483333333333333,0.516666666666667,1,1.51666666666667
83,"survival",4,"Smooth nonlinear misspecified","BRP-GABLE rule-only",TRUE,"C-index",0.793516841724013,226.049999999999,NA,63,63,0,31,32,0,0,0,0.492063492063492,0.507936507936508,1,1.50793650793651
83,"survival",4,"Smooth nonlinear misspecified","GABLE",TRUE,"C-index",0.703911626222383,4.86999999999989,NA,5,5,0,5,0,0,0,0,1,0,1,1
83,"survival",4,"Smooth nonlinear misspecified","GBM",TRUE,"C-index",0.809706628033321,0.0299999999997453,NA,NA,NA,NA,NA,NA,NA,NA,NA,NA,NA,NA,NA
83,"survival",4,"Smooth nonlinear misspecified","Linear",TRUE,"C-index",0.629952915610286,0,NA,20,0,20,20,0,0,0,0,1,0,1,1
83,"survival",4,"Smooth nonlinear misspecified","Random forest",TRUE,"C-index",0.761934081854401,0.930000000000291,NA,NA,NA,NA,NA,NA,NA,NA,NA,NA,NA,NA,NA
83,"survival",4,"Smooth nonlinear misspecified","RuleFit",TRUE,"C-index",0.643335747917421,9.23999999999978,NA,13,13,0,7,5,1,0,0,0.538461538461538,0.384615384615385,0.923076923076923,1.53846153846154
84,"survival",4,"Smooth nonlinear misspecified","BRP-GABLE full",TRUE,"C-index",0.7687788656937,231.259999999999,NA,47,47,0,19,28,0,0,0,0.404255319148936,0.595744680851064,1,1.59574468085106
84,"survival",4,"Smooth nonlinear misspecified","BRP-GABLE rule-only",TRUE,"C-index",0.77565121004988,230.87,NA,47,47,0,19,28,0,0,0,0.404255319148936,0.595744680851064,1,1.59574468085106
84,"survival",4,"Smooth nonlinear misspecified","GABLE",TRUE,"C-index",0.718991317199335,4.60000000000036,NA,5,5,0,4,1,0,0,0,0.8,0.2,1,1.2
84,"survival",4,"Smooth nonlinear misspecified","GBM",TRUE,"C-index",0.806669129872529,0.0299999999997453,NA,NA,NA,NA,NA,NA,NA,NA,NA,NA,NA,NA,NA
84,"survival",4,"Smooth nonlinear misspecified","Linear",TRUE,"C-index",0.623129503048217,0.0199999999995271,NA,20,0,20,20,0,0,0,0,1,0,1,1
84,"survival",4,"Smooth nonlinear misspecified","Random forest",TRUE,"C-index",0.766340291889895,0.850000000000364,NA,NA,NA,NA,NA,NA,NA,NA,NA,NA,NA,NA,NA
84,"survival",4,"Smooth nonlinear misspecified","RuleFit",TRUE,"C-index",0.717384075374099,7.89999999999964,NA,7,7,0,4,3,0,0,0,0.571428571428571,0.428571428571429,1,1.42857142857143
85,"survival",4,"Smooth nonlinear misspecified","BRP-GABLE full",TRUE,"C-index",0.76444827338646,220.81,NA,48,48,0,18,30,0,0,0,0.375,0.625,1,1.625
85,"survival",4,"Smooth nonlinear misspecified","BRP-GABLE rule-only",TRUE,"C-index",0.766727690430038,220.1,NA,56,56,0,21,35,0,0,0,0.375,0.625,1,1.625
85,"survival",4,"Smooth nonlinear misspecified","GABLE",TRUE,"C-index",0.710388398305693,5.07999999999993,NA,5,5,0,5,0,0,0,0,1,0,1,1
85,"survival",4,"Smooth nonlinear misspecified","GBM",TRUE,"C-index",0.764627755043435,0.0100000000002183,NA,NA,NA,NA,NA,NA,NA,NA,NA,NA,NA,NA,NA
85,"survival",4,"Smooth nonlinear misspecified","Linear",TRUE,"C-index",0.62287314236485,0.0199999999995271,NA,20,0,20,20,0,0,0,0,1,0,1,1
85,"survival",4,"Smooth nonlinear misspecified","Random forest",TRUE,"C-index",0.71211142221265,0.859999999999673,NA,NA,NA,NA,NA,NA,NA,NA,NA,NA,NA,NA,NA
85,"survival",4,"Smooth nonlinear misspecified","RuleFit",TRUE,"C-index",0.661156579797545,9.92000000000007,NA,11,11,0,3,8,0,0,0,0.272727272727273,0.727272727272727,1,1.72727272727273
86,"survival",4,"Smooth nonlinear misspecified","BRP-GABLE full",TRUE,"C-index",0.792834833731398,229.940000000001,NA,64,64,0,34,30,0,0,0,0.53125,0.46875,1,1.46875
86,"survival",4,"Smooth nonlinear misspecified","BRP-GABLE rule-only",TRUE,"C-index",0.797060444607753,228.41,NA,63,63,0,32,31,0,0,0,0.507936507936508,0.492063492063492,1,1.49206349206349
86,"survival",4,"Smooth nonlinear misspecified","GABLE",TRUE,"C-index",0.715230571376079,4.56999999999971,NA,5,5,0,4,1,0,0,0,0.8,0.2,1,1.2
86,"survival",4,"Smooth nonlinear misspecified","GBM",TRUE,"C-index",0.793110417049421,0.0500000000001819,NA,NA,NA,NA,NA,NA,NA,NA,NA,NA,NA,NA,NA
86,"survival",4,"Smooth nonlinear misspecified","Linear",TRUE,"C-index",0.621495498805806,0,NA,20,0,20,20,0,0,0,0,1,0,1,1
86,"survival",4,"Smooth nonlinear misspecified","Random forest",TRUE,"C-index",0.730699981627779,0.869999999999891,NA,NA,NA,NA,NA,NA,NA,NA,NA,NA,NA,NA,NA
86,"survival",4,"Smooth nonlinear misspecified","RuleFit",TRUE,"C-index",0.668583501745361,9.01000000000022,NA,4,4,0,0,4,0,0,0,0,1,1,2
87,"survival",4,"Smooth nonlinear misspecified","BRP-GABLE full",TRUE,"C-index",0.792432710692749,226.13,NA,55,54,1,23,32,0,0,0,0.418181818181818,0.581818181818182,1,1.58181818181818
87,"survival",4,"Smooth nonlinear misspecified","BRP-GABLE rule-only",TRUE,"C-index",0.793260038240918,224.89,NA,56,56,0,22,34,0,0,0,0.392857142857143,0.607142857142857,1,1.60714285714286
87,"survival",4,"Smooth nonlinear misspecified","GABLE",TRUE,"C-index",0.690744962494484,4.31999999999971,NA,5,5,0,3,2,0,0,0,0.6,0.4,1,1.4
87,"survival",4,"Smooth nonlinear misspecified","GBM",TRUE,"C-index",0.79434475658185,0.0200000000004366,NA,NA,NA,NA,NA,NA,NA,NA,NA,NA,NA,NA,NA
87,"survival",4,"Smooth nonlinear misspecified","Linear",TRUE,"C-index",0.638843947639359,0.00999999999930878,NA,20,0,20,20,0,0,0,0,1,0,1,1
87,"survival",4,"Smooth nonlinear misspecified","Random forest",TRUE,"C-index",0.752720988380644,0.869999999999891,NA,NA,NA,NA,NA,NA,NA,NA,NA,NA,NA,NA,NA
87,"survival",4,"Smooth nonlinear misspecified","RuleFit",TRUE,"C-index",0.719958817473158,9.67000000000007,NA,20,20,0,9,11,0,0,0,0.45,0.55,1,1.55
88,"survival",4,"Smooth nonlinear misspecified","BRP-GABLE full",TRUE,"C-index",0.754277386630328,222.929999999999,NA,33,33,0,8,25,0,0,0,0.242424242424242,0.757575757575758,1,1.75757575757576
88,"survival",4,"Smooth nonlinear misspecified","BRP-GABLE rule-only",TRUE,"C-index",0.754277386630328,221.91,NA,33,33,0,8,25,0,0,0,0.242424242424242,0.757575757575758,1,1.75757575757576
88,"survival",4,"Smooth nonlinear misspecified","GABLE",TRUE,"C-index",0.685195699901582,4.82999999999993,NA,5,5,0,4,1,0,0,0,0.8,0.2,1,1.2
88,"survival",4,"Smooth nonlinear misspecified","GBM",TRUE,"C-index",0.801650389885684,0.0199999999995271,NA,NA,NA,NA,NA,NA,NA,NA,NA,NA,NA,NA,NA
88,"survival",4,"Smooth nonlinear misspecified","Linear",TRUE,"C-index",0.659626012567189,0.0100000000002183,NA,20,0,20,20,0,0,0,0,1,0,1,1
88,"survival",4,"Smooth nonlinear misspecified","Random forest",TRUE,"C-index",0.747672041789689,0.890000000000327,NA,NA,NA,NA,NA,NA,NA,NA,NA,NA,NA,NA,NA
88,"survival",4,"Smooth nonlinear misspecified","RuleFit",TRUE,"C-index",0.631482322658793,8.80999999999949,NA,3,3,0,0,3,0,0,0,0,1,1,2
89,"survival",4,"Smooth nonlinear misspecified","BRP-GABLE full",TRUE,"C-index",0.783596543504172,217.62,NA,46,45,1,9,37,0,0,0,0.195652173913043,0.804347826086957,1,1.80434782608696
89,"survival",4,"Smooth nonlinear misspecified","BRP-GABLE rule-only",TRUE,"C-index",0.78411799761621,215.93,NA,45,45,0,8,37,0,0,0,0.177777777777778,0.822222222222222,1,1.82222222222222
89,"survival",4,"Smooth nonlinear misspecified","GABLE",TRUE,"C-index",0.698338796185936,3.68000000000029,NA,4,4,0,1,3,0,0,0,0.25,0.75,1,1.75
89,"survival",4,"Smooth nonlinear misspecified","GBM",TRUE,"C-index",0.802927592371871,0.0299999999997453,NA,NA,NA,NA,NA,NA,NA,NA,NA,NA,NA,NA,NA
89,"survival",4,"Smooth nonlinear misspecified","Linear",TRUE,"C-index",0.620977353992849,0.0200000000004366,NA,20,0,20,20,0,0,0,0,1,0,1,1
89,"survival",4,"Smooth nonlinear misspecified","Random forest",TRUE,"C-index",0.771752085816448,0.829999999999927,NA,NA,NA,NA,NA,NA,NA,NA,NA,NA,NA,NA,NA
89,"survival",4,"Smooth nonlinear misspecified","RuleFit",TRUE,"C-index",0.631164332538737,7.96999999999935,NA,3,3,0,0,2,1,0,0,0,0.666666666666667,0.666666666666667,2.33333333333333
90,"survival",4,"Smooth nonlinear misspecified","BRP-GABLE full",TRUE,"C-index",0.7632,226.14,NA,31,31,0,3,28,0,0,0,0.0967741935483871,0.903225806451613,1,1.90322580645161
90,"survival",4,"Smooth nonlinear misspecified","BRP-GABLE rule-only",TRUE,"C-index",0.7632,224.3,NA,31,31,0,3,28,0,0,0,0.0967741935483871,0.903225806451613,1,1.90322580645161
90,"survival",4,"Smooth nonlinear misspecified","GABLE",TRUE,"C-index",0.712114285714286,4.20000000000073,NA,5,5,0,3,2,0,0,0,0.6,0.4,1,1.4
90,"survival",4,"Smooth nonlinear misspecified","GBM",TRUE,"C-index",0.783542857142857,0.0299999999997453,NA,NA,NA,NA,NA,NA,NA,NA,NA,NA,NA,NA,NA
90,"survival",4,"Smooth nonlinear misspecified","Linear",TRUE,"C-index",0.585028571428571,0,NA,20,0,20,20,0,0,0,0,1,0,1,1
90,"survival",4,"Smooth nonlinear misspecified","Random forest",TRUE,"C-index",0.7432,0.920000000000073,NA,NA,NA,NA,NA,NA,NA,NA,NA,NA,NA,NA,NA
90,"survival",4,"Smooth nonlinear misspecified","RuleFit",TRUE,"C-index",0.630914285714286,8.09999999999945,NA,4,4,0,2,2,0,0,0,0.5,0.5,1,1.5
91,"survival",4,"Smooth nonlinear misspecified","BRP-GABLE full",TRUE,"C-index",0.787204026385023,223.690000000001,NA,48,47,1,17,31,0,0,0,0.354166666666667,0.645833333333333,1,1.64583333333333
91,"survival",4,"Smooth nonlinear misspecified","BRP-GABLE rule-only",TRUE,"C-index",0.786498646433065,221.549999999999,NA,46,46,0,13,33,0,0,0,0.282608695652174,0.717391304347826,1,1.71739130434783
91,"survival",4,"Smooth nonlinear misspecified","GABLE",TRUE,"C-index",0.712948488199184,4.52999999999975,NA,5,5,0,4,1,0,0,0,0.8,0.2,1,1.2
91,"survival",4,"Smooth nonlinear misspecified","GBM",TRUE,"C-index",0.795821100392725,0.0299999999997453,NA,NA,NA,NA,NA,NA,NA,NA,NA,NA,NA,NA,NA
91,"survival",4,"Smooth nonlinear misspecified","Linear",TRUE,"C-index",0.650245929767034,0,NA,20,0,20,20,0,0,0,0,1,0,1,1
91,"survival",4,"Smooth nonlinear misspecified","Random forest",TRUE,"C-index",0.761886605406642,0.830000000000837,NA,NA,NA,NA,NA,NA,NA,NA,NA,NA,NA,NA,NA
91,"survival",4,"Smooth nonlinear misspecified","RuleFit",TRUE,"C-index",0.697315743317955,14.0900000000001,NA,8,8,0,0,6,2,0,0,0,0.75,0.75,2.25
92,"survival",4,"Smooth nonlinear misspecified","BRP-GABLE full",TRUE,"C-index",0.794649339334979,211.02,NA,31,31,0,3,28,0,0,0,0.0967741935483871,0.903225806451613,1,1.90322580645161
92,"survival",4,"Smooth nonlinear misspecified","BRP-GABLE rule-only",TRUE,"C-index",0.795302744300857,209.92,NA,35,35,0,6,29,0,0,0,0.171428571428571,0.828571428571429,1,1.82857142857143
92,"survival",4,"Smooth nonlinear misspecified","GABLE",TRUE,"C-index",0.701593582111224,3.59999999999945,NA,5,5,0,2,3,0,0,0,0.4,0.6,1,1.6
92,"survival",4,"Smooth nonlinear misspecified","GBM",TRUE,"C-index",0.792979526644403,0.0299999999997453,NA,NA,NA,NA,NA,NA,NA,NA,NA,NA,NA,NA,NA
92,"survival",4,"Smooth nonlinear misspecified","Linear",TRUE,"C-index",0.629265282416146,0,NA,20,0,20,20,0,0,0,0,1,0,1,1
92,"survival",4,"Smooth nonlinear misspecified","Random forest",TRUE,"C-index",0.753702628139974,0.890000000000327,NA,NA,NA,NA,NA,NA,NA,NA,NA,NA,NA,NA,NA
92,"survival",4,"Smooth nonlinear misspecified","RuleFit",TRUE,"C-index",0.680993175548134,10.6500000000005,NA,18,18,0,6,12,0,0,0,0.333333333333333,0.666666666666667,1,1.66666666666667
93,"survival",4,"Smooth nonlinear misspecified","BRP-GABLE full",TRUE,"C-index",0.758552779653387,233.69,NA,45,45,0,14,31,0,0,0,0.311111111111111,0.688888888888889,1,1.68888888888889
93,"survival",4,"Smooth nonlinear misspecified","BRP-GABLE rule-only",TRUE,"C-index",0.761178633055743,232.01,NA,47,47,0,14,33,0,0,0,0.297872340425532,0.702127659574468,1,1.70212765957447
93,"survival",4,"Smooth nonlinear misspecified","GABLE",TRUE,"C-index",0.695588566284042,4.5,NA,4,4,0,3,1,0,0,0,0.75,0.25,1,1.25
93,"survival",4,"Smooth nonlinear misspecified","GBM",TRUE,"C-index",0.769412559081702,0.0399999999999636,NA,NA,NA,NA,NA,NA,NA,NA,NA,NA,NA,NA,NA
93,"survival",4,"Smooth nonlinear misspecified","Linear",TRUE,"C-index",0.663065496286293,0,NA,20,0,20,20,0,0,0,0,1,0,1,1
93,"survival",4,"Smooth nonlinear misspecified","Random forest",TRUE,"C-index",0.723572661114862,0.869999999999891,NA,NA,NA,NA,NA,NA,NA,NA,NA,NA,NA,NA,NA
93,"survival",4,"Smooth nonlinear misspecified","RuleFit",TRUE,"C-index",0.645941180883787,10.3800000000001,NA,13,13,0,4,8,1,0,0,0.307692307692308,0.615384615384615,0.923076923076923,1.76923076923077
94,"survival",4,"Smooth nonlinear misspecified","BRP-GABLE full",TRUE,"C-index",0.780800557675374,224.99,NA,56,56,0,27,29,0,0,0,0.482142857142857,0.517857142857143,1,1.51785714285714
94,"survival",4,"Smooth nonlinear misspecified","BRP-GABLE rule-only",TRUE,"C-index",0.782084678602876,223.84,NA,59,59,0,28,31,0,0,0,0.474576271186441,0.525423728813559,1,1.52542372881356
94,"survival",4,"Smooth nonlinear misspecified","GABLE",TRUE,"C-index",0.716686234223657,4.53000000000065,NA,5,5,0,3,2,0,0,0,0.6,0.4,1,1.4
94,"survival",4,"Smooth nonlinear misspecified","GBM",TRUE,"C-index",0.789734370413854,0.0399999999999636,NA,NA,NA,NA,NA,NA,NA,NA,NA,NA,NA,NA,NA
94,"survival",4,"Smooth nonlinear misspecified","Linear",TRUE,"C-index",0.60096859407103,0.0100000000002183,NA,20,0,20,20,0,0,0,0,1,0,1,1
94,"survival",4,"Smooth nonlinear misspecified","Random forest",TRUE,"C-index",0.722373055474024,0.899999999999636,NA,NA,NA,NA,NA,NA,NA,NA,NA,NA,NA,NA,NA
94,"survival",4,"Smooth nonlinear misspecified","RuleFit",TRUE,"C-index",0.639565600234811,9.1899999999996,NA,5,5,0,1,4,0,0,0,0.2,0.8,1,1.8
95,"survival",4,"Smooth nonlinear misspecified","BRP-GABLE full",TRUE,"C-index",0.793886631843683,232.039999999999,NA,45,45,0,20,25,0,0,0,0.444444444444444,0.555555555555556,1,1.55555555555556
95,"survival",4,"Smooth nonlinear misspecified","BRP-GABLE rule-only",TRUE,"C-index",0.794428322692977,230.74,NA,50,50,0,23,27,0,0,0,0.46,0.54,1,1.54
95,"survival",4,"Smooth nonlinear misspecified","GABLE",TRUE,"C-index",0.707854517314761,4.52999999999975,NA,5,5,0,4,1,0,0,0,0.8,0.2,1,1.2
95,"survival",4,"Smooth nonlinear misspecified","GBM",TRUE,"C-index",0.809653704778487,0.0200000000004366,NA,NA,NA,NA,NA,NA,NA,NA,NA,NA,NA,NA,NA
95,"survival",4,"Smooth nonlinear misspecified","Linear",TRUE,"C-index",0.630257303153415,0.00999999999930878,NA,20,0,20,20,0,0,0,0,1,0,1,1
95,"survival",4,"Smooth nonlinear misspecified","Random forest",TRUE,"C-index",0.754575353066357,0.859999999999673,NA,NA,NA,NA,NA,NA,NA,NA,NA,NA,NA,NA,NA
95,"survival",4,"Smooth nonlinear misspecified","RuleFit",TRUE,"C-index",0.656742116463533,9.1200000000008,NA,5,5,0,0,5,0,0,0,0,1,1,2
96,"survival",4,"Smooth nonlinear misspecified","BRP-GABLE full",TRUE,"C-index",0.799268226227083,230.110000000001,NA,41,41,0,10,31,0,0,0,0.24390243902439,0.75609756097561,1,1.75609756097561
96,"survival",4,"Smooth nonlinear misspecified","BRP-GABLE rule-only",TRUE,"C-index",0.799968860690514,229.530000000001,NA,42,42,0,11,31,0,0,0,0.261904761904762,0.738095238095238,1,1.73809523809524
96,"survival",4,"Smooth nonlinear misspecified","GABLE",TRUE,"C-index",0.743392627768479,4.66999999999916,NA,5,5,0,4,1,0,0,0,0.8,0.2,1,1.2
96,"survival",4,"Smooth nonlinear misspecified","GBM",TRUE,"C-index",0.783893192168464,0.0299999999997453,NA,NA,NA,NA,NA,NA,NA,NA,NA,NA,NA,NA,NA
96,"survival",4,"Smooth nonlinear misspecified","Linear",TRUE,"C-index",0.584095597680121,0,NA,20,0,20,20,0,0,0,0,1,0,1,1
96,"survival",4,"Smooth nonlinear misspecified","Random forest",TRUE,"C-index",0.743918103616052,0.890000000000327,NA,NA,NA,NA,NA,NA,NA,NA,NA,NA,NA,NA,NA
96,"survival",4,"Smooth nonlinear misspecified","RuleFit",TRUE,"C-index",0.700576077225488,9.25,NA,7,7,0,1,6,0,0,0,0.142857142857143,0.857142857142857,1,1.85714285714286
97,"survival",4,"Smooth nonlinear misspecified","BRP-GABLE full",TRUE,"C-index",0.782866359781072,222.150000000001,NA,44,44,0,11,33,0,0,0,0.25,0.75,1,1.75
97,"survival",4,"Smooth nonlinear misspecified","BRP-GABLE rule-only",TRUE,"C-index",0.782866359781072,221.12,NA,44,44,0,11,33,0,0,0,0.25,0.75,1,1.75
97,"survival",4,"Smooth nonlinear misspecified","GABLE",TRUE,"C-index",0.672731885896553,4,NA,4,4,0,2,2,0,0,0,0.5,0.5,1,1.5
97,"survival",4,"Smooth nonlinear misspecified","GBM",TRUE,"C-index",0.786291637971655,0.0399999999999636,NA,NA,NA,NA,NA,NA,NA,NA,NA,NA,NA,NA,NA
97,"survival",4,"Smooth nonlinear misspecified","Linear",TRUE,"C-index",0.638007901699953,0.0200000000004366,NA,20,0,20,20,0,0,0,0,1,0,1,1
97,"survival",4,"Smooth nonlinear misspecified","Random forest",TRUE,"C-index",0.735800500199355,0.850000000000364,NA,NA,NA,NA,NA,NA,NA,NA,NA,NA,NA,NA,NA
97,"survival",4,"Smooth nonlinear misspecified","RuleFit",TRUE,"C-index",0.654989307332633,9.56999999999971,NA,7,7,0,4,3,0,0,0,0.571428571428571,0.428571428571429,1,1.42857142857143
98,"survival",4,"Smooth nonlinear misspecified","BRP-GABLE full",TRUE,"C-index",0.797963279565896,209.95,NA,48,48,0,17,31,0,0,0,0.354166666666667,0.645833333333333,1,1.64583333333333
98,"survival",4,"Smooth nonlinear misspecified","BRP-GABLE rule-only",TRUE,"C-index",0.801382591243589,209.119999999999,NA,50,50,0,17,33,0,0,0,0.34,0.66,1,1.66
98,"survival",4,"Smooth nonlinear misspecified","GABLE",TRUE,"C-index",0.742994127703858,3.67000000000007,NA,5,5,0,4,1,0,0,0,0.8,0.2,1,1.2
98,"survival",4,"Smooth nonlinear misspecified","GBM",TRUE,"C-index",0.817141158105999,0.0300000000006548,NA,NA,NA,NA,NA,NA,NA,NA,NA,NA,NA,NA,NA
98,"survival",4,"Smooth nonlinear misspecified","Linear",TRUE,"C-index",0.614546941202706,0.00999999999930878,NA,20,0,20,20,0,0,0,0,1,0,1,1
98,"survival",4,"Smooth nonlinear misspecified","Random forest",TRUE,"C-index",0.751170742585297,0.829999999999927,NA,NA,NA,NA,NA,NA,NA,NA,NA,NA,NA,NA,NA
98,"survival",4,"Smooth nonlinear misspecified","RuleFit",TRUE,"C-index",0.677599791867985,8.46000000000004,NA,7,7,0,1,6,0,0,0,0.142857142857143,0.857142857142857,1,1.85714285714286
99,"survival",4,"Smooth nonlinear misspecified","BRP-GABLE full",TRUE,"C-index",0.805069292487236,209.06,NA,62,62,0,35,27,0,0,0,0.564516129032258,0.435483870967742,1,1.43548387096774
99,"survival",4,"Smooth nonlinear misspecified","BRP-GABLE rule-only",TRUE,"C-index",0.807038657913931,208.15,NA,63,63,0,37,26,0,0,0,0.587301587301587,0.412698412698413,1,1.41269841269841
99,"survival",4,"Smooth nonlinear misspecified","GABLE",TRUE,"C-index",0.699872355944566,3.19999999999982,NA,5,5,0,4,1,0,0,0,0.8,0.2,1,1.2
99,"survival",4,"Smooth nonlinear misspecified","GBM",TRUE,"C-index",0.816083150984683,0.0299999999997453,NA,NA,NA,NA,NA,NA,NA,NA,NA,NA,NA,NA,NA
99,"survival",4,"Smooth nonlinear misspecified","Linear",TRUE,"C-index",0.666301969365427,0,NA,20,0,20,20,0,0,0,0,1,0,1,1
99,"survival",4,"Smooth nonlinear misspecified","Random forest",TRUE,"C-index",0.793946024799417,0.670000000000073,NA,NA,NA,NA,NA,NA,NA,NA,NA,NA,NA,NA,NA
99,"survival",4,"Smooth nonlinear misspecified","RuleFit",TRUE,"C-index",0.677078774617068,6.93000000000029,NA,3,3,0,0,3,0,0,0,0,1,1,2
100,"survival",4,"Smooth nonlinear misspecified","BRP-GABLE full",TRUE,"C-index",0.778438440670408,179.25,NA,40,40,0,10,30,0,0,0,0.25,0.75,1,1.75
100,"survival",4,"Smooth nonlinear misspecified","BRP-GABLE rule-only",TRUE,"C-index",0.780649596789178,182.210000000001,NA,43,43,0,13,30,0,0,0,0.302325581395349,0.697674418604651,1,1.69767441860465
100,"survival",4,"Smooth nonlinear misspecified","GABLE",TRUE,"C-index",0.632948084284069,2.41000000000076,NA,5,5,0,3,2,0,0,0,0.6,0.4,1,1.4
100,"survival",4,"Smooth nonlinear misspecified","GBM",TRUE,"C-index",0.785685086773942,0.0200000000004366,NA,NA,NA,NA,NA,NA,NA,NA,NA,NA,NA,NA,NA
100,"survival",4,"Smooth nonlinear misspecified","Linear",TRUE,"C-index",0.644579880337434,0,NA,20,0,20,20,0,0,0,0,1,0,1,1
100,"survival",4,"Smooth nonlinear misspecified","Random forest",TRUE,"C-index",0.713590248615705,0.559999999999491,NA,NA,NA,NA,NA,NA,NA,NA,NA,NA,NA,NA,NA
100,"survival",4,"Smooth nonlinear misspecified","RuleFit",TRUE,"C-index",0.651752201865547,5.97999999999956,NA,8,8,0,2,6,0,0,0,0.25,0.75,1,1.75
