"Sim","Outcome","Scenario","Scenario_name","method","fit_ok","metric_name","metric_value","elapsed_time","error_message","n_rules_total","n_rule_terms_selected","n_linear_selected","n_rules_deg1","n_rules_deg2","n_rules_deg3","n_rules_deg4","n_rules_deg5plus","prop_deg1","prop_deg2","prop_deg_le2","avg_rule_degree"
1,"continuous",1,"Purely rule-based","BRP-GABLE full",TRUE,"MSE",1.36555856135855,26.77,NA,45,44,1,36,9,0,0,0,0.8,0.2,1,1.2
1,"continuous",1,"Purely rule-based","BRP-GABLE rule-only",TRUE,"MSE",1.34604433396633,26.7,NA,44,44,0,35,9,0,0,0,0.795454545454545,0.204545454545455,1,1.20454545454545
1,"continuous",1,"Purely rule-based","GABLE",TRUE,"MSE",2.54172505879985,0.539999999999999,NA,5,5,0,5,0,0,0,0,1,0,1,1
1,"continuous",1,"Purely rule-based","GBM",TRUE,"MSE",1.71492190556019,0.00999999999999801,NA,NA,NA,NA,NA,NA,NA,NA,NA,NA,NA,NA,NA
1,"continuous",1,"Purely rule-based","Linear",TRUE,"MSE",3.54980929259577,0,NA,20,0,20,20,0,0,0,0,1,0,1,1
1,"continuous",1,"Purely rule-based","Random forest",TRUE,"MSE",2.61921284017311,0.380000000000003,NA,NA,NA,NA,NA,NA,NA,NA,NA,NA,NA,NA,NA
1,"continuous",1,"Purely rule-based","RuleFit",TRUE,"MSE",1.53856951069595,11.91,NA,47,47,0,9,34,4,0,0,0.191489361702128,0.723404255319149,0.914893617021277,1.8936170212766
2,"continuous",1,"Purely rule-based","BRP-GABLE full",TRUE,"MSE",1.4669378304909,25.98,NA,30,29,1,19,11,0,0,0,0.633333333333333,0.366666666666667,1,1.36666666666667
2,"continuous",1,"Purely rule-based","BRP-GABLE rule-only",TRUE,"MSE",1.40722216879154,25.94,NA,29,29,0,18,11,0,0,0,0.620689655172414,0.379310344827586,1,1.37931034482759
2,"continuous",1,"Purely rule-based","GABLE",TRUE,"MSE",2.33219746160012,0.510000000000002,NA,5,5,0,5,0,0,0,0,1,0,1,1
2,"continuous",1,"Purely rule-based","GBM",TRUE,"MSE",1.60184373235143,0.00999999999999801,NA,NA,NA,NA,NA,NA,NA,NA,NA,NA,NA,NA,NA
2,"continuous",1,"Purely rule-based","Linear",TRUE,"MSE",3.55632561623942,0,NA,20,0,20,20,0,0,0,0,1,0,1,1
2,"continuous",1,"Purely rule-based","Random forest",TRUE,"MSE",2.70495600795249,0.379999999999999,NA,NA,NA,NA,NA,NA,NA,NA,NA,NA,NA,NA,NA
2,"continuous",1,"Purely rule-based","RuleFit",TRUE,"MSE",1.32097432577435,12.36,NA,51,51,0,5,45,1,0,0,0.0980392156862745,0.882352941176471,0.980392156862745,1.92156862745098
3,"continuous",1,"Purely rule-based","BRP-GABLE full",TRUE,"MSE",1.6865076809462,26.5,NA,38,34,4,29,9,0,0,0,0.763157894736842,0.236842105263158,1,1.23684210526316
3,"continuous",1,"Purely rule-based","BRP-GABLE rule-only",TRUE,"MSE",1.73202999634617,26.44,NA,36,36,0,27,9,0,0,0,0.75,0.25,1,1.25
3,"continuous",1,"Purely rule-based","GABLE",TRUE,"MSE",1.91496199465763,0.530000000000001,NA,5,5,0,5,0,0,0,0,1,0,1,1
3,"continuous",1,"Purely rule-based","GBM",TRUE,"MSE",1.93174177877905,0.0100000000000016,NA,NA,NA,NA,NA,NA,NA,NA,NA,NA,NA,NA,NA
3,"continuous",1,"Purely rule-based","Linear",TRUE,"MSE",3.59733935681783,0.0199999999999996,NA,20,0,20,20,0,0,0,0,1,0,1,1
3,"continuous",1,"Purely rule-based","Random forest",TRUE,"MSE",2.92351271253636,0.469999999999999,NA,NA,NA,NA,NA,NA,NA,NA,NA,NA,NA,NA,NA
3,"continuous",1,"Purely rule-based","RuleFit",TRUE,"MSE",1.62041724071223,12.55,NA,53,53,0,5,46,2,0,0,0.0943396226415094,0.867924528301887,0.962264150943396,1.94339622641509
4,"continuous",1,"Purely rule-based","BRP-GABLE full",TRUE,"MSE",1.53437106487827,27,NA,24,23,1,19,5,0,0,0,0.791666666666667,0.208333333333333,1,1.20833333333333
4,"continuous",1,"Purely rule-based","BRP-GABLE rule-only",TRUE,"MSE",1.4836813085277,26.91,NA,22,22,0,17,5,0,0,0,0.772727272727273,0.227272727272727,1,1.22727272727273
4,"continuous",1,"Purely rule-based","GABLE",TRUE,"MSE",2.25203467266228,0.509999999999998,NA,5,5,0,5,0,0,0,0,1,0,1,1
4,"continuous",1,"Purely rule-based","GBM",TRUE,"MSE",1.8684288415905,0.0100000000000016,NA,NA,NA,NA,NA,NA,NA,NA,NA,NA,NA,NA,NA
4,"continuous",1,"Purely rule-based","Linear",TRUE,"MSE",4.14935493994214,0.0199999999999996,NA,20,0,20,20,0,0,0,0,1,0,1,1
4,"continuous",1,"Purely rule-based","Random forest",TRUE,"MSE",2.65288737220168,0.300000000000001,NA,NA,NA,NA,NA,NA,NA,NA,NA,NA,NA,NA,NA
4,"continuous",1,"Purely rule-based","RuleFit",TRUE,"MSE",1.57998757347186,12.64,NA,41,41,0,6,35,0,0,0,0.146341463414634,0.853658536585366,1,1.85365853658537
5,"continuous",1,"Purely rule-based","BRP-GABLE full",TRUE,"MSE",1.75850467362568,25.59,NA,37,37,0,19,18,0,0,0,0.513513513513513,0.486486486486487,1,1.48648648648649
5,"continuous",1,"Purely rule-based","BRP-GABLE rule-only",TRUE,"MSE",1.73181353924496,25.51,NA,42,42,0,23,19,0,0,0,0.547619047619048,0.452380952380952,1,1.45238095238095
5,"continuous",1,"Purely rule-based","GABLE",TRUE,"MSE",2.57335185543647,0.530000000000001,NA,5,5,0,5,0,0,0,0,1,0,1,1
5,"continuous",1,"Purely rule-based","GBM",TRUE,"MSE",2.00732491621616,0.0199999999999996,NA,NA,NA,NA,NA,NA,NA,NA,NA,NA,NA,NA,NA
5,"continuous",1,"Purely rule-based","Linear",TRUE,"MSE",4.06485833968396,0.0199999999999996,NA,20,0,20,20,0,0,0,0,1,0,1,1
5,"continuous",1,"Purely rule-based","Random forest",TRUE,"MSE",2.90302969745794,0.370000000000001,NA,NA,NA,NA,NA,NA,NA,NA,NA,NA,NA,NA,NA
5,"continuous",1,"Purely rule-based","RuleFit",TRUE,"MSE",1.73391944053712,12.1,NA,42,42,0,5,35,2,0,0,0.119047619047619,0.833333333333333,0.952380952380952,1.92857142857143
6,"continuous",1,"Purely rule-based","BRP-GABLE full",TRUE,"MSE",1.40147881269746,24.06,NA,35,34,1,25,10,0,0,0,0.714285714285714,0.285714285714286,1,1.28571428571429
6,"continuous",1,"Purely rule-based","BRP-GABLE rule-only",TRUE,"MSE",1.40745336602047,24.24,NA,37,37,0,27,10,0,0,0,0.72972972972973,0.27027027027027,1,1.27027027027027
6,"continuous",1,"Purely rule-based","GABLE",TRUE,"MSE",2.37272879783959,0.550000000000004,NA,5,5,0,5,0,0,0,0,1,0,1,1
6,"continuous",1,"Purely rule-based","GBM",TRUE,"MSE",1.63812226305872,0.0399999999999991,NA,NA,NA,NA,NA,NA,NA,NA,NA,NA,NA,NA,NA
6,"continuous",1,"Purely rule-based","Linear",TRUE,"MSE",3.65374218574052,0.0300000000000011,NA,20,0,20,20,0,0,0,0,1,0,1,1
6,"continuous",1,"Purely rule-based","Random forest",TRUE,"MSE",2.54487287860014,0.369999999999997,NA,NA,NA,NA,NA,NA,NA,NA,NA,NA,NA,NA,NA
6,"continuous",1,"Purely rule-based","RuleFit",TRUE,"MSE",1.5160939273819,13.23,NA,46,46,0,8,38,0,0,0,0.173913043478261,0.826086956521739,1,1.82608695652174
7,"continuous",1,"Purely rule-based","BRP-GABLE full",TRUE,"MSE",1.86556703169926,24.45,NA,35,34,1,28,7,0,0,0,0.8,0.2,1,1.2
7,"continuous",1,"Purely rule-based","BRP-GABLE rule-only",TRUE,"MSE",1.71889935177827,24.42,NA,34,34,0,27,7,0,0,0,0.794117647058823,0.205882352941176,1,1.20588235294118
7,"continuous",1,"Purely rule-based","GABLE",TRUE,"MSE",2.04701717384952,0.629999999999995,NA,5,5,0,5,0,0,0,0,1,0,1,1
7,"continuous",1,"Purely rule-based","GBM",TRUE,"MSE",1.95870864302147,0.00999999999999801,NA,NA,NA,NA,NA,NA,NA,NA,NA,NA,NA,NA,NA
7,"continuous",1,"Purely rule-based","Linear",TRUE,"MSE",3.95186347701945,0.0300000000000011,NA,20,0,20,20,0,0,0,0,1,0,1,1
7,"continuous",1,"Purely rule-based","Random forest",TRUE,"MSE",3.1676160777967,0.390000000000001,NA,NA,NA,NA,NA,NA,NA,NA,NA,NA,NA,NA,NA
7,"continuous",1,"Purely rule-based","RuleFit",TRUE,"MSE",1.8745653308158,13.08,NA,44,44,0,7,33,4,0,0,0.159090909090909,0.75,0.909090909090909,1.93181818181818
8,"continuous",1,"Purely rule-based","BRP-GABLE full",TRUE,"MSE",1.53090573157589,24.89,NA,44,44,0,33,11,0,0,0,0.75,0.25,1,1.25
8,"continuous",1,"Purely rule-based","BRP-GABLE rule-only",TRUE,"MSE",1.49570683667631,24.85,NA,45,45,0,34,11,0,0,0,0.755555555555556,0.244444444444444,1,1.24444444444444
8,"continuous",1,"Purely rule-based","GABLE",TRUE,"MSE",2.26795108059444,0.620000000000005,NA,5,5,0,5,0,0,0,0,1,0,1,1
8,"continuous",1,"Purely rule-based","GBM",TRUE,"MSE",1.75285247594042,0.0300000000000011,NA,NA,NA,NA,NA,NA,NA,NA,NA,NA,NA,NA,NA
8,"continuous",1,"Purely rule-based","Linear",TRUE,"MSE",3.47131228044727,0.0300000000000011,NA,20,0,20,20,0,0,0,0,1,0,1,1
8,"continuous",1,"Purely rule-based","Random forest",TRUE,"MSE",2.72965408521067,0.379999999999995,NA,NA,NA,NA,NA,NA,NA,NA,NA,NA,NA,NA,NA
8,"continuous",1,"Purely rule-based","RuleFit",TRUE,"MSE",1.46218165641476,14.28,NA,62,62,0,8,49,5,0,0,0.129032258064516,0.790322580645161,0.919354838709677,1.95161290322581
9,"continuous",1,"Purely rule-based","BRP-GABLE full",TRUE,"MSE",1.5303013656116,24.83,NA,38,38,0,27,11,0,0,0,0.710526315789474,0.289473684210526,1,1.28947368421053
9,"continuous",1,"Purely rule-based","BRP-GABLE rule-only",TRUE,"MSE",1.45694101281001,24.8,NA,36,36,0,26,10,0,0,0,0.722222222222222,0.277777777777778,1,1.27777777777778
9,"continuous",1,"Purely rule-based","GABLE",TRUE,"MSE",2.38009753282511,0.659999999999997,NA,5,5,0,5,0,0,0,0,1,0,1,1
9,"continuous",1,"Purely rule-based","GBM",TRUE,"MSE",1.63220230551567,0.019999999999996,NA,NA,NA,NA,NA,NA,NA,NA,NA,NA,NA,NA,NA
9,"continuous",1,"Purely rule-based","Linear",TRUE,"MSE",3.34918917416564,0.0300000000000011,NA,20,0,20,20,0,0,0,0,1,0,1,1
9,"continuous",1,"Purely rule-based","Random forest",TRUE,"MSE",2.54251733385519,0.370000000000005,NA,NA,NA,NA,NA,NA,NA,NA,NA,NA,NA,NA,NA
9,"continuous",1,"Purely rule-based","RuleFit",TRUE,"MSE",1.513913117598,13.98,NA,43,43,0,6,33,4,0,0,0.13953488372093,0.767441860465116,0.906976744186046,1.95348837209302
10,"continuous",1,"Purely rule-based","BRP-GABLE full",TRUE,"MSE",1.66495763664898,23.95,NA,34,33,1,23,11,0,0,0,0.676470588235294,0.323529411764706,1,1.32352941176471
10,"continuous",1,"Purely rule-based","BRP-GABLE rule-only",TRUE,"MSE",1.62653937327282,23.87,NA,35,35,0,23,12,0,0,0,0.657142857142857,0.342857142857143,1,1.34285714285714
10,"continuous",1,"Purely rule-based","GABLE",TRUE,"MSE",2.94008844727422,0.609999999999999,NA,5,5,0,5,0,0,0,0,1,0,1,1
10,"continuous",1,"Purely rule-based","GBM",TRUE,"MSE",1.71573646353289,0.019999999999996,NA,NA,NA,NA,NA,NA,NA,NA,NA,NA,NA,NA,NA
10,"continuous",1,"Purely rule-based","Linear",TRUE,"MSE",4.03823142771387,0.0300000000000011,NA,20,0,20,20,0,0,0,0,1,0,1,1
10,"continuous",1,"Purely rule-based","Random forest",TRUE,"MSE",2.50054660809474,0.390000000000001,NA,NA,NA,NA,NA,NA,NA,NA,NA,NA,NA,NA,NA
10,"continuous",1,"Purely rule-based","RuleFit",TRUE,"MSE",1.73092536334156,14.15,NA,41,41,0,3,34,4,0,0,0.0731707317073171,0.829268292682927,0.902439024390244,2.02439024390244
11,"continuous",1,"Purely rule-based","BRP-GABLE full",TRUE,"MSE",1.47881369250272,26.41,NA,42,37,5,27,15,0,0,0,0.642857142857143,0.357142857142857,1,1.35714285714286
11,"continuous",1,"Purely rule-based","BRP-GABLE rule-only",TRUE,"MSE",1.44759237764296,26.38,NA,38,38,0,22,16,0,0,0,0.578947368421053,0.421052631578947,1,1.42105263157895
11,"continuous",1,"Purely rule-based","GABLE",TRUE,"MSE",2.23813728164224,0.609999999999999,NA,5,5,0,5,0,0,0,0,1,0,1,1
11,"continuous",1,"Purely rule-based","GBM",TRUE,"MSE",1.71620586742258,0.019999999999996,NA,NA,NA,NA,NA,NA,NA,NA,NA,NA,NA,NA,NA
11,"continuous",1,"Purely rule-based","Linear",TRUE,"MSE",3.73129067174912,0,NA,20,0,20,20,0,0,0,0,1,0,1,1
11,"continuous",1,"Purely rule-based","Random forest",TRUE,"MSE",2.21761852570837,0.370000000000005,NA,NA,NA,NA,NA,NA,NA,NA,NA,NA,NA,NA,NA
11,"continuous",1,"Purely rule-based","RuleFit",TRUE,"MSE",1.67419710204986,12.6,NA,34,34,0,6,26,2,0,0,0.176470588235294,0.764705882352941,0.941176470588235,1.88235294117647
12,"continuous",1,"Purely rule-based","BRP-GABLE full",TRUE,"MSE",1.36329326774783,24.89,NA,36,35,1,25,11,0,0,0,0.694444444444444,0.305555555555556,1,1.30555555555556
12,"continuous",1,"Purely rule-based","BRP-GABLE rule-only",TRUE,"MSE",1.36265767110545,24.86,NA,35,35,0,24,11,0,0,0,0.685714285714286,0.314285714285714,1,1.31428571428571
12,"continuous",1,"Purely rule-based","GABLE",TRUE,"MSE",2.60909365555323,0.640000000000001,NA,5,5,0,4,1,0,0,0,0.8,0.2,1,1.2
12,"continuous",1,"Purely rule-based","GBM",TRUE,"MSE",1.70772373401764,0.0300000000000011,NA,NA,NA,NA,NA,NA,NA,NA,NA,NA,NA,NA,NA
12,"continuous",1,"Purely rule-based","Linear",TRUE,"MSE",4.09047485987377,0,NA,20,0,20,20,0,0,0,0,1,0,1,1
12,"continuous",1,"Purely rule-based","Random forest",TRUE,"MSE",2.25817430810955,0.379999999999995,NA,NA,NA,NA,NA,NA,NA,NA,NA,NA,NA,NA,NA
12,"continuous",1,"Purely rule-based","RuleFit",TRUE,"MSE",1.35636999163398,12.47,NA,56,56,0,4,48,4,0,0,0.0714285714285714,0.857142857142857,0.928571428571429,2
13,"continuous",1,"Purely rule-based","BRP-GABLE full",TRUE,"MSE",1.38306761010597,25.42,NA,26,26,0,22,4,0,0,0,0.846153846153846,0.153846153846154,1,1.15384615384615
13,"continuous",1,"Purely rule-based","BRP-GABLE rule-only",TRUE,"MSE",1.3722439738806,25.38,NA,28,28,0,24,4,0,0,0,0.857142857142857,0.142857142857143,1,1.14285714285714
13,"continuous",1,"Purely rule-based","GABLE",TRUE,"MSE",2.2239344943383,0.530000000000001,NA,5,5,0,5,0,0,0,0,1,0,1,1
13,"continuous",1,"Purely rule-based","GBM",TRUE,"MSE",1.45075810599569,0.00999999999999091,NA,NA,NA,NA,NA,NA,NA,NA,NA,NA,NA,NA,NA
13,"continuous",1,"Purely rule-based","Linear",TRUE,"MSE",4.08141023845449,0.019999999999996,NA,20,0,20,20,0,0,0,0,1,0,1,1
13,"continuous",1,"Purely rule-based","Random forest",TRUE,"MSE",2.3253093478292,0.38000000000001,NA,NA,NA,NA,NA,NA,NA,NA,NA,NA,NA,NA,NA
13,"continuous",1,"Purely rule-based","RuleFit",TRUE,"MSE",1.41920788414613,12.64,NA,50,50,0,6,44,0,0,0,0.12,0.88,1,1.88
14,"continuous",1,"Purely rule-based","BRP-GABLE full",TRUE,"MSE",1.74460631371407,23.4,NA,39,36,3,23,16,0,0,0,0.58974358974359,0.41025641025641,1,1.41025641025641
14,"continuous",1,"Purely rule-based","BRP-GABLE rule-only",TRUE,"MSE",1.76984934331799,23.35,NA,33,33,0,17,16,0,0,0,0.515151515151515,0.484848484848485,1,1.48484848484848
14,"continuous",1,"Purely rule-based","GABLE",TRUE,"MSE",2.88250028526651,0.489999999999995,NA,5,5,0,5,0,0,0,0,1,0,1,1
14,"continuous",1,"Purely rule-based","GBM",TRUE,"MSE",2.0694192586017,0.0100000000000051,NA,NA,NA,NA,NA,NA,NA,NA,NA,NA,NA,NA,NA
14,"continuous",1,"Purely rule-based","Linear",TRUE,"MSE",3.51347563322044,0.019999999999996,NA,20,0,20,20,0,0,0,0,1,0,1,1
14,"continuous",1,"Purely rule-based","Random forest",TRUE,"MSE",2.86177450942633,0.359999999999999,NA,NA,NA,NA,NA,NA,NA,NA,NA,NA,NA,NA,NA
14,"continuous",1,"Purely rule-based","RuleFit",TRUE,"MSE",1.72161860598933,12.95,NA,50,50,0,4,41,5,0,0,0.08,0.82,0.9,2.02
15,"continuous",1,"Purely rule-based","BRP-GABLE full",TRUE,"MSE",1.67049083011995,24.94,NA,32,31,1,24,8,0,0,0,0.75,0.25,1,1.25
15,"continuous",1,"Purely rule-based","BRP-GABLE rule-only",TRUE,"MSE",1.63941900382814,24.96,NA,35,35,0,27,8,0,0,0,0.771428571428571,0.228571428571429,1,1.22857142857143
15,"continuous",1,"Purely rule-based","GABLE",TRUE,"MSE",2.44686927601848,0.519999999999996,NA,5,5,0,5,0,0,0,0,1,0,1,1
15,"continuous",1,"Purely rule-based","GBM",TRUE,"MSE",1.75685068991331,0.0100000000000051,NA,NA,NA,NA,NA,NA,NA,NA,NA,NA,NA,NA,NA
15,"continuous",1,"Purely rule-based","Linear",TRUE,"MSE",3.02159471878926,0,NA,20,0,20,20,0,0,0,0,1,0,1,1
15,"continuous",1,"Purely rule-based","Random forest",TRUE,"MSE",2.54240824199979,0.390000000000001,NA,NA,NA,NA,NA,NA,NA,NA,NA,NA,NA,NA,NA
15,"continuous",1,"Purely rule-based","RuleFit",TRUE,"MSE",1.89420106275424,12.39,NA,40,40,0,5,34,1,0,0,0.125,0.85,0.975,1.9
16,"continuous",1,"Purely rule-based","BRP-GABLE full",TRUE,"MSE",1.49847249336095,24.84,NA,48,42,6,44,4,0,0,0,0.916666666666667,0.0833333333333333,1,1.08333333333333
16,"continuous",1,"Purely rule-based","BRP-GABLE rule-only",TRUE,"MSE",1.50347873787909,24.75,NA,36,36,0,32,4,0,0,0,0.888888888888889,0.111111111111111,1,1.11111111111111
16,"continuous",1,"Purely rule-based","GABLE",TRUE,"MSE",2.09164742350459,0.560000000000002,NA,5,5,0,5,0,0,0,0,1,0,1,1
16,"continuous",1,"Purely rule-based","GBM",TRUE,"MSE",1.75886360438044,0.039999999999992,NA,NA,NA,NA,NA,NA,NA,NA,NA,NA,NA,NA,NA
16,"continuous",1,"Purely rule-based","Linear",TRUE,"MSE",3.75867786163903,0,NA,20,0,20,20,0,0,0,0,1,0,1,1
16,"continuous",1,"Purely rule-based","Random forest",TRUE,"MSE",2.56659801220462,0.390000000000015,NA,NA,NA,NA,NA,NA,NA,NA,NA,NA,NA,NA,NA
16,"continuous",1,"Purely rule-based","RuleFit",TRUE,"MSE",1.50011340815086,13.17,NA,66,66,0,8,53,5,0,0,0.121212121212121,0.803030303030303,0.924242424242424,1.95454545454545
17,"continuous",1,"Purely rule-based","BRP-GABLE full",TRUE,"MSE",1.90993159911776,24.6,NA,31,31,0,19,12,0,0,0,0.612903225806452,0.387096774193548,1,1.38709677419355
17,"continuous",1,"Purely rule-based","BRP-GABLE rule-only",TRUE,"MSE",1.90993159911776,24.53,NA,31,31,0,19,12,0,0,0,0.612903225806452,0.387096774193548,1,1.38709677419355
17,"continuous",1,"Purely rule-based","GABLE",TRUE,"MSE",2.56427509380298,0.530000000000001,NA,5,5,0,5,0,0,0,0,1,0,1,1
17,"continuous",1,"Purely rule-based","GBM",TRUE,"MSE",1.99259774652262,0.00999999999999091,NA,NA,NA,NA,NA,NA,NA,NA,NA,NA,NA,NA,NA
17,"continuous",1,"Purely rule-based","Linear",TRUE,"MSE",3.63630680254629,0.0200000000000102,NA,20,0,20,20,0,0,0,0,1,0,1,1
17,"continuous",1,"Purely rule-based","Random forest",TRUE,"MSE",2.95192474979148,0.379999999999995,NA,NA,NA,NA,NA,NA,NA,NA,NA,NA,NA,NA,NA
17,"continuous",1,"Purely rule-based","RuleFit",TRUE,"MSE",1.92155245163582,12.37,NA,44,44,0,4,37,3,0,0,0.0909090909090909,0.840909090909091,0.931818181818182,1.97727272727273
18,"continuous",1,"Purely rule-based","BRP-GABLE full",TRUE,"MSE",1.51968470354864,25.06,NA,39,35,4,33,6,0,0,0,0.846153846153846,0.153846153846154,1,1.15384615384615
18,"continuous",1,"Purely rule-based","BRP-GABLE rule-only",TRUE,"MSE",1.52092393893837,25.02,NA,34,34,0,28,6,0,0,0,0.823529411764706,0.176470588235294,1,1.17647058823529
18,"continuous",1,"Purely rule-based","GABLE",TRUE,"MSE",2.29745158949861,0.52000000000001,NA,5,5,0,5,0,0,0,0,1,0,1,1
18,"continuous",1,"Purely rule-based","GBM",TRUE,"MSE",2.02191132296142,0.0199999999999818,NA,NA,NA,NA,NA,NA,NA,NA,NA,NA,NA,NA,NA
18,"continuous",1,"Purely rule-based","Linear",TRUE,"MSE",4.33356522483451,0.0100000000000193,NA,20,0,20,20,0,0,0,0,1,0,1,1
18,"continuous",1,"Purely rule-based","Random forest",TRUE,"MSE",3.41796848194642,0.370000000000005,NA,NA,NA,NA,NA,NA,NA,NA,NA,NA,NA,NA,NA
18,"continuous",1,"Purely rule-based","RuleFit",TRUE,"MSE",1.57083377397057,11.47,NA,48,48,0,8,38,2,0,0,0.166666666666667,0.791666666666667,0.958333333333333,1.875
19,"continuous",1,"Purely rule-based","BRP-GABLE full",TRUE,"MSE",1.70943293760192,25.61,NA,40,39,1,37,3,0,0,0,0.925,0.075,1,1.075
19,"continuous",1,"Purely rule-based","BRP-GABLE rule-only",TRUE,"MSE",1.68789869885242,25.51,NA,40,40,0,38,2,0,0,0,0.95,0.05,1,1.05
19,"continuous",1,"Purely rule-based","GABLE",TRUE,"MSE",2.65632000597372,0.560000000000002,NA,5,5,0,5,0,0,0,0,1,0,1,1
19,"continuous",1,"Purely rule-based","GBM",TRUE,"MSE",1.91229123163314,0.0300000000000011,NA,NA,NA,NA,NA,NA,NA,NA,NA,NA,NA,NA,NA
19,"continuous",1,"Purely rule-based","Linear",TRUE,"MSE",3.46006942981426,0,NA,20,0,20,20,0,0,0,0,1,0,1,1
19,"continuous",1,"Purely rule-based","Random forest",TRUE,"MSE",2.96086392054319,0.360000000000014,NA,NA,NA,NA,NA,NA,NA,NA,NA,NA,NA,NA,NA
19,"continuous",1,"Purely rule-based","RuleFit",TRUE,"MSE",1.5678129386885,13.19,NA,56,56,0,5,46,5,0,0,0.0892857142857143,0.821428571428571,0.910714285714286,2
20,"continuous",1,"Purely rule-based","BRP-GABLE full",TRUE,"MSE",1.56366232833771,24.45,NA,37,36,1,26,11,0,0,0,0.702702702702703,0.297297297297297,1,1.2972972972973
20,"continuous",1,"Purely rule-based","BRP-GABLE rule-only",TRUE,"MSE",1.53032399869789,24.4,NA,42,42,0,27,15,0,0,0,0.642857142857143,0.357142857142857,1,1.35714285714286
20,"continuous",1,"Purely rule-based","GABLE",TRUE,"MSE",2.49369368422682,0.5,NA,5,5,0,5,0,0,0,0,1,0,1,1
20,"continuous",1,"Purely rule-based","GBM",TRUE,"MSE",1.8015355557247,0.00999999999999091,NA,NA,NA,NA,NA,NA,NA,NA,NA,NA,NA,NA,NA
20,"continuous",1,"Purely rule-based","Linear",TRUE,"MSE",3.64871119769886,0,NA,20,0,20,20,0,0,0,0,1,0,1,1
20,"continuous",1,"Purely rule-based","Random forest",TRUE,"MSE",2.30958499533733,0.379999999999995,NA,NA,NA,NA,NA,NA,NA,NA,NA,NA,NA,NA,NA
20,"continuous",1,"Purely rule-based","RuleFit",TRUE,"MSE",1.53782489759268,12.11,NA,39,39,0,8,31,0,0,0,0.205128205128205,0.794871794871795,1,1.79487179487179
21,"continuous",1,"Purely rule-based","BRP-GABLE full",TRUE,"MSE",1.35659220220302,24.96,NA,28,26,2,17,11,0,0,0,0.607142857142857,0.392857142857143,1,1.39285714285714
21,"continuous",1,"Purely rule-based","BRP-GABLE rule-only",TRUE,"MSE",1.31399801201579,24.93,NA,27,27,0,16,11,0,0,0,0.592592592592593,0.407407407407407,1,1.40740740740741
21,"continuous",1,"Purely rule-based","GABLE",TRUE,"MSE",2.13171436087177,0.579999999999984,NA,5,5,0,5,0,0,0,0,1,0,1,1
21,"continuous",1,"Purely rule-based","GBM",TRUE,"MSE",1.68446529006044,0.00999999999999091,NA,NA,NA,NA,NA,NA,NA,NA,NA,NA,NA,NA,NA
21,"continuous",1,"Purely rule-based","Linear",TRUE,"MSE",3.51878312083508,0,NA,20,0,20,20,0,0,0,0,1,0,1,1
21,"continuous",1,"Purely rule-based","Random forest",TRUE,"MSE",2.23508776798582,0.330000000000013,NA,NA,NA,NA,NA,NA,NA,NA,NA,NA,NA,NA,NA
21,"continuous",1,"Purely rule-based","RuleFit",TRUE,"MSE",1.29848000902262,12.14,NA,43,43,0,6,37,0,0,0,0.13953488372093,0.86046511627907,1,1.86046511627907
22,"continuous",1,"Purely rule-based","BRP-GABLE full",TRUE,"MSE",1.5133766451723,24.42,NA,36,36,0,28,8,0,0,0,0.777777777777778,0.222222222222222,1,1.22222222222222
22,"continuous",1,"Purely rule-based","BRP-GABLE rule-only",TRUE,"MSE",1.5100297063286,24.37,NA,38,38,0,30,8,0,0,0,0.789473684210526,0.210526315789474,1,1.21052631578947
22,"continuous",1,"Purely rule-based","GABLE",TRUE,"MSE",2.15733389905102,0.640000000000015,NA,5,5,0,5,0,0,0,0,1,0,1,1
22,"continuous",1,"Purely rule-based","GBM",TRUE,"MSE",1.74030857021644,0.039999999999992,NA,NA,NA,NA,NA,NA,NA,NA,NA,NA,NA,NA,NA
22,"continuous",1,"Purely rule-based","Linear",TRUE,"MSE",3.39185785729748,0,NA,20,0,20,20,0,0,0,0,1,0,1,1
22,"continuous",1,"Purely rule-based","Random forest",TRUE,"MSE",2.36180743879205,0.370000000000005,NA,NA,NA,NA,NA,NA,NA,NA,NA,NA,NA,NA,NA
22,"continuous",1,"Purely rule-based","RuleFit",TRUE,"MSE",1.47140053256231,12.5,NA,46,46,0,3,43,0,0,0,0.0652173913043478,0.934782608695652,1,1.93478260869565
23,"continuous",1,"Purely rule-based","BRP-GABLE full",TRUE,"MSE",1.49729524260874,24.28,NA,27,27,0,15,12,0,0,0,0.555555555555556,0.444444444444444,1,1.44444444444444
23,"continuous",1,"Purely rule-based","BRP-GABLE rule-only",TRUE,"MSE",1.48278597805802,24.25,NA,27,27,0,15,12,0,0,0,0.555555555555556,0.444444444444444,1,1.44444444444444
23,"continuous",1,"Purely rule-based","GABLE",TRUE,"MSE",2.31138150323618,0.5,NA,5,5,0,5,0,0,0,0,1,0,1,1
23,"continuous",1,"Purely rule-based","GBM",TRUE,"MSE",1.46022743641922,0.0100000000000193,NA,NA,NA,NA,NA,NA,NA,NA,NA,NA,NA,NA,NA
23,"continuous",1,"Purely rule-based","Linear",TRUE,"MSE",2.86051329169546,0.0199999999999818,NA,20,0,20,20,0,0,0,0,1,0,1,1
23,"continuous",1,"Purely rule-based","Random forest",TRUE,"MSE",2.25623358223718,0.379999999999995,NA,NA,NA,NA,NA,NA,NA,NA,NA,NA,NA,NA,NA
23,"continuous",1,"Purely rule-based","RuleFit",TRUE,"MSE",1.4105125623846,11.25,NA,39,39,0,7,32,0,0,0,0.179487179487179,0.82051282051282,1,1.82051282051282
24,"continuous",1,"Purely rule-based","BRP-GABLE full",TRUE,"MSE",1.54471756211284,24.65,NA,39,37,2,34,5,0,0,0,0.871794871794872,0.128205128205128,1,1.12820512820513
24,"continuous",1,"Purely rule-based","BRP-GABLE rule-only",TRUE,"MSE",1.55444659512009,24.76,NA,35,35,0,30,5,0,0,0,0.857142857142857,0.142857142857143,1,1.14285714285714
24,"continuous",1,"Purely rule-based","GABLE",TRUE,"MSE",2.74032118207281,0.480000000000018,NA,5,5,0,5,0,0,0,0,1,0,1,1
24,"continuous",1,"Purely rule-based","GBM",TRUE,"MSE",1.63641773230641,0.0200000000000102,NA,NA,NA,NA,NA,NA,NA,NA,NA,NA,NA,NA,NA
24,"continuous",1,"Purely rule-based","Linear",TRUE,"MSE",3.53471616931416,0.00999999999999091,NA,20,0,20,20,0,0,0,0,1,0,1,1
24,"continuous",1,"Purely rule-based","Random forest",TRUE,"MSE",2.17801066132221,0.359999999999985,NA,NA,NA,NA,NA,NA,NA,NA,NA,NA,NA,NA,NA
24,"continuous",1,"Purely rule-based","RuleFit",TRUE,"MSE",1.50093632156926,13.1,NA,49,49,0,7,35,7,0,0,0.142857142857143,0.714285714285714,0.857142857142857,2
25,"continuous",1,"Purely rule-based","BRP-GABLE full",TRUE,"MSE",1.38384983941933,23.98,NA,42,40,2,39,3,0,0,0,0.928571428571429,0.0714285714285714,1,1.07142857142857
25,"continuous",1,"Purely rule-based","BRP-GABLE rule-only",TRUE,"MSE",1.30972866104788,23.95,NA,47,47,0,43,4,0,0,0,0.914893617021277,0.0851063829787234,1,1.08510638297872
25,"continuous",1,"Purely rule-based","GABLE",TRUE,"MSE",2.07557631764104,0.530000000000001,NA,5,5,0,5,0,0,0,0,1,0,1,1
25,"continuous",1,"Purely rule-based","GBM",TRUE,"MSE",1.54870725453925,0.0200000000000102,NA,NA,NA,NA,NA,NA,NA,NA,NA,NA,NA,NA,NA
25,"continuous",1,"Purely rule-based","Linear",TRUE,"MSE",3.5105384032292,0.0199999999999818,NA,20,0,20,20,0,0,0,0,1,0,1,1
25,"continuous",1,"Purely rule-based","Random forest",TRUE,"MSE",2.55329232868308,0.340000000000003,NA,NA,NA,NA,NA,NA,NA,NA,NA,NA,NA,NA,NA
25,"continuous",1,"Purely rule-based","RuleFit",TRUE,"MSE",1.3026803939459,11.84,NA,50,50,0,12,34,4,0,0,0.24,0.68,0.92,1.84
26,"continuous",1,"Purely rule-based","BRP-GABLE full",TRUE,"MSE",1.46371590809394,23.53,NA,26,26,0,18,8,0,0,0,0.692307692307692,0.307692307692308,1,1.30769230769231
26,"continuous",1,"Purely rule-based","BRP-GABLE rule-only",TRUE,"MSE",1.41815045272261,23.49,NA,27,27,0,19,8,0,0,0,0.703703703703704,0.296296296296296,1,1.2962962962963
26,"continuous",1,"Purely rule-based","GABLE",TRUE,"MSE",2.66810556484325,0.530000000000001,NA,5,5,0,5,0,0,0,0,1,0,1,1
26,"continuous",1,"Purely rule-based","GBM",TRUE,"MSE",1.65846251173571,0.0200000000000102,NA,NA,NA,NA,NA,NA,NA,NA,NA,NA,NA,NA,NA
26,"continuous",1,"Purely rule-based","Linear",TRUE,"MSE",3.6767818571482,0,NA,20,0,20,20,0,0,0,0,1,0,1,1
26,"continuous",1,"Purely rule-based","Random forest",TRUE,"MSE",2.74413828004835,0.389999999999986,NA,NA,NA,NA,NA,NA,NA,NA,NA,NA,NA,NA,NA
26,"continuous",1,"Purely rule-based","RuleFit",TRUE,"MSE",1.6742704296967,11.73,NA,40,40,0,7,31,2,0,0,0.175,0.775,0.95,1.875
27,"continuous",1,"Purely rule-based","BRP-GABLE full",TRUE,"MSE",1.5111026934286,23,NA,38,38,0,23,15,0,0,0,0.605263157894737,0.394736842105263,1,1.39473684210526
27,"continuous",1,"Purely rule-based","BRP-GABLE rule-only",TRUE,"MSE",1.46815760801169,22.96,NA,39,39,0,23,16,0,0,0,0.58974358974359,0.41025641025641,1,1.41025641025641
27,"continuous",1,"Purely rule-based","GABLE",TRUE,"MSE",2.27870306528114,0.5,NA,5,5,0,5,0,0,0,0,1,0,1,1
27,"continuous",1,"Purely rule-based","GBM",TRUE,"MSE",1.74852137890854,0.0100000000000193,NA,NA,NA,NA,NA,NA,NA,NA,NA,NA,NA,NA,NA
27,"continuous",1,"Purely rule-based","Linear",TRUE,"MSE",3.23751382776033,0,NA,20,0,20,20,0,0,0,0,1,0,1,1
27,"continuous",1,"Purely rule-based","Random forest",TRUE,"MSE",2.36747849618538,0.359999999999985,NA,NA,NA,NA,NA,NA,NA,NA,NA,NA,NA,NA,NA
27,"continuous",1,"Purely rule-based","RuleFit",TRUE,"MSE",1.58087549031705,12.86,NA,46,46,0,4,40,2,0,0,0.0869565217391304,0.869565217391304,0.956521739130435,1.95652173913043
28,"continuous",1,"Purely rule-based","BRP-GABLE full",TRUE,"MSE",1.44371800756285,23.71,NA,36,35,1,28,8,0,0,0,0.777777777777778,0.222222222222222,1,1.22222222222222
28,"continuous",1,"Purely rule-based","BRP-GABLE rule-only",TRUE,"MSE",1.4287880466274,23.71,NA,35,35,0,27,8,0,0,0,0.771428571428571,0.228571428571429,1,1.22857142857143
28,"continuous",1,"Purely rule-based","GABLE",TRUE,"MSE",2.48163622992208,0.530000000000001,NA,5,5,0,5,0,0,0,0,1,0,1,1
28,"continuous",1,"Purely rule-based","GBM",TRUE,"MSE",1.78397551080172,0.0200000000000102,NA,NA,NA,NA,NA,NA,NA,NA,NA,NA,NA,NA,NA
28,"continuous",1,"Purely rule-based","Linear",TRUE,"MSE",4.32572869231308,0,NA,20,0,20,20,0,0,0,0,1,0,1,1
28,"continuous",1,"Purely rule-based","Random forest",TRUE,"MSE",3.00542894391221,0.370000000000005,NA,NA,NA,NA,NA,NA,NA,NA,NA,NA,NA,NA,NA
28,"continuous",1,"Purely rule-based","RuleFit",TRUE,"MSE",1.75817791443772,12.82,NA,48,48,0,5,41,2,0,0,0.104166666666667,0.854166666666667,0.958333333333333,1.9375
29,"continuous",1,"Purely rule-based","BRP-GABLE full",TRUE,"MSE",1.68744767101059,23.69,NA,39,37,2,35,4,0,0,0,0.897435897435897,0.102564102564103,1,1.1025641025641
29,"continuous",1,"Purely rule-based","BRP-GABLE rule-only",TRUE,"MSE",1.7120412004044,23.63,NA,32,32,0,28,4,0,0,0,0.875,0.125,1,1.125
29,"continuous",1,"Purely rule-based","GABLE",TRUE,"MSE",2.27135518455736,0.530000000000001,NA,5,5,0,5,0,0,0,0,1,0,1,1
29,"continuous",1,"Purely rule-based","GBM",TRUE,"MSE",1.95654597647321,0.0100000000000193,NA,NA,NA,NA,NA,NA,NA,NA,NA,NA,NA,NA,NA
29,"continuous",1,"Purely rule-based","Linear",TRUE,"MSE",3.75078831727711,0,NA,20,0,20,20,0,0,0,0,1,0,1,1
29,"continuous",1,"Purely rule-based","Random forest",TRUE,"MSE",2.7409854537604,0.379999999999995,NA,NA,NA,NA,NA,NA,NA,NA,NA,NA,NA,NA,NA
29,"continuous",1,"Purely rule-based","RuleFit",TRUE,"MSE",1.41492412466399,11.95,NA,59,59,0,15,39,5,0,0,0.254237288135593,0.661016949152542,0.915254237288136,1.83050847457627
30,"continuous",1,"Purely rule-based","BRP-GABLE full",TRUE,"MSE",1.67674181950321,24.4,NA,34,34,0,29,5,0,0,0,0.852941176470588,0.147058823529412,1,1.14705882352941
30,"continuous",1,"Purely rule-based","BRP-GABLE rule-only",TRUE,"MSE",1.60369349265307,24.46,NA,34,34,0,29,5,0,0,0,0.852941176470588,0.147058823529412,1,1.14705882352941
30,"continuous",1,"Purely rule-based","GABLE",TRUE,"MSE",2.29439007269195,0.5,NA,5,5,0,5,0,0,0,0,1,0,1,1
30,"continuous",1,"Purely rule-based","GBM",TRUE,"MSE",1.80086453628859,0,NA,NA,NA,NA,NA,NA,NA,NA,NA,NA,NA,NA,NA
30,"continuous",1,"Purely rule-based","Linear",TRUE,"MSE",3.8409650452122,0,NA,20,0,20,20,0,0,0,0,1,0,1,1
30,"continuous",1,"Purely rule-based","Random forest",TRUE,"MSE",2.93897120849897,0.340000000000003,NA,NA,NA,NA,NA,NA,NA,NA,NA,NA,NA,NA,NA
30,"continuous",1,"Purely rule-based","RuleFit",TRUE,"MSE",1.66301890727225,12.49,NA,44,44,0,4,37,3,0,0,0.0909090909090909,0.840909090909091,0.931818181818182,1.97727272727273
31,"continuous",1,"Purely rule-based","BRP-GABLE full",TRUE,"MSE",1.40519710428894,24.03,NA,41,41,0,33,8,0,0,0,0.804878048780488,0.195121951219512,1,1.19512195121951
31,"continuous",1,"Purely rule-based","BRP-GABLE rule-only",TRUE,"MSE",1.38433562901023,23.98,NA,39,39,0,32,7,0,0,0,0.82051282051282,0.179487179487179,1,1.17948717948718
31,"continuous",1,"Purely rule-based","GABLE",TRUE,"MSE",2.2280151338467,0.530000000000001,NA,5,5,0,5,0,0,0,0,1,0,1,1
31,"continuous",1,"Purely rule-based","GBM",TRUE,"MSE",1.60325868609316,0.00999999999999091,NA,NA,NA,NA,NA,NA,NA,NA,NA,NA,NA,NA,NA
31,"continuous",1,"Purely rule-based","Linear",TRUE,"MSE",3.33188568577002,0.0200000000000102,NA,20,0,20,20,0,0,0,0,1,0,1,1
31,"continuous",1,"Purely rule-based","Random forest",TRUE,"MSE",2.34519989409133,0.390000000000015,NA,NA,NA,NA,NA,NA,NA,NA,NA,NA,NA,NA,NA
31,"continuous",1,"Purely rule-based","RuleFit",TRUE,"MSE",1.54210989589016,12.69,NA,43,43,0,4,38,1,0,0,0.0930232558139535,0.883720930232558,0.976744186046512,1.93023255813953
32,"continuous",1,"Purely rule-based","BRP-GABLE full",TRUE,"MSE",1.60729702735609,22.45,NA,39,38,1,26,13,0,0,0,0.666666666666667,0.333333333333333,1,1.33333333333333
32,"continuous",1,"Purely rule-based","BRP-GABLE rule-only",TRUE,"MSE",1.63039701598684,22.44,NA,39,39,0,26,13,0,0,0,0.666666666666667,0.333333333333333,1,1.33333333333333
32,"continuous",1,"Purely rule-based","GABLE",TRUE,"MSE",2.73165947212838,0.519999999999982,NA,5,5,0,5,0,0,0,0,1,0,1,1
32,"continuous",1,"Purely rule-based","GBM",TRUE,"MSE",1.77330793916739,0.0300000000000011,NA,NA,NA,NA,NA,NA,NA,NA,NA,NA,NA,NA,NA
32,"continuous",1,"Purely rule-based","Linear",TRUE,"MSE",3.96100778855359,0,NA,20,0,20,20,0,0,0,0,1,0,1,1
32,"continuous",1,"Purely rule-based","Random forest",TRUE,"MSE",2.63580562448845,0.310000000000002,NA,NA,NA,NA,NA,NA,NA,NA,NA,NA,NA,NA,NA
32,"continuous",1,"Purely rule-based","RuleFit",TRUE,"MSE",1.62632917671701,12.5,NA,49,49,0,3,42,4,0,0,0.0612244897959184,0.857142857142857,0.918367346938776,2.02040816326531
33,"continuous",1,"Purely rule-based","BRP-GABLE full",TRUE,"MSE",1.83313350286377,24.95,NA,44,44,0,42,2,0,0,0,0.954545454545455,0.0454545454545455,1,1.04545454545455
33,"continuous",1,"Purely rule-based","BRP-GABLE rule-only",TRUE,"MSE",1.73481559766007,24.91,NA,44,44,0,42,2,0,0,0,0.954545454545455,0.0454545454545455,1,1.04545454545455
33,"continuous",1,"Purely rule-based","GABLE",TRUE,"MSE",2.57818507480822,0.510000000000019,NA,5,5,0,5,0,0,0,0,1,0,1,1
33,"continuous",1,"Purely rule-based","GBM",TRUE,"MSE",1.81507213976966,0.0200000000000102,NA,NA,NA,NA,NA,NA,NA,NA,NA,NA,NA,NA,NA
33,"continuous",1,"Purely rule-based","Linear",TRUE,"MSE",3.23363250782994,0,NA,20,0,20,20,0,0,0,0,1,0,1,1
33,"continuous",1,"Purely rule-based","Random forest",TRUE,"MSE",2.70225361472093,0.389999999999986,NA,NA,NA,NA,NA,NA,NA,NA,NA,NA,NA,NA,NA
33,"continuous",1,"Purely rule-based","RuleFit",TRUE,"MSE",1.70221221962277,12.35,NA,54,54,0,5,39,10,0,0,0.0925925925925926,0.722222222222222,0.814814814814815,2.09259259259259
34,"continuous",1,"Purely rule-based","BRP-GABLE full",TRUE,"MSE",1.86721048278238,22.33,NA,41,40,1,25,16,0,0,0,0.609756097560976,0.390243902439024,1,1.39024390243902
34,"continuous",1,"Purely rule-based","BRP-GABLE rule-only",TRUE,"MSE",1.82741355900778,22.29,NA,41,41,0,25,16,0,0,0,0.609756097560976,0.390243902439024,1,1.39024390243902
34,"continuous",1,"Purely rule-based","GABLE",TRUE,"MSE",2.74702809614341,0.390000000000015,NA,5,5,0,4,1,0,0,0,0.8,0.2,1,1.2
34,"continuous",1,"Purely rule-based","GBM",TRUE,"MSE",1.94593689800418,0.0300000000000011,NA,NA,NA,NA,NA,NA,NA,NA,NA,NA,NA,NA,NA
34,"continuous",1,"Purely rule-based","Linear",TRUE,"MSE",3.60925091605103,0,NA,20,0,20,20,0,0,0,0,1,0,1,1
34,"continuous",1,"Purely rule-based","Random forest",TRUE,"MSE",2.82029535628548,0.389999999999986,NA,NA,NA,NA,NA,NA,NA,NA,NA,NA,NA,NA,NA
34,"continuous",1,"Purely rule-based","RuleFit",TRUE,"MSE",1.72286776050829,12.66,NA,39,39,0,4,34,1,0,0,0.102564102564103,0.871794871794872,0.974358974358974,1.92307692307692
35,"continuous",1,"Purely rule-based","BRP-GABLE full",TRUE,"MSE",1.52511743615921,24.39,NA,42,40,2,35,7,0,0,0,0.833333333333333,0.166666666666667,1,1.16666666666667
35,"continuous",1,"Purely rule-based","BRP-GABLE rule-only",TRUE,"MSE",1.48932112144778,24.37,NA,37,37,0,29,8,0,0,0,0.783783783783784,0.216216216216216,1,1.21621621621622
35,"continuous",1,"Purely rule-based","GABLE",TRUE,"MSE",2.36417944735539,0.509999999999991,NA,5,5,0,5,0,0,0,0,1,0,1,1
35,"continuous",1,"Purely rule-based","GBM",TRUE,"MSE",1.82251919376158,0.00999999999999091,NA,NA,NA,NA,NA,NA,NA,NA,NA,NA,NA,NA,NA
35,"continuous",1,"Purely rule-based","Linear",TRUE,"MSE",3.84903357604675,0,NA,20,0,20,20,0,0,0,0,1,0,1,1
35,"continuous",1,"Purely rule-based","Random forest",TRUE,"MSE",2.99563343282942,0.379999999999995,NA,NA,NA,NA,NA,NA,NA,NA,NA,NA,NA,NA,NA
35,"continuous",1,"Purely rule-based","RuleFit",TRUE,"MSE",1.67617348901134,11.91,NA,48,48,0,5,41,2,0,0,0.104166666666667,0.854166666666667,0.958333333333333,1.9375
36,"continuous",1,"Purely rule-based","BRP-GABLE full",TRUE,"MSE",1.47836519675838,23.99,NA,35,34,1,25,10,0,0,0,0.714285714285714,0.285714285714286,1,1.28571428571429
36,"continuous",1,"Purely rule-based","BRP-GABLE rule-only",TRUE,"MSE",1.46110150587967,23.95,NA,39,39,0,27,12,0,0,0,0.692307692307692,0.307692307692308,1,1.30769230769231
36,"continuous",1,"Purely rule-based","GABLE",TRUE,"MSE",2.34050826159651,0.420000000000016,NA,5,5,0,5,0,0,0,0,1,0,1,1
36,"continuous",1,"Purely rule-based","GBM",TRUE,"MSE",1.57146465966819,0.00999999999999091,NA,NA,NA,NA,NA,NA,NA,NA,NA,NA,NA,NA,NA
36,"continuous",1,"Purely rule-based","Linear",TRUE,"MSE",3.8379793394519,0,NA,20,0,20,20,0,0,0,0,1,0,1,1
36,"continuous",1,"Purely rule-based","Random forest",TRUE,"MSE",2.6704931017804,0.379999999999995,NA,NA,NA,NA,NA,NA,NA,NA,NA,NA,NA,NA,NA
36,"continuous",1,"Purely rule-based","RuleFit",TRUE,"MSE",1.47609716909625,11.65,NA,42,42,0,6,33,3,0,0,0.142857142857143,0.785714285714286,0.928571428571429,1.92857142857143
37,"continuous",1,"Purely rule-based","BRP-GABLE full",TRUE,"MSE",1.49168564686971,23.83,NA,31,28,3,26,5,0,0,0,0.838709677419355,0.161290322580645,1,1.16129032258065
37,"continuous",1,"Purely rule-based","BRP-GABLE rule-only",TRUE,"MSE",1.45893519192492,23.81,NA,29,29,0,24,5,0,0,0,0.827586206896552,0.172413793103448,1,1.17241379310345
37,"continuous",1,"Purely rule-based","GABLE",TRUE,"MSE",2.42881735112589,0.529999999999973,NA,5,5,0,5,0,0,0,0,1,0,1,1
37,"continuous",1,"Purely rule-based","GBM",TRUE,"MSE",1.87789056278149,0.0200000000000387,NA,NA,NA,NA,NA,NA,NA,NA,NA,NA,NA,NA,NA
37,"continuous",1,"Purely rule-based","Linear",TRUE,"MSE",4.31172275474615,0,NA,20,0,20,20,0,0,0,0,1,0,1,1
37,"continuous",1,"Purely rule-based","Random forest",TRUE,"MSE",2.63399343668832,0.370000000000005,NA,NA,NA,NA,NA,NA,NA,NA,NA,NA,NA,NA,NA
37,"continuous",1,"Purely rule-based","RuleFit",TRUE,"MSE",1.51815380202065,13.58,NA,46,46,0,3,41,2,0,0,0.0652173913043478,0.891304347826087,0.956521739130435,1.97826086956522
38,"continuous",1,"Purely rule-based","BRP-GABLE full",TRUE,"MSE",1.49160549821692,23.77,NA,40,39,1,36,4,0,0,0,0.9,0.1,1,1.1
38,"continuous",1,"Purely rule-based","BRP-GABLE rule-only",TRUE,"MSE",1.48655849704157,23.7599999999999,NA,38,38,0,34,4,0,0,0,0.894736842105263,0.105263157894737,1,1.10526315789474
38,"continuous",1,"Purely rule-based","GABLE",TRUE,"MSE",2.50671018519302,0.45999999999998,NA,5,5,0,5,0,0,0,0,1,0,1,1
38,"continuous",1,"Purely rule-based","GBM",TRUE,"MSE",1.47079016564247,0.0199999999999818,NA,NA,NA,NA,NA,NA,NA,NA,NA,NA,NA,NA,NA
38,"continuous",1,"Purely rule-based","Linear",TRUE,"MSE",3.22003666395658,0.00999999999999091,NA,20,0,20,20,0,0,0,0,1,0,1,1
38,"continuous",1,"Purely rule-based","Random forest",TRUE,"MSE",2.60570467637992,0.370000000000005,NA,NA,NA,NA,NA,NA,NA,NA,NA,NA,NA,NA,NA
38,"continuous",1,"Purely rule-based","RuleFit",TRUE,"MSE",1.32692942270535,13.2,NA,64,64,0,5,53,6,0,0,0.078125,0.828125,0.90625,2.015625
39,"continuous",1,"Purely rule-based","BRP-GABLE full",TRUE,"MSE",1.61926162785958,23.82,NA,31,31,0,21,10,0,0,0,0.67741935483871,0.32258064516129,1,1.32258064516129
39,"continuous",1,"Purely rule-based","BRP-GABLE rule-only",TRUE,"MSE",1.60703767528645,23.74,NA,31,31,0,21,10,0,0,0,0.67741935483871,0.32258064516129,1,1.32258064516129
39,"continuous",1,"Purely rule-based","GABLE",TRUE,"MSE",2.59414203043947,0.460000000000036,NA,5,5,0,5,0,0,0,0,1,0,1,1
39,"continuous",1,"Purely rule-based","GBM",TRUE,"MSE",1.82746377800451,0.0100000000000477,NA,NA,NA,NA,NA,NA,NA,NA,NA,NA,NA,NA,NA
39,"continuous",1,"Purely rule-based","Linear",TRUE,"MSE",3.91239893359265,0.0199999999999818,NA,20,0,20,20,0,0,0,0,1,0,1,1
39,"continuous",1,"Purely rule-based","Random forest",TRUE,"MSE",2.72169489369064,0.349999999999966,NA,NA,NA,NA,NA,NA,NA,NA,NA,NA,NA,NA,NA
39,"continuous",1,"Purely rule-based","RuleFit",TRUE,"MSE",1.6293240875054,10.83,NA,35,35,0,8,26,1,0,0,0.228571428571429,0.742857142857143,0.971428571428571,1.8
40,"continuous",1,"Purely rule-based","BRP-GABLE full",TRUE,"MSE",1.27958006489053,23.93,NA,37,34,3,28,9,0,0,0,0.756756756756757,0.243243243243243,1,1.24324324324324
40,"continuous",1,"Purely rule-based","BRP-GABLE rule-only",TRUE,"MSE",1.28252062737489,23.9400000000001,NA,34,34,0,25,9,0,0,0,0.735294117647059,0.264705882352941,1,1.26470588235294
40,"continuous",1,"Purely rule-based","GABLE",TRUE,"MSE",2.32452679283271,0.54000000000002,NA,5,5,0,5,0,0,0,0,1,0,1,1
40,"continuous",1,"Purely rule-based","GBM",TRUE,"MSE",1.76285456138933,0.0199999999999818,NA,NA,NA,NA,NA,NA,NA,NA,NA,NA,NA,NA,NA
40,"continuous",1,"Purely rule-based","Linear",TRUE,"MSE",3.33093942303215,0,NA,20,0,20,20,0,0,0,0,1,0,1,1
40,"continuous",1,"Purely rule-based","Random forest",TRUE,"MSE",2.45006856538372,0.370000000000005,NA,NA,NA,NA,NA,NA,NA,NA,NA,NA,NA,NA,NA
40,"continuous",1,"Purely rule-based","RuleFit",TRUE,"MSE",1.33662173264355,12.21,NA,57,57,0,10,45,2,0,0,0.175438596491228,0.789473684210526,0.964912280701754,1.85964912280702
41,"continuous",1,"Purely rule-based","BRP-GABLE full",TRUE,"MSE",1.49465627653353,24.15,NA,33,33,0,29,4,0,0,0,0.878787878787879,0.121212121212121,1,1.12121212121212
41,"continuous",1,"Purely rule-based","BRP-GABLE rule-only",TRUE,"MSE",1.47646725927877,24.13,NA,33,33,0,29,4,0,0,0,0.878787878787879,0.121212121212121,1,1.12121212121212
41,"continuous",1,"Purely rule-based","GABLE",TRUE,"MSE",2.50749092119321,0.449999999999989,NA,5,5,0,5,0,0,0,0,1,0,1,1
41,"continuous",1,"Purely rule-based","GBM",TRUE,"MSE",1.79359845667212,0.0199999999999818,NA,NA,NA,NA,NA,NA,NA,NA,NA,NA,NA,NA,NA
41,"continuous",1,"Purely rule-based","Linear",TRUE,"MSE",3.73425867537179,0,NA,20,0,20,20,0,0,0,0,1,0,1,1
41,"continuous",1,"Purely rule-based","Random forest",TRUE,"MSE",2.56214645826458,0.370000000000005,NA,NA,NA,NA,NA,NA,NA,NA,NA,NA,NA,NA,NA
41,"continuous",1,"Purely rule-based","RuleFit",TRUE,"MSE",1.40579952648364,12.94,NA,47,47,0,7,38,2,0,0,0.148936170212766,0.808510638297872,0.957446808510638,1.8936170212766
42,"continuous",1,"Purely rule-based","BRP-GABLE full",TRUE,"MSE",1.55998756230834,23.52,NA,40,38,2,30,10,0,0,0,0.75,0.25,1,1.25
42,"continuous",1,"Purely rule-based","BRP-GABLE rule-only",TRUE,"MSE",1.55427290400308,23.47,NA,36,36,0,26,10,0,0,0,0.722222222222222,0.277777777777778,1,1.27777777777778
42,"continuous",1,"Purely rule-based","GABLE",TRUE,"MSE",2.2353871957993,0.46999999999997,NA,5,5,0,5,0,0,0,0,1,0,1,1
42,"continuous",1,"Purely rule-based","GBM",TRUE,"MSE",1.53387951990537,0.00999999999999091,NA,NA,NA,NA,NA,NA,NA,NA,NA,NA,NA,NA,NA
42,"continuous",1,"Purely rule-based","Linear",TRUE,"MSE",3.32609857399789,0,NA,20,0,20,20,0,0,0,0,1,0,1,1
42,"continuous",1,"Purely rule-based","Random forest",TRUE,"MSE",2.49592138384331,0.390000000000043,NA,NA,NA,NA,NA,NA,NA,NA,NA,NA,NA,NA,NA
42,"continuous",1,"Purely rule-based","RuleFit",TRUE,"MSE",1.50076560987187,12.5,NA,39,39,0,3,33,3,0,0,0.0769230769230769,0.846153846153846,0.923076923076923,2
43,"continuous",1,"Purely rule-based","BRP-GABLE full",TRUE,"MSE",1.55292740852905,23.93,NA,31,30,1,25,6,0,0,0,0.806451612903226,0.193548387096774,1,1.19354838709677
43,"continuous",1,"Purely rule-based","BRP-GABLE rule-only",TRUE,"MSE",1.45931648129082,23.87,NA,43,43,0,37,6,0,0,0,0.86046511627907,0.13953488372093,1,1.13953488372093
43,"continuous",1,"Purely rule-based","GABLE",TRUE,"MSE",2.55633489891083,0.519999999999982,NA,5,5,0,5,0,0,0,0,1,0,1,1
43,"continuous",1,"Purely rule-based","GBM",TRUE,"MSE",1.9169175783646,0.0199999999999818,NA,NA,NA,NA,NA,NA,NA,NA,NA,NA,NA,NA,NA
43,"continuous",1,"Purely rule-based","Linear",TRUE,"MSE",4.04584134071425,0,NA,20,0,20,20,0,0,0,0,1,0,1,1
43,"continuous",1,"Purely rule-based","Random forest",TRUE,"MSE",2.88618443662454,0.370000000000005,NA,NA,NA,NA,NA,NA,NA,NA,NA,NA,NA,NA,NA
43,"continuous",1,"Purely rule-based","RuleFit",TRUE,"MSE",1.50296669361393,12.39,NA,55,55,0,8,44,3,0,0,0.145454545454545,0.8,0.945454545454545,1.90909090909091
44,"continuous",1,"Purely rule-based","BRP-GABLE full",TRUE,"MSE",1.71477604984887,23.59,NA,30,30,0,22,8,0,0,0,0.733333333333333,0.266666666666667,1,1.26666666666667
44,"continuous",1,"Purely rule-based","BRP-GABLE rule-only",TRUE,"MSE",1.69700567214488,23.5400000000001,NA,29,29,0,21,8,0,0,0,0.724137931034483,0.275862068965517,1,1.27586206896552
44,"continuous",1,"Purely rule-based","GABLE",TRUE,"MSE",2.85343744605609,0.5,NA,5,5,0,5,0,0,0,0,1,0,1,1
44,"continuous",1,"Purely rule-based","GBM",TRUE,"MSE",1.82403451674738,0.00999999999999091,NA,NA,NA,NA,NA,NA,NA,NA,NA,NA,NA,NA,NA
44,"continuous",1,"Purely rule-based","Linear",TRUE,"MSE",3.36540813096001,0,NA,20,0,20,20,0,0,0,0,1,0,1,1
44,"continuous",1,"Purely rule-based","Random forest",TRUE,"MSE",2.56693683647923,0.379999999999995,NA,NA,NA,NA,NA,NA,NA,NA,NA,NA,NA,NA,NA
44,"continuous",1,"Purely rule-based","RuleFit",TRUE,"MSE",1.58550178648911,11.39,NA,43,43,0,6,36,1,0,0,0.13953488372093,0.837209302325581,0.976744186046512,1.88372093023256
45,"continuous",1,"Purely rule-based","BRP-GABLE full",TRUE,"MSE",1.38431093652687,23.96,NA,44,43,1,36,8,0,0,0,0.818181818181818,0.181818181818182,1,1.18181818181818
45,"continuous",1,"Purely rule-based","BRP-GABLE rule-only",TRUE,"MSE",1.35566177382484,23.95,NA,40,40,0,33,7,0,0,0,0.825,0.175,1,1.175
45,"continuous",1,"Purely rule-based","GABLE",TRUE,"MSE",1.97504334750901,0.449999999999989,NA,5,5,0,5,0,0,0,0,1,0,1,1
45,"continuous",1,"Purely rule-based","GBM",TRUE,"MSE",1.78946522487647,0.0199999999999818,NA,NA,NA,NA,NA,NA,NA,NA,NA,NA,NA,NA,NA
45,"continuous",1,"Purely rule-based","Linear",TRUE,"MSE",4.22613216300781,0,NA,20,0,20,20,0,0,0,0,1,0,1,1
45,"continuous",1,"Purely rule-based","Random forest",TRUE,"MSE",2.95253658472302,0.360000000000014,NA,NA,NA,NA,NA,NA,NA,NA,NA,NA,NA,NA,NA
45,"continuous",1,"Purely rule-based","RuleFit",TRUE,"MSE",1.75696517107141,12.33,NA,44,44,0,5,37,2,0,0,0.113636363636364,0.840909090909091,0.954545454545455,1.93181818181818
46,"continuous",1,"Purely rule-based","BRP-GABLE full",TRUE,"MSE",1.44132730601073,22.87,NA,25,24,1,15,10,0,0,0,0.6,0.4,1,1.4
46,"continuous",1,"Purely rule-based","BRP-GABLE rule-only",TRUE,"MSE",1.4319061720269,22.86,NA,23,23,0,13,10,0,0,0,0.565217391304348,0.434782608695652,1,1.43478260869565
46,"continuous",1,"Purely rule-based","GABLE",TRUE,"MSE",2.01903764713247,0.5,NA,5,5,0,5,0,0,0,0,1,0,1,1
46,"continuous",1,"Purely rule-based","GBM",TRUE,"MSE",1.77617410922906,0.00999999999999091,NA,NA,NA,NA,NA,NA,NA,NA,NA,NA,NA,NA,NA
46,"continuous",1,"Purely rule-based","Linear",TRUE,"MSE",3.14661909792244,0.0200000000000387,NA,20,0,20,20,0,0,0,0,1,0,1,1
46,"continuous",1,"Purely rule-based","Random forest",TRUE,"MSE",2.37299156729024,0.379999999999995,NA,NA,NA,NA,NA,NA,NA,NA,NA,NA,NA,NA,NA
46,"continuous",1,"Purely rule-based","RuleFit",TRUE,"MSE",1.62583444396083,13.2,NA,41,41,0,2,36,3,0,0,0.0487804878048781,0.878048780487805,0.926829268292683,2.02439024390244
47,"continuous",1,"Purely rule-based","BRP-GABLE full",TRUE,"MSE",1.72055940347413,23.54,NA,38,38,0,32,6,0,0,0,0.842105263157895,0.157894736842105,1,1.15789473684211
47,"continuous",1,"Purely rule-based","BRP-GABLE rule-only",TRUE,"MSE",1.6521842446268,23.48,NA,36,36,0,30,6,0,0,0,0.833333333333333,0.166666666666667,1,1.16666666666667
47,"continuous",1,"Purely rule-based","GABLE",TRUE,"MSE",2.22131064327051,0.53000000000003,NA,5,5,0,5,0,0,0,0,1,0,1,1
47,"continuous",1,"Purely rule-based","GBM",TRUE,"MSE",1.88606709401837,0.0200000000000387,NA,NA,NA,NA,NA,NA,NA,NA,NA,NA,NA,NA,NA
47,"continuous",1,"Purely rule-based","Linear",TRUE,"MSE",3.40319046090278,0.00999999999999091,NA,20,0,20,20,0,0,0,0,1,0,1,1
47,"continuous",1,"Purely rule-based","Random forest",TRUE,"MSE",2.67269547660522,0.339999999999975,NA,NA,NA,NA,NA,NA,NA,NA,NA,NA,NA,NA,NA
47,"continuous",1,"Purely rule-based","RuleFit",TRUE,"MSE",1.58434469241675,12.24,NA,54,54,0,11,38,5,0,0,0.203703703703704,0.703703703703704,0.907407407407407,1.88888888888889
48,"continuous",1,"Purely rule-based","BRP-GABLE full",TRUE,"MSE",1.56569695722443,23.8,NA,43,39,4,33,10,0,0,0,0.767441860465116,0.232558139534884,1,1.23255813953488
48,"continuous",1,"Purely rule-based","BRP-GABLE rule-only",TRUE,"MSE",1.51108555099901,23.8,NA,44,44,0,33,11,0,0,0,0.75,0.25,1,1.25
48,"continuous",1,"Purely rule-based","GABLE",TRUE,"MSE",1.79566663887496,0.5,NA,5,5,0,5,0,0,0,0,1,0,1,1
48,"continuous",1,"Purely rule-based","GBM",TRUE,"MSE",1.87235600629347,0.0199999999999818,NA,NA,NA,NA,NA,NA,NA,NA,NA,NA,NA,NA,NA
48,"continuous",1,"Purely rule-based","Linear",TRUE,"MSE",3.61315414147934,0.00999999999999091,NA,20,0,20,20,0,0,0,0,1,0,1,1
48,"continuous",1,"Purely rule-based","Random forest",TRUE,"MSE",2.38652716496673,0.370000000000005,NA,NA,NA,NA,NA,NA,NA,NA,NA,NA,NA,NA,NA
48,"continuous",1,"Purely rule-based","RuleFit",TRUE,"MSE",1.52464523209548,13.02,NA,45,45,0,3,41,1,0,0,0.0666666666666667,0.911111111111111,0.977777777777778,1.95555555555556
49,"continuous",1,"Purely rule-based","BRP-GABLE full",TRUE,"MSE",1.67904036523742,23.9399999999999,NA,32,32,0,19,13,0,0,0,0.59375,0.40625,1,1.40625
49,"continuous",1,"Purely rule-based","BRP-GABLE rule-only",TRUE,"MSE",1.56533541824957,23.92,NA,41,41,0,29,12,0,0,0,0.707317073170732,0.292682926829268,1,1.29268292682927
49,"continuous",1,"Purely rule-based","GABLE",TRUE,"MSE",2.21150073864166,0.5,NA,5,5,0,5,0,0,0,0,1,0,1,1
49,"continuous",1,"Purely rule-based","GBM",TRUE,"MSE",1.73574181087923,0.0200000000000387,NA,NA,NA,NA,NA,NA,NA,NA,NA,NA,NA,NA,NA
49,"continuous",1,"Purely rule-based","Linear",TRUE,"MSE",3.63222560367648,0,NA,20,0,20,20,0,0,0,0,1,0,1,1
49,"continuous",1,"Purely rule-based","Random forest",TRUE,"MSE",2.65682510072087,0.370000000000005,NA,NA,NA,NA,NA,NA,NA,NA,NA,NA,NA,NA,NA
49,"continuous",1,"Purely rule-based","RuleFit",TRUE,"MSE",1.52122507898678,12.22,NA,43,43,0,3,39,1,0,0,0.0697674418604651,0.906976744186046,0.976744186046512,1.95348837209302
50,"continuous",1,"Purely rule-based","BRP-GABLE full",TRUE,"MSE",1.25501607546608,23.78,NA,36,36,0,26,10,0,0,0,0.722222222222222,0.277777777777778,1,1.27777777777778
50,"continuous",1,"Purely rule-based","BRP-GABLE rule-only",TRUE,"MSE",1.2092137298083,23.69,NA,36,36,0,27,9,0,0,0,0.75,0.25,1,1.25
50,"continuous",1,"Purely rule-based","GABLE",TRUE,"MSE",2.25733856014702,0.539999999999964,NA,5,5,0,5,0,0,0,0,1,0,1,1
50,"continuous",1,"Purely rule-based","GBM",TRUE,"MSE",1.57163189358271,0.0300000000000296,NA,NA,NA,NA,NA,NA,NA,NA,NA,NA,NA,NA,NA
50,"continuous",1,"Purely rule-based","Linear",TRUE,"MSE",3.70614857359166,0,NA,20,0,20,20,0,0,0,0,1,0,1,1
50,"continuous",1,"Purely rule-based","Random forest",TRUE,"MSE",2.35988654722594,0.379999999999995,NA,NA,NA,NA,NA,NA,NA,NA,NA,NA,NA,NA,NA
50,"continuous",1,"Purely rule-based","RuleFit",TRUE,"MSE",1.30776811520946,12.1,NA,54,54,0,9,40,5,0,0,0.166666666666667,0.740740740740741,0.907407407407407,1.92592592592593
51,"continuous",1,"Purely rule-based","BRP-GABLE full",TRUE,"MSE",1.54363737760355,23.11,NA,40,39,1,29,11,0,0,0,0.725,0.275,1,1.275
51,"continuous",1,"Purely rule-based","BRP-GABLE rule-only",TRUE,"MSE",1.53523162254514,23.05,NA,38,38,0,27,11,0,0,0,0.710526315789474,0.289473684210526,1,1.28947368421053
51,"continuous",1,"Purely rule-based","GABLE",TRUE,"MSE",1.86122543124841,0.5,NA,5,5,0,5,0,0,0,0,1,0,1,1
51,"continuous",1,"Purely rule-based","GBM",TRUE,"MSE",1.82045042367977,0.0199999999999818,NA,NA,NA,NA,NA,NA,NA,NA,NA,NA,NA,NA,NA
51,"continuous",1,"Purely rule-based","Linear",TRUE,"MSE",3.37968954957417,0.00999999999999091,NA,20,0,20,20,0,0,0,0,1,0,1,1
51,"continuous",1,"Purely rule-based","Random forest",TRUE,"MSE",2.269366046773,0.360000000000014,NA,NA,NA,NA,NA,NA,NA,NA,NA,NA,NA,NA,NA
51,"continuous",1,"Purely rule-based","RuleFit",TRUE,"MSE",1.45741838644439,11.51,NA,41,41,0,11,26,4,0,0,0.268292682926829,0.634146341463415,0.902439024390244,1.82926829268293
52,"continuous",1,"Purely rule-based","BRP-GABLE full",TRUE,"MSE",1.57228069864762,23.5,NA,33,33,0,24,9,0,0,0,0.727272727272727,0.272727272727273,1,1.27272727272727
52,"continuous",1,"Purely rule-based","BRP-GABLE rule-only",TRUE,"MSE",1.50299134888105,23.46,NA,30,30,0,21,9,0,0,0,0.7,0.3,1,1.3
52,"continuous",1,"Purely rule-based","GABLE",TRUE,"MSE",2.70542580463574,0.5,NA,5,5,0,5,0,0,0,0,1,0,1,1
52,"continuous",1,"Purely rule-based","GBM",TRUE,"MSE",1.67148313114199,0.00999999999999091,NA,NA,NA,NA,NA,NA,NA,NA,NA,NA,NA,NA,NA
52,"continuous",1,"Purely rule-based","Linear",TRUE,"MSE",4.17324367531179,0,NA,20,0,20,20,0,0,0,0,1,0,1,1
52,"continuous",1,"Purely rule-based","Random forest",TRUE,"MSE",2.54403161104087,0.360000000000014,NA,NA,NA,NA,NA,NA,NA,NA,NA,NA,NA,NA,NA
52,"continuous",1,"Purely rule-based","RuleFit",TRUE,"MSE",1.5231613790897,13.25,NA,48,48,0,4,43,1,0,0,0.0833333333333333,0.895833333333333,0.979166666666667,1.9375
53,"continuous",1,"Purely rule-based","BRP-GABLE full",TRUE,"MSE",1.28484785655103,24.1100000000001,NA,37,35,2,26,11,0,0,0,0.702702702702703,0.297297297297297,1,1.2972972972973
53,"continuous",1,"Purely rule-based","BRP-GABLE rule-only",TRUE,"MSE",1.29210954999912,24.08,NA,36,36,0,25,11,0,0,0,0.694444444444444,0.305555555555556,1,1.30555555555556
53,"continuous",1,"Purely rule-based","GABLE",TRUE,"MSE",2.1690357602703,0.430000000000007,NA,5,5,0,5,0,0,0,0,1,0,1,1
53,"continuous",1,"Purely rule-based","GBM",TRUE,"MSE",1.54750883423439,0.0199999999999818,NA,NA,NA,NA,NA,NA,NA,NA,NA,NA,NA,NA,NA
53,"continuous",1,"Purely rule-based","Linear",TRUE,"MSE",3.5945718312454,0.00999999999999091,NA,20,0,20,20,0,0,0,0,1,0,1,1
53,"continuous",1,"Purely rule-based","Random forest",TRUE,"MSE",1.94320084907158,0.360000000000014,NA,NA,NA,NA,NA,NA,NA,NA,NA,NA,NA,NA,NA
53,"continuous",1,"Purely rule-based","RuleFit",TRUE,"MSE",1.29377145265621,13.58,NA,56,56,0,9,44,3,0,0,0.160714285714286,0.785714285714286,0.946428571428571,1.89285714285714
54,"continuous",1,"Purely rule-based","BRP-GABLE full",TRUE,"MSE",1.54557003258635,23.59,NA,41,39,2,32,9,0,0,0,0.780487804878049,0.219512195121951,1,1.21951219512195
54,"continuous",1,"Purely rule-based","BRP-GABLE rule-only",TRUE,"MSE",1.54080214112317,23.61,NA,41,41,0,32,9,0,0,0,0.780487804878049,0.219512195121951,1,1.21951219512195
54,"continuous",1,"Purely rule-based","GABLE",TRUE,"MSE",2.01268862458236,0.580000000000041,NA,5,5,0,5,0,0,0,0,1,0,1,1
54,"continuous",1,"Purely rule-based","GBM",TRUE,"MSE",1.78227637848753,0.0199999999999818,NA,NA,NA,NA,NA,NA,NA,NA,NA,NA,NA,NA,NA
54,"continuous",1,"Purely rule-based","Linear",TRUE,"MSE",3.25780033229251,0,NA,20,0,20,20,0,0,0,0,1,0,1,1
54,"continuous",1,"Purely rule-based","Random forest",TRUE,"MSE",2.46265704200345,0.370000000000005,NA,NA,NA,NA,NA,NA,NA,NA,NA,NA,NA,NA,NA
54,"continuous",1,"Purely rule-based","RuleFit",TRUE,"MSE",1.49056508258224,12.52,NA,44,44,0,4,39,1,0,0,0.0909090909090909,0.886363636363636,0.977272727272727,1.93181818181818
55,"continuous",1,"Purely rule-based","BRP-GABLE full",TRUE,"MSE",1.55175206173275,24.58,NA,46,45,1,35,11,0,0,0,0.760869565217391,0.239130434782609,1,1.23913043478261
55,"continuous",1,"Purely rule-based","BRP-GABLE rule-only",TRUE,"MSE",1.52150727285897,24.55,NA,51,51,0,38,13,0,0,0,0.745098039215686,0.254901960784314,1,1.25490196078431
55,"continuous",1,"Purely rule-based","GABLE",TRUE,"MSE",2.34407522222477,0.519999999999982,NA,5,5,0,5,0,0,0,0,1,0,1,1
55,"continuous",1,"Purely rule-based","GBM",TRUE,"MSE",1.87896728208262,0.0199999999999818,NA,NA,NA,NA,NA,NA,NA,NA,NA,NA,NA,NA,NA
55,"continuous",1,"Purely rule-based","Linear",TRUE,"MSE",3.62987633594338,0,NA,20,0,20,20,0,0,0,0,1,0,1,1
55,"continuous",1,"Purely rule-based","Random forest",TRUE,"MSE",2.24917114480035,0.370000000000005,NA,NA,NA,NA,NA,NA,NA,NA,NA,NA,NA,NA,NA
55,"continuous",1,"Purely rule-based","RuleFit",TRUE,"MSE",1.53246846907344,13.69,NA,61,61,0,6,49,6,0,0,0.0983606557377049,0.80327868852459,0.901639344262295,2
56,"continuous",1,"Purely rule-based","BRP-GABLE full",TRUE,"MSE",1.75024986305481,23.2400000000001,NA,40,40,0,19,21,0,0,0,0.475,0.525,1,1.525
56,"continuous",1,"Purely rule-based","BRP-GABLE rule-only",TRUE,"MSE",1.69215334624991,23.17,NA,41,41,0,21,20,0,0,0,0.51219512195122,0.48780487804878,1,1.48780487804878
56,"continuous",1,"Purely rule-based","GABLE",TRUE,"MSE",2.2138768679146,0.53000000000003,NA,5,5,0,5,0,0,0,0,1,0,1,1
56,"continuous",1,"Purely rule-based","GBM",TRUE,"MSE",2.05293624677512,0.0199999999999818,NA,NA,NA,NA,NA,NA,NA,NA,NA,NA,NA,NA,NA
56,"continuous",1,"Purely rule-based","Linear",TRUE,"MSE",3.67582248899155,0,NA,20,0,20,20,0,0,0,0,1,0,1,1
56,"continuous",1,"Purely rule-based","Random forest",TRUE,"MSE",3.10195733404677,0.310000000000002,NA,NA,NA,NA,NA,NA,NA,NA,NA,NA,NA,NA,NA
56,"continuous",1,"Purely rule-based","RuleFit",TRUE,"MSE",1.66725094016171,10.94,NA,37,37,0,6,30,1,0,0,0.162162162162162,0.810810810810811,0.972972972972973,1.86486486486486
57,"continuous",1,"Purely rule-based","BRP-GABLE full",TRUE,"MSE",1.39583019429807,24.0700000000001,NA,33,32,1,23,10,0,0,0,0.696969696969697,0.303030303030303,1,1.3030303030303
57,"continuous",1,"Purely rule-based","BRP-GABLE rule-only",TRUE,"MSE",1.37350414393671,24.02,NA,34,34,0,24,10,0,0,0,0.705882352941177,0.294117647058824,1,1.29411764705882
57,"continuous",1,"Purely rule-based","GABLE",TRUE,"MSE",2.24023247608898,0.529999999999973,NA,5,5,0,5,0,0,0,0,1,0,1,1
57,"continuous",1,"Purely rule-based","GBM",TRUE,"MSE",1.5222971072168,0.00999999999999091,NA,NA,NA,NA,NA,NA,NA,NA,NA,NA,NA,NA,NA
57,"continuous",1,"Purely rule-based","Linear",TRUE,"MSE",3.62287560628668,0,NA,20,0,20,20,0,0,0,0,1,0,1,1
57,"continuous",1,"Purely rule-based","Random forest",TRUE,"MSE",2.26295230580159,0.360000000000014,NA,NA,NA,NA,NA,NA,NA,NA,NA,NA,NA,NA,NA
57,"continuous",1,"Purely rule-based","RuleFit",TRUE,"MSE",1.58038891815275,12.81,NA,41,41,0,3,37,1,0,0,0.0731707317073171,0.902439024390244,0.975609756097561,1.95121951219512
58,"continuous",1,"Purely rule-based","BRP-GABLE full",TRUE,"MSE",1.56291414951687,22.88,NA,27,27,0,18,9,0,0,0,0.666666666666667,0.333333333333333,1,1.33333333333333
58,"continuous",1,"Purely rule-based","BRP-GABLE rule-only",TRUE,"MSE",1.54241147929367,22.83,NA,27,27,0,18,9,0,0,0,0.666666666666667,0.333333333333333,1,1.33333333333333
58,"continuous",1,"Purely rule-based","GABLE",TRUE,"MSE",2.61836703564307,0.519999999999982,NA,5,5,0,5,0,0,0,0,1,0,1,1
58,"continuous",1,"Purely rule-based","GBM",TRUE,"MSE",1.90977614833437,0.00999999999999091,NA,NA,NA,NA,NA,NA,NA,NA,NA,NA,NA,NA,NA
58,"continuous",1,"Purely rule-based","Linear",TRUE,"MSE",3.66394421278319,0,NA,20,0,20,20,0,0,0,0,1,0,1,1
58,"continuous",1,"Purely rule-based","Random forest",TRUE,"MSE",2.97067382888432,0.360000000000014,NA,NA,NA,NA,NA,NA,NA,NA,NA,NA,NA,NA,NA
58,"continuous",1,"Purely rule-based","RuleFit",TRUE,"MSE",1.62114257558266,12.56,NA,41,41,0,7,33,1,0,0,0.170731707317073,0.804878048780488,0.975609756097561,1.85365853658537
59,"continuous",1,"Purely rule-based","BRP-GABLE full",TRUE,"MSE",1.33970364117148,23.87,NA,28,28,0,23,5,0,0,0,0.821428571428571,0.178571428571429,1,1.17857142857143
59,"continuous",1,"Purely rule-based","BRP-GABLE rule-only",TRUE,"MSE",1.3031037538586,23.82,NA,28,28,0,23,5,0,0,0,0.821428571428571,0.178571428571429,1,1.17857142857143
59,"continuous",1,"Purely rule-based","GABLE",TRUE,"MSE",1.96449577646801,0.490000000000009,NA,5,5,0,5,0,0,0,0,1,0,1,1
59,"continuous",1,"Purely rule-based","GBM",TRUE,"MSE",1.45059582287812,0.0199999999999818,NA,NA,NA,NA,NA,NA,NA,NA,NA,NA,NA,NA,NA
59,"continuous",1,"Purely rule-based","Linear",TRUE,"MSE",3.16436606989857,0.00999999999999091,NA,20,0,20,20,0,0,0,0,1,0,1,1
59,"continuous",1,"Purely rule-based","Random forest",TRUE,"MSE",2.27826664140177,0.370000000000005,NA,NA,NA,NA,NA,NA,NA,NA,NA,NA,NA,NA,NA
59,"continuous",1,"Purely rule-based","RuleFit",TRUE,"MSE",1.339223294231,11.97,NA,41,41,0,4,33,4,0,0,0.0975609756097561,0.804878048780488,0.902439024390244,2
60,"continuous",1,"Purely rule-based","BRP-GABLE full",TRUE,"MSE",1.74702393746455,23.15,NA,33,33,0,16,17,0,0,0,0.484848484848485,0.515151515151515,1,1.51515151515152
60,"continuous",1,"Purely rule-based","BRP-GABLE rule-only",TRUE,"MSE",1.63491508340581,23.15,NA,31,31,0,15,16,0,0,0,0.483870967741935,0.516129032258065,1,1.51612903225806
60,"continuous",1,"Purely rule-based","GABLE",TRUE,"MSE",2.70628009323099,0.46999999999997,NA,5,5,0,4,1,0,0,0,0.8,0.2,1,1.2
60,"continuous",1,"Purely rule-based","GBM",TRUE,"MSE",1.87582077336244,0.0200000000000387,NA,NA,NA,NA,NA,NA,NA,NA,NA,NA,NA,NA,NA
60,"continuous",1,"Purely rule-based","Linear",TRUE,"MSE",3.54459333813136,0.00999999999999091,NA,20,0,20,20,0,0,0,0,1,0,1,1
60,"continuous",1,"Purely rule-based","Random forest",TRUE,"MSE",2.66858547844805,0.389999999999986,NA,NA,NA,NA,NA,NA,NA,NA,NA,NA,NA,NA,NA
60,"continuous",1,"Purely rule-based","RuleFit",TRUE,"MSE",1.69595042219415,11.47,NA,37,37,0,4,33,0,0,0,0.108108108108108,0.891891891891892,1,1.89189189189189
61,"continuous",1,"Purely rule-based","BRP-GABLE full",TRUE,"MSE",1.51629135359726,23.36,NA,33,31,2,23,10,0,0,0,0.696969696969697,0.303030303030303,1,1.3030303030303
61,"continuous",1,"Purely rule-based","BRP-GABLE rule-only",TRUE,"MSE",1.48433667358839,23.31,NA,29,29,0,19,10,0,0,0,0.655172413793103,0.344827586206897,1,1.3448275862069
61,"continuous",1,"Purely rule-based","GABLE",TRUE,"MSE",2.45917705217754,0.5,NA,5,5,0,5,0,0,0,0,1,0,1,1
61,"continuous",1,"Purely rule-based","GBM",TRUE,"MSE",1.73641564069361,0.0200000000000387,NA,NA,NA,NA,NA,NA,NA,NA,NA,NA,NA,NA,NA
61,"continuous",1,"Purely rule-based","Linear",TRUE,"MSE",3.5323030131667,0.00999999999999091,NA,20,0,20,20,0,0,0,0,1,0,1,1
61,"continuous",1,"Purely rule-based","Random forest",TRUE,"MSE",2.99812979954196,0.389999999999986,NA,NA,NA,NA,NA,NA,NA,NA,NA,NA,NA,NA,NA
61,"continuous",1,"Purely rule-based","RuleFit",TRUE,"MSE",1.61402172111427,11.56,NA,45,45,0,4,40,1,0,0,0.0888888888888889,0.888888888888889,0.977777777777778,1.93333333333333
62,"continuous",1,"Purely rule-based","BRP-GABLE full",TRUE,"MSE",1.64672697211703,23.27,NA,42,40,2,30,12,0,0,0,0.714285714285714,0.285714285714286,1,1.28571428571429
62,"continuous",1,"Purely rule-based","BRP-GABLE rule-only",TRUE,"MSE",1.6339581500881,23.22,NA,41,41,0,29,12,0,0,0,0.707317073170732,0.292682926829268,1,1.29268292682927
62,"continuous",1,"Purely rule-based","GABLE",TRUE,"MSE",2.79183559087643,0.529999999999973,NA,5,5,0,5,0,0,0,0,1,0,1,1
62,"continuous",1,"Purely rule-based","GBM",TRUE,"MSE",1.90403004367234,0.0199999999999818,NA,NA,NA,NA,NA,NA,NA,NA,NA,NA,NA,NA,NA
62,"continuous",1,"Purely rule-based","Linear",TRUE,"MSE",3.57803561376062,0,NA,20,0,20,20,0,0,0,0,1,0,1,1
62,"continuous",1,"Purely rule-based","Random forest",TRUE,"MSE",2.69048873877204,0.360000000000014,NA,NA,NA,NA,NA,NA,NA,NA,NA,NA,NA,NA,NA
62,"continuous",1,"Purely rule-based","RuleFit",TRUE,"MSE",1.69848521960246,13.44,NA,53,53,0,4,43,6,0,0,0.0754716981132075,0.811320754716981,0.886792452830189,2.0377358490566
63,"continuous",1,"Purely rule-based","BRP-GABLE full",TRUE,"MSE",1.64230936228939,24.08,NA,43,43,0,29,14,0,0,0,0.674418604651163,0.325581395348837,1,1.32558139534884
63,"continuous",1,"Purely rule-based","BRP-GABLE rule-only",TRUE,"MSE",1.64230936228939,24.04,NA,43,43,0,29,14,0,0,0,0.674418604651163,0.325581395348837,1,1.32558139534884
63,"continuous",1,"Purely rule-based","GABLE",TRUE,"MSE",2.24745852513396,0.5,NA,5,5,0,5,0,0,0,0,1,0,1,1
63,"continuous",1,"Purely rule-based","GBM",TRUE,"MSE",1.72846154386997,0.0200000000000387,NA,NA,NA,NA,NA,NA,NA,NA,NA,NA,NA,NA,NA
63,"continuous",1,"Purely rule-based","Linear",TRUE,"MSE",3.56925187382671,0,NA,20,0,20,20,0,0,0,0,1,0,1,1
63,"continuous",1,"Purely rule-based","Random forest",TRUE,"MSE",2.71898712412257,0.359999999999957,NA,NA,NA,NA,NA,NA,NA,NA,NA,NA,NA,NA,NA
63,"continuous",1,"Purely rule-based","RuleFit",TRUE,"MSE",1.36664189836846,11.68,NA,43,43,0,6,35,2,0,0,0.13953488372093,0.813953488372093,0.953488372093023,1.90697674418605
64,"continuous",1,"Purely rule-based","BRP-GABLE full",TRUE,"MSE",1.81421593005668,23.62,NA,43,41,2,33,10,0,0,0,0.767441860465116,0.232558139534884,1,1.23255813953488
64,"continuous",1,"Purely rule-based","BRP-GABLE rule-only",TRUE,"MSE",1.8462652921773,23.62,NA,40,40,0,30,10,0,0,0,0.75,0.25,1,1.25
64,"continuous",1,"Purely rule-based","GABLE",TRUE,"MSE",2.69412030188715,0.480000000000018,NA,5,5,0,5,0,0,0,0,1,0,1,1
64,"continuous",1,"Purely rule-based","GBM",TRUE,"MSE",2.11121831706082,0.00999999999999091,NA,NA,NA,NA,NA,NA,NA,NA,NA,NA,NA,NA,NA
64,"continuous",1,"Purely rule-based","Linear",TRUE,"MSE",3.77684677873365,0,NA,20,0,20,20,0,0,0,0,1,0,1,1
64,"continuous",1,"Purely rule-based","Random forest",TRUE,"MSE",3.3793820696182,0.379999999999995,NA,NA,NA,NA,NA,NA,NA,NA,NA,NA,NA,NA,NA
64,"continuous",1,"Purely rule-based","RuleFit",TRUE,"MSE",1.86799968045806,11.57,NA,39,39,0,11,26,2,0,0,0.282051282051282,0.666666666666667,0.948717948717949,1.76923076923077
65,"continuous",1,"Purely rule-based","BRP-GABLE full",TRUE,"MSE",1.61993329959661,23.5,NA,35,35,0,21,14,0,0,0,0.6,0.4,1,1.4
65,"continuous",1,"Purely rule-based","BRP-GABLE rule-only",TRUE,"MSE",1.54744291294763,23.44,NA,39,39,0,24,15,0,0,0,0.615384615384615,0.384615384615385,1,1.38461538461538
65,"continuous",1,"Purely rule-based","GABLE",TRUE,"MSE",2.58028481160654,0.430000000000007,NA,5,5,0,5,0,0,0,0,1,0,1,1
65,"continuous",1,"Purely rule-based","GBM",TRUE,"MSE",1.79505158626183,0.0100000000000477,NA,NA,NA,NA,NA,NA,NA,NA,NA,NA,NA,NA,NA
65,"continuous",1,"Purely rule-based","Linear",TRUE,"MSE",3.76100385097198,0,NA,20,0,20,20,0,0,0,0,1,0,1,1
65,"continuous",1,"Purely rule-based","Random forest",TRUE,"MSE",2.86567807867448,0.379999999999995,NA,NA,NA,NA,NA,NA,NA,NA,NA,NA,NA,NA,NA
65,"continuous",1,"Purely rule-based","RuleFit",TRUE,"MSE",1.7836912712933,12.63,NA,51,51,0,9,38,4,0,0,0.176470588235294,0.745098039215686,0.92156862745098,1.90196078431373
66,"continuous",1,"Purely rule-based","BRP-GABLE full",TRUE,"MSE",1.39106472568072,22.8700000000001,NA,32,32,0,21,11,0,0,0,0.65625,0.34375,1,1.34375
66,"continuous",1,"Purely rule-based","BRP-GABLE rule-only",TRUE,"MSE",1.35766608277535,22.83,NA,30,30,0,20,10,0,0,0,0.666666666666667,0.333333333333333,1,1.33333333333333
66,"continuous",1,"Purely rule-based","GABLE",TRUE,"MSE",2.73859612027126,0.480000000000018,NA,5,5,0,5,0,0,0,0,1,0,1,1
66,"continuous",1,"Purely rule-based","GBM",TRUE,"MSE",1.60433757194147,0.00999999999999091,NA,NA,NA,NA,NA,NA,NA,NA,NA,NA,NA,NA,NA
66,"continuous",1,"Purely rule-based","Linear",TRUE,"MSE",2.80888282479201,0.0199999999999818,NA,20,0,20,20,0,0,0,0,1,0,1,1
66,"continuous",1,"Purely rule-based","Random forest",TRUE,"MSE",2.46927259130462,0.360000000000014,NA,NA,NA,NA,NA,NA,NA,NA,NA,NA,NA,NA,NA
66,"continuous",1,"Purely rule-based","RuleFit",TRUE,"MSE",1.33144068893437,12.24,NA,39,39,0,4,34,1,0,0,0.102564102564103,0.871794871794872,0.974358974358974,1.92307692307692
67,"continuous",1,"Purely rule-based","BRP-GABLE full",TRUE,"MSE",1.85156680119749,24.1299999999999,NA,37,36,1,27,10,0,0,0,0.72972972972973,0.27027027027027,1,1.27027027027027
67,"continuous",1,"Purely rule-based","BRP-GABLE rule-only",TRUE,"MSE",1.80203179930719,24.08,NA,36,36,0,26,10,0,0,0,0.722222222222222,0.277777777777778,1,1.27777777777778
67,"continuous",1,"Purely rule-based","GABLE",TRUE,"MSE",2.57212047483887,0.520000000000039,NA,5,5,0,5,0,0,0,0,1,0,1,1
67,"continuous",1,"Purely rule-based","GBM",TRUE,"MSE",2.02616342698821,0.0100000000000477,NA,NA,NA,NA,NA,NA,NA,NA,NA,NA,NA,NA,NA
67,"continuous",1,"Purely rule-based","Linear",TRUE,"MSE",4.04413135240788,0.0199999999999818,NA,20,0,20,20,0,0,0,0,1,0,1,1
67,"continuous",1,"Purely rule-based","Random forest",TRUE,"MSE",3.23659520580174,0.359999999999957,NA,NA,NA,NA,NA,NA,NA,NA,NA,NA,NA,NA,NA
67,"continuous",1,"Purely rule-based","RuleFit",TRUE,"MSE",1.7090531305542,12.28,NA,45,45,0,6,33,6,0,0,0.133333333333333,0.733333333333333,0.866666666666667,2
68,"continuous",1,"Purely rule-based","BRP-GABLE full",TRUE,"MSE",1.70684368379559,23.94,NA,29,29,0,18,11,0,0,0,0.620689655172414,0.379310344827586,1,1.37931034482759
68,"continuous",1,"Purely rule-based","BRP-GABLE rule-only",TRUE,"MSE",1.54665634037368,23.9,NA,35,35,0,22,13,0,0,0,0.628571428571429,0.371428571428571,1,1.37142857142857
68,"continuous",1,"Purely rule-based","GABLE",TRUE,"MSE",2.64464981012211,0.5,NA,5,5,0,5,0,0,0,0,1,0,1,1
68,"continuous",1,"Purely rule-based","GBM",TRUE,"MSE",2.02038764164595,0.0200000000000387,NA,NA,NA,NA,NA,NA,NA,NA,NA,NA,NA,NA,NA
68,"continuous",1,"Purely rule-based","Linear",TRUE,"MSE",4.17794121838385,0.00999999999999091,NA,20,0,20,20,0,0,0,0,1,0,1,1
68,"continuous",1,"Purely rule-based","Random forest",TRUE,"MSE",2.89801332939831,0.310000000000002,NA,NA,NA,NA,NA,NA,NA,NA,NA,NA,NA,NA,NA
68,"continuous",1,"Purely rule-based","RuleFit",TRUE,"MSE",1.50245436094526,12.42,NA,44,44,0,6,36,2,0,0,0.136363636363636,0.818181818181818,0.954545454545455,1.90909090909091
69,"continuous",1,"Purely rule-based","BRP-GABLE full",TRUE,"MSE",1.34120023168509,23.6099999999999,NA,39,39,0,26,13,0,0,0,0.666666666666667,0.333333333333333,1,1.33333333333333
69,"continuous",1,"Purely rule-based","BRP-GABLE rule-only",TRUE,"MSE",1.30389857925784,23.59,NA,41,41,0,27,14,0,0,0,0.658536585365854,0.341463414634146,1,1.34146341463415
69,"continuous",1,"Purely rule-based","GABLE",TRUE,"MSE",2.33808086380971,0.460000000000036,NA,5,5,0,5,0,0,0,0,1,0,1,1
69,"continuous",1,"Purely rule-based","GBM",TRUE,"MSE",1.58123881221787,0.0100000000000477,NA,NA,NA,NA,NA,NA,NA,NA,NA,NA,NA,NA,NA
69,"continuous",1,"Purely rule-based","Linear",TRUE,"MSE",3.53778906365404,0.0199999999999818,NA,20,0,20,20,0,0,0,0,1,0,1,1
69,"continuous",1,"Purely rule-based","Random forest",TRUE,"MSE",2.2988720343297,0.359999999999957,NA,NA,NA,NA,NA,NA,NA,NA,NA,NA,NA,NA,NA
69,"continuous",1,"Purely rule-based","RuleFit",TRUE,"MSE",1.31815624575533,10.65,NA,42,42,0,9,33,0,0,0,0.214285714285714,0.785714285714286,1,1.78571428571429
70,"continuous",1,"Purely rule-based","BRP-GABLE full",TRUE,"MSE",1.44278153033547,23.8200000000001,NA,35,35,0,27,8,0,0,0,0.771428571428571,0.228571428571429,1,1.22857142857143
70,"continuous",1,"Purely rule-based","BRP-GABLE rule-only",TRUE,"MSE",1.42600689957656,23.81,NA,38,38,0,31,7,0,0,0,0.815789473684211,0.184210526315789,1,1.18421052631579
70,"continuous",1,"Purely rule-based","GABLE",TRUE,"MSE",2.39123338909018,0.509999999999991,NA,5,5,0,5,0,0,0,0,1,0,1,1
70,"continuous",1,"Purely rule-based","GBM",TRUE,"MSE",1.58363687857034,0.00999999999999091,NA,NA,NA,NA,NA,NA,NA,NA,NA,NA,NA,NA,NA
70,"continuous",1,"Purely rule-based","Linear",TRUE,"MSE",2.84124582981783,0,NA,20,0,20,20,0,0,0,0,1,0,1,1
70,"continuous",1,"Purely rule-based","Random forest",TRUE,"MSE",2.13576130528112,0.379999999999995,NA,NA,NA,NA,NA,NA,NA,NA,NA,NA,NA,NA,NA
70,"continuous",1,"Purely rule-based","RuleFit",TRUE,"MSE",1.47364377023365,12.38,NA,43,43,0,5,34,4,0,0,0.116279069767442,0.790697674418605,0.906976744186046,1.97674418604651
71,"continuous",1,"Purely rule-based","BRP-GABLE full",TRUE,"MSE",1.90496585336534,23.14,NA,31,31,0,14,17,0,0,0,0.451612903225806,0.548387096774194,1,1.54838709677419
71,"continuous",1,"Purely rule-based","BRP-GABLE rule-only",TRUE,"MSE",1.88118884065901,23.0600000000001,NA,31,31,0,14,17,0,0,0,0.451612903225806,0.548387096774194,1,1.54838709677419
71,"continuous",1,"Purely rule-based","GABLE",TRUE,"MSE",2.2333820668348,0.509999999999991,NA,5,5,0,5,0,0,0,0,1,0,1,1
71,"continuous",1,"Purely rule-based","GBM",TRUE,"MSE",1.57273795937558,0.0299999999999727,NA,NA,NA,NA,NA,NA,NA,NA,NA,NA,NA,NA,NA
71,"continuous",1,"Purely rule-based","Linear",TRUE,"MSE",3.30837951548668,0,NA,20,0,20,20,0,0,0,0,1,0,1,1
71,"continuous",1,"Purely rule-based","Random forest",TRUE,"MSE",2.54075802545468,0.350000000000023,NA,NA,NA,NA,NA,NA,NA,NA,NA,NA,NA,NA,NA
71,"continuous",1,"Purely rule-based","RuleFit",TRUE,"MSE",1.62645251226333,11.74,NA,39,39,0,7,29,3,0,0,0.179487179487179,0.743589743589744,0.923076923076923,1.8974358974359
72,"continuous",1,"Purely rule-based","BRP-GABLE full",TRUE,"MSE",1.43108887645993,23.58,NA,35,34,1,26,9,0,0,0,0.742857142857143,0.257142857142857,1,1.25714285714286
72,"continuous",1,"Purely rule-based","BRP-GABLE rule-only",TRUE,"MSE",1.40401966137917,23.5400000000001,NA,34,34,0,24,10,0,0,0,0.705882352941177,0.294117647058824,1,1.29411764705882
72,"continuous",1,"Purely rule-based","GABLE",TRUE,"MSE",2.71593134829546,0.470000000000027,NA,5,5,0,5,0,0,0,0,1,0,1,1
72,"continuous",1,"Purely rule-based","GBM",TRUE,"MSE",1.66264188773678,0.00999999999999091,NA,NA,NA,NA,NA,NA,NA,NA,NA,NA,NA,NA,NA
72,"continuous",1,"Purely rule-based","Linear",TRUE,"MSE",3.82283150327955,0,NA,20,0,20,20,0,0,0,0,1,0,1,1
72,"continuous",1,"Purely rule-based","Random forest",TRUE,"MSE",2.355636987597,0.389999999999986,NA,NA,NA,NA,NA,NA,NA,NA,NA,NA,NA,NA,NA
72,"continuous",1,"Purely rule-based","RuleFit",TRUE,"MSE",1.53060308225314,13.52,NA,45,45,0,3,40,2,0,0,0.0666666666666667,0.888888888888889,0.955555555555556,1.97777777777778
73,"continuous",1,"Purely rule-based","BRP-GABLE full",TRUE,"MSE",1.36204676148054,23.84,NA,52,47,5,33,19,0,0,0,0.634615384615385,0.365384615384615,1,1.36538461538462
73,"continuous",1,"Purely rule-based","BRP-GABLE rule-only",TRUE,"MSE",1.37003379107581,23.8200000000001,NA,47,47,0,29,18,0,0,0,0.617021276595745,0.382978723404255,1,1.38297872340426
73,"continuous",1,"Purely rule-based","GABLE",TRUE,"MSE",2.2068779112788,0.480000000000018,NA,5,5,0,5,0,0,0,0,1,0,1,1
73,"continuous",1,"Purely rule-based","GBM",TRUE,"MSE",1.69649386856906,0.0199999999999818,NA,NA,NA,NA,NA,NA,NA,NA,NA,NA,NA,NA,NA
73,"continuous",1,"Purely rule-based","Linear",TRUE,"MSE",3.86355439754569,0,NA,20,0,20,20,0,0,0,0,1,0,1,1
73,"continuous",1,"Purely rule-based","Random forest",TRUE,"MSE",2.48578563096776,0.330000000000041,NA,NA,NA,NA,NA,NA,NA,NA,NA,NA,NA,NA,NA
73,"continuous",1,"Purely rule-based","RuleFit",TRUE,"MSE",1.33245429772418,11.9399999999999,NA,48,48,0,8,35,5,0,0,0.166666666666667,0.729166666666667,0.895833333333333,1.9375
74,"continuous",1,"Purely rule-based","BRP-GABLE full",TRUE,"MSE",1.43568845973335,22.3399999999999,NA,38,35,3,20,18,0,0,0,0.526315789473684,0.473684210526316,1,1.47368421052632
74,"continuous",1,"Purely rule-based","BRP-GABLE rule-only",TRUE,"MSE",1.41089801282718,22.42,NA,36,36,0,18,18,0,0,0,0.5,0.5,1,1.5
74,"continuous",1,"Purely rule-based","GABLE",TRUE,"MSE",2.18217221202184,0.519999999999982,NA,5,5,0,5,0,0,0,0,1,0,1,1
74,"continuous",1,"Purely rule-based","GBM",TRUE,"MSE",1.7633259756424,0.00999999999999091,NA,NA,NA,NA,NA,NA,NA,NA,NA,NA,NA,NA,NA
74,"continuous",1,"Purely rule-based","Linear",TRUE,"MSE",3.9328351357693,0.0199999999999818,NA,20,0,20,20,0,0,0,0,1,0,1,1
74,"continuous",1,"Purely rule-based","Random forest",TRUE,"MSE",2.91877324407125,0.379999999999995,NA,NA,NA,NA,NA,NA,NA,NA,NA,NA,NA,NA,NA
74,"continuous",1,"Purely rule-based","RuleFit",TRUE,"MSE",1.33502324313988,13.46,NA,59,59,0,7,50,2,0,0,0.11864406779661,0.847457627118644,0.966101694915254,1.91525423728814
75,"continuous",1,"Purely rule-based","BRP-GABLE full",TRUE,"MSE",1.60544539680027,23.9499999999999,NA,27,27,0,15,12,0,0,0,0.555555555555556,0.444444444444444,1,1.44444444444444
75,"continuous",1,"Purely rule-based","BRP-GABLE rule-only",TRUE,"MSE",1.50704451504823,23.9,NA,29,29,0,18,11,0,0,0,0.620689655172414,0.379310344827586,1,1.37931034482759
75,"continuous",1,"Purely rule-based","GABLE",TRUE,"MSE",2.16135691732897,0.529999999999973,NA,5,5,0,5,0,0,0,0,1,0,1,1
75,"continuous",1,"Purely rule-based","GBM",TRUE,"MSE",1.89875408552362,0.00999999999999091,NA,NA,NA,NA,NA,NA,NA,NA,NA,NA,NA,NA,NA
75,"continuous",1,"Purely rule-based","Linear",TRUE,"MSE",3.88154413131467,0.0199999999999818,NA,20,0,20,20,0,0,0,0,1,0,1,1
75,"continuous",1,"Purely rule-based","Random forest",TRUE,"MSE",2.89172381634935,0.360000000000014,NA,NA,NA,NA,NA,NA,NA,NA,NA,NA,NA,NA,NA
75,"continuous",1,"Purely rule-based","RuleFit",TRUE,"MSE",1.48159990861191,12.3000000000001,NA,45,45,0,5,39,1,0,0,0.111111111111111,0.866666666666667,0.977777777777778,1.91111111111111
76,"continuous",1,"Purely rule-based","BRP-GABLE full",TRUE,"MSE",1.45314092169212,23.7500000000001,NA,29,29,0,15,14,0,0,0,0.517241379310345,0.482758620689655,1,1.48275862068966
76,"continuous",1,"Purely rule-based","BRP-GABLE rule-only",TRUE,"MSE",1.43540361182646,23.67,NA,29,29,0,15,14,0,0,0,0.517241379310345,0.482758620689655,1,1.48275862068966
76,"continuous",1,"Purely rule-based","GABLE",TRUE,"MSE",2.21716278499832,0.509999999999991,NA,5,5,0,5,0,0,0,0,1,0,1,1
76,"continuous",1,"Purely rule-based","GBM",TRUE,"MSE",1.6127609045474,0.0299999999999727,NA,NA,NA,NA,NA,NA,NA,NA,NA,NA,NA,NA,NA
76,"continuous",1,"Purely rule-based","Linear",TRUE,"MSE",3.24868597316848,0,NA,20,0,20,20,0,0,0,0,1,0,1,1
76,"continuous",1,"Purely rule-based","Random forest",TRUE,"MSE",2.6771241173134,0.379999999999995,NA,NA,NA,NA,NA,NA,NA,NA,NA,NA,NA,NA,NA
76,"continuous",1,"Purely rule-based","RuleFit",TRUE,"MSE",1.38523666055034,12.1800000000001,NA,50,50,0,5,40,5,0,0,0.1,0.8,0.9,2
77,"continuous",1,"Purely rule-based","BRP-GABLE full",TRUE,"MSE",1.44415200310959,23.11,NA,44,39,5,33,11,0,0,0,0.75,0.25,1,1.25
77,"continuous",1,"Purely rule-based","BRP-GABLE rule-only",TRUE,"MSE",1.48863172046184,23.11,NA,36,36,0,26,10,0,0,0,0.722222222222222,0.277777777777778,1,1.27777777777778
77,"continuous",1,"Purely rule-based","GABLE",TRUE,"MSE",2.64053215705017,0.549999999999955,NA,5,5,0,5,0,0,0,0,1,0,1,1
77,"continuous",1,"Purely rule-based","GBM",TRUE,"MSE",1.67614755516536,0.0199999999999818,NA,NA,NA,NA,NA,NA,NA,NA,NA,NA,NA,NA,NA
77,"continuous",1,"Purely rule-based","Linear",TRUE,"MSE",3.59621396948449,0,NA,20,0,20,20,0,0,0,0,1,0,1,1
77,"continuous",1,"Purely rule-based","Random forest",TRUE,"MSE",2.53193101349836,0.360000000000014,NA,NA,NA,NA,NA,NA,NA,NA,NA,NA,NA,NA,NA
77,"continuous",1,"Purely rule-based","RuleFit",TRUE,"MSE",1.57119012727986,12.5599999999999,NA,43,43,0,1,41,1,0,0,0.0232558139534884,0.953488372093023,0.976744186046512,2
78,"continuous",1,"Purely rule-based","BRP-GABLE full",TRUE,"MSE",1.28873110053449,23.85,NA,21,21,0,12,9,0,0,0,0.571428571428571,0.428571428571429,1,1.42857142857143
78,"continuous",1,"Purely rule-based","BRP-GABLE rule-only",TRUE,"MSE",1.27682749740876,23.84,NA,21,21,0,12,9,0,0,0,0.571428571428571,0.428571428571429,1,1.42857142857143
78,"continuous",1,"Purely rule-based","GABLE",TRUE,"MSE",1.88911136965239,0.439999999999941,NA,5,5,0,5,0,0,0,0,1,0,1,1
78,"continuous",1,"Purely rule-based","GBM",TRUE,"MSE",1.10022641509863,0.0299999999999727,NA,NA,NA,NA,NA,NA,NA,NA,NA,NA,NA,NA,NA
78,"continuous",1,"Purely rule-based","Linear",TRUE,"MSE",3.01158383053652,0,NA,20,0,20,20,0,0,0,0,1,0,1,1
78,"continuous",1,"Purely rule-based","Random forest",TRUE,"MSE",2.30426095819459,0.360000000000014,NA,NA,NA,NA,NA,NA,NA,NA,NA,NA,NA,NA,NA
78,"continuous",1,"Purely rule-based","RuleFit",TRUE,"MSE",1.44642684520617,12.27,NA,35,35,0,4,30,1,0,0,0.114285714285714,0.857142857142857,0.971428571428571,1.91428571428571
79,"continuous",1,"Purely rule-based","BRP-GABLE full",TRUE,"MSE",1.31394601659491,23.98,NA,38,37,1,29,9,0,0,0,0.763157894736842,0.236842105263158,1,1.23684210526316
79,"continuous",1,"Purely rule-based","BRP-GABLE rule-only",TRUE,"MSE",1.27661819748179,24.08,NA,36,36,0,27,9,0,0,0,0.75,0.25,1,1.25
79,"continuous",1,"Purely rule-based","GABLE",TRUE,"MSE",2.34298854166914,0.480000000000018,NA,5,5,0,4,1,0,0,0,0.8,0.2,1,1.2
79,"continuous",1,"Purely rule-based","GBM",TRUE,"MSE",1.73868064185502,0.00999999999999091,NA,NA,NA,NA,NA,NA,NA,NA,NA,NA,NA,NA,NA
79,"continuous",1,"Purely rule-based","Linear",TRUE,"MSE",3.4141977470081,0.0199999999999818,NA,20,0,20,20,0,0,0,0,1,0,1,1
79,"continuous",1,"Purely rule-based","Random forest",TRUE,"MSE",2.57592734446343,0.360000000000014,NA,NA,NA,NA,NA,NA,NA,NA,NA,NA,NA,NA,NA
79,"continuous",1,"Purely rule-based","RuleFit",TRUE,"MSE",1.53074154608484,12.61,NA,45,45,0,8,36,1,0,0,0.177777777777778,0.8,0.977777777777778,1.84444444444444
80,"continuous",1,"Purely rule-based","BRP-GABLE full",TRUE,"MSE",1.53453908111131,23.5500000000001,NA,36,35,1,26,10,0,0,0,0.722222222222222,0.277777777777778,1,1.27777777777778
80,"continuous",1,"Purely rule-based","BRP-GABLE rule-only",TRUE,"MSE",1.55029159852497,23.5500000000001,NA,34,34,0,24,10,0,0,0,0.705882352941177,0.294117647058824,1,1.29411764705882
80,"continuous",1,"Purely rule-based","GABLE",TRUE,"MSE",2.52093837773551,0.509999999999991,NA,5,5,0,5,0,0,0,0,1,0,1,1
80,"continuous",1,"Purely rule-based","GBM",TRUE,"MSE",1.82665928668555,0.00999999999999091,NA,NA,NA,NA,NA,NA,NA,NA,NA,NA,NA,NA,NA
80,"continuous",1,"Purely rule-based","Linear",TRUE,"MSE",3.99376657029146,0,NA,20,0,20,20,0,0,0,0,1,0,1,1
80,"continuous",1,"Purely rule-based","Random forest",TRUE,"MSE",2.75361532767425,0.379999999999995,NA,NA,NA,NA,NA,NA,NA,NA,NA,NA,NA,NA,NA
80,"continuous",1,"Purely rule-based","RuleFit",TRUE,"MSE",1.57365885506041,13.03,NA,50,50,0,3,44,3,0,0,0.06,0.88,0.94,2
81,"continuous",1,"Purely rule-based","BRP-GABLE full",TRUE,"MSE",1.64558464524063,23.8,NA,38,38,0,28,10,0,0,0,0.736842105263158,0.263157894736842,1,1.26315789473684
81,"continuous",1,"Purely rule-based","BRP-GABLE rule-only",TRUE,"MSE",1.60927966367516,23.7299999999999,NA,41,41,0,31,10,0,0,0,0.75609756097561,0.24390243902439,1,1.24390243902439
81,"continuous",1,"Purely rule-based","GABLE",TRUE,"MSE",2.70284458083042,0.5,NA,5,5,0,5,0,0,0,0,1,0,1,1
81,"continuous",1,"Purely rule-based","GBM",TRUE,"MSE",1.98269954859758,0.0199999999999818,NA,NA,NA,NA,NA,NA,NA,NA,NA,NA,NA,NA,NA
81,"continuous",1,"Purely rule-based","Linear",TRUE,"MSE",3.71686299433688,0.0199999999999818,NA,20,0,20,20,0,0,0,0,1,0,1,1
81,"continuous",1,"Purely rule-based","Random forest",TRUE,"MSE",3.05043727382317,0.350000000000023,NA,NA,NA,NA,NA,NA,NA,NA,NA,NA,NA,NA,NA
81,"continuous",1,"Purely rule-based","RuleFit",TRUE,"MSE",1.64071577364482,12.9299999999999,NA,51,51,0,4,43,4,0,0,0.0784313725490196,0.843137254901961,0.92156862745098,2
82,"continuous",1,"Purely rule-based","BRP-GABLE full",TRUE,"MSE",1.62880653222984,24.13,NA,31,30,1,24,7,0,0,0,0.774193548387097,0.225806451612903,1,1.2258064516129
82,"continuous",1,"Purely rule-based","BRP-GABLE rule-only",TRUE,"MSE",1.61865861677748,24.0599999999999,NA,33,33,0,25,8,0,0,0,0.757575757575758,0.242424242424242,1,1.24242424242424
82,"continuous",1,"Purely rule-based","GABLE",TRUE,"MSE",2.10019326104108,0.479999999999905,NA,5,5,0,5,0,0,0,0,1,0,1,1
82,"continuous",1,"Purely rule-based","GBM",TRUE,"MSE",1.78147986442587,0.0199999999999818,NA,NA,NA,NA,NA,NA,NA,NA,NA,NA,NA,NA,NA
82,"continuous",1,"Purely rule-based","Linear",TRUE,"MSE",4.02939794993874,0,NA,20,0,20,20,0,0,0,0,1,0,1,1
82,"continuous",1,"Purely rule-based","Random forest",TRUE,"MSE",3.03038525098297,0.360000000000014,NA,NA,NA,NA,NA,NA,NA,NA,NA,NA,NA,NA,NA
82,"continuous",1,"Purely rule-based","RuleFit",TRUE,"MSE",1.56975414934672,12.21,NA,46,46,0,5,37,4,0,0,0.108695652173913,0.804347826086957,0.91304347826087,1.97826086956522
83,"continuous",1,"Purely rule-based","BRP-GABLE full",TRUE,"MSE",1.26039999026585,23.91,NA,29,29,0,20,9,0,0,0,0.689655172413793,0.310344827586207,1,1.31034482758621
83,"continuous",1,"Purely rule-based","BRP-GABLE rule-only",TRUE,"MSE",1.20196790663016,23.9000000000001,NA,30,30,0,21,9,0,0,0,0.7,0.3,1,1.3
83,"continuous",1,"Purely rule-based","GABLE",TRUE,"MSE",1.92475454056756,0.5,NA,5,5,0,5,0,0,0,0,1,0,1,1
83,"continuous",1,"Purely rule-based","GBM",TRUE,"MSE",1.37797983493503,0.0299999999999727,NA,NA,NA,NA,NA,NA,NA,NA,NA,NA,NA,NA,NA
83,"continuous",1,"Purely rule-based","Linear",TRUE,"MSE",3.05431141641794,0,NA,20,0,20,20,0,0,0,0,1,0,1,1
83,"continuous",1,"Purely rule-based","Random forest",TRUE,"MSE",2.14212390062257,0.360000000000014,NA,NA,NA,NA,NA,NA,NA,NA,NA,NA,NA,NA,NA
83,"continuous",1,"Purely rule-based","RuleFit",TRUE,"MSE",1.35965954527926,12.25,NA,49,49,0,2,45,2,0,0,0.0408163265306122,0.918367346938776,0.959183673469388,2
84,"continuous",1,"Purely rule-based","BRP-GABLE full",TRUE,"MSE",1.70590510110956,24.5,NA,34,34,0,30,4,0,0,0,0.882352941176471,0.117647058823529,1,1.11764705882353
84,"continuous",1,"Purely rule-based","BRP-GABLE rule-only",TRUE,"MSE",1.63970723947894,24.4399999999999,NA,34,34,0,30,4,0,0,0,0.882352941176471,0.117647058823529,1,1.11764705882353
84,"continuous",1,"Purely rule-based","GABLE",TRUE,"MSE",1.99933908163306,0.480000000000018,NA,5,5,0,5,0,0,0,0,1,0,1,1
84,"continuous",1,"Purely rule-based","GBM",TRUE,"MSE",1.74215904553727,0.00999999999999091,NA,NA,NA,NA,NA,NA,NA,NA,NA,NA,NA,NA,NA
84,"continuous",1,"Purely rule-based","Linear",TRUE,"MSE",4.18449926550506,0,NA,20,0,20,20,0,0,0,0,1,0,1,1
84,"continuous",1,"Purely rule-based","Random forest",TRUE,"MSE",3.02732750872115,0.360000000000014,NA,NA,NA,NA,NA,NA,NA,NA,NA,NA,NA,NA,NA
84,"continuous",1,"Purely rule-based","RuleFit",TRUE,"MSE",1.76655216294933,11.88,NA,37,37,0,4,32,1,0,0,0.108108108108108,0.864864864864865,0.972972972972973,1.91891891891892
85,"continuous",1,"Purely rule-based","BRP-GABLE full",TRUE,"MSE",1.39684362381388,24.8,NA,33,33,0,25,8,0,0,0,0.757575757575758,0.242424242424242,1,1.24242424242424
85,"continuous",1,"Purely rule-based","BRP-GABLE rule-only",TRUE,"MSE",1.3758774116517,24.7699999999999,NA,33,33,0,25,8,0,0,0,0.757575757575758,0.242424242424242,1,1.24242424242424
85,"continuous",1,"Purely rule-based","GABLE",TRUE,"MSE",1.74093698577185,0.470000000000027,NA,5,5,0,5,0,0,0,0,1,0,1,1
85,"continuous",1,"Purely rule-based","GBM",TRUE,"MSE",1.60666544134839,0.00999999999999091,NA,NA,NA,NA,NA,NA,NA,NA,NA,NA,NA,NA,NA
85,"continuous",1,"Purely rule-based","Linear",TRUE,"MSE",3.5375606620716,0.0199999999999818,NA,20,0,20,20,0,0,0,0,1,0,1,1
85,"continuous",1,"Purely rule-based","Random forest",TRUE,"MSE",1.99372592834927,0.379999999999995,NA,NA,NA,NA,NA,NA,NA,NA,NA,NA,NA,NA,NA
85,"continuous",1,"Purely rule-based","RuleFit",TRUE,"MSE",1.28756849940015,13.1700000000001,NA,38,38,0,2,36,0,0,0,0.0526315789473684,0.947368421052632,1,1.94736842105263
86,"continuous",1,"Purely rule-based","BRP-GABLE full",TRUE,"MSE",1.59165246206149,23.75,NA,30,30,0,12,18,0,0,0,0.4,0.6,1,1.6
86,"continuous",1,"Purely rule-based","BRP-GABLE rule-only",TRUE,"MSE",1.51891332344111,23.7099999999999,NA,29,29,0,12,17,0,0,0,0.413793103448276,0.586206896551724,1,1.58620689655172
86,"continuous",1,"Purely rule-based","GABLE",TRUE,"MSE",2.67159465070019,0.440000000000055,NA,5,5,0,5,0,0,0,0,1,0,1,1
86,"continuous",1,"Purely rule-based","GBM",TRUE,"MSE",1.68586168843478,0.00999999999999091,NA,NA,NA,NA,NA,NA,NA,NA,NA,NA,NA,NA,NA
86,"continuous",1,"Purely rule-based","Linear",TRUE,"MSE",3.694123386853,0.0199999999999818,NA,20,0,20,20,0,0,0,0,1,0,1,1
86,"continuous",1,"Purely rule-based","Random forest",TRUE,"MSE",2.61052038415921,0.379999999999995,NA,NA,NA,NA,NA,NA,NA,NA,NA,NA,NA,NA,NA
86,"continuous",1,"Purely rule-based","RuleFit",TRUE,"MSE",1.3313211841178,13.46,NA,43,43,0,3,40,0,0,0,0.0697674418604651,0.930232558139535,1,1.93023255813953
87,"continuous",1,"Purely rule-based","BRP-GABLE full",TRUE,"MSE",1.73478916995979,23.4299999999999,NA,27,27,0,15,12,0,0,0,0.555555555555556,0.444444444444444,1,1.44444444444444
87,"continuous",1,"Purely rule-based","BRP-GABLE rule-only",TRUE,"MSE",1.63120657349904,23.3999999999999,NA,30,30,0,18,12,0,0,0,0.6,0.4,1,1.4
87,"continuous",1,"Purely rule-based","GABLE",TRUE,"MSE",2.41129174584284,0.5,NA,5,5,0,5,0,0,0,0,1,0,1,1
87,"continuous",1,"Purely rule-based","GBM",TRUE,"MSE",1.85161865387775,0.0299999999999727,NA,NA,NA,NA,NA,NA,NA,NA,NA,NA,NA,NA,NA
87,"continuous",1,"Purely rule-based","Linear",TRUE,"MSE",3.67479108853579,0,NA,20,0,20,20,0,0,0,0,1,0,1,1
87,"continuous",1,"Purely rule-based","Random forest",TRUE,"MSE",2.91231652722497,0.3900000000001,NA,NA,NA,NA,NA,NA,NA,NA,NA,NA,NA,NA,NA
87,"continuous",1,"Purely rule-based","RuleFit",TRUE,"MSE",1.7057998549624,12.14,NA,37,37,0,5,30,2,0,0,0.135135135135135,0.810810810810811,0.945945945945946,1.91891891891892
88,"continuous",1,"Purely rule-based","BRP-GABLE full",TRUE,"MSE",1.58926535468707,24.37,NA,28,28,0,19,9,0,0,0,0.678571428571429,0.321428571428571,1,1.32142857142857
88,"continuous",1,"Purely rule-based","BRP-GABLE rule-only",TRUE,"MSE",1.55672089852981,24.3200000000001,NA,28,28,0,19,9,0,0,0,0.678571428571429,0.321428571428571,1,1.32142857142857
88,"continuous",1,"Purely rule-based","GABLE",TRUE,"MSE",2.04697001780611,0.530000000000086,NA,5,5,0,5,0,0,0,0,1,0,1,1
88,"continuous",1,"Purely rule-based","GBM",TRUE,"MSE",1.51207756148009,0.0199999999999818,NA,NA,NA,NA,NA,NA,NA,NA,NA,NA,NA,NA,NA
88,"continuous",1,"Purely rule-based","Linear",TRUE,"MSE",3.05570484557667,0,NA,20,0,20,20,0,0,0,0,1,0,1,1
88,"continuous",1,"Purely rule-based","Random forest",TRUE,"MSE",2.25279345077327,0.370000000000005,NA,NA,NA,NA,NA,NA,NA,NA,NA,NA,NA,NA,NA
88,"continuous",1,"Purely rule-based","RuleFit",TRUE,"MSE",1.37402503479653,12.05,NA,45,45,0,4,38,3,0,0,0.0888888888888889,0.844444444444444,0.933333333333333,1.97777777777778
89,"continuous",1,"Purely rule-based","BRP-GABLE full",TRUE,"MSE",1.42578449969933,24.23,NA,35,34,1,27,8,0,0,0,0.771428571428571,0.228571428571429,1,1.22857142857143
89,"continuous",1,"Purely rule-based","BRP-GABLE rule-only",TRUE,"MSE",1.40356230255801,24.3399999999999,NA,38,38,0,29,9,0,0,0,0.763157894736842,0.236842105263158,1,1.23684210526316
89,"continuous",1,"Purely rule-based","GABLE",TRUE,"MSE",2.54510453686543,0.549999999999955,NA,5,5,0,5,0,0,0,0,1,0,1,1
89,"continuous",1,"Purely rule-based","GBM",TRUE,"MSE",1.72487944672722,0.0100000000001046,NA,NA,NA,NA,NA,NA,NA,NA,NA,NA,NA,NA,NA
89,"continuous",1,"Purely rule-based","Linear",TRUE,"MSE",3.56892351312677,0,NA,20,0,20,20,0,0,0,0,1,0,1,1
89,"continuous",1,"Purely rule-based","Random forest",TRUE,"MSE",3.12353230101975,0.389999999999986,NA,NA,NA,NA,NA,NA,NA,NA,NA,NA,NA,NA,NA
89,"continuous",1,"Purely rule-based","RuleFit",TRUE,"MSE",1.54529237845675,13.39,NA,49,49,0,1,44,4,0,0,0.0204081632653061,0.897959183673469,0.918367346938776,2.06122448979592
90,"continuous",1,"Purely rule-based","BRP-GABLE full",TRUE,"MSE",1.3330188216302,23.26,NA,35,34,1,22,13,0,0,0,0.628571428571429,0.371428571428571,1,1.37142857142857
90,"continuous",1,"Purely rule-based","BRP-GABLE rule-only",TRUE,"MSE",1.30340918870409,23.25,NA,34,34,0,20,14,0,0,0,0.588235294117647,0.411764705882353,1,1.41176470588235
90,"continuous",1,"Purely rule-based","GABLE",TRUE,"MSE",1.9931367377508,0.5,NA,5,5,0,5,0,0,0,0,1,0,1,1
90,"continuous",1,"Purely rule-based","GBM",TRUE,"MSE",1.49506321419562,0.0199999999999818,NA,NA,NA,NA,NA,NA,NA,NA,NA,NA,NA,NA,NA
90,"continuous",1,"Purely rule-based","Linear",TRUE,"MSE",3.10676873552627,0,NA,20,0,20,20,0,0,0,0,1,0,1,1
90,"continuous",1,"Purely rule-based","Random forest",TRUE,"MSE",2.41405504752469,0.340000000000032,NA,NA,NA,NA,NA,NA,NA,NA,NA,NA,NA,NA,NA
90,"continuous",1,"Purely rule-based","RuleFit",TRUE,"MSE",1.38750759527555,13.09,NA,43,43,0,6,35,2,0,0,0.13953488372093,0.813953488372093,0.953488372093023,1.90697674418605
91,"continuous",1,"Purely rule-based","BRP-GABLE full",TRUE,"MSE",1.41724825584597,24.1500000000001,NA,32,31,1,25,7,0,0,0,0.78125,0.21875,1,1.21875
91,"continuous",1,"Purely rule-based","BRP-GABLE rule-only",TRUE,"MSE",1.41796409497602,24.1299999999999,NA,31,31,0,24,7,0,0,0,0.774193548387097,0.225806451612903,1,1.2258064516129
91,"continuous",1,"Purely rule-based","GABLE",TRUE,"MSE",2.45728631411604,0.5,NA,5,5,0,5,0,0,0,0,1,0,1,1
91,"continuous",1,"Purely rule-based","GBM",TRUE,"MSE",1.49057453769021,0.00999999999999091,NA,NA,NA,NA,NA,NA,NA,NA,NA,NA,NA,NA,NA
91,"continuous",1,"Purely rule-based","Linear",TRUE,"MSE",3.96662265698141,0,NA,20,0,20,20,0,0,0,0,1,0,1,1
91,"continuous",1,"Purely rule-based","Random forest",TRUE,"MSE",2.51927365788602,0.389999999999986,NA,NA,NA,NA,NA,NA,NA,NA,NA,NA,NA,NA,NA
91,"continuous",1,"Purely rule-based","RuleFit",TRUE,"MSE",1.50129983223916,12.1400000000001,NA,43,43,0,6,33,4,0,0,0.13953488372093,0.767441860465116,0.906976744186046,1.95348837209302
92,"continuous",1,"Purely rule-based","BRP-GABLE full",TRUE,"MSE",1.41662500451474,21.76,NA,36,36,0,24,12,0,0,0,0.666666666666667,0.333333333333333,1,1.33333333333333
92,"continuous",1,"Purely rule-based","BRP-GABLE rule-only",TRUE,"MSE",1.32725289664487,21.7399999999999,NA,36,36,0,25,11,0,0,0,0.694444444444444,0.305555555555556,1,1.30555555555556
92,"continuous",1,"Purely rule-based","GABLE",TRUE,"MSE",2.70424135477144,0.389999999999986,NA,5,5,0,4,1,0,0,0,0.8,0.2,1,1.2
92,"continuous",1,"Purely rule-based","GBM",TRUE,"MSE",1.4893732098097,0.00999999999999091,NA,NA,NA,NA,NA,NA,NA,NA,NA,NA,NA,NA,NA
92,"continuous",1,"Purely rule-based","Linear",TRUE,"MSE",4.18513132421101,0.0200000000000955,NA,20,0,20,20,0,0,0,0,1,0,1,1
92,"continuous",1,"Purely rule-based","Random forest",TRUE,"MSE",2.41153295950596,0.360000000000014,NA,NA,NA,NA,NA,NA,NA,NA,NA,NA,NA,NA,NA
92,"continuous",1,"Purely rule-based","RuleFit",TRUE,"MSE",1.16896423536003,11.55,NA,44,44,0,7,37,0,0,0,0.159090909090909,0.840909090909091,1,1.84090909090909
93,"continuous",1,"Purely rule-based","BRP-GABLE full",TRUE,"MSE",1.39075874219103,24.11,NA,35,32,3,27,8,0,0,0,0.771428571428571,0.228571428571429,1,1.22857142857143
93,"continuous",1,"Purely rule-based","BRP-GABLE rule-only",TRUE,"MSE",1.372156870042,24.0300000000001,NA,32,32,0,24,8,0,0,0,0.75,0.25,1,1.25
93,"continuous",1,"Purely rule-based","GABLE",TRUE,"MSE",2.17900179666621,0.470000000000027,NA,5,5,0,5,0,0,0,0,1,0,1,1
93,"continuous",1,"Purely rule-based","GBM",TRUE,"MSE",1.71944498568386,0.00999999999999091,NA,NA,NA,NA,NA,NA,NA,NA,NA,NA,NA,NA,NA
93,"continuous",1,"Purely rule-based","Linear",TRUE,"MSE",3.88973240393502,0,NA,20,0,20,20,0,0,0,0,1,0,1,1
93,"continuous",1,"Purely rule-based","Random forest",TRUE,"MSE",2.63188697607011,0.360000000000014,NA,NA,NA,NA,NA,NA,NA,NA,NA,NA,NA,NA,NA
93,"continuous",1,"Purely rule-based","RuleFit",TRUE,"MSE",1.42874365039041,12.67,NA,60,60,0,8,43,9,0,0,0.133333333333333,0.716666666666667,0.85,2.01666666666667
94,"continuous",1,"Purely rule-based","BRP-GABLE full",TRUE,"MSE",1.37137342743876,24.0799999999999,NA,41,39,2,32,9,0,0,0,0.780487804878049,0.219512195121951,1,1.21951219512195
94,"continuous",1,"Purely rule-based","BRP-GABLE rule-only",TRUE,"MSE",1.37534934922804,23.99,NA,38,38,0,29,9,0,0,0,0.763157894736842,0.236842105263158,1,1.23684210526316
94,"continuous",1,"Purely rule-based","GABLE",TRUE,"MSE",1.83175721713517,0.480000000000018,NA,5,5,0,5,0,0,0,0,1,0,1,1
94,"continuous",1,"Purely rule-based","GBM",TRUE,"MSE",1.50148188607698,0.0199999999999818,NA,NA,NA,NA,NA,NA,NA,NA,NA,NA,NA,NA,NA
94,"continuous",1,"Purely rule-based","Linear",TRUE,"MSE",3.4284851250122,0.0199999999999818,NA,20,0,20,20,0,0,0,0,1,0,1,1
94,"continuous",1,"Purely rule-based","Random forest",TRUE,"MSE",2.5095973427835,0.370000000000005,NA,NA,NA,NA,NA,NA,NA,NA,NA,NA,NA,NA,NA
94,"continuous",1,"Purely rule-based","RuleFit",TRUE,"MSE",1.43972296562733,11.6899999999999,NA,44,44,0,6,36,2,0,0,0.136363636363636,0.818181818181818,0.954545454545455,1.90909090909091
95,"continuous",1,"Purely rule-based","BRP-GABLE full",TRUE,"MSE",1.23677235168554,23.9100000000001,NA,22,22,0,12,10,0,0,0,0.545454545454545,0.454545454545455,1,1.45454545454545
95,"continuous",1,"Purely rule-based","BRP-GABLE rule-only",TRUE,"MSE",1.21469329116039,23.87,NA,23,23,0,13,10,0,0,0,0.565217391304348,0.434782608695652,1,1.43478260869565
95,"continuous",1,"Purely rule-based","GABLE",TRUE,"MSE",2.09903186103236,0.42999999999995,NA,5,5,0,5,0,0,0,0,1,0,1,1
95,"continuous",1,"Purely rule-based","GBM",TRUE,"MSE",1.58405377665646,0.0199999999999818,NA,NA,NA,NA,NA,NA,NA,NA,NA,NA,NA,NA,NA
95,"continuous",1,"Purely rule-based","Linear",TRUE,"MSE",3.39621566877384,0,NA,20,0,20,20,0,0,0,0,1,0,1,1
95,"continuous",1,"Purely rule-based","Random forest",TRUE,"MSE",2.76535168633422,0.360000000000014,NA,NA,NA,NA,NA,NA,NA,NA,NA,NA,NA,NA,NA
95,"continuous",1,"Purely rule-based","RuleFit",TRUE,"MSE",1.20811756473083,11.33,NA,38,38,0,4,33,1,0,0,0.105263157894737,0.868421052631579,0.973684210526316,1.92105263157895
96,"continuous",1,"Purely rule-based","BRP-GABLE full",TRUE,"MSE",1.27408075187841,23.86,NA,40,39,1,29,11,0,0,0,0.725,0.275,1,1.275
96,"continuous",1,"Purely rule-based","BRP-GABLE rule-only",TRUE,"MSE",1.26862421670499,23.8099999999999,NA,39,39,0,28,11,0,0,0,0.717948717948718,0.282051282051282,1,1.28205128205128
96,"continuous",1,"Purely rule-based","GABLE",TRUE,"MSE",2.37601653595923,0.529999999999973,NA,5,5,0,5,0,0,0,0,1,0,1,1
96,"continuous",1,"Purely rule-based","GBM",TRUE,"MSE",1.42841571389972,0.0199999999999818,NA,NA,NA,NA,NA,NA,NA,NA,NA,NA,NA,NA,NA
96,"continuous",1,"Purely rule-based","Linear",TRUE,"MSE",3.68356042476472,0.0100000000001046,NA,20,0,20,20,0,0,0,0,1,0,1,1
96,"continuous",1,"Purely rule-based","Random forest",TRUE,"MSE",2.25016583097289,0.360000000000014,NA,NA,NA,NA,NA,NA,NA,NA,NA,NA,NA,NA,NA
96,"continuous",1,"Purely rule-based","RuleFit",TRUE,"MSE",1.38924713531466,13.03,NA,46,46,0,5,38,3,0,0,0.108695652173913,0.826086956521739,0.934782608695652,1.95652173913043
97,"continuous",1,"Purely rule-based","BRP-GABLE full",TRUE,"MSE",1.40969936926133,23.23,NA,38,37,1,24,14,0,0,0,0.631578947368421,0.368421052631579,1,1.36842105263158
97,"continuous",1,"Purely rule-based","BRP-GABLE rule-only",TRUE,"MSE",1.40971489715578,23.1299999999999,NA,36,36,0,22,14,0,0,0,0.611111111111111,0.388888888888889,1,1.38888888888889
97,"continuous",1,"Purely rule-based","GABLE",TRUE,"MSE",2.6816114986609,0.460000000000036,NA,5,5,0,5,0,0,0,0,1,0,1,1
97,"continuous",1,"Purely rule-based","GBM",TRUE,"MSE",1.80330954331052,0.0199999999999818,NA,NA,NA,NA,NA,NA,NA,NA,NA,NA,NA,NA,NA
97,"continuous",1,"Purely rule-based","Linear",TRUE,"MSE",4.09728849720643,0,NA,20,0,20,20,0,0,0,0,1,0,1,1
97,"continuous",1,"Purely rule-based","Random forest",TRUE,"MSE",2.48882049037777,0.330000000000041,NA,NA,NA,NA,NA,NA,NA,NA,NA,NA,NA,NA,NA
97,"continuous",1,"Purely rule-based","RuleFit",TRUE,"MSE",1.52779648259376,11.88,NA,37,37,0,6,31,0,0,0,0.162162162162162,0.837837837837838,1,1.83783783783784
98,"continuous",1,"Purely rule-based","BRP-GABLE full",TRUE,"MSE",1.44136863563079,22.8900000000001,NA,33,32,1,23,10,0,0,0,0.696969696969697,0.303030303030303,1,1.3030303030303
98,"continuous",1,"Purely rule-based","BRP-GABLE rule-only",TRUE,"MSE",1.35565818983676,22.86,NA,37,37,0,25,12,0,0,0,0.675675675675676,0.324324324324324,1,1.32432432432432
98,"continuous",1,"Purely rule-based","GABLE",TRUE,"MSE",2.69035341442948,0.5,NA,5,5,0,5,0,0,0,0,1,0,1,1
98,"continuous",1,"Purely rule-based","GBM",TRUE,"MSE",1.70650196242914,0.0399999999999636,NA,NA,NA,NA,NA,NA,NA,NA,NA,NA,NA,NA,NA
98,"continuous",1,"Purely rule-based","Linear",TRUE,"MSE",3.84354049798071,0,NA,20,0,20,20,0,0,0,0,1,0,1,1
98,"continuous",1,"Purely rule-based","Random forest",TRUE,"MSE",2.27676970245967,0.350000000000023,NA,NA,NA,NA,NA,NA,NA,NA,NA,NA,NA,NA,NA
98,"continuous",1,"Purely rule-based","RuleFit",TRUE,"MSE",1.48919016661016,11.13,NA,52,52,0,5,42,5,0,0,0.0961538461538462,0.807692307692308,0.903846153846154,2
99,"continuous",1,"Purely rule-based","BRP-GABLE full",TRUE,"MSE",1.32525260106832,21.97,NA,37,36,1,31,6,0,0,0,0.837837837837838,0.162162162162162,1,1.16216216216216
99,"continuous",1,"Purely rule-based","BRP-GABLE rule-only",TRUE,"MSE",1.30386306089564,21.96,NA,38,38,0,32,6,0,0,0,0.842105263157895,0.157894736842105,1,1.15789473684211
99,"continuous",1,"Purely rule-based","GABLE",TRUE,"MSE",1.84100511743048,0.399999999999977,NA,5,5,0,5,0,0,0,0,1,0,1,1
99,"continuous",1,"Purely rule-based","GBM",TRUE,"MSE",1.58579681066383,0.00999999999999091,NA,NA,NA,NA,NA,NA,NA,NA,NA,NA,NA,NA,NA
99,"continuous",1,"Purely rule-based","Linear",TRUE,"MSE",3.17238509957359,0,NA,20,0,20,20,0,0,0,0,1,0,1,1
99,"continuous",1,"Purely rule-based","Random forest",TRUE,"MSE",2.13840241216481,0.350000000000023,NA,NA,NA,NA,NA,NA,NA,NA,NA,NA,NA,NA,NA
99,"continuous",1,"Purely rule-based","RuleFit",TRUE,"MSE",1.3052500747073,9.38,NA,52,52,0,3,46,3,0,0,0.0576923076923077,0.884615384615385,0.942307692307692,2
100,"continuous",1,"Purely rule-based","BRP-GABLE full",TRUE,"MSE",1.32531385522859,22.2000000000002,NA,38,34,4,30,8,0,0,0,0.789473684210526,0.210526315789474,1,1.21052631578947
100,"continuous",1,"Purely rule-based","BRP-GABLE rule-only",TRUE,"MSE",1.30842543045828,22.2,NA,34,34,0,26,8,0,0,0,0.764705882352941,0.235294117647059,1,1.23529411764706
100,"continuous",1,"Purely rule-based","GABLE",TRUE,"MSE",2.10022726443595,0.330000000000041,NA,5,5,0,5,0,0,0,0,1,0,1,1
100,"continuous",1,"Purely rule-based","GBM",TRUE,"MSE",1.69663240431029,0.0199999999999818,NA,NA,NA,NA,NA,NA,NA,NA,NA,NA,NA,NA,NA
100,"continuous",1,"Purely rule-based","Linear",TRUE,"MSE",3.53701982504932,0,NA,20,0,20,20,0,0,0,0,1,0,1,1
100,"continuous",1,"Purely rule-based","Random forest",TRUE,"MSE",2.93003530444766,0.259999999999991,NA,NA,NA,NA,NA,NA,NA,NA,NA,NA,NA,NA,NA
100,"continuous",1,"Purely rule-based","RuleFit",TRUE,"MSE",1.44945759544444,6.94999999999993,NA,49,49,0,7,39,3,0,0,0.142857142857143,0.795918367346939,0.938775510204082,1.91836734693878
1,"continuous",2,"Purely linear","BRP-GABLE full",TRUE,"MSE",1.42321219376845,24.86,NA,31,25,6,11,20,0,0,0,0.354838709677419,0.645161290322581,1,1.64516129032258
1,"continuous",2,"Purely linear","BRP-GABLE rule-only",TRUE,"MSE",2.03148994430511,24.97,NA,56,56,0,27,29,0,0,0,0.482142857142857,0.517857142857143,1,1.51785714285714
1,"continuous",2,"Purely linear","GABLE",TRUE,"MSE",5.13538598017515,0.459999999999997,NA,4,4,0,1,3,0,0,0,0.25,0.75,1,1.75
1,"continuous",2,"Purely linear","GBM",TRUE,"MSE",1.89821274274044,0.0199999999999996,NA,NA,NA,NA,NA,NA,NA,NA,NA,NA,NA,NA,NA
1,"continuous",2,"Purely linear","Linear",TRUE,"MSE",1.02096202684855,0,NA,20,0,20,20,0,0,0,0,1,0,1,1
1,"continuous",2,"Purely linear","Random forest",TRUE,"MSE",2.795988941222,0.400000000000002,NA,NA,NA,NA,NA,NA,NA,NA,NA,NA,NA,NA,NA
1,"continuous",2,"Purely linear","RuleFit",TRUE,"MSE",1.5489289866177,15.47,NA,85,85,0,1,59,25,0,0,0.0117647058823529,0.694117647058824,0.705882352941177,2.28235294117647
2,"continuous",2,"Purely linear","BRP-GABLE full",TRUE,"MSE",1.4052765670916,25.76,NA,38,32,6,16,22,0,0,0,0.421052631578947,0.578947368421053,1,1.57894736842105
2,"continuous",2,"Purely linear","BRP-GABLE rule-only",TRUE,"MSE",1.84941413005551,25.6,NA,73,73,0,41,32,0,0,0,0.561643835616438,0.438356164383562,1,1.43835616438356
2,"continuous",2,"Purely linear","GABLE",TRUE,"MSE",4.51603548154981,0.460000000000001,NA,5,5,0,4,1,0,0,0,0.8,0.2,1,1.2
2,"continuous",2,"Purely linear","GBM",TRUE,"MSE",1.72391733739197,0.0299999999999976,NA,NA,NA,NA,NA,NA,NA,NA,NA,NA,NA,NA,NA
2,"continuous",2,"Purely linear","Linear",TRUE,"MSE",1.01059977396513,0,NA,20,0,20,20,0,0,0,0,1,0,1,1
2,"continuous",2,"Purely linear","Random forest",TRUE,"MSE",2.87430513476727,0.400000000000002,NA,NA,NA,NA,NA,NA,NA,NA,NA,NA,NA,NA,NA
2,"continuous",2,"Purely linear","RuleFit",TRUE,"MSE",1.57237248454633,15.19,NA,65,65,0,1,42,22,0,0,0.0153846153846154,0.646153846153846,0.661538461538462,2.32307692307692
3,"continuous",2,"Purely linear","BRP-GABLE full",TRUE,"MSE",1.29000391073475,23.88,NA,62,53,9,37,25,0,0,0,0.596774193548387,0.403225806451613,1,1.40322580645161
3,"continuous",2,"Purely linear","BRP-GABLE rule-only",TRUE,"MSE",1.69010134428951,23.9,NA,72,72,0,45,27,0,0,0,0.625,0.375,1,1.375
3,"continuous",2,"Purely linear","GABLE",TRUE,"MSE",4.26928097172446,0.449999999999999,NA,5,5,0,4,1,0,0,0,0.8,0.2,1,1.2
3,"continuous",2,"Purely linear","GBM",TRUE,"MSE",1.85263689726025,0.0199999999999996,NA,NA,NA,NA,NA,NA,NA,NA,NA,NA,NA,NA,NA
3,"continuous",2,"Purely linear","Linear",TRUE,"MSE",0.99203238674414,0.00999999999999801,NA,20,0,20,20,0,0,0,0,1,0,1,1
3,"continuous",2,"Purely linear","Random forest",TRUE,"MSE",3.3167028103264,0.390000000000001,NA,NA,NA,NA,NA,NA,NA,NA,NA,NA,NA,NA,NA
3,"continuous",2,"Purely linear","RuleFit",TRUE,"MSE",1.63211451973388,15.06,NA,72,72,0,0,51,21,0,0,0,0.708333333333333,0.708333333333333,2.29166666666667
4,"continuous",2,"Purely linear","BRP-GABLE full",TRUE,"MSE",1.69914769623346,25.57,NA,32,24,8,18,14,0,0,0,0.5625,0.4375,1,1.4375
4,"continuous",2,"Purely linear","BRP-GABLE rule-only",TRUE,"MSE",2.17717254909071,25.66,NA,63,63,0,41,22,0,0,0,0.650793650793651,0.349206349206349,1,1.34920634920635
4,"continuous",2,"Purely linear","GABLE",TRUE,"MSE",5.10999009667664,0.469999999999999,NA,5,5,0,5,0,0,0,0,1,0,1,1
4,"continuous",2,"Purely linear","GBM",TRUE,"MSE",2.37408123486792,0.0100000000000016,NA,NA,NA,NA,NA,NA,NA,NA,NA,NA,NA,NA,NA
4,"continuous",2,"Purely linear","Linear",TRUE,"MSE",1.25533984849496,0.0199999999999996,NA,20,0,20,20,0,0,0,0,1,0,1,1
4,"continuous",2,"Purely linear","Random forest",TRUE,"MSE",3.59758155797499,0.41,NA,NA,NA,NA,NA,NA,NA,NA,NA,NA,NA,NA,NA
4,"continuous",2,"Purely linear","RuleFit",TRUE,"MSE",1.968137520579,14.5,NA,106,106,0,7,72,27,0,0,0.0660377358490566,0.679245283018868,0.745283018867924,2.18867924528302
5,"continuous",2,"Purely linear","BRP-GABLE full",TRUE,"MSE",1.69747893484258,25.05,NA,36,30,6,10,26,0,0,0,0.277777777777778,0.722222222222222,1,1.72222222222222
5,"continuous",2,"Purely linear","BRP-GABLE rule-only",TRUE,"MSE",2.29075931142182,25.26,NA,48,48,0,17,31,0,0,0,0.354166666666667,0.645833333333333,1,1.64583333333333
5,"continuous",2,"Purely linear","GABLE",TRUE,"MSE",3.61223636045324,0.530000000000001,NA,5,5,0,5,0,0,0,0,1,0,1,1
5,"continuous",2,"Purely linear","GBM",TRUE,"MSE",1.76217661102178,0.0199999999999996,NA,NA,NA,NA,NA,NA,NA,NA,NA,NA,NA,NA,NA
5,"continuous",2,"Purely linear","Linear",TRUE,"MSE",1.04544440914636,0.0100000000000016,NA,20,0,20,20,0,0,0,0,1,0,1,1
5,"continuous",2,"Purely linear","Random forest",TRUE,"MSE",2.66458526475016,0.390000000000001,NA,NA,NA,NA,NA,NA,NA,NA,NA,NA,NA,NA,NA
5,"continuous",2,"Purely linear","RuleFit",TRUE,"MSE",1.54320522463027,14.74,NA,95,95,0,2,65,28,0,0,0.0210526315789474,0.684210526315789,0.705263157894737,2.27368421052632
6,"continuous",2,"Purely linear","BRP-GABLE full",TRUE,"MSE",1.53564107548461,23.15,NA,33,27,6,14,19,0,0,0,0.424242424242424,0.575757575757576,1,1.57575757575758
6,"continuous",2,"Purely linear","BRP-GABLE rule-only",TRUE,"MSE",2.06630792598856,23.29,NA,57,57,0,30,27,0,0,0,0.526315789473684,0.473684210526316,1,1.47368421052632
6,"continuous",2,"Purely linear","GABLE",TRUE,"MSE",3.89824068634275,0.57,NA,5,5,0,5,0,0,0,0,1,0,1,1
6,"continuous",2,"Purely linear","GBM",TRUE,"MSE",1.775971679685,0.0200000000000031,NA,NA,NA,NA,NA,NA,NA,NA,NA,NA,NA,NA,NA
6,"continuous",2,"Purely linear","Linear",TRUE,"MSE",1.20266097885827,0.0300000000000011,NA,20,0,20,20,0,0,0,0,1,0,1,1
6,"continuous",2,"Purely linear","Random forest",TRUE,"MSE",2.80667883061072,0.369999999999997,NA,NA,NA,NA,NA,NA,NA,NA,NA,NA,NA,NA,NA
6,"continuous",2,"Purely linear","RuleFit",TRUE,"MSE",1.59730420725289,16.79,NA,89,89,0,3,55,31,0,0,0.0337078651685393,0.617977528089888,0.651685393258427,2.31460674157303
7,"continuous",2,"Purely linear","BRP-GABLE full",TRUE,"MSE",1.64901894394395,22.08,NA,36,30,6,16,20,0,0,0,0.444444444444444,0.555555555555556,1,1.55555555555556
7,"continuous",2,"Purely linear","BRP-GABLE rule-only",TRUE,"MSE",2.13217027948597,22.09,NA,53,53,0,25,28,0,0,0,0.471698113207547,0.528301886792453,1,1.52830188679245
7,"continuous",2,"Purely linear","GABLE",TRUE,"MSE",4.80637021898212,0.530000000000001,NA,4,4,0,3,1,0,0,0,0.75,0.25,1,1.25
7,"continuous",2,"Purely linear","GBM",TRUE,"MSE",1.76301377878525,0.00999999999999801,NA,NA,NA,NA,NA,NA,NA,NA,NA,NA,NA,NA,NA
7,"continuous",2,"Purely linear","Linear",TRUE,"MSE",1.11539163116199,0.0399999999999991,NA,20,0,20,20,0,0,0,0,1,0,1,1
7,"continuous",2,"Purely linear","Random forest",TRUE,"MSE",2.75391302235623,0.410000000000004,NA,NA,NA,NA,NA,NA,NA,NA,NA,NA,NA,NA,NA
7,"continuous",2,"Purely linear","RuleFit",TRUE,"MSE",1.79552484435361,17.3,NA,116,116,0,4,75,37,0,0,0.0344827586206897,0.646551724137931,0.681034482758621,2.28448275862069
8,"continuous",2,"Purely linear","BRP-GABLE full",TRUE,"MSE",1.41154521624847,23.08,NA,35,29,6,16,19,0,0,0,0.457142857142857,0.542857142857143,1,1.54285714285714
8,"continuous",2,"Purely linear","BRP-GABLE rule-only",TRUE,"MSE",1.97076865467789,23.22,NA,67,67,0,41,26,0,0,0,0.611940298507463,0.388059701492537,1,1.38805970149254
8,"continuous",2,"Purely linear","GABLE",TRUE,"MSE",4.0645803375547,0.650000000000006,NA,5,5,0,5,0,0,0,0,1,0,1,1
8,"continuous",2,"Purely linear","GBM",TRUE,"MSE",1.67831367062467,0.0200000000000102,NA,NA,NA,NA,NA,NA,NA,NA,NA,NA,NA,NA,NA
8,"continuous",2,"Purely linear","Linear",TRUE,"MSE",1.07702025905909,0.0299999999999869,NA,20,0,20,20,0,0,0,0,1,0,1,1
8,"continuous",2,"Purely linear","Random forest",TRUE,"MSE",2.99562927705902,0.409999999999997,NA,NA,NA,NA,NA,NA,NA,NA,NA,NA,NA,NA,NA
8,"continuous",2,"Purely linear","RuleFit",TRUE,"MSE",1.64091559469306,18.08,NA,86,86,0,1,68,17,0,0,0.0116279069767442,0.790697674418605,0.802325581395349,2.18604651162791
9,"continuous",2,"Purely linear","BRP-GABLE full",TRUE,"MSE",1.67291734740393,23.57,NA,36,29,7,17,19,0,0,0,0.472222222222222,0.527777777777778,1,1.52777777777778
9,"continuous",2,"Purely linear","BRP-GABLE rule-only",TRUE,"MSE",2.40322242300729,23.73,NA,73,73,0,43,30,0,0,0,0.589041095890411,0.410958904109589,1,1.41095890410959
9,"continuous",2,"Purely linear","GABLE",TRUE,"MSE",4.42268317137396,0.63000000000001,NA,5,5,0,4,1,0,0,0,0.8,0.2,1,1.2
9,"continuous",2,"Purely linear","GBM",TRUE,"MSE",2.39559227796008,0.0100000000000051,NA,NA,NA,NA,NA,NA,NA,NA,NA,NA,NA,NA,NA
9,"continuous",2,"Purely linear","Linear",TRUE,"MSE",1.11695263966201,0.0400000000000063,NA,20,0,20,20,0,0,0,0,1,0,1,1
9,"continuous",2,"Purely linear","Random forest",TRUE,"MSE",3.47539329923672,0.419999999999987,NA,NA,NA,NA,NA,NA,NA,NA,NA,NA,NA,NA,NA
9,"continuous",2,"Purely linear","RuleFit",TRUE,"MSE",1.98595505672622,16.94,NA,72,72,0,1,45,26,0,0,0.0138888888888889,0.625,0.638888888888889,2.34722222222222
10,"continuous",2,"Purely linear","BRP-GABLE full",TRUE,"MSE",1.59757672051303,23.79,NA,35,29,6,18,17,0,0,0,0.514285714285714,0.485714285714286,1,1.48571428571429
10,"continuous",2,"Purely linear","BRP-GABLE rule-only",TRUE,"MSE",1.88978413247236,23.83,NA,59,59,0,40,19,0,0,0,0.677966101694915,0.322033898305085,1,1.32203389830508
10,"continuous",2,"Purely linear","GABLE",TRUE,"MSE",3.9091662860345,0.61999999999999,NA,5,5,0,5,0,0,0,0,1,0,1,1
10,"continuous",2,"Purely linear","GBM",TRUE,"MSE",1.82693933473438,0.019999999999996,NA,NA,NA,NA,NA,NA,NA,NA,NA,NA,NA,NA,NA
10,"continuous",2,"Purely linear","Linear",TRUE,"MSE",1.11375072003072,0.0300000000000011,NA,20,0,20,20,0,0,0,0,1,0,1,1
10,"continuous",2,"Purely linear","Random forest",TRUE,"MSE",3.03527740972249,0.420000000000002,NA,NA,NA,NA,NA,NA,NA,NA,NA,NA,NA,NA,NA
10,"continuous",2,"Purely linear","RuleFit",TRUE,"MSE",1.68377292866298,17.36,NA,81,81,0,2,61,18,0,0,0.0246913580246914,0.753086419753086,0.777777777777778,2.19753086419753
11,"continuous",2,"Purely linear","BRP-GABLE full",TRUE,"MSE",1.42835376377108,23.31,NA,63,54,9,31,32,0,0,0,0.492063492063492,0.507936507936508,1,1.50793650793651
11,"continuous",2,"Purely linear","BRP-GABLE rule-only",TRUE,"MSE",1.75517589901084,23.32,NA,58,58,0,20,38,0,0,0,0.344827586206897,0.655172413793103,1,1.6551724137931
11,"continuous",2,"Purely linear","GABLE",TRUE,"MSE",4.31189463676149,0.390000000000001,NA,4,4,0,1,3,0,0,0,0.25,0.75,1,1.75
11,"continuous",2,"Purely linear","GBM",TRUE,"MSE",1.76933315697585,0.019999999999996,NA,NA,NA,NA,NA,NA,NA,NA,NA,NA,NA,NA,NA
11,"continuous",2,"Purely linear","Linear",TRUE,"MSE",1.07767433931998,0,NA,20,0,20,20,0,0,0,0,1,0,1,1
11,"continuous",2,"Purely linear","Random forest",TRUE,"MSE",2.80264473829798,0.420000000000002,NA,NA,NA,NA,NA,NA,NA,NA,NA,NA,NA,NA,NA
11,"continuous",2,"Purely linear","RuleFit",TRUE,"MSE",1.70524830417853,14.78,NA,70,70,0,0,49,21,0,0,0,0.7,0.7,2.3
12,"continuous",2,"Purely linear","BRP-GABLE full",TRUE,"MSE",1.40123565704444,25.23,NA,38,31,7,19,19,0,0,0,0.5,0.5,1,1.5
12,"continuous",2,"Purely linear","BRP-GABLE rule-only",TRUE,"MSE",2.21008298238529,25.36,NA,53,53,0,32,21,0,0,0,0.60377358490566,0.39622641509434,1,1.39622641509434
12,"continuous",2,"Purely linear","GABLE",TRUE,"MSE",4.19913480235902,0.52000000000001,NA,5,5,0,5,0,0,0,0,1,0,1,1
12,"continuous",2,"Purely linear","GBM",TRUE,"MSE",1.68142038137436,0.00999999999999091,NA,NA,NA,NA,NA,NA,NA,NA,NA,NA,NA,NA,NA
12,"continuous",2,"Purely linear","Linear",TRUE,"MSE",1.0768187113185,0.019999999999996,NA,20,0,20,20,0,0,0,0,1,0,1,1
12,"continuous",2,"Purely linear","Random forest",TRUE,"MSE",2.93870817298928,0.359999999999999,NA,NA,NA,NA,NA,NA,NA,NA,NA,NA,NA,NA,NA
12,"continuous",2,"Purely linear","RuleFit",TRUE,"MSE",1.89007592377761,15.59,NA,62,62,0,0,38,24,0,0,0,0.612903225806452,0.612903225806452,2.38709677419355
13,"continuous",2,"Purely linear","BRP-GABLE full",TRUE,"MSE",1.85041846868313,23.95,NA,40,34,6,17,23,0,0,0,0.425,0.575,1,1.575
13,"continuous",2,"Purely linear","BRP-GABLE rule-only",TRUE,"MSE",2.72805700241474,24.06,NA,63,63,0,34,29,0,0,0,0.53968253968254,0.46031746031746,1,1.46031746031746
13,"continuous",2,"Purely linear","GABLE",TRUE,"MSE",5.58699850895846,0.450000000000003,NA,5,5,0,4,1,0,0,0,0.8,0.2,1,1.2
13,"continuous",2,"Purely linear","GBM",TRUE,"MSE",2.30342840540288,0.019999999999996,NA,NA,NA,NA,NA,NA,NA,NA,NA,NA,NA,NA,NA
13,"continuous",2,"Purely linear","Linear",TRUE,"MSE",1.06321231408099,0,NA,20,0,20,20,0,0,0,0,1,0,1,1
13,"continuous",2,"Purely linear","Random forest",TRUE,"MSE",3.8185002406086,0.390000000000001,NA,NA,NA,NA,NA,NA,NA,NA,NA,NA,NA,NA,NA
13,"continuous",2,"Purely linear","RuleFit",TRUE,"MSE",1.94587171926535,16.23,NA,80,80,0,1,63,16,0,0,0.0125,0.7875,0.8,2.1875
14,"continuous",2,"Purely linear","BRP-GABLE full",TRUE,"MSE",1.59196295811176,23.55,NA,33,27,6,14,19,0,0,0,0.424242424242424,0.575757575757576,1,1.57575757575758
14,"continuous",2,"Purely linear","BRP-GABLE rule-only",TRUE,"MSE",2.35808272472189,23.62,NA,55,55,0,30,25,0,0,0,0.545454545454545,0.454545454545455,1,1.45454545454545
14,"continuous",2,"Purely linear","GABLE",TRUE,"MSE",4.05304833037644,0.410000000000011,NA,5,5,0,5,0,0,0,0,1,0,1,1
14,"continuous",2,"Purely linear","GBM",TRUE,"MSE",1.88992865504215,0.00999999999999091,NA,NA,NA,NA,NA,NA,NA,NA,NA,NA,NA,NA,NA
14,"continuous",2,"Purely linear","Linear",TRUE,"MSE",1.20818522815493,0.019999999999996,NA,20,0,20,20,0,0,0,0,1,0,1,1
14,"continuous",2,"Purely linear","Random forest",TRUE,"MSE",3.22736933224336,0.390000000000001,NA,NA,NA,NA,NA,NA,NA,NA,NA,NA,NA,NA,NA
14,"continuous",2,"Purely linear","RuleFit",TRUE,"MSE",1.80134370511359,15.95,NA,85,85,0,0,65,20,0,0,0,0.764705882352941,0.764705882352941,2.23529411764706
15,"continuous",2,"Purely linear","BRP-GABLE full",TRUE,"MSE",1.90092997893922,23.42,NA,57,52,5,26,31,0,0,0,0.456140350877193,0.543859649122807,1,1.54385964912281
15,"continuous",2,"Purely linear","BRP-GABLE rule-only",TRUE,"MSE",2.19802162137881,23.43,NA,67,67,0,31,36,0,0,0,0.462686567164179,0.537313432835821,1,1.53731343283582
15,"continuous",2,"Purely linear","GABLE",TRUE,"MSE",4.48576858195056,0.449999999999989,NA,5,5,0,5,0,0,0,0,1,0,1,1
15,"continuous",2,"Purely linear","GBM",TRUE,"MSE",2.15847358112762,0.019999999999996,NA,NA,NA,NA,NA,NA,NA,NA,NA,NA,NA,NA,NA
15,"continuous",2,"Purely linear","Linear",TRUE,"MSE",1.11505718811047,0,NA,20,0,20,20,0,0,0,0,1,0,1,1
15,"continuous",2,"Purely linear","Random forest",TRUE,"MSE",3.41815725425664,0.370000000000005,NA,NA,NA,NA,NA,NA,NA,NA,NA,NA,NA,NA,NA
15,"continuous",2,"Purely linear","RuleFit",TRUE,"MSE",2.41805854408067,15.33,NA,57,57,0,0,32,25,0,0,0,0.56140350877193,0.56140350877193,2.43859649122807
16,"continuous",2,"Purely linear","BRP-GABLE full",TRUE,"MSE",1.50003897871776,23.27,NA,51,42,9,29,22,0,0,0,0.568627450980392,0.431372549019608,1,1.43137254901961
16,"continuous",2,"Purely linear","BRP-GABLE rule-only",TRUE,"MSE",1.87381849306347,23.35,NA,64,64,0,36,28,0,0,0,0.5625,0.4375,1,1.4375
16,"continuous",2,"Purely linear","GABLE",TRUE,"MSE",3.61590374144105,0.530000000000001,NA,5,5,0,5,0,0,0,0,1,0,1,1
16,"continuous",2,"Purely linear","GBM",TRUE,"MSE",1.88931879349037,0.0300000000000011,NA,NA,NA,NA,NA,NA,NA,NA,NA,NA,NA,NA,NA
16,"continuous",2,"Purely linear","Linear",TRUE,"MSE",1.19745515485774,0,NA,20,0,20,20,0,0,0,0,1,0,1,1
16,"continuous",2,"Purely linear","Random forest",TRUE,"MSE",2.81671657764439,0.379999999999995,NA,NA,NA,NA,NA,NA,NA,NA,NA,NA,NA,NA,NA
16,"continuous",2,"Purely linear","RuleFit",TRUE,"MSE",1.70590617134482,15.72,NA,65,65,0,1,41,23,0,0,0.0153846153846154,0.630769230769231,0.646153846153846,2.33846153846154
17,"continuous",2,"Purely linear","BRP-GABLE full",TRUE,"MSE",1.82382065923644,22.9,NA,43,36,7,19,24,0,0,0,0.441860465116279,0.558139534883721,1,1.55813953488372
17,"continuous",2,"Purely linear","BRP-GABLE rule-only",TRUE,"MSE",2.37060520154904,22.99,NA,59,59,0,28,31,0,0,0,0.474576271186441,0.525423728813559,1,1.52542372881356
17,"continuous",2,"Purely linear","GABLE",TRUE,"MSE",4.26477560590792,0.5,NA,5,5,0,5,0,0,0,0,1,0,1,1
17,"continuous",2,"Purely linear","GBM",TRUE,"MSE",2.12729199184834,0.0199999999999818,NA,NA,NA,NA,NA,NA,NA,NA,NA,NA,NA,NA,NA
17,"continuous",2,"Purely linear","Linear",TRUE,"MSE",1.36475917979051,0,NA,20,0,20,20,0,0,0,0,1,0,1,1
17,"continuous",2,"Purely linear","Random forest",TRUE,"MSE",3.50862360859071,0.400000000000006,NA,NA,NA,NA,NA,NA,NA,NA,NA,NA,NA,NA,NA
17,"continuous",2,"Purely linear","RuleFit",TRUE,"MSE",2.11275574680249,15.52,NA,69,69,0,1,42,26,0,0,0.0144927536231884,0.608695652173913,0.623188405797101,2.36231884057971
18,"continuous",2,"Purely linear","BRP-GABLE full",TRUE,"MSE",1.62484319072499,23.36,NA,39,32,7,14,25,0,0,0,0.358974358974359,0.641025641025641,1,1.64102564102564
18,"continuous",2,"Purely linear","BRP-GABLE rule-only",TRUE,"MSE",2.20699927863851,23.45,NA,65,65,0,25,40,0,0,0,0.384615384615385,0.615384615384615,1,1.61538461538462
18,"continuous",2,"Purely linear","GABLE",TRUE,"MSE",3.8683914374702,0.550000000000011,NA,5,5,0,5,0,0,0,0,1,0,1,1
18,"continuous",2,"Purely linear","GBM",TRUE,"MSE",2.00853838859615,0.0199999999999818,NA,NA,NA,NA,NA,NA,NA,NA,NA,NA,NA,NA,NA
18,"continuous",2,"Purely linear","Linear",TRUE,"MSE",1.02929996034461,0,NA,20,0,20,20,0,0,0,0,1,0,1,1
18,"continuous",2,"Purely linear","Random forest",TRUE,"MSE",3.08556557929422,0.370000000000005,NA,NA,NA,NA,NA,NA,NA,NA,NA,NA,NA,NA,NA
18,"continuous",2,"Purely linear","RuleFit",TRUE,"MSE",1.82155801227909,15.91,NA,83,83,0,0,67,16,0,0,0,0.807228915662651,0.807228915662651,2.19277108433735
19,"continuous",2,"Purely linear","BRP-GABLE full",TRUE,"MSE",1.47948856432505,23.16,NA,44,38,6,21,23,0,0,0,0.477272727272727,0.522727272727273,1,1.52272727272727
19,"continuous",2,"Purely linear","BRP-GABLE rule-only",TRUE,"MSE",1.86580698860259,23.24,NA,66,66,0,34,32,0,0,0,0.515151515151515,0.484848484848485,1,1.48484848484848
19,"continuous",2,"Purely linear","GABLE",TRUE,"MSE",4.21833631332718,0.560000000000002,NA,5,5,0,5,0,0,0,0,1,0,1,1
19,"continuous",2,"Purely linear","GBM",TRUE,"MSE",1.8026393995262,0.039999999999992,NA,NA,NA,NA,NA,NA,NA,NA,NA,NA,NA,NA,NA
19,"continuous",2,"Purely linear","Linear",TRUE,"MSE",1.21027898913937,0,NA,20,0,20,20,0,0,0,0,1,0,1,1
19,"continuous",2,"Purely linear","Random forest",TRUE,"MSE",3.06236505069963,0.389999999999986,NA,NA,NA,NA,NA,NA,NA,NA,NA,NA,NA,NA,NA
19,"continuous",2,"Purely linear","RuleFit",TRUE,"MSE",1.57977753681041,15.7,NA,93,93,0,1,68,24,0,0,0.010752688172043,0.731182795698925,0.741935483870968,2.24731182795699
20,"continuous",2,"Purely linear","BRP-GABLE full",TRUE,"MSE",1.54355962692366,23.12,NA,36,30,6,18,18,0,0,0,0.5,0.5,1,1.5
20,"continuous",2,"Purely linear","BRP-GABLE rule-only",TRUE,"MSE",1.98324505992747,23.14,NA,62,62,0,37,25,0,0,0,0.596774193548387,0.403225806451613,1,1.40322580645161
20,"continuous",2,"Purely linear","GABLE",TRUE,"MSE",3.67137066744329,0.560000000000002,NA,5,5,0,5,0,0,0,0,1,0,1,1
20,"continuous",2,"Purely linear","GBM",TRUE,"MSE",1.87474463095043,0.0200000000000102,NA,NA,NA,NA,NA,NA,NA,NA,NA,NA,NA,NA,NA
20,"continuous",2,"Purely linear","Linear",TRUE,"MSE",1.11833932699562,0,NA,20,0,20,20,0,0,0,0,1,0,1,1
20,"continuous",2,"Purely linear","Random forest",TRUE,"MSE",2.78326895067943,0.419999999999987,NA,NA,NA,NA,NA,NA,NA,NA,NA,NA,NA,NA,NA
20,"continuous",2,"Purely linear","RuleFit",TRUE,"MSE",1.58429763373849,15.72,NA,84,84,0,4,61,19,0,0,0.0476190476190476,0.726190476190476,0.773809523809524,2.17857142857143
21,"continuous",2,"Purely linear","BRP-GABLE full",TRUE,"MSE",1.24570923039898,24.07,NA,44,38,6,25,19,0,0,0,0.568181818181818,0.431818181818182,1,1.43181818181818
21,"continuous",2,"Purely linear","BRP-GABLE rule-only",TRUE,"MSE",1.62511135290336,23.99,NA,65,65,0,42,23,0,0,0,0.646153846153846,0.353846153846154,1,1.35384615384615
21,"continuous",2,"Purely linear","GABLE",TRUE,"MSE",3.70205720368011,0.549999999999983,NA,5,5,0,5,0,0,0,0,1,0,1,1
21,"continuous",2,"Purely linear","GBM",TRUE,"MSE",1.54430529482634,0.0100000000000193,NA,NA,NA,NA,NA,NA,NA,NA,NA,NA,NA,NA,NA
21,"continuous",2,"Purely linear","Linear",TRUE,"MSE",0.995516929677855,0.0199999999999818,NA,20,0,20,20,0,0,0,0,1,0,1,1
21,"continuous",2,"Purely linear","Random forest",TRUE,"MSE",2.65112761111677,0.409999999999997,NA,NA,NA,NA,NA,NA,NA,NA,NA,NA,NA,NA,NA
21,"continuous",2,"Purely linear","RuleFit",TRUE,"MSE",1.74883673315377,15.87,NA,75,75,0,1,53,21,0,0,0.0133333333333333,0.706666666666667,0.72,2.26666666666667
22,"continuous",2,"Purely linear","BRP-GABLE full",TRUE,"MSE",1.73319128690226,23.38,NA,34,28,6,20,14,0,0,0,0.588235294117647,0.411764705882353,1,1.41176470588235
22,"continuous",2,"Purely linear","BRP-GABLE rule-only",TRUE,"MSE",2.10079849065147,23.39,NA,74,74,0,55,19,0,0,0,0.743243243243243,0.256756756756757,1,1.25675675675676
22,"continuous",2,"Purely linear","GABLE",TRUE,"MSE",4.36380129427095,0.530000000000001,NA,5,5,0,4,1,0,0,0,0.8,0.2,1,1.2
22,"continuous",2,"Purely linear","GBM",TRUE,"MSE",1.81938858614816,0.0100000000000193,NA,NA,NA,NA,NA,NA,NA,NA,NA,NA,NA,NA,NA
22,"continuous",2,"Purely linear","Linear",TRUE,"MSE",1.19637336804271,0,NA,20,0,20,20,0,0,0,0,1,0,1,1
22,"continuous",2,"Purely linear","Random forest",TRUE,"MSE",3.10169544487617,0.379999999999995,NA,NA,NA,NA,NA,NA,NA,NA,NA,NA,NA,NA,NA
22,"continuous",2,"Purely linear","RuleFit",TRUE,"MSE",1.82230922443117,15.39,NA,99,99,0,3,56,40,0,0,0.0303030303030303,0.565656565656566,0.595959595959596,2.37373737373737
23,"continuous",2,"Purely linear","BRP-GABLE full",TRUE,"MSE",1.44578896466468,22.58,NA,39,32,7,18,21,0,0,0,0.461538461538462,0.538461538461538,1,1.53846153846154
23,"continuous",2,"Purely linear","BRP-GABLE rule-only",TRUE,"MSE",1.82211355748357,22.62,NA,72,72,0,37,35,0,0,0,0.513888888888889,0.486111111111111,1,1.48611111111111
23,"continuous",2,"Purely linear","GABLE",TRUE,"MSE",3.7081023943952,0.5,NA,5,5,0,5,0,0,0,0,1,0,1,1
23,"continuous",2,"Purely linear","GBM",TRUE,"MSE",1.78117318137151,0.0100000000000193,NA,NA,NA,NA,NA,NA,NA,NA,NA,NA,NA,NA,NA
23,"continuous",2,"Purely linear","Linear",TRUE,"MSE",1.05747054622667,0,NA,20,0,20,20,0,0,0,0,1,0,1,1
23,"continuous",2,"Purely linear","Random forest",TRUE,"MSE",3.14082146966075,0.439999999999998,NA,NA,NA,NA,NA,NA,NA,NA,NA,NA,NA,NA,NA
23,"continuous",2,"Purely linear","RuleFit",TRUE,"MSE",1.72693074716747,15.45,NA,102,102,0,3,68,31,0,0,0.0294117647058824,0.666666666666667,0.696078431372549,2.27450980392157
24,"continuous",2,"Purely linear","BRP-GABLE full",TRUE,"MSE",1.69927076889894,23.32,NA,37,30,7,16,21,0,0,0,0.432432432432432,0.567567567567568,1,1.56756756756757
24,"continuous",2,"Purely linear","BRP-GABLE rule-only",TRUE,"MSE",2.38929274707933,23.39,NA,44,44,0,16,28,0,0,0,0.363636363636364,0.636363636363636,1,1.63636363636364
24,"continuous",2,"Purely linear","GABLE",TRUE,"MSE",4.33268260771408,0.54000000000002,NA,5,5,0,5,0,0,0,0,1,0,1,1
24,"continuous",2,"Purely linear","GBM",TRUE,"MSE",2.18694096556636,0.0100000000000193,NA,NA,NA,NA,NA,NA,NA,NA,NA,NA,NA,NA,NA
24,"continuous",2,"Purely linear","Linear",TRUE,"MSE",1.15853701312819,0.0199999999999818,NA,20,0,20,20,0,0,0,0,1,0,1,1
24,"continuous",2,"Purely linear","Random forest",TRUE,"MSE",3.16790066621261,0.389999999999986,NA,NA,NA,NA,NA,NA,NA,NA,NA,NA,NA,NA,NA
24,"continuous",2,"Purely linear","RuleFit",TRUE,"MSE",1.95137183001741,15.15,NA,94,94,0,2,68,24,0,0,0.0212765957446809,0.723404255319149,0.74468085106383,2.23404255319149
25,"continuous",2,"Purely linear","BRP-GABLE full",TRUE,"MSE",1.46185050689504,22.5,NA,45,39,6,16,29,0,0,0,0.355555555555556,0.644444444444444,1,1.64444444444444
25,"continuous",2,"Purely linear","BRP-GABLE rule-only",TRUE,"MSE",1.88412684809151,22.58,NA,58,58,0,19,39,0,0,0,0.327586206896552,0.672413793103448,1,1.67241379310345
25,"continuous",2,"Purely linear","GABLE",TRUE,"MSE",4.0911940206349,0.519999999999982,NA,5,5,0,5,0,0,0,0,1,0,1,1
25,"continuous",2,"Purely linear","GBM",TRUE,"MSE",2.07826449732689,0.0300000000000011,NA,NA,NA,NA,NA,NA,NA,NA,NA,NA,NA,NA,NA
25,"continuous",2,"Purely linear","Linear",TRUE,"MSE",1.1570024235983,0,NA,20,0,20,20,0,0,0,0,1,0,1,1
25,"continuous",2,"Purely linear","Random forest",TRUE,"MSE",3.24954424759988,0.360000000000014,NA,NA,NA,NA,NA,NA,NA,NA,NA,NA,NA,NA,NA
25,"continuous",2,"Purely linear","RuleFit",TRUE,"MSE",1.5344427127829,15.59,NA,108,108,0,0,58,50,0,0,0,0.537037037037037,0.537037037037037,2.46296296296296
26,"continuous",2,"Purely linear","BRP-GABLE full",TRUE,"MSE",1.69126851926153,22.02,NA,34,27,7,13,21,0,0,0,0.382352941176471,0.617647058823529,1,1.61764705882353
26,"continuous",2,"Purely linear","BRP-GABLE rule-only",TRUE,"MSE",2.31838405075931,22.06,NA,58,58,0,23,35,0,0,0,0.396551724137931,0.603448275862069,1,1.60344827586207
26,"continuous",2,"Purely linear","GABLE",TRUE,"MSE",4.56929348685096,0.45999999999998,NA,5,5,0,3,2,0,0,0,0.6,0.4,1,1.4
26,"continuous",2,"Purely linear","GBM",TRUE,"MSE",2.15436032588575,0.0200000000000102,NA,NA,NA,NA,NA,NA,NA,NA,NA,NA,NA,NA,NA
26,"continuous",2,"Purely linear","Linear",TRUE,"MSE",1.25957057665653,0,NA,20,0,20,20,0,0,0,0,1,0,1,1
26,"continuous",2,"Purely linear","Random forest",TRUE,"MSE",3.40056399625102,0.400000000000006,NA,NA,NA,NA,NA,NA,NA,NA,NA,NA,NA,NA,NA
26,"continuous",2,"Purely linear","RuleFit",TRUE,"MSE",2.00108524884009,14.81,NA,82,82,0,1,49,32,0,0,0.0121951219512195,0.597560975609756,0.609756097560976,2.3780487804878
27,"continuous",2,"Purely linear","BRP-GABLE full",TRUE,"MSE",1.94965008088678,21.96,NA,49,43,6,25,24,0,0,0,0.510204081632653,0.489795918367347,1,1.48979591836735
27,"continuous",2,"Purely linear","BRP-GABLE rule-only",TRUE,"MSE",2.40140370274562,22.03,NA,56,56,0,29,27,0,0,0,0.517857142857143,0.482142857142857,1,1.48214285714286
27,"continuous",2,"Purely linear","GABLE",TRUE,"MSE",4.7135604567422,0.420000000000016,NA,5,5,0,4,1,0,0,0,0.8,0.2,1,1.2
27,"continuous",2,"Purely linear","GBM",TRUE,"MSE",2.22242831789208,0.0200000000000102,NA,NA,NA,NA,NA,NA,NA,NA,NA,NA,NA,NA,NA
27,"continuous",2,"Purely linear","Linear",TRUE,"MSE",1.23995839699162,0,NA,20,0,20,20,0,0,0,0,1,0,1,1
27,"continuous",2,"Purely linear","Random forest",TRUE,"MSE",3.81127770244976,0.329999999999984,NA,NA,NA,NA,NA,NA,NA,NA,NA,NA,NA,NA,NA
27,"continuous",2,"Purely linear","RuleFit",TRUE,"MSE",2.18147159598269,15.17,NA,73,73,0,0,56,17,0,0,0,0.767123287671233,0.767123287671233,2.23287671232877
28,"continuous",2,"Purely linear","BRP-GABLE full",TRUE,"MSE",1.51513412068305,21.74,NA,47,41,6,18,29,0,0,0,0.382978723404255,0.617021276595745,1,1.61702127659574
28,"continuous",2,"Purely linear","BRP-GABLE rule-only",TRUE,"MSE",2.19932903676008,21.76,NA,67,67,0,34,33,0,0,0,0.507462686567164,0.492537313432836,1,1.49253731343284
28,"continuous",2,"Purely linear","GABLE",TRUE,"MSE",4.13690400194204,0.550000000000011,NA,5,5,0,5,0,0,0,0,1,0,1,1
28,"continuous",2,"Purely linear","GBM",TRUE,"MSE",1.97619991830754,0.0300000000000011,NA,NA,NA,NA,NA,NA,NA,NA,NA,NA,NA,NA,NA
28,"continuous",2,"Purely linear","Linear",TRUE,"MSE",0.957117163562567,0,NA,20,0,20,20,0,0,0,0,1,0,1,1
28,"continuous",2,"Purely linear","Random forest",TRUE,"MSE",2.95342115037831,0.409999999999997,NA,NA,NA,NA,NA,NA,NA,NA,NA,NA,NA,NA,NA
28,"continuous",2,"Purely linear","RuleFit",TRUE,"MSE",1.91668063688895,15.37,NA,73,73,0,2,58,13,0,0,0.0273972602739726,0.794520547945205,0.821917808219178,2.15068493150685
29,"continuous",2,"Purely linear","BRP-GABLE full",TRUE,"MSE",2.0971192920799,21.16,NA,32,26,6,8,24,0,0,0,0.25,0.75,1,1.75
29,"continuous",2,"Purely linear","BRP-GABLE rule-only",TRUE,"MSE",2.28328231505598,21.15,NA,56,56,0,22,34,0,0,0,0.392857142857143,0.607142857142857,1,1.60714285714286
29,"continuous",2,"Purely linear","GABLE",TRUE,"MSE",4.85354250015651,0.409999999999997,NA,5,5,0,4,1,0,0,0,0.8,0.2,1,1.2
29,"continuous",2,"Purely linear","GBM",TRUE,"MSE",2.14151201270011,0.0199999999999818,NA,NA,NA,NA,NA,NA,NA,NA,NA,NA,NA,NA,NA
29,"continuous",2,"Purely linear","Linear",TRUE,"MSE",1.0719204995436,0,NA,20,0,20,20,0,0,0,0,1,0,1,1
29,"continuous",2,"Purely linear","Random forest",TRUE,"MSE",3.65959529794411,0.400000000000006,NA,NA,NA,NA,NA,NA,NA,NA,NA,NA,NA,NA,NA
29,"continuous",2,"Purely linear","RuleFit",TRUE,"MSE",2.03820246407927,15.39,NA,84,84,0,1,49,34,0,0,0.0119047619047619,0.583333333333333,0.595238095238095,2.39285714285714
30,"continuous",2,"Purely linear","BRP-GABLE full",TRUE,"MSE",1.63054085166326,23.12,NA,25,19,6,10,15,0,0,0,0.4,0.6,1,1.6
30,"continuous",2,"Purely linear","BRP-GABLE rule-only",TRUE,"MSE",3.13264680860676,23.26,NA,28,28,0,9,19,0,0,0,0.321428571428571,0.678571428571429,1,1.67857142857143
30,"continuous",2,"Purely linear","GABLE",TRUE,"MSE",3.86939755150237,0.549999999999983,NA,5,5,0,5,0,0,0,0,1,0,1,1
30,"continuous",2,"Purely linear","GBM",TRUE,"MSE",1.887927518217,0.0200000000000102,NA,NA,NA,NA,NA,NA,NA,NA,NA,NA,NA,NA,NA
30,"continuous",2,"Purely linear","Linear",TRUE,"MSE",1.18778022196848,0,NA,20,0,20,20,0,0,0,0,1,0,1,1
30,"continuous",2,"Purely linear","Random forest",TRUE,"MSE",3.12484101894964,0.400000000000006,NA,NA,NA,NA,NA,NA,NA,NA,NA,NA,NA,NA,NA
30,"continuous",2,"Purely linear","RuleFit",TRUE,"MSE",2.14078727540394,15.26,NA,60,60,0,0,35,25,0,0,0,0.583333333333333,0.583333333333333,2.41666666666667
31,"continuous",2,"Purely linear","BRP-GABLE full",TRUE,"MSE",1.60477421793719,22.11,NA,48,40,8,23,25,0,0,0,0.479166666666667,0.520833333333333,1,1.52083333333333
31,"continuous",2,"Purely linear","BRP-GABLE rule-only",TRUE,"MSE",2.17799166189631,22.12,NA,59,59,0,29,30,0,0,0,0.491525423728814,0.508474576271186,1,1.50847457627119
31,"continuous",2,"Purely linear","GABLE",TRUE,"MSE",4.50363891510128,0.5,NA,4,4,0,3,1,0,0,0,0.75,0.25,1,1.25
31,"continuous",2,"Purely linear","GBM",TRUE,"MSE",1.86689252280501,0.00999999999999091,NA,NA,NA,NA,NA,NA,NA,NA,NA,NA,NA,NA,NA
31,"continuous",2,"Purely linear","Linear",TRUE,"MSE",1.1737092529786,0,NA,20,0,20,20,0,0,0,0,1,0,1,1
31,"continuous",2,"Purely linear","Random forest",TRUE,"MSE",3.07958483826098,0.390000000000015,NA,NA,NA,NA,NA,NA,NA,NA,NA,NA,NA,NA,NA
31,"continuous",2,"Purely linear","RuleFit",TRUE,"MSE",1.99495902877288,15.36,NA,69,69,0,0,47,22,0,0,0,0.681159420289855,0.681159420289855,2.31884057971015
32,"continuous",2,"Purely linear","BRP-GABLE full",TRUE,"MSE",1.571339247434,22.98,NA,37,30,7,16,21,0,0,0,0.432432432432432,0.567567567567568,1,1.56756756756757
32,"continuous",2,"Purely linear","BRP-GABLE rule-only",TRUE,"MSE",2.16929395456816,22.96,NA,67,67,0,39,28,0,0,0,0.582089552238806,0.417910447761194,1,1.41791044776119
32,"continuous",2,"Purely linear","GABLE",TRUE,"MSE",3.99983198622081,0.449999999999989,NA,5,5,0,5,0,0,0,0,1,0,1,1
32,"continuous",2,"Purely linear","GBM",TRUE,"MSE",2.15132166580466,0.0200000000000102,NA,NA,NA,NA,NA,NA,NA,NA,NA,NA,NA,NA,NA
32,"continuous",2,"Purely linear","Linear",TRUE,"MSE",1.18125864366095,0,NA,20,0,20,20,0,0,0,0,1,0,1,1
32,"continuous",2,"Purely linear","Random forest",TRUE,"MSE",3.20039134844108,0.400000000000006,NA,NA,NA,NA,NA,NA,NA,NA,NA,NA,NA,NA,NA
32,"continuous",2,"Purely linear","RuleFit",TRUE,"MSE",2.23546250729652,15.58,NA,57,57,0,0,29,28,0,0,0,0.508771929824561,0.508771929824561,2.49122807017544
33,"continuous",2,"Purely linear","BRP-GABLE full",TRUE,"MSE",1.86293615989243,22.24,NA,38,32,6,14,24,0,0,0,0.368421052631579,0.631578947368421,1,1.63157894736842
33,"continuous",2,"Purely linear","BRP-GABLE rule-only",TRUE,"MSE",2.57236376453466,22.14,NA,69,69,0,32,37,0,0,0,0.463768115942029,0.536231884057971,1,1.53623188405797
33,"continuous",2,"Purely linear","GABLE",TRUE,"MSE",4.54848293991782,0.5,NA,5,5,0,5,0,0,0,0,1,0,1,1
33,"continuous",2,"Purely linear","GBM",TRUE,"MSE",2.22811946760755,0,NA,NA,NA,NA,NA,NA,NA,NA,NA,NA,NA,NA,NA
33,"continuous",2,"Purely linear","Linear",TRUE,"MSE",1.25527133482904,0.00999999999999091,NA,20,0,20,20,0,0,0,0,1,0,1,1
33,"continuous",2,"Purely linear","Random forest",TRUE,"MSE",3.328182286186,0.390000000000015,NA,NA,NA,NA,NA,NA,NA,NA,NA,NA,NA,NA,NA
33,"continuous",2,"Purely linear","RuleFit",TRUE,"MSE",2.10079952842631,14.52,NA,67,67,0,0,43,24,0,0,0,0.641791044776119,0.641791044776119,2.35820895522388
34,"continuous",2,"Purely linear","BRP-GABLE full",TRUE,"MSE",1.58884161416524,22.31,NA,32,26,6,10,22,0,0,0,0.3125,0.6875,1,1.6875
34,"continuous",2,"Purely linear","BRP-GABLE rule-only",TRUE,"MSE",2.05027432967863,22.37,NA,51,51,0,20,31,0,0,0,0.392156862745098,0.607843137254902,1,1.6078431372549
34,"continuous",2,"Purely linear","GABLE",TRUE,"MSE",4.22962776538276,0.469999999999999,NA,5,5,0,5,0,0,0,0,1,0,1,1
34,"continuous",2,"Purely linear","GBM",TRUE,"MSE",1.86157791321759,0.0200000000000102,NA,NA,NA,NA,NA,NA,NA,NA,NA,NA,NA,NA,NA
34,"continuous",2,"Purely linear","Linear",TRUE,"MSE",1.34476458940047,0,NA,20,0,20,20,0,0,0,0,1,0,1,1
34,"continuous",2,"Purely linear","Random forest",TRUE,"MSE",2.96226550748829,0.400000000000006,NA,NA,NA,NA,NA,NA,NA,NA,NA,NA,NA,NA,NA
34,"continuous",2,"Purely linear","RuleFit",TRUE,"MSE",1.74987759410616,14.8,NA,81,81,0,0,57,24,0,0,0,0.703703703703704,0.703703703703704,2.2962962962963
35,"continuous",2,"Purely linear","BRP-GABLE full",TRUE,"MSE",1.5159363238913,22.46,NA,41,35,6,22,19,0,0,0,0.536585365853659,0.463414634146341,1,1.46341463414634
35,"continuous",2,"Purely linear","BRP-GABLE rule-only",TRUE,"MSE",2.18148861958958,22.56,NA,67,67,0,40,27,0,0,0,0.597014925373134,0.402985074626866,1,1.40298507462687
35,"continuous",2,"Purely linear","GABLE",TRUE,"MSE",4.29309248850572,0.54000000000002,NA,5,5,0,5,0,0,0,0,1,0,1,1
35,"continuous",2,"Purely linear","GBM",TRUE,"MSE",2.02044926078039,0.0299999999999727,NA,NA,NA,NA,NA,NA,NA,NA,NA,NA,NA,NA,NA
35,"continuous",2,"Purely linear","Linear",TRUE,"MSE",1.16739033096347,0,NA,20,0,20,20,0,0,0,0,1,0,1,1
35,"continuous",2,"Purely linear","Random forest",TRUE,"MSE",3.30825474355142,0.370000000000005,NA,NA,NA,NA,NA,NA,NA,NA,NA,NA,NA,NA,NA
35,"continuous",2,"Purely linear","RuleFit",TRUE,"MSE",1.94184430633325,15.45,NA,82,82,0,2,58,22,0,0,0.024390243902439,0.707317073170732,0.731707317073171,2.24390243902439
36,"continuous",2,"Purely linear","BRP-GABLE full",TRUE,"MSE",1.43017547950482,21.14,NA,53,43,10,26,27,0,0,0,0.490566037735849,0.509433962264151,1,1.50943396226415
36,"continuous",2,"Purely linear","BRP-GABLE rule-only",TRUE,"MSE",2.00830316676119,21.15,NA,56,56,0,21,35,0,0,0,0.375,0.625,1,1.625
36,"continuous",2,"Purely linear","GABLE",TRUE,"MSE",4.15973952375876,0.479999999999961,NA,5,5,0,4,1,0,0,0,0.8,0.2,1,1.2
36,"continuous",2,"Purely linear","GBM",TRUE,"MSE",1.85225691231867,0.0199999999999818,NA,NA,NA,NA,NA,NA,NA,NA,NA,NA,NA,NA,NA
36,"continuous",2,"Purely linear","Linear",TRUE,"MSE",1.01730151000653,0,NA,20,0,20,20,0,0,0,0,1,0,1,1
36,"continuous",2,"Purely linear","Random forest",TRUE,"MSE",3.05849981828599,0.410000000000025,NA,NA,NA,NA,NA,NA,NA,NA,NA,NA,NA,NA,NA
36,"continuous",2,"Purely linear","RuleFit",TRUE,"MSE",1.64577450098864,15.19,NA,77,77,0,1,53,23,0,0,0.012987012987013,0.688311688311688,0.701298701298701,2.28571428571429
37,"continuous",2,"Purely linear","BRP-GABLE full",TRUE,"MSE",1.42102723541798,22.35,NA,42,36,6,25,17,0,0,0,0.595238095238095,0.404761904761905,1,1.4047619047619
37,"continuous",2,"Purely linear","BRP-GABLE rule-only",TRUE,"MSE",2.17529141321798,22.5,NA,67,67,0,35,32,0,0,0,0.522388059701492,0.477611940298507,1,1.47761194029851
37,"continuous",2,"Purely linear","GABLE",TRUE,"MSE",4.24390768635366,0.560000000000002,NA,5,5,0,5,0,0,0,0,1,0,1,1
37,"continuous",2,"Purely linear","GBM",TRUE,"MSE",1.97068570569355,0.0199999999999818,NA,NA,NA,NA,NA,NA,NA,NA,NA,NA,NA,NA,NA
37,"continuous",2,"Purely linear","Linear",TRUE,"MSE",1.24282372598279,0,NA,20,0,20,20,0,0,0,0,1,0,1,1
37,"continuous",2,"Purely linear","Random forest",TRUE,"MSE",3.47437945554151,0.389999999999986,NA,NA,NA,NA,NA,NA,NA,NA,NA,NA,NA,NA,NA
37,"continuous",2,"Purely linear","RuleFit",TRUE,"MSE",1.79161750632191,15.67,NA,71,71,0,1,44,26,0,0,0.0140845070422535,0.619718309859155,0.633802816901408,2.35211267605634
38,"continuous",2,"Purely linear","BRP-GABLE full",TRUE,"MSE",1.41719611010044,21.05,NA,56,51,5,28,28,0,0,0,0.5,0.5,1,1.5
38,"continuous",2,"Purely linear","BRP-GABLE rule-only",TRUE,"MSE",1.72948606478329,21.12,NA,86,86,0,50,36,0,0,0,0.581395348837209,0.418604651162791,1,1.41860465116279
38,"continuous",2,"Purely linear","GABLE",TRUE,"MSE",4.49197891462344,0.439999999999998,NA,5,5,0,4,1,0,0,0,0.8,0.2,1,1.2
38,"continuous",2,"Purely linear","GBM",TRUE,"MSE",1.62242008124675,0.00999999999999091,NA,NA,NA,NA,NA,NA,NA,NA,NA,NA,NA,NA,NA
38,"continuous",2,"Purely linear","Linear",TRUE,"MSE",1.02575660221832,0,NA,20,0,20,20,0,0,0,0,1,0,1,1
38,"continuous",2,"Purely linear","Random forest",TRUE,"MSE",2.65806562750031,0.360000000000014,NA,NA,NA,NA,NA,NA,NA,NA,NA,NA,NA,NA,NA
38,"continuous",2,"Purely linear","RuleFit",TRUE,"MSE",1.57703927515208,15.91,NA,104,104,0,4,63,37,0,0,0.0384615384615385,0.605769230769231,0.644230769230769,2.31730769230769
39,"continuous",2,"Purely linear","BRP-GABLE full",TRUE,"MSE",1.59707763127279,21.72,NA,56,50,6,32,24,0,0,0,0.571428571428571,0.428571428571429,1,1.42857142857143
39,"continuous",2,"Purely linear","BRP-GABLE rule-only",TRUE,"MSE",2.08434806053573,21.72,NA,70,70,0,38,32,0,0,0,0.542857142857143,0.457142857142857,1,1.45714285714286
39,"continuous",2,"Purely linear","GABLE",TRUE,"MSE",4.69809742825498,0.370000000000005,NA,4,4,0,3,1,0,0,0,0.75,0.25,1,1.25
39,"continuous",2,"Purely linear","GBM",TRUE,"MSE",1.88406553089178,0.00999999999999091,NA,NA,NA,NA,NA,NA,NA,NA,NA,NA,NA,NA,NA
39,"continuous",2,"Purely linear","Linear",TRUE,"MSE",1.15836567604966,0,NA,20,0,20,20,0,0,0,0,1,0,1,1
39,"continuous",2,"Purely linear","Random forest",TRUE,"MSE",2.92594323850764,0.430000000000007,NA,NA,NA,NA,NA,NA,NA,NA,NA,NA,NA,NA,NA
39,"continuous",2,"Purely linear","RuleFit",TRUE,"MSE",1.85211251153084,15.36,NA,82,82,0,1,60,21,0,0,0.0121951219512195,0.731707317073171,0.74390243902439,2.24390243902439
40,"continuous",2,"Purely linear","BRP-GABLE full",TRUE,"MSE",1.40117905689568,22.82,NA,54,45,9,29,25,0,0,0,0.537037037037037,0.462962962962963,1,1.46296296296296
40,"continuous",2,"Purely linear","BRP-GABLE rule-only",TRUE,"MSE",1.91020066052534,22.83,NA,56,56,0,31,25,0,0,0,0.553571428571429,0.446428571428571,1,1.44642857142857
40,"continuous",2,"Purely linear","GABLE",TRUE,"MSE",3.56997128631996,0.550000000000011,NA,5,5,0,5,0,0,0,0,1,0,1,1
40,"continuous",2,"Purely linear","GBM",TRUE,"MSE",1.56145062889948,0.0100000000000477,NA,NA,NA,NA,NA,NA,NA,NA,NA,NA,NA,NA,NA
40,"continuous",2,"Purely linear","Linear",TRUE,"MSE",0.995788013955183,0.0199999999999818,NA,20,0,20,20,0,0,0,0,1,0,1,1
40,"continuous",2,"Purely linear","Random forest",TRUE,"MSE",3.15546508499808,0.409999999999968,NA,NA,NA,NA,NA,NA,NA,NA,NA,NA,NA,NA,NA
40,"continuous",2,"Purely linear","RuleFit",TRUE,"MSE",1.43330907022996,15.87,NA,89,89,0,0,56,33,0,0,0,0.629213483146067,0.629213483146067,2.37078651685393
41,"continuous",2,"Purely linear","BRP-GABLE full",TRUE,"MSE",1.90824206555529,21.63,NA,39,32,7,14,25,0,0,0,0.358974358974359,0.641025641025641,1,1.64102564102564
41,"continuous",2,"Purely linear","BRP-GABLE rule-only",TRUE,"MSE",2.69504718888626,21.71,NA,51,51,0,20,31,0,0,0,0.392156862745098,0.607843137254902,1,1.6078431372549
41,"continuous",2,"Purely linear","GABLE",TRUE,"MSE",4.5403122201754,0.490000000000009,NA,5,5,0,4,1,0,0,0,0.8,0.2,1,1.2
41,"continuous",2,"Purely linear","GBM",TRUE,"MSE",2.19342975921657,0.00999999999999091,NA,NA,NA,NA,NA,NA,NA,NA,NA,NA,NA,NA,NA
41,"continuous",2,"Purely linear","Linear",TRUE,"MSE",1.03998904913091,0.0199999999999818,NA,20,0,20,20,0,0,0,0,1,0,1,1
41,"continuous",2,"Purely linear","Random forest",TRUE,"MSE",3.5468029564379,0.389999999999986,NA,NA,NA,NA,NA,NA,NA,NA,NA,NA,NA,NA,NA
41,"continuous",2,"Purely linear","RuleFit",TRUE,"MSE",2.28345816638444,15.78,NA,79,79,0,0,55,24,0,0,0,0.69620253164557,0.69620253164557,2.30379746835443
42,"continuous",2,"Purely linear","BRP-GABLE full",TRUE,"MSE",1.55045794368141,22.3699999999999,NA,42,35,7,20,22,0,0,0,0.476190476190476,0.523809523809524,1,1.52380952380952
42,"continuous",2,"Purely linear","BRP-GABLE rule-only",TRUE,"MSE",1.95518260067608,22.39,NA,60,60,0,32,28,0,0,0,0.533333333333333,0.466666666666667,1,1.46666666666667
42,"continuous",2,"Purely linear","GABLE",TRUE,"MSE",4.62289792969007,0.449999999999989,NA,5,5,0,4,1,0,0,0,0.8,0.2,1,1.2
42,"continuous",2,"Purely linear","GBM",TRUE,"MSE",1.83034421075776,0.00999999999999091,NA,NA,NA,NA,NA,NA,NA,NA,NA,NA,NA,NA,NA
42,"continuous",2,"Purely linear","Linear",TRUE,"MSE",1.08186732074902,0,NA,20,0,20,20,0,0,0,0,1,0,1,1
42,"continuous",2,"Purely linear","Random forest",TRUE,"MSE",2.85392019738827,0.410000000000025,NA,NA,NA,NA,NA,NA,NA,NA,NA,NA,NA,NA,NA
42,"continuous",2,"Purely linear","RuleFit",TRUE,"MSE",1.95893340015477,14.84,NA,78,78,0,0,62,16,0,0,0,0.794871794871795,0.794871794871795,2.20512820512821
43,"continuous",2,"Purely linear","BRP-GABLE full",TRUE,"MSE",1.68471612540978,22.81,NA,40,33,7,23,17,0,0,0,0.575,0.425,1,1.425
43,"continuous",2,"Purely linear","BRP-GABLE rule-only",TRUE,"MSE",2.32650505390683,22.8800000000001,NA,68,68,0,44,24,0,0,0,0.647058823529412,0.352941176470588,1,1.35294117647059
43,"continuous",2,"Purely linear","GABLE",TRUE,"MSE",5.00451347567868,0.5,NA,5,5,0,5,0,0,0,0,1,0,1,1
43,"continuous",2,"Purely linear","GBM",TRUE,"MSE",2.08550834818257,0.0199999999999818,NA,NA,NA,NA,NA,NA,NA,NA,NA,NA,NA,NA,NA
43,"continuous",2,"Purely linear","Linear",TRUE,"MSE",1.27006675031783,0,NA,20,0,20,20,0,0,0,0,1,0,1,1
43,"continuous",2,"Purely linear","Random forest",TRUE,"MSE",3.43761154857304,0.400000000000034,NA,NA,NA,NA,NA,NA,NA,NA,NA,NA,NA,NA,NA
43,"continuous",2,"Purely linear","RuleFit",TRUE,"MSE",1.97960465853668,14.97,NA,79,79,0,2,50,27,0,0,0.0253164556962025,0.632911392405063,0.658227848101266,2.31645569620253
44,"continuous",2,"Purely linear","BRP-GABLE full",TRUE,"MSE",1.6457556791668,23.09,NA,31,25,6,14,17,0,0,0,0.451612903225806,0.548387096774194,1,1.54838709677419
44,"continuous",2,"Purely linear","BRP-GABLE rule-only",TRUE,"MSE",2.41476631089537,23.23,NA,43,43,0,19,24,0,0,0,0.441860465116279,0.558139534883721,1,1.55813953488372
44,"continuous",2,"Purely linear","GABLE",TRUE,"MSE",4.44460966688471,0.5,NA,5,5,0,5,0,0,0,0,1,0,1,1
44,"continuous",2,"Purely linear","GBM",TRUE,"MSE",2.04361582505142,0.00999999999999091,NA,NA,NA,NA,NA,NA,NA,NA,NA,NA,NA,NA,NA
44,"continuous",2,"Purely linear","Linear",TRUE,"MSE",1.21653675768312,0,NA,20,0,20,20,0,0,0,0,1,0,1,1
44,"continuous",2,"Purely linear","Random forest",TRUE,"MSE",2.9942309886202,0.390000000000043,NA,NA,NA,NA,NA,NA,NA,NA,NA,NA,NA,NA,NA
44,"continuous",2,"Purely linear","RuleFit",TRUE,"MSE",2.12833232909591,14.96,NA,63,63,0,1,34,28,0,0,0.0158730158730159,0.53968253968254,0.555555555555556,2.42857142857143
45,"continuous",2,"Purely linear","BRP-GABLE full",TRUE,"MSE",1.47489780774057,22.27,NA,41,35,6,10,31,0,0,0,0.24390243902439,0.75609756097561,1,1.75609756097561
45,"continuous",2,"Purely linear","BRP-GABLE rule-only",TRUE,"MSE",1.95662919179094,22.3099999999999,NA,59,59,0,23,36,0,0,0,0.389830508474576,0.610169491525424,1,1.61016949152542
45,"continuous",2,"Purely linear","GABLE",TRUE,"MSE",4.01841470868186,0.46999999999997,NA,5,5,0,4,1,0,0,0,0.8,0.2,1,1.2
45,"continuous",2,"Purely linear","GBM",TRUE,"MSE",1.77928854039335,0.0199999999999818,NA,NA,NA,NA,NA,NA,NA,NA,NA,NA,NA,NA,NA
45,"continuous",2,"Purely linear","Linear",TRUE,"MSE",1.00682993451811,0,NA,20,0,20,20,0,0,0,0,1,0,1,1
45,"continuous",2,"Purely linear","Random forest",TRUE,"MSE",2.9547735539758,0.370000000000005,NA,NA,NA,NA,NA,NA,NA,NA,NA,NA,NA,NA,NA
45,"continuous",2,"Purely linear","RuleFit",TRUE,"MSE",1.7659631097732,15.14,NA,69,69,0,1,50,18,0,0,0.0144927536231884,0.72463768115942,0.739130434782609,2.2463768115942
46,"continuous",2,"Purely linear","BRP-GABLE full",TRUE,"MSE",1.3499117379802,20.53,NA,49,43,6,17,32,0,0,0,0.346938775510204,0.653061224489796,1,1.6530612244898
46,"continuous",2,"Purely linear","BRP-GABLE rule-only",TRUE,"MSE",1.86833407739875,20.52,NA,61,61,0,24,37,0,0,0,0.39344262295082,0.60655737704918,1,1.60655737704918
46,"continuous",2,"Purely linear","GABLE",TRUE,"MSE",5.05578967371524,0.399999999999977,NA,5,5,0,3,2,0,0,0,0.6,0.4,1,1.4
46,"continuous",2,"Purely linear","GBM",TRUE,"MSE",1.70477521098404,0.0199999999999818,NA,NA,NA,NA,NA,NA,NA,NA,NA,NA,NA,NA,NA
46,"continuous",2,"Purely linear","Linear",TRUE,"MSE",1.00978487853992,0,NA,20,0,20,20,0,0,0,0,1,0,1,1
46,"continuous",2,"Purely linear","Random forest",TRUE,"MSE",3.09169640658804,0.379999999999995,NA,NA,NA,NA,NA,NA,NA,NA,NA,NA,NA,NA,NA
46,"continuous",2,"Purely linear","RuleFit",TRUE,"MSE",1.8061607638536,15.88,NA,67,67,0,0,46,21,0,0,0,0.686567164179104,0.686567164179104,2.3134328358209
47,"continuous",2,"Purely linear","BRP-GABLE full",TRUE,"MSE",1.77361936031036,22.66,NA,40,33,7,26,14,0,0,0,0.65,0.35,1,1.35
47,"continuous",2,"Purely linear","BRP-GABLE rule-only",TRUE,"MSE",2.33143104947019,22.71,NA,64,64,0,42,22,0,0,0,0.65625,0.34375,1,1.34375
47,"continuous",2,"Purely linear","GABLE",TRUE,"MSE",4.96677726985199,0.420000000000016,NA,5,5,0,4,1,0,0,0,0.8,0.2,1,1.2
47,"continuous",2,"Purely linear","GBM",TRUE,"MSE",2.36410638837451,0.0300000000000296,NA,NA,NA,NA,NA,NA,NA,NA,NA,NA,NA,NA,NA
47,"continuous",2,"Purely linear","Linear",TRUE,"MSE",1.32306913009264,0,NA,20,0,20,20,0,0,0,0,1,0,1,1
47,"continuous",2,"Purely linear","Random forest",TRUE,"MSE",3.6922762431351,0.389999999999986,NA,NA,NA,NA,NA,NA,NA,NA,NA,NA,NA,NA,NA
47,"continuous",2,"Purely linear","RuleFit",TRUE,"MSE",2.12069021150179,15.46,NA,78,78,0,3,56,19,0,0,0.0384615384615385,0.717948717948718,0.756410256410256,2.20512820512821
48,"continuous",2,"Purely linear","BRP-GABLE full",TRUE,"MSE",1.28415241867635,22.34,NA,45,37,8,23,22,0,0,0,0.511111111111111,0.488888888888889,1,1.48888888888889
48,"continuous",2,"Purely linear","BRP-GABLE rule-only",TRUE,"MSE",1.66568561420453,22.29,NA,60,60,0,29,31,0,0,0,0.483333333333333,0.516666666666667,1,1.51666666666667
48,"continuous",2,"Purely linear","GABLE",TRUE,"MSE",4.38875747716577,0.519999999999982,NA,5,5,0,4,1,0,0,0,0.8,0.2,1,1.2
48,"continuous",2,"Purely linear","GBM",TRUE,"MSE",1.58130282153257,0.0100000000000477,NA,NA,NA,NA,NA,NA,NA,NA,NA,NA,NA,NA,NA
48,"continuous",2,"Purely linear","Linear",TRUE,"MSE",1.24031760094436,0.0199999999999818,NA,20,0,20,20,0,0,0,0,1,0,1,1
48,"continuous",2,"Purely linear","Random forest",TRUE,"MSE",2.9407379070689,0.409999999999968,NA,NA,NA,NA,NA,NA,NA,NA,NA,NA,NA,NA,NA
48,"continuous",2,"Purely linear","RuleFit",TRUE,"MSE",1.56110934566899,15.18,NA,82,82,0,1,52,29,0,0,0.0121951219512195,0.634146341463415,0.646341463414634,2.34146341463415
49,"continuous",2,"Purely linear","BRP-GABLE full",TRUE,"MSE",1.50678893274165,21.34,NA,50,43,7,17,33,0,0,0,0.34,0.66,1,1.66
49,"continuous",2,"Purely linear","BRP-GABLE rule-only",TRUE,"MSE",1.88570672161866,21.44,NA,55,55,0,15,40,0,0,0,0.272727272727273,0.727272727272727,1,1.72727272727273
49,"continuous",2,"Purely linear","GABLE",TRUE,"MSE",4.19751780506623,0.390000000000043,NA,5,5,0,3,2,0,0,0,0.6,0.4,1,1.4
49,"continuous",2,"Purely linear","GBM",TRUE,"MSE",1.83407004179881,0,NA,NA,NA,NA,NA,NA,NA,NA,NA,NA,NA,NA,NA
49,"continuous",2,"Purely linear","Linear",TRUE,"MSE",1.09374091754298,0.0200000000000387,NA,20,0,20,20,0,0,0,0,1,0,1,1
49,"continuous",2,"Purely linear","Random forest",TRUE,"MSE",3.1237138185408,0.359999999999957,NA,NA,NA,NA,NA,NA,NA,NA,NA,NA,NA,NA,NA
49,"continuous",2,"Purely linear","RuleFit",TRUE,"MSE",1.80433302114829,15.36,NA,75,75,0,0,45,30,0,0,0,0.6,0.6,2.4
50,"continuous",2,"Purely linear","BRP-GABLE full",TRUE,"MSE",1.65885293292306,22.49,NA,37,30,7,18,19,0,0,0,0.486486486486487,0.513513513513513,1,1.51351351351351
50,"continuous",2,"Purely linear","BRP-GABLE rule-only",TRUE,"MSE",2.46281638775324,22.53,NA,57,57,0,31,26,0,0,0,0.543859649122807,0.456140350877193,1,1.45614035087719
50,"continuous",2,"Purely linear","GABLE",TRUE,"MSE",4.3394916638267,0.579999999999984,NA,5,5,0,5,0,0,0,0,1,0,1,1
50,"continuous",2,"Purely linear","GBM",TRUE,"MSE",2.43213399896796,0.0200000000000387,NA,NA,NA,NA,NA,NA,NA,NA,NA,NA,NA,NA,NA
50,"continuous",2,"Purely linear","Linear",TRUE,"MSE",1.02343753964486,0.00999999999999091,NA,20,0,20,20,0,0,0,0,1,0,1,1
50,"continuous",2,"Purely linear","Random forest",TRUE,"MSE",3.74757705976316,0.389999999999986,NA,NA,NA,NA,NA,NA,NA,NA,NA,NA,NA,NA,NA
50,"continuous",2,"Purely linear","RuleFit",TRUE,"MSE",1.86050953217841,15.15,NA,65,65,0,1,38,26,0,0,0.0153846153846154,0.584615384615385,0.6,2.38461538461538
51,"continuous",2,"Purely linear","BRP-GABLE full",TRUE,"MSE",1.47231607348651,23.0700000000001,NA,36,29,7,23,13,0,0,0,0.638888888888889,0.361111111111111,1,1.36111111111111
51,"continuous",2,"Purely linear","BRP-GABLE rule-only",TRUE,"MSE",2.27140572978804,23.13,NA,56,56,0,38,18,0,0,0,0.678571428571429,0.321428571428571,1,1.32142857142857
51,"continuous",2,"Purely linear","GABLE",TRUE,"MSE",4.29018314074658,0.5,NA,5,5,0,5,0,0,0,0,1,0,1,1
51,"continuous",2,"Purely linear","GBM",TRUE,"MSE",2.1263022131138,0.00999999999999091,NA,NA,NA,NA,NA,NA,NA,NA,NA,NA,NA,NA,NA
51,"continuous",2,"Purely linear","Linear",TRUE,"MSE",1.02567440751326,0.0199999999999818,NA,20,0,20,20,0,0,0,0,1,0,1,1
51,"continuous",2,"Purely linear","Random forest",TRUE,"MSE",3.01828908662837,0.379999999999995,NA,NA,NA,NA,NA,NA,NA,NA,NA,NA,NA,NA,NA
51,"continuous",2,"Purely linear","RuleFit",TRUE,"MSE",1.93287282808959,15.73,NA,79,79,0,3,53,23,0,0,0.0379746835443038,0.670886075949367,0.708860759493671,2.25316455696203
52,"continuous",2,"Purely linear","BRP-GABLE full",TRUE,"MSE",1.81321573815658,21.87,NA,49,42,7,19,30,0,0,0,0.387755102040816,0.612244897959184,1,1.61224489795918
52,"continuous",2,"Purely linear","BRP-GABLE rule-only",TRUE,"MSE",2.24527221806364,21.92,NA,69,69,0,31,38,0,0,0,0.449275362318841,0.550724637681159,1,1.55072463768116
52,"continuous",2,"Purely linear","GABLE",TRUE,"MSE",4.59274681249626,0.449999999999989,NA,5,5,0,4,1,0,0,0,0.8,0.2,1,1.2
52,"continuous",2,"Purely linear","GBM",TRUE,"MSE",2.25928331230787,0.0200000000000387,NA,NA,NA,NA,NA,NA,NA,NA,NA,NA,NA,NA,NA
52,"continuous",2,"Purely linear","Linear",TRUE,"MSE",1.1453906151473,0.00999999999999091,NA,20,0,20,20,0,0,0,0,1,0,1,1
52,"continuous",2,"Purely linear","Random forest",TRUE,"MSE",3.51327925547144,0.409999999999968,NA,NA,NA,NA,NA,NA,NA,NA,NA,NA,NA,NA,NA
52,"continuous",2,"Purely linear","RuleFit",TRUE,"MSE",2.18493600245561,15.2,NA,56,56,0,0,37,19,0,0,0,0.660714285714286,0.660714285714286,2.33928571428571
53,"continuous",2,"Purely linear","BRP-GABLE full",TRUE,"MSE",1.40608574967044,22.67,NA,43,36,7,18,25,0,0,0,0.418604651162791,0.581395348837209,1,1.58139534883721
53,"continuous",2,"Purely linear","BRP-GABLE rule-only",TRUE,"MSE",1.89000317316757,22.84,NA,64,64,0,33,31,0,0,0,0.515625,0.484375,1,1.484375
53,"continuous",2,"Purely linear","GABLE",TRUE,"MSE",4.0022882186725,0.519999999999982,NA,5,5,0,5,0,0,0,0,1,0,1,1
53,"continuous",2,"Purely linear","GBM",TRUE,"MSE",1.66548360484119,0.0199999999999818,NA,NA,NA,NA,NA,NA,NA,NA,NA,NA,NA,NA,NA
53,"continuous",2,"Purely linear","Linear",TRUE,"MSE",1.02495711955417,0.00999999999999091,NA,20,0,20,20,0,0,0,0,1,0,1,1
53,"continuous",2,"Purely linear","Random forest",TRUE,"MSE",2.44176427664211,0.420000000000016,NA,NA,NA,NA,NA,NA,NA,NA,NA,NA,NA,NA,NA
53,"continuous",2,"Purely linear","RuleFit",TRUE,"MSE",1.51198409201227,15.93,NA,93,93,0,2,64,27,0,0,0.021505376344086,0.688172043010753,0.709677419354839,2.26881720430108
54,"continuous",2,"Purely linear","BRP-GABLE full",TRUE,"MSE",1.59786154935953,22.77,NA,31,25,6,9,22,0,0,0,0.290322580645161,0.709677419354839,1,1.70967741935484
54,"continuous",2,"Purely linear","BRP-GABLE rule-only",TRUE,"MSE",2.09058067919613,22.84,NA,54,54,0,29,25,0,0,0,0.537037037037037,0.462962962962963,1,1.46296296296296
54,"continuous",2,"Purely linear","GABLE",TRUE,"MSE",4.43142678036943,0.519999999999982,NA,5,5,0,5,0,0,0,0,1,0,1,1
54,"continuous",2,"Purely linear","GBM",TRUE,"MSE",2.1053617289934,0.0199999999999818,NA,NA,NA,NA,NA,NA,NA,NA,NA,NA,NA,NA,NA
54,"continuous",2,"Purely linear","Linear",TRUE,"MSE",1.01341216576593,0.0100000000000477,NA,20,0,20,20,0,0,0,0,1,0,1,1
54,"continuous",2,"Purely linear","Random forest",TRUE,"MSE",3.15969511118933,0.370000000000005,NA,NA,NA,NA,NA,NA,NA,NA,NA,NA,NA,NA,NA
54,"continuous",2,"Purely linear","RuleFit",TRUE,"MSE",1.85476658273638,16.34,NA,73,73,0,2,44,27,0,0,0.0273972602739726,0.602739726027397,0.63013698630137,2.34246575342466
55,"continuous",2,"Purely linear","BRP-GABLE full",TRUE,"MSE",1.61236448832965,22.23,NA,56,47,9,23,33,0,0,0,0.410714285714286,0.589285714285714,1,1.58928571428571
55,"continuous",2,"Purely linear","BRP-GABLE rule-only",TRUE,"MSE",1.9534158441472,22.44,NA,72,72,0,29,43,0,0,0,0.402777777777778,0.597222222222222,1,1.59722222222222
55,"continuous",2,"Purely linear","GABLE",TRUE,"MSE",4.65520353685601,0.5,NA,5,5,0,4,1,0,0,0,0.8,0.2,1,1.2
55,"continuous",2,"Purely linear","GBM",TRUE,"MSE",1.86484701323739,0.00999999999999091,NA,NA,NA,NA,NA,NA,NA,NA,NA,NA,NA,NA,NA
55,"continuous",2,"Purely linear","Linear",TRUE,"MSE",1.18852544179711,0.0199999999999818,NA,20,0,20,20,0,0,0,0,1,0,1,1
55,"continuous",2,"Purely linear","Random forest",TRUE,"MSE",2.87892376329059,0.410000000000025,NA,NA,NA,NA,NA,NA,NA,NA,NA,NA,NA,NA,NA
55,"continuous",2,"Purely linear","RuleFit",TRUE,"MSE",1.92887409773793,15.62,NA,72,72,0,0,43,29,0,0,0,0.597222222222222,0.597222222222222,2.40277777777778
56,"continuous",2,"Purely linear","BRP-GABLE full",TRUE,"MSE",1.58310996380749,23.31,NA,39,33,6,15,24,0,0,0,0.384615384615385,0.615384615384615,1,1.61538461538462
56,"continuous",2,"Purely linear","BRP-GABLE rule-only",TRUE,"MSE",1.90319299328003,23.23,NA,72,72,0,40,32,0,0,0,0.555555555555556,0.444444444444444,1,1.44444444444444
56,"continuous",2,"Purely linear","GABLE",TRUE,"MSE",4.20829281962114,0.509999999999991,NA,4,4,0,3,1,0,0,0,0.75,0.25,1,1.25
56,"continuous",2,"Purely linear","GBM",TRUE,"MSE",1.78558303182668,0.00999999999999091,NA,NA,NA,NA,NA,NA,NA,NA,NA,NA,NA,NA,NA
56,"continuous",2,"Purely linear","Linear",TRUE,"MSE",1.19175835798541,0,NA,20,0,20,20,0,0,0,0,1,0,1,1
56,"continuous",2,"Purely linear","Random forest",TRUE,"MSE",2.97563208149609,0.379999999999995,NA,NA,NA,NA,NA,NA,NA,NA,NA,NA,NA,NA,NA
56,"continuous",2,"Purely linear","RuleFit",TRUE,"MSE",1.70051756226503,14.99,NA,71,71,0,0,53,18,0,0,0,0.746478873239437,0.746478873239437,2.25352112676056
57,"continuous",2,"Purely linear","BRP-GABLE full",TRUE,"MSE",1.60698263461818,22.1999999999999,NA,46,40,6,25,21,0,0,0,0.543478260869565,0.456521739130435,1,1.45652173913043
57,"continuous",2,"Purely linear","BRP-GABLE rule-only",TRUE,"MSE",2.0178966029259,22.33,NA,68,68,0,40,28,0,0,0,0.588235294117647,0.411764705882353,1,1.41176470588235
57,"continuous",2,"Purely linear","GABLE",TRUE,"MSE",3.73017364667831,0.53000000000003,NA,5,5,0,5,0,0,0,0,1,0,1,1
57,"continuous",2,"Purely linear","GBM",TRUE,"MSE",1.92317562420382,0.0100000000000477,NA,NA,NA,NA,NA,NA,NA,NA,NA,NA,NA,NA,NA
57,"continuous",2,"Purely linear","Linear",TRUE,"MSE",1.20059279145523,0,NA,20,0,20,20,0,0,0,0,1,0,1,1
57,"continuous",2,"Purely linear","Random forest",TRUE,"MSE",3.41268707540943,0.409999999999968,NA,NA,NA,NA,NA,NA,NA,NA,NA,NA,NA,NA,NA
57,"continuous",2,"Purely linear","RuleFit",TRUE,"MSE",1.75685874357699,15.64,NA,71,71,0,1,46,24,0,0,0.0140845070422535,0.647887323943662,0.661971830985915,2.32394366197183
58,"continuous",2,"Purely linear","BRP-GABLE full",TRUE,"MSE",1.98293943326471,21.7,NA,49,42,7,19,30,0,0,0,0.387755102040816,0.612244897959184,1,1.61224489795918
58,"continuous",2,"Purely linear","BRP-GABLE rule-only",TRUE,"MSE",2.34815947909135,21.73,NA,55,55,0,21,34,0,0,0,0.381818181818182,0.618181818181818,1,1.61818181818182
58,"continuous",2,"Purely linear","GABLE",TRUE,"MSE",5.66502846901707,0.389999999999986,NA,4,4,0,2,2,0,0,0,0.5,0.5,1,1.5
58,"continuous",2,"Purely linear","GBM",TRUE,"MSE",2.41816436830876,0.0299999999999727,NA,NA,NA,NA,NA,NA,NA,NA,NA,NA,NA,NA,NA
58,"continuous",2,"Purely linear","Linear",TRUE,"MSE",1.05585698447144,0,NA,20,0,20,20,0,0,0,0,1,0,1,1
58,"continuous",2,"Purely linear","Random forest",TRUE,"MSE",3.78000109428023,0.400000000000034,NA,NA,NA,NA,NA,NA,NA,NA,NA,NA,NA,NA,NA
58,"continuous",2,"Purely linear","RuleFit",TRUE,"MSE",1.94823578744626,14.88,NA,74,74,0,0,37,37,0,0,0,0.5,0.5,2.5
59,"continuous",2,"Purely linear","BRP-GABLE full",TRUE,"MSE",1.45100966142642,23.11,NA,41,35,6,23,18,0,0,0,0.560975609756098,0.439024390243902,1,1.4390243902439
59,"continuous",2,"Purely linear","BRP-GABLE rule-only",TRUE,"MSE",2.00459739307789,23.12,NA,61,61,0,39,22,0,0,0,0.639344262295082,0.360655737704918,1,1.36065573770492
59,"continuous",2,"Purely linear","GABLE",TRUE,"MSE",4.12066685484523,0.509999999999991,NA,5,5,0,5,0,0,0,0,1,0,1,1
59,"continuous",2,"Purely linear","GBM",TRUE,"MSE",1.93729127862318,0.00999999999999091,NA,NA,NA,NA,NA,NA,NA,NA,NA,NA,NA,NA,NA
59,"continuous",2,"Purely linear","Linear",TRUE,"MSE",1.02297232242191,0,NA,20,0,20,20,0,0,0,0,1,0,1,1
59,"continuous",2,"Purely linear","Random forest",TRUE,"MSE",2.9091503164115,0.410000000000025,NA,NA,NA,NA,NA,NA,NA,NA,NA,NA,NA,NA,NA
59,"continuous",2,"Purely linear","RuleFit",TRUE,"MSE",1.55024174860729,15.85,NA,91,91,0,2,65,24,0,0,0.021978021978022,0.714285714285714,0.736263736263736,2.24175824175824
60,"continuous",2,"Purely linear","BRP-GABLE full",TRUE,"MSE",1.77258078663072,22.77,NA,46,40,6,17,29,0,0,0,0.369565217391304,0.630434782608696,1,1.6304347826087
60,"continuous",2,"Purely linear","BRP-GABLE rule-only",TRUE,"MSE",2.14280420106712,22.82,NA,66,66,0,30,36,0,0,0,0.454545454545455,0.545454545454545,1,1.54545454545455
60,"continuous",2,"Purely linear","GABLE",TRUE,"MSE",4.50026020476104,0.529999999999973,NA,5,5,0,4,1,0,0,0,0.8,0.2,1,1.2
60,"continuous",2,"Purely linear","GBM",TRUE,"MSE",1.95607407648881,0.0100000000000477,NA,NA,NA,NA,NA,NA,NA,NA,NA,NA,NA,NA,NA
60,"continuous",2,"Purely linear","Linear",TRUE,"MSE",1.19973297095848,0,NA,20,0,20,20,0,0,0,0,1,0,1,1
60,"continuous",2,"Purely linear","Random forest",TRUE,"MSE",3.12488508031896,0.399999999999977,NA,NA,NA,NA,NA,NA,NA,NA,NA,NA,NA,NA,NA
60,"continuous",2,"Purely linear","RuleFit",TRUE,"MSE",1.8874666362827,15.22,NA,96,96,0,3,62,31,0,0,0.03125,0.645833333333333,0.677083333333333,2.29166666666667
61,"continuous",2,"Purely linear","BRP-GABLE full",TRUE,"MSE",1.35902907656989,22.3699999999999,NA,37,30,7,18,19,0,0,0,0.486486486486487,0.513513513513513,1,1.51351351351351
61,"continuous",2,"Purely linear","BRP-GABLE rule-only",TRUE,"MSE",1.81955931981385,22.46,NA,50,50,0,23,27,0,0,0,0.46,0.54,1,1.54
61,"continuous",2,"Purely linear","GABLE",TRUE,"MSE",3.60785401351414,0.480000000000018,NA,4,4,0,3,1,0,0,0,0.75,0.25,1,1.25
61,"continuous",2,"Purely linear","GBM",TRUE,"MSE",1.76583324896376,0.0199999999999818,NA,NA,NA,NA,NA,NA,NA,NA,NA,NA,NA,NA,NA
61,"continuous",2,"Purely linear","Linear",TRUE,"MSE",1.08406912649961,0.00999999999999091,NA,20,0,20,20,0,0,0,0,1,0,1,1
61,"continuous",2,"Purely linear","Random forest",TRUE,"MSE",2.54065557254199,0.360000000000014,NA,NA,NA,NA,NA,NA,NA,NA,NA,NA,NA,NA,NA
61,"continuous",2,"Purely linear","RuleFit",TRUE,"MSE",1.69590428878005,14.71,NA,87,87,0,0,59,28,0,0,0,0.67816091954023,0.67816091954023,2.32183908045977
62,"continuous",2,"Purely linear","BRP-GABLE full",TRUE,"MSE",1.6731706528884,21.9900000000001,NA,28,22,6,13,15,0,0,0,0.464285714285714,0.535714285714286,1,1.53571428571429
62,"continuous",2,"Purely linear","BRP-GABLE rule-only",TRUE,"MSE",2.49082438787525,22.11,NA,51,51,0,30,21,0,0,0,0.588235294117647,0.411764705882353,1,1.41176470588235
62,"continuous",2,"Purely linear","GABLE",TRUE,"MSE",4.1474500866164,0.54000000000002,NA,5,5,0,5,0,0,0,0,1,0,1,1
62,"continuous",2,"Purely linear","GBM",TRUE,"MSE",2.06526736003207,0.00999999999999091,NA,NA,NA,NA,NA,NA,NA,NA,NA,NA,NA,NA,NA
62,"continuous",2,"Purely linear","Linear",TRUE,"MSE",1.02947565144586,0,NA,20,0,20,20,0,0,0,0,1,0,1,1
62,"continuous",2,"Purely linear","Random forest",TRUE,"MSE",3.1654981831605,0.389999999999986,NA,NA,NA,NA,NA,NA,NA,NA,NA,NA,NA,NA,NA
62,"continuous",2,"Purely linear","RuleFit",TRUE,"MSE",1.80387653597069,14.93,NA,78,78,0,1,59,18,0,0,0.0128205128205128,0.756410256410256,0.769230769230769,2.21794871794872
63,"continuous",2,"Purely linear","BRP-GABLE full",TRUE,"MSE",1.44640939153279,22,NA,30,24,6,12,18,0,0,0,0.4,0.6,1,1.6
63,"continuous",2,"Purely linear","BRP-GABLE rule-only",TRUE,"MSE",1.61605041349151,22.0699999999999,NA,68,68,0,39,29,0,0,0,0.573529411764706,0.426470588235294,1,1.42647058823529
63,"continuous",2,"Purely linear","GABLE",TRUE,"MSE",4.23106627858362,0.560000000000002,NA,5,5,0,5,0,0,0,0,1,0,1,1
63,"continuous",2,"Purely linear","GBM",TRUE,"MSE",1.7042357118918,0.0199999999999818,NA,NA,NA,NA,NA,NA,NA,NA,NA,NA,NA,NA,NA
63,"continuous",2,"Purely linear","Linear",TRUE,"MSE",1.00973141387199,0,NA,20,0,20,20,0,0,0,0,1,0,1,1
63,"continuous",2,"Purely linear","Random forest",TRUE,"MSE",2.75390376519406,0.360000000000014,NA,NA,NA,NA,NA,NA,NA,NA,NA,NA,NA,NA,NA
63,"continuous",2,"Purely linear","RuleFit",TRUE,"MSE",1.23639565594107,15.63,NA,86,86,0,6,53,27,0,0,0.0697674418604651,0.616279069767442,0.686046511627907,2.24418604651163
64,"continuous",2,"Purely linear","BRP-GABLE full",TRUE,"MSE",1.55711012492443,23.04,NA,41,34,7,24,17,0,0,0,0.585365853658537,0.414634146341463,1,1.41463414634146
64,"continuous",2,"Purely linear","BRP-GABLE rule-only",TRUE,"MSE",1.93700334802143,22.97,NA,64,64,0,41,23,0,0,0,0.640625,0.359375,1,1.359375
64,"continuous",2,"Purely linear","GABLE",TRUE,"MSE",4.22392667293347,0.54000000000002,NA,5,5,0,5,0,0,0,0,1,0,1,1
64,"continuous",2,"Purely linear","GBM",TRUE,"MSE",2.00547374812093,0.00999999999999091,NA,NA,NA,NA,NA,NA,NA,NA,NA,NA,NA,NA,NA
64,"continuous",2,"Purely linear","Linear",TRUE,"MSE",1.13390894611789,0,NA,20,0,20,20,0,0,0,0,1,0,1,1
64,"continuous",2,"Purely linear","Random forest",TRUE,"MSE",3.36206419091767,0.360000000000014,NA,NA,NA,NA,NA,NA,NA,NA,NA,NA,NA,NA,NA
64,"continuous",2,"Purely linear","RuleFit",TRUE,"MSE",1.7932374944356,15.25,NA,79,79,0,3,53,23,0,0,0.0379746835443038,0.670886075949367,0.708860759493671,2.25316455696203
65,"continuous",2,"Purely linear","BRP-GABLE full",TRUE,"MSE",1.76844623154663,20.8799999999999,NA,45,40,5,17,28,0,0,0,0.377777777777778,0.622222222222222,1,1.62222222222222
65,"continuous",2,"Purely linear","BRP-GABLE rule-only",TRUE,"MSE",2.08996881620663,20.98,NA,48,48,0,19,29,0,0,0,0.395833333333333,0.604166666666667,1,1.60416666666667
65,"continuous",2,"Purely linear","GABLE",TRUE,"MSE",4.68614955285278,0.5,NA,4,4,0,3,1,0,0,0,0.75,0.25,1,1.25
65,"continuous",2,"Purely linear","GBM",TRUE,"MSE",1.99164764706406,0.00999999999999091,NA,NA,NA,NA,NA,NA,NA,NA,NA,NA,NA,NA,NA
65,"continuous",2,"Purely linear","Linear",TRUE,"MSE",1.04808879847358,0,NA,20,0,20,20,0,0,0,0,1,0,1,1
65,"continuous",2,"Purely linear","Random forest",TRUE,"MSE",3.28172731930405,0.420000000000016,NA,NA,NA,NA,NA,NA,NA,NA,NA,NA,NA,NA,NA
65,"continuous",2,"Purely linear","RuleFit",TRUE,"MSE",1.63522199235235,14.72,NA,90,90,0,5,61,24,0,0,0.0555555555555556,0.677777777777778,0.733333333333333,2.21111111111111
66,"continuous",2,"Purely linear","BRP-GABLE full",TRUE,"MSE",1.92104537388461,21.97,NA,34,28,6,12,22,0,0,0,0.352941176470588,0.647058823529412,1,1.64705882352941
66,"continuous",2,"Purely linear","BRP-GABLE rule-only",TRUE,"MSE",2.52418629426541,21.96,NA,49,49,0,20,29,0,0,0,0.408163265306122,0.591836734693878,1,1.59183673469388
66,"continuous",2,"Purely linear","GABLE",TRUE,"MSE",4.09255853993688,0.470000000000027,NA,5,5,0,5,0,0,0,0,1,0,1,1
66,"continuous",2,"Purely linear","GBM",TRUE,"MSE",2.3595364935488,0.0199999999999818,NA,NA,NA,NA,NA,NA,NA,NA,NA,NA,NA,NA,NA
66,"continuous",2,"Purely linear","Linear",TRUE,"MSE",1.17029329509984,0.00999999999999091,NA,20,0,20,20,0,0,0,0,1,0,1,1
66,"continuous",2,"Purely linear","Random forest",TRUE,"MSE",3.66157668542801,0.389999999999986,NA,NA,NA,NA,NA,NA,NA,NA,NA,NA,NA,NA,NA
66,"continuous",2,"Purely linear","RuleFit",TRUE,"MSE",2.1144890817369,14.36,NA,60,60,0,0,44,16,0,0,0,0.733333333333333,0.733333333333333,2.26666666666667
67,"continuous",2,"Purely linear","BRP-GABLE full",TRUE,"MSE",1.22833033118211,23.1200000000001,NA,32,25,7,19,13,0,0,0,0.59375,0.40625,1,1.40625
67,"continuous",2,"Purely linear","BRP-GABLE rule-only",TRUE,"MSE",1.79508522526953,23.34,NA,66,66,0,44,22,0,0,0,0.666666666666667,0.333333333333333,1,1.33333333333333
67,"continuous",2,"Purely linear","GABLE",TRUE,"MSE",3.90597238630352,0.470000000000027,NA,5,5,0,5,0,0,0,0,1,0,1,1
67,"continuous",2,"Purely linear","GBM",TRUE,"MSE",1.56921588158557,0.0100000000000477,NA,NA,NA,NA,NA,NA,NA,NA,NA,NA,NA,NA,NA
67,"continuous",2,"Purely linear","Linear",TRUE,"MSE",1.06372495012465,0,NA,20,0,20,20,0,0,0,0,1,0,1,1
67,"continuous",2,"Purely linear","Random forest",TRUE,"MSE",2.71164912612929,0.409999999999968,NA,NA,NA,NA,NA,NA,NA,NA,NA,NA,NA,NA,NA
67,"continuous",2,"Purely linear","RuleFit",TRUE,"MSE",1.40866056398651,15.72,NA,104,104,0,2,63,39,0,0,0.0192307692307692,0.605769230769231,0.625,2.35576923076923
68,"continuous",2,"Purely linear","BRP-GABLE full",TRUE,"MSE",1.77985107473051,21.91,NA,32,26,6,10,22,0,0,0,0.3125,0.6875,1,1.6875
68,"continuous",2,"Purely linear","BRP-GABLE rule-only",TRUE,"MSE",2.56398437190303,21.98,NA,48,48,0,19,29,0,0,0,0.395833333333333,0.604166666666667,1,1.60416666666667
68,"continuous",2,"Purely linear","GABLE",TRUE,"MSE",4.38931445970233,0.550000000000011,NA,5,5,0,5,0,0,0,0,1,0,1,1
68,"continuous",2,"Purely linear","GBM",TRUE,"MSE",2.24933175335899,0.0100000000000477,NA,NA,NA,NA,NA,NA,NA,NA,NA,NA,NA,NA,NA
68,"continuous",2,"Purely linear","Linear",TRUE,"MSE",1.06827713753278,0,NA,20,0,20,20,0,0,0,0,1,0,1,1
68,"continuous",2,"Purely linear","Random forest",TRUE,"MSE",3.68084867008422,0.419999999999959,NA,NA,NA,NA,NA,NA,NA,NA,NA,NA,NA,NA,NA
68,"continuous",2,"Purely linear","RuleFit",TRUE,"MSE",1.97822570600943,15.1,NA,81,81,0,1,48,32,0,0,0.0123456790123457,0.592592592592593,0.604938271604938,2.38271604938272
69,"continuous",2,"Purely linear","BRP-GABLE full",TRUE,"MSE",1.41360178356723,21.8700000000001,NA,52,46,6,28,24,0,0,0,0.538461538461538,0.461538461538462,1,1.46153846153846
69,"continuous",2,"Purely linear","BRP-GABLE rule-only",TRUE,"MSE",1.91243214509073,22.04,NA,68,68,0,37,31,0,0,0,0.544117647058823,0.455882352941176,1,1.45588235294118
69,"continuous",2,"Purely linear","GABLE",TRUE,"MSE",4.16577354729958,0.480000000000018,NA,5,5,0,5,0,0,0,0,1,0,1,1
69,"continuous",2,"Purely linear","GBM",TRUE,"MSE",1.73866211983748,0.0100000000000477,NA,NA,NA,NA,NA,NA,NA,NA,NA,NA,NA,NA,NA
69,"continuous",2,"Purely linear","Linear",TRUE,"MSE",1.0944171085682,0,NA,20,0,20,20,0,0,0,0,1,0,1,1
69,"continuous",2,"Purely linear","Random forest",TRUE,"MSE",3.10926388250106,0.42999999999995,NA,NA,NA,NA,NA,NA,NA,NA,NA,NA,NA,NA,NA
69,"continuous",2,"Purely linear","RuleFit",TRUE,"MSE",1.72915418057808,15.24,NA,75,75,0,0,46,29,0,0,0,0.613333333333333,0.613333333333333,2.38666666666667
70,"continuous",2,"Purely linear","BRP-GABLE full",TRUE,"MSE",1.58068625209478,22.47,NA,39,32,7,16,23,0,0,0,0.41025641025641,0.58974358974359,1,1.58974358974359
70,"continuous",2,"Purely linear","BRP-GABLE rule-only",TRUE,"MSE",2.35412004325617,22.53,NA,55,55,0,31,24,0,0,0,0.563636363636364,0.436363636363636,1,1.43636363636364
70,"continuous",2,"Purely linear","GABLE",TRUE,"MSE",4.61645583551526,0.489999999999895,NA,5,5,0,5,0,0,0,0,1,0,1,1
70,"continuous",2,"Purely linear","GBM",TRUE,"MSE",1.89203131892281,0.00999999999999091,NA,NA,NA,NA,NA,NA,NA,NA,NA,NA,NA,NA,NA
70,"continuous",2,"Purely linear","Linear",TRUE,"MSE",0.966584965899378,0,NA,20,0,20,20,0,0,0,0,1,0,1,1
70,"continuous",2,"Purely linear","Random forest",TRUE,"MSE",2.73653851092401,0.360000000000014,NA,NA,NA,NA,NA,NA,NA,NA,NA,NA,NA,NA,NA
70,"continuous",2,"Purely linear","RuleFit",TRUE,"MSE",1.93043929538327,15.86,NA,82,82,0,0,56,26,0,0,0,0.682926829268293,0.682926829268293,2.31707317073171
71,"continuous",2,"Purely linear","BRP-GABLE full",TRUE,"MSE",1.46120342534502,21.29,NA,49,43,6,25,24,0,0,0,0.510204081632653,0.489795918367347,1,1.48979591836735
71,"continuous",2,"Purely linear","BRP-GABLE rule-only",TRUE,"MSE",1.77721222974341,21.3200000000001,NA,75,75,0,45,30,0,0,0,0.6,0.4,1,1.4
71,"continuous",2,"Purely linear","GABLE",TRUE,"MSE",4.07355055278838,0.509999999999991,NA,5,5,0,5,0,0,0,0,1,0,1,1
71,"continuous",2,"Purely linear","GBM",TRUE,"MSE",1.97711139456552,0.0199999999999818,NA,NA,NA,NA,NA,NA,NA,NA,NA,NA,NA,NA,NA
71,"continuous",2,"Purely linear","Linear",TRUE,"MSE",1.08218204672039,0,NA,20,0,20,20,0,0,0,0,1,0,1,1
71,"continuous",2,"Purely linear","Random forest",TRUE,"MSE",3.04151123436052,0.419999999999959,NA,NA,NA,NA,NA,NA,NA,NA,NA,NA,NA,NA,NA
71,"continuous",2,"Purely linear","RuleFit",TRUE,"MSE",1.88784470579445,14.8200000000001,NA,54,54,0,0,24,30,0,0,0,0.444444444444444,0.444444444444444,2.55555555555556
72,"continuous",2,"Purely linear","BRP-GABLE full",TRUE,"MSE",1.63868676451527,21.63,NA,47,41,6,18,29,0,0,0,0.382978723404255,0.617021276595745,1,1.61702127659574
72,"continuous",2,"Purely linear","BRP-GABLE rule-only",TRUE,"MSE",2.07050012963359,21.79,NA,66,66,0,29,37,0,0,0,0.439393939393939,0.560606060606061,1,1.56060606060606
72,"continuous",2,"Purely linear","GABLE",TRUE,"MSE",4.22693716285259,0.32000000000005,NA,5,5,0,4,1,0,0,0,0.8,0.2,1,1.2
72,"continuous",2,"Purely linear","GBM",TRUE,"MSE",2.02319487738203,0.0299999999999727,NA,NA,NA,NA,NA,NA,NA,NA,NA,NA,NA,NA,NA
72,"continuous",2,"Purely linear","Linear",TRUE,"MSE",1.00750205325296,0,NA,20,0,20,20,0,0,0,0,1,0,1,1
72,"continuous",2,"Purely linear","Random forest",TRUE,"MSE",3.34376032961687,0.379999999999995,NA,NA,NA,NA,NA,NA,NA,NA,NA,NA,NA,NA,NA
72,"continuous",2,"Purely linear","RuleFit",TRUE,"MSE",1.60820991851543,15.1799999999999,NA,84,84,0,0,45,39,0,0,0,0.535714285714286,0.535714285714286,2.46428571428571
73,"continuous",2,"Purely linear","BRP-GABLE full",TRUE,"MSE",1.50356720063365,21.0600000000001,NA,32,26,6,14,18,0,0,0,0.4375,0.5625,1,1.5625
73,"continuous",2,"Purely linear","BRP-GABLE rule-only",TRUE,"MSE",2.11012931186693,21.1899999999999,NA,61,61,0,31,30,0,0,0,0.508196721311475,0.491803278688525,1,1.49180327868852
73,"continuous",2,"Purely linear","GABLE",TRUE,"MSE",4.73121885072451,0.530000000000086,NA,5,5,0,5,0,0,0,0,1,0,1,1
73,"continuous",2,"Purely linear","GBM",TRUE,"MSE",1.86133641236477,0.0299999999999727,NA,NA,NA,NA,NA,NA,NA,NA,NA,NA,NA,NA,NA
73,"continuous",2,"Purely linear","Linear",TRUE,"MSE",1.08242899657779,0,NA,20,0,20,20,0,0,0,0,1,0,1,1
73,"continuous",2,"Purely linear","Random forest",TRUE,"MSE",3.16830393177994,0.389999999999986,NA,NA,NA,NA,NA,NA,NA,NA,NA,NA,NA,NA,NA
73,"continuous",2,"Purely linear","RuleFit",TRUE,"MSE",1.72480817984536,15.25,NA,77,77,0,1,46,30,0,0,0.012987012987013,0.597402597402597,0.61038961038961,2.37662337662338
74,"continuous",2,"Purely linear","BRP-GABLE full",TRUE,"MSE",1.38844050429825,19.7400000000001,NA,49,43,6,21,28,0,0,0,0.428571428571429,0.571428571428571,1,1.57142857142857
74,"continuous",2,"Purely linear","BRP-GABLE rule-only",TRUE,"MSE",1.87042437356716,19.8800000000001,NA,63,63,0,26,37,0,0,0,0.412698412698413,0.587301587301587,1,1.58730158730159
74,"continuous",2,"Purely linear","GABLE",TRUE,"MSE",4.73015876238947,0.420000000000073,NA,4,4,0,2,2,0,0,0,0.5,0.5,1,1.5
74,"continuous",2,"Purely linear","GBM",TRUE,"MSE",1.86107042237099,0.0399999999999636,NA,NA,NA,NA,NA,NA,NA,NA,NA,NA,NA,NA,NA
74,"continuous",2,"Purely linear","Linear",TRUE,"MSE",1.06438382440002,0,NA,20,0,20,20,0,0,0,0,1,0,1,1
74,"continuous",2,"Purely linear","Random forest",TRUE,"MSE",3.19074401421322,0.419999999999959,NA,NA,NA,NA,NA,NA,NA,NA,NA,NA,NA,NA,NA
74,"continuous",2,"Purely linear","RuleFit",TRUE,"MSE",1.43916140300259,14.92,NA,92,92,0,2,66,24,0,0,0.0217391304347826,0.717391304347826,0.739130434782609,2.23913043478261
75,"continuous",2,"Purely linear","BRP-GABLE full",TRUE,"MSE",1.45014902748742,21.92,NA,52,45,7,25,27,0,0,0,0.480769230769231,0.519230769230769,1,1.51923076923077
75,"continuous",2,"Purely linear","BRP-GABLE rule-only",TRUE,"MSE",1.91900104173694,21.9,NA,54,54,0,24,30,0,0,0,0.444444444444444,0.555555555555556,1,1.55555555555556
75,"continuous",2,"Purely linear","GABLE",TRUE,"MSE",4.32635536693403,0.519999999999982,NA,5,5,0,5,0,0,0,0,1,0,1,1
75,"continuous",2,"Purely linear","GBM",TRUE,"MSE",1.78683933101388,0.0100000000001046,NA,NA,NA,NA,NA,NA,NA,NA,NA,NA,NA,NA,NA
75,"continuous",2,"Purely linear","Linear",TRUE,"MSE",0.979489342267556,0,NA,20,0,20,20,0,0,0,0,1,0,1,1
75,"continuous",2,"Purely linear","Random forest",TRUE,"MSE",2.90826684846576,0.389999999999986,NA,NA,NA,NA,NA,NA,NA,NA,NA,NA,NA,NA,NA
75,"continuous",2,"Purely linear","RuleFit",TRUE,"MSE",1.68397238240801,15.42,NA,75,75,0,0,54,21,0,0,0,0.72,0.72,2.28
76,"continuous",2,"Purely linear","BRP-GABLE full",TRUE,"MSE",1.51705760089731,22.5200000000001,NA,51,44,7,20,31,0,0,0,0.392156862745098,0.607843137254902,1,1.6078431372549
76,"continuous",2,"Purely linear","BRP-GABLE rule-only",TRUE,"MSE",1.79235321201942,22.78,NA,61,61,0,25,36,0,0,0,0.409836065573771,0.590163934426229,1,1.59016393442623
76,"continuous",2,"Purely linear","GABLE",TRUE,"MSE",3.78687728431246,0.469999999999914,NA,5,5,0,5,0,0,0,0,1,0,1,1
76,"continuous",2,"Purely linear","GBM",TRUE,"MSE",1.6803163750299,0.00999999999999091,NA,NA,NA,NA,NA,NA,NA,NA,NA,NA,NA,NA,NA
76,"continuous",2,"Purely linear","Linear",TRUE,"MSE",0.936457425360576,0.0199999999999818,NA,20,0,20,20,0,0,0,0,1,0,1,1
76,"continuous",2,"Purely linear","Random forest",TRUE,"MSE",3.02897769283034,0.420000000000073,NA,NA,NA,NA,NA,NA,NA,NA,NA,NA,NA,NA,NA
76,"continuous",2,"Purely linear","RuleFit",TRUE,"MSE",1.61991449018405,14.5600000000001,NA,79,79,0,1,55,23,0,0,0.0126582278481013,0.69620253164557,0.708860759493671,2.27848101265823
77,"continuous",2,"Purely linear","BRP-GABLE full",TRUE,"MSE",1.34108687706211,21.99,NA,43,36,7,21,22,0,0,0,0.488372093023256,0.511627906976744,1,1.51162790697674
77,"continuous",2,"Purely linear","BRP-GABLE rule-only",TRUE,"MSE",1.85185057245815,22.13,NA,70,70,0,37,33,0,0,0,0.528571428571429,0.471428571428571,1,1.47142857142857
77,"continuous",2,"Purely linear","GABLE",TRUE,"MSE",4.35588363410238,0.379999999999995,NA,4,4,0,2,2,0,0,0,0.5,0.5,1,1.5
77,"continuous",2,"Purely linear","GBM",TRUE,"MSE",1.58040091452942,0.0199999999999818,NA,NA,NA,NA,NA,NA,NA,NA,NA,NA,NA,NA,NA
77,"continuous",2,"Purely linear","Linear",TRUE,"MSE",1.00854868674919,0.00999999999999091,NA,20,0,20,20,0,0,0,0,1,0,1,1
77,"continuous",2,"Purely linear","Random forest",TRUE,"MSE",2.75827170736575,0.370000000000005,NA,NA,NA,NA,NA,NA,NA,NA,NA,NA,NA,NA,NA
77,"continuous",2,"Purely linear","RuleFit",TRUE,"MSE",1.57162494658364,15.12,NA,81,81,0,0,54,27,0,0,0,0.666666666666667,0.666666666666667,2.33333333333333
78,"continuous",2,"Purely linear","BRP-GABLE full",TRUE,"MSE",1.30917239811859,22.1300000000001,NA,42,36,6,19,23,0,0,0,0.452380952380952,0.547619047619048,1,1.54761904761905
78,"continuous",2,"Purely linear","BRP-GABLE rule-only",TRUE,"MSE",1.64250990488927,22.12,NA,73,73,0,47,26,0,0,0,0.643835616438356,0.356164383561644,1,1.35616438356164
78,"continuous",2,"Purely linear","GABLE",TRUE,"MSE",3.72292784319095,0.430000000000064,NA,5,5,0,5,0,0,0,0,1,0,1,1
78,"continuous",2,"Purely linear","GBM",TRUE,"MSE",1.63315253177354,0.0199999999999818,NA,NA,NA,NA,NA,NA,NA,NA,NA,NA,NA,NA,NA
78,"continuous",2,"Purely linear","Linear",TRUE,"MSE",0.828328704111492,0,NA,20,0,20,20,0,0,0,0,1,0,1,1
78,"continuous",2,"Purely linear","Random forest",TRUE,"MSE",3.07694388218399,0.389999999999986,NA,NA,NA,NA,NA,NA,NA,NA,NA,NA,NA,NA,NA
78,"continuous",2,"Purely linear","RuleFit",TRUE,"MSE",1.36839091783187,15.04,NA,69,69,0,0,41,28,0,0,0,0.594202898550725,0.594202898550725,2.40579710144928
79,"continuous",2,"Purely linear","BRP-GABLE full",TRUE,"MSE",1.63640032688423,21.5600000000001,NA,48,42,6,26,22,0,0,0,0.541666666666667,0.458333333333333,1,1.45833333333333
79,"continuous",2,"Purely linear","BRP-GABLE rule-only",TRUE,"MSE",2.2185085275771,21.65,NA,70,70,0,37,33,0,0,0,0.528571428571429,0.471428571428571,1,1.47142857142857
79,"continuous",2,"Purely linear","GABLE",TRUE,"MSE",4.689637693417,0.470000000000027,NA,5,5,0,4,1,0,0,0,0.8,0.2,1,1.2
79,"continuous",2,"Purely linear","GBM",TRUE,"MSE",1.99515445864701,0.0300000000000864,NA,NA,NA,NA,NA,NA,NA,NA,NA,NA,NA,NA,NA
79,"continuous",2,"Purely linear","Linear",TRUE,"MSE",1.01974552195761,0,NA,20,0,20,20,0,0,0,0,1,0,1,1
79,"continuous",2,"Purely linear","Random forest",TRUE,"MSE",3.4469417317433,0.389999999999986,NA,NA,NA,NA,NA,NA,NA,NA,NA,NA,NA,NA,NA
79,"continuous",2,"Purely linear","RuleFit",TRUE,"MSE",1.77428085012756,14.7299999999999,NA,73,73,0,0,58,15,0,0,0,0.794520547945205,0.794520547945205,2.20547945205479
80,"continuous",2,"Purely linear","BRP-GABLE full",TRUE,"MSE",1.72912900726978,22.05,NA,36,28,8,13,23,0,0,0,0.361111111111111,0.638888888888889,1,1.63888888888889
80,"continuous",2,"Purely linear","BRP-GABLE rule-only",TRUE,"MSE",2.42047481820464,22.11,NA,53,53,0,27,26,0,0,0,0.509433962264151,0.490566037735849,1,1.49056603773585
80,"continuous",2,"Purely linear","GABLE",TRUE,"MSE",3.92002483012017,0.509999999999991,NA,5,5,0,5,0,0,0,0,1,0,1,1
80,"continuous",2,"Purely linear","GBM",TRUE,"MSE",2.20878976976496,0,NA,NA,NA,NA,NA,NA,NA,NA,NA,NA,NA,NA,NA
80,"continuous",2,"Purely linear","Linear",TRUE,"MSE",1.21147684063959,0,NA,20,0,20,20,0,0,0,0,1,0,1,1
80,"continuous",2,"Purely linear","Random forest",TRUE,"MSE",3.43671271854704,0.389999999999986,NA,NA,NA,NA,NA,NA,NA,NA,NA,NA,NA,NA,NA
80,"continuous",2,"Purely linear","RuleFit",TRUE,"MSE",1.9722640337186,15.1600000000001,NA,82,82,0,1,59,22,0,0,0.0121951219512195,0.719512195121951,0.731707317073171,2.25609756097561
81,"continuous",2,"Purely linear","BRP-GABLE full",TRUE,"MSE",1.94860972554432,21.15,NA,36,29,7,11,25,0,0,0,0.305555555555556,0.694444444444444,1,1.69444444444444
81,"continuous",2,"Purely linear","BRP-GABLE rule-only",TRUE,"MSE",2.57610027800055,21.25,NA,68,68,0,32,36,0,0,0,0.470588235294118,0.529411764705882,1,1.52941176470588
81,"continuous",2,"Purely linear","GABLE",TRUE,"MSE",4.33600831463292,0.5,NA,5,5,0,5,0,0,0,0,1,0,1,1
81,"continuous",2,"Purely linear","GBM",TRUE,"MSE",2.29165630343939,0.0199999999999818,NA,NA,NA,NA,NA,NA,NA,NA,NA,NA,NA,NA,NA
81,"continuous",2,"Purely linear","Linear",TRUE,"MSE",1.27600683456732,0,NA,20,0,20,20,0,0,0,0,1,0,1,1
81,"continuous",2,"Purely linear","Random forest",TRUE,"MSE",3.6263571882922,0.389999999999986,NA,NA,NA,NA,NA,NA,NA,NA,NA,NA,NA,NA,NA
81,"continuous",2,"Purely linear","RuleFit",TRUE,"MSE",1.95173852282409,15.7,NA,79,79,0,1,49,29,0,0,0.0126582278481013,0.620253164556962,0.632911392405063,2.35443037974684
82,"continuous",2,"Purely linear","BRP-GABLE full",TRUE,"MSE",1.5412439643041,22.64,NA,45,38,7,23,22,0,0,0,0.511111111111111,0.488888888888889,1,1.48888888888889
82,"continuous",2,"Purely linear","BRP-GABLE rule-only",TRUE,"MSE",2.21102396233031,22.63,NA,54,54,0,27,27,0,0,0,0.5,0.5,1,1.5
82,"continuous",2,"Purely linear","GABLE",TRUE,"MSE",3.5367011414977,0.440000000000055,NA,5,5,0,5,0,0,0,0,1,0,1,1
82,"continuous",2,"Purely linear","GBM",TRUE,"MSE",1.94382377962482,0.00999999999999091,NA,NA,NA,NA,NA,NA,NA,NA,NA,NA,NA,NA,NA
82,"continuous",2,"Purely linear","Linear",TRUE,"MSE",1.07682325094828,0.0199999999999818,NA,20,0,20,20,0,0,0,0,1,0,1,1
82,"continuous",2,"Purely linear","Random forest",TRUE,"MSE",2.98650158598484,0.389999999999986,NA,NA,NA,NA,NA,NA,NA,NA,NA,NA,NA,NA,NA
82,"continuous",2,"Purely linear","RuleFit",TRUE,"MSE",1.84338178499086,15.13,NA,66,66,0,0,44,22,0,0,0,0.666666666666667,0.666666666666667,2.33333333333333
83,"continuous",2,"Purely linear","BRP-GABLE full",TRUE,"MSE",1.53160608566036,22.39,NA,42,36,6,17,25,0,0,0,0.404761904761905,0.595238095238095,1,1.5952380952381
83,"continuous",2,"Purely linear","BRP-GABLE rule-only",TRUE,"MSE",1.84189927370834,22.4200000000001,NA,62,62,0,31,31,0,0,0,0.5,0.5,1,1.5
83,"continuous",2,"Purely linear","GABLE",TRUE,"MSE",4.16856101405365,0.519999999999982,NA,4,4,0,3,1,0,0,0,0.75,0.25,1,1.25
83,"continuous",2,"Purely linear","GBM",TRUE,"MSE",1.67252836314335,0.00999999999999091,NA,NA,NA,NA,NA,NA,NA,NA,NA,NA,NA,NA,NA
83,"continuous",2,"Purely linear","Linear",TRUE,"MSE",1.02302345015767,0,NA,20,0,20,20,0,0,0,0,1,0,1,1
83,"continuous",2,"Purely linear","Random forest",TRUE,"MSE",2.73917235949875,0.389999999999986,NA,NA,NA,NA,NA,NA,NA,NA,NA,NA,NA,NA,NA
83,"continuous",2,"Purely linear","RuleFit",TRUE,"MSE",1.99618166157662,15.09,NA,52,52,0,0,31,21,0,0,0,0.596153846153846,0.596153846153846,2.40384615384615
84,"continuous",2,"Purely linear","BRP-GABLE full",TRUE,"MSE",1.52698736087264,21.9399999999999,NA,37,31,6,15,22,0,0,0,0.405405405405405,0.594594594594595,1,1.59459459459459
84,"continuous",2,"Purely linear","BRP-GABLE rule-only",TRUE,"MSE",2.1541594407454,22.0599999999999,NA,63,63,0,32,31,0,0,0,0.507936507936508,0.492063492063492,1,1.49206349206349
84,"continuous",2,"Purely linear","GABLE",TRUE,"MSE",4.27210186790067,0.419999999999959,NA,5,5,0,4,1,0,0,0,0.8,0.2,1,1.2
84,"continuous",2,"Purely linear","GBM",TRUE,"MSE",1.90950729161808,0.0199999999999818,NA,NA,NA,NA,NA,NA,NA,NA,NA,NA,NA,NA,NA
84,"continuous",2,"Purely linear","Linear",TRUE,"MSE",1.05496232129583,0,NA,20,0,20,20,0,0,0,0,1,0,1,1
84,"continuous",2,"Purely linear","Random forest",TRUE,"MSE",3.01666037097237,0.389999999999986,NA,NA,NA,NA,NA,NA,NA,NA,NA,NA,NA,NA,NA
84,"continuous",2,"Purely linear","RuleFit",TRUE,"MSE",1.88574961349654,15.1500000000001,NA,81,81,0,0,57,24,0,0,0,0.703703703703704,0.703703703703704,2.2962962962963
85,"continuous",2,"Purely linear","BRP-GABLE full",TRUE,"MSE",1.58400987915695,23.4700000000001,NA,29,23,6,10,19,0,0,0,0.344827586206897,0.655172413793103,1,1.6551724137931
85,"continuous",2,"Purely linear","BRP-GABLE rule-only",TRUE,"MSE",2.0695777297701,23.5200000000001,NA,57,57,0,27,30,0,0,0,0.473684210526316,0.526315789473684,1,1.52631578947368
85,"continuous",2,"Purely linear","GABLE",TRUE,"MSE",5.24948242834534,0.450000000000045,NA,5,5,0,3,2,0,0,0,0.6,0.4,1,1.4
85,"continuous",2,"Purely linear","GBM",TRUE,"MSE",1.72119238829152,0.0399999999999636,NA,NA,NA,NA,NA,NA,NA,NA,NA,NA,NA,NA,NA
85,"continuous",2,"Purely linear","Linear",TRUE,"MSE",1.17314293281173,0,NA,20,0,20,20,0,0,0,0,1,0,1,1
85,"continuous",2,"Purely linear","Random forest",TRUE,"MSE",3.18358821781806,0.419999999999959,NA,NA,NA,NA,NA,NA,NA,NA,NA,NA,NA,NA,NA
85,"continuous",2,"Purely linear","RuleFit",TRUE,"MSE",1.67926562918647,15.39,NA,92,92,0,2,65,25,0,0,0.0217391304347826,0.706521739130435,0.728260869565217,2.25
86,"continuous",2,"Purely linear","BRP-GABLE full",TRUE,"MSE",1.29863623626585,22.9300000000001,NA,31,25,6,14,17,0,0,0,0.451612903225806,0.548387096774194,1,1.54838709677419
86,"continuous",2,"Purely linear","BRP-GABLE rule-only",TRUE,"MSE",1.83643132135247,23.11,NA,61,61,0,37,24,0,0,0,0.60655737704918,0.39344262295082,1,1.39344262295082
86,"continuous",2,"Purely linear","GABLE",TRUE,"MSE",4.08349433637523,0.549999999999955,NA,5,5,0,5,0,0,0,0,1,0,1,1
86,"continuous",2,"Purely linear","GBM",TRUE,"MSE",1.72690654492799,0.0200000000000955,NA,NA,NA,NA,NA,NA,NA,NA,NA,NA,NA,NA,NA
86,"continuous",2,"Purely linear","Linear",TRUE,"MSE",0.972153530919606,0,NA,20,0,20,20,0,0,0,0,1,0,1,1
86,"continuous",2,"Purely linear","Random forest",TRUE,"MSE",3.27595133433107,0.389999999999986,NA,NA,NA,NA,NA,NA,NA,NA,NA,NA,NA,NA,NA
86,"continuous",2,"Purely linear","RuleFit",TRUE,"MSE",1.75201690447612,15.92,NA,70,70,0,2,49,19,0,0,0.0285714285714286,0.7,0.728571428571429,2.24285714285714
87,"continuous",2,"Purely linear","BRP-GABLE full",TRUE,"MSE",1.70878262944566,20.6899999999999,NA,47,41,6,16,31,0,0,0,0.340425531914894,0.659574468085106,1,1.65957446808511
87,"continuous",2,"Purely linear","BRP-GABLE rule-only",TRUE,"MSE",2.03031261943407,20.7700000000001,NA,60,60,0,20,40,0,0,0,0.333333333333333,0.666666666666667,1,1.66666666666667
87,"continuous",2,"Purely linear","GABLE",TRUE,"MSE",4.26842128104004,0.480000000000018,NA,5,5,0,4,1,0,0,0,0.8,0.2,1,1.2
87,"continuous",2,"Purely linear","GBM",TRUE,"MSE",1.97411389929294,0.0100000000001046,NA,NA,NA,NA,NA,NA,NA,NA,NA,NA,NA,NA,NA
87,"continuous",2,"Purely linear","Linear",TRUE,"MSE",1.28246475073966,0,NA,20,0,20,20,0,0,0,0,1,0,1,1
87,"continuous",2,"Purely linear","Random forest",TRUE,"MSE",3.06148461419268,0.42999999999995,NA,NA,NA,NA,NA,NA,NA,NA,NA,NA,NA,NA,NA
87,"continuous",2,"Purely linear","RuleFit",TRUE,"MSE",1.76780902754376,15.4399999999999,NA,81,81,0,0,54,27,0,0,0,0.666666666666667,0.666666666666667,2.33333333333333
88,"continuous",2,"Purely linear","BRP-GABLE full",TRUE,"MSE",1.5688671052919,21.8299999999999,NA,36,30,6,13,23,0,0,0,0.361111111111111,0.638888888888889,1,1.63888888888889
88,"continuous",2,"Purely linear","BRP-GABLE rule-only",TRUE,"MSE",2.29201005996436,21.9,NA,48,48,0,22,26,0,0,0,0.458333333333333,0.541666666666667,1,1.54166666666667
88,"continuous",2,"Purely linear","GABLE",TRUE,"MSE",4.20098980707712,0.370000000000005,NA,5,5,0,4,1,0,0,0,0.8,0.2,1,1.2
88,"continuous",2,"Purely linear","GBM",TRUE,"MSE",1.83878957565071,0.0199999999999818,NA,NA,NA,NA,NA,NA,NA,NA,NA,NA,NA,NA,NA
88,"continuous",2,"Purely linear","Linear",TRUE,"MSE",1.02686852349889,0.0100000000001046,NA,20,0,20,20,0,0,0,0,1,0,1,1
88,"continuous",2,"Purely linear","Random forest",TRUE,"MSE",3.03985122632389,0.409999999999968,NA,NA,NA,NA,NA,NA,NA,NA,NA,NA,NA,NA,NA
88,"continuous",2,"Purely linear","RuleFit",TRUE,"MSE",1.52963880367309,15.08,NA,99,99,0,1,71,27,0,0,0.0101010101010101,0.717171717171717,0.727272727272727,2.26262626262626
89,"continuous",2,"Purely linear","BRP-GABLE full",TRUE,"MSE",1.24178216203618,22.47,NA,34,28,6,14,20,0,0,0,0.411764705882353,0.588235294117647,1,1.58823529411765
89,"continuous",2,"Purely linear","BRP-GABLE rule-only",TRUE,"MSE",1.69001935338086,22.52,NA,65,65,0,33,32,0,0,0,0.507692307692308,0.492307692307692,1,1.49230769230769
89,"continuous",2,"Purely linear","GABLE",TRUE,"MSE",4.18484218208096,0.42999999999995,NA,5,5,0,4,1,0,0,0,0.8,0.2,1,1.2
89,"continuous",2,"Purely linear","GBM",TRUE,"MSE",1.60764071017248,0.0199999999999818,NA,NA,NA,NA,NA,NA,NA,NA,NA,NA,NA,NA,NA
89,"continuous",2,"Purely linear","Linear",TRUE,"MSE",1.11118145274554,0,NA,20,0,20,20,0,0,0,0,1,0,1,1
89,"continuous",2,"Purely linear","Random forest",TRUE,"MSE",2.81320474994992,0.400000000000091,NA,NA,NA,NA,NA,NA,NA,NA,NA,NA,NA,NA,NA
89,"continuous",2,"Purely linear","RuleFit",TRUE,"MSE",1.68587469963713,16.09,NA,95,95,0,0,61,34,0,0,0,0.642105263157895,0.642105263157895,2.35789473684211
90,"continuous",2,"Purely linear","BRP-GABLE full",TRUE,"MSE",1.37288714717178,22.3300000000002,NA,42,36,6,20,22,0,0,0,0.476190476190476,0.523809523809524,1,1.52380952380952
90,"continuous",2,"Purely linear","BRP-GABLE rule-only",TRUE,"MSE",1.90044002019547,22.39,NA,73,73,0,45,28,0,0,0,0.616438356164384,0.383561643835616,1,1.38356164383562
90,"continuous",2,"Purely linear","GABLE",TRUE,"MSE",3.66728767590082,0.519999999999982,NA,5,5,0,4,1,0,0,0,0.8,0.2,1,1.2
90,"continuous",2,"Purely linear","GBM",TRUE,"MSE",1.68687308767292,0.0199999999999818,NA,NA,NA,NA,NA,NA,NA,NA,NA,NA,NA,NA,NA
90,"continuous",2,"Purely linear","Linear",TRUE,"MSE",1.17538520118635,0,NA,20,0,20,20,0,0,0,0,1,0,1,1
90,"continuous",2,"Purely linear","Random forest",TRUE,"MSE",2.78062849591137,0.400000000000091,NA,NA,NA,NA,NA,NA,NA,NA,NA,NA,NA,NA,NA
90,"continuous",2,"Purely linear","RuleFit",TRUE,"MSE",1.67831085543363,15.39,NA,85,85,0,3,52,30,0,0,0.0352941176470588,0.611764705882353,0.647058823529412,2.31764705882353
91,"continuous",2,"Purely linear","BRP-GABLE full",TRUE,"MSE",1.59975767345154,22.08,NA,50,44,6,23,27,0,0,0,0.46,0.54,1,1.54
91,"continuous",2,"Purely linear","BRP-GABLE rule-only",TRUE,"MSE",1.91766043016854,22.09,NA,52,52,0,23,29,0,0,0,0.442307692307692,0.557692307692308,1,1.55769230769231
91,"continuous",2,"Purely linear","GABLE",TRUE,"MSE",4.06350702047901,0.470000000000027,NA,4,4,0,3,1,0,0,0,0.75,0.25,1,1.25
91,"continuous",2,"Purely linear","GBM",TRUE,"MSE",1.87054820978845,0.0199999999999818,NA,NA,NA,NA,NA,NA,NA,NA,NA,NA,NA,NA,NA
91,"continuous",2,"Purely linear","Linear",TRUE,"MSE",1.10497224888455,0,NA,20,0,20,20,0,0,0,0,1,0,1,1
91,"continuous",2,"Purely linear","Random forest",TRUE,"MSE",3.10826856025393,0.389999999999986,NA,NA,NA,NA,NA,NA,NA,NA,NA,NA,NA,NA,NA
91,"continuous",2,"Purely linear","RuleFit",TRUE,"MSE",1.98505256733007,15.5,NA,68,68,0,0,44,24,0,0,0,0.647058823529412,0.647058823529412,2.35294117647059
92,"continuous",2,"Purely linear","BRP-GABLE full",TRUE,"MSE",1.40404524531198,21.3200000000001,NA,68,60,8,35,33,0,0,0,0.514705882352941,0.485294117647059,1,1.48529411764706
92,"continuous",2,"Purely linear","BRP-GABLE rule-only",TRUE,"MSE",1.65571176187197,21.3100000000001,NA,68,68,0,33,35,0,0,0,0.485294117647059,0.514705882352941,1,1.51470588235294
92,"continuous",2,"Purely linear","GABLE",TRUE,"MSE",4.07916461053172,0.460000000000036,NA,5,5,0,3,2,0,0,0,0.6,0.4,1,1.4
92,"continuous",2,"Purely linear","GBM",TRUE,"MSE",1.92010569217266,0.0199999999999818,NA,NA,NA,NA,NA,NA,NA,NA,NA,NA,NA,NA,NA
92,"continuous",2,"Purely linear","Linear",TRUE,"MSE",0.988418999394705,0,NA,20,0,20,20,0,0,0,0,1,0,1,1
92,"continuous",2,"Purely linear","Random forest",TRUE,"MSE",2.88816668050606,0.42999999999995,NA,NA,NA,NA,NA,NA,NA,NA,NA,NA,NA,NA,NA
92,"continuous",2,"Purely linear","RuleFit",TRUE,"MSE",1.68389127915483,14.89,NA,74,74,0,0,52,22,0,0,0,0.702702702702703,0.702702702702703,2.2972972972973
93,"continuous",2,"Purely linear","BRP-GABLE full",TRUE,"MSE",1.53716070775835,21.6099999999999,NA,37,31,6,13,24,0,0,0,0.351351351351351,0.648648648648649,1,1.64864864864865
93,"continuous",2,"Purely linear","BRP-GABLE rule-only",TRUE,"MSE",2.1603422303965,21.72,NA,65,65,0,33,32,0,0,0,0.507692307692308,0.492307692307692,1,1.49230769230769
93,"continuous",2,"Purely linear","GABLE",TRUE,"MSE",3.59372320783011,0.549999999999955,NA,5,5,0,5,0,0,0,0,1,0,1,1
93,"continuous",2,"Purely linear","GBM",TRUE,"MSE",1.91962875579676,0.0300000000000864,NA,NA,NA,NA,NA,NA,NA,NA,NA,NA,NA,NA,NA
93,"continuous",2,"Purely linear","Linear",TRUE,"MSE",1.07374200560256,0,NA,20,0,20,20,0,0,0,0,1,0,1,1
93,"continuous",2,"Purely linear","Random forest",TRUE,"MSE",3.16078622797715,0.419999999999959,NA,NA,NA,NA,NA,NA,NA,NA,NA,NA,NA,NA,NA
93,"continuous",2,"Purely linear","RuleFit",TRUE,"MSE",1.84722591641097,15.98,NA,83,83,0,0,57,26,0,0,0,0.686746987951807,0.686746987951807,2.31325301204819
94,"continuous",2,"Purely linear","BRP-GABLE full",TRUE,"MSE",1.39274822934637,22.34,NA,42,35,7,23,19,0,0,0,0.547619047619048,0.452380952380952,1,1.45238095238095
94,"continuous",2,"Purely linear","BRP-GABLE rule-only",TRUE,"MSE",2.00097145340139,22.48,NA,69,69,0,38,31,0,0,0,0.550724637681159,0.449275362318841,1,1.44927536231884
94,"continuous",2,"Purely linear","GABLE",TRUE,"MSE",4.11035953229929,0.529999999999973,NA,4,4,0,3,1,0,0,0,0.75,0.25,1,1.25
94,"continuous",2,"Purely linear","GBM",TRUE,"MSE",2.04928995735775,0.00999999999999091,NA,NA,NA,NA,NA,NA,NA,NA,NA,NA,NA,NA,NA
94,"continuous",2,"Purely linear","Linear",TRUE,"MSE",1.07972376761635,0,NA,20,0,20,20,0,0,0,0,1,0,1,1
94,"continuous",2,"Purely linear","Random forest",TRUE,"MSE",3.07904522759297,0.399999999999977,NA,NA,NA,NA,NA,NA,NA,NA,NA,NA,NA,NA,NA
94,"continuous",2,"Purely linear","RuleFit",TRUE,"MSE",1.80654591789155,14.3200000000001,NA,86,86,0,4,55,27,0,0,0.0465116279069767,0.63953488372093,0.686046511627907,2.26744186046512
95,"continuous",2,"Purely linear","BRP-GABLE full",TRUE,"MSE",1.16528676036424,22.59,NA,34,28,6,18,16,0,0,0,0.529411764705882,0.470588235294118,1,1.47058823529412
95,"continuous",2,"Purely linear","BRP-GABLE rule-only",TRUE,"MSE",1.61874955651766,22.6,NA,73,73,0,49,24,0,0,0,0.671232876712329,0.328767123287671,1,1.32876712328767
95,"continuous",2,"Purely linear","GABLE",TRUE,"MSE",3.77723376187896,0.529999999999973,NA,5,5,0,5,0,0,0,0,1,0,1,1
95,"continuous",2,"Purely linear","GBM",TRUE,"MSE",1.68838046726055,0.00999999999999091,NA,NA,NA,NA,NA,NA,NA,NA,NA,NA,NA,NA,NA
95,"continuous",2,"Purely linear","Linear",TRUE,"MSE",0.833046941869749,0.0200000000000955,NA,20,0,20,20,0,0,0,0,1,0,1,1
95,"continuous",2,"Purely linear","Random forest",TRUE,"MSE",3.02365784187867,0.399999999999977,NA,NA,NA,NA,NA,NA,NA,NA,NA,NA,NA,NA,NA
95,"continuous",2,"Purely linear","RuleFit",TRUE,"MSE",1.60951650567214,15.15,NA,60,60,0,1,46,13,0,0,0.0166666666666667,0.766666666666667,0.783333333333333,2.2
96,"continuous",2,"Purely linear","BRP-GABLE full",TRUE,"MSE",1.35490900306905,21.7199999999999,NA,33,27,6,17,16,0,0,0,0.515151515151515,0.484848484848485,1,1.48484848484848
96,"continuous",2,"Purely linear","BRP-GABLE rule-only",TRUE,"MSE",1.85575482169972,21.76,NA,56,56,0,33,23,0,0,0,0.589285714285714,0.410714285714286,1,1.41071428571429
96,"continuous",2,"Purely linear","GABLE",TRUE,"MSE",4.37658657338908,0.440000000000055,NA,5,5,0,4,1,0,0,0,0.8,0.2,1,1.2
96,"continuous",2,"Purely linear","GBM",TRUE,"MSE",1.78919754049605,0.0199999999999818,NA,NA,NA,NA,NA,NA,NA,NA,NA,NA,NA,NA,NA
96,"continuous",2,"Purely linear","Linear",TRUE,"MSE",1.03504637054383,0.00999999999999091,NA,20,0,20,20,0,0,0,0,1,0,1,1
96,"continuous",2,"Purely linear","Random forest",TRUE,"MSE",2.81390836727429,0.419999999999959,NA,NA,NA,NA,NA,NA,NA,NA,NA,NA,NA,NA,NA
96,"continuous",2,"Purely linear","RuleFit",TRUE,"MSE",1.50744542428487,15.0899999999999,NA,91,91,0,1,68,22,0,0,0.010989010989011,0.747252747252747,0.758241758241758,2.23076923076923
97,"continuous",2,"Purely linear","BRP-GABLE full",TRUE,"MSE",1.69015891838987,22.28,NA,42,36,6,15,27,0,0,0,0.357142857142857,0.642857142857143,1,1.64285714285714
97,"continuous",2,"Purely linear","BRP-GABLE rule-only",TRUE,"MSE",2.19502598242798,22.28,NA,56,56,0,25,31,0,0,0,0.446428571428571,0.553571428571429,1,1.55357142857143
97,"continuous",2,"Purely linear","GABLE",TRUE,"MSE",4.38172184218969,0.569999999999936,NA,5,5,0,5,0,0,0,0,1,0,1,1
97,"continuous",2,"Purely linear","GBM",TRUE,"MSE",2.10888882723317,0.00999999999999091,NA,NA,NA,NA,NA,NA,NA,NA,NA,NA,NA,NA,NA
97,"continuous",2,"Purely linear","Linear",TRUE,"MSE",1.09406939122465,0.0200000000000955,NA,20,0,20,20,0,0,0,0,1,0,1,1
97,"continuous",2,"Purely linear","Random forest",TRUE,"MSE",3.25230774302189,0.389999999999986,NA,NA,NA,NA,NA,NA,NA,NA,NA,NA,NA,NA,NA
97,"continuous",2,"Purely linear","RuleFit",TRUE,"MSE",1.88390980395814,14.37,NA,79,79,0,0,61,18,0,0,0,0.772151898734177,0.772151898734177,2.22784810126582
98,"continuous",2,"Purely linear","BRP-GABLE full",TRUE,"MSE",1.52274829145013,22.38,NA,40,34,6,24,16,0,0,0,0.6,0.4,1,1.4
98,"continuous",2,"Purely linear","BRP-GABLE rule-only",TRUE,"MSE",2.15685994286375,22.4699999999999,NA,53,53,0,29,24,0,0,0,0.547169811320755,0.452830188679245,1,1.45283018867925
98,"continuous",2,"Purely linear","GABLE",TRUE,"MSE",4.30070474211351,0.410000000000082,NA,5,5,0,5,0,0,0,0,1,0,1,1
98,"continuous",2,"Purely linear","GBM",TRUE,"MSE",2.1149116705303,0.0200000000000955,NA,NA,NA,NA,NA,NA,NA,NA,NA,NA,NA,NA,NA
98,"continuous",2,"Purely linear","Linear",TRUE,"MSE",1.16884289146819,0.00999999999999091,NA,20,0,20,20,0,0,0,0,1,0,1,1
98,"continuous",2,"Purely linear","Random forest",TRUE,"MSE",3.33016628364273,0.339999999999918,NA,NA,NA,NA,NA,NA,NA,NA,NA,NA,NA,NA,NA
98,"continuous",2,"Purely linear","RuleFit",TRUE,"MSE",1.84389775850694,11.89,NA,71,71,0,0,51,20,0,0,0,0.71830985915493,0.71830985915493,2.28169014084507
99,"continuous",2,"Purely linear","BRP-GABLE full",TRUE,"MSE",1.46757969902276,20.1999999999999,NA,36,29,7,18,18,0,0,0,0.5,0.5,1,1.5
99,"continuous",2,"Purely linear","BRP-GABLE rule-only",TRUE,"MSE",1.95168080389906,20.27,NA,66,66,0,34,32,0,0,0,0.515151515151515,0.484848484848485,1,1.48484848484848
99,"continuous",2,"Purely linear","GABLE",TRUE,"MSE",4.68915474243943,0.300000000000068,NA,5,5,0,3,2,0,0,0,0.6,0.4,1,1.4
99,"continuous",2,"Purely linear","GBM",TRUE,"MSE",1.79351538520896,0.00999999999999091,NA,NA,NA,NA,NA,NA,NA,NA,NA,NA,NA,NA,NA
99,"continuous",2,"Purely linear","Linear",TRUE,"MSE",1.12690440154974,0,NA,20,0,20,20,0,0,0,0,1,0,1,1
99,"continuous",2,"Purely linear","Random forest",TRUE,"MSE",2.79054808876476,0.360000000000014,NA,NA,NA,NA,NA,NA,NA,NA,NA,NA,NA,NA,NA
99,"continuous",2,"Purely linear","RuleFit",TRUE,"MSE",1.61194233076756,10.76,NA,80,80,0,1,47,32,0,0,0.0125,0.5875,0.6,2.3875
100,"continuous",2,"Purely linear","BRP-GABLE full",TRUE,"MSE",1.53424762151118,20.66,NA,33,26,7,13,20,0,0,0,0.393939393939394,0.606060606060606,1,1.60606060606061
100,"continuous",2,"Purely linear","BRP-GABLE rule-only",TRUE,"MSE",2.24081146121963,20.72,NA,58,58,0,33,25,0,0,0,0.568965517241379,0.431034482758621,1,1.43103448275862
100,"continuous",2,"Purely linear","GABLE",TRUE,"MSE",4.61364978147598,0.409999999999968,NA,5,5,0,5,0,0,0,0,1,0,1,1
100,"continuous",2,"Purely linear","GBM",TRUE,"MSE",1.95813153611118,0.00999999999999091,NA,NA,NA,NA,NA,NA,NA,NA,NA,NA,NA,NA,NA
100,"continuous",2,"Purely linear","Linear",TRUE,"MSE",1.166790505997,0,NA,20,0,20,20,0,0,0,0,1,0,1,1
100,"continuous",2,"Purely linear","Random forest",TRUE,"MSE",3.35100256562182,0.360000000000014,NA,NA,NA,NA,NA,NA,NA,NA,NA,NA,NA,NA,NA
100,"continuous",2,"Purely linear","RuleFit",TRUE,"MSE",1.57811025496965,8.88999999999999,NA,99,99,0,1,63,35,0,0,0.0101010101010101,0.636363636363636,0.646464646464647,2.34343434343434
1,"continuous",3,"Mixed linear and rule-based","BRP-GABLE full",TRUE,"MSE",1.57972965792394,25.67,NA,53,48,5,28,25,0,0,0,0.528301886792453,0.471698113207547,1,1.47169811320755
1,"continuous",3,"Mixed linear and rule-based","BRP-GABLE rule-only",TRUE,"MSE",1.72400428323233,25.64,NA,57,57,0,28,29,0,0,0,0.491228070175439,0.508771929824561,1,1.50877192982456
1,"continuous",3,"Mixed linear and rule-based","GABLE",TRUE,"MSE",2.65597324241573,0.710000000000001,NA,5,5,0,4,1,0,0,0,0.8,0.2,1,1.2
1,"continuous",3,"Mixed linear and rule-based","GBM",TRUE,"MSE",1.63943584471165,0.00999999999999801,NA,NA,NA,NA,NA,NA,NA,NA,NA,NA,NA,NA,NA
1,"continuous",3,"Mixed linear and rule-based","Linear",TRUE,"MSE",1.69713942533797,0.0200000000000031,NA,20,0,20,20,0,0,0,0,1,0,1,1
1,"continuous",3,"Mixed linear and rule-based","Random forest",TRUE,"MSE",2.26571407749977,0.390000000000001,NA,NA,NA,NA,NA,NA,NA,NA,NA,NA,NA,NA,NA
1,"continuous",3,"Mixed linear and rule-based","RuleFit",TRUE,"MSE",1.5329643987013,14.15,NA,64,64,0,1,52,11,0,0,0.015625,0.8125,0.828125,2.15625
2,"continuous",3,"Mixed linear and rule-based","BRP-GABLE full",TRUE,"MSE",1.70073756159909,25.6,NA,45,39,6,23,22,0,0,0,0.511111111111111,0.488888888888889,1,1.48888888888889
2,"continuous",3,"Mixed linear and rule-based","BRP-GABLE rule-only",TRUE,"MSE",1.87124983293701,25.56,NA,48,48,0,21,27,0,0,0,0.4375,0.5625,1,1.5625
2,"continuous",3,"Mixed linear and rule-based","GABLE",TRUE,"MSE",2.43425355583378,0.560000000000002,NA,5,5,0,5,0,0,0,0,1,0,1,1
2,"continuous",3,"Mixed linear and rule-based","GBM",TRUE,"MSE",1.60026376394537,0.0300000000000011,NA,NA,NA,NA,NA,NA,NA,NA,NA,NA,NA,NA,NA
2,"continuous",3,"Mixed linear and rule-based","Linear",TRUE,"MSE",1.66054537594118,0,NA,20,0,20,20,0,0,0,0,1,0,1,1
2,"continuous",3,"Mixed linear and rule-based","Random forest",TRUE,"MSE",2.2217829274998,0.389999999999997,NA,NA,NA,NA,NA,NA,NA,NA,NA,NA,NA,NA,NA
2,"continuous",3,"Mixed linear and rule-based","RuleFit",TRUE,"MSE",1.57629014125953,13.3,NA,76,76,0,6,65,5,0,0,0.0789473684210526,0.855263157894737,0.934210526315789,1.98684210526316
3,"continuous",3,"Mixed linear and rule-based","BRP-GABLE full",TRUE,"MSE",1.58347153933125,25.51,NA,55,50,5,23,32,0,0,0,0.418181818181818,0.581818181818182,1,1.58181818181818
3,"continuous",3,"Mixed linear and rule-based","BRP-GABLE rule-only",TRUE,"MSE",1.61938964974367,25.49,NA,59,59,0,28,31,0,0,0,0.474576271186441,0.525423728813559,1,1.52542372881356
3,"continuous",3,"Mixed linear and rule-based","GABLE",TRUE,"MSE",2.2771679984695,0.52,NA,5,5,0,5,0,0,0,0,1,0,1,1
3,"continuous",3,"Mixed linear and rule-based","GBM",TRUE,"MSE",1.74523123446497,0.0300000000000011,NA,NA,NA,NA,NA,NA,NA,NA,NA,NA,NA,NA,NA
3,"continuous",3,"Mixed linear and rule-based","Linear",TRUE,"MSE",1.5900001340858,0,NA,20,0,20,20,0,0,0,0,1,0,1,1
3,"continuous",3,"Mixed linear and rule-based","Random forest",TRUE,"MSE",2.63626031804665,0.390000000000001,NA,NA,NA,NA,NA,NA,NA,NA,NA,NA,NA,NA,NA
3,"continuous",3,"Mixed linear and rule-based","RuleFit",TRUE,"MSE",1.72157954598294,12.73,NA,65,65,0,2,53,10,0,0,0.0307692307692308,0.815384615384615,0.846153846153846,2.12307692307692
4,"continuous",3,"Mixed linear and rule-based","BRP-GABLE full",TRUE,"MSE",1.84039810851626,26.2,NA,67,58,9,46,21,0,0,0,0.686567164179104,0.313432835820896,1,1.3134328358209
4,"continuous",3,"Mixed linear and rule-based","BRP-GABLE rule-only",TRUE,"MSE",2.17365816965652,26.27,NA,67,67,0,42,25,0,0,0,0.626865671641791,0.373134328358209,1,1.37313432835821
4,"continuous",3,"Mixed linear and rule-based","GABLE",TRUE,"MSE",3.11826872390425,0.460000000000001,NA,5,5,0,5,0,0,0,0,1,0,1,1
4,"continuous",3,"Mixed linear and rule-based","GBM",TRUE,"MSE",2.06433560602884,0.0100000000000016,NA,NA,NA,NA,NA,NA,NA,NA,NA,NA,NA,NA,NA
4,"continuous",3,"Mixed linear and rule-based","Linear",TRUE,"MSE",1.9599966316654,0.0199999999999996,NA,20,0,20,20,0,0,0,0,1,0,1,1
4,"continuous",3,"Mixed linear and rule-based","Random forest",TRUE,"MSE",2.66048659042572,0.379999999999999,NA,NA,NA,NA,NA,NA,NA,NA,NA,NA,NA,NA,NA
4,"continuous",3,"Mixed linear and rule-based","RuleFit",TRUE,"MSE",1.79565208687833,12.38,NA,62,62,0,3,55,4,0,0,0.0483870967741935,0.887096774193548,0.935483870967742,2.01612903225806
5,"continuous",3,"Mixed linear and rule-based","BRP-GABLE full",TRUE,"MSE",1.88300839247608,25.26,NA,48,43,5,19,29,0,0,0,0.395833333333333,0.604166666666667,1,1.60416666666667
5,"continuous",3,"Mixed linear and rule-based","BRP-GABLE rule-only",TRUE,"MSE",1.94338990174761,25.27,NA,45,45,0,15,30,0,0,0,0.333333333333333,0.666666666666667,1,1.66666666666667
5,"continuous",3,"Mixed linear and rule-based","GABLE",TRUE,"MSE",2.45908932681649,0.57,NA,5,5,0,5,0,0,0,0,1,0,1,1
5,"continuous",3,"Mixed linear and rule-based","GBM",TRUE,"MSE",1.65861500527552,0.0300000000000011,NA,NA,NA,NA,NA,NA,NA,NA,NA,NA,NA,NA,NA
5,"continuous",3,"Mixed linear and rule-based","Linear",TRUE,"MSE",1.85430014642728,0,NA,20,0,20,20,0,0,0,0,1,0,1,1
5,"continuous",3,"Mixed linear and rule-based","Random forest",TRUE,"MSE",2.33174451944017,0.390000000000001,NA,NA,NA,NA,NA,NA,NA,NA,NA,NA,NA,NA,NA
5,"continuous",3,"Mixed linear and rule-based","RuleFit",TRUE,"MSE",1.64582105317975,13.34,NA,50,50,0,0,36,14,0,0,0,0.72,0.72,2.28
6,"continuous",3,"Mixed linear and rule-based","BRP-GABLE full",TRUE,"MSE",1.60517043352211,24.03,NA,52,47,5,27,25,0,0,0,0.519230769230769,0.480769230769231,1,1.48076923076923
6,"continuous",3,"Mixed linear and rule-based","BRP-GABLE rule-only",TRUE,"MSE",1.82176211993189,24,NA,53,53,0,28,25,0,0,0,0.528301886792453,0.471698113207547,1,1.47169811320755
6,"continuous",3,"Mixed linear and rule-based","GABLE",TRUE,"MSE",2.46273971050675,0.539999999999999,NA,5,5,0,4,1,0,0,0,0.8,0.2,1,1.2
6,"continuous",3,"Mixed linear and rule-based","GBM",TRUE,"MSE",1.53297547707922,0.0200000000000031,NA,NA,NA,NA,NA,NA,NA,NA,NA,NA,NA,NA,NA
6,"continuous",3,"Mixed linear and rule-based","Linear",TRUE,"MSE",1.78491661259452,0.019999999999996,NA,20,0,20,20,0,0,0,0,1,0,1,1
6,"continuous",3,"Mixed linear and rule-based","Random forest",TRUE,"MSE",2.04117170147921,0.380000000000003,NA,NA,NA,NA,NA,NA,NA,NA,NA,NA,NA,NA,NA
6,"continuous",3,"Mixed linear and rule-based","RuleFit",TRUE,"MSE",1.48577394549682,14.53,NA,65,65,0,2,55,8,0,0,0.0307692307692308,0.846153846153846,0.876923076923077,2.09230769230769
7,"continuous",3,"Mixed linear and rule-based","BRP-GABLE full",TRUE,"MSE",1.6977678361417,24.31,NA,49,42,7,29,20,0,0,0,0.591836734693878,0.408163265306122,1,1.40816326530612
7,"continuous",3,"Mixed linear and rule-based","BRP-GABLE rule-only",TRUE,"MSE",1.85215496395684,24.24,NA,48,48,0,26,22,0,0,0,0.541666666666667,0.458333333333333,1,1.45833333333333
7,"continuous",3,"Mixed linear and rule-based","GABLE",TRUE,"MSE",2.40950347972066,0.600000000000009,NA,5,5,0,4,1,0,0,0,0.8,0.2,1,1.2
7,"continuous",3,"Mixed linear and rule-based","GBM",TRUE,"MSE",1.80127749675504,0.0100000000000051,NA,NA,NA,NA,NA,NA,NA,NA,NA,NA,NA,NA,NA
7,"continuous",3,"Mixed linear and rule-based","Linear",TRUE,"MSE",1.84505118884129,0.019999999999996,NA,20,0,20,20,0,0,0,0,1,0,1,1
7,"continuous",3,"Mixed linear and rule-based","Random forest",TRUE,"MSE",2.4005242500475,0.419999999999987,NA,NA,NA,NA,NA,NA,NA,NA,NA,NA,NA,NA,NA
7,"continuous",3,"Mixed linear and rule-based","RuleFit",TRUE,"MSE",1.80345594231839,14.89,NA,52,52,0,0,46,6,0,0,0,0.884615384615385,0.884615384615385,2.11538461538462
8,"continuous",3,"Mixed linear and rule-based","BRP-GABLE full",TRUE,"MSE",1.42025505256151,24.79,NA,57,49,8,40,17,0,0,0,0.701754385964912,0.298245614035088,1,1.29824561403509
8,"continuous",3,"Mixed linear and rule-based","BRP-GABLE rule-only",TRUE,"MSE",1.51074523044637,24.81,NA,66,66,0,48,18,0,0,0,0.727272727272727,0.272727272727273,1,1.27272727272727
8,"continuous",3,"Mixed linear and rule-based","GABLE",TRUE,"MSE",2.41236158241983,0.610000000000014,NA,5,5,0,5,0,0,0,0,1,0,1,1
8,"continuous",3,"Mixed linear and rule-based","GBM",TRUE,"MSE",1.66355831516074,0.019999999999996,NA,NA,NA,NA,NA,NA,NA,NA,NA,NA,NA,NA,NA
8,"continuous",3,"Mixed linear and rule-based","Linear",TRUE,"MSE",1.57145637590877,0.0300000000000011,NA,20,0,20,20,0,0,0,0,1,0,1,1
8,"continuous",3,"Mixed linear and rule-based","Random forest",TRUE,"MSE",2.500509434843,0.399999999999991,NA,NA,NA,NA,NA,NA,NA,NA,NA,NA,NA,NA,NA
8,"continuous",3,"Mixed linear and rule-based","RuleFit",TRUE,"MSE",1.57429442508157,16,NA,71,71,0,0,51,20,0,0,0,0.71830985915493,0.71830985915493,2.28169014084507
9,"continuous",3,"Mixed linear and rule-based","BRP-GABLE full",TRUE,"MSE",1.64360225306941,23.21,NA,67,60,7,40,27,0,0,0,0.597014925373134,0.402985074626866,1,1.40298507462687
9,"continuous",3,"Mixed linear and rule-based","BRP-GABLE rule-only",TRUE,"MSE",1.85871376333713,23.2,NA,57,57,0,30,27,0,0,0,0.526315789473684,0.473684210526316,1,1.47368421052632
9,"continuous",3,"Mixed linear and rule-based","GABLE",TRUE,"MSE",2.95866546791371,0.609999999999999,NA,5,5,0,4,1,0,0,0,0.8,0.2,1,1.2
9,"continuous",3,"Mixed linear and rule-based","GBM",TRUE,"MSE",1.93089523247167,0.0200000000000102,NA,NA,NA,NA,NA,NA,NA,NA,NA,NA,NA,NA,NA
9,"continuous",3,"Mixed linear and rule-based","Linear",TRUE,"MSE",1.66502891529277,0.0299999999999869,NA,20,0,20,20,0,0,0,0,1,0,1,1
9,"continuous",3,"Mixed linear and rule-based","Random forest",TRUE,"MSE",2.35861719817083,0.409999999999997,NA,NA,NA,NA,NA,NA,NA,NA,NA,NA,NA,NA,NA
9,"continuous",3,"Mixed linear and rule-based","RuleFit",TRUE,"MSE",1.83753836412242,15.84,NA,53,53,0,1,42,10,0,0,0.0188679245283019,0.792452830188679,0.811320754716981,2.16981132075472
10,"continuous",3,"Mixed linear and rule-based","BRP-GABLE full",TRUE,"MSE",1.65082836051237,23.9,NA,44,40,4,16,28,0,0,0,0.363636363636364,0.636363636363636,1,1.63636363636364
10,"continuous",3,"Mixed linear and rule-based","BRP-GABLE rule-only",TRUE,"MSE",1.77303504707463,23.89,NA,47,47,0,22,25,0,0,0,0.468085106382979,0.531914893617021,1,1.53191489361702
10,"continuous",3,"Mixed linear and rule-based","GABLE",TRUE,"MSE",2.86631494616918,0.589999999999989,NA,5,5,0,5,0,0,0,0,1,0,1,1
10,"continuous",3,"Mixed linear and rule-based","GBM",TRUE,"MSE",1.69327384310117,0.0300000000000011,NA,NA,NA,NA,NA,NA,NA,NA,NA,NA,NA,NA,NA
10,"continuous",3,"Mixed linear and rule-based","Linear",TRUE,"MSE",1.90977768979263,0.0300000000000011,NA,20,0,20,20,0,0,0,0,1,0,1,1
10,"continuous",3,"Mixed linear and rule-based","Random forest",TRUE,"MSE",2.49160083698742,0.390000000000001,NA,NA,NA,NA,NA,NA,NA,NA,NA,NA,NA,NA,NA
10,"continuous",3,"Mixed linear and rule-based","RuleFit",TRUE,"MSE",1.62503505906896,15.5,NA,69,69,0,3,60,6,0,0,0.0434782608695652,0.869565217391304,0.91304347826087,2.04347826086957
11,"continuous",3,"Mixed linear and rule-based","BRP-GABLE full",TRUE,"MSE",1.51441819270735,25.59,NA,55,48,7,31,24,0,0,0,0.563636363636364,0.436363636363636,1,1.43636363636364
11,"continuous",3,"Mixed linear and rule-based","BRP-GABLE rule-only",TRUE,"MSE",1.8145603903449,25.61,NA,58,58,0,33,25,0,0,0,0.568965517241379,0.431034482758621,1,1.43103448275862
11,"continuous",3,"Mixed linear and rule-based","GABLE",TRUE,"MSE",2.6237582437477,0.530000000000001,NA,5,5,0,4,1,0,0,0,0.8,0.2,1,1.2
11,"continuous",3,"Mixed linear and rule-based","GBM",TRUE,"MSE",1.76909982242837,0.0200000000000102,NA,NA,NA,NA,NA,NA,NA,NA,NA,NA,NA,NA,NA
11,"continuous",3,"Mixed linear and rule-based","Linear",TRUE,"MSE",1.76459570046868,0,NA,20,0,20,20,0,0,0,0,1,0,1,1
11,"continuous",3,"Mixed linear and rule-based","Random forest",TRUE,"MSE",2.09327808632168,0.390000000000001,NA,NA,NA,NA,NA,NA,NA,NA,NA,NA,NA,NA,NA
11,"continuous",3,"Mixed linear and rule-based","RuleFit",TRUE,"MSE",1.66058456852212,13.55,NA,62,62,0,4,44,14,0,0,0.0645161290322581,0.709677419354839,0.774193548387097,2.16129032258065
12,"continuous",3,"Mixed linear and rule-based","BRP-GABLE full",TRUE,"MSE",1.37150472267233,25.88,NA,55,48,7,36,19,0,0,0,0.654545454545455,0.345454545454545,1,1.34545454545455
12,"continuous",3,"Mixed linear and rule-based","BRP-GABLE rule-only",TRUE,"MSE",1.58254431427847,25.83,NA,59,59,0,35,24,0,0,0,0.593220338983051,0.406779661016949,1,1.40677966101695
12,"continuous",3,"Mixed linear and rule-based","GABLE",TRUE,"MSE",2.58466154714165,0.400000000000006,NA,5,5,0,5,0,0,0,0,1,0,1,1
12,"continuous",3,"Mixed linear and rule-based","GBM",TRUE,"MSE",1.53613311550589,0.019999999999996,NA,NA,NA,NA,NA,NA,NA,NA,NA,NA,NA,NA,NA
12,"continuous",3,"Mixed linear and rule-based","Linear",TRUE,"MSE",1.9349258088961,0.0200000000000102,NA,20,0,20,20,0,0,0,0,1,0,1,1
12,"continuous",3,"Mixed linear and rule-based","Random forest",TRUE,"MSE",2.12833816402535,0.359999999999999,NA,NA,NA,NA,NA,NA,NA,NA,NA,NA,NA,NA,NA
12,"continuous",3,"Mixed linear and rule-based","RuleFit",TRUE,"MSE",1.48011082138679,13.61,NA,67,67,0,7,51,9,0,0,0.104477611940299,0.761194029850746,0.865671641791045,2.02985074626866
13,"continuous",3,"Mixed linear and rule-based","BRP-GABLE full",TRUE,"MSE",1.86998606121544,25.59,NA,42,36,6,27,15,0,0,0,0.642857142857143,0.357142857142857,1,1.35714285714286
13,"continuous",3,"Mixed linear and rule-based","BRP-GABLE rule-only",TRUE,"MSE",2.23679896103349,25.53,NA,45,45,0,28,17,0,0,0,0.622222222222222,0.377777777777778,1,1.37777777777778
13,"continuous",3,"Mixed linear and rule-based","GABLE",TRUE,"MSE",2.8573768413677,0.530000000000001,NA,5,5,0,5,0,0,0,0,1,0,1,1
13,"continuous",3,"Mixed linear and rule-based","GBM",TRUE,"MSE",1.82193140302985,0.00999999999999091,NA,NA,NA,NA,NA,NA,NA,NA,NA,NA,NA,NA,NA
13,"continuous",3,"Mixed linear and rule-based","Linear",TRUE,"MSE",1.74461426027059,0,NA,20,0,20,20,0,0,0,0,1,0,1,1
13,"continuous",3,"Mixed linear and rule-based","Random forest",TRUE,"MSE",2.44284912491549,0.38000000000001,NA,NA,NA,NA,NA,NA,NA,NA,NA,NA,NA,NA,NA
13,"continuous",3,"Mixed linear and rule-based","RuleFit",TRUE,"MSE",1.71806408526049,14.13,NA,70,70,0,5,56,9,0,0,0.0714285714285714,0.8,0.871428571428571,2.05714285714286
14,"continuous",3,"Mixed linear and rule-based","BRP-GABLE full",TRUE,"MSE",1.92973451427573,23.79,NA,56,48,8,28,28,0,0,0,0.5,0.5,1,1.5
14,"continuous",3,"Mixed linear and rule-based","BRP-GABLE rule-only",TRUE,"MSE",2.11605659880222,23.78,NA,61,61,0,32,29,0,0,0,0.524590163934426,0.475409836065574,1,1.47540983606557
14,"continuous",3,"Mixed linear and rule-based","GABLE",TRUE,"MSE",3.01617747934263,0.580000000000013,NA,5,5,0,5,0,0,0,0,1,0,1,1
14,"continuous",3,"Mixed linear and rule-based","GBM",TRUE,"MSE",1.90521620136141,0.019999999999996,NA,NA,NA,NA,NA,NA,NA,NA,NA,NA,NA,NA,NA
14,"continuous",3,"Mixed linear and rule-based","Linear",TRUE,"MSE",1.70721171557846,0.0100000000000051,NA,20,0,20,20,0,0,0,0,1,0,1,1
14,"continuous",3,"Mixed linear and rule-based","Random forest",TRUE,"MSE",2.49592441521496,0.36999999999999,NA,NA,NA,NA,NA,NA,NA,NA,NA,NA,NA,NA,NA
14,"continuous",3,"Mixed linear and rule-based","RuleFit",TRUE,"MSE",1.8674414167935,14.89,NA,74,74,0,3,57,14,0,0,0.0405405405405405,0.77027027027027,0.810810810810811,2.14864864864865
15,"continuous",3,"Mixed linear and rule-based","BRP-GABLE full",TRUE,"MSE",1.82091334909266,24.61,NA,42,39,3,21,21,0,0,0,0.5,0.5,1,1.5
15,"continuous",3,"Mixed linear and rule-based","BRP-GABLE rule-only",TRUE,"MSE",1.8206264053571,24.49,NA,42,42,0,20,22,0,0,0,0.476190476190476,0.523809523809524,1,1.52380952380952
15,"continuous",3,"Mixed linear and rule-based","GABLE",TRUE,"MSE",2.56785860065071,0.559999999999988,NA,5,5,0,5,0,0,0,0,1,0,1,1
15,"continuous",3,"Mixed linear and rule-based","GBM",TRUE,"MSE",1.82219294331705,0.0100000000000051,NA,NA,NA,NA,NA,NA,NA,NA,NA,NA,NA,NA,NA
15,"continuous",3,"Mixed linear and rule-based","Linear",TRUE,"MSE",1.44436097726627,0,NA,20,0,20,20,0,0,0,0,1,0,1,1
15,"continuous",3,"Mixed linear and rule-based","Random forest",TRUE,"MSE",2.46660488093716,0.390000000000001,NA,NA,NA,NA,NA,NA,NA,NA,NA,NA,NA,NA,NA
15,"continuous",3,"Mixed linear and rule-based","RuleFit",TRUE,"MSE",1.89619768744363,13.46,NA,47,47,0,1,31,15,0,0,0.0212765957446809,0.659574468085106,0.680851063829787,2.29787234042553
16,"continuous",3,"Mixed linear and rule-based","BRP-GABLE full",TRUE,"MSE",1.42249225067452,25.06,NA,64,51,13,46,18,0,0,0,0.71875,0.28125,1,1.28125
16,"continuous",3,"Mixed linear and rule-based","BRP-GABLE rule-only",TRUE,"MSE",1.65498056118629,25.05,NA,56,56,0,38,18,0,0,0,0.678571428571429,0.321428571428571,1,1.32142857142857
16,"continuous",3,"Mixed linear and rule-based","GABLE",TRUE,"MSE",2.34243685405816,0.509999999999991,NA,5,5,0,5,0,0,0,0,1,0,1,1
16,"continuous",3,"Mixed linear and rule-based","GBM",TRUE,"MSE",1.62185249382129,0.0199999999999818,NA,NA,NA,NA,NA,NA,NA,NA,NA,NA,NA,NA,NA
16,"continuous",3,"Mixed linear and rule-based","Linear",TRUE,"MSE",1.87563167953798,0,NA,20,0,20,20,0,0,0,0,1,0,1,1
16,"continuous",3,"Mixed linear and rule-based","Random forest",TRUE,"MSE",2.30869361505204,0.390000000000015,NA,NA,NA,NA,NA,NA,NA,NA,NA,NA,NA,NA,NA
16,"continuous",3,"Mixed linear and rule-based","RuleFit",TRUE,"MSE",1.56364240665685,13.99,NA,56,56,0,1,50,5,0,0,0.0178571428571429,0.892857142857143,0.910714285714286,2.07142857142857
17,"continuous",3,"Mixed linear and rule-based","BRP-GABLE full",TRUE,"MSE",2.02610424504873,24.42,NA,45,40,5,19,26,0,0,0,0.422222222222222,0.577777777777778,1,1.57777777777778
17,"continuous",3,"Mixed linear and rule-based","BRP-GABLE rule-only",TRUE,"MSE",2.23177012745675,24.36,NA,41,41,0,14,27,0,0,0,0.341463414634146,0.658536585365854,1,1.65853658536585
17,"continuous",3,"Mixed linear and rule-based","GABLE",TRUE,"MSE",2.69094606490721,0.539999999999992,NA,5,5,0,5,0,0,0,0,1,0,1,1
17,"continuous",3,"Mixed linear and rule-based","GBM",TRUE,"MSE",1.85016012101715,0.00999999999999091,NA,NA,NA,NA,NA,NA,NA,NA,NA,NA,NA,NA,NA
17,"continuous",3,"Mixed linear and rule-based","Linear",TRUE,"MSE",1.87177135668159,0,NA,20,0,20,20,0,0,0,0,1,0,1,1
17,"continuous",3,"Mixed linear and rule-based","Random forest",TRUE,"MSE",2.47495742984372,0.390000000000015,NA,NA,NA,NA,NA,NA,NA,NA,NA,NA,NA,NA,NA
17,"continuous",3,"Mixed linear and rule-based","RuleFit",TRUE,"MSE",1.97934739580105,14.34,NA,63,63,0,2,56,5,0,0,0.0317460317460317,0.888888888888889,0.920634920634921,2.04761904761905
18,"continuous",3,"Mixed linear and rule-based","BRP-GABLE full",TRUE,"MSE",1.71453396081059,24.88,NA,61,53,8,36,25,0,0,0,0.590163934426229,0.409836065573771,1,1.40983606557377
18,"continuous",3,"Mixed linear and rule-based","BRP-GABLE rule-only",TRUE,"MSE",1.83443593586131,24.89,NA,64,64,0,38,26,0,0,0,0.59375,0.40625,1,1.40625
18,"continuous",3,"Mixed linear and rule-based","GABLE",TRUE,"MSE",2.11391041535407,0.560000000000002,NA,5,5,0,5,0,0,0,0,1,0,1,1
18,"continuous",3,"Mixed linear and rule-based","GBM",TRUE,"MSE",1.79376618601491,0.00999999999999091,NA,NA,NA,NA,NA,NA,NA,NA,NA,NA,NA,NA,NA
18,"continuous",3,"Mixed linear and rule-based","Linear",TRUE,"MSE",1.96170075683172,0,NA,20,0,20,20,0,0,0,0,1,0,1,1
18,"continuous",3,"Mixed linear and rule-based","Random forest",TRUE,"MSE",2.64187390851102,0.400000000000006,NA,NA,NA,NA,NA,NA,NA,NA,NA,NA,NA,NA,NA
18,"continuous",3,"Mixed linear and rule-based","RuleFit",TRUE,"MSE",1.80904010716213,13.79,NA,84,84,0,5,66,13,0,0,0.0595238095238095,0.785714285714286,0.845238095238095,2.0952380952381
19,"continuous",3,"Mixed linear and rule-based","BRP-GABLE full",TRUE,"MSE",1.6460489259545,24.19,NA,56,50,6,35,21,0,0,0,0.625,0.375,1,1.375
19,"continuous",3,"Mixed linear and rule-based","BRP-GABLE rule-only",TRUE,"MSE",1.77286569190599,24.25,NA,65,65,0,42,23,0,0,0,0.646153846153846,0.353846153846154,1,1.35384615384615
19,"continuous",3,"Mixed linear and rule-based","GABLE",TRUE,"MSE",2.91862307303982,0.5,NA,5,5,0,5,0,0,0,0,1,0,1,1
19,"continuous",3,"Mixed linear and rule-based","GBM",TRUE,"MSE",1.75477812416105,0.00999999999999091,NA,NA,NA,NA,NA,NA,NA,NA,NA,NA,NA,NA,NA
19,"continuous",3,"Mixed linear and rule-based","Linear",TRUE,"MSE",1.70245321301952,0.0200000000000102,NA,20,0,20,20,0,0,0,0,1,0,1,1
19,"continuous",3,"Mixed linear and rule-based","Random forest",TRUE,"MSE",2.61524347792141,0.389999999999986,NA,NA,NA,NA,NA,NA,NA,NA,NA,NA,NA,NA,NA
19,"continuous",3,"Mixed linear and rule-based","RuleFit",TRUE,"MSE",1.67762648795382,14.5,NA,77,77,0,3,67,7,0,0,0.038961038961039,0.87012987012987,0.909090909090909,2.05194805194805
20,"continuous",3,"Mixed linear and rule-based","BRP-GABLE full",TRUE,"MSE",2.02830816576021,24.82,NA,43,38,5,17,26,0,0,0,0.395348837209302,0.604651162790698,1,1.6046511627907
20,"continuous",3,"Mixed linear and rule-based","BRP-GABLE rule-only",TRUE,"MSE",2.21739903231526,24.94,NA,49,49,0,24,25,0,0,0,0.489795918367347,0.510204081632653,1,1.51020408163265
20,"continuous",3,"Mixed linear and rule-based","GABLE",TRUE,"MSE",2.64851759035546,0.519999999999982,NA,5,5,0,4,1,0,0,0,0.8,0.2,1,1.2
20,"continuous",3,"Mixed linear and rule-based","GBM",TRUE,"MSE",1.82703546838173,0.00999999999999091,NA,NA,NA,NA,NA,NA,NA,NA,NA,NA,NA,NA,NA
20,"continuous",3,"Mixed linear and rule-based","Linear",TRUE,"MSE",1.83560575610999,0.0200000000000102,NA,20,0,20,20,0,0,0,0,1,0,1,1
20,"continuous",3,"Mixed linear and rule-based","Random forest",TRUE,"MSE",2.26388761037701,0.360000000000014,NA,NA,NA,NA,NA,NA,NA,NA,NA,NA,NA,NA,NA
20,"continuous",3,"Mixed linear and rule-based","RuleFit",TRUE,"MSE",1.65503352653222,13.14,NA,67,67,0,7,47,13,0,0,0.104477611940299,0.701492537313433,0.805970149253731,2.08955223880597
21,"continuous",3,"Mixed linear and rule-based","BRP-GABLE full",TRUE,"MSE",1.44318069323344,24.94,NA,54,47,7,29,25,0,0,0,0.537037037037037,0.462962962962963,1,1.46296296296296
21,"continuous",3,"Mixed linear and rule-based","BRP-GABLE rule-only",TRUE,"MSE",1.6881470838656,24.91,NA,51,51,0,26,25,0,0,0,0.509803921568627,0.490196078431373,1,1.49019607843137
21,"continuous",3,"Mixed linear and rule-based","GABLE",TRUE,"MSE",2.43122492181141,0.560000000000002,NA,5,5,0,5,0,0,0,0,1,0,1,1
21,"continuous",3,"Mixed linear and rule-based","GBM",TRUE,"MSE",1.52733066107753,0.0199999999999818,NA,NA,NA,NA,NA,NA,NA,NA,NA,NA,NA,NA,NA
21,"continuous",3,"Mixed linear and rule-based","Linear",TRUE,"MSE",1.62848802146927,0,NA,20,0,20,20,0,0,0,0,1,0,1,1
21,"continuous",3,"Mixed linear and rule-based","Random forest",TRUE,"MSE",2.02741329843705,0.390000000000015,NA,NA,NA,NA,NA,NA,NA,NA,NA,NA,NA,NA,NA
21,"continuous",3,"Mixed linear and rule-based","RuleFit",TRUE,"MSE",1.52559505137968,13.84,NA,72,72,0,2,63,7,0,0,0.0277777777777778,0.875,0.902777777777778,2.06944444444444
22,"continuous",3,"Mixed linear and rule-based","BRP-GABLE full",TRUE,"MSE",1.54217206369455,24.67,NA,57,50,7,40,17,0,0,0,0.701754385964912,0.298245614035088,1,1.29824561403509
22,"continuous",3,"Mixed linear and rule-based","BRP-GABLE rule-only",TRUE,"MSE",1.79030813407843,24.68,NA,55,55,0,37,18,0,0,0,0.672727272727273,0.327272727272727,1,1.32727272727273
22,"continuous",3,"Mixed linear and rule-based","GABLE",TRUE,"MSE",2.24920633933757,0.5,NA,5,5,0,5,0,0,0,0,1,0,1,1
22,"continuous",3,"Mixed linear and rule-based","GBM",TRUE,"MSE",1.66093011689895,0.0300000000000011,NA,NA,NA,NA,NA,NA,NA,NA,NA,NA,NA,NA,NA
22,"continuous",3,"Mixed linear and rule-based","Linear",TRUE,"MSE",1.7014803360398,0,NA,20,0,20,20,0,0,0,0,1,0,1,1
22,"continuous",3,"Mixed linear and rule-based","Random forest",TRUE,"MSE",2.13820654986331,0.390000000000015,NA,NA,NA,NA,NA,NA,NA,NA,NA,NA,NA,NA,NA
22,"continuous",3,"Mixed linear and rule-based","RuleFit",TRUE,"MSE",1.79743922290379,14.22,NA,73,73,0,8,55,10,0,0,0.10958904109589,0.753424657534247,0.863013698630137,2.02739726027397
23,"continuous",3,"Mixed linear and rule-based","BRP-GABLE full",TRUE,"MSE",1.62015309280306,23.64,NA,53,48,5,25,28,0,0,0,0.471698113207547,0.528301886792453,1,1.52830188679245
23,"continuous",3,"Mixed linear and rule-based","BRP-GABLE rule-only",TRUE,"MSE",1.76295734483002,23.73,NA,59,59,0,28,31,0,0,0,0.474576271186441,0.525423728813559,1,1.52542372881356
23,"continuous",3,"Mixed linear and rule-based","GABLE",TRUE,"MSE",2.36079809658334,0.47999999999999,NA,5,5,0,4,1,0,0,0,0.8,0.2,1,1.2
23,"continuous",3,"Mixed linear and rule-based","GBM",TRUE,"MSE",1.65964755866312,0.0199999999999818,NA,NA,NA,NA,NA,NA,NA,NA,NA,NA,NA,NA,NA
23,"continuous",3,"Mixed linear and rule-based","Linear",TRUE,"MSE",1.39092299664141,0,NA,20,0,20,20,0,0,0,0,1,0,1,1
23,"continuous",3,"Mixed linear and rule-based","Random forest",TRUE,"MSE",2.36148788528513,0.420000000000016,NA,NA,NA,NA,NA,NA,NA,NA,NA,NA,NA,NA,NA
23,"continuous",3,"Mixed linear and rule-based","RuleFit",TRUE,"MSE",1.79111617570343,12.52,NA,53,53,0,0,47,6,0,0,0,0.886792452830189,0.886792452830189,2.11320754716981
24,"continuous",3,"Mixed linear and rule-based","BRP-GABLE full",TRUE,"MSE",1.69388757668171,24.53,NA,57,50,7,32,25,0,0,0,0.56140350877193,0.43859649122807,1,1.43859649122807
24,"continuous",3,"Mixed linear and rule-based","BRP-GABLE rule-only",TRUE,"MSE",1.83170079992778,24.48,NA,54,54,0,25,29,0,0,0,0.462962962962963,0.537037037037037,1,1.53703703703704
24,"continuous",3,"Mixed linear and rule-based","GABLE",TRUE,"MSE",2.7843115897353,0.47999999999999,NA,5,5,0,5,0,0,0,0,1,0,1,1
24,"continuous",3,"Mixed linear and rule-based","GBM",TRUE,"MSE",1.64762667933192,0.0199999999999818,NA,NA,NA,NA,NA,NA,NA,NA,NA,NA,NA,NA,NA
24,"continuous",3,"Mixed linear and rule-based","Linear",TRUE,"MSE",1.70662163880516,0,NA,20,0,20,20,0,0,0,0,1,0,1,1
24,"continuous",3,"Mixed linear and rule-based","Random forest",TRUE,"MSE",2.10827502464958,0.390000000000015,NA,NA,NA,NA,NA,NA,NA,NA,NA,NA,NA,NA,NA
24,"continuous",3,"Mixed linear and rule-based","RuleFit",TRUE,"MSE",1.68897544573557,14.28,NA,107,107,0,12,74,21,0,0,0.11214953271028,0.691588785046729,0.803738317757009,2.08411214953271
25,"continuous",3,"Mixed linear and rule-based","BRP-GABLE full",TRUE,"MSE",1.57228016410411,23.64,NA,52,48,4,23,29,0,0,0,0.442307692307692,0.557692307692308,1,1.55769230769231
25,"continuous",3,"Mixed linear and rule-based","BRP-GABLE rule-only",TRUE,"MSE",1.67437366802842,23.57,NA,56,56,0,27,29,0,0,0,0.482142857142857,0.517857142857143,1,1.51785714285714
25,"continuous",3,"Mixed linear and rule-based","GABLE",TRUE,"MSE",2.45908004464164,0.47999999999999,NA,5,5,0,5,0,0,0,0,1,0,1,1
25,"continuous",3,"Mixed linear and rule-based","GBM",TRUE,"MSE",1.77097949647218,0.0100000000000193,NA,NA,NA,NA,NA,NA,NA,NA,NA,NA,NA,NA,NA
25,"continuous",3,"Mixed linear and rule-based","Linear",TRUE,"MSE",1.65592281144033,0,NA,20,0,20,20,0,0,0,0,1,0,1,1
25,"continuous",3,"Mixed linear and rule-based","Random forest",TRUE,"MSE",2.44943546707991,0.349999999999994,NA,NA,NA,NA,NA,NA,NA,NA,NA,NA,NA,NA,NA
25,"continuous",3,"Mixed linear and rule-based","RuleFit",TRUE,"MSE",1.4368896772375,13.66,NA,63,63,0,3,48,12,0,0,0.0476190476190476,0.761904761904762,0.80952380952381,2.14285714285714
26,"continuous",3,"Mixed linear and rule-based","BRP-GABLE full",TRUE,"MSE",1.77916848236525,23.49,NA,58,52,6,34,24,0,0,0,0.586206896551724,0.413793103448276,1,1.41379310344828
26,"continuous",3,"Mixed linear and rule-based","BRP-GABLE rule-only",TRUE,"MSE",2.13980441276947,23.44,NA,56,56,0,27,29,0,0,0,0.482142857142857,0.517857142857143,1,1.51785714285714
26,"continuous",3,"Mixed linear and rule-based","GABLE",TRUE,"MSE",2.64586519496991,0.450000000000017,NA,5,5,0,5,0,0,0,0,1,0,1,1
26,"continuous",3,"Mixed linear and rule-based","GBM",TRUE,"MSE",1.86966964346668,0.00999999999999091,NA,NA,NA,NA,NA,NA,NA,NA,NA,NA,NA,NA,NA
26,"continuous",3,"Mixed linear and rule-based","Linear",TRUE,"MSE",1.83431306464139,0,NA,20,0,20,20,0,0,0,0,1,0,1,1
26,"continuous",3,"Mixed linear and rule-based","Random forest",TRUE,"MSE",2.58747535501473,0.379999999999995,NA,NA,NA,NA,NA,NA,NA,NA,NA,NA,NA,NA,NA
26,"continuous",3,"Mixed linear and rule-based","RuleFit",TRUE,"MSE",1.84805926114283,13.47,NA,72,72,0,4,52,16,0,0,0.0555555555555556,0.722222222222222,0.777777777777778,2.16666666666667
27,"continuous",3,"Mixed linear and rule-based","BRP-GABLE full",TRUE,"MSE",1.95843633013971,22.23,NA,52,46,6,26,26,0,0,0,0.5,0.5,1,1.5
27,"continuous",3,"Mixed linear and rule-based","BRP-GABLE rule-only",TRUE,"MSE",2.22135836269267,22.22,NA,46,46,0,18,28,0,0,0,0.391304347826087,0.608695652173913,1,1.60869565217391
27,"continuous",3,"Mixed linear and rule-based","GABLE",TRUE,"MSE",3.00939135781684,0.47999999999999,NA,5,5,0,4,1,0,0,0,0.8,0.2,1,1.2
27,"continuous",3,"Mixed linear and rule-based","GBM",TRUE,"MSE",1.9056746756671,0.0100000000000193,NA,NA,NA,NA,NA,NA,NA,NA,NA,NA,NA,NA,NA
27,"continuous",3,"Mixed linear and rule-based","Linear",TRUE,"MSE",1.71360907980237,0.0199999999999818,NA,20,0,20,20,0,0,0,0,1,0,1,1
27,"continuous",3,"Mixed linear and rule-based","Random forest",TRUE,"MSE",2.52941168301016,0.379999999999995,NA,NA,NA,NA,NA,NA,NA,NA,NA,NA,NA,NA,NA
27,"continuous",3,"Mixed linear and rule-based","RuleFit",TRUE,"MSE",2.03777879976816,13.43,NA,57,57,0,0,48,9,0,0,0,0.842105263157895,0.842105263157895,2.15789473684211
28,"continuous",3,"Mixed linear and rule-based","BRP-GABLE full",TRUE,"MSE",1.94468690805597,23.3,NA,48,41,7,25,23,0,0,0,0.520833333333333,0.479166666666667,1,1.47916666666667
28,"continuous",3,"Mixed linear and rule-based","BRP-GABLE rule-only",TRUE,"MSE",2.15657638907404,23.32,NA,52,52,0,27,25,0,0,0,0.519230769230769,0.480769230769231,1,1.48076923076923
28,"continuous",3,"Mixed linear and rule-based","GABLE",TRUE,"MSE",2.65009610377971,0.469999999999999,NA,5,5,0,4,1,0,0,0,0.8,0.2,1,1.2
28,"continuous",3,"Mixed linear and rule-based","GBM",TRUE,"MSE",1.65082266256419,0.0200000000000102,NA,NA,NA,NA,NA,NA,NA,NA,NA,NA,NA,NA,NA
28,"continuous",3,"Mixed linear and rule-based","Linear",TRUE,"MSE",1.87891627567148,0,NA,20,0,20,20,0,0,0,0,1,0,1,1
28,"continuous",3,"Mixed linear and rule-based","Random forest",TRUE,"MSE",2.33708328374548,0.370000000000005,NA,NA,NA,NA,NA,NA,NA,NA,NA,NA,NA,NA,NA
28,"continuous",3,"Mixed linear and rule-based","RuleFit",TRUE,"MSE",1.77511451978286,13.84,NA,71,71,0,4,58,9,0,0,0.0563380281690141,0.816901408450704,0.873239436619718,2.07042253521127
29,"continuous",3,"Mixed linear and rule-based","BRP-GABLE full",TRUE,"MSE",1.71884805869451,23.55,NA,59,52,7,28,31,0,0,0,0.474576271186441,0.525423728813559,1,1.52542372881356
29,"continuous",3,"Mixed linear and rule-based","BRP-GABLE rule-only",TRUE,"MSE",1.93578518316495,23.53,NA,54,54,0,23,31,0,0,0,0.425925925925926,0.574074074074074,1,1.57407407407407
29,"continuous",3,"Mixed linear and rule-based","GABLE",TRUE,"MSE",2.94723636768674,0.460000000000008,NA,5,5,0,5,0,0,0,0,1,0,1,1
29,"continuous",3,"Mixed linear and rule-based","GBM",TRUE,"MSE",1.8538438606241,0.0199999999999818,NA,NA,NA,NA,NA,NA,NA,NA,NA,NA,NA,NA,NA
29,"continuous",3,"Mixed linear and rule-based","Linear",TRUE,"MSE",1.77094023859655,0,NA,20,0,20,20,0,0,0,0,1,0,1,1
29,"continuous",3,"Mixed linear and rule-based","Random forest",TRUE,"MSE",2.66972442977789,0.370000000000005,NA,NA,NA,NA,NA,NA,NA,NA,NA,NA,NA,NA,NA
29,"continuous",3,"Mixed linear and rule-based","RuleFit",TRUE,"MSE",1.73929953468941,13.06,NA,67,67,0,3,50,14,0,0,0.0447761194029851,0.746268656716418,0.791044776119403,2.16417910447761
30,"continuous",3,"Mixed linear and rule-based","BRP-GABLE full",TRUE,"MSE",1.59295574587113,23.83,NA,51,45,6,38,13,0,0,0,0.745098039215686,0.254901960784314,1,1.25490196078431
30,"continuous",3,"Mixed linear and rule-based","BRP-GABLE rule-only",TRUE,"MSE",1.90554722630356,23.84,NA,54,54,0,40,14,0,0,0,0.740740740740741,0.259259259259259,1,1.25925925925926
30,"continuous",3,"Mixed linear and rule-based","GABLE",TRUE,"MSE",2.47039386316965,0.509999999999991,NA,5,5,0,5,0,0,0,0,1,0,1,1
30,"continuous",3,"Mixed linear and rule-based","GBM",TRUE,"MSE",1.72198439413158,0.0300000000000011,NA,NA,NA,NA,NA,NA,NA,NA,NA,NA,NA,NA,NA
30,"continuous",3,"Mixed linear and rule-based","Linear",TRUE,"MSE",1.8160544591003,0,NA,20,0,20,20,0,0,0,0,1,0,1,1
30,"continuous",3,"Mixed linear and rule-based","Random forest",TRUE,"MSE",2.45408908665749,0.379999999999995,NA,NA,NA,NA,NA,NA,NA,NA,NA,NA,NA,NA,NA
30,"continuous",3,"Mixed linear and rule-based","RuleFit",TRUE,"MSE",1.74721373230445,14.5,NA,60,60,0,0,44,16,0,0,0,0.733333333333333,0.733333333333333,2.26666666666667
31,"continuous",3,"Mixed linear and rule-based","BRP-GABLE full",TRUE,"MSE",1.79640297902207,23.53,NA,53,49,4,28,25,0,0,0,0.528301886792453,0.471698113207547,1,1.47169811320755
31,"continuous",3,"Mixed linear and rule-based","BRP-GABLE rule-only",TRUE,"MSE",1.93698171179039,23.57,NA,59,59,0,33,26,0,0,0,0.559322033898305,0.440677966101695,1,1.44067796610169
31,"continuous",3,"Mixed linear and rule-based","GABLE",TRUE,"MSE",2.65965857820707,0.54000000000002,NA,5,5,0,5,0,0,0,0,1,0,1,1
31,"continuous",3,"Mixed linear and rule-based","GBM",TRUE,"MSE",1.68580334383682,0.00999999999999091,NA,NA,NA,NA,NA,NA,NA,NA,NA,NA,NA,NA,NA
31,"continuous",3,"Mixed linear and rule-based","Linear",TRUE,"MSE",1.6690096280371,0,NA,20,0,20,20,0,0,0,0,1,0,1,1
31,"continuous",3,"Mixed linear and rule-based","Random forest",TRUE,"MSE",2.21607068329973,0.349999999999994,NA,NA,NA,NA,NA,NA,NA,NA,NA,NA,NA,NA,NA
31,"continuous",3,"Mixed linear and rule-based","RuleFit",TRUE,"MSE",1.85735040213681,13.79,NA,70,70,0,1,59,10,0,0,0.0142857142857143,0.842857142857143,0.857142857142857,2.12857142857143
32,"continuous",3,"Mixed linear and rule-based","BRP-GABLE full",TRUE,"MSE",1.83094138248718,22.69,NA,54,48,6,25,29,0,0,0,0.462962962962963,0.537037037037037,1,1.53703703703704
32,"continuous",3,"Mixed linear and rule-based","BRP-GABLE rule-only",TRUE,"MSE",2.03082816413615,22.61,NA,53,53,0,21,32,0,0,0,0.39622641509434,0.60377358490566,1,1.60377358490566
32,"continuous",3,"Mixed linear and rule-based","GABLE",TRUE,"MSE",3.18839408233642,0.530000000000001,NA,5,5,0,4,1,0,0,0,0.8,0.2,1,1.2
32,"continuous",3,"Mixed linear and rule-based","GBM",TRUE,"MSE",1.9433646574162,0.0200000000000102,NA,NA,NA,NA,NA,NA,NA,NA,NA,NA,NA,NA,NA
32,"continuous",3,"Mixed linear and rule-based","Linear",TRUE,"MSE",1.87256013209652,0,NA,20,0,20,20,0,0,0,0,1,0,1,1
32,"continuous",3,"Mixed linear and rule-based","Random forest",TRUE,"MSE",2.45032459469917,0.389999999999986,NA,NA,NA,NA,NA,NA,NA,NA,NA,NA,NA,NA,NA
32,"continuous",3,"Mixed linear and rule-based","RuleFit",TRUE,"MSE",1.90289965815322,13.72,NA,61,61,0,3,53,5,0,0,0.0491803278688525,0.868852459016393,0.918032786885246,2.0327868852459
33,"continuous",3,"Mixed linear and rule-based","BRP-GABLE full",TRUE,"MSE",1.7890037236473,23.72,NA,53,47,6,24,29,0,0,0,0.452830188679245,0.547169811320755,1,1.54716981132075
33,"continuous",3,"Mixed linear and rule-based","BRP-GABLE rule-only",TRUE,"MSE",2.08892369481133,23.71,NA,54,54,0,26,28,0,0,0,0.481481481481481,0.518518518518518,1,1.51851851851852
33,"continuous",3,"Mixed linear and rule-based","GABLE",TRUE,"MSE",2.79170080802068,0.379999999999995,NA,5,5,0,5,0,0,0,0,1,0,1,1
33,"continuous",3,"Mixed linear and rule-based","GBM",TRUE,"MSE",1.90912140220149,0.0100000000000193,NA,NA,NA,NA,NA,NA,NA,NA,NA,NA,NA,NA,NA
33,"continuous",3,"Mixed linear and rule-based","Linear",TRUE,"MSE",1.6909961329458,0,NA,20,0,20,20,0,0,0,0,1,0,1,1
33,"continuous",3,"Mixed linear and rule-based","Random forest",TRUE,"MSE",2.55658122584951,0.5,NA,NA,NA,NA,NA,NA,NA,NA,NA,NA,NA,NA,NA
33,"continuous",3,"Mixed linear and rule-based","RuleFit",TRUE,"MSE",1.91058667452161,13.14,NA,79,79,0,4,51,24,0,0,0.0506329113924051,0.645569620253165,0.69620253164557,2.25316455696203
34,"continuous",3,"Mixed linear and rule-based","BRP-GABLE full",TRUE,"MSE",1.65010648340603,23.35,NA,51,45,6,30,21,0,0,0,0.588235294117647,0.411764705882353,1,1.41176470588235
34,"continuous",3,"Mixed linear and rule-based","BRP-GABLE rule-only",TRUE,"MSE",1.73176804335693,23.45,NA,61,61,0,35,26,0,0,0,0.573770491803279,0.426229508196721,1,1.42622950819672
34,"continuous",3,"Mixed linear and rule-based","GABLE",TRUE,"MSE",2.73649050770433,0.379999999999967,NA,5,5,0,5,0,0,0,0,1,0,1,1
34,"continuous",3,"Mixed linear and rule-based","GBM",TRUE,"MSE",1.80051444554646,0.0200000000000102,NA,NA,NA,NA,NA,NA,NA,NA,NA,NA,NA,NA,NA
34,"continuous",3,"Mixed linear and rule-based","Linear",TRUE,"MSE",1.90530052312683,0,NA,20,0,20,20,0,0,0,0,1,0,1,1
34,"continuous",3,"Mixed linear and rule-based","Random forest",TRUE,"MSE",2.49517550641576,0.340000000000003,NA,NA,NA,NA,NA,NA,NA,NA,NA,NA,NA,NA,NA
34,"continuous",3,"Mixed linear and rule-based","RuleFit",TRUE,"MSE",1.80994675493267,13.81,NA,61,61,0,0,48,13,0,0,0,0.786885245901639,0.786885245901639,2.21311475409836
35,"continuous",3,"Mixed linear and rule-based","BRP-GABLE full",TRUE,"MSE",1.80430784093535,23.54,NA,57,49,8,29,28,0,0,0,0.508771929824561,0.491228070175439,1,1.49122807017544
35,"continuous",3,"Mixed linear and rule-based","BRP-GABLE rule-only",TRUE,"MSE",2.07080462193205,23.48,NA,58,58,0,27,31,0,0,0,0.46551724137931,0.53448275862069,1,1.53448275862069
35,"continuous",3,"Mixed linear and rule-based","GABLE",TRUE,"MSE",2.88605641956279,0.509999999999991,NA,5,5,0,5,0,0,0,0,1,0,1,1
35,"continuous",3,"Mixed linear and rule-based","GBM",TRUE,"MSE",2.0308583981781,0.0100000000000477,NA,NA,NA,NA,NA,NA,NA,NA,NA,NA,NA,NA,NA
35,"continuous",3,"Mixed linear and rule-based","Linear",TRUE,"MSE",1.91907854696454,0.0199999999999818,NA,20,0,20,20,0,0,0,0,1,0,1,1
35,"continuous",3,"Mixed linear and rule-based","Random forest",TRUE,"MSE",2.76996413658288,0.349999999999966,NA,NA,NA,NA,NA,NA,NA,NA,NA,NA,NA,NA,NA
35,"continuous",3,"Mixed linear and rule-based","RuleFit",TRUE,"MSE",1.69971247653141,14.06,NA,71,71,0,2,52,17,0,0,0.028169014084507,0.732394366197183,0.76056338028169,2.2112676056338
36,"continuous",3,"Mixed linear and rule-based","BRP-GABLE full",TRUE,"MSE",1.67354768353626,23.71,NA,49,45,4,27,22,0,0,0,0.551020408163265,0.448979591836735,1,1.44897959183673
36,"continuous",3,"Mixed linear and rule-based","BRP-GABLE rule-only",TRUE,"MSE",1.71246805080182,23.65,NA,44,44,0,22,22,0,0,0,0.5,0.5,1,1.5
36,"continuous",3,"Mixed linear and rule-based","GABLE",TRUE,"MSE",2.48009608760235,0.53000000000003,NA,4,4,0,3,1,0,0,0,0.75,0.25,1,1.25
36,"continuous",3,"Mixed linear and rule-based","GBM",TRUE,"MSE",1.57016617290381,0.00999999999999091,NA,NA,NA,NA,NA,NA,NA,NA,NA,NA,NA,NA,NA
36,"continuous",3,"Mixed linear and rule-based","Linear",TRUE,"MSE",1.71115319101078,0.0199999999999818,NA,20,0,20,20,0,0,0,0,1,0,1,1
36,"continuous",3,"Mixed linear and rule-based","Random forest",TRUE,"MSE",2.19647318256443,0.389999999999986,NA,NA,NA,NA,NA,NA,NA,NA,NA,NA,NA,NA,NA
36,"continuous",3,"Mixed linear and rule-based","RuleFit",TRUE,"MSE",1.36763089779723,13.21,NA,66,66,0,7,49,10,0,0,0.106060606060606,0.742424242424242,0.848484848484849,2.04545454545455
37,"continuous",3,"Mixed linear and rule-based","BRP-GABLE full",TRUE,"MSE",1.45428686639977,23.63,NA,51,44,7,34,17,0,0,0,0.666666666666667,0.333333333333333,1,1.33333333333333
37,"continuous",3,"Mixed linear and rule-based","BRP-GABLE rule-only",TRUE,"MSE",1.69179151221028,23.66,NA,58,58,0,38,20,0,0,0,0.655172413793103,0.344827586206897,1,1.3448275862069
37,"continuous",3,"Mixed linear and rule-based","GABLE",TRUE,"MSE",2.59772226266125,0.539999999999964,NA,5,5,0,5,0,0,0,0,1,0,1,1
37,"continuous",3,"Mixed linear and rule-based","GBM",TRUE,"MSE",1.80662859341851,0.0199999999999818,NA,NA,NA,NA,NA,NA,NA,NA,NA,NA,NA,NA,NA
37,"continuous",3,"Mixed linear and rule-based","Linear",TRUE,"MSE",2.04230322579969,0,NA,20,0,20,20,0,0,0,0,1,0,1,1
37,"continuous",3,"Mixed linear and rule-based","Random forest",TRUE,"MSE",2.40495107937901,0.390000000000043,NA,NA,NA,NA,NA,NA,NA,NA,NA,NA,NA,NA,NA
37,"continuous",3,"Mixed linear and rule-based","RuleFit",TRUE,"MSE",1.71346537958454,14.3,NA,60,60,0,1,48,11,0,0,0.0166666666666667,0.8,0.816666666666667,2.16666666666667
38,"continuous",3,"Mixed linear and rule-based","BRP-GABLE full",TRUE,"MSE",1.61541797861623,23.71,NA,53,47,6,33,20,0,0,0,0.622641509433962,0.377358490566038,1,1.37735849056604
38,"continuous",3,"Mixed linear and rule-based","BRP-GABLE rule-only",TRUE,"MSE",1.83096796974795,23.89,NA,41,41,0,20,21,0,0,0,0.48780487804878,0.51219512195122,1,1.51219512195122
38,"continuous",3,"Mixed linear and rule-based","GABLE",TRUE,"MSE",2.98998401548726,0.519999999999982,NA,5,5,0,4,1,0,0,0,0.8,0.2,1,1.2
38,"continuous",3,"Mixed linear and rule-based","GBM",TRUE,"MSE",1.44543032443845,0.00999999999999091,NA,NA,NA,NA,NA,NA,NA,NA,NA,NA,NA,NA,NA
38,"continuous",3,"Mixed linear and rule-based","Linear",TRUE,"MSE",1.50937776369494,0.0199999999999818,NA,20,0,20,20,0,0,0,0,1,0,1,1
38,"continuous",3,"Mixed linear and rule-based","Random forest",TRUE,"MSE",2.15162542342686,0.390000000000043,NA,NA,NA,NA,NA,NA,NA,NA,NA,NA,NA,NA,NA
38,"continuous",3,"Mixed linear and rule-based","RuleFit",TRUE,"MSE",1.49841942948206,14.31,NA,80,80,0,7,63,10,0,0,0.0875,0.7875,0.875,2.0375
39,"continuous",3,"Mixed linear and rule-based","BRP-GABLE full",TRUE,"MSE",1.95398933820322,23.21,NA,65,58,7,31,34,0,0,0,0.476923076923077,0.523076923076923,1,1.52307692307692
39,"continuous",3,"Mixed linear and rule-based","BRP-GABLE rule-only",TRUE,"MSE",2.02960535349089,23.11,NA,60,60,0,25,35,0,0,0,0.416666666666667,0.583333333333333,1,1.58333333333333
39,"continuous",3,"Mixed linear and rule-based","GABLE",TRUE,"MSE",2.83547944501344,0.5,NA,5,5,0,5,0,0,0,0,1,0,1,1
39,"continuous",3,"Mixed linear and rule-based","GBM",TRUE,"MSE",1.8991737149181,0.0199999999999818,NA,NA,NA,NA,NA,NA,NA,NA,NA,NA,NA,NA,NA
39,"continuous",3,"Mixed linear and rule-based","Linear",TRUE,"MSE",1.88419585261478,0,NA,20,0,20,20,0,0,0,0,1,0,1,1
39,"continuous",3,"Mixed linear and rule-based","Random forest",TRUE,"MSE",2.52390247575534,0.360000000000014,NA,NA,NA,NA,NA,NA,NA,NA,NA,NA,NA,NA,NA
39,"continuous",3,"Mixed linear and rule-based","RuleFit",TRUE,"MSE",1.86624560400529,12.87,NA,48,48,0,1,43,4,0,0,0.0208333333333333,0.895833333333333,0.916666666666667,2.0625
40,"continuous",3,"Mixed linear and rule-based","BRP-GABLE full",TRUE,"MSE",1.4461481917444,23.84,NA,63,52,11,40,23,0,0,0,0.634920634920635,0.365079365079365,1,1.36507936507937
40,"continuous",3,"Mixed linear and rule-based","BRP-GABLE rule-only",TRUE,"MSE",1.57314842100839,23.8200000000001,NA,67,67,0,41,26,0,0,0,0.611940298507463,0.388059701492537,1,1.38805970149254
40,"continuous",3,"Mixed linear and rule-based","GABLE",TRUE,"MSE",2.60793399759401,0.550000000000011,NA,5,5,0,5,0,0,0,0,1,0,1,1
40,"continuous",3,"Mixed linear and rule-based","GBM",TRUE,"MSE",1.48743796392899,0.0199999999999818,NA,NA,NA,NA,NA,NA,NA,NA,NA,NA,NA,NA,NA
40,"continuous",3,"Mixed linear and rule-based","Linear",TRUE,"MSE",1.59781258489095,0.00999999999999091,NA,20,0,20,20,0,0,0,0,1,0,1,1
40,"continuous",3,"Mixed linear and rule-based","Random forest",TRUE,"MSE",2.24157497529841,0.389999999999986,NA,NA,NA,NA,NA,NA,NA,NA,NA,NA,NA,NA,NA
40,"continuous",3,"Mixed linear and rule-based","RuleFit",TRUE,"MSE",1.46060178877797,14.14,NA,55,55,0,1,40,14,0,0,0.0181818181818182,0.727272727272727,0.745454545454545,2.23636363636364
41,"continuous",3,"Mixed linear and rule-based","BRP-GABLE full",TRUE,"MSE",1.9172414042399,24.29,NA,53,45,8,34,19,0,0,0,0.641509433962264,0.358490566037736,1,1.35849056603774
41,"continuous",3,"Mixed linear and rule-based","BRP-GABLE rule-only",TRUE,"MSE",2.08746199067916,24.28,NA,58,58,0,37,21,0,0,0,0.637931034482759,0.362068965517241,1,1.36206896551724
41,"continuous",3,"Mixed linear and rule-based","GABLE",TRUE,"MSE",2.96064760679439,0.509999999999991,NA,5,5,0,4,1,0,0,0,0.8,0.2,1,1.2
41,"continuous",3,"Mixed linear and rule-based","GBM",TRUE,"MSE",1.99145010313347,0.00999999999999091,NA,NA,NA,NA,NA,NA,NA,NA,NA,NA,NA,NA,NA
41,"continuous",3,"Mixed linear and rule-based","Linear",TRUE,"MSE",1.75077730717044,0,NA,20,0,20,20,0,0,0,0,1,0,1,1
41,"continuous",3,"Mixed linear and rule-based","Random forest",TRUE,"MSE",2.54156100357302,0.410000000000025,NA,NA,NA,NA,NA,NA,NA,NA,NA,NA,NA,NA,NA
41,"continuous",3,"Mixed linear and rule-based","RuleFit",TRUE,"MSE",1.85954816622279,13.89,NA,79,79,0,2,65,12,0,0,0.0253164556962025,0.822784810126582,0.848101265822785,2.12658227848101
42,"continuous",3,"Mixed linear and rule-based","BRP-GABLE full",TRUE,"MSE",1.51470250534173,23.36,NA,71,62,9,44,27,0,0,0,0.619718309859155,0.380281690140845,1,1.38028169014085
42,"continuous",3,"Mixed linear and rule-based","BRP-GABLE rule-only",TRUE,"MSE",1.76742337801046,23.32,NA,67,67,0,38,29,0,0,0,0.567164179104478,0.432835820895522,1,1.43283582089552
42,"continuous",3,"Mixed linear and rule-based","GABLE",TRUE,"MSE",2.28268263677719,0.5,NA,5,5,0,5,0,0,0,0,1,0,1,1
42,"continuous",3,"Mixed linear and rule-based","GBM",TRUE,"MSE",1.52841144521755,0.00999999999999091,NA,NA,NA,NA,NA,NA,NA,NA,NA,NA,NA,NA,NA
42,"continuous",3,"Mixed linear and rule-based","Linear",TRUE,"MSE",1.60313379449528,0,NA,20,0,20,20,0,0,0,0,1,0,1,1
42,"continuous",3,"Mixed linear and rule-based","Random forest",TRUE,"MSE",2.23295173248142,0.389999999999986,NA,NA,NA,NA,NA,NA,NA,NA,NA,NA,NA,NA,NA
42,"continuous",3,"Mixed linear and rule-based","RuleFit",TRUE,"MSE",1.60118600778408,13.8,NA,52,52,0,0,44,8,0,0,0,0.846153846153846,0.846153846153846,2.15384615384615
43,"continuous",3,"Mixed linear and rule-based","BRP-GABLE full",TRUE,"MSE",1.80972900127839,23.93,NA,68,59,9,41,27,0,0,0,0.602941176470588,0.397058823529412,1,1.39705882352941
43,"continuous",3,"Mixed linear and rule-based","BRP-GABLE rule-only",TRUE,"MSE",2.03960834456345,23.8699999999999,NA,55,55,0,29,26,0,0,0,0.527272727272727,0.472727272727273,1,1.47272727272727
43,"continuous",3,"Mixed linear and rule-based","GABLE",TRUE,"MSE",2.68286469883375,0.550000000000011,NA,5,5,0,5,0,0,0,0,1,0,1,1
43,"continuous",3,"Mixed linear and rule-based","GBM",TRUE,"MSE",1.86635225581709,0.0299999999999727,NA,NA,NA,NA,NA,NA,NA,NA,NA,NA,NA,NA,NA
43,"continuous",3,"Mixed linear and rule-based","Linear",TRUE,"MSE",2.02388185121506,0,NA,20,0,20,20,0,0,0,0,1,0,1,1
43,"continuous",3,"Mixed linear and rule-based","Random forest",TRUE,"MSE",2.59874461533864,0.370000000000005,NA,NA,NA,NA,NA,NA,NA,NA,NA,NA,NA,NA,NA
43,"continuous",3,"Mixed linear and rule-based","RuleFit",TRUE,"MSE",1.69439216372124,13.19,NA,78,78,0,7,57,14,0,0,0.0897435897435897,0.730769230769231,0.82051282051282,2.08974358974359
44,"continuous",3,"Mixed linear and rule-based","BRP-GABLE full",TRUE,"MSE",2.13023133782377,23.14,NA,45,41,4,19,26,0,0,0,0.422222222222222,0.577777777777778,1,1.57777777777778
44,"continuous",3,"Mixed linear and rule-based","BRP-GABLE rule-only",TRUE,"MSE",2.28736081876033,23.04,NA,39,39,0,13,26,0,0,0,0.333333333333333,0.666666666666667,1,1.66666666666667
44,"continuous",3,"Mixed linear and rule-based","GABLE",TRUE,"MSE",2.96219676192102,0.5,NA,5,5,0,5,0,0,0,0,1,0,1,1
44,"continuous",3,"Mixed linear and rule-based","GBM",TRUE,"MSE",1.85751393591287,0,NA,NA,NA,NA,NA,NA,NA,NA,NA,NA,NA,NA,NA
44,"continuous",3,"Mixed linear and rule-based","Linear",TRUE,"MSE",1.76715272036988,0.0200000000000387,NA,20,0,20,20,0,0,0,0,1,0,1,1
44,"continuous",3,"Mixed linear and rule-based","Random forest",TRUE,"MSE",2.30578638136805,0.349999999999966,NA,NA,NA,NA,NA,NA,NA,NA,NA,NA,NA,NA,NA
44,"continuous",3,"Mixed linear and rule-based","RuleFit",TRUE,"MSE",1.92322168202129,13.04,NA,59,59,0,3,46,10,0,0,0.0508474576271186,0.779661016949153,0.830508474576271,2.11864406779661
45,"continuous",3,"Mixed linear and rule-based","BRP-GABLE full",TRUE,"MSE",1.64778724764503,23.47,NA,42,35,7,27,15,0,0,0,0.642857142857143,0.357142857142857,1,1.35714285714286
45,"continuous",3,"Mixed linear and rule-based","BRP-GABLE rule-only",TRUE,"MSE",1.92547547206235,23.5000000000001,NA,44,44,0,26,18,0,0,0,0.590909090909091,0.409090909090909,1,1.40909090909091
45,"continuous",3,"Mixed linear and rule-based","GABLE",TRUE,"MSE",2.35594284890333,0.449999999999989,NA,5,5,0,5,0,0,0,0,1,0,1,1
45,"continuous",3,"Mixed linear and rule-based","GBM",TRUE,"MSE",1.6799862273879,0.0300000000000296,NA,NA,NA,NA,NA,NA,NA,NA,NA,NA,NA,NA,NA
45,"continuous",3,"Mixed linear and rule-based","Linear",TRUE,"MSE",1.91511261555271,0,NA,20,0,20,20,0,0,0,0,1,0,1,1
45,"continuous",3,"Mixed linear and rule-based","Random forest",TRUE,"MSE",2.4052460089678,0.379999999999995,NA,NA,NA,NA,NA,NA,NA,NA,NA,NA,NA,NA,NA
45,"continuous",3,"Mixed linear and rule-based","RuleFit",TRUE,"MSE",1.56332388058975,13.64,NA,67,67,0,1,52,14,0,0,0.0149253731343284,0.776119402985075,0.791044776119403,2.19402985074627
46,"continuous",3,"Mixed linear and rule-based","BRP-GABLE full",TRUE,"MSE",1.49933942577409,21.22,NA,61,54,7,32,29,0,0,0,0.524590163934426,0.475409836065574,1,1.47540983606557
46,"continuous",3,"Mixed linear and rule-based","BRP-GABLE rule-only",TRUE,"MSE",1.57537533494696,21.17,NA,64,64,0,33,31,0,0,0,0.515625,0.484375,1,1.484375
46,"continuous",3,"Mixed linear and rule-based","GABLE",TRUE,"MSE",2.67612227061039,0.529999999999973,NA,5,5,0,5,0,0,0,0,1,0,1,1
46,"continuous",3,"Mixed linear and rule-based","GBM",TRUE,"MSE",1.56371683194282,0.0200000000000387,NA,NA,NA,NA,NA,NA,NA,NA,NA,NA,NA,NA,NA
46,"continuous",3,"Mixed linear and rule-based","Linear",TRUE,"MSE",1.46937988852242,0,NA,20,0,20,20,0,0,0,0,1,0,1,1
46,"continuous",3,"Mixed linear and rule-based","Random forest",TRUE,"MSE",2.16857910101828,0.389999999999986,NA,NA,NA,NA,NA,NA,NA,NA,NA,NA,NA,NA,NA
46,"continuous",3,"Mixed linear and rule-based","RuleFit",TRUE,"MSE",1.53807565520075,14.17,NA,58,58,0,0,45,13,0,0,0,0.775862068965517,0.775862068965517,2.22413793103448
47,"continuous",3,"Mixed linear and rule-based","BRP-GABLE full",TRUE,"MSE",1.80839038727071,23.24,NA,49,44,5,27,22,0,0,0,0.551020408163265,0.448979591836735,1,1.44897959183673
47,"continuous",3,"Mixed linear and rule-based","BRP-GABLE rule-only",TRUE,"MSE",1.95013349310636,23.27,NA,58,58,0,36,22,0,0,0,0.620689655172414,0.379310344827586,1,1.37931034482759
47,"continuous",3,"Mixed linear and rule-based","GABLE",TRUE,"MSE",2.61599258303715,0.539999999999964,NA,5,5,0,5,0,0,0,0,1,0,1,1
47,"continuous",3,"Mixed linear and rule-based","GBM",TRUE,"MSE",1.95158794337487,0.0199999999999818,NA,NA,NA,NA,NA,NA,NA,NA,NA,NA,NA,NA,NA
47,"continuous",3,"Mixed linear and rule-based","Linear",TRUE,"MSE",1.8215560455914,0.00999999999999091,NA,20,0,20,20,0,0,0,0,1,0,1,1
47,"continuous",3,"Mixed linear and rule-based","Random forest",TRUE,"MSE",2.73482502789255,0.390000000000043,NA,NA,NA,NA,NA,NA,NA,NA,NA,NA,NA,NA,NA
47,"continuous",3,"Mixed linear and rule-based","RuleFit",TRUE,"MSE",1.92409789182394,14.14,NA,77,77,0,2,57,18,0,0,0.025974025974026,0.74025974025974,0.766233766233766,2.20779220779221
48,"continuous",3,"Mixed linear and rule-based","BRP-GABLE full",TRUE,"MSE",1.37294008066648,23.87,NA,53,46,7,37,16,0,0,0,0.69811320754717,0.30188679245283,1,1.30188679245283
48,"continuous",3,"Mixed linear and rule-based","BRP-GABLE rule-only",TRUE,"MSE",1.46541074503159,24.05,NA,54,54,0,37,17,0,0,0,0.685185185185185,0.314814814814815,1,1.31481481481481
48,"continuous",3,"Mixed linear and rule-based","GABLE",TRUE,"MSE",1.99539419352029,0.439999999999998,NA,5,5,0,5,0,0,0,0,1,0,1,1
48,"continuous",3,"Mixed linear and rule-based","GBM",TRUE,"MSE",1.51799443338414,0.0199999999999818,NA,NA,NA,NA,NA,NA,NA,NA,NA,NA,NA,NA,NA
48,"continuous",3,"Mixed linear and rule-based","Linear",TRUE,"MSE",1.78485579307326,0,NA,20,0,20,20,0,0,0,0,1,0,1,1
48,"continuous",3,"Mixed linear and rule-based","Random forest",TRUE,"MSE",2.14594054964927,0.420000000000016,NA,NA,NA,NA,NA,NA,NA,NA,NA,NA,NA,NA,NA
48,"continuous",3,"Mixed linear and rule-based","RuleFit",TRUE,"MSE",1.50000908828098,13.48,NA,62,62,0,2,46,14,0,0,0.032258064516129,0.741935483870968,0.774193548387097,2.19354838709677
49,"continuous",3,"Mixed linear and rule-based","BRP-GABLE full",TRUE,"MSE",1.70851277843901,23.46,NA,43,37,6,21,22,0,0,0,0.488372093023256,0.511627906976744,1,1.51162790697674
49,"continuous",3,"Mixed linear and rule-based","BRP-GABLE rule-only",TRUE,"MSE",1.87023829751885,23.48,NA,51,51,0,28,23,0,0,0,0.549019607843137,0.450980392156863,1,1.45098039215686
49,"continuous",3,"Mixed linear and rule-based","GABLE",TRUE,"MSE",2.4874254786694,0.480000000000018,NA,5,5,0,4,1,0,0,0,0.8,0.2,1,1.2
49,"continuous",3,"Mixed linear and rule-based","GBM",TRUE,"MSE",1.69837036301229,0.0200000000000387,NA,NA,NA,NA,NA,NA,NA,NA,NA,NA,NA,NA,NA
49,"continuous",3,"Mixed linear and rule-based","Linear",TRUE,"MSE",1.7951289356638,0,NA,20,0,20,20,0,0,0,0,1,0,1,1
49,"continuous",3,"Mixed linear and rule-based","Random forest",TRUE,"MSE",2.4119906119756,0.389999999999986,NA,NA,NA,NA,NA,NA,NA,NA,NA,NA,NA,NA,NA
49,"continuous",3,"Mixed linear and rule-based","RuleFit",TRUE,"MSE",1.52567425681529,14.08,NA,66,66,0,0,52,14,0,0,0,0.787878787878788,0.787878787878788,2.21212121212121
50,"continuous",3,"Mixed linear and rule-based","BRP-GABLE full",TRUE,"MSE",1.54937073625555,24.13,NA,59,55,4,38,21,0,0,0,0.644067796610169,0.355932203389831,1,1.35593220338983
50,"continuous",3,"Mixed linear and rule-based","BRP-GABLE rule-only",TRUE,"MSE",1.87406488503386,24.09,NA,61,61,0,40,21,0,0,0,0.655737704918033,0.344262295081967,1,1.34426229508197
50,"continuous",3,"Mixed linear and rule-based","GABLE",TRUE,"MSE",2.36008277293152,0.629999999999995,NA,5,5,0,5,0,0,0,0,1,0,1,1
50,"continuous",3,"Mixed linear and rule-based","GBM",TRUE,"MSE",1.73554395689065,0.0200000000000387,NA,NA,NA,NA,NA,NA,NA,NA,NA,NA,NA,NA,NA
50,"continuous",3,"Mixed linear and rule-based","Linear",TRUE,"MSE",1.63520888333297,0,NA,20,0,20,20,0,0,0,0,1,0,1,1
50,"continuous",3,"Mixed linear and rule-based","Random forest",TRUE,"MSE",2.55547843852783,0.370000000000005,NA,NA,NA,NA,NA,NA,NA,NA,NA,NA,NA,NA,NA
50,"continuous",3,"Mixed linear and rule-based","RuleFit",TRUE,"MSE",1.62130096733477,12.39,NA,53,53,0,0,52,1,0,0,0,0.981132075471698,0.981132075471698,2.0188679245283
51,"continuous",3,"Mixed linear and rule-based","BRP-GABLE full",TRUE,"MSE",1.58636702128783,23.76,NA,53,47,6,30,23,0,0,0,0.566037735849057,0.433962264150943,1,1.43396226415094
51,"continuous",3,"Mixed linear and rule-based","BRP-GABLE rule-only",TRUE,"MSE",1.82870958512728,23.79,NA,52,52,0,29,23,0,0,0,0.557692307692308,0.442307692307692,1,1.44230769230769
51,"continuous",3,"Mixed linear and rule-based","GABLE",TRUE,"MSE",2.3557010758229,0.479999999999961,NA,5,5,0,5,0,0,0,0,1,0,1,1
51,"continuous",3,"Mixed linear and rule-based","GBM",TRUE,"MSE",1.62116945057377,0.0199999999999818,NA,NA,NA,NA,NA,NA,NA,NA,NA,NA,NA,NA,NA
51,"continuous",3,"Mixed linear and rule-based","Linear",TRUE,"MSE",1.57380468212737,0,NA,20,0,20,20,0,0,0,0,1,0,1,1
51,"continuous",3,"Mixed linear and rule-based","Random forest",TRUE,"MSE",2.19123192673246,0.390000000000043,NA,NA,NA,NA,NA,NA,NA,NA,NA,NA,NA,NA,NA
51,"continuous",3,"Mixed linear and rule-based","RuleFit",TRUE,"MSE",1.5440902864623,13.24,NA,79,79,0,8,55,16,0,0,0.10126582278481,0.69620253164557,0.79746835443038,2.10126582278481
52,"continuous",3,"Mixed linear and rule-based","BRP-GABLE full",TRUE,"MSE",1.65561482811113,22.97,NA,57,51,6,33,24,0,0,0,0.578947368421053,0.421052631578947,1,1.42105263157895
52,"continuous",3,"Mixed linear and rule-based","BRP-GABLE rule-only",TRUE,"MSE",1.79016187276248,22.93,NA,63,63,0,38,25,0,0,0,0.603174603174603,0.396825396825397,1,1.3968253968254
52,"continuous",3,"Mixed linear and rule-based","GABLE",TRUE,"MSE",3.10664012984675,0.5,NA,5,5,0,5,0,0,0,0,1,0,1,1
52,"continuous",3,"Mixed linear and rule-based","GBM",TRUE,"MSE",1.83368858901473,0.0200000000000387,NA,NA,NA,NA,NA,NA,NA,NA,NA,NA,NA,NA,NA
52,"continuous",3,"Mixed linear and rule-based","Linear",TRUE,"MSE",1.86657892149992,0,NA,20,0,20,20,0,0,0,0,1,0,1,1
52,"continuous",3,"Mixed linear and rule-based","Random forest",TRUE,"MSE",2.68720319745726,0.370000000000005,NA,NA,NA,NA,NA,NA,NA,NA,NA,NA,NA,NA,NA
52,"continuous",3,"Mixed linear and rule-based","RuleFit",TRUE,"MSE",1.60054877330765,13.6,NA,65,65,0,0,57,8,0,0,0,0.876923076923077,0.876923076923077,2.12307692307692
53,"continuous",3,"Mixed linear and rule-based","BRP-GABLE full",TRUE,"MSE",1.40270637969377,23.1,NA,57,52,5,34,23,0,0,0,0.596491228070175,0.403508771929825,1,1.40350877192982
53,"continuous",3,"Mixed linear and rule-based","BRP-GABLE rule-only",TRUE,"MSE",1.47803633585036,23.08,NA,65,65,0,42,23,0,0,0,0.646153846153846,0.353846153846154,1,1.35384615384615
53,"continuous",3,"Mixed linear and rule-based","GABLE",TRUE,"MSE",2.34654821374181,0.529999999999973,NA,5,5,0,5,0,0,0,0,1,0,1,1
53,"continuous",3,"Mixed linear and rule-based","GBM",TRUE,"MSE",1.46893693745938,0.0100000000000477,NA,NA,NA,NA,NA,NA,NA,NA,NA,NA,NA,NA,NA
53,"continuous",3,"Mixed linear and rule-based","Linear",TRUE,"MSE",1.7003978738276,0,NA,20,0,20,20,0,0,0,0,1,0,1,1
53,"continuous",3,"Mixed linear and rule-based","Random forest",TRUE,"MSE",1.97111002567414,0.379999999999995,NA,NA,NA,NA,NA,NA,NA,NA,NA,NA,NA,NA,NA
53,"continuous",3,"Mixed linear and rule-based","RuleFit",TRUE,"MSE",1.38087568720052,14.47,NA,57,57,0,0,48,9,0,0,0,0.842105263157895,0.842105263157895,2.15789473684211
54,"continuous",3,"Mixed linear and rule-based","BRP-GABLE full",TRUE,"MSE",1.82529475830964,24.13,NA,54,47,7,33,21,0,0,0,0.611111111111111,0.388888888888889,1,1.38888888888889
54,"continuous",3,"Mixed linear and rule-based","BRP-GABLE rule-only",TRUE,"MSE",2.01381553111822,24.22,NA,51,51,0,29,22,0,0,0,0.568627450980392,0.431372549019608,1,1.43137254901961
54,"continuous",3,"Mixed linear and rule-based","GABLE",TRUE,"MSE",2.71594269060275,0.54000000000002,NA,5,5,0,5,0,0,0,0,1,0,1,1
54,"continuous",3,"Mixed linear and rule-based","GBM",TRUE,"MSE",1.84493971926671,0.00999999999999091,NA,NA,NA,NA,NA,NA,NA,NA,NA,NA,NA,NA,NA
54,"continuous",3,"Mixed linear and rule-based","Linear",TRUE,"MSE",1.58841824875121,0,NA,20,0,20,20,0,0,0,0,1,0,1,1
54,"continuous",3,"Mixed linear and rule-based","Random forest",TRUE,"MSE",2.35817663787914,0.360000000000014,NA,NA,NA,NA,NA,NA,NA,NA,NA,NA,NA,NA,NA
54,"continuous",3,"Mixed linear and rule-based","RuleFit",TRUE,"MSE",1.87440450388191,14.72,NA,70,70,0,1,58,11,0,0,0.0142857142857143,0.828571428571429,0.842857142857143,2.14285714285714
55,"continuous",3,"Mixed linear and rule-based","BRP-GABLE full",TRUE,"MSE",1.77472933048957,23.65,NA,64,58,6,41,23,0,0,0,0.640625,0.359375,1,1.359375
55,"continuous",3,"Mixed linear and rule-based","BRP-GABLE rule-only",TRUE,"MSE",1.91824480077369,23.64,NA,65,65,0,39,26,0,0,0,0.6,0.4,1,1.4
55,"continuous",3,"Mixed linear and rule-based","GABLE",TRUE,"MSE",2.56686924731513,0.54000000000002,NA,5,5,0,5,0,0,0,0,1,0,1,1
55,"continuous",3,"Mixed linear and rule-based","GBM",TRUE,"MSE",1.66296622818862,0.00999999999999091,NA,NA,NA,NA,NA,NA,NA,NA,NA,NA,NA,NA,NA
55,"continuous",3,"Mixed linear and rule-based","Linear",TRUE,"MSE",1.70751731019726,0,NA,20,0,20,20,0,0,0,0,1,0,1,1
55,"continuous",3,"Mixed linear and rule-based","Random forest",TRUE,"MSE",2.07310165750373,0.409999999999968,NA,NA,NA,NA,NA,NA,NA,NA,NA,NA,NA,NA,NA
55,"continuous",3,"Mixed linear and rule-based","RuleFit",TRUE,"MSE",1.81373052322828,14.29,NA,49,49,0,0,40,9,0,0,0,0.816326530612245,0.816326530612245,2.18367346938776
56,"continuous",3,"Mixed linear and rule-based","BRP-GABLE full",TRUE,"MSE",1.83117213634648,23.66,NA,38,31,7,17,21,0,0,0,0.447368421052632,0.552631578947368,1,1.55263157894737
56,"continuous",3,"Mixed linear and rule-based","BRP-GABLE rule-only",TRUE,"MSE",1.8681685786026,23.63,NA,48,48,0,24,24,0,0,0,0.5,0.5,1,1.5
56,"continuous",3,"Mixed linear and rule-based","GABLE",TRUE,"MSE",2.82285923845856,0.54000000000002,NA,5,5,0,5,0,0,0,0,1,0,1,1
56,"continuous",3,"Mixed linear and rule-based","GBM",TRUE,"MSE",1.85697188002122,0.00999999999999091,NA,NA,NA,NA,NA,NA,NA,NA,NA,NA,NA,NA,NA
56,"continuous",3,"Mixed linear and rule-based","Linear",TRUE,"MSE",1.85345608443512,0.0199999999999818,NA,20,0,20,20,0,0,0,0,1,0,1,1
56,"continuous",3,"Mixed linear and rule-based","Random forest",TRUE,"MSE",2.55325100537134,0.389999999999986,NA,NA,NA,NA,NA,NA,NA,NA,NA,NA,NA,NA,NA
56,"continuous",3,"Mixed linear and rule-based","RuleFit",TRUE,"MSE",1.56212088827203,12.68,NA,69,69,0,4,46,19,0,0,0.0579710144927536,0.666666666666667,0.72463768115942,2.21739130434783
57,"continuous",3,"Mixed linear and rule-based","BRP-GABLE full",TRUE,"MSE",1.65413016132942,23.96,NA,52,46,6,34,18,0,0,0,0.653846153846154,0.346153846153846,1,1.34615384615385
57,"continuous",3,"Mixed linear and rule-based","BRP-GABLE rule-only",TRUE,"MSE",1.71316396974021,23.83,NA,53,53,0,33,20,0,0,0,0.622641509433962,0.377358490566038,1,1.37735849056604
57,"continuous",3,"Mixed linear and rule-based","GABLE",TRUE,"MSE",2.40024391159599,0.480000000000018,NA,4,4,0,3,1,0,0,0,0.75,0.25,1,1.25
57,"continuous",3,"Mixed linear and rule-based","GBM",TRUE,"MSE",1.4946750136395,0.0199999999999818,NA,NA,NA,NA,NA,NA,NA,NA,NA,NA,NA,NA,NA
57,"continuous",3,"Mixed linear and rule-based","Linear",TRUE,"MSE",1.81727083795496,0,NA,20,0,20,20,0,0,0,0,1,0,1,1
57,"continuous",3,"Mixed linear and rule-based","Random forest",TRUE,"MSE",2.20260613267854,0.389999999999986,NA,NA,NA,NA,NA,NA,NA,NA,NA,NA,NA,NA,NA
57,"continuous",3,"Mixed linear and rule-based","RuleFit",TRUE,"MSE",1.53998624602265,13.75,NA,68,68,0,3,51,14,0,0,0.0441176470588235,0.75,0.794117647058823,2.16176470588235
58,"continuous",3,"Mixed linear and rule-based","BRP-GABLE full",TRUE,"MSE",1.88106870203365,22.48,NA,62,57,5,34,28,0,0,0,0.548387096774194,0.451612903225806,1,1.45161290322581
58,"continuous",3,"Mixed linear and rule-based","BRP-GABLE rule-only",TRUE,"MSE",1.92649125826274,22.55,NA,64,64,0,34,30,0,0,0,0.53125,0.46875,1,1.46875
58,"continuous",3,"Mixed linear and rule-based","GABLE",TRUE,"MSE",3.29988249711331,0.439999999999998,NA,5,5,0,5,0,0,0,0,1,0,1,1
58,"continuous",3,"Mixed linear and rule-based","GBM",TRUE,"MSE",2.10125972080837,0.0199999999999818,NA,NA,NA,NA,NA,NA,NA,NA,NA,NA,NA,NA,NA
58,"continuous",3,"Mixed linear and rule-based","Linear",TRUE,"MSE",1.69806975528315,0,NA,20,0,20,20,0,0,0,0,1,0,1,1
58,"continuous",3,"Mixed linear and rule-based","Random forest",TRUE,"MSE",2.80585077349924,0.370000000000005,NA,NA,NA,NA,NA,NA,NA,NA,NA,NA,NA,NA,NA
58,"continuous",3,"Mixed linear and rule-based","RuleFit",TRUE,"MSE",1.96960367130528,12.94,NA,66,66,0,1,57,8,0,0,0.0151515151515152,0.863636363636364,0.878787878787879,2.10606060606061
59,"continuous",3,"Mixed linear and rule-based","BRP-GABLE full",TRUE,"MSE",1.53589792921956,23.47,NA,58,52,6,37,21,0,0,0,0.637931034482759,0.362068965517241,1,1.36206896551724
59,"continuous",3,"Mixed linear and rule-based","BRP-GABLE rule-only",TRUE,"MSE",1.62207539273045,23.46,NA,60,60,0,37,23,0,0,0,0.616666666666667,0.383333333333333,1,1.38333333333333
59,"continuous",3,"Mixed linear and rule-based","GABLE",TRUE,"MSE",2.51880595644225,0.509999999999991,NA,5,5,0,5,0,0,0,0,1,0,1,1
59,"continuous",3,"Mixed linear and rule-based","GBM",TRUE,"MSE",1.51732702293006,0.0200000000000387,NA,NA,NA,NA,NA,NA,NA,NA,NA,NA,NA,NA,NA
59,"continuous",3,"Mixed linear and rule-based","Linear",TRUE,"MSE",1.53780488864768,0.00999999999999091,NA,20,0,20,20,0,0,0,0,1,0,1,1
59,"continuous",3,"Mixed linear and rule-based","Random forest",TRUE,"MSE",2.02328964384544,0.389999999999986,NA,NA,NA,NA,NA,NA,NA,NA,NA,NA,NA,NA,NA
59,"continuous",3,"Mixed linear and rule-based","RuleFit",TRUE,"MSE",1.36009981589475,14.16,NA,61,61,0,2,44,15,0,0,0.0327868852459016,0.721311475409836,0.754098360655738,2.21311475409836
60,"continuous",3,"Mixed linear and rule-based","BRP-GABLE full",TRUE,"MSE",2.04348984799628,23.61,NA,55,53,2,23,32,0,0,0,0.418181818181818,0.581818181818182,1,1.58181818181818
60,"continuous",3,"Mixed linear and rule-based","BRP-GABLE rule-only",TRUE,"MSE",1.97897562907383,23.52,NA,58,58,0,27,31,0,0,0,0.46551724137931,0.53448275862069,1,1.53448275862069
60,"continuous",3,"Mixed linear and rule-based","GABLE",TRUE,"MSE",2.80713974868992,0.419999999999959,NA,5,5,0,4,1,0,0,0,0.8,0.2,1,1.2
60,"continuous",3,"Mixed linear and rule-based","GBM",TRUE,"MSE",1.79291904257118,0.0199999999999818,NA,NA,NA,NA,NA,NA,NA,NA,NA,NA,NA,NA,NA
60,"continuous",3,"Mixed linear and rule-based","Linear",TRUE,"MSE",1.76596521211866,0.00999999999999091,NA,20,0,20,20,0,0,0,0,1,0,1,1
60,"continuous",3,"Mixed linear and rule-based","Random forest",TRUE,"MSE",2.45672194208327,0.390000000000043,NA,NA,NA,NA,NA,NA,NA,NA,NA,NA,NA,NA,NA
60,"continuous",3,"Mixed linear and rule-based","RuleFit",TRUE,"MSE",1.7734522775934,12.8,NA,78,78,0,6,58,14,0,0,0.0769230769230769,0.743589743589744,0.82051282051282,2.1025641025641
61,"continuous",3,"Mixed linear and rule-based","BRP-GABLE full",TRUE,"MSE",1.74389238883942,23.03,NA,45,41,4,20,25,0,0,0,0.444444444444444,0.555555555555556,1,1.55555555555556
61,"continuous",3,"Mixed linear and rule-based","BRP-GABLE rule-only",TRUE,"MSE",2.03194234218131,23.0600000000001,NA,33,33,0,10,23,0,0,0,0.303030303030303,0.696969696969697,1,1.6969696969697
61,"continuous",3,"Mixed linear and rule-based","GABLE",TRUE,"MSE",2.70476307153503,0.529999999999973,NA,5,5,0,5,0,0,0,0,1,0,1,1
61,"continuous",3,"Mixed linear and rule-based","GBM",TRUE,"MSE",1.55772643119824,0.0200000000000387,NA,NA,NA,NA,NA,NA,NA,NA,NA,NA,NA,NA,NA
61,"continuous",3,"Mixed linear and rule-based","Linear",TRUE,"MSE",1.63765183523106,0,NA,20,0,20,20,0,0,0,0,1,0,1,1
61,"continuous",3,"Mixed linear and rule-based","Random forest",TRUE,"MSE",2.23770498229556,0.389999999999986,NA,NA,NA,NA,NA,NA,NA,NA,NA,NA,NA,NA,NA
61,"continuous",3,"Mixed linear and rule-based","RuleFit",TRUE,"MSE",1.71030153983683,13.62,NA,53,53,0,0,46,7,0,0,0,0.867924528301887,0.867924528301887,2.13207547169811
62,"continuous",3,"Mixed linear and rule-based","BRP-GABLE full",TRUE,"MSE",1.49898591656575,23.22,NA,55,49,6,27,28,0,0,0,0.490909090909091,0.509090909090909,1,1.50909090909091
62,"continuous",3,"Mixed linear and rule-based","BRP-GABLE rule-only",TRUE,"MSE",1.7758121381393,23.22,NA,62,62,0,34,28,0,0,0,0.548387096774194,0.451612903225806,1,1.45161290322581
62,"continuous",3,"Mixed linear and rule-based","GABLE",TRUE,"MSE",2.75134947280256,0.529999999999973,NA,5,5,0,5,0,0,0,0,1,0,1,1
62,"continuous",3,"Mixed linear and rule-based","GBM",TRUE,"MSE",1.6311473126297,0.0299999999999727,NA,NA,NA,NA,NA,NA,NA,NA,NA,NA,NA,NA,NA
62,"continuous",3,"Mixed linear and rule-based","Linear",TRUE,"MSE",1.63834530494762,0,NA,20,0,20,20,0,0,0,0,1,0,1,1
62,"continuous",3,"Mixed linear and rule-based","Random forest",TRUE,"MSE",2.20671598143027,0.360000000000014,NA,NA,NA,NA,NA,NA,NA,NA,NA,NA,NA,NA,NA
62,"continuous",3,"Mixed linear and rule-based","RuleFit",TRUE,"MSE",1.70249047791138,13.91,NA,74,74,0,6,56,12,0,0,0.0810810810810811,0.756756756756757,0.837837837837838,2.08108108108108
63,"continuous",3,"Mixed linear and rule-based","BRP-GABLE full",TRUE,"MSE",1.62717438017464,23.64,NA,44,39,5,22,22,0,0,0,0.5,0.5,1,1.5
63,"continuous",3,"Mixed linear and rule-based","BRP-GABLE rule-only",TRUE,"MSE",1.75855587086877,23.56,NA,58,58,0,35,23,0,0,0,0.603448275862069,0.396551724137931,1,1.39655172413793
63,"continuous",3,"Mixed linear and rule-based","GABLE",TRUE,"MSE",2.1399881648502,0.549999999999955,NA,5,5,0,5,0,0,0,0,1,0,1,1
63,"continuous",3,"Mixed linear and rule-based","GBM",TRUE,"MSE",1.46647517422192,0.0100000000000477,NA,NA,NA,NA,NA,NA,NA,NA,NA,NA,NA,NA,NA
63,"continuous",3,"Mixed linear and rule-based","Linear",TRUE,"MSE",1.6505395871876,0.0199999999999818,NA,20,0,20,20,0,0,0,0,1,0,1,1
63,"continuous",3,"Mixed linear and rule-based","Random forest",TRUE,"MSE",2.28563494402415,0.379999999999995,NA,NA,NA,NA,NA,NA,NA,NA,NA,NA,NA,NA,NA
63,"continuous",3,"Mixed linear and rule-based","RuleFit",TRUE,"MSE",1.5433849602405,13.28,NA,56,56,0,1,48,7,0,0,0.0178571428571429,0.857142857142857,0.875,2.10714285714286
64,"continuous",3,"Mixed linear and rule-based","BRP-GABLE full",TRUE,"MSE",1.83210525421376,23.36,NA,69,62,7,45,24,0,0,0,0.652173913043478,0.347826086956522,1,1.34782608695652
64,"continuous",3,"Mixed linear and rule-based","BRP-GABLE rule-only",TRUE,"MSE",2.06659487931984,23.33,NA,70,70,0,43,27,0,0,0,0.614285714285714,0.385714285714286,1,1.38571428571429
64,"continuous",3,"Mixed linear and rule-based","GABLE",TRUE,"MSE",2.83159660056795,0.519999999999982,NA,5,5,0,5,0,0,0,0,1,0,1,1
64,"continuous",3,"Mixed linear and rule-based","GBM",TRUE,"MSE",2.02806124569271,0.0199999999999818,NA,NA,NA,NA,NA,NA,NA,NA,NA,NA,NA,NA,NA
64,"continuous",3,"Mixed linear and rule-based","Linear",TRUE,"MSE",1.77711394820778,0.0100000000000477,NA,20,0,20,20,0,0,0,0,1,0,1,1
64,"continuous",3,"Mixed linear and rule-based","Random forest",TRUE,"MSE",2.84751130862713,0.389999999999986,NA,NA,NA,NA,NA,NA,NA,NA,NA,NA,NA,NA,NA
64,"continuous",3,"Mixed linear and rule-based","RuleFit",TRUE,"MSE",1.87932492605095,12.67,NA,58,58,0,3,44,11,0,0,0.0517241379310345,0.758620689655172,0.810344827586207,2.13793103448276
65,"continuous",3,"Mixed linear and rule-based","BRP-GABLE full",TRUE,"MSE",1.87702892780985,22.03,NA,46,39,7,17,29,0,0,0,0.369565217391304,0.630434782608696,1,1.6304347826087
65,"continuous",3,"Mixed linear and rule-based","BRP-GABLE rule-only",TRUE,"MSE",2.00175704764605,21.97,NA,47,47,0,16,31,0,0,0,0.340425531914894,0.659574468085106,1,1.65957446808511
65,"continuous",3,"Mixed linear and rule-based","GABLE",TRUE,"MSE",3.05508959432328,0.439999999999998,NA,5,5,0,4,1,0,0,0,0.8,0.2,1,1.2
65,"continuous",3,"Mixed linear and rule-based","GBM",TRUE,"MSE",1.85288673261068,0.0199999999999818,NA,NA,NA,NA,NA,NA,NA,NA,NA,NA,NA,NA,NA
65,"continuous",3,"Mixed linear and rule-based","Linear",TRUE,"MSE",1.83658760269053,0.00999999999999091,NA,20,0,20,20,0,0,0,0,1,0,1,1
65,"continuous",3,"Mixed linear and rule-based","Random forest",TRUE,"MSE",2.63050386753326,0.389999999999986,NA,NA,NA,NA,NA,NA,NA,NA,NA,NA,NA,NA,NA
65,"continuous",3,"Mixed linear and rule-based","RuleFit",TRUE,"MSE",1.85184865118109,13.75,NA,60,60,0,1,48,11,0,0,0.0166666666666667,0.8,0.816666666666667,2.16666666666667
66,"continuous",3,"Mixed linear and rule-based","BRP-GABLE full",TRUE,"MSE",1.7757898894554,23.14,NA,52,46,6,30,22,0,0,0,0.576923076923077,0.423076923076923,1,1.42307692307692
66,"continuous",3,"Mixed linear and rule-based","BRP-GABLE rule-only",TRUE,"MSE",1.99698983980282,23.16,NA,55,55,0,29,26,0,0,0,0.527272727272727,0.472727272727273,1,1.47272727272727
66,"continuous",3,"Mixed linear and rule-based","GABLE",TRUE,"MSE",2.94124946035986,0.5,NA,5,5,0,5,0,0,0,0,1,0,1,1
66,"continuous",3,"Mixed linear and rule-based","GBM",TRUE,"MSE",1.76719621095706,0.0199999999999818,NA,NA,NA,NA,NA,NA,NA,NA,NA,NA,NA,NA,NA
66,"continuous",3,"Mixed linear and rule-based","Linear",TRUE,"MSE",1.42004483204356,0,NA,20,0,20,20,0,0,0,0,1,0,1,1
66,"continuous",3,"Mixed linear and rule-based","Random forest",TRUE,"MSE",2.32098427343858,0.389999999999986,NA,NA,NA,NA,NA,NA,NA,NA,NA,NA,NA,NA,NA
66,"continuous",3,"Mixed linear and rule-based","RuleFit",TRUE,"MSE",1.65012894445049,12.94,NA,68,68,0,5,53,10,0,0,0.0735294117647059,0.779411764705882,0.852941176470588,2.07352941176471
67,"continuous",3,"Mixed linear and rule-based","BRP-GABLE full",TRUE,"MSE",1.58881366275289,23.6800000000001,NA,52,46,6,29,23,0,0,0,0.557692307692308,0.442307692307692,1,1.44230769230769
67,"continuous",3,"Mixed linear and rule-based","BRP-GABLE rule-only",TRUE,"MSE",1.61820138964291,23.7,NA,52,52,0,29,23,0,0,0,0.557692307692308,0.442307692307692,1,1.44230769230769
67,"continuous",3,"Mixed linear and rule-based","GABLE",TRUE,"MSE",2.57398772134118,0.489999999999952,NA,5,5,0,5,0,0,0,0,1,0,1,1
67,"continuous",3,"Mixed linear and rule-based","GBM",TRUE,"MSE",1.71837563377431,0.00999999999999091,NA,NA,NA,NA,NA,NA,NA,NA,NA,NA,NA,NA,NA
67,"continuous",3,"Mixed linear and rule-based","Linear",TRUE,"MSE",1.94900692994904,0.0199999999999818,NA,20,0,20,20,0,0,0,0,1,0,1,1
67,"continuous",3,"Mixed linear and rule-based","Random forest",TRUE,"MSE",2.44681940095533,0.390000000000043,NA,NA,NA,NA,NA,NA,NA,NA,NA,NA,NA,NA,NA
67,"continuous",3,"Mixed linear and rule-based","RuleFit",TRUE,"MSE",1.718222635766,14.28,NA,62,62,0,0,48,14,0,0,0,0.774193548387097,0.774193548387097,2.2258064516129
68,"continuous",3,"Mixed linear and rule-based","BRP-GABLE full",TRUE,"MSE",1.9057135398405,23.13,NA,43,41,2,20,23,0,0,0,0.465116279069767,0.534883720930233,1,1.53488372093023
68,"continuous",3,"Mixed linear and rule-based","BRP-GABLE rule-only",TRUE,"MSE",2.00929276465119,23.1900000000001,NA,43,43,0,20,23,0,0,0,0.465116279069767,0.534883720930233,1,1.53488372093023
68,"continuous",3,"Mixed linear and rule-based","GABLE",TRUE,"MSE",2.58232406663315,0.539999999999964,NA,5,5,0,5,0,0,0,0,1,0,1,1
68,"continuous",3,"Mixed linear and rule-based","GBM",TRUE,"MSE",1.88960409414991,0.0199999999999818,NA,NA,NA,NA,NA,NA,NA,NA,NA,NA,NA,NA,NA
68,"continuous",3,"Mixed linear and rule-based","Linear",TRUE,"MSE",1.89454338591319,0.0200000000000387,NA,20,0,20,20,0,0,0,0,1,0,1,1
68,"continuous",3,"Mixed linear and rule-based","Random forest",TRUE,"MSE",2.70052269754633,0.350000000000023,NA,NA,NA,NA,NA,NA,NA,NA,NA,NA,NA,NA,NA
68,"continuous",3,"Mixed linear and rule-based","RuleFit",TRUE,"MSE",1.8209689191925,13.03,NA,56,56,0,2,42,12,0,0,0.0357142857142857,0.75,0.785714285714286,2.17857142857143
69,"continuous",3,"Mixed linear and rule-based","BRP-GABLE full",TRUE,"MSE",1.58265310209753,23.3899999999999,NA,54,49,5,23,31,0,0,0,0.425925925925926,0.574074074074074,1,1.57407407407407
69,"continuous",3,"Mixed linear and rule-based","BRP-GABLE rule-only",TRUE,"MSE",1.64224170557247,23.43,NA,56,56,0,24,32,0,0,0,0.428571428571429,0.571428571428571,1,1.57142857142857
69,"continuous",3,"Mixed linear and rule-based","GABLE",TRUE,"MSE",2.7075405741697,0.529999999999973,NA,5,5,0,4,1,0,0,0,0.8,0.2,1,1.2
69,"continuous",3,"Mixed linear and rule-based","GBM",TRUE,"MSE",1.5017417590046,0.0199999999999818,NA,NA,NA,NA,NA,NA,NA,NA,NA,NA,NA,NA,NA
69,"continuous",3,"Mixed linear and rule-based","Linear",TRUE,"MSE",1.6700153304366,0,NA,20,0,20,20,0,0,0,0,1,0,1,1
69,"continuous",3,"Mixed linear and rule-based","Random forest",TRUE,"MSE",2.25418978774843,0.3900000000001,NA,NA,NA,NA,NA,NA,NA,NA,NA,NA,NA,NA,NA
69,"continuous",3,"Mixed linear and rule-based","RuleFit",TRUE,"MSE",1.54153195618066,12.92,NA,72,72,0,3,51,18,0,0,0.0416666666666667,0.708333333333333,0.75,2.20833333333333
70,"continuous",3,"Mixed linear and rule-based","BRP-GABLE full",TRUE,"MSE",1.95347932009829,23.66,NA,50,44,6,31,19,0,0,0,0.62,0.38,1,1.38
70,"continuous",3,"Mixed linear and rule-based","BRP-GABLE rule-only",TRUE,"MSE",2.10005382437706,23.57,NA,53,53,0,34,19,0,0,0,0.641509433962264,0.358490566037736,1,1.35849056603774
70,"continuous",3,"Mixed linear and rule-based","GABLE",TRUE,"MSE",2.93983052043955,0.479999999999905,NA,5,5,0,5,0,0,0,0,1,0,1,1
70,"continuous",3,"Mixed linear and rule-based","GBM",TRUE,"MSE",1.7517639766323,0.0199999999999818,NA,NA,NA,NA,NA,NA,NA,NA,NA,NA,NA,NA,NA
70,"continuous",3,"Mixed linear and rule-based","Linear",TRUE,"MSE",1.36881493340207,0.00999999999999091,NA,20,0,20,20,0,0,0,0,1,0,1,1
70,"continuous",3,"Mixed linear and rule-based","Random forest",TRUE,"MSE",2.02913929308184,0.3900000000001,NA,NA,NA,NA,NA,NA,NA,NA,NA,NA,NA,NA,NA
70,"continuous",3,"Mixed linear and rule-based","RuleFit",TRUE,"MSE",1.88560681174239,13.83,NA,71,71,0,2,61,8,0,0,0.028169014084507,0.859154929577465,0.887323943661972,2.08450704225352
71,"continuous",3,"Mixed linear and rule-based","BRP-GABLE full",TRUE,"MSE",1.53247323105436,23.54,NA,64,58,6,38,26,0,0,0,0.59375,0.40625,1,1.40625
71,"continuous",3,"Mixed linear and rule-based","BRP-GABLE rule-only",TRUE,"MSE",1.62127944956769,23.4400000000001,NA,62,62,0,37,25,0,0,0,0.596774193548387,0.403225806451613,1,1.40322580645161
71,"continuous",3,"Mixed linear and rule-based","GABLE",TRUE,"MSE",2.37016048161047,0.509999999999991,NA,5,5,0,5,0,0,0,0,1,0,1,1
71,"continuous",3,"Mixed linear and rule-based","GBM",TRUE,"MSE",1.6441104247203,0.0199999999999818,NA,NA,NA,NA,NA,NA,NA,NA,NA,NA,NA,NA,NA
71,"continuous",3,"Mixed linear and rule-based","Linear",TRUE,"MSE",1.62584964694108,0,NA,20,0,20,20,0,0,0,0,1,0,1,1
71,"continuous",3,"Mixed linear and rule-based","Random forest",TRUE,"MSE",2.25738364466147,0.360000000000014,NA,NA,NA,NA,NA,NA,NA,NA,NA,NA,NA,NA,NA
71,"continuous",3,"Mixed linear and rule-based","RuleFit",TRUE,"MSE",1.75277552960866,12.98,NA,56,56,0,5,43,8,0,0,0.0892857142857143,0.767857142857143,0.857142857142857,2.05357142857143
72,"continuous",3,"Mixed linear and rule-based","BRP-GABLE full",TRUE,"MSE",1.7364995158217,23.2,NA,53,49,4,26,27,0,0,0,0.490566037735849,0.509433962264151,1,1.50943396226415
72,"continuous",3,"Mixed linear and rule-based","BRP-GABLE rule-only",TRUE,"MSE",1.74929987612196,23.16,NA,58,58,0,31,27,0,0,0,0.53448275862069,0.46551724137931,1,1.46551724137931
72,"continuous",3,"Mixed linear and rule-based","GABLE",TRUE,"MSE",3.09418781555529,0.5,NA,5,5,0,3,2,0,0,0,0.6,0.4,1,1.4
72,"continuous",3,"Mixed linear and rule-based","GBM",TRUE,"MSE",1.79175320391587,0.0100000000001046,NA,NA,NA,NA,NA,NA,NA,NA,NA,NA,NA,NA,NA
72,"continuous",3,"Mixed linear and rule-based","Linear",TRUE,"MSE",1.78482999316053,0,NA,20,0,20,20,0,0,0,0,1,0,1,1
72,"continuous",3,"Mixed linear and rule-based","Random forest",TRUE,"MSE",2.34989771727585,0.389999999999986,NA,NA,NA,NA,NA,NA,NA,NA,NA,NA,NA,NA,NA
72,"continuous",3,"Mixed linear and rule-based","RuleFit",TRUE,"MSE",1.77961875689255,13.9699999999999,NA,54,54,0,0,47,7,0,0,0,0.87037037037037,0.87037037037037,2.12962962962963
73,"continuous",3,"Mixed linear and rule-based","BRP-GABLE full",TRUE,"MSE",1.45399089518837,23.6800000000001,NA,55,49,6,28,27,0,0,0,0.509090909090909,0.490909090909091,1,1.49090909090909
73,"continuous",3,"Mixed linear and rule-based","BRP-GABLE rule-only",TRUE,"MSE",1.86270199244648,23.71,NA,55,55,0,25,30,0,0,0,0.454545454545455,0.545454545454545,1,1.54545454545455
73,"continuous",3,"Mixed linear and rule-based","GABLE",TRUE,"MSE",2.92254308234273,0.489999999999895,NA,5,5,0,5,0,0,0,0,1,0,1,1
73,"continuous",3,"Mixed linear and rule-based","GBM",TRUE,"MSE",1.7856343716785,0.0199999999999818,NA,NA,NA,NA,NA,NA,NA,NA,NA,NA,NA,NA,NA
73,"continuous",3,"Mixed linear and rule-based","Linear",TRUE,"MSE",1.80879706929099,0,NA,20,0,20,20,0,0,0,0,1,0,1,1
73,"continuous",3,"Mixed linear and rule-based","Random forest",TRUE,"MSE",2.35389655876402,0.400000000000091,NA,NA,NA,NA,NA,NA,NA,NA,NA,NA,NA,NA,NA
73,"continuous",3,"Mixed linear and rule-based","RuleFit",TRUE,"MSE",1.76958003532786,13.34,NA,61,61,0,1,45,15,0,0,0.0163934426229508,0.737704918032787,0.754098360655738,2.22950819672131
74,"continuous",3,"Mixed linear and rule-based","BRP-GABLE full",TRUE,"MSE",1.49991655942231,22.7099999999999,NA,53,45,8,30,23,0,0,0,0.566037735849057,0.433962264150943,1,1.43396226415094
74,"continuous",3,"Mixed linear and rule-based","BRP-GABLE rule-only",TRUE,"MSE",1.67494409971618,22.7199999999999,NA,61,61,0,35,26,0,0,0,0.573770491803279,0.426229508196721,1,1.42622950819672
74,"continuous",3,"Mixed linear and rule-based","GABLE",TRUE,"MSE",2.60322816713954,0.529999999999973,NA,5,5,0,5,0,0,0,0,1,0,1,1
74,"continuous",3,"Mixed linear and rule-based","GBM",TRUE,"MSE",1.83970096472217,0.00999999999999091,NA,NA,NA,NA,NA,NA,NA,NA,NA,NA,NA,NA,NA
74,"continuous",3,"Mixed linear and rule-based","Linear",TRUE,"MSE",1.82412072689423,0,NA,20,0,20,20,0,0,0,0,1,0,1,1
74,"continuous",3,"Mixed linear and rule-based","Random forest",TRUE,"MSE",2.5230290719547,0.360000000000014,NA,NA,NA,NA,NA,NA,NA,NA,NA,NA,NA,NA,NA
74,"continuous",3,"Mixed linear and rule-based","RuleFit",TRUE,"MSE",1.45528332861095,14.1600000000001,NA,69,69,0,2,58,9,0,0,0.0289855072463768,0.840579710144927,0.869565217391304,2.10144927536232
75,"continuous",3,"Mixed linear and rule-based","BRP-GABLE full",TRUE,"MSE",1.44561943579408,23.41,NA,70,62,8,45,25,0,0,0,0.642857142857143,0.357142857142857,1,1.35714285714286
75,"continuous",3,"Mixed linear and rule-based","BRP-GABLE rule-only",TRUE,"MSE",1.57756314327082,23.4300000000001,NA,69,69,0,43,26,0,0,0,0.623188405797101,0.376811594202899,1,1.3768115942029
75,"continuous",3,"Mixed linear and rule-based","GABLE",TRUE,"MSE",2.43089127695056,0.519999999999982,NA,5,5,0,5,0,0,0,0,1,0,1,1
75,"continuous",3,"Mixed linear and rule-based","GBM",TRUE,"MSE",1.78180150532673,0.0199999999999818,NA,NA,NA,NA,NA,NA,NA,NA,NA,NA,NA,NA,NA
75,"continuous",3,"Mixed linear and rule-based","Linear",TRUE,"MSE",1.78639332571565,0,NA,20,0,20,20,0,0,0,0,1,0,1,1
75,"continuous",3,"Mixed linear and rule-based","Random forest",TRUE,"MSE",2.46612477528804,0.400000000000091,NA,NA,NA,NA,NA,NA,NA,NA,NA,NA,NA,NA,NA
75,"continuous",3,"Mixed linear and rule-based","RuleFit",TRUE,"MSE",1.53097966737258,12.7199999999999,NA,60,60,0,4,53,3,0,0,0.0666666666666667,0.883333333333333,0.95,1.98333333333333
76,"continuous",3,"Mixed linear and rule-based","BRP-GABLE full",TRUE,"MSE",1.61652288445907,23.6,NA,68,60,8,41,27,0,0,0,0.602941176470588,0.397058823529412,1,1.39705882352941
76,"continuous",3,"Mixed linear and rule-based","BRP-GABLE rule-only",TRUE,"MSE",1.67491170747616,23.5799999999999,NA,76,76,0,50,26,0,0,0,0.657894736842105,0.342105263157895,1,1.34210526315789
76,"continuous",3,"Mixed linear and rule-based","GABLE",TRUE,"MSE",2.54588043588559,0.509999999999991,NA,5,5,0,5,0,0,0,0,1,0,1,1
76,"continuous",3,"Mixed linear and rule-based","GBM",TRUE,"MSE",1.5405424329053,0.0199999999999818,NA,NA,NA,NA,NA,NA,NA,NA,NA,NA,NA,NA,NA
76,"continuous",3,"Mixed linear and rule-based","Linear",TRUE,"MSE",1.51669565679625,0,NA,20,0,20,20,0,0,0,0,1,0,1,1
76,"continuous",3,"Mixed linear and rule-based","Random forest",TRUE,"MSE",2.28576235995952,0.370000000000005,NA,NA,NA,NA,NA,NA,NA,NA,NA,NA,NA,NA,NA
76,"continuous",3,"Mixed linear and rule-based","RuleFit",TRUE,"MSE",1.51075425609462,12.3000000000001,NA,55,55,0,3,43,9,0,0,0.0545454545454545,0.781818181818182,0.836363636363636,2.10909090909091
77,"continuous",3,"Mixed linear and rule-based","BRP-GABLE full",TRUE,"MSE",1.64080998944744,22.74,NA,69,61,8,47,22,0,0,0,0.681159420289855,0.318840579710145,1,1.31884057971015
77,"continuous",3,"Mixed linear and rule-based","BRP-GABLE rule-only",TRUE,"MSE",1.81436399319042,22.77,NA,57,57,0,35,22,0,0,0,0.614035087719298,0.385964912280702,1,1.3859649122807
77,"continuous",3,"Mixed linear and rule-based","GABLE",TRUE,"MSE",3.61220718383671,0.449999999999932,NA,5,5,0,4,1,0,0,0,0.8,0.2,1,1.2
77,"continuous",3,"Mixed linear and rule-based","GBM",TRUE,"MSE",1.64938862643691,0.0199999999999818,NA,NA,NA,NA,NA,NA,NA,NA,NA,NA,NA,NA,NA
77,"continuous",3,"Mixed linear and rule-based","Linear",TRUE,"MSE",1.67410140046295,0,NA,20,0,20,20,0,0,0,0,1,0,1,1
77,"continuous",3,"Mixed linear and rule-based","Random forest",TRUE,"MSE",2.34029417624968,0.3900000000001,NA,NA,NA,NA,NA,NA,NA,NA,NA,NA,NA,NA,NA
77,"continuous",3,"Mixed linear and rule-based","RuleFit",TRUE,"MSE",1.63293016147007,13.83,NA,65,65,0,0,49,16,0,0,0,0.753846153846154,0.753846153846154,2.24615384615385
78,"continuous",3,"Mixed linear and rule-based","BRP-GABLE full",TRUE,"MSE",1.20416678373894,22.98,NA,54,49,5,35,19,0,0,0,0.648148148148148,0.351851851851852,1,1.35185185185185
78,"continuous",3,"Mixed linear and rule-based","BRP-GABLE rule-only",TRUE,"MSE",1.4034680254722,22.97,NA,52,52,0,32,20,0,0,0,0.615384615384615,0.384615384615385,1,1.38461538461538
78,"continuous",3,"Mixed linear and rule-based","GABLE",TRUE,"MSE",2.22946676622707,0.450000000000045,NA,5,5,0,5,0,0,0,0,1,0,1,1
78,"continuous",3,"Mixed linear and rule-based","GBM",TRUE,"MSE",1.19294277986415,0.0299999999999727,NA,NA,NA,NA,NA,NA,NA,NA,NA,NA,NA,NA,NA
78,"continuous",3,"Mixed linear and rule-based","Linear",TRUE,"MSE",1.33723044623883,0,NA,20,0,20,20,0,0,0,0,1,0,1,1
78,"continuous",3,"Mixed linear and rule-based","Random forest",TRUE,"MSE",2.11488448052186,0.379999999999995,NA,NA,NA,NA,NA,NA,NA,NA,NA,NA,NA,NA,NA
78,"continuous",3,"Mixed linear and rule-based","RuleFit",TRUE,"MSE",1.40694047867332,13.5599999999999,NA,49,49,0,0,43,6,0,0,0,0.877551020408163,0.877551020408163,2.12244897959184
79,"continuous",3,"Mixed linear and rule-based","BRP-GABLE full",TRUE,"MSE",1.48646767706621,23.47,NA,59,52,7,26,33,0,0,0,0.440677966101695,0.559322033898305,1,1.55932203389831
79,"continuous",3,"Mixed linear and rule-based","BRP-GABLE rule-only",TRUE,"MSE",1.79913683800219,23.49,NA,47,47,0,17,30,0,0,0,0.361702127659574,0.638297872340426,1,1.63829787234043
79,"continuous",3,"Mixed linear and rule-based","GABLE",TRUE,"MSE",2.46883574897166,0.470000000000027,NA,5,5,0,5,0,0,0,0,1,0,1,1
79,"continuous",3,"Mixed linear and rule-based","GBM",TRUE,"MSE",1.68032707533491,0.00999999999999091,NA,NA,NA,NA,NA,NA,NA,NA,NA,NA,NA,NA,NA
79,"continuous",3,"Mixed linear and rule-based","Linear",TRUE,"MSE",1.56822260926351,0.0199999999999818,NA,20,0,20,20,0,0,0,0,1,0,1,1
79,"continuous",3,"Mixed linear and rule-based","Random forest",TRUE,"MSE",2.43298852805038,0.379999999999995,NA,NA,NA,NA,NA,NA,NA,NA,NA,NA,NA,NA,NA
79,"continuous",3,"Mixed linear and rule-based","RuleFit",TRUE,"MSE",1.63561072174102,14.14,NA,66,66,0,3,52,11,0,0,0.0454545454545455,0.787878787878788,0.833333333333333,2.12121212121212
80,"continuous",3,"Mixed linear and rule-based","BRP-GABLE full",TRUE,"MSE",1.63794928784128,22.91,NA,59,54,5,33,26,0,0,0,0.559322033898305,0.440677966101695,1,1.44067796610169
80,"continuous",3,"Mixed linear and rule-based","BRP-GABLE rule-only",TRUE,"MSE",1.73417131535303,22.8999999999999,NA,53,53,0,27,26,0,0,0,0.509433962264151,0.490566037735849,1,1.49056603773585
80,"continuous",3,"Mixed linear and rule-based","GABLE",TRUE,"MSE",2.82228917777874,0.469999999999914,NA,5,5,0,5,0,0,0,0,1,0,1,1
80,"continuous",3,"Mixed linear and rule-based","GBM",TRUE,"MSE",1.76050470308525,0.0100000000001046,NA,NA,NA,NA,NA,NA,NA,NA,NA,NA,NA,NA,NA
80,"continuous",3,"Mixed linear and rule-based","Linear",TRUE,"MSE",1.93486495903249,0,NA,20,0,20,20,0,0,0,0,1,0,1,1
80,"continuous",3,"Mixed linear and rule-based","Random forest",TRUE,"MSE",2.49255406968824,0.379999999999995,NA,NA,NA,NA,NA,NA,NA,NA,NA,NA,NA,NA,NA
80,"continuous",3,"Mixed linear and rule-based","RuleFit",TRUE,"MSE",1.92881148945633,13.8100000000001,NA,56,56,0,2,46,8,0,0,0.0357142857142857,0.821428571428571,0.857142857142857,2.10714285714286
81,"continuous",3,"Mixed linear and rule-based","BRP-GABLE full",TRUE,"MSE",1.73269596242808,22.76,NA,63,56,7,36,27,0,0,0,0.571428571428571,0.428571428571429,1,1.42857142857143
81,"continuous",3,"Mixed linear and rule-based","BRP-GABLE rule-only",TRUE,"MSE",1.91088715513427,22.75,NA,74,74,0,44,30,0,0,0,0.594594594594595,0.405405405405405,1,1.40540540540541
81,"continuous",3,"Mixed linear and rule-based","GABLE",TRUE,"MSE",3.08685327586592,0.529999999999973,NA,5,5,0,4,1,0,0,0,0.8,0.2,1,1.2
81,"continuous",3,"Mixed linear and rule-based","GBM",TRUE,"MSE",1.99492260661505,0.00999999999999091,NA,NA,NA,NA,NA,NA,NA,NA,NA,NA,NA,NA,NA
81,"continuous",3,"Mixed linear and rule-based","Linear",TRUE,"MSE",1.83940028762588,0,NA,20,0,20,20,0,0,0,0,1,0,1,1
81,"continuous",3,"Mixed linear and rule-based","Random forest",TRUE,"MSE",2.71884250888106,0.3900000000001,NA,NA,NA,NA,NA,NA,NA,NA,NA,NA,NA,NA,NA
81,"continuous",3,"Mixed linear and rule-based","RuleFit",TRUE,"MSE",1.83612197887224,13.9,NA,71,71,0,6,55,10,0,0,0.0845070422535211,0.774647887323944,0.859154929577465,2.05633802816901
82,"continuous",3,"Mixed linear and rule-based","BRP-GABLE full",TRUE,"MSE",1.52194926742998,23.0899999999999,NA,54,47,7,25,29,0,0,0,0.462962962962963,0.537037037037037,1,1.53703703703704
82,"continuous",3,"Mixed linear and rule-based","BRP-GABLE rule-only",TRUE,"MSE",1.74667845141549,23.14,NA,62,62,0,31,31,0,0,0,0.5,0.5,1,1.5
82,"continuous",3,"Mixed linear and rule-based","GABLE",TRUE,"MSE",2.4379855158663,0.519999999999982,NA,5,5,0,4,1,0,0,0,0.8,0.2,1,1.2
82,"continuous",3,"Mixed linear and rule-based","GBM",TRUE,"MSE",1.71181640843643,0.0200000000000955,NA,NA,NA,NA,NA,NA,NA,NA,NA,NA,NA,NA,NA
82,"continuous",3,"Mixed linear and rule-based","Linear",TRUE,"MSE",1.82529153538938,0,NA,20,0,20,20,0,0,0,0,1,0,1,1
82,"continuous",3,"Mixed linear and rule-based","Random forest",TRUE,"MSE",2.43848212303777,0.399999999999977,NA,NA,NA,NA,NA,NA,NA,NA,NA,NA,NA,NA,NA
82,"continuous",3,"Mixed linear and rule-based","RuleFit",TRUE,"MSE",1.52237765838801,13.53,NA,68,68,0,5,54,9,0,0,0.0735294117647059,0.794117647058823,0.867647058823529,2.05882352941176
83,"continuous",3,"Mixed linear and rule-based","BRP-GABLE full",TRUE,"MSE",1.42208077912338,23.85,NA,50,45,5,30,20,0,0,0,0.6,0.4,1,1.4
83,"continuous",3,"Mixed linear and rule-based","BRP-GABLE rule-only",TRUE,"MSE",1.50827874631261,23.9,NA,54,54,0,30,24,0,0,0,0.555555555555556,0.444444444444444,1,1.44444444444444
83,"continuous",3,"Mixed linear and rule-based","GABLE",TRUE,"MSE",2.23814538658711,0.519999999999982,NA,5,5,0,5,0,0,0,0,1,0,1,1
83,"continuous",3,"Mixed linear and rule-based","GBM",TRUE,"MSE",1.47378230255523,0.0100000000001046,NA,NA,NA,NA,NA,NA,NA,NA,NA,NA,NA,NA,NA
83,"continuous",3,"Mixed linear and rule-based","Linear",TRUE,"MSE",1.45998904952607,0,NA,20,0,20,20,0,0,0,0,1,0,1,1
83,"continuous",3,"Mixed linear and rule-based","Random forest",TRUE,"MSE",2.1029545632065,0.389999999999986,NA,NA,NA,NA,NA,NA,NA,NA,NA,NA,NA,NA,NA
83,"continuous",3,"Mixed linear and rule-based","RuleFit",TRUE,"MSE",1.47686684521406,12.86,NA,70,70,0,11,45,14,0,0,0.157142857142857,0.642857142857143,0.8,2.04285714285714
84,"continuous",3,"Mixed linear and rule-based","BRP-GABLE full",TRUE,"MSE",1.69743993928738,23.4899999999999,NA,38,33,5,18,20,0,0,0,0.473684210526316,0.526315789473684,1,1.52631578947368
84,"continuous",3,"Mixed linear and rule-based","BRP-GABLE rule-only",TRUE,"MSE",1.83067856175252,23.53,NA,48,48,0,25,23,0,0,0,0.520833333333333,0.479166666666667,1,1.47916666666667
84,"continuous",3,"Mixed linear and rule-based","GABLE",TRUE,"MSE",2.37135797163577,0.539999999999964,NA,5,5,0,5,0,0,0,0,1,0,1,1
84,"continuous",3,"Mixed linear and rule-based","GBM",TRUE,"MSE",1.55991212794049,0.0199999999999818,NA,NA,NA,NA,NA,NA,NA,NA,NA,NA,NA,NA,NA
84,"continuous",3,"Mixed linear and rule-based","Linear",TRUE,"MSE",1.91808312084057,0,NA,20,0,20,20,0,0,0,0,1,0,1,1
84,"continuous",3,"Mixed linear and rule-based","Random forest",TRUE,"MSE",2.52044156197338,0.370000000000005,NA,NA,NA,NA,NA,NA,NA,NA,NA,NA,NA,NA,NA
84,"continuous",3,"Mixed linear and rule-based","RuleFit",TRUE,"MSE",1.58834909394621,13.67,NA,73,73,0,2,60,11,0,0,0.0273972602739726,0.821917808219178,0.849315068493151,2.12328767123288
85,"continuous",3,"Mixed linear and rule-based","BRP-GABLE full",TRUE,"MSE",1.3620158551231,23.86,NA,52,43,9,41,11,0,0,0,0.788461538461538,0.211538461538462,1,1.21153846153846
85,"continuous",3,"Mixed linear and rule-based","BRP-GABLE rule-only",TRUE,"MSE",1.61982121023261,23.8100000000002,NA,53,53,0,40,13,0,0,0,0.754716981132076,0.245283018867925,1,1.24528301886792
85,"continuous",3,"Mixed linear and rule-based","GABLE",TRUE,"MSE",2.35115741327258,0.470000000000027,NA,5,5,0,5,0,0,0,0,1,0,1,1
85,"continuous",3,"Mixed linear and rule-based","GBM",TRUE,"MSE",1.61300145733941,0.00999999999999091,NA,NA,NA,NA,NA,NA,NA,NA,NA,NA,NA,NA,NA
85,"continuous",3,"Mixed linear and rule-based","Linear",TRUE,"MSE",1.78359611018087,0.0199999999999818,NA,20,0,20,20,0,0,0,0,1,0,1,1
85,"continuous",3,"Mixed linear and rule-based","Random forest",TRUE,"MSE",2.28829556999968,0.389999999999986,NA,NA,NA,NA,NA,NA,NA,NA,NA,NA,NA,NA,NA
85,"continuous",3,"Mixed linear and rule-based","RuleFit",TRUE,"MSE",1.42519784944837,14.1899999999999,NA,77,77,0,3,61,13,0,0,0.038961038961039,0.792207792207792,0.831168831168831,2.12987012987013
86,"continuous",3,"Mixed linear and rule-based","BRP-GABLE full",TRUE,"MSE",1.44459942735342,24.0700000000001,NA,43,37,6,23,20,0,0,0,0.534883720930233,0.465116279069767,1,1.46511627906977
86,"continuous",3,"Mixed linear and rule-based","BRP-GABLE rule-only",TRUE,"MSE",1.6800808414175,24.0599999999999,NA,52,52,0,31,21,0,0,0,0.596153846153846,0.403846153846154,1,1.40384615384615
86,"continuous",3,"Mixed linear and rule-based","GABLE",TRUE,"MSE",2.54636651163986,0.469999999999914,NA,5,5,0,5,0,0,0,0,1,0,1,1
86,"continuous",3,"Mixed linear and rule-based","GBM",TRUE,"MSE",1.57228254135235,0.0200000000000955,NA,NA,NA,NA,NA,NA,NA,NA,NA,NA,NA,NA,NA
86,"continuous",3,"Mixed linear and rule-based","Linear",TRUE,"MSE",1.67922432309329,0.00999999999999091,NA,20,0,20,20,0,0,0,0,1,0,1,1
86,"continuous",3,"Mixed linear and rule-based","Random forest",TRUE,"MSE",2.24616681121497,0.389999999999986,NA,NA,NA,NA,NA,NA,NA,NA,NA,NA,NA,NA,NA
86,"continuous",3,"Mixed linear and rule-based","RuleFit",TRUE,"MSE",1.35706384955766,14.7,NA,78,78,0,3,56,19,0,0,0.0384615384615385,0.717948717948718,0.756410256410256,2.20512820512821
87,"continuous",3,"Mixed linear and rule-based","BRP-GABLE full",TRUE,"MSE",1.73043178112433,22.78,NA,69,62,7,44,25,0,0,0,0.63768115942029,0.36231884057971,1,1.36231884057971
87,"continuous",3,"Mixed linear and rule-based","BRP-GABLE rule-only",TRUE,"MSE",1.75866958207803,22.78,NA,65,65,0,40,25,0,0,0,0.615384615384615,0.384615384615385,1,1.38461538461538
87,"continuous",3,"Mixed linear and rule-based","GABLE",TRUE,"MSE",2.38244873695176,0.5,NA,5,5,0,4,1,0,0,0,0.8,0.2,1,1.2
87,"continuous",3,"Mixed linear and rule-based","GBM",TRUE,"MSE",1.687733998157,0.00999999999999091,NA,NA,NA,NA,NA,NA,NA,NA,NA,NA,NA,NA,NA
87,"continuous",3,"Mixed linear and rule-based","Linear",TRUE,"MSE",1.88179977140513,0,NA,20,0,20,20,0,0,0,0,1,0,1,1
87,"continuous",3,"Mixed linear and rule-based","Random forest",TRUE,"MSE",2.49723302462355,0.389999999999986,NA,NA,NA,NA,NA,NA,NA,NA,NA,NA,NA,NA,NA
87,"continuous",3,"Mixed linear and rule-based","RuleFit",TRUE,"MSE",1.86717224149356,13.13,NA,49,49,0,2,39,8,0,0,0.0408163265306122,0.795918367346939,0.836734693877551,2.12244897959184
88,"continuous",3,"Mixed linear and rule-based","BRP-GABLE full",TRUE,"MSE",1.52928935786948,23.8499999999999,NA,42,39,3,18,24,0,0,0,0.428571428571429,0.571428571428571,1,1.57142857142857
88,"continuous",3,"Mixed linear and rule-based","BRP-GABLE rule-only",TRUE,"MSE",1.60133403109092,23.8199999999999,NA,49,49,0,25,24,0,0,0,0.510204081632653,0.489795918367347,1,1.48979591836735
88,"continuous",3,"Mixed linear and rule-based","GABLE",TRUE,"MSE",2.74806311506322,0.519999999999982,NA,5,5,0,5,0,0,0,0,1,0,1,1
88,"continuous",3,"Mixed linear and rule-based","GBM",TRUE,"MSE",1.54784274372942,0,NA,NA,NA,NA,NA,NA,NA,NA,NA,NA,NA,NA,NA
88,"continuous",3,"Mixed linear and rule-based","Linear",TRUE,"MSE",1.54220685257323,0.0200000000000955,NA,20,0,20,20,0,0,0,0,1,0,1,1
88,"continuous",3,"Mixed linear and rule-based","Random forest",TRUE,"MSE",2.15982134886199,0.370000000000005,NA,NA,NA,NA,NA,NA,NA,NA,NA,NA,NA,NA,NA
88,"continuous",3,"Mixed linear and rule-based","RuleFit",TRUE,"MSE",1.64443897632023,13.41,NA,56,56,0,4,47,5,0,0,0.0714285714285714,0.839285714285714,0.910714285714286,2.01785714285714
89,"continuous",3,"Mixed linear and rule-based","BRP-GABLE full",TRUE,"MSE",1.40815789619891,23.6999999999999,NA,49,43,6,24,25,0,0,0,0.489795918367347,0.510204081632653,1,1.51020408163265
89,"continuous",3,"Mixed linear and rule-based","BRP-GABLE rule-only",TRUE,"MSE",1.52483551010031,23.64,NA,60,60,0,30,30,0,0,0,0.5,0.5,1,1.5
89,"continuous",3,"Mixed linear and rule-based","GABLE",TRUE,"MSE",2.83221726189534,0.5,NA,5,5,0,3,2,0,0,0,0.6,0.4,1,1.4
89,"continuous",3,"Mixed linear and rule-based","GBM",TRUE,"MSE",1.60789741663695,0.0199999999999818,NA,NA,NA,NA,NA,NA,NA,NA,NA,NA,NA,NA,NA
89,"continuous",3,"Mixed linear and rule-based","Linear",TRUE,"MSE",1.68339798154608,0.00999999999999091,NA,20,0,20,20,0,0,0,0,1,0,1,1
89,"continuous",3,"Mixed linear and rule-based","Random forest",TRUE,"MSE",2.31405039182245,0.370000000000005,NA,NA,NA,NA,NA,NA,NA,NA,NA,NA,NA,NA,NA
89,"continuous",3,"Mixed linear and rule-based","RuleFit",TRUE,"MSE",1.59327815939577,15.24,NA,72,72,0,0,57,15,0,0,0,0.791666666666667,0.791666666666667,2.20833333333333
90,"continuous",3,"Mixed linear and rule-based","BRP-GABLE full",TRUE,"MSE",1.40595127579165,24.0299999999999,NA,61,54,7,37,24,0,0,0,0.60655737704918,0.39344262295082,1,1.39344262295082
90,"continuous",3,"Mixed linear and rule-based","BRP-GABLE rule-only",TRUE,"MSE",1.54819131967746,24.05,NA,68,68,0,42,26,0,0,0,0.617647058823529,0.382352941176471,1,1.38235294117647
90,"continuous",3,"Mixed linear and rule-based","GABLE",TRUE,"MSE",2.59972043284859,0.519999999999982,NA,5,5,0,4,1,0,0,0,0.8,0.2,1,1.2
90,"continuous",3,"Mixed linear and rule-based","GBM",TRUE,"MSE",1.54364811201603,0.0199999999999818,NA,NA,NA,NA,NA,NA,NA,NA,NA,NA,NA,NA,NA
90,"continuous",3,"Mixed linear and rule-based","Linear",TRUE,"MSE",1.63834339408543,0,NA,20,0,20,20,0,0,0,0,1,0,1,1
90,"continuous",3,"Mixed linear and rule-based","Random forest",TRUE,"MSE",2.22276224737551,0.389999999999986,NA,NA,NA,NA,NA,NA,NA,NA,NA,NA,NA,NA,NA
90,"continuous",3,"Mixed linear and rule-based","RuleFit",TRUE,"MSE",1.57062160120555,13.92,NA,74,74,0,5,58,11,0,0,0.0675675675675676,0.783783783783784,0.851351351351351,2.08108108108108
91,"continuous",3,"Mixed linear and rule-based","BRP-GABLE full",TRUE,"MSE",1.57354170967694,23.7199999999999,NA,52,46,6,31,21,0,0,0,0.596153846153846,0.403846153846154,1,1.40384615384615
91,"continuous",3,"Mixed linear and rule-based","BRP-GABLE rule-only",TRUE,"MSE",1.71637041398626,23.6700000000001,NA,46,46,0,26,20,0,0,0,0.565217391304348,0.434782608695652,1,1.43478260869565
91,"continuous",3,"Mixed linear and rule-based","GABLE",TRUE,"MSE",2.40189698514367,0.549999999999955,NA,5,5,0,5,0,0,0,0,1,0,1,1
91,"continuous",3,"Mixed linear and rule-based","GBM",TRUE,"MSE",1.41471489632768,0.0399999999999636,NA,NA,NA,NA,NA,NA,NA,NA,NA,NA,NA,NA,NA
91,"continuous",3,"Mixed linear and rule-based","Linear",TRUE,"MSE",1.87166686067643,0,NA,20,0,20,20,0,0,0,0,1,0,1,1
91,"continuous",3,"Mixed linear and rule-based","Random forest",TRUE,"MSE",2.19452794441626,0.370000000000005,NA,NA,NA,NA,NA,NA,NA,NA,NA,NA,NA,NA,NA
91,"continuous",3,"Mixed linear and rule-based","RuleFit",TRUE,"MSE",1.56205242702733,13.97,NA,70,70,0,5,53,12,0,0,0.0714285714285714,0.757142857142857,0.828571428571429,2.1
92,"continuous",3,"Mixed linear and rule-based","BRP-GABLE full",TRUE,"MSE",1.42404300041577,22.92,NA,77,68,9,43,34,0,0,0,0.558441558441558,0.441558441558442,1,1.44155844155844
92,"continuous",3,"Mixed linear and rule-based","BRP-GABLE rule-only",TRUE,"MSE",1.4997303907846,22.8600000000001,NA,64,64,0,33,31,0,0,0,0.515625,0.484375,1,1.484375
92,"continuous",3,"Mixed linear and rule-based","GABLE",TRUE,"MSE",2.67911363890005,0.420000000000073,NA,5,5,0,4,1,0,0,0,0.8,0.2,1,1.2
92,"continuous",3,"Mixed linear and rule-based","GBM",TRUE,"MSE",1.54007206091609,0.00999999999999091,NA,NA,NA,NA,NA,NA,NA,NA,NA,NA,NA,NA,NA
92,"continuous",3,"Mixed linear and rule-based","Linear",TRUE,"MSE",1.86236516720462,0,NA,20,0,20,20,0,0,0,0,1,0,1,1
92,"continuous",3,"Mixed linear and rule-based","Random forest",TRUE,"MSE",2.24895282484149,0.389999999999986,NA,NA,NA,NA,NA,NA,NA,NA,NA,NA,NA,NA,NA
92,"continuous",3,"Mixed linear and rule-based","RuleFit",TRUE,"MSE",1.25660474896378,13.3199999999999,NA,74,74,0,2,50,22,0,0,0.027027027027027,0.675675675675676,0.702702702702703,2.27027027027027
93,"continuous",3,"Mixed linear and rule-based","BRP-GABLE full",TRUE,"MSE",1.56750964009023,24.1600000000001,NA,61,52,9,35,26,0,0,0,0.573770491803279,0.426229508196721,1,1.42622950819672
93,"continuous",3,"Mixed linear and rule-based","BRP-GABLE rule-only",TRUE,"MSE",1.85888032232179,24.16,NA,39,39,0,17,22,0,0,0,0.435897435897436,0.564102564102564,1,1.56410256410256
93,"continuous",3,"Mixed linear and rule-based","GABLE",TRUE,"MSE",2.46695383058014,0.509999999999991,NA,5,5,0,5,0,0,0,0,1,0,1,1
93,"continuous",3,"Mixed linear and rule-based","GBM",TRUE,"MSE",1.70382817185057,0.00999999999999091,NA,NA,NA,NA,NA,NA,NA,NA,NA,NA,NA,NA,NA
93,"continuous",3,"Mixed linear and rule-based","Linear",TRUE,"MSE",1.83172955419902,0.0199999999999818,NA,20,0,20,20,0,0,0,0,1,0,1,1
93,"continuous",3,"Mixed linear and rule-based","Random forest",TRUE,"MSE",2.28353875526768,0.410000000000082,NA,NA,NA,NA,NA,NA,NA,NA,NA,NA,NA,NA,NA
93,"continuous",3,"Mixed linear and rule-based","RuleFit",TRUE,"MSE",1.69364844151685,14.5699999999999,NA,60,60,0,2,50,8,0,0,0.0333333333333333,0.833333333333333,0.866666666666667,2.1
94,"continuous",3,"Mixed linear and rule-based","BRP-GABLE full",TRUE,"MSE",1.5143162228761,23.87,NA,59,54,5,31,28,0,0,0,0.525423728813559,0.474576271186441,1,1.47457627118644
94,"continuous",3,"Mixed linear and rule-based","BRP-GABLE rule-only",TRUE,"MSE",1.65182435866042,23.74,NA,59,59,0,30,29,0,0,0,0.508474576271186,0.491525423728814,1,1.49152542372881
94,"continuous",3,"Mixed linear and rule-based","GABLE",TRUE,"MSE",2.11170445849718,0.509999999999991,NA,5,5,0,5,0,0,0,0,1,0,1,1
94,"continuous",3,"Mixed linear and rule-based","GBM",TRUE,"MSE",1.66237438476633,0.0399999999999636,NA,NA,NA,NA,NA,NA,NA,NA,NA,NA,NA,NA,NA
94,"continuous",3,"Mixed linear and rule-based","Linear",TRUE,"MSE",1.6225566781715,0,NA,20,0,20,20,0,0,0,0,1,0,1,1
94,"continuous",3,"Mixed linear and rule-based","Random forest",TRUE,"MSE",2.40200114051624,0.389999999999986,NA,NA,NA,NA,NA,NA,NA,NA,NA,NA,NA,NA,NA
94,"continuous",3,"Mixed linear and rule-based","RuleFit",TRUE,"MSE",1.63870689367308,12.7800000000001,NA,64,64,0,3,54,7,0,0,0.046875,0.84375,0.890625,2.0625
95,"continuous",3,"Mixed linear and rule-based","BRP-GABLE full",TRUE,"MSE",1.35080296736818,23.2,NA,61,55,6,36,25,0,0,0,0.590163934426229,0.409836065573771,1,1.40983606557377
95,"continuous",3,"Mixed linear and rule-based","BRP-GABLE rule-only",TRUE,"MSE",1.48999134814664,23.15,NA,55,55,0,30,25,0,0,0,0.545454545454545,0.454545454545455,1,1.45454545454545
95,"continuous",3,"Mixed linear and rule-based","GABLE",TRUE,"MSE",2.4591506917387,0.519999999999982,NA,5,5,0,5,0,0,0,0,1,0,1,1
95,"continuous",3,"Mixed linear and rule-based","GBM",TRUE,"MSE",1.53193855204812,0.0299999999999727,NA,NA,NA,NA,NA,NA,NA,NA,NA,NA,NA,NA,NA
95,"continuous",3,"Mixed linear and rule-based","Linear",TRUE,"MSE",1.45956677995782,0,NA,20,0,20,20,0,0,0,0,1,0,1,1
95,"continuous",3,"Mixed linear and rule-based","Random forest",TRUE,"MSE",2.4587785865515,0.389999999999986,NA,NA,NA,NA,NA,NA,NA,NA,NA,NA,NA,NA,NA
95,"continuous",3,"Mixed linear and rule-based","RuleFit",TRUE,"MSE",1.37253616002727,13.7,NA,66,66,0,1,57,8,0,0,0.0151515151515152,0.863636363636364,0.878787878787879,2.10606060606061
96,"continuous",3,"Mixed linear and rule-based","BRP-GABLE full",TRUE,"MSE",1.35649180276751,23.54,NA,57,49,8,43,14,0,0,0,0.754385964912281,0.245614035087719,1,1.24561403508772
96,"continuous",3,"Mixed linear and rule-based","BRP-GABLE rule-only",TRUE,"MSE",1.61857519423916,23.5799999999998,NA,58,58,0,42,16,0,0,0,0.724137931034483,0.275862068965517,1,1.27586206896552
96,"continuous",3,"Mixed linear and rule-based","GABLE",TRUE,"MSE",2.49948558446303,0.450000000000045,NA,5,5,0,4,1,0,0,0,0.8,0.2,1,1.2
96,"continuous",3,"Mixed linear and rule-based","GBM",TRUE,"MSE",1.59477529641056,0.0199999999999818,NA,NA,NA,NA,NA,NA,NA,NA,NA,NA,NA,NA,NA
96,"continuous",3,"Mixed linear and rule-based","Linear",TRUE,"MSE",1.66157158627895,0,NA,20,0,20,20,0,0,0,0,1,0,1,1
96,"continuous",3,"Mixed linear and rule-based","Random forest",TRUE,"MSE",2.12440498094174,0.409999999999968,NA,NA,NA,NA,NA,NA,NA,NA,NA,NA,NA,NA,NA
96,"continuous",3,"Mixed linear and rule-based","RuleFit",TRUE,"MSE",1.48087412283554,13.12,NA,67,67,0,4,54,9,0,0,0.0597014925373134,0.805970149253731,0.865671641791045,2.07462686567164
97,"continuous",3,"Mixed linear and rule-based","BRP-GABLE full",TRUE,"MSE",1.53415521727055,22.5599999999999,NA,56,48,8,32,24,0,0,0,0.571428571428571,0.428571428571429,1,1.42857142857143
97,"continuous",3,"Mixed linear and rule-based","BRP-GABLE rule-only",TRUE,"MSE",1.80127514102074,22.49,NA,48,48,0,22,26,0,0,0,0.458333333333333,0.541666666666667,1,1.54166666666667
97,"continuous",3,"Mixed linear and rule-based","GABLE",TRUE,"MSE",2.97799221998152,0.519999999999982,NA,5,5,0,5,0,0,0,0,1,0,1,1
97,"continuous",3,"Mixed linear and rule-based","GBM",TRUE,"MSE",1.74462286470445,0.0199999999999818,NA,NA,NA,NA,NA,NA,NA,NA,NA,NA,NA,NA,NA
97,"continuous",3,"Mixed linear and rule-based","Linear",TRUE,"MSE",1.85837954606619,0.00999999999999091,NA,20,0,20,20,0,0,0,0,1,0,1,1
97,"continuous",3,"Mixed linear and rule-based","Random forest",TRUE,"MSE",2.34722710896633,0.389999999999986,NA,NA,NA,NA,NA,NA,NA,NA,NA,NA,NA,NA,NA
97,"continuous",3,"Mixed linear and rule-based","RuleFit",TRUE,"MSE",1.60843409062162,12.51,NA,70,70,0,1,58,11,0,0,0.0142857142857143,0.828571428571429,0.842857142857143,2.14285714285714
98,"continuous",3,"Mixed linear and rule-based","BRP-GABLE full",TRUE,"MSE",1.65526961594505,22.13,NA,58,54,4,32,26,0,0,0,0.551724137931034,0.448275862068966,1,1.44827586206897
98,"continuous",3,"Mixed linear and rule-based","BRP-GABLE rule-only",TRUE,"MSE",1.81006954584811,22.16,NA,58,58,0,31,27,0,0,0,0.53448275862069,0.46551724137931,1,1.46551724137931
98,"continuous",3,"Mixed linear and rule-based","GABLE",TRUE,"MSE",2.74325889961865,0.389999999999986,NA,5,5,0,5,0,0,0,0,1,0,1,1
98,"continuous",3,"Mixed linear and rule-based","GBM",TRUE,"MSE",1.70501635915516,0,NA,NA,NA,NA,NA,NA,NA,NA,NA,NA,NA,NA,NA
98,"continuous",3,"Mixed linear and rule-based","Linear",TRUE,"MSE",1.84554063789454,0,NA,20,0,20,20,0,0,0,0,1,0,1,1
98,"continuous",3,"Mixed linear and rule-based","Random forest",TRUE,"MSE",2.35080876085208,0.360000000000014,NA,NA,NA,NA,NA,NA,NA,NA,NA,NA,NA,NA,NA
98,"continuous",3,"Mixed linear and rule-based","RuleFit",TRUE,"MSE",1.62725937267606,10.8199999999999,NA,56,56,0,2,50,4,0,0,0.0357142857142857,0.892857142857143,0.928571428571429,2.03571428571429
99,"continuous",3,"Mixed linear and rule-based","BRP-GABLE full",TRUE,"MSE",1.69698316431451,21.67,NA,54,47,7,23,31,0,0,0,0.425925925925926,0.574074074074074,1,1.57407407407407
99,"continuous",3,"Mixed linear and rule-based","BRP-GABLE rule-only",TRUE,"MSE",1.87112104441546,21.67,NA,64,64,0,30,34,0,0,0,0.46875,0.53125,1,1.53125
99,"continuous",3,"Mixed linear and rule-based","GABLE",TRUE,"MSE",2.40212896533747,0.360000000000014,NA,5,5,0,5,0,0,0,0,1,0,1,1
99,"continuous",3,"Mixed linear and rule-based","GBM",TRUE,"MSE",1.59548507623791,0,NA,NA,NA,NA,NA,NA,NA,NA,NA,NA,NA,NA,NA
99,"continuous",3,"Mixed linear and rule-based","Linear",TRUE,"MSE",1.60741270345963,0.00999999999999091,NA,20,0,20,20,0,0,0,0,1,0,1,1
99,"continuous",3,"Mixed linear and rule-based","Random forest",TRUE,"MSE",2.12487081360171,0.300000000000068,NA,NA,NA,NA,NA,NA,NA,NA,NA,NA,NA,NA,NA
99,"continuous",3,"Mixed linear and rule-based","RuleFit",TRUE,"MSE",1.57082962938404,9.25,NA,80,80,0,3,55,22,0,0,0.0375,0.6875,0.725,2.2375
100,"continuous",3,"Mixed linear and rule-based","BRP-GABLE full",TRUE,"MSE",1.51515298282817,20.62,NA,58,48,10,40,18,0,0,0,0.689655172413793,0.310344827586207,1,1.31034482758621
100,"continuous",3,"Mixed linear and rule-based","BRP-GABLE rule-only",TRUE,"MSE",1.81114119997604,20.6099999999999,NA,56,56,0,36,20,0,0,0,0.642857142857143,0.357142857142857,1,1.35714285714286
100,"continuous",3,"Mixed linear and rule-based","GABLE",TRUE,"MSE",2.76350174896954,0.279999999999973,NA,5,5,0,5,0,0,0,0,1,0,1,1
100,"continuous",3,"Mixed linear and rule-based","GBM",TRUE,"MSE",1.80159574722687,0,NA,NA,NA,NA,NA,NA,NA,NA,NA,NA,NA,NA,NA
100,"continuous",3,"Mixed linear and rule-based","Linear",TRUE,"MSE",1.74884970403734,0.00999999999999091,NA,20,0,20,20,0,0,0,0,1,0,1,1
100,"continuous",3,"Mixed linear and rule-based","Random forest",TRUE,"MSE",2.64061528610376,0.299999999999955,NA,NA,NA,NA,NA,NA,NA,NA,NA,NA,NA,NA,NA
100,"continuous",3,"Mixed linear and rule-based","RuleFit",TRUE,"MSE",1.57498500188395,6.91000000000008,NA,90,90,0,6,63,21,0,0,0.0666666666666667,0.7,0.766666666666667,2.16666666666667
1,"continuous",4,"Smooth nonlinear misspecified","BRP-GABLE full",TRUE,"MSE",2.33317148108902,24.71,NA,65,65,0,20,45,0,0,0,0.307692307692308,0.692307692307692,1,1.69230769230769
1,"continuous",4,"Smooth nonlinear misspecified","BRP-GABLE rule-only",TRUE,"MSE",2.2814088090369,24.64,NA,68,68,0,22,46,0,0,0,0.323529411764706,0.676470588235294,1,1.67647058823529
1,"continuous",4,"Smooth nonlinear misspecified","GABLE",TRUE,"MSE",4.51803559393032,0.469999999999999,NA,5,5,0,3,2,0,0,0,0.6,0.4,1,1.4
1,"continuous",4,"Smooth nonlinear misspecified","GBM",TRUE,"MSE",2.36561982151719,0.0199999999999996,NA,NA,NA,NA,NA,NA,NA,NA,NA,NA,NA,NA,NA
1,"continuous",4,"Smooth nonlinear misspecified","Linear",TRUE,"MSE",6.32019583663986,0,NA,20,0,20,20,0,0,0,0,1,0,1,1
1,"continuous",4,"Smooth nonlinear misspecified","Random forest",TRUE,"MSE",3.57861262421483,0.43,NA,NA,NA,NA,NA,NA,NA,NA,NA,NA,NA,NA,NA
1,"continuous",4,"Smooth nonlinear misspecified","RuleFit",TRUE,"MSE",4.79712053885545,8.16,NA,7,7,0,5,2,0,0,0,0.714285714285714,0.285714285714286,1,1.28571428571429
2,"continuous",4,"Smooth nonlinear misspecified","BRP-GABLE full",TRUE,"MSE",2.12814177699078,24.46,NA,62,61,1,35,27,0,0,0,0.564516129032258,0.435483870967742,1,1.43548387096774
2,"continuous",4,"Smooth nonlinear misspecified","BRP-GABLE rule-only",TRUE,"MSE",2.08663383933767,24.39,NA,63,63,0,35,28,0,0,0,0.555555555555556,0.444444444444444,1,1.44444444444444
2,"continuous",4,"Smooth nonlinear misspecified","GABLE",TRUE,"MSE",3.53102880931883,0.470000000000002,NA,5,5,0,3,2,0,0,0,0.6,0.4,1,1.4
2,"continuous",4,"Smooth nonlinear misspecified","GBM",TRUE,"MSE",2.38663158382432,0.0199999999999996,NA,NA,NA,NA,NA,NA,NA,NA,NA,NA,NA,NA,NA
2,"continuous",4,"Smooth nonlinear misspecified","Linear",TRUE,"MSE",5.79411057902483,0,NA,20,0,20,20,0,0,0,0,1,0,1,1
2,"continuous",4,"Smooth nonlinear misspecified","Random forest",TRUE,"MSE",3.33315474346679,0.399999999999999,NA,NA,NA,NA,NA,NA,NA,NA,NA,NA,NA,NA,NA
2,"continuous",4,"Smooth nonlinear misspecified","RuleFit",TRUE,"MSE",5.16784207264328,7.7,NA,10,10,0,7,3,0,0,0,0.7,0.3,1,1.3
3,"continuous",4,"Smooth nonlinear misspecified","BRP-GABLE full",TRUE,"MSE",2.3755270029249,25.12,NA,77,76,1,45,32,0,0,0,0.584415584415584,0.415584415584416,1,1.41558441558442
3,"continuous",4,"Smooth nonlinear misspecified","BRP-GABLE rule-only",TRUE,"MSE",2.37699083182064,25.03,NA,75,75,0,43,32,0,0,0,0.573333333333333,0.426666666666667,1,1.42666666666667
3,"continuous",4,"Smooth nonlinear misspecified","GABLE",TRUE,"MSE",4.38564727417767,0.559999999999999,NA,5,5,0,5,0,0,0,0,1,0,1,1
3,"continuous",4,"Smooth nonlinear misspecified","GBM",TRUE,"MSE",2.6838596239669,0.0300000000000011,NA,NA,NA,NA,NA,NA,NA,NA,NA,NA,NA,NA,NA
3,"continuous",4,"Smooth nonlinear misspecified","Linear",TRUE,"MSE",6.2738751939916,0,NA,20,0,20,20,0,0,0,0,1,0,1,1
3,"continuous",4,"Smooth nonlinear misspecified","Random forest",TRUE,"MSE",3.63355989319478,0.41,NA,NA,NA,NA,NA,NA,NA,NA,NA,NA,NA,NA,NA
3,"continuous",4,"Smooth nonlinear misspecified","RuleFit",TRUE,"MSE",4.0548239843533,9.41,NA,25,25,0,8,17,0,0,0,0.32,0.68,1,1.68
4,"continuous",4,"Smooth nonlinear misspecified","BRP-GABLE full",TRUE,"MSE",2.517378157734,23.21,NA,88,85,3,54,34,0,0,0,0.613636363636364,0.386363636363636,1,1.38636363636364
4,"continuous",4,"Smooth nonlinear misspecified","BRP-GABLE rule-only",TRUE,"MSE",2.47424664432369,23.16,NA,85,85,0,50,35,0,0,0,0.588235294117647,0.411764705882353,1,1.41176470588235
4,"continuous",4,"Smooth nonlinear misspecified","GABLE",TRUE,"MSE",5.23962026832186,0.449999999999999,NA,4,4,0,2,2,0,0,0,0.5,0.5,1,1.5
4,"continuous",4,"Smooth nonlinear misspecified","GBM",TRUE,"MSE",2.9543108155654,0.0300000000000011,NA,NA,NA,NA,NA,NA,NA,NA,NA,NA,NA,NA,NA
4,"continuous",4,"Smooth nonlinear misspecified","Linear",TRUE,"MSE",6.51145343193256,0,NA,20,0,20,20,0,0,0,0,1,0,1,1
4,"continuous",4,"Smooth nonlinear misspecified","Random forest",TRUE,"MSE",3.96141984065676,0.449999999999999,NA,NA,NA,NA,NA,NA,NA,NA,NA,NA,NA,NA,NA
4,"continuous",4,"Smooth nonlinear misspecified","RuleFit",TRUE,"MSE",4.27680802715203,8.58,NA,32,32,0,22,10,0,0,0,0.6875,0.3125,1,1.3125
5,"continuous",4,"Smooth nonlinear misspecified","BRP-GABLE full",TRUE,"MSE",2.27665588755343,24.38,NA,63,61,2,24,39,0,0,0,0.380952380952381,0.619047619047619,1,1.61904761904762
5,"continuous",4,"Smooth nonlinear misspecified","BRP-GABLE rule-only",TRUE,"MSE",2.23584637767009,24.26,NA,61,61,0,25,36,0,0,0,0.409836065573771,0.590163934426229,1,1.59016393442623
5,"continuous",4,"Smooth nonlinear misspecified","GABLE",TRUE,"MSE",3.57710861623442,0.420000000000002,NA,5,5,0,3,2,0,0,0,0.6,0.4,1,1.4
5,"continuous",4,"Smooth nonlinear misspecified","GBM",TRUE,"MSE",2.63219191128855,0.0299999999999976,NA,NA,NA,NA,NA,NA,NA,NA,NA,NA,NA,NA,NA
5,"continuous",4,"Smooth nonlinear misspecified","Linear",TRUE,"MSE",5.39878950428171,0,NA,20,0,20,20,0,0,0,0,1,0,1,1
5,"continuous",4,"Smooth nonlinear misspecified","Random forest",TRUE,"MSE",3.20226266267638,0.41,NA,NA,NA,NA,NA,NA,NA,NA,NA,NA,NA,NA,NA
5,"continuous",4,"Smooth nonlinear misspecified","RuleFit",TRUE,"MSE",3.92567493936077,8,NA,25,25,0,20,5,0,0,0,0.8,0.2,1,1.2
6,"continuous",4,"Smooth nonlinear misspecified","BRP-GABLE full",TRUE,"MSE",2.00203023367456,20.25,NA,72,68,4,33,39,0,0,0,0.458333333333333,0.541666666666667,1,1.54166666666667
6,"continuous",4,"Smooth nonlinear misspecified","BRP-GABLE rule-only",TRUE,"MSE",1.92866797735027,20.14,NA,73,73,0,32,41,0,0,0,0.438356164383562,0.561643835616438,1,1.56164383561644
6,"continuous",4,"Smooth nonlinear misspecified","GABLE",TRUE,"MSE",5.03418487078672,0.409999999999997,NA,5,5,0,2,3,0,0,0,0.4,0.6,1,1.6
6,"continuous",4,"Smooth nonlinear misspecified","GBM",TRUE,"MSE",2.48903253700303,0.0200000000000031,NA,NA,NA,NA,NA,NA,NA,NA,NA,NA,NA,NA,NA
6,"continuous",4,"Smooth nonlinear misspecified","Linear",TRUE,"MSE",6.2398071136836,0.0300000000000011,NA,20,0,20,20,0,0,0,0,1,0,1,1
6,"continuous",4,"Smooth nonlinear misspecified","Random forest",TRUE,"MSE",3.81853272333064,0.399999999999999,NA,NA,NA,NA,NA,NA,NA,NA,NA,NA,NA,NA,NA
6,"continuous",4,"Smooth nonlinear misspecified","RuleFit",TRUE,"MSE",5.4385773850699,7.95,NA,8,8,0,1,6,1,0,0,0.125,0.75,0.875,2
7,"continuous",4,"Smooth nonlinear misspecified","BRP-GABLE full",TRUE,"MSE",2.67781055565031,22.19,NA,70,67,3,42,28,0,0,0,0.6,0.4,1,1.4
7,"continuous",4,"Smooth nonlinear misspecified","BRP-GABLE rule-only",TRUE,"MSE",2.6895297470333,22.13,NA,66,66,0,37,29,0,0,0,0.560606060606061,0.439393939393939,1,1.43939393939394
7,"continuous",4,"Smooth nonlinear misspecified","GABLE",TRUE,"MSE",4.27577621098253,0.590000000000003,NA,5,5,0,4,1,0,0,0,0.8,0.2,1,1.2
7,"continuous",4,"Smooth nonlinear misspecified","GBM",TRUE,"MSE",2.86981966731221,0.029999999999994,NA,NA,NA,NA,NA,NA,NA,NA,NA,NA,NA,NA,NA
7,"continuous",4,"Smooth nonlinear misspecified","Linear",TRUE,"MSE",6.31155477912499,0.0300000000000011,NA,20,0,20,20,0,0,0,0,1,0,1,1
7,"continuous",4,"Smooth nonlinear misspecified","Random forest",TRUE,"MSE",3.89886739592899,0.440000000000005,NA,NA,NA,NA,NA,NA,NA,NA,NA,NA,NA,NA,NA
7,"continuous",4,"Smooth nonlinear misspecified","RuleFit",TRUE,"MSE",5.49685112533041,9.41,NA,15,15,0,12,3,0,0,0,0.8,0.2,1,1.2
8,"continuous",4,"Smooth nonlinear misspecified","BRP-GABLE full",TRUE,"MSE",2.13202719708726,22.44,NA,58,57,1,24,34,0,0,0,0.413793103448276,0.586206896551724,1,1.58620689655172
8,"continuous",4,"Smooth nonlinear misspecified","BRP-GABLE rule-only",TRUE,"MSE",2.12142047570786,22.44,NA,59,59,0,25,34,0,0,0,0.423728813559322,0.576271186440678,1,1.57627118644068
8,"continuous",4,"Smooth nonlinear misspecified","GABLE",TRUE,"MSE",5.41289898559466,0.579999999999998,NA,5,5,0,5,0,0,0,0,1,0,1,1
8,"continuous",4,"Smooth nonlinear misspecified","GBM",TRUE,"MSE",2.57579034624818,0.0200000000000102,NA,NA,NA,NA,NA,NA,NA,NA,NA,NA,NA,NA,NA
8,"continuous",4,"Smooth nonlinear misspecified","Linear",TRUE,"MSE",5.82613452907596,0.0299999999999869,NA,20,0,20,20,0,0,0,0,1,0,1,1
8,"continuous",4,"Smooth nonlinear misspecified","Random forest",TRUE,"MSE",3.8047534949426,0.439999999999998,NA,NA,NA,NA,NA,NA,NA,NA,NA,NA,NA,NA,NA
8,"continuous",4,"Smooth nonlinear misspecified","RuleFit",TRUE,"MSE",5.08212282827726,9,NA,11,11,0,6,5,0,0,0,0.545454545454545,0.454545454545455,1,1.45454545454545
9,"continuous",4,"Smooth nonlinear misspecified","BRP-GABLE full",TRUE,"MSE",2.46695934527777,22.15,NA,84,79,5,46,38,0,0,0,0.547619047619048,0.452380952380952,1,1.45238095238095
9,"continuous",4,"Smooth nonlinear misspecified","BRP-GABLE rule-only",TRUE,"MSE",2.45225809427956,22.13,NA,77,77,0,38,39,0,0,0,0.493506493506494,0.506493506493506,1,1.50649350649351
9,"continuous",4,"Smooth nonlinear misspecified","GABLE",TRUE,"MSE",4.43285068549351,0.47999999999999,NA,5,5,0,3,2,0,0,0,0.6,0.4,1,1.4
9,"continuous",4,"Smooth nonlinear misspecified","GBM",TRUE,"MSE",2.65894708878704,0.019999999999996,NA,NA,NA,NA,NA,NA,NA,NA,NA,NA,NA,NA,NA
9,"continuous",4,"Smooth nonlinear misspecified","Linear",TRUE,"MSE",5.70885065033521,0.0300000000000011,NA,20,0,20,20,0,0,0,0,1,0,1,1
9,"continuous",4,"Smooth nonlinear misspecified","Random forest",TRUE,"MSE",3.66272686322417,0.450000000000003,NA,NA,NA,NA,NA,NA,NA,NA,NA,NA,NA,NA,NA
9,"continuous",4,"Smooth nonlinear misspecified","RuleFit",TRUE,"MSE",4.14363838236173,9.22,NA,16,16,0,9,7,0,0,0,0.5625,0.4375,1,1.4375
10,"continuous",4,"Smooth nonlinear misspecified","BRP-GABLE full",TRUE,"MSE",2.2045822240647,21.69,NA,75,70,5,44,31,0,0,0,0.586666666666667,0.413333333333333,1,1.41333333333333
10,"continuous",4,"Smooth nonlinear misspecified","BRP-GABLE rule-only",TRUE,"MSE",2.24221717995885,21.64,NA,77,77,0,45,32,0,0,0,0.584415584415584,0.415584415584416,1,1.41558441558442
10,"continuous",4,"Smooth nonlinear misspecified","GABLE",TRUE,"MSE",5.54277602367559,0.639999999999986,NA,5,5,0,4,1,0,0,0,0.8,0.2,1,1.2
10,"continuous",4,"Smooth nonlinear misspecified","GBM",TRUE,"MSE",2.7206801457766,0.0400000000000063,NA,NA,NA,NA,NA,NA,NA,NA,NA,NA,NA,NA,NA
10,"continuous",4,"Smooth nonlinear misspecified","Linear",TRUE,"MSE",6.25155124901254,0.0299999999999869,NA,20,0,20,20,0,0,0,0,1,0,1,1
10,"continuous",4,"Smooth nonlinear misspecified","Random forest",TRUE,"MSE",4.05811282165367,0.430000000000007,NA,NA,NA,NA,NA,NA,NA,NA,NA,NA,NA,NA,NA
10,"continuous",4,"Smooth nonlinear misspecified","RuleFit",TRUE,"MSE",6.0453316770458,8.68000000000001,NA,8,8,0,4,4,0,0,0,0.5,0.5,1,1.5
11,"continuous",4,"Smooth nonlinear misspecified","BRP-GABLE full",TRUE,"MSE",2.66712360556472,22.73,NA,70,68,2,38,32,0,0,0,0.542857142857143,0.457142857142857,1,1.45714285714286
11,"continuous",4,"Smooth nonlinear misspecified","BRP-GABLE rule-only",TRUE,"MSE",2.61913333213012,22.73,NA,65,65,0,33,32,0,0,0,0.507692307692308,0.492307692307692,1,1.49230769230769
11,"continuous",4,"Smooth nonlinear misspecified","GABLE",TRUE,"MSE",4.01940882737213,0.450000000000003,NA,5,5,0,4,1,0,0,0,0.8,0.2,1,1.2
11,"continuous",4,"Smooth nonlinear misspecified","GBM",TRUE,"MSE",2.73164078443595,0.0400000000000063,NA,NA,NA,NA,NA,NA,NA,NA,NA,NA,NA,NA,NA
11,"continuous",4,"Smooth nonlinear misspecified","Linear",TRUE,"MSE",5.6201984769908,0,NA,20,0,20,20,0,0,0,0,1,0,1,1
11,"continuous",4,"Smooth nonlinear misspecified","Random forest",TRUE,"MSE",3.92520323885985,0.420000000000002,NA,NA,NA,NA,NA,NA,NA,NA,NA,NA,NA,NA,NA
11,"continuous",4,"Smooth nonlinear misspecified","RuleFit",TRUE,"MSE",3.88800747932605,7.69999999999999,NA,13,13,0,7,5,1,0,0,0.538461538461538,0.384615384615385,0.923076923076923,1.53846153846154
12,"continuous",4,"Smooth nonlinear misspecified","BRP-GABLE full",TRUE,"MSE",2.16417569616116,22.5,NA,58,58,0,25,33,0,0,0,0.431034482758621,0.568965517241379,1,1.56896551724138
12,"continuous",4,"Smooth nonlinear misspecified","BRP-GABLE rule-only",TRUE,"MSE",2.13913682591569,22.4,NA,59,59,0,27,32,0,0,0,0.457627118644068,0.542372881355932,1,1.54237288135593
12,"continuous",4,"Smooth nonlinear misspecified","GABLE",TRUE,"MSE",4.8517862112155,0.430000000000007,NA,5,5,0,3,2,0,0,0,0.6,0.4,1,1.4
12,"continuous",4,"Smooth nonlinear misspecified","GBM",TRUE,"MSE",2.20821996705825,0.0300000000000011,NA,NA,NA,NA,NA,NA,NA,NA,NA,NA,NA,NA,NA
12,"continuous",4,"Smooth nonlinear misspecified","Linear",TRUE,"MSE",5.26578931037397,0,NA,20,0,20,20,0,0,0,0,1,0,1,1
12,"continuous",4,"Smooth nonlinear misspecified","Random forest",TRUE,"MSE",3.00844585553861,0.399999999999991,NA,NA,NA,NA,NA,NA,NA,NA,NA,NA,NA,NA,NA
12,"continuous",4,"Smooth nonlinear misspecified","RuleFit",TRUE,"MSE",3.43976568904631,8.62,NA,19,19,0,13,6,0,0,0,0.684210526315789,0.315789473684211,1,1.31578947368421
13,"continuous",4,"Smooth nonlinear misspecified","BRP-GABLE full",TRUE,"MSE",2.68638319460756,22.65,NA,60,60,0,31,29,0,0,0,0.516666666666667,0.483333333333333,1,1.48333333333333
13,"continuous",4,"Smooth nonlinear misspecified","BRP-GABLE rule-only",TRUE,"MSE",2.62371905575615,22.6,NA,73,73,0,44,29,0,0,0,0.602739726027397,0.397260273972603,1,1.3972602739726
13,"continuous",4,"Smooth nonlinear misspecified","GABLE",TRUE,"MSE",5.16352679838923,0.359999999999999,NA,5,5,0,3,2,0,0,0,0.6,0.4,1,1.4
13,"continuous",4,"Smooth nonlinear misspecified","GBM",TRUE,"MSE",2.9031234203701,0.019999999999996,NA,NA,NA,NA,NA,NA,NA,NA,NA,NA,NA,NA,NA
13,"continuous",4,"Smooth nonlinear misspecified","Linear",TRUE,"MSE",6.27260986993368,0,NA,20,0,20,20,0,0,0,0,1,0,1,1
13,"continuous",4,"Smooth nonlinear misspecified","Random forest",TRUE,"MSE",4.137296067676,0.480000000000004,NA,NA,NA,NA,NA,NA,NA,NA,NA,NA,NA,NA,NA
13,"continuous",4,"Smooth nonlinear misspecified","RuleFit",TRUE,"MSE",5.98259621091501,8.00999999999999,NA,7,7,0,3,4,0,0,0,0.428571428571429,0.571428571428571,1,1.57142857142857
14,"continuous",4,"Smooth nonlinear misspecified","BRP-GABLE full",TRUE,"MSE",2.48078930161936,22.66,NA,60,60,0,31,29,0,0,0,0.516666666666667,0.483333333333333,1,1.48333333333333
14,"continuous",4,"Smooth nonlinear misspecified","BRP-GABLE rule-only",TRUE,"MSE",2.44416347603941,22.61,NA,67,67,0,39,28,0,0,0,0.582089552238806,0.417910447761194,1,1.41791044776119
14,"continuous",4,"Smooth nonlinear misspecified","GABLE",TRUE,"MSE",5.04934367618808,0.490000000000009,NA,5,5,0,3,2,0,0,0,0.6,0.4,1,1.4
14,"continuous",4,"Smooth nonlinear misspecified","GBM",TRUE,"MSE",2.5728037726044,0.019999999999996,NA,NA,NA,NA,NA,NA,NA,NA,NA,NA,NA,NA,NA
14,"continuous",4,"Smooth nonlinear misspecified","Linear",TRUE,"MSE",5.66771556561811,0.0100000000000051,NA,20,0,20,20,0,0,0,0,1,0,1,1
14,"continuous",4,"Smooth nonlinear misspecified","Random forest",TRUE,"MSE",3.28489315917703,0.399999999999991,NA,NA,NA,NA,NA,NA,NA,NA,NA,NA,NA,NA,NA
14,"continuous",4,"Smooth nonlinear misspecified","RuleFit",TRUE,"MSE",3.83502539021284,8.28999999999999,NA,13,13,0,10,3,0,0,0,0.769230769230769,0.230769230769231,1,1.23076923076923
15,"continuous",4,"Smooth nonlinear misspecified","BRP-GABLE full",TRUE,"MSE",2.37494330656316,21.84,NA,73,70,3,42,31,0,0,0,0.575342465753425,0.424657534246575,1,1.42465753424658
15,"continuous",4,"Smooth nonlinear misspecified","BRP-GABLE rule-only",TRUE,"MSE",2.31659756337248,21.86,NA,71,71,0,42,29,0,0,0,0.591549295774648,0.408450704225352,1,1.40845070422535
15,"continuous",4,"Smooth nonlinear misspecified","GABLE",TRUE,"MSE",4.01225066538796,0.390000000000001,NA,5,5,0,3,2,0,0,0,0.6,0.4,1,1.4
15,"continuous",4,"Smooth nonlinear misspecified","GBM",TRUE,"MSE",2.29163804854036,0.0200000000000102,NA,NA,NA,NA,NA,NA,NA,NA,NA,NA,NA,NA,NA
15,"continuous",4,"Smooth nonlinear misspecified","Linear",TRUE,"MSE",5.44987094610591,0.00999999999999091,NA,20,0,20,20,0,0,0,0,1,0,1,1
15,"continuous",4,"Smooth nonlinear misspecified","Random forest",TRUE,"MSE",3.53091533216227,0.420000000000002,NA,NA,NA,NA,NA,NA,NA,NA,NA,NA,NA,NA,NA
15,"continuous",4,"Smooth nonlinear misspecified","RuleFit",TRUE,"MSE",4.43385366786351,7.88,NA,11,11,0,8,3,0,0,0,0.727272727272727,0.272727272727273,1,1.27272727272727
16,"continuous",4,"Smooth nonlinear misspecified","BRP-GABLE full",TRUE,"MSE",2.26668022296148,22.33,NA,67,65,2,40,27,0,0,0,0.597014925373134,0.402985074626866,1,1.40298507462687
16,"continuous",4,"Smooth nonlinear misspecified","BRP-GABLE rule-only",TRUE,"MSE",2.26659270009406,22.26,NA,66,66,0,38,28,0,0,0,0.575757575757576,0.424242424242424,1,1.42424242424242
16,"continuous",4,"Smooth nonlinear misspecified","GABLE",TRUE,"MSE",4.04850869682135,0.530000000000001,NA,5,5,0,5,0,0,0,0,1,0,1,1
16,"continuous",4,"Smooth nonlinear misspecified","GBM",TRUE,"MSE",2.69796967368082,0.00999999999999091,NA,NA,NA,NA,NA,NA,NA,NA,NA,NA,NA,NA,NA
16,"continuous",4,"Smooth nonlinear misspecified","Linear",TRUE,"MSE",5.70470469898591,0,NA,20,0,20,20,0,0,0,0,1,0,1,1
16,"continuous",4,"Smooth nonlinear misspecified","Random forest",TRUE,"MSE",3.72836228343589,0.430000000000007,NA,NA,NA,NA,NA,NA,NA,NA,NA,NA,NA,NA,NA
16,"continuous",4,"Smooth nonlinear misspecified","RuleFit",TRUE,"MSE",3.74527410695072,8.25,NA,11,11,0,6,4,1,0,0,0.545454545454545,0.363636363636364,0.909090909090909,1.54545454545455
17,"continuous",4,"Smooth nonlinear misspecified","BRP-GABLE full",TRUE,"MSE",2.56663747780086,22.01,NA,80,76,4,52,28,0,0,0,0.65,0.35,1,1.35
17,"continuous",4,"Smooth nonlinear misspecified","BRP-GABLE rule-only",TRUE,"MSE",2.51000406305953,21.92,NA,75,75,0,47,28,0,0,0,0.626666666666667,0.373333333333333,1,1.37333333333333
17,"continuous",4,"Smooth nonlinear misspecified","GABLE",TRUE,"MSE",4.93045765543838,0.400000000000006,NA,5,5,0,2,3,0,0,0,0.4,0.6,1,1.6
17,"continuous",4,"Smooth nonlinear misspecified","GBM",TRUE,"MSE",2.9694283100961,0.0300000000000011,NA,NA,NA,NA,NA,NA,NA,NA,NA,NA,NA,NA,NA
17,"continuous",4,"Smooth nonlinear misspecified","Linear",TRUE,"MSE",6.55234426703348,0,NA,20,0,20,20,0,0,0,0,1,0,1,1
17,"continuous",4,"Smooth nonlinear misspecified","Random forest",TRUE,"MSE",4.393470643318,0.419999999999987,NA,NA,NA,NA,NA,NA,NA,NA,NA,NA,NA,NA,NA
17,"continuous",4,"Smooth nonlinear misspecified","RuleFit",TRUE,"MSE",6.28358174891062,7.93000000000001,NA,7,7,0,5,2,0,0,0,0.714285714285714,0.285714285714286,1,1.28571428571429
18,"continuous",4,"Smooth nonlinear misspecified","BRP-GABLE full",TRUE,"MSE",2.65977212657894,22.81,NA,54,52,2,27,27,0,0,0,0.5,0.5,1,1.5
18,"continuous",4,"Smooth nonlinear misspecified","BRP-GABLE rule-only",TRUE,"MSE",2.65365507382863,22.73,NA,56,56,0,28,28,0,0,0,0.5,0.5,1,1.5
18,"continuous",4,"Smooth nonlinear misspecified","GABLE",TRUE,"MSE",4.00467152753086,0.420000000000016,NA,4,4,0,2,2,0,0,0,0.5,0.5,1,1.5
18,"continuous",4,"Smooth nonlinear misspecified","GBM",TRUE,"MSE",2.77188378121032,0.0200000000000102,NA,NA,NA,NA,NA,NA,NA,NA,NA,NA,NA,NA,NA
18,"continuous",4,"Smooth nonlinear misspecified","Linear",TRUE,"MSE",5.74427812879785,0,NA,20,0,20,20,0,0,0,0,1,0,1,1
18,"continuous",4,"Smooth nonlinear misspecified","Random forest",TRUE,"MSE",3.59600785565101,0.359999999999985,NA,NA,NA,NA,NA,NA,NA,NA,NA,NA,NA,NA,NA
18,"continuous",4,"Smooth nonlinear misspecified","RuleFit",TRUE,"MSE",4.6266303657655,8.26999999999998,NA,8,8,0,2,6,0,0,0,0.25,0.75,1,1.75
19,"continuous",4,"Smooth nonlinear misspecified","BRP-GABLE full",TRUE,"MSE",2.61641953256175,21.46,NA,55,53,2,28,27,0,0,0,0.509090909090909,0.490909090909091,1,1.49090909090909
19,"continuous",4,"Smooth nonlinear misspecified","BRP-GABLE rule-only",TRUE,"MSE",2.54532870085135,21.37,NA,59,59,0,34,25,0,0,0,0.576271186440678,0.423728813559322,1,1.42372881355932
19,"continuous",4,"Smooth nonlinear misspecified","GABLE",TRUE,"MSE",4.31364372905148,0.400000000000006,NA,5,5,0,2,3,0,0,0,0.4,0.6,1,1.6
19,"continuous",4,"Smooth nonlinear misspecified","GBM",TRUE,"MSE",2.64939929897716,0.0199999999999818,NA,NA,NA,NA,NA,NA,NA,NA,NA,NA,NA,NA,NA
19,"continuous",4,"Smooth nonlinear misspecified","Linear",TRUE,"MSE",6.21983171426135,0.00999999999999091,NA,20,0,20,20,0,0,0,0,1,0,1,1
19,"continuous",4,"Smooth nonlinear misspecified","Random forest",TRUE,"MSE",3.74825822751423,0.420000000000016,NA,NA,NA,NA,NA,NA,NA,NA,NA,NA,NA,NA,NA
19,"continuous",4,"Smooth nonlinear misspecified","RuleFit",TRUE,"MSE",3.67897061730175,8.56999999999999,NA,30,30,0,11,18,1,0,0,0.366666666666667,0.6,0.966666666666667,1.66666666666667
20,"continuous",4,"Smooth nonlinear misspecified","BRP-GABLE full",TRUE,"MSE",2.25184259838232,23.11,NA,52,52,0,25,27,0,0,0,0.480769230769231,0.519230769230769,1,1.51923076923077
20,"continuous",4,"Smooth nonlinear misspecified","BRP-GABLE rule-only",TRUE,"MSE",2.13128057819991,22.85,NA,57,57,0,28,29,0,0,0,0.491228070175439,0.508771929824561,1,1.50877192982456
20,"continuous",4,"Smooth nonlinear misspecified","GABLE",TRUE,"MSE",4.58846385111156,0.489999999999981,NA,5,5,0,4,1,0,0,0,0.8,0.2,1,1.2
20,"continuous",4,"Smooth nonlinear misspecified","GBM",TRUE,"MSE",2.49559585138307,0.0200000000000102,NA,NA,NA,NA,NA,NA,NA,NA,NA,NA,NA,NA,NA
20,"continuous",4,"Smooth nonlinear misspecified","Linear",TRUE,"MSE",6.13313834532757,0.00999999999999091,NA,20,0,20,20,0,0,0,0,1,0,1,1
20,"continuous",4,"Smooth nonlinear misspecified","Random forest",TRUE,"MSE",3.75657757853466,0.430000000000007,NA,NA,NA,NA,NA,NA,NA,NA,NA,NA,NA,NA,NA
20,"continuous",4,"Smooth nonlinear misspecified","RuleFit",TRUE,"MSE",5.95969408276318,7.80000000000001,NA,5,5,0,4,1,0,0,0,0.8,0.2,1,1.2
21,"continuous",4,"Smooth nonlinear misspecified","BRP-GABLE full",TRUE,"MSE",2.08957122078246,22.34,NA,72,72,0,44,28,0,0,0,0.611111111111111,0.388888888888889,1,1.38888888888889
21,"continuous",4,"Smooth nonlinear misspecified","BRP-GABLE rule-only",TRUE,"MSE",2.00399401041032,22.22,NA,75,75,0,49,26,0,0,0,0.653333333333333,0.346666666666667,1,1.34666666666667
21,"continuous",4,"Smooth nonlinear misspecified","GABLE",TRUE,"MSE",3.75966827412653,0.519999999999982,NA,5,5,0,5,0,0,0,0,1,0,1,1
21,"continuous",4,"Smooth nonlinear misspecified","GBM",TRUE,"MSE",2.2648047029122,0.0100000000000193,NA,NA,NA,NA,NA,NA,NA,NA,NA,NA,NA,NA,NA
21,"continuous",4,"Smooth nonlinear misspecified","Linear",TRUE,"MSE",5.94249454207432,0.0199999999999818,NA,20,0,20,20,0,0,0,0,1,0,1,1
21,"continuous",4,"Smooth nonlinear misspecified","Random forest",TRUE,"MSE",3.41978240675217,0.409999999999997,NA,NA,NA,NA,NA,NA,NA,NA,NA,NA,NA,NA,NA
21,"continuous",4,"Smooth nonlinear misspecified","RuleFit",TRUE,"MSE",4.19421355278991,8.40000000000001,NA,19,19,0,18,1,0,0,0,0.947368421052632,0.0526315789473684,1,1.05263157894737
22,"continuous",4,"Smooth nonlinear misspecified","BRP-GABLE full",TRUE,"MSE",2.36143521975381,22.28,NA,60,60,0,34,26,0,0,0,0.566666666666667,0.433333333333333,1,1.43333333333333
22,"continuous",4,"Smooth nonlinear misspecified","BRP-GABLE rule-only",TRUE,"MSE",2.22521242167496,22.24,NA,70,70,0,43,27,0,0,0,0.614285714285714,0.385714285714286,1,1.38571428571429
22,"continuous",4,"Smooth nonlinear misspecified","GABLE",TRUE,"MSE",4.64982576713281,0.469999999999999,NA,4,4,0,3,1,0,0,0,0.75,0.25,1,1.25
22,"continuous",4,"Smooth nonlinear misspecified","GBM",TRUE,"MSE",2.70490041750011,0.00999999999999091,NA,NA,NA,NA,NA,NA,NA,NA,NA,NA,NA,NA,NA
22,"continuous",4,"Smooth nonlinear misspecified","Linear",TRUE,"MSE",7.33622100950385,0,NA,20,0,20,20,0,0,0,0,1,0,1,1
22,"continuous",4,"Smooth nonlinear misspecified","Random forest",TRUE,"MSE",3.83668817173605,0.439999999999998,NA,NA,NA,NA,NA,NA,NA,NA,NA,NA,NA,NA,NA
22,"continuous",4,"Smooth nonlinear misspecified","RuleFit",TRUE,"MSE",5.38372152938369,8.58000000000001,NA,17,17,0,7,8,2,0,0,0.411764705882353,0.470588235294118,0.882352941176471,1.70588235294118
23,"continuous",4,"Smooth nonlinear misspecified","BRP-GABLE full",TRUE,"MSE",1.76413387488771,22.84,NA,70,69,1,44,26,0,0,0,0.628571428571429,0.371428571428571,1,1.37142857142857
23,"continuous",4,"Smooth nonlinear misspecified","BRP-GABLE rule-only",TRUE,"MSE",1.75403959013391,22.72,NA,76,76,0,51,25,0,0,0,0.671052631578947,0.328947368421053,1,1.32894736842105
23,"continuous",4,"Smooth nonlinear misspecified","GABLE",TRUE,"MSE",4.09145981239914,0.719999999999999,NA,5,5,0,4,1,0,0,0,0.8,0.2,1,1.2
23,"continuous",4,"Smooth nonlinear misspecified","GBM",TRUE,"MSE",2.4391193453963,0.0100000000000193,NA,NA,NA,NA,NA,NA,NA,NA,NA,NA,NA,NA,NA
23,"continuous",4,"Smooth nonlinear misspecified","Linear",TRUE,"MSE",6.49273832424427,0,NA,20,0,20,20,0,0,0,0,1,0,1,1
23,"continuous",4,"Smooth nonlinear misspecified","Random forest",TRUE,"MSE",3.64835712168463,0.439999999999998,NA,NA,NA,NA,NA,NA,NA,NA,NA,NA,NA,NA,NA
23,"continuous",4,"Smooth nonlinear misspecified","RuleFit",TRUE,"MSE",4.96153945675562,8.07999999999998,NA,17,17,0,10,7,0,0,0,0.588235294117647,0.411764705882353,1,1.41176470588235
24,"continuous",4,"Smooth nonlinear misspecified","BRP-GABLE full",TRUE,"MSE",2.61594484660723,22.13,NA,73,69,4,45,28,0,0,0,0.616438356164384,0.383561643835616,1,1.38356164383562
24,"continuous",4,"Smooth nonlinear misspecified","BRP-GABLE rule-only",TRUE,"MSE",2.63981513672955,22.01,NA,73,73,0,42,31,0,0,0,0.575342465753425,0.424657534246575,1,1.42465753424658
24,"continuous",4,"Smooth nonlinear misspecified","GABLE",TRUE,"MSE",5.36723849082003,0.390000000000015,NA,5,5,0,3,2,0,0,0,0.6,0.4,1,1.4
24,"continuous",4,"Smooth nonlinear misspecified","GBM",TRUE,"MSE",2.70665179406186,0.0100000000000193,NA,NA,NA,NA,NA,NA,NA,NA,NA,NA,NA,NA,NA
24,"continuous",4,"Smooth nonlinear misspecified","Linear",TRUE,"MSE",6.6995470960789,0.0199999999999818,NA,20,0,20,20,0,0,0,0,1,0,1,1
24,"continuous",4,"Smooth nonlinear misspecified","Random forest",TRUE,"MSE",4.06111578963398,0.419999999999987,NA,NA,NA,NA,NA,NA,NA,NA,NA,NA,NA,NA,NA
24,"continuous",4,"Smooth nonlinear misspecified","RuleFit",TRUE,"MSE",5.08629512468343,7.97,NA,11,11,0,4,7,0,0,0,0.363636363636364,0.636363636363636,1,1.63636363636364
25,"continuous",4,"Smooth nonlinear misspecified","BRP-GABLE full",TRUE,"MSE",2.76216826866775,22.14,NA,75,74,1,43,32,0,0,0,0.573333333333333,0.426666666666667,1,1.42666666666667
25,"continuous",4,"Smooth nonlinear misspecified","BRP-GABLE rule-only",TRUE,"MSE",2.77772030265581,22.12,NA,72,72,0,41,31,0,0,0,0.569444444444444,0.430555555555556,1,1.43055555555556
25,"continuous",4,"Smooth nonlinear misspecified","GABLE",TRUE,"MSE",5.40259668433445,0.489999999999981,NA,5,5,0,4,1,0,0,0,0.8,0.2,1,1.2
25,"continuous",4,"Smooth nonlinear misspecified","GBM",TRUE,"MSE",3.07397585293786,0.0199999999999818,NA,NA,NA,NA,NA,NA,NA,NA,NA,NA,NA,NA,NA
25,"continuous",4,"Smooth nonlinear misspecified","Linear",TRUE,"MSE",7.27594454969938,0,NA,20,0,20,20,0,0,0,0,1,0,1,1
25,"continuous",4,"Smooth nonlinear misspecified","Random forest",TRUE,"MSE",4.43764721791401,0.420000000000016,NA,NA,NA,NA,NA,NA,NA,NA,NA,NA,NA,NA,NA
25,"continuous",4,"Smooth nonlinear misspecified","RuleFit",TRUE,"MSE",6.20927236595889,8.84,NA,8,8,0,3,5,0,0,0,0.375,0.625,1,1.625
26,"continuous",4,"Smooth nonlinear misspecified","BRP-GABLE full",TRUE,"MSE",2.43326811349571,22.81,NA,62,61,1,41,21,0,0,0,0.661290322580645,0.338709677419355,1,1.33870967741935
26,"continuous",4,"Smooth nonlinear misspecified","BRP-GABLE rule-only",TRUE,"MSE",2.34998899455024,22.75,NA,66,66,0,45,21,0,0,0,0.681818181818182,0.318181818181818,1,1.31818181818182
26,"continuous",4,"Smooth nonlinear misspecified","GABLE",TRUE,"MSE",4.4176713346137,0.420000000000016,NA,5,5,0,3,2,0,0,0,0.6,0.4,1,1.4
26,"continuous",4,"Smooth nonlinear misspecified","GBM",TRUE,"MSE",2.81405272146386,0.0200000000000102,NA,NA,NA,NA,NA,NA,NA,NA,NA,NA,NA,NA,NA
26,"continuous",4,"Smooth nonlinear misspecified","Linear",TRUE,"MSE",7.05005595873854,0,NA,20,0,20,20,0,0,0,0,1,0,1,1
26,"continuous",4,"Smooth nonlinear misspecified","Random forest",TRUE,"MSE",3.91642950494227,0.419999999999987,NA,NA,NA,NA,NA,NA,NA,NA,NA,NA,NA,NA,NA
26,"continuous",4,"Smooth nonlinear misspecified","RuleFit",TRUE,"MSE",5.17027240287424,7.73999999999998,NA,10,10,0,5,5,0,0,0,0.5,0.5,1,1.5
27,"continuous",4,"Smooth nonlinear misspecified","BRP-GABLE full",TRUE,"MSE",2.91109019282096,20.75,NA,70,67,3,36,34,0,0,0,0.514285714285714,0.485714285714286,1,1.48571428571429
27,"continuous",4,"Smooth nonlinear misspecified","BRP-GABLE rule-only",TRUE,"MSE",2.8893840547196,20.68,NA,70,70,0,37,33,0,0,0,0.528571428571429,0.471428571428571,1,1.47142857142857
27,"continuous",4,"Smooth nonlinear misspecified","GABLE",TRUE,"MSE",4.65621965846185,0.449999999999989,NA,5,5,0,4,1,0,0,0,0.8,0.2,1,1.2
27,"continuous",4,"Smooth nonlinear misspecified","GBM",TRUE,"MSE",3.09241330535967,0.0100000000000193,NA,NA,NA,NA,NA,NA,NA,NA,NA,NA,NA,NA,NA
27,"continuous",4,"Smooth nonlinear misspecified","Linear",TRUE,"MSE",6.70723418973094,0,NA,20,0,20,20,0,0,0,0,1,0,1,1
27,"continuous",4,"Smooth nonlinear misspecified","Random forest",TRUE,"MSE",4.55487445466148,0.439999999999998,NA,NA,NA,NA,NA,NA,NA,NA,NA,NA,NA,NA,NA
27,"continuous",4,"Smooth nonlinear misspecified","RuleFit",TRUE,"MSE",5.91393858820175,8.19,NA,9,9,0,2,7,0,0,0,0.222222222222222,0.777777777777778,1,1.77777777777778
28,"continuous",4,"Smooth nonlinear misspecified","BRP-GABLE full",TRUE,"MSE",2.60731646284914,21.42,NA,78,78,0,45,33,0,0,0,0.576923076923077,0.423076923076923,1,1.42307692307692
28,"continuous",4,"Smooth nonlinear misspecified","BRP-GABLE rule-only",TRUE,"MSE",2.50014608156543,21.37,NA,79,79,0,50,29,0,0,0,0.632911392405063,0.367088607594937,1,1.36708860759494
28,"continuous",4,"Smooth nonlinear misspecified","GABLE",TRUE,"MSE",4.56653070978282,0.47999999999999,NA,5,5,0,3,2,0,0,0,0.6,0.4,1,1.4
28,"continuous",4,"Smooth nonlinear misspecified","GBM",TRUE,"MSE",2.53789803541515,0.0199999999999818,NA,NA,NA,NA,NA,NA,NA,NA,NA,NA,NA,NA,NA
28,"continuous",4,"Smooth nonlinear misspecified","Linear",TRUE,"MSE",6.73056652370568,0,NA,20,0,20,20,0,0,0,0,1,0,1,1
28,"continuous",4,"Smooth nonlinear misspecified","Random forest",TRUE,"MSE",4.10667387538898,0.390000000000015,NA,NA,NA,NA,NA,NA,NA,NA,NA,NA,NA,NA,NA
28,"continuous",4,"Smooth nonlinear misspecified","RuleFit",TRUE,"MSE",5.91688936445941,7.90000000000001,NA,12,12,0,9,3,0,0,0,0.75,0.25,1,1.25
29,"continuous",4,"Smooth nonlinear misspecified","BRP-GABLE full",TRUE,"MSE",2.45423299332367,21.44,NA,70,68,2,36,34,0,0,0,0.514285714285714,0.485714285714286,1,1.48571428571429
29,"continuous",4,"Smooth nonlinear misspecified","BRP-GABLE rule-only",TRUE,"MSE",2.34737792990055,21.46,NA,68,68,0,34,34,0,0,0,0.5,0.5,1,1.5
29,"continuous",4,"Smooth nonlinear misspecified","GABLE",TRUE,"MSE",4.36942668506096,0.480000000000018,NA,5,5,0,3,2,0,0,0,0.6,0.4,1,1.4
29,"continuous",4,"Smooth nonlinear misspecified","GBM",TRUE,"MSE",2.71824132214947,0.0200000000000102,NA,NA,NA,NA,NA,NA,NA,NA,NA,NA,NA,NA,NA
29,"continuous",4,"Smooth nonlinear misspecified","Linear",TRUE,"MSE",6.25144261797498,0,NA,20,0,20,20,0,0,0,0,1,0,1,1
29,"continuous",4,"Smooth nonlinear misspecified","Random forest",TRUE,"MSE",3.94477889198547,0.419999999999987,NA,NA,NA,NA,NA,NA,NA,NA,NA,NA,NA,NA,NA
29,"continuous",4,"Smooth nonlinear misspecified","RuleFit",TRUE,"MSE",5.90311349994384,8.10999999999999,NA,13,13,0,4,8,1,0,0,0.307692307692308,0.615384615384615,0.923076923076923,1.76923076923077
30,"continuous",4,"Smooth nonlinear misspecified","BRP-GABLE full",TRUE,"MSE",2.64093285711777,19.71,NA,68,68,0,29,39,0,0,0,0.426470588235294,0.573529411764706,1,1.57352941176471
30,"continuous",4,"Smooth nonlinear misspecified","BRP-GABLE rule-only",TRUE,"MSE",2.50275923706047,19.63,NA,73,73,0,34,39,0,0,0,0.465753424657534,0.534246575342466,1,1.53424657534247
30,"continuous",4,"Smooth nonlinear misspecified","GABLE",TRUE,"MSE",4.56586397746851,0.450000000000017,NA,5,5,0,4,1,0,0,0,0.8,0.2,1,1.2
30,"continuous",4,"Smooth nonlinear misspecified","GBM",TRUE,"MSE",2.63114457351917,0.0300000000000011,NA,NA,NA,NA,NA,NA,NA,NA,NA,NA,NA,NA,NA
30,"continuous",4,"Smooth nonlinear misspecified","Linear",TRUE,"MSE",6.51466009778,0,NA,20,0,20,20,0,0,0,0,1,0,1,1
30,"continuous",4,"Smooth nonlinear misspecified","Random forest",TRUE,"MSE",3.87272559201255,0.409999999999997,NA,NA,NA,NA,NA,NA,NA,NA,NA,NA,NA,NA,NA
30,"continuous",4,"Smooth nonlinear misspecified","RuleFit",TRUE,"MSE",5.66579847073818,7.85999999999999,NA,11,11,0,4,7,0,0,0,0.363636363636364,0.636363636363636,1,1.63636363636364
31,"continuous",4,"Smooth nonlinear misspecified","BRP-GABLE full",TRUE,"MSE",2.74168143124915,22,NA,49,48,1,26,23,0,0,0,0.530612244897959,0.469387755102041,1,1.46938775510204
31,"continuous",4,"Smooth nonlinear misspecified","BRP-GABLE rule-only",TRUE,"MSE",2.58287095211934,21.98,NA,62,62,0,40,22,0,0,0,0.645161290322581,0.354838709677419,1,1.35483870967742
31,"continuous",4,"Smooth nonlinear misspecified","GABLE",TRUE,"MSE",5.20796148158445,0.510000000000019,NA,5,5,0,4,1,0,0,0,0.8,0.2,1,1.2
31,"continuous",4,"Smooth nonlinear misspecified","GBM",TRUE,"MSE",3.1062050337014,0.0200000000000102,NA,NA,NA,NA,NA,NA,NA,NA,NA,NA,NA,NA,NA
31,"continuous",4,"Smooth nonlinear misspecified","Linear",TRUE,"MSE",6.81948918185503,0,NA,20,0,20,20,0,0,0,0,1,0,1,1
31,"continuous",4,"Smooth nonlinear misspecified","Random forest",TRUE,"MSE",4.41268938532373,0.419999999999987,NA,NA,NA,NA,NA,NA,NA,NA,NA,NA,NA,NA,NA
31,"continuous",4,"Smooth nonlinear misspecified","RuleFit",TRUE,"MSE",4.93895492004966,8.81999999999999,NA,20,20,0,11,7,2,0,0,0.55,0.35,0.9,1.55
32,"continuous",4,"Smooth nonlinear misspecified","BRP-GABLE full",TRUE,"MSE",2.73479072743161,20.82,NA,70,69,1,28,42,0,0,0,0.4,0.6,1,1.6
32,"continuous",4,"Smooth nonlinear misspecified","BRP-GABLE rule-only",TRUE,"MSE",2.60009789349984,20.76,NA,74,74,0,31,43,0,0,0,0.418918918918919,0.581081081081081,1,1.58108108108108
32,"continuous",4,"Smooth nonlinear misspecified","GABLE",TRUE,"MSE",4.26817400136165,0.439999999999998,NA,5,5,0,4,1,0,0,0,0.8,0.2,1,1.2
32,"continuous",4,"Smooth nonlinear misspecified","GBM",TRUE,"MSE",2.74040062025843,0.0200000000000102,NA,NA,NA,NA,NA,NA,NA,NA,NA,NA,NA,NA,NA
32,"continuous",4,"Smooth nonlinear misspecified","Linear",TRUE,"MSE",6.55262666334248,0,NA,20,0,20,20,0,0,0,0,1,0,1,1
32,"continuous",4,"Smooth nonlinear misspecified","Random forest",TRUE,"MSE",3.75251059138494,0.419999999999987,NA,NA,NA,NA,NA,NA,NA,NA,NA,NA,NA,NA,NA
32,"continuous",4,"Smooth nonlinear misspecified","RuleFit",TRUE,"MSE",4.96566212081855,8.07999999999998,NA,17,17,0,11,5,1,0,0,0.647058823529412,0.294117647058824,0.941176470588235,1.41176470588235
33,"continuous",4,"Smooth nonlinear misspecified","BRP-GABLE full",TRUE,"MSE",2.59949446587688,19.93,NA,62,55,7,35,27,0,0,0,0.564516129032258,0.435483870967742,1,1.43548387096774
33,"continuous",4,"Smooth nonlinear misspecified","BRP-GABLE rule-only",TRUE,"MSE",2.62590132710423,19.97,NA,66,66,0,36,30,0,0,0,0.545454545454545,0.454545454545455,1,1.45454545454545
33,"continuous",4,"Smooth nonlinear misspecified","GABLE",TRUE,"MSE",5.06326226526285,0.469999999999999,NA,4,4,0,2,2,0,0,0,0.5,0.5,1,1.5
33,"continuous",4,"Smooth nonlinear misspecified","GBM",TRUE,"MSE",2.62216093604479,0.0199999999999818,NA,NA,NA,NA,NA,NA,NA,NA,NA,NA,NA,NA,NA
33,"continuous",4,"Smooth nonlinear misspecified","Linear",TRUE,"MSE",6.64444802444312,0,NA,20,0,20,20,0,0,0,0,1,0,1,1
33,"continuous",4,"Smooth nonlinear misspecified","Random forest",TRUE,"MSE",3.88436818948454,0.370000000000005,NA,NA,NA,NA,NA,NA,NA,NA,NA,NA,NA,NA,NA
33,"continuous",4,"Smooth nonlinear misspecified","RuleFit",TRUE,"MSE",5.68423997014776,8.33000000000001,NA,13,13,0,6,7,0,0,0,0.461538461538462,0.538461538461538,1,1.53846153846154
34,"continuous",4,"Smooth nonlinear misspecified","BRP-GABLE full",TRUE,"MSE",2.27259717813491,21.98,NA,73,68,5,39,34,0,0,0,0.534246575342466,0.465753424657534,1,1.46575342465753
34,"continuous",4,"Smooth nonlinear misspecified","BRP-GABLE rule-only",TRUE,"MSE",2.22899078379761,21.92,NA,74,74,0,43,31,0,0,0,0.581081081081081,0.418918918918919,1,1.41891891891892
34,"continuous",4,"Smooth nonlinear misspecified","GABLE",TRUE,"MSE",4.38474991050607,0.509999999999991,NA,5,5,0,4,1,0,0,0,0.8,0.2,1,1.2
34,"continuous",4,"Smooth nonlinear misspecified","GBM",TRUE,"MSE",2.71551464554986,0.00999999999999091,NA,NA,NA,NA,NA,NA,NA,NA,NA,NA,NA,NA,NA
34,"continuous",4,"Smooth nonlinear misspecified","Linear",TRUE,"MSE",6.88418107728666,0.0199999999999818,NA,20,0,20,20,0,0,0,0,1,0,1,1
34,"continuous",4,"Smooth nonlinear misspecified","Random forest",TRUE,"MSE",4.33129225824603,0.430000000000007,NA,NA,NA,NA,NA,NA,NA,NA,NA,NA,NA,NA,NA
34,"continuous",4,"Smooth nonlinear misspecified","RuleFit",TRUE,"MSE",5.74850446642144,7.80000000000001,NA,13,13,0,9,4,0,0,0,0.692307692307692,0.307692307692308,1,1.30769230769231
35,"continuous",4,"Smooth nonlinear misspecified","BRP-GABLE full",TRUE,"MSE",2.25253860027433,21.86,NA,70,70,0,36,34,0,0,0,0.514285714285714,0.485714285714286,1,1.48571428571429
35,"continuous",4,"Smooth nonlinear misspecified","BRP-GABLE rule-only",TRUE,"MSE",2.16278118695812,21.81,NA,74,74,0,40,34,0,0,0,0.540540540540541,0.459459459459459,1,1.45945945945946
35,"continuous",4,"Smooth nonlinear misspecified","GABLE",TRUE,"MSE",3.96606256505175,0.5,NA,5,5,0,5,0,0,0,0,1,0,1,1
35,"continuous",4,"Smooth nonlinear misspecified","GBM",TRUE,"MSE",2.55870370922424,0.0100000000000477,NA,NA,NA,NA,NA,NA,NA,NA,NA,NA,NA,NA,NA
35,"continuous",4,"Smooth nonlinear misspecified","Linear",TRUE,"MSE",6.62181953015614,0,NA,20,0,20,20,0,0,0,0,1,0,1,1
35,"continuous",4,"Smooth nonlinear misspecified","Random forest",TRUE,"MSE",3.91741242616919,0.419999999999959,NA,NA,NA,NA,NA,NA,NA,NA,NA,NA,NA,NA,NA
35,"continuous",4,"Smooth nonlinear misspecified","RuleFit",TRUE,"MSE",5.60006558040463,7.91000000000003,NA,10,10,0,5,5,0,0,0,0.5,0.5,1,1.5
36,"continuous",4,"Smooth nonlinear misspecified","BRP-GABLE full",TRUE,"MSE",2.10978547232321,21.67,NA,59,57,2,34,25,0,0,0,0.576271186440678,0.423728813559322,1,1.42372881355932
36,"continuous",4,"Smooth nonlinear misspecified","BRP-GABLE rule-only",TRUE,"MSE",2.06975916830616,21.61,NA,62,62,0,36,26,0,0,0,0.580645161290323,0.419354838709677,1,1.41935483870968
36,"continuous",4,"Smooth nonlinear misspecified","GABLE",TRUE,"MSE",5.26546319663126,0.45999999999998,NA,5,5,0,4,1,0,0,0,0.8,0.2,1,1.2
36,"continuous",4,"Smooth nonlinear misspecified","GBM",TRUE,"MSE",2.52641433077716,0.0300000000000296,NA,NA,NA,NA,NA,NA,NA,NA,NA,NA,NA,NA,NA
36,"continuous",4,"Smooth nonlinear misspecified","Linear",TRUE,"MSE",6.38393506525172,0,NA,20,0,20,20,0,0,0,0,1,0,1,1
36,"continuous",4,"Smooth nonlinear misspecified","Random forest",TRUE,"MSE",3.53194762030422,0.399999999999977,NA,NA,NA,NA,NA,NA,NA,NA,NA,NA,NA,NA,NA
36,"continuous",4,"Smooth nonlinear misspecified","RuleFit",TRUE,"MSE",4.92399428570398,8.11000000000001,NA,9,9,0,8,1,0,0,0,0.888888888888889,0.111111111111111,1,1.11111111111111
37,"continuous",4,"Smooth nonlinear misspecified","BRP-GABLE full",TRUE,"MSE",3.3379802471547,20.7,NA,59,57,2,30,29,0,0,0,0.508474576271186,0.491525423728814,1,1.49152542372881
37,"continuous",4,"Smooth nonlinear misspecified","BRP-GABLE rule-only",TRUE,"MSE",3.10409360454135,20.67,NA,63,63,0,35,28,0,0,0,0.555555555555556,0.444444444444444,1,1.44444444444444
37,"continuous",4,"Smooth nonlinear misspecified","GABLE",TRUE,"MSE",5.79175320324011,0.490000000000009,NA,5,5,0,4,1,0,0,0,0.8,0.2,1,1.2
37,"continuous",4,"Smooth nonlinear misspecified","GBM",TRUE,"MSE",3.33014479680692,0.0199999999999818,NA,NA,NA,NA,NA,NA,NA,NA,NA,NA,NA,NA,NA
37,"continuous",4,"Smooth nonlinear misspecified","Linear",TRUE,"MSE",6.96502332123765,0,NA,20,0,20,20,0,0,0,0,1,0,1,1
37,"continuous",4,"Smooth nonlinear misspecified","Random forest",TRUE,"MSE",4.68539091660761,0.420000000000016,NA,NA,NA,NA,NA,NA,NA,NA,NA,NA,NA,NA,NA
37,"continuous",4,"Smooth nonlinear misspecified","RuleFit",TRUE,"MSE",6.33077494876881,8.56999999999999,NA,14,14,0,4,9,1,0,0,0.285714285714286,0.642857142857143,0.928571428571429,1.78571428571429
38,"continuous",4,"Smooth nonlinear misspecified","BRP-GABLE full",TRUE,"MSE",2.45709407442345,20.85,NA,60,60,0,22,38,0,0,0,0.366666666666667,0.633333333333333,1,1.63333333333333
38,"continuous",4,"Smooth nonlinear misspecified","BRP-GABLE rule-only",TRUE,"MSE",2.29381423860336,20.87,NA,70,70,0,31,39,0,0,0,0.442857142857143,0.557142857142857,1,1.55714285714286
38,"continuous",4,"Smooth nonlinear misspecified","GABLE",TRUE,"MSE",4.86416753642691,0.360000000000014,NA,5,5,0,2,3,0,0,0,0.4,0.6,1,1.6
38,"continuous",4,"Smooth nonlinear misspecified","GBM",TRUE,"MSE",2.39959651362082,0.0199999999999818,NA,NA,NA,NA,NA,NA,NA,NA,NA,NA,NA,NA,NA
38,"continuous",4,"Smooth nonlinear misspecified","Linear",TRUE,"MSE",6.40635662645961,0,NA,20,0,20,20,0,0,0,0,1,0,1,1
38,"continuous",4,"Smooth nonlinear misspecified","Random forest",TRUE,"MSE",3.50111784058415,0.439999999999998,NA,NA,NA,NA,NA,NA,NA,NA,NA,NA,NA,NA,NA
38,"continuous",4,"Smooth nonlinear misspecified","RuleFit",TRUE,"MSE",5.43271822029746,7.84000000000003,NA,12,12,0,5,7,0,0,0,0.416666666666667,0.583333333333333,1,1.58333333333333
39,"continuous",4,"Smooth nonlinear misspecified","BRP-GABLE full",TRUE,"MSE",2.57592929503301,20.41,NA,44,43,1,13,31,0,0,0,0.295454545454545,0.704545454545455,1,1.70454545454545
39,"continuous",4,"Smooth nonlinear misspecified","BRP-GABLE rule-only",TRUE,"MSE",2.55150388729055,20.3,NA,45,45,0,15,30,0,0,0,0.333333333333333,0.666666666666667,1,1.66666666666667
39,"continuous",4,"Smooth nonlinear misspecified","GABLE",TRUE,"MSE",4.34668988280909,0.400000000000034,NA,5,5,0,3,2,0,0,0,0.6,0.4,1,1.4
39,"continuous",4,"Smooth nonlinear misspecified","GBM",TRUE,"MSE",2.65960874805697,0.00999999999999091,NA,NA,NA,NA,NA,NA,NA,NA,NA,NA,NA,NA,NA
39,"continuous",4,"Smooth nonlinear misspecified","Linear",TRUE,"MSE",6.72663141572672,0,NA,20,0,20,20,0,0,0,0,1,0,1,1
39,"continuous",4,"Smooth nonlinear misspecified","Random forest",TRUE,"MSE",3.79276228077696,0.45999999999998,NA,NA,NA,NA,NA,NA,NA,NA,NA,NA,NA,NA,NA
39,"continuous",4,"Smooth nonlinear misspecified","RuleFit",TRUE,"MSE",4.47983320738251,8.63,NA,28,28,0,13,14,1,0,0,0.464285714285714,0.5,0.964285714285714,1.57142857142857
40,"continuous",4,"Smooth nonlinear misspecified","BRP-GABLE full",TRUE,"MSE",2.49692672913549,20.51,NA,53,51,2,22,31,0,0,0,0.415094339622642,0.584905660377358,1,1.58490566037736
40,"continuous",4,"Smooth nonlinear misspecified","BRP-GABLE rule-only",TRUE,"MSE",2.40170105762767,20.45,NA,60,60,0,27,33,0,0,0,0.45,0.55,1,1.55
40,"continuous",4,"Smooth nonlinear misspecified","GABLE",TRUE,"MSE",5.24425160476622,0.379999999999995,NA,5,5,0,2,3,0,0,0,0.4,0.6,1,1.6
40,"continuous",4,"Smooth nonlinear misspecified","GBM",TRUE,"MSE",2.74855538122721,0.0299999999999727,NA,NA,NA,NA,NA,NA,NA,NA,NA,NA,NA,NA,NA
40,"continuous",4,"Smooth nonlinear misspecified","Linear",TRUE,"MSE",6.06274932551637,0,NA,20,0,20,20,0,0,0,0,1,0,1,1
40,"continuous",4,"Smooth nonlinear misspecified","Random forest",TRUE,"MSE",3.99550551371249,0.390000000000043,NA,NA,NA,NA,NA,NA,NA,NA,NA,NA,NA,NA,NA
40,"continuous",4,"Smooth nonlinear misspecified","RuleFit",TRUE,"MSE",4.21241936861086,8.57999999999998,NA,31,31,0,13,18,0,0,0,0.419354838709677,0.580645161290323,1,1.58064516129032
41,"continuous",4,"Smooth nonlinear misspecified","BRP-GABLE full",TRUE,"MSE",2.20172180076901,22.67,NA,64,60,4,36,28,0,0,0,0.5625,0.4375,1,1.4375
41,"continuous",4,"Smooth nonlinear misspecified","BRP-GABLE rule-only",TRUE,"MSE",2.20974620586621,22.63,NA,62,62,0,33,29,0,0,0,0.532258064516129,0.467741935483871,1,1.46774193548387
41,"continuous",4,"Smooth nonlinear misspecified","GABLE",TRUE,"MSE",4.20486996736982,0.53000000000003,NA,5,5,0,5,0,0,0,0,1,0,1,1
41,"continuous",4,"Smooth nonlinear misspecified","GBM",TRUE,"MSE",2.71316356948248,0.0199999999999818,NA,NA,NA,NA,NA,NA,NA,NA,NA,NA,NA,NA,NA
41,"continuous",4,"Smooth nonlinear misspecified","Linear",TRUE,"MSE",5.64163465248696,0,NA,20,0,20,20,0,0,0,0,1,0,1,1
41,"continuous",4,"Smooth nonlinear misspecified","Random forest",TRUE,"MSE",3.81549959469728,0.420000000000016,NA,NA,NA,NA,NA,NA,NA,NA,NA,NA,NA,NA,NA
41,"continuous",4,"Smooth nonlinear misspecified","RuleFit",TRUE,"MSE",3.66303102597603,8.01999999999998,NA,21,21,0,13,8,0,0,0,0.619047619047619,0.380952380952381,1,1.38095238095238
42,"continuous",4,"Smooth nonlinear misspecified","BRP-GABLE full",TRUE,"MSE",2.35121214697082,22.67,NA,43,43,0,20,23,0,0,0,0.465116279069767,0.534883720930233,1,1.53488372093023
42,"continuous",4,"Smooth nonlinear misspecified","BRP-GABLE rule-only",TRUE,"MSE",2.21325858152611,22.57,NA,57,57,0,32,25,0,0,0,0.56140350877193,0.43859649122807,1,1.43859649122807
42,"continuous",4,"Smooth nonlinear misspecified","GABLE",TRUE,"MSE",4.38482378469637,0.54000000000002,NA,5,5,0,4,1,0,0,0,0.8,0.2,1,1.2
42,"continuous",4,"Smooth nonlinear misspecified","GBM",TRUE,"MSE",2.36208624700935,0.0199999999999818,NA,NA,NA,NA,NA,NA,NA,NA,NA,NA,NA,NA,NA
42,"continuous",4,"Smooth nonlinear misspecified","Linear",TRUE,"MSE",5.45874177805936,0,NA,20,0,20,20,0,0,0,0,1,0,1,1
42,"continuous",4,"Smooth nonlinear misspecified","Random forest",TRUE,"MSE",3.10600622092301,0.430000000000007,NA,NA,NA,NA,NA,NA,NA,NA,NA,NA,NA,NA,NA
42,"continuous",4,"Smooth nonlinear misspecified","RuleFit",TRUE,"MSE",4.21734506417098,7.81999999999999,NA,9,9,0,2,7,0,0,0,0.222222222222222,0.777777777777778,1,1.77777777777778
43,"continuous",4,"Smooth nonlinear misspecified","BRP-GABLE full",TRUE,"MSE",2.81360305256202,21.39,NA,68,66,2,42,26,0,0,0,0.617647058823529,0.382352941176471,1,1.38235294117647
43,"continuous",4,"Smooth nonlinear misspecified","BRP-GABLE rule-only",TRUE,"MSE",2.80795953949061,21.33,NA,72,72,0,46,26,0,0,0,0.638888888888889,0.361111111111111,1,1.36111111111111
43,"continuous",4,"Smooth nonlinear misspecified","GABLE",TRUE,"MSE",5.20050634887758,0.490000000000009,NA,5,5,0,4,1,0,0,0,0.8,0.2,1,1.2
43,"continuous",4,"Smooth nonlinear misspecified","GBM",TRUE,"MSE",3.10918978328699,0.0199999999999818,NA,NA,NA,NA,NA,NA,NA,NA,NA,NA,NA,NA,NA
43,"continuous",4,"Smooth nonlinear misspecified","Linear",TRUE,"MSE",6.59171559766256,0,NA,20,0,20,20,0,0,0,0,1,0,1,1
43,"continuous",4,"Smooth nonlinear misspecified","Random forest",TRUE,"MSE",4.25546696935102,0.430000000000007,NA,NA,NA,NA,NA,NA,NA,NA,NA,NA,NA,NA,NA
43,"continuous",4,"Smooth nonlinear misspecified","RuleFit",TRUE,"MSE",4.62833482346393,7.84000000000003,NA,23,23,0,13,10,0,0,0,0.565217391304348,0.434782608695652,1,1.43478260869565
44,"continuous",4,"Smooth nonlinear misspecified","BRP-GABLE full",TRUE,"MSE",2.72281458602023,20.69,NA,46,46,0,11,35,0,0,0,0.239130434782609,0.760869565217391,1,1.76086956521739
44,"continuous",4,"Smooth nonlinear misspecified","BRP-GABLE rule-only",TRUE,"MSE",2.60622003986257,20.65,NA,51,51,0,14,37,0,0,0,0.274509803921569,0.725490196078431,1,1.72549019607843
44,"continuous",4,"Smooth nonlinear misspecified","GABLE",TRUE,"MSE",4.32098600823825,0.420000000000016,NA,5,5,0,3,2,0,0,0,0.6,0.4,1,1.4
44,"continuous",4,"Smooth nonlinear misspecified","GBM",TRUE,"MSE",2.81013064443178,0.00999999999999091,NA,NA,NA,NA,NA,NA,NA,NA,NA,NA,NA,NA,NA
44,"continuous",4,"Smooth nonlinear misspecified","Linear",TRUE,"MSE",6.60488630972145,0,NA,20,0,20,20,0,0,0,0,1,0,1,1
44,"continuous",4,"Smooth nonlinear misspecified","Random forest",TRUE,"MSE",3.99254773297105,0.379999999999995,NA,NA,NA,NA,NA,NA,NA,NA,NA,NA,NA,NA,NA
44,"continuous",4,"Smooth nonlinear misspecified","RuleFit",TRUE,"MSE",5.44307772925547,7.31,NA,19,19,0,10,9,0,0,0,0.526315789473684,0.473684210526316,1,1.47368421052632
45,"continuous",4,"Smooth nonlinear misspecified","BRP-GABLE full",TRUE,"MSE",2.19828764438392,21.15,NA,65,63,2,35,30,0,0,0,0.538461538461538,0.461538461538462,1,1.46153846153846
45,"continuous",4,"Smooth nonlinear misspecified","BRP-GABLE rule-only",TRUE,"MSE",2.19428950120126,21.1200000000001,NA,64,64,0,34,30,0,0,0,0.53125,0.46875,1,1.46875
45,"continuous",4,"Smooth nonlinear misspecified","GABLE",TRUE,"MSE",4.03473327861247,0.319999999999993,NA,5,5,0,4,1,0,0,0,0.8,0.2,1,1.2
45,"continuous",4,"Smooth nonlinear misspecified","GBM",TRUE,"MSE",2.27133467485679,0.0199999999999818,NA,NA,NA,NA,NA,NA,NA,NA,NA,NA,NA,NA,NA
45,"continuous",4,"Smooth nonlinear misspecified","Linear",TRUE,"MSE",5.88183391146568,0,NA,20,0,20,20,0,0,0,0,1,0,1,1
45,"continuous",4,"Smooth nonlinear misspecified","Random forest",TRUE,"MSE",3.36994361715311,0.410000000000025,NA,NA,NA,NA,NA,NA,NA,NA,NA,NA,NA,NA,NA
45,"continuous",4,"Smooth nonlinear misspecified","RuleFit",TRUE,"MSE",4.29138556421455,8.21999999999997,NA,22,22,0,15,6,1,0,0,0.681818181818182,0.272727272727273,0.954545454545455,1.36363636363636
46,"continuous",4,"Smooth nonlinear misspecified","BRP-GABLE full",TRUE,"MSE",2.16622363506965,20.61,NA,62,61,1,32,30,0,0,0,0.516129032258065,0.483870967741935,1,1.48387096774194
46,"continuous",4,"Smooth nonlinear misspecified","BRP-GABLE rule-only",TRUE,"MSE",2.13006336526381,20.62,NA,61,61,0,31,30,0,0,0,0.508196721311475,0.491803278688525,1,1.49180327868852
46,"continuous",4,"Smooth nonlinear misspecified","GABLE",TRUE,"MSE",4.73751296693399,0.439999999999998,NA,5,5,0,4,1,0,0,0,0.8,0.2,1,1.2
46,"continuous",4,"Smooth nonlinear misspecified","GBM",TRUE,"MSE",2.31589126119454,0.00999999999999091,NA,NA,NA,NA,NA,NA,NA,NA,NA,NA,NA,NA,NA
46,"continuous",4,"Smooth nonlinear misspecified","Linear",TRUE,"MSE",6.99340111152497,0,NA,20,0,20,20,0,0,0,0,1,0,1,1
46,"continuous",4,"Smooth nonlinear misspecified","Random forest",TRUE,"MSE",3.74551871057645,0.420000000000016,NA,NA,NA,NA,NA,NA,NA,NA,NA,NA,NA,NA,NA
46,"continuous",4,"Smooth nonlinear misspecified","RuleFit",TRUE,"MSE",4.71007775885699,8.33999999999997,NA,22,22,0,13,9,0,0,0,0.590909090909091,0.409090909090909,1,1.40909090909091
47,"continuous",4,"Smooth nonlinear misspecified","BRP-GABLE full",TRUE,"MSE",2.4088874740506,20.98,NA,64,61,3,33,31,0,0,0,0.515625,0.484375,1,1.484375
47,"continuous",4,"Smooth nonlinear misspecified","BRP-GABLE rule-only",TRUE,"MSE",2.35619369262532,20.98,NA,66,66,0,33,33,0,0,0,0.5,0.5,1,1.5
47,"continuous",4,"Smooth nonlinear misspecified","GABLE",TRUE,"MSE",4.34091705218292,0.479999999999961,NA,5,5,0,4,1,0,0,0,0.8,0.2,1,1.2
47,"continuous",4,"Smooth nonlinear misspecified","GBM",TRUE,"MSE",2.63753849613449,0.0100000000000477,NA,NA,NA,NA,NA,NA,NA,NA,NA,NA,NA,NA,NA
47,"continuous",4,"Smooth nonlinear misspecified","Linear",TRUE,"MSE",6.19042150330762,0,NA,20,0,20,20,0,0,0,0,1,0,1,1
47,"continuous",4,"Smooth nonlinear misspecified","Random forest",TRUE,"MSE",3.62296108824568,0.439999999999998,NA,NA,NA,NA,NA,NA,NA,NA,NA,NA,NA,NA,NA
47,"continuous",4,"Smooth nonlinear misspecified","RuleFit",TRUE,"MSE",3.7719835137677,7.94,NA,27,27,0,20,7,0,0,0,0.740740740740741,0.259259259259259,1,1.25925925925926
48,"continuous",4,"Smooth nonlinear misspecified","BRP-GABLE full",TRUE,"MSE",1.88157471215762,21.21,NA,75,73,2,35,40,0,0,0,0.466666666666667,0.533333333333333,1,1.53333333333333
48,"continuous",4,"Smooth nonlinear misspecified","BRP-GABLE rule-only",TRUE,"MSE",1.87134079952492,21.19,NA,72,72,0,33,39,0,0,0,0.458333333333333,0.541666666666667,1,1.54166666666667
48,"continuous",4,"Smooth nonlinear misspecified","GABLE",TRUE,"MSE",3.93864580610029,0.46999999999997,NA,5,5,0,4,1,0,0,0,0.8,0.2,1,1.2
48,"continuous",4,"Smooth nonlinear misspecified","GBM",TRUE,"MSE",2.24149991742063,0.0199999999999818,NA,NA,NA,NA,NA,NA,NA,NA,NA,NA,NA,NA,NA
48,"continuous",4,"Smooth nonlinear misspecified","Linear",TRUE,"MSE",5.3597727579196,0,NA,20,0,20,20,0,0,0,0,1,0,1,1
48,"continuous",4,"Smooth nonlinear misspecified","Random forest",TRUE,"MSE",3.22233190399067,0.439999999999998,NA,NA,NA,NA,NA,NA,NA,NA,NA,NA,NA,NA,NA
48,"continuous",4,"Smooth nonlinear misspecified","RuleFit",TRUE,"MSE",4.58070427220863,7.75,NA,15,15,0,11,4,0,0,0,0.733333333333333,0.266666666666667,1,1.26666666666667
49,"continuous",4,"Smooth nonlinear misspecified","BRP-GABLE full",TRUE,"MSE",2.00675110145525,21.0600000000001,NA,73,71,2,42,31,0,0,0,0.575342465753425,0.424657534246575,1,1.42465753424658
49,"continuous",4,"Smooth nonlinear misspecified","BRP-GABLE rule-only",TRUE,"MSE",1.99581878335941,21.05,NA,66,66,0,38,28,0,0,0,0.575757575757576,0.424242424242424,1,1.42424242424242
49,"continuous",4,"Smooth nonlinear misspecified","GABLE",TRUE,"MSE",4.15871755965818,0.420000000000016,NA,5,5,0,4,1,0,0,0,0.8,0.2,1,1.2
49,"continuous",4,"Smooth nonlinear misspecified","GBM",TRUE,"MSE",2.2375884837953,0.0200000000000387,NA,NA,NA,NA,NA,NA,NA,NA,NA,NA,NA,NA,NA
49,"continuous",4,"Smooth nonlinear misspecified","Linear",TRUE,"MSE",5.57155232933728,0,NA,20,0,20,20,0,0,0,0,1,0,1,1
49,"continuous",4,"Smooth nonlinear misspecified","Random forest",TRUE,"MSE",3.05864080643766,0.419999999999959,NA,NA,NA,NA,NA,NA,NA,NA,NA,NA,NA,NA,NA
49,"continuous",4,"Smooth nonlinear misspecified","RuleFit",TRUE,"MSE",4.91986001537113,9.31,NA,25,25,0,12,12,1,0,0,0.48,0.48,0.96,1.56
50,"continuous",4,"Smooth nonlinear misspecified","BRP-GABLE full",TRUE,"MSE",2.23464373696493,22.7199999999999,NA,71,71,0,40,31,0,0,0,0.563380281690141,0.436619718309859,1,1.43661971830986
50,"continuous",4,"Smooth nonlinear misspecified","BRP-GABLE rule-only",TRUE,"MSE",2.18235010700714,22.71,NA,74,74,0,41,33,0,0,0,0.554054054054054,0.445945945945946,1,1.44594594594595
50,"continuous",4,"Smooth nonlinear misspecified","GABLE",TRUE,"MSE",4.32778331700184,0.489999999999952,NA,4,4,0,3,1,0,0,0,0.75,0.25,1,1.25
50,"continuous",4,"Smooth nonlinear misspecified","GBM",TRUE,"MSE",2.64585313042945,0.0299999999999727,NA,NA,NA,NA,NA,NA,NA,NA,NA,NA,NA,NA,NA
50,"continuous",4,"Smooth nonlinear misspecified","Linear",TRUE,"MSE",6.44840544191866,0,NA,20,0,20,20,0,0,0,0,1,0,1,1
50,"continuous",4,"Smooth nonlinear misspecified","Random forest",TRUE,"MSE",3.49675622580567,0.400000000000034,NA,NA,NA,NA,NA,NA,NA,NA,NA,NA,NA,NA,NA
50,"continuous",4,"Smooth nonlinear misspecified","RuleFit",TRUE,"MSE",4.65812278417848,8.47000000000003,NA,17,17,0,9,8,0,0,0,0.529411764705882,0.470588235294118,1,1.47058823529412
51,"continuous",4,"Smooth nonlinear misspecified","BRP-GABLE full",TRUE,"MSE",2.82832688339405,21.67,NA,66,62,4,34,32,0,0,0,0.515151515151515,0.484848484848485,1,1.48484848484848
51,"continuous",4,"Smooth nonlinear misspecified","BRP-GABLE rule-only",TRUE,"MSE",2.69166625910076,21.55,NA,68,68,0,36,32,0,0,0,0.529411764705882,0.470588235294118,1,1.47058823529412
51,"continuous",4,"Smooth nonlinear misspecified","GABLE",TRUE,"MSE",5.65916004856703,0.480000000000018,NA,4,4,0,2,2,0,0,0,0.5,0.5,1,1.5
51,"continuous",4,"Smooth nonlinear misspecified","GBM",TRUE,"MSE",3.01522348970969,0.0199999999999818,NA,NA,NA,NA,NA,NA,NA,NA,NA,NA,NA,NA,NA
51,"continuous",4,"Smooth nonlinear misspecified","Linear",TRUE,"MSE",6.97185735172343,0,NA,20,0,20,20,0,0,0,0,1,0,1,1
51,"continuous",4,"Smooth nonlinear misspecified","Random forest",TRUE,"MSE",4.44697504402835,0.439999999999998,NA,NA,NA,NA,NA,NA,NA,NA,NA,NA,NA,NA,NA
51,"continuous",4,"Smooth nonlinear misspecified","RuleFit",TRUE,"MSE",6.4513139953814,8.07999999999998,NA,11,11,0,4,7,0,0,0,0.363636363636364,0.636363636363636,1,1.63636363636364
52,"continuous",4,"Smooth nonlinear misspecified","BRP-GABLE full",TRUE,"MSE",2.54041197514806,22.06,NA,58,56,2,34,24,0,0,0,0.586206896551724,0.413793103448276,1,1.41379310344828
52,"continuous",4,"Smooth nonlinear misspecified","BRP-GABLE rule-only",TRUE,"MSE",2.52910339451248,22.01,NA,53,53,0,28,25,0,0,0,0.528301886792453,0.471698113207547,1,1.47169811320755
52,"continuous",4,"Smooth nonlinear misspecified","GABLE",TRUE,"MSE",4.41677793835082,0.410000000000025,NA,5,5,0,4,1,0,0,0,0.8,0.2,1,1.2
52,"continuous",4,"Smooth nonlinear misspecified","GBM",TRUE,"MSE",2.68155664570561,0.0200000000000387,NA,NA,NA,NA,NA,NA,NA,NA,NA,NA,NA,NA,NA
52,"continuous",4,"Smooth nonlinear misspecified","Linear",TRUE,"MSE",6.02116353468255,0,NA,20,0,20,20,0,0,0,0,1,0,1,1
52,"continuous",4,"Smooth nonlinear misspecified","Random forest",TRUE,"MSE",3.69667420154931,0.399999999999977,NA,NA,NA,NA,NA,NA,NA,NA,NA,NA,NA,NA,NA
52,"continuous",4,"Smooth nonlinear misspecified","RuleFit",TRUE,"MSE",4.44526168598783,7.58999999999997,NA,18,18,0,7,10,1,0,0,0.388888888888889,0.555555555555556,0.944444444444444,1.66666666666667
53,"continuous",4,"Smooth nonlinear misspecified","BRP-GABLE full",TRUE,"MSE",2.47063605552898,21.35,NA,54,53,1,20,34,0,0,0,0.37037037037037,0.62962962962963,1,1.62962962962963
53,"continuous",4,"Smooth nonlinear misspecified","BRP-GABLE rule-only",TRUE,"MSE",2.36178040437534,21.3,NA,65,65,0,28,37,0,0,0,0.430769230769231,0.569230769230769,1,1.56923076923077
53,"continuous",4,"Smooth nonlinear misspecified","GABLE",TRUE,"MSE",4.70443237280596,0.449999999999989,NA,5,5,0,3,2,0,0,0,0.6,0.4,1,1.4
53,"continuous",4,"Smooth nonlinear misspecified","GBM",TRUE,"MSE",2.68896061503919,0.00999999999999091,NA,NA,NA,NA,NA,NA,NA,NA,NA,NA,NA,NA,NA
53,"continuous",4,"Smooth nonlinear misspecified","Linear",TRUE,"MSE",6.82469762026604,0,NA,20,0,20,20,0,0,0,0,1,0,1,1
53,"continuous",4,"Smooth nonlinear misspecified","Random forest",TRUE,"MSE",3.65562712676032,0.439999999999998,NA,NA,NA,NA,NA,NA,NA,NA,NA,NA,NA,NA,NA
53,"continuous",4,"Smooth nonlinear misspecified","RuleFit",TRUE,"MSE",5.96075526547082,8.69,NA,4,4,0,1,3,0,0,0,0.25,0.75,1,1.75
54,"continuous",4,"Smooth nonlinear misspecified","BRP-GABLE full",TRUE,"MSE",2.39389187095083,21.8,NA,69,68,1,34,35,0,0,0,0.492753623188406,0.507246376811594,1,1.50724637681159
54,"continuous",4,"Smooth nonlinear misspecified","BRP-GABLE rule-only",TRUE,"MSE",2.34660846074316,21.7500000000001,NA,70,70,0,35,35,0,0,0,0.5,0.5,1,1.5
54,"continuous",4,"Smooth nonlinear misspecified","GABLE",TRUE,"MSE",4.97145027626251,0.360000000000014,NA,5,5,0,2,3,0,0,0,0.4,0.6,1,1.6
54,"continuous",4,"Smooth nonlinear misspecified","GBM",TRUE,"MSE",2.73338660855412,0.0299999999999727,NA,NA,NA,NA,NA,NA,NA,NA,NA,NA,NA,NA,NA
54,"continuous",4,"Smooth nonlinear misspecified","Linear",TRUE,"MSE",7.33052174191834,0,NA,20,0,20,20,0,0,0,0,1,0,1,1
54,"continuous",4,"Smooth nonlinear misspecified","Random forest",TRUE,"MSE",3.98152062618318,0.400000000000034,NA,NA,NA,NA,NA,NA,NA,NA,NA,NA,NA,NA,NA
54,"continuous",4,"Smooth nonlinear misspecified","RuleFit",TRUE,"MSE",5.97395005095309,8.34999999999997,NA,12,12,0,10,2,0,0,0,0.833333333333333,0.166666666666667,1,1.16666666666667
55,"continuous",4,"Smooth nonlinear misspecified","BRP-GABLE full",TRUE,"MSE",2.13811703913259,21.53,NA,79,75,4,46,33,0,0,0,0.582278481012658,0.417721518987342,1,1.41772151898734
55,"continuous",4,"Smooth nonlinear misspecified","BRP-GABLE rule-only",TRUE,"MSE",2.10586984673107,21.65,NA,72,72,0,41,31,0,0,0,0.569444444444444,0.430555555555556,1,1.43055555555556
55,"continuous",4,"Smooth nonlinear misspecified","GABLE",TRUE,"MSE",4.30979534758885,0.5,NA,5,5,0,5,0,0,0,0,1,0,1,1
55,"continuous",4,"Smooth nonlinear misspecified","GBM",TRUE,"MSE",2.38460720998,0.00999999999999091,NA,NA,NA,NA,NA,NA,NA,NA,NA,NA,NA,NA,NA
55,"continuous",4,"Smooth nonlinear misspecified","Linear",TRUE,"MSE",6.77224712489736,0,NA,20,0,20,20,0,0,0,0,1,0,1,1
55,"continuous",4,"Smooth nonlinear misspecified","Random forest",TRUE,"MSE",3.60884221559296,0.439999999999998,NA,NA,NA,NA,NA,NA,NA,NA,NA,NA,NA,NA,NA
55,"continuous",4,"Smooth nonlinear misspecified","RuleFit",TRUE,"MSE",5.8270613660748,8.23000000000002,NA,4,4,0,0,4,0,0,0,0,1,1,2
56,"continuous",4,"Smooth nonlinear misspecified","BRP-GABLE full",TRUE,"MSE",2.37598350406296,21.7699999999999,NA,69,68,1,37,32,0,0,0,0.536231884057971,0.463768115942029,1,1.46376811594203
56,"continuous",4,"Smooth nonlinear misspecified","BRP-GABLE rule-only",TRUE,"MSE",2.38162198995849,21.71,NA,68,68,0,38,30,0,0,0,0.558823529411765,0.441176470588235,1,1.44117647058824
56,"continuous",4,"Smooth nonlinear misspecified","GABLE",TRUE,"MSE",5.35785677949327,0.5,NA,5,5,0,4,1,0,0,0,0.8,0.2,1,1.2
56,"continuous",4,"Smooth nonlinear misspecified","GBM",TRUE,"MSE",2.76495604738995,0.00999999999999091,NA,NA,NA,NA,NA,NA,NA,NA,NA,NA,NA,NA,NA
56,"continuous",4,"Smooth nonlinear misspecified","Linear",TRUE,"MSE",6.52841324853775,0,NA,20,0,20,20,0,0,0,0,1,0,1,1
56,"continuous",4,"Smooth nonlinear misspecified","Random forest",TRUE,"MSE",3.78183443014571,0.389999999999986,NA,NA,NA,NA,NA,NA,NA,NA,NA,NA,NA,NA,NA
56,"continuous",4,"Smooth nonlinear misspecified","RuleFit",TRUE,"MSE",5.17524247822002,8.16000000000003,NA,21,21,0,16,5,0,0,0,0.761904761904762,0.238095238095238,1,1.23809523809524
57,"continuous",4,"Smooth nonlinear misspecified","BRP-GABLE full",TRUE,"MSE",2.82425902248214,20.3,NA,50,48,2,24,26,0,0,0,0.48,0.52,1,1.52
57,"continuous",4,"Smooth nonlinear misspecified","BRP-GABLE rule-only",TRUE,"MSE",2.7884257034889,20.23,NA,47,47,0,21,26,0,0,0,0.446808510638298,0.553191489361702,1,1.5531914893617
57,"continuous",4,"Smooth nonlinear misspecified","GABLE",TRUE,"MSE",4.87660498720904,0.339999999999975,NA,5,5,0,3,2,0,0,0,0.6,0.4,1,1.4
57,"continuous",4,"Smooth nonlinear misspecified","GBM",TRUE,"MSE",2.99782115741079,0.0300000000000296,NA,NA,NA,NA,NA,NA,NA,NA,NA,NA,NA,NA,NA
57,"continuous",4,"Smooth nonlinear misspecified","Linear",TRUE,"MSE",6.93998796485858,0,NA,20,0,20,20,0,0,0,0,1,0,1,1
57,"continuous",4,"Smooth nonlinear misspecified","Random forest",TRUE,"MSE",4.17573421192006,0.439999999999998,NA,NA,NA,NA,NA,NA,NA,NA,NA,NA,NA,NA,NA
57,"continuous",4,"Smooth nonlinear misspecified","RuleFit",TRUE,"MSE",4.85838146295931,8.01999999999998,NA,16,16,0,9,7,0,0,0,0.5625,0.4375,1,1.4375
58,"continuous",4,"Smooth nonlinear misspecified","BRP-GABLE full",TRUE,"MSE",2.3145243034804,21.57,NA,85,81,4,47,38,0,0,0,0.552941176470588,0.447058823529412,1,1.44705882352941
58,"continuous",4,"Smooth nonlinear misspecified","BRP-GABLE rule-only",TRUE,"MSE",2.27024739659686,21.47,NA,84,84,0,46,38,0,0,0,0.547619047619048,0.452380952380952,1,1.45238095238095
58,"continuous",4,"Smooth nonlinear misspecified","GABLE",TRUE,"MSE",4.50820833358066,0.579999999999984,NA,5,5,0,5,0,0,0,0,1,0,1,1
58,"continuous",4,"Smooth nonlinear misspecified","GBM",TRUE,"MSE",2.70327823085186,0.0199999999999818,NA,NA,NA,NA,NA,NA,NA,NA,NA,NA,NA,NA,NA
58,"continuous",4,"Smooth nonlinear misspecified","Linear",TRUE,"MSE",5.95614563659283,0.0100000000000477,NA,20,0,20,20,0,0,0,0,1,0,1,1
58,"continuous",4,"Smooth nonlinear misspecified","Random forest",TRUE,"MSE",3.75522589089551,0.420000000000016,NA,NA,NA,NA,NA,NA,NA,NA,NA,NA,NA,NA,NA
58,"continuous",4,"Smooth nonlinear misspecified","RuleFit",TRUE,"MSE",4.83857198563961,9.19,NA,16,16,0,5,11,0,0,0,0.3125,0.6875,1,1.6875
59,"continuous",4,"Smooth nonlinear misspecified","BRP-GABLE full",TRUE,"MSE",2.46125191273975,21.07,NA,74,73,1,38,36,0,0,0,0.513513513513513,0.486486486486487,1,1.48648648648649
59,"continuous",4,"Smooth nonlinear misspecified","BRP-GABLE rule-only",TRUE,"MSE",2.38186520560089,21,NA,80,80,0,46,34,0,0,0,0.575,0.425,1,1.425
59,"continuous",4,"Smooth nonlinear misspecified","GABLE",TRUE,"MSE",5.42650663113,0.399999999999977,NA,5,5,0,3,2,0,0,0,0.6,0.4,1,1.4
59,"continuous",4,"Smooth nonlinear misspecified","GBM",TRUE,"MSE",2.90412253327843,0.0200000000000387,NA,NA,NA,NA,NA,NA,NA,NA,NA,NA,NA,NA,NA
59,"continuous",4,"Smooth nonlinear misspecified","Linear",TRUE,"MSE",6.2471055561293,0.00999999999999091,NA,20,0,20,20,0,0,0,0,1,0,1,1
59,"continuous",4,"Smooth nonlinear misspecified","Random forest",TRUE,"MSE",4.04735901407835,0.389999999999986,NA,NA,NA,NA,NA,NA,NA,NA,NA,NA,NA,NA,NA
59,"continuous",4,"Smooth nonlinear misspecified","RuleFit",TRUE,"MSE",5.68541897397797,8.80000000000001,NA,20,20,0,6,14,0,0,0,0.3,0.7,1,1.7
60,"continuous",4,"Smooth nonlinear misspecified","BRP-GABLE full",TRUE,"MSE",2.86830484600427,22.78,NA,65,62,3,39,26,0,0,0,0.6,0.4,1,1.4
60,"continuous",4,"Smooth nonlinear misspecified","BRP-GABLE rule-only",TRUE,"MSE",2.78691192815775,22.69,NA,66,66,0,40,26,0,0,0,0.606060606060606,0.393939393939394,1,1.39393939393939
60,"continuous",4,"Smooth nonlinear misspecified","GABLE",TRUE,"MSE",4.93002212246691,0.449999999999989,NA,5,5,0,4,1,0,0,0,0.8,0.2,1,1.2
60,"continuous",4,"Smooth nonlinear misspecified","GBM",TRUE,"MSE",3.01103325428173,0.0199999999999818,NA,NA,NA,NA,NA,NA,NA,NA,NA,NA,NA,NA,NA
60,"continuous",4,"Smooth nonlinear misspecified","Linear",TRUE,"MSE",6.88595183052654,0,NA,20,0,20,20,0,0,0,0,1,0,1,1
60,"continuous",4,"Smooth nonlinear misspecified","Random forest",TRUE,"MSE",4.24181736743079,0.390000000000043,NA,NA,NA,NA,NA,NA,NA,NA,NA,NA,NA,NA,NA
60,"continuous",4,"Smooth nonlinear misspecified","RuleFit",TRUE,"MSE",5.58507032861457,7.88,NA,11,11,0,7,3,1,0,0,0.636363636363636,0.272727272727273,0.909090909090909,1.45454545454545
61,"continuous",4,"Smooth nonlinear misspecified","BRP-GABLE full",TRUE,"MSE",2.67005146022973,21.1,NA,65,64,1,32,33,0,0,0,0.492307692307692,0.507692307692308,1,1.50769230769231
61,"continuous",4,"Smooth nonlinear misspecified","BRP-GABLE rule-only",TRUE,"MSE",2.65740524920463,21.15,NA,65,65,0,31,34,0,0,0,0.476923076923077,0.523076923076923,1,1.52307692307692
61,"continuous",4,"Smooth nonlinear misspecified","GABLE",TRUE,"MSE",5.0285629147523,0.449999999999989,NA,5,5,0,3,2,0,0,0,0.6,0.4,1,1.4
61,"continuous",4,"Smooth nonlinear misspecified","GBM",TRUE,"MSE",2.8906166973577,0.0100000000000477,NA,NA,NA,NA,NA,NA,NA,NA,NA,NA,NA,NA,NA
61,"continuous",4,"Smooth nonlinear misspecified","Linear",TRUE,"MSE",6.06576589932868,0,NA,20,0,20,20,0,0,0,0,1,0,1,1
61,"continuous",4,"Smooth nonlinear misspecified","Random forest",TRUE,"MSE",4.22658249351589,0.409999999999968,NA,NA,NA,NA,NA,NA,NA,NA,NA,NA,NA,NA,NA
61,"continuous",4,"Smooth nonlinear misspecified","RuleFit",TRUE,"MSE",6.11020990684723,8.03000000000003,NA,8,8,0,4,4,0,0,0,0.5,0.5,1,1.5
62,"continuous",4,"Smooth nonlinear misspecified","BRP-GABLE full",TRUE,"MSE",2.1863943478443,20.65,NA,66,65,1,27,39,0,0,0,0.409090909090909,0.590909090909091,1,1.59090909090909
62,"continuous",4,"Smooth nonlinear misspecified","BRP-GABLE rule-only",TRUE,"MSE",2.1142169007735,20.59,NA,66,66,0,26,40,0,0,0,0.393939393939394,0.606060606060606,1,1.60606060606061
62,"continuous",4,"Smooth nonlinear misspecified","GABLE",TRUE,"MSE",4.52739129483807,0.399999999999977,NA,5,5,0,4,1,0,0,0,0.8,0.2,1,1.2
62,"continuous",4,"Smooth nonlinear misspecified","GBM",TRUE,"MSE",2.87880153683373,0.0200000000000387,NA,NA,NA,NA,NA,NA,NA,NA,NA,NA,NA,NA,NA
62,"continuous",4,"Smooth nonlinear misspecified","Linear",TRUE,"MSE",6.20690826505552,0.00999999999999091,NA,20,0,20,20,0,0,0,0,1,0,1,1
62,"continuous",4,"Smooth nonlinear misspecified","Random forest",TRUE,"MSE",3.58547253199136,0.439999999999998,NA,NA,NA,NA,NA,NA,NA,NA,NA,NA,NA,NA,NA
62,"continuous",4,"Smooth nonlinear misspecified","RuleFit",TRUE,"MSE",5.12549374186899,8.05000000000001,NA,23,23,0,14,9,0,0,0,0.608695652173913,0.391304347826087,1,1.39130434782609
63,"continuous",4,"Smooth nonlinear misspecified","BRP-GABLE full",TRUE,"MSE",2.24466906460032,21.64,NA,68,67,1,37,31,0,0,0,0.544117647058823,0.455882352941176,1,1.45588235294118
63,"continuous",4,"Smooth nonlinear misspecified","BRP-GABLE rule-only",TRUE,"MSE",2.21118845473478,21.59,NA,69,69,0,37,32,0,0,0,0.536231884057971,0.463768115942029,1,1.46376811594203
63,"continuous",4,"Smooth nonlinear misspecified","GABLE",TRUE,"MSE",4.48542212354928,0.420000000000016,NA,5,5,0,3,2,0,0,0,0.6,0.4,1,1.4
63,"continuous",4,"Smooth nonlinear misspecified","GBM",TRUE,"MSE",2.32893081999817,0.0200000000000387,NA,NA,NA,NA,NA,NA,NA,NA,NA,NA,NA,NA,NA
63,"continuous",4,"Smooth nonlinear misspecified","Linear",TRUE,"MSE",5.0523590475268,0,NA,20,0,20,20,0,0,0,0,1,0,1,1
63,"continuous",4,"Smooth nonlinear misspecified","Random forest",TRUE,"MSE",3.32064048080594,0.409999999999968,NA,NA,NA,NA,NA,NA,NA,NA,NA,NA,NA,NA,NA
63,"continuous",4,"Smooth nonlinear misspecified","RuleFit",TRUE,"MSE",5.75384597289996,7.02999999999997,NA,2,2,0,2,0,0,0,0,1,0,1,1
64,"continuous",4,"Smooth nonlinear misspecified","BRP-GABLE full",TRUE,"MSE",2.23341551838389,21.21,NA,69,62,7,37,32,0,0,0,0.536231884057971,0.463768115942029,1,1.46376811594203
64,"continuous",4,"Smooth nonlinear misspecified","BRP-GABLE rule-only",TRUE,"MSE",2.24290148254388,21.1999999999999,NA,59,59,0,26,33,0,0,0,0.440677966101695,0.559322033898305,1,1.55932203389831
64,"continuous",4,"Smooth nonlinear misspecified","GABLE",TRUE,"MSE",4.25977237857227,0.519999999999982,NA,5,5,0,3,2,0,0,0,0.6,0.4,1,1.4
64,"continuous",4,"Smooth nonlinear misspecified","GBM",TRUE,"MSE",2.49806695604727,0.00999999999999091,NA,NA,NA,NA,NA,NA,NA,NA,NA,NA,NA,NA,NA
64,"continuous",4,"Smooth nonlinear misspecified","Linear",TRUE,"MSE",5.68050981217394,0,NA,20,0,20,20,0,0,0,0,1,0,1,1
64,"continuous",4,"Smooth nonlinear misspecified","Random forest",TRUE,"MSE",3.33753689275812,0.410000000000025,NA,NA,NA,NA,NA,NA,NA,NA,NA,NA,NA,NA,NA
64,"continuous",4,"Smooth nonlinear misspecified","RuleFit",TRUE,"MSE",4.53762057590245,8.54000000000002,NA,20,20,0,11,7,2,0,0,0.55,0.35,0.9,1.55
65,"continuous",4,"Smooth nonlinear misspecified","BRP-GABLE full",TRUE,"MSE",2.42088276124982,21.13,NA,75,73,2,34,41,0,0,0,0.453333333333333,0.546666666666667,1,1.54666666666667
65,"continuous",4,"Smooth nonlinear misspecified","BRP-GABLE rule-only",TRUE,"MSE",2.38089116764022,21.04,NA,72,72,0,31,41,0,0,0,0.430555555555556,0.569444444444444,1,1.56944444444444
65,"continuous",4,"Smooth nonlinear misspecified","GABLE",TRUE,"MSE",3.92444325443746,0.409999999999968,NA,5,5,0,3,2,0,0,0,0.6,0.4,1,1.4
65,"continuous",4,"Smooth nonlinear misspecified","GBM",TRUE,"MSE",2.46074819329605,0.0199999999999818,NA,NA,NA,NA,NA,NA,NA,NA,NA,NA,NA,NA,NA
65,"continuous",4,"Smooth nonlinear misspecified","Linear",TRUE,"MSE",6.3719728809254,0,NA,20,0,20,20,0,0,0,0,1,0,1,1
65,"continuous",4,"Smooth nonlinear misspecified","Random forest",TRUE,"MSE",3.75543270807239,0.340000000000032,NA,NA,NA,NA,NA,NA,NA,NA,NA,NA,NA,NA,NA
65,"continuous",4,"Smooth nonlinear misspecified","RuleFit",TRUE,"MSE",5.45117749294057,7.82999999999998,NA,8,8,0,7,1,0,0,0,0.875,0.125,1,1.125
66,"continuous",4,"Smooth nonlinear misspecified","BRP-GABLE full",TRUE,"MSE",2.00627950833931,21.57,NA,68,67,1,33,35,0,0,0,0.485294117647059,0.514705882352941,1,1.51470588235294
66,"continuous",4,"Smooth nonlinear misspecified","BRP-GABLE rule-only",TRUE,"MSE",1.98440023494983,21.56,NA,71,71,0,35,36,0,0,0,0.492957746478873,0.507042253521127,1,1.50704225352113
66,"continuous",4,"Smooth nonlinear misspecified","GABLE",TRUE,"MSE",3.83533223961689,0.470000000000027,NA,5,5,0,4,1,0,0,0,0.8,0.2,1,1.2
66,"continuous",4,"Smooth nonlinear misspecified","GBM",TRUE,"MSE",2.26564541672633,0.0199999999999818,NA,NA,NA,NA,NA,NA,NA,NA,NA,NA,NA,NA,NA
66,"continuous",4,"Smooth nonlinear misspecified","Linear",TRUE,"MSE",5.37471681983209,0.0100000000000477,NA,20,0,20,20,0,0,0,0,1,0,1,1
66,"continuous",4,"Smooth nonlinear misspecified","Random forest",TRUE,"MSE",3.3914383897827,0.399999999999977,NA,NA,NA,NA,NA,NA,NA,NA,NA,NA,NA,NA,NA
66,"continuous",4,"Smooth nonlinear misspecified","RuleFit",TRUE,"MSE",4.39422951156805,7.96999999999997,NA,8,8,0,3,5,0,0,0,0.375,0.625,1,1.625
67,"continuous",4,"Smooth nonlinear misspecified","BRP-GABLE full",TRUE,"MSE",2.28924274511134,22.1,NA,61,59,2,28,33,0,0,0,0.459016393442623,0.540983606557377,1,1.54098360655738
67,"continuous",4,"Smooth nonlinear misspecified","BRP-GABLE rule-only",TRUE,"MSE",2.31189738052098,22.07,NA,55,55,0,24,31,0,0,0,0.436363636363636,0.563636363636364,1,1.56363636363636
67,"continuous",4,"Smooth nonlinear misspecified","GABLE",TRUE,"MSE",3.94084858792193,0.519999999999982,NA,5,5,0,5,0,0,0,0,1,0,1,1
67,"continuous",4,"Smooth nonlinear misspecified","GBM",TRUE,"MSE",2.46683670521551,0.0299999999999727,NA,NA,NA,NA,NA,NA,NA,NA,NA,NA,NA,NA,NA
67,"continuous",4,"Smooth nonlinear misspecified","Linear",TRUE,"MSE",5.16966774791984,0.0200000000000387,NA,20,0,20,20,0,0,0,0,1,0,1,1
67,"continuous",4,"Smooth nonlinear misspecified","Random forest",TRUE,"MSE",3.14824556684549,0.420000000000016,NA,NA,NA,NA,NA,NA,NA,NA,NA,NA,NA,NA,NA
67,"continuous",4,"Smooth nonlinear misspecified","RuleFit",TRUE,"MSE",4.51233216227715,8.80000000000001,NA,16,16,0,2,14,0,0,0,0.125,0.875,1,1.875
68,"continuous",4,"Smooth nonlinear misspecified","BRP-GABLE full",TRUE,"MSE",2.86333825502929,22.2099999999999,NA,65,65,0,30,35,0,0,0,0.461538461538462,0.538461538461538,1,1.53846153846154
68,"continuous",4,"Smooth nonlinear misspecified","BRP-GABLE rule-only",TRUE,"MSE",2.84821645073101,22.35,NA,66,66,0,31,35,0,0,0,0.46969696969697,0.53030303030303,1,1.53030303030303
68,"continuous",4,"Smooth nonlinear misspecified","GABLE",TRUE,"MSE",5.01043159622021,0.5,NA,5,5,0,4,1,0,0,0,0.8,0.2,1,1.2
68,"continuous",4,"Smooth nonlinear misspecified","GBM",TRUE,"MSE",2.87704822861875,0.00999999999999091,NA,NA,NA,NA,NA,NA,NA,NA,NA,NA,NA,NA,NA
68,"continuous",4,"Smooth nonlinear misspecified","Linear",TRUE,"MSE",6.6595943088776,0.0199999999999818,NA,20,0,20,20,0,0,0,0,1,0,1,1
68,"continuous",4,"Smooth nonlinear misspecified","Random forest",TRUE,"MSE",4.02206565312731,0.420000000000016,NA,NA,NA,NA,NA,NA,NA,NA,NA,NA,NA,NA,NA
68,"continuous",4,"Smooth nonlinear misspecified","RuleFit",TRUE,"MSE",6.33644657169808,8.09999999999997,NA,13,13,0,8,5,0,0,0,0.615384615384615,0.384615384615385,1,1.38461538461538
69,"continuous",4,"Smooth nonlinear misspecified","BRP-GABLE full",TRUE,"MSE",2.54822065548099,21.04,NA,53,53,0,18,35,0,0,0,0.339622641509434,0.660377358490566,1,1.66037735849057
69,"continuous",4,"Smooth nonlinear misspecified","BRP-GABLE rule-only",TRUE,"MSE",2.48907309737815,21.0000000000001,NA,57,57,0,20,37,0,0,0,0.350877192982456,0.649122807017544,1,1.64912280701754
69,"continuous",4,"Smooth nonlinear misspecified","GABLE",TRUE,"MSE",4.87743744020964,0.389999999999986,NA,5,5,0,4,1,0,0,0,0.8,0.2,1,1.2
69,"continuous",4,"Smooth nonlinear misspecified","GBM",TRUE,"MSE",2.65487569454303,0.0199999999999818,NA,NA,NA,NA,NA,NA,NA,NA,NA,NA,NA,NA,NA
69,"continuous",4,"Smooth nonlinear misspecified","Linear",TRUE,"MSE",6.55868663449646,0.0199999999999818,NA,20,0,20,20,0,0,0,0,1,0,1,1
69,"continuous",4,"Smooth nonlinear misspecified","Random forest",TRUE,"MSE",3.62561000705602,0.399999999999977,NA,NA,NA,NA,NA,NA,NA,NA,NA,NA,NA,NA,NA
69,"continuous",4,"Smooth nonlinear misspecified","RuleFit",TRUE,"MSE",5.0313269033475,8.21000000000004,NA,17,17,0,11,6,0,0,0,0.647058823529412,0.352941176470588,1,1.35294117647059
70,"continuous",4,"Smooth nonlinear misspecified","BRP-GABLE full",TRUE,"MSE",2.19166264802739,21.9899999999999,NA,71,71,0,46,25,0,0,0,0.647887323943662,0.352112676056338,1,1.35211267605634
70,"continuous",4,"Smooth nonlinear misspecified","BRP-GABLE rule-only",TRUE,"MSE",2.13618646402501,21.9499999999999,NA,76,76,0,51,25,0,0,0,0.671052631578947,0.328947368421053,1,1.32894736842105
70,"continuous",4,"Smooth nonlinear misspecified","GABLE",TRUE,"MSE",4.34315942323617,0.389999999999986,NA,5,5,0,5,0,0,0,0,1,0,1,1
70,"continuous",4,"Smooth nonlinear misspecified","GBM",TRUE,"MSE",2.29542709026229,0.0199999999999818,NA,NA,NA,NA,NA,NA,NA,NA,NA,NA,NA,NA,NA
70,"continuous",4,"Smooth nonlinear misspecified","Linear",TRUE,"MSE",6.15605462807917,0.00999999999999091,NA,20,0,20,20,0,0,0,0,1,0,1,1
70,"continuous",4,"Smooth nonlinear misspecified","Random forest",TRUE,"MSE",3.61898661932787,0.419999999999959,NA,NA,NA,NA,NA,NA,NA,NA,NA,NA,NA,NA,NA
70,"continuous",4,"Smooth nonlinear misspecified","RuleFit",TRUE,"MSE",5.37368482521278,7.31000000000006,NA,9,9,0,7,2,0,0,0,0.777777777777778,0.222222222222222,1,1.22222222222222
71,"continuous",4,"Smooth nonlinear misspecified","BRP-GABLE full",TRUE,"MSE",2.26352887624513,18.0000000000001,NA,81,78,3,48,33,0,0,0,0.592592592592593,0.407407407407407,1,1.40740740740741
71,"continuous",4,"Smooth nonlinear misspecified","BRP-GABLE rule-only",TRUE,"MSE",2.30850994539975,17.86,NA,77,77,0,44,33,0,0,0,0.571428571428571,0.428571428571429,1,1.42857142857143
71,"continuous",4,"Smooth nonlinear misspecified","GABLE",TRUE,"MSE",4.50501494639144,0.310000000000059,NA,5,5,0,2,3,0,0,0,0.4,0.6,1,1.6
71,"continuous",4,"Smooth nonlinear misspecified","GBM",TRUE,"MSE",2.52809110288554,0.0199999999999818,NA,NA,NA,NA,NA,NA,NA,NA,NA,NA,NA,NA,NA
71,"continuous",4,"Smooth nonlinear misspecified","Linear",TRUE,"MSE",6.12889089953636,0,NA,20,0,20,20,0,0,0,0,1,0,1,1
71,"continuous",4,"Smooth nonlinear misspecified","Random forest",TRUE,"MSE",3.71886938364379,0.419999999999959,NA,NA,NA,NA,NA,NA,NA,NA,NA,NA,NA,NA,NA
71,"continuous",4,"Smooth nonlinear misspecified","RuleFit",TRUE,"MSE",4.26649051841616,7.73000000000002,NA,26,26,0,17,8,1,0,0,0.653846153846154,0.307692307692308,0.961538461538462,1.38461538461538
72,"continuous",4,"Smooth nonlinear misspecified","BRP-GABLE full",TRUE,"MSE",2.37953510912932,21.9,NA,71,68,3,46,25,0,0,0,0.647887323943662,0.352112676056338,1,1.35211267605634
72,"continuous",4,"Smooth nonlinear misspecified","BRP-GABLE rule-only",TRUE,"MSE",2.40903367573979,21.9000000000001,NA,70,70,0,43,27,0,0,0,0.614285714285714,0.385714285714286,1,1.38571428571429
72,"continuous",4,"Smooth nonlinear misspecified","GABLE",TRUE,"MSE",4.46554248084356,0.610000000000014,NA,5,5,0,5,0,0,0,0,1,0,1,1
72,"continuous",4,"Smooth nonlinear misspecified","GBM",TRUE,"MSE",2.61026883747782,0.0199999999999818,NA,NA,NA,NA,NA,NA,NA,NA,NA,NA,NA,NA,NA
72,"continuous",4,"Smooth nonlinear misspecified","Linear",TRUE,"MSE",5.76461265713409,0,NA,20,0,20,20,0,0,0,0,1,0,1,1
72,"continuous",4,"Smooth nonlinear misspecified","Random forest",TRUE,"MSE",3.54514364304209,0.42999999999995,NA,NA,NA,NA,NA,NA,NA,NA,NA,NA,NA,NA,NA
72,"continuous",4,"Smooth nonlinear misspecified","RuleFit",TRUE,"MSE",4.35658479459079,8.10000000000002,NA,18,18,0,9,9,0,0,0,0.5,0.5,1,1.5
73,"continuous",4,"Smooth nonlinear misspecified","BRP-GABLE full",TRUE,"MSE",2.72570057606924,20.89,NA,61,60,1,25,36,0,0,0,0.409836065573771,0.590163934426229,1,1.59016393442623
73,"continuous",4,"Smooth nonlinear misspecified","BRP-GABLE rule-only",TRUE,"MSE",2.70623371332049,20.92,NA,66,66,0,29,37,0,0,0,0.439393939393939,0.560606060606061,1,1.56060606060606
73,"continuous",4,"Smooth nonlinear misspecified","GABLE",TRUE,"MSE",4.5149357855353,0.450000000000045,NA,5,5,0,3,2,0,0,0,0.6,0.4,1,1.4
73,"continuous",4,"Smooth nonlinear misspecified","GBM",TRUE,"MSE",3.06651497568114,0.00999999999999091,NA,NA,NA,NA,NA,NA,NA,NA,NA,NA,NA,NA,NA
73,"continuous",4,"Smooth nonlinear misspecified","Linear",TRUE,"MSE",6.46096521537569,0,NA,20,0,20,20,0,0,0,0,1,0,1,1
73,"continuous",4,"Smooth nonlinear misspecified","Random forest",TRUE,"MSE",4.1256741729348,0.439999999999941,NA,NA,NA,NA,NA,NA,NA,NA,NA,NA,NA,NA,NA
73,"continuous",4,"Smooth nonlinear misspecified","RuleFit",TRUE,"MSE",5.93547218921337,7.70000000000005,NA,9,9,0,5,4,0,0,0,0.555555555555556,0.444444444444444,1,1.44444444444444
74,"continuous",4,"Smooth nonlinear misspecified","BRP-GABLE full",TRUE,"MSE",2.48755351387568,21.85,NA,64,63,1,36,28,0,0,0,0.5625,0.4375,1,1.4375
74,"continuous",4,"Smooth nonlinear misspecified","BRP-GABLE rule-only",TRUE,"MSE",2.42845982941498,21.86,NA,67,67,0,39,28,0,0,0,0.582089552238806,0.417910447761194,1,1.41791044776119
74,"continuous",4,"Smooth nonlinear misspecified","GABLE",TRUE,"MSE",5.04949888891527,0.420000000000073,NA,5,5,0,4,1,0,0,0,0.8,0.2,1,1.2
74,"continuous",4,"Smooth nonlinear misspecified","GBM",TRUE,"MSE",2.95307719200572,0.0199999999999818,NA,NA,NA,NA,NA,NA,NA,NA,NA,NA,NA,NA,NA
74,"continuous",4,"Smooth nonlinear misspecified","Linear",TRUE,"MSE",6.46678018219174,0.0199999999999818,NA,20,0,20,20,0,0,0,0,1,0,1,1
74,"continuous",4,"Smooth nonlinear misspecified","Random forest",TRUE,"MSE",4.18271683503093,0.42999999999995,NA,NA,NA,NA,NA,NA,NA,NA,NA,NA,NA,NA,NA
74,"continuous",4,"Smooth nonlinear misspecified","RuleFit",TRUE,"MSE",3.98900130919931,7.95999999999992,NA,24,24,0,15,8,1,0,0,0.625,0.333333333333333,0.958333333333333,1.41666666666667
75,"continuous",4,"Smooth nonlinear misspecified","BRP-GABLE full",TRUE,"MSE",2.94485049668639,21.0799999999999,NA,59,55,4,32,27,0,0,0,0.542372881355932,0.457627118644068,1,1.45762711864407
75,"continuous",4,"Smooth nonlinear misspecified","BRP-GABLE rule-only",TRUE,"MSE",3.00212396821652,20.99,NA,49,49,0,24,25,0,0,0,0.489795918367347,0.510204081632653,1,1.51020408163265
75,"continuous",4,"Smooth nonlinear misspecified","GABLE",TRUE,"MSE",5.35109273197635,0.5,NA,5,5,0,4,1,0,0,0,0.8,0.2,1,1.2
75,"continuous",4,"Smooth nonlinear misspecified","GBM",TRUE,"MSE",2.58285285190733,0.0199999999999818,NA,NA,NA,NA,NA,NA,NA,NA,NA,NA,NA,NA,NA
75,"continuous",4,"Smooth nonlinear misspecified","Linear",TRUE,"MSE",5.86140261425904,0,NA,20,0,20,20,0,0,0,0,1,0,1,1
75,"continuous",4,"Smooth nonlinear misspecified","Random forest",TRUE,"MSE",3.62656774999671,0.439999999999941,NA,NA,NA,NA,NA,NA,NA,NA,NA,NA,NA,NA,NA
75,"continuous",4,"Smooth nonlinear misspecified","RuleFit",TRUE,"MSE",4.73243824934634,8.5100000000001,NA,19,19,0,11,7,1,0,0,0.578947368421053,0.368421052631579,0.947368421052632,1.47368421052632
76,"continuous",4,"Smooth nonlinear misspecified","BRP-GABLE full",TRUE,"MSE",2.02321946623455,21.3299999999999,NA,70,68,2,40,30,0,0,0,0.571428571428571,0.428571428571429,1,1.42857142857143
76,"continuous",4,"Smooth nonlinear misspecified","BRP-GABLE rule-only",TRUE,"MSE",2.02802571227323,21.2600000000001,NA,64,64,0,34,30,0,0,0,0.53125,0.46875,1,1.46875
76,"continuous",4,"Smooth nonlinear misspecified","GABLE",TRUE,"MSE",3.78863785742151,0.419999999999959,NA,5,5,0,4,1,0,0,0,0.8,0.2,1,1.2
76,"continuous",4,"Smooth nonlinear misspecified","GBM",TRUE,"MSE",2.19737495548919,0,NA,NA,NA,NA,NA,NA,NA,NA,NA,NA,NA,NA,NA
76,"continuous",4,"Smooth nonlinear misspecified","Linear",TRUE,"MSE",5.16339607738713,0,NA,20,0,20,20,0,0,0,0,1,0,1,1
76,"continuous",4,"Smooth nonlinear misspecified","Random forest",TRUE,"MSE",3.03514620916707,0.410000000000082,NA,NA,NA,NA,NA,NA,NA,NA,NA,NA,NA,NA,NA
76,"continuous",4,"Smooth nonlinear misspecified","RuleFit",TRUE,"MSE",4.98386941567386,8.27999999999997,NA,12,12,0,4,8,0,0,0,0.333333333333333,0.666666666666667,1,1.66666666666667
77,"continuous",4,"Smooth nonlinear misspecified","BRP-GABLE full",TRUE,"MSE",2.01487718082437,22.0599999999999,NA,65,62,3,35,30,0,0,0,0.538461538461538,0.461538461538462,1,1.46153846153846
77,"continuous",4,"Smooth nonlinear misspecified","BRP-GABLE rule-only",TRUE,"MSE",1.97096845425173,22.1700000000001,NA,62,62,0,31,31,0,0,0,0.5,0.5,1,1.5
77,"continuous",4,"Smooth nonlinear misspecified","GABLE",TRUE,"MSE",4.5814017167277,0.42999999999995,NA,5,5,0,4,1,0,0,0,0.8,0.2,1,1.2
77,"continuous",4,"Smooth nonlinear misspecified","GBM",TRUE,"MSE",2.04707392570461,0.0200000000000955,NA,NA,NA,NA,NA,NA,NA,NA,NA,NA,NA,NA,NA
77,"continuous",4,"Smooth nonlinear misspecified","Linear",TRUE,"MSE",6.14007867671407,0.00999999999999091,NA,20,0,20,20,0,0,0,0,1,0,1,1
77,"continuous",4,"Smooth nonlinear misspecified","Random forest",TRUE,"MSE",3.00752727209368,0.409999999999968,NA,NA,NA,NA,NA,NA,NA,NA,NA,NA,NA,NA,NA
77,"continuous",4,"Smooth nonlinear misspecified","RuleFit",TRUE,"MSE",3.26753352827979,7.99000000000001,NA,24,24,0,16,6,2,0,0,0.666666666666667,0.25,0.916666666666667,1.41666666666667
78,"continuous",4,"Smooth nonlinear misspecified","BRP-GABLE full",TRUE,"MSE",2.01977290172863,21.0599999999999,NA,74,71,3,47,27,0,0,0,0.635135135135135,0.364864864864865,1,1.36486486486486
78,"continuous",4,"Smooth nonlinear misspecified","BRP-GABLE rule-only",TRUE,"MSE",2.01964937666339,21.05,NA,75,75,0,47,28,0,0,0,0.626666666666667,0.373333333333333,1,1.37333333333333
78,"continuous",4,"Smooth nonlinear misspecified","GABLE",TRUE,"MSE",4.71181240319913,0.300000000000068,NA,5,5,0,5,0,0,0,0,1,0,1,1
78,"continuous",4,"Smooth nonlinear misspecified","GBM",TRUE,"MSE",2.25038823732662,0.0299999999999727,NA,NA,NA,NA,NA,NA,NA,NA,NA,NA,NA,NA,NA
78,"continuous",4,"Smooth nonlinear misspecified","Linear",TRUE,"MSE",5.91728634040297,0,NA,20,0,20,20,0,0,0,0,1,0,1,1
78,"continuous",4,"Smooth nonlinear misspecified","Random forest",TRUE,"MSE",3.54870510338882,0.360000000000014,NA,NA,NA,NA,NA,NA,NA,NA,NA,NA,NA,NA,NA
78,"continuous",4,"Smooth nonlinear misspecified","RuleFit",TRUE,"MSE",5.61423965956015,7.79999999999995,NA,9,9,0,3,6,0,0,0,0.333333333333333,0.666666666666667,1,1.66666666666667
79,"continuous",4,"Smooth nonlinear misspecified","BRP-GABLE full",TRUE,"MSE",2.12886969223312,20.2800000000001,NA,61,58,3,28,33,0,0,0,0.459016393442623,0.540983606557377,1,1.54098360655738
79,"continuous",4,"Smooth nonlinear misspecified","BRP-GABLE rule-only",TRUE,"MSE",2.1033463126824,20.24,NA,66,66,0,30,36,0,0,0,0.454545454545455,0.545454545454545,1,1.54545454545455
79,"continuous",4,"Smooth nonlinear misspecified","GABLE",TRUE,"MSE",4.39966343035812,0.439999999999941,NA,5,5,0,4,1,0,0,0,0.8,0.2,1,1.2
79,"continuous",4,"Smooth nonlinear misspecified","GBM",TRUE,"MSE",2.45292904273788,0.00999999999999091,NA,NA,NA,NA,NA,NA,NA,NA,NA,NA,NA,NA,NA
79,"continuous",4,"Smooth nonlinear misspecified","Linear",TRUE,"MSE",6.11918256708486,0,NA,20,0,20,20,0,0,0,0,1,0,1,1
79,"continuous",4,"Smooth nonlinear misspecified","Random forest",TRUE,"MSE",3.59875768789992,0.420000000000073,NA,NA,NA,NA,NA,NA,NA,NA,NA,NA,NA,NA,NA
79,"continuous",4,"Smooth nonlinear misspecified","RuleFit",TRUE,"MSE",4.4692494978869,8.38,NA,23,23,0,9,13,1,0,0,0.391304347826087,0.565217391304348,0.956521739130435,1.65217391304348
80,"continuous",4,"Smooth nonlinear misspecified","BRP-GABLE full",TRUE,"MSE",2.03797078025715,21.5500000000001,NA,66,63,3,37,29,0,0,0,0.560606060606061,0.439393939393939,1,1.43939393939394
80,"continuous",4,"Smooth nonlinear misspecified","BRP-GABLE rule-only",TRUE,"MSE",2.03013020594804,21.5899999999999,NA,69,69,0,37,32,0,0,0,0.536231884057971,0.463768115942029,1,1.46376811594203
80,"continuous",4,"Smooth nonlinear misspecified","GABLE",TRUE,"MSE",4.39507368707884,0.470000000000027,NA,5,5,0,5,0,0,0,0,1,0,1,1
80,"continuous",4,"Smooth nonlinear misspecified","GBM",TRUE,"MSE",2.65292877653299,0.00999999999999091,NA,NA,NA,NA,NA,NA,NA,NA,NA,NA,NA,NA,NA
80,"continuous",4,"Smooth nonlinear misspecified","Linear",TRUE,"MSE",5.88273571908301,0.0200000000000955,NA,20,0,20,20,0,0,0,0,1,0,1,1
80,"continuous",4,"Smooth nonlinear misspecified","Random forest",TRUE,"MSE",3.78402525555065,0.42999999999995,NA,NA,NA,NA,NA,NA,NA,NA,NA,NA,NA,NA,NA
80,"continuous",4,"Smooth nonlinear misspecified","RuleFit",TRUE,"MSE",5.28750639710376,7.39999999999998,NA,5,5,0,4,1,0,0,0,0.8,0.2,1,1.2
81,"continuous",4,"Smooth nonlinear misspecified","BRP-GABLE full",TRUE,"MSE",2.57133728584472,21.4699999999999,NA,89,79,10,65,24,0,0,0,0.730337078651685,0.269662921348315,1,1.26966292134831
81,"continuous",4,"Smooth nonlinear misspecified","BRP-GABLE rule-only",TRUE,"MSE",2.58323962026969,21.3199999999999,NA,70,70,0,48,22,0,0,0,0.685714285714286,0.314285714285714,1,1.31428571428571
81,"continuous",4,"Smooth nonlinear misspecified","GABLE",TRUE,"MSE",4.67549003741743,0.389999999999986,NA,5,5,0,3,2,0,0,0,0.6,0.4,1,1.4
81,"continuous",4,"Smooth nonlinear misspecified","GBM",TRUE,"MSE",2.9043127353619,0.0199999999999818,NA,NA,NA,NA,NA,NA,NA,NA,NA,NA,NA,NA,NA
81,"continuous",4,"Smooth nonlinear misspecified","Linear",TRUE,"MSE",6.41791154471438,0,NA,20,0,20,20,0,0,0,0,1,0,1,1
81,"continuous",4,"Smooth nonlinear misspecified","Random forest",TRUE,"MSE",3.93486676678506,0.420000000000073,NA,NA,NA,NA,NA,NA,NA,NA,NA,NA,NA,NA,NA
81,"continuous",4,"Smooth nonlinear misspecified","RuleFit",TRUE,"MSE",3.77629601204792,9,NA,38,38,0,20,14,4,0,0,0.526315789473684,0.368421052631579,0.894736842105263,1.57894736842105
82,"continuous",4,"Smooth nonlinear misspecified","BRP-GABLE full",TRUE,"MSE",2.397108003333,21.7200000000001,NA,63,62,1,35,28,0,0,0,0.555555555555556,0.444444444444444,1,1.44444444444444
82,"continuous",4,"Smooth nonlinear misspecified","BRP-GABLE rule-only",TRUE,"MSE",2.37903058595556,21.77,NA,72,72,0,41,31,0,0,0,0.569444444444444,0.430555555555556,1,1.43055555555556
82,"continuous",4,"Smooth nonlinear misspecified","GABLE",TRUE,"MSE",5.18881710929901,0.5,NA,5,5,0,5,0,0,0,0,1,0,1,1
82,"continuous",4,"Smooth nonlinear misspecified","GBM",TRUE,"MSE",2.17516336600895,0.00999999999999091,NA,NA,NA,NA,NA,NA,NA,NA,NA,NA,NA,NA,NA
82,"continuous",4,"Smooth nonlinear misspecified","Linear",TRUE,"MSE",6.26843604482206,0,NA,20,0,20,20,0,0,0,0,1,0,1,1
82,"continuous",4,"Smooth nonlinear misspecified","Random forest",TRUE,"MSE",3.61556077848296,0.420000000000073,NA,NA,NA,NA,NA,NA,NA,NA,NA,NA,NA,NA,NA
82,"continuous",4,"Smooth nonlinear misspecified","RuleFit",TRUE,"MSE",5.9491205956822,8.26999999999998,NA,16,16,0,12,4,0,0,0,0.75,0.25,1,1.25
83,"continuous",4,"Smooth nonlinear misspecified","BRP-GABLE full",TRUE,"MSE",2.64021242515774,21.14,NA,64,62,2,35,29,0,0,0,0.546875,0.453125,1,1.453125
83,"continuous",4,"Smooth nonlinear misspecified","BRP-GABLE rule-only",TRUE,"MSE",2.58346579203585,20.9699999999999,NA,57,57,0,29,28,0,0,0,0.508771929824561,0.491228070175439,1,1.49122807017544
83,"continuous",4,"Smooth nonlinear misspecified","GABLE",TRUE,"MSE",4.75279855909006,0.409999999999968,NA,5,5,0,4,1,0,0,0,0.8,0.2,1,1.2
83,"continuous",4,"Smooth nonlinear misspecified","GBM",TRUE,"MSE",2.96095509712122,0.00999999999999091,NA,NA,NA,NA,NA,NA,NA,NA,NA,NA,NA,NA,NA
83,"continuous",4,"Smooth nonlinear misspecified","Linear",TRUE,"MSE",6.55497106564311,0,NA,20,0,20,20,0,0,0,0,1,0,1,1
83,"continuous",4,"Smooth nonlinear misspecified","Random forest",TRUE,"MSE",4.02904435960598,0.409999999999968,NA,NA,NA,NA,NA,NA,NA,NA,NA,NA,NA,NA,NA
83,"continuous",4,"Smooth nonlinear misspecified","RuleFit",TRUE,"MSE",5.01158031576685,8.11000000000001,NA,9,9,0,3,6,0,0,0,0.333333333333333,0.666666666666667,1,1.66666666666667
84,"continuous",4,"Smooth nonlinear misspecified","BRP-GABLE full",TRUE,"MSE",2.41685648571794,22.25,NA,73,72,1,42,31,0,0,0,0.575342465753425,0.424657534246575,1,1.42465753424658
84,"continuous",4,"Smooth nonlinear misspecified","BRP-GABLE rule-only",TRUE,"MSE",2.34556085417741,22.23,NA,75,75,0,44,31,0,0,0,0.586666666666667,0.413333333333333,1,1.41333333333333
84,"continuous",4,"Smooth nonlinear misspecified","GABLE",TRUE,"MSE",4.35928402918209,0.480000000000018,NA,5,5,0,5,0,0,0,0,1,0,1,1
84,"continuous",4,"Smooth nonlinear misspecified","GBM",TRUE,"MSE",2.54843296896629,0.00999999999999091,NA,NA,NA,NA,NA,NA,NA,NA,NA,NA,NA,NA,NA
84,"continuous",4,"Smooth nonlinear misspecified","Linear",TRUE,"MSE",6.34498953645449,0.0200000000000955,NA,20,0,20,20,0,0,0,0,1,0,1,1
84,"continuous",4,"Smooth nonlinear misspecified","Random forest",TRUE,"MSE",3.79859399713285,0.399999999999977,NA,NA,NA,NA,NA,NA,NA,NA,NA,NA,NA,NA,NA
84,"continuous",4,"Smooth nonlinear misspecified","RuleFit",TRUE,"MSE",5.14557866475687,8.12,NA,7,7,0,3,4,0,0,0,0.428571428571429,0.571428571428571,1,1.57142857142857
85,"continuous",4,"Smooth nonlinear misspecified","BRP-GABLE full",TRUE,"MSE",2.26875509547798,21.2900000000001,NA,55,54,1,21,34,0,0,0,0.381818181818182,0.618181818181818,1,1.61818181818182
85,"continuous",4,"Smooth nonlinear misspecified","BRP-GABLE rule-only",TRUE,"MSE",2.27099310138713,21.27,NA,56,56,0,22,34,0,0,0,0.392857142857143,0.607142857142857,1,1.60714285714286
85,"continuous",4,"Smooth nonlinear misspecified","GABLE",TRUE,"MSE",5.02537148479588,0.420000000000073,NA,5,5,0,3,2,0,0,0,0.6,0.4,1,1.4
85,"continuous",4,"Smooth nonlinear misspecified","GBM",TRUE,"MSE",2.32306344659606,0.00999999999999091,NA,NA,NA,NA,NA,NA,NA,NA,NA,NA,NA,NA,NA
85,"continuous",4,"Smooth nonlinear misspecified","Linear",TRUE,"MSE",6.19320560779293,0,NA,20,0,20,20,0,0,0,0,1,0,1,1
85,"continuous",4,"Smooth nonlinear misspecified","Random forest",TRUE,"MSE",3.68688596805313,0.389999999999986,NA,NA,NA,NA,NA,NA,NA,NA,NA,NA,NA,NA,NA
85,"continuous",4,"Smooth nonlinear misspecified","RuleFit",TRUE,"MSE",5.18837731358641,8.27999999999997,NA,13,13,0,3,9,1,0,0,0.230769230769231,0.692307692307692,0.923076923076923,1.84615384615385
86,"continuous",4,"Smooth nonlinear misspecified","BRP-GABLE full",TRUE,"MSE",2.75349659627272,21.7600000000001,NA,57,56,1,29,28,0,0,0,0.508771929824561,0.491228070175439,1,1.49122807017544
86,"continuous",4,"Smooth nonlinear misspecified","BRP-GABLE rule-only",TRUE,"MSE",2.71848588527732,21.76,NA,60,60,0,31,29,0,0,0,0.516666666666667,0.483333333333333,1,1.48333333333333
86,"continuous",4,"Smooth nonlinear misspecified","GABLE",TRUE,"MSE",4.9774284045774,0.549999999999955,NA,5,5,0,4,1,0,0,0,0.8,0.2,1,1.2
86,"continuous",4,"Smooth nonlinear misspecified","GBM",TRUE,"MSE",2.88078042129542,0.0199999999999818,NA,NA,NA,NA,NA,NA,NA,NA,NA,NA,NA,NA,NA
86,"continuous",4,"Smooth nonlinear misspecified","Linear",TRUE,"MSE",6.71456498747629,0,NA,20,0,20,20,0,0,0,0,1,0,1,1
86,"continuous",4,"Smooth nonlinear misspecified","Random forest",TRUE,"MSE",3.84948690634583,0.430000000000064,NA,NA,NA,NA,NA,NA,NA,NA,NA,NA,NA,NA,NA
86,"continuous",4,"Smooth nonlinear misspecified","RuleFit",TRUE,"MSE",5.68327902844034,9.30000000000007,NA,18,18,0,2,16,0,0,0,0.111111111111111,0.888888888888889,1,1.88888888888889
87,"continuous",4,"Smooth nonlinear misspecified","BRP-GABLE full",TRUE,"MSE",2.46593275024922,21.86,NA,67,66,1,35,32,0,0,0,0.522388059701492,0.477611940298507,1,1.47761194029851
87,"continuous",4,"Smooth nonlinear misspecified","BRP-GABLE rule-only",TRUE,"MSE",2.48807145529203,21.58,NA,72,72,0,41,31,0,0,0,0.569444444444444,0.430555555555556,1,1.43055555555556
87,"continuous",4,"Smooth nonlinear misspecified","GABLE",TRUE,"MSE",4.58843466663196,0.409999999999968,NA,5,5,0,3,2,0,0,0,0.6,0.4,1,1.4
87,"continuous",4,"Smooth nonlinear misspecified","GBM",TRUE,"MSE",2.67296164160174,0.0199999999999818,NA,NA,NA,NA,NA,NA,NA,NA,NA,NA,NA,NA,NA
87,"continuous",4,"Smooth nonlinear misspecified","Linear",TRUE,"MSE",5.9963958566775,0,NA,20,0,20,20,0,0,0,0,1,0,1,1
87,"continuous",4,"Smooth nonlinear misspecified","Random forest",TRUE,"MSE",3.44499393810853,0.400000000000091,NA,NA,NA,NA,NA,NA,NA,NA,NA,NA,NA,NA,NA
87,"continuous",4,"Smooth nonlinear misspecified","RuleFit",TRUE,"MSE",4.00108676154027,8.16999999999996,NA,13,13,0,10,3,0,0,0,0.769230769230769,0.230769230769231,1,1.23076923076923
88,"continuous",4,"Smooth nonlinear misspecified","BRP-GABLE full",TRUE,"MSE",2.24092851541902,21.78,NA,52,52,0,20,32,0,0,0,0.384615384615385,0.615384615384615,1,1.61538461538462
88,"continuous",4,"Smooth nonlinear misspecified","BRP-GABLE rule-only",TRUE,"MSE",2.17129093225793,21.6799999999999,NA,54,54,0,21,33,0,0,0,0.388888888888889,0.611111111111111,1,1.61111111111111
88,"continuous",4,"Smooth nonlinear misspecified","GABLE",TRUE,"MSE",4.18086695749814,0.450000000000045,NA,5,5,0,4,1,0,0,0,0.8,0.2,1,1.2
88,"continuous",4,"Smooth nonlinear misspecified","GBM",TRUE,"MSE",2.53377205398612,0.0199999999999818,NA,NA,NA,NA,NA,NA,NA,NA,NA,NA,NA,NA,NA
88,"continuous",4,"Smooth nonlinear misspecified","Linear",TRUE,"MSE",6.30838926577063,0.00999999999999091,NA,20,0,20,20,0,0,0,0,1,0,1,1
88,"continuous",4,"Smooth nonlinear misspecified","Random forest",TRUE,"MSE",3.84765697212292,0.409999999999968,NA,NA,NA,NA,NA,NA,NA,NA,NA,NA,NA,NA,NA
88,"continuous",4,"Smooth nonlinear misspecified","RuleFit",TRUE,"MSE",5.1705424095587,8.43999999999994,NA,20,20,0,16,4,0,0,0,0.8,0.2,1,1.2
89,"continuous",4,"Smooth nonlinear misspecified","BRP-GABLE full",TRUE,"MSE",2.14172099355389,21.27,NA,74,72,2,41,33,0,0,0,0.554054054054054,0.445945945945946,1,1.44594594594595
89,"continuous",4,"Smooth nonlinear misspecified","BRP-GABLE rule-only",TRUE,"MSE",2.20856315413927,21.24,NA,74,74,0,42,32,0,0,0,0.567567567567568,0.432432432432432,1,1.43243243243243
89,"continuous",4,"Smooth nonlinear misspecified","GABLE",TRUE,"MSE",4.74618257665776,0.480000000000018,NA,4,4,0,3,1,0,0,0,0.75,0.25,1,1.25
89,"continuous",4,"Smooth nonlinear misspecified","GBM",TRUE,"MSE",2.54521459255369,0.0200000000000955,NA,NA,NA,NA,NA,NA,NA,NA,NA,NA,NA,NA,NA
89,"continuous",4,"Smooth nonlinear misspecified","Linear",TRUE,"MSE",6.48913677802934,0,NA,20,0,20,20,0,0,0,0,1,0,1,1
89,"continuous",4,"Smooth nonlinear misspecified","Random forest",TRUE,"MSE",3.65052804958005,0.439999999999941,NA,NA,NA,NA,NA,NA,NA,NA,NA,NA,NA,NA,NA
89,"continuous",4,"Smooth nonlinear misspecified","RuleFit",TRUE,"MSE",5.58886623626637,8.02999999999997,NA,19,19,0,15,3,1,0,0,0.789473684210526,0.157894736842105,0.947368421052632,1.26315789473684
90,"continuous",4,"Smooth nonlinear misspecified","BRP-GABLE full",TRUE,"MSE",2.81744056859328,20.8399999999999,NA,47,46,1,14,33,0,0,0,0.297872340425532,0.702127659574468,1,1.70212765957447
90,"continuous",4,"Smooth nonlinear misspecified","BRP-GABLE rule-only",TRUE,"MSE",2.70210175327175,20.78,NA,51,51,0,18,33,0,0,0,0.352941176470588,0.647058823529412,1,1.64705882352941
90,"continuous",4,"Smooth nonlinear misspecified","GABLE",TRUE,"MSE",4.73242884529724,0.410000000000082,NA,5,5,0,3,2,0,0,0,0.6,0.4,1,1.4
90,"continuous",4,"Smooth nonlinear misspecified","GBM",TRUE,"MSE",2.69335762474035,0.00999999999999091,NA,NA,NA,NA,NA,NA,NA,NA,NA,NA,NA,NA,NA
90,"continuous",4,"Smooth nonlinear misspecified","Linear",TRUE,"MSE",7.29310428491855,0,NA,20,0,20,20,0,0,0,0,1,0,1,1
90,"continuous",4,"Smooth nonlinear misspecified","Random forest",TRUE,"MSE",4.0280956695879,0.439999999999941,NA,NA,NA,NA,NA,NA,NA,NA,NA,NA,NA,NA,NA
90,"continuous",4,"Smooth nonlinear misspecified","RuleFit",TRUE,"MSE",6.21501249121377,8.25,NA,18,18,0,9,9,0,0,0,0.5,0.5,1,1.5
91,"continuous",4,"Smooth nonlinear misspecified","BRP-GABLE full",TRUE,"MSE",2.49631335852101,21.49,NA,63,61,2,30,33,0,0,0,0.476190476190476,0.523809523809524,1,1.52380952380952
91,"continuous",4,"Smooth nonlinear misspecified","BRP-GABLE rule-only",TRUE,"MSE",2.51516938165859,21.42,NA,62,62,0,29,33,0,0,0,0.467741935483871,0.532258064516129,1,1.53225806451613
91,"continuous",4,"Smooth nonlinear misspecified","GABLE",TRUE,"MSE",4.63245747505371,0.42999999999995,NA,5,5,0,3,2,0,0,0,0.6,0.4,1,1.4
91,"continuous",4,"Smooth nonlinear misspecified","GBM",TRUE,"MSE",2.62997169617213,0.0299999999999727,NA,NA,NA,NA,NA,NA,NA,NA,NA,NA,NA,NA,NA
91,"continuous",4,"Smooth nonlinear misspecified","Linear",TRUE,"MSE",5.53452341588842,0,NA,20,0,20,20,0,0,0,0,1,0,1,1
91,"continuous",4,"Smooth nonlinear misspecified","Random forest",TRUE,"MSE",3.75849557902661,0.400000000000091,NA,NA,NA,NA,NA,NA,NA,NA,NA,NA,NA,NA,NA
91,"continuous",4,"Smooth nonlinear misspecified","RuleFit",TRUE,"MSE",5.73884371082979,8.12,NA,5,5,0,4,1,0,0,0,0.8,0.2,1,1.2
92,"continuous",4,"Smooth nonlinear misspecified","BRP-GABLE full",TRUE,"MSE",2.59706383576597,21.9300000000001,NA,58,53,5,36,22,0,0,0,0.620689655172414,0.379310344827586,1,1.37931034482759
92,"continuous",4,"Smooth nonlinear misspecified","BRP-GABLE rule-only",TRUE,"MSE",2.59657680617661,21.8600000000001,NA,56,56,0,35,21,0,0,0,0.625,0.375,1,1.375
92,"continuous",4,"Smooth nonlinear misspecified","GABLE",TRUE,"MSE",5.11883879333671,0.470000000000027,NA,5,5,0,4,1,0,0,0,0.8,0.2,1,1.2
92,"continuous",4,"Smooth nonlinear misspecified","GBM",TRUE,"MSE",2.41273845321386,0.0199999999999818,NA,NA,NA,NA,NA,NA,NA,NA,NA,NA,NA,NA,NA
92,"continuous",4,"Smooth nonlinear misspecified","Linear",TRUE,"MSE",6.69887319537363,0,NA,20,0,20,20,0,0,0,0,1,0,1,1
92,"continuous",4,"Smooth nonlinear misspecified","Random forest",TRUE,"MSE",3.67697987680183,0.389999999999986,NA,NA,NA,NA,NA,NA,NA,NA,NA,NA,NA,NA,NA
92,"continuous",4,"Smooth nonlinear misspecified","RuleFit",TRUE,"MSE",3.31322074803183,8.43999999999994,NA,23,23,0,14,9,0,0,0,0.608695652173913,0.391304347826087,1,1.39130434782609
93,"continuous",4,"Smooth nonlinear misspecified","BRP-GABLE full",TRUE,"MSE",2.78460414549668,21.12,NA,59,58,1,34,25,0,0,0,0.576271186440678,0.423728813559322,1,1.42372881355932
93,"continuous",4,"Smooth nonlinear misspecified","BRP-GABLE rule-only",TRUE,"MSE",2.79878333991854,21.0100000000001,NA,58,58,0,36,22,0,0,0,0.620689655172414,0.379310344827586,1,1.37931034482759
93,"continuous",4,"Smooth nonlinear misspecified","GABLE",TRUE,"MSE",4.55636475375168,0.420000000000073,NA,5,5,0,4,1,0,0,0,0.8,0.2,1,1.2
93,"continuous",4,"Smooth nonlinear misspecified","GBM",TRUE,"MSE",2.72820020531928,0.0199999999999818,NA,NA,NA,NA,NA,NA,NA,NA,NA,NA,NA,NA,NA
93,"continuous",4,"Smooth nonlinear misspecified","Linear",TRUE,"MSE",5.98212868953527,0,NA,20,0,20,20,0,0,0,0,1,0,1,1
93,"continuous",4,"Smooth nonlinear misspecified","Random forest",TRUE,"MSE",3.64627919959052,0.389999999999986,NA,NA,NA,NA,NA,NA,NA,NA,NA,NA,NA,NA,NA
93,"continuous",4,"Smooth nonlinear misspecified","RuleFit",TRUE,"MSE",4.14996051622871,8.32999999999993,NA,23,23,0,12,11,0,0,0,0.521739130434783,0.478260869565217,1,1.47826086956522
94,"continuous",4,"Smooth nonlinear misspecified","BRP-GABLE full",TRUE,"MSE",2.40361711446293,22.1800000000001,NA,54,54,0,26,28,0,0,0,0.481481481481481,0.518518518518518,1,1.51851851851852
94,"continuous",4,"Smooth nonlinear misspecified","BRP-GABLE rule-only",TRUE,"MSE",2.37514837647817,22.14,NA,54,54,0,26,28,0,0,0,0.481481481481481,0.518518518518518,1,1.51851851851852
94,"continuous",4,"Smooth nonlinear misspecified","GABLE",TRUE,"MSE",4.24848916055212,0.5,NA,5,5,0,5,0,0,0,0,1,0,1,1
94,"continuous",4,"Smooth nonlinear misspecified","GBM",TRUE,"MSE",2.47327472607627,0.0199999999999818,NA,NA,NA,NA,NA,NA,NA,NA,NA,NA,NA,NA,NA
94,"continuous",4,"Smooth nonlinear misspecified","Linear",TRUE,"MSE",6.40781130735719,0.0100000000001046,NA,20,0,20,20,0,0,0,0,1,0,1,1
94,"continuous",4,"Smooth nonlinear misspecified","Random forest",TRUE,"MSE",3.68971352952139,0.409999999999968,NA,NA,NA,NA,NA,NA,NA,NA,NA,NA,NA,NA,NA
94,"continuous",4,"Smooth nonlinear misspecified","RuleFit",TRUE,"MSE",3.02233384446708,8.50999999999999,NA,37,37,0,19,17,1,0,0,0.513513513513513,0.459459459459459,0.972972972972973,1.51351351351351
95,"continuous",4,"Smooth nonlinear misspecified","BRP-GABLE full",TRUE,"MSE",1.93505406272352,21.24,NA,68,65,3,42,26,0,0,0,0.617647058823529,0.382352941176471,1,1.38235294117647
95,"continuous",4,"Smooth nonlinear misspecified","BRP-GABLE rule-only",TRUE,"MSE",1.86805524507688,21.1800000000002,NA,61,61,0,35,26,0,0,0,0.573770491803279,0.426229508196721,1,1.42622950819672
95,"continuous",4,"Smooth nonlinear misspecified","GABLE",TRUE,"MSE",5.40903327530429,0.410000000000082,NA,5,5,0,3,2,0,0,0,0.6,0.4,1,1.4
95,"continuous",4,"Smooth nonlinear misspecified","GBM",TRUE,"MSE",2.17758430712633,0.0199999999999818,NA,NA,NA,NA,NA,NA,NA,NA,NA,NA,NA,NA,NA
95,"continuous",4,"Smooth nonlinear misspecified","Linear",TRUE,"MSE",6.18085480412002,0.0199999999999818,NA,20,0,20,20,0,0,0,0,1,0,1,1
95,"continuous",4,"Smooth nonlinear misspecified","Random forest",TRUE,"MSE",3.32770423022053,0.42999999999995,NA,NA,NA,NA,NA,NA,NA,NA,NA,NA,NA,NA,NA
95,"continuous",4,"Smooth nonlinear misspecified","RuleFit",TRUE,"MSE",3.17110717462899,7.69999999999993,NA,27,27,0,15,9,3,0,0,0.555555555555556,0.333333333333333,0.888888888888889,1.55555555555556
96,"continuous",4,"Smooth nonlinear misspecified","BRP-GABLE full",TRUE,"MSE",2.63527720257232,20.6399999999999,NA,62,61,1,33,29,0,0,0,0.532258064516129,0.467741935483871,1,1.46774193548387
96,"continuous",4,"Smooth nonlinear misspecified","BRP-GABLE rule-only",TRUE,"MSE",2.43386280810657,20.62,NA,66,66,0,35,31,0,0,0,0.53030303030303,0.46969696969697,1,1.46969696969697
96,"continuous",4,"Smooth nonlinear misspecified","GABLE",TRUE,"MSE",5.66597990274782,0.389999999999986,NA,5,5,0,4,1,0,0,0,0.8,0.2,1,1.2
96,"continuous",4,"Smooth nonlinear misspecified","GBM",TRUE,"MSE",2.80193838639891,0.0199999999999818,NA,NA,NA,NA,NA,NA,NA,NA,NA,NA,NA,NA,NA
96,"continuous",4,"Smooth nonlinear misspecified","Linear",TRUE,"MSE",7.26838396633349,0,NA,20,0,20,20,0,0,0,0,1,0,1,1
96,"continuous",4,"Smooth nonlinear misspecified","Random forest",TRUE,"MSE",4.09176183772777,0.409999999999968,NA,NA,NA,NA,NA,NA,NA,NA,NA,NA,NA,NA,NA
96,"continuous",4,"Smooth nonlinear misspecified","RuleFit",TRUE,"MSE",4.94153257838706,7.89999999999998,NA,26,26,0,16,9,1,0,0,0.615384615384615,0.346153846153846,0.961538461538462,1.42307692307692
97,"continuous",4,"Smooth nonlinear misspecified","BRP-GABLE full",TRUE,"MSE",2.15843531230509,21.3799999999999,NA,67,65,2,33,34,0,0,0,0.492537313432836,0.507462686567164,1,1.50746268656716
97,"continuous",4,"Smooth nonlinear misspecified","BRP-GABLE rule-only",TRUE,"MSE",2.12538041075963,21.28,NA,74,74,0,40,34,0,0,0,0.540540540540541,0.459459459459459,1,1.45945945945946
97,"continuous",4,"Smooth nonlinear misspecified","GABLE",TRUE,"MSE",4.03584446437192,0.42999999999995,NA,5,5,0,5,0,0,0,0,1,0,1,1
97,"continuous",4,"Smooth nonlinear misspecified","GBM",TRUE,"MSE",2.60641552252554,0.0199999999999818,NA,NA,NA,NA,NA,NA,NA,NA,NA,NA,NA,NA,NA
97,"continuous",4,"Smooth nonlinear misspecified","Linear",TRUE,"MSE",6.37955137897115,0,NA,20,0,20,20,0,0,0,0,1,0,1,1
97,"continuous",4,"Smooth nonlinear misspecified","Random forest",TRUE,"MSE",3.88404804991282,0.400000000000091,NA,NA,NA,NA,NA,NA,NA,NA,NA,NA,NA,NA,NA
97,"continuous",4,"Smooth nonlinear misspecified","RuleFit",TRUE,"MSE",4.63054673734532,7.71000000000004,NA,20,20,0,11,8,1,0,0,0.55,0.4,0.95,1.5
98,"continuous",4,"Smooth nonlinear misspecified","BRP-GABLE full",TRUE,"MSE",2.86703193884281,20.1099999999999,NA,63,63,0,24,39,0,0,0,0.380952380952381,0.619047619047619,1,1.61904761904762
98,"continuous",4,"Smooth nonlinear misspecified","BRP-GABLE rule-only",TRUE,"MSE",2.80511607343047,20.0599999999999,NA,60,60,0,23,37,0,0,0,0.383333333333333,0.616666666666667,1,1.61666666666667
98,"continuous",4,"Smooth nonlinear misspecified","GABLE",TRUE,"MSE",4.6578377368179,0.450000000000045,NA,5,5,0,4,1,0,0,0,0.8,0.2,1,1.2
98,"continuous",4,"Smooth nonlinear misspecified","GBM",TRUE,"MSE",3.01789971641729,0.0199999999999818,NA,NA,NA,NA,NA,NA,NA,NA,NA,NA,NA,NA,NA
98,"continuous",4,"Smooth nonlinear misspecified","Linear",TRUE,"MSE",6.43758637795934,0,NA,20,0,20,20,0,0,0,0,1,0,1,1
98,"continuous",4,"Smooth nonlinear misspecified","Random forest",TRUE,"MSE",4.19699760832859,0.360000000000014,NA,NA,NA,NA,NA,NA,NA,NA,NA,NA,NA,NA,NA
98,"continuous",4,"Smooth nonlinear misspecified","RuleFit",TRUE,"MSE",4.63023718326745,6.63999999999999,NA,23,23,0,10,12,1,0,0,0.434782608695652,0.521739130434783,0.956521739130435,1.60869565217391
99,"continuous",4,"Smooth nonlinear misspecified","BRP-GABLE full",TRUE,"MSE",2.46974761904744,19.5599999999999,NA,67,66,1,36,31,0,0,0,0.537313432835821,0.462686567164179,1,1.46268656716418
99,"continuous",4,"Smooth nonlinear misspecified","BRP-GABLE rule-only",TRUE,"MSE",2.42257441176487,19.5,NA,74,74,0,42,32,0,0,0,0.567567567567568,0.432432432432432,1,1.43243243243243
99,"continuous",4,"Smooth nonlinear misspecified","GABLE",TRUE,"MSE",5.12555516488642,0.439999999999941,NA,5,5,0,4,1,0,0,0,0.8,0.2,1,1.2
99,"continuous",4,"Smooth nonlinear misspecified","GBM",TRUE,"MSE",2.74883126028185,0.00999999999999091,NA,NA,NA,NA,NA,NA,NA,NA,NA,NA,NA,NA,NA
99,"continuous",4,"Smooth nonlinear misspecified","Linear",TRUE,"MSE",6.65829908708562,0,NA,20,0,20,20,0,0,0,0,1,0,1,1
99,"continuous",4,"Smooth nonlinear misspecified","Random forest",TRUE,"MSE",3.94083837893869,0.360000000000014,NA,NA,NA,NA,NA,NA,NA,NA,NA,NA,NA,NA,NA
99,"continuous",4,"Smooth nonlinear misspecified","RuleFit",TRUE,"MSE",4.56323418467967,6.08000000000004,NA,22,22,0,17,5,0,0,0,0.772727272727273,0.227272727272727,1,1.22727272727273
100,"continuous",4,"Smooth nonlinear misspecified","BRP-GABLE full",TRUE,"MSE",3.21758324968262,18.9,NA,50,50,0,26,24,0,0,0,0.52,0.48,1,1.48
100,"continuous",4,"Smooth nonlinear misspecified","BRP-GABLE rule-only",TRUE,"MSE",3.1171759047665,18.9299999999999,NA,52,52,0,28,24,0,0,0,0.538461538461538,0.461538461538462,1,1.46153846153846
100,"continuous",4,"Smooth nonlinear misspecified","GABLE",TRUE,"MSE",5.4058457365796,0.279999999999973,NA,5,5,0,5,0,0,0,0,1,0,1,1
100,"continuous",4,"Smooth nonlinear misspecified","GBM",TRUE,"MSE",3.30397774215958,0,NA,NA,NA,NA,NA,NA,NA,NA,NA,NA,NA,NA,NA
100,"continuous",4,"Smooth nonlinear misspecified","Linear",TRUE,"MSE",7.41077686287525,0.00999999999999091,NA,20,0,20,20,0,0,0,0,1,0,1,1
100,"continuous",4,"Smooth nonlinear misspecified","Random forest",TRUE,"MSE",4.75860453255871,0.330000000000041,NA,NA,NA,NA,NA,NA,NA,NA,NA,NA,NA,NA,NA
100,"continuous",4,"Smooth nonlinear misspecified","RuleFit",TRUE,"MSE",4.85503933083687,4.08000000000004,NA,17,17,0,15,2,0,0,0,0.882352941176471,0.117647058823529,1,1.11764705882353
