"Sim","Outcome","Scenario","Scenario_name","method","fit_ok","metric_name","metric_value","elapsed_time","error_message","n_rules_total","n_rule_terms_selected","n_linear_selected","n_rules_deg1","n_rules_deg2","n_rules_deg3","n_rules_deg4","n_rules_deg5plus","prop_deg1","prop_deg2","prop_deg_le2","avg_rule_degree"
1,"binary",1,"Purely rule-based","BRP-GABLE full",TRUE,"AUC",0.884658147891523,187.53,NA,34,32,2,17,17,0,0,0,0.5,0.5,1,1.5
1,"binary",1,"Purely rule-based","BRP-GABLE rule-only",TRUE,"AUC",0.886704587569893,186.22,NA,39,39,0,20,19,0,0,0,0.512820512820513,0.487179487179487,1,1.48717948717949
1,"binary",1,"Purely rule-based","GABLE",TRUE,"AUC",0.868600847580528,4.63999999999999,NA,5,5,0,5,0,0,0,0,1,0,1,1
1,"binary",1,"Purely rule-based","GBM",TRUE,"AUC",0.876134001514688,0.03,NA,NA,NA,NA,NA,NA,NA,NA,NA,NA,NA,NA,NA
1,"binary",1,"Purely rule-based","Linear",TRUE,"AUC",0.799883981372565,0.0199999999999818,NA,20,0,20,20,0,0,0,0,1,0,1,1
1,"binary",1,"Purely rule-based","Random forest",TRUE,"AUC",0.859399925876988,0.490000000000009,NA,NA,NA,NA,NA,NA,NA,NA,NA,NA,NA,NA,NA
1,"binary",1,"Purely rule-based","RuleFit",TRUE,"AUC",0.881193702766722,14.89,NA,37,37,0,0,26,11,0,0,0,0.702702702702703,0.702702702702703,2.2972972972973
2,"binary",1,"Purely rule-based","BRP-GABLE full",TRUE,"AUC",0.884757620389344,168.95,NA,27,26,1,6,21,0,0,0,0.222222222222222,0.777777777777778,1,1.77777777777778
2,"binary",1,"Purely rule-based","BRP-GABLE rule-only",TRUE,"AUC",0.885966316598361,167.86,NA,28,28,0,5,23,0,0,0,0.178571428571429,0.821428571428571,1,1.82142857142857
2,"binary",1,"Purely rule-based","GABLE",TRUE,"AUC",0.827044377561475,3.29999999999998,NA,5,5,0,3,2,0,0,0,0.6,0.4,1,1.4
2,"binary",1,"Purely rule-based","GBM",TRUE,"AUC",0.861472207991803,0.04,NA,NA,NA,NA,NA,NA,NA,NA,NA,NA,NA,NA,NA
2,"binary",1,"Purely rule-based","Linear",TRUE,"AUC",0.749247566598361,0.0200000000000102,NA,20,0,20,20,0,0,0,0,1,0,1,1
2,"binary",1,"Purely rule-based","Random forest",TRUE,"AUC",0.863241226946721,0.510000000000019,NA,NA,NA,NA,NA,NA,NA,NA,NA,NA,NA,NA,NA
2,"binary",1,"Purely rule-based","RuleFit",TRUE,"AUC",0.869276703381148,14.7,NA,44,44,0,3,30,11,0,0,0.0681818181818182,0.681818181818182,0.75,2.18181818181818
3,"binary",1,"Purely rule-based","BRP-GABLE full",TRUE,"AUC",0.840544217687075,197.86,NA,30,30,0,12,18,0,0,0,0.4,0.6,1,1.6
3,"binary",1,"Purely rule-based","BRP-GABLE rule-only",TRUE,"AUC",0.84249699879952,197.05,NA,32,32,0,14,18,0,0,0,0.4375,0.5625,1,1.5625
3,"binary",1,"Purely rule-based","GABLE",TRUE,"AUC",0.828299319727891,4.60999999999999,NA,5,5,0,5,0,0,0,0,1,0,1,1
3,"binary",1,"Purely rule-based","GBM",TRUE,"AUC",0.851188475390156,0.04,NA,NA,NA,NA,NA,NA,NA,NA,NA,NA,NA,NA,NA
3,"binary",1,"Purely rule-based","Linear",TRUE,"AUC",0.800176070428171,0.0100000000000193,NA,20,0,20,20,0,0,0,0,1,0,1,1
3,"binary",1,"Purely rule-based","Random forest",TRUE,"AUC",0.837639055622249,0.5,NA,NA,NA,NA,NA,NA,NA,NA,NA,NA,NA,NA,NA
3,"binary",1,"Purely rule-based","RuleFit",TRUE,"AUC",0.83719087635054,15.51,NA,41,41,0,0,32,9,0,0,0,0.780487804878049,0.780487804878049,2.21951219512195
4,"binary",1,"Purely rule-based","BRP-GABLE full",TRUE,"AUC",0.882254750898819,188.5,NA,24,24,0,9,15,0,0,0,0.375,0.625,1,1.625
4,"binary",1,"Purely rule-based","BRP-GABLE rule-only",TRUE,"AUC",0.884140665125835,188.35,NA,26,26,0,9,17,0,0,0,0.346153846153846,0.653846153846154,1,1.65384615384615
4,"binary",1,"Purely rule-based","GABLE",TRUE,"AUC",0.861549820236261,3.99000000000001,NA,5,5,0,4,1,0,0,0,0.8,0.2,1,1.2
4,"binary",1,"Purely rule-based","GBM",TRUE,"AUC",0.880489214175655,0.03,NA,NA,NA,NA,NA,NA,NA,NA,NA,NA,NA,NA,NA
4,"binary",1,"Purely rule-based","Linear",TRUE,"AUC",0.773256933744222,0.0200000000000102,NA,20,0,20,20,0,0,0,0,1,0,1,1
4,"binary",1,"Purely rule-based","Random forest",TRUE,"AUC",0.851333782742681,0.509999999999991,NA,NA,NA,NA,NA,NA,NA,NA,NA,NA,NA,NA,NA
4,"binary",1,"Purely rule-based","RuleFit",TRUE,"AUC",0.875048151001541,14.7,NA,38,38,0,1,30,7,0,0,0.0263157894736842,0.789473684210526,0.815789473684211,2.15789473684211
5,"binary",1,"Purely rule-based","BRP-GABLE full",TRUE,"AUC",0.888379278713851,186.04,NA,32,31,1,13,19,0,0,0,0.40625,0.59375,1,1.59375
5,"binary",1,"Purely rule-based","BRP-GABLE rule-only",TRUE,"AUC",0.889626482563286,185.67,NA,31,31,0,12,19,0,0,0,0.387096774193548,0.612903225806452,1,1.61290322580645
5,"binary",1,"Purely rule-based","GABLE",TRUE,"AUC",0.862421345692721,4.19999999999999,NA,5,5,0,4,1,0,0,0,0.8,0.2,1,1.2
5,"binary",1,"Purely rule-based","GBM",TRUE,"AUC",0.879109737845797,0.0600000000000001,NA,NA,NA,NA,NA,NA,NA,NA,NA,NA,NA,NA,NA
5,"binary",1,"Purely rule-based","Linear",TRUE,"AUC",0.801235938782407,0,NA,20,0,20,20,0,0,0,0,1,0,1,1
5,"binary",1,"Purely rule-based","Random forest",TRUE,"AUC",0.877532628461997,0.460000000000008,NA,NA,NA,NA,NA,NA,NA,NA,NA,NA,NA,NA,NA
5,"binary",1,"Purely rule-based","RuleFit",TRUE,"AUC",0.890608152689937,15.22,NA,42,42,0,1,30,11,0,0,0.0238095238095238,0.714285714285714,0.738095238095238,2.23809523809524
6,"binary",1,"Purely rule-based","BRP-GABLE full",TRUE,"AUC",0.876030595813205,185.55,NA,20,20,0,4,16,0,0,0,0.2,0.8,1,1.8
6,"binary",1,"Purely rule-based","BRP-GABLE rule-only",TRUE,"AUC",0.876030595813205,184.56,NA,20,20,0,4,16,0,0,0,0.2,0.8,1,1.8
6,"binary",1,"Purely rule-based","GABLE",TRUE,"AUC",0.841497584541063,3.73000000000002,NA,5,5,0,4,1,0,0,0,0.8,0.2,1,1.2
6,"binary",1,"Purely rule-based","GBM",TRUE,"AUC",0.846763285024155,0.04,NA,NA,NA,NA,NA,NA,NA,NA,NA,NA,NA,NA,NA
6,"binary",1,"Purely rule-based","Linear",TRUE,"AUC",0.769855072463768,0.00999999999999091,NA,20,0,20,20,0,0,0,0,1,0,1,1
6,"binary",1,"Purely rule-based","Random forest",TRUE,"AUC",0.853285024154589,0.329999999999984,NA,NA,NA,NA,NA,NA,NA,NA,NA,NA,NA,NA,NA
6,"binary",1,"Purely rule-based","RuleFit",TRUE,"AUC",0.866151368760064,14.86,NA,31,31,0,0,25,6,0,0,0,0.806451612903226,0.806451612903226,2.19354838709677
7,"binary",1,"Purely rule-based","BRP-GABLE full",TRUE,"AUC",0.863540049171843,182.85,NA,24,23,1,3,21,0,0,0,0.125,0.875,1,1.875
7,"binary",1,"Purely rule-based","BRP-GABLE rule-only",TRUE,"AUC",0.864801695134576,180.65,NA,22,22,0,2,20,0,0,0,0.0909090909090909,0.909090909090909,1,1.90909090909091
7,"binary",1,"Purely rule-based","GABLE",TRUE,"AUC",0.817813470496894,4.29000000000002,NA,4,4,0,3,1,0,0,0,0.75,0.25,1,1.25
7,"binary",1,"Purely rule-based","GBM",TRUE,"AUC",0.865699404761905,0.04,NA,NA,NA,NA,NA,NA,NA,NA,NA,NA,NA,NA,NA
7,"binary",1,"Purely rule-based","Linear",TRUE,"AUC",0.798557194616977,0.00999999999999091,NA,20,0,20,20,0,0,0,0,1,0,1,1
7,"binary",1,"Purely rule-based","Random forest",TRUE,"AUC",0.86421939699793,0.360000000000014,NA,NA,NA,NA,NA,NA,NA,NA,NA,NA,NA,NA,NA
7,"binary",1,"Purely rule-based","RuleFit",TRUE,"AUC",0.869969591097308,16.65,NA,45,45,0,0,33,12,0,0,0,0.733333333333333,0.733333333333333,2.26666666666667
8,"binary",1,"Purely rule-based","BRP-GABLE full",TRUE,"AUC",0.838297872340426,190.94,NA,24,24,0,10,14,0,0,0,0.416666666666667,0.583333333333333,1,1.58333333333333
8,"binary",1,"Purely rule-based","BRP-GABLE rule-only",TRUE,"AUC",0.838924126856684,189.01,NA,25,25,0,11,14,0,0,0,0.44,0.56,1,1.56
8,"binary",1,"Purely rule-based","GABLE",TRUE,"AUC",0.809249297470895,4.17000000000002,NA,5,5,0,5,0,0,0,0,1,0,1,1
8,"binary",1,"Purely rule-based","GBM",TRUE,"AUC",0.824391810517864,0.03,NA,NA,NA,NA,NA,NA,NA,NA,NA,NA,NA,NA,NA
8,"binary",1,"Purely rule-based","Linear",TRUE,"AUC",0.775030108390205,0.0400000000000205,NA,20,0,20,20,0,0,0,0,1,0,1,1
8,"binary",1,"Purely rule-based","Random forest",TRUE,"AUC",0.805475712565235,0.359999999999957,NA,NA,NA,NA,NA,NA,NA,NA,NA,NA,NA,NA,NA
8,"binary",1,"Purely rule-based","RuleFit",TRUE,"AUC",0.837944600562023,16.79,NA,36,36,0,1,29,6,0,0,0.0277777777777778,0.805555555555556,0.833333333333333,2.13888888888889
9,"binary",1,"Purely rule-based","BRP-GABLE full",TRUE,"AUC",0.842298052824369,185.45,NA,35,34,1,13,22,0,0,0,0.371428571428571,0.628571428571429,1,1.62857142857143
9,"binary",1,"Purely rule-based","BRP-GABLE rule-only",TRUE,"AUC",0.842129361866204,184.8,NA,36,36,0,14,22,0,0,0,0.388888888888889,0.611111111111111,1,1.61111111111111
9,"binary",1,"Purely rule-based","GABLE",TRUE,"AUC",0.823573356468093,4.73000000000002,NA,5,5,0,5,0,0,0,0,1,0,1,1
9,"binary",1,"Purely rule-based","GBM",TRUE,"AUC",0.826344707923655,0.04,NA,NA,NA,NA,NA,NA,NA,NA,NA,NA,NA,NA,NA
9,"binary",1,"Purely rule-based","Linear",TRUE,"AUC",0.738882462566673,0.0300000000000296,NA,20,0,20,20,0,0,0,0,1,0,1,1
9,"binary",1,"Purely rule-based","Random forest",TRUE,"AUC",0.810680547522653,0.379999999999995,NA,NA,NA,NA,NA,NA,NA,NA,NA,NA,NA,NA,NA
9,"binary",1,"Purely rule-based","RuleFit",TRUE,"AUC",0.821412505623032,15.12,NA,35,35,0,1,29,5,0,0,0.0285714285714286,0.828571428571429,0.857142857142857,2.11428571428571
10,"binary",1,"Purely rule-based","BRP-GABLE full",TRUE,"AUC",0.858655594715074,175.23,NA,27,27,0,11,16,0,0,0,0.407407407407407,0.592592592592593,1,1.59259259259259
10,"binary",1,"Purely rule-based","BRP-GABLE rule-only",TRUE,"AUC",0.858607315856386,175,NA,26,26,0,10,16,0,0,0,0.384615384615385,0.615384615384615,1,1.61538461538462
10,"binary",1,"Purely rule-based","GABLE",TRUE,"AUC",0.852186227650912,3.73999999999995,NA,5,5,0,4,1,0,0,0,0.8,0.2,1,1.2
10,"binary",1,"Purely rule-based","GBM",TRUE,"AUC",0.850013679009961,0.0499999999999998,NA,NA,NA,NA,NA,NA,NA,NA,NA,NA,NA,NA,NA
10,"binary",1,"Purely rule-based","Linear",TRUE,"AUC",0.769275334331096,0.0300000000000296,NA,20,0,20,20,0,0,0,0,1,0,1,1
10,"binary",1,"Purely rule-based","Random forest",TRUE,"AUC",0.84599044078598,0.360000000000014,NA,NA,NA,NA,NA,NA,NA,NA,NA,NA,NA,NA,NA
10,"binary",1,"Purely rule-based","RuleFit",TRUE,"AUC",0.849056148312654,15.34,NA,42,42,0,1,32,9,0,0,0.0238095238095238,0.761904761904762,0.785714285714286,2.19047619047619
11,"binary",1,"Purely rule-based","BRP-GABLE full",TRUE,"AUC",0.850380157849898,168.36,NA,40,38,2,22,18,0,0,0,0.55,0.45,1,1.45
11,"binary",1,"Purely rule-based","BRP-GABLE rule-only",TRUE,"AUC",0.84898169134076,167.81,NA,41,41,0,21,20,0,0,0,0.51219512195122,0.48780487804878,1,1.48780487804878
11,"binary",1,"Purely rule-based","GABLE",TRUE,"AUC",0.802743887736895,3.21999999999991,NA,5,5,0,3,2,0,0,0,0.6,0.4,1,1.4
11,"binary",1,"Purely rule-based","GBM",TRUE,"AUC",0.831058815965022,0.04,NA,NA,NA,NA,NA,NA,NA,NA,NA,NA,NA,NA,NA
11,"binary",1,"Purely rule-based","Linear",TRUE,"AUC",0.772114256321229,0,NA,20,0,20,20,0,0,0,0,1,0,1,1
11,"binary",1,"Purely rule-based","Random forest",TRUE,"AUC",0.830206876597386,0.360000000000014,NA,NA,NA,NA,NA,NA,NA,NA,NA,NA,NA,NA,NA
11,"binary",1,"Purely rule-based","RuleFit",TRUE,"AUC",0.841732169552008,16.03,NA,36,36,0,2,27,7,0,0,0.0555555555555556,0.75,0.805555555555556,2.13888888888889
12,"binary",1,"Purely rule-based","BRP-GABLE full",TRUE,"AUC",0.877680686255682,182.93,NA,41,38,3,17,24,0,0,0,0.414634146341463,0.585365853658537,1,1.58536585365854
12,"binary",1,"Purely rule-based","BRP-GABLE rule-only",TRUE,"AUC",0.878168811215671,181.51,NA,35,35,0,11,24,0,0,0,0.314285714285714,0.685714285714286,1,1.68571428571429
12,"binary",1,"Purely rule-based","GABLE",TRUE,"AUC",0.85408264515716,3.70000000000005,NA,5,5,0,4,1,0,0,0,0.8,0.2,1,1.2
12,"binary",1,"Purely rule-based","GBM",TRUE,"AUC",0.869198514819794,0.04,NA,NA,NA,NA,NA,NA,NA,NA,NA,NA,NA,NA,NA
12,"binary",1,"Purely rule-based","Linear",TRUE,"AUC",0.821970424428654,0,NA,20,0,20,20,0,0,0,0,1,0,1,1
12,"binary",1,"Purely rule-based","Random forest",TRUE,"AUC",0.852178157608348,0.340000000000032,NA,NA,NA,NA,NA,NA,NA,NA,NA,NA,NA,NA,NA
12,"binary",1,"Purely rule-based","RuleFit",TRUE,"AUC",0.873463606683311,17.32,NA,50,50,0,1,34,15,0,0,0.02,0.68,0.7,2.28
13,"binary",1,"Purely rule-based","BRP-GABLE full",TRUE,"AUC",0.868392857142857,177.58,NA,24,23,1,5,19,0,0,0,0.208333333333333,0.791666666666667,1,1.79166666666667
13,"binary",1,"Purely rule-based","BRP-GABLE rule-only",TRUE,"AUC",0.867467532467532,175.44,NA,24,24,0,6,18,0,0,0,0.25,0.75,1,1.75
13,"binary",1,"Purely rule-based","GABLE",TRUE,"AUC",0.849813311688312,4.65999999999997,NA,5,5,0,4,1,0,0,0,0.8,0.2,1,1.2
13,"binary",1,"Purely rule-based","GBM",TRUE,"AUC",0.859642857142857,0.05,NA,NA,NA,NA,NA,NA,NA,NA,NA,NA,NA,NA,NA
13,"binary",1,"Purely rule-based","Linear",TRUE,"AUC",0.772305194805195,0.00999999999999091,NA,20,0,20,20,0,0,0,0,1,0,1,1
13,"binary",1,"Purely rule-based","Random forest",TRUE,"AUC",0.852159090909091,0.340000000000032,NA,NA,NA,NA,NA,NA,NA,NA,NA,NA,NA,NA,NA
13,"binary",1,"Purely rule-based","RuleFit",TRUE,"AUC",0.865568181818182,16,NA,26,26,0,2,21,3,0,0,0.0769230769230769,0.807692307692308,0.884615384615385,2.03846153846154
14,"binary",1,"Purely rule-based","BRP-GABLE full",TRUE,"AUC",0.865297645775868,173.25,NA,24,24,0,7,17,0,0,0,0.291666666666667,0.708333333333333,1,1.70833333333333
14,"binary",1,"Purely rule-based","BRP-GABLE rule-only",TRUE,"AUC",0.865297645775868,171.62,NA,24,24,0,7,17,0,0,0,0.291666666666667,0.708333333333333,1,1.70833333333333
14,"binary",1,"Purely rule-based","GABLE",TRUE,"AUC",0.843695875296684,3.44000000000005,NA,5,5,0,3,2,0,0,0,0.6,0.4,1,1.4
14,"binary",1,"Purely rule-based","GBM",TRUE,"AUC",0.859564436461608,0.03,NA,NA,NA,NA,NA,NA,NA,NA,NA,NA,NA,NA,NA
14,"binary",1,"Purely rule-based","Linear",TRUE,"AUC",0.801815382641606,0,NA,20,0,20,20,0,0,0,0,1,0,1,1
14,"binary",1,"Purely rule-based","Random forest",TRUE,"AUC",0.857976778497659,0.449999999999932,NA,NA,NA,NA,NA,NA,NA,NA,NA,NA,NA,NA,NA
14,"binary",1,"Purely rule-based","RuleFit",TRUE,"AUC",0.86091955866316,18.56,NA,42,42,0,0,32,10,0,0,0,0.761904761904762,0.761904761904762,2.23809523809524
15,"binary",1,"Purely rule-based","BRP-GABLE full",TRUE,"AUC",0.856784,188.01,NA,27,26,1,12,15,0,0,0,0.444444444444444,0.555555555555556,1,1.55555555555556
15,"binary",1,"Purely rule-based","BRP-GABLE rule-only",TRUE,"AUC",0.858528,187.66,NA,28,28,0,12,16,0,0,0,0.428571428571429,0.571428571428571,1,1.57142857142857
15,"binary",1,"Purely rule-based","GABLE",TRUE,"AUC",0.836688,4.52999999999997,NA,5,5,0,4,1,0,0,0,0.8,0.2,1,1.2
15,"binary",1,"Purely rule-based","GBM",TRUE,"AUC",0.848928,0.05,NA,NA,NA,NA,NA,NA,NA,NA,NA,NA,NA,NA,NA
15,"binary",1,"Purely rule-based","Linear",TRUE,"AUC",0.79232,0.00999999999999091,NA,20,0,20,20,0,0,0,0,1,0,1,1
15,"binary",1,"Purely rule-based","Random forest",TRUE,"AUC",0.8458,0.360000000000014,NA,NA,NA,NA,NA,NA,NA,NA,NA,NA,NA,NA,NA
15,"binary",1,"Purely rule-based","RuleFit",TRUE,"AUC",0.861592,16.45,NA,35,35,0,0,30,5,0,0,0,0.857142857142857,0.857142857142857,2.14285714285714
16,"binary",1,"Purely rule-based","BRP-GABLE full",TRUE,"AUC",0.889882828282828,192.09,NA,34,34,0,15,19,0,0,0,0.441176470588235,0.558823529411765,1,1.55882352941176
16,"binary",1,"Purely rule-based","BRP-GABLE rule-only",TRUE,"AUC",0.889882828282828,188.16,NA,34,34,0,15,19,0,0,0,0.441176470588235,0.558823529411765,1,1.55882352941176
16,"binary",1,"Purely rule-based","GABLE",TRUE,"AUC",0.864185858585859,4.31000000000006,NA,5,5,0,5,0,0,0,0,1,0,1,1
16,"binary",1,"Purely rule-based","GBM",TRUE,"AUC",0.883523232323232,0.04,NA,NA,NA,NA,NA,NA,NA,NA,NA,NA,NA,NA,NA
16,"binary",1,"Purely rule-based","Linear",TRUE,"AUC",0.802747474747475,0.0199999999999818,NA,20,0,20,20,0,0,0,0,1,0,1,1
16,"binary",1,"Purely rule-based","Random forest",TRUE,"AUC",0.868856565656566,0.3599999999999,NA,NA,NA,NA,NA,NA,NA,NA,NA,NA,NA,NA,NA
16,"binary",1,"Purely rule-based","RuleFit",TRUE,"AUC",0.886238383838384,17.16,NA,41,41,0,0,36,5,0,0,0,0.878048780487805,0.878048780487805,2.1219512195122
17,"binary",1,"Purely rule-based","BRP-GABLE full",TRUE,"AUC",0.903214451431223,170.7,NA,33,33,0,12,21,0,0,0,0.363636363636364,0.636363636363636,1,1.63636363636364
17,"binary",1,"Purely rule-based","BRP-GABLE rule-only",TRUE,"AUC",0.903214451431223,169.17,NA,33,33,0,12,21,0,0,0,0.363636363636364,0.636363636363636,1,1.63636363636364
17,"binary",1,"Purely rule-based","GABLE",TRUE,"AUC",0.84538952623242,3.61000000000001,NA,5,5,0,3,2,0,0,0,0.6,0.4,1,1.4
17,"binary",1,"Purely rule-based","GBM",TRUE,"AUC",0.863373813981024,0.05,NA,NA,NA,NA,NA,NA,NA,NA,NA,NA,NA,NA,NA
17,"binary",1,"Purely rule-based","Linear",TRUE,"AUC",0.769852317637082,0,NA,20,0,20,20,0,0,0,0,1,0,1,1
17,"binary",1,"Purely rule-based","Random forest",TRUE,"AUC",0.861829789276628,0.5,NA,NA,NA,NA,NA,NA,NA,NA,NA,NA,NA,NA,NA
17,"binary",1,"Purely rule-based","RuleFit",TRUE,"AUC",0.877270036320581,16.48,NA,33,33,0,0,31,2,0,0,0,0.939393939393939,0.939393939393939,2.06060606060606
18,"binary",1,"Purely rule-based","BRP-GABLE full",TRUE,"AUC",0.843785596252266,180.9,NA,18,18,0,2,16,0,0,0,0.111111111111111,0.888888888888889,1,1.88888888888889
18,"binary",1,"Purely rule-based","BRP-GABLE rule-only",TRUE,"AUC",0.843785596252266,180.01,NA,18,18,0,2,16,0,0,0,0.111111111111111,0.888888888888889,1,1.88888888888889
18,"binary",1,"Purely rule-based","GABLE",TRUE,"AUC",0.823538849047825,3.98000000000002,NA,5,5,0,4,1,0,0,0,0.8,0.2,1,1.2
18,"binary",1,"Purely rule-based","GBM",TRUE,"AUC",0.847138662944602,0.03,NA,NA,NA,NA,NA,NA,NA,NA,NA,NA,NA,NA,NA
18,"binary",1,"Purely rule-based","Linear",TRUE,"AUC",0.796216970688742,0.0199999999999818,NA,20,0,20,20,0,0,0,0,1,0,1,1
18,"binary",1,"Purely rule-based","Random forest",TRUE,"AUC",0.831488344483483,0.360000000000014,NA,NA,NA,NA,NA,NA,NA,NA,NA,NA,NA,NA,NA
18,"binary",1,"Purely rule-based","RuleFit",TRUE,"AUC",0.853580080537774,16.32,NA,44,44,0,0,34,10,0,0,0,0.772727272727273,0.772727272727273,2.22727272727273
19,"binary",1,"Purely rule-based","BRP-GABLE full",TRUE,"AUC",0.872751856118792,170.44,NA,34,34,0,15,19,0,0,0,0.441176470588235,0.558823529411765,1,1.55882352941176
19,"binary",1,"Purely rule-based","BRP-GABLE rule-only",TRUE,"AUC",0.873127880184332,169.59,NA,31,31,0,13,18,0,0,0,0.419354838709677,0.580645161290323,1,1.58064516129032
19,"binary",1,"Purely rule-based","GABLE",TRUE,"AUC",0.843357974910394,3.30000000000007,NA,5,5,0,3,2,0,0,0,0.6,0.4,1,1.4
19,"binary",1,"Purely rule-based","GBM",TRUE,"AUC",0.858678955453149,0.04,NA,NA,NA,NA,NA,NA,NA,NA,NA,NA,NA,NA,NA
19,"binary",1,"Purely rule-based","Linear",TRUE,"AUC",0.802899385560676,0,NA,20,0,20,20,0,0,0,0,1,0,1,1
19,"binary",1,"Purely rule-based","Random forest",TRUE,"AUC",0.862239183307732,0.3599999999999,NA,NA,NA,NA,NA,NA,NA,NA,NA,NA,NA,NA,NA
19,"binary",1,"Purely rule-based","RuleFit",TRUE,"AUC",0.877024129544291,13.91,NA,44,44,0,2,32,10,0,0,0.0454545454545455,0.727272727272727,0.772727272727273,2.18181818181818
20,"binary",1,"Purely rule-based","BRP-GABLE full",TRUE,"AUC",0.87771176234444,181.41,NA,28,27,1,10,18,0,0,0,0.357142857142857,0.642857142857143,1,1.64285714285714
20,"binary",1,"Purely rule-based","BRP-GABLE rule-only",TRUE,"AUC",0.879140907266158,179.14,NA,30,30,0,12,18,0,0,0,0.4,0.6,1,1.6
20,"binary",1,"Purely rule-based","GABLE",TRUE,"AUC",0.870100361300682,3.82999999999993,NA,5,5,0,4,1,0,0,0,0.8,0.2,1,1.2
20,"binary",1,"Purely rule-based","GBM",TRUE,"AUC",0.865242874347652,0.04,NA,NA,NA,NA,NA,NA,NA,NA,NA,NA,NA,NA,NA
20,"binary",1,"Purely rule-based","Linear",TRUE,"AUC",0.799437976716178,0,NA,20,0,20,20,0,0,0,0,1,0,1,1
20,"binary",1,"Purely rule-based","Random forest",TRUE,"AUC",0.863829787234043,0.360000000000014,NA,NA,NA,NA,NA,NA,NA,NA,NA,NA,NA,NA,NA
20,"binary",1,"Purely rule-based","RuleFit",TRUE,"AUC",0.869490164592533,17.67,NA,34,34,0,0,25,9,0,0,0,0.735294117647059,0.735294117647059,2.26470588235294
21,"binary",1,"Purely rule-based","BRP-GABLE full",TRUE,"AUC",0.875927272727273,183.29,NA,21,21,0,4,17,0,0,0,0.19047619047619,0.80952380952381,1,1.80952380952381
21,"binary",1,"Purely rule-based","BRP-GABLE rule-only",TRUE,"AUC",0.875927272727273,183.26,NA,21,21,0,4,17,0,0,0,0.19047619047619,0.80952380952381,1,1.80952380952381
21,"binary",1,"Purely rule-based","GABLE",TRUE,"AUC",0.847555555555556,3.44999999999993,NA,5,5,0,4,1,0,0,0,0.8,0.2,1,1.2
21,"binary",1,"Purely rule-based","GBM",TRUE,"AUC",0.870884848484848,0.0599999999999998,NA,NA,NA,NA,NA,NA,NA,NA,NA,NA,NA,NA,NA
21,"binary",1,"Purely rule-based","Linear",TRUE,"AUC",0.808274747474747,0,NA,20,0,20,20,0,0,0,0,1,0,1,1
21,"binary",1,"Purely rule-based","Random forest",TRUE,"AUC",0.85849696969697,0.340000000000032,NA,NA,NA,NA,NA,NA,NA,NA,NA,NA,NA,NA,NA
21,"binary",1,"Purely rule-based","RuleFit",TRUE,"AUC",0.876759595959596,16,NA,31,31,0,1,26,4,0,0,0.032258064516129,0.838709677419355,0.870967741935484,2.09677419354839
22,"binary",1,"Purely rule-based","BRP-GABLE full",TRUE,"AUC",0.888461785898096,182.62,NA,24,24,0,6,18,0,0,0,0.25,0.75,1,1.75
22,"binary",1,"Purely rule-based","BRP-GABLE rule-only",TRUE,"AUC",0.888960370560988,182.75,NA,28,28,0,10,18,0,0,0,0.357142857142857,0.642857142857143,1,1.64285714285714
22,"binary",1,"Purely rule-based","GABLE",TRUE,"AUC",0.862366507977355,3.69000000000005,NA,5,5,0,4,1,0,0,0,0.8,0.2,1,1.2
22,"binary",1,"Purely rule-based","GBM",TRUE,"AUC",0.877541173443129,0.05,NA,NA,NA,NA,NA,NA,NA,NA,NA,NA,NA,NA,NA
22,"binary",1,"Purely rule-based","Linear",TRUE,"AUC",0.803782810087494,0,NA,20,0,20,20,0,0,0,0,1,0,1,1
22,"binary",1,"Purely rule-based","Random forest",TRUE,"AUC",0.871791366443644,0.329999999999927,NA,NA,NA,NA,NA,NA,NA,NA,NA,NA,NA,NA,NA
22,"binary",1,"Purely rule-based","RuleFit",TRUE,"AUC",0.872104992279979,16.82,NA,36,36,0,0,26,10,0,0,0,0.722222222222222,0.722222222222222,2.27777777777778
23,"binary",1,"Purely rule-based","BRP-GABLE full",TRUE,"AUC",0.856629674770672,182.47,NA,28,27,1,7,21,0,0,0,0.25,0.75,1,1.75
23,"binary",1,"Purely rule-based","BRP-GABLE rule-only",TRUE,"AUC",0.852283661556226,179.8,NA,27,27,0,7,20,0,0,0,0.259259259259259,0.740740740740741,1,1.74074074074074
23,"binary",1,"Purely rule-based","GABLE",TRUE,"AUC",0.802729488742062,3.66000000000008,NA,5,5,0,4,1,0,0,0,0.8,0.2,1,1.2
23,"binary",1,"Purely rule-based","GBM",TRUE,"AUC",0.859484251715954,0.0499999999999998,NA,NA,NA,NA,NA,NA,NA,NA,NA,NA,NA,NA,NA
23,"binary",1,"Purely rule-based","Linear",TRUE,"AUC",0.80590480466996,0,NA,20,0,20,20,0,0,0,0,1,0,1,1
23,"binary",1,"Purely rule-based","Random forest",TRUE,"AUC",0.843968503431907,0.339999999999918,NA,NA,NA,NA,NA,NA,NA,NA,NA,NA,NA,NA,NA
23,"binary",1,"Purely rule-based","RuleFit",TRUE,"AUC",0.842541214959266,15.89,NA,33,33,0,0,28,5,0,0,0,0.848484848484849,0.848484848484849,2.15151515151515
24,"binary",1,"Purely rule-based","BRP-GABLE full",TRUE,"AUC",0.871292203216093,184.66,NA,36,35,1,15,21,0,0,0,0.416666666666667,0.583333333333333,1,1.58333333333333
24,"binary",1,"Purely rule-based","BRP-GABLE rule-only",TRUE,"AUC",0.875232237811519,183.84,NA,45,45,0,21,24,0,0,0,0.466666666666667,0.533333333333333,1,1.53333333333333
24,"binary",1,"Purely rule-based","GABLE",TRUE,"AUC",0.867512332628612,4.19000000000005,NA,5,5,0,5,0,0,0,0,1,0,1,1
24,"binary",1,"Purely rule-based","GBM",TRUE,"AUC",0.869290153116792,0.0499999999999998,NA,NA,NA,NA,NA,NA,NA,NA,NA,NA,NA,NA,NA
24,"binary",1,"Purely rule-based","Linear",TRUE,"AUC",0.807370747645589,0.0299999999999727,NA,20,0,20,20,0,0,0,0,1,0,1,1
24,"binary",1,"Purely rule-based","Random forest",TRUE,"AUC",0.855211736818502,0.349999999999909,NA,NA,NA,NA,NA,NA,NA,NA,NA,NA,NA,NA,NA
24,"binary",1,"Purely rule-based","RuleFit",TRUE,"AUC",0.875568582228202,16.3,NA,41,41,0,1,33,7,0,0,0.024390243902439,0.804878048780488,0.829268292682927,2.14634146341463
25,"binary",1,"Purely rule-based","BRP-GABLE full",TRUE,"AUC",0.872470595933324,193.14,NA,33,33,0,18,15,0,0,0,0.545454545454545,0.454545454545455,1,1.45454545454545
25,"binary",1,"Purely rule-based","BRP-GABLE rule-only",TRUE,"AUC",0.871587247059593,192.4,NA,36,36,0,22,14,0,0,0,0.611111111111111,0.388888888888889,1,1.38888888888889
25,"binary",1,"Purely rule-based","GABLE",TRUE,"AUC",0.841005381884805,4.84000000000015,NA,5,5,0,5,0,0,0,0,1,0,1,1
25,"binary",1,"Purely rule-based","GBM",TRUE,"AUC",0.858418805516023,0.0299999999999998,NA,NA,NA,NA,NA,NA,NA,NA,NA,NA,NA,NA,NA
25,"binary",1,"Purely rule-based","Linear",TRUE,"AUC",0.766550522648084,0.0300000000002001,NA,20,0,20,20,0,0,0,0,1,0,1,1
25,"binary",1,"Purely rule-based","Random forest",TRUE,"AUC",0.849168179810571,0.379999999999882,NA,NA,NA,NA,NA,NA,NA,NA,NA,NA,NA,NA,NA
25,"binary",1,"Purely rule-based","RuleFit",TRUE,"AUC",0.872732328932947,16.51,NA,44,44,0,0,33,11,0,0,0,0.75,0.75,2.25
26,"binary",1,"Purely rule-based","BRP-GABLE full",TRUE,"AUC",0.849641393442623,175.95,NA,37,34,3,24,13,0,0,0,0.648648648648649,0.351351351351351,1,1.35135135135135
26,"binary",1,"Purely rule-based","BRP-GABLE rule-only",TRUE,"AUC",0.849889536372951,175.05,NA,32,32,0,19,13,0,0,0,0.59375,0.40625,1,1.40625
26,"binary",1,"Purely rule-based","GABLE",TRUE,"AUC",0.810915087090164,3.55000000000018,NA,5,5,0,4,1,0,0,0,0.8,0.2,1,1.2
26,"binary",1,"Purely rule-based","GBM",TRUE,"AUC",0.840836321721312,0.04,NA,NA,NA,NA,NA,NA,NA,NA,NA,NA,NA,NA,NA
26,"binary",1,"Purely rule-based","Linear",TRUE,"AUC",0.776191086065574,0.0199999999999818,NA,20,0,20,20,0,0,0,0,1,0,1,1
26,"binary",1,"Purely rule-based","Random forest",TRUE,"AUC",0.825603547643443,0.339999999999918,NA,NA,NA,NA,NA,NA,NA,NA,NA,NA,NA,NA,NA
26,"binary",1,"Purely rule-based","RuleFit",TRUE,"AUC",0.847752305327869,16.37,NA,44,44,0,1,34,9,0,0,0.0227272727272727,0.772727272727273,0.795454545454545,2.18181818181818
27,"binary",1,"Purely rule-based","BRP-GABLE full",TRUE,"AUC",0.895543958249699,187.92,NA,29,29,0,5,24,0,0,0,0.172413793103448,0.827586206896552,1,1.82758620689655
27,"binary",1,"Purely rule-based","BRP-GABLE rule-only",TRUE,"AUC",0.895046166198314,187.14,NA,34,34,0,9,25,0,0,0,0.264705882352941,0.735294117647059,1,1.73529411764706
27,"binary",1,"Purely rule-based","GABLE",TRUE,"AUC",0.86328382175833,4.65999999999985,NA,5,5,0,5,0,0,0,0,1,0,1,1
27,"binary",1,"Purely rule-based","GBM",TRUE,"AUC",0.875680449618627,0.04,NA,NA,NA,NA,NA,NA,NA,NA,NA,NA,NA,NA,NA
27,"binary",1,"Purely rule-based","Linear",TRUE,"AUC",0.811112003211562,0.0199999999999818,NA,20,0,20,20,0,0,0,0,1,0,1,1
27,"binary",1,"Purely rule-based","Random forest",TRUE,"AUC",0.885098354074669,0.340000000000146,NA,NA,NA,NA,NA,NA,NA,NA,NA,NA,NA,NA,NA
27,"binary",1,"Purely rule-based","RuleFit",TRUE,"AUC",0.893440385387395,15.78,NA,42,42,0,1,27,14,0,0,0.0238095238095238,0.642857142857143,0.666666666666667,2.30952380952381
28,"binary",1,"Purely rule-based","BRP-GABLE full",TRUE,"AUC",0.878152201740911,189.72,NA,31,30,1,13,18,0,0,0,0.419354838709677,0.580645161290323,1,1.58064516129032
28,"binary",1,"Purely rule-based","BRP-GABLE rule-only",TRUE,"AUC",0.878664234511009,188.65,NA,29,29,0,12,17,0,0,0,0.413793103448276,0.586206896551724,1,1.58620689655172
28,"binary",1,"Purely rule-based","GABLE",TRUE,"AUC",0.857070852534562,4.57000000000016,NA,5,5,0,4,1,0,0,0,0.8,0.2,1,1.2
28,"binary",1,"Purely rule-based","GBM",TRUE,"AUC",0.869831669226831,0.03,NA,NA,NA,NA,NA,NA,NA,NA,NA,NA,NA,NA,NA
28,"binary",1,"Purely rule-based","Linear",TRUE,"AUC",0.805155529953917,0,NA,20,0,20,20,0,0,0,0,1,0,1,1
28,"binary",1,"Purely rule-based","Random forest",TRUE,"AUC",0.85648681515617,0.369999999999891,NA,NA,NA,NA,NA,NA,NA,NA,NA,NA,NA,NA,NA
28,"binary",1,"Purely rule-based","RuleFit",TRUE,"AUC",0.867623527905786,14.75,NA,35,35,0,0,30,5,0,0,0,0.857142857142857,0.857142857142857,2.14285714285714
29,"binary",1,"Purely rule-based","BRP-GABLE full",TRUE,"AUC",0.87116903506945,181.36,NA,37,37,0,13,24,0,0,0,0.351351351351351,0.648648648648649,1,1.64864864864865
29,"binary",1,"Purely rule-based","BRP-GABLE rule-only",TRUE,"AUC",0.87041605921274,180.22,NA,39,39,0,14,25,0,0,0,0.358974358974359,0.641025641025641,1,1.64102564102564
29,"binary",1,"Purely rule-based","GABLE",TRUE,"AUC",0.853898652653839,4.02999999999997,NA,5,5,0,3,2,0,0,0,0.6,0.4,1,1.4
29,"binary",1,"Purely rule-based","GBM",TRUE,"AUC",0.86001057370352,0.05,NA,NA,NA,NA,NA,NA,NA,NA,NA,NA,NA,NA,NA
29,"binary",1,"Purely rule-based","Linear",TRUE,"AUC",0.780579631202038,0,NA,20,0,20,20,0,0,0,0,1,0,1,1
29,"binary",1,"Purely rule-based","Random forest",TRUE,"AUC",0.858360435123921,0.370000000000118,NA,NA,NA,NA,NA,NA,NA,NA,NA,NA,NA,NA,NA
29,"binary",1,"Purely rule-based","RuleFit",TRUE,"AUC",0.875935212034797,12.98,NA,32,32,0,2,25,5,0,0,0.0625,0.78125,0.84375,2.09375
30,"binary",1,"Purely rule-based","BRP-GABLE full",TRUE,"AUC",0.882884615384615,186.94,NA,36,36,0,9,27,0,0,0,0.25,0.75,1,1.75
30,"binary",1,"Purely rule-based","BRP-GABLE rule-only",TRUE,"AUC",0.881145833333333,185.17,NA,42,42,0,12,30,0,0,0,0.285714285714286,0.714285714285714,1,1.71428571428571
30,"binary",1,"Purely rule-based","GABLE",TRUE,"AUC",0.862740384615385,3.81999999999994,NA,5,5,0,4,1,0,0,0,0.8,0.2,1,1.2
30,"binary",1,"Purely rule-based","GBM",TRUE,"AUC",0.857996794871795,0.03,NA,NA,NA,NA,NA,NA,NA,NA,NA,NA,NA,NA,NA
30,"binary",1,"Purely rule-based","Linear",TRUE,"AUC",0.78886217948718,0.0199999999999818,NA,20,0,20,20,0,0,0,0,1,0,1,1
30,"binary",1,"Purely rule-based","Random forest",TRUE,"AUC",0.854399038461538,0.3900000000001,NA,NA,NA,NA,NA,NA,NA,NA,NA,NA,NA,NA,NA
30,"binary",1,"Purely rule-based","RuleFit",TRUE,"AUC",0.877379807692308,13.83,NA,34,34,0,2,25,7,0,0,0.0588235294117647,0.735294117647059,0.794117647058823,2.14705882352941
31,"binary",1,"Purely rule-based","BRP-GABLE full",TRUE,"AUC",0.891555455870809,199.45,NA,32,31,1,15,17,0,0,0,0.46875,0.53125,1,1.53125
31,"binary",1,"Purely rule-based","BRP-GABLE rule-only",TRUE,"AUC",0.891515403963537,197.42,NA,30,30,0,13,17,0,0,0,0.433333333333333,0.566666666666667,1,1.56666666666667
31,"binary",1,"Purely rule-based","GABLE",TRUE,"AUC",0.843501177526074,4.63000000000011,NA,5,5,0,5,0,0,0,0,1,0,1,1
31,"binary",1,"Purely rule-based","GBM",TRUE,"AUC",0.867556353033532,0.04,NA,NA,NA,NA,NA,NA,NA,NA,NA,NA,NA,NA,NA
31,"binary",1,"Purely rule-based","Linear",TRUE,"AUC",0.817779842676108,0,NA,20,0,20,20,0,0,0,0,1,0,1,1
31,"binary",1,"Purely rule-based","Random forest",TRUE,"AUC",0.864656594947051,0.509999999999991,NA,NA,NA,NA,NA,NA,NA,NA,NA,NA,NA,NA,NA
31,"binary",1,"Purely rule-based","RuleFit",TRUE,"AUC",0.877697495954757,15.39,NA,43,43,0,2,33,8,0,0,0.0465116279069767,0.767441860465116,0.813953488372093,2.13953488372093
32,"binary",1,"Purely rule-based","BRP-GABLE full",TRUE,"AUC",0.828807022639622,192.95,NA,29,29,0,7,22,0,0,0,0.241379310344828,0.758620689655172,1,1.75862068965517
32,"binary",1,"Purely rule-based","BRP-GABLE rule-only",TRUE,"AUC",0.825862096787207,190.32,NA,38,38,0,14,24,0,0,0,0.368421052631579,0.631578947368421,1,1.63157894736842
32,"binary",1,"Purely rule-based","GABLE",TRUE,"AUC",0.818366655371061,3.42000000000007,NA,5,5,0,3,2,0,0,0,0.6,0.4,1,1.4
32,"binary",1,"Purely rule-based","GBM",TRUE,"AUC",0.840054218908844,0.0499999999999998,NA,NA,NA,NA,NA,NA,NA,NA,NA,NA,NA,NA,NA
32,"binary",1,"Purely rule-based","Linear",TRUE,"AUC",0.759629504122896,0.0199999999999818,NA,20,0,20,20,0,0,0,0,1,0,1,1
32,"binary",1,"Purely rule-based","Random forest",TRUE,"AUC",0.832825031062916,0.349999999999909,NA,NA,NA,NA,NA,NA,NA,NA,NA,NA,NA,NA,NA
32,"binary",1,"Purely rule-based","RuleFit",TRUE,"AUC",0.823038195284891,15.03,NA,41,41,0,1,33,7,0,0,0.024390243902439,0.804878048780488,0.829268292682927,2.14634146341463
33,"binary",1,"Purely rule-based","BRP-GABLE full",TRUE,"AUC",0.866879684797232,186.26,NA,29,29,0,10,19,0,0,0,0.344827586206897,0.655172413793103,1,1.6551724137931
33,"binary",1,"Purely rule-based","BRP-GABLE rule-only",TRUE,"AUC",0.867568390031392,185.61,NA,30,30,0,11,19,0,0,0,0.366666666666667,0.633333333333333,1,1.63333333333333
33,"binary",1,"Purely rule-based","GABLE",TRUE,"AUC",0.838955090012172,3.84999999999991,NA,5,5,0,4,1,0,0,0,0.8,0.2,1,1.2
33,"binary",1,"Purely rule-based","GBM",TRUE,"AUC",0.863219937215709,0.03,NA,NA,NA,NA,NA,NA,NA,NA,NA,NA,NA,NA,NA
33,"binary",1,"Purely rule-based","Linear",TRUE,"AUC",0.790489461208277,0.0199999999999818,NA,20,0,20,20,0,0,0,0,1,0,1,1
33,"binary",1,"Purely rule-based","Random forest",TRUE,"AUC",0.859600230636171,0.380000000000109,NA,NA,NA,NA,NA,NA,NA,NA,NA,NA,NA,NA,NA
33,"binary",1,"Purely rule-based","RuleFit",TRUE,"AUC",0.869250112114806,16.4,NA,35,35,0,0,32,3,0,0,0,0.914285714285714,0.914285714285714,2.08571428571429
34,"binary",1,"Purely rule-based","BRP-GABLE full",TRUE,"AUC",0.8835946438067,185.39,NA,33,31,2,11,22,0,0,0,0.333333333333333,0.666666666666667,1,1.66666666666667
34,"binary",1,"Purely rule-based","BRP-GABLE rule-only",TRUE,"AUC",0.883087062311671,184.98,NA,30,30,0,9,21,0,0,0,0.3,0.7,1,1.7
34,"binary",1,"Purely rule-based","GABLE",TRUE,"AUC",0.85060184662982,4.74000000000001,NA,5,5,0,5,0,0,0,0,1,0,1,1
34,"binary",1,"Purely rule-based","GBM",TRUE,"AUC",0.880178539776664,0.0499999999999998,NA,NA,NA,NA,NA,NA,NA,NA,NA,NA,NA,NA,NA
34,"binary",1,"Purely rule-based","Linear",TRUE,"AUC",0.81754459465992,0.00999999999999091,NA,20,0,20,20,0,0,0,0,1,0,1,1
34,"binary",1,"Purely rule-based","Random forest",TRUE,"AUC",0.870308899595546,0.360000000000127,NA,NA,NA,NA,NA,NA,NA,NA,NA,NA,NA,NA,NA
34,"binary",1,"Purely rule-based","RuleFit",TRUE,"AUC",0.881789909602153,16.62,NA,47,47,0,1,31,15,0,0,0.0212765957446809,0.659574468085106,0.680851063829787,2.29787234042553
35,"binary",1,"Purely rule-based","BRP-GABLE full",TRUE,"AUC",0.872581818181818,195.46,NA,26,26,0,10,16,0,0,0,0.384615384615385,0.615384615384615,1,1.61538461538462
35,"binary",1,"Purely rule-based","BRP-GABLE rule-only",TRUE,"AUC",0.872323232323232,195.11,NA,30,30,0,15,15,0,0,0,0.5,0.5,1,1.5
35,"binary",1,"Purely rule-based","GABLE",TRUE,"AUC",0.841963636363636,4.73000000000002,NA,5,5,0,4,1,0,0,0,0.8,0.2,1,1.2
35,"binary",1,"Purely rule-based","GBM",TRUE,"AUC",0.871450505050505,0.0500000000000003,NA,NA,NA,NA,NA,NA,NA,NA,NA,NA,NA,NA,NA
35,"binary",1,"Purely rule-based","Linear",TRUE,"AUC",0.812735353535354,0.0199999999999818,NA,20,0,20,20,0,0,0,0,1,0,1,1
35,"binary",1,"Purely rule-based","Random forest",TRUE,"AUC",0.85670303030303,0.349999999999909,NA,NA,NA,NA,NA,NA,NA,NA,NA,NA,NA,NA,NA
35,"binary",1,"Purely rule-based","RuleFit",TRUE,"AUC",0.871070707070707,14.08,NA,42,42,0,4,33,5,0,0,0.0952380952380952,0.785714285714286,0.880952380952381,2.02380952380952
36,"binary",1,"Purely rule-based","BRP-GABLE full",TRUE,"AUC",0.907096216631458,198.04,NA,29,28,1,13,16,0,0,0,0.448275862068966,0.551724137931034,1,1.55172413793103
36,"binary",1,"Purely rule-based","BRP-GABLE rule-only",TRUE,"AUC",0.906976185903591,197.11,NA,28,28,0,12,16,0,0,0,0.428571428571429,0.571428571428571,1,1.57142857142857
36,"binary",1,"Purely rule-based","GABLE",TRUE,"AUC",0.88705108507778,4.66999999999985,NA,5,5,0,5,0,0,0,0,1,0,1,1
36,"binary",1,"Purely rule-based","GBM",TRUE,"AUC",0.895061135650727,0.0500000000000003,NA,NA,NA,NA,NA,NA,NA,NA,NA,NA,NA,NA,NA
36,"binary",1,"Purely rule-based","Linear",TRUE,"AUC",0.810159400806607,0,NA,20,0,20,20,0,0,0,0,1,0,1,1
36,"binary",1,"Purely rule-based","Random forest",TRUE,"AUC",0.875024006145573,0.340000000000146,NA,NA,NA,NA,NA,NA,NA,NA,NA,NA,NA,NA,NA
36,"binary",1,"Purely rule-based","RuleFit",TRUE,"AUC",0.886114845400423,15.62,NA,39,39,0,0,34,5,0,0,0,0.871794871794872,0.871794871794872,2.12820512820513
37,"binary",1,"Purely rule-based","BRP-GABLE full",TRUE,"AUC",0.848214285714286,157.79,NA,21,21,0,3,18,0,0,0,0.142857142857143,0.857142857142857,1,1.85714285714286
37,"binary",1,"Purely rule-based","BRP-GABLE rule-only",TRUE,"AUC",0.8499023937532,163.2,NA,23,23,0,4,19,0,0,0,0.173913043478261,0.826086956521739,1,1.82608695652174
37,"binary",1,"Purely rule-based","GABLE",TRUE,"AUC",0.810251856118792,3.02999999999997,NA,5,5,0,3,2,0,0,0,0.6,0.4,1,1.4
37,"binary",1,"Purely rule-based","GBM",TRUE,"AUC",0.844630056323605,0.04,NA,NA,NA,NA,NA,NA,NA,NA,NA,NA,NA,NA,NA
37,"binary",1,"Purely rule-based","Linear",TRUE,"AUC",0.801891321044547,0.00999999999999091,NA,20,0,20,20,0,0,0,0,1,0,1,1
37,"binary",1,"Purely rule-based","Random forest",TRUE,"AUC",0.850734447004608,0.360000000000127,NA,NA,NA,NA,NA,NA,NA,NA,NA,NA,NA,NA,NA
37,"binary",1,"Purely rule-based","RuleFit",TRUE,"AUC",0.862223182283666,13.28,NA,35,35,0,1,30,4,0,0,0.0285714285714286,0.857142857142857,0.885714285714286,2.08571428571429
38,"binary",1,"Purely rule-based","BRP-GABLE full",TRUE,"AUC",0.877749741200828,191.41,NA,35,33,2,21,14,0,0,0,0.6,0.4,1,1.4
38,"binary",1,"Purely rule-based","BRP-GABLE rule-only",TRUE,"AUC",0.877604166666667,191.32,NA,30,30,0,15,15,0,0,0,0.5,0.5,1,1.5
38,"binary",1,"Purely rule-based","GABLE",TRUE,"AUC",0.849807518115942,4.35000000000014,NA,5,5,0,4,1,0,0,0,0.8,0.2,1,1.2
38,"binary",1,"Purely rule-based","GBM",TRUE,"AUC",0.856544384057971,0.0499999999999998,NA,NA,NA,NA,NA,NA,NA,NA,NA,NA,NA,NA,NA
38,"binary",1,"Purely rule-based","Linear",TRUE,"AUC",0.809459109730849,0,NA,20,0,20,20,0,0,0,0,1,0,1,1
38,"binary",1,"Purely rule-based","Random forest",TRUE,"AUC",0.858477290372671,0.339999999999918,NA,NA,NA,NA,NA,NA,NA,NA,NA,NA,NA,NA,NA
38,"binary",1,"Purely rule-based","RuleFit",TRUE,"AUC",0.869346855590062,15.84,NA,38,38,0,1,23,14,0,0,0.0263157894736842,0.605263157894737,0.631578947368421,2.34210526315789
39,"binary",1,"Purely rule-based","BRP-GABLE full",TRUE,"AUC",0.861785553916223,181.51,NA,21,21,0,4,17,0,0,0,0.19047619047619,0.80952380952381,1,1.80952380952381
39,"binary",1,"Purely rule-based","BRP-GABLE rule-only",TRUE,"AUC",0.863012380524729,180.58,NA,24,24,0,4,20,0,0,0,0.166666666666667,0.833333333333333,1,1.83333333333333
39,"binary",1,"Purely rule-based","GABLE",TRUE,"AUC",0.83638302649304,4.27999999999997,NA,5,5,0,4,1,0,0,0,0.8,0.2,1,1.2
39,"binary",1,"Purely rule-based","GBM",TRUE,"AUC",0.864696260183463,0.0500000000000003,NA,NA,NA,NA,NA,NA,NA,NA,NA,NA,NA,NA,NA
39,"binary",1,"Purely rule-based","Linear",TRUE,"AUC",0.792866765026621,0,NA,20,0,20,20,0,0,0,0,1,0,1,1
39,"binary",1,"Purely rule-based","Random forest",TRUE,"AUC",0.861753480017961,0.360000000000127,NA,NA,NA,NA,NA,NA,NA,NA,NA,NA,NA,NA,NA
39,"binary",1,"Purely rule-based","RuleFit",TRUE,"AUC",0.864784463403682,14.62,NA,39,39,0,1,34,4,0,0,0.0256410256410256,0.871794871794872,0.897435897435897,2.07692307692308
40,"binary",1,"Purely rule-based","BRP-GABLE full",TRUE,"AUC",0.86452,191.8,NA,30,30,0,12,18,0,0,0,0.4,0.6,1,1.6
40,"binary",1,"Purely rule-based","BRP-GABLE rule-only",TRUE,"AUC",0.863728,191.2,NA,31,31,0,12,19,0,0,0,0.387096774193548,0.612903225806452,1,1.61290322580645
40,"binary",1,"Purely rule-based","GABLE",TRUE,"AUC",0.852336,3.71000000000004,NA,5,5,0,4,1,0,0,0,0.8,0.2,1,1.2
40,"binary",1,"Purely rule-based","GBM",TRUE,"AUC",0.851648,0.0500000000000003,NA,NA,NA,NA,NA,NA,NA,NA,NA,NA,NA,NA,NA
40,"binary",1,"Purely rule-based","Linear",TRUE,"AUC",0.774096,0,NA,20,0,20,20,0,0,0,0,1,0,1,1
40,"binary",1,"Purely rule-based","Random forest",TRUE,"AUC",0.837128,0.3599999999999,NA,NA,NA,NA,NA,NA,NA,NA,NA,NA,NA,NA,NA
40,"binary",1,"Purely rule-based","RuleFit",TRUE,"AUC",0.859752,15.1,NA,39,39,0,1,27,11,0,0,0.0256410256410256,0.692307692307692,0.717948717948718,2.25641025641026
41,"binary",1,"Purely rule-based","BRP-GABLE full",TRUE,"AUC",0.890483963894757,194.11,NA,31,31,0,10,21,0,0,0,0.32258064516129,0.67741935483871,1,1.67741935483871
41,"binary",1,"Purely rule-based","BRP-GABLE rule-only",TRUE,"AUC",0.890483963894757,192.58,NA,31,31,0,10,21,0,0,0,0.32258064516129,0.67741935483871,1,1.67741935483871
41,"binary",1,"Purely rule-based","GABLE",TRUE,"AUC",0.852938352218168,4.37000000000012,NA,5,5,0,5,0,0,0,0,1,0,1,1
41,"binary",1,"Purely rule-based","GBM",TRUE,"AUC",0.877504641188144,0.0499999999999998,NA,NA,NA,NA,NA,NA,NA,NA,NA,NA,NA,NA,NA
41,"binary",1,"Purely rule-based","Linear",TRUE,"AUC",0.78517700531336,0,NA,20,0,20,20,0,0,0,0,1,0,1,1
41,"binary",1,"Purely rule-based","Random forest",TRUE,"AUC",0.86385314640548,0.3599999999999,NA,NA,NA,NA,NA,NA,NA,NA,NA,NA,NA,NA,NA
41,"binary",1,"Purely rule-based","RuleFit",TRUE,"AUC",0.866421803981819,15.63,NA,42,42,0,1,33,8,0,0,0.0238095238095238,0.785714285714286,0.80952380952381,2.16666666666667
42,"binary",1,"Purely rule-based","BRP-GABLE full",TRUE,"AUC",0.881518675123326,184.35,NA,31,31,0,15,16,0,0,0,0.483870967741935,0.516129032258065,1,1.51612903225806
42,"binary",1,"Purely rule-based","BRP-GABLE rule-only",TRUE,"AUC",0.882151322954706,183.52,NA,32,32,0,15,17,0,0,0,0.46875,0.53125,1,1.53125
42,"binary",1,"Purely rule-based","GABLE",TRUE,"AUC",0.840012172464604,4.63999999999987,NA,5,5,0,5,0,0,0,0,1,0,1,1
42,"binary",1,"Purely rule-based","GBM",TRUE,"AUC",0.880053174450637,0.0499999999999998,NA,NA,NA,NA,NA,NA,NA,NA,NA,NA,NA,NA,NA
42,"binary",1,"Purely rule-based","Linear",TRUE,"AUC",0.80530463194311,0,NA,20,0,20,20,0,0,0,0,1,0,1,1
42,"binary",1,"Purely rule-based","Random forest",TRUE,"AUC",0.859207828816708,0.350000000000136,NA,NA,NA,NA,NA,NA,NA,NA,NA,NA,NA,NA,NA
42,"binary",1,"Purely rule-based","RuleFit",TRUE,"AUC",0.88087801909155,15.59,NA,42,42,0,0,35,7,0,0,0,0.833333333333333,0.833333333333333,2.16666666666667
43,"binary",1,"Purely rule-based","BRP-GABLE full",TRUE,"AUC",0.865221519496612,177.93,NA,30,28,2,13,17,0,0,0,0.433333333333333,0.566666666666667,1,1.56666666666667
43,"binary",1,"Purely rule-based","BRP-GABLE rule-only",TRUE,"AUC",0.864255942322857,177.84,NA,32,32,0,13,19,0,0,0,0.40625,0.59375,1,1.59375
43,"binary",1,"Purely rule-based","GABLE",TRUE,"AUC",0.837453129274691,2.72000000000003,NA,5,5,0,3,2,0,0,0,0.6,0.4,1,1.4
43,"binary",1,"Purely rule-based","GBM",TRUE,"AUC",0.836543877436071,0.0300000000000002,NA,NA,NA,NA,NA,NA,NA,NA,NA,NA,NA,NA,NA
43,"binary",1,"Purely rule-based","Linear",TRUE,"AUC",0.762146156198201,0.0199999999999818,NA,20,0,20,20,0,0,0,0,1,0,1,1
43,"binary",1,"Purely rule-based","Random forest",TRUE,"AUC",0.86179372052978,0.450000000000045,NA,NA,NA,NA,NA,NA,NA,NA,NA,NA,NA,NA,NA
43,"binary",1,"Purely rule-based","RuleFit",TRUE,"AUC",0.863708781924395,15.86,NA,38,38,0,0,30,8,0,0,0,0.789473684210526,0.789473684210526,2.21052631578947
44,"binary",1,"Purely rule-based","BRP-GABLE full",TRUE,"AUC",0.865369812046956,183.46,NA,35,32,3,17,18,0,0,0,0.485714285714286,0.514285714285714,1,1.51428571428571
44,"binary",1,"Purely rule-based","BRP-GABLE rule-only",TRUE,"AUC",0.867719225094618,182.83,NA,39,39,0,21,18,0,0,0,0.538461538461538,0.461538461538462,1,1.46153846153846
44,"binary",1,"Purely rule-based","GABLE",TRUE,"AUC",0.823729873628841,4.6400000000001,NA,5,5,0,5,0,0,0,0,1,0,1,1
44,"binary",1,"Purely rule-based","GBM",TRUE,"AUC",0.867582911027006,0.04,NA,NA,NA,NA,NA,NA,NA,NA,NA,NA,NA,NA,NA
44,"binary",1,"Purely rule-based","Linear",TRUE,"AUC",0.789611264353069,0.00999999999999091,NA,20,0,20,20,0,0,0,0,1,0,1,1
44,"binary",1,"Purely rule-based","Random forest",TRUE,"AUC",0.851169093591635,0.3599999999999,NA,NA,NA,NA,NA,NA,NA,NA,NA,NA,NA,NA,NA
44,"binary",1,"Purely rule-based","RuleFit",TRUE,"AUC",0.853871319520174,16.09,NA,47,47,0,1,39,7,0,0,0.0212765957446809,0.829787234042553,0.851063829787234,2.12765957446809
45,"binary",1,"Purely rule-based","BRP-GABLE full",TRUE,"AUC",0.884066058488613,191.69,NA,31,31,0,16,15,0,0,0,0.516129032258065,0.483870967741935,1,1.48387096774194
45,"binary",1,"Purely rule-based","BRP-GABLE rule-only",TRUE,"AUC",0.884066058488613,191.04,NA,31,31,0,16,15,0,0,0,0.516129032258065,0.483870967741935,1,1.48387096774194
45,"binary",1,"Purely rule-based","GABLE",TRUE,"AUC",0.833818581780538,4.65999999999985,NA,5,5,0,5,0,0,0,0,1,0,1,1
45,"binary",1,"Purely rule-based","GBM",TRUE,"AUC",0.868918219461698,0.0699999999999998,NA,NA,NA,NA,NA,NA,NA,NA,NA,NA,NA,NA,NA
45,"binary",1,"Purely rule-based","Linear",TRUE,"AUC",0.788205227743271,0.0199999999999818,NA,20,0,20,20,0,0,0,0,1,0,1,1
45,"binary",1,"Purely rule-based","Random forest",TRUE,"AUC",0.851214738612836,0.340000000000146,NA,NA,NA,NA,NA,NA,NA,NA,NA,NA,NA,NA,NA
45,"binary",1,"Purely rule-based","RuleFit",TRUE,"AUC",0.876285908385093,15.05,NA,37,37,0,3,26,8,0,0,0.0810810810810811,0.702702702702703,0.783783783783784,2.13513513513514
46,"binary",1,"Purely rule-based","BRP-GABLE full",TRUE,"AUC",0.856451845791019,181.71,NA,22,22,0,5,17,0,0,0,0.227272727272727,0.772727272727273,1,1.77272727272727
46,"binary",1,"Purely rule-based","BRP-GABLE rule-only",TRUE,"AUC",0.85756686079158,179.17,NA,23,23,0,5,18,0,0,0,0.217391304347826,0.782608695652174,1,1.78260869565217
46,"binary",1,"Purely rule-based","GABLE",TRUE,"AUC",0.830485633152043,3.96000000000004,NA,4,4,0,3,1,0,0,0,0.75,0.25,1,1.25
46,"binary",1,"Purely rule-based","GBM",TRUE,"AUC",0.854117533811426,0.0299999999999998,NA,NA,NA,NA,NA,NA,NA,NA,NA,NA,NA,NA,NA
46,"binary",1,"Purely rule-based","Linear",TRUE,"AUC",0.806998122924388,0.00999999999976353,NA,20,0,20,20,0,0,0,0,1,0,1,1
46,"binary",1,"Purely rule-based","Random forest",TRUE,"AUC",0.854237859171199,0.349999999999909,NA,NA,NA,NA,NA,NA,NA,NA,NA,NA,NA,NA,NA
46,"binary",1,"Purely rule-based","RuleFit",TRUE,"AUC",0.856676453129262,15.04,NA,33,33,0,1,23,9,0,0,0.0303030303030303,0.696969696969697,0.727272727272727,2.24242424242424
47,"binary",1,"Purely rule-based","BRP-GABLE full",TRUE,"AUC",0.887135747547647,161.4,NA,24,24,0,4,20,0,0,0,0.166666666666667,0.833333333333333,1,1.83333333333333
47,"binary",1,"Purely rule-based","BRP-GABLE rule-only",TRUE,"AUC",0.887135747547647,160.44,NA,24,24,0,4,20,0,0,0,0.166666666666667,0.833333333333333,1,1.83333333333333
47,"binary",1,"Purely rule-based","GABLE",TRUE,"AUC",0.849874381910995,3.26000000000022,NA,5,5,0,3,2,0,0,0,0.6,0.4,1,1.4
47,"binary",1,"Purely rule-based","GBM",TRUE,"AUC",0.853130850842521,0.0300000000000002,NA,NA,NA,NA,NA,NA,NA,NA,NA,NA,NA,NA,NA
47,"binary",1,"Purely rule-based","Linear",TRUE,"AUC",0.793874317901778,0.0199999999999818,NA,20,0,20,20,0,0,0,0,1,0,1,1
47,"binary",1,"Purely rule-based","Random forest",TRUE,"AUC",0.858979693075803,0.359999999999673,NA,NA,NA,NA,NA,NA,NA,NA,NA,NA,NA,NA,NA
47,"binary",1,"Purely rule-based","RuleFit",TRUE,"AUC",0.874013857995551,15.52,NA,31,31,0,0,23,8,0,0,0,0.741935483870968,0.741935483870968,2.25806451612903
48,"binary",1,"Purely rule-based","BRP-GABLE full",TRUE,"AUC",0.864223203532718,188.110000000001,NA,29,29,0,6,23,0,0,0,0.206896551724138,0.793103448275862,1,1.79310344827586
48,"binary",1,"Purely rule-based","BRP-GABLE rule-only",TRUE,"AUC",0.864223203532718,185.2,NA,30,30,0,6,24,0,0,0,0.2,0.8,1,1.8
48,"binary",1,"Purely rule-based","GABLE",TRUE,"AUC",0.844078683259735,3.70000000000027,NA,5,5,0,4,1,0,0,0,0.8,0.2,1,1.2
48,"binary",1,"Purely rule-based","GBM",TRUE,"AUC",0.855062224006423,0.0500000000000003,NA,NA,NA,NA,NA,NA,NA,NA,NA,NA,NA,NA,NA
48,"binary",1,"Purely rule-based","Linear",TRUE,"AUC",0.78546768366118,0.0199999999999818,NA,20,0,20,20,0,0,0,0,1,0,1,1
48,"binary",1,"Purely rule-based","Random forest",TRUE,"AUC",0.845652348454436,0.359999999999673,NA,NA,NA,NA,NA,NA,NA,NA,NA,NA,NA,NA,NA
48,"binary",1,"Purely rule-based","RuleFit",TRUE,"AUC",0.856049779205138,14.92,NA,47,47,0,1,33,13,0,0,0.0212765957446809,0.702127659574468,0.723404255319149,2.25531914893617
49,"binary",1,"Purely rule-based","BRP-GABLE full",TRUE,"AUC",0.88062757997936,175.01,NA,34,29,5,18,16,0,0,0,0.529411764705882,0.470588235294118,1,1.47058823529412
49,"binary",1,"Purely rule-based","BRP-GABLE rule-only",TRUE,"AUC",0.879893898348813,172.6,NA,34,34,0,17,17,0,0,0,0.5,0.5,1,1.5
49,"binary",1,"Purely rule-based","GABLE",TRUE,"AUC",0.856528960268318,3.86000000000013,NA,5,5,0,3,2,0,0,0,0.6,0.4,1,1.4
49,"binary",1,"Purely rule-based","GBM",TRUE,"AUC",0.87219427244582,0.0500000000000003,NA,NA,NA,NA,NA,NA,NA,NA,NA,NA,NA,NA,NA
49,"binary",1,"Purely rule-based","Linear",TRUE,"AUC",0.798616486068111,0.00999999999976353,NA,20,0,20,20,0,0,0,0,1,0,1,1
49,"binary",1,"Purely rule-based","Random forest",TRUE,"AUC",0.8625032249742,0.359999999999673,NA,NA,NA,NA,NA,NA,NA,NA,NA,NA,NA,NA,NA
49,"binary",1,"Purely rule-based","RuleFit",TRUE,"AUC",0.872137835397317,17.45,NA,47,47,0,0,34,13,0,0,0,0.723404255319149,0.723404255319149,2.27659574468085
50,"binary",1,"Purely rule-based","BRP-GABLE full",TRUE,"AUC",0.881090909090909,170.1,NA,36,36,0,8,28,0,0,0,0.222222222222222,0.777777777777778,1,1.77777777777778
50,"binary",1,"Purely rule-based","BRP-GABLE rule-only",TRUE,"AUC",0.882052525252525,168.68,NA,40,40,0,12,28,0,0,0,0.3,0.7,1,1.7
50,"binary",1,"Purely rule-based","GABLE",TRUE,"AUC",0.868250505050505,3.82000000000016,NA,5,5,0,4,1,0,0,0,0.8,0.2,1,1.2
50,"binary",1,"Purely rule-based","GBM",TRUE,"AUC",0.854852525252525,0.04,NA,NA,NA,NA,NA,NA,NA,NA,NA,NA,NA,NA,NA
50,"binary",1,"Purely rule-based","Linear",TRUE,"AUC",0.80090505050505,0.0100000000002183,NA,20,0,20,20,0,0,0,0,1,0,1,1
50,"binary",1,"Purely rule-based","Random forest",TRUE,"AUC",0.851935353535354,0.349999999999909,NA,NA,NA,NA,NA,NA,NA,NA,NA,NA,NA,NA,NA
50,"binary",1,"Purely rule-based","RuleFit",TRUE,"AUC",0.859644444444444,15.09,NA,34,34,0,0,22,12,0,0,0,0.647058823529412,0.647058823529412,2.35294117647059
51,"binary",1,"Purely rule-based","BRP-GABLE full",TRUE,"AUC",0.894243084016393,188.029999999999,NA,27,27,0,11,16,0,0,0,0.407407407407407,0.592592592592593,1,1.59259259259259
51,"binary",1,"Purely rule-based","BRP-GABLE rule-only",TRUE,"AUC",0.894387167008197,186.28,NA,29,29,0,13,16,0,0,0,0.448275862068966,0.551724137931034,1,1.55172413793103
51,"binary",1,"Purely rule-based","GABLE",TRUE,"AUC",0.878714139344262,3.71000000000004,NA,5,5,0,4,1,0,0,0,0.8,0.2,1,1.2
51,"binary",1,"Purely rule-based","GBM",TRUE,"AUC",0.879850794057377,0.0299999999999998,NA,NA,NA,NA,NA,NA,NA,NA,NA,NA,NA,NA,NA
51,"binary",1,"Purely rule-based","Linear",TRUE,"AUC",0.818327356557377,0.0199999999999818,NA,20,0,20,20,0,0,0,0,1,0,1,1
51,"binary",1,"Purely rule-based","Random forest",TRUE,"AUC",0.869532850922131,0.340000000000146,NA,NA,NA,NA,NA,NA,NA,NA,NA,NA,NA,NA,NA
51,"binary",1,"Purely rule-based","RuleFit",TRUE,"AUC",0.885430007684426,15.03,NA,36,36,0,0,27,9,0,0,0,0.75,0.75,2.25
52,"binary",1,"Purely rule-based","BRP-GABLE full",TRUE,"AUC",0.892750284004544,177.89,NA,22,22,0,10,12,0,0,0,0.454545454545455,0.545454545454545,1,1.54545454545455
52,"binary",1,"Purely rule-based","BRP-GABLE rule-only",TRUE,"AUC",0.893582297316757,178.02,NA,24,24,0,12,12,0,0,0,0.5,0.5,1,1.5
52,"binary",1,"Purely rule-based","GABLE",TRUE,"AUC",0.879334069345109,3.88999999999987,NA,5,5,0,4,1,0,0,0,0.8,0.2,1,1.2
52,"binary",1,"Purely rule-based","GBM",TRUE,"AUC",0.881262100193603,0.0499999999999998,NA,NA,NA,NA,NA,NA,NA,NA,NA,NA,NA,NA,NA
52,"binary",1,"Purely rule-based","Linear",TRUE,"AUC",0.789116625866014,0,NA,20,0,20,20,0,0,0,0,1,0,1,1
52,"binary",1,"Purely rule-based","Random forest",TRUE,"AUC",0.889542232675723,0.360000000000127,NA,NA,NA,NA,NA,NA,NA,NA,NA,NA,NA,NA,NA
52,"binary",1,"Purely rule-based","RuleFit",TRUE,"AUC",0.88273412374598,15.57,NA,47,47,0,4,29,14,0,0,0.0851063829787234,0.617021276595745,0.702127659574468,2.21276595744681
53,"binary",1,"Purely rule-based","BRP-GABLE full",TRUE,"AUC",0.88167883913127,173.1,NA,31,31,0,6,25,0,0,0,0.193548387096774,0.806451612903226,1,1.80645161290323
53,"binary",1,"Purely rule-based","BRP-GABLE rule-only",TRUE,"AUC",0.883152348004356,172.74,NA,31,31,0,6,25,0,0,0,0.193548387096774,0.806451612903226,1,1.80645161290323
53,"binary",1,"Purely rule-based","GABLE",TRUE,"AUC",0.863292011019284,3.5,NA,5,5,0,4,1,0,0,0,0.8,0.2,1,1.2
53,"binary",1,"Purely rule-based","GBM",TRUE,"AUC",0.872573515279646,0.0299999999999998,NA,NA,NA,NA,NA,NA,NA,NA,NA,NA,NA,NA,NA
53,"binary",1,"Purely rule-based","Linear",TRUE,"AUC",0.798289448395157,0,NA,20,0,20,20,0,0,0,0,1,0,1,1
53,"binary",1,"Purely rule-based","Random forest",TRUE,"AUC",0.878467550771991,0.329999999999927,NA,NA,NA,NA,NA,NA,NA,NA,NA,NA,NA,NA,NA
53,"binary",1,"Purely rule-based","RuleFit",TRUE,"AUC",0.880253379460568,14.94,NA,45,45,0,0,35,10,0,0,0,0.777777777777778,0.777777777777778,2.22222222222222
54,"binary",1,"Purely rule-based","BRP-GABLE full",TRUE,"AUC",0.863114727786338,168.39,NA,28,28,0,6,22,0,0,0,0.214285714285714,0.785714285714286,1,1.78571428571429
54,"binary",1,"Purely rule-based","BRP-GABLE rule-only",TRUE,"AUC",0.863395608628659,168.05,NA,30,30,0,8,22,0,0,0,0.266666666666667,0.733333333333333,1,1.73333333333333
54,"binary",1,"Purely rule-based","GABLE",TRUE,"AUC",0.839849768875193,3.36999999999989,NA,5,5,0,4,1,0,0,0,0.8,0.2,1,1.2
54,"binary",1,"Purely rule-based","GBM",TRUE,"AUC",0.846302003081664,0.0299999999999998,NA,NA,NA,NA,NA,NA,NA,NA,NA,NA,NA,NA,NA
54,"binary",1,"Purely rule-based","Linear",TRUE,"AUC",0.784379815100154,0,NA,20,0,20,20,0,0,0,0,1,0,1,1
54,"binary",1,"Purely rule-based","Random forest",TRUE,"AUC",0.838686119671289,0.5,NA,NA,NA,NA,NA,NA,NA,NA,NA,NA,NA,NA,NA
54,"binary",1,"Purely rule-based","RuleFit",TRUE,"AUC",0.857978620955316,13.95,NA,37,37,0,3,27,7,0,0,0.0810810810810811,0.72972972972973,0.810810810810811,2.10810810810811
55,"binary",1,"Purely rule-based","BRP-GABLE full",TRUE,"AUC",0.871112962399269,189.71,NA,39,36,3,13,26,0,0,0,0.333333333333333,0.666666666666667,1,1.66666666666667
55,"binary",1,"Purely rule-based","BRP-GABLE rule-only",TRUE,"AUC",0.870255851583652,189.66,NA,40,40,0,13,27,0,0,0,0.325,0.675,1,1.675
55,"binary",1,"Purely rule-based","GABLE",TRUE,"AUC",0.841386436822121,4.4399999999996,NA,5,5,0,5,0,0,0,0,1,0,1,1
55,"binary",1,"Purely rule-based","GBM",TRUE,"AUC",0.847690607026707,0.0499999999999998,NA,NA,NA,NA,NA,NA,NA,NA,NA,NA,NA,NA,NA
55,"binary",1,"Purely rule-based","Linear",TRUE,"AUC",0.767362501802336,0,NA,20,0,20,20,0,0,0,0,1,0,1,1
55,"binary",1,"Purely rule-based","Random forest",TRUE,"AUC",0.849172527595764,0.340000000000146,NA,NA,NA,NA,NA,NA,NA,NA,NA,NA,NA,NA,NA
55,"binary",1,"Purely rule-based","RuleFit",TRUE,"AUC",0.869959467469841,14.76,NA,35,35,0,2,25,8,0,0,0.0571428571428571,0.714285714285714,0.771428571428571,2.17142857142857
56,"binary",1,"Purely rule-based","BRP-GABLE full",TRUE,"AUC",0.868329085108771,193.06,NA,33,32,1,17,16,0,0,0,0.515151515151515,0.484848484848485,1,1.48484848484848
56,"binary",1,"Purely rule-based","BRP-GABLE rule-only",TRUE,"AUC",0.868826047227432,193.19,NA,34,34,0,17,17,0,0,0,0.5,0.5,1,1.5
56,"binary",1,"Purely rule-based","GABLE",TRUE,"AUC",0.831048910691098,4.12000000000035,NA,5,5,0,4,1,0,0,0,0.8,0.2,1,1.2
56,"binary",1,"Purely rule-based","GBM",TRUE,"AUC",0.849596819442441,0.0600000000000001,NA,NA,NA,NA,NA,NA,NA,NA,NA,NA,NA,NA,NA
56,"binary",1,"Purely rule-based","Linear",TRUE,"AUC",0.752865547700348,0.00999999999976353,NA,20,0,20,20,0,0,0,0,1,0,1,1
56,"binary",1,"Purely rule-based","Random forest",TRUE,"AUC",0.819418394010805,0.329999999999927,NA,NA,NA,NA,NA,NA,NA,NA,NA,NA,NA,NA,NA
56,"binary",1,"Purely rule-based","RuleFit",TRUE,"AUC",0.855175620000321,16.22,NA,43,43,0,0,34,9,0,0,0,0.790697674418605,0.790697674418605,2.2093023255814
57,"binary",1,"Purely rule-based","BRP-GABLE full",TRUE,"AUC",0.876534865382449,191.55,NA,38,35,3,24,14,0,0,0,0.631578947368421,0.368421052631579,1,1.36842105263158
57,"binary",1,"Purely rule-based","BRP-GABLE rule-only",TRUE,"AUC",0.876550958335345,190.51,NA,35,35,0,20,15,0,0,0,0.571428571428571,0.428571428571429,1,1.42857142857143
57,"binary",1,"Purely rule-based","GABLE",TRUE,"AUC",0.854897890213875,3.86999999999989,NA,5,5,0,4,1,0,0,0,0.8,0.2,1,1.2
57,"binary",1,"Purely rule-based","GBM",TRUE,"AUC",0.852701202143581,0.04,NA,NA,NA,NA,NA,NA,NA,NA,NA,NA,NA,NA,NA
57,"binary",1,"Purely rule-based","Linear",TRUE,"AUC",0.779365615796843,0.00999999999976353,NA,20,0,20,20,0,0,0,0,1,0,1,1
57,"binary",1,"Purely rule-based","Random forest",TRUE,"AUC",0.849780331192971,0.349999999999909,NA,NA,NA,NA,NA,NA,NA,NA,NA,NA,NA,NA,NA
57,"binary",1,"Purely rule-based","RuleFit",TRUE,"AUC",0.855131238030866,16.25,NA,55,55,0,0,41,14,0,0,0,0.745454545454545,0.745454545454545,2.25454545454545
58,"binary",1,"Purely rule-based","BRP-GABLE full",TRUE,"AUC",0.872429367672497,179.45,NA,28,27,1,7,21,0,0,0,0.25,0.75,1,1.75
58,"binary",1,"Purely rule-based","BRP-GABLE rule-only",TRUE,"AUC",0.87296591709911,180.08,NA,27,27,0,6,21,0,0,0,0.222222222222222,0.777777777777778,1,1.77777777777778
58,"binary",1,"Purely rule-based","GABLE",TRUE,"AUC",0.857149721314626,3.98999999999978,NA,5,5,0,4,1,0,0,0,0.8,0.2,1,1.2
58,"binary",1,"Purely rule-based","GBM",TRUE,"AUC",0.857806393747197,0.0299999999999998,NA,NA,NA,NA,NA,NA,NA,NA,NA,NA,NA,NA,NA
58,"binary",1,"Purely rule-based","Linear",TRUE,"AUC",0.788871804728042,0.0199999999999818,NA,20,0,20,20,0,0,0,0,1,0,1,1
58,"binary",1,"Purely rule-based","Random forest",TRUE,"AUC",0.847579921839964,0.340000000000146,NA,NA,NA,NA,NA,NA,NA,NA,NA,NA,NA,NA,NA
58,"binary",1,"Purely rule-based","RuleFit",TRUE,"AUC",0.854322826574412,15.42,NA,27,27,0,0,21,6,0,0,0,0.777777777777778,0.777777777777778,2.22222222222222
59,"binary",1,"Purely rule-based","BRP-GABLE full",TRUE,"AUC",0.893183460457648,176.35,NA,31,31,0,7,24,0,0,0,0.225806451612903,0.774193548387097,1,1.7741935483871
59,"binary",1,"Purely rule-based","BRP-GABLE rule-only",TRUE,"AUC",0.893600963468486,173.4,NA,31,31,0,7,24,0,0,0,0.225806451612903,0.774193548387097,1,1.7741935483871
59,"binary",1,"Purely rule-based","GABLE",TRUE,"AUC",0.841549578482537,3.83999999999969,NA,4,4,0,3,1,0,0,0,0.75,0.25,1,1.25
59,"binary",1,"Purely rule-based","GBM",TRUE,"AUC",0.872854275391409,0.0300000000000002,NA,NA,NA,NA,NA,NA,NA,NA,NA,NA,NA,NA,NA
59,"binary",1,"Purely rule-based","Linear",TRUE,"AUC",0.818338016860699,0.0299999999997453,NA,20,0,20,20,0,0,0,0,1,0,1,1
59,"binary",1,"Purely rule-based","Random forest",TRUE,"AUC",0.878755519871538,0.360000000000127,NA,NA,NA,NA,NA,NA,NA,NA,NA,NA,NA,NA,NA
59,"binary",1,"Purely rule-based","RuleFit",TRUE,"AUC",0.889385788839823,14.73,NA,30,30,0,0,24,6,0,0,0,0.8,0.8,2.2
60,"binary",1,"Purely rule-based","BRP-GABLE full",TRUE,"AUC",0.881518675123326,178.590000000001,NA,33,33,0,13,20,0,0,0,0.393939393939394,0.606060606060606,1,1.60606060606061
60,"binary",1,"Purely rule-based","BRP-GABLE rule-only",TRUE,"AUC",0.881518675123326,177.81,NA,33,33,0,13,20,0,0,0,0.393939393939394,0.606060606060606,1,1.60606060606061
60,"binary",1,"Purely rule-based","GABLE",TRUE,"AUC",0.855724261643923,4.13999999999987,NA,5,5,0,4,1,0,0,0,0.8,0.2,1,1.2
60,"binary",1,"Purely rule-based","GBM",TRUE,"AUC",0.874751745787687,0.0500000000000003,NA,NA,NA,NA,NA,NA,NA,NA,NA,NA,NA,NA,NA
60,"binary",1,"Purely rule-based","Linear",TRUE,"AUC",0.794189249791787,0.0100000000002183,NA,20,0,20,20,0,0,0,0,1,0,1,1
60,"binary",1,"Purely rule-based","Random forest",TRUE,"AUC",0.87752258312512,0.360000000000127,NA,NA,NA,NA,NA,NA,NA,NA,NA,NA,NA,NA,NA
60,"binary",1,"Purely rule-based","RuleFit",TRUE,"AUC",0.88182298673842,14.36,NA,41,41,0,1,35,5,0,0,0.024390243902439,0.853658536585366,0.878048780487805,2.09756097560976
61,"binary",1,"Purely rule-based","BRP-GABLE full",TRUE,"AUC",0.90063225290116,180.82,NA,20,20,0,8,12,0,0,0,0.4,0.6,1,1.6
61,"binary",1,"Purely rule-based","BRP-GABLE rule-only",TRUE,"AUC",0.902320928371349,180.6,NA,24,24,0,12,12,0,0,0,0.5,0.5,1,1.5
61,"binary",1,"Purely rule-based","GABLE",TRUE,"AUC",0.881784713885554,4.07999999999993,NA,5,5,0,4,1,0,0,0,0.8,0.2,1,1.2
61,"binary",1,"Purely rule-based","GBM",TRUE,"AUC",0.88046418567427,0.04,NA,NA,NA,NA,NA,NA,NA,NA,NA,NA,NA,NA,NA
61,"binary",1,"Purely rule-based","Linear",TRUE,"AUC",0.814469787915166,0,NA,20,0,20,20,0,0,0,0,1,0,1,1
61,"binary",1,"Purely rule-based","Random forest",TRUE,"AUC",0.87062825130052,0.340000000000146,NA,NA,NA,NA,NA,NA,NA,NA,NA,NA,NA,NA,NA
61,"binary",1,"Purely rule-based","RuleFit",TRUE,"AUC",0.897927170868347,15.06,NA,35,35,0,3,31,1,0,0,0.0857142857142857,0.885714285714286,0.971428571428571,1.94285714285714
62,"binary",1,"Purely rule-based","BRP-GABLE full",TRUE,"AUC",0.887907304269893,172.6,NA,31,31,0,11,20,0,0,0,0.354838709677419,0.645161290322581,1,1.64516129032258
62,"binary",1,"Purely rule-based","BRP-GABLE rule-only",TRUE,"AUC",0.887907304269893,172.36,NA,31,31,0,11,20,0,0,0,0.354838709677419,0.645161290322581,1,1.64516129032258
62,"binary",1,"Purely rule-based","GABLE",TRUE,"AUC",0.868518340695218,4.05000000000018,NA,5,5,0,4,1,0,0,0,0.8,0.2,1,1.2
62,"binary",1,"Purely rule-based","GBM",TRUE,"AUC",0.853866589847001,0.0499999999999998,NA,NA,NA,NA,NA,NA,NA,NA,NA,NA,NA,NA,NA
62,"binary",1,"Purely rule-based","Linear",TRUE,"AUC",0.749471864797388,0.0199999999999818,NA,20,0,20,20,0,0,0,0,1,0,1,1
62,"binary",1,"Purely rule-based","Random forest",TRUE,"AUC",0.875592151590807,0.360000000000127,NA,NA,NA,NA,NA,NA,NA,NA,NA,NA,NA,NA,NA
62,"binary",1,"Purely rule-based","RuleFit",TRUE,"AUC",0.879025030407784,13.84,NA,33,33,0,2,25,6,0,0,0.0606060606060606,0.757575757575758,0.818181818181818,2.12121212121212
63,"binary",1,"Purely rule-based","BRP-GABLE full",TRUE,"AUC",0.863396903172087,193.7,NA,19,18,1,2,17,0,0,0,0.105263157894737,0.894736842105263,1,1.89473684210526
63,"binary",1,"Purely rule-based","BRP-GABLE rule-only",TRUE,"AUC",0.863436934556692,193.83,NA,18,18,0,1,17,0,0,0,0.0555555555555556,0.944444444444444,1,1.94444444444444
63,"binary",1,"Purely rule-based","GABLE",TRUE,"AUC",0.845863156714864,4.13999999999987,NA,5,5,0,4,1,0,0,0,0.8,0.2,1,1.2
63,"binary",1,"Purely rule-based","GBM",TRUE,"AUC",0.844758290499752,0.0500000000000003,NA,NA,NA,NA,NA,NA,NA,NA,NA,NA,NA,NA,NA
63,"binary",1,"Purely rule-based","Linear",TRUE,"AUC",0.778546380362204,0.0199999999999818,NA,20,0,20,20,0,0,0,0,1,0,1,1
63,"binary",1,"Purely rule-based","Random forest",TRUE,"AUC",0.839818417639429,0.300000000000182,NA,NA,NA,NA,NA,NA,NA,NA,NA,NA,NA,NA,NA
63,"binary",1,"Purely rule-based","RuleFit",TRUE,"AUC",0.825254999919937,15.92,NA,45,45,0,0,34,11,0,0,0,0.755555555555556,0.755555555555556,2.24444444444444
64,"binary",1,"Purely rule-based","BRP-GABLE full",TRUE,"AUC",0.853146405479803,181.159999999999,NA,32,29,3,15,17,0,0,0,0.46875,0.53125,1,1.53125
64,"binary",1,"Purely rule-based","BRP-GABLE rule-only",TRUE,"AUC",0.854218679982075,180.22,NA,29,29,0,12,17,0,0,0,0.413793103448276,0.586206896551724,1,1.58620689655172
64,"binary",1,"Purely rule-based","GABLE",TRUE,"AUC",0.837942513283401,3.94000000000005,NA,5,5,0,4,1,0,0,0,0.8,0.2,1,1.2
64,"binary",1,"Purely rule-based","GBM",TRUE,"AUC",0.849977594264132,0.0500000000000003,NA,NA,NA,NA,NA,NA,NA,NA,NA,NA,NA,NA,NA
64,"binary",1,"Purely rule-based","Linear",TRUE,"AUC",0.765043851225914,0,NA,20,0,20,20,0,0,0,0,1,0,1,1
64,"binary",1,"Purely rule-based","Random forest",TRUE,"AUC",0.839446898405992,0.369999999999891,NA,NA,NA,NA,NA,NA,NA,NA,NA,NA,NA,NA,NA
64,"binary",1,"Purely rule-based","RuleFit",TRUE,"AUC",0.842079572370527,15.73,NA,31,31,0,0,24,7,0,0,0,0.774193548387097,0.774193548387097,2.2258064516129
65,"binary",1,"Purely rule-based","BRP-GABLE full",TRUE,"AUC",0.87779362053221,173.19,NA,23,23,0,1,22,0,0,0,0.0434782608695652,0.956521739130435,1,1.95652173913043
65,"binary",1,"Purely rule-based","BRP-GABLE rule-only",TRUE,"AUC",0.877441163748218,173.29,NA,25,25,0,2,23,0,0,0,0.08,0.92,1,1.92
65,"binary",1,"Purely rule-based","GABLE",TRUE,"AUC",0.860395072013329,4.15999999999985,NA,5,5,0,3,2,0,0,0,0.6,0.4,1,1.4
65,"binary",1,"Purely rule-based","GBM",TRUE,"AUC",0.854467389737099,0.04,NA,NA,NA,NA,NA,NA,NA,NA,NA,NA,NA,NA,NA
65,"binary",1,"Purely rule-based","Linear",TRUE,"AUC",0.792499078806133,0.0199999999999818,NA,20,0,20,20,0,0,0,0,1,0,1,1
65,"binary",1,"Purely rule-based","Random forest",TRUE,"AUC",0.865433601948125,0.340000000000146,NA,NA,NA,NA,NA,NA,NA,NA,NA,NA,NA,NA,NA
65,"binary",1,"Purely rule-based","RuleFit",TRUE,"AUC",0.875630817539531,13.34,NA,30,30,0,4,22,4,0,0,0.133333333333333,0.733333333333333,0.866666666666667,2
66,"binary",1,"Purely rule-based","BRP-GABLE full",TRUE,"AUC",0.889624423668033,168.87,NA,29,29,0,12,17,0,0,0,0.413793103448276,0.586206896551724,1,1.58620689655172
66,"binary",1,"Purely rule-based","BRP-GABLE rule-only",TRUE,"AUC",0.890464907786885,168.34,NA,30,30,0,14,16,0,0,0,0.466666666666667,0.533333333333333,1,1.53333333333333
66,"binary",1,"Purely rule-based","GABLE",TRUE,"AUC",0.848240586577869,3.37000000000035,NA,5,5,0,3,2,0,0,0,0.6,0.4,1,1.4
66,"binary",1,"Purely rule-based","GBM",TRUE,"AUC",0.866611168032787,0.0499999999999998,NA,NA,NA,NA,NA,NA,NA,NA,NA,NA,NA,NA,NA
66,"binary",1,"Purely rule-based","Linear",TRUE,"AUC",0.800108862704918,0.0199999999999818,NA,20,0,20,20,0,0,0,0,1,0,1,1
66,"binary",1,"Purely rule-based","Random forest",TRUE,"AUC",0.866435066598361,0.359999999999673,NA,NA,NA,NA,NA,NA,NA,NA,NA,NA,NA,NA,NA
66,"binary",1,"Purely rule-based","RuleFit",TRUE,"AUC",0.870933657786885,15.69,NA,29,29,0,0,18,11,0,0,0,0.620689655172414,0.620689655172414,2.37931034482759
67,"binary",1,"Purely rule-based","BRP-GABLE full",TRUE,"AUC",0.890018602860992,181.95,NA,23,23,0,9,14,0,0,0,0.391304347826087,0.608695652173913,1,1.60869565217391
67,"binary",1,"Purely rule-based","BRP-GABLE rule-only",TRUE,"AUC",0.890018602860992,180.6,NA,23,23,0,9,14,0,0,0,0.391304347826087,0.608695652173913,1,1.60869565217391
67,"binary",1,"Purely rule-based","GABLE",TRUE,"AUC",0.876419269998076,4.40000000000009,NA,5,5,0,5,0,0,0,0,1,0,1,1
67,"binary",1,"Purely rule-based","GBM",TRUE,"AUC",0.881470908974277,0.0299999999999998,NA,NA,NA,NA,NA,NA,NA,NA,NA,NA,NA,NA,NA
67,"binary",1,"Purely rule-based","Linear",TRUE,"AUC",0.812431842966194,0.0199999999999818,NA,20,0,20,20,0,0,0,0,1,0,1,1
67,"binary",1,"Purely rule-based","Random forest",TRUE,"AUC",0.860959651035987,0.340000000000146,NA,NA,NA,NA,NA,NA,NA,NA,NA,NA,NA,NA,NA
67,"binary",1,"Purely rule-based","RuleFit",TRUE,"AUC",0.879337994739881,13.43,NA,38,38,0,1,36,1,0,0,0.0263157894736842,0.947368421052632,0.973684210526316,2
68,"binary",1,"Purely rule-based","BRP-GABLE full",TRUE,"AUC",0.878937785011038,170.43,NA,29,29,0,10,19,0,0,0,0.344827586206897,0.655172413793103,1,1.6551724137931
68,"binary",1,"Purely rule-based","BRP-GABLE rule-only",TRUE,"AUC",0.878937785011038,169.54,NA,29,29,0,10,19,0,0,0,0.344827586206897,0.655172413793103,1,1.6551724137931
68,"binary",1,"Purely rule-based","GABLE",TRUE,"AUC",0.870325013293801,3.44000000000005,NA,5,5,0,4,1,0,0,0,0.8,0.2,1,1.2
68,"binary",1,"Purely rule-based","GBM",TRUE,"AUC",0.868318857861068,0.0500000000000003,NA,NA,NA,NA,NA,NA,NA,NA,NA,NA,NA,NA,NA
68,"binary",1,"Purely rule-based","Linear",TRUE,"AUC",0.778082147633703,0.0199999999999818,NA,20,0,20,20,0,0,0,0,1,0,1,1
68,"binary",1,"Purely rule-based","Random forest",TRUE,"AUC",0.866852511319873,0.359999999999673,NA,NA,NA,NA,NA,NA,NA,NA,NA,NA,NA,NA,NA
68,"binary",1,"Purely rule-based","RuleFit",TRUE,"AUC",0.883981372564817,15.56,NA,35,35,0,3,25,7,0,0,0.0857142857142857,0.714285714285714,0.8,2.11428571428571
69,"binary",1,"Purely rule-based","BRP-GABLE full",TRUE,"AUC",0.867580931654158,182.66,NA,34,32,2,22,12,0,0,0,0.647058823529412,0.352941176470588,1,1.35294117647059
69,"binary",1,"Purely rule-based","BRP-GABLE rule-only",TRUE,"AUC",0.867876974284297,182,NA,31,31,0,19,12,0,0,0,0.612903225806452,0.387096774193548,1,1.38709677419355
69,"binary",1,"Purely rule-based","GABLE",TRUE,"AUC",0.844401593829511,4.44999999999982,NA,5,5,0,5,0,0,0,0,1,0,1,1
69,"binary",1,"Purely rule-based","GBM",TRUE,"AUC",0.845449744763246,0.0299999999999998,NA,NA,NA,NA,NA,NA,NA,NA,NA,NA,NA,NA,NA
69,"binary",1,"Purely rule-based","Linear",TRUE,"AUC",0.772095181706166,0,NA,20,0,20,20,0,0,0,0,1,0,1,1
69,"binary",1,"Purely rule-based","Random forest",TRUE,"AUC",0.833824070666176,0.360000000000127,NA,NA,NA,NA,NA,NA,NA,NA,NA,NA,NA,NA,NA
69,"binary",1,"Purely rule-based","RuleFit",TRUE,"AUC",0.85671536701285,13.8,NA,31,31,0,1,28,2,0,0,0.032258064516129,0.903225806451613,0.935483870967742,2.03225806451613
70,"binary",1,"Purely rule-based","BRP-GABLE full",TRUE,"AUC",0.88037485332176,188.37,NA,32,32,0,15,17,0,0,0,0.46875,0.53125,1,1.53125
70,"binary",1,"Purely rule-based","BRP-GABLE rule-only",TRUE,"AUC",0.880985677774027,184.06,NA,35,35,0,18,17,0,0,0,0.514285714285714,0.485714285714286,1,1.48571428571429
70,"binary",1,"Purely rule-based","GABLE",TRUE,"AUC",0.852220668370545,4.45000000000027,NA,5,5,0,5,0,0,0,0,1,0,1,1
70,"binary",1,"Purely rule-based","GBM",TRUE,"AUC",0.876163379466654,0.0299999999999998,NA,NA,NA,NA,NA,NA,NA,NA,NA,NA,NA,NA,NA
70,"binary",1,"Purely rule-based","Linear",TRUE,"AUC",0.798106444197971,0.0100000000002183,NA,20,0,20,20,0,0,0,0,1,0,1,1
70,"binary",1,"Purely rule-based","Random forest",TRUE,"AUC",0.864220153992059,0.329999999999927,NA,NA,NA,NA,NA,NA,NA,NA,NA,NA,NA,NA,NA
70,"binary",1,"Purely rule-based","RuleFit",TRUE,"AUC",0.869822057192458,13.2,NA,32,32,0,0,31,1,0,0,0,0.96875,0.96875,2.03125
71,"binary",1,"Purely rule-based","BRP-GABLE full",TRUE,"AUC",0.842673907088416,175.23,NA,28,28,0,5,23,0,0,0,0.178571428571429,0.821428571428571,1,1.82142857142857
71,"binary",1,"Purely rule-based","BRP-GABLE rule-only",TRUE,"AUC",0.844398072801689,174.22,NA,29,29,0,7,22,0,0,0,0.241379310344828,0.758620689655172,1,1.75862068965517
71,"binary",1,"Purely rule-based","GABLE",TRUE,"AUC",0.833045972381121,4.84999999999991,NA,5,5,0,5,0,0,0,0,1,0,1,1
71,"binary",1,"Purely rule-based","GBM",TRUE,"AUC",0.837944536650607,0.0699999999999998,NA,NA,NA,NA,NA,NA,NA,NA,NA,NA,NA,NA,NA
71,"binary",1,"Purely rule-based","Linear",TRUE,"AUC",0.778952287339467,0.0199999999999818,NA,20,0,20,20,0,0,0,0,1,0,1,1
71,"binary",1,"Purely rule-based","Random forest",TRUE,"AUC",0.838097616784028,0.329999999999927,NA,NA,NA,NA,NA,NA,NA,NA,NA,NA,NA,NA,NA
71,"binary",1,"Purely rule-based","RuleFit",TRUE,"AUC",0.838838846903753,15.45,NA,46,46,0,1,39,6,0,0,0.0217391304347826,0.847826086956522,0.869565217391304,2.10869565217391
72,"binary",1,"Purely rule-based","BRP-GABLE full",TRUE,"AUC",0.89020343384793,180.69,NA,32,31,1,17,15,0,0,0,0.53125,0.46875,1,1.46875
72,"binary",1,"Purely rule-based","BRP-GABLE rule-only",TRUE,"AUC",0.890235495920101,179.89,NA,31,31,0,16,15,0,0,0,0.516129032258065,0.483870967741935,1,1.48387096774194
72,"binary",1,"Purely rule-based","GABLE",TRUE,"AUC",0.86986004905497,3.30000000000018,NA,5,5,0,4,1,0,0,0,0.8,0.2,1,1.2
72,"binary",1,"Purely rule-based","GBM",TRUE,"AUC",0.883550553872297,0.0500000000000003,NA,NA,NA,NA,NA,NA,NA,NA,NA,NA,NA,NA,NA
72,"binary",1,"Purely rule-based","Linear",TRUE,"AUC",0.804982446015486,0.00999999999976353,NA,20,0,20,20,0,0,0,0,1,0,1,1
72,"binary",1,"Purely rule-based","Random forest",TRUE,"AUC",0.870693662931435,0.360000000000127,NA,NA,NA,NA,NA,NA,NA,NA,NA,NA,NA,NA,NA
72,"binary",1,"Purely rule-based","RuleFit",TRUE,"AUC",0.876472851440389,15.64,NA,36,36,0,0,29,7,0,0,0,0.805555555555556,0.805555555555556,2.19444444444444
73,"binary",1,"Purely rule-based","BRP-GABLE full",TRUE,"AUC",0.894363153176229,183.44,NA,21,21,0,3,18,0,0,0,0.142857142857143,0.857142857142857,1,1.85714285714286
73,"binary",1,"Purely rule-based","BRP-GABLE rule-only",TRUE,"AUC",0.894363153176229,182.26,NA,21,21,0,3,18,0,0,0,0.142857142857143,0.857142857142857,1,1.85714285714286
73,"binary",1,"Purely rule-based","GABLE",TRUE,"AUC",0.863897605020492,3.7199999999998,NA,5,5,0,4,1,0,0,0,0.8,0.2,1,1.2
73,"binary",1,"Purely rule-based","GBM",TRUE,"AUC",0.880811347336066,0.0299999999999998,NA,NA,NA,NA,NA,NA,NA,NA,NA,NA,NA,NA,NA
73,"binary",1,"Purely rule-based","Linear",TRUE,"AUC",0.827420594262295,0.0100000000002183,NA,20,0,20,20,0,0,0,0,1,0,1,1
73,"binary",1,"Purely rule-based","Random forest",TRUE,"AUC",0.875264152151639,0.360000000000127,NA,NA,NA,NA,NA,NA,NA,NA,NA,NA,NA,NA,NA
73,"binary",1,"Purely rule-based","RuleFit",TRUE,"AUC",0.900134477459016,14.52,NA,39,39,0,2,31,6,0,0,0.0512820512820513,0.794871794871795,0.846153846153846,2.1025641025641
74,"binary",1,"Purely rule-based","BRP-GABLE full",TRUE,"AUC",0.823942647741275,181.9,NA,31,31,0,6,25,0,0,0,0.193548387096774,0.806451612903226,1,1.80645161290323
74,"binary",1,"Purely rule-based","BRP-GABLE rule-only",TRUE,"AUC",0.822198396569106,181.2,NA,36,36,0,10,26,0,0,0,0.277777777777778,0.722222222222222,1,1.72222222222222
74,"binary",1,"Purely rule-based","GABLE",TRUE,"AUC",0.814445280120337,3.94000000000005,NA,5,5,0,4,1,0,0,0,0.8,0.2,1,1.2
74,"binary",1,"Purely rule-based","GBM",TRUE,"AUC",0.832039813733178,0.0499999999999998,NA,NA,NA,NA,NA,NA,NA,NA,NA,NA,NA,NA,NA
74,"binary",1,"Purely rule-based","Linear",TRUE,"AUC",0.749627946424285,0.0199999999999818,NA,20,0,20,20,0,0,0,0,1,0,1,1
74,"binary",1,"Purely rule-based","Random forest",TRUE,"AUC",0.805491990846682,0.349999999999909,NA,NA,NA,NA,NA,NA,NA,NA,NA,NA,NA,NA,NA
74,"binary",1,"Purely rule-based","RuleFit",TRUE,"AUC",0.805315965499032,15.45,NA,27,27,0,1,17,9,0,0,0.037037037037037,0.62962962962963,0.666666666666667,2.2962962962963
75,"binary",1,"Purely rule-based","BRP-GABLE full",TRUE,"AUC",0.857200044835151,183.5,NA,28,27,1,12,16,0,0,0,0.428571428571429,0.571428571428571,1,1.57142857142857
75,"binary",1,"Purely rule-based","BRP-GABLE rule-only",TRUE,"AUC",0.858032697634946,181.93,NA,26,26,0,10,16,0,0,0,0.384615384615385,0.615384615384615,1,1.61538461538462
75,"binary",1,"Purely rule-based","GABLE",TRUE,"AUC",0.83200429136443,4.5,NA,5,5,0,5,0,0,0,0,1,0,1,1
75,"binary",1,"Purely rule-based","GBM",TRUE,"AUC",0.853901458743655,0.0499999999999998,NA,NA,NA,NA,NA,NA,NA,NA,NA,NA,NA,NA,NA
75,"binary",1,"Purely rule-based","Linear",TRUE,"AUC",0.783494259499448,0,NA,20,0,20,20,0,0,0,0,1,0,1,1
75,"binary",1,"Purely rule-based","Random forest",TRUE,"AUC",0.839666298377928,0.360000000000127,NA,NA,NA,NA,NA,NA,NA,NA,NA,NA,NA,NA,NA
75,"binary",1,"Purely rule-based","RuleFit",TRUE,"AUC",0.854702086435766,14.53,NA,29,29,0,1,23,5,0,0,0.0344827586206897,0.793103448275862,0.827586206896552,2.13793103448276
76,"binary",1,"Purely rule-based","BRP-GABLE full",TRUE,"AUC",0.892900582549133,173.79,NA,23,23,0,2,21,0,0,0,0.0869565217391304,0.91304347826087,1,1.91304347826087
76,"binary",1,"Purely rule-based","BRP-GABLE rule-only",TRUE,"AUC",0.892452467831765,172.99,NA,23,23,0,2,21,0,0,0,0.0869565217391304,0.91304347826087,1,1.91304347826087
76,"binary",1,"Purely rule-based","GABLE",TRUE,"AUC",0.851618014211638,3.26999999999998,NA,5,5,0,3,2,0,0,0,0.6,0.4,1,1.4
76,"binary",1,"Purely rule-based","GBM",TRUE,"AUC",0.879793227066129,0.0499999999999998,NA,NA,NA,NA,NA,NA,NA,NA,NA,NA,NA,NA,NA
76,"binary",1,"Purely rule-based","Linear",TRUE,"AUC",0.81772933871071,0.0100000000002183,NA,20,0,20,20,0,0,0,0,1,0,1,1
76,"binary",1,"Purely rule-based","Random forest",TRUE,"AUC",0.862572818641572,0.329999999999927,NA,NA,NA,NA,NA,NA,NA,NA,NA,NA,NA,NA,NA
76,"binary",1,"Purely rule-based","RuleFit",TRUE,"AUC",0.890435951603611,15.86,NA,42,42,0,0,33,9,0,0,0,0.785714285714286,0.785714285714286,2.21428571428571
77,"binary",1,"Purely rule-based","BRP-GABLE full",TRUE,"AUC",0.845677530840493,171.19,NA,22,22,0,4,18,0,0,0,0.181818181818182,0.818181818181818,1,1.81818181818182
77,"binary",1,"Purely rule-based","BRP-GABLE rule-only",TRUE,"AUC",0.84671754748076,169.76,NA,22,22,0,3,19,0,0,0,0.136363636363636,0.863636363636364,1,1.86363636363636
77,"binary",1,"Purely rule-based","GABLE",TRUE,"AUC",0.830813293012688,3.82000000000016,NA,5,5,0,4,1,0,0,0,0.8,0.2,1,1.2
77,"binary",1,"Purely rule-based","GBM",TRUE,"AUC",0.854165666650666,0.0699999999999998,NA,NA,NA,NA,NA,NA,NA,NA,NA,NA,NA,NA,NA
77,"binary",1,"Purely rule-based","Linear",TRUE,"AUC",0.799164786636586,0.00999999999976353,NA,20,0,20,20,0,0,0,0,1,0,1,1
77,"binary",1,"Purely rule-based","Random forest",TRUE,"AUC",0.84706955311285,0.360000000000127,NA,NA,NA,NA,NA,NA,NA,NA,NA,NA,NA,NA,NA
77,"binary",1,"Purely rule-based","RuleFit",TRUE,"AUC",0.840709451351222,14.89,NA,32,32,0,1,27,4,0,0,0.03125,0.84375,0.875,2.09375
78,"binary",1,"Purely rule-based","BRP-GABLE full",TRUE,"AUC",0.868639592933948,188.83,NA,30,30,0,9,21,0,0,0,0.3,0.7,1,1.7
78,"binary",1,"Purely rule-based","BRP-GABLE rule-only",TRUE,"AUC",0.869247631848438,188.2,NA,30,30,0,9,21,0,0,0,0.3,0.7,1,1.7
78,"binary",1,"Purely rule-based","GABLE",TRUE,"AUC",0.840437788018433,3.97000000000025,NA,5,5,0,4,1,0,0,0,0.8,0.2,1,1.2
78,"binary",1,"Purely rule-based","GBM",TRUE,"AUC",0.845110087045571,0.0500000000000003,NA,NA,NA,NA,NA,NA,NA,NA,NA,NA,NA,NA,NA
78,"binary",1,"Purely rule-based","Linear",TRUE,"AUC",0.770273297491039,0,NA,20,0,20,20,0,0,0,0,1,0,1,1
78,"binary",1,"Purely rule-based","Random forest",TRUE,"AUC",0.85478270609319,0.359999999999673,NA,NA,NA,NA,NA,NA,NA,NA,NA,NA,NA,NA,NA
78,"binary",1,"Purely rule-based","RuleFit",TRUE,"AUC",0.857934907834101,15.71,NA,43,43,0,0,29,14,0,0,0,0.674418604651163,0.674418604651163,2.32558139534884
79,"binary",1,"Purely rule-based","BRP-GABLE full",TRUE,"AUC",0.860679751536885,188.95,NA,27,27,0,15,12,0,0,0,0.555555555555556,0.444444444444444,1,1.44444444444444
79,"binary",1,"Purely rule-based","BRP-GABLE rule-only",TRUE,"AUC",0.859142866290984,188.04,NA,28,28,0,16,12,0,0,0,0.571428571428571,0.428571428571429,1,1.42857142857143
79,"binary",1,"Purely rule-based","GABLE",TRUE,"AUC",0.849057056864754,4.51000000000022,NA,5,5,0,4,1,0,0,0,0.8,0.2,1,1.2
79,"binary",1,"Purely rule-based","GBM",TRUE,"AUC",0.852459016393443,0.04,NA,NA,NA,NA,NA,NA,NA,NA,NA,NA,NA,NA,NA
79,"binary",1,"Purely rule-based","Linear",TRUE,"AUC",0.781233990778688,0.0199999999999818,NA,20,0,20,20,0,0,0,0,1,0,1,1
79,"binary",1,"Purely rule-based","Random forest",TRUE,"AUC",0.851634541495902,0.359999999999673,NA,NA,NA,NA,NA,NA,NA,NA,NA,NA,NA,NA,NA
79,"binary",1,"Purely rule-based","RuleFit",TRUE,"AUC",0.858518506659836,14.2,NA,39,39,0,3,30,6,0,0,0.0769230769230769,0.769230769230769,0.846153846153846,2.07692307692308
80,"binary",1,"Purely rule-based","BRP-GABLE full",TRUE,"AUC",0.877979050547761,178.66,NA,32,32,0,10,22,0,0,0,0.3125,0.6875,1,1.6875
80,"binary",1,"Purely rule-based","BRP-GABLE rule-only",TRUE,"AUC",0.8778669357422,178.15,NA,37,37,0,12,25,0,0,0,0.324324324324324,0.675675675675676,1,1.67567567567568
80,"binary",1,"Purely rule-based","GABLE",TRUE,"AUC",0.843944198859632,4.44000000000005,NA,5,5,0,5,0,0,0,0,1,0,1,1
80,"binary",1,"Purely rule-based","GBM",TRUE,"AUC",0.85963226343776,0.0499999999999998,NA,NA,NA,NA,NA,NA,NA,NA,NA,NA,NA,NA,NA
80,"binary",1,"Purely rule-based","Linear",TRUE,"AUC",0.791290281247998,0.0199999999999818,NA,20,0,20,20,0,0,0,0,1,0,1,1
80,"binary",1,"Purely rule-based","Random forest",TRUE,"AUC",0.873814786341213,0.369999999999891,NA,NA,NA,NA,NA,NA,NA,NA,NA,NA,NA,NA,NA
80,"binary",1,"Purely rule-based","RuleFit",TRUE,"AUC",0.884842078288167,14.76,NA,35,35,0,1,31,3,0,0,0.0285714285714286,0.885714285714286,0.914285714285714,2.05714285714286
81,"binary",1,"Purely rule-based","BRP-GABLE full",TRUE,"AUC",0.8703173256949,178.71,NA,25,25,0,6,19,0,0,0,0.24,0.76,1,1.76
81,"binary",1,"Purely rule-based","BRP-GABLE rule-only",TRUE,"AUC",0.869725240434623,177.61,NA,27,27,0,8,19,0,0,0,0.296296296296296,0.703703703703704,1,1.7037037037037
81,"binary",1,"Purely rule-based","GABLE",TRUE,"AUC",0.874797970907811,3.82999999999993,NA,5,5,0,4,1,0,0,0,0.8,0.2,1,1.2
81,"binary",1,"Purely rule-based","GBM",TRUE,"AUC",0.864396473092125,0.0299999999999998,NA,NA,NA,NA,NA,NA,NA,NA,NA,NA,NA,NA,NA
81,"binary",1,"Purely rule-based","Linear",TRUE,"AUC",0.79661071194252,0.0199999999999818,NA,20,0,20,20,0,0,0,0,1,0,1,1
81,"binary",1,"Purely rule-based","Random forest",TRUE,"AUC",0.848626202173113,0.380000000000109,NA,NA,NA,NA,NA,NA,NA,NA,NA,NA,NA,NA,NA
81,"binary",1,"Purely rule-based","RuleFit",TRUE,"AUC",0.849882383063161,15.04,NA,53,53,0,1,39,13,0,0,0.0188679245283019,0.735849056603774,0.754716981132076,2.22641509433962
82,"binary",1,"Purely rule-based","BRP-GABLE full",TRUE,"AUC",0.893682588597843,183.86,NA,29,28,1,12,17,0,0,0,0.413793103448276,0.586206896551724,1,1.58620689655172
82,"binary",1,"Purely rule-based","BRP-GABLE rule-only",TRUE,"AUC",0.894027670775552,183.12,NA,28,28,0,11,17,0,0,0,0.392857142857143,0.607142857142857,1,1.60714285714286
82,"binary",1,"Purely rule-based","GABLE",TRUE,"AUC",0.868708269131998,4.63999999999987,NA,5,5,0,5,0,0,0,0,1,0,1,1
82,"binary",1,"Purely rule-based","GBM",TRUE,"AUC",0.87830636877247,0.04,NA,NA,NA,NA,NA,NA,NA,NA,NA,NA,NA,NA,NA
82,"binary",1,"Purely rule-based","Linear",TRUE,"AUC",0.784123009758603,0.0199999999999818,NA,20,0,20,20,0,0,0,0,1,0,1,1
82,"binary",1,"Purely rule-based","Random forest",TRUE,"AUC",0.88135593220339,0.360000000000127,NA,NA,NA,NA,NA,NA,NA,NA,NA,NA,NA,NA,NA
82,"binary",1,"Purely rule-based","RuleFit",TRUE,"AUC",0.890424370826913,15.71,NA,43,43,0,1,30,12,0,0,0.0232558139534884,0.697674418604651,0.720930232558139,2.25581395348837
83,"binary",1,"Purely rule-based","BRP-GABLE full",TRUE,"AUC",0.887576005518923,183.68,NA,27,27,0,9,18,0,0,0,0.333333333333333,0.666666666666667,1,1.66666666666667
83,"binary",1,"Purely rule-based","BRP-GABLE rule-only",TRUE,"AUC",0.887576005518923,182.31,NA,27,27,0,9,18,0,0,0,0.333333333333333,0.666666666666667,1,1.66666666666667
83,"binary",1,"Purely rule-based","GABLE",TRUE,"AUC",0.858056183921323,3.86999999999989,NA,5,5,0,4,1,0,0,0,0.8,0.2,1,1.2
83,"binary",1,"Purely rule-based","GBM",TRUE,"AUC",0.868043188782468,0.0499999999999998,NA,NA,NA,NA,NA,NA,NA,NA,NA,NA,NA,NA,NA
83,"binary",1,"Purely rule-based","Linear",TRUE,"AUC",0.812340568898301,0,NA,20,0,20,20,0,0,0,0,1,0,1,1
83,"binary",1,"Purely rule-based","Random forest",TRUE,"AUC",0.871035279395485,0.380000000000109,NA,NA,NA,NA,NA,NA,NA,NA,NA,NA,NA,NA,NA
83,"binary",1,"Purely rule-based","RuleFit",TRUE,"AUC",0.885642778071907,14.77,NA,41,41,0,3,33,5,0,0,0.0731707317073171,0.804878048780488,0.878048780487805,2.04878048780488
84,"binary",1,"Purely rule-based","BRP-GABLE full",TRUE,"AUC",0.882296466973886,186.39,NA,29,29,0,4,25,0,0,0,0.137931034482759,0.862068965517241,1,1.86206896551724
84,"binary",1,"Purely rule-based","BRP-GABLE rule-only",TRUE,"AUC",0.8821044546851,185.46,NA,27,27,0,2,25,0,0,0,0.0740740740740741,0.925925925925926,1,1.92592592592593
84,"binary",1,"Purely rule-based","GABLE",TRUE,"AUC",0.863231246799795,4.34000000000015,NA,5,5,0,5,0,0,0,0,1,0,1,1
84,"binary",1,"Purely rule-based","GBM",TRUE,"AUC",0.870887736815156,0.0600000000000001,NA,NA,NA,NA,NA,NA,NA,NA,NA,NA,NA,NA,NA
84,"binary",1,"Purely rule-based","Linear",TRUE,"AUC",0.796098950332821,0,NA,20,0,20,20,0,0,0,0,1,0,1,1
84,"binary",1,"Purely rule-based","Random forest",TRUE,"AUC",0.863863287250384,0.359999999999673,NA,NA,NA,NA,NA,NA,NA,NA,NA,NA,NA,NA,NA
84,"binary",1,"Purely rule-based","RuleFit",TRUE,"AUC",0.878000192012289,15.08,NA,38,38,0,1,30,7,0,0,0.0263157894736842,0.789473684210526,0.815789473684211,2.15789473684211
85,"binary",1,"Purely rule-based","BRP-GABLE full",TRUE,"AUC",0.884602458229307,196.47,NA,27,26,1,19,8,0,0,0,0.703703703703704,0.296296296296296,1,1.2962962962963
85,"binary",1,"Purely rule-based","BRP-GABLE rule-only",TRUE,"AUC",0.885034568849626,196.25,NA,25,25,0,17,8,0,0,0,0.68,0.32,1,1.32
85,"binary",1,"Purely rule-based","GABLE",TRUE,"AUC",0.851449971192625,4.40000000000009,NA,5,5,0,5,0,0,0,0,1,0,1,1
85,"binary",1,"Purely rule-based","GBM",TRUE,"AUC",0.870030727866334,0.0499999999999998,NA,NA,NA,NA,NA,NA,NA,NA,NA,NA,NA,NA,NA
85,"binary",1,"Purely rule-based","Linear",TRUE,"AUC",0.780679854042635,0,NA,20,0,20,20,0,0,0,0,1,0,1,1
85,"binary",1,"Purely rule-based","Random forest",TRUE,"AUC",0.864717367646117,0.359999999999673,NA,NA,NA,NA,NA,NA,NA,NA,NA,NA,NA,NA,NA
85,"binary",1,"Purely rule-based","RuleFit",TRUE,"AUC",0.876584405607836,13.41,NA,33,33,0,2,27,4,0,0,0.0606060606060606,0.818181818181818,0.878787878787879,2.06060606060606
86,"binary",1,"Purely rule-based","BRP-GABLE full",TRUE,"AUC",0.863910449676054,197.17,NA,22,22,0,11,11,0,0,0,0.5,0.5,1,1.5
86,"binary",1,"Purely rule-based","BRP-GABLE rule-only",TRUE,"AUC",0.863188786965168,196.52,NA,23,23,0,12,11,0,0,0,0.521739130434783,0.478260869565217,1,1.47826086956522
86,"binary",1,"Purely rule-based","GABLE",TRUE,"AUC",0.816256655333889,4.61999999999989,NA,5,5,0,4,1,0,0,0,0.8,0.2,1,1.2
86,"binary",1,"Purely rule-based","GBM",TRUE,"AUC",0.850375264609661,0.0499999999999998,NA,NA,NA,NA,NA,NA,NA,NA,NA,NA,NA,NA,NA
86,"binary",1,"Purely rule-based","Linear",TRUE,"AUC",0.765571877606004,0.0199999999999818,NA,20,0,20,20,0,0,0,0,1,0,1,1
86,"binary",1,"Purely rule-based","Random forest",TRUE,"AUC",0.832846879209699,0.329999999999927,NA,NA,NA,NA,NA,NA,NA,NA,NA,NA,NA,NA,NA
86,"binary",1,"Purely rule-based","RuleFit",TRUE,"AUC",0.843808133940599,14.81,NA,39,39,0,0,36,3,0,0,0,0.923076923076923,0.923076923076923,2.07692307692308
87,"binary",1,"Purely rule-based","BRP-GABLE full",TRUE,"AUC",0.86756,184.73,NA,21,21,0,6,15,0,0,0,0.285714285714286,0.714285714285714,1,1.71428571428571
87,"binary",1,"Purely rule-based","BRP-GABLE rule-only",TRUE,"AUC",0.868768,184.52,NA,21,21,0,6,15,0,0,0,0.285714285714286,0.714285714285714,1,1.71428571428571
87,"binary",1,"Purely rule-based","GABLE",TRUE,"AUC",0.860208,4.26000000000022,NA,5,5,0,4,1,0,0,0,0.8,0.2,1,1.2
87,"binary",1,"Purely rule-based","GBM",TRUE,"AUC",0.859264,0.0500000000000003,NA,NA,NA,NA,NA,NA,NA,NA,NA,NA,NA,NA,NA
87,"binary",1,"Purely rule-based","Linear",TRUE,"AUC",0.798384,0,NA,20,0,20,20,0,0,0,0,1,0,1,1
87,"binary",1,"Purely rule-based","Random forest",TRUE,"AUC",0.845712,0.349999999999909,NA,NA,NA,NA,NA,NA,NA,NA,NA,NA,NA,NA,NA
87,"binary",1,"Purely rule-based","RuleFit",TRUE,"AUC",0.869112,16.25,NA,45,45,0,1,32,12,0,0,0.0222222222222222,0.711111111111111,0.733333333333333,2.24444444444444
88,"binary",1,"Purely rule-based","BRP-GABLE full",TRUE,"AUC",0.859871794871795,190.54,NA,36,35,1,10,26,0,0,0,0.277777777777778,0.722222222222222,1,1.72222222222222
88,"binary",1,"Purely rule-based","BRP-GABLE rule-only",TRUE,"AUC",0.856602564102564,181.94,NA,37,37,0,11,26,0,0,0,0.297297297297297,0.702702702702703,1,1.7027027027027
88,"binary",1,"Purely rule-based","GABLE",TRUE,"AUC",0.842483974358974,3.95000000000027,NA,5,5,0,4,1,0,0,0,0.8,0.2,1,1.2
88,"binary",1,"Purely rule-based","GBM",TRUE,"AUC",0.843685897435897,0.0299999999999998,NA,NA,NA,NA,NA,NA,NA,NA,NA,NA,NA,NA,NA
88,"binary",1,"Purely rule-based","Linear",TRUE,"AUC",0.786570512820513,0.0100000000002183,NA,20,0,20,20,0,0,0,0,1,0,1,1
88,"binary",1,"Purely rule-based","Random forest",TRUE,"AUC",0.846049679487179,0.360000000000127,NA,NA,NA,NA,NA,NA,NA,NA,NA,NA,NA,NA,NA
88,"binary",1,"Purely rule-based","RuleFit",TRUE,"AUC",0.858461538461538,14.55,NA,34,34,0,1,19,14,0,0,0.0294117647058824,0.558823529411765,0.588235294117647,2.38235294117647
89,"binary",1,"Purely rule-based","BRP-GABLE full",TRUE,"AUC",0.855619531652084,185.2,NA,28,26,2,13,15,0,0,0,0.464285714285714,0.535714285714286,1,1.53571428571429
89,"binary",1,"Purely rule-based","BRP-GABLE rule-only",TRUE,"AUC",0.855868823983531,185.46,NA,27,27,0,12,15,0,0,0,0.444444444444444,0.555555555555556,1,1.55555555555556
89,"binary",1,"Purely rule-based","GABLE",TRUE,"AUC",0.845663921770458,4.32999999999993,NA,5,5,0,5,0,0,0,0,1,0,1,1
89,"binary",1,"Purely rule-based","GBM",TRUE,"AUC",0.848575012866701,0.04,NA,NA,NA,NA,NA,NA,NA,NA,NA,NA,NA,NA,NA
89,"binary",1,"Purely rule-based","Linear",TRUE,"AUC",0.781587750900669,0.0100000000002183,NA,20,0,20,20,0,0,0,0,1,0,1,1
89,"binary",1,"Purely rule-based","Random forest",TRUE,"AUC",0.840131240349974,0.389999999999873,NA,NA,NA,NA,NA,NA,NA,NA,NA,NA,NA,NA,NA
89,"binary",1,"Purely rule-based","RuleFit",TRUE,"AUC",0.857662120432321,14.58,NA,36,36,0,2,26,8,0,0,0.0555555555555556,0.722222222222222,0.777777777777778,2.16666666666667
90,"binary",1,"Purely rule-based","BRP-GABLE full",TRUE,"AUC",0.873531156318633,186.86,NA,29,28,1,12,17,0,0,0,0.413793103448276,0.586206896551724,1,1.58620689655172
90,"binary",1,"Purely rule-based","BRP-GABLE rule-only",TRUE,"AUC",0.874236521906411,186.7,NA,31,31,0,14,17,0,0,0,0.451612903225806,0.548387096774194,1,1.54838709677419
90,"binary",1,"Purely rule-based","GABLE",TRUE,"AUC",0.835016592122349,4.1299999999992,NA,5,5,0,4,1,0,0,0,0.8,0.2,1,1.2
90,"binary",1,"Purely rule-based","GBM",TRUE,"AUC",0.858494044470094,0.0500000000000003,NA,NA,NA,NA,NA,NA,NA,NA,NA,NA,NA,NA,NA
90,"binary",1,"Purely rule-based","Linear",TRUE,"AUC",0.787236089068436,0,NA,20,0,20,20,0,0,0,0,1,0,1,1
90,"binary",1,"Purely rule-based","Random forest",TRUE,"AUC",0.836876192308309,0.350000000000364,NA,NA,NA,NA,NA,NA,NA,NA,NA,NA,NA,NA,NA
90,"binary",1,"Purely rule-based","RuleFit",TRUE,"AUC",0.871879959601789,16.86,NA,39,39,0,0,31,8,0,0,0,0.794871794871795,0.794871794871795,2.20512820512821
91,"binary",1,"Purely rule-based","BRP-GABLE full",TRUE,"AUC",0.866667200307377,167.820000000001,NA,20,20,0,3,17,0,0,0,0.15,0.85,1,1.85
91,"binary",1,"Purely rule-based","BRP-GABLE rule-only",TRUE,"AUC",0.869837026127049,166.13,NA,23,23,0,5,18,0,0,0,0.217391304347826,0.782608695652174,1,1.78260869565217
91,"binary",1,"Purely rule-based","GABLE",TRUE,"AUC",0.854268058401639,3.73999999999978,NA,5,5,0,4,1,0,0,0,0.8,0.2,1,1.2
91,"binary",1,"Purely rule-based","GBM",TRUE,"AUC",0.874967981557377,0.0300000000000002,NA,NA,NA,NA,NA,NA,NA,NA,NA,NA,NA,NA,NA
91,"binary",1,"Purely rule-based","Linear",TRUE,"AUC",0.793977330942623,0,NA,20,0,20,20,0,0,0,0,1,0,1,1
91,"binary",1,"Purely rule-based","Random forest",TRUE,"AUC",0.855604828381148,0.340000000000146,NA,NA,NA,NA,NA,NA,NA,NA,NA,NA,NA,NA,NA
91,"binary",1,"Purely rule-based","RuleFit",TRUE,"AUC",0.875136078381148,15.25,NA,35,35,0,0,29,6,0,0,0,0.828571428571429,0.828571428571429,2.17142857142857
92,"binary",1,"Purely rule-based","BRP-GABLE full",TRUE,"AUC",0.878506176016469,176.73,NA,24,23,1,9,15,0,0,0,0.375,0.625,1,1.625
92,"binary",1,"Purely rule-based","BRP-GABLE rule-only",TRUE,"AUC",0.87981697117859,176.47,NA,25,25,0,10,15,0,0,0,0.4,0.6,1,1.6
92,"binary",1,"Purely rule-based","GABLE",TRUE,"AUC",0.841474202264539,4,NA,5,5,0,3,2,0,0,0,0.6,0.4,1,1.4
92,"binary",1,"Purely rule-based","GBM",TRUE,"AUC",0.887689783839424,0.0300000000000002,NA,NA,NA,NA,NA,NA,NA,NA,NA,NA,NA,NA,NA
92,"binary",1,"Purely rule-based","Linear",TRUE,"AUC",0.79384328358209,0,NA,20,0,20,20,0,0,0,0,1,0,1,1
92,"binary",1,"Purely rule-based","Random forest",TRUE,"AUC",0.866660769428719,0.349999999999454,NA,NA,NA,NA,NA,NA,NA,NA,NA,NA,NA,NA,NA
92,"binary",1,"Purely rule-based","RuleFit",TRUE,"AUC",0.871871783324756,17.39,NA,39,39,0,0,32,7,0,0,0,0.82051282051282,0.82051282051282,2.17948717948718
93,"binary",1,"Purely rule-based","BRP-GABLE full",TRUE,"AUC",0.883902142434279,162.6,NA,38,36,2,14,24,0,0,0,0.368421052631579,0.631578947368421,1,1.63157894736842
93,"binary",1,"Purely rule-based","BRP-GABLE rule-only",TRUE,"AUC",0.883550136802189,162.61,NA,31,31,0,9,22,0,0,0,0.290322580645161,0.709677419354839,1,1.70967741935484
93,"binary",1,"Purely rule-based","GABLE",TRUE,"AUC",0.831917310676971,3.40999999999985,NA,5,5,0,3,2,0,0,0,0.6,0.4,1,1.4
93,"binary",1,"Purely rule-based","GBM",TRUE,"AUC",0.863389814237028,0.0600000000000001,NA,NA,NA,NA,NA,NA,NA,NA,NA,NA,NA,NA,NA
93,"binary",1,"Purely rule-based","Linear",TRUE,"AUC",0.802140834253348,0,NA,20,0,20,20,0,0,0,0,1,0,1,1
93,"binary",1,"Purely rule-based","Random forest",TRUE,"AUC",0.872869965919455,0.369999999999891,NA,NA,NA,NA,NA,NA,NA,NA,NA,NA,NA,NA,NA
93,"binary",1,"Purely rule-based","RuleFit",TRUE,"AUC",0.873733979743676,15.44,NA,27,27,0,0,20,7,0,0,0,0.740740740740741,0.740740740740741,2.25925925925926
94,"binary",1,"Purely rule-based","BRP-GABLE full",TRUE,"AUC",0.858131681710518,183.43,NA,27,26,1,15,12,0,0,0,0.555555555555556,0.444444444444444,1,1.44444444444444
94,"binary",1,"Purely rule-based","BRP-GABLE rule-only",TRUE,"AUC",0.85831572882658,182.990000000001,NA,25,25,0,13,12,0,0,0,0.52,0.48,1,1.48
94,"binary",1,"Purely rule-based","GABLE",TRUE,"AUC",0.82057006593688,3.6299999999992,NA,5,5,0,4,1,0,0,0,0.8,0.2,1,1.2
94,"binary",1,"Purely rule-based","GBM",TRUE,"AUC",0.831540874463863,0.04,NA,NA,NA,NA,NA,NA,NA,NA,NA,NA,NA,NA,NA
94,"binary",1,"Purely rule-based","Linear",TRUE,"AUC",0.787417578900198,0,NA,20,0,20,20,0,0,0,0,1,0,1,1
94,"binary",1,"Purely rule-based","Random forest",TRUE,"AUC",0.837174316625056,0.320000000000618,NA,NA,NA,NA,NA,NA,NA,NA,NA,NA,NA,NA,NA
94,"binary",1,"Purely rule-based","RuleFit",TRUE,"AUC",0.850721784776903,16.24,NA,35,35,0,1,25,9,0,0,0.0285714285714286,0.714285714285714,0.742857142857143,2.22857142857143
95,"binary",1,"Purely rule-based","BRP-GABLE full",TRUE,"AUC",0.877614041824669,176.030000000001,NA,39,38,1,25,14,0,0,0,0.641025641025641,0.358974358974359,1,1.35897435897436
95,"binary",1,"Purely rule-based","BRP-GABLE rule-only",TRUE,"AUC",0.874981999711995,174.87,NA,34,34,0,20,14,0,0,0,0.588235294117647,0.411764705882353,1,1.41176470588235
95,"binary",1,"Purely rule-based","GABLE",TRUE,"AUC",0.855197683162931,3.02999999999975,NA,5,5,0,3,2,0,0,0,0.6,0.4,1,1.4
95,"binary",1,"Purely rule-based","GBM",TRUE,"AUC",0.871773948383174,0.04,NA,NA,NA,NA,NA,NA,NA,NA,NA,NA,NA,NA,NA
95,"binary",1,"Purely rule-based","Linear",TRUE,"AUC",0.807820925134802,0.00999999999930878,NA,20,0,20,20,0,0,0,0,1,0,1,1
95,"binary",1,"Purely rule-based","Random forest",TRUE,"AUC",0.869621913950623,0.350000000000364,NA,NA,NA,NA,NA,NA,NA,NA,NA,NA,NA,NA,NA
95,"binary",1,"Purely rule-based","RuleFit",TRUE,"AUC",0.883486135778172,16.13,NA,38,38,0,1,28,9,0,0,0.0263157894736842,0.736842105263158,0.763157894736842,2.21052631578947
96,"binary",1,"Purely rule-based","BRP-GABLE full",TRUE,"AUC",0.888535185066393,176.47,NA,34,34,0,15,19,0,0,0,0.441176470588235,0.558823529411765,1,1.55882352941176
96,"binary",1,"Purely rule-based","BRP-GABLE rule-only",TRUE,"AUC",0.89310571556867,175.500000000001,NA,44,44,0,23,21,0,0,0,0.522727272727273,0.477272727272727,1,1.47727272727273
96,"binary",1,"Purely rule-based","GABLE",TRUE,"AUC",0.874943870678042,3.71000000000004,NA,5,5,0,4,1,0,0,0,0.8,0.2,1,1.2
96,"binary",1,"Purely rule-based","GBM",TRUE,"AUC",0.865882994419142,0.0499999999999998,NA,NA,NA,NA,NA,NA,NA,NA,NA,NA,NA,NA,NA
96,"binary",1,"Purely rule-based","Linear",TRUE,"AUC",0.803531336198602,0.0200000000004366,NA,20,0,20,20,0,0,0,0,1,0,1,1
96,"binary",1,"Purely rule-based","Random forest",TRUE,"AUC",0.863661876964526,0.380000000000109,NA,NA,NA,NA,NA,NA,NA,NA,NA,NA,NA,NA,NA
96,"binary",1,"Purely rule-based","RuleFit",TRUE,"AUC",0.885239592020014,15.91,NA,30,30,0,2,27,1,0,0,0.0666666666666667,0.9,0.966666666666667,1.96666666666667
97,"binary",1,"Purely rule-based","BRP-GABLE full",TRUE,"AUC",0.890383752963034,185.389999999999,NA,32,32,0,17,15,0,0,0,0.53125,0.46875,1,1.46875
97,"binary",1,"Purely rule-based","BRP-GABLE rule-only",TRUE,"AUC",0.890391761163431,184.38,NA,32,32,0,17,15,0,0,0,0.53125,0.46875,1,1.46875
97,"binary",1,"Purely rule-based","GABLE",TRUE,"AUC",0.862371067973605,4.01999999999953,NA,5,5,0,4,1,0,0,0,0.8,0.2,1,1.2
97,"binary",1,"Purely rule-based","GBM",TRUE,"AUC",0.876769812287783,0.0499999999999998,NA,NA,NA,NA,NA,NA,NA,NA,NA,NA,NA,NA,NA
97,"binary",1,"Purely rule-based","Linear",TRUE,"AUC",0.801973220577872,0,NA,20,0,20,20,0,0,0,0,1,0,1,1
97,"binary",1,"Purely rule-based","Random forest",TRUE,"AUC",0.87534435261708,0.360000000000582,NA,NA,NA,NA,NA,NA,NA,NA,NA,NA,NA,NA,NA
97,"binary",1,"Purely rule-based","RuleFit",TRUE,"AUC",0.88291210199244,15.47,NA,40,40,0,2,31,7,0,0,0.05,0.775,0.825,2.125
98,"binary",1,"Purely rule-based","BRP-GABLE full",TRUE,"AUC",0.879490345756623,174.11,NA,27,27,0,9,18,0,0,0,0.333333333333333,0.666666666666667,1,1.66666666666667
98,"binary",1,"Purely rule-based","BRP-GABLE rule-only",TRUE,"AUC",0.879490345756623,172.389999999999,NA,27,27,0,9,18,0,0,0,0.333333333333333,0.666666666666667,1,1.66666666666667
98,"binary",1,"Purely rule-based","GABLE",TRUE,"AUC",0.860558727307717,4.01999999999953,NA,5,5,0,4,1,0,0,0,0.8,0.2,1,1.2
98,"binary",1,"Purely rule-based","GBM",TRUE,"AUC",0.854817499518892,0.0300000000000002,NA,NA,NA,NA,NA,NA,NA,NA,NA,NA,NA,NA,NA
98,"binary",1,"Purely rule-based","Linear",TRUE,"AUC",0.809272563987427,0.0200000000004366,NA,20,0,20,20,0,0,0,0,1,0,1,1
98,"binary",1,"Purely rule-based","Random forest",TRUE,"AUC",0.855948104432613,0.329999999999927,NA,NA,NA,NA,NA,NA,NA,NA,NA,NA,NA,NA,NA
98,"binary",1,"Purely rule-based","RuleFit",TRUE,"AUC",0.86916255051639,15.94,NA,30,30,0,0,26,4,0,0,0,0.866666666666667,0.866666666666667,2.13333333333333
99,"binary",1,"Purely rule-based","BRP-GABLE full",TRUE,"AUC",0.894391025641026,168.98,NA,32,32,0,13,19,0,0,0,0.40625,0.59375,1,1.59375
99,"binary",1,"Purely rule-based","BRP-GABLE rule-only",TRUE,"AUC",0.894391025641026,168.07,NA,32,32,0,13,19,0,0,0,0.40625,0.59375,1,1.59375
99,"binary",1,"Purely rule-based","GABLE",TRUE,"AUC",0.838701923076923,2.75,NA,5,5,0,3,2,0,0,0,0.6,0.4,1,1.4
99,"binary",1,"Purely rule-based","GBM",TRUE,"AUC",0.861185897435897,0.04,NA,NA,NA,NA,NA,NA,NA,NA,NA,NA,NA,NA,NA
99,"binary",1,"Purely rule-based","Linear",TRUE,"AUC",0.788429487179487,0.0199999999995271,NA,20,0,20,20,0,0,0,0,1,0,1,1
99,"binary",1,"Purely rule-based","Random forest",TRUE,"AUC",0.864863782051282,0.279999999999745,NA,NA,NA,NA,NA,NA,NA,NA,NA,NA,NA,NA,NA
99,"binary",1,"Purely rule-based","RuleFit",TRUE,"AUC",0.870841346153846,16.05,NA,36,36,0,0,22,14,0,0,0,0.611111111111111,0.611111111111111,2.38888888888889
100,"binary",1,"Purely rule-based","BRP-GABLE full",TRUE,"AUC",0.845997591328784,150.169999999999,NA,27,27,0,8,19,0,0,0,0.296296296296296,0.703703703703704,1,1.7037037037037
100,"binary",1,"Purely rule-based","BRP-GABLE rule-only",TRUE,"AUC",0.848181453231634,148.65,NA,27,27,0,8,19,0,0,0,0.296296296296296,0.703703703703704,1,1.7037037037037
100,"binary",1,"Purely rule-based","GABLE",TRUE,"AUC",0.840754716981132,2.43000000000029,NA,5,5,0,4,1,0,0,0,0.8,0.2,1,1.2
100,"binary",1,"Purely rule-based","GBM",TRUE,"AUC",0.846680048173424,0.04,NA,NA,NA,NA,NA,NA,NA,NA,NA,NA,NA,NA,NA
100,"binary",1,"Purely rule-based","Linear",TRUE,"AUC",0.800545965475713,0.00999999999930878,NA,20,0,20,20,0,0,0,0,1,0,1,1
100,"binary",1,"Purely rule-based","Random forest",TRUE,"AUC",0.836041750301084,0.289999999999964,NA,NA,NA,NA,NA,NA,NA,NA,NA,NA,NA,NA,NA
100,"binary",1,"Purely rule-based","RuleFit",TRUE,"AUC",0.858048976314733,14.02,NA,43,43,0,1,30,12,0,0,0.0232558139534884,0.697674418604651,0.720930232558139,2.25581395348837
1,"binary",2,"Purely linear","BRP-GABLE full",TRUE,"AUC",0.871656296106229,176.44,NA,54,49,5,20,34,0,0,0,0.37037037037037,0.62962962962963,1,1.62962962962963
1,"binary",2,"Purely linear","BRP-GABLE rule-only",TRUE,"AUC",0.861103983578164,196.33,NA,50,50,0,15,35,0,0,0,0.3,0.7,1,1.7
1,"binary",2,"Purely linear","GABLE",TRUE,"AUC",0.757385015074732,4.23000000000002,NA,5,5,0,5,0,0,0,0,1,0,1,1
1,"binary",2,"Purely linear","GBM",TRUE,"AUC",0.875200461864135,0.03,NA,NA,NA,NA,NA,NA,NA,NA,NA,NA,NA,NA,NA
1,"binary",2,"Purely linear","Linear",TRUE,"AUC",0.888238501507473,0.0100000000000193,NA,20,0,20,20,0,0,0,0,1,0,1,1
1,"binary",2,"Purely linear","Random forest",TRUE,"AUC",0.857856501379178,0.519999999999982,NA,NA,NA,NA,NA,NA,NA,NA,NA,NA,NA,NA,NA
1,"binary",2,"Purely linear","RuleFit",TRUE,"AUC",0.875360831355443,18.25,NA,41,41,0,0,9,32,0,0,0,0.219512195121951,0.219512195121951,2.78048780487805
2,"binary",2,"Purely linear","BRP-GABLE full",TRUE,"AUC",0.853611680327869,189.94,NA,44,41,3,16,28,0,0,0,0.363636363636364,0.636363636363636,1,1.63636363636364
2,"binary",2,"Purely linear","BRP-GABLE rule-only",TRUE,"AUC",0.852843237704918,190.48,NA,52,52,0,17,35,0,0,0,0.326923076923077,0.673076923076923,1,1.67307692307692
2,"binary",2,"Purely linear","GABLE",TRUE,"AUC",0.718045594262295,4.14000000000001,NA,5,5,0,4,1,0,0,0,0.8,0.2,1,1.2
2,"binary",2,"Purely linear","GBM",TRUE,"AUC",0.864473936987705,0.03,NA,NA,NA,NA,NA,NA,NA,NA,NA,NA,NA,NA,NA
2,"binary",2,"Purely linear","Linear",TRUE,"AUC",0.889296234631148,0.0199999999999818,NA,20,0,20,20,0,0,0,0,1,0,1,1
2,"binary",2,"Purely linear","Random forest",TRUE,"AUC",0.860655737704918,0.47999999999999,NA,NA,NA,NA,NA,NA,NA,NA,NA,NA,NA,NA,NA
2,"binary",2,"Purely linear","RuleFit",TRUE,"AUC",0.855252625512295,19.12,NA,40,40,0,0,4,36,0,0,0,0.1,0.1,2.9
3,"binary",2,"Purely linear","BRP-GABLE full",TRUE,"AUC",0.819528003722064,182.81,NA,48,42,6,15,33,0,0,0,0.3125,0.6875,1,1.6875
3,"binary",2,"Purely linear","BRP-GABLE rule-only",TRUE,"AUC",0.818421010412155,183.76,NA,48,48,0,9,39,0,0,0,0.1875,0.8125,1,1.8125
3,"binary",2,"Purely linear","GABLE",TRUE,"AUC",0.706069211146941,3.62,NA,4,4,0,2,2,0,0,0,0.5,0.5,1,1.5
3,"binary",2,"Purely linear","GBM",TRUE,"AUC",0.824758146026857,0.04,NA,NA,NA,NA,NA,NA,NA,NA,NA,NA,NA,NA,NA
3,"binary",2,"Purely linear","Linear",TRUE,"AUC",0.838635670853989,0.0200000000000102,NA,20,0,20,20,0,0,0,0,1,0,1,1
3,"binary",2,"Purely linear","Random forest",TRUE,"AUC",0.8036370345414,0.449999999999989,NA,NA,NA,NA,NA,NA,NA,NA,NA,NA,NA,NA,NA
3,"binary",2,"Purely linear","RuleFit",TRUE,"AUC",0.813142737963453,19.5,NA,50,50,0,0,13,37,0,0,0,0.26,0.26,2.74
4,"binary",2,"Purely linear","BRP-GABLE full",TRUE,"AUC",0.839510914794187,201.65,NA,41,38,3,18,23,0,0,0,0.439024390243902,0.560975609756098,1,1.5609756097561
4,"binary",2,"Purely linear","BRP-GABLE rule-only",TRUE,"AUC",0.833973497215287,205,NA,42,42,0,18,24,0,0,0,0.428571428571429,0.571428571428571,1,1.57142857142857
4,"binary",2,"Purely linear","GABLE",TRUE,"AUC",0.737908904679598,4.72,NA,5,5,0,5,0,0,0,0,1,0,1,1
4,"binary",2,"Purely linear","GBM",TRUE,"AUC",0.854170667690929,0.0700000000000001,NA,NA,NA,NA,NA,NA,NA,NA,NA,NA,NA,NA,NA
4,"binary",2,"Purely linear","Linear",TRUE,"AUC",0.892628512899302,0.0200000000000102,NA,20,0,20,20,0,0,0,0,1,0,1,1
4,"binary",2,"Purely linear","Random forest",TRUE,"AUC",0.839542922988285,0.460000000000008,NA,NA,NA,NA,NA,NA,NA,NA,NA,NA,NA,NA,NA
4,"binary",2,"Purely linear","RuleFit",TRUE,"AUC",0.846632737980923,19.14,NA,39,39,0,0,8,31,0,0,0,0.205128205128205,0.205128205128205,2.79487179487179
5,"binary",2,"Purely linear","BRP-GABLE full",TRUE,"AUC",0.83530428381687,203.81,NA,39,37,2,7,32,0,0,0,0.179487179487179,0.82051282051282,1,1.82051282051282
5,"binary",2,"Purely linear","BRP-GABLE rule-only",TRUE,"AUC",0.83258389208046,199.01,NA,38,38,0,7,31,0,0,0,0.184210526315789,0.815789473684211,1,1.81578947368421
5,"binary",2,"Purely linear","GABLE",TRUE,"AUC",0.759901425805316,4.09,NA,4,4,0,2,2,0,0,0,0.5,0.5,1,1.5
5,"binary",2,"Purely linear","GBM",TRUE,"AUC",0.850602486758093,0.05,NA,NA,NA,NA,NA,NA,NA,NA,NA,NA,NA,NA,NA
5,"binary",2,"Purely linear","Linear",TRUE,"AUC",0.875214030820438,0.0200000000000102,NA,20,0,20,20,0,0,0,0,1,0,1,1
5,"binary",2,"Purely linear","Random forest",TRUE,"AUC",0.838016674401114,0.460000000000008,NA,NA,NA,NA,NA,NA,NA,NA,NA,NA,NA,NA,NA
5,"binary",2,"Purely linear","RuleFit",TRUE,"AUC",0.849674353106847,18.76,NA,40,40,0,0,13,27,0,0,0,0.325,0.325,2.675
6,"binary",2,"Purely linear","BRP-GABLE full",TRUE,"AUC",0.846617912979469,192.33,NA,44,39,5,12,32,0,0,0,0.272727272727273,0.727272727272727,1,1.72727272727273
6,"binary",2,"Purely linear","BRP-GABLE rule-only",TRUE,"AUC",0.835936374837977,219.52,NA,44,44,0,7,37,0,0,0,0.159090909090909,0.840909090909091,1,1.84090909090909
6,"binary",2,"Purely linear","GABLE",TRUE,"AUC",0.745803395688979,4.56,NA,5,5,0,4,1,0,0,0,0.8,0.2,1,1.2
6,"binary",2,"Purely linear","GBM",TRUE,"AUC",0.849818373845834,0.05,NA,NA,NA,NA,NA,NA,NA,NA,NA,NA,NA,NA,NA
6,"binary",2,"Purely linear","Linear",TRUE,"AUC",0.868989134435359,0.0299999999999727,NA,20,0,20,20,0,0,0,0,1,0,1,1
6,"binary",2,"Purely linear","Random forest",TRUE,"AUC",0.828607319454001,0.359999999999957,NA,NA,NA,NA,NA,NA,NA,NA,NA,NA,NA,NA,NA
6,"binary",2,"Purely linear","RuleFit",TRUE,"AUC",0.828855355171145,19.69,NA,35,35,0,0,7,28,0,0,0,0.2,0.2,2.8
7,"binary",2,"Purely linear","BRP-GABLE full",TRUE,"AUC",0.857142857142857,203.08,NA,41,34,7,15,26,0,0,0,0.365853658536585,0.634146341463415,1,1.63414634146341
7,"binary",2,"Purely linear","BRP-GABLE rule-only",TRUE,"AUC",0.835574229691877,187.31,NA,34,34,0,5,29,0,0,0,0.147058823529412,0.852941176470588,1,1.85294117647059
7,"binary",2,"Purely linear","GABLE",TRUE,"AUC",0.735174069627851,4.19,NA,5,5,0,5,0,0,0,0,1,0,1,1
7,"binary",2,"Purely linear","GBM",TRUE,"AUC",0.867787114845938,0.05,NA,NA,NA,NA,NA,NA,NA,NA,NA,NA,NA,NA,NA
7,"binary",2,"Purely linear","Linear",TRUE,"AUC",0.888035214085634,0.0300000000000296,NA,20,0,20,20,0,0,0,0,1,0,1,1
7,"binary",2,"Purely linear","Random forest",TRUE,"AUC",0.85094037615046,0.349999999999966,NA,NA,NA,NA,NA,NA,NA,NA,NA,NA,NA,NA,NA
7,"binary",2,"Purely linear","RuleFit",TRUE,"AUC",0.882865146058423,20.29,NA,41,41,0,0,16,25,0,0,0,0.390243902439024,0.390243902439024,2.60975609756098
8,"binary",2,"Purely linear","BRP-GABLE full",TRUE,"AUC",0.821283886567069,171.37,NA,53,52,1,6,47,0,0,0,0.113207547169811,0.886792452830189,1,1.88679245283019
8,"binary",2,"Purely linear","BRP-GABLE rule-only",TRUE,"AUC",0.81905013530608,172.38,NA,53,53,0,5,48,0,0,0,0.0943396226415094,0.905660377358491,1,1.90566037735849
8,"binary",2,"Purely linear","GABLE",TRUE,"AUC",0.672631342972891,3.18000000000001,NA,4,4,0,2,2,0,0,0,0.5,0.5,1,1.5
8,"binary",2,"Purely linear","GBM",TRUE,"AUC",0.8251268994892,0.03,NA,NA,NA,NA,NA,NA,NA,NA,NA,NA,NA,NA,NA
8,"binary",2,"Purely linear","Linear",TRUE,"AUC",0.861459384157179,0.0399999999999636,NA,20,0,20,20,0,0,0,0,1,0,1,1
8,"binary",2,"Purely linear","Random forest",TRUE,"AUC",0.808025491985717,0.350000000000023,NA,NA,NA,NA,NA,NA,NA,NA,NA,NA,NA,NA,NA
8,"binary",2,"Purely linear","RuleFit",TRUE,"AUC",0.8102192118621,19.33,NA,40,40,0,0,11,29,0,0,0,0.275,0.275,2.725
9,"binary",2,"Purely linear","BRP-GABLE full",TRUE,"AUC",0.869369585755232,193.41,NA,33,32,1,8,25,0,0,0,0.242424242424242,0.757575757575758,1,1.75757575757576
9,"binary",2,"Purely linear","BRP-GABLE rule-only",TRUE,"AUC",0.868592976893885,206.86,NA,31,31,0,6,25,0,0,0,0.193548387096774,0.806451612903226,1,1.80645161290323
9,"binary",2,"Purely linear","GABLE",TRUE,"AUC",0.800803830202879,3.72000000000003,NA,4,4,0,3,1,0,0,0,0.75,0.25,1,1.25
9,"binary",2,"Purely linear","GBM",TRUE,"AUC",0.868616995724648,0.0700000000000001,NA,NA,NA,NA,NA,NA,NA,NA,NA,NA,NA,NA,NA
9,"binary",2,"Purely linear","Linear",TRUE,"AUC",0.8921554498727,0.0299999999999727,NA,20,0,20,20,0,0,0,0,1,0,1,1
9,"binary",2,"Purely linear","Random forest",TRUE,"AUC",0.861491409264864,0.359999999999957,NA,NA,NA,NA,NA,NA,NA,NA,NA,NA,NA,NA,NA
9,"binary",2,"Purely linear","RuleFit",TRUE,"AUC",0.86435765640262,20.53,NA,46,46,0,0,13,33,0,0,0,0.282608695652174,0.282608695652174,2.71739130434783
10,"binary",2,"Purely linear","BRP-GABLE full",TRUE,"AUC",0.850109742225925,204.54,NA,47,43,4,21,26,0,0,0,0.446808510638298,0.553191489361702,1,1.5531914893617
10,"binary",2,"Purely linear","BRP-GABLE rule-only",TRUE,"AUC",0.845840208910748,195.43,NA,40,40,0,14,26,0,0,0,0.35,0.65,1,1.65
10,"binary",2,"Purely linear","GABLE",TRUE,"AUC",0.758695269068713,4.16000000000003,NA,4,4,0,3,1,0,0,0,0.75,0.25,1,1.25
10,"binary",2,"Purely linear","GBM",TRUE,"AUC",0.865906214453932,0.0499999999999998,NA,NA,NA,NA,NA,NA,NA,NA,NA,NA,NA,NA,NA
10,"binary",2,"Purely linear","Linear",TRUE,"AUC",0.887341995225813,0.00999999999999091,NA,20,0,20,20,0,0,0,0,1,0,1,1
10,"binary",2,"Purely linear","Random forest",TRUE,"AUC",0.852608981239687,0.389999999999986,NA,NA,NA,NA,NA,NA,NA,NA,NA,NA,NA,NA,NA
10,"binary",2,"Purely linear","RuleFit",TRUE,"AUC",0.848643842419776,20.49,NA,48,48,0,0,14,34,0,0,0,0.291666666666667,0.291666666666667,2.70833333333333
11,"binary",2,"Purely linear","BRP-GABLE full",TRUE,"AUC",0.873981983711739,184.06,NA,41,38,3,14,27,0,0,0,0.341463414634146,0.658536585365854,1,1.65853658536585
11,"binary",2,"Purely linear","BRP-GABLE rule-only",TRUE,"AUC",0.870421926750828,203.81,NA,44,44,0,16,28,0,0,0,0.363636363636364,0.636363636363636,1,1.63636363636364
11,"binary",2,"Purely linear","GABLE",TRUE,"AUC",0.775812412998608,4.20000000000005,NA,5,5,0,4,1,0,0,0,0.8,0.2,1,1.2
11,"binary",2,"Purely linear","GBM",TRUE,"AUC",0.860765772252356,0.03,NA,NA,NA,NA,NA,NA,NA,NA,NA,NA,NA,NA,NA
11,"binary",2,"Purely linear","Linear",TRUE,"AUC",0.895870333925343,0.0199999999999818,NA,20,0,20,20,0,0,0,0,1,0,1,1
11,"binary",2,"Purely linear","Random forest",TRUE,"AUC",0.865285844573513,0.330000000000041,NA,NA,NA,NA,NA,NA,NA,NA,NA,NA,NA,NA,NA
11,"binary",2,"Purely linear","RuleFit",TRUE,"AUC",0.862757804124866,21.02,NA,39,39,0,0,14,25,0,0,0,0.358974358974359,0.358974358974359,2.64102564102564
12,"binary",2,"Purely linear","BRP-GABLE full",TRUE,"AUC",0.809992894515858,205.21,NA,41,38,3,17,24,0,0,0,0.414634146341463,0.585365853658537,1,1.58536585365854
12,"binary",2,"Purely linear","BRP-GABLE rule-only",TRUE,"AUC",0.803864414443511,190.79,NA,40,40,0,15,25,0,0,0,0.375,0.625,1,1.625
12,"binary",2,"Purely linear","GABLE",TRUE,"AUC",0.761449518764938,4.28000000000009,NA,5,5,0,5,0,0,0,0,1,0,1,1
12,"binary",2,"Purely linear","GBM",TRUE,"AUC",0.83386086170144,0.05,NA,NA,NA,NA,NA,NA,NA,NA,NA,NA,NA,NA,NA
12,"binary",2,"Purely linear","Linear",TRUE,"AUC",0.87886764420903,0,NA,20,0,20,20,0,0,0,0,1,0,1,1
12,"binary",2,"Purely linear","Random forest",TRUE,"AUC",0.829379562043796,0.339999999999918,NA,NA,NA,NA,NA,NA,NA,NA,NA,NA,NA,NA,NA
12,"binary",2,"Purely linear","RuleFit",TRUE,"AUC",0.820691492797623,20.39,NA,47,47,0,0,26,21,0,0,0,0.553191489361702,0.553191489361702,2.4468085106383
13,"binary",2,"Purely linear","BRP-GABLE full",TRUE,"AUC",0.817652157164869,173.04,NA,37,34,3,9,28,0,0,0,0.243243243243243,0.756756756756757,1,1.75675675675676
13,"binary",2,"Purely linear","BRP-GABLE rule-only",TRUE,"AUC",0.816015023112481,191.54,NA,40,40,0,10,30,0,0,0,0.25,0.75,1,1.75
13,"binary",2,"Purely linear","GABLE",TRUE,"AUC",0.718870377503852,4.17999999999995,NA,5,5,0,5,0,0,0,0,1,0,1,1
13,"binary",2,"Purely linear","GBM",TRUE,"AUC",0.816657036466359,0.04,NA,NA,NA,NA,NA,NA,NA,NA,NA,NA,NA,NA,NA
13,"binary",2,"Purely linear","Linear",TRUE,"AUC",0.850394838212635,0.0199999999999818,NA,20,0,20,20,0,0,0,0,1,0,1,1
13,"binary",2,"Purely linear","Random forest",TRUE,"AUC",0.792565485362096,0.379999999999995,NA,NA,NA,NA,NA,NA,NA,NA,NA,NA,NA,NA,NA
13,"binary",2,"Purely linear","RuleFit",TRUE,"AUC",0.808013931689779,20.87,NA,57,57,0,0,25,32,0,0,0,0.43859649122807,0.43859649122807,2.56140350877193
14,"binary",2,"Purely linear","BRP-GABLE full",TRUE,"AUC",0.852088538663591,168.65,NA,34,31,3,10,24,0,0,0,0.294117647058824,0.705882352941177,1,1.70588235294118
14,"binary",2,"Purely linear","BRP-GABLE rule-only",TRUE,"AUC",0.8489092831059,189.12,NA,46,46,0,19,27,0,0,0,0.41304347826087,0.58695652173913,1,1.58695652173913
14,"binary",2,"Purely linear","GABLE",TRUE,"AUC",0.754340444615286,4.19000000000005,NA,5,5,0,3,2,0,0,0,0.6,0.4,1,1.4
14,"binary",2,"Purely linear","GBM",TRUE,"AUC",0.857630213338459,0.05,NA,NA,NA,NA,NA,NA,NA,NA,NA,NA,NA,NA,NA
14,"binary",2,"Purely linear","Linear",TRUE,"AUC",0.880918060093536,0,NA,20,0,20,20,0,0,0,0,1,0,1,1
14,"binary",2,"Purely linear","Random forest",TRUE,"AUC",0.84870907809597,0.329999999999927,NA,NA,NA,NA,NA,NA,NA,NA,NA,NA,NA,NA,NA
14,"binary",2,"Purely linear","RuleFit",TRUE,"AUC",0.861177846114421,20.5,NA,54,54,0,0,17,37,0,0,0,0.314814814814815,0.314814814814815,2.68518518518519
15,"binary",2,"Purely linear","BRP-GABLE full",TRUE,"AUC",0.855481221222185,182.68,NA,42,37,5,13,29,0,0,0,0.30952380952381,0.69047619047619,1,1.69047619047619
15,"binary",2,"Purely linear","BRP-GABLE rule-only",TRUE,"AUC",0.844427331504388,192.68,NA,46,46,0,13,33,0,0,0,0.282608695652174,0.717391304347826,1,1.71739130434783
15,"binary",2,"Purely linear","GABLE",TRUE,"AUC",0.760889445059441,3.72000000000003,NA,5,5,0,4,1,0,0,0,0.8,0.2,1,1.2
15,"binary",2,"Purely linear","GBM",TRUE,"AUC",0.858786157770612,0.03,NA,NA,NA,NA,NA,NA,NA,NA,NA,NA,NA,NA,NA
15,"binary",2,"Purely linear","Linear",TRUE,"AUC",0.888113458792575,0.0299999999999727,NA,20,0,20,20,0,0,0,0,1,0,1,1
15,"binary",2,"Purely linear","Random forest",TRUE,"AUC",0.833854743225682,0.379999999999995,NA,NA,NA,NA,NA,NA,NA,NA,NA,NA,NA,NA,NA
15,"binary",2,"Purely linear","RuleFit",TRUE,"AUC",0.85540100431567,19.53,NA,39,39,0,0,10,29,0,0,0,0.256410256410256,0.256410256410256,2.74358974358974
16,"binary",2,"Purely linear","BRP-GABLE full",TRUE,"AUC",0.855651420873693,183.72,NA,46,43,3,17,29,0,0,0,0.369565217391304,0.630434782608696,1,1.6304347826087
16,"binary",2,"Purely linear","BRP-GABLE rule-only",TRUE,"AUC",0.856357046635448,200.34,NA,45,45,0,14,31,0,0,0,0.311111111111111,0.688888888888889,1,1.68888888888889
16,"binary",2,"Purely linear","GABLE",TRUE,"AUC",0.758114696260183,3.83999999999992,NA,4,4,0,3,1,0,0,0,0.75,0.25,1,1.25
16,"binary",2,"Purely linear","GBM",TRUE,"AUC",0.862338828661235,0.04,NA,NA,NA,NA,NA,NA,NA,NA,NA,NA,NA,NA,NA
16,"binary",2,"Purely linear","Linear",TRUE,"AUC",0.889345050997498,0.00999999999999091,NA,20,0,20,20,0,0,0,0,1,0,1,1
16,"binary",2,"Purely linear","Random forest",TRUE,"AUC",0.838307460388736,0.330000000000041,NA,NA,NA,NA,NA,NA,NA,NA,NA,NA,NA,NA,NA
16,"binary",2,"Purely linear","RuleFit",TRUE,"AUC",0.8575036884983,19.72,NA,42,42,0,0,8,34,0,0,0,0.19047619047619,0.19047619047619,2.80952380952381
17,"binary",2,"Purely linear","BRP-GABLE full",TRUE,"AUC",0.878814061024976,168.97,NA,53,47,6,23,30,0,0,0,0.433962264150943,0.566037735849057,1,1.56603773584906
17,"binary",2,"Purely linear","BRP-GABLE rule-only",TRUE,"AUC",0.8781260500168,190.38,NA,53,53,0,22,31,0,0,0,0.415094339622642,0.584905660377358,1,1.58490566037736
17,"binary",2,"Purely linear","GABLE",TRUE,"AUC",0.777596441543065,4.5,NA,5,5,0,5,0,0,0,0,1,0,1,1
17,"binary",2,"Purely linear","GBM",TRUE,"AUC",0.878222051552825,0.05,NA,NA,NA,NA,NA,NA,NA,NA,NA,NA,NA,NA,NA
17,"binary",2,"Purely linear","Linear",TRUE,"AUC",0.896334341349462,0,NA,20,0,20,20,0,0,0,0,1,0,1,1
17,"binary",2,"Purely linear","Random forest",TRUE,"AUC",0.857237715803453,0.360000000000014,NA,NA,NA,NA,NA,NA,NA,NA,NA,NA,NA,NA,NA
17,"binary",2,"Purely linear","RuleFit",TRUE,"AUC",0.880014080225284,20.47,NA,56,56,0,0,22,34,0,0,0,0.392857142857143,0.392857142857143,2.60714285714286
18,"binary",2,"Purely linear","BRP-GABLE full",TRUE,"AUC",0.870144230769231,208.99,NA,41,38,3,14,27,0,0,0,0.341463414634146,0.658536585365854,1,1.65853658536585
18,"binary",2,"Purely linear","BRP-GABLE rule-only",TRUE,"AUC",0.863565705128205,197.28,NA,40,40,0,13,27,0,0,0,0.325,0.675,1,1.675
18,"binary",2,"Purely linear","GABLE",TRUE,"AUC",0.806314102564103,4.19999999999993,NA,5,5,0,5,0,0,0,0,1,0,1,1
18,"binary",2,"Purely linear","GBM",TRUE,"AUC",0.878894230769231,0.03,NA,NA,NA,NA,NA,NA,NA,NA,NA,NA,NA,NA,NA
18,"binary",2,"Purely linear","Linear",TRUE,"AUC",0.895160256410256,0.00999999999999091,NA,20,0,20,20,0,0,0,0,1,0,1,1
18,"binary",2,"Purely linear","Random forest",TRUE,"AUC",0.876065705128205,0.340000000000032,NA,NA,NA,NA,NA,NA,NA,NA,NA,NA,NA,NA,NA
18,"binary",2,"Purely linear","RuleFit",TRUE,"AUC",0.870296474358974,19.8,NA,49,49,0,0,20,29,0,0,0,0.408163265306122,0.408163265306122,2.59183673469388
19,"binary",2,"Purely linear","BRP-GABLE full",TRUE,"AUC",0.870021132172131,174.31,NA,44,40,4,13,31,0,0,0,0.295454545454545,0.704545454545455,1,1.70454545454545
19,"binary",2,"Purely linear","BRP-GABLE rule-only",TRUE,"AUC",0.864441918545082,200.57,NA,43,43,0,10,33,0,0,0,0.232558139534884,0.767441860465116,1,1.76744186046512
19,"binary",2,"Purely linear","GABLE",TRUE,"AUC",0.721751728995902,4.49000000000001,NA,5,5,0,5,0,0,0,0,1,0,1,1
19,"binary",2,"Purely linear","GBM",TRUE,"AUC",0.877913678278688,0.05,NA,NA,NA,NA,NA,NA,NA,NA,NA,NA,NA,NA,NA
19,"binary",2,"Purely linear","Linear",TRUE,"AUC",0.89637231045082,0,NA,20,0,20,20,0,0,0,0,1,0,1,1
19,"binary",2,"Purely linear","Random forest",TRUE,"AUC",0.866715227971312,0.339999999999918,NA,NA,NA,NA,NA,NA,NA,NA,NA,NA,NA,NA,NA
19,"binary",2,"Purely linear","RuleFit",TRUE,"AUC",0.870573450307377,20.19,NA,47,47,0,0,12,35,0,0,0,0.25531914893617,0.25531914893617,2.74468085106383
20,"binary",2,"Purely linear","BRP-GABLE full",TRUE,"AUC",0.819201715639204,172.01,NA,52,48,4,19,33,0,0,0,0.365384615384615,0.634615384615385,1,1.63461538461538
20,"binary",2,"Purely linear","BRP-GABLE rule-only",TRUE,"AUC",0.818057422700211,172.44,NA,50,50,0,17,33,0,0,0,0.34,0.66,1,1.66
20,"binary",2,"Purely linear","GABLE",TRUE,"AUC",0.733403751360348,4.29999999999995,NA,5,5,0,5,0,0,0,0,1,0,1,1
20,"binary",2,"Purely linear","GBM",TRUE,"AUC",0.826435567505281,0.03,NA,NA,NA,NA,NA,NA,NA,NA,NA,NA,NA,NA,NA
20,"binary",2,"Purely linear","Linear",TRUE,"AUC",0.848425196850394,0,NA,20,0,20,20,0,0,0,0,1,0,1,1
20,"binary",2,"Purely linear","Random forest",TRUE,"AUC",0.818121439088407,0.470000000000027,NA,NA,NA,NA,NA,NA,NA,NA,NA,NA,NA,NA,NA
20,"binary",2,"Purely linear","RuleFit",TRUE,"AUC",0.823506817745343,20.59,NA,48,48,0,0,16,32,0,0,0,0.333333333333333,0.333333333333333,2.66666666666667
21,"binary",2,"Purely linear","BRP-GABLE full",TRUE,"AUC",0.841998108337742,174.37,NA,42,41,1,6,36,0,0,0,0.142857142857143,0.857142857142857,1,1.85714285714286
21,"binary",2,"Purely linear","BRP-GABLE rule-only",TRUE,"AUC",0.839128552878373,194.52,NA,47,47,0,5,42,0,0,0,0.106382978723404,0.893617021276596,1,1.8936170212766
21,"binary",2,"Purely linear","GABLE",TRUE,"AUC",0.679860209365331,4.91000000000008,NA,4,4,0,3,1,0,0,0,0.75,0.25,1,1.25
21,"binary",2,"Purely linear","GBM",TRUE,"AUC",0.840218663332211,0.0499999999999998,NA,NA,NA,NA,NA,NA,NA,NA,NA,NA,NA,NA,NA
21,"binary",2,"Purely linear","Linear",TRUE,"AUC",0.871863928565703,0.0199999999999818,NA,20,0,20,20,0,0,0,0,1,0,1,1
21,"binary",2,"Purely linear","Random forest",TRUE,"AUC",0.822143670145401,0.339999999999918,NA,NA,NA,NA,NA,NA,NA,NA,NA,NA,NA,NA,NA
21,"binary",2,"Purely linear","RuleFit",TRUE,"AUC",0.840875935811731,19.58,NA,35,35,0,0,3,32,0,0,0,0.0857142857142857,0.0857142857142857,2.91428571428571
22,"binary",2,"Purely linear","BRP-GABLE full",TRUE,"AUC",0.798631239935588,169.94,NA,29,27,2,3,26,0,0,0,0.103448275862069,0.896551724137931,1,1.89655172413793
22,"binary",2,"Purely linear","BRP-GABLE rule-only",TRUE,"AUC",0.795644122383253,166.16,NA,34,34,0,5,29,0,0,0,0.147058823529412,0.852941176470588,1,1.85294117647059
22,"binary",2,"Purely linear","GABLE",TRUE,"AUC",0.731988727858293,4.16000000000008,NA,5,5,0,5,0,0,0,0,1,0,1,1
22,"binary",2,"Purely linear","GBM",TRUE,"AUC",0.83231884057971,0.0299999999999998,NA,NA,NA,NA,NA,NA,NA,NA,NA,NA,NA,NA,NA
22,"binary",2,"Purely linear","Linear",TRUE,"AUC",0.86914653784219,0.0199999999999818,NA,20,0,20,20,0,0,0,0,1,0,1,1
22,"binary",2,"Purely linear","Random forest",TRUE,"AUC",0.807874396135266,0.480000000000018,NA,NA,NA,NA,NA,NA,NA,NA,NA,NA,NA,NA,NA
22,"binary",2,"Purely linear","RuleFit",TRUE,"AUC",0.818083735909823,19.06,NA,56,56,0,0,32,24,0,0,0,0.571428571428571,0.571428571428571,2.42857142857143
23,"binary",2,"Purely linear","BRP-GABLE full",TRUE,"AUC",0.865436622873694,173.83,NA,37,34,3,7,30,0,0,0,0.189189189189189,0.810810810810811,1,1.81081081081081
23,"binary",2,"Purely linear","BRP-GABLE rule-only",TRUE,"AUC",0.862308172376822,227.26,NA,45,45,0,10,35,0,0,0,0.222222222222222,0.777777777777778,1,1.77777777777778
23,"binary",2,"Purely linear","GABLE",TRUE,"AUC",0.790665855883247,3.35000000000014,NA,4,4,0,3,1,0,0,0,0.75,0.25,1,1.25
23,"binary",2,"Purely linear","GBM",TRUE,"AUC",0.883823270550959,0.0499999999999998,NA,NA,NA,NA,NA,NA,NA,NA,NA,NA,NA,NA,NA
23,"binary",2,"Purely linear","Linear",TRUE,"AUC",0.895953017234482,0.0199999999999818,NA,20,0,20,20,0,0,0,0,1,0,1,1
23,"binary",2,"Purely linear","Random forest",TRUE,"AUC",0.865596645917012,0.309999999999945,NA,NA,NA,NA,NA,NA,NA,NA,NA,NA,NA,NA,NA
23,"binary",2,"Purely linear","RuleFit",TRUE,"AUC",0.877766398361364,18.61,NA,43,43,0,0,18,25,0,0,0,0.418604651162791,0.418604651162791,2.58139534883721
24,"binary",2,"Purely linear","BRP-GABLE full",TRUE,"AUC",0.880424347158218,184.01,NA,39,36,3,13,26,0,0,0,0.333333333333333,0.666666666666667,1,1.66666666666667
24,"binary",2,"Purely linear","BRP-GABLE rule-only",TRUE,"AUC",0.873863927291347,197.5,NA,43,43,0,15,28,0,0,0,0.348837209302326,0.651162790697674,1,1.65116279069767
24,"binary",2,"Purely linear","GABLE",TRUE,"AUC",0.788554467485919,3.77999999999997,NA,5,5,0,5,0,0,0,0,1,0,1,1
24,"binary",2,"Purely linear","GBM",TRUE,"AUC",0.897545442908346,0.0600000000000001,NA,NA,NA,NA,NA,NA,NA,NA,NA,NA,NA,NA,NA
24,"binary",2,"Purely linear","Linear",TRUE,"AUC",0.907738095238095,0.00999999999999091,NA,20,0,20,20,0,0,0,0,1,0,1,1
24,"binary",2,"Purely linear","Random forest",TRUE,"AUC",0.882144457245264,0.3599999999999,NA,NA,NA,NA,NA,NA,NA,NA,NA,NA,NA,NA,NA
24,"binary",2,"Purely linear","RuleFit",TRUE,"AUC",0.875704045058884,19.64,NA,49,49,0,0,7,42,0,0,0,0.142857142857143,0.142857142857143,2.85714285714286
25,"binary",2,"Purely linear","BRP-GABLE full",TRUE,"AUC",0.829639468083404,163.25,NA,38,34,4,5,33,0,0,0,0.131578947368421,0.868421052631579,1,1.86842105263158
25,"binary",2,"Purely linear","BRP-GABLE rule-only",TRUE,"AUC",0.821758333199981,164.81,NA,48,48,0,13,35,0,0,0,0.270833333333333,0.729166666666667,1,1.72916666666667
25,"binary",2,"Purely linear","GABLE",TRUE,"AUC",0.744483205581604,3.70000000000005,NA,4,4,0,2,2,0,0,0,0.5,0.5,1,1.5
25,"binary",2,"Purely linear","GBM",TRUE,"AUC",0.834472163991615,0.0499999999999998,NA,NA,NA,NA,NA,NA,NA,NA,NA,NA,NA,NA,NA
25,"binary",2,"Purely linear","Linear",TRUE,"AUC",0.850234433758461,0.0199999999999818,NA,20,0,20,20,0,0,0,0,1,0,1,1
25,"binary",2,"Purely linear","Random forest",TRUE,"AUC",0.82271847145989,0.3599999999999,NA,NA,NA,NA,NA,NA,NA,NA,NA,NA,NA,NA,NA
25,"binary",2,"Purely linear","RuleFit",TRUE,"AUC",0.826230977260726,18.58,NA,34,34,0,0,4,30,0,0,0,0.117647058823529,0.117647058823529,2.88235294117647
26,"binary",2,"Purely linear","BRP-GABLE full",TRUE,"AUC",0.850400641025641,178.36,NA,50,46,4,19,31,0,0,0,0.38,0.62,1,1.62
26,"binary",2,"Purely linear","BRP-GABLE rule-only",TRUE,"AUC",0.847355769230769,191.44,NA,53,53,0,20,33,0,0,0,0.377358490566038,0.622641509433962,1,1.62264150943396
26,"binary",2,"Purely linear","GABLE",TRUE,"AUC",0.745272435897436,4.47000000000003,NA,5,5,0,4,1,0,0,0,0.8,0.2,1,1.2
26,"binary",2,"Purely linear","GBM",TRUE,"AUC",0.848830128205128,0.0499999999999998,NA,NA,NA,NA,NA,NA,NA,NA,NA,NA,NA,NA,NA
26,"binary",2,"Purely linear","Linear",TRUE,"AUC",0.867916666666667,0,NA,20,0,20,20,0,0,0,0,1,0,1,1
26,"binary",2,"Purely linear","Random forest",TRUE,"AUC",0.851049679487179,0.340000000000146,NA,NA,NA,NA,NA,NA,NA,NA,NA,NA,NA,NA,NA
26,"binary",2,"Purely linear","RuleFit",TRUE,"AUC",0.859823717948718,18.57,NA,54,54,0,0,20,34,0,0,0,0.37037037037037,0.37037037037037,2.62962962962963
27,"binary",2,"Purely linear","BRP-GABLE full",TRUE,"AUC",0.838837685611879,177.63,NA,38,34,4,8,30,0,0,0,0.210526315789474,0.789473684210526,1,1.78947368421053
27,"binary",2,"Purely linear","BRP-GABLE rule-only",TRUE,"AUC",0.830645161290323,207.29,NA,47,47,0,12,35,0,0,0,0.25531914893617,0.74468085106383,1,1.74468085106383
27,"binary",2,"Purely linear","GABLE",TRUE,"AUC",0.726542498719918,4.02999999999997,NA,5,5,0,4,1,0,0,0,0.8,0.2,1,1.2
27,"binary",2,"Purely linear","GBM",TRUE,"AUC",0.842741935483871,0.0499999999999998,NA,NA,NA,NA,NA,NA,NA,NA,NA,NA,NA,NA,NA
27,"binary",2,"Purely linear","Linear",TRUE,"AUC",0.872215821812596,0.0199999999999818,NA,20,0,20,20,0,0,0,0,1,0,1,1
27,"binary",2,"Purely linear","Random forest",TRUE,"AUC",0.834309395801331,0.350000000000136,NA,NA,NA,NA,NA,NA,NA,NA,NA,NA,NA,NA,NA
27,"binary",2,"Purely linear","RuleFit",TRUE,"AUC",0.84834229390681,18.7,NA,55,55,0,0,21,34,0,0,0,0.381818181818182,0.381818181818182,2.61818181818182
28,"binary",2,"Purely linear","BRP-GABLE full",TRUE,"AUC",0.850587442218798,232.04,NA,26,22,4,4,22,0,0,0,0.153846153846154,0.846153846153846,1,1.84615384615385
28,"binary",2,"Purely linear","BRP-GABLE rule-only",TRUE,"AUC",0.846069273240883,190.27,NA,32,32,0,6,26,0,0,0,0.1875,0.8125,1,1.8125
28,"binary",2,"Purely linear","GABLE",TRUE,"AUC",0.779348035439137,4.5300000000002,NA,5,5,0,4,1,0,0,0,0.8,0.2,1,1.2
28,"binary",2,"Purely linear","GBM",TRUE,"AUC",0.849046610169492,0.04,NA,NA,NA,NA,NA,NA,NA,NA,NA,NA,NA,NA,NA
28,"binary",2,"Purely linear","Linear",TRUE,"AUC",0.865594504365691,0,NA,20,0,20,20,0,0,0,0,1,0,1,1
28,"binary",2,"Purely linear","Random forest",TRUE,"AUC",0.849568246019517,0.369999999999891,NA,NA,NA,NA,NA,NA,NA,NA,NA,NA,NA,NA,NA
28,"binary",2,"Purely linear","RuleFit",TRUE,"AUC",0.850202234206471,17.38,NA,53,53,0,0,23,30,0,0,0,0.433962264150943,0.433962264150943,2.56603773584906
29,"binary",2,"Purely linear","BRP-GABLE full",TRUE,"AUC",0.835749951987709,171.81,NA,39,38,1,12,27,0,0,0,0.307692307692308,0.692307692307692,1,1.69230769230769
29,"binary",2,"Purely linear","BRP-GABLE rule-only",TRUE,"AUC",0.834797708213303,185.3,NA,38,38,0,12,26,0,0,0,0.315789473684211,0.684210526315789,1,1.68421052631579
29,"binary",2,"Purely linear","GABLE",TRUE,"AUC",0.728274438256194,3.63999999999987,NA,5,5,0,4,1,0,0,0,0.8,0.2,1,1.2
29,"binary",2,"Purely linear","GBM",TRUE,"AUC",0.850377696690353,0.05,NA,NA,NA,NA,NA,NA,NA,NA,NA,NA,NA,NA,NA
29,"binary",2,"Purely linear","Linear",TRUE,"AUC",0.882305870302798,0.00999999999999091,NA,20,0,20,20,0,0,0,0,1,0,1,1
29,"binary",2,"Purely linear","Random forest",TRUE,"AUC",0.841223353178414,0.360000000000127,NA,NA,NA,NA,NA,NA,NA,NA,NA,NA,NA,NA,NA
29,"binary",2,"Purely linear","RuleFit",TRUE,"AUC",0.853682542730939,17.67,NA,33,33,0,0,8,25,0,0,0,0.242424242424242,0.242424242424242,2.75757575757576
30,"binary",2,"Purely linear","BRP-GABLE full",TRUE,"AUC",0.868253205128205,202.42,NA,30,29,1,1,29,0,0,0,0.0333333333333333,0.966666666666667,1,1.96666666666667
30,"binary",2,"Purely linear","BRP-GABLE rule-only",TRUE,"AUC",0.865272435897436,195.39,NA,32,32,0,2,30,0,0,0,0.0625,0.9375,1,1.9375
30,"binary",2,"Purely linear","GABLE",TRUE,"AUC",0.792395833333333,4.32999999999993,NA,5,5,0,4,1,0,0,0,0.8,0.2,1,1.2
30,"binary",2,"Purely linear","GBM",TRUE,"AUC",0.876009615384615,0.04,NA,NA,NA,NA,NA,NA,NA,NA,NA,NA,NA,NA,NA
30,"binary",2,"Purely linear","Linear",TRUE,"AUC",0.897195512820513,0.0199999999999818,NA,20,0,20,20,0,0,0,0,1,0,1,1
30,"binary",2,"Purely linear","Random forest",TRUE,"AUC",0.868253205128205,0.340000000000146,NA,NA,NA,NA,NA,NA,NA,NA,NA,NA,NA,NA,NA
30,"binary",2,"Purely linear","RuleFit",TRUE,"AUC",0.877564102564103,18.23,NA,48,48,0,0,11,37,0,0,0,0.229166666666667,0.229166666666667,2.77083333333333
31,"binary",2,"Purely linear","BRP-GABLE full",TRUE,"AUC",0.839088,198.34,NA,34,32,2,14,20,0,0,0,0.411764705882353,0.588235294117647,1,1.58823529411765
31,"binary",2,"Purely linear","BRP-GABLE rule-only",TRUE,"AUC",0.829352,219.31,NA,30,30,0,9,21,0,0,0,0.3,0.7,1,1.7
31,"binary",2,"Purely linear","GABLE",TRUE,"AUC",0.766832,4.57000000000016,NA,5,5,0,5,0,0,0,0,1,0,1,1
31,"binary",2,"Purely linear","GBM",TRUE,"AUC",0.863344,0.03,NA,NA,NA,NA,NA,NA,NA,NA,NA,NA,NA,NA,NA
31,"binary",2,"Purely linear","Linear",TRUE,"AUC",0.898288,0.0199999999999818,NA,20,0,20,20,0,0,0,0,1,0,1,1
31,"binary",2,"Purely linear","Random forest",TRUE,"AUC",0.84608,0.3599999999999,NA,NA,NA,NA,NA,NA,NA,NA,NA,NA,NA,NA,NA
31,"binary",2,"Purely linear","RuleFit",TRUE,"AUC",0.853096,19.41,NA,53,53,0,0,17,36,0,0,0,0.320754716981132,0.320754716981132,2.67924528301887
32,"binary",2,"Purely linear","BRP-GABLE full",TRUE,"AUC",0.852386773031395,197.89,NA,41,36,5,16,25,0,0,0,0.390243902439024,0.609756097560976,1,1.60975609756098
32,"binary",2,"Purely linear","BRP-GABLE rule-only",TRUE,"AUC",0.848357887287699,200.36,NA,51,51,0,24,27,0,0,0,0.470588235294118,0.529411764705882,1,1.52941176470588
32,"binary",2,"Purely linear","GABLE",TRUE,"AUC",0.747474909933093,4.3599999999999,NA,5,5,0,5,0,0,0,0,1,0,1,1
32,"binary",2,"Purely linear","GBM",TRUE,"AUC",0.854960113226969,0.0600000000000001,NA,NA,NA,NA,NA,NA,NA,NA,NA,NA,NA,NA,NA
32,"binary",2,"Purely linear","Linear",TRUE,"AUC",0.880034096757591,0,NA,20,0,20,20,0,0,0,0,1,0,1,1
32,"binary",2,"Purely linear","Random forest",TRUE,"AUC",0.846033839423572,0.360000000000127,NA,NA,NA,NA,NA,NA,NA,NA,NA,NA,NA,NA,NA
32,"binary",2,"Purely linear","RuleFit",TRUE,"AUC",0.848261387030365,18.79,NA,35,35,0,0,5,30,0,0,0,0.142857142857143,0.142857142857143,2.85714285714286
33,"binary",2,"Purely linear","BRP-GABLE full",TRUE,"AUC",0.875120123005958,190.53,NA,34,29,5,9,25,0,0,0,0.264705882352941,0.735294117647059,1,1.73529411764706
33,"binary",2,"Purely linear","BRP-GABLE rule-only",TRUE,"AUC",0.865430200525338,191.86,NA,54,54,0,21,33,0,0,0,0.388888888888889,0.611111111111111,1,1.61111111111111
33,"binary",2,"Purely linear","GABLE",TRUE,"AUC",0.776859504132231,4.01999999999998,NA,4,4,0,3,1,0,0,0,0.75,0.25,1,1.25
33,"binary",2,"Purely linear","GBM",TRUE,"AUC",0.879380485617272,0.0499999999999998,NA,NA,NA,NA,NA,NA,NA,NA,NA,NA,NA,NA,NA
33,"binary",2,"Purely linear","Linear",TRUE,"AUC",0.901595233519124,0.00999999999999091,NA,20,0,20,20,0,0,0,0,1,0,1,1
33,"binary",2,"Purely linear","Random forest",TRUE,"AUC",0.862435133576783,0.360000000000127,NA,NA,NA,NA,NA,NA,NA,NA,NA,NA,NA,NA,NA
33,"binary",2,"Purely linear","RuleFit",TRUE,"AUC",0.877186238708437,19.11,NA,62,62,0,0,27,35,0,0,0,0.435483870967742,0.435483870967742,2.56451612903226
34,"binary",2,"Purely linear","BRP-GABLE full",TRUE,"AUC",0.8379108436853,213.91,NA,39,34,5,15,24,0,0,0,0.384615384615385,0.615384615384615,1,1.61538461538462
34,"binary",2,"Purely linear","BRP-GABLE rule-only",TRUE,"AUC",0.829977031573499,203,NA,43,43,0,16,27,0,0,0,0.372093023255814,0.627906976744186,1,1.62790697674419
34,"binary",2,"Purely linear","GABLE",TRUE,"AUC",0.789466873706004,4.70000000000005,NA,5,5,0,5,0,0,0,0,1,0,1,1
34,"binary",2,"Purely linear","GBM",TRUE,"AUC",0.855865036231884,0.0700000000000001,NA,NA,NA,NA,NA,NA,NA,NA,NA,NA,NA,NA,NA
34,"binary",2,"Purely linear","Linear",TRUE,"AUC",0.884591744306418,0.0200000000002092,NA,20,0,20,20,0,0,0,0,1,0,1,1
34,"binary",2,"Purely linear","Random forest",TRUE,"AUC",0.848214285714286,0.3599999999999,NA,NA,NA,NA,NA,NA,NA,NA,NA,NA,NA,NA,NA
34,"binary",2,"Purely linear","RuleFit",TRUE,"AUC",0.84573143115942,19.05,NA,49,49,0,0,13,36,0,0,0,0.26530612244898,0.26530612244898,2.73469387755102
35,"binary",2,"Purely linear","BRP-GABLE full",TRUE,"AUC",0.87753036437247,179.28,NA,37,36,1,3,34,0,0,0,0.0810810810810811,0.918918918918919,1,1.91891891891892
35,"binary",2,"Purely linear","BRP-GABLE rule-only",TRUE,"AUC",0.877345607608765,189.46,NA,36,36,0,1,35,0,0,0,0.0277777777777778,0.972222222222222,1,1.97222222222222
35,"binary",2,"Purely linear","GABLE",TRUE,"AUC",0.76323822376454,3.6400000000001,NA,4,4,0,2,2,0,0,0,0.5,0.5,1,1.5
35,"binary",2,"Purely linear","GBM",TRUE,"AUC",0.882591093117409,0.0499999999999998,NA,NA,NA,NA,NA,NA,NA,NA,NA,NA,NA,NA,NA
35,"binary",2,"Purely linear","Linear",TRUE,"AUC",0.902625152625153,0.0199999999999818,NA,20,0,20,20,0,0,0,0,1,0,1,1
35,"binary",2,"Purely linear","Random forest",TRUE,"AUC",0.864468864468864,0.5,NA,NA,NA,NA,NA,NA,NA,NA,NA,NA,NA,NA,NA
35,"binary",2,"Purely linear","RuleFit",TRUE,"AUC",0.87342555105713,18.4,NA,43,43,0,0,5,38,0,0,0,0.116279069767442,0.116279069767442,2.88372093023256
36,"binary",2,"Purely linear","BRP-GABLE full",TRUE,"AUC",0.835380717172365,187.16,NA,40,36,4,8,32,0,0,0,0.2,0.8,1,1.8
36,"binary",2,"Purely linear","BRP-GABLE rule-only",TRUE,"AUC",0.831772403617936,187.99,NA,40,40,0,6,34,0,0,0,0.15,0.85,1,1.85
36,"binary",2,"Purely linear","GABLE",TRUE,"AUC",0.738212842388864,4.56999999999994,NA,5,5,0,4,1,0,0,0,0.8,0.2,1,1.2
36,"binary",2,"Purely linear","GBM",TRUE,"AUC",0.843094489704279,0.04,NA,NA,NA,NA,NA,NA,NA,NA,NA,NA,NA,NA,NA
36,"binary",2,"Purely linear","Linear",TRUE,"AUC",0.868529091025723,0.0199999999999818,NA,20,0,20,20,0,0,0,0,1,0,1,1
36,"binary",2,"Purely linear","Random forest",TRUE,"AUC",0.847199948681763,0.360000000000127,NA,NA,NA,NA,NA,NA,NA,NA,NA,NA,NA,NA,NA
36,"binary",2,"Purely linear","RuleFit",TRUE,"AUC",0.847472576816986,19.33,NA,60,60,0,0,11,49,0,0,0,0.183333333333333,0.183333333333333,2.81666666666667
37,"binary",2,"Purely linear","BRP-GABLE full",TRUE,"AUC",0.859967948717949,220.08,NA,44,40,4,14,30,0,0,0,0.318181818181818,0.681818181818182,1,1.68181818181818
37,"binary",2,"Purely linear","BRP-GABLE rule-only",TRUE,"AUC",0.854391025641026,202.93,NA,46,46,0,13,33,0,0,0,0.282608695652174,0.717391304347826,1,1.71739130434783
37,"binary",2,"Purely linear","GABLE",TRUE,"AUC",0.738501602564103,4.74000000000001,NA,5,5,0,5,0,0,0,0,1,0,1,1
37,"binary",2,"Purely linear","GBM",TRUE,"AUC",0.870032051282051,0.0600000000000001,NA,NA,NA,NA,NA,NA,NA,NA,NA,NA,NA,NA,NA
37,"binary",2,"Purely linear","Linear",TRUE,"AUC",0.890673076923077,0.0199999999999818,NA,20,0,20,20,0,0,0,0,1,0,1,1
37,"binary",2,"Purely linear","Random forest",TRUE,"AUC",0.868237179487179,0.339999999999918,NA,NA,NA,NA,NA,NA,NA,NA,NA,NA,NA,NA,NA
37,"binary",2,"Purely linear","RuleFit",TRUE,"AUC",0.859615384615385,18.6,NA,52,52,0,0,15,37,0,0,0,0.288461538461538,0.288461538461538,2.71153846153846
38,"binary",2,"Purely linear","BRP-GABLE full",TRUE,"AUC",0.86391356542617,182.02,NA,37,31,6,10,27,0,0,0,0.27027027027027,0.72972972972973,1,1.72972972972973
38,"binary",2,"Purely linear","BRP-GABLE rule-only",TRUE,"AUC",0.860216086434574,198.62,NA,34,34,0,8,26,0,0,0,0.235294117647059,0.764705882352941,1,1.76470588235294
38,"binary",2,"Purely linear","GABLE",TRUE,"AUC",0.800016006402561,4.26999999999998,NA,5,5,0,4,1,0,0,0,0.8,0.2,1,1.2
38,"binary",2,"Purely linear","GBM",TRUE,"AUC",0.879647859143658,0.0300000000000002,NA,NA,NA,NA,NA,NA,NA,NA,NA,NA,NA,NA,NA
38,"binary",2,"Purely linear","Linear",TRUE,"AUC",0.891940776310524,0.00999999999999091,NA,20,0,20,20,0,0,0,0,1,0,1,1
38,"binary",2,"Purely linear","Random forest",TRUE,"AUC",0.865394157663065,0.340000000000146,NA,NA,NA,NA,NA,NA,NA,NA,NA,NA,NA,NA,NA
38,"binary",2,"Purely linear","RuleFit",TRUE,"AUC",0.873357342937175,19.72,NA,43,43,0,0,8,35,0,0,0,0.186046511627907,0.186046511627907,2.81395348837209
39,"binary",2,"Purely linear","BRP-GABLE full",TRUE,"AUC",0.836741551459293,176.33,NA,42,39,3,8,34,0,0,0,0.19047619047619,0.80952380952381,1,1.80952380952381
39,"binary",2,"Purely linear","BRP-GABLE rule-only",TRUE,"AUC",0.831725230414747,178.11,NA,54,54,0,11,43,0,0,0,0.203703703703704,0.796296296296296,1,1.7962962962963
39,"binary",2,"Purely linear","GABLE",TRUE,"AUC",0.748919930875576,4.65999999999985,NA,5,5,0,5,0,0,0,0,1,0,1,1
39,"binary",2,"Purely linear","GBM",TRUE,"AUC",0.845350102406554,0.0600000000000001,NA,NA,NA,NA,NA,NA,NA,NA,NA,NA,NA,NA,NA
39,"binary",2,"Purely linear","Linear",TRUE,"AUC",0.85530273937532,0.0199999999999818,NA,20,0,20,20,0,0,0,0,1,0,1,1
39,"binary",2,"Purely linear","Random forest",TRUE,"AUC",0.8399657578085,0.360000000000127,NA,NA,NA,NA,NA,NA,NA,NA,NA,NA,NA,NA,NA
39,"binary",2,"Purely linear","RuleFit",TRUE,"AUC",0.853542626728111,18.11,NA,48,48,0,0,14,34,0,0,0,0.291666666666667,0.291666666666667,2.70833333333333
40,"binary",2,"Purely linear","BRP-GABLE full",TRUE,"AUC",0.840983291722681,183.23,NA,46,40,6,19,27,0,0,0,0.41304347826087,0.58695652173913,1,1.58695652173913
40,"binary",2,"Purely linear","BRP-GABLE rule-only",TRUE,"AUC",0.835117790154279,202.2,NA,44,44,0,15,29,0,0,0,0.340909090909091,0.659090909090909,1,1.65909090909091
40,"binary",2,"Purely linear","GABLE",TRUE,"AUC",0.750720184367198,4.17000000000007,NA,5,5,0,4,1,0,0,0,0.8,0.2,1,1.2
40,"binary",2,"Purely linear","GBM",TRUE,"AUC",0.855178925805006,0.0500000000000003,NA,NA,NA,NA,NA,NA,NA,NA,NA,NA,NA,NA,NA
40,"binary",2,"Purely linear","Linear",TRUE,"AUC",0.878096792778951,0.0199999999999818,NA,20,0,20,20,0,0,0,0,1,0,1,1
40,"binary",2,"Purely linear","Random forest",TRUE,"AUC",0.843327891940337,0.349999999999909,NA,NA,NA,NA,NA,NA,NA,NA,NA,NA,NA,NA,NA
40,"binary",2,"Purely linear","RuleFit",TRUE,"AUC",0.84653671339863,19.22,NA,49,49,0,0,11,38,0,0,0,0.224489795918367,0.224489795918367,2.77551020408163
41,"binary",2,"Purely linear","BRP-GABLE full",TRUE,"AUC",0.852198540706605,194.14,NA,32,29,3,7,25,0,0,0,0.21875,0.78125,1,1.78125
41,"binary",2,"Purely linear","BRP-GABLE rule-only",TRUE,"AUC",0.837573604710702,176.74,NA,41,41,0,13,28,0,0,0,0.317073170731707,0.682926829268293,1,1.68292682926829
41,"binary",2,"Purely linear","GABLE",TRUE,"AUC",0.758088517665131,3.86000000000013,NA,5,5,0,4,1,0,0,0,0.8,0.2,1,1.2
41,"binary",2,"Purely linear","GBM",TRUE,"AUC",0.850662442396313,0.0300000000000002,NA,NA,NA,NA,NA,NA,NA,NA,NA,NA,NA,NA,NA
41,"binary",2,"Purely linear","Linear",TRUE,"AUC",0.870007680491551,0.0199999999999818,NA,20,0,20,20,0,0,0,0,1,0,1,1
41,"binary",2,"Purely linear","Random forest",TRUE,"AUC",0.849182347670251,0.3599999999999,NA,NA,NA,NA,NA,NA,NA,NA,NA,NA,NA,NA,NA
41,"binary",2,"Purely linear","RuleFit",TRUE,"AUC",0.846790194572453,18.65,NA,63,63,0,1,17,45,0,0,0.0158730158730159,0.26984126984127,0.285714285714286,2.6984126984127
42,"binary",2,"Purely linear","BRP-GABLE full",TRUE,"AUC",0.858190787366263,188.99,NA,47,41,6,16,31,0,0,0,0.340425531914894,0.659574468085106,1,1.65957446808511
42,"binary",2,"Purely linear","BRP-GABLE rule-only",TRUE,"AUC",0.854282785572426,199.06,NA,45,45,0,10,35,0,0,0,0.222222222222222,0.777777777777778,1,1.77777777777778
42,"binary",2,"Purely linear","GABLE",TRUE,"AUC",0.748574540329297,4.54999999999995,NA,5,5,0,4,1,0,0,0,0.8,0.2,1,1.2
42,"binary",2,"Purely linear","GBM",TRUE,"AUC",0.872509449676469,0.0499999999999998,NA,NA,NA,NA,NA,NA,NA,NA,NA,NA,NA,NA,NA
42,"binary",2,"Purely linear","Linear",TRUE,"AUC",0.897366903709398,0,NA,20,0,20,20,0,0,0,0,1,0,1,1
42,"binary",2,"Purely linear","Random forest",TRUE,"AUC",0.855908450253059,0.360000000000127,NA,NA,NA,NA,NA,NA,NA,NA,NA,NA,NA,NA,NA
42,"binary",2,"Purely linear","RuleFit",TRUE,"AUC",0.862675379588699,18.55,NA,44,44,0,0,11,33,0,0,0,0.25,0.25,2.75
43,"binary",2,"Purely linear","BRP-GABLE full",TRUE,"AUC",0.821410281031944,168.45,NA,35,33,2,9,26,0,0,0,0.257142857142857,0.742857142857143,1,1.74285714285714
43,"binary",2,"Purely linear","BRP-GABLE rule-only",TRUE,"AUC",0.821802381409641,186.1,NA,35,35,0,8,27,0,0,0,0.228571428571429,0.771428571428571,1,1.77142857142857
43,"binary",2,"Purely linear","GABLE",TRUE,"AUC",0.729970872543371,3.3599999999999,NA,5,5,0,4,1,0,0,0,0.8,0.2,1,1.2
43,"binary",2,"Purely linear","GBM",TRUE,"AUC",0.858379745214775,0.0299999999999998,NA,NA,NA,NA,NA,NA,NA,NA,NA,NA,NA,NA,NA
43,"binary",2,"Purely linear","Linear",TRUE,"AUC",0.886402919147302,0,NA,20,0,20,20,0,0,0,0,1,0,1,1
43,"binary",2,"Purely linear","Random forest",TRUE,"AUC",0.816905127712694,0.340000000000146,NA,NA,NA,NA,NA,NA,NA,NA,NA,NA,NA,NA,NA
43,"binary",2,"Purely linear","RuleFit",TRUE,"AUC",0.843311887843288,18.13,NA,50,50,0,0,22,28,0,0,0,0.44,0.44,2.56
44,"binary",2,"Purely linear","BRP-GABLE full",TRUE,"AUC",0.84183746939951,184.97,NA,38,32,6,13,25,0,0,0,0.342105263157895,0.657894736842105,1,1.65789473684211
44,"binary",2,"Purely linear","BRP-GABLE rule-only",TRUE,"AUC",0.83418134690155,198.16,NA,46,46,0,18,28,0,0,0,0.391304347826087,0.608695652173913,1,1.60869565217391
44,"binary",2,"Purely linear","GABLE",TRUE,"AUC",0.735691771068337,4.05999999999995,NA,5,5,0,4,1,0,0,0,0.8,0.2,1,1.2
44,"binary",2,"Purely linear","GBM",TRUE,"AUC",0.837341397462359,0.04,NA,NA,NA,NA,NA,NA,NA,NA,NA,NA,NA,NA,NA
44,"binary",2,"Purely linear","Linear",TRUE,"AUC",0.876862029792477,0,NA,20,0,20,20,0,0,0,0,1,0,1,1
44,"binary",2,"Purely linear","Random forest",TRUE,"AUC",0.833109329749276,0.309999999999945,NA,NA,NA,NA,NA,NA,NA,NA,NA,NA,NA,NA,NA
44,"binary",2,"Purely linear","RuleFit",TRUE,"AUC",0.835133362133794,20.28,NA,48,48,0,0,13,35,0,0,0,0.270833333333333,0.270833333333333,2.72916666666667
45,"binary",2,"Purely linear","BRP-GABLE full",TRUE,"AUC",0.877640333311802,188.86,NA,38,33,5,13,25,0,0,0,0.342105263157895,0.657894736842105,1,1.65789473684211
45,"binary",2,"Purely linear","BRP-GABLE rule-only",TRUE,"AUC",0.861434984820102,193.83,NA,47,47,0,21,26,0,0,0,0.446808510638298,0.553191489361702,1,1.5531914893617
45,"binary",2,"Purely linear","GABLE",TRUE,"AUC",0.770064918286932,4.05999999999995,NA,5,5,0,5,0,0,0,0,1,0,1,1
45,"binary",2,"Purely linear","GBM",TRUE,"AUC",0.875637878690007,0.0500000000000003,NA,NA,NA,NA,NA,NA,NA,NA,NA,NA,NA,NA,NA
45,"binary",2,"Purely linear","Linear",TRUE,"AUC",0.901185323945482,0.0100000000002183,NA,20,0,20,20,0,0,0,0,1,0,1,1
45,"binary",2,"Purely linear","Random forest",TRUE,"AUC",0.861386538337317,0.359999999999673,NA,NA,NA,NA,NA,NA,NA,NA,NA,NA,NA,NA,NA
45,"binary",2,"Purely linear","RuleFit",TRUE,"AUC",0.8673939022027,19.31,NA,43,43,0,0,12,31,0,0,0,0.27906976744186,0.27906976744186,2.72093023255814
46,"binary",2,"Purely linear","BRP-GABLE full",TRUE,"AUC",0.837589605734767,176.54,NA,34,30,4,9,25,0,0,0,0.264705882352941,0.735294117647059,1,1.73529411764706
46,"binary",2,"Purely linear","BRP-GABLE rule-only",TRUE,"AUC",0.829477086533538,198.71,NA,47,47,0,13,34,0,0,0,0.276595744680851,0.723404255319149,1,1.72340425531915
46,"binary",2,"Purely linear","GABLE",TRUE,"AUC",0.72987071172555,4.05999999999995,NA,5,5,0,5,0,0,0,0,1,0,1,1
46,"binary",2,"Purely linear","GBM",TRUE,"AUC",0.854182667690732,0.0500000000000003,NA,NA,NA,NA,NA,NA,NA,NA,NA,NA,NA,NA,NA
46,"binary",2,"Purely linear","Linear",TRUE,"AUC",0.879256272401434,0.00999999999976353,NA,20,0,20,20,0,0,0,0,1,0,1,1
46,"binary",2,"Purely linear","Random forest",TRUE,"AUC",0.843269969278034,0.360000000000127,NA,NA,NA,NA,NA,NA,NA,NA,NA,NA,NA,NA,NA
46,"binary",2,"Purely linear","RuleFit",TRUE,"AUC",0.842373911930363,19.06,NA,54,54,0,0,27,27,0,0,0,0.5,0.5,2.5
47,"binary",2,"Purely linear","BRP-GABLE full",TRUE,"AUC",0.833317307692308,163.78,NA,42,40,2,8,34,0,0,0,0.19047619047619,0.80952380952381,1,1.80952380952381
47,"binary",2,"Purely linear","BRP-GABLE rule-only",TRUE,"AUC",0.829719551282051,164.21,NA,46,46,0,13,33,0,0,0,0.282608695652174,0.717391304347826,1,1.71739130434783
47,"binary",2,"Purely linear","GABLE",TRUE,"AUC",0.745721153846154,4.09000000000015,NA,5,5,0,5,0,0,0,0,1,0,1,1
47,"binary",2,"Purely linear","GBM",TRUE,"AUC",0.860560897435897,0.0300000000000002,NA,NA,NA,NA,NA,NA,NA,NA,NA,NA,NA,NA,NA
47,"binary",2,"Purely linear","Linear",TRUE,"AUC",0.873974358974359,0,NA,20,0,20,20,0,0,0,0,1,0,1,1
47,"binary",2,"Purely linear","Random forest",TRUE,"AUC",0.839847756410256,0.359999999999673,NA,NA,NA,NA,NA,NA,NA,NA,NA,NA,NA,NA,NA
47,"binary",2,"Purely linear","RuleFit",TRUE,"AUC",0.83911858974359,18.65,NA,51,51,0,0,17,34,0,0,0,0.333333333333333,0.333333333333333,2.66666666666667
48,"binary",2,"Purely linear","BRP-GABLE full",TRUE,"AUC",0.828984343637094,189.79,NA,32,28,4,11,21,0,0,0,0.34375,0.65625,1,1.65625
48,"binary",2,"Purely linear","BRP-GABLE rule-only",TRUE,"AUC",0.827804094741068,193.52,NA,46,46,0,19,27,0,0,0,0.41304347826087,0.58695652173913,1,1.58695652173913
48,"binary",2,"Purely linear","GABLE",TRUE,"AUC",0.711120032115616,3.48999999999978,NA,5,5,0,4,1,0,0,0,0.8,0.2,1,1.2
48,"binary",2,"Purely linear","GBM",TRUE,"AUC",0.841268566840626,0.04,NA,NA,NA,NA,NA,NA,NA,NA,NA,NA,NA,NA,NA
48,"binary",2,"Purely linear","Linear",TRUE,"AUC",0.87900441589723,0,NA,20,0,20,20,0,0,0,0,1,0,1,1
48,"binary",2,"Purely linear","Random forest",TRUE,"AUC",0.83692492974709,0.320000000000164,NA,NA,NA,NA,NA,NA,NA,NA,NA,NA,NA,NA,NA
48,"binary",2,"Purely linear","RuleFit",TRUE,"AUC",0.836282617422722,18.19,NA,40,40,0,0,10,30,0,0,0,0.25,0.25,2.75
49,"binary",2,"Purely linear","BRP-GABLE full",TRUE,"AUC",0.853051357581967,198.64,NA,32,27,5,11,21,0,0,0,0.34375,0.65625,1,1.65625
49,"binary",2,"Purely linear","BRP-GABLE rule-only",TRUE,"AUC",0.845655097336066,189.15,NA,38,38,0,17,21,0,0,0,0.447368421052632,0.552631578947368,1,1.55263157894737
49,"binary",2,"Purely linear","GABLE",TRUE,"AUC",0.770555840163934,3.25,NA,5,5,0,4,1,0,0,0,0.8,0.2,1,1.2
49,"binary",2,"Purely linear","GBM",TRUE,"AUC",0.85655737704918,0.0499999999999998,NA,NA,NA,NA,NA,NA,NA,NA,NA,NA,NA,NA,NA
49,"binary",2,"Purely linear","Linear",TRUE,"AUC",0.895667904713115,0,NA,20,0,20,20,0,0,0,0,1,0,1,1
49,"binary",2,"Purely linear","Random forest",TRUE,"AUC",0.844246285860656,0.349999999999909,NA,NA,NA,NA,NA,NA,NA,NA,NA,NA,NA,NA,NA
49,"binary",2,"Purely linear","RuleFit",TRUE,"AUC",0.859246926229508,19.27,NA,50,50,0,0,21,29,0,0,0,0.42,0.42,2.58
50,"binary",2,"Purely linear","BRP-GABLE full",TRUE,"AUC",0.848086277521761,197.89,NA,30,25,5,7,23,0,0,0,0.233333333333333,0.766666666666667,1,1.76666666666667
50,"binary",2,"Purely linear","BRP-GABLE rule-only",TRUE,"AUC",0.832709293394777,190.39,NA,22,22,0,0,22,0,0,0,0,1,1,2
50,"binary",2,"Purely linear","GABLE",TRUE,"AUC",0.755328341013825,4.72000000000025,NA,5,5,0,5,0,0,0,0,1,0,1,1
50,"binary",2,"Purely linear","GBM",TRUE,"AUC",0.859943036354327,0.0500000000000003,NA,NA,NA,NA,NA,NA,NA,NA,NA,NA,NA,NA,NA
50,"binary",2,"Purely linear","Linear",TRUE,"AUC",0.889304915514593,0.0199999999999818,NA,20,0,20,20,0,0,0,0,1,0,1,1
50,"binary",2,"Purely linear","Random forest",TRUE,"AUC",0.853582629288274,0.359999999999673,NA,NA,NA,NA,NA,NA,NA,NA,NA,NA,NA,NA,NA
50,"binary",2,"Purely linear","RuleFit",TRUE,"AUC",0.841493855606759,18.97,NA,47,47,0,0,15,32,0,0,0,0.319148936170213,0.319148936170213,2.68085106382979
51,"binary",2,"Purely linear","BRP-GABLE full",TRUE,"AUC",0.827971014492754,172.5,NA,32,27,5,9,23,0,0,0,0.28125,0.71875,1,1.71875
51,"binary",2,"Purely linear","BRP-GABLE rule-only",TRUE,"AUC",0.807592592592593,183.52,NA,43,43,0,14,29,0,0,0,0.325581395348837,0.674418604651163,1,1.67441860465116
51,"binary",2,"Purely linear","GABLE",TRUE,"AUC",0.720837359098229,5.97000000000025,NA,5,5,0,4,1,0,0,0,0.8,0.2,1,1.2
51,"binary",2,"Purely linear","GBM",TRUE,"AUC",0.857278582930757,0.0499999999999998,NA,NA,NA,NA,NA,NA,NA,NA,NA,NA,NA,NA,NA
51,"binary",2,"Purely linear","Linear",TRUE,"AUC",0.887037037037037,0,NA,20,0,20,20,0,0,0,0,1,0,1,1
51,"binary",2,"Purely linear","Random forest",TRUE,"AUC",0.841537842190016,0.329999999999927,NA,NA,NA,NA,NA,NA,NA,NA,NA,NA,NA,NA,NA
51,"binary",2,"Purely linear","RuleFit",TRUE,"AUC",0.835716586151369,19.54,NA,55,55,0,0,17,38,0,0,0,0.309090909090909,0.309090909090909,2.69090909090909
52,"binary",2,"Purely linear","BRP-GABLE full",TRUE,"AUC",0.852266726408603,188.79,NA,39,33,6,18,21,0,0,0,0.461538461538462,0.538461538461538,1,1.53846153846154
52,"binary",2,"Purely linear","BRP-GABLE rule-only",TRUE,"AUC",0.839880942855771,197.69,NA,45,45,0,22,23,0,0,0,0.488888888888889,0.511111111111111,1,1.51111111111111
52,"binary",2,"Purely linear","GABLE",TRUE,"AUC",0.772679265814277,4.42000000000007,NA,5,5,0,5,0,0,0,0,1,0,1,1
52,"binary",2,"Purely linear","GBM",TRUE,"AUC",0.859883823270551,0.0699999999999998,NA,NA,NA,NA,NA,NA,NA,NA,NA,NA,NA,NA,NA
52,"binary",2,"Purely linear","Linear",TRUE,"AUC",0.892320494151158,0,NA,20,0,20,20,0,0,0,0,1,0,1,1
52,"binary",2,"Purely linear","Random forest",TRUE,"AUC",0.85632331055672,0.349999999999909,NA,NA,NA,NA,NA,NA,NA,NA,NA,NA,NA,NA,NA
52,"binary",2,"Purely linear","RuleFit",TRUE,"AUC",0.850898529388232,19.34,NA,55,55,0,0,22,33,0,0,0,0.4,0.4,2.6
53,"binary",2,"Purely linear","BRP-GABLE full",TRUE,"AUC",0.830306233583189,202.12,NA,37,36,1,5,32,0,0,0,0.135135135135135,0.864864864864865,1,1.86486486486486
53,"binary",2,"Purely linear","BRP-GABLE rule-only",TRUE,"AUC",0.830642577999872,186.04,NA,41,41,0,8,33,0,0,0,0.195121951219512,0.804878048780488,1,1.80487804878049
53,"binary",2,"Purely linear","GABLE",TRUE,"AUC",0.749375360369018,3.63999999999987,NA,5,5,0,4,1,0,0,0,0.8,0.2,1,1.2
53,"binary",2,"Purely linear","GBM",TRUE,"AUC",0.846979306810174,0.0699999999999998,NA,NA,NA,NA,NA,NA,NA,NA,NA,NA,NA,NA,NA
53,"binary",2,"Purely linear","Linear",TRUE,"AUC",0.893875328336216,0.0199999999999818,NA,20,0,20,20,0,0,0,0,1,0,1,1
53,"binary",2,"Purely linear","Random forest",TRUE,"AUC",0.835031071817541,0.380000000000109,NA,NA,NA,NA,NA,NA,NA,NA,NA,NA,NA,NA,NA
53,"binary",2,"Purely linear","RuleFit",TRUE,"AUC",0.838018130565699,16.46,NA,38,38,0,0,18,20,0,0,0,0.473684210526316,0.473684210526316,2.52631578947368
54,"binary",2,"Purely linear","BRP-GABLE full",TRUE,"AUC",0.888380412188401,187.28,NA,33,30,3,7,26,0,0,0,0.212121212121212,0.787878787878788,1,1.78787878787879
54,"binary",2,"Purely linear","BRP-GABLE rule-only",TRUE,"AUC",0.883344881483749,190.29,NA,35,35,0,5,30,0,0,0,0.142857142857143,0.857142857142857,1,1.85714285714286
54,"binary",2,"Purely linear","GABLE",TRUE,"AUC",0.812339870123592,4.18000000000029,NA,4,4,0,3,1,0,0,0,0.75,0.25,1,1.25
54,"binary",2,"Purely linear","GBM",TRUE,"AUC",0.898628724278509,0.0600000000000001,NA,NA,NA,NA,NA,NA,NA,NA,NA,NA,NA,NA,NA
54,"binary",2,"Purely linear","Linear",TRUE,"AUC",0.912728210251535,0.00999999999976353,NA,20,0,20,20,0,0,0,0,1,0,1,1
54,"binary",2,"Purely linear","Random forest",TRUE,"AUC",0.887276623857942,0.319999999999709,NA,NA,NA,NA,NA,NA,NA,NA,NA,NA,NA,NA,NA
54,"binary",2,"Purely linear","RuleFit",TRUE,"AUC",0.888493208076186,18.57,NA,39,39,0,0,5,34,0,0,0,0.128205128205128,0.128205128205128,2.87179487179487
55,"binary",2,"Purely linear","BRP-GABLE full",TRUE,"AUC",0.830681891077041,193.78,NA,40,35,5,17,23,0,0,0,0.425,0.575,1,1.575
55,"binary",2,"Purely linear","BRP-GABLE rule-only",TRUE,"AUC",0.820923407530951,183.83,NA,38,38,0,14,24,0,0,0,0.368421052631579,0.631578947368421,1,1.63157894736842
55,"binary",2,"Purely linear","GABLE",TRUE,"AUC",0.745942651869908,4.30000000000018,NA,5,5,0,5,0,0,0,0,1,0,1,1
55,"binary",2,"Purely linear","GBM",TRUE,"AUC",0.843575598178203,0.0499999999999998,NA,NA,NA,NA,NA,NA,NA,NA,NA,NA,NA,NA,NA
55,"binary",2,"Purely linear","Linear",TRUE,"AUC",0.87167233305536,0.0199999999999818,NA,20,0,20,20,0,0,0,0,1,0,1,1
55,"binary",2,"Purely linear","Random forest",TRUE,"AUC",0.825766566168452,0.340000000000146,NA,NA,NA,NA,NA,NA,NA,NA,NA,NA,NA,NA,NA
55,"binary",2,"Purely linear","RuleFit",TRUE,"AUC",0.838451792930913,19.05,NA,47,47,0,0,10,37,0,0,0,0.212765957446809,0.212765957446809,2.78723404255319
56,"binary",2,"Purely linear","BRP-GABLE full",TRUE,"AUC",0.862580262926134,173.55,NA,43,41,2,10,33,0,0,0,0.232558139534884,0.767441860465116,1,1.76744186046512
56,"binary",2,"Purely linear","BRP-GABLE rule-only",TRUE,"AUC",0.857432226865863,181.9,NA,45,45,0,10,35,0,0,0,0.222222222222222,0.777777777777778,1,1.77777777777778
56,"binary",2,"Purely linear","GABLE",TRUE,"AUC",0.770371971625755,4.26999999999998,NA,5,5,0,5,0,0,0,0,1,0,1,1
56,"binary",2,"Purely linear","GBM",TRUE,"AUC",0.864709932587148,0.0299999999999998,NA,NA,NA,NA,NA,NA,NA,NA,NA,NA,NA,NA,NA
56,"binary",2,"Purely linear","Linear",TRUE,"AUC",0.897311492209893,0,NA,20,0,20,20,0,0,0,0,1,0,1,1
56,"binary",2,"Purely linear","Random forest",TRUE,"AUC",0.852476341451698,0.329999999999927,NA,NA,NA,NA,NA,NA,NA,NA,NA,NA,NA,NA,NA
56,"binary",2,"Purely linear","RuleFit",TRUE,"AUC",0.844189844838353,18.11,NA,29,29,0,0,8,21,0,0,0,0.275862068965517,0.275862068965517,2.72413793103448
57,"binary",2,"Purely linear","BRP-GABLE full",TRUE,"AUC",0.858589743589744,172.53,NA,40,37,3,13,27,0,0,0,0.325,0.675,1,1.675
57,"binary",2,"Purely linear","BRP-GABLE rule-only",TRUE,"AUC",0.857411858974359,187.72,NA,40,40,0,12,28,0,0,0,0.3,0.7,1,1.7
57,"binary",2,"Purely linear","GABLE",TRUE,"AUC",0.757435897435897,4.20000000000027,NA,5,5,0,5,0,0,0,0,1,0,1,1
57,"binary",2,"Purely linear","GBM",TRUE,"AUC",0.852099358974359,0.0600000000000001,NA,NA,NA,NA,NA,NA,NA,NA,NA,NA,NA,NA,NA
57,"binary",2,"Purely linear","Linear",TRUE,"AUC",0.871602564102564,0.0199999999999818,NA,20,0,20,20,0,0,0,0,1,0,1,1
57,"binary",2,"Purely linear","Random forest",TRUE,"AUC",0.834599358974359,0.329999999999927,NA,NA,NA,NA,NA,NA,NA,NA,NA,NA,NA,NA,NA
57,"binary",2,"Purely linear","RuleFit",TRUE,"AUC",0.846939102564103,18.14,NA,38,38,0,0,10,28,0,0,0,0.263157894736842,0.263157894736842,2.73684210526316
58,"binary",2,"Purely linear","BRP-GABLE full",TRUE,"AUC",0.869838678701748,200.95,NA,51,50,1,24,27,0,0,0,0.470588235294118,0.529411764705882,1,1.52941176470588
58,"binary",2,"Purely linear","BRP-GABLE rule-only",TRUE,"AUC",0.869510594712246,187.13,NA,52,52,0,25,27,0,0,0,0.480769230769231,0.519230769230769,1,1.51923076923077
58,"binary",2,"Purely linear","GABLE",TRUE,"AUC",0.7652359003905,3.67000000000007,NA,5,5,0,4,1,0,0,0,0.8,0.2,1,1.2
58,"binary",2,"Purely linear","GBM",TRUE,"AUC",0.879249087766468,0.0499999999999998,NA,NA,NA,NA,NA,NA,NA,NA,NA,NA,NA,NA,NA
58,"binary",2,"Purely linear","Linear",TRUE,"AUC",0.911257281864157,0,NA,20,0,20,20,0,0,0,0,1,0,1,1
58,"binary",2,"Purely linear","Random forest",TRUE,"AUC",0.872799436655784,0.359999999999673,NA,NA,NA,NA,NA,NA,NA,NA,NA,NA,NA,NA,NA
58,"binary",2,"Purely linear","RuleFit",TRUE,"AUC",0.863477050124832,17.42,NA,54,54,0,0,23,31,0,0,0,0.425925925925926,0.425925925925926,2.57407407407407
59,"binary",2,"Purely linear","BRP-GABLE full",TRUE,"AUC",0.814500200722601,201.44,NA,40,34,6,16,24,0,0,0,0.4,0.6,1,1.6
59,"binary",2,"Purely linear","BRP-GABLE rule-only",TRUE,"AUC",0.802625451625853,197.34,NA,42,42,0,14,28,0,0,0,0.333333333333333,0.666666666666667,1,1.66666666666667
59,"binary",2,"Purely linear","GABLE",TRUE,"AUC",0.699582496989161,4.21000000000004,NA,5,5,0,4,1,0,0,0,0.8,0.2,1,1.2
59,"binary",2,"Purely linear","GBM",TRUE,"AUC",0.808398233641108,0.04,NA,NA,NA,NA,NA,NA,NA,NA,NA,NA,NA,NA,NA
59,"binary",2,"Purely linear","Linear",TRUE,"AUC",0.857470895222802,0.00999999999976353,NA,20,0,20,20,0,0,0,0,1,0,1,1
59,"binary",2,"Purely linear","Random forest",TRUE,"AUC",0.799919710959454,0.329999999999927,NA,NA,NA,NA,NA,NA,NA,NA,NA,NA,NA,NA,NA
59,"binary",2,"Purely linear","RuleFit",TRUE,"AUC",0.80934564431955,18.82,NA,47,47,0,1,10,36,0,0,0.0212765957446809,0.212765957446809,0.234042553191489,2.74468085106383
60,"binary",2,"Purely linear","BRP-GABLE full",TRUE,"AUC",0.852667136270492,181.22,NA,43,39,4,12,31,0,0,0,0.27906976744186,0.720930232558139,1,1.72093023255814
60,"binary",2,"Purely linear","BRP-GABLE rule-only",TRUE,"AUC",0.848416688012295,190.88,NA,42,42,0,10,32,0,0,0,0.238095238095238,0.761904761904762,1,1.76190476190476
60,"binary",2,"Purely linear","GABLE",TRUE,"AUC",0.753113793545082,4.54999999999973,NA,5,5,0,5,0,0,0,0,1,0,1,1
60,"binary",2,"Purely linear","GBM",TRUE,"AUC",0.858526511270492,0.0499999999999998,NA,NA,NA,NA,NA,NA,NA,NA,NA,NA,NA,NA,NA
60,"binary",2,"Purely linear","Linear",TRUE,"AUC",0.875528304303279,0.0100000000002183,NA,20,0,20,20,0,0,0,0,1,0,1,1
60,"binary",2,"Purely linear","Random forest",TRUE,"AUC",0.838563012295082,0.330000000000382,NA,NA,NA,NA,NA,NA,NA,NA,NA,NA,NA,NA,NA
60,"binary",2,"Purely linear","RuleFit",TRUE,"AUC",0.847536180840164,18.03,NA,39,39,0,0,5,34,0,0,0,0.128205128205128,0.128205128205128,2.87179487179487
61,"binary",2,"Purely linear","BRP-GABLE full",TRUE,"AUC",0.829818577764968,168.75,NA,33,30,3,5,28,0,0,0,0.151515151515152,0.848484848484849,1,1.84848484848485
61,"binary",2,"Purely linear","BRP-GABLE rule-only",TRUE,"AUC",0.829386238811228,168.98,NA,30,30,0,2,28,0,0,0,0.0666666666666667,0.933333333333333,1,1.93333333333333
61,"binary",2,"Purely linear","GABLE",TRUE,"AUC",0.732406206465869,3.94999999999982,NA,5,5,0,5,0,0,0,0,1,0,1,1
61,"binary",2,"Purely linear","GBM",TRUE,"AUC",0.849962370498471,0.0299999999999998,NA,NA,NA,NA,NA,NA,NA,NA,NA,NA,NA,NA,NA
61,"binary",2,"Purely linear","Linear",TRUE,"AUC",0.863412915725929,0,NA,20,0,20,20,0,0,0,0,1,0,1,1
61,"binary",2,"Purely linear","Random forest",TRUE,"AUC",0.832748875118093,0.329999999999927,NA,NA,NA,NA,NA,NA,NA,NA,NA,NA,NA,NA,NA
61,"binary",2,"Purely linear","RuleFit",TRUE,"AUC",0.83909785271653,17.96,NA,44,44,0,1,12,31,0,0,0.0227272727272727,0.272727272727273,0.295454545454545,2.68181818181818
62,"binary",2,"Purely linear","BRP-GABLE full",TRUE,"AUC",0.838189411030577,174.2,NA,49,46,3,15,34,0,0,0,0.306122448979592,0.693877551020408,1,1.69387755102041
62,"binary",2,"Purely linear","BRP-GABLE rule-only",TRUE,"AUC",0.834069345109522,186.34,NA,47,47,0,12,35,0,0,0,0.25531914893617,0.74468085106383,1,1.74468085106383
62,"binary",2,"Purely linear","GABLE",TRUE,"AUC",0.699971199539193,3.82000000000016,NA,5,5,0,4,1,0,0,0,0.8,0.2,1,1.2
62,"binary",2,"Purely linear","GBM",TRUE,"AUC",0.835437366997872,0.0299999999999998,NA,NA,NA,NA,NA,NA,NA,NA,NA,NA,NA,NA,NA
62,"binary",2,"Purely linear","Linear",TRUE,"AUC",0.880910094561513,0,NA,20,0,20,20,0,0,0,0,1,0,1,1
62,"binary",2,"Purely linear","Random forest",TRUE,"AUC",0.835685370965935,0.349999999999909,NA,NA,NA,NA,NA,NA,NA,NA,NA,NA,NA,NA,NA
62,"binary",2,"Purely linear","RuleFit",TRUE,"AUC",0.835533368533897,18.57,NA,46,46,0,0,11,35,0,0,0,0.239130434782609,0.239130434782609,2.76086956521739
63,"binary",2,"Purely linear","BRP-GABLE full",TRUE,"AUC",0.823635109335644,169.09,NA,33,31,2,10,23,0,0,0,0.303030303030303,0.696969696969697,1,1.6969696969697
63,"binary",2,"Purely linear","BRP-GABLE rule-only",TRUE,"AUC",0.817683014872215,180.08,NA,34,34,0,9,25,0,0,0,0.264705882352941,0.735294117647059,1,1.73529411764706
63,"binary",2,"Purely linear","GABLE",TRUE,"AUC",0.692448380420657,3.38999999999987,NA,4,4,0,3,1,0,0,0,0.75,0.25,1,1.25
63,"binary",2,"Purely linear","GBM",TRUE,"AUC",0.831913494088014,0.0499999999999998,NA,NA,NA,NA,NA,NA,NA,NA,NA,NA,NA,NA,NA
63,"binary",2,"Purely linear","Linear",TRUE,"AUC",0.87179734000738,0,NA,20,0,20,20,0,0,0,0,1,0,1,1
63,"binary",2,"Purely linear","Random forest",TRUE,"AUC",0.832298535239287,0.330000000000382,NA,NA,NA,NA,NA,NA,NA,NA,NA,NA,NA,NA,NA
63,"binary",2,"Purely linear","RuleFit",TRUE,"AUC",0.813279106704529,18.44,NA,32,32,0,0,10,22,0,0,0,0.3125,0.3125,2.6875
64,"binary",2,"Purely linear","BRP-GABLE full",TRUE,"AUC",0.847848713391299,175.99,NA,32,28,4,8,24,0,0,0,0.25,0.75,1,1.75
64,"binary",2,"Purely linear","BRP-GABLE rule-only",TRUE,"AUC",0.83837728779363,187.26,NA,35,35,0,8,27,0,0,0,0.228571428571429,0.771428571428571,1,1.77142857142857
64,"binary",2,"Purely linear","GABLE",TRUE,"AUC",0.758971033290099,4.34000000000015,NA,5,5,0,5,0,0,0,0,1,0,1,1
64,"binary",2,"Purely linear","GBM",TRUE,"AUC",0.852396278682487,0.04,NA,NA,NA,NA,NA,NA,NA,NA,NA,NA,NA,NA,NA
64,"binary",2,"Purely linear","Linear",TRUE,"AUC",0.871931594369986,0,NA,20,0,20,20,0,0,0,0,1,0,1,1
64,"binary",2,"Purely linear","Random forest",TRUE,"AUC",0.830499111303262,0.380000000000109,NA,NA,NA,NA,NA,NA,NA,NA,NA,NA,NA,NA,NA
64,"binary",2,"Purely linear","RuleFit",TRUE,"AUC",0.838097068101392,19.03,NA,51,51,0,0,12,39,0,0,0,0.235294117647059,0.235294117647059,2.76470588235294
65,"binary",2,"Purely linear","BRP-GABLE full",TRUE,"AUC",0.845976570001921,172.9,NA,38,34,4,9,29,0,0,0,0.236842105263158,0.763157894736842,1,1.76315789473684
65,"binary",2,"Purely linear","BRP-GABLE rule-only",TRUE,"AUC",0.840423148325971,195.42,NA,30,30,0,3,27,0,0,0,0.1,0.9,1,1.9
65,"binary",2,"Purely linear","GABLE",TRUE,"AUC",0.748767684527239,4.02999999999975,NA,5,5,0,4,1,0,0,0,0.8,0.2,1,1.2
65,"binary",2,"Purely linear","GBM",TRUE,"AUC",0.862012675244863,0.0299999999999998,NA,NA,NA,NA,NA,NA,NA,NA,NA,NA,NA,NA,NA
65,"binary",2,"Purely linear","Linear",TRUE,"AUC",0.871151014659753,0,NA,20,0,20,20,0,0,0,0,1,0,1,1
65,"binary",2,"Purely linear","Random forest",TRUE,"AUC",0.857563536265284,0.340000000000146,NA,NA,NA,NA,NA,NA,NA,NA,NA,NA,NA,NA,NA
65,"binary",2,"Purely linear","RuleFit",TRUE,"AUC",0.858435759554446,18.05,NA,43,43,0,0,15,28,0,0,0,0.348837209302326,0.348837209302326,2.65116279069767
66,"binary",2,"Purely linear","BRP-GABLE full",TRUE,"AUC",0.830525288404614,171.2,NA,42,40,2,13,29,0,0,0,0.30952380952381,0.69047619047619,1,1.69047619047619
66,"binary",2,"Purely linear","BRP-GABLE rule-only",TRUE,"AUC",0.832605321685147,181.05,NA,50,50,0,21,29,0,0,0,0.42,0.58,1,1.58
66,"binary",2,"Purely linear","GABLE",TRUE,"AUC",0.697435158962543,3.87000000000035,NA,5,5,0,5,0,0,0,0,1,0,1,1
66,"binary",2,"Purely linear","GBM",TRUE,"AUC",0.819085105361686,0.0299999999999998,NA,NA,NA,NA,NA,NA,NA,NA,NA,NA,NA,NA,NA
66,"binary",2,"Purely linear","Linear",TRUE,"AUC",0.88414214627434,0.0199999999999818,NA,20,0,20,20,0,0,0,0,1,0,1,1
66,"binary",2,"Purely linear","Random forest",TRUE,"AUC",0.824461191379062,0.359999999999673,NA,NA,NA,NA,NA,NA,NA,NA,NA,NA,NA,NA,NA
66,"binary",2,"Purely linear","RuleFit",TRUE,"AUC",0.833197331157299,18.31,NA,55,55,0,0,18,37,0,0,0,0.327272727272727,0.327272727272727,2.67272727272727
67,"binary",2,"Purely linear","BRP-GABLE full",TRUE,"AUC",0.837351740229438,181.6,NA,37,34,3,7,30,0,0,0,0.189189189189189,0.810810810810811,1,1.81081081081081
67,"binary",2,"Purely linear","BRP-GABLE rule-only",TRUE,"AUC",0.834694406636853,205.329999999999,NA,39,39,0,6,33,0,0,0,0.153846153846154,0.846153846153846,1,1.84615384615385
67,"binary",2,"Purely linear","GABLE",TRUE,"AUC",0.723985676323806,3.59999999999991,NA,5,5,0,4,1,0,0,0,0.8,0.2,1,1.2
67,"binary",2,"Purely linear","GBM",TRUE,"AUC",0.852339749821764,0.0299999999999998,NA,NA,NA,NA,NA,NA,NA,NA,NA,NA,NA,NA,NA
67,"binary",2,"Purely linear","Linear",TRUE,"AUC",0.873468792533541,0.0199999999999818,NA,20,0,20,20,0,0,0,0,1,0,1,1
67,"binary",2,"Purely linear","Random forest",TRUE,"AUC",0.850703221206818,0.360000000000127,NA,NA,NA,NA,NA,NA,NA,NA,NA,NA,NA,NA,NA
67,"binary",2,"Purely linear","RuleFit",TRUE,"AUC",0.851691619677231,19,NA,48,48,0,0,13,35,0,0,0,0.270833333333333,0.270833333333333,2.72916666666667
68,"binary",2,"Purely linear","BRP-GABLE full",TRUE,"AUC",0.869456,199,NA,40,33,7,17,23,0,0,0,0.425,0.575,1,1.575
68,"binary",2,"Purely linear","BRP-GABLE rule-only",TRUE,"AUC",0.850008,186.26,NA,41,41,0,16,25,0,0,0,0.390243902439024,0.609756097560976,1,1.60975609756098
68,"binary",2,"Purely linear","GABLE",TRUE,"AUC",0.788352,3.9699999999998,NA,5,5,0,5,0,0,0,0,1,0,1,1
68,"binary",2,"Purely linear","GBM",TRUE,"AUC",0.868448,0.0499999999999998,NA,NA,NA,NA,NA,NA,NA,NA,NA,NA,NA,NA,NA
68,"binary",2,"Purely linear","Linear",TRUE,"AUC",0.890752,0,NA,20,0,20,20,0,0,0,0,1,0,1,1
68,"binary",2,"Purely linear","Random forest",TRUE,"AUC",0.854,0.349999999999909,NA,NA,NA,NA,NA,NA,NA,NA,NA,NA,NA,NA,NA
68,"binary",2,"Purely linear","RuleFit",TRUE,"AUC",0.867856,19.55,NA,47,47,0,0,8,39,0,0,0,0.170212765957447,0.170212765957447,2.82978723404255
69,"binary",2,"Purely linear","BRP-GABLE full",TRUE,"AUC",0.84517061421116,198.98,NA,40,32,8,19,21,0,0,0,0.475,0.525,1,1.525
69,"binary",2,"Purely linear","BRP-GABLE rule-only",TRUE,"AUC",0.834660778803693,179.96,NA,40,40,0,15,25,0,0,0,0.375,0.625,1,1.625
69,"binary",2,"Purely linear","GABLE",TRUE,"AUC",0.795335206744279,4,NA,5,5,0,5,0,0,0,0,1,0,1,1
69,"binary",2,"Purely linear","GBM",TRUE,"AUC",0.865178643115215,0.0300000000000002,NA,NA,NA,NA,NA,NA,NA,NA,NA,NA,NA,NA,NA
69,"binary",2,"Purely linear","Linear",TRUE,"AUC",0.871087916499398,0,NA,20,0,20,20,0,0,0,0,1,0,1,1
69,"binary",2,"Purely linear","Random forest",TRUE,"AUC",0.847177840224809,0.380000000000109,NA,NA,NA,NA,NA,NA,NA,NA,NA,NA,NA,NA,NA
69,"binary",2,"Purely linear","RuleFit",TRUE,"AUC",0.846182256122039,17.72,NA,55,55,0,0,31,24,0,0,0,0.563636363636364,0.563636363636364,2.43636363636364
70,"binary",2,"Purely linear","BRP-GABLE full",TRUE,"AUC",0.833581814392664,173.34,NA,48,44,4,14,34,0,0,0,0.291666666666667,0.708333333333333,1,1.70833333333333
70,"binary",2,"Purely linear","BRP-GABLE rule-only",TRUE,"AUC",0.821286009714808,203.61,NA,56,56,0,22,34,0,0,0,0.392857142857143,0.607142857142857,1,1.60714285714286
70,"binary",2,"Purely linear","GABLE",TRUE,"AUC",0.74803219032046,3.67000000000007,NA,5,5,0,3,2,0,0,0,0.6,0.4,1,1.4
70,"binary",2,"Purely linear","GBM",TRUE,"AUC",0.836066624985973,0.04,NA,NA,NA,NA,NA,NA,NA,NA,NA,NA,NA,NA,NA
70,"binary",2,"Purely linear","Linear",TRUE,"AUC",0.858798634155725,0.0199999999999818,NA,20,0,20,20,0,0,0,0,1,0,1,1
70,"binary",2,"Purely linear","Random forest",TRUE,"AUC",0.825373923916703,0.359999999999673,NA,NA,NA,NA,NA,NA,NA,NA,NA,NA,NA,NA,NA
70,"binary",2,"Purely linear","RuleFit",TRUE,"AUC",0.831473733147373,18.55,NA,48,48,0,0,13,35,0,0,0,0.270833333333333,0.270833333333333,2.72916666666667
71,"binary",2,"Purely linear","BRP-GABLE full",TRUE,"AUC",0.848288,193.85,NA,44,40,4,12,32,0,0,0,0.272727272727273,0.727272727272727,1,1.72727272727273
71,"binary",2,"Purely linear","BRP-GABLE rule-only",TRUE,"AUC",0.844216,185.9,NA,43,43,0,8,35,0,0,0,0.186046511627907,0.813953488372093,1,1.81395348837209
71,"binary",2,"Purely linear","GABLE",TRUE,"AUC",0.753208,4.5,NA,5,5,0,4,1,0,0,0,0.8,0.2,1,1.2
71,"binary",2,"Purely linear","GBM",TRUE,"AUC",0.855264,0.0300000000000002,NA,NA,NA,NA,NA,NA,NA,NA,NA,NA,NA,NA,NA
71,"binary",2,"Purely linear","Linear",TRUE,"AUC",0.86112,0,NA,20,0,20,20,0,0,0,0,1,0,1,1
71,"binary",2,"Purely linear","Random forest",TRUE,"AUC",0.849656,0.370000000000346,NA,NA,NA,NA,NA,NA,NA,NA,NA,NA,NA,NA,NA
71,"binary",2,"Purely linear","RuleFit",TRUE,"AUC",0.840432,19.13,NA,55,55,0,0,10,45,0,0,0,0.181818181818182,0.181818181818182,2.81818181818182
72,"binary",2,"Purely linear","BRP-GABLE full",TRUE,"AUC",0.856877710043361,201.58,NA,53,48,5,24,29,0,0,0,0.452830188679245,0.547169811320755,1,1.54716981132075
72,"binary",2,"Purely linear","BRP-GABLE rule-only",TRUE,"AUC",0.852845645530328,210.12,NA,58,58,0,28,30,0,0,0,0.482758620689655,0.517241379310345,1,1.51724137931034
72,"binary",2,"Purely linear","GABLE",TRUE,"AUC",0.717947487159795,4.23000000000002,NA,5,5,0,4,1,0,0,0,0.8,0.2,1,1.2
72,"binary",2,"Purely linear","GBM",TRUE,"AUC",0.870573929182867,0.04,NA,NA,NA,NA,NA,NA,NA,NA,NA,NA,NA,NA,NA
72,"binary",2,"Purely linear","Linear",TRUE,"AUC",0.900638410214563,0,NA,20,0,20,20,0,0,0,0,1,0,1,1
72,"binary",2,"Purely linear","Random forest",TRUE,"AUC",0.861253780060481,0.369999999999891,NA,NA,NA,NA,NA,NA,NA,NA,NA,NA,NA,NA,NA
72,"binary",2,"Purely linear","RuleFit",TRUE,"AUC",0.868605897694363,19.7,NA,40,40,0,0,10,30,0,0,0,0.25,0.25,2.75
73,"binary",2,"Purely linear","BRP-GABLE full",TRUE,"AUC",0.888576,207.62,NA,34,32,2,7,27,0,0,0,0.205882352941176,0.794117647058823,1,1.79411764705882
73,"binary",2,"Purely linear","BRP-GABLE rule-only",TRUE,"AUC",0.883704,189.69,NA,38,38,0,10,28,0,0,0,0.263157894736842,0.736842105263158,1,1.73684210526316
73,"binary",2,"Purely linear","GABLE",TRUE,"AUC",0.759888,6.35000000000036,NA,5,5,0,3,2,0,0,0,0.6,0.4,1,1.4
73,"binary",2,"Purely linear","GBM",TRUE,"AUC",0.880608,0.04,NA,NA,NA,NA,NA,NA,NA,NA,NA,NA,NA,NA,NA
73,"binary",2,"Purely linear","Linear",TRUE,"AUC",0.896784,0,NA,20,0,20,20,0,0,0,0,1,0,1,1
73,"binary",2,"Purely linear","Random forest",TRUE,"AUC",0.871888,0.359999999999673,NA,NA,NA,NA,NA,NA,NA,NA,NA,NA,NA,NA,NA
73,"binary",2,"Purely linear","RuleFit",TRUE,"AUC",0.88096,18.59,NA,45,45,0,0,10,35,0,0,0,0.222222222222222,0.222222222222222,2.77777777777778
74,"binary",2,"Purely linear","BRP-GABLE full",TRUE,"AUC",0.828035075906956,168.73,NA,50,48,2,16,34,0,0,0,0.32,0.68,1,1.68
74,"binary",2,"Purely linear","BRP-GABLE rule-only",TRUE,"AUC",0.823378059924013,171.27,NA,46,46,0,13,33,0,0,0,0.282608695652174,0.717391304347826,1,1.71739130434783
74,"binary",2,"Purely linear","GABLE",TRUE,"AUC",0.732506131871303,3.75,NA,4,4,0,3,1,0,0,0,0.75,0.25,1,1.25
74,"binary",2,"Purely linear","GBM",TRUE,"AUC",0.856602382211962,0.0600000000000001,NA,NA,NA,NA,NA,NA,NA,NA,NA,NA,NA,NA,NA
74,"binary",2,"Purely linear","Linear",TRUE,"AUC",0.859984930826079,0.0199999999999818,NA,20,0,20,20,0,0,0,0,1,0,1,1
74,"binary",2,"Purely linear","Random forest",TRUE,"AUC",0.81784735247439,0.340000000000146,NA,NA,NA,NA,NA,NA,NA,NA,NA,NA,NA,NA,NA
74,"binary",2,"Purely linear","RuleFit",TRUE,"AUC",0.839673608105292,18.62,NA,41,41,0,0,5,36,0,0,0,0.121951219512195,0.121951219512195,2.8780487804878
75,"binary",2,"Purely linear","BRP-GABLE full",TRUE,"AUC",0.830935654734282,186.15,NA,31,28,3,7,24,0,0,0,0.225806451612903,0.774193548387097,1,1.7741935483871
75,"binary",2,"Purely linear","BRP-GABLE rule-only",TRUE,"AUC",0.823150533676849,181.9,NA,27,27,0,2,25,0,0,0,0.0740740740740741,0.925925925925926,1,1.92592592592593
75,"binary",2,"Purely linear","GABLE",TRUE,"AUC",0.763021875150022,3.86000000000013,NA,5,5,0,4,1,0,0,0,0.8,0.2,1,1.2
75,"binary",2,"Purely linear","GBM",TRUE,"AUC",0.832647901297787,0.0499999999999998,NA,NA,NA,NA,NA,NA,NA,NA,NA,NA,NA,NA,NA
75,"binary",2,"Purely linear","Linear",TRUE,"AUC",0.862668224224288,0,NA,20,0,20,20,0,0,0,0,1,0,1,1
75,"binary",2,"Purely linear","Random forest",TRUE,"AUC",0.812565009361348,0.369999999999891,NA,NA,NA,NA,NA,NA,NA,NA,NA,NA,NA,NA,NA
75,"binary",2,"Purely linear","RuleFit",TRUE,"AUC",0.825462866652798,16.87,NA,43,43,0,0,16,27,0,0,0,0.372093023255814,0.372093023255814,2.62790697674419
76,"binary",2,"Purely linear","BRP-GABLE full",TRUE,"AUC",0.862728973168215,191.01,NA,42,36,6,13,29,0,0,0,0.30952380952381,0.69047619047619,1,1.69047619047619
76,"binary",2,"Purely linear","BRP-GABLE rule-only",TRUE,"AUC",0.856287087203302,184.76,NA,41,41,0,10,31,0,0,0,0.24390243902439,0.75609756097561,1,1.75609756097561
76,"binary",2,"Purely linear","GABLE",TRUE,"AUC",0.750120936532508,3.55999999999995,NA,4,4,0,3,1,0,0,0,0.75,0.25,1,1.25
76,"binary",2,"Purely linear","GBM",TRUE,"AUC",0.868017930856553,0.0500000000000003,NA,NA,NA,NA,NA,NA,NA,NA,NA,NA,NA,NA,NA
76,"binary",2,"Purely linear","Linear",TRUE,"AUC",0.893237229102167,0,NA,20,0,20,20,0,0,0,0,1,0,1,1
76,"binary",2,"Purely linear","Random forest",TRUE,"AUC",0.856045214138287,0.329999999999927,NA,NA,NA,NA,NA,NA,NA,NA,NA,NA,NA,NA,NA
76,"binary",2,"Purely linear","RuleFit",TRUE,"AUC",0.860664989680083,18.76,NA,50,50,0,0,25,25,0,0,0,0.5,0.5,2.5
77,"binary",2,"Purely linear","BRP-GABLE full",TRUE,"AUC",0.839679871948779,185.75,NA,31,30,1,3,28,0,0,0,0.0967741935483871,0.903225806451613,1,1.90322580645161
77,"binary",2,"Purely linear","BRP-GABLE rule-only",TRUE,"AUC",0.8384393757503,203.25,NA,29,29,0,0,29,0,0,0,0,1,1,2
77,"binary",2,"Purely linear","GABLE",TRUE,"AUC",0.730908363345338,3.75,NA,4,4,0,2,2,0,0,0,0.5,0.5,1,1.5
77,"binary",2,"Purely linear","GBM",TRUE,"AUC",0.837438975590236,0.0300000000000002,NA,NA,NA,NA,NA,NA,NA,NA,NA,NA,NA,NA,NA
77,"binary",2,"Purely linear","Linear",TRUE,"AUC",0.856486594637855,0.0199999999999818,NA,20,0,20,20,0,0,0,0,1,0,1,1
77,"binary",2,"Purely linear","Random forest",TRUE,"AUC",0.818383353341336,0.349999999999909,NA,NA,NA,NA,NA,NA,NA,NA,NA,NA,NA,NA,NA
77,"binary",2,"Purely linear","RuleFit",TRUE,"AUC",0.831988795518207,18.49,NA,45,45,0,0,13,32,0,0,0,0.288888888888889,0.288888888888889,2.71111111111111
78,"binary",2,"Purely linear","BRP-GABLE full",TRUE,"AUC",0.854839743589744,175.99,NA,50,48,2,10,40,0,0,0,0.2,0.8,1,1.8
78,"binary",2,"Purely linear","BRP-GABLE rule-only",TRUE,"AUC",0.850040064102564,175.7,NA,55,55,0,13,42,0,0,0,0.236363636363636,0.763636363636364,1,1.76363636363636
78,"binary",2,"Purely linear","GABLE",TRUE,"AUC",0.76979967948718,4.25,NA,5,5,0,4,1,0,0,0,0.8,0.2,1,1.2
78,"binary",2,"Purely linear","GBM",TRUE,"AUC",0.87213141025641,0.0299999999999998,NA,NA,NA,NA,NA,NA,NA,NA,NA,NA,NA,NA,NA
78,"binary",2,"Purely linear","Linear",TRUE,"AUC",0.893365384615385,0,NA,20,0,20,20,0,0,0,0,1,0,1,1
78,"binary",2,"Purely linear","Random forest",TRUE,"AUC",0.859326923076923,0.349999999999909,NA,NA,NA,NA,NA,NA,NA,NA,NA,NA,NA,NA,NA
78,"binary",2,"Purely linear","RuleFit",TRUE,"AUC",0.851746794871795,17.98,NA,46,46,0,0,8,38,0,0,0,0.173913043478261,0.173913043478261,2.82608695652174
79,"binary",2,"Purely linear","BRP-GABLE full",TRUE,"AUC",0.844321728691477,200.27,NA,34,30,4,8,26,0,0,0,0.235294117647059,0.764705882352941,1,1.76470588235294
79,"binary",2,"Purely linear","BRP-GABLE rule-only",TRUE,"AUC",0.830212084833934,203.53,NA,40,40,0,8,32,0,0,0,0.2,0.8,1,1.8
79,"binary",2,"Purely linear","GABLE",TRUE,"AUC",0.738879551820728,4.38000000000011,NA,4,4,0,3,1,0,0,0,0.75,0.25,1,1.25
79,"binary",2,"Purely linear","GBM",TRUE,"AUC",0.876238495398159,0.0499999999999998,NA,NA,NA,NA,NA,NA,NA,NA,NA,NA,NA,NA,NA
79,"binary",2,"Purely linear","Linear",TRUE,"AUC",0.898695478191276,0.0100000000002183,NA,20,0,20,20,0,0,0,0,1,0,1,1
79,"binary",2,"Purely linear","Random forest",TRUE,"AUC",0.850668267306923,0.360000000000127,NA,NA,NA,NA,NA,NA,NA,NA,NA,NA,NA,NA,NA
79,"binary",2,"Purely linear","RuleFit",TRUE,"AUC",0.868795518207283,17.91,NA,44,44,0,0,16,28,0,0,0,0.363636363636364,0.363636363636364,2.63636363636364
80,"binary",2,"Purely linear","BRP-GABLE full",TRUE,"AUC",0.853845538215286,205.06,NA,48,41,7,19,29,0,0,0,0.395833333333333,0.604166666666667,1,1.60416666666667
80,"binary",2,"Purely linear","BRP-GABLE rule-only",TRUE,"AUC",0.84859543817527,193.5,NA,47,47,0,17,30,0,0,0,0.361702127659574,0.638297872340426,1,1.63829787234043
80,"binary",2,"Purely linear","GABLE",TRUE,"AUC",0.746794717887155,4.30999999999995,NA,5,5,0,5,0,0,0,0,1,0,1,1
80,"binary",2,"Purely linear","GBM",TRUE,"AUC",0.864265706282513,0.0499999999999998,NA,NA,NA,NA,NA,NA,NA,NA,NA,NA,NA,NA,NA
80,"binary",2,"Purely linear","Linear",TRUE,"AUC",0.88499399759904,0,NA,20,0,20,20,0,0,0,0,1,0,1,1
80,"binary",2,"Purely linear","Random forest",TRUE,"AUC",0.854709883953581,0.360000000000127,NA,NA,NA,NA,NA,NA,NA,NA,NA,NA,NA,NA,NA
80,"binary",2,"Purely linear","RuleFit",TRUE,"AUC",0.866394557823129,18.43,NA,67,67,0,0,29,38,0,0,0,0.432835820895522,0.432835820895522,2.56716417910448
81,"binary",2,"Purely linear","BRP-GABLE full",TRUE,"AUC",0.843717981557377,186.11,NA,60,55,5,28,32,0,0,0,0.466666666666667,0.533333333333333,1,1.53333333333333
81,"binary",2,"Purely linear","BRP-GABLE rule-only",TRUE,"AUC",0.837754546618853,206.57,NA,57,57,0,23,34,0,0,0,0.403508771929825,0.596491228070175,1,1.59649122807018
81,"binary",2,"Purely linear","GABLE",TRUE,"AUC",0.746141777663934,4.25,NA,5,5,0,5,0,0,0,0,1,0,1,1
81,"binary",2,"Purely linear","GBM",TRUE,"AUC",0.835713370901639,0.04,NA,NA,NA,NA,NA,NA,NA,NA,NA,NA,NA,NA,NA
81,"binary",2,"Purely linear","Linear",TRUE,"AUC",0.870165215163934,0.0199999999999818,NA,20,0,20,20,0,0,0,0,1,0,1,1
81,"binary",2,"Purely linear","Random forest",TRUE,"AUC",0.850433849897541,0.380000000000109,NA,NA,NA,NA,NA,NA,NA,NA,NA,NA,NA,NA,NA
81,"binary",2,"Purely linear","RuleFit",TRUE,"AUC",0.855965035860656,19.13,NA,48,48,0,0,5,43,0,0,0,0.104166666666667,0.104166666666667,2.89583333333333
82,"binary",2,"Purely linear","BRP-GABLE full",TRUE,"AUC",0.8576,176.43,NA,49,43,6,18,31,0,0,0,0.36734693877551,0.63265306122449,1,1.63265306122449
82,"binary",2,"Purely linear","BRP-GABLE rule-only",TRUE,"AUC",0.85148,180.46,NA,52,52,0,20,32,0,0,0,0.384615384615385,0.615384615384615,1,1.61538461538462
82,"binary",2,"Purely linear","GABLE",TRUE,"AUC",0.753584,3.85999999999967,NA,4,4,0,2,2,0,0,0,0.5,0.5,1,1.5
82,"binary",2,"Purely linear","GBM",TRUE,"AUC",0.875504,0.04,NA,NA,NA,NA,NA,NA,NA,NA,NA,NA,NA,NA,NA
82,"binary",2,"Purely linear","Linear",TRUE,"AUC",0.887184,0,NA,20,0,20,20,0,0,0,0,1,0,1,1
82,"binary",2,"Purely linear","Random forest",TRUE,"AUC",0.859248,0.360000000000127,NA,NA,NA,NA,NA,NA,NA,NA,NA,NA,NA,NA,NA
82,"binary",2,"Purely linear","RuleFit",TRUE,"AUC",0.864664,19.16,NA,47,47,0,0,10,37,0,0,0,0.212765957446809,0.212765957446809,2.78723404255319
83,"binary",2,"Purely linear","BRP-GABLE full",TRUE,"AUC",0.86966263363421,174.71,NA,41,38,3,11,30,0,0,0,0.268292682926829,0.731707317073171,1,1.73170731707317
83,"binary",2,"Purely linear","BRP-GABLE rule-only",TRUE,"AUC",0.866157736380513,177.66,NA,58,58,0,23,35,0,0,0,0.396551724137931,0.603448275862069,1,1.60344827586207
83,"binary",2,"Purely linear","GABLE",TRUE,"AUC",0.764531720120351,4.55999999999995,NA,5,5,0,4,1,0,0,0,0.8,0.2,1,1.2
83,"binary",2,"Purely linear","GBM",TRUE,"AUC",0.872751424364637,0.0299999999999998,NA,NA,NA,NA,NA,NA,NA,NA,NA,NA,NA,NA,NA
83,"binary",2,"Purely linear","Linear",TRUE,"AUC",0.887283144484988,0.0199999999999818,NA,20,0,20,20,0,0,0,0,1,0,1,1
83,"binary",2,"Purely linear","Random forest",TRUE,"AUC",0.852674284616862,0.389999999999873,NA,NA,NA,NA,NA,NA,NA,NA,NA,NA,NA,NA,NA
83,"binary",2,"Purely linear","RuleFit",TRUE,"AUC",0.87784072722617,18.33,NA,49,49,0,0,10,39,0,0,0,0.204081632653061,0.204081632653061,2.79591836734694
84,"binary",2,"Purely linear","BRP-GABLE full",TRUE,"AUC",0.865345487752127,196.7,NA,41,35,6,14,27,0,0,0,0.341463414634146,0.658536585365854,1,1.65853658536585
84,"binary",2,"Purely linear","BRP-GABLE rule-only",TRUE,"AUC",0.851078998381903,195.88,NA,41,41,0,16,25,0,0,0,0.390243902439024,0.609756097560976,1,1.60975609756098
84,"binary",2,"Purely linear","GABLE",TRUE,"AUC",0.782333904740544,3.55999999999995,NA,5,5,0,4,1,0,0,0,0.8,0.2,1,1.2
84,"binary",2,"Purely linear","GBM",TRUE,"AUC",0.882055143465932,0.0300000000000002,NA,NA,NA,NA,NA,NA,NA,NA,NA,NA,NA,NA,NA
84,"binary",2,"Purely linear","Linear",TRUE,"AUC",0.891651580448261,0.00999999999976353,NA,20,0,20,20,0,0,0,0,1,0,1,1
84,"binary",2,"Purely linear","Random forest",TRUE,"AUC",0.860290937054422,0.360000000000127,NA,NA,NA,NA,NA,NA,NA,NA,NA,NA,NA,NA,NA
84,"binary",2,"Purely linear","RuleFit",TRUE,"AUC",0.859193514795175,18.42,NA,39,39,0,0,10,29,0,0,0,0.256410256410256,0.256410256410256,2.74358974358974
85,"binary",2,"Purely linear","BRP-GABLE full",TRUE,"AUC",0.865564641308348,180.61,NA,27,22,5,7,20,0,0,0,0.259259259259259,0.740740740740741,1,1.74074074074074
85,"binary",2,"Purely linear","BRP-GABLE rule-only",TRUE,"AUC",0.851786657278648,185.42,NA,33,33,0,10,23,0,0,0,0.303030303030303,0.696969696969697,1,1.6969696969697
85,"binary",2,"Purely linear","GABLE",TRUE,"AUC",0.769982877534365,4.49000000000024,NA,5,5,0,5,0,0,0,0,1,0,1,1
85,"binary",2,"Purely linear","GBM",TRUE,"AUC",0.884959434158519,0.0700000000000003,NA,NA,NA,NA,NA,NA,NA,NA,NA,NA,NA,NA,NA
85,"binary",2,"Purely linear","Linear",TRUE,"AUC",0.900417660143061,0.0100000000002183,NA,20,0,20,20,0,0,0,0,1,0,1,1
85,"binary",2,"Purely linear","Random forest",TRUE,"AUC",0.855731225296443,0.329999999999927,NA,NA,NA,NA,NA,NA,NA,NA,NA,NA,NA,NA,NA
85,"binary",2,"Purely linear","RuleFit",TRUE,"AUC",0.854635067449713,18.57,NA,55,55,0,0,21,34,0,0,0,0.381818181818182,0.381818181818182,2.61818181818182
86,"binary",2,"Purely linear","BRP-GABLE full",TRUE,"AUC",0.855686763952893,200.03,NA,40,36,4,9,31,0,0,0,0.225,0.775,1,1.775
86,"binary",2,"Purely linear","BRP-GABLE rule-only",TRUE,"AUC",0.849550371223758,194.14,NA,41,41,0,9,32,0,0,0,0.219512195121951,0.780487804878049,1,1.78048780487805
86,"binary",2,"Purely linear","GABLE",TRUE,"AUC",0.780257936507937,4.25,NA,5,5,0,5,0,0,0,0,1,0,1,1
86,"binary",2,"Purely linear","GBM",TRUE,"AUC",0.879496287762417,0.0499999999999998,NA,NA,NA,NA,NA,NA,NA,NA,NA,NA,NA,NA,NA
86,"binary",2,"Purely linear","Linear",TRUE,"AUC",0.90208973374296,0,NA,20,0,20,20,0,0,0,0,1,0,1,1
86,"binary",2,"Purely linear","Random forest",TRUE,"AUC",0.859150985663082,0.359999999999673,NA,NA,NA,NA,NA,NA,NA,NA,NA,NA,NA,NA,NA
86,"binary",2,"Purely linear","RuleFit",TRUE,"AUC",0.866135432667691,19.19,NA,55,55,0,0,14,41,0,0,0,0.254545454545455,0.254545454545455,2.74545454545455
87,"binary",2,"Purely linear","BRP-GABLE full",TRUE,"AUC",0.844573513176211,183.66,NA,51,49,2,11,40,0,0,0,0.215686274509804,0.784313725490196,1,1.7843137254902
87,"binary",2,"Purely linear","BRP-GABLE rule-only",TRUE,"AUC",0.841285460567369,190.89,NA,53,53,0,13,40,0,0,0,0.245283018867925,0.754716981132076,1,1.75471698113208
87,"binary",2,"Purely linear","GABLE",TRUE,"AUC",0.738235811772988,3.7199999999998,NA,5,5,0,4,1,0,0,0,0.8,0.2,1,1.2
87,"binary",2,"Purely linear","GBM",TRUE,"AUC",0.858333733339733,0.0499999999999998,NA,NA,NA,NA,NA,NA,NA,NA,NA,NA,NA,NA,NA
87,"binary",2,"Purely linear","Linear",TRUE,"AUC",0.874669994719915,0,NA,20,0,20,20,0,0,0,0,1,0,1,1
87,"binary",2,"Purely linear","Random forest",TRUE,"AUC",0.845317525080401,0.360000000000127,NA,NA,NA,NA,NA,NA,NA,NA,NA,NA,NA,NA,NA
87,"binary",2,"Purely linear","RuleFit",TRUE,"AUC",0.848525576409223,19.2,NA,44,44,0,0,9,35,0,0,0,0.204545454545455,0.204545454545455,2.79545454545455
88,"binary",2,"Purely linear","BRP-GABLE full",TRUE,"AUC",0.840604134565999,184.07,NA,53,47,6,20,33,0,0,0,0.377358490566038,0.622641509433962,1,1.62264150943396
88,"binary",2,"Purely linear","BRP-GABLE rule-only",TRUE,"AUC",0.831206664098613,199.5,NA,47,47,0,13,34,0,0,0,0.276595744680851,0.723404255319149,1,1.72340425531915
88,"binary",2,"Purely linear","GABLE",TRUE,"AUC",0.776362673343606,4.31999999999971,NA,5,5,0,5,0,0,0,0,1,0,1,1
88,"binary",2,"Purely linear","GBM",TRUE,"AUC",0.846302003081664,0.0500000000000003,NA,NA,NA,NA,NA,NA,NA,NA,NA,NA,NA,NA,NA
88,"binary",2,"Purely linear","Linear",TRUE,"AUC",0.887358757062147,0.00999999999976353,NA,20,0,20,20,0,0,0,0,1,0,1,1
88,"binary",2,"Purely linear","Random forest",TRUE,"AUC",0.839384309193631,0.340000000000146,NA,NA,NA,NA,NA,NA,NA,NA,NA,NA,NA,NA,NA
88,"binary",2,"Purely linear","RuleFit",TRUE,"AUC",0.84684771443246,19.41,NA,50,50,0,0,19,31,0,0,0,0.38,0.38,2.62
89,"binary",2,"Purely linear","BRP-GABLE full",TRUE,"AUC",0.864837593695945,188.169999999999,NA,38,34,4,11,27,0,0,0,0.289473684210526,0.710526315789474,1,1.71052631578947
89,"binary",2,"Purely linear","BRP-GABLE rule-only",TRUE,"AUC",0.858551156384137,192.6,NA,40,40,0,10,30,0,0,0,0.25,0.75,1,1.75
89,"binary",2,"Purely linear","GABLE",TRUE,"AUC",0.7775241847652,4.17000000000007,NA,5,5,0,5,0,0,0,0,1,0,1,1
89,"binary",2,"Purely linear","GBM",TRUE,"AUC",0.864068806457813,0.04,NA,NA,NA,NA,NA,NA,NA,NA,NA,NA,NA,NA,NA
89,"binary",2,"Purely linear","Linear",TRUE,"AUC",0.89472419757832,0,NA,20,0,20,20,0,0,0,0,1,0,1,1
89,"binary",2,"Purely linear","Random forest",TRUE,"AUC",0.849614004740855,0.349999999999909,NA,NA,NA,NA,NA,NA,NA,NA,NA,NA,NA,NA,NA
89,"binary",2,"Purely linear","RuleFit",TRUE,"AUC",0.854330834774809,20.31,NA,48,48,0,0,16,32,0,0,0,0.333333333333333,0.333333333333333,2.66666666666667
90,"binary",2,"Purely linear","BRP-GABLE full",TRUE,"AUC",0.816443779269058,194.38,NA,35,29,6,10,25,0,0,0,0.285714285714286,0.714285714285714,1,1.71428571428571
90,"binary",2,"Purely linear","BRP-GABLE rule-only",TRUE,"AUC",0.797735721527543,189.02,NA,41,41,0,13,28,0,0,0,0.317073170731707,0.682926829268293,1,1.68292682926829
90,"binary",2,"Purely linear","GABLE",TRUE,"AUC",0.734498463122998,4.14000000000033,NA,5,5,0,5,0,0,0,0,1,0,1,1
90,"binary",2,"Purely linear","GBM",TRUE,"AUC",0.834403514700912,0.0600000000000001,NA,NA,NA,NA,NA,NA,NA,NA,NA,NA,NA,NA,NA
90,"binary",2,"Purely linear","Linear",TRUE,"AUC",0.887027470670593,0.0100000000002183,NA,20,0,20,20,0,0,0,0,1,0,1,1
90,"binary",2,"Purely linear","Random forest",TRUE,"AUC",0.814496531968651,0.349999999999454,NA,NA,NA,NA,NA,NA,NA,NA,NA,NA,NA,NA,NA
90,"binary",2,"Purely linear","RuleFit",TRUE,"AUC",0.839923397544215,20.45,NA,59,59,0,0,26,33,0,0,0,0.440677966101695,0.440677966101695,2.5593220338983
91,"binary",2,"Purely linear","BRP-GABLE full",TRUE,"AUC",0.865734512140432,169.559999999999,NA,36,31,5,8,28,0,0,0,0.222222222222222,0.777777777777778,1,1.77777777777778
91,"binary",2,"Purely linear","BRP-GABLE rule-only",TRUE,"AUC",0.856669229290794,187.410000000001,NA,30,30,0,2,28,0,0,0,0.0666666666666667,0.933333333333333,1,1.93333333333333
91,"binary",2,"Purely linear","GABLE",TRUE,"AUC",0.756750912934845,3.56999999999971,NA,4,4,0,3,1,0,0,0,0.75,0.25,1,1.25
91,"binary",2,"Purely linear","GBM",TRUE,"AUC",0.87164456403357,0.04,NA,NA,NA,NA,NA,NA,NA,NA,NA,NA,NA,NA,NA
91,"binary",2,"Purely linear","Linear",TRUE,"AUC",0.890928310590044,0.0200000000004366,NA,20,0,20,20,0,0,0,0,1,0,1,1
91,"binary",2,"Purely linear","Random forest",TRUE,"AUC",0.865982766352745,0.359999999999673,NA,NA,NA,NA,NA,NA,NA,NA,NA,NA,NA,NA,NA
91,"binary",2,"Purely linear","RuleFit",TRUE,"AUC",0.87110000640656,20.97,NA,49,49,0,0,12,37,0,0,0,0.244897959183673,0.244897959183673,2.75510204081633
92,"binary",2,"Purely linear","BRP-GABLE full",TRUE,"AUC",0.851789628634058,180.46,NA,37,32,5,13,24,0,0,0,0.351351351351351,0.648648648648649,1,1.64864864864865
92,"binary",2,"Purely linear","BRP-GABLE rule-only",TRUE,"AUC",0.841421462743404,194.05,NA,35,35,0,9,26,0,0,0,0.257142857142857,0.742857142857143,1,1.74285714285714
92,"binary",2,"Purely linear","GABLE",TRUE,"AUC",0.753956063297013,4.39999999999964,NA,4,4,0,3,1,0,0,0,0.75,0.25,1,1.25
92,"binary",2,"Purely linear","GBM",TRUE,"AUC",0.858029728475656,0.0299999999999998,NA,NA,NA,NA,NA,NA,NA,NA,NA,NA,NA,NA,NA
92,"binary",2,"Purely linear","Linear",TRUE,"AUC",0.887886206179299,0,NA,20,0,20,20,0,0,0,0,1,0,1,1
92,"binary",2,"Purely linear","Random forest",TRUE,"AUC",0.844957519320309,0.380000000000109,NA,NA,NA,NA,NA,NA,NA,NA,NA,NA,NA,NA,NA
92,"binary",2,"Purely linear","RuleFit",TRUE,"AUC",0.849773596377542,20.09,NA,46,46,0,0,19,27,0,0,0,0.41304347826087,0.41304347826087,2.58695652173913
93,"binary",2,"Purely linear","BRP-GABLE full",TRUE,"AUC",0.838723104508197,197.82,NA,44,40,4,15,29,0,0,0,0.340909090909091,0.659090909090909,1,1.65909090909091
93,"binary",2,"Purely linear","BRP-GABLE rule-only",TRUE,"AUC",0.823594390368853,195.55,NA,47,47,0,18,29,0,0,0,0.382978723404255,0.617021276595745,1,1.61702127659574
93,"binary",2,"Purely linear","GABLE",TRUE,"AUC",0.787045338114754,4.10000000000036,NA,5,5,0,5,0,0,0,0,1,0,1,1
93,"binary",2,"Purely linear","GBM",TRUE,"AUC",0.836145619877049,0.0500000000000003,NA,NA,NA,NA,NA,NA,NA,NA,NA,NA,NA,NA,NA
93,"binary",2,"Purely linear","Linear",TRUE,"AUC",0.868852459016393,0.0200000000004366,NA,20,0,20,20,0,0,0,0,1,0,1,1
93,"binary",2,"Purely linear","Random forest",TRUE,"AUC",0.832047259221312,0.340000000000146,NA,NA,NA,NA,NA,NA,NA,NA,NA,NA,NA,NA,NA
93,"binary",2,"Purely linear","RuleFit",TRUE,"AUC",0.839011270491803,20.19,NA,47,47,0,0,16,31,0,0,0,0.340425531914894,0.340425531914894,2.65957446808511
94,"binary",2,"Purely linear","BRP-GABLE full",TRUE,"AUC",0.861212014530092,200.9,NA,46,45,1,7,39,0,0,0,0.152173913043478,0.847826086956522,1,1.84782608695652
94,"binary",2,"Purely linear","BRP-GABLE rule-only",TRUE,"AUC",0.857387463794786,191.46,NA,46,46,0,7,39,0,0,0,0.152173913043478,0.847826086956522,1,1.84782608695652
94,"binary",2,"Purely linear","GABLE",TRUE,"AUC",0.713854795090493,3.36000000000058,NA,5,5,0,4,1,0,0,0,0.8,0.2,1,1.2
94,"binary",2,"Purely linear","GBM",TRUE,"AUC",0.863532348658207,0.0499999999999998,NA,NA,NA,NA,NA,NA,NA,NA,NA,NA,NA,NA,NA
94,"binary",2,"Purely linear","Linear",TRUE,"AUC",0.890608247587653,0.0200000000004366,NA,20,0,20,20,0,0,0,0,1,0,1,1
94,"binary",2,"Purely linear","Random forest",TRUE,"AUC",0.841121121441488,0.340000000000146,NA,NA,NA,NA,NA,NA,NA,NA,NA,NA,NA,NA,NA
94,"binary",2,"Purely linear","RuleFit",TRUE,"AUC",0.855547198796627,18.53,NA,39,39,0,0,5,34,0,0,0,0.128205128205128,0.128205128205128,2.87179487179487
95,"binary",2,"Purely linear","BRP-GABLE full",TRUE,"AUC",0.831045186891961,171.820000000001,NA,33,31,2,6,27,0,0,0,0.181818181818182,0.818181818181818,1,1.81818181818182
95,"binary",2,"Purely linear","BRP-GABLE rule-only",TRUE,"AUC",0.825340821812596,189.52,NA,47,47,0,11,36,0,0,0,0.234042553191489,0.765957446808511,1,1.76595744680851
95,"binary",2,"Purely linear","GABLE",TRUE,"AUC",0.728030593958013,3.27000000000044,NA,5,5,0,3,2,0,0,0,0.6,0.4,1,1.4
95,"binary",2,"Purely linear","GBM",TRUE,"AUC",0.837493599590374,0.0499999999999998,NA,NA,NA,NA,NA,NA,NA,NA,NA,NA,NA,NA,NA
95,"binary",2,"Purely linear","Linear",TRUE,"AUC",0.871783794162826,0.0100000000002183,NA,20,0,20,20,0,0,0,0,1,0,1,1
95,"binary",2,"Purely linear","Random forest",TRUE,"AUC",0.820676523297491,0.359999999999673,NA,NA,NA,NA,NA,NA,NA,NA,NA,NA,NA,NA,NA
95,"binary",2,"Purely linear","RuleFit",TRUE,"AUC",0.8366455453149,19.29,NA,48,48,0,0,25,23,0,0,0,0.520833333333333,0.520833333333333,2.47916666666667
96,"binary",2,"Purely linear","BRP-GABLE full",TRUE,"AUC",0.854903659495275,174.75,NA,52,47,5,18,34,0,0,0,0.346153846153846,0.653846153846154,1,1.65384615384615
96,"binary",2,"Purely linear","BRP-GABLE rule-only",TRUE,"AUC",0.849753734096998,198.279999999999,NA,51,51,0,17,34,0,0,0,0.333333333333333,0.666666666666667,1,1.66666666666667
96,"binary",2,"Purely linear","GABLE",TRUE,"AUC",0.801110201986171,4.30000000000018,NA,5,5,0,5,0,0,0,0,1,0,1,1
96,"binary",2,"Purely linear","GBM",TRUE,"AUC",0.871460429000016,0.0499999999999998,NA,NA,NA,NA,NA,NA,NA,NA,NA,NA,NA,NA,NA
96,"binary",2,"Purely linear","Linear",TRUE,"AUC",0.875054146411898,0.0199999999995271,NA,20,0,20,20,0,0,0,0,1,0,1,1
96,"binary",2,"Purely linear","Random forest",TRUE,"AUC",0.857647077698096,0.340000000000146,NA,NA,NA,NA,NA,NA,NA,NA,NA,NA,NA,NA,NA
96,"binary",2,"Purely linear","RuleFit",TRUE,"AUC",0.858401116619339,20.28,NA,56,56,0,0,17,39,0,0,0,0.303571428571429,0.303571428571429,2.69642857142857
97,"binary",2,"Purely linear","BRP-GABLE full",TRUE,"AUC",0.847139470818118,185.73,NA,50,47,3,14,36,0,0,0,0.28,0.72,1,1.72
97,"binary",2,"Purely linear","BRP-GABLE rule-only",TRUE,"AUC",0.839844000256262,185.64,NA,51,51,0,12,39,0,0,0,0.235294117647059,0.764705882352941,1,1.76470588235294
97,"binary",2,"Purely linear","GABLE",TRUE,"AUC",0.754324428214492,4.14999999999964,NA,5,5,0,5,0,0,0,0,1,0,1,1
97,"binary",2,"Purely linear","GBM",TRUE,"AUC",0.86674354539048,0.0499999999999998,NA,NA,NA,NA,NA,NA,NA,NA,NA,NA,NA,NA,NA
97,"binary",2,"Purely linear","Linear",TRUE,"AUC",0.88586712793901,0.0299999999997453,NA,20,0,20,20,0,0,0,0,1,0,1,1
97,"binary",2,"Purely linear","Random forest",TRUE,"AUC",0.865181946313025,0.330000000000837,NA,NA,NA,NA,NA,NA,NA,NA,NA,NA,NA,NA,NA
97,"binary",2,"Purely linear","RuleFit",TRUE,"AUC",0.865974758152348,18.5,NA,51,51,0,1,19,31,0,0,0.0196078431372549,0.372549019607843,0.392156862745098,2.58823529411765
98,"binary",2,"Purely linear","BRP-GABLE full",TRUE,"AUC",0.875438007008112,173.589999999999,NA,44,40,4,11,33,0,0,0,0.25,0.75,1,1.75
98,"binary",2,"Purely linear","BRP-GABLE rule-only",TRUE,"AUC",0.868653898462375,172.599999999999,NA,46,46,0,12,34,0,0,0,0.260869565217391,0.739130434782609,1,1.73913043478261
98,"binary",2,"Purely linear","GABLE",TRUE,"AUC",0.79343669498712,3.0600000000004,NA,5,5,0,4,1,0,0,0,0.8,0.2,1,1.2
98,"binary",2,"Purely linear","GBM",TRUE,"AUC",0.881150098401574,0.0299999999999998,NA,NA,NA,NA,NA,NA,NA,NA,NA,NA,NA,NA,NA
98,"binary",2,"Purely linear","Linear",TRUE,"AUC",0.889070225123602,0.00999999999930878,NA,20,0,20,20,0,0,0,0,1,0,1,1
98,"binary",2,"Purely linear","Random forest",TRUE,"AUC",0.87277396438343,0.300000000000182,NA,NA,NA,NA,NA,NA,NA,NA,NA,NA,NA,NA,NA
98,"binary",2,"Purely linear","RuleFit",TRUE,"AUC",0.877726043616698,18.17,NA,56,56,0,0,20,36,0,0,0,0.357142857142857,0.357142857142857,2.64285714285714
99,"binary",2,"Purely linear","BRP-GABLE full",TRUE,"AUC",0.84781112444978,161.83,NA,40,39,1,8,32,0,0,0,0.2,0.8,1,1.8
99,"binary",2,"Purely linear","BRP-GABLE rule-only",TRUE,"AUC",0.846266506602641,167.159999999999,NA,39,39,0,7,32,0,0,0,0.179487179487179,0.82051282051282,1,1.82051282051282
99,"binary",2,"Purely linear","GABLE",TRUE,"AUC",0.734909963985594,2.89999999999964,NA,4,4,0,2,2,0,0,0,0.5,0.5,1,1.5
99,"binary",2,"Purely linear","GBM",TRUE,"AUC",0.860536214485794,0.04,NA,NA,NA,NA,NA,NA,NA,NA,NA,NA,NA,NA,NA
99,"binary",2,"Purely linear","Linear",TRUE,"AUC",0.871708683473389,0,NA,20,0,20,20,0,0,0,0,1,0,1,1
99,"binary",2,"Purely linear","Random forest",TRUE,"AUC",0.846658663465386,0.3100000000004,NA,NA,NA,NA,NA,NA,NA,NA,NA,NA,NA,NA,NA
99,"binary",2,"Purely linear","RuleFit",TRUE,"AUC",0.85469387755102,16.54,NA,49,49,0,0,11,38,0,0,0,0.224489795918367,0.224489795918367,2.77551020408163
100,"binary",2,"Purely linear","BRP-GABLE full",TRUE,"AUC",0.861507421818706,147.69,NA,29,24,5,5,24,0,0,0,0.172413793103448,0.827586206896552,1,1.82758620689655
100,"binary",2,"Purely linear","BRP-GABLE rule-only",TRUE,"AUC",0.852660485820884,153.96,NA,39,39,0,11,28,0,0,0,0.282051282051282,0.717948717948718,1,1.71794871794872
100,"binary",2,"Purely linear","GABLE",TRUE,"AUC",0.767481705657235,2.14999999999964,NA,4,4,0,3,1,0,0,0,0.75,0.25,1,1.25
100,"binary",2,"Purely linear","GBM",TRUE,"AUC",0.861619509695601,0.0299999999999998,NA,NA,NA,NA,NA,NA,NA,NA,NA,NA,NA,NA,NA
100,"binary",2,"Purely linear","Linear",TRUE,"AUC",0.896174600887095,0,NA,20,0,20,20,0,0,0,0,1,0,1,1
100,"binary",2,"Purely linear","Random forest",TRUE,"AUC",0.84988230772926,0.270000000000437,NA,NA,NA,NA,NA,NA,NA,NA,NA,NA,NA,NA,NA
100,"binary",2,"Purely linear","RuleFit",TRUE,"AUC",0.86523034058702,14.73,NA,42,42,0,0,7,35,0,0,0,0.166666666666667,0.166666666666667,2.83333333333333
1,"binary",3,"Mixed linear and rule-based","BRP-GABLE full",TRUE,"AUC",0.843735909822866,186.44,NA,35,34,1,8,27,0,0,0,0.228571428571429,0.771428571428571,1,1.77142857142857
1,"binary",3,"Mixed linear and rule-based","BRP-GABLE rule-only",TRUE,"AUC",0.843027375201288,185.37,NA,37,37,0,8,29,0,0,0,0.216216216216216,0.783783783783784,1,1.78378378378378
1,"binary",3,"Mixed linear and rule-based","GABLE",TRUE,"AUC",0.824951690821256,4.28,NA,5,5,0,4,1,0,0,0,0.8,0.2,1,1.2
1,"binary",3,"Mixed linear and rule-based","GBM",TRUE,"AUC",0.862157809983897,0.03,NA,NA,NA,NA,NA,NA,NA,NA,NA,NA,NA,NA,NA
1,"binary",3,"Mixed linear and rule-based","Linear",TRUE,"AUC",0.844669887278583,0.0199999999999818,NA,20,0,20,20,0,0,0,0,1,0,1,1
1,"binary",3,"Mixed linear and rule-based","Random forest",TRUE,"AUC",0.843929146537842,0.519999999999982,NA,NA,NA,NA,NA,NA,NA,NA,NA,NA,NA,NA,NA
1,"binary",3,"Mixed linear and rule-based","RuleFit",TRUE,"AUC",0.857061191626409,16.26,NA,40,40,0,1,24,15,0,0,0.025,0.6,0.625,2.35
2,"binary",3,"Mixed linear and rule-based","BRP-GABLE full",TRUE,"AUC",0.82784720999824,199.08,NA,48,44,4,16,32,0,0,0,0.333333333333333,0.666666666666667,1,1.66666666666667
2,"binary",3,"Mixed linear and rule-based","BRP-GABLE rule-only",TRUE,"AUC",0.827735193867917,191.84,NA,34,34,0,5,29,0,0,0,0.147058823529412,0.852941176470588,1,1.85294117647059
2,"binary",3,"Mixed linear and rule-based","GABLE",TRUE,"AUC",0.811028788145493,4.41,NA,5,5,0,4,1,0,0,0,0.8,0.2,1,1.2
2,"binary",3,"Mixed linear and rule-based","GBM",TRUE,"AUC",0.832775919732441,0.03,NA,NA,NA,NA,NA,NA,NA,NA,NA,NA,NA,NA,NA
2,"binary",3,"Mixed linear and rule-based","Linear",TRUE,"AUC",0.830359571778336,0.00999999999999091,NA,20,0,20,20,0,0,0,0,1,0,1,1
2,"binary",3,"Mixed linear and rule-based","Random forest",TRUE,"AUC",0.841753212462595,0.379999999999995,NA,NA,NA,NA,NA,NA,NA,NA,NA,NA,NA,NA,NA
2,"binary",3,"Mixed linear and rule-based","RuleFit",TRUE,"AUC",0.833015954297419,16.35,NA,48,48,0,0,34,14,0,0,0,0.708333333333333,0.708333333333333,2.29166666666667
3,"binary",3,"Mixed linear and rule-based","BRP-GABLE full",TRUE,"AUC",0.802392712810315,205.48,NA,39,38,1,11,28,0,0,0,0.282051282051282,0.717948717948718,1,1.71794871794872
3,"binary",3,"Mixed linear and rule-based","BRP-GABLE rule-only",TRUE,"AUC",0.802553082301623,187.9,NA,46,46,0,14,32,0,0,0,0.304347826086957,0.695652173913043,1,1.69565217391304
3,"binary",3,"Mixed linear and rule-based","GABLE",TRUE,"AUC",0.800564500609404,4.28,NA,5,5,0,5,0,0,0,0,1,0,1,1
3,"binary",3,"Mixed linear and rule-based","GBM",TRUE,"AUC",0.797677849765861,0.05,NA,NA,NA,NA,NA,NA,NA,NA,NA,NA,NA,NA,NA
3,"binary",3,"Mixed linear and rule-based","Linear",TRUE,"AUC",0.785265251138623,0.0199999999999818,NA,20,0,20,20,0,0,0,0,1,0,1,1
3,"binary",3,"Mixed linear and rule-based","Random forest",TRUE,"AUC",0.783725704022067,0.47999999999999,NA,NA,NA,NA,NA,NA,NA,NA,NA,NA,NA,NA,NA
3,"binary",3,"Mixed linear and rule-based","RuleFit",TRUE,"AUC",0.796996279427802,17.28,NA,46,46,0,0,23,23,0,0,0,0.5,0.5,2.5
4,"binary",3,"Mixed linear and rule-based","BRP-GABLE full",TRUE,"AUC",0.844990714651639,208.31,NA,32,32,0,3,29,0,0,0,0.09375,0.90625,1,1.90625
4,"binary",3,"Mixed linear and rule-based","BRP-GABLE rule-only",TRUE,"AUC",0.845951267930328,194.08,NA,38,38,0,5,33,0,0,0,0.131578947368421,0.868421052631579,1,1.86842105263158
4,"binary",3,"Mixed linear and rule-based","GABLE",TRUE,"AUC",0.792840676229508,6.47,NA,5,5,0,4,1,0,0,0,0.8,0.2,1,1.2
4,"binary",3,"Mixed linear and rule-based","GBM",TRUE,"AUC",0.853291495901639,0.0700000000000001,NA,NA,NA,NA,NA,NA,NA,NA,NA,NA,NA,NA,NA
4,"binary",3,"Mixed linear and rule-based","Linear",TRUE,"AUC",0.840836321721312,0.0199999999999818,NA,20,0,20,20,0,0,0,0,1,0,1,1
4,"binary",3,"Mixed linear and rule-based","Random forest",TRUE,"AUC",0.853211449795082,0.5,NA,NA,NA,NA,NA,NA,NA,NA,NA,NA,NA,NA,NA
4,"binary",3,"Mixed linear and rule-based","RuleFit",TRUE,"AUC",0.858438460553279,15,NA,61,61,0,3,45,13,0,0,0.0491803278688525,0.737704918032787,0.786885245901639,2.16393442622951
5,"binary",3,"Mixed linear and rule-based","BRP-GABLE full",TRUE,"AUC",0.794166666666667,205.65,NA,47,46,1,11,36,0,0,0,0.234042553191489,0.765957446808511,1,1.76595744680851
5,"binary",3,"Mixed linear and rule-based","BRP-GABLE rule-only",TRUE,"AUC",0.7940625,196.58,NA,47,47,0,9,38,0,0,0,0.191489361702128,0.808510638297872,1,1.80851063829787
5,"binary",3,"Mixed linear and rule-based","GABLE",TRUE,"AUC",0.809623397435897,4.62,NA,5,5,0,5,0,0,0,0,1,0,1,1
5,"binary",3,"Mixed linear and rule-based","GBM",TRUE,"AUC",0.833044871794872,0.0600000000000001,NA,NA,NA,NA,NA,NA,NA,NA,NA,NA,NA,NA,NA
5,"binary",3,"Mixed linear and rule-based","Linear",TRUE,"AUC",0.825657051282051,0.0200000000000102,NA,20,0,20,20,0,0,0,0,1,0,1,1
5,"binary",3,"Mixed linear and rule-based","Random forest",TRUE,"AUC",0.82068108974359,0.490000000000009,NA,NA,NA,NA,NA,NA,NA,NA,NA,NA,NA,NA,NA
5,"binary",3,"Mixed linear and rule-based","RuleFit",TRUE,"AUC",0.808533653846154,15.08,NA,44,44,0,5,26,13,0,0,0.113636363636364,0.590909090909091,0.704545454545455,2.18181818181818
6,"binary",3,"Mixed linear and rule-based","BRP-GABLE full",TRUE,"AUC",0.807785829307568,180.59,NA,51,51,0,17,34,0,0,0,0.333333333333333,0.666666666666667,1,1.66666666666667
6,"binary",3,"Mixed linear and rule-based","BRP-GABLE rule-only",TRUE,"AUC",0.80780193236715,173.88,NA,51,51,0,17,34,0,0,0,0.333333333333333,0.666666666666667,1,1.66666666666667
6,"binary",3,"Mixed linear and rule-based","GABLE",TRUE,"AUC",0.73536231884058,4.06,NA,4,4,0,2,2,0,0,0,0.5,0.5,1,1.5
6,"binary",3,"Mixed linear and rule-based","GBM",TRUE,"AUC",0.828148148148148,0.0499999999999998,NA,NA,NA,NA,NA,NA,NA,NA,NA,NA,NA,NA,NA
6,"binary",3,"Mixed linear and rule-based","Linear",TRUE,"AUC",0.83475040257649,0.00999999999999091,NA,20,0,20,20,0,0,0,0,1,0,1,1
6,"binary",3,"Mixed linear and rule-based","Random forest",TRUE,"AUC",0.82609500805153,0.359999999999957,NA,NA,NA,NA,NA,NA,NA,NA,NA,NA,NA,NA,NA
6,"binary",3,"Mixed linear and rule-based","RuleFit",TRUE,"AUC",0.795257648953301,16.8,NA,39,39,0,0,26,13,0,0,0,0.666666666666667,0.666666666666667,2.33333333333333
7,"binary",3,"Mixed linear and rule-based","BRP-GABLE full",TRUE,"AUC",0.822970030737705,210.23,NA,42,39,3,12,30,0,0,0,0.285714285714286,0.714285714285714,1,1.71428571428571
7,"binary",3,"Mixed linear and rule-based","BRP-GABLE rule-only",TRUE,"AUC",0.818823642418033,187.74,NA,44,44,0,12,32,0,0,0,0.272727272727273,0.727272727272727,1,1.72727272727273
7,"binary",3,"Mixed linear and rule-based","GABLE",TRUE,"AUC",0.771892610143443,4.25,NA,5,5,0,4,1,0,0,0,0.8,0.2,1,1.2
7,"binary",3,"Mixed linear and rule-based","GBM",TRUE,"AUC",0.827516649590164,0.05,NA,NA,NA,NA,NA,NA,NA,NA,NA,NA,NA,NA,NA
7,"binary",3,"Mixed linear and rule-based","Linear",TRUE,"AUC",0.818663550204918,0.0299999999999727,NA,20,0,20,20,0,0,0,0,1,0,1,1
7,"binary",3,"Mixed linear and rule-based","Random forest",TRUE,"AUC",0.820552638319672,0.370000000000005,NA,NA,NA,NA,NA,NA,NA,NA,NA,NA,NA,NA,NA
7,"binary",3,"Mixed linear and rule-based","RuleFit",TRUE,"AUC",0.831438908811475,18.28,NA,55,55,0,2,30,23,0,0,0.0363636363636364,0.545454545454545,0.581818181818182,2.38181818181818
8,"binary",3,"Mixed linear and rule-based","BRP-GABLE full",TRUE,"AUC",0.787056199964705,172.07,NA,41,40,1,4,37,0,0,0,0.0975609756097561,0.902439024390244,1,1.90243902439024
8,"binary",3,"Mixed linear and rule-based","BRP-GABLE rule-only",TRUE,"AUC",0.7928318172338,185.78,NA,47,47,0,7,40,0,0,0,0.148936170212766,0.851063829787234,1,1.85106382978723
8,"binary",3,"Mixed linear and rule-based","GABLE",TRUE,"AUC",0.757440118079286,4.25,NA,4,4,0,3,1,0,0,0,0.75,0.25,1,1.25
8,"binary",3,"Mixed linear and rule-based","GBM",TRUE,"AUC",0.816720411994032,0.04,NA,NA,NA,NA,NA,NA,NA,NA,NA,NA,NA,NA,NA
8,"binary",3,"Mixed linear and rule-based","Linear",TRUE,"AUC",0.828544384014375,0.0199999999999818,NA,20,0,20,20,0,0,0,0,1,0,1,1
8,"binary",3,"Mixed linear and rule-based","Random forest",TRUE,"AUC",0.797516484574289,0.389999999999986,NA,NA,NA,NA,NA,NA,NA,NA,NA,NA,NA,NA,NA
8,"binary",3,"Mixed linear and rule-based","RuleFit",TRUE,"AUC",0.791395934607178,16.48,NA,29,29,0,0,17,12,0,0,0,0.586206896551724,0.586206896551724,2.41379310344828
9,"binary",3,"Mixed linear and rule-based","BRP-GABLE full",TRUE,"AUC",0.819021104337669,200.67,NA,46,43,3,12,34,0,0,0,0.260869565217391,0.739130434782609,1,1.73913043478261
9,"binary",3,"Mixed linear and rule-based","BRP-GABLE rule-only",TRUE,"AUC",0.809900958415335,191.77,NA,41,41,0,8,33,0,0,0,0.195121951219512,0.804878048780488,1,1.80487804878049
9,"binary",3,"Mixed linear and rule-based","GABLE",TRUE,"AUC",0.792180674890798,4.28000000000003,NA,4,4,0,3,1,0,0,0,0.75,0.25,1,1.25
9,"binary",3,"Mixed linear and rule-based","GBM",TRUE,"AUC",0.824093185490968,0.04,NA,NA,NA,NA,NA,NA,NA,NA,NA,NA,NA,NA,NA
9,"binary",3,"Mixed linear and rule-based","Linear",TRUE,"AUC",0.83113329813277,0.0199999999999818,NA,20,0,20,20,0,0,0,0,1,0,1,1
9,"binary",3,"Mixed linear and rule-based","Random forest",TRUE,"AUC",0.815397046352742,0.359999999999957,NA,NA,NA,NA,NA,NA,NA,NA,NA,NA,NA,NA,NA
9,"binary",3,"Mixed linear and rule-based","RuleFit",TRUE,"AUC",0.81550904814477,17.89,NA,45,45,0,2,31,12,0,0,0.0444444444444444,0.688888888888889,0.733333333333333,2.22222222222222
10,"binary",3,"Mixed linear and rule-based","BRP-GABLE full",TRUE,"AUC",0.821991375302586,161.68,NA,52,46,6,20,32,0,0,0,0.384615384615385,0.615384615384615,1,1.61538461538462
10,"binary",3,"Mixed linear and rule-based","BRP-GABLE rule-only",TRUE,"AUC",0.818785168085413,181.78,NA,46,46,0,12,34,0,0,0,0.260869565217391,0.739130434782609,1,1.73913043478261
10,"binary",3,"Mixed linear and rule-based","GABLE",TRUE,"AUC",0.748272655861748,3.56,NA,5,5,0,4,1,0,0,0,0.8,0.2,1,1.2
10,"binary",3,"Mixed linear and rule-based","GBM",TRUE,"AUC",0.8389842735536,0.0299999999999998,NA,NA,NA,NA,NA,NA,NA,NA,NA,NA,NA,NA,NA
10,"binary",3,"Mixed linear and rule-based","Linear",TRUE,"AUC",0.837846069991504,0.0299999999999727,NA,20,0,20,20,0,0,0,0,1,0,1,1
10,"binary",3,"Mixed linear and rule-based","Random forest",TRUE,"AUC",0.831698167652575,0.359999999999957,NA,NA,NA,NA,NA,NA,NA,NA,NA,NA,NA,NA,NA
10,"binary",3,"Mixed linear and rule-based","RuleFit",TRUE,"AUC",0.840250725404383,17.75,NA,67,67,0,1,34,32,0,0,0.0149253731343284,0.507462686567164,0.522388059701492,2.46268656716418
11,"binary",3,"Mixed linear and rule-based","BRP-GABLE full",TRUE,"AUC",0.828500096024582,174.95,NA,49,48,1,8,41,0,0,0,0.163265306122449,0.836734693877551,1,1.83673469387755
11,"binary",3,"Mixed linear and rule-based","BRP-GABLE rule-only",TRUE,"AUC",0.830116509826516,188.61,NA,56,56,0,13,43,0,0,0,0.232142857142857,0.767857142857143,1,1.76785714285714
11,"binary",3,"Mixed linear and rule-based","GABLE",TRUE,"AUC",0.751472376928494,3.98000000000002,NA,4,4,0,3,1,0,0,0,0.75,0.25,1,1.25
11,"binary",3,"Mixed linear and rule-based","GBM",TRUE,"AUC",0.832485116189745,0.03,NA,NA,NA,NA,NA,NA,NA,NA,NA,NA,NA,NA,NA
11,"binary",3,"Mixed linear and rule-based","Linear",TRUE,"AUC",0.831844952307791,0.00999999999999091,NA,20,0,20,20,0,0,0,0,1,0,1,1
11,"binary",3,"Mixed linear and rule-based","Random forest",TRUE,"AUC",0.82008194097689,0.349999999999909,NA,NA,NA,NA,NA,NA,NA,NA,NA,NA,NA,NA,NA
11,"binary",3,"Mixed linear and rule-based","RuleFit",TRUE,"AUC",0.836446130209334,17.89,NA,44,44,0,0,27,17,0,0,0,0.613636363636364,0.613636363636364,2.38636363636364
12,"binary",3,"Mixed linear and rule-based","BRP-GABLE full",TRUE,"AUC",0.838136901698404,198.69,NA,41,40,1,10,31,0,0,0,0.24390243902439,0.75609756097561,1,1.75609756097561
12,"binary",3,"Mixed linear and rule-based","BRP-GABLE rule-only",TRUE,"AUC",0.836930648481729,191.65,NA,41,41,0,10,31,0,0,0,0.24390243902439,0.75609756097561,1,1.75609756097561
12,"binary",3,"Mixed linear and rule-based","GABLE",TRUE,"AUC",0.779947246525991,4.03999999999996,NA,4,4,0,2,2,0,0,0,0.5,0.5,1,1.5
12,"binary",3,"Mixed linear and rule-based","GBM",TRUE,"AUC",0.838892820380854,0.03,NA,NA,NA,NA,NA,NA,NA,NA,NA,NA,NA,NA,NA
12,"binary",3,"Mixed linear and rule-based","Linear",TRUE,"AUC",0.838908903757077,0.00999999999999091,NA,20,0,20,20,0,0,0,0,1,0,1,1
12,"binary",3,"Mixed linear and rule-based","Random forest",TRUE,"AUC",0.82957250386001,0.42999999999995,NA,NA,NA,NA,NA,NA,NA,NA,NA,NA,NA,NA,NA
12,"binary",3,"Mixed linear and rule-based","RuleFit",TRUE,"AUC",0.841868244981987,18.89,NA,55,55,0,1,34,20,0,0,0.0181818181818182,0.618181818181818,0.636363636363636,2.34545454545455
13,"binary",3,"Mixed linear and rule-based","BRP-GABLE full",TRUE,"AUC",0.795107033639144,189.93,NA,52,51,1,20,32,0,0,0,0.384615384615385,0.615384615384615,1,1.61538461538462
13,"binary",3,"Mixed linear and rule-based","BRP-GABLE rule-only",TRUE,"AUC",0.792992387273082,177.51,NA,50,50,0,18,32,0,0,0,0.36,0.64,1,1.64
13,"binary",3,"Mixed linear and rule-based","GABLE",TRUE,"AUC",0.779271585659444,4.18999999999994,NA,5,5,0,5,0,0,0,0,1,0,1,1
13,"binary",3,"Mixed linear and rule-based","GBM",TRUE,"AUC",0.810186088880213,0.04,NA,NA,NA,NA,NA,NA,NA,NA,NA,NA,NA,NA,NA
13,"binary",3,"Mixed linear and rule-based","Linear",TRUE,"AUC",0.791691066432429,0,NA,20,0,20,20,0,0,0,0,1,0,1,1
13,"binary",3,"Mixed linear and rule-based","Random forest",TRUE,"AUC",0.800117118875659,0.340000000000032,NA,NA,NA,NA,NA,NA,NA,NA,NA,NA,NA,NA,NA
13,"binary",3,"Mixed linear and rule-based","RuleFit",TRUE,"AUC",0.793748780011712,17.33,NA,35,35,0,0,24,11,0,0,0,0.685714285714286,0.685714285714286,2.31428571428571
14,"binary",3,"Mixed linear and rule-based","BRP-GABLE full",TRUE,"AUC",0.794156706507304,185.9,NA,35,33,2,2,33,0,0,0,0.0571428571428571,0.942857142857143,1,1.94285714285714
14,"binary",3,"Mixed linear and rule-based","BRP-GABLE rule-only",TRUE,"AUC",0.792380678090849,175.41,NA,33,33,0,0,33,0,0,0,0,1,1,2
14,"binary",3,"Mixed linear and rule-based","GABLE",TRUE,"AUC",0.770084321349142,3.72000000000003,NA,5,5,0,4,1,0,0,0,0.8,0.2,1,1.2
14,"binary",3,"Mixed linear and rule-based","GBM",TRUE,"AUC",0.808668938703019,0.0600000000000001,NA,NA,NA,NA,NA,NA,NA,NA,NA,NA,NA,NA,NA
14,"binary",3,"Mixed linear and rule-based","Linear",TRUE,"AUC",0.834189347029552,0,NA,20,0,20,20,0,0,0,0,1,0,1,1
14,"binary",3,"Mixed linear and rule-based","Random forest",TRUE,"AUC",0.804508872141954,0.360000000000014,NA,NA,NA,NA,NA,NA,NA,NA,NA,NA,NA,NA,NA
14,"binary",3,"Mixed linear and rule-based","RuleFit",TRUE,"AUC",0.800332805324885,19.62,NA,50,50,0,0,27,23,0,0,0,0.54,0.54,2.46
15,"binary",3,"Mixed linear and rule-based","BRP-GABLE full",TRUE,"AUC",0.842493479895678,198.51,NA,49,46,3,16,33,0,0,0,0.326530612244898,0.673469387755102,1,1.6734693877551
15,"binary",3,"Mixed linear and rule-based","BRP-GABLE rule-only",TRUE,"AUC",0.837621401942431,189.18,NA,54,54,0,19,35,0,0,0,0.351851851851852,0.648148148148148,1,1.64814814814815
15,"binary",3,"Mixed linear and rule-based","GABLE",TRUE,"AUC",0.817709083345334,3.82999999999993,NA,5,5,0,4,1,0,0,0,0.8,0.2,1,1.2
15,"binary",3,"Mixed linear and rule-based","GBM",TRUE,"AUC",0.863901822429159,0.03,NA,NA,NA,NA,NA,NA,NA,NA,NA,NA,NA,NA,NA
15,"binary",3,"Mixed linear and rule-based","Linear",TRUE,"AUC",0.843341493463895,0.0199999999999818,NA,20,0,20,20,0,0,0,0,1,0,1,1
15,"binary",3,"Mixed linear and rule-based","Random forest",TRUE,"AUC",0.851029616473864,0.509999999999991,NA,NA,NA,NA,NA,NA,NA,NA,NA,NA,NA,NA,NA
15,"binary",3,"Mixed linear and rule-based","RuleFit",TRUE,"AUC",0.852797644762316,17,NA,44,44,0,0,26,18,0,0,0,0.590909090909091,0.590909090909091,2.40909090909091
16,"binary",3,"Mixed linear and rule-based","BRP-GABLE full",TRUE,"AUC",0.826357038252949,202.17,NA,45,43,2,16,29,0,0,0,0.355555555555556,0.644444444444444,1,1.64444444444444
16,"binary",3,"Mixed linear and rule-based","BRP-GABLE rule-only",TRUE,"AUC",0.824514395146365,188.15,NA,42,42,0,16,26,0,0,0,0.380952380952381,0.619047619047619,1,1.61904761904762
16,"binary",3,"Mixed linear and rule-based","GABLE",TRUE,"AUC",0.78293020486329,7.51999999999998,NA,9,9,0,6,3,0,0,0,0.666666666666667,0.333333333333333,1,1.33333333333333
16,"binary",3,"Mixed linear and rule-based","GBM",TRUE,"AUC",0.83583578750865,0.04,NA,NA,NA,NA,NA,NA,NA,NA,NA,NA,NA,NA,NA
16,"binary",3,"Mixed linear and rule-based","Linear",TRUE,"AUC",0.837766941856161,0.0199999999999818,NA,20,0,20,20,0,0,0,0,1,0,1,1
16,"binary",3,"Mixed linear and rule-based","Random forest",TRUE,"AUC",0.827547916767248,0.360000000000014,NA,NA,NA,NA,NA,NA,NA,NA,NA,NA,NA,NA,NA
16,"binary",3,"Mixed linear and rule-based","RuleFit",TRUE,"AUC",0.829543442926343,17.17,NA,36,36,0,0,27,9,0,0,0,0.75,0.75,2.25
17,"binary",3,"Mixed linear and rule-based","BRP-GABLE full",TRUE,"AUC",0.821997151954431,173.79,NA,35,34,1,11,24,0,0,0,0.314285714285714,0.685714285714286,1,1.68571428571429
17,"binary",3,"Mixed linear and rule-based","BRP-GABLE rule-only",TRUE,"AUC",0.822829165266644,172.03,NA,34,34,0,10,24,0,0,0,0.294117647058824,0.705882352941177,1,1.70588235294118
17,"binary",3,"Mixed linear and rule-based","GABLE",TRUE,"AUC",0.775804412870606,4.25,NA,4,4,0,3,1,0,0,0,0.75,0.25,1,1.25
17,"binary",3,"Mixed linear and rule-based","GBM",TRUE,"AUC",0.828909262548201,0.0699999999999998,NA,NA,NA,NA,NA,NA,NA,NA,NA,NA,NA,NA,NA
17,"binary",3,"Mixed linear and rule-based","Linear",TRUE,"AUC",0.826973231571705,0.00999999999999091,NA,20,0,20,20,0,0,0,0,1,0,1,1
17,"binary",3,"Mixed linear and rule-based","Random forest",TRUE,"AUC",0.822341157458519,0.360000000000014,NA,NA,NA,NA,NA,NA,NA,NA,NA,NA,NA,NA,NA
17,"binary",3,"Mixed linear and rule-based","RuleFit",TRUE,"AUC",0.810220963535417,18.02,NA,34,34,0,0,26,8,0,0,0,0.764705882352941,0.764705882352941,2.23529411764706
18,"binary",3,"Mixed linear and rule-based","BRP-GABLE full",TRUE,"AUC",0.799775910364146,210.37,NA,44,43,1,15,29,0,0,0,0.340909090909091,0.659090909090909,1,1.65909090909091
18,"binary",3,"Mixed linear and rule-based","BRP-GABLE rule-only",TRUE,"AUC",0.797895158063225,187.89,NA,44,44,0,15,29,0,0,0,0.340909090909091,0.659090909090909,1,1.65909090909091
18,"binary",3,"Mixed linear and rule-based","GABLE",TRUE,"AUC",0.759543817527011,4.49000000000001,NA,5,5,0,4,1,0,0,0,0.8,0.2,1,1.2
18,"binary",3,"Mixed linear and rule-based","GBM",TRUE,"AUC",0.827242897158864,0.04,NA,NA,NA,NA,NA,NA,NA,NA,NA,NA,NA,NA,NA
18,"binary",3,"Mixed linear and rule-based","Linear",TRUE,"AUC",0.832108843537415,0,NA,20,0,20,20,0,0,0,0,1,0,1,1
18,"binary",3,"Mixed linear and rule-based","Random forest",TRUE,"AUC",0.814973989595838,0.370000000000005,NA,NA,NA,NA,NA,NA,NA,NA,NA,NA,NA,NA,NA
18,"binary",3,"Mixed linear and rule-based","RuleFit",TRUE,"AUC",0.824569827931173,17.21,NA,56,56,0,0,31,25,0,0,0,0.553571428571429,0.553571428571429,2.44642857142857
19,"binary",3,"Mixed linear and rule-based","BRP-GABLE full",TRUE,"AUC",0.83891156462585,199.58,NA,53,49,4,18,35,0,0,0,0.339622641509434,0.660377358490566,1,1.66037735849057
19,"binary",3,"Mixed linear and rule-based","BRP-GABLE rule-only",TRUE,"AUC",0.838935574229692,187.3,NA,48,48,0,13,35,0,0,0,0.270833333333333,0.729166666666667,1,1.72916666666667
19,"binary",3,"Mixed linear and rule-based","GABLE",TRUE,"AUC",0.825546218487395,4.42000000000007,NA,5,5,0,4,1,0,0,0,0.8,0.2,1,1.2
19,"binary",3,"Mixed linear and rule-based","GBM",TRUE,"AUC",0.843185274109644,0.0499999999999998,NA,NA,NA,NA,NA,NA,NA,NA,NA,NA,NA,NA,NA
19,"binary",3,"Mixed linear and rule-based","Linear",TRUE,"AUC",0.843201280512205,0.0299999999999727,NA,20,0,20,20,0,0,0,0,1,0,1,1
19,"binary",3,"Mixed linear and rule-based","Random forest",TRUE,"AUC",0.846994797919168,0.379999999999995,NA,NA,NA,NA,NA,NA,NA,NA,NA,NA,NA,NA,NA
19,"binary",3,"Mixed linear and rule-based","RuleFit",TRUE,"AUC",0.850852340936375,18.3,NA,47,47,0,1,38,8,0,0,0.0212765957446809,0.808510638297872,0.829787234042553,2.14893617021277
20,"binary",3,"Mixed linear and rule-based","BRP-GABLE full",TRUE,"AUC",0.795538914490527,188.07,NA,30,29,1,7,23,0,0,0,0.233333333333333,0.766666666666667,1,1.76666666666667
20,"binary",3,"Mixed linear and rule-based","BRP-GABLE rule-only",TRUE,"AUC",0.795146889400922,187.97,NA,30,30,0,7,23,0,0,0,0.233333333333333,0.766666666666667,1,1.76666666666667
20,"binary",3,"Mixed linear and rule-based","GABLE",TRUE,"AUC",0.743607590885817,4.05000000000007,NA,5,5,0,3,2,0,0,0,0.6,0.4,1,1.4
20,"binary",3,"Mixed linear and rule-based","GBM",TRUE,"AUC",0.811379928315412,0.05,NA,NA,NA,NA,NA,NA,NA,NA,NA,NA,NA,NA,NA
20,"binary",3,"Mixed linear and rule-based","Linear",TRUE,"AUC",0.819364439324117,0,NA,20,0,20,20,0,0,0,0,1,0,1,1
20,"binary",3,"Mixed linear and rule-based","Random forest",TRUE,"AUC",0.800075204813108,0.329999999999927,NA,NA,NA,NA,NA,NA,NA,NA,NA,NA,NA,NA,NA
20,"binary",3,"Mixed linear and rule-based","RuleFit",TRUE,"AUC",0.806299603174603,17.52,NA,50,50,0,1,27,22,0,0,0.02,0.54,0.56,2.42
21,"binary",3,"Mixed linear and rule-based","BRP-GABLE full",TRUE,"AUC",0.833341366236103,190.41,NA,56,56,0,11,45,0,0,0,0.196428571428571,0.803571428571429,1,1.80357142857143
21,"binary",3,"Mixed linear and rule-based","BRP-GABLE rule-only",TRUE,"AUC",0.834096459096459,181.32,NA,59,59,0,12,47,0,0,0,0.203389830508475,0.796610169491525,1,1.79661016949153
21,"binary",3,"Mixed linear and rule-based","GABLE",TRUE,"AUC",0.789586144849303,4.05999999999995,NA,5,5,0,4,1,0,0,0,0.8,0.2,1,1.2
21,"binary",3,"Mixed linear and rule-based","GBM",TRUE,"AUC",0.82934901355954,0.04,NA,NA,NA,NA,NA,NA,NA,NA,NA,NA,NA,NA,NA
21,"binary",3,"Mixed linear and rule-based","Linear",TRUE,"AUC",0.835389756442388,0,NA,20,0,20,20,0,0,0,0,1,0,1,1
21,"binary",3,"Mixed linear and rule-based","Random forest",TRUE,"AUC",0.805981299402352,0.339999999999918,NA,NA,NA,NA,NA,NA,NA,NA,NA,NA,NA,NA,NA
21,"binary",3,"Mixed linear and rule-based","RuleFit",TRUE,"AUC",0.838538654328128,15.75,NA,40,40,0,0,25,15,0,0,0,0.625,0.625,2.375
22,"binary",3,"Mixed linear and rule-based","BRP-GABLE full",TRUE,"AUC",0.829285955680008,201.77,NA,48,47,1,14,34,0,0,0,0.291666666666667,0.708333333333333,1,1.70833333333333
22,"binary",3,"Mixed linear and rule-based","BRP-GABLE rule-only",TRUE,"AUC",0.827298475997361,196.14,NA,52,52,0,13,39,0,0,0,0.25,0.75,1,1.75
22,"binary",3,"Mixed linear and rule-based","GABLE",TRUE,"AUC",0.765702698788201,4.39999999999986,NA,5,5,0,4,1,0,0,0,0.8,0.2,1,1.2
22,"binary",3,"Mixed linear and rule-based","GBM",TRUE,"AUC",0.818809443344759,0.04,NA,NA,NA,NA,NA,NA,NA,NA,NA,NA,NA,NA,NA
22,"binary",3,"Mixed linear and rule-based","Linear",TRUE,"AUC",0.83670480696503,0,NA,20,0,20,20,0,0,0,0,1,0,1,1
22,"binary",3,"Mixed linear and rule-based","Random forest",TRUE,"AUC",0.810046830492927,0.3900000000001,NA,NA,NA,NA,NA,NA,NA,NA,NA,NA,NA,NA,NA
22,"binary",3,"Mixed linear and rule-based","RuleFit",TRUE,"AUC",0.82007274014709,16.78,NA,40,40,0,2,28,10,0,0,0.05,0.7,0.75,2.2
23,"binary",3,"Mixed linear and rule-based","BRP-GABLE full",TRUE,"AUC",0.837440553393861,199.37,NA,39,39,0,7,32,0,0,0,0.179487179487179,0.82051282051282,1,1.82051282051282
23,"binary",3,"Mixed linear and rule-based","BRP-GABLE rule-only",TRUE,"AUC",0.838289218747498,193.2,NA,40,40,0,7,33,0,0,0,0.175,0.825,1,1.825
23,"binary",3,"Mixed linear and rule-based","GABLE",TRUE,"AUC",0.769010904549167,3.77999999999997,NA,5,5,0,4,1,0,0,0,0.8,0.2,1,1.2
23,"binary",3,"Mixed linear and rule-based","GBM",TRUE,"AUC",0.855790940097036,0.0299999999999998,NA,NA,NA,NA,NA,NA,NA,NA,NA,NA,NA,NA,NA
23,"binary",3,"Mixed linear and rule-based","Linear",TRUE,"AUC",0.852892667851596,0,NA,20,0,20,20,0,0,0,0,1,0,1,1
23,"binary",3,"Mixed linear and rule-based","Random forest",TRUE,"AUC",0.83989848040864,0.339999999999918,NA,NA,NA,NA,NA,NA,NA,NA,NA,NA,NA,NA,NA
23,"binary",3,"Mixed linear and rule-based","RuleFit",TRUE,"AUC",0.836023442378825,15.9,NA,40,40,0,1,21,18,0,0,0.025,0.525,0.55,2.425
24,"binary",3,"Mixed linear and rule-based","BRP-GABLE full",TRUE,"AUC",0.836861389782237,193.63,NA,40,37,3,6,34,0,0,0,0.15,0.85,1,1.85
24,"binary",3,"Mixed linear and rule-based","BRP-GABLE rule-only",TRUE,"AUC",0.831349301588825,207.04,NA,40,40,0,7,33,0,0,0,0.175,0.825,1,1.825
24,"binary",3,"Mixed linear and rule-based","GABLE",TRUE,"AUC",0.785652570441127,3.95000000000005,NA,4,4,0,2,2,0,0,0,0.5,0.5,1,1.5
24,"binary",3,"Mixed linear and rule-based","GBM",TRUE,"AUC",0.851581625306005,0.0499999999999998,NA,NA,NA,NA,NA,NA,NA,NA,NA,NA,NA,NA,NA
24,"binary",3,"Mixed linear and rule-based","Linear",TRUE,"AUC",0.864013824221188,0,NA,20,0,20,20,0,0,0,0,1,0,1,1
24,"binary",3,"Mixed linear and rule-based","Random forest",TRUE,"AUC",0.831597305556889,0.379999999999882,NA,NA,NA,NA,NA,NA,NA,NA,NA,NA,NA,NA,NA
24,"binary",3,"Mixed linear and rule-based","RuleFit",TRUE,"AUC",0.846005536088577,16.47,NA,40,40,0,0,22,18,0,0,0,0.55,0.55,2.45
25,"binary",3,"Mixed linear and rule-based","BRP-GABLE full",TRUE,"AUC",0.771149639732373,191.99,NA,40,38,2,14,26,0,0,0,0.35,0.65,1,1.65
25,"binary",3,"Mixed linear and rule-based","BRP-GABLE rule-only",TRUE,"AUC",0.767796255790015,184.53,NA,39,39,0,13,26,0,0,0,0.333333333333333,0.666666666666667,1,1.66666666666667
25,"binary",3,"Mixed linear and rule-based","GABLE",TRUE,"AUC",0.76129053010808,3.81999999999994,NA,5,5,0,5,0,0,0,0,1,0,1,1
25,"binary",3,"Mixed linear and rule-based","GBM",TRUE,"AUC",0.786493180648482,0.03,NA,NA,NA,NA,NA,NA,NA,NA,NA,NA,NA,NA,NA
25,"binary",3,"Mixed linear and rule-based","Linear",TRUE,"AUC",0.764603705609882,0.0199999999999818,NA,20,0,20,20,0,0,0,0,1,0,1,1
25,"binary",3,"Mixed linear and rule-based","Random forest",TRUE,"AUC",0.765150540401441,0.470000000000027,NA,NA,NA,NA,NA,NA,NA,NA,NA,NA,NA,NA,NA
25,"binary",3,"Mixed linear and rule-based","RuleFit",TRUE,"AUC",0.773272645393721,16.38,NA,59,59,0,1,40,18,0,0,0.0169491525423729,0.677966101694915,0.694915254237288,2.28813559322034
26,"binary",3,"Mixed linear and rule-based","BRP-GABLE full",TRUE,"AUC",0.80902599897541,172.69,NA,37,36,1,5,32,0,0,0,0.135135135135135,0.864864864864865,1,1.86486486486486
26,"binary",3,"Mixed linear and rule-based","BRP-GABLE rule-only",TRUE,"AUC",0.809170081967213,184.12,NA,37,37,0,5,32,0,0,0,0.135135135135135,0.864864864864865,1,1.86486486486486
26,"binary",3,"Mixed linear and rule-based","GABLE",TRUE,"AUC",0.777263703893443,3.89999999999986,NA,5,5,0,4,1,0,0,0,0.8,0.2,1,1.2
26,"binary",3,"Mixed linear and rule-based","GBM",TRUE,"AUC",0.817158683401639,0.0599999999999998,NA,NA,NA,NA,NA,NA,NA,NA,NA,NA,NA,NA,NA
26,"binary",3,"Mixed linear and rule-based","Linear",TRUE,"AUC",0.832863729508197,0.00999999999999091,NA,20,0,20,20,0,0,0,0,1,0,1,1
26,"binary",3,"Mixed linear and rule-based","Random forest",TRUE,"AUC",0.818879674692623,0.350000000000136,NA,NA,NA,NA,NA,NA,NA,NA,NA,NA,NA,NA,NA
26,"binary",3,"Mixed linear and rule-based","RuleFit",TRUE,"AUC",0.818087218237705,15.5,NA,47,47,0,0,23,24,0,0,0,0.48936170212766,0.48936170212766,2.51063829787234
27,"binary",3,"Mixed linear and rule-based","BRP-GABLE full",TRUE,"AUC",0.830585669382257,206.11,NA,39,36,3,10,29,0,0,0,0.256410256410256,0.743589743589744,1,1.74358974358974
27,"binary",3,"Mixed linear and rule-based","BRP-GABLE rule-only",TRUE,"AUC",0.829815895823978,192.33,NA,37,37,0,8,29,0,0,0,0.216216216216216,0.783783783783784,1,1.78378378378378
27,"binary",3,"Mixed linear and rule-based","GABLE",TRUE,"AUC",0.792882801975752,4.30999999999995,NA,5,5,0,5,0,0,0,0,1,0,1,1
27,"binary",3,"Mixed linear and rule-based","GBM",TRUE,"AUC",0.830537558534864,0.0700000000000001,NA,NA,NA,NA,NA,NA,NA,NA,NA,NA,NA,NA,NA
27,"binary",3,"Mixed linear and rule-based","Linear",TRUE,"AUC",0.820482391429854,0,NA,20,0,20,20,0,0,0,0,1,0,1,1
27,"binary",3,"Mixed linear and rule-based","Random forest",TRUE,"AUC",0.816320803130412,0.369999999999891,NA,NA,NA,NA,NA,NA,NA,NA,NA,NA,NA,NA,NA
27,"binary",3,"Mixed linear and rule-based","RuleFit",TRUE,"AUC",0.829254602604401,16.91,NA,39,39,0,0,14,25,0,0,0,0.358974358974359,0.358974358974359,2.64102564102564
28,"binary",3,"Mixed linear and rule-based","BRP-GABLE full",TRUE,"AUC",0.797568710359408,213.31,NA,35,33,2,5,30,0,0,0,0.142857142857143,0.857142857142857,1,1.85714285714286
28,"binary",3,"Mixed linear and rule-based","BRP-GABLE rule-only",TRUE,"AUC",0.793764815170735,201.24,NA,42,42,0,10,32,0,0,0,0.238095238095238,0.761904761904762,1,1.76190476190476
28,"binary",3,"Mixed linear and rule-based","GABLE",TRUE,"AUC",0.76132359536165,4.75,NA,5,5,0,5,0,0,0,0,1,0,1,1
28,"binary",3,"Mixed linear and rule-based","GBM",TRUE,"AUC",0.804359664296239,0.0599999999999998,NA,NA,NA,NA,NA,NA,NA,NA,NA,NA,NA,NA,NA
28,"binary",3,"Mixed linear and rule-based","Linear",TRUE,"AUC",0.832212185277724,0.0199999999999818,NA,20,0,20,20,0,0,0,0,1,0,1,1
28,"binary",3,"Mixed linear and rule-based","Random forest",TRUE,"AUC",0.803678967262477,0.379999999999882,NA,NA,NA,NA,NA,NA,NA,NA,NA,NA,NA,NA,NA
28,"binary",3,"Mixed linear and rule-based","RuleFit",TRUE,"AUC",0.800924146325838,15.63,NA,39,39,0,0,25,14,0,0,0,0.641025641025641,0.641025641025641,2.35897435897436
29,"binary",3,"Mixed linear and rule-based","BRP-GABLE full",TRUE,"AUC",0.80955124511875,211.22,NA,28,26,2,4,24,0,0,0,0.142857142857143,0.857142857142857,1,1.85714285714286
29,"binary",3,"Mixed linear and rule-based","BRP-GABLE rule-only",TRUE,"AUC",0.809431214390884,178.24,NA,30,30,0,3,27,0,0,0,0.1,0.9,1,1.9
29,"binary",3,"Mixed linear and rule-based","GABLE",TRUE,"AUC",0.762771269444978,4.07999999999993,NA,4,4,0,2,2,0,0,0,0.5,0.5,1,1.5
29,"binary",3,"Mixed linear and rule-based","GBM",TRUE,"AUC",0.823474809551245,0.04,NA,NA,NA,NA,NA,NA,NA,NA,NA,NA,NA,NA,NA
29,"binary",3,"Mixed linear and rule-based","Linear",TRUE,"AUC",0.826515587990526,0.0199999999999818,NA,20,0,20,20,0,0,0,0,1,0,1,1
29,"binary",3,"Mixed linear and rule-based","Random forest",TRUE,"AUC",0.812111900646565,0.369999999999891,NA,NA,NA,NA,NA,NA,NA,NA,NA,NA,NA,NA,NA
29,"binary",3,"Mixed linear and rule-based","RuleFit",TRUE,"AUC",0.806446450291275,14.85,NA,36,36,0,0,27,9,0,0,0,0.75,0.75,2.25
30,"binary",3,"Mixed linear and rule-based","BRP-GABLE full",TRUE,"AUC",0.867147435897436,201.47,NA,43,43,0,17,26,0,0,0,0.395348837209302,0.604651162790698,1,1.6046511627907
30,"binary",3,"Mixed linear and rule-based","BRP-GABLE rule-only",TRUE,"AUC",0.868229166666667,193.7,NA,47,47,0,20,27,0,0,0,0.425531914893617,0.574468085106383,1,1.57446808510638
30,"binary",3,"Mixed linear and rule-based","GABLE",TRUE,"AUC",0.824342948717949,4.29999999999995,NA,5,5,0,4,1,0,0,0,0.8,0.2,1,1.2
30,"binary",3,"Mixed linear and rule-based","GBM",TRUE,"AUC",0.871298076923077,0.0499999999999998,NA,NA,NA,NA,NA,NA,NA,NA,NA,NA,NA,NA,NA
30,"binary",3,"Mixed linear and rule-based","Linear",TRUE,"AUC",0.860320512820513,0.00999999999999091,NA,20,0,20,20,0,0,0,0,1,0,1,1
30,"binary",3,"Mixed linear and rule-based","Random forest",TRUE,"AUC",0.853285256410256,0.3900000000001,NA,NA,NA,NA,NA,NA,NA,NA,NA,NA,NA,NA,NA
30,"binary",3,"Mixed linear and rule-based","RuleFit",TRUE,"AUC",0.859871794871795,15.08,NA,42,42,0,1,31,10,0,0,0.0238095238095238,0.738095238095238,0.761904761904762,2.21428571428571
31,"binary",3,"Mixed linear and rule-based","BRP-GABLE full",TRUE,"AUC",0.79764419691441,204.11,NA,42,39,3,6,36,0,0,0,0.142857142857143,0.857142857142857,1,1.85714285714286
31,"binary",3,"Mixed linear and rule-based","BRP-GABLE rule-only",TRUE,"AUC",0.794499391844312,197.37,NA,42,42,0,6,36,0,0,0,0.142857142857143,0.857142857142857,1,1.85714285714286
31,"binary",3,"Mixed linear and rule-based","GABLE",TRUE,"AUC",0.771781576083477,4.3900000000001,NA,5,5,0,3,2,0,0,0,0.6,0.4,1,1.4
31,"binary",3,"Mixed linear and rule-based","GBM",TRUE,"AUC",0.8206420843736,0.0600000000000001,NA,NA,NA,NA,NA,NA,NA,NA,NA,NA,NA,NA,NA
31,"binary",3,"Mixed linear and rule-based","Linear",TRUE,"AUC",0.81454452339799,0.0199999999999818,NA,20,0,20,20,0,0,0,0,1,0,1,1
31,"binary",3,"Mixed linear and rule-based","Random forest",TRUE,"AUC",0.808967095576468,0.3599999999999,NA,NA,NA,NA,NA,NA,NA,NA,NA,NA,NA,NA,NA
31,"binary",3,"Mixed linear and rule-based","RuleFit",TRUE,"AUC",0.802261378913002,15.36,NA,32,32,0,0,21,11,0,0,0,0.65625,0.65625,2.34375
32,"binary",3,"Mixed linear and rule-based","BRP-GABLE full",TRUE,"AUC",0.795689102564103,210.07,NA,44,41,3,16,28,0,0,0,0.363636363636364,0.636363636363636,1,1.63636363636364
32,"binary",3,"Mixed linear and rule-based","BRP-GABLE rule-only",TRUE,"AUC",0.793325320512821,201.52,NA,40,40,0,13,27,0,0,0,0.325,0.675,1,1.675
32,"binary",3,"Mixed linear and rule-based","GABLE",TRUE,"AUC",0.73886217948718,4.34000000000015,NA,5,5,0,4,1,0,0,0,0.8,0.2,1,1.2
32,"binary",3,"Mixed linear and rule-based","GBM",TRUE,"AUC",0.814567307692308,0.05,NA,NA,NA,NA,NA,NA,NA,NA,NA,NA,NA,NA,NA
32,"binary",3,"Mixed linear and rule-based","Linear",TRUE,"AUC",0.830657051282051,0,NA,20,0,20,20,0,0,0,0,1,0,1,1
32,"binary",3,"Mixed linear and rule-based","Random forest",TRUE,"AUC",0.80229967948718,0.3599999999999,NA,NA,NA,NA,NA,NA,NA,NA,NA,NA,NA,NA,NA
32,"binary",3,"Mixed linear and rule-based","RuleFit",TRUE,"AUC",0.829695512820513,15.87,NA,43,43,0,3,23,17,0,0,0.0697674418604651,0.534883720930233,0.604651162790698,2.32558139534884
33,"binary",3,"Mixed linear and rule-based","BRP-GABLE full",TRUE,"AUC",0.818967725409836,212.3,NA,44,43,1,9,35,0,0,0,0.204545454545455,0.795454545454545,1,1.79545454545455
33,"binary",3,"Mixed linear and rule-based","BRP-GABLE rule-only",TRUE,"AUC",0.818103227459016,196.64,NA,44,44,0,8,36,0,0,0,0.181818181818182,0.818181818181818,1,1.81818181818182
33,"binary",3,"Mixed linear and rule-based","GABLE",TRUE,"AUC",0.769595286885246,4.37000000000012,NA,5,5,0,4,1,0,0,0,0.8,0.2,1,1.2
33,"binary",3,"Mixed linear and rule-based","GBM",TRUE,"AUC",0.84527087602459,0.0500000000000003,NA,NA,NA,NA,NA,NA,NA,NA,NA,NA,NA,NA,NA
33,"binary",3,"Mixed linear and rule-based","Linear",TRUE,"AUC",0.845382940573771,0,NA,20,0,20,20,0,0,0,0,1,0,1,1
33,"binary",3,"Mixed linear and rule-based","Random forest",TRUE,"AUC",0.825563524590164,0.349999999999909,NA,NA,NA,NA,NA,NA,NA,NA,NA,NA,NA,NA,NA
33,"binary",3,"Mixed linear and rule-based","RuleFit",TRUE,"AUC",0.827004354508197,16.13,NA,50,50,0,0,37,13,0,0,0,0.74,0.74,2.26
34,"binary",3,"Mixed linear and rule-based","BRP-GABLE full",TRUE,"AUC",0.81236677217234,213.15,NA,40,37,3,12,28,0,0,0,0.3,0.7,1,1.7
34,"binary",3,"Mixed linear and rule-based","BRP-GABLE rule-only",TRUE,"AUC",0.806238292099994,198.11,NA,40,40,0,10,30,0,0,0,0.25,0.75,1,1.75
34,"binary",3,"Mixed linear and rule-based","GABLE",TRUE,"AUC",0.774247464634068,4.50999999999999,NA,5,5,0,4,1,0,0,0,0.8,0.2,1,1.2
34,"binary",3,"Mixed linear and rule-based","GBM",TRUE,"AUC",0.828111879077579,0.05,NA,NA,NA,NA,NA,NA,NA,NA,NA,NA,NA,NA,NA
34,"binary",3,"Mixed linear and rule-based","Linear",TRUE,"AUC",0.832455913700665,0,NA,20,0,20,20,0,0,0,0,1,0,1,1
34,"binary",3,"Mixed linear and rule-based","Random forest",TRUE,"AUC",0.819585298107357,0.3599999999999,NA,NA,NA,NA,NA,NA,NA,NA,NA,NA,NA,NA,NA
34,"binary",3,"Mixed linear and rule-based","RuleFit",TRUE,"AUC",0.805907241134294,17.14,NA,51,51,0,0,35,16,0,0,0,0.686274509803922,0.686274509803922,2.31372549019608
35,"binary",3,"Mixed linear and rule-based","BRP-GABLE full",TRUE,"AUC",0.837848253713368,213.57,NA,51,50,1,21,30,0,0,0,0.411764705882353,0.588235294117647,1,1.58823529411765
35,"binary",3,"Mixed linear and rule-based","BRP-GABLE rule-only",TRUE,"AUC",0.837864311521477,198.11,NA,53,53,0,23,30,0,0,0,0.433962264150943,0.566037735849057,1,1.56603773584906
35,"binary",3,"Mixed linear and rule-based","GABLE",TRUE,"AUC",0.808944199116821,4.13000000000011,NA,5,5,0,4,1,0,0,0,0.8,0.2,1,1.2
35,"binary",3,"Mixed linear and rule-based","GBM",TRUE,"AUC",0.832501003613007,0.0299999999999998,NA,NA,NA,NA,NA,NA,NA,NA,NA,NA,NA,NA,NA
35,"binary",3,"Mixed linear and rule-based","Linear",TRUE,"AUC",0.852364512244079,0.0199999999999818,NA,20,0,20,20,0,0,0,0,1,0,1,1
35,"binary",3,"Mixed linear and rule-based","Random forest",TRUE,"AUC",0.827001204335608,0.369999999999891,NA,NA,NA,NA,NA,NA,NA,NA,NA,NA,NA,NA,NA
35,"binary",3,"Mixed linear and rule-based","RuleFit",TRUE,"AUC",0.825138498594942,16.09,NA,42,42,0,0,27,15,0,0,0,0.642857142857143,0.642857142857143,2.35714285714286
36,"binary",3,"Mixed linear and rule-based","BRP-GABLE full",TRUE,"AUC",0.838995261270492,215.85,NA,33,30,3,6,27,0,0,0,0.181818181818182,0.818181818181818,1,1.81818181818182
36,"binary",3,"Mixed linear and rule-based","BRP-GABLE rule-only",TRUE,"AUC",0.836954085553279,203.63,NA,37,37,0,9,28,0,0,0,0.243243243243243,0.756756756756757,1,1.75675675675676
36,"binary",3,"Mixed linear and rule-based","GABLE",TRUE,"AUC",0.808433657786885,4.75999999999999,NA,5,5,0,4,1,0,0,0,0.8,0.2,1,1.2
36,"binary",3,"Mixed linear and rule-based","GBM",TRUE,"AUC",0.842245133196721,0.0299999999999998,NA,NA,NA,NA,NA,NA,NA,NA,NA,NA,NA,NA,NA
36,"binary",3,"Mixed linear and rule-based","Linear",TRUE,"AUC",0.833103867827869,0.0199999999999818,NA,20,0,20,20,0,0,0,0,1,0,1,1
36,"binary",3,"Mixed linear and rule-based","Random forest",TRUE,"AUC",0.836665919569672,0.379999999999882,NA,NA,NA,NA,NA,NA,NA,NA,NA,NA,NA,NA,NA
36,"binary",3,"Mixed linear and rule-based","RuleFit",TRUE,"AUC",0.848592789446721,17.62,NA,42,42,0,0,26,16,0,0,0,0.619047619047619,0.619047619047619,2.38095238095238
37,"binary",3,"Mixed linear and rule-based","BRP-GABLE full",TRUE,"AUC",0.791434607259458,192.82,NA,58,57,1,20,38,0,0,0,0.344827586206897,0.655172413793103,1,1.6551724137931
37,"binary",3,"Mixed linear and rule-based","BRP-GABLE rule-only",TRUE,"AUC",0.792010754753217,207.1,NA,52,52,0,15,37,0,0,0,0.288461538461538,0.711538461538462,1,1.71153846153846
37,"binary",3,"Mixed linear and rule-based","GABLE",TRUE,"AUC",0.777278983419755,4.05999999999995,NA,5,5,0,3,2,0,0,0,0.6,0.4,1,1.4
37,"binary",3,"Mixed linear and rule-based","GBM",TRUE,"AUC",0.825923436399718,0.04,NA,NA,NA,NA,NA,NA,NA,NA,NA,NA,NA,NA,NA
37,"binary",3,"Mixed linear and rule-based","Linear",TRUE,"AUC",0.837414378080789,0.00999999999999091,NA,20,0,20,20,0,0,0,0,1,0,1,1
37,"binary",3,"Mixed linear and rule-based","Random forest",TRUE,"AUC",0.81440048652455,0.529999999999973,NA,NA,NA,NA,NA,NA,NA,NA,NA,NA,NA,NA,NA
37,"binary",3,"Mixed linear and rule-based","RuleFit",TRUE,"AUC",0.833013251392356,14.45,NA,39,39,0,2,20,17,0,0,0.0512820512820513,0.512820512820513,0.564102564102564,2.38461538461538
38,"binary",3,"Mixed linear and rule-based","BRP-GABLE full",TRUE,"AUC",0.851503548598984,203.95,NA,57,53,4,22,35,0,0,0,0.385964912280702,0.614035087719298,1,1.6140350877193
38,"binary",3,"Mixed linear and rule-based","BRP-GABLE rule-only",TRUE,"AUC",0.844975087713677,201.49,NA,54,54,0,18,36,0,0,0,0.333333333333333,0.666666666666667,1,1.66666666666667
38,"binary",3,"Mixed linear and rule-based","GABLE",TRUE,"AUC",0.806749547413448,4.45000000000005,NA,5,5,0,5,0,0,0,0,1,0,1,1
38,"binary",3,"Mixed linear and rule-based","GBM",TRUE,"AUC",0.853810538457841,0.0300000000000002,NA,NA,NA,NA,NA,NA,NA,NA,NA,NA,NA,NA,NA
38,"binary",3,"Mixed linear and rule-based","Linear",TRUE,"AUC",0.824828978355949,0,NA,20,0,20,20,0,0,0,0,1,0,1,1
38,"binary",3,"Mixed linear and rule-based","Random forest",TRUE,"AUC",0.854515452025825,0.3599999999999,NA,NA,NA,NA,NA,NA,NA,NA,NA,NA,NA,NA,NA
38,"binary",3,"Mixed linear and rule-based","RuleFit",TRUE,"AUC",0.858248289783559,16.81,NA,54,54,0,1,26,27,0,0,0.0185185185185185,0.481481481481481,0.5,2.48148148148148
39,"binary",3,"Mixed linear and rule-based","BRP-GABLE full",TRUE,"AUC",0.802758024216798,197.5,NA,46,43,3,14,32,0,0,0,0.304347826086957,0.695652173913043,1,1.69565217391304
39,"binary",3,"Mixed linear and rule-based","BRP-GABLE rule-only",TRUE,"AUC",0.802261515792171,190.58,NA,45,45,0,12,33,0,0,0,0.266666666666667,0.733333333333333,1,1.73333333333333
39,"binary",3,"Mixed linear and rule-based","GABLE",TRUE,"AUC",0.739653405086809,3.80999999999995,NA,5,5,0,4,1,0,0,0,0.8,0.2,1,1.2
39,"binary",3,"Mixed linear and rule-based","GBM",TRUE,"AUC",0.816403997693638,0.0499999999999998,NA,NA,NA,NA,NA,NA,NA,NA,NA,NA,NA,NA,NA
39,"binary",3,"Mixed linear and rule-based","Linear",TRUE,"AUC",0.808475879300404,0.0199999999999818,NA,20,0,20,20,0,0,0,0,1,0,1,1
39,"binary",3,"Mixed linear and rule-based","Random forest",TRUE,"AUC",0.812479979499007,0.3599999999999,NA,NA,NA,NA,NA,NA,NA,NA,NA,NA,NA,NA,NA
39,"binary",3,"Mixed linear and rule-based","RuleFit",TRUE,"AUC",0.802661925812032,14.79,NA,65,65,0,7,35,23,0,0,0.107692307692308,0.538461538461538,0.646153846153846,2.24615384615385
40,"binary",3,"Mixed linear and rule-based","BRP-GABLE full",TRUE,"AUC",0.825165520447587,199.98,NA,39,37,2,15,24,0,0,0,0.384615384615385,0.615384615384615,1,1.61538461538462
40,"binary",3,"Mixed linear and rule-based","BRP-GABLE rule-only",TRUE,"AUC",0.82090928036679,188.03,NA,42,42,0,14,28,0,0,0,0.333333333333333,0.666666666666667,1,1.66666666666667
40,"binary",3,"Mixed linear and rule-based","GABLE",TRUE,"AUC",0.792053415412238,3.71000000000004,NA,5,5,0,4,1,0,0,0,0.8,0.2,1,1.2
40,"binary",3,"Mixed linear and rule-based","GBM",TRUE,"AUC",0.836611680212892,0.0500000000000003,NA,NA,NA,NA,NA,NA,NA,NA,NA,NA,NA,NA,NA
40,"binary",3,"Mixed linear and rule-based","Linear",TRUE,"AUC",0.840507221981757,0,NA,20,0,20,20,0,0,0,0,1,0,1,1
40,"binary",3,"Mixed linear and rule-based","Random forest",TRUE,"AUC",0.833758155789609,0.3599999999999,NA,NA,NA,NA,NA,NA,NA,NA,NA,NA,NA,NA,NA
40,"binary",3,"Mixed linear and rule-based","RuleFit",TRUE,"AUC",0.838888087337085,17.09,NA,56,56,0,1,27,28,0,0,0.0178571428571429,0.482142857142857,0.5,2.48214285714286
41,"binary",3,"Mixed linear and rule-based","BRP-GABLE full",TRUE,"AUC",0.809834910569887,174.58,NA,43,42,1,9,34,0,0,0,0.209302325581395,0.790697674418605,1,1.7906976744186
41,"binary",3,"Mixed linear and rule-based","BRP-GABLE rule-only",TRUE,"AUC",0.809754847800676,195.51,NA,45,45,0,10,35,0,0,0,0.222222222222222,0.777777777777778,1,1.77777777777778
41,"binary",3,"Mixed linear and rule-based","GABLE",TRUE,"AUC",0.787249203375446,3.82000000000016,NA,5,5,0,3,2,0,0,0,0.6,0.4,1,1.4
41,"binary",3,"Mixed linear and rule-based","GBM",TRUE,"AUC",0.820595346751853,0.0499999999999998,NA,NA,NA,NA,NA,NA,NA,NA,NA,NA,NA,NA,NA
41,"binary",3,"Mixed linear and rule-based","Linear",TRUE,"AUC",0.825254999919937,0,NA,20,0,20,20,0,0,0,0,1,0,1,1
41,"binary",3,"Mixed linear and rule-based","Random forest",TRUE,"AUC",0.835142751917503,0.339999999999918,NA,NA,NA,NA,NA,NA,NA,NA,NA,NA,NA,NA,NA
41,"binary",3,"Mixed linear and rule-based","RuleFit",TRUE,"AUC",0.816175881891403,15.44,NA,46,46,0,1,25,20,0,0,0.0217391304347826,0.543478260869565,0.565217391304348,2.41304347826087
42,"binary",3,"Mixed linear and rule-based","BRP-GABLE full",TRUE,"AUC",0.853978972972108,184.51,NA,64,60,4,38,26,0,0,0,0.59375,0.40625,1,1.40625
42,"binary",3,"Mixed linear and rule-based","BRP-GABLE rule-only",TRUE,"AUC",0.843281432526284,171.29,NA,63,63,0,38,25,0,0,0,0.603174603174603,0.396825396825397,1,1.3968253968254
42,"binary",3,"Mixed linear and rule-based","GABLE",TRUE,"AUC",0.754468643484662,3.61000000000013,NA,4,4,0,2,2,0,0,0,0.5,0.5,1,1.5
42,"binary",3,"Mixed linear and rule-based","GBM",TRUE,"AUC",0.858187579011378,0.0299999999999998,NA,NA,NA,NA,NA,NA,NA,NA,NA,NA,NA,NA,NA
42,"binary",3,"Mixed linear and rule-based","Linear",TRUE,"AUC",0.860443903922165,0.0199999999999818,NA,20,0,20,20,0,0,0,0,1,0,1,1
42,"binary",3,"Mixed linear and rule-based","Random forest",TRUE,"AUC",0.856963402729993,0.329999999999927,NA,NA,NA,NA,NA,NA,NA,NA,NA,NA,NA,NA,NA
42,"binary",3,"Mixed linear and rule-based","RuleFit",TRUE,"AUC",0.856827383143173,16.26,NA,41,41,0,0,27,14,0,0,0,0.658536585365854,0.658536585365854,2.34146341463415
43,"binary",3,"Mixed linear and rule-based","BRP-GABLE full",TRUE,"AUC",0.772429553098698,191.34,NA,52,52,0,11,41,0,0,0,0.211538461538462,0.788461538461538,1,1.78846153846154
43,"binary",3,"Mixed linear and rule-based","BRP-GABLE rule-only",TRUE,"AUC",0.772574389674761,170.25,NA,53,53,0,12,41,0,0,0,0.226415094339623,0.773584905660377,1,1.77358490566038
43,"binary",3,"Mixed linear and rule-based","GABLE",TRUE,"AUC",0.745723297767907,3.38999999999987,NA,5,5,0,4,1,0,0,0,0.8,0.2,1,1.2
43,"binary",3,"Mixed linear and rule-based","GBM",TRUE,"AUC",0.798677159271955,0.0700000000000003,NA,NA,NA,NA,NA,NA,NA,NA,NA,NA,NA,NA,NA
43,"binary",3,"Mixed linear and rule-based","Linear",TRUE,"AUC",0.800753150195529,0.0199999999999818,NA,20,0,20,20,0,0,0,0,1,0,1,1
43,"binary",3,"Mixed linear and rule-based","Random forest",TRUE,"AUC",0.779767939619241,0.340000000000146,NA,NA,NA,NA,NA,NA,NA,NA,NA,NA,NA,NA,NA
43,"binary",3,"Mixed linear and rule-based","RuleFit",TRUE,"AUC",0.79632758814915,14.7,NA,40,40,0,1,30,9,0,0,0.025,0.75,0.775,2.2
44,"binary",3,"Mixed linear and rule-based","BRP-GABLE full",TRUE,"AUC",0.842160864345738,192.33,NA,39,37,2,15,24,0,0,0,0.384615384615385,0.615384615384615,1,1.61538461538462
44,"binary",3,"Mixed linear and rule-based","BRP-GABLE rule-only",TRUE,"AUC",0.839567827130852,182.49,NA,39,39,0,16,23,0,0,0,0.41025641025641,0.58974358974359,1,1.58974358974359
44,"binary",3,"Mixed linear and rule-based","GABLE",TRUE,"AUC",0.804401760704282,4.26999999999998,NA,5,5,0,4,1,0,0,0,0.8,0.2,1,1.2
44,"binary",3,"Mixed linear and rule-based","GBM",TRUE,"AUC",0.840304121648659,0.0500000000000003,NA,NA,NA,NA,NA,NA,NA,NA,NA,NA,NA,NA,NA
44,"binary",3,"Mixed linear and rule-based","Linear",TRUE,"AUC",0.829771908763505,0.00999999999999091,NA,20,0,20,20,0,0,0,0,1,0,1,1
44,"binary",3,"Mixed linear and rule-based","Random forest",TRUE,"AUC",0.82203281312525,0.360000000000127,NA,NA,NA,NA,NA,NA,NA,NA,NA,NA,NA,NA,NA
44,"binary",3,"Mixed linear and rule-based","RuleFit",TRUE,"AUC",0.826178471388555,17.37,NA,41,41,0,0,26,15,0,0,0,0.634146341463415,0.634146341463415,2.36585365853659
45,"binary",3,"Mixed linear and rule-based","BRP-GABLE full",TRUE,"AUC",0.821248627349654,199.49,NA,31,30,1,7,24,0,0,0,0.225806451612903,0.774193548387097,1,1.7741935483871
45,"binary",3,"Mixed linear and rule-based","BRP-GABLE rule-only",TRUE,"AUC",0.82027162328015,192.67,NA,31,31,0,6,25,0,0,0,0.193548387096774,0.806451612903226,1,1.80645161290323
45,"binary",3,"Mixed linear and rule-based","GABLE",TRUE,"AUC",0.78561623926103,4.07000000000016,NA,4,4,0,3,1,0,0,0,0.75,0.25,1,1.25
45,"binary",3,"Mixed linear and rule-based","GBM",TRUE,"AUC",0.827433628318584,0.04,NA,NA,NA,NA,NA,NA,NA,NA,NA,NA,NA,NA,NA
45,"binary",3,"Mixed linear and rule-based","Linear",TRUE,"AUC",0.830518054389251,0.0100000000002183,NA,20,0,20,20,0,0,0,0,1,0,1,1
45,"binary",3,"Mixed linear and rule-based","Random forest",TRUE,"AUC",0.824357276661714,0.349999999999909,NA,NA,NA,NA,NA,NA,NA,NA,NA,NA,NA,NA,NA
45,"binary",3,"Mixed linear and rule-based","RuleFit",TRUE,"AUC",0.825011304179317,15.49,NA,47,47,0,1,30,16,0,0,0.0212765957446809,0.638297872340426,0.659574468085106,2.31914893617021
46,"binary",3,"Mixed linear and rule-based","BRP-GABLE full",TRUE,"AUC",0.810067844342038,188.94,NA,51,49,2,15,36,0,0,0,0.294117647058824,0.705882352941177,1,1.70588235294118
46,"binary",3,"Mixed linear and rule-based","BRP-GABLE rule-only",TRUE,"AUC",0.809131784434204,180.52,NA,49,49,0,12,37,0,0,0,0.244897959183673,0.755102040816326,1,1.75510204081633
46,"binary",3,"Mixed linear and rule-based","GABLE",TRUE,"AUC",0.765889016897081,3.66999999999962,NA,5,5,0,4,1,0,0,0,0.8,0.2,1,1.2
46,"binary",3,"Mixed linear and rule-based","GBM",TRUE,"AUC",0.839141705069124,0.0500000000000003,NA,NA,NA,NA,NA,NA,NA,NA,NA,NA,NA,NA,NA
46,"binary",3,"Mixed linear and rule-based","Linear",TRUE,"AUC",0.808547747055812,0.00999999999976353,NA,20,0,20,20,0,0,0,0,1,0,1,1
46,"binary",3,"Mixed linear and rule-based","Random forest",TRUE,"AUC",0.81989247311828,0.360000000000127,NA,NA,NA,NA,NA,NA,NA,NA,NA,NA,NA,NA,NA
46,"binary",3,"Mixed linear and rule-based","RuleFit",TRUE,"AUC",0.821732590885817,14.7,NA,39,39,0,0,32,7,0,0,0,0.82051282051282,0.82051282051282,2.17948717948718
47,"binary",3,"Mixed linear and rule-based","BRP-GABLE full",TRUE,"AUC",0.81007509887752,200.08,NA,51,46,5,12,39,0,0,0,0.235294117647059,0.764705882352941,1,1.76470588235294
47,"binary",3,"Mixed linear and rule-based","BRP-GABLE rule-only",TRUE,"AUC",0.809186402139277,183.29,NA,49,49,0,11,38,0,0,0,0.224489795918367,0.775510204081633,1,1.77551020408163
47,"binary",3,"Mixed linear and rule-based","GABLE",TRUE,"AUC",0.775087668732286,4.34999999999991,NA,5,5,0,5,0,0,0,0,1,0,1,1
47,"binary",3,"Mixed linear and rule-based","GBM",TRUE,"AUC",0.822949192166659,0.04,NA,NA,NA,NA,NA,NA,NA,NA,NA,NA,NA,NA,NA
47,"binary",3,"Mixed linear and rule-based","Linear",TRUE,"AUC",0.81883396582921,0.0199999999999818,NA,20,0,20,20,0,0,0,0,1,0,1,1
47,"binary",3,"Mixed linear and rule-based","Random forest",TRUE,"AUC",0.79748122528062,0.340000000000146,NA,NA,NA,NA,NA,NA,NA,NA,NA,NA,NA,NA,NA
47,"binary",3,"Mixed linear and rule-based","RuleFit",TRUE,"AUC",0.816239932106772,16.02,NA,54,54,0,0,34,20,0,0,0,0.62962962962963,0.62962962962963,2.37037037037037
48,"binary",3,"Mixed linear and rule-based","BRP-GABLE full",TRUE,"AUC",0.826915690416747,164.41,NA,57,55,2,11,46,0,0,0,0.192982456140351,0.807017543859649,1,1.80701754385965
48,"binary",3,"Mixed linear and rule-based","BRP-GABLE rule-only",TRUE,"AUC",0.824739133218104,186.58,NA,62,62,0,13,49,0,0,0,0.209677419354839,0.790322580645161,1,1.79032258064516
48,"binary",3,"Mixed linear and rule-based","GABLE",TRUE,"AUC",0.738100953844184,3.84999999999991,NA,4,4,0,3,1,0,0,0,0.75,0.25,1,1.25
48,"binary",3,"Mixed linear and rule-based","GBM",TRUE,"AUC",0.846088598681262,0.0499999999999998,NA,NA,NA,NA,NA,NA,NA,NA,NA,NA,NA,NA,NA
48,"binary",3,"Mixed linear and rule-based","Linear",TRUE,"AUC",0.837110300236861,0,NA,20,0,20,20,0,0,0,0,1,0,1,1
48,"binary",3,"Mixed linear and rule-based","Random forest",TRUE,"AUC",0.841783496575123,0.340000000000146,NA,NA,NA,NA,NA,NA,NA,NA,NA,NA,NA,NA,NA
48,"binary",3,"Mixed linear and rule-based","RuleFit",TRUE,"AUC",0.84065520773318,17.06,NA,44,44,0,0,18,26,0,0,0,0.409090909090909,0.409090909090909,2.59090909090909
49,"binary",3,"Mixed linear and rule-based","BRP-GABLE full",TRUE,"AUC",0.815816154106117,190.1,NA,54,53,1,16,38,0,0,0,0.296296296296296,0.703703703703704,1,1.7037037037037
49,"binary",3,"Mixed linear and rule-based","BRP-GABLE rule-only",TRUE,"AUC",0.816492058127746,197.74,NA,51,51,0,15,36,0,0,0,0.294117647058824,0.705882352941177,1,1.70588235294118
49,"binary",3,"Mixed linear and rule-based","GABLE",TRUE,"AUC",0.748901655964853,3.72000000000025,NA,5,5,0,3,2,0,0,0,0.6,0.4,1,1.4
49,"binary",3,"Mixed linear and rule-based","GBM",TRUE,"AUC",0.81335393231304,0.0300000000000002,NA,NA,NA,NA,NA,NA,NA,NA,NA,NA,NA,NA,NA
49,"binary",3,"Mixed linear and rule-based","Linear",TRUE,"AUC",0.825294903361818,0.00999999999976353,NA,20,0,20,20,0,0,0,0,1,0,1,1
49,"binary",3,"Mixed linear and rule-based","Random forest",TRUE,"AUC",0.808180047957,0.360000000000127,NA,NA,NA,NA,NA,NA,NA,NA,NA,NA,NA,NA,NA
49,"binary",3,"Mixed linear and rule-based","RuleFit",TRUE,"AUC",0.813426350601072,17.17,NA,42,42,0,0,17,25,0,0,0,0.404761904761905,0.404761904761905,2.5952380952381
50,"binary",3,"Mixed linear and rule-based","BRP-GABLE full",TRUE,"AUC",0.830124049619848,192.19,NA,50,48,2,15,35,0,0,0,0.3,0.7,1,1.7
50,"binary",3,"Mixed linear and rule-based","BRP-GABLE rule-only",TRUE,"AUC",0.828227290916366,195.82,NA,48,48,0,13,35,0,0,0,0.270833333333333,0.729166666666667,1,1.72916666666667
50,"binary",3,"Mixed linear and rule-based","GABLE",TRUE,"AUC",0.783017206882753,4.05999999999995,NA,5,5,0,5,0,0,0,0,1,0,1,1
50,"binary",3,"Mixed linear and rule-based","GBM",TRUE,"AUC",0.82609043617447,0.04,NA,NA,NA,NA,NA,NA,NA,NA,NA,NA,NA,NA,NA
50,"binary",3,"Mixed linear and rule-based","Linear",TRUE,"AUC",0.837823129251701,0.0100000000002183,NA,20,0,20,20,0,0,0,0,1,0,1,1
50,"binary",3,"Mixed linear and rule-based","Random forest",TRUE,"AUC",0.822216886754702,0.349999999999909,NA,NA,NA,NA,NA,NA,NA,NA,NA,NA,NA,NA,NA
50,"binary",3,"Mixed linear and rule-based","RuleFit",TRUE,"AUC",0.826042416966787,17.04,NA,36,36,0,0,20,16,0,0,0,0.555555555555556,0.555555555555556,2.44444444444444
51,"binary",3,"Mixed linear and rule-based","BRP-GABLE full",TRUE,"AUC",0.850070094587409,182.66,NA,27,27,0,4,23,0,0,0,0.148148148148148,0.851851851851852,1,1.85185185185185
51,"binary",3,"Mixed linear and rule-based","BRP-GABLE rule-only",TRUE,"AUC",0.851117484973976,180.77,NA,27,27,0,4,23,0,0,0,0.148148148148148,0.851851851851852,1,1.85185185185185
51,"binary",3,"Mixed linear and rule-based","GABLE",TRUE,"AUC",0.827559258125332,3.98999999999978,NA,5,5,0,5,0,0,0,0,1,0,1,1
51,"binary",3,"Mixed linear and rule-based","GBM",TRUE,"AUC",0.84953028569587,0.04,NA,NA,NA,NA,NA,NA,NA,NA,NA,NA,NA,NA,NA
51,"binary",3,"Mixed linear and rule-based","Linear",TRUE,"AUC",0.829323708084242,0.0199999999999818,NA,20,0,20,20,0,0,0,0,1,0,1,1
51,"binary",3,"Mixed linear and rule-based","Random forest",TRUE,"AUC",0.846742615897775,0.340000000000146,NA,NA,NA,NA,NA,NA,NA,NA,NA,NA,NA,NA,NA
51,"binary",3,"Mixed linear and rule-based","RuleFit",TRUE,"AUC",0.849723650074929,14.87,NA,47,47,0,0,36,11,0,0,0,0.765957446808511,0.765957446808511,2.23404255319149
52,"binary",3,"Mixed linear and rule-based","BRP-GABLE full",TRUE,"AUC",0.83745837602459,189.39,NA,53,47,6,24,29,0,0,0,0.452830188679245,0.547169811320755,1,1.54716981132075
52,"binary",3,"Mixed linear and rule-based","BRP-GABLE rule-only",TRUE,"AUC",0.831158747438525,182.05,NA,50,50,0,21,29,0,0,0,0.42,0.58,1,1.58
52,"binary",3,"Mixed linear and rule-based","GABLE",TRUE,"AUC",0.779665087090164,4.34000000000015,NA,5,5,0,4,1,0,0,0,0.8,0.2,1,1.2
52,"binary",3,"Mixed linear and rule-based","GBM",TRUE,"AUC",0.840852330942623,0.0300000000000002,NA,NA,NA,NA,NA,NA,NA,NA,NA,NA,NA,NA,NA
52,"binary",3,"Mixed linear and rule-based","Linear",TRUE,"AUC",0.845687115778688,0,NA,20,0,20,20,0,0,0,0,1,0,1,1
52,"binary",3,"Mixed linear and rule-based","Random forest",TRUE,"AUC",0.830582415471312,0.329999999999927,NA,NA,NA,NA,NA,NA,NA,NA,NA,NA,NA,NA,NA
52,"binary",3,"Mixed linear and rule-based","RuleFit",TRUE,"AUC",0.823770491803279,18.2,NA,44,44,0,0,20,24,0,0,0,0.454545454545455,0.454545454545455,2.54545454545455
53,"binary",3,"Mixed linear and rule-based","BRP-GABLE full",TRUE,"AUC",0.813693240454076,180.64,NA,51,48,3,16,35,0,0,0,0.313725490196078,0.686274509803922,1,1.68627450980392
53,"binary",3,"Mixed linear and rule-based","BRP-GABLE rule-only",TRUE,"AUC",0.809283088235294,170.51,NA,50,50,0,14,36,0,0,0,0.28,0.72,1,1.72
53,"binary",3,"Mixed linear and rule-based","GABLE",TRUE,"AUC",0.80843653250774,4.19000000000005,NA,5,5,0,3,2,0,0,0,0.6,0.4,1,1.4
53,"binary",3,"Mixed linear and rule-based","GBM",TRUE,"AUC",0.85094169246646,0.04,NA,NA,NA,NA,NA,NA,NA,NA,NA,NA,NA,NA,NA
53,"binary",3,"Mixed linear and rule-based","Linear",TRUE,"AUC",0.838783539731682,0.0199999999999818,NA,20,0,20,20,0,0,0,0,1,0,1,1
53,"binary",3,"Mixed linear and rule-based","Random forest",TRUE,"AUC",0.830616292569659,0.309999999999945,NA,NA,NA,NA,NA,NA,NA,NA,NA,NA,NA,NA,NA
53,"binary",3,"Mixed linear and rule-based","RuleFit",TRUE,"AUC",0.824238906088751,14.75,NA,37,37,0,0,24,13,0,0,0,0.648648648648649,0.648648648648649,2.35135135135135
54,"binary",3,"Mixed linear and rule-based","BRP-GABLE full",TRUE,"AUC",0.815430752453653,184.12,NA,37,34,3,11,26,0,0,0,0.297297297297297,0.702702702702703,1,1.7027027027027
54,"binary",3,"Mixed linear and rule-based","BRP-GABLE rule-only",TRUE,"AUC",0.812736544999679,175.32,NA,41,41,0,14,27,0,0,0,0.341463414634146,0.658536585365854,1,1.65853658536585
54,"binary",3,"Mixed linear and rule-based","GABLE",TRUE,"AUC",0.797164667393675,4.09999999999991,NA,5,5,0,4,1,0,0,0,0.8,0.2,1,1.2
54,"binary",3,"Mixed linear and rule-based","GBM",TRUE,"AUC",0.828532939893515,0.0499999999999998,NA,NA,NA,NA,NA,NA,NA,NA,NA,NA,NA,NA,NA
54,"binary",3,"Mixed linear and rule-based","Linear",TRUE,"AUC",0.834177945987555,0,NA,20,0,20,20,0,0,0,0,1,0,1,1
54,"binary",3,"Mixed linear and rule-based","Random forest",TRUE,"AUC",0.820682853293989,0.329999999999927,NA,NA,NA,NA,NA,NA,NA,NA,NA,NA,NA,NA,NA
54,"binary",3,"Mixed linear and rule-based","RuleFit",TRUE,"AUC",0.824074668035153,16.72,NA,49,49,0,1,29,19,0,0,0.0204081632653061,0.591836734693878,0.612244897959184,2.36734693877551
55,"binary",3,"Mixed linear and rule-based","BRP-GABLE full",TRUE,"AUC",0.809916958671339,198.91,NA,34,33,1,9,25,0,0,0,0.264705882352941,0.735294117647059,1,1.73529411764706
55,"binary",3,"Mixed linear and rule-based","BRP-GABLE rule-only",TRUE,"AUC",0.809548952783245,192.35,NA,34,34,0,10,24,0,0,0,0.294117647058824,0.705882352941177,1,1.70588235294118
55,"binary",3,"Mixed linear and rule-based","GABLE",TRUE,"AUC",0.733755740091842,6.4699999999998,NA,5,5,0,4,1,0,0,0,0.8,0.2,1,1.2
55,"binary",3,"Mixed linear and rule-based","GBM",TRUE,"AUC",0.820301124817997,0.0499999999999998,NA,NA,NA,NA,NA,NA,NA,NA,NA,NA,NA,NA,NA
55,"binary",3,"Mixed linear and rule-based","Linear",TRUE,"AUC",0.82882926126818,0.0100000000002183,NA,20,0,20,20,0,0,0,0,1,0,1,1
55,"binary",3,"Mixed linear and rule-based","Random forest",TRUE,"AUC",0.808044928718859,0.340000000000146,NA,NA,NA,NA,NA,NA,NA,NA,NA,NA,NA,NA,NA
55,"binary",3,"Mixed linear and rule-based","RuleFit",TRUE,"AUC",0.826253220051521,17.41,NA,54,54,0,0,30,24,0,0,0,0.555555555555556,0.555555555555556,2.44444444444444
56,"binary",3,"Mixed linear and rule-based","BRP-GABLE full",TRUE,"AUC",0.812708013312852,204.22,NA,40,38,2,11,29,0,0,0,0.275,0.725,1,1.725
56,"binary",3,"Mixed linear and rule-based","BRP-GABLE rule-only",TRUE,"AUC",0.807003648233487,195.96,NA,47,47,0,17,30,0,0,0,0.361702127659574,0.638297872340426,1,1.63829787234043
56,"binary",3,"Mixed linear and rule-based","GABLE",TRUE,"AUC",0.801059267793139,4.81999999999971,NA,5,5,0,4,1,0,0,0,0.8,0.2,1,1.2
56,"binary",3,"Mixed linear and rule-based","GBM",TRUE,"AUC",0.831541218637993,0.0299999999999998,NA,NA,NA,NA,NA,NA,NA,NA,NA,NA,NA,NA,NA
56,"binary",3,"Mixed linear and rule-based","Linear",TRUE,"AUC",0.83219726062468,0,NA,20,0,20,20,0,0,0,0,1,0,1,1
56,"binary",3,"Mixed linear and rule-based","Random forest",TRUE,"AUC",0.825444828469022,0.340000000000146,NA,NA,NA,NA,NA,NA,NA,NA,NA,NA,NA,NA,NA
56,"binary",3,"Mixed linear and rule-based","RuleFit",TRUE,"AUC",0.821668586789555,16.2,NA,49,49,0,3,31,15,0,0,0.0612244897959184,0.63265306122449,0.693877551020408,2.24489795918367
57,"binary",3,"Mixed linear and rule-based","BRP-GABLE full",TRUE,"AUC",0.83157658308065,190.25,NA,28,27,1,3,25,0,0,0,0.107142857142857,0.892857142857143,1,1.89285714285714
57,"binary",3,"Mixed linear and rule-based","BRP-GABLE rule-only",TRUE,"AUC",0.830798479087453,183.77,NA,29,29,0,2,27,0,0,0,0.0689655172413793,0.931034482758621,1,1.93103448275862
57,"binary",3,"Mixed linear and rule-based","GABLE",TRUE,"AUC",0.801029985079655,3.69000000000005,NA,5,5,0,3,2,0,0,0,0.6,0.4,1,1.4
57,"binary",3,"Mixed linear and rule-based","GBM",TRUE,"AUC",0.847940832009754,0.0299999999999998,NA,NA,NA,NA,NA,NA,NA,NA,NA,NA,NA,NA,NA
57,"binary",3,"Mixed linear and rule-based","Linear",TRUE,"AUC",0.822848983651794,0.0199999999999818,NA,20,0,20,20,0,0,0,0,1,0,1,1
57,"binary",3,"Mixed linear and rule-based","Random forest",TRUE,"AUC",0.838627649163338,0.359999999999673,NA,NA,NA,NA,NA,NA,NA,NA,NA,NA,NA,NA,NA
57,"binary",3,"Mixed linear and rule-based","RuleFit",TRUE,"AUC",0.834047263801319,15.45,NA,45,45,0,0,36,9,0,0,0,0.8,0.8,2.2
58,"binary",3,"Mixed linear and rule-based","BRP-GABLE full",TRUE,"AUC",0.838824790769871,198.12,NA,44,44,0,12,32,0,0,0,0.272727272727273,0.727272727272727,1,1.72727272727273
58,"binary",3,"Mixed linear and rule-based","BRP-GABLE rule-only",TRUE,"AUC",0.838472740074571,184.52,NA,46,46,0,12,34,0,0,0,0.260869565217391,0.739130434782609,1,1.73913043478261
58,"binary",3,"Mixed linear and rule-based","GABLE",TRUE,"AUC",0.79981917396105,3.57000000000016,NA,5,5,0,4,1,0,0,0,0.8,0.2,1,1.2
58,"binary",3,"Mixed linear and rule-based","GBM",TRUE,"AUC",0.843449456721768,0.0500000000000003,NA,NA,NA,NA,NA,NA,NA,NA,NA,NA,NA,NA,NA
58,"binary",3,"Mixed linear and rule-based","Linear",TRUE,"AUC",0.83820070090093,0,NA,20,0,20,20,0,0,0,0,1,0,1,1
58,"binary",3,"Mixed linear and rule-based","Random forest",TRUE,"AUC",0.849210286281225,0.369999999999891,NA,NA,NA,NA,NA,NA,NA,NA,NA,NA,NA,NA,NA
58,"binary",3,"Mixed linear and rule-based","RuleFit",TRUE,"AUC",0.842905378374486,14.64,NA,38,38,0,1,24,13,0,0,0.0263157894736842,0.631578947368421,0.657894736842105,2.31578947368421
59,"binary",3,"Mixed linear and rule-based","BRP-GABLE full",TRUE,"AUC",0.793739197234492,169.28,NA,39,37,2,9,30,0,0,0,0.230769230769231,0.769230769230769,1,1.76923076923077
59,"binary",3,"Mixed linear and rule-based","BRP-GABLE rule-only",TRUE,"AUC",0.791906728122399,189.31,NA,40,40,0,8,32,0,0,0,0.2,0.8,1,1.8
59,"binary",3,"Mixed linear and rule-based","GABLE",TRUE,"AUC",0.769412969720248,3.5,NA,5,5,0,4,1,0,0,0,0.8,0.2,1,1.2
59,"binary",3,"Mixed linear and rule-based","GBM",TRUE,"AUC",0.821794379361116,0.0499999999999998,NA,NA,NA,NA,NA,NA,NA,NA,NA,NA,NA,NA,NA
59,"binary",3,"Mixed linear and rule-based","Linear",TRUE,"AUC",0.826291530631842,0.0199999999999818,NA,20,0,20,20,0,0,0,0,1,0,1,1
59,"binary",3,"Mixed linear and rule-based","Random forest",TRUE,"AUC",0.816392996607131,0.360000000000127,NA,NA,NA,NA,NA,NA,NA,NA,NA,NA,NA,NA,NA
59,"binary",3,"Mixed linear and rule-based","RuleFit",TRUE,"AUC",0.816977146149414,15.78,NA,60,60,0,1,31,28,0,0,0.0166666666666667,0.516666666666667,0.533333333333333,2.45
60,"binary",3,"Mixed linear and rule-based","BRP-GABLE full",TRUE,"AUC",0.804871018878801,203.88,NA,40,38,2,12,28,0,0,0,0.3,0.7,1,1.7
60,"binary",3,"Mixed linear and rule-based","BRP-GABLE rule-only",TRUE,"AUC",0.806376198939969,191.59,NA,41,41,0,14,27,0,0,0,0.341463414634146,0.658536585365854,1,1.65853658536585
60,"binary",3,"Mixed linear and rule-based","GABLE",TRUE,"AUC",0.77338233174809,4.35999999999967,NA,5,5,0,4,1,0,0,0,0.8,0.2,1,1.2
60,"binary",3,"Mixed linear and rule-based","GBM",TRUE,"AUC",0.837184352532385,0.0299999999999998,NA,NA,NA,NA,NA,NA,NA,NA,NA,NA,NA,NA,NA
60,"binary",3,"Mixed linear and rule-based","Linear",TRUE,"AUC",0.821668187859282,0.0100000000002183,NA,20,0,20,20,0,0,0,0,1,0,1,1
60,"binary",3,"Mixed linear and rule-based","Random forest",TRUE,"AUC",0.814078237338073,0.360000000000127,NA,NA,NA,NA,NA,NA,NA,NA,NA,NA,NA,NA,NA
60,"binary",3,"Mixed linear and rule-based","RuleFit",TRUE,"AUC",0.817072584906567,15.46,NA,48,48,0,2,33,13,0,0,0.0416666666666667,0.6875,0.729166666666667,2.22916666666667
61,"binary",3,"Mixed linear and rule-based","BRP-GABLE full",TRUE,"AUC",0.848339335734294,192.92,NA,38,36,2,10,28,0,0,0,0.263157894736842,0.736842105263158,1,1.73684210526316
61,"binary",3,"Mixed linear and rule-based","BRP-GABLE rule-only",TRUE,"AUC",0.849955982392957,182.86,NA,41,41,0,12,29,0,0,0,0.292682926829268,0.707317073170732,1,1.70731707317073
61,"binary",3,"Mixed linear and rule-based","GABLE",TRUE,"AUC",0.811900760304122,4.54999999999973,NA,5,5,0,4,1,0,0,0,0.8,0.2,1,1.2
61,"binary",3,"Mixed linear and rule-based","GBM",TRUE,"AUC",0.858215286114446,0.0500000000000003,NA,NA,NA,NA,NA,NA,NA,NA,NA,NA,NA,NA,NA
61,"binary",3,"Mixed linear and rule-based","Linear",TRUE,"AUC",0.847779111644658,0.0199999999999818,NA,20,0,20,20,0,0,0,0,1,0,1,1
61,"binary",3,"Mixed linear and rule-based","Random forest",TRUE,"AUC",0.847907162865146,0.360000000000127,NA,NA,NA,NA,NA,NA,NA,NA,NA,NA,NA,NA,NA
61,"binary",3,"Mixed linear and rule-based","RuleFit",TRUE,"AUC",0.852861144457783,15.97,NA,48,48,0,0,39,9,0,0,0,0.8125,0.8125,2.1875
62,"binary",3,"Mixed linear and rule-based","BRP-GABLE full",TRUE,"AUC",0.811245496654658,181.29,NA,43,40,3,11,32,0,0,0,0.255813953488372,0.744186046511628,1,1.74418604651163
62,"binary",3,"Mixed linear and rule-based","BRP-GABLE rule-only",TRUE,"AUC",0.804064269171384,178.9,NA,41,41,0,10,31,0,0,0,0.24390243902439,0.75609756097561,1,1.75609756097561
62,"binary",3,"Mixed linear and rule-based","GABLE",TRUE,"AUC",0.751696796191456,3.88999999999987,NA,5,5,0,4,1,0,0,0,0.8,0.2,1,1.2
62,"binary",3,"Mixed linear and rule-based","GBM",TRUE,"AUC",0.822166109109624,0.0300000000000002,NA,NA,NA,NA,NA,NA,NA,NA,NA,NA,NA,NA,NA
62,"binary",3,"Mixed linear and rule-based","Linear",TRUE,"AUC",0.820879439011837,0,NA,20,0,20,20,0,0,0,0,1,0,1,1
62,"binary",3,"Mixed linear and rule-based","Random forest",TRUE,"AUC",0.829910254760679,0.329999999999927,NA,NA,NA,NA,NA,NA,NA,NA,NA,NA,NA,NA,NA
62,"binary",3,"Mixed linear and rule-based","RuleFit",TRUE,"AUC",0.827344956253217,15.47,NA,49,49,0,0,38,11,0,0,0,0.775510204081633,0.775510204081633,2.22448979591837
63,"binary",3,"Mixed linear and rule-based","BRP-GABLE full",TRUE,"AUC",0.84331775102459,194.86,NA,45,43,2,14,31,0,0,0,0.311111111111111,0.688888888888889,1,1.68888888888889
63,"binary",3,"Mixed linear and rule-based","BRP-GABLE rule-only",TRUE,"AUC",0.842653368340164,190.19,NA,46,46,0,15,31,0,0,0,0.326086956521739,0.673913043478261,1,1.67391304347826
63,"binary",3,"Mixed linear and rule-based","GABLE",TRUE,"AUC",0.786557056864754,4.44000000000005,NA,5,5,0,5,0,0,0,0,1,0,1,1
63,"binary",3,"Mixed linear and rule-based","GBM",TRUE,"AUC",0.838098744877049,0.04,NA,NA,NA,NA,NA,NA,NA,NA,NA,NA,NA,NA,NA
63,"binary",3,"Mixed linear and rule-based","Linear",TRUE,"AUC",0.834320568647541,0.0199999999999818,NA,20,0,20,20,0,0,0,0,1,0,1,1
63,"binary",3,"Mixed linear and rule-based","Random forest",TRUE,"AUC",0.845118788422131,0.340000000000146,NA,NA,NA,NA,NA,NA,NA,NA,NA,NA,NA,NA,NA
63,"binary",3,"Mixed linear and rule-based","RuleFit",TRUE,"AUC",0.840484118852459,15.96,NA,58,58,0,2,43,13,0,0,0.0344827586206897,0.741379310344828,0.775862068965517,2.18965517241379
64,"binary",3,"Mixed linear and rule-based","BRP-GABLE full",TRUE,"AUC",0.828356059151143,188.52,NA,34,31,3,8,26,0,0,0,0.235294117647059,0.764705882352941,1,1.76470588235294
64,"binary",3,"Mixed linear and rule-based","BRP-GABLE rule-only",TRUE,"AUC",0.827323794891492,181.96,NA,39,39,0,10,29,0,0,0,0.256410256410256,0.743589743589744,1,1.74358974358974
64,"binary",3,"Mixed linear and rule-based","GABLE",TRUE,"AUC",0.793115037449587,4.10999999999967,NA,5,5,0,5,0,0,0,0,1,0,1,1
64,"binary",3,"Mixed linear and rule-based","GBM",TRUE,"AUC",0.826291530631842,0.0499999999999998,NA,NA,NA,NA,NA,NA,NA,NA,NA,NA,NA,NA,NA
64,"binary",3,"Mixed linear and rule-based","Linear",TRUE,"AUC",0.815440752832725,0.0100000000002183,NA,20,0,20,20,0,0,0,0,1,0,1,1
64,"binary",3,"Mixed linear and rule-based","Random forest",TRUE,"AUC",0.827787913705909,0.340000000000146,NA,NA,NA,NA,NA,NA,NA,NA,NA,NA,NA,NA,NA
64,"binary",3,"Mixed linear and rule-based","RuleFit",TRUE,"AUC",0.827955956724922,16.06,NA,54,54,0,0,36,18,0,0,0,0.666666666666667,0.666666666666667,2.33333333333333
65,"binary",3,"Mixed linear and rule-based","BRP-GABLE full",TRUE,"AUC",0.86530612244898,185.74,NA,36,35,1,10,26,0,0,0,0.277777777777778,0.722222222222222,1,1.72222222222222
65,"binary",3,"Mixed linear and rule-based","BRP-GABLE rule-only",TRUE,"AUC",0.865986394557823,179.05,NA,38,38,0,9,29,0,0,0,0.236842105263158,0.763157894736842,1,1.76315789473684
65,"binary",3,"Mixed linear and rule-based","GABLE",TRUE,"AUC",0.825042016806723,3.92999999999984,NA,5,5,0,5,0,0,0,0,1,0,1,1
65,"binary",3,"Mixed linear and rule-based","GBM",TRUE,"AUC",0.855958383353341,0.04,NA,NA,NA,NA,NA,NA,NA,NA,NA,NA,NA,NA,NA
65,"binary",3,"Mixed linear and rule-based","Linear",TRUE,"AUC",0.851796718687475,0,NA,20,0,20,20,0,0,0,0,1,0,1,1
65,"binary",3,"Mixed linear and rule-based","Random forest",TRUE,"AUC",0.865378151260504,0.320000000000164,NA,NA,NA,NA,NA,NA,NA,NA,NA,NA,NA,NA,NA
65,"binary",3,"Mixed linear and rule-based","RuleFit",TRUE,"AUC",0.861576630652261,14.73,NA,36,36,0,1,19,16,0,0,0.0277777777777778,0.527777777777778,0.555555555555556,2.41666666666667
66,"binary",3,"Mixed linear and rule-based","BRP-GABLE full",TRUE,"AUC",0.822877135674369,160.86,NA,34,34,0,0,34,0,0,0,0,1,1,2
66,"binary",3,"Mixed linear and rule-based","BRP-GABLE rule-only",TRUE,"AUC",0.824574466381643,177.95,NA,36,36,0,0,36,0,0,0,0,1,1,2
66,"binary",3,"Mixed linear and rule-based","GABLE",TRUE,"AUC",0.74551248178572,2.89000000000033,NA,5,5,0,2,3,0,0,0,0.4,0.6,1,1.6
66,"binary",3,"Mixed linear and rule-based","GBM",TRUE,"AUC",0.833405389825623,0.04,NA,NA,NA,NA,NA,NA,NA,NA,NA,NA,NA,NA,NA
66,"binary",3,"Mixed linear and rule-based","Linear",TRUE,"AUC",0.832204448287457,0.110000000000127,NA,20,0,20,20,0,0,0,0,1,0,1,1
66,"binary",3,"Mixed linear and rule-based","Random forest",TRUE,"AUC",0.817392835983411,0.329999999999927,NA,NA,NA,NA,NA,NA,NA,NA,NA,NA,NA,NA,NA
66,"binary",3,"Mixed linear and rule-based","RuleFit",TRUE,"AUC",0.817160653952699,15.8,NA,43,43,0,0,26,17,0,0,0,0.604651162790698,0.604651162790698,2.3953488372093
67,"binary",3,"Mixed linear and rule-based","BRP-GABLE full",TRUE,"AUC",0.825641769865841,192.24,NA,39,36,3,12,27,0,0,0,0.307692307692308,0.692307692307692,1,1.69230769230769
67,"binary",3,"Mixed linear and rule-based","BRP-GABLE rule-only",TRUE,"AUC",0.825738519091847,184.86,NA,44,44,0,17,27,0,0,0,0.386363636363636,0.613636363636364,1,1.61363636363636
67,"binary",3,"Mixed linear and rule-based","GABLE",TRUE,"AUC",0.810008707430341,3.61000000000013,NA,5,5,0,3,2,0,0,0,0.6,0.4,1,1.4
67,"binary",3,"Mixed linear and rule-based","GBM",TRUE,"AUC",0.824335655314757,0.0299999999999998,NA,NA,NA,NA,NA,NA,NA,NA,NA,NA,NA,NA,NA
67,"binary",3,"Mixed linear and rule-based","Linear",TRUE,"AUC",0.84391124871001,0,NA,20,0,20,20,0,0,0,0,1,0,1,1
67,"binary",3,"Mixed linear and rule-based","Random forest",TRUE,"AUC",0.827754127966976,0.360000000000127,NA,NA,NA,NA,NA,NA,NA,NA,NA,NA,NA,NA,NA
67,"binary",3,"Mixed linear and rule-based","RuleFit",TRUE,"AUC",0.834010577915377,15.75,NA,47,47,0,0,32,15,0,0,0,0.680851063829787,0.680851063829787,2.31914893617021
68,"binary",3,"Mixed linear and rule-based","BRP-GABLE full",TRUE,"AUC",0.813797186794898,177.070000000001,NA,44,41,3,9,35,0,0,0,0.204545454545455,0.795454545454545,1,1.79545454545455
68,"binary",3,"Mixed linear and rule-based","BRP-GABLE rule-only",TRUE,"AUC",0.808612440191388,184.67,NA,45,45,0,9,36,0,0,0,0.2,0.8,1,1.8
68,"binary",3,"Mixed linear and rule-based","GABLE",TRUE,"AUC",0.775495671376678,4.45000000000027,NA,5,5,0,4,1,0,0,0,0.8,0.2,1,1.2
68,"binary",3,"Mixed linear and rule-based","GBM",TRUE,"AUC",0.830183546430686,0.0500000000000003,NA,NA,NA,NA,NA,NA,NA,NA,NA,NA,NA,NA,NA
68,"binary",3,"Mixed linear and rule-based","Linear",TRUE,"AUC",0.83512825846922,0,NA,20,0,20,20,0,0,0,0,1,0,1,1
68,"binary",3,"Mixed linear and rule-based","Random forest",TRUE,"AUC",0.823598598198141,0.339999999999691,NA,NA,NA,NA,NA,NA,NA,NA,NA,NA,NA,NA,NA
68,"binary",3,"Mixed linear and rule-based","RuleFit",TRUE,"AUC",0.819397993311037,16.21,NA,40,40,0,1,19,20,0,0,0.025,0.475,0.5,2.475
69,"binary",3,"Mixed linear and rule-based","BRP-GABLE full",TRUE,"AUC",0.819814479565517,195.49,NA,41,39,2,9,32,0,0,0,0.219512195121951,0.780487804878049,1,1.78048780487805
69,"binary",3,"Mixed linear and rule-based","BRP-GABLE rule-only",TRUE,"AUC",0.816225828673961,172.9,NA,41,41,0,10,31,0,0,0,0.24390243902439,0.75609756097561,1,1.75609756097561
69,"binary",3,"Mixed linear and rule-based","GABLE",TRUE,"AUC",0.800909979333216,4.5,NA,5,5,0,5,0,0,0,0,1,0,1,1
69,"binary",3,"Mixed linear and rule-based","GBM",TRUE,"AUC",0.837949983178199,0.0299999999999998,NA,NA,NA,NA,NA,NA,NA,NA,NA,NA,NA,NA,NA
69,"binary",3,"Mixed linear and rule-based","Linear",TRUE,"AUC",0.826094618625739,0.0199999999999818,NA,20,0,20,20,0,0,0,0,1,0,1,1
69,"binary",3,"Mixed linear and rule-based","Random forest",TRUE,"AUC",0.833319982697576,0.369999999999891,NA,NA,NA,NA,NA,NA,NA,NA,NA,NA,NA,NA,NA
69,"binary",3,"Mixed linear and rule-based","RuleFit",TRUE,"AUC",0.825934410996652,16.75,NA,52,52,0,0,28,24,0,0,0,0.538461538461538,0.538461538461538,2.46153846153846
70,"binary",3,"Mixed linear and rule-based","BRP-GABLE full",TRUE,"AUC",0.832421099801549,209.03,NA,39,37,2,11,28,0,0,0,0.282051282051282,0.717948717948718,1,1.71794871794872
70,"binary",3,"Mixed linear and rule-based","BRP-GABLE rule-only",TRUE,"AUC",0.829620382818001,190.17,NA,42,42,0,13,29,0,0,0,0.30952380952381,0.69047619047619,1,1.69047619047619
70,"binary",3,"Mixed linear and rule-based","GABLE",TRUE,"AUC",0.799252608667819,3.76999999999998,NA,5,5,0,4,1,0,0,0,0.8,0.2,1,1.2
70,"binary",3,"Mixed linear and rule-based","GBM",TRUE,"AUC",0.83490173484412,0.04,NA,NA,NA,NA,NA,NA,NA,NA,NA,NA,NA,NA,NA
70,"binary",3,"Mixed linear and rule-based","Linear",TRUE,"AUC",0.838790730426989,0.0199999999999818,NA,20,0,20,20,0,0,0,0,1,0,1,1
70,"binary",3,"Mixed linear and rule-based","Random forest",TRUE,"AUC",0.824235004161065,0.329999999999927,NA,NA,NA,NA,NA,NA,NA,NA,NA,NA,NA,NA,NA
70,"binary",3,"Mixed linear and rule-based","RuleFit",TRUE,"AUC",0.826915690416747,15.8,NA,54,54,0,3,38,13,0,0,0.0555555555555556,0.703703703703704,0.759259259259259,2.18518518518519
71,"binary",3,"Mixed linear and rule-based","BRP-GABLE full",TRUE,"AUC",0.7924363212133,204.53,NA,54,50,4,16,38,0,0,0,0.296296296296296,0.703703703703704,1,1.7037037037037
71,"binary",3,"Mixed linear and rule-based","BRP-GABLE rule-only",TRUE,"AUC",0.78512865383369,196.48,NA,53,53,0,15,38,0,0,0,0.283018867924528,0.716981132075472,1,1.71698113207547
71,"binary",3,"Mixed linear and rule-based","GABLE",TRUE,"AUC",0.755557715989371,4.25,NA,5,5,0,5,0,0,0,0,1,0,1,1
71,"binary",3,"Mixed linear and rule-based","GBM",TRUE,"AUC",0.793003435089766,0.0499999999999998,NA,NA,NA,NA,NA,NA,NA,NA,NA,NA,NA,NA,NA
71,"binary",3,"Mixed linear and rule-based","Linear",TRUE,"AUC",0.804604964676907,0.00999999999976353,NA,20,0,20,20,0,0,0,0,1,0,1,1
71,"binary",3,"Mixed linear and rule-based","Random forest",TRUE,"AUC",0.804272797977834,0.340000000000146,NA,NA,NA,NA,NA,NA,NA,NA,NA,NA,NA,NA,NA
71,"binary",3,"Mixed linear and rule-based","RuleFit",TRUE,"AUC",0.796568150884698,17.19,NA,49,49,0,0,21,28,0,0,0,0.428571428571429,0.428571428571429,2.57142857142857
72,"binary",3,"Mixed linear and rule-based","BRP-GABLE full",TRUE,"AUC",0.834704789959016,186.98,NA,49,48,1,14,35,0,0,0,0.285714285714286,0.714285714285714,1,1.71428571428571
72,"binary",3,"Mixed linear and rule-based","BRP-GABLE rule-only",TRUE,"AUC",0.831799116290984,202.01,NA,51,51,0,16,35,0,0,0,0.313725490196078,0.686274509803922,1,1.68627450980392
72,"binary",3,"Mixed linear and rule-based","GABLE",TRUE,"AUC",0.789126536885246,4.25,NA,5,5,0,5,0,0,0,0,1,0,1,1
72,"binary",3,"Mixed linear and rule-based","GBM",TRUE,"AUC",0.836818007172131,0.0499999999999998,NA,NA,NA,NA,NA,NA,NA,NA,NA,NA,NA,NA,NA
72,"binary",3,"Mixed linear and rule-based","Linear",TRUE,"AUC",0.849513319672131,0,NA,20,0,20,20,0,0,0,0,1,0,1,1
72,"binary",3,"Mixed linear and rule-based","Random forest",TRUE,"AUC",0.840412077356557,0.339999999999691,NA,NA,NA,NA,NA,NA,NA,NA,NA,NA,NA,NA,NA
72,"binary",3,"Mixed linear and rule-based","RuleFit",TRUE,"AUC",0.840644211065574,15.5,NA,48,48,0,0,22,26,0,0,0,0.458333333333333,0.458333333333333,2.54166666666667
73,"binary",3,"Mixed linear and rule-based","BRP-GABLE full",TRUE,"AUC",0.85844376160297,188.15,NA,35,33,2,7,28,0,0,0,0.2,0.8,1,1.8
73,"binary",3,"Mixed linear and rule-based","BRP-GABLE rule-only",TRUE,"AUC",0.858915882465911,183.3,NA,38,38,0,9,29,0,0,0,0.236842105263158,0.763157894736842,1,1.76315789473684
73,"binary",3,"Mixed linear and rule-based","GABLE",TRUE,"AUC",0.799140579988477,3.96000000000004,NA,5,5,0,3,2,0,0,0,0.6,0.4,1,1.4
73,"binary",3,"Mixed linear and rule-based","GBM",TRUE,"AUC",0.872831444849882,0.0300000000000002,NA,NA,NA,NA,NA,NA,NA,NA,NA,NA,NA,NA,NA
73,"binary",3,"Mixed linear and rule-based","Linear",TRUE,"AUC",0.859067921387875,0,NA,20,0,20,20,0,0,0,0,1,0,1,1
73,"binary",3,"Mixed linear and rule-based","Random forest",TRUE,"AUC",0.85643524742334,0.360000000000127,NA,NA,NA,NA,NA,NA,NA,NA,NA,NA,NA,NA,NA
73,"binary",3,"Mixed linear and rule-based","RuleFit",TRUE,"AUC",0.863813136162858,16.56,NA,42,42,0,0,27,15,0,0,0,0.642857142857143,0.642857142857143,2.35714285714286
74,"binary",3,"Mixed linear and rule-based","BRP-GABLE full",TRUE,"AUC",0.782684522952367,187.5,NA,57,56,1,13,44,0,0,0,0.228070175438596,0.771929824561403,1,1.7719298245614
74,"binary",3,"Mixed linear and rule-based","BRP-GABLE rule-only",TRUE,"AUC",0.781452503240052,186.41,NA,54,54,0,11,43,0,0,0,0.203703703703704,0.796296296296296,1,1.7962962962963
74,"binary",3,"Mixed linear and rule-based","GABLE",TRUE,"AUC",0.743859901758428,4,NA,5,5,0,3,2,0,0,0,0.6,0.4,1,1.4
74,"binary",3,"Mixed linear and rule-based","GBM",TRUE,"AUC",0.799692795084721,0.0600000000000001,NA,NA,NA,NA,NA,NA,NA,NA,NA,NA,NA,NA,NA
74,"binary",3,"Mixed linear and rule-based","Linear",TRUE,"AUC",0.796284740555849,0,NA,20,0,20,20,0,0,0,0,1,0,1,1
74,"binary",3,"Mixed linear and rule-based","Random forest",TRUE,"AUC",0.776612425798813,0.360000000000127,NA,NA,NA,NA,NA,NA,NA,NA,NA,NA,NA,NA,NA
74,"binary",3,"Mixed linear and rule-based","RuleFit",TRUE,"AUC",0.772084353349654,16.39,NA,45,45,0,0,26,19,0,0,0,0.577777777777778,0.577777777777778,2.42222222222222
75,"binary",3,"Mixed linear and rule-based","BRP-GABLE full",TRUE,"AUC",0.803062335831892,183.64,NA,45,44,1,7,38,0,0,0,0.155555555555556,0.844444444444444,1,1.84444444444444
75,"binary",3,"Mixed linear and rule-based","BRP-GABLE rule-only",TRUE,"AUC",0.80249375360369,183.28,NA,46,46,0,8,38,0,0,0,0.173913043478261,0.826086956521739,1,1.82608695652174
75,"binary",3,"Mixed linear and rule-based","GABLE",TRUE,"AUC",0.783282080850791,3.67000000000007,NA,5,5,0,3,2,0,0,0,0.6,0.4,1,1.4
75,"binary",3,"Mixed linear and rule-based","GBM",TRUE,"AUC",0.839483631238388,0.04,NA,NA,NA,NA,NA,NA,NA,NA,NA,NA,NA,NA,NA
75,"binary",3,"Mixed linear and rule-based","Linear",TRUE,"AUC",0.826334166186175,0.0199999999999818,NA,20,0,20,20,0,0,0,0,1,0,1,1
75,"binary",3,"Mixed linear and rule-based","Random forest",TRUE,"AUC",0.837449548337498,0.359999999999673,NA,NA,NA,NA,NA,NA,NA,NA,NA,NA,NA,NA,NA
75,"binary",3,"Mixed linear and rule-based","RuleFit",TRUE,"AUC",0.818446088794926,15.05,NA,26,26,0,0,20,6,0,0,0,0.769230769230769,0.769230769230769,2.23076923076923
76,"binary",3,"Mixed linear and rule-based","BRP-GABLE full",TRUE,"AUC",0.837068841218219,175.83,NA,42,40,2,13,29,0,0,0,0.30952380952381,0.69047619047619,1,1.69047619047619
76,"binary",3,"Mixed linear and rule-based","BRP-GABLE rule-only",TRUE,"AUC",0.83723705922876,188.33,NA,41,41,0,10,31,0,0,0,0.24390243902439,0.75609756097561,1,1.75609756097561
76,"binary",3,"Mixed linear and rule-based","GABLE",TRUE,"AUC",0.802544097149906,3.59000000000015,NA,5,5,0,4,1,0,0,0,0.8,0.2,1,1.2
76,"binary",3,"Mixed linear and rule-based","GBM",TRUE,"AUC",0.846761402778,0.0300000000000002,NA,NA,NA,NA,NA,NA,NA,NA,NA,NA,NA,NA,NA
76,"binary",3,"Mixed linear and rule-based","Linear",TRUE,"AUC",0.840497284480687,0.0100000000002183,NA,20,0,20,20,0,0,0,0,1,0,1,1
76,"binary",3,"Mixed linear and rule-based","Random forest",TRUE,"AUC",0.828754065268588,0.369999999999891,NA,NA,NA,NA,NA,NA,NA,NA,NA,NA,NA,NA,NA
76,"binary",3,"Mixed linear and rule-based","RuleFit",TRUE,"AUC",0.835642993319342,15.98,NA,40,40,0,1,26,13,0,0,0.025,0.65,0.675,2.3
77,"binary",3,"Mixed linear and rule-based","BRP-GABLE full",TRUE,"AUC",0.792048880620951,203.32,NA,46,45,1,9,37,0,0,0,0.195652173913043,0.804347826086957,1,1.80434782608696
77,"binary",3,"Mixed linear and rule-based","BRP-GABLE rule-only",TRUE,"AUC",0.78901789723523,204.59,NA,43,43,0,9,34,0,0,0,0.209302325581395,0.790697674418605,1,1.7906976744186
77,"binary",3,"Mixed linear and rule-based","GABLE",TRUE,"AUC",0.773061132850087,4.42000000000007,NA,4,4,0,3,1,0,0,0,0.75,0.25,1,1.25
77,"binary",3,"Mixed linear and rule-based","GBM",TRUE,"AUC",0.814933607030598,0.0299999999999998,NA,NA,NA,NA,NA,NA,NA,NA,NA,NA,NA,NA,NA
77,"binary",3,"Mixed linear and rule-based","Linear",TRUE,"AUC",0.820161652447238,0.0100000000002183,NA,20,0,20,20,0,0,0,0,1,0,1,1
77,"binary",3,"Mixed linear and rule-based","Random forest",TRUE,"AUC",0.802240361793572,0.360000000000127,NA,NA,NA,NA,NA,NA,NA,NA,NA,NA,NA,NA,NA
77,"binary",3,"Mixed linear and rule-based","RuleFit",TRUE,"AUC",0.803034190775547,14.47,NA,36,36,0,0,24,12,0,0,0,0.666666666666667,0.666666666666667,2.33333333333333
78,"binary",3,"Mixed linear and rule-based","BRP-GABLE full",TRUE,"AUC",0.825463201235203,194.61,NA,52,48,4,16,36,0,0,0,0.307692307692308,0.692307692307692,1,1.69230769230769
78,"binary",3,"Mixed linear and rule-based","BRP-GABLE rule-only",TRUE,"AUC",0.823573404529079,183.51,NA,50,50,0,11,39,0,0,0,0.22,0.78,1,1.78
78,"binary",3,"Mixed linear and rule-based","GABLE",TRUE,"AUC",0.794993244981987,4.27999999999975,NA,5,5,0,4,1,0,0,0,0.8,0.2,1,1.2
78,"binary",3,"Mixed linear and rule-based","GBM",TRUE,"AUC",0.848124678332476,0.0299999999999998,NA,NA,NA,NA,NA,NA,NA,NA,NA,NA,NA,NA,NA
78,"binary",3,"Mixed linear and rule-based","Linear",TRUE,"AUC",0.840066906845085,0.0199999999999818,NA,20,0,20,20,0,0,0,0,1,0,1,1
78,"binary",3,"Mixed linear and rule-based","Random forest",TRUE,"AUC",0.822141984045291,0.360000000000127,NA,NA,NA,NA,NA,NA,NA,NA,NA,NA,NA,NA,NA
78,"binary",3,"Mixed linear and rule-based","RuleFit",TRUE,"AUC",0.840115156973752,15.23,NA,50,50,0,4,37,9,0,0,0.08,0.74,0.82,2.1
79,"binary",3,"Mixed linear and rule-based","BRP-GABLE full",TRUE,"AUC",0.852288588342879,194.52,NA,50,46,4,20,30,0,0,0,0.4,0.6,1,1.6
79,"binary",3,"Mixed linear and rule-based","BRP-GABLE rule-only",TRUE,"AUC",0.851935633954212,184.53,NA,50,50,0,19,31,0,0,0,0.38,0.62,1,1.62
79,"binary",3,"Mixed linear and rule-based","GABLE",TRUE,"AUC",0.816006481526046,4.36000000000013,NA,5,5,0,4,1,0,0,0,0.8,0.2,1,1.2
79,"binary",3,"Mixed linear and rule-based","GBM",TRUE,"AUC",0.852224414817667,0.0600000000000001,NA,NA,NA,NA,NA,NA,NA,NA,NA,NA,NA,NA,NA
79,"binary",3,"Mixed linear and rule-based","Linear",TRUE,"AUC",0.854695095538336,0.0199999999999818,NA,20,0,20,20,0,0,0,0,1,0,1,1
79,"binary",3,"Mixed linear and rule-based","Random forest",TRUE,"AUC",0.840568898301006,0.340000000000146,NA,NA,NA,NA,NA,NA,NA,NA,NA,NA,NA,NA,NA
79,"binary",3,"Mixed linear and rule-based","RuleFit",TRUE,"AUC",0.849240345895301,16.12,NA,54,54,0,5,27,22,0,0,0.0925925925925926,0.5,0.592592592592593,2.31481481481481
80,"binary",3,"Mixed linear and rule-based","BRP-GABLE full",TRUE,"AUC",0.803772860365766,203.61,NA,46,44,2,15,31,0,0,0,0.326086956521739,0.673913043478261,1,1.67391304347826
80,"binary",3,"Mixed linear and rule-based","BRP-GABLE rule-only",TRUE,"AUC",0.800756812108994,206.47,NA,49,49,0,18,31,0,0,0,0.36734693877551,0.63265306122449,1,1.63265306122449
80,"binary",3,"Mixed linear and rule-based","GABLE",TRUE,"AUC",0.743043888702219,4.19999999999982,NA,5,5,0,4,1,0,0,0,0.8,0.2,1,1.2
80,"binary",3,"Mixed linear and rule-based","GBM",TRUE,"AUC",0.814909038544617,0.0499999999999998,NA,NA,NA,NA,NA,NA,NA,NA,NA,NA,NA,NA,NA
80,"binary",3,"Mixed linear and rule-based","Linear",TRUE,"AUC",0.807900926414823,0,NA,20,0,20,20,0,0,0,0,1,0,1,1
80,"binary",3,"Mixed linear and rule-based","Random forest",TRUE,"AUC",0.808460935374966,0.360000000000127,NA,NA,NA,NA,NA,NA,NA,NA,NA,NA,NA,NA,NA
80,"binary",3,"Mixed linear and rule-based","RuleFit",TRUE,"AUC",0.82386918190691,16.96,NA,47,47,0,0,29,18,0,0,0,0.617021276595745,0.617021276595745,2.38297872340426
81,"binary",3,"Mixed linear and rule-based","BRP-GABLE full",TRUE,"AUC",0.814185285053929,198.53,NA,41,41,0,10,31,0,0,0,0.24390243902439,0.75609756097561,1,1.75609756097561
81,"binary",3,"Mixed linear and rule-based","BRP-GABLE rule-only",TRUE,"AUC",0.814185285053929,191.32,NA,41,41,0,10,31,0,0,0,0.24390243902439,0.75609756097561,1,1.75609756097561
81,"binary",3,"Mixed linear and rule-based","GABLE",TRUE,"AUC",0.802011106831022,4.26000000000022,NA,5,5,0,4,1,0,0,0,0.8,0.2,1,1.2
81,"binary",3,"Mixed linear and rule-based","GBM",TRUE,"AUC",0.832338212634823,0.04,NA,NA,NA,NA,NA,NA,NA,NA,NA,NA,NA,NA,NA
81,"binary",3,"Mixed linear and rule-based","Linear",TRUE,"AUC",0.831664098613251,0.0100000000002183,NA,20,0,20,20,0,0,0,0,1,0,1,1
81,"binary",3,"Mixed linear and rule-based","Random forest",TRUE,"AUC",0.824906908063688,0.360000000000127,NA,NA,NA,NA,NA,NA,NA,NA,NA,NA,NA,NA,NA
81,"binary",3,"Mixed linear and rule-based","RuleFit",TRUE,"AUC",0.827924370826913,14.8,NA,41,41,0,2,33,6,0,0,0.0487804878048781,0.804878048780488,0.853658536585366,2.09756097560976
82,"binary",3,"Mixed linear and rule-based","BRP-GABLE full",TRUE,"AUC",0.838437660010241,210.05,NA,48,44,4,16,32,0,0,0,0.333333333333333,0.666666666666667,1,1.66666666666667
82,"binary",3,"Mixed linear and rule-based","BRP-GABLE rule-only",TRUE,"AUC",0.830941180235535,192.82,NA,46,46,0,13,33,0,0,0,0.282608695652174,0.717391304347826,1,1.71739130434783
82,"binary",3,"Mixed linear and rule-based","GABLE",TRUE,"AUC",0.786826356886841,4.73000000000002,NA,5,5,0,5,0,0,0,0,1,0,1,1
82,"binary",3,"Mixed linear and rule-based","GBM",TRUE,"AUC",0.849942396313364,0.0499999999999998,NA,NA,NA,NA,NA,NA,NA,NA,NA,NA,NA,NA,NA
82,"binary",3,"Mixed linear and rule-based","Linear",TRUE,"AUC",0.84701420890937,0,NA,20,0,20,20,0,0,0,0,1,0,1,1
82,"binary",3,"Mixed linear and rule-based","Random forest",TRUE,"AUC",0.842925947260625,0.369999999999891,NA,NA,NA,NA,NA,NA,NA,NA,NA,NA,NA,NA,NA
82,"binary",3,"Mixed linear and rule-based","RuleFit",TRUE,"AUC",0.842469918074757,16.79,NA,54,54,0,0,25,29,0,0,0,0.462962962962963,0.462962962962963,2.53703703703704
83,"binary",3,"Mixed linear and rule-based","BRP-GABLE full",TRUE,"AUC",0.840381926025944,200.64,NA,50,48,2,13,37,0,0,0,0.26,0.74,1,1.74
83,"binary",3,"Mixed linear and rule-based","BRP-GABLE rule-only",TRUE,"AUC",0.840832007201299,203.82,NA,51,51,0,13,38,0,0,0,0.254901960784314,0.745098039215686,1,1.74509803921569
83,"binary",3,"Mixed linear and rule-based","GABLE",TRUE,"AUC",0.777499156097796,4.63999999999987,NA,5,5,0,5,0,0,0,0,1,0,1,1
83,"binary",3,"Mixed linear and rule-based","GBM",TRUE,"AUC",0.846104386684027,0.0500000000000003,NA,NA,NA,NA,NA,NA,NA,NA,NA,NA,NA,NA,NA
83,"binary",3,"Mixed linear and rule-based","Linear",TRUE,"AUC",0.848017231679285,0,NA,20,0,20,20,0,0,0,0,1,0,1,1
83,"binary",3,"Mixed linear and rule-based","Random forest",TRUE,"AUC",0.84246355146196,0.369999999999891,NA,NA,NA,NA,NA,NA,NA,NA,NA,NA,NA,NA,NA
83,"binary",3,"Mixed linear and rule-based","RuleFit",TRUE,"AUC",0.841201716738197,16.01,NA,45,45,0,0,26,19,0,0,0,0.577777777777778,0.577777777777778,2.42222222222222
84,"binary",3,"Mixed linear and rule-based","BRP-GABLE full",TRUE,"AUC",0.815965055440887,198.97,NA,36,36,0,3,33,0,0,0,0.0833333333333333,0.916666666666667,1,1.91666666666667
84,"binary",3,"Mixed linear and rule-based","BRP-GABLE rule-only",TRUE,"AUC",0.815965055440887,191.4,NA,36,36,0,3,33,0,0,0,0.0833333333333333,0.916666666666667,1,1.91666666666667
84,"binary",3,"Mixed linear and rule-based","GABLE",TRUE,"AUC",0.775420406726508,4.11000000000013,NA,5,5,0,4,1,0,0,0,0.8,0.2,1,1.2
84,"binary",3,"Mixed linear and rule-based","GBM",TRUE,"AUC",0.809868957903326,0.0300000000000002,NA,NA,NA,NA,NA,NA,NA,NA,NA,NA,NA,NA,NA
84,"binary",3,"Mixed linear and rule-based","Linear",TRUE,"AUC",0.815597049552793,0,NA,20,0,20,20,0,0,0,0,1,0,1,1
84,"binary",3,"Mixed linear and rule-based","Random forest",TRUE,"AUC",0.811516984271748,0.360000000000127,NA,NA,NA,NA,NA,NA,NA,NA,NA,NA,NA,NA,NA
84,"binary",3,"Mixed linear and rule-based","RuleFit",TRUE,"AUC",0.824909198547177,16.42,NA,54,54,0,0,29,25,0,0,0,0.537037037037037,0.537037037037037,2.46296296296296
85,"binary",3,"Mixed linear and rule-based","BRP-GABLE full",TRUE,"AUC",0.86487005812557,191.82,NA,42,40,2,12,30,0,0,0,0.285714285714286,0.714285714285714,1,1.71428571428571
85,"binary",3,"Mixed linear and rule-based","BRP-GABLE rule-only",TRUE,"AUC",0.860690781572753,190.47,NA,41,41,0,11,30,0,0,0,0.268292682926829,0.731707317073171,1,1.73170731707317
85,"binary",3,"Mixed linear and rule-based","GABLE",TRUE,"AUC",0.801444332356568,3.7800000000002,NA,5,5,0,4,1,0,0,0,0.8,0.2,1,1.2
85,"binary",3,"Mixed linear and rule-based","GBM",TRUE,"AUC",0.867720292709484,0.0300000000000002,NA,NA,NA,NA,NA,NA,NA,NA,NA,NA,NA,NA,NA
85,"binary",3,"Mixed linear and rule-based","Linear",TRUE,"AUC",0.856911818865991,0,NA,20,0,20,20,0,0,0,0,1,0,1,1
85,"binary",3,"Mixed linear and rule-based","Random forest",TRUE,"AUC",0.842316376038814,0.349999999999909,NA,NA,NA,NA,NA,NA,NA,NA,NA,NA,NA,NA,NA
85,"binary",3,"Mixed linear and rule-based","RuleFit",TRUE,"AUC",0.850578853821396,15.89,NA,38,38,0,0,29,9,0,0,0,0.763157894736842,0.763157894736842,2.23684210526316
86,"binary",3,"Mixed linear and rule-based","BRP-GABLE full",TRUE,"AUC",0.817374436909857,208.57,NA,38,37,1,18,20,0,0,0,0.473684210526316,0.526315789473684,1,1.52631578947368
86,"binary",3,"Mixed linear and rule-based","BRP-GABLE rule-only",TRUE,"AUC",0.818328283556966,209.78,NA,34,34,0,14,20,0,0,0,0.411764705882353,0.588235294117647,1,1.58823529411765
86,"binary",3,"Mixed linear and rule-based","GABLE",TRUE,"AUC",0.784190192212123,4.2199999999998,NA,5,5,0,5,0,0,0,0,1,0,1,1
86,"binary",3,"Mixed linear and rule-based","GBM",TRUE,"AUC",0.825582327385819,0.0299999999999998,NA,NA,NA,NA,NA,NA,NA,NA,NA,NA,NA,NA,NA
86,"binary",3,"Mixed linear and rule-based","Linear",TRUE,"AUC",0.817037785152054,0,NA,20,0,20,20,0,0,0,0,1,0,1,1
86,"binary",3,"Mixed linear and rule-based","Random forest",TRUE,"AUC",0.818576764616297,0.380000000000109,NA,NA,NA,NA,NA,NA,NA,NA,NA,NA,NA,NA,NA
86,"binary",3,"Mixed linear and rule-based","RuleFit",TRUE,"AUC",0.825245675628016,16.89,NA,44,44,0,1,26,17,0,0,0.0227272727272727,0.590909090909091,0.613636363636364,2.36363636363636
87,"binary",3,"Mixed linear and rule-based","BRP-GABLE full",TRUE,"AUC",0.831856702619414,196.18,NA,45,43,2,12,33,0,0,0,0.266666666666667,0.733333333333333,1,1.73333333333333
87,"binary",3,"Mixed linear and rule-based","BRP-GABLE rule-only",TRUE,"AUC",0.831367167437083,186.31,NA,45,45,0,12,33,0,0,0,0.266666666666667,0.733333333333333,1,1.73333333333333
87,"binary",3,"Mixed linear and rule-based","GABLE",TRUE,"AUC",0.801296866974833,4.48000000000002,NA,5,5,0,4,1,0,0,0,0.8,0.2,1,1.2
87,"binary",3,"Mixed linear and rule-based","GBM",TRUE,"AUC",0.811697483307653,0.0300000000000002,NA,NA,NA,NA,NA,NA,NA,NA,NA,NA,NA,NA,NA
87,"binary",3,"Mixed linear and rule-based","Linear",TRUE,"AUC",0.793046995377504,0.00999999999976353,NA,20,0,20,20,0,0,0,0,1,0,1,1
87,"binary",3,"Mixed linear and rule-based","Random forest",TRUE,"AUC",0.816295903954802,0.359999999999673,NA,NA,NA,NA,NA,NA,NA,NA,NA,NA,NA,NA,NA
87,"binary",3,"Mixed linear and rule-based","RuleFit",TRUE,"AUC",0.809297958397535,16.45,NA,41,41,0,0,34,7,0,0,0,0.829268292682927,0.829268292682927,2.17073170731707
88,"binary",3,"Mixed linear and rule-based","BRP-GABLE full",TRUE,"AUC",0.815334056434249,196.48,NA,47,45,2,14,33,0,0,0,0.297872340425532,0.702127659574468,1,1.70212765957447
88,"binary",3,"Mixed linear and rule-based","BRP-GABLE rule-only",TRUE,"AUC",0.813488530216445,205.76,NA,46,46,0,13,33,0,0,0,0.282608695652174,0.717391304347826,1,1.71739130434783
88,"binary",3,"Mixed linear and rule-based","GABLE",TRUE,"AUC",0.81583591005488,3.94000000000005,NA,5,5,0,5,0,0,0,0,1,0,1,1
88,"binary",3,"Mixed linear and rule-based","GBM",TRUE,"AUC",0.837528937527319,0.0300000000000002,NA,NA,NA,NA,NA,NA,NA,NA,NA,NA,NA,NA,NA
88,"binary",3,"Mixed linear and rule-based","Linear",TRUE,"AUC",0.836897573294912,0,NA,20,0,20,20,0,0,0,0,1,0,1,1
88,"binary",3,"Mixed linear and rule-based","Random forest",TRUE,"AUC",0.835942432533066,0.380000000000109,NA,NA,NA,NA,NA,NA,NA,NA,NA,NA,NA,NA,NA
88,"binary",3,"Mixed linear and rule-based","RuleFit",TRUE,"AUC",0.830980557219407,16.53,NA,49,49,0,0,33,16,0,0,0,0.673469387755102,0.673469387755102,2.3265306122449
89,"binary",3,"Mixed linear and rule-based","BRP-GABLE full",TRUE,"AUC",0.815168458321985,212.31,NA,35,33,2,4,31,0,0,0,0.114285714285714,0.885714285714286,1,1.88571428571429
89,"binary",3,"Mixed linear and rule-based","BRP-GABLE rule-only",TRUE,"AUC",0.814583700475817,198.43,NA,34,34,0,2,32,0,0,0,0.0588235294117647,0.941176470588235,1,1.94117647058824
89,"binary",3,"Mixed linear and rule-based","GABLE",TRUE,"AUC",0.771319630240792,4.05999999999995,NA,5,5,0,4,1,0,0,0,0.8,0.2,1,1.2
89,"binary",3,"Mixed linear and rule-based","GBM",TRUE,"AUC",0.813742610423108,0.0300000000000002,NA,NA,NA,NA,NA,NA,NA,NA,NA,NA,NA,NA,NA
89,"binary",3,"Mixed linear and rule-based","Linear",TRUE,"AUC",0.826431054646822,0,NA,20,0,20,20,0,0,0,0,1,0,1,1
89,"binary",3,"Mixed linear and rule-based","Random forest",TRUE,"AUC",0.806677453980359,0.360000000000127,NA,NA,NA,NA,NA,NA,NA,NA,NA,NA,NA,NA,NA
89,"binary",3,"Mixed linear and rule-based","RuleFit",TRUE,"AUC",0.82066357999968,17.47,NA,38,38,0,0,20,18,0,0,0,0.526315789473684,0.526315789473684,2.47368421052632
90,"binary",3,"Mixed linear and rule-based","BRP-GABLE full",TRUE,"AUC",0.824223203532718,194.69,NA,46,45,1,13,33,0,0,0,0.282608695652174,0.717391304347826,1,1.71739130434783
90,"binary",3,"Mixed linear and rule-based","BRP-GABLE rule-only",TRUE,"AUC",0.821300682456845,184.26,NA,52,52,0,17,35,0,0,0,0.326923076923077,0.673076923076923,1,1.67307692307692
90,"binary",3,"Mixed linear and rule-based","GABLE",TRUE,"AUC",0.778257727820153,3.93000000000029,NA,5,5,0,3,2,0,0,0,0.6,0.4,1,1.4
90,"binary",3,"Mixed linear and rule-based","GBM",TRUE,"AUC",0.826222400642312,0.0299999999999998,NA,NA,NA,NA,NA,NA,NA,NA,NA,NA,NA,NA,NA
90,"binary",3,"Mixed linear and rule-based","Linear",TRUE,"AUC",0.814965877157768,0.0100000000002183,NA,20,0,20,20,0,0,0,0,1,0,1,1
90,"binary",3,"Mixed linear and rule-based","Random forest",TRUE,"AUC",0.825475712565235,0.350000000000364,NA,NA,NA,NA,NA,NA,NA,NA,NA,NA,NA,NA,NA
90,"binary",3,"Mixed linear and rule-based","RuleFit",TRUE,"AUC",0.827555198715375,16.12,NA,48,48,0,3,31,14,0,0,0.0625,0.645833333333333,0.708333333333333,2.22916666666667
91,"binary",3,"Mixed linear and rule-based","BRP-GABLE full",TRUE,"AUC",0.797580180526215,186.57,NA,42,38,4,9,33,0,0,0,0.214285714285714,0.785714285714286,1,1.78571428571429
91,"binary",3,"Mixed linear and rule-based","BRP-GABLE rule-only",TRUE,"AUC",0.790866461814224,175.47,NA,42,42,0,8,34,0,0,0,0.19047619047619,0.80952380952381,1,1.80952380952381
91,"binary",3,"Mixed linear and rule-based","GABLE",TRUE,"AUC",0.799492670123552,4,NA,5,5,0,4,1,0,0,0,0.8,0.2,1,1.2
91,"binary",3,"Mixed linear and rule-based","GBM",TRUE,"AUC",0.806062351962102,0.0300000000000002,NA,NA,NA,NA,NA,NA,NA,NA,NA,NA,NA,NA,NA
91,"binary",3,"Mixed linear and rule-based","Linear",TRUE,"AUC",0.81011138851546,0.0200000000004366,NA,20,0,20,20,0,0,0,0,1,0,1,1
91,"binary",3,"Mixed linear and rule-based","Random forest",TRUE,"AUC",0.802245374815953,0.359999999999673,NA,NA,NA,NA,NA,NA,NA,NA,NA,NA,NA,NA,NA
91,"binary",3,"Mixed linear and rule-based","RuleFit",TRUE,"AUC",0.796163817937392,18.53,NA,46,46,0,0,27,19,0,0,0,0.58695652173913,0.58695652173913,2.41304347826087
92,"binary",3,"Mixed linear and rule-based","BRP-GABLE full",TRUE,"AUC",0.82755414482438,182.759999999999,NA,37,36,1,11,26,0,0,0,0.297297297297297,0.702702702702703,1,1.7027027027027
92,"binary",3,"Mixed linear and rule-based","BRP-GABLE rule-only",TRUE,"AUC",0.827650331040895,179.110000000001,NA,35,35,0,9,26,0,0,0,0.257142857142857,0.742857142857143,1,1.74285714285714
92,"binary",3,"Mixed linear and rule-based","GABLE",TRUE,"AUC",0.793632472466696,4.10000000000036,NA,5,5,0,4,1,0,0,0,0.8,0.2,1,1.2
92,"binary",3,"Mixed linear and rule-based","GBM",TRUE,"AUC",0.849067795251607,0.0600000000000001,NA,NA,NA,NA,NA,NA,NA,NA,NA,NA,NA,NA,NA
92,"binary",3,"Mixed linear and rule-based","Linear",TRUE,"AUC",0.828868689783421,0.0200000000004366,NA,20,0,20,20,0,0,0,0,1,0,1,1
92,"binary",3,"Mixed linear and rule-based","Random forest",TRUE,"AUC",0.835954407733372,0.359999999999673,NA,NA,NA,NA,NA,NA,NA,NA,NA,NA,NA,NA,NA
92,"binary",3,"Mixed linear and rule-based","RuleFit",TRUE,"AUC",0.830551948572436,17.62,NA,52,52,0,1,32,19,0,0,0.0192307692307692,0.615384615384615,0.634615384615385,2.34615384615385
93,"binary",3,"Mixed linear and rule-based","BRP-GABLE full",TRUE,"AUC",0.807014595736509,194.230000000001,NA,46,45,1,12,34,0,0,0,0.260869565217391,0.739130434782609,1,1.73913043478261
93,"binary",3,"Mixed linear and rule-based","BRP-GABLE rule-only",TRUE,"AUC",0.807150630561424,202.76,NA,42,42,0,10,32,0,0,0,0.238095238095238,0.761904761904762,1,1.76190476190476
93,"binary",3,"Mixed linear and rule-based","GABLE",TRUE,"AUC",0.763427437423981,4.21999999999935,NA,5,5,0,5,0,0,0,0,1,0,1,1
93,"binary",3,"Mixed linear and rule-based","GBM",TRUE,"AUC",0.811423724473465,0.0300000000000002,NA,NA,NA,NA,NA,NA,NA,NA,NA,NA,NA,NA,NA
93,"binary",3,"Mixed linear and rule-based","Linear",TRUE,"AUC",0.809327187760067,0.0199999999995271,NA,20,0,20,20,0,0,0,0,1,0,1,1
93,"binary",3,"Mixed linear and rule-based","Random forest",TRUE,"AUC",0.801333141284169,0.360000000000582,NA,NA,NA,NA,NA,NA,NA,NA,NA,NA,NA,NA,NA
93,"binary",3,"Mixed linear and rule-based","RuleFit",TRUE,"AUC",0.806974585493886,18.34,NA,52,52,0,0,28,24,0,0,0,0.538461538461538,0.538461538461538,2.46153846153846
94,"binary",3,"Mixed linear and rule-based","BRP-GABLE full",TRUE,"AUC",0.83688,205.809999999999,NA,45,42,3,6,39,0,0,0,0.133333333333333,0.866666666666667,1,1.86666666666667
94,"binary",3,"Mixed linear and rule-based","BRP-GABLE rule-only",TRUE,"AUC",0.834584,195.620000000001,NA,45,45,0,7,38,0,0,0,0.155555555555556,0.844444444444444,1,1.84444444444444
94,"binary",3,"Mixed linear and rule-based","GABLE",TRUE,"AUC",0.76624,4.25,NA,4,4,0,3,1,0,0,0,0.75,0.25,1,1.25
94,"binary",3,"Mixed linear and rule-based","GBM",TRUE,"AUC",0.828784,0.0499999999999998,NA,NA,NA,NA,NA,NA,NA,NA,NA,NA,NA,NA,NA
94,"binary",3,"Mixed linear and rule-based","Linear",TRUE,"AUC",0.838544,0,NA,20,0,20,20,0,0,0,0,1,0,1,1
94,"binary",3,"Mixed linear and rule-based","Random forest",TRUE,"AUC",0.822656,0.359999999999673,NA,NA,NA,NA,NA,NA,NA,NA,NA,NA,NA,NA,NA
94,"binary",3,"Mixed linear and rule-based","RuleFit",TRUE,"AUC",0.82272,16.32,NA,49,49,0,0,37,12,0,0,0,0.755102040816326,0.755102040816326,2.24489795918367
95,"binary",3,"Mixed linear and rule-based","BRP-GABLE full",TRUE,"AUC",0.818884408602151,206.09,NA,41,39,2,6,35,0,0,0,0.146341463414634,0.853658536585366,1,1.85365853658537
95,"binary",3,"Mixed linear and rule-based","BRP-GABLE rule-only",TRUE,"AUC",0.817652329749104,199.700000000001,NA,40,40,0,5,35,0,0,0,0.125,0.875,1,1.875
95,"binary",3,"Mixed linear and rule-based","GABLE",TRUE,"AUC",0.805323540706605,3.85999999999967,NA,5,5,0,4,1,0,0,0,0.8,0.2,1,1.2
95,"binary",3,"Mixed linear and rule-based","GBM",TRUE,"AUC",0.822196620583717,0.04,NA,NA,NA,NA,NA,NA,NA,NA,NA,NA,NA,NA,NA
95,"binary",3,"Mixed linear and rule-based","Linear",TRUE,"AUC",0.834021377368152,0.0200000000004366,NA,20,0,20,20,0,0,0,0,1,0,1,1
95,"binary",3,"Mixed linear and rule-based","Random forest",TRUE,"AUC",0.816228238607271,0.380000000000109,NA,NA,NA,NA,NA,NA,NA,NA,NA,NA,NA,NA,NA
95,"binary",3,"Mixed linear and rule-based","RuleFit",TRUE,"AUC",0.834693420378904,16.31,NA,33,33,0,0,19,14,0,0,0,0.575757575757576,0.575757575757576,2.42424242424242
96,"binary",3,"Mixed linear and rule-based","BRP-GABLE full",TRUE,"AUC",0.825901244480128,190.589999999999,NA,43,39,4,13,30,0,0,0,0.302325581395349,0.697674418604651,1,1.69767441860465
96,"binary",3,"Mixed linear and rule-based","BRP-GABLE rule-only",TRUE,"AUC",0.824488157366519,179.4,NA,45,45,0,15,30,0,0,0,0.333333333333333,0.666666666666667,1,1.66666666666667
96,"binary",3,"Mixed linear and rule-based","GABLE",TRUE,"AUC",0.792276194299478,4.22000000000025,NA,5,5,0,3,2,0,0,0,0.6,0.4,1,1.4
96,"binary",3,"Mixed linear and rule-based","GBM",TRUE,"AUC",0.837864311521477,0.0300000000000002,NA,NA,NA,NA,NA,NA,NA,NA,NA,NA,NA,NA,NA
96,"binary",3,"Mixed linear and rule-based","Linear",TRUE,"AUC",0.843307908470494,0.00999999999930878,NA,20,0,20,20,0,0,0,0,1,0,1,1
96,"binary",3,"Mixed linear and rule-based","Random forest",TRUE,"AUC",0.82307507025291,0.380000000000109,NA,NA,NA,NA,NA,NA,NA,NA,NA,NA,NA,NA,NA
96,"binary",3,"Mixed linear and rule-based","RuleFit",TRUE,"AUC",0.837751906864713,18.45,NA,65,65,0,2,39,24,0,0,0.0307692307692308,0.6,0.630769230769231,2.33846153846154
97,"binary",3,"Mixed linear and rule-based","BRP-GABLE full",TRUE,"AUC",0.857950179303279,181.57,NA,52,49,3,8,44,0,0,0,0.153846153846154,0.846153846153846,1,1.84615384615385
97,"binary",3,"Mixed linear and rule-based","BRP-GABLE rule-only",TRUE,"AUC",0.851882684426229,200.199999999999,NA,63,63,0,14,49,0,0,0,0.222222222222222,0.777777777777778,1,1.77777777777778
97,"binary",3,"Mixed linear and rule-based","GABLE",TRUE,"AUC",0.797595414959016,4.16999999999916,NA,5,5,0,4,1,0,0,0,0.8,0.2,1,1.2
97,"binary",3,"Mixed linear and rule-based","GBM",TRUE,"AUC",0.849913550204918,0.0499999999999998,NA,NA,NA,NA,NA,NA,NA,NA,NA,NA,NA,NA,NA
97,"binary",3,"Mixed linear and rule-based","Linear",TRUE,"AUC",0.835761398565574,0,NA,20,0,20,20,0,0,0,0,1,0,1,1
97,"binary",3,"Mixed linear and rule-based","Random forest",TRUE,"AUC",0.856285220286885,0.360000000000582,NA,NA,NA,NA,NA,NA,NA,NA,NA,NA,NA,NA,NA
97,"binary",3,"Mixed linear and rule-based","RuleFit",TRUE,"AUC",0.836449795081967,15.9,NA,57,57,0,1,40,16,0,0,0.0175438596491228,0.701754385964912,0.719298245614035,2.26315789473684
98,"binary",3,"Mixed linear and rule-based","BRP-GABLE full",TRUE,"AUC",0.845913461538462,165.840000000001,NA,47,44,3,12,35,0,0,0,0.25531914893617,0.74468085106383,1,1.74468085106383
98,"binary",3,"Mixed linear and rule-based","BRP-GABLE rule-only",TRUE,"AUC",0.840905448717949,183.14,NA,43,43,0,9,34,0,0,0,0.209302325581395,0.790697674418605,1,1.7906976744186
98,"binary",3,"Mixed linear and rule-based","GABLE",TRUE,"AUC",0.819463141025641,3.38000000000011,NA,5,5,0,5,0,0,0,0,1,0,1,1
98,"binary",3,"Mixed linear and rule-based","GBM",TRUE,"AUC",0.856778846153846,0.0499999999999998,NA,NA,NA,NA,NA,NA,NA,NA,NA,NA,NA,NA,NA
98,"binary",3,"Mixed linear and rule-based","Linear",TRUE,"AUC",0.846105769230769,0.0100000000002183,NA,20,0,20,20,0,0,0,0,1,0,1,1
98,"binary",3,"Mixed linear and rule-based","Random forest",TRUE,"AUC",0.847516025641026,0.300000000000182,NA,NA,NA,NA,NA,NA,NA,NA,NA,NA,NA,NA,NA
98,"binary",3,"Mixed linear and rule-based","RuleFit",TRUE,"AUC",0.834919871794872,16.25,NA,51,51,0,0,26,25,0,0,0,0.509803921568627,0.509803921568627,2.49019607843137
99,"binary",3,"Mixed linear and rule-based","BRP-GABLE full",TRUE,"AUC",0.814277255924853,167.360000000001,NA,34,33,1,7,27,0,0,0,0.205882352941176,0.794117647058823,1,1.79411764705882
99,"binary",3,"Mixed linear and rule-based","BRP-GABLE rule-only",TRUE,"AUC",0.813725176425405,165.6,NA,33,33,0,6,27,0,0,0,0.181818181818182,0.818181818181818,1,1.81818181818182
99,"binary",3,"Mixed linear and rule-based","GABLE",TRUE,"AUC",0.816317549727161,2.82000000000062,NA,5,5,0,5,0,0,0,0,1,0,1,1
99,"binary",3,"Mixed linear and rule-based","GBM",TRUE,"AUC",0.824358707653902,0.0499999999999998,NA,NA,NA,NA,NA,NA,NA,NA,NA,NA,NA,NA,NA
99,"binary",3,"Mixed linear and rule-based","Linear",TRUE,"AUC",0.833608039557696,0,NA,20,0,20,20,0,0,0,0,1,0,1,1
99,"binary",3,"Mixed linear and rule-based","Random forest",TRUE,"AUC",0.812709030100334,0.279999999999745,NA,NA,NA,NA,NA,NA,NA,NA,NA,NA,NA,NA,NA
99,"binary",3,"Mixed linear and rule-based","RuleFit",TRUE,"AUC",0.816989646509097,15.66,NA,34,34,0,0,18,16,0,0,0,0.529411764705882,0.529411764705882,2.47058823529412
100,"binary",3,"Mixed linear and rule-based","BRP-GABLE full",TRUE,"AUC",0.837833941956564,155.64,NA,46,42,4,19,27,0,0,0,0.41304347826087,0.58695652173913,1,1.58695652173913
100,"binary",3,"Mixed linear and rule-based","BRP-GABLE rule-only",TRUE,"AUC",0.836120187071561,147.46,NA,44,44,0,17,27,0,0,0,0.386363636363636,0.613636363636364,1,1.61363636363636
100,"binary",3,"Mixed linear and rule-based","GABLE",TRUE,"AUC",0.806842206419373,2.35999999999967,NA,5,5,0,4,1,0,0,0,0.8,0.2,1,1.2
100,"binary",3,"Mixed linear and rule-based","GBM",TRUE,"AUC",0.850070472163495,0.0500000000000003,NA,NA,NA,NA,NA,NA,NA,NA,NA,NA,NA,NA,NA
100,"binary",3,"Mixed linear and rule-based","Linear",TRUE,"AUC",0.814498045999103,0,NA,20,0,20,20,0,0,0,0,1,0,1,1
100,"binary",3,"Mixed linear and rule-based","Random forest",TRUE,"AUC",0.820448138894228,0.269999999999527,NA,NA,NA,NA,NA,NA,NA,NA,NA,NA,NA,NA,NA
100,"binary",3,"Mixed linear and rule-based","RuleFit",TRUE,"AUC",0.825693510154398,13.66,NA,45,45,0,0,30,15,0,0,0,0.666666666666667,0.666666666666667,2.33333333333333
1,"binary",4,"Smooth nonlinear misspecified","BRP-GABLE full",TRUE,"AUC",0.841706664568416,195.65,NA,39,39,0,8,31,0,0,0,0.205128205128205,0.794871794871795,1,1.79487179487179
1,"binary",4,"Smooth nonlinear misspecified","BRP-GABLE rule-only",TRUE,"AUC",0.841706664568416,196.07,NA,39,39,0,8,31,0,0,0,0.205128205128205,0.794871794871795,1,1.79487179487179
1,"binary",4,"Smooth nonlinear misspecified","GABLE",TRUE,"AUC",0.672928633252026,5.13999999999999,NA,5,5,0,4,1,0,0,0,0.8,0.2,1,1.2
1,"binary",4,"Smooth nonlinear misspecified","GBM",TRUE,"AUC",0.838224880006295,0.03,NA,NA,NA,NA,NA,NA,NA,NA,NA,NA,NA,NA,NA
1,"binary",4,"Smooth nonlinear misspecified","Linear",TRUE,"AUC",0.657624518058069,0.0100000000000193,NA,20,0,20,20,0,0,0,0,1,0,1,1
1,"binary",4,"Smooth nonlinear misspecified","Random forest",TRUE,"AUC",0.8127803131639,0.370000000000005,NA,NA,NA,NA,NA,NA,NA,NA,NA,NA,NA,NA,NA
1,"binary",4,"Smooth nonlinear misspecified","RuleFit",TRUE,"AUC",0.745908411362027,10.36,NA,17,17,0,5,12,0,0,0,0.294117647058824,0.705882352941177,1,1.70588235294118
2,"binary",4,"Smooth nonlinear misspecified","BRP-GABLE full",TRUE,"AUC",0.865432304389666,269.04,NA,48,47,1,7,41,0,0,0,0.145833333333333,0.854166666666667,1,1.85416666666667
2,"binary",4,"Smooth nonlinear misspecified","BRP-GABLE rule-only",TRUE,"AUC",0.86238803760456,284.95,NA,52,52,0,9,43,0,0,0,0.173076923076923,0.826923076923077,1,1.82692307692308
2,"binary",4,"Smooth nonlinear misspecified","GABLE",TRUE,"AUC",0.736185135835369,9.80000000000001,NA,8,8,0,6,2,0,0,0,0.75,0.25,1,1.25
2,"binary",4,"Smooth nonlinear misspecified","GBM",TRUE,"AUC",0.868791176252869,0.03,NA,NA,NA,NA,NA,NA,NA,NA,NA,NA,NA,NA,NA
2,"binary",4,"Smooth nonlinear misspecified","Linear",TRUE,"AUC",0.656044118735658,0.0199999999999818,NA,20,0,20,20,0,0,0,0,1,0,1,1
2,"binary",4,"Smooth nonlinear misspecified","Random forest",TRUE,"AUC",0.843595010733585,0.480000000000018,NA,NA,NA,NA,NA,NA,NA,NA,NA,NA,NA,NA,NA
2,"binary",4,"Smooth nonlinear misspecified","RuleFit",TRUE,"AUC",0.729439632837368,13.68,NA,8,8,0,2,4,2,0,0,0.25,0.5,0.75,2
3,"binary",4,"Smooth nonlinear misspecified","BRP-GABLE full",TRUE,"AUC",0.825638148667602,210.02,NA,44,44,0,11,33,0,0,0,0.25,0.75,1,1.75
3,"binary",4,"Smooth nonlinear misspecified","BRP-GABLE rule-only",TRUE,"AUC",0.828770453482936,219.1,NA,48,48,0,12,36,0,0,0,0.25,0.75,1,1.75
3,"binary",4,"Smooth nonlinear misspecified","GABLE",TRUE,"AUC",0.731126694717158,4.55000000000001,NA,5,5,0,3,2,0,0,0,0.6,0.4,1,1.4
3,"binary",4,"Smooth nonlinear misspecified","GBM",TRUE,"AUC",0.834913510986442,0.05,NA,NA,NA,NA,NA,NA,NA,NA,NA,NA,NA,NA,NA
3,"binary",4,"Smooth nonlinear misspecified","Linear",TRUE,"AUC",0.707152875175316,0.0100000000000193,NA,20,0,20,20,0,0,0,0,1,0,1,1
3,"binary",4,"Smooth nonlinear misspecified","Random forest",TRUE,"AUC",0.808705002337541,0.389999999999986,NA,NA,NA,NA,NA,NA,NA,NA,NA,NA,NA,NA,NA
3,"binary",4,"Smooth nonlinear misspecified","RuleFit",TRUE,"AUC",0.711743805516597,12.28,NA,12,12,0,3,9,0,0,0,0.25,0.75,1,1.75
4,"binary",4,"Smooth nonlinear misspecified","BRP-GABLE full",TRUE,"AUC",0.850747234262794,199.06,NA,54,54,0,19,35,0,0,0,0.351851851851852,0.648148148148148,1,1.64814814814815
4,"binary",4,"Smooth nonlinear misspecified","BRP-GABLE rule-only",TRUE,"AUC",0.850747234262794,205.74,NA,54,54,0,19,35,0,0,0,0.351851851851852,0.648148148148148,1,1.64814814814815
4,"binary",4,"Smooth nonlinear misspecified","GABLE",TRUE,"AUC",0.729087144982856,4.39999999999998,NA,5,5,0,4,1,0,0,0,0.8,0.2,1,1.2
4,"binary",4,"Smooth nonlinear misspecified","GBM",TRUE,"AUC",0.849539582928986,0.0700000000000001,NA,NA,NA,NA,NA,NA,NA,NA,NA,NA,NA,NA,NA
4,"binary",4,"Smooth nonlinear misspecified","Linear",TRUE,"AUC",0.729464536024671,0.0199999999999818,NA,20,0,20,20,0,0,0,0,1,0,1,1
4,"binary",4,"Smooth nonlinear misspecified","Random forest",TRUE,"AUC",0.81939142998857,0.490000000000009,NA,NA,NA,NA,NA,NA,NA,NA,NA,NA,NA,NA,NA
4,"binary",4,"Smooth nonlinear misspecified","RuleFit",TRUE,"AUC",0.772487114791572,13.11,NA,11,11,0,0,9,2,0,0,0,0.818181818181818,0.818181818181818,2.18181818181818
5,"binary",4,"Smooth nonlinear misspecified","BRP-GABLE full",TRUE,"AUC",0.816634869245148,208.62,NA,43,42,1,13,30,0,0,0,0.302325581395349,0.697674418604651,1,1.69767441860465
5,"binary",4,"Smooth nonlinear misspecified","BRP-GABLE rule-only",TRUE,"AUC",0.819217205295716,204.84,NA,45,45,0,14,31,0,0,0,0.311111111111111,0.688888888888889,1,1.68888888888889
5,"binary",4,"Smooth nonlinear misspecified","GABLE",TRUE,"AUC",0.74043668458885,4.90000000000001,NA,5,5,0,5,0,0,0,0,1,0,1,1
5,"binary",4,"Smooth nonlinear misspecified","GBM",TRUE,"AUC",0.818716155017248,0.05,NA,NA,NA,NA,NA,NA,NA,NA,NA,NA,NA,NA,NA
5,"binary",4,"Smooth nonlinear misspecified","Linear",TRUE,"AUC",0.638183885452198,0.00999999999999091,NA,20,0,20,20,0,0,0,0,1,0,1,1
5,"binary",4,"Smooth nonlinear misspecified","Random forest",TRUE,"AUC",0.788267715018019,0.5,NA,NA,NA,NA,NA,NA,NA,NA,NA,NA,NA,NA,NA
5,"binary",4,"Smooth nonlinear misspecified","RuleFit",TRUE,"AUC",0.737989246690178,10.12,NA,9,9,0,2,6,1,0,0,0.222222222222222,0.666666666666667,0.888888888888889,1.88888888888889
6,"binary",4,"Smooth nonlinear misspecified","BRP-GABLE full",TRUE,"AUC",0.869137263339071,211.01,NA,38,36,2,13,25,0,0,0,0.342105263157895,0.657894736842105,1,1.65789473684211
6,"binary",4,"Smooth nonlinear misspecified","BRP-GABLE rule-only",TRUE,"AUC",0.86819599827883,200.49,NA,44,44,0,19,25,0,0,0,0.431818181818182,0.568181818181818,1,1.56818181818182
6,"binary",4,"Smooth nonlinear misspecified","GABLE",TRUE,"AUC",0.785382601835915,4.63,NA,5,5,0,5,0,0,0,0,1,0,1,1
6,"binary",4,"Smooth nonlinear misspecified","GBM",TRUE,"AUC",0.890409853700516,0.03,NA,NA,NA,NA,NA,NA,NA,NA,NA,NA,NA,NA,NA
6,"binary",4,"Smooth nonlinear misspecified","Linear",TRUE,"AUC",0.742487808376363,0.0299999999999727,NA,20,0,20,20,0,0,0,0,1,0,1,1
6,"binary",4,"Smooth nonlinear misspecified","Random forest",TRUE,"AUC",0.86172368043603,0.350000000000023,NA,NA,NA,NA,NA,NA,NA,NA,NA,NA,NA,NA,NA
6,"binary",4,"Smooth nonlinear misspecified","RuleFit",TRUE,"AUC",0.799429862306368,11.02,NA,6,6,0,0,6,0,0,0,0,1,1,2
7,"binary",4,"Smooth nonlinear misspecified","BRP-GABLE full",TRUE,"AUC",0.809509168157424,209.48,NA,44,44,0,16,28,0,0,0,0.363636363636364,0.636363636363636,1,1.63636363636364
7,"binary",4,"Smooth nonlinear misspecified","BRP-GABLE rule-only",TRUE,"AUC",0.810310450208706,198.2,NA,43,43,0,15,28,0,0,0,0.348837209302326,0.651162790697674,1,1.65116279069767
7,"binary",4,"Smooth nonlinear misspecified","GABLE",TRUE,"AUC",0.758357558139535,4,NA,5,5,0,3,2,0,0,0,0.6,0.4,1,1.4
7,"binary",4,"Smooth nonlinear misspecified","GBM",TRUE,"AUC",0.812052772808587,0.03,NA,NA,NA,NA,NA,NA,NA,NA,NA,NA,NA,NA,NA
7,"binary",4,"Smooth nonlinear misspecified","Linear",TRUE,"AUC",0.698382528324389,0.0300000000000296,NA,20,0,20,20,0,0,0,0,1,0,1,1
7,"binary",4,"Smooth nonlinear misspecified","Random forest",TRUE,"AUC",0.788060897435897,0.329999999999984,NA,NA,NA,NA,NA,NA,NA,NA,NA,NA,NA,NA,NA
7,"binary",4,"Smooth nonlinear misspecified","RuleFit",TRUE,"AUC",0.75134168157424,13.36,NA,20,20,0,8,9,3,0,0,0.4,0.45,0.85,1.75
8,"binary",4,"Smooth nonlinear misspecified","BRP-GABLE full",TRUE,"AUC",0.806592874180084,204.17,NA,46,45,1,17,29,0,0,0,0.369565217391304,0.630434782608696,1,1.6304347826087
8,"binary",4,"Smooth nonlinear misspecified","BRP-GABLE rule-only",TRUE,"AUC",0.805605247465713,207.44,NA,47,47,0,16,31,0,0,0,0.340425531914894,0.659574468085106,1,1.65957446808511
8,"binary",4,"Smooth nonlinear misspecified","GABLE",TRUE,"AUC",0.716690891472868,4.35000000000002,NA,4,4,0,3,1,0,0,0,0.75,0.25,1,1.25
8,"binary",4,"Smooth nonlinear misspecified","GBM",TRUE,"AUC",0.810040250447227,0.0499999999999998,NA,NA,NA,NA,NA,NA,NA,NA,NA,NA,NA,NA,NA
8,"binary",4,"Smooth nonlinear misspecified","Linear",TRUE,"AUC",0.681667412045319,0.0299999999999727,NA,20,0,20,20,0,0,0,0,1,0,1,1
8,"binary",4,"Smooth nonlinear misspecified","Random forest",TRUE,"AUC",0.788899448419797,0.360000000000014,NA,NA,NA,NA,NA,NA,NA,NA,NA,NA,NA,NA,NA
8,"binary",4,"Smooth nonlinear misspecified","RuleFit",TRUE,"AUC",0.737254025044723,13,NA,17,17,0,3,12,2,0,0,0.176470588235294,0.705882352941177,0.882352941176471,1.94117647058824
9,"binary",4,"Smooth nonlinear misspecified","BRP-GABLE full",TRUE,"AUC",0.789338235294118,207.01,NA,54,52,2,15,39,0,0,0,0.277777777777778,0.722222222222222,1,1.72222222222222
9,"binary",4,"Smooth nonlinear misspecified","BRP-GABLE rule-only",TRUE,"AUC",0.7909375,210.39,NA,56,56,0,16,40,0,0,0,0.285714285714286,0.714285714285714,1,1.71428571428571
9,"binary",4,"Smooth nonlinear misspecified","GABLE",TRUE,"AUC",0.718088235294118,4.5,NA,5,5,0,5,0,0,0,0,1,0,1,1
9,"binary",4,"Smooth nonlinear misspecified","GBM",TRUE,"AUC",0.810551470588235,0.0499999999999998,NA,NA,NA,NA,NA,NA,NA,NA,NA,NA,NA,NA,NA
9,"binary",4,"Smooth nonlinear misspecified","Linear",TRUE,"AUC",0.649246323529412,0.0300000000000296,NA,20,0,20,20,0,0,0,0,1,0,1,1
9,"binary",4,"Smooth nonlinear misspecified","Random forest",TRUE,"AUC",0.786222426470588,0.360000000000014,NA,NA,NA,NA,NA,NA,NA,NA,NA,NA,NA,NA,NA
9,"binary",4,"Smooth nonlinear misspecified","RuleFit",TRUE,"AUC",0.681672794117647,12.82,NA,24,24,0,10,13,1,0,0,0.416666666666667,0.541666666666667,0.958333333333333,1.625
10,"binary",4,"Smooth nonlinear misspecified","BRP-GABLE full",TRUE,"AUC",0.849060211476319,197.81,NA,40,39,1,12,28,0,0,0,0.3,0.7,1,1.7
10,"binary",4,"Smooth nonlinear misspecified","BRP-GABLE rule-only",TRUE,"AUC",0.850264823419186,196.71,NA,41,41,0,13,28,0,0,0,0.317073170731707,0.682926829268293,1,1.68292682926829
10,"binary",4,"Smooth nonlinear misspecified","GABLE",TRUE,"AUC",0.773944052467542,4.62,NA,5,5,0,5,0,0,0,0,1,0,1,1
10,"binary",4,"Smooth nonlinear misspecified","GBM",TRUE,"AUC",0.838840130786439,0.0299999999999998,NA,NA,NA,NA,NA,NA,NA,NA,NA,NA,NA,NA,NA
10,"binary",4,"Smooth nonlinear misspecified","Linear",TRUE,"AUC",0.675347520985105,0.0299999999999727,NA,20,0,20,20,0,0,0,0,1,0,1,1
10,"binary",4,"Smooth nonlinear misspecified","Random forest",TRUE,"AUC",0.83682288380275,0.319999999999993,NA,NA,NA,NA,NA,NA,NA,NA,NA,NA,NA,NA,NA
10,"binary",4,"Smooth nonlinear misspecified","RuleFit",TRUE,"AUC",0.715482131589514,10.78,NA,7,7,0,1,6,0,0,0,0.142857142857143,0.857142857142857,1,1.85714285714286
11,"binary",4,"Smooth nonlinear misspecified","BRP-GABLE full",TRUE,"AUC",0.776176993115701,244.75,NA,35,35,0,5,30,0,0,0,0.142857142857143,0.857142857142857,1,1.85714285714286
11,"binary",4,"Smooth nonlinear misspecified","BRP-GABLE rule-only",TRUE,"AUC",0.777962839588422,229.04,NA,38,38,0,7,31,0,0,0,0.184210526315789,0.815789473684211,1,1.81578947368421
11,"binary",4,"Smooth nonlinear misspecified","GABLE",TRUE,"AUC",0.747335109926715,4.17999999999995,NA,5,5,0,4,1,0,0,0,0.8,0.2,1,1.2
11,"binary",4,"Smooth nonlinear misspecified","GBM",TRUE,"AUC",0.806332815160264,0.04,NA,NA,NA,NA,NA,NA,NA,NA,NA,NA,NA,NA,NA
11,"binary",4,"Smooth nonlinear misspecified","Linear",TRUE,"AUC",0.645180990450811,0.00999999999999091,NA,20,0,20,20,0,0,0,0,1,0,1,1
11,"binary",4,"Smooth nonlinear misspecified","Random forest",TRUE,"AUC",0.775566289140573,0.340000000000032,NA,NA,NA,NA,NA,NA,NA,NA,NA,NA,NA,NA,NA
11,"binary",4,"Smooth nonlinear misspecified","RuleFit",TRUE,"AUC",0.709027315123251,17.19,NA,22,22,0,3,14,5,0,0,0.136363636363636,0.636363636363636,0.772727272727273,2.09090909090909
12,"binary",4,"Smooth nonlinear misspecified","BRP-GABLE full",TRUE,"AUC",0.839340156794425,178.52,NA,49,49,0,20,29,0,0,0,0.408163265306122,0.591836734693878,1,1.59183673469388
12,"binary",4,"Smooth nonlinear misspecified","BRP-GABLE rule-only",TRUE,"AUC",0.840728440766551,185.41,NA,51,51,0,23,28,0,0,0,0.450980392156863,0.549019607843137,1,1.54901960784314
12,"binary",4,"Smooth nonlinear misspecified","GABLE",TRUE,"AUC",0.789706736353078,4.11000000000001,NA,5,5,0,5,0,0,0,0,1,0,1,1
12,"binary",4,"Smooth nonlinear misspecified","GBM",TRUE,"AUC",0.84763356562137,0.05,NA,NA,NA,NA,NA,NA,NA,NA,NA,NA,NA,NA,NA
12,"binary",4,"Smooth nonlinear misspecified","Linear",TRUE,"AUC",0.67706518583043,0,NA,20,0,20,20,0,0,0,0,1,0,1,1
12,"binary",4,"Smooth nonlinear misspecified","Random forest",TRUE,"AUC",0.825638792102207,0.470000000000027,NA,NA,NA,NA,NA,NA,NA,NA,NA,NA,NA,NA,NA
12,"binary",4,"Smooth nonlinear misspecified","RuleFit",TRUE,"AUC",0.766641260162602,12.04,NA,28,28,0,5,19,4,0,0,0.178571428571429,0.678571428571429,0.857142857142857,1.96428571428571
13,"binary",4,"Smooth nonlinear misspecified","BRP-GABLE full",TRUE,"AUC",0.829711703958692,189.71,NA,51,51,0,15,36,0,0,0,0.294117647058824,0.705882352941177,1,1.70588235294118
13,"binary",4,"Smooth nonlinear misspecified","BRP-GABLE rule-only",TRUE,"AUC",0.826197647733792,196.73,NA,56,56,0,17,39,0,0,0,0.303571428571429,0.696428571428571,1,1.69642857142857
13,"binary",4,"Smooth nonlinear misspecified","GABLE",TRUE,"AUC",0.743617326448652,4.67000000000007,NA,5,5,0,5,0,0,0,0,1,0,1,1
13,"binary",4,"Smooth nonlinear misspecified","GBM",TRUE,"AUC",0.834821428571429,0.03,NA,NA,NA,NA,NA,NA,NA,NA,NA,NA,NA,NA,NA
13,"binary",4,"Smooth nonlinear misspecified","Linear",TRUE,"AUC",0.676402036718302,0,NA,20,0,20,20,0,0,0,0,1,0,1,1
13,"binary",4,"Smooth nonlinear misspecified","Random forest",TRUE,"AUC",0.791944563970166,0.329999999999927,NA,NA,NA,NA,NA,NA,NA,NA,NA,NA,NA,NA,NA
13,"binary",4,"Smooth nonlinear misspecified","RuleFit",TRUE,"AUC",0.699978485370052,14.25,NA,19,19,0,5,11,3,0,0,0.263157894736842,0.578947368421053,0.842105263157895,1.89473684210526
14,"binary",4,"Smooth nonlinear misspecified","BRP-GABLE full",TRUE,"AUC",0.807567786321327,186.32,NA,31,31,0,1,30,0,0,0,0.032258064516129,0.967741935483871,1,1.96774193548387
14,"binary",4,"Smooth nonlinear misspecified","BRP-GABLE rule-only",TRUE,"AUC",0.807567786321327,205.92,NA,31,31,0,1,30,0,0,0,0.032258064516129,0.967741935483871,1,1.96774193548387
14,"binary",4,"Smooth nonlinear misspecified","GABLE",TRUE,"AUC",0.759746391474437,4.42000000000007,NA,5,5,0,4,1,0,0,0,0.8,0.2,1,1.2
14,"binary",4,"Smooth nonlinear misspecified","GBM",TRUE,"AUC",0.822551116763986,0.04,NA,NA,NA,NA,NA,NA,NA,NA,NA,NA,NA,NA,NA
14,"binary",4,"Smooth nonlinear misspecified","Linear",TRUE,"AUC",0.64762675608487,0.0199999999999818,NA,20,0,20,20,0,0,0,0,1,0,1,1
14,"binary",4,"Smooth nonlinear misspecified","Random forest",TRUE,"AUC",0.792969879169798,0.360000000000014,NA,NA,NA,NA,NA,NA,NA,NA,NA,NA,NA,NA,NA
14,"binary",4,"Smooth nonlinear misspecified","RuleFit",TRUE,"AUC",0.739685109171147,15.49,NA,32,32,0,5,21,6,0,0,0.15625,0.65625,0.8125,2.03125
15,"binary",4,"Smooth nonlinear misspecified","BRP-GABLE full",TRUE,"AUC",0.82399310931333,213.56,NA,37,37,0,6,31,0,0,0,0.162162162162162,0.837837837837838,1,1.83783783783784
15,"binary",4,"Smooth nonlinear misspecified","BRP-GABLE rule-only",TRUE,"AUC",0.82399310931333,202.98,NA,37,37,0,6,31,0,0,0,0.162162162162162,0.837837837837838,1,1.83783783783784
15,"binary",4,"Smooth nonlinear misspecified","GABLE",TRUE,"AUC",0.714243659914084,4.13,NA,5,5,0,4,1,0,0,0,0.8,0.2,1,1.2
15,"binary",4,"Smooth nonlinear misspecified","GBM",TRUE,"AUC",0.82799450489544,0.03,NA,NA,NA,NA,NA,NA,NA,NA,NA,NA,NA,NA,NA
15,"binary",4,"Smooth nonlinear misspecified","Linear",TRUE,"AUC",0.620401665976144,0,NA,20,0,20,20,0,0,0,0,1,0,1,1
15,"binary",4,"Smooth nonlinear misspecified","Random forest",TRUE,"AUC",0.815641422621514,0.340000000000032,NA,NA,NA,NA,NA,NA,NA,NA,NA,NA,NA,NA,NA
15,"binary",4,"Smooth nonlinear misspecified","RuleFit",TRUE,"AUC",0.68978826402669,11.21,NA,10,10,0,7,3,0,0,0,0.7,0.3,1,1.3
16,"binary",4,"Smooth nonlinear misspecified","BRP-GABLE full",TRUE,"AUC",0.843992893626471,187.1,NA,42,41,1,7,35,0,0,0,0.166666666666667,0.833333333333333,1,1.83333333333333
16,"binary",4,"Smooth nonlinear misspecified","BRP-GABLE rule-only",TRUE,"AUC",0.843909615811681,193.66,NA,46,46,0,9,37,0,0,0,0.195652173913043,0.804347826086957,1,1.80434782608696
16,"binary",4,"Smooth nonlinear misspecified","GABLE",TRUE,"AUC",0.76906136649641,4.18000000000006,NA,5,5,0,4,1,0,0,0,0.8,0.2,1,1.2
16,"binary",4,"Smooth nonlinear misspecified","GBM",TRUE,"AUC",0.877118957731882,0.03,NA,NA,NA,NA,NA,NA,NA,NA,NA,NA,NA,NA,NA
16,"binary",4,"Smooth nonlinear misspecified","Linear",TRUE,"AUC",0.717614183137168,0.00999999999999091,NA,20,0,20,20,0,0,0,0,1,0,1,1
16,"binary",4,"Smooth nonlinear misspecified","Random forest",TRUE,"AUC",0.834332667110815,0.360000000000014,NA,NA,NA,NA,NA,NA,NA,NA,NA,NA,NA,NA,NA
16,"binary",4,"Smooth nonlinear misspecified","RuleFit",TRUE,"AUC",0.763093123103116,13.42,NA,14,14,0,2,12,0,0,0,0.142857142857143,0.857142857142857,1,1.85714285714286
17,"binary",4,"Smooth nonlinear misspecified","BRP-GABLE full",TRUE,"AUC",0.847290818634102,224.65,NA,43,42,1,11,32,0,0,0,0.255813953488372,0.744186046511628,1,1.74418604651163
17,"binary",4,"Smooth nonlinear misspecified","BRP-GABLE rule-only",TRUE,"AUC",0.845608322026232,217.99,NA,42,42,0,9,33,0,0,0,0.214285714285714,0.785714285714286,1,1.78571428571429
17,"binary",4,"Smooth nonlinear misspecified","GABLE",TRUE,"AUC",0.753713251922207,4.73000000000002,NA,5,5,0,4,1,0,0,0,0.8,0.2,1,1.2
17,"binary",4,"Smooth nonlinear misspecified","GBM",TRUE,"AUC",0.825345997286296,0.05,NA,NA,NA,NA,NA,NA,NA,NA,NA,NA,NA,NA,NA
17,"binary",4,"Smooth nonlinear misspecified","Linear",TRUE,"AUC",0.700949796472185,0.0199999999999818,NA,20,0,20,20,0,0,0,0,1,0,1,1
17,"binary",4,"Smooth nonlinear misspecified","Random forest",TRUE,"AUC",0.812609678878336,0.349999999999909,NA,NA,NA,NA,NA,NA,NA,NA,NA,NA,NA,NA,NA
17,"binary",4,"Smooth nonlinear misspecified","RuleFit",TRUE,"AUC",0.718218000904568,15.17,NA,22,22,0,3,14,5,0,0,0.136363636363636,0.636363636363636,0.772727272727273,2.09090909090909
18,"binary",4,"Smooth nonlinear misspecified","BRP-GABLE full",TRUE,"AUC",0.808310186922904,183.35,NA,38,38,0,9,29,0,0,0,0.236842105263158,0.763157894736842,1,1.76315789473684
18,"binary",4,"Smooth nonlinear misspecified","BRP-GABLE rule-only",TRUE,"AUC",0.809642669469259,194.48,NA,39,39,0,10,29,0,0,0,0.256410256410256,0.743589743589744,1,1.74358974358974
18,"binary",4,"Smooth nonlinear misspecified","GABLE",TRUE,"AUC",0.742511823436679,3.38999999999999,NA,4,4,0,2,2,0,0,0,0.5,0.5,1,1.5
18,"binary",4,"Smooth nonlinear misspecified","GBM",TRUE,"AUC",0.812833120636589,0.04,NA,NA,NA,NA,NA,NA,NA,NA,NA,NA,NA,NA,NA
18,"binary",4,"Smooth nonlinear misspecified","Linear",TRUE,"AUC",0.711752120711658,0,NA,20,0,20,20,0,0,0,0,1,0,1,1
18,"binary",4,"Smooth nonlinear misspecified","Random forest",TRUE,"AUC",0.809924179866376,0.360000000000014,NA,NA,NA,NA,NA,NA,NA,NA,NA,NA,NA,NA,NA
18,"binary",4,"Smooth nonlinear misspecified","RuleFit",TRUE,"AUC",0.754335260115607,14.79,NA,13,13,0,0,10,3,0,0,0,0.769230769230769,0.769230769230769,2.23076923076923
19,"binary",4,"Smooth nonlinear misspecified","BRP-GABLE full",TRUE,"AUC",0.860507899862925,203.28,NA,50,49,1,13,37,0,0,0,0.26,0.74,1,1.74
19,"binary",4,"Smooth nonlinear misspecified","BRP-GABLE rule-only",TRUE,"AUC",0.860273429045523,206.65,NA,52,52,0,14,38,0,0,0,0.269230769230769,0.730769230769231,1,1.73076923076923
19,"binary",4,"Smooth nonlinear misspecified","GABLE",TRUE,"AUC",0.765078277180579,3.73000000000002,NA,5,5,0,3,2,0,0,0,0.6,0.4,1,1.4
19,"binary",4,"Smooth nonlinear misspecified","GBM",TRUE,"AUC",0.854573984560999,0.04,NA,NA,NA,NA,NA,NA,NA,NA,NA,NA,NA,NA,NA
19,"binary",4,"Smooth nonlinear misspecified","Linear",TRUE,"AUC",0.639185484452781,0.0199999999999818,NA,20,0,20,20,0,0,0,0,1,0,1,1
19,"binary",4,"Smooth nonlinear misspecified","Random forest",TRUE,"AUC",0.820350263328764,0.490000000000009,NA,NA,NA,NA,NA,NA,NA,NA,NA,NA,NA,NA,NA
19,"binary",4,"Smooth nonlinear misspecified","RuleFit",TRUE,"AUC",0.75465334391458,18.97,NA,29,29,0,8,17,4,0,0,0.275862068965517,0.586206896551724,0.862068965517241,1.86206896551724
20,"binary",4,"Smooth nonlinear misspecified","BRP-GABLE full",TRUE,"AUC",0.787731740699266,229.81,NA,31,31,0,7,24,0,0,0,0.225806451612903,0.774193548387097,1,1.7741935483871
20,"binary",4,"Smooth nonlinear misspecified","BRP-GABLE rule-only",TRUE,"AUC",0.786478607867186,215.36,NA,35,35,0,10,25,0,0,0,0.285714285714286,0.714285714285714,1,1.71428571428571
20,"binary",4,"Smooth nonlinear misspecified","GABLE",TRUE,"AUC",0.726630405801738,3.84000000000003,NA,5,5,0,4,1,0,0,0,0.8,0.2,1,1.2
20,"binary",4,"Smooth nonlinear misspecified","GBM",TRUE,"AUC",0.802467160809826,0.05,NA,NA,NA,NA,NA,NA,NA,NA,NA,NA,NA,NA,NA
20,"binary",4,"Smooth nonlinear misspecified","Linear",TRUE,"AUC",0.598855294264029,0,NA,20,0,20,20,0,0,0,0,1,0,1,1
20,"binary",4,"Smooth nonlinear misspecified","Random forest",TRUE,"AUC",0.795534936632361,0.350000000000023,NA,NA,NA,NA,NA,NA,NA,NA,NA,NA,NA,NA,NA
20,"binary",4,"Smooth nonlinear misspecified","RuleFit",TRUE,"AUC",0.739757194404451,14.17,NA,21,21,0,5,13,3,0,0,0.238095238095238,0.619047619047619,0.857142857142857,1.9047619047619
21,"binary",4,"Smooth nonlinear misspecified","BRP-GABLE full",TRUE,"AUC",0.853305034513088,199.79,NA,62,61,1,31,31,0,0,0,0.5,0.5,1,1.5
21,"binary",4,"Smooth nonlinear misspecified","BRP-GABLE rule-only",TRUE,"AUC",0.854155911202891,203.5,NA,61,61,0,30,31,0,0,0,0.491803278688525,0.508196721311475,1,1.50819672131148
21,"binary",4,"Smooth nonlinear misspecified","GABLE",TRUE,"AUC",0.788762691447255,4.88999999999987,NA,5,5,0,5,0,0,0,0,1,0,1,1
21,"binary",4,"Smooth nonlinear misspecified","GBM",TRUE,"AUC",0.851488556186543,0.03,NA,NA,NA,NA,NA,NA,NA,NA,NA,NA,NA,NA,NA
21,"binary",4,"Smooth nonlinear misspecified","Linear",TRUE,"AUC",0.719841679573223,0.00999999999999091,NA,20,0,20,20,0,0,0,0,1,0,1,1
21,"binary",4,"Smooth nonlinear misspecified","Random forest",TRUE,"AUC",0.835474865676208,0.370000000000118,NA,NA,NA,NA,NA,NA,NA,NA,NA,NA,NA,NA,NA
21,"binary",4,"Smooth nonlinear misspecified","RuleFit",TRUE,"AUC",0.782663148434961,17.58,NA,15,15,0,0,11,4,0,0,0,0.733333333333333,0.733333333333333,2.26666666666667
22,"binary",4,"Smooth nonlinear misspecified","BRP-GABLE full",TRUE,"AUC",0.839702453219248,224.61,NA,42,42,0,4,38,0,0,0,0.0952380952380952,0.904761904761905,1,1.9047619047619
22,"binary",4,"Smooth nonlinear misspecified","BRP-GABLE rule-only",TRUE,"AUC",0.841648840839452,217.55,NA,42,42,0,4,38,0,0,0,0.0952380952380952,0.904761904761905,1,1.9047619047619
22,"binary",4,"Smooth nonlinear misspecified","GABLE",TRUE,"AUC",0.684550307375075,4.02999999999997,NA,5,5,0,3,2,0,0,0,0.6,0.4,1,1.4
22,"binary",4,"Smooth nonlinear misspecified","GBM",TRUE,"AUC",0.849106781522807,0.0499999999999998,NA,NA,NA,NA,NA,NA,NA,NA,NA,NA,NA,NA,NA
22,"binary",4,"Smooth nonlinear misspecified","Linear",TRUE,"AUC",0.684010714767493,0,NA,20,0,20,20,0,0,0,0,1,0,1,1
22,"binary",4,"Smooth nonlinear misspecified","Random forest",TRUE,"AUC",0.835954211713014,0.380000000000109,NA,NA,NA,NA,NA,NA,NA,NA,NA,NA,NA,NA,NA
22,"binary",4,"Smooth nonlinear misspecified","RuleFit",TRUE,"AUC",0.757848181765624,12.97,NA,10,10,0,0,9,1,0,0,0,0.9,0.9,2.1
23,"binary",4,"Smooth nonlinear misspecified","BRP-GABLE full",TRUE,"AUC",0.822354094076655,188.2,NA,38,38,0,8,30,0,0,0,0.210526315789474,0.789473684210526,1,1.78947368421053
23,"binary",4,"Smooth nonlinear misspecified","BRP-GABLE rule-only",TRUE,"AUC",0.823932926829268,181.2,NA,39,39,0,8,31,0,0,0,0.205128205128205,0.794871794871795,1,1.79487179487179
23,"binary",4,"Smooth nonlinear misspecified","GABLE",TRUE,"AUC",0.741289198606272,3.03999999999996,NA,5,5,0,3,2,0,0,0,0.6,0.4,1,1.4
23,"binary",4,"Smooth nonlinear misspecified","GBM",TRUE,"AUC",0.822644454123113,0.0499999999999998,NA,NA,NA,NA,NA,NA,NA,NA,NA,NA,NA,NA,NA
23,"binary",4,"Smooth nonlinear misspecified","Linear",TRUE,"AUC",0.652711236933798,0.0199999999999818,NA,20,0,20,20,0,0,0,0,1,0,1,1
23,"binary",4,"Smooth nonlinear misspecified","Random forest",TRUE,"AUC",0.795468568524971,0.329999999999927,NA,NA,NA,NA,NA,NA,NA,NA,NA,NA,NA,NA,NA
23,"binary",4,"Smooth nonlinear misspecified","RuleFit",TRUE,"AUC",0.694550304878049,10.19,NA,5,5,0,3,2,0,0,0,0.6,0.4,1,1.4
24,"binary",4,"Smooth nonlinear misspecified","BRP-GABLE full",TRUE,"AUC",0.869645985940765,190.49,NA,57,52,5,27,30,0,0,0,0.473684210526316,0.526315789473684,1,1.52631578947368
24,"binary",4,"Smooth nonlinear misspecified","BRP-GABLE rule-only",TRUE,"AUC",0.87007874015748,181.42,NA,52,52,0,23,29,0,0,0,0.442307692307692,0.557692307692308,1,1.55769230769231
24,"binary",4,"Smooth nonlinear misspecified","GABLE",TRUE,"AUC",0.760085284245635,3.92000000000007,NA,5,5,0,4,1,0,0,0,0.8,0.2,1,1.2
24,"binary",4,"Smooth nonlinear misspecified","GBM",TRUE,"AUC",0.862743028435119,0.03,NA,NA,NA,NA,NA,NA,NA,NA,NA,NA,NA,NA,NA
24,"binary",4,"Smooth nonlinear misspecified","Linear",TRUE,"AUC",0.606953621413945,0,NA,20,0,20,20,0,0,0,0,1,0,1,1
24,"binary",4,"Smooth nonlinear misspecified","Random forest",TRUE,"AUC",0.809989233919487,0.480000000000018,NA,NA,NA,NA,NA,NA,NA,NA,NA,NA,NA,NA,NA
24,"binary",4,"Smooth nonlinear misspecified","RuleFit",TRUE,"AUC",0.66423550273374,14.15,NA,13,13,0,0,11,2,0,0,0,0.846153846153846,0.846153846153846,2.15384615384615
25,"binary",4,"Smooth nonlinear misspecified","BRP-GABLE full",TRUE,"AUC",0.847812313655337,202.75,NA,38,38,0,3,35,0,0,0,0.0789473684210526,0.921052631578947,1,1.92105263157895
25,"binary",4,"Smooth nonlinear misspecified","BRP-GABLE rule-only",TRUE,"AUC",0.847942754919499,214.89,NA,39,39,0,4,35,0,0,0,0.102564102564103,0.897435897435897,1,1.8974358974359
25,"binary",4,"Smooth nonlinear misspecified","GABLE",TRUE,"AUC",0.783979949314252,5.25,NA,5,5,0,4,1,0,0,0,0.8,0.2,1,1.2
25,"binary",4,"Smooth nonlinear misspecified","GBM",TRUE,"AUC",0.866912641621944,0.04,NA,NA,NA,NA,NA,NA,NA,NA,NA,NA,NA,NA,NA
25,"binary",4,"Smooth nonlinear misspecified","Linear",TRUE,"AUC",0.715134913536076,0,NA,20,0,20,20,0,0,0,0,1,0,1,1
25,"binary",4,"Smooth nonlinear misspecified","Random forest",TRUE,"AUC",0.844122689326178,0.309999999999945,NA,NA,NA,NA,NA,NA,NA,NA,NA,NA,NA,NA,NA
25,"binary",4,"Smooth nonlinear misspecified","RuleFit",TRUE,"AUC",0.775715563506261,12.73,NA,29,29,0,6,23,0,0,0,0.206896551724138,0.793103448275862,1,1.79310344827586
26,"binary",4,"Smooth nonlinear misspecified","BRP-GABLE full",TRUE,"AUC",0.848413019598774,228.78,NA,52,50,2,16,36,0,0,0,0.307692307692308,0.692307692307692,1,1.69230769230769
26,"binary",4,"Smooth nonlinear misspecified","BRP-GABLE rule-only",TRUE,"AUC",0.84838411285194,238.6,NA,59,59,0,21,38,0,0,0,0.355932203389831,0.644067796610169,1,1.64406779661017
26,"binary",4,"Smooth nonlinear misspecified","GABLE",TRUE,"AUC",0.766645468385655,5.29999999999995,NA,5,5,0,4,1,0,0,0,0.8,0.2,1,1.2
26,"binary",4,"Smooth nonlinear misspecified","GBM",TRUE,"AUC",0.861671580813629,0.03,NA,NA,NA,NA,NA,NA,NA,NA,NA,NA,NA,NA,NA
26,"binary",4,"Smooth nonlinear misspecified","Linear",TRUE,"AUC",0.643618353857124,0,NA,20,0,20,20,0,0,0,0,1,0,1,1
26,"binary",4,"Smooth nonlinear misspecified","Random forest",TRUE,"AUC",0.835433890269989,0.360000000000127,NA,NA,NA,NA,NA,NA,NA,NA,NA,NA,NA,NA,NA
26,"binary",4,"Smooth nonlinear misspecified","RuleFit",TRUE,"AUC",0.70966063479216,14.83,NA,12,12,0,0,11,1,0,0,0,0.916666666666667,0.916666666666667,2.08333333333333
27,"binary",4,"Smooth nonlinear misspecified","BRP-GABLE full",TRUE,"AUC",0.823549000019588,194.11,NA,46,46,0,9,37,0,0,0,0.195652173913043,0.804347826086957,1,1.80434782608696
27,"binary",4,"Smooth nonlinear misspecified","BRP-GABLE rule-only",TRUE,"AUC",0.824430471489295,199.08,NA,48,48,0,11,37,0,0,0,0.229166666666667,0.770833333333333,1,1.77083333333333
27,"binary",4,"Smooth nonlinear misspecified","GABLE",TRUE,"AUC",0.743305713893949,4.75,NA,5,5,0,3,2,0,0,0,0.6,0.4,1,1.4
27,"binary",4,"Smooth nonlinear misspecified","GBM",TRUE,"AUC",0.838710309298545,0.03,NA,NA,NA,NA,NA,NA,NA,NA,NA,NA,NA,NA,NA
27,"binary",4,"Smooth nonlinear misspecified","Linear",TRUE,"AUC",0.662670662670663,0,NA,20,0,20,20,0,0,0,0,1,0,1,1
27,"binary",4,"Smooth nonlinear misspecified","Random forest",TRUE,"AUC",0.804479833891599,0.320000000000164,NA,NA,NA,NA,NA,NA,NA,NA,NA,NA,NA,NA,NA
27,"binary",4,"Smooth nonlinear misspecified","RuleFit",TRUE,"AUC",0.758878376525435,12.22,NA,10,10,0,0,8,2,0,0,0,0.8,0.8,2.2
28,"binary",4,"Smooth nonlinear misspecified","BRP-GABLE full",TRUE,"AUC",0.848949809056192,197.76,NA,46,45,1,14,32,0,0,0,0.304347826086957,0.695652173913043,1,1.69565217391304
28,"binary",4,"Smooth nonlinear misspecified","BRP-GABLE rule-only",TRUE,"AUC",0.848745226404801,207.64,NA,45,45,0,13,32,0,0,0,0.288888888888889,0.711111111111111,1,1.71111111111111
28,"binary",4,"Smooth nonlinear misspecified","GABLE",TRUE,"AUC",0.772052304964539,4.74000000000001,NA,5,5,0,5,0,0,0,0,1,0,1,1
28,"binary",4,"Smooth nonlinear misspecified","GBM",TRUE,"AUC",0.846707924168031,0.04,NA,NA,NA,NA,NA,NA,NA,NA,NA,NA,NA,NA,NA
28,"binary",4,"Smooth nonlinear misspecified","Linear",TRUE,"AUC",0.669326241134752,0,NA,20,0,20,20,0,0,0,0,1,0,1,1
28,"binary",4,"Smooth nonlinear misspecified","Random forest",TRUE,"AUC",0.817128682487725,0.3599999999999,NA,NA,NA,NA,NA,NA,NA,NA,NA,NA,NA,NA,NA
28,"binary",4,"Smooth nonlinear misspecified","RuleFit",TRUE,"AUC",0.720369612656847,14.62,NA,24,24,0,7,13,4,0,0,0.291666666666667,0.541666666666667,0.833333333333333,1.875
29,"binary",4,"Smooth nonlinear misspecified","BRP-GABLE full",TRUE,"AUC",0.814066038425013,239.95,NA,55,54,1,19,36,0,0,0,0.345454545454545,0.654545454545455,1,1.65454545454545
29,"binary",4,"Smooth nonlinear misspecified","BRP-GABLE rule-only",TRUE,"AUC",0.814869603331142,225.41,NA,58,58,0,22,36,0,0,0,0.379310344827586,0.620689655172414,1,1.62068965517241
29,"binary",4,"Smooth nonlinear misspecified","GABLE",TRUE,"AUC",0.75235590620206,5.08999999999992,NA,5,5,0,5,0,0,0,0,1,0,1,1
29,"binary",4,"Smooth nonlinear misspecified","GBM",TRUE,"AUC",0.826630871502666,0.03,NA,NA,NA,NA,NA,NA,NA,NA,NA,NA,NA,NA,NA
29,"binary",4,"Smooth nonlinear misspecified","Linear",TRUE,"AUC",0.65596464314413,0,NA,20,0,20,20,0,0,0,0,1,0,1,1
29,"binary",4,"Smooth nonlinear misspecified","Random forest",TRUE,"AUC",0.790589159178903,0.380000000000109,NA,NA,NA,NA,NA,NA,NA,NA,NA,NA,NA,NA,NA
29,"binary",4,"Smooth nonlinear misspecified","RuleFit",TRUE,"AUC",0.698937102783257,10.66,NA,7,7,0,3,4,0,0,0,0.428571428571429,0.571428571428571,1,1.57142857142857
30,"binary",4,"Smooth nonlinear misspecified","BRP-GABLE full",TRUE,"AUC",0.827421078193298,214.43,NA,34,34,0,11,23,0,0,0,0.323529411764706,0.676470588235294,1,1.67647058823529
30,"binary",4,"Smooth nonlinear misspecified","BRP-GABLE rule-only",TRUE,"AUC",0.829431762991744,204.05,NA,39,39,0,12,27,0,0,0,0.307692307692308,0.692307692307692,1,1.69230769230769
30,"binary",4,"Smooth nonlinear misspecified","GABLE",TRUE,"AUC",0.765235551238465,4.52999999999997,NA,5,5,0,5,0,0,0,0,1,0,1,1
30,"binary",4,"Smooth nonlinear misspecified","GBM",TRUE,"AUC",0.851034482758621,0.03,NA,NA,NA,NA,NA,NA,NA,NA,NA,NA,NA,NA,NA
30,"binary",4,"Smooth nonlinear misspecified","Linear",TRUE,"AUC",0.623234579893152,0.00999999999999091,NA,20,0,20,20,0,0,0,0,1,0,1,1
30,"binary",4,"Smooth nonlinear misspecified","Random forest",TRUE,"AUC",0.80690626517727,0.350000000000136,NA,NA,NA,NA,NA,NA,NA,NA,NA,NA,NA,NA,NA
30,"binary",4,"Smooth nonlinear misspecified","RuleFit",TRUE,"AUC",0.705662943176299,10.55,NA,11,11,0,3,8,0,0,0,0.272727272727273,0.727272727272727,1,1.72727272727273
31,"binary",4,"Smooth nonlinear misspecified","BRP-GABLE full",TRUE,"AUC",0.816229202524383,208.38,NA,50,49,1,14,36,0,0,0,0.28,0.72,1,1.72
31,"binary",4,"Smooth nonlinear misspecified","BRP-GABLE rule-only",TRUE,"AUC",0.818048981640849,213.32,NA,56,56,0,14,42,0,0,0,0.25,0.75,1,1.75
31,"binary",4,"Smooth nonlinear misspecified","GABLE",TRUE,"AUC",0.719305794606999,4.82999999999993,NA,5,5,0,4,1,0,0,0,0.8,0.2,1,1.2
31,"binary",4,"Smooth nonlinear misspecified","GBM",TRUE,"AUC",0.817304934021801,0.05,NA,NA,NA,NA,NA,NA,NA,NA,NA,NA,NA,NA,NA
31,"binary",4,"Smooth nonlinear misspecified","Linear",TRUE,"AUC",0.669929718875502,0,NA,20,0,20,20,0,0,0,0,1,0,1,1
31,"binary",4,"Smooth nonlinear misspecified","Random forest",TRUE,"AUC",0.798551348250143,0.309999999999945,NA,NA,NA,NA,NA,NA,NA,NA,NA,NA,NA,NA,NA
31,"binary",4,"Smooth nonlinear misspecified","RuleFit",TRUE,"AUC",0.718283849684452,12.44,NA,18,18,0,6,7,5,0,0,0.333333333333333,0.388888888888889,0.722222222222222,1.94444444444444
32,"binary",4,"Smooth nonlinear misspecified","BRP-GABLE full",TRUE,"AUC",0.84928364675684,213.23,NA,57,55,2,31,26,0,0,0,0.543859649122807,0.456140350877193,1,1.45614035087719
32,"binary",4,"Smooth nonlinear misspecified","BRP-GABLE rule-only",TRUE,"AUC",0.848382516247656,208.3,NA,52,52,0,28,24,0,0,0,0.538461538461538,0.461538461538462,1,1.46153846153846
32,"binary",4,"Smooth nonlinear misspecified","GABLE",TRUE,"AUC",0.751934244779815,4.46000000000004,NA,5,5,0,5,0,0,0,0,1,0,1,1
32,"binary",4,"Smooth nonlinear misspecified","GBM",TRUE,"AUC",0.8566474304127,0.03,NA,NA,NA,NA,NA,NA,NA,NA,NA,NA,NA,NA,NA
32,"binary",4,"Smooth nonlinear misspecified","Linear",TRUE,"AUC",0.697529628078863,0.0199999999999818,NA,20,0,20,20,0,0,0,0,1,0,1,1
32,"binary",4,"Smooth nonlinear misspecified","Random forest",TRUE,"AUC",0.854999908976716,0.320000000000164,NA,NA,NA,NA,NA,NA,NA,NA,NA,NA,NA,NA,NA
32,"binary",4,"Smooth nonlinear misspecified","RuleFit",TRUE,"AUC",0.720831588720395,10.46,NA,9,9,0,4,5,0,0,0,0.444444444444444,0.555555555555556,1,1.55555555555556
33,"binary",4,"Smooth nonlinear misspecified","BRP-GABLE full",TRUE,"AUC",0.830556499043601,208.61,NA,44,44,0,14,30,0,0,0,0.318181818181818,0.681818181818182,1,1.68181818181818
33,"binary",4,"Smooth nonlinear misspecified","BRP-GABLE rule-only",TRUE,"AUC",0.830556499043601,214.43,NA,44,44,0,14,30,0,0,0,0.318181818181818,0.681818181818182,1,1.68181818181818
33,"binary",4,"Smooth nonlinear misspecified","GABLE",TRUE,"AUC",0.735023865281825,3.61000000000013,NA,4,4,0,1,3,0,0,0,0.25,0.75,1,1.75
33,"binary",4,"Smooth nonlinear misspecified","GBM",TRUE,"AUC",0.881442285346538,0.0500000000000003,NA,NA,NA,NA,NA,NA,NA,NA,NA,NA,NA,NA,NA
33,"binary",4,"Smooth nonlinear misspecified","Linear",TRUE,"AUC",0.692432828616886,0.00999999999999091,NA,20,0,20,20,0,0,0,0,1,0,1,1
33,"binary",4,"Smooth nonlinear misspecified","Random forest",TRUE,"AUC",0.837054648813887,0.339999999999918,NA,NA,NA,NA,NA,NA,NA,NA,NA,NA,NA,NA,NA
33,"binary",4,"Smooth nonlinear misspecified","RuleFit",TRUE,"AUC",0.750388816389281,10.49,NA,14,14,0,3,11,0,0,0,0.214285714285714,0.785714285714286,1,1.78571428571429
34,"binary",4,"Smooth nonlinear misspecified","BRP-GABLE full",TRUE,"AUC",0.864404395604396,213.33,NA,59,58,1,26,33,0,0,0,0.440677966101695,0.559322033898305,1,1.55932203389831
34,"binary",4,"Smooth nonlinear misspecified","BRP-GABLE rule-only",TRUE,"AUC",0.864518681318681,218.27,NA,56,56,0,25,31,0,0,0,0.446428571428571,0.553571428571429,1,1.55357142857143
34,"binary",4,"Smooth nonlinear misspecified","GABLE",TRUE,"AUC",0.786391208791209,4.5,NA,5,5,0,4,1,0,0,0,0.8,0.2,1,1.2
34,"binary",4,"Smooth nonlinear misspecified","GBM",TRUE,"AUC",0.863041758241758,0.0499999999999998,NA,NA,NA,NA,NA,NA,NA,NA,NA,NA,NA,NA,NA
34,"binary",4,"Smooth nonlinear misspecified","Linear",TRUE,"AUC",0.641758241758242,0,NA,20,0,20,20,0,0,0,0,1,0,1,1
34,"binary",4,"Smooth nonlinear misspecified","Random forest",TRUE,"AUC",0.816826373626374,0.329999999999927,NA,NA,NA,NA,NA,NA,NA,NA,NA,NA,NA,NA,NA
34,"binary",4,"Smooth nonlinear misspecified","RuleFit",TRUE,"AUC",0.766663736263736,12.53,NA,24,24,0,5,18,1,0,0,0.208333333333333,0.75,0.958333333333333,1.83333333333333
35,"binary",4,"Smooth nonlinear misspecified","BRP-GABLE full",TRUE,"AUC",0.809623902109451,220.92,NA,41,40,1,6,35,0,0,0,0.146341463414634,0.853658536585366,1,1.85365853658537
35,"binary",4,"Smooth nonlinear misspecified","BRP-GABLE rule-only",TRUE,"AUC",0.808028676525786,220.59,NA,39,39,0,5,34,0,0,0,0.128205128205128,0.871794871794872,1,1.87179487179487
35,"binary",4,"Smooth nonlinear misspecified","GABLE",TRUE,"AUC",0.70902146985962,4.77999999999997,NA,5,5,0,5,0,0,0,0,1,0,1,1
35,"binary",4,"Smooth nonlinear misspecified","GBM",TRUE,"AUC",0.829611140304782,0.03,NA,NA,NA,NA,NA,NA,NA,NA,NA,NA,NA,NA,NA
35,"binary",4,"Smooth nonlinear misspecified","Linear",TRUE,"AUC",0.673035057428121,0,NA,20,0,20,20,0,0,0,0,1,0,1,1
35,"binary",4,"Smooth nonlinear misspecified","Random forest",TRUE,"AUC",0.79049996246528,0.339999999999918,NA,NA,NA,NA,NA,NA,NA,NA,NA,NA,NA,NA,NA
35,"binary",4,"Smooth nonlinear misspecified","RuleFit",TRUE,"AUC",0.697254335260116,19.44,NA,16,16,0,0,14,2,0,0,0,0.875,0.875,2.125
36,"binary",4,"Smooth nonlinear misspecified","BRP-GABLE full",TRUE,"AUC",0.802451292131584,192.36,NA,43,42,1,11,32,0,0,0,0.255813953488372,0.744186046511628,1,1.74418604651163
36,"binary",4,"Smooth nonlinear misspecified","BRP-GABLE rule-only",TRUE,"AUC",0.801632267637933,205.1,NA,44,44,0,10,34,0,0,0,0.227272727272727,0.772727272727273,1,1.77272727272727
36,"binary",4,"Smooth nonlinear misspecified","GABLE",TRUE,"AUC",0.750419147829103,3.19000000000005,NA,5,5,0,3,2,0,0,0,0.6,0.4,1,1.4
36,"binary",4,"Smooth nonlinear misspecified","GBM",TRUE,"AUC",0.817270817675512,0.0299999999999998,NA,NA,NA,NA,NA,NA,NA,NA,NA,NA,NA,NA,NA
36,"binary",4,"Smooth nonlinear misspecified","Linear",TRUE,"AUC",0.704553776184695,0,NA,20,0,20,20,0,0,0,0,1,0,1,1
36,"binary",4,"Smooth nonlinear misspecified","Random forest",TRUE,"AUC",0.788046096625619,0.360000000000127,NA,NA,NA,NA,NA,NA,NA,NA,NA,NA,NA,NA,NA
36,"binary",4,"Smooth nonlinear misspecified","RuleFit",TRUE,"AUC",0.681958335742229,11.28,NA,4,4,0,2,2,0,0,0,0.5,0.5,1,1.5
37,"binary",4,"Smooth nonlinear misspecified","BRP-GABLE full",TRUE,"AUC",0.841014627350824,227.42,NA,55,55,0,24,31,0,0,0,0.436363636363636,0.563636363636364,1,1.56363636363636
37,"binary",4,"Smooth nonlinear misspecified","BRP-GABLE rule-only",TRUE,"AUC",0.842427056729355,207.98,NA,57,57,0,25,32,0,0,0,0.43859649122807,0.56140350877193,1,1.56140350877193
37,"binary",4,"Smooth nonlinear misspecified","GABLE",TRUE,"AUC",0.793582153084127,4.18000000000006,NA,5,5,0,5,0,0,0,0,1,0,1,1
37,"binary",4,"Smooth nonlinear misspecified","GBM",TRUE,"AUC",0.837183654515904,0.0499999999999998,NA,NA,NA,NA,NA,NA,NA,NA,NA,NA,NA,NA,NA
37,"binary",4,"Smooth nonlinear misspecified","Linear",TRUE,"AUC",0.665099450506927,0.00999999999999091,NA,20,0,20,20,0,0,0,0,1,0,1,1
37,"binary",4,"Smooth nonlinear misspecified","Random forest",TRUE,"AUC",0.822691742125222,0.349999999999909,NA,NA,NA,NA,NA,NA,NA,NA,NA,NA,NA,NA,NA
37,"binary",4,"Smooth nonlinear misspecified","RuleFit",TRUE,"AUC",0.693096509558084,12,NA,5,5,0,2,3,0,0,0,0.4,0.6,1,1.6
38,"binary",4,"Smooth nonlinear misspecified","BRP-GABLE full",TRUE,"AUC",0.82011872353297,271.35,NA,46,45,1,16,30,0,0,0,0.347826086956522,0.652173913043478,1,1.65217391304348
38,"binary",4,"Smooth nonlinear misspecified","BRP-GABLE rule-only",TRUE,"AUC",0.821328644888082,282.37,NA,45,45,0,15,30,0,0,0,0.333333333333333,0.666666666666667,1,1.66666666666667
38,"binary",4,"Smooth nonlinear misspecified","GABLE",TRUE,"AUC",0.736586887477314,4.12999999999988,NA,5,5,0,4,1,0,0,0,0.8,0.2,1,1.2
38,"binary",4,"Smooth nonlinear misspecified","GBM",TRUE,"AUC",0.82919313369631,0.04,NA,NA,NA,NA,NA,NA,NA,NA,NA,NA,NA,NA,NA
38,"binary",4,"Smooth nonlinear misspecified","Linear",TRUE,"AUC",0.671714307320024,0,NA,20,0,20,20,0,0,0,0,1,0,1,1
38,"binary",4,"Smooth nonlinear misspecified","Random forest",TRUE,"AUC",0.799776920750151,0.480000000000018,NA,NA,NA,NA,NA,NA,NA,NA,NA,NA,NA,NA,NA
38,"binary",4,"Smooth nonlinear misspecified","RuleFit",TRUE,"AUC",0.703030474894132,21.39,NA,16,16,0,1,13,2,0,0,0.0625,0.8125,0.875,2.0625
39,"binary",4,"Smooth nonlinear misspecified","BRP-GABLE full",TRUE,"AUC",0.815165965404395,205.65,NA,41,41,0,8,33,0,0,0,0.195121951219512,0.804878048780488,1,1.80487804878049
39,"binary",4,"Smooth nonlinear misspecified","BRP-GABLE rule-only",TRUE,"AUC",0.816736792893876,208.32,NA,43,43,0,8,35,0,0,0,0.186046511627907,0.813953488372093,1,1.81395348837209
39,"binary",4,"Smooth nonlinear misspecified","GABLE",TRUE,"AUC",0.746806919121085,3.91000000000008,NA,5,5,0,3,2,0,0,0,0.6,0.4,1,1.4
39,"binary",4,"Smooth nonlinear misspecified","GBM",TRUE,"AUC",0.81080878915381,0.0499999999999998,NA,NA,NA,NA,NA,NA,NA,NA,NA,NA,NA,NA,NA
39,"binary",4,"Smooth nonlinear misspecified","Linear",TRUE,"AUC",0.704067321178121,0.00999999999999091,NA,20,0,20,20,0,0,0,0,1,0,1,1
39,"binary",4,"Smooth nonlinear misspecified","Random forest",TRUE,"AUC",0.813744740532959,0.329999999999927,NA,NA,NA,NA,NA,NA,NA,NA,NA,NA,NA,NA,NA
39,"binary",4,"Smooth nonlinear misspecified","RuleFit",TRUE,"AUC",0.731996259934549,11.2,NA,7,7,0,1,5,1,0,0,0.142857142857143,0.714285714285714,0.857142857142857,2
40,"binary",4,"Smooth nonlinear misspecified","BRP-GABLE full",TRUE,"AUC",0.804083894767835,198.29,NA,35,35,0,4,31,0,0,0,0.114285714285714,0.885714285714286,1,1.88571428571429
40,"binary",4,"Smooth nonlinear misspecified","BRP-GABLE rule-only",TRUE,"AUC",0.815748454251026,201.2,NA,41,41,0,9,32,0,0,0,0.219512195121951,0.780487804878049,1,1.78048780487805
40,"binary",4,"Smooth nonlinear misspecified","GABLE",TRUE,"AUC",0.73544744453489,3.59999999999991,NA,5,5,0,4,1,0,0,0,0.8,0.2,1,1.2
40,"binary",4,"Smooth nonlinear misspecified","GBM",TRUE,"AUC",0.816692356985746,0.04,NA,NA,NA,NA,NA,NA,NA,NA,NA,NA,NA,NA,NA
40,"binary",4,"Smooth nonlinear misspecified","Linear",TRUE,"AUC",0.655605396698938,0.0199999999999818,NA,20,0,20,20,0,0,0,0,1,0,1,1
40,"binary",4,"Smooth nonlinear misspecified","Random forest",TRUE,"AUC",0.776658757512253,0.340000000000146,NA,NA,NA,NA,NA,NA,NA,NA,NA,NA,NA,NA,NA
40,"binary",4,"Smooth nonlinear misspecified","RuleFit",TRUE,"AUC",0.698903687282426,11.25,NA,13,13,0,4,8,1,0,0,0.307692307692308,0.615384615384615,0.923076923076923,1.76923076923077
41,"binary",4,"Smooth nonlinear misspecified","BRP-GABLE full",TRUE,"AUC",0.825551470588235,187.55,NA,57,55,2,10,47,0,0,0,0.175438596491228,0.824561403508772,1,1.82456140350877
41,"binary",4,"Smooth nonlinear misspecified","BRP-GABLE rule-only",TRUE,"AUC",0.824613970588235,193.55,NA,54,54,0,7,47,0,0,0,0.12962962962963,0.87037037037037,1,1.87037037037037
41,"binary",4,"Smooth nonlinear misspecified","GABLE",TRUE,"AUC",0.723455882352941,4.16000000000008,NA,5,5,0,4,1,0,0,0,0.8,0.2,1,1.2
41,"binary",4,"Smooth nonlinear misspecified","GBM",TRUE,"AUC",0.817279411764706,0.0700000000000003,NA,NA,NA,NA,NA,NA,NA,NA,NA,NA,NA,NA,NA
41,"binary",4,"Smooth nonlinear misspecified","Linear",TRUE,"AUC",0.651286764705882,0,NA,20,0,20,20,0,0,0,0,1,0,1,1
41,"binary",4,"Smooth nonlinear misspecified","Random forest",TRUE,"AUC",0.792058823529412,0.3599999999999,NA,NA,NA,NA,NA,NA,NA,NA,NA,NA,NA,NA,NA
41,"binary",4,"Smooth nonlinear misspecified","RuleFit",TRUE,"AUC",0.733125,12.72,NA,14,14,0,4,10,0,0,0,0.285714285714286,0.714285714285714,1,1.71428571428571
42,"binary",4,"Smooth nonlinear misspecified","BRP-GABLE full",TRUE,"AUC",0.859587482478018,183.39,NA,60,60,0,22,38,0,0,0,0.366666666666667,0.633333333333333,1,1.63333333333333
42,"binary",4,"Smooth nonlinear misspecified","BRP-GABLE rule-only",TRUE,"AUC",0.859041342775482,193.8,NA,58,58,0,21,37,0,0,0,0.362068965517241,0.637931034482759,1,1.63793103448276
42,"binary",4,"Smooth nonlinear misspecified","GABLE",TRUE,"AUC",0.780451839580565,3.72000000000003,NA,4,4,0,2,2,0,0,0,0.5,0.5,1,1.5
42,"binary",4,"Smooth nonlinear misspecified","GBM",TRUE,"AUC",0.855982960441281,0.04,NA,NA,NA,NA,NA,NA,NA,NA,NA,NA,NA,NA,NA
42,"binary",4,"Smooth nonlinear misspecified","Linear",TRUE,"AUC",0.658316797436784,0,NA,20,0,20,20,0,0,0,0,1,0,1,1
42,"binary",4,"Smooth nonlinear misspecified","Random forest",TRUE,"AUC",0.82531721614389,0.339999999999918,NA,NA,NA,NA,NA,NA,NA,NA,NA,NA,NA,NA,NA
42,"binary",4,"Smooth nonlinear misspecified","RuleFit",TRUE,"AUC",0.705885565527662,10.76,NA,9,9,0,1,8,0,0,0,0.111111111111111,0.888888888888889,1,1.88888888888889
43,"binary",4,"Smooth nonlinear misspecified","BRP-GABLE full",TRUE,"AUC",0.806818873668189,202.11,NA,48,47,1,15,33,0,0,0,0.3125,0.6875,1,1.6875
43,"binary",4,"Smooth nonlinear misspecified","BRP-GABLE rule-only",TRUE,"AUC",0.810887874175545,209.8,NA,52,52,0,17,35,0,0,0,0.326923076923077,0.673076923076923,1,1.67307692307692
43,"binary",4,"Smooth nonlinear misspecified","GABLE",TRUE,"AUC",0.782506341958397,4.56999999999994,NA,5,5,0,5,0,0,0,0,1,0,1,1
43,"binary",4,"Smooth nonlinear misspecified","GBM",TRUE,"AUC",0.811100963977676,0.0299999999999998,NA,NA,NA,NA,NA,NA,NA,NA,NA,NA,NA,NA,NA
43,"binary",4,"Smooth nonlinear misspecified","Linear",TRUE,"AUC",0.661248097412481,0.00999999999999091,NA,20,0,20,20,0,0,0,0,1,0,1,1
43,"binary",4,"Smooth nonlinear misspecified","Random forest",TRUE,"AUC",0.799350583460173,0.360000000000127,NA,NA,NA,NA,NA,NA,NA,NA,NA,NA,NA,NA,NA
43,"binary",4,"Smooth nonlinear misspecified","RuleFit",TRUE,"AUC",0.719533231861999,13.45,NA,23,23,0,5,14,4,0,0,0.217391304347826,0.608695652173913,0.826086956521739,1.95652173913043
44,"binary",4,"Smooth nonlinear misspecified","BRP-GABLE full",TRUE,"AUC",0.800958484573503,174.49,NA,39,39,0,8,31,0,0,0,0.205128205128205,0.794871794871795,1,1.79487179487179
44,"binary",4,"Smooth nonlinear misspecified","BRP-GABLE rule-only",TRUE,"AUC",0.800958484573503,170.69,NA,39,39,0,8,31,0,0,0,0.205128205128205,0.794871794871795,1,1.79487179487179
44,"binary",4,"Smooth nonlinear misspecified","GABLE",TRUE,"AUC",0.719317150635209,3.95000000000005,NA,4,4,0,2,2,0,0,0,0.5,0.5,1,1.5
44,"binary",4,"Smooth nonlinear misspecified","GBM",TRUE,"AUC",0.820383393829401,0.0500000000000003,NA,NA,NA,NA,NA,NA,NA,NA,NA,NA,NA,NA,NA
44,"binary",4,"Smooth nonlinear misspecified","Linear",TRUE,"AUC",0.681639443436177,0.0199999999999818,NA,20,0,20,20,0,0,0,0,1,0,1,1
44,"binary",4,"Smooth nonlinear misspecified","Random forest",TRUE,"AUC",0.78842445553539,0.329999999999927,NA,NA,NA,NA,NA,NA,NA,NA,NA,NA,NA,NA,NA
44,"binary",4,"Smooth nonlinear misspecified","RuleFit",TRUE,"AUC",0.716708257713249,12.53,NA,15,15,0,2,13,0,0,0,0.133333333333333,0.866666666666667,1,1.86666666666667
45,"binary",4,"Smooth nonlinear misspecified","BRP-GABLE full",TRUE,"AUC",0.830781111676179,197.4,NA,43,42,1,12,31,0,0,0,0.27906976744186,0.720930232558139,1,1.72093023255814
45,"binary",4,"Smooth nonlinear misspecified","BRP-GABLE rule-only",TRUE,"AUC",0.83228795841103,198.44,NA,43,43,0,12,31,0,0,0,0.27906976744186,0.720930232558139,1,1.72093023255814
45,"binary",4,"Smooth nonlinear misspecified","GABLE",TRUE,"AUC",0.745389990770564,6.28999999999996,NA,5,5,0,4,1,0,0,0,0.8,0.2,1,1.2
45,"binary",4,"Smooth nonlinear misspecified","GBM",TRUE,"AUC",0.860654348194609,0.0500000000000003,NA,NA,NA,NA,NA,NA,NA,NA,NA,NA,NA,NA,NA
45,"binary",4,"Smooth nonlinear misspecified","Linear",TRUE,"AUC",0.671206042455407,0.0199999999999818,NA,20,0,20,20,0,0,0,0,1,0,1,1
45,"binary",4,"Smooth nonlinear misspecified","Random forest",TRUE,"AUC",0.829566216496205,0.340000000000146,NA,NA,NA,NA,NA,NA,NA,NA,NA,NA,NA,NA,NA
45,"binary",4,"Smooth nonlinear misspecified","RuleFit",TRUE,"AUC",0.72845680058767,11.19,NA,7,7,0,1,6,0,0,0,0.142857142857143,0.857142857142857,1,1.85714285714286
46,"binary",4,"Smooth nonlinear misspecified","BRP-GABLE full",TRUE,"AUC",0.819555875246685,211.38,NA,37,37,0,4,33,0,0,0,0.108108108108108,0.891891891891892,1,1.89189189189189
46,"binary",4,"Smooth nonlinear misspecified","BRP-GABLE rule-only",TRUE,"AUC",0.819555875246685,202.87,NA,37,37,0,4,33,0,0,0,0.108108108108108,0.891891891891892,1,1.89189189189189
46,"binary",4,"Smooth nonlinear misspecified","GABLE",TRUE,"AUC",0.748381563658496,4.25,NA,5,5,0,5,0,0,0,0,1,0,1,1
46,"binary",4,"Smooth nonlinear misspecified","GBM",TRUE,"AUC",0.850366107821981,0.0300000000000002,NA,NA,NA,NA,NA,NA,NA,NA,NA,NA,NA,NA,NA
46,"binary",4,"Smooth nonlinear misspecified","Linear",TRUE,"AUC",0.647724967262399,0,NA,20,0,20,20,0,0,0,0,1,0,1,1
46,"binary",4,"Smooth nonlinear misspecified","Random forest",TRUE,"AUC",0.808932293107582,0.360000000000127,NA,NA,NA,NA,NA,NA,NA,NA,NA,NA,NA,NA,NA
46,"binary",4,"Smooth nonlinear misspecified","RuleFit",TRUE,"AUC",0.687941496523359,10.58,NA,10,10,0,3,6,1,0,0,0.3,0.6,0.9,1.8
47,"binary",4,"Smooth nonlinear misspecified","BRP-GABLE full",TRUE,"AUC",0.853504761904762,254.34,NA,46,46,0,11,35,0,0,0,0.239130434782609,0.760869565217391,1,1.76086956521739
47,"binary",4,"Smooth nonlinear misspecified","BRP-GABLE rule-only",TRUE,"AUC",0.851657142857143,261.02,NA,50,50,0,15,35,0,0,0,0.3,0.7,1,1.7
47,"binary",4,"Smooth nonlinear misspecified","GABLE",TRUE,"AUC",0.792342857142857,4.69000000000005,NA,5,5,0,4,1,0,0,0,0.8,0.2,1,1.2
47,"binary",4,"Smooth nonlinear misspecified","GBM",TRUE,"AUC",0.863333333333333,0.04,NA,NA,NA,NA,NA,NA,NA,NA,NA,NA,NA,NA,NA
47,"binary",4,"Smooth nonlinear misspecified","Linear",TRUE,"AUC",0.64127619047619,0,NA,20,0,20,20,0,0,0,0,1,0,1,1
47,"binary",4,"Smooth nonlinear misspecified","Random forest",TRUE,"AUC",0.822952380952381,0.329999999999927,NA,NA,NA,NA,NA,NA,NA,NA,NA,NA,NA,NA,NA
47,"binary",4,"Smooth nonlinear misspecified","RuleFit",TRUE,"AUC",0.710914285714286,12.75,NA,7,7,0,0,5,2,0,0,0,0.714285714285714,0.714285714285714,2.28571428571429
48,"binary",4,"Smooth nonlinear misspecified","BRP-GABLE full",TRUE,"AUC",0.825478007711071,209.28,NA,48,48,0,12,36,0,0,0,0.25,0.75,1,1.75
48,"binary",4,"Smooth nonlinear misspecified","BRP-GABLE rule-only",TRUE,"AUC",0.82545833661185,221.17,NA,49,49,0,12,37,0,0,0,0.244897959183673,0.755102040816326,1,1.75510204081633
48,"binary",4,"Smooth nonlinear misspecified","GABLE",TRUE,"AUC",0.761192855456763,4.40999999999985,NA,4,4,0,3,1,0,0,0,0.75,0.25,1,1.25
48,"binary",4,"Smooth nonlinear misspecified","GBM",TRUE,"AUC",0.825556692107955,0.0300000000000002,NA,NA,NA,NA,NA,NA,NA,NA,NA,NA,NA,NA,NA
48,"binary",4,"Smooth nonlinear misspecified","Linear",TRUE,"AUC",0.656227870013376,0.0199999999999818,NA,20,0,20,20,0,0,0,0,1,0,1,1
48,"binary",4,"Smooth nonlinear misspecified","Random forest",TRUE,"AUC",0.794073097804705,0.329999999999927,NA,NA,NA,NA,NA,NA,NA,NA,NA,NA,NA,NA,NA
48,"binary",4,"Smooth nonlinear misspecified","RuleFit",TRUE,"AUC",0.717886930521678,12.8,NA,15,15,0,4,9,2,0,0,0.266666666666667,0.6,0.866666666666667,1.86666666666667
49,"binary",4,"Smooth nonlinear misspecified","BRP-GABLE full",TRUE,"AUC",0.84544298753297,206.76,NA,33,33,0,6,27,0,0,0,0.181818181818182,0.818181818181818,1,1.81818181818182
49,"binary",4,"Smooth nonlinear misspecified","BRP-GABLE rule-only",TRUE,"AUC",0.848611928120078,202.64,NA,41,41,0,12,29,0,0,0,0.292682926829268,0.707317073170732,1,1.70731707317073
49,"binary",4,"Smooth nonlinear misspecified","GABLE",TRUE,"AUC",0.727167498434505,3.36000000000013,NA,5,5,0,4,1,0,0,0,0.8,0.2,1,1.2
49,"binary",4,"Smooth nonlinear misspecified","GBM",TRUE,"AUC",0.866667299189738,0.0600000000000001,NA,NA,NA,NA,NA,NA,NA,NA,NA,NA,NA,NA,NA
49,"binary",4,"Smooth nonlinear misspecified","Linear",TRUE,"AUC",0.695421165487011,0.0100000000002183,NA,20,0,20,20,0,0,0,0,1,0,1,1
49,"binary",4,"Smooth nonlinear misspecified","Random forest",TRUE,"AUC",0.846192527372436,0.329999999999927,NA,NA,NA,NA,NA,NA,NA,NA,NA,NA,NA,NA,NA
49,"binary",4,"Smooth nonlinear misspecified","RuleFit",TRUE,"AUC",0.695193457181351,10.89,NA,5,5,0,0,5,0,0,0,0,1,1,2
50,"binary",4,"Smooth nonlinear misspecified","BRP-GABLE full",TRUE,"AUC",0.837927253478524,191.43,NA,61,58,3,20,41,0,0,0,0.327868852459016,0.672131147540984,1,1.67213114754098
50,"binary",4,"Smooth nonlinear misspecified","BRP-GABLE rule-only",TRUE,"AUC",0.838759074410163,196.52,NA,62,62,0,21,41,0,0,0,0.338709677419355,0.661290322580645,1,1.66129032258065
50,"binary",4,"Smooth nonlinear misspecified","GABLE",TRUE,"AUC",0.724818511796733,4.15999999999985,NA,4,4,0,3,1,0,0,0,0.75,0.25,1,1.25
50,"binary",4,"Smooth nonlinear misspecified","GBM",TRUE,"AUC",0.843201754385965,0.04,NA,NA,NA,NA,NA,NA,NA,NA,NA,NA,NA,NA,NA
50,"binary",4,"Smooth nonlinear misspecified","Linear",TRUE,"AUC",0.694286902601331,0.0199999999999818,NA,20,0,20,20,0,0,0,0,1,0,1,1
50,"binary",4,"Smooth nonlinear misspecified","Random forest",TRUE,"AUC",0.816110859044162,0.340000000000146,NA,NA,NA,NA,NA,NA,NA,NA,NA,NA,NA,NA,NA
50,"binary",4,"Smooth nonlinear misspecified","RuleFit",TRUE,"AUC",0.758374924379915,11.04,NA,9,9,0,3,4,2,0,0,0.333333333333333,0.444444444444444,0.777777777777778,1.88888888888889
51,"binary",4,"Smooth nonlinear misspecified","BRP-GABLE full",TRUE,"AUC",0.841704718417047,234.15,NA,45,45,0,12,33,0,0,0,0.266666666666667,0.733333333333333,1,1.73333333333333
51,"binary",4,"Smooth nonlinear misspecified","BRP-GABLE rule-only",TRUE,"AUC",0.841704718417047,225.74,NA,45,45,0,12,33,0,0,0,0.266666666666667,0.733333333333333,1,1.73333333333333
51,"binary",4,"Smooth nonlinear misspecified","GABLE",TRUE,"AUC",0.755900558092339,2.9699999999998,NA,4,4,0,1,3,0,0,0,0.25,0.75,1,1.75
51,"binary",4,"Smooth nonlinear misspecified","GBM",TRUE,"AUC",0.85558599695586,0.0600000000000001,NA,NA,NA,NA,NA,NA,NA,NA,NA,NA,NA,NA,NA
51,"binary",4,"Smooth nonlinear misspecified","Linear",TRUE,"AUC",0.691750380517504,0,NA,20,0,20,20,0,0,0,0,1,0,1,1
51,"binary",4,"Smooth nonlinear misspecified","Random forest",TRUE,"AUC",0.824819888381532,0.329999999999927,NA,NA,NA,NA,NA,NA,NA,NA,NA,NA,NA,NA,NA
51,"binary",4,"Smooth nonlinear misspecified","RuleFit",TRUE,"AUC",0.742820903094876,11.94,NA,9,9,0,0,9,0,0,0,0,1,1,2
52,"binary",4,"Smooth nonlinear misspecified","BRP-GABLE full",TRUE,"AUC",0.803010752688172,194.63,NA,55,54,1,20,35,0,0,0,0.363636363636364,0.636363636363636,1,1.63636363636364
52,"binary",4,"Smooth nonlinear misspecified","BRP-GABLE rule-only",TRUE,"AUC",0.802964001870033,192.12,NA,54,54,0,19,35,0,0,0,0.351851851851852,0.648148148148148,1,1.64814814814815
52,"binary",4,"Smooth nonlinear misspecified","GABLE",TRUE,"AUC",0.736381486676017,4.04999999999973,NA,5,5,0,3,2,0,0,0,0.6,0.4,1,1.4
52,"binary",4,"Smooth nonlinear misspecified","GBM",TRUE,"AUC",0.789509116409537,0.0499999999999998,NA,NA,NA,NA,NA,NA,NA,NA,NA,NA,NA,NA,NA
52,"binary",4,"Smooth nonlinear misspecified","Linear",TRUE,"AUC",0.64026180458158,0,NA,20,0,20,20,0,0,0,0,1,0,1,1
52,"binary",4,"Smooth nonlinear misspecified","Random forest",TRUE,"AUC",0.770500233754091,0.320000000000164,NA,NA,NA,NA,NA,NA,NA,NA,NA,NA,NA,NA,NA
52,"binary",4,"Smooth nonlinear misspecified","RuleFit",TRUE,"AUC",0.704618980832165,18.42,NA,8,8,0,0,5,3,0,0,0,0.625,0.625,2.375
53,"binary",4,"Smooth nonlinear misspecified","BRP-GABLE full",TRUE,"AUC",0.841944834034596,201.67,NA,50,50,0,10,40,0,0,0,0.2,0.8,1,1.8
53,"binary",4,"Smooth nonlinear misspecified","BRP-GABLE rule-only",TRUE,"AUC",0.841290322580645,203.53,NA,53,53,0,10,43,0,0,0,0.188679245283019,0.811320754716981,1,1.81132075471698
53,"binary",4,"Smooth nonlinear misspecified","GABLE",TRUE,"AUC",0.742412342215989,3.91000000000031,NA,4,4,0,3,1,0,0,0,0.75,0.25,1,1.25
53,"binary",4,"Smooth nonlinear misspecified","GBM",TRUE,"AUC",0.841496026180458,0.04,NA,NA,NA,NA,NA,NA,NA,NA,NA,NA,NA,NA,NA
53,"binary",4,"Smooth nonlinear misspecified","Linear",TRUE,"AUC",0.689574567554932,0,NA,20,0,20,20,0,0,0,0,1,0,1,1
53,"binary",4,"Smooth nonlinear misspecified","Random forest",TRUE,"AUC",0.803702664796634,0.339999999999691,NA,NA,NA,NA,NA,NA,NA,NA,NA,NA,NA,NA,NA
53,"binary",4,"Smooth nonlinear misspecified","RuleFit",TRUE,"AUC",0.772117812061711,11.37,NA,25,25,0,11,14,0,0,0,0.44,0.56,1,1.56
54,"binary",4,"Smooth nonlinear misspecified","BRP-GABLE full",TRUE,"AUC",0.844151665206743,177.43,NA,51,50,1,8,43,0,0,0,0.156862745098039,0.843137254901961,1,1.84313725490196
54,"binary",4,"Smooth nonlinear misspecified","BRP-GABLE rule-only",TRUE,"AUC",0.844348307978334,187.52,NA,56,56,0,13,43,0,0,0,0.232142857142857,0.767857142857143,1,1.76785714285714
54,"binary",4,"Smooth nonlinear misspecified","GABLE",TRUE,"AUC",0.791585477037487,4.11999999999989,NA,5,5,0,5,0,0,0,0,1,0,1,1
54,"binary",4,"Smooth nonlinear misspecified","GBM",TRUE,"AUC",0.831924060136935,0.0299999999999998,NA,NA,NA,NA,NA,NA,NA,NA,NA,NA,NA,NA,NA
54,"binary",4,"Smooth nonlinear misspecified","Linear",TRUE,"AUC",0.693719944940024,0,NA,20,0,20,20,0,0,0,0,1,0,1,1
54,"binary",4,"Smooth nonlinear misspecified","Random forest",TRUE,"AUC",0.812590500366471,0.390000000000327,NA,NA,NA,NA,NA,NA,NA,NA,NA,NA,NA,NA,NA
54,"binary",4,"Smooth nonlinear misspecified","RuleFit",TRUE,"AUC",0.709934035288439,11.19,NA,11,11,0,3,7,1,0,0,0.272727272727273,0.636363636363636,0.909090909090909,1.81818181818182
55,"binary",4,"Smooth nonlinear misspecified","BRP-GABLE full",TRUE,"AUC",0.829003514056225,185.38,NA,43,43,0,11,32,0,0,0,0.255813953488372,0.744186046511628,1,1.74418604651163
55,"binary",4,"Smooth nonlinear misspecified","BRP-GABLE rule-only",TRUE,"AUC",0.831603198508319,181.23,NA,46,46,0,14,32,0,0,0,0.304347826086957,0.695652173913043,1,1.69565217391304
55,"binary",4,"Smooth nonlinear misspecified","GABLE",TRUE,"AUC",0.721627581755594,3.77999999999975,NA,5,5,0,4,1,0,0,0,0.8,0.2,1,1.2
55,"binary",4,"Smooth nonlinear misspecified","GBM",TRUE,"AUC",0.822647733792312,0.04,NA,NA,NA,NA,NA,NA,NA,NA,NA,NA,NA,NA,NA
55,"binary",4,"Smooth nonlinear misspecified","Linear",TRUE,"AUC",0.663726333907057,0.0199999999999818,NA,20,0,20,20,0,0,0,0,1,0,1,1
55,"binary",4,"Smooth nonlinear misspecified","Random forest",TRUE,"AUC",0.821831970740103,0.360000000000127,NA,NA,NA,NA,NA,NA,NA,NA,NA,NA,NA,NA,NA
55,"binary",4,"Smooth nonlinear misspecified","RuleFit",TRUE,"AUC",0.704944779116466,11.45,NA,12,12,0,6,5,1,0,0,0.5,0.416666666666667,0.916666666666667,1.58333333333333
56,"binary",4,"Smooth nonlinear misspecified","BRP-GABLE full",TRUE,"AUC",0.845924396259967,224.26,NA,61,60,1,28,33,0,0,0,0.459016393442623,0.540983606557377,1,1.54098360655738
56,"binary",4,"Smooth nonlinear misspecified","BRP-GABLE rule-only",TRUE,"AUC",0.8445285760722,230.28,NA,60,60,0,26,34,0,0,0,0.433333333333333,0.566666666666667,1,1.56666666666667
56,"binary",4,"Smooth nonlinear misspecified","GABLE",TRUE,"AUC",0.733465267022314,4.54999999999973,NA,5,5,0,4,1,0,0,0,0.8,0.2,1,1.2
56,"binary",4,"Smooth nonlinear misspecified","GBM",TRUE,"AUC",0.859347215051913,0.04,NA,NA,NA,NA,NA,NA,NA,NA,NA,NA,NA,NA,NA
56,"binary",4,"Smooth nonlinear misspecified","Linear",TRUE,"AUC",0.692345933956672,0.0199999999999818,NA,20,0,20,20,0,0,0,0,1,0,1,1
56,"binary",4,"Smooth nonlinear misspecified","Random forest",TRUE,"AUC",0.826057859614907,0.340000000000146,NA,NA,NA,NA,NA,NA,NA,NA,NA,NA,NA,NA,NA
56,"binary",4,"Smooth nonlinear misspecified","RuleFit",TRUE,"AUC",0.716724985181361,13.78,NA,9,9,0,0,6,3,0,0,0,0.666666666666667,0.666666666666667,2.33333333333333
57,"binary",4,"Smooth nonlinear misspecified","BRP-GABLE full",TRUE,"AUC",0.832144733878838,198.7,NA,46,45,1,16,30,0,0,0,0.347826086956522,0.652173913043478,1,1.65217391304348
57,"binary",4,"Smooth nonlinear misspecified","BRP-GABLE rule-only",TRUE,"AUC",0.833233240747692,195.77,NA,45,45,0,15,30,0,0,0,0.333333333333333,0.666666666666667,1,1.66666666666667
57,"binary",4,"Smooth nonlinear misspecified","GABLE",TRUE,"AUC",0.745552135725546,4.26000000000022,NA,5,5,0,5,0,0,0,0,1,0,1,1
57,"binary",4,"Smooth nonlinear misspecified","GBM",TRUE,"AUC",0.822010359582614,0.0499999999999998,NA,NA,NA,NA,NA,NA,NA,NA,NA,NA,NA,NA,NA
57,"binary",4,"Smooth nonlinear misspecified","Linear",TRUE,"AUC",0.710325801366264,0,NA,20,0,20,20,0,0,0,0,1,0,1,1
57,"binary",4,"Smooth nonlinear misspecified","Random forest",TRUE,"AUC",0.795811125290894,0.319999999999709,NA,NA,NA,NA,NA,NA,NA,NA,NA,NA,NA,NA,NA
57,"binary",4,"Smooth nonlinear misspecified","RuleFit",TRUE,"AUC",0.704470385106223,10.94,NA,2,2,0,0,2,0,0,0,0,1,1,2
58,"binary",4,"Smooth nonlinear misspecified","BRP-GABLE full",TRUE,"AUC",0.849921778065491,185.03,NA,53,53,0,16,37,0,0,0,0.30188679245283,0.69811320754717,1,1.69811320754717
58,"binary",4,"Smooth nonlinear misspecified","BRP-GABLE rule-only",TRUE,"AUC",0.849921778065491,194.14,NA,53,53,0,16,37,0,0,0,0.30188679245283,0.69811320754717,1,1.69811320754717
58,"binary",4,"Smooth nonlinear misspecified","GABLE",TRUE,"AUC",0.773650896405387,4.34999999999991,NA,5,5,0,5,0,0,0,0,1,0,1,1
58,"binary",4,"Smooth nonlinear misspecified","GBM",TRUE,"AUC",0.832155508802215,0.0600000000000001,NA,NA,NA,NA,NA,NA,NA,NA,NA,NA,NA,NA,NA
58,"binary",4,"Smooth nonlinear misspecified","Linear",TRUE,"AUC",0.618690546834259,0,NA,20,0,20,20,0,0,0,0,1,0,1,1
58,"binary",4,"Smooth nonlinear misspecified","Random forest",TRUE,"AUC",0.799616982251713,0.340000000000146,NA,NA,NA,NA,NA,NA,NA,NA,NA,NA,NA,NA,NA
58,"binary",4,"Smooth nonlinear misspecified","RuleFit",TRUE,"AUC",0.739062415709122,12.22,NA,23,23,0,11,10,2,0,0,0.478260869565217,0.434782608695652,0.91304347826087,1.60869565217391
59,"binary",4,"Smooth nonlinear misspecified","BRP-GABLE full",TRUE,"AUC",0.813090229079009,182.39,NA,40,40,0,7,33,0,0,0,0.175,0.825,1,1.825
59,"binary",4,"Smooth nonlinear misspecified","BRP-GABLE rule-only",TRUE,"AUC",0.812145862552595,205.15,NA,42,42,0,9,33,0,0,0,0.214285714285714,0.785714285714286,1,1.78571428571429
59,"binary",4,"Smooth nonlinear misspecified","GABLE",TRUE,"AUC",0.739906498363721,4.48000000000002,NA,5,5,0,5,0,0,0,0,1,0,1,1
59,"binary",4,"Smooth nonlinear misspecified","GBM",TRUE,"AUC",0.84822814399252,0.0300000000000002,NA,NA,NA,NA,NA,NA,NA,NA,NA,NA,NA,NA,NA
59,"binary",4,"Smooth nonlinear misspecified","Linear",TRUE,"AUC",0.671547452080411,0.0199999999999818,NA,20,0,20,20,0,0,0,0,1,0,1,1
59,"binary",4,"Smooth nonlinear misspecified","Random forest",TRUE,"AUC",0.809658719027583,0.360000000000127,NA,NA,NA,NA,NA,NA,NA,NA,NA,NA,NA,NA,NA
59,"binary",4,"Smooth nonlinear misspecified","RuleFit",TRUE,"AUC",0.682468443197756,11.4,NA,6,6,0,5,1,0,0,0,0.833333333333333,0.166666666666667,1,1.16666666666667
60,"binary",4,"Smooth nonlinear misspecified","BRP-GABLE full",TRUE,"AUC",0.792007915132194,196.969999999999,NA,58,53,5,30,28,0,0,0,0.517241379310345,0.482758620689655,1,1.48275862068966
60,"binary",4,"Smooth nonlinear misspecified","BRP-GABLE rule-only",TRUE,"AUC",0.79187049964272,197.6,NA,52,52,0,25,27,0,0,0,0.480769230769231,0.519230769230769,1,1.51923076923077
60,"binary",4,"Smooth nonlinear misspecified","GABLE",TRUE,"AUC",0.726863812088899,4.88000000000011,NA,5,5,0,5,0,0,0,0,1,0,1,1
60,"binary",4,"Smooth nonlinear misspecified","GBM",TRUE,"AUC",0.800087945913263,0.0500000000000003,NA,NA,NA,NA,NA,NA,NA,NA,NA,NA,NA,NA,NA
60,"binary",4,"Smooth nonlinear misspecified","Linear",TRUE,"AUC",0.640594367797138,0.0199999999999818,NA,20,0,20,20,0,0,0,0,1,0,1,1
60,"binary",4,"Smooth nonlinear misspecified","Random forest",TRUE,"AUC",0.781280345920592,0.329999999999927,NA,NA,NA,NA,NA,NA,NA,NA,NA,NA,NA,NA,NA
60,"binary",4,"Smooth nonlinear misspecified","RuleFit",TRUE,"AUC",0.692088532219352,13.88,NA,21,21,0,4,10,7,0,0,0.19047619047619,0.476190476190476,0.666666666666667,2.14285714285714
61,"binary",4,"Smooth nonlinear misspecified","BRP-GABLE full",TRUE,"AUC",0.854779888000957,436.11,NA,51,50,1,13,38,0,0,0,0.254901960784314,0.745098039215686,1,1.74509803921569
61,"binary",4,"Smooth nonlinear misspecified","BRP-GABLE rule-only",TRUE,"AUC",0.853155702584747,441.24,NA,54,54,0,17,37,0,0,0,0.314814814814815,0.685185185185185,1,1.68518518518519
61,"binary",4,"Smooth nonlinear misspecified","GABLE",TRUE,"AUC",0.745311783813946,13.6699999999996,NA,7,7,0,7,0,0,0,0,1,0,1,1
61,"binary",4,"Smooth nonlinear misspecified","GBM",TRUE,"AUC",0.853942884473585,0.0500000000000003,NA,NA,NA,NA,NA,NA,NA,NA,NA,NA,NA,NA,NA
61,"binary",4,"Smooth nonlinear misspecified","Linear",TRUE,"AUC",0.688196257398513,0,NA,20,0,20,20,0,0,0,0,1,0,1,1
61,"binary",4,"Smooth nonlinear misspecified","Random forest",TRUE,"AUC",0.819615775523625,0.330000000000382,NA,NA,NA,NA,NA,NA,NA,NA,NA,NA,NA,NA,NA
61,"binary",4,"Smooth nonlinear misspecified","RuleFit",TRUE,"AUC",0.732766695231073,12.4,NA,13,13,0,4,9,0,0,0,0.307692307692308,0.692307692307692,1,1.69230769230769
62,"binary",4,"Smooth nonlinear misspecified","BRP-GABLE full",TRUE,"AUC",0.829087223317993,190.57,NA,37,37,0,10,27,0,0,0,0.27027027027027,0.72972972972973,1,1.72972972972973
62,"binary",4,"Smooth nonlinear misspecified","BRP-GABLE rule-only",TRUE,"AUC",0.830228650741471,180.71,NA,44,44,0,15,29,0,0,0,0.340909090909091,0.659090909090909,1,1.65909090909091
62,"binary",4,"Smooth nonlinear misspecified","GABLE",TRUE,"AUC",0.740229381255022,3.7800000000002,NA,5,5,0,4,1,0,0,0,0.8,0.2,1,1.2
62,"binary",4,"Smooth nonlinear misspecified","GBM",TRUE,"AUC",0.848655855066112,0.0500000000000003,NA,NA,NA,NA,NA,NA,NA,NA,NA,NA,NA,NA,NA
62,"binary",4,"Smooth nonlinear misspecified","Linear",TRUE,"AUC",0.63530937248886,0,NA,20,0,20,20,0,0,0,0,1,0,1,1
62,"binary",4,"Smooth nonlinear misspecified","Random forest",TRUE,"AUC",0.82749835634451,0.319999999999709,NA,NA,NA,NA,NA,NA,NA,NA,NA,NA,NA,NA,NA
62,"binary",4,"Smooth nonlinear misspecified","RuleFit",TRUE,"AUC",0.748639418511213,9.78,NA,8,8,0,4,4,0,0,0,0.5,0.5,1,1.5
63,"binary",4,"Smooth nonlinear misspecified","BRP-GABLE full",TRUE,"AUC",0.808148762715533,204.31,NA,46,46,0,18,28,0,0,0,0.391304347826087,0.608695652173913,1,1.60869565217391
63,"binary",4,"Smooth nonlinear misspecified","BRP-GABLE rule-only",TRUE,"AUC",0.80813072649881,189.42,NA,47,47,0,18,29,0,0,0,0.382978723404255,0.617021276595745,1,1.61702127659574
63,"binary",4,"Smooth nonlinear misspecified","GABLE",TRUE,"AUC",0.699516629391819,3.91999999999962,NA,5,5,0,3,2,0,0,0,0.6,0.4,1,1.4
63,"binary",4,"Smooth nonlinear misspecified","GBM",TRUE,"AUC",0.815886299689777,0.04,NA,NA,NA,NA,NA,NA,NA,NA,NA,NA,NA,NA,NA
63,"binary",4,"Smooth nonlinear misspecified","Linear",TRUE,"AUC",0.665933193853257,0,NA,20,0,20,20,0,0,0,0,1,0,1,1
63,"binary",4,"Smooth nonlinear misspecified","Random forest",TRUE,"AUC",0.785657600461727,0.340000000000146,NA,NA,NA,NA,NA,NA,NA,NA,NA,NA,NA,NA,NA
63,"binary",4,"Smooth nonlinear misspecified","RuleFit",TRUE,"AUC",0.69249152297814,11.03,NA,13,13,0,3,10,0,0,0,0.230769230769231,0.769230769230769,1,1.76923076923077
64,"binary",4,"Smooth nonlinear misspecified","BRP-GABLE full",TRUE,"AUC",0.816085572581242,185.23,NA,35,35,0,8,27,0,0,0,0.228571428571429,0.771428571428571,1,1.77142857142857
64,"binary",4,"Smooth nonlinear misspecified","BRP-GABLE rule-only",TRUE,"AUC",0.816085572581242,176.12,NA,35,35,0,8,27,0,0,0,0.228571428571429,0.771428571428571,1,1.77142857142857
64,"binary",4,"Smooth nonlinear misspecified","GABLE",TRUE,"AUC",0.73747131541935,4.09999999999991,NA,5,5,0,5,0,0,0,0,1,0,1,1
64,"binary",4,"Smooth nonlinear misspecified","GBM",TRUE,"AUC",0.826115922718188,0.0300000000000002,NA,NA,NA,NA,NA,NA,NA,NA,NA,NA,NA,NA,NA
64,"binary",4,"Smooth nonlinear misspecified","Linear",TRUE,"AUC",0.65154711673699,0,NA,20,0,20,20,0,0,0,0,1,0,1,1
64,"binary",4,"Smooth nonlinear misspecified","Random forest",TRUE,"AUC",0.808016877637131,0.340000000000146,NA,NA,NA,NA,NA,NA,NA,NA,NA,NA,NA,NA,NA
64,"binary",4,"Smooth nonlinear misspecified","RuleFit",TRUE,"AUC",0.720963801909838,12.11,NA,12,12,0,0,10,2,0,0,0,0.833333333333333,0.833333333333333,2.16666666666667
65,"binary",4,"Smooth nonlinear misspecified","BRP-GABLE full",TRUE,"AUC",0.81431714883486,170.15,NA,40,39,1,11,29,0,0,0,0.275,0.725,1,1.725
65,"binary",4,"Smooth nonlinear misspecified","BRP-GABLE rule-only",TRUE,"AUC",0.814722963711132,174.27,NA,45,45,0,13,32,0,0,0,0.288888888888889,0.711111111111111,1,1.71111111111111
65,"binary",4,"Smooth nonlinear misspecified","GABLE",TRUE,"AUC",0.720844455666979,3.73000000000002,NA,5,5,0,4,1,0,0,0,0.8,0.2,1,1.2
65,"binary",4,"Smooth nonlinear misspecified","GBM",TRUE,"AUC",0.846223216218166,0.0300000000000002,NA,NA,NA,NA,NA,NA,NA,NA,NA,NA,NA,NA,NA
65,"binary",4,"Smooth nonlinear misspecified","Linear",TRUE,"AUC",0.689398311810115,0,NA,20,0,20,20,0,0,0,0,1,0,1,1
65,"binary",4,"Smooth nonlinear misspecified","Random forest",TRUE,"AUC",0.802891205540726,0.339999999999691,NA,NA,NA,NA,NA,NA,NA,NA,NA,NA,NA,NA,NA
65,"binary",4,"Smooth nonlinear misspecified","RuleFit",TRUE,"AUC",0.696901377966958,12.14,NA,5,5,0,1,4,0,0,0,0.2,0.8,1,1.8
66,"binary",4,"Smooth nonlinear misspecified","BRP-GABLE full",TRUE,"AUC",0.835611132628783,200.76,NA,50,49,1,19,31,0,0,0,0.38,0.62,1,1.62
66,"binary",4,"Smooth nonlinear misspecified","BRP-GABLE rule-only",TRUE,"AUC",0.834845718290636,195.75,NA,54,54,0,21,33,0,0,0,0.388888888888889,0.611111111111111,1,1.61111111111111
66,"binary",4,"Smooth nonlinear misspecified","GABLE",TRUE,"AUC",0.797949058448146,4.43000000000029,NA,5,5,0,5,0,0,0,0,1,0,1,1
66,"binary",4,"Smooth nonlinear misspecified","GBM",TRUE,"AUC",0.870469761522713,0.04,NA,NA,NA,NA,NA,NA,NA,NA,NA,NA,NA,NA,NA
66,"binary",4,"Smooth nonlinear misspecified","Linear",TRUE,"AUC",0.711595566129954,0.00999999999976353,NA,20,0,20,20,0,0,0,0,1,0,1,1
66,"binary",4,"Smooth nonlinear misspecified","Random forest",TRUE,"AUC",0.835020933621055,0.349999999999909,NA,NA,NA,NA,NA,NA,NA,NA,NA,NA,NA,NA,NA
66,"binary",4,"Smooth nonlinear misspecified","RuleFit",TRUE,"AUC",0.771353215662406,10.86,NA,7,7,0,1,5,1,0,0,0.142857142857143,0.714285714285714,0.857142857142857,2
67,"binary",4,"Smooth nonlinear misspecified","BRP-GABLE full",TRUE,"AUC",0.836070735162932,188.84,NA,50,50,0,26,24,0,0,0,0.52,0.48,1,1.48
67,"binary",4,"Smooth nonlinear misspecified","BRP-GABLE rule-only",TRUE,"AUC",0.836070735162932,186.66,NA,50,50,0,26,24,0,0,0,0.52,0.48,1,1.48
67,"binary",4,"Smooth nonlinear misspecified","GABLE",TRUE,"AUC",0.748430148152035,4.46000000000004,NA,5,5,0,5,0,0,0,0,1,0,1,1
67,"binary",4,"Smooth nonlinear misspecified","GBM",TRUE,"AUC",0.839192947473369,0.0500000000000003,NA,NA,NA,NA,NA,NA,NA,NA,NA,NA,NA,NA,NA
67,"binary",4,"Smooth nonlinear misspecified","Linear",TRUE,"AUC",0.642056287278515,0,NA,20,0,20,20,0,0,0,0,1,0,1,1
67,"binary",4,"Smooth nonlinear misspecified","Random forest",TRUE,"AUC",0.814897413024086,0.349999999999909,NA,NA,NA,NA,NA,NA,NA,NA,NA,NA,NA,NA,NA
67,"binary",4,"Smooth nonlinear misspecified","RuleFit",TRUE,"AUC",0.675508562033199,9.92000000000002,NA,2,2,0,0,2,0,0,0,0,1,1,2
68,"binary",4,"Smooth nonlinear misspecified","BRP-GABLE full",TRUE,"AUC",0.845755401103765,201.54,NA,42,42,0,6,36,0,0,0,0.142857142857143,0.857142857142857,1,1.85714285714286
68,"binary",4,"Smooth nonlinear misspecified","BRP-GABLE rule-only",TRUE,"AUC",0.84573656551958,216.42,NA,42,42,0,6,36,0,0,0,0.142857142857143,0.857142857142857,1,1.85714285714286
68,"binary",4,"Smooth nonlinear misspecified","GABLE",TRUE,"AUC",0.768614266071462,4.32999999999993,NA,5,5,0,5,0,0,0,0,1,0,1,1
68,"binary",4,"Smooth nonlinear misspecified","GBM",TRUE,"AUC",0.859599555480213,0.0300000000000002,NA,NA,NA,NA,NA,NA,NA,NA,NA,NA,NA,NA,NA
68,"binary",4,"Smooth nonlinear misspecified","Linear",TRUE,"AUC",0.67599028083856,0.0199999999999818,NA,20,0,20,20,0,0,0,0,1,0,1,1
68,"binary",4,"Smooth nonlinear misspecified","Random forest",TRUE,"AUC",0.828323067939952,0.349999999999909,NA,NA,NA,NA,NA,NA,NA,NA,NA,NA,NA,NA,NA
68,"binary",4,"Smooth nonlinear misspecified","RuleFit",TRUE,"AUC",0.723220508184061,11.42,NA,8,8,0,0,8,0,0,0,0,1,1,2
69,"binary",4,"Smooth nonlinear misspecified","BRP-GABLE full",TRUE,"AUC",0.817356278434123,184.48,NA,53,52,1,18,35,0,0,0,0.339622641509434,0.660377358490566,1,1.66037735849057
69,"binary",4,"Smooth nonlinear misspecified","BRP-GABLE rule-only",TRUE,"AUC",0.82075488662315,190.47,NA,67,67,0,26,41,0,0,0,0.388059701492537,0.611940298507463,1,1.61194029850746
69,"binary",4,"Smooth nonlinear misspecified","GABLE",TRUE,"AUC",0.771493049936164,4.36000000000013,NA,5,5,0,4,1,0,0,0,0.8,0.2,1,1.2
69,"binary",4,"Smooth nonlinear misspecified","GBM",TRUE,"AUC",0.815234396072719,0.0499999999999998,NA,NA,NA,NA,NA,NA,NA,NA,NA,NA,NA,NA,NA
69,"binary",4,"Smooth nonlinear misspecified","Linear",TRUE,"AUC",0.600690510870152,0,NA,20,0,20,20,0,0,0,0,1,0,1,1
69,"binary",4,"Smooth nonlinear misspecified","Random forest",TRUE,"AUC",0.782111452770135,0.309999999999945,NA,NA,NA,NA,NA,NA,NA,NA,NA,NA,NA,NA,NA
69,"binary",4,"Smooth nonlinear misspecified","RuleFit",TRUE,"AUC",0.60509611407815,13.45,NA,11,11,0,0,10,1,0,0,0,0.909090909090909,0.909090909090909,2.09090909090909
70,"binary",4,"Smooth nonlinear misspecified","BRP-GABLE full",TRUE,"AUC",0.820675105485232,186.75,NA,59,58,1,21,38,0,0,0,0.355932203389831,0.644067796610169,1,1.64406779661017
70,"binary",4,"Smooth nonlinear misspecified","BRP-GABLE rule-only",TRUE,"AUC",0.821156266192908,200.24,NA,57,57,0,19,38,0,0,0,0.333333333333333,0.666666666666667,1,1.66666666666667
70,"binary",4,"Smooth nonlinear misspecified","GABLE",TRUE,"AUC",0.734760159893404,4.36999999999989,NA,5,5,0,3,2,0,0,0,0.6,0.4,1,1.4
70,"binary",4,"Smooth nonlinear misspecified","GBM",TRUE,"AUC",0.841272485009993,0.04,NA,NA,NA,NA,NA,NA,NA,NA,NA,NA,NA,NA,NA
70,"binary",4,"Smooth nonlinear misspecified","Linear",TRUE,"AUC",0.684673180842401,0,NA,20,0,20,20,0,0,0,0,1,0,1,1
70,"binary",4,"Smooth nonlinear misspecified","Random forest",TRUE,"AUC",0.793471019320453,0.349999999999909,NA,NA,NA,NA,NA,NA,NA,NA,NA,NA,NA,NA,NA
70,"binary",4,"Smooth nonlinear misspecified","RuleFit",TRUE,"AUC",0.729328595750981,13.98,NA,19,19,0,8,10,1,0,0,0.421052631578947,0.526315789473684,0.947368421052632,1.63157894736842
71,"binary",4,"Smooth nonlinear misspecified","BRP-GABLE full",TRUE,"AUC",0.831080958842153,385.21,NA,42,41,1,9,33,0,0,0,0.214285714285714,0.785714285714286,1,1.78571428571429
71,"binary",4,"Smooth nonlinear misspecified","BRP-GABLE rule-only",TRUE,"AUC",0.82894617819991,388.62,NA,42,42,0,9,33,0,0,0,0.214285714285714,0.785714285714286,1,1.78571428571429
71,"binary",4,"Smooth nonlinear misspecified","GABLE",TRUE,"AUC",0.730818634102216,8.13000000000011,NA,5,5,0,2,3,0,0,0,0.4,0.6,1,1.6
71,"binary",4,"Smooth nonlinear misspecified","GBM",TRUE,"AUC",0.826214382632293,0.0300000000000002,NA,NA,NA,NA,NA,NA,NA,NA,NA,NA,NA,NA,NA
71,"binary",4,"Smooth nonlinear misspecified","Linear",TRUE,"AUC",0.723907734056988,0,NA,20,0,20,20,0,0,0,0,1,0,1,1
71,"binary",4,"Smooth nonlinear misspecified","Random forest",TRUE,"AUC",0.812139303482587,0.309999999999945,NA,NA,NA,NA,NA,NA,NA,NA,NA,NA,NA,NA,NA
71,"binary",4,"Smooth nonlinear misspecified","RuleFit",TRUE,"AUC",0.737838082315694,11.9,NA,10,10,0,3,7,0,0,0,0.3,0.7,1,1.7
72,"binary",4,"Smooth nonlinear misspecified","BRP-GABLE full",TRUE,"AUC",0.834534046014409,204.75,NA,46,45,1,14,32,0,0,0,0.304347826086957,0.695652173913043,1,1.69565217391304
72,"binary",4,"Smooth nonlinear misspecified","BRP-GABLE rule-only",TRUE,"AUC",0.834596614169006,205.46,NA,47,47,0,15,32,0,0,0,0.319148936170213,0.680851063829787,1,1.68085106382979
72,"binary",4,"Smooth nonlinear misspecified","GABLE",TRUE,"AUC",0.745079461556338,4.34000000000015,NA,5,5,0,3,2,0,0,0,0.6,0.4,1,1.4
72,"binary",4,"Smooth nonlinear misspecified","GBM",TRUE,"AUC",0.854234076404655,0.0299999999999998,NA,NA,NA,NA,NA,NA,NA,NA,NA,NA,NA,NA,NA
72,"binary",4,"Smooth nonlinear misspecified","Linear",TRUE,"AUC",0.646186024061925,0,NA,20,0,20,20,0,0,0,0,1,0,1,1
72,"binary",4,"Smooth nonlinear misspecified","Random forest",TRUE,"AUC",0.816255206564293,0.490000000000236,NA,NA,NA,NA,NA,NA,NA,NA,NA,NA,NA,NA,NA
72,"binary",4,"Smooth nonlinear misspecified","RuleFit",TRUE,"AUC",0.725021898854109,14.33,NA,6,6,0,0,5,1,0,0,0,0.833333333333333,0.833333333333333,2.16666666666667
73,"binary",4,"Smooth nonlinear misspecified","BRP-GABLE full",TRUE,"AUC",0.823093154595668,167.85,NA,49,49,0,10,39,0,0,0,0.204081632653061,0.795918367346939,1,1.79591836734694
73,"binary",4,"Smooth nonlinear misspecified","BRP-GABLE rule-only",TRUE,"AUC",0.823093154595668,177.36,NA,49,49,0,10,39,0,0,0,0.204081632653061,0.795918367346939,1,1.79591836734694
73,"binary",4,"Smooth nonlinear misspecified","GABLE",TRUE,"AUC",0.706034464924802,3.73000000000002,NA,5,5,0,4,1,0,0,0,0.8,0.2,1,1.2
73,"binary",4,"Smooth nonlinear misspecified","GBM",TRUE,"AUC",0.83659157202259,0.0499999999999998,NA,NA,NA,NA,NA,NA,NA,NA,NA,NA,NA,NA,NA
73,"binary",4,"Smooth nonlinear misspecified","Linear",TRUE,"AUC",0.650634063592544,0,NA,20,0,20,20,0,0,0,0,1,0,1,1
73,"binary",4,"Smooth nonlinear misspecified","Random forest",TRUE,"AUC",0.814601046773826,0.350000000000364,NA,NA,NA,NA,NA,NA,NA,NA,NA,NA,NA,NA,NA
73,"binary",4,"Smooth nonlinear misspecified","RuleFit",TRUE,"AUC",0.661163863547032,13.14,NA,6,6,0,0,6,0,0,0,0,1,1,2
74,"binary",4,"Smooth nonlinear misspecified","BRP-GABLE full",TRUE,"AUC",0.7987628826555,183.190000000001,NA,56,56,0,11,45,0,0,0,0.196428571428571,0.803571428571429,1,1.80357142857143
74,"binary",4,"Smooth nonlinear misspecified","BRP-GABLE rule-only",TRUE,"AUC",0.79874376183101,200.27,NA,55,55,0,10,45,0,0,0,0.181818181818182,0.818181818181818,1,1.81818181818182
74,"binary",4,"Smooth nonlinear misspecified","GABLE",TRUE,"AUC",0.723646723646724,4.36000000000013,NA,4,4,0,3,1,0,0,0,0.75,0.25,1,1.25
74,"binary",4,"Smooth nonlinear misspecified","GBM",TRUE,"AUC",0.77303581330427,0.0299999999999998,NA,NA,NA,NA,NA,NA,NA,NA,NA,NA,NA,NA,NA
74,"binary",4,"Smooth nonlinear misspecified","Linear",TRUE,"AUC",0.641809594829729,0,NA,20,0,20,20,0,0,0,0,1,0,1,1
74,"binary",4,"Smooth nonlinear misspecified","Random forest",TRUE,"AUC",0.752586091512266,0.360000000000127,NA,NA,NA,NA,NA,NA,NA,NA,NA,NA,NA,NA,NA
74,"binary",4,"Smooth nonlinear misspecified","RuleFit",TRUE,"AUC",0.673053022046311,11.62,NA,13,13,0,5,8,0,0,0,0.384615384615385,0.615384615384615,1,1.61538461538462
75,"binary",4,"Smooth nonlinear misspecified","BRP-GABLE full",TRUE,"AUC",0.806999037678585,188.35,NA,54,52,2,16,38,0,0,0,0.296296296296296,0.703703703703704,1,1.7037037037037
75,"binary",4,"Smooth nonlinear misspecified","BRP-GABLE rule-only",TRUE,"AUC",0.808451772892146,203.95,NA,57,57,0,16,41,0,0,0,0.280701754385965,0.719298245614035,1,1.71929824561404
75,"binary",4,"Smooth nonlinear misspecified","GABLE",TRUE,"AUC",0.718622770005182,4.67000000000007,NA,5,5,0,4,1,0,0,0,0.8,0.2,1,1.2
75,"binary",4,"Smooth nonlinear misspecified","GBM",TRUE,"AUC",0.821211784736102,0.0499999999999998,NA,NA,NA,NA,NA,NA,NA,NA,NA,NA,NA,NA,NA
75,"binary",4,"Smooth nonlinear misspecified","Linear",TRUE,"AUC",0.626545266118884,0,NA,20,0,20,20,0,0,0,0,1,0,1,1
75,"binary",4,"Smooth nonlinear misspecified","Random forest",TRUE,"AUC",0.797662669331557,0.329999999999927,NA,NA,NA,NA,NA,NA,NA,NA,NA,NA,NA,NA,NA
75,"binary",4,"Smooth nonlinear misspecified","RuleFit",TRUE,"AUC",0.695443778221926,13.26,NA,13,13,0,4,9,0,0,0,0.307692307692308,0.692307692307692,1,1.69230769230769
76,"binary",4,"Smooth nonlinear misspecified","BRP-GABLE full",TRUE,"AUC",0.839651796683047,209.44,NA,42,42,0,12,30,0,0,0,0.285714285714286,0.714285714285714,1,1.71428571428571
76,"binary",4,"Smooth nonlinear misspecified","BRP-GABLE rule-only",TRUE,"AUC",0.840745930589681,205.47,NA,42,42,0,11,31,0,0,0,0.261904761904762,0.738095238095238,1,1.73809523809524
76,"binary",4,"Smooth nonlinear misspecified","GABLE",TRUE,"AUC",0.791893811425061,3.95000000000027,NA,5,5,0,3,2,0,0,0,0.6,0.4,1,1.4
76,"binary",4,"Smooth nonlinear misspecified","GBM",TRUE,"AUC",0.85041078009828,0.0499999999999998,NA,NA,NA,NA,NA,NA,NA,NA,NA,NA,NA,NA,NA
76,"binary",4,"Smooth nonlinear misspecified","Linear",TRUE,"AUC",0.695677211302211,0,NA,20,0,20,20,0,0,0,0,1,0,1,1
76,"binary",4,"Smooth nonlinear misspecified","Random forest",TRUE,"AUC",0.828777641277641,0.329999999999927,NA,NA,NA,NA,NA,NA,NA,NA,NA,NA,NA,NA,NA
76,"binary",4,"Smooth nonlinear misspecified","RuleFit",TRUE,"AUC",0.740076013513513,12.67,NA,16,16,0,4,9,3,0,0,0.25,0.5625,0.8125,1.9375
77,"binary",4,"Smooth nonlinear misspecified","BRP-GABLE full",TRUE,"AUC",0.82391579178805,203.85,NA,46,46,0,16,30,0,0,0,0.347826086956522,0.652173913043478,1,1.65217391304348
77,"binary",4,"Smooth nonlinear misspecified","BRP-GABLE rule-only",TRUE,"AUC",0.826682423642793,191.24,NA,48,48,0,16,32,0,0,0,0.333333333333333,0.666666666666667,1,1.66666666666667
77,"binary",4,"Smooth nonlinear misspecified","GABLE",TRUE,"AUC",0.711299217647813,4.15000000000009,NA,4,4,0,3,1,0,0,0,0.75,0.25,1,1.25
77,"binary",4,"Smooth nonlinear misspecified","GBM",TRUE,"AUC",0.82419978379963,0.0299999999999998,NA,NA,NA,NA,NA,NA,NA,NA,NA,NA,NA,NA,NA
77,"binary",4,"Smooth nonlinear misspecified","Linear",TRUE,"AUC",0.655820004030854,0.00999999999976353,NA,20,0,20,20,0,0,0,0,1,0,1,1
77,"binary",4,"Smooth nonlinear misspecified","Random forest",TRUE,"AUC",0.806381575331171,0.349999999999909,NA,NA,NA,NA,NA,NA,NA,NA,NA,NA,NA,NA,NA
77,"binary",4,"Smooth nonlinear misspecified","RuleFit",TRUE,"AUC",0.642170065409773,11.03,NA,5,5,0,0,4,1,0,0,0,0.8,0.8,2.2
78,"binary",4,"Smooth nonlinear misspecified","BRP-GABLE full",TRUE,"AUC",0.76926106981254,219.4,NA,48,48,0,17,31,0,0,0,0.354166666666667,0.645833333333333,1,1.64583333333333
78,"binary",4,"Smooth nonlinear misspecified","BRP-GABLE rule-only",TRUE,"AUC",0.774058661926309,231.440000000001,NA,53,53,0,20,33,0,0,0,0.377358490566038,0.622641509433962,1,1.62264150943396
78,"binary",4,"Smooth nonlinear misspecified","GABLE",TRUE,"AUC",0.709003312863607,4.53999999999996,NA,5,5,0,4,1,0,0,0,0.8,0.2,1,1.2
78,"binary",4,"Smooth nonlinear misspecified","GBM",TRUE,"AUC",0.793855042016807,0.0299999999999998,NA,NA,NA,NA,NA,NA,NA,NA,NA,NA,NA,NA,NA
78,"binary",4,"Smooth nonlinear misspecified","Linear",TRUE,"AUC",0.653260342598578,0.0100000000002183,NA,20,0,20,20,0,0,0,0,1,0,1,1
78,"binary",4,"Smooth nonlinear misspecified","Random forest",TRUE,"AUC",0.759484082094376,0.329999999999927,NA,NA,NA,NA,NA,NA,NA,NA,NA,NA,NA,NA,NA
78,"binary",4,"Smooth nonlinear misspecified","RuleFit",TRUE,"AUC",0.70442792501616,20.14,NA,19,19,0,1,18,0,0,0,0.0526315789473684,0.947368421052632,1,1.94736842105263
79,"binary",4,"Smooth nonlinear misspecified","BRP-GABLE full",TRUE,"AUC",0.827580539119001,209.08,NA,46,45,1,10,36,0,0,0,0.217391304347826,0.782608695652174,1,1.78260869565217
79,"binary",4,"Smooth nonlinear misspecified","BRP-GABLE rule-only",TRUE,"AUC",0.827644459054716,217.55,NA,45,45,0,9,36,0,0,0,0.2,0.8,1,1.8
79,"binary",4,"Smooth nonlinear misspecified","GABLE",TRUE,"AUC",0.729107312440646,4.06999999999971,NA,5,5,0,3,2,0,0,0,0.6,0.4,1,1.4
79,"binary",4,"Smooth nonlinear misspecified","GBM",TRUE,"AUC",0.8137007816495,0.04,NA,NA,NA,NA,NA,NA,NA,NA,NA,NA,NA,NA,NA
79,"binary",4,"Smooth nonlinear misspecified","Linear",TRUE,"AUC",0.630579297245964,0.00999999999976353,NA,20,0,20,20,0,0,0,0,1,0,1,1
79,"binary",4,"Smooth nonlinear misspecified","Random forest",TRUE,"AUC",0.803674483161663,0.309999999999945,NA,NA,NA,NA,NA,NA,NA,NA,NA,NA,NA,NA,NA
79,"binary",4,"Smooth nonlinear misspecified","RuleFit",TRUE,"AUC",0.722057856673241,29.81,NA,12,12,0,2,6,4,0,0,0.166666666666667,0.5,0.666666666666667,2.16666666666667
80,"binary",4,"Smooth nonlinear misspecified","BRP-GABLE full",TRUE,"AUC",0.84971482000935,176.989999999999,NA,49,49,0,14,35,0,0,0,0.285714285714286,0.714285714285714,1,1.71428571428571
80,"binary",4,"Smooth nonlinear misspecified","BRP-GABLE rule-only",TRUE,"AUC",0.848125292192613,189.7,NA,48,48,0,14,34,0,0,0,0.291666666666667,0.708333333333333,1,1.70833333333333
80,"binary",4,"Smooth nonlinear misspecified","GABLE",TRUE,"AUC",0.731865357643759,4.25,NA,5,5,0,4,1,0,0,0,0.8,0.2,1,1.2
80,"binary",4,"Smooth nonlinear misspecified","GBM",TRUE,"AUC",0.85825151940159,0.0300000000000002,NA,NA,NA,NA,NA,NA,NA,NA,NA,NA,NA,NA,NA
80,"binary",4,"Smooth nonlinear misspecified","Linear",TRUE,"AUC",0.624235624123422,0,NA,20,0,20,20,0,0,0,0,1,0,1,1
80,"binary",4,"Smooth nonlinear misspecified","Random forest",TRUE,"AUC",0.81741935483871,0.360000000000127,NA,NA,NA,NA,NA,NA,NA,NA,NA,NA,NA,NA,NA
80,"binary",4,"Smooth nonlinear misspecified","RuleFit",TRUE,"AUC",0.71575502571295,11.79,NA,20,20,0,11,8,1,0,0,0.55,0.4,0.95,1.5
81,"binary",4,"Smooth nonlinear misspecified","BRP-GABLE full",TRUE,"AUC",0.835541626004054,199.72,NA,52,51,1,17,35,0,0,0,0.326923076923077,0.673076923076923,1,1.67307692307692
81,"binary",4,"Smooth nonlinear misspecified","BRP-GABLE rule-only",TRUE,"AUC",0.837662337662338,207.95,NA,54,54,0,17,37,0,0,0,0.314814814814815,0.685185185185185,1,1.68518518518519
81,"binary",4,"Smooth nonlinear misspecified","GABLE",TRUE,"AUC",0.699984986112154,3.48999999999978,NA,4,4,0,1,3,0,0,0,0.25,0.75,1,1.75
81,"binary",4,"Smooth nonlinear misspecified","GBM",TRUE,"AUC",0.820621574956835,0.04,NA,NA,NA,NA,NA,NA,NA,NA,NA,NA,NA,NA,NA
81,"binary",4,"Smooth nonlinear misspecified","Linear",TRUE,"AUC",0.655562645447038,0,NA,20,0,20,20,0,0,0,0,1,0,1,1
81,"binary",4,"Smooth nonlinear misspecified","Random forest",TRUE,"AUC",0.767012611665791,0.340000000000146,NA,NA,NA,NA,NA,NA,NA,NA,NA,NA,NA,NA,NA
81,"binary",4,"Smooth nonlinear misspecified","RuleFit",TRUE,"AUC",0.736618872457023,11.36,NA,9,9,0,3,6,0,0,0,0.333333333333333,0.666666666666667,1,1.66666666666667
82,"binary",4,"Smooth nonlinear misspecified","BRP-GABLE full",TRUE,"AUC",0.816568047337278,181.72,NA,41,41,0,5,36,0,0,0,0.121951219512195,0.878048780487805,1,1.8780487804878
82,"binary",4,"Smooth nonlinear misspecified","BRP-GABLE rule-only",TRUE,"AUC",0.816568047337278,185.54,NA,41,41,0,5,36,0,0,0,0.121951219512195,0.878048780487805,1,1.8780487804878
82,"binary",4,"Smooth nonlinear misspecified","GABLE",TRUE,"AUC",0.776157957775434,4.34999999999991,NA,5,5,0,5,0,0,0,0,1,0,1,1
82,"binary",4,"Smooth nonlinear misspecified","GBM",TRUE,"AUC",0.817694274120024,0.04,NA,NA,NA,NA,NA,NA,NA,NA,NA,NA,NA,NA,NA
82,"binary",4,"Smooth nonlinear misspecified","Linear",TRUE,"AUC",0.643272135719266,0.0199999999999818,NA,20,0,20,20,0,0,0,0,1,0,1,1
82,"binary",4,"Smooth nonlinear misspecified","Random forest",TRUE,"AUC",0.802811991633744,0.340000000000146,NA,NA,NA,NA,NA,NA,NA,NA,NA,NA,NA,NA,NA
82,"binary",4,"Smooth nonlinear misspecified","RuleFit",TRUE,"AUC",0.727015141493412,10.2,NA,9,9,0,5,3,1,0,0,0.555555555555556,0.333333333333333,0.888888888888889,1.55555555555556
83,"binary",4,"Smooth nonlinear misspecified","BRP-GABLE full",TRUE,"AUC",0.836119495395093,245.48,NA,50,49,1,11,39,0,0,0,0.22,0.78,1,1.78
83,"binary",4,"Smooth nonlinear misspecified","BRP-GABLE rule-only",TRUE,"AUC",0.835945360266233,263.29,NA,48,48,0,8,40,0,0,0,0.166666666666667,0.833333333333333,1,1.83333333333333
83,"binary",4,"Smooth nonlinear misspecified","GABLE",TRUE,"AUC",0.755282098908753,3.23999999999978,NA,4,4,0,2,2,0,0,0,0.5,0.5,1,1.5
83,"binary",4,"Smooth nonlinear misspecified","GBM",TRUE,"AUC",0.85138534169182,0.0300000000000002,NA,NA,NA,NA,NA,NA,NA,NA,NA,NA,NA,NA,NA
83,"binary",4,"Smooth nonlinear misspecified","Linear",TRUE,"AUC",0.687775713954028,0.0100000000002183,NA,20,0,20,20,0,0,0,0,1,0,1,1
83,"binary",4,"Smooth nonlinear misspecified","Random forest",TRUE,"AUC",0.832414286819906,0.329999999999927,NA,NA,NA,NA,NA,NA,NA,NA,NA,NA,NA,NA,NA
83,"binary",4,"Smooth nonlinear misspecified","RuleFit",TRUE,"AUC",0.720271263834068,10.34,NA,7,7,0,2,5,0,0,0,0.285714285714286,0.714285714285714,1,1.71428571428571
84,"binary",4,"Smooth nonlinear misspecified","BRP-GABLE full",TRUE,"AUC",0.827565498085729,193.62,NA,37,37,0,6,31,0,0,0,0.162162162162162,0.837837837837838,1,1.83783783783784
84,"binary",4,"Smooth nonlinear misspecified","BRP-GABLE rule-only",TRUE,"AUC",0.827959612641694,205.75,NA,38,38,0,6,32,0,0,0,0.157894736842105,0.842105263157895,1,1.84210526315789
84,"binary",4,"Smooth nonlinear misspecified","GABLE",TRUE,"AUC",0.735661737106824,4.92000000000007,NA,5,5,0,5,0,0,0,0,1,0,1,1
84,"binary",4,"Smooth nonlinear misspecified","GBM",TRUE,"AUC",0.819214022971248,0.0299999999999998,NA,NA,NA,NA,NA,NA,NA,NA,NA,NA,NA,NA,NA
84,"binary",4,"Smooth nonlinear misspecified","Linear",TRUE,"AUC",0.602225808873208,0,NA,20,0,20,20,0,0,0,0,1,0,1,1
84,"binary",4,"Smooth nonlinear misspecified","Random forest",TRUE,"AUC",0.793587193153667,0.349999999999909,NA,NA,NA,NA,NA,NA,NA,NA,NA,NA,NA,NA,NA
84,"binary",4,"Smooth nonlinear misspecified","RuleFit",TRUE,"AUC",0.707332407476916,11.86,NA,7,7,0,2,5,0,0,0,0.285714285714286,0.714285714285714,1,1.71428571428571
85,"binary",4,"Smooth nonlinear misspecified","BRP-GABLE full",TRUE,"AUC",0.855022508523102,186.04,NA,38,38,0,8,30,0,0,0,0.210526315789474,0.789473684210526,1,1.78947368421053
85,"binary",4,"Smooth nonlinear misspecified","BRP-GABLE rule-only",TRUE,"AUC",0.856472848505396,186.47,NA,41,41,0,10,31,0,0,0,0.24390243902439,0.75609756097561,1,1.75609756097561
85,"binary",4,"Smooth nonlinear misspecified","GABLE",TRUE,"AUC",0.771288919025824,3.41000000000031,NA,5,5,0,2,3,0,0,0,0.4,0.6,1,1.6
85,"binary",4,"Smooth nonlinear misspecified","GBM",TRUE,"AUC",0.832589327758,0.0300000000000002,NA,NA,NA,NA,NA,NA,NA,NA,NA,NA,NA,NA,NA
85,"binary",4,"Smooth nonlinear misspecified","Linear",TRUE,"AUC",0.628844813621894,0,NA,20,0,20,20,0,0,0,0,1,0,1,1
85,"binary",4,"Smooth nonlinear misspecified","Random forest",TRUE,"AUC",0.825092765252114,0.339999999999691,NA,NA,NA,NA,NA,NA,NA,NA,NA,NA,NA,NA,NA
85,"binary",4,"Smooth nonlinear misspecified","RuleFit",TRUE,"AUC",0.785651051967377,9.87,NA,16,16,0,8,7,1,0,0,0.5,0.4375,0.9375,1.5625
86,"binary",4,"Smooth nonlinear misspecified","BRP-GABLE full",TRUE,"AUC",0.845238095238095,184.65,NA,41,41,0,4,37,0,0,0,0.0975609756097561,0.902439024390244,1,1.90243902439024
86,"binary",4,"Smooth nonlinear misspecified","BRP-GABLE rule-only",TRUE,"AUC",0.847704761904762,188.72,NA,44,44,0,6,38,0,0,0,0.136363636363636,0.863636363636364,1,1.86363636363636
86,"binary",4,"Smooth nonlinear misspecified","GABLE",TRUE,"AUC",0.7642,3.89000000000033,NA,5,5,0,4,1,0,0,0,0.8,0.2,1,1.2
86,"binary",4,"Smooth nonlinear misspecified","GBM",TRUE,"AUC",0.842904761904762,0.0500000000000003,NA,NA,NA,NA,NA,NA,NA,NA,NA,NA,NA,NA,NA
86,"binary",4,"Smooth nonlinear misspecified","Linear",TRUE,"AUC",0.666285714285714,0,NA,20,0,20,20,0,0,0,0,1,0,1,1
86,"binary",4,"Smooth nonlinear misspecified","Random forest",TRUE,"AUC",0.809685714285714,0.339999999999691,NA,NA,NA,NA,NA,NA,NA,NA,NA,NA,NA,NA,NA
86,"binary",4,"Smooth nonlinear misspecified","RuleFit",TRUE,"AUC",0.722333333333333,10.67,NA,7,7,0,0,7,0,0,0,0,1,1,2
87,"binary",4,"Smooth nonlinear misspecified","BRP-GABLE full",TRUE,"AUC",0.836310634742886,232.820000000001,NA,49,48,1,18,31,0,0,0,0.36734693877551,0.63265306122449,1,1.63265306122449
87,"binary",4,"Smooth nonlinear misspecified","BRP-GABLE rule-only",TRUE,"AUC",0.838905775075988,238.89,NA,51,51,0,20,31,0,0,0,0.392156862745098,0.607843137254902,1,1.6078431372549
87,"binary",4,"Smooth nonlinear misspecified","GABLE",TRUE,"AUC",0.711921648091861,5.17999999999984,NA,5,5,0,4,1,0,0,0,0.8,0.2,1,1.2
87,"binary",4,"Smooth nonlinear misspecified","GBM",TRUE,"AUC",0.841412040740148,0.0299999999999998,NA,NA,NA,NA,NA,NA,NA,NA,NA,NA,NA,NA,NA
87,"binary",4,"Smooth nonlinear misspecified","Linear",TRUE,"AUC",0.644661298636663,0.0100000000002183,NA,20,0,20,20,0,0,0,0,1,0,1,1
87,"binary",4,"Smooth nonlinear misspecified","Random forest",TRUE,"AUC",0.797463516948399,0.360000000000127,NA,NA,NA,NA,NA,NA,NA,NA,NA,NA,NA,NA,NA
87,"binary",4,"Smooth nonlinear misspecified","RuleFit",TRUE,"AUC",0.654357525018219,13.36,NA,9,9,0,2,7,0,0,0,0.222222222222222,0.777777777777778,1,1.77777777777778
88,"binary",4,"Smooth nonlinear misspecified","BRP-GABLE full",TRUE,"AUC",0.819130434782609,197.41,NA,52,52,0,21,31,0,0,0,0.403846153846154,0.596153846153846,1,1.59615384615385
88,"binary",4,"Smooth nonlinear misspecified","BRP-GABLE rule-only",TRUE,"AUC",0.819130434782609,190.28,NA,52,52,0,21,31,0,0,0,0.403846153846154,0.596153846153846,1,1.59615384615385
88,"binary",4,"Smooth nonlinear misspecified","GABLE",TRUE,"AUC",0.731351098644226,3.77999999999975,NA,4,4,0,2,2,0,0,0,0.5,0.5,1,1.5
88,"binary",4,"Smooth nonlinear misspecified","GBM",TRUE,"AUC",0.830238429172511,0.04,NA,NA,NA,NA,NA,NA,NA,NA,NA,NA,NA,NA,NA
88,"binary",4,"Smooth nonlinear misspecified","Linear",TRUE,"AUC",0.649181860682562,0,NA,20,0,20,20,0,0,0,0,1,0,1,1
88,"binary",4,"Smooth nonlinear misspecified","Random forest",TRUE,"AUC",0.808695652173913,0.330000000000382,NA,NA,NA,NA,NA,NA,NA,NA,NA,NA,NA,NA,NA
88,"binary",4,"Smooth nonlinear misspecified","RuleFit",TRUE,"AUC",0.738391771856007,11.64,NA,10,10,0,2,6,2,0,0,0.2,0.6,0.8,2
89,"binary",4,"Smooth nonlinear misspecified","BRP-GABLE full",TRUE,"AUC",0.836173630291277,183.72,NA,46,46,0,11,35,0,0,0,0.239130434782609,0.760869565217391,1,1.76086956521739
89,"binary",4,"Smooth nonlinear misspecified","BRP-GABLE rule-only",TRUE,"AUC",0.836408689349866,200.03,NA,47,47,0,11,36,0,0,0,0.234042553191489,0.765957446808511,1,1.76595744680851
89,"binary",4,"Smooth nonlinear misspecified","GABLE",TRUE,"AUC",0.754823607764784,3.79999999999973,NA,5,5,0,4,1,0,0,0,0.8,0.2,1,1.2
89,"binary",4,"Smooth nonlinear misspecified","GBM",TRUE,"AUC",0.839591780768251,0.0500000000000003,NA,NA,NA,NA,NA,NA,NA,NA,NA,NA,NA,NA,NA
89,"binary",4,"Smooth nonlinear misspecified","Linear",TRUE,"AUC",0.681925917220035,0.0199999999999818,NA,20,0,20,20,0,0,0,0,1,0,1,1
89,"binary",4,"Smooth nonlinear misspecified","Random forest",TRUE,"AUC",0.821560792149027,0.360000000000127,NA,NA,NA,NA,NA,NA,NA,NA,NA,NA,NA,NA,NA
89,"binary",4,"Smooth nonlinear misspecified","RuleFit",TRUE,"AUC",0.752404458286811,11.97,NA,7,7,0,0,6,1,0,0,0,0.857142857142857,0.857142857142857,2.14285714285714
90,"binary",4,"Smooth nonlinear misspecified","BRP-GABLE full",TRUE,"AUC",0.819430450230684,236.04,NA,55,54,1,20,35,0,0,0,0.363636363636364,0.636363636363636,1,1.63636363636364
90,"binary",4,"Smooth nonlinear misspecified","BRP-GABLE rule-only",TRUE,"AUC",0.819748634459352,236.26,NA,54,54,0,19,35,0,0,0,0.351851851851852,0.648148148148148,1,1.64814814814815
90,"binary",4,"Smooth nonlinear misspecified","GABLE",TRUE,"AUC",0.748979158933022,3.97000000000025,NA,5,5,0,2,3,0,0,0,0.4,0.6,1,1.6
90,"binary",4,"Smooth nonlinear misspecified","GBM",TRUE,"AUC",0.836400275759665,0.0499999999999998,NA,NA,NA,NA,NA,NA,NA,NA,NA,NA,NA,NA,NA
90,"binary",4,"Smooth nonlinear misspecified","Linear",TRUE,"AUC",0.663361086068834,0.0100000000002183,NA,20,0,20,20,0,0,0,0,1,0,1,1
90,"binary",4,"Smooth nonlinear misspecified","Random forest",TRUE,"AUC",0.820385002916689,0.339999999999236,NA,NA,NA,NA,NA,NA,NA,NA,NA,NA,NA,NA,NA
90,"binary",4,"Smooth nonlinear misspecified","RuleFit",TRUE,"AUC",0.711185943327853,13.73,NA,10,10,0,1,8,1,0,0,0.1,0.8,0.9,2
91,"binary",4,"Smooth nonlinear misspecified","BRP-GABLE full",TRUE,"AUC",0.843535703637448,187.25,NA,48,48,0,14,34,0,0,0,0.291666666666667,0.708333333333333,1,1.70833333333333
91,"binary",4,"Smooth nonlinear misspecified","BRP-GABLE rule-only",TRUE,"AUC",0.843069841979726,187.98,NA,43,43,0,11,32,0,0,0,0.255813953488372,0.744186046511628,1,1.74418604651163
91,"binary",4,"Smooth nonlinear misspecified","GABLE",TRUE,"AUC",0.766752385211688,4.53999999999996,NA,5,5,0,4,1,0,0,0,0.8,0.2,1,1.2
91,"binary",4,"Smooth nonlinear misspecified","GBM",TRUE,"AUC",0.846861955873584,0.0300000000000002,NA,NA,NA,NA,NA,NA,NA,NA,NA,NA,NA,NA,NA
91,"binary",4,"Smooth nonlinear misspecified","Linear",TRUE,"AUC",0.658709749552773,0,NA,20,0,20,20,0,0,0,0,1,0,1,1
91,"binary",4,"Smooth nonlinear misspecified","Random forest",TRUE,"AUC",0.809341457960644,0.350000000000364,NA,NA,NA,NA,NA,NA,NA,NA,NA,NA,NA,NA,NA
91,"binary",4,"Smooth nonlinear misspecified","RuleFit",TRUE,"AUC",0.732772435897436,13.9,NA,9,9,0,0,8,1,0,0,0,0.888888888888889,0.888888888888889,2.11111111111111
92,"binary",4,"Smooth nonlinear misspecified","BRP-GABLE full",TRUE,"AUC",0.815989304812834,205.89,NA,41,40,1,12,29,0,0,0,0.292682926829268,0.707317073170732,1,1.70731707317073
92,"binary",4,"Smooth nonlinear misspecified","BRP-GABLE rule-only",TRUE,"AUC",0.818057040998217,192.069999999999,NA,50,50,0,17,33,0,0,0,0.34,0.66,1,1.66
92,"binary",4,"Smooth nonlinear misspecified","GABLE",TRUE,"AUC",0.729358288770053,4.25,NA,5,5,0,4,1,0,0,0,0.8,0.2,1,1.2
92,"binary",4,"Smooth nonlinear misspecified","GBM",TRUE,"AUC",0.838841354723708,0.0299999999999998,NA,NA,NA,NA,NA,NA,NA,NA,NA,NA,NA,NA,NA
92,"binary",4,"Smooth nonlinear misspecified","Linear",TRUE,"AUC",0.667878787878788,0,NA,20,0,20,20,0,0,0,0,1,0,1,1
92,"binary",4,"Smooth nonlinear misspecified","Random forest",TRUE,"AUC",0.81958110516934,0.359999999999673,NA,NA,NA,NA,NA,NA,NA,NA,NA,NA,NA,NA,NA
92,"binary",4,"Smooth nonlinear misspecified","RuleFit",TRUE,"AUC",0.680392156862745,12.61,NA,6,6,0,3,3,0,0,0,0.5,0.5,1,1.5
93,"binary",4,"Smooth nonlinear misspecified","BRP-GABLE full",TRUE,"AUC",0.856824966078697,220.55,NA,61,58,3,17,44,0,0,0,0.278688524590164,0.721311475409836,1,1.72131147540984
93,"binary",4,"Smooth nonlinear misspecified","BRP-GABLE rule-only",TRUE,"AUC",0.856635006784261,214.809999999999,NA,58,58,0,15,43,0,0,0,0.258620689655172,0.741379310344828,1,1.74137931034483
93,"binary",4,"Smooth nonlinear misspecified","GABLE",TRUE,"AUC",0.774943464495703,3.97000000000025,NA,5,5,0,3,2,0,0,0,0.6,0.4,1,1.4
93,"binary",4,"Smooth nonlinear misspecified","GBM",TRUE,"AUC",0.853496155585708,0.0499999999999998,NA,NA,NA,NA,NA,NA,NA,NA,NA,NA,NA,NA,NA
93,"binary",4,"Smooth nonlinear misspecified","Linear",TRUE,"AUC",0.690022614201719,0.0200000000004366,NA,20,0,20,20,0,0,0,0,1,0,1,1
93,"binary",4,"Smooth nonlinear misspecified","Random forest",TRUE,"AUC",0.814554500226142,0.319999999999709,NA,NA,NA,NA,NA,NA,NA,NA,NA,NA,NA,NA,NA
93,"binary",4,"Smooth nonlinear misspecified","RuleFit",TRUE,"AUC",0.732139303482587,14.58,NA,7,7,0,3,4,0,0,0,0.428571428571429,0.571428571428571,1,1.57142857142857
94,"binary",4,"Smooth nonlinear misspecified","BRP-GABLE full",TRUE,"AUC",0.793611947791165,209.869999999999,NA,35,35,0,4,31,0,0,0,0.114285714285714,0.885714285714286,1,1.88571428571429
94,"binary",4,"Smooth nonlinear misspecified","BRP-GABLE rule-only",TRUE,"AUC",0.794615963855422,218.77,NA,36,36,0,4,32,0,0,0,0.111111111111111,0.888888888888889,1,1.88888888888889
94,"binary",4,"Smooth nonlinear misspecified","GABLE",TRUE,"AUC",0.743949010327022,4.92999999999938,NA,5,5,0,5,0,0,0,0,1,0,1,1
94,"binary",4,"Smooth nonlinear misspecified","GBM",TRUE,"AUC",0.815099684452094,0.0299999999999998,NA,NA,NA,NA,NA,NA,NA,NA,NA,NA,NA,NA,NA
94,"binary",4,"Smooth nonlinear misspecified","Linear",TRUE,"AUC",0.698795180722892,0.0199999999995271,NA,20,0,20,20,0,0,0,0,1,0,1,1
94,"binary",4,"Smooth nonlinear misspecified","Random forest",TRUE,"AUC",0.792419678714859,0.360000000000582,NA,NA,NA,NA,NA,NA,NA,NA,NA,NA,NA,NA,NA
94,"binary",4,"Smooth nonlinear misspecified","RuleFit",TRUE,"AUC",0.723052925989673,13.42,NA,9,9,0,2,5,2,0,0,0.222222222222222,0.555555555555556,0.777777777777778,2
95,"binary",4,"Smooth nonlinear misspecified","BRP-GABLE full",TRUE,"AUC",0.841840592861464,221.59,NA,30,30,0,3,27,0,0,0,0.1,0.9,1,1.9
95,"binary",4,"Smooth nonlinear misspecified","BRP-GABLE rule-only",TRUE,"AUC",0.841651542649728,204.17,NA,32,32,0,3,29,0,0,0,0.09375,0.90625,1,1.90625
95,"binary",4,"Smooth nonlinear misspecified","GABLE",TRUE,"AUC",0.715233666061706,4.77999999999975,NA,5,5,0,5,0,0,0,0,1,0,1,1
95,"binary",4,"Smooth nonlinear misspecified","GBM",TRUE,"AUC",0.83049758015729,0.0299999999999998,NA,NA,NA,NA,NA,NA,NA,NA,NA,NA,NA,NA,NA
95,"binary",4,"Smooth nonlinear misspecified","Linear",TRUE,"AUC",0.650559588626739,0,NA,20,0,20,20,0,0,0,0,1,0,1,1
95,"binary",4,"Smooth nonlinear misspecified","Random forest",TRUE,"AUC",0.809465744101633,0.359999999999673,NA,NA,NA,NA,NA,NA,NA,NA,NA,NA,NA,NA,NA
95,"binary",4,"Smooth nonlinear misspecified","RuleFit",TRUE,"AUC",0.714590895341803,13.22,NA,8,8,0,3,4,1,0,0,0.375,0.5,0.875,1.75
96,"binary",4,"Smooth nonlinear misspecified","BRP-GABLE full",TRUE,"AUC",0.859057127843255,185.35,NA,55,52,3,16,39,0,0,0,0.290909090909091,0.709090909090909,1,1.70909090909091
96,"binary",4,"Smooth nonlinear misspecified","BRP-GABLE rule-only",TRUE,"AUC",0.85827828241123,192.12,NA,51,51,0,14,37,0,0,0,0.274509803921569,0.725490196078431,1,1.72549019607843
96,"binary",4,"Smooth nonlinear misspecified","GABLE",TRUE,"AUC",0.75043164927558,4.19999999999982,NA,5,5,0,4,1,0,0,0,0.8,0.2,1,1.2
96,"binary",4,"Smooth nonlinear misspecified","GBM",TRUE,"AUC",0.855754072517078,0.04,NA,NA,NA,NA,NA,NA,NA,NA,NA,NA,NA,NA,NA
96,"binary",4,"Smooth nonlinear misspecified","Linear",TRUE,"AUC",0.682662713009534,0,NA,20,0,20,20,0,0,0,0,1,0,1,1
96,"binary",4,"Smooth nonlinear misspecified","Random forest",TRUE,"AUC",0.841931912018617,0.329999999999927,NA,NA,NA,NA,NA,NA,NA,NA,NA,NA,NA,NA,NA
96,"binary",4,"Smooth nonlinear misspecified","RuleFit",TRUE,"AUC",0.766214998873958,13.46,NA,17,17,0,7,10,0,0,0,0.411764705882353,0.588235294117647,1,1.58823529411765
97,"binary",4,"Smooth nonlinear misspecified","BRP-GABLE full",TRUE,"AUC",0.822342857142857,233,NA,51,48,3,20,31,0,0,0,0.392156862745098,0.607843137254902,1,1.6078431372549
97,"binary",4,"Smooth nonlinear misspecified","BRP-GABLE rule-only",TRUE,"AUC",0.823980952380952,225.88,NA,47,47,0,14,33,0,0,0,0.297872340425532,0.702127659574468,1,1.70212765957447
97,"binary",4,"Smooth nonlinear misspecified","GABLE",TRUE,"AUC",0.685980952380952,4.27999999999975,NA,5,5,0,5,0,0,0,0,1,0,1,1
97,"binary",4,"Smooth nonlinear misspecified","GBM",TRUE,"AUC",0.838961904761905,0.0300000000000002,NA,NA,NA,NA,NA,NA,NA,NA,NA,NA,NA,NA,NA
97,"binary",4,"Smooth nonlinear misspecified","Linear",TRUE,"AUC",0.648228571428571,0.0200000000004366,NA,20,0,20,20,0,0,0,0,1,0,1,1
97,"binary",4,"Smooth nonlinear misspecified","Random forest",TRUE,"AUC",0.818171428571429,0.300000000000182,NA,NA,NA,NA,NA,NA,NA,NA,NA,NA,NA,NA,NA
97,"binary",4,"Smooth nonlinear misspecified","RuleFit",TRUE,"AUC",0.722209523809524,13,NA,12,12,0,2,7,3,0,0,0.166666666666667,0.583333333333333,0.75,2.08333333333333
98,"binary",4,"Smooth nonlinear misspecified","BRP-GABLE full",TRUE,"AUC",0.880040244563114,184.43,NA,53,53,0,19,34,0,0,0,0.358490566037736,0.641509433962264,1,1.64150943396226
98,"binary",4,"Smooth nonlinear misspecified","BRP-GABLE rule-only",TRUE,"AUC",0.880581998297345,180.200000000001,NA,54,54,0,19,35,0,0,0,0.351851851851852,0.648148148148148,1,1.64814814814815
98,"binary",4,"Smooth nonlinear misspecified","GABLE",TRUE,"AUC",0.740383871217398,3.39000000000033,NA,5,5,0,3,2,0,0,0,0.6,0.4,1,1.4
98,"binary",4,"Smooth nonlinear misspecified","GBM",TRUE,"AUC",0.879053478832908,0.04,NA,NA,NA,NA,NA,NA,NA,NA,NA,NA,NA,NA,NA
98,"binary",4,"Smooth nonlinear misspecified","Linear",TRUE,"AUC",0.673883600340531,0.0199999999995271,NA,20,0,20,20,0,0,0,0,1,0,1,1
98,"binary",4,"Smooth nonlinear misspecified","Random forest",TRUE,"AUC",0.858186285891185,0.309999999999491,NA,NA,NA,NA,NA,NA,NA,NA,NA,NA,NA,NA,NA
98,"binary",4,"Smooth nonlinear misspecified","RuleFit",TRUE,"AUC",0.714157185976318,11.96,NA,18,18,0,6,12,0,0,0,0.333333333333333,0.666666666666667,1,1.66666666666667
99,"binary",4,"Smooth nonlinear misspecified","BRP-GABLE full",TRUE,"AUC",0.810384208278398,177.85,NA,36,36,0,4,32,0,0,0,0.111111111111111,0.888888888888889,1,1.88888888888889
99,"binary",4,"Smooth nonlinear misspecified","BRP-GABLE rule-only",TRUE,"AUC",0.812909695270283,183.92,NA,36,36,0,3,33,0,0,0,0.0833333333333333,0.916666666666667,1,1.91666666666667
99,"binary",4,"Smooth nonlinear misspecified","GABLE",TRUE,"AUC",0.753142931421886,2.57999999999993,NA,4,4,0,3,1,0,0,0,0.75,0.25,1,1.25
99,"binary",4,"Smooth nonlinear misspecified","GBM",TRUE,"AUC",0.829901023193627,0.0499999999999998,NA,NA,NA,NA,NA,NA,NA,NA,NA,NA,NA,NA,NA
99,"binary",4,"Smooth nonlinear misspecified","Linear",TRUE,"AUC",0.666152903381553,0,NA,20,0,20,20,0,0,0,0,1,0,1,1
99,"binary",4,"Smooth nonlinear misspecified","Random forest",TRUE,"AUC",0.802417782399584,0.25,NA,NA,NA,NA,NA,NA,NA,NA,NA,NA,NA,NA,NA
99,"binary",4,"Smooth nonlinear misspecified","RuleFit",TRUE,"AUC",0.71156524484225,13.78,NA,13,13,0,3,9,1,0,0,0.230769230769231,0.692307692307692,0.923076923076923,1.84615384615385
100,"binary",4,"Smooth nonlinear misspecified","BRP-GABLE full",TRUE,"AUC",0.829076491307378,156.579999999999,NA,43,43,0,10,33,0,0,0,0.232558139534884,0.767441860465116,1,1.76744186046512
100,"binary",4,"Smooth nonlinear misspecified","BRP-GABLE rule-only",TRUE,"AUC",0.829076491307378,150.94,NA,43,43,0,10,33,0,0,0,0.232558139534884,0.767441860465116,1,1.76744186046512
100,"binary",4,"Smooth nonlinear misspecified","GABLE",TRUE,"AUC",0.770196455143056,2.26999999999953,NA,5,5,0,5,0,0,0,0,1,0,1,1
100,"binary",4,"Smooth nonlinear misspecified","GBM",TRUE,"AUC",0.827409542106948,0.0300000000000002,NA,NA,NA,NA,NA,NA,NA,NA,NA,NA,NA,NA,NA
100,"binary",4,"Smooth nonlinear misspecified","Linear",TRUE,"AUC",0.658190653783127,0,NA,20,0,20,20,0,0,0,0,1,0,1,1
100,"binary",4,"Smooth nonlinear misspecified","Random forest",TRUE,"AUC",0.796481512874122,0.260000000000218,NA,NA,NA,NA,NA,NA,NA,NA,NA,NA,NA,NA,NA
100,"binary",4,"Smooth nonlinear misspecified","RuleFit",TRUE,"AUC",0.723239343768247,9.86000000000001,NA,8,8,0,3,5,0,0,0,0.375,0.625,1,1.625
