"Sim","Outcome","Scenario","Scenario_name","method","fit_ok","metric_name","metric_value","elapsed_time","error_message","n_rules_total","n_rule_terms_selected","n_linear_selected","n_rules_deg1","n_rules_deg2","n_rules_deg3","n_rules_deg4","n_rules_deg5plus","prop_deg1","prop_deg2","prop_deg_le2","avg_rule_degree"
1,"binary",1,"Purely rule-based","BRP-GABLE full",TRUE,"AUC",0.872670807453416,109.59,NA,33,33,0,2,31,0,0,0,0.0606060606060606,0.939393939393939,1,1.93939393939394
1,"binary",1,"Purely rule-based","BRP-GABLE rule-only",TRUE,"AUC",0.87208850931677,109.63,NA,39,39,0,6,33,0,0,0,0.153846153846154,0.846153846153846,1,1.84615384615385
1,"binary",1,"Purely rule-based","GABLE",TRUE,"AUC",0.830777691511387,2.41,NA,5,5,0,5,0,0,0,0,1,0,1,1
1,"binary",1,"Purely rule-based","GBM",TRUE,"AUC",0.870665113871636,0.0300000000000011,NA,NA,NA,NA,NA,NA,NA,NA,NA,NA,NA,NA,NA
1,"binary",1,"Purely rule-based","Linear",TRUE,"AUC",0.791731366459627,0.019999999999996,NA,20,0,20,20,0,0,0,0,1,0,1,1
1,"binary",1,"Purely rule-based","Random forest",TRUE,"AUC",0.87299430641822,0.170000000000002,NA,NA,NA,NA,NA,NA,NA,NA,NA,NA,NA,NA,NA
1,"binary",1,"Purely rule-based","RuleFit",TRUE,"AUC",0.863936335403727,9.70999999999999,NA,15,15,0,0,15,0,0,0,0,1,1,2
2,"binary",1,"Purely rule-based","BRP-GABLE full",TRUE,"AUC",0.863921618852459,97.15,NA,57,56,1,16,41,0,0,0,0.280701754385965,0.719298245614035,1,1.71929824561404
2,"binary",1,"Purely rule-based","BRP-GABLE rule-only",TRUE,"AUC",0.864113729508197,97.11,NA,53,53,0,13,40,0,0,0,0.245283018867925,0.754716981132076,1,1.75471698113208
2,"binary",1,"Purely rule-based","GABLE",TRUE,"AUC",0.848776895491803,2.27,NA,5,5,0,4,1,0,0,0,0.8,0.2,1,1.2
2,"binary",1,"Purely rule-based","GBM",TRUE,"AUC",0.838306864754098,0.0300000000000011,NA,NA,NA,NA,NA,NA,NA,NA,NA,NA,NA,NA,NA
2,"binary",1,"Purely rule-based","Linear",TRUE,"AUC",0.747886782786885,0,NA,20,0,20,20,0,0,0,0,1,0,1,1
2,"binary",1,"Purely rule-based","Random forest",TRUE,"AUC",0.848936987704918,0.170000000000002,NA,NA,NA,NA,NA,NA,NA,NA,NA,NA,NA,NA,NA
2,"binary",1,"Purely rule-based","RuleFit",TRUE,"AUC",0.880795338114754,9.17,NA,29,29,0,5,24,0,0,0,0.172413793103448,0.827586206896552,1,1.82758620689655
3,"binary",1,"Purely rule-based","BRP-GABLE full",TRUE,"AUC",0.81099358974359,92.71,NA,37,37,0,6,31,0,0,0,0.162162162162162,0.837837837837838,1,1.83783783783784
3,"binary",1,"Purely rule-based","BRP-GABLE rule-only",TRUE,"AUC",0.81099358974359,92.73,NA,37,37,0,6,31,0,0,0,0.162162162162162,0.837837837837838,1,1.83783783783784
3,"binary",1,"Purely rule-based","GABLE",TRUE,"AUC",0.838846153846154,1.96000000000001,NA,5,5,0,5,0,0,0,0,1,0,1,1
3,"binary",1,"Purely rule-based","GBM",TRUE,"AUC",0.80775641025641,0.0300000000000011,NA,NA,NA,NA,NA,NA,NA,NA,NA,NA,NA,NA,NA
3,"binary",1,"Purely rule-based","Linear",TRUE,"AUC",0.750448717948718,0.019999999999996,NA,20,0,20,20,0,0,0,0,1,0,1,1
3,"binary",1,"Purely rule-based","Random forest",TRUE,"AUC",0.801121794871795,0.149999999999991,NA,NA,NA,NA,NA,NA,NA,NA,NA,NA,NA,NA,NA
3,"binary",1,"Purely rule-based","RuleFit",TRUE,"AUC",0.818974358974359,8.83,NA,24,24,0,2,20,2,0,0,0.0833333333333333,0.833333333333333,0.916666666666667,2
4,"binary",1,"Purely rule-based","BRP-GABLE full",TRUE,"AUC",0.837704282669078,90.59,NA,37,37,0,9,28,0,0,0,0.243243243243243,0.756756756756757,1,1.75675675675676
4,"binary",1,"Purely rule-based","BRP-GABLE rule-only",TRUE,"AUC",0.837704282669078,90.52,NA,37,37,0,9,28,0,0,0,0.243243243243243,0.756756756756757,1,1.75675675675676
4,"binary",1,"Purely rule-based","GABLE",TRUE,"AUC",0.798817905820037,1.86,NA,4,4,0,3,1,0,0,0,0.75,0.25,1,1.25
4,"binary",1,"Purely rule-based","GBM",TRUE,"AUC",0.835475744460952,0.0300000000000011,NA,NA,NA,NA,NA,NA,NA,NA,NA,NA,NA,NA,NA
4,"binary",1,"Purely rule-based","Linear",TRUE,"AUC",0.806989212583166,0.0200000000000102,NA,20,0,20,20,0,0,0,0,1,0,1,1
4,"binary",1,"Purely rule-based","Random forest",TRUE,"AUC",0.835604935081713,0.140000000000001,NA,NA,NA,NA,NA,NA,NA,NA,NA,NA,NA,NA,NA
4,"binary",1,"Purely rule-based","RuleFit",TRUE,"AUC",0.849912796330986,8.97,NA,18,18,0,3,13,2,0,0,0.166666666666667,0.722222222222222,0.888888888888889,1.94444444444444
5,"binary",1,"Purely rule-based","BRP-GABLE full",TRUE,"AUC",0.846892873208663,88.36,NA,36,36,0,2,34,0,0,0,0.0555555555555556,0.944444444444444,1,1.94444444444444
5,"binary",1,"Purely rule-based","BRP-GABLE rule-only",TRUE,"AUC",0.846828609986505,88.3,NA,36,36,0,2,34,0,0,0,0.0555555555555556,0.944444444444444,1,1.94444444444444
5,"binary",1,"Purely rule-based","GABLE",TRUE,"AUC",0.81203007518797,1.81999999999999,NA,5,5,0,3,2,0,0,0,0.6,0.4,1,1.4
5,"binary",1,"Purely rule-based","GBM",TRUE,"AUC",0.815371762740184,0.0300000000000011,NA,NA,NA,NA,NA,NA,NA,NA,NA,NA,NA,NA,NA
5,"binary",1,"Purely rule-based","Linear",TRUE,"AUC",0.756313861577019,0.019999999999996,NA,20,0,20,20,0,0,0,0,1,0,1,1
5,"binary",1,"Purely rule-based","Random forest",TRUE,"AUC",0.830634278002699,0.150000000000006,NA,NA,NA,NA,NA,NA,NA,NA,NA,NA,NA,NA,NA
5,"binary",1,"Purely rule-based","RuleFit",TRUE,"AUC",0.85421888053467,9.06999999999999,NA,21,21,0,0,19,2,0,0,0,0.904761904761905,0.904761904761905,2.0952380952381
6,"binary",1,"Purely rule-based","BRP-GABLE full",TRUE,"AUC",0.813008130081301,101.14,NA,33,33,0,4,29,0,0,0,0.121212121212121,0.878787878787879,1,1.87878787878788
6,"binary",1,"Purely rule-based","BRP-GABLE rule-only",TRUE,"AUC",0.812560015363933,101.12,NA,34,34,0,4,30,0,0,0,0.117647058823529,0.882352941176471,1,1.88235294117647
6,"binary",1,"Purely rule-based","GABLE",TRUE,"AUC",0.818257473913322,2.11000000000001,NA,5,5,0,4,1,0,0,0,0.8,0.2,1,1.2
6,"binary",1,"Purely rule-based","GBM",TRUE,"AUC",0.795915754433135,0.0300000000000011,NA,NA,NA,NA,NA,NA,NA,NA,NA,NA,NA,NA,NA
6,"binary",1,"Purely rule-based","Linear",TRUE,"AUC",0.781256001536393,0.0300000000000011,NA,20,0,20,20,0,0,0,0,1,0,1,1
6,"binary",1,"Purely rule-based","Random forest",TRUE,"AUC",0.798028295243582,0.180000000000007,NA,NA,NA,NA,NA,NA,NA,NA,NA,NA,NA,NA,NA
6,"binary",1,"Purely rule-based","RuleFit",TRUE,"AUC",0.808911081236797,9.75999999999999,NA,21,21,0,0,17,4,0,0,0,0.80952380952381,0.80952380952381,2.19047619047619
7,"binary",1,"Purely rule-based","BRP-GABLE full",TRUE,"AUC",0.8740068471029,95.35,NA,30,30,0,0,30,0,0,0,0,1,1,2
7,"binary",1,"Purely rule-based","BRP-GABLE rule-only",TRUE,"AUC",0.872650345584911,95.38,NA,31,31,0,0,31,0,0,0,0,1,1,2
7,"binary",1,"Purely rule-based","GABLE",TRUE,"AUC",0.86147535688909,2.17000000000002,NA,5,5,0,5,0,0,0,0,1,0,1,1
7,"binary",1,"Purely rule-based","GBM",TRUE,"AUC",0.86977585427298,0.0300000000000011,NA,NA,NA,NA,NA,NA,NA,NA,NA,NA,NA,NA,NA
7,"binary",1,"Purely rule-based","Linear",TRUE,"AUC",0.855241909437375,0.0200000000000102,NA,20,0,20,20,0,0,0,0,1,0,1,1
7,"binary",1,"Purely rule-based","Random forest",TRUE,"AUC",0.860797106130095,0.169999999999987,NA,NA,NA,NA,NA,NA,NA,NA,NA,NA,NA,NA,NA
7,"binary",1,"Purely rule-based","RuleFit",TRUE,"AUC",0.879691234416381,9.66,NA,26,26,0,0,24,2,0,0,0,0.923076923076923,0.923076923076923,2.07692307692308
8,"binary",1,"Purely rule-based","BRP-GABLE full",TRUE,"AUC",0.853193670318406,101.01,NA,35,35,0,8,27,0,0,0,0.228571428571429,0.771428571428571,1,1.77142857142857
8,"binary",1,"Purely rule-based","BRP-GABLE rule-only",TRUE,"AUC",0.853193670318406,101.04,NA,35,35,0,8,27,0,0,0,0.228571428571429,0.771428571428571,1,1.77142857142857
8,"binary",1,"Purely rule-based","GABLE",TRUE,"AUC",0.792075084886924,1.80000000000001,NA,5,5,0,4,1,0,0,0,0.8,0.2,1,1.2
8,"binary",1,"Purely rule-based","GBM",TRUE,"AUC",0.84406432186559,0.0200000000000102,NA,NA,NA,NA,NA,NA,NA,NA,NA,NA,NA,NA,NA
8,"binary",1,"Purely rule-based","Linear",TRUE,"AUC",0.769235697354091,0.0300000000000011,NA,20,0,20,20,0,0,0,0,1,0,1,1
8,"binary",1,"Purely rule-based","Random forest",TRUE,"AUC",0.859215837017105,0.169999999999987,NA,NA,NA,NA,NA,NA,NA,NA,NA,NA,NA,NA,NA
8,"binary",1,"Purely rule-based","RuleFit",TRUE,"AUC",0.834582612595298,11.36,NA,17,17,0,0,13,4,0,0,0,0.764705882352941,0.764705882352941,2.23529411764706
9,"binary",1,"Purely rule-based","BRP-GABLE full",TRUE,"AUC",0.839855025979858,104.93,NA,30,30,0,3,27,0,0,0,0.1,0.9,1,1.9
9,"binary",1,"Purely rule-based","BRP-GABLE rule-only",TRUE,"AUC",0.839951247674642,104.9,NA,29,29,0,2,27,0,0,0,0.0689655172413793,0.931034482758621,1,1.93103448275862
9,"binary",1,"Purely rule-based","GABLE",TRUE,"AUC",0.838924882930271,2.34,NA,5,5,0,5,0,0,0,0,1,0,1,1
9,"binary",1,"Purely rule-based","GBM",TRUE,"AUC",0.843351080890371,0.0300000000000011,NA,NA,NA,NA,NA,NA,NA,NA,NA,NA,NA,NA,NA
9,"binary",1,"Purely rule-based","Linear",TRUE,"AUC",0.816858040926294,0.0300000000000011,NA,20,0,20,20,0,0,0,0,1,0,1,1
9,"binary",1,"Purely rule-based","Random forest",TRUE,"AUC",0.822246455834242,0.170000000000016,NA,NA,NA,NA,NA,NA,NA,NA,NA,NA,NA,NA,NA
9,"binary",1,"Purely rule-based","RuleFit",TRUE,"AUC",0.844056706652127,10.71,NA,26,26,0,2,23,1,0,0,0.0769230769230769,0.884615384615385,0.961538461538462,1.96153846153846
10,"binary",1,"Purely rule-based","BRP-GABLE full",TRUE,"AUC",0.808599033816425,97.03,NA,41,41,0,6,35,0,0,0,0.146341463414634,0.853658536585366,1,1.85365853658537
10,"binary",1,"Purely rule-based","BRP-GABLE rule-only",TRUE,"AUC",0.808566827697263,96.91,NA,37,37,0,4,33,0,0,0,0.108108108108108,0.891891891891892,1,1.89189189189189
10,"binary",1,"Purely rule-based","GABLE",TRUE,"AUC",0.821545893719807,2.11999999999998,NA,5,5,0,4,1,0,0,0,0.8,0.2,1,1.2
10,"binary",1,"Purely rule-based","GBM",TRUE,"AUC",0.820547504025765,0.0300000000000011,NA,NA,NA,NA,NA,NA,NA,NA,NA,NA,NA,NA,NA
10,"binary",1,"Purely rule-based","Linear",TRUE,"AUC",0.754653784219002,0.0300000000000011,NA,20,0,20,20,0,0,0,0,1,0,1,1
10,"binary",1,"Purely rule-based","Random forest",TRUE,"AUC",0.79426731078905,0.180000000000007,NA,NA,NA,NA,NA,NA,NA,NA,NA,NA,NA,NA,NA
10,"binary",1,"Purely rule-based","RuleFit",TRUE,"AUC",0.81816425120773,10.3,NA,35,35,0,6,19,10,0,0,0.171428571428571,0.542857142857143,0.714285714285714,2.11428571428571
11,"binary",1,"Purely rule-based","BRP-GABLE full",TRUE,"AUC",0.778112192622951,102.7,NA,32,32,0,2,30,0,0,0,0.0625,0.9375,1,1.9375
11,"binary",1,"Purely rule-based","BRP-GABLE rule-only",TRUE,"AUC",0.778112192622951,102.75,NA,32,32,0,2,30,0,0,0,0.0625,0.9375,1,1.9375
11,"binary",1,"Purely rule-based","GABLE",TRUE,"AUC",0.812564036885246,2.19,NA,5,5,0,4,1,0,0,0,0.8,0.2,1,1.2
11,"binary",1,"Purely rule-based","GBM",TRUE,"AUC",0.81000256147541,0.0299999999999727,NA,NA,NA,NA,NA,NA,NA,NA,NA,NA,NA,NA,NA
11,"binary",1,"Purely rule-based","Linear",TRUE,"AUC",0.748655225409836,0,NA,20,0,20,20,0,0,0,0,1,0,1,1
11,"binary",1,"Purely rule-based","Random forest",TRUE,"AUC",0.801261526639344,0.160000000000025,NA,NA,NA,NA,NA,NA,NA,NA,NA,NA,NA,NA,NA
11,"binary",1,"Purely rule-based","RuleFit",TRUE,"AUC",0.83257556352459,9.38999999999999,NA,29,29,0,6,19,4,0,0,0.206896551724138,0.655172413793103,0.862068965517241,1.93103448275862
12,"binary",1,"Purely rule-based","BRP-GABLE full",TRUE,"AUC",0.799775641025641,110.5,NA,25,25,0,0,25,0,0,0,0,1,1,2
12,"binary",1,"Purely rule-based","BRP-GABLE rule-only",TRUE,"AUC",0.80099358974359,110.5,NA,25,25,0,0,25,0,0,0,0,1,1,2
12,"binary",1,"Purely rule-based","GABLE",TRUE,"AUC",0.740801282051282,2.24000000000001,NA,5,5,0,4,1,0,0,0,0.8,0.2,1,1.2
12,"binary",1,"Purely rule-based","GBM",TRUE,"AUC",0.800833333333333,0.0300000000000296,NA,NA,NA,NA,NA,NA,NA,NA,NA,NA,NA,NA,NA
12,"binary",1,"Purely rule-based","Linear",TRUE,"AUC",0.749423076923077,0.00999999999999091,NA,20,0,20,20,0,0,0,0,1,0,1,1
12,"binary",1,"Purely rule-based","Random forest",TRUE,"AUC",0.799551282051282,0.139999999999986,NA,NA,NA,NA,NA,NA,NA,NA,NA,NA,NA,NA,NA
12,"binary",1,"Purely rule-based","RuleFit",TRUE,"AUC",0.81025641025641,10.73,NA,25,25,0,3,22,0,0,0,0.12,0.88,1,1.88
13,"binary",1,"Purely rule-based","BRP-GABLE full",TRUE,"AUC",0.75336193647541,89.74,NA,31,31,0,4,27,0,0,0,0.129032258064516,0.870967741935484,1,1.87096774193548
13,"binary",1,"Purely rule-based","BRP-GABLE rule-only",TRUE,"AUC",0.75336193647541,89.64,NA,31,31,0,4,27,0,0,0,0.129032258064516,0.870967741935484,1,1.87096774193548
13,"binary",1,"Purely rule-based","GABLE",TRUE,"AUC",0.710361168032787,1.71999999999997,NA,5,5,0,4,1,0,0,0,0.8,0.2,1,1.2
13,"binary",1,"Purely rule-based","GBM",TRUE,"AUC",0.783043032786885,0.0300000000000296,NA,NA,NA,NA,NA,NA,NA,NA,NA,NA,NA,NA,NA
13,"binary",1,"Purely rule-based","Linear",TRUE,"AUC",0.742699795081967,0,NA,20,0,20,20,0,0,0,0,1,0,1,1
13,"binary",1,"Purely rule-based","Random forest",TRUE,"AUC",0.730372694672131,0.170000000000016,NA,NA,NA,NA,NA,NA,NA,NA,NA,NA,NA,NA,NA
13,"binary",1,"Purely rule-based","RuleFit",TRUE,"AUC",0.755283043032787,8.95999999999998,NA,15,15,0,4,11,0,0,0,0.266666666666667,0.733333333333333,1,1.73333333333333
14,"binary",1,"Purely rule-based","BRP-GABLE full",TRUE,"AUC",0.852647611640417,104.26,NA,24,24,0,0,24,0,0,0,0,1,1,2
14,"binary",1,"Purely rule-based","BRP-GABLE rule-only",TRUE,"AUC",0.853230928770497,104.3,NA,23,23,0,0,23,0,0,0,0,1,1,2
14,"binary",1,"Purely rule-based","GABLE",TRUE,"AUC",0.825490958584484,2,NA,5,5,0,5,0,0,0,0,1,0,1,1
14,"binary",1,"Purely rule-based","GBM",TRUE,"AUC",0.851837448959751,0.0399999999999636,NA,NA,NA,NA,NA,NA,NA,NA,NA,NA,NA,NA,NA
14,"binary",1,"Purely rule-based","Linear",TRUE,"AUC",0.787867003694342,0.0100000000000477,NA,20,0,20,20,0,0,0,0,1,0,1,1
14,"binary",1,"Purely rule-based","Random forest",TRUE,"AUC",0.857054896623242,0.150000000000034,NA,NA,NA,NA,NA,NA,NA,NA,NA,NA,NA,NA,NA
14,"binary",1,"Purely rule-based","RuleFit",TRUE,"AUC",0.850379156134552,9.63,NA,24,24,0,1,23,0,0,0,0.0416666666666667,0.958333333333333,1,1.95833333333333
15,"binary",1,"Purely rule-based","BRP-GABLE full",TRUE,"AUC",0.855212602459016,97.91,NA,30,30,0,4,26,0,0,0,0.133333333333333,0.866666666666667,1,1.86666666666667
15,"binary",1,"Purely rule-based","BRP-GABLE rule-only",TRUE,"AUC",0.856493340163934,97.94,NA,32,32,0,4,28,0,0,0,0.125,0.875,1,1.875
15,"binary",1,"Purely rule-based","GABLE",TRUE,"AUC",0.857581967213115,2.05000000000001,NA,5,5,0,5,0,0,0,0,1,0,1,1
15,"binary",1,"Purely rule-based","GBM",TRUE,"AUC",0.85687756147541,0.0300000000000296,NA,NA,NA,NA,NA,NA,NA,NA,NA,NA,NA,NA,NA
15,"binary",1,"Purely rule-based","Linear",TRUE,"AUC",0.762231045081967,0,NA,20,0,20,20,0,0,0,0,1,0,1,1
15,"binary",1,"Purely rule-based","Random forest",TRUE,"AUC",0.840836321721312,0.159999999999968,NA,NA,NA,NA,NA,NA,NA,NA,NA,NA,NA,NA,NA
15,"binary",1,"Purely rule-based","RuleFit",TRUE,"AUC",0.846151383196721,10.36,NA,24,24,0,3,21,0,0,0,0.125,0.875,1,1.875
16,"binary",1,"Purely rule-based","BRP-GABLE full",TRUE,"AUC",0.82315668202765,97.7,NA,50,50,0,10,40,0,0,0,0.2,0.8,1,1.8
16,"binary",1,"Purely rule-based","BRP-GABLE rule-only",TRUE,"AUC",0.82315668202765,97.75,NA,50,50,0,10,40,0,0,0,0.2,0.8,1,1.8
16,"binary",1,"Purely rule-based","GABLE",TRUE,"AUC",0.779889912954429,1.94999999999999,NA,4,4,0,2,2,0,0,0,0.5,0.5,1,1.5
16,"binary",1,"Purely rule-based","GBM",TRUE,"AUC",0.834613415258577,0.0200000000000387,NA,NA,NA,NA,NA,NA,NA,NA,NA,NA,NA,NA,NA
16,"binary",1,"Purely rule-based","Linear",TRUE,"AUC",0.775089605734767,0,NA,20,0,20,20,0,0,0,0,1,0,1,1
16,"binary",1,"Purely rule-based","Random forest",TRUE,"AUC",0.807187660010241,0.149999999999977,NA,NA,NA,NA,NA,NA,NA,NA,NA,NA,NA,NA,NA
16,"binary",1,"Purely rule-based","RuleFit",TRUE,"AUC",0.815668202764977,10.24,NA,19,19,0,6,13,0,0,0,0.315789473684211,0.684210526315789,1,1.68421052631579
17,"binary",1,"Purely rule-based","BRP-GABLE full",TRUE,"AUC",0.817692208462332,118.96,NA,40,40,0,10,30,0,0,0,0.25,0.75,1,1.75
17,"binary",1,"Purely rule-based","BRP-GABLE rule-only",TRUE,"AUC",0.817434210526316,118.98,NA,39,39,0,10,29,0,0,0,0.256410256410256,0.743589743589744,1,1.74358974358974
17,"binary",1,"Purely rule-based","GABLE",TRUE,"AUC",0.819046697626419,2.15000000000003,NA,4,4,0,3,1,0,0,0,0.75,0.25,1,1.25
17,"binary",1,"Purely rule-based","GBM",TRUE,"AUC",0.805211558307534,0.00999999999999091,NA,NA,NA,NA,NA,NA,NA,NA,NA,NA,NA,NA,NA
17,"binary",1,"Purely rule-based","Linear",TRUE,"AUC",0.737874097007224,0.0199999999999818,NA,20,0,20,20,0,0,0,0,1,0,1,1
17,"binary",1,"Purely rule-based","Random forest",TRUE,"AUC",0.787990196078431,0.180000000000007,NA,NA,NA,NA,NA,NA,NA,NA,NA,NA,NA,NA,NA
17,"binary",1,"Purely rule-based","RuleFit",TRUE,"AUC",0.806437048503612,10.27,NA,35,35,0,1,30,4,0,0,0.0285714285714286,0.857142857142857,0.885714285714286,2.08571428571429
18,"binary",1,"Purely rule-based","BRP-GABLE full",TRUE,"AUC",0.862583633556356,103.11,NA,23,22,1,4,19,0,0,0,0.173913043478261,0.826086956521739,1,1.82608695652174
18,"binary",1,"Purely rule-based","BRP-GABLE rule-only",TRUE,"AUC",0.861908131755018,103.2,NA,24,24,0,4,20,0,0,0,0.166666666666667,0.833333333333333,1,1.83333333333333
18,"binary",1,"Purely rule-based","GABLE",TRUE,"AUC",0.812628667009779,2.25999999999999,NA,5,5,0,5,0,0,0,0,1,0,1,1
18,"binary",1,"Purely rule-based","GBM",TRUE,"AUC",0.870946989191971,0.00999999999999091,NA,NA,NA,NA,NA,NA,NA,NA,NA,NA,NA,NA,NA
18,"binary",1,"Purely rule-based","Linear",TRUE,"AUC",0.816585177560474,0.0199999999999818,NA,20,0,20,20,0,0,0,0,1,0,1,1
18,"binary",1,"Purely rule-based","Random forest",TRUE,"AUC",0.848333762223366,0.180000000000007,NA,NA,NA,NA,NA,NA,NA,NA,NA,NA,NA,NA,NA
18,"binary",1,"Purely rule-based","RuleFit",TRUE,"AUC",0.869145651055069,11.95,NA,31,31,0,1,25,5,0,0,0.032258064516129,0.806451612903226,0.838709677419355,2.12903225806452
19,"binary",1,"Purely rule-based","BRP-GABLE full",TRUE,"AUC",0.848459401847426,98.26,NA,39,39,0,6,33,0,0,0,0.153846153846154,0.846153846153846,1,1.84615384615385
19,"binary",1,"Purely rule-based","BRP-GABLE rule-only",TRUE,"AUC",0.848459401847426,98.29,NA,39,39,0,6,33,0,0,0,0.153846153846154,0.846153846153846,1,1.84615384615385
19,"binary",1,"Purely rule-based","GABLE",TRUE,"AUC",0.834732898391577,1.97000000000003,NA,5,5,0,4,1,0,0,0,0.8,0.2,1,1.2
19,"binary",1,"Purely rule-based","GBM",TRUE,"AUC",0.818357987210129,0.0400000000000205,NA,NA,NA,NA,NA,NA,NA,NA,NA,NA,NA,NA,NA
19,"binary",1,"Purely rule-based","Linear",TRUE,"AUC",0.773076674633422,0,NA,20,0,20,20,0,0,0,0,1,0,1,1
19,"binary",1,"Purely rule-based","Random forest",TRUE,"AUC",0.835927911633615,0.149999999999977,NA,NA,NA,NA,NA,NA,NA,NA,NA,NA,NA,NA,NA
19,"binary",1,"Purely rule-based","RuleFit",TRUE,"AUC",0.86292875137265,9.63999999999999,NA,22,22,0,2,19,1,0,0,0.0909090909090909,0.863636363636364,0.954545454545455,1.95454545454545
20,"binary",1,"Purely rule-based","BRP-GABLE full",TRUE,"AUC",0.8560927067283,123.74,NA,32,32,0,7,25,0,0,0,0.21875,0.78125,1,1.78125
20,"binary",1,"Purely rule-based","BRP-GABLE rule-only",TRUE,"AUC",0.85493708269132,123.75,NA,32,32,0,7,25,0,0,0,0.21875,0.78125,1,1.78125
20,"binary",1,"Purely rule-based","GABLE",TRUE,"AUC",0.869607087827427,2.02999999999997,NA,5,5,0,5,0,0,0,0,1,0,1,1
20,"binary",1,"Purely rule-based","GBM",TRUE,"AUC",0.854712378017463,0.0100000000001046,NA,NA,NA,NA,NA,NA,NA,NA,NA,NA,NA,NA,NA
20,"binary",1,"Purely rule-based","Linear",TRUE,"AUC",0.83198510529019,0.0199999999999818,NA,20,0,20,20,0,0,0,0,1,0,1,1
20,"binary",1,"Purely rule-based","Random forest",TRUE,"AUC",0.844247560349255,0.17999999999995,NA,NA,NA,NA,NA,NA,NA,NA,NA,NA,NA,NA,NA
20,"binary",1,"Purely rule-based","RuleFit",TRUE,"AUC",0.864214175654854,9.79000000000008,NA,27,27,0,1,22,4,0,0,0.037037037037037,0.814814814814815,0.851851851851852,2.11111111111111
21,"binary",1,"Purely rule-based","BRP-GABLE full",TRUE,"AUC",0.869790634700482,104.32,NA,37,37,0,7,30,0,0,0,0.189189189189189,0.810810810810811,1,1.81081081081081
21,"binary",1,"Purely rule-based","BRP-GABLE rule-only",TRUE,"AUC",0.869460405521432,104.34,NA,37,37,0,7,30,0,0,0,0.189189189189189,0.810810810810811,1,1.81081081081081
21,"binary",1,"Purely rule-based","GABLE",TRUE,"AUC",0.878112410012549,2.2700000000001,NA,5,5,0,5,0,0,0,0,1,0,1,1
21,"binary",1,"Purely rule-based","GBM",TRUE,"AUC",0.877484974572353,0.0299999999999727,NA,NA,NA,NA,NA,NA,NA,NA,NA,NA,NA,NA,NA
21,"binary",1,"Purely rule-based","Linear",TRUE,"AUC",0.783501750214649,0,NA,20,0,20,20,0,0,0,0,1,0,1,1
21,"binary",1,"Purely rule-based","Random forest",TRUE,"AUC",0.884617924839839,0.149999999999977,NA,NA,NA,NA,NA,NA,NA,NA,NA,NA,NA,NA,NA
21,"binary",1,"Purely rule-based","RuleFit",TRUE,"AUC",0.871375734759923,9.8599999999999,NA,18,18,0,0,18,0,0,0,0,1,1,2
22,"binary",1,"Purely rule-based","BRP-GABLE full",TRUE,"AUC",0.857710295342431,97.27,NA,27,27,0,4,23,0,0,0,0.148148148148148,0.851851851851852,1,1.85185185185185
22,"binary",1,"Purely rule-based","BRP-GABLE rule-only",TRUE,"AUC",0.859311935421872,97.32,NA,29,29,0,5,24,0,0,0,0.172413793103448,0.827586206896552,1,1.82758620689655
22,"binary",1,"Purely rule-based","GABLE",TRUE,"AUC",0.839451598436799,2.31000000000006,NA,5,5,0,4,1,0,0,0,0.8,0.2,1,1.2
22,"binary",1,"Purely rule-based","GBM",TRUE,"AUC",0.847459798834006,0.0399999999999636,NA,NA,NA,NA,NA,NA,NA,NA,NA,NA,NA,NA,NA
22,"binary",1,"Purely rule-based","Linear",TRUE,"AUC",0.827919789864822,0.00999999999999091,NA,20,0,20,20,0,0,0,0,1,0,1,1
22,"binary",1,"Purely rule-based","Random forest",TRUE,"AUC",0.851335767826254,0.149999999999977,NA,NA,NA,NA,NA,NA,NA,NA,NA,NA,NA,NA,NA
22,"binary",1,"Purely rule-based","RuleFit",TRUE,"AUC",0.851656095842142,10.3199999999999,NA,26,26,0,2,23,1,0,0,0.0769230769230769,0.884615384615385,0.961538461538462,1.96153846153846
23,"binary",1,"Purely rule-based","BRP-GABLE full",TRUE,"AUC",0.833088,102.33,NA,36,36,0,4,32,0,0,0,0.111111111111111,0.888888888888889,1,1.88888888888889
23,"binary",1,"Purely rule-based","BRP-GABLE rule-only",TRUE,"AUC",0.833088,102.39,NA,36,36,0,4,32,0,0,0,0.111111111111111,0.888888888888889,1,1.88888888888889
23,"binary",1,"Purely rule-based","GABLE",TRUE,"AUC",0.843744,2.40999999999997,NA,5,5,0,5,0,0,0,0,1,0,1,1
23,"binary",1,"Purely rule-based","GBM",TRUE,"AUC",0.824192,0.0200000000000955,NA,NA,NA,NA,NA,NA,NA,NA,NA,NA,NA,NA,NA
23,"binary",1,"Purely rule-based","Linear",TRUE,"AUC",0.767232,0.00999999999999091,NA,20,0,20,20,0,0,0,0,1,0,1,1
23,"binary",1,"Purely rule-based","Random forest",TRUE,"AUC",0.83632,0.169999999999959,NA,NA,NA,NA,NA,NA,NA,NA,NA,NA,NA,NA,NA
23,"binary",1,"Purely rule-based","RuleFit",TRUE,"AUC",0.830304,10.4,NA,31,31,0,3,26,2,0,0,0.0967741935483871,0.838709677419355,0.935483870967742,1.96774193548387
24,"binary",1,"Purely rule-based","BRP-GABLE full",TRUE,"AUC",0.852613871635611,101.83,NA,18,18,0,0,18,0,0,0,0,1,1,2
24,"binary",1,"Purely rule-based","BRP-GABLE rule-only",TRUE,"AUC",0.85348731884058,101.8,NA,21,21,0,1,20,0,0,0,0.0476190476190476,0.952380952380952,1,1.95238095238095
24,"binary",1,"Purely rule-based","GABLE",TRUE,"AUC",0.831424689440994,2.16000000000008,NA,5,5,0,4,1,0,0,0,0.8,0.2,1,1.2
24,"binary",1,"Purely rule-based","GBM",TRUE,"AUC",0.842650103519669,0.0299999999999727,NA,NA,NA,NA,NA,NA,NA,NA,NA,NA,NA,NA,NA
24,"binary",1,"Purely rule-based","Linear",TRUE,"AUC",0.775750517598344,0,NA,20,0,20,20,0,0,0,0,1,0,1,1
24,"binary",1,"Purely rule-based","Random forest",TRUE,"AUC",0.841064958592132,0.169999999999959,NA,NA,NA,NA,NA,NA,NA,NA,NA,NA,NA,NA,NA
24,"binary",1,"Purely rule-based","RuleFit",TRUE,"AUC",0.845626293995859,10.1099999999999,NA,26,26,0,1,18,7,0,0,0.0384615384615385,0.692307692307692,0.730769230769231,2.23076923076923
25,"binary",1,"Purely rule-based","BRP-GABLE full",TRUE,"AUC",0.749391961085509,103.5,NA,25,25,0,2,23,0,0,0,0.08,0.92,1,1.92
25,"binary",1,"Purely rule-based","BRP-GABLE rule-only",TRUE,"AUC",0.74910394265233,103.44,NA,22,22,0,2,20,0,0,0,0.0909090909090909,0.909090909090909,1,1.90909090909091
25,"binary",1,"Purely rule-based","GABLE",TRUE,"AUC",0.726286482334869,2.20000000000005,NA,5,5,0,4,1,0,0,0,0.8,0.2,1,1.2
25,"binary",1,"Purely rule-based","GBM",TRUE,"AUC",0.771697388632873,0.0499999999999545,NA,NA,NA,NA,NA,NA,NA,NA,NA,NA,NA,NA,NA
25,"binary",1,"Purely rule-based","Linear",TRUE,"AUC",0.740207373271889,0,NA,20,0,20,20,0,0,0,0,1,0,1,1
25,"binary",1,"Purely rule-based","Random forest",TRUE,"AUC",0.744687660010241,0.159999999999968,NA,NA,NA,NA,NA,NA,NA,NA,NA,NA,NA,NA,NA
25,"binary",1,"Purely rule-based","RuleFit",TRUE,"AUC",0.727374551971326,11.48,NA,12,12,0,3,9,0,0,0,0.25,0.75,1,1.75
26,"binary",1,"Purely rule-based","BRP-GABLE full",TRUE,"AUC",0.846311475409836,101.73,NA,20,20,0,0,20,0,0,0,0,1,1,2
26,"binary",1,"Purely rule-based","BRP-GABLE rule-only",TRUE,"AUC",0.846887807377049,101.72,NA,20,20,0,0,20,0,0,0,0,1,1,2
26,"binary",1,"Purely rule-based","GABLE",TRUE,"AUC",0.831582991803279,1.86000000000001,NA,5,5,0,2,3,0,0,0,0.4,0.6,1,1.6
26,"binary",1,"Purely rule-based","GBM",TRUE,"AUC",0.845735143442623,0.0399999999999636,NA,NA,NA,NA,NA,NA,NA,NA,NA,NA,NA,NA,NA
26,"binary",1,"Purely rule-based","Linear",TRUE,"AUC",0.840420081967213,0,NA,20,0,20,20,0,0,0,0,1,0,1,1
26,"binary",1,"Purely rule-based","Random forest",TRUE,"AUC",0.869396772540984,0.149999999999977,NA,NA,NA,NA,NA,NA,NA,NA,NA,NA,NA,NA,NA
26,"binary",1,"Purely rule-based","RuleFit",TRUE,"AUC",0.868340163934426,9.36000000000001,NA,12,12,0,0,11,1,0,0,0,0.916666666666667,0.916666666666667,2.08333333333333
27,"binary",1,"Purely rule-based","BRP-GABLE full",TRUE,"AUC",0.835081060216161,101.78,NA,23,23,0,5,18,0,0,0,0.217391304347826,0.782608695652174,1,1.78260869565217
27,"binary",1,"Purely rule-based","BRP-GABLE rule-only",TRUE,"AUC",0.835081060216161,101.8,NA,23,23,0,5,18,0,0,0,0.217391304347826,0.782608695652174,1,1.78260869565217
27,"binary",1,"Purely rule-based","GABLE",TRUE,"AUC",0.819094184251158,2.01999999999998,NA,5,5,0,4,1,0,0,0,0.8,0.2,1,1.2
27,"binary",1,"Purely rule-based","GBM",TRUE,"AUC",0.824176531137416,0.00999999999999091,NA,NA,NA,NA,NA,NA,NA,NA,NA,NA,NA,NA,NA
27,"binary",1,"Purely rule-based","Linear",TRUE,"AUC",0.752316006176016,0.0199999999999818,NA,20,0,20,20,0,0,0,0,1,0,1,1
27,"binary",1,"Purely rule-based","Random forest",TRUE,"AUC",0.822471693257849,0.170000000000073,NA,NA,NA,NA,NA,NA,NA,NA,NA,NA,NA,NA,NA
27,"binary",1,"Purely rule-based","RuleFit",TRUE,"AUC",0.830288214101904,9.40999999999997,NA,21,21,0,3,16,2,0,0,0.142857142857143,0.761904761904762,0.904761904761905,1.95238095238095
28,"binary",1,"Purely rule-based","BRP-GABLE full",TRUE,"AUC",0.849718381976446,98.62,NA,22,22,0,2,20,0,0,0,0.0909090909090909,0.909090909090909,1,1.90909090909091
28,"binary",1,"Purely rule-based","BRP-GABLE rule-only",TRUE,"AUC",0.849718381976446,98.5799999999999,NA,22,22,0,2,20,0,0,0,0.0909090909090909,0.909090909090909,1,1.90909090909091
28,"binary",1,"Purely rule-based","GABLE",TRUE,"AUC",0.811219918074757,1.76999999999998,NA,4,4,0,3,1,0,0,0,0.75,0.25,1,1.25
28,"binary",1,"Purely rule-based","GBM",TRUE,"AUC",0.829045058883769,0.0199999999999818,NA,NA,NA,NA,NA,NA,NA,NA,NA,NA,NA,NA,NA
28,"binary",1,"Purely rule-based","Linear",TRUE,"AUC",0.769585253456221,0.00999999999999091,NA,20,0,20,20,0,0,0,0,1,0,1,1
28,"binary",1,"Purely rule-based","Random forest",TRUE,"AUC",0.832021249359959,0.170000000000073,NA,NA,NA,NA,NA,NA,NA,NA,NA,NA,NA,NA,NA
28,"binary",1,"Purely rule-based","RuleFit",TRUE,"AUC",0.859254992319508,10.21,NA,21,21,0,0,19,2,0,0,0,0.904761904761905,0.904761904761905,2.0952380952381
29,"binary",1,"Purely rule-based","BRP-GABLE full",TRUE,"AUC",0.837206324819154,100.12,NA,33,33,0,10,23,0,0,0,0.303030303030303,0.696969696969697,1,1.6969696969697
29,"binary",1,"Purely rule-based","BRP-GABLE rule-only",TRUE,"AUC",0.837206324819154,100.13,NA,33,33,0,10,23,0,0,0,0.303030303030303,0.696969696969697,1,1.6969696969697
29,"binary",1,"Purely rule-based","GABLE",TRUE,"AUC",0.85429870046732,2.02999999999997,NA,5,5,0,4,1,0,0,0,0.8,0.2,1,1.2
29,"binary",1,"Purely rule-based","GBM",TRUE,"AUC",0.847961078035977,0.0300000000000864,NA,NA,NA,NA,NA,NA,NA,NA,NA,NA,NA,NA,NA
29,"binary",1,"Purely rule-based","Linear",TRUE,"AUC",0.779527559055118,0,NA,20,0,20,20,0,0,0,0,1,0,1,1
29,"binary",1,"Purely rule-based","Random forest",TRUE,"AUC",0.811951859676077,0.159999999999968,NA,NA,NA,NA,NA,NA,NA,NA,NA,NA,NA,NA,NA
29,"binary",1,"Purely rule-based","RuleFit",TRUE,"AUC",0.857659560847577,9.75999999999999,NA,21,21,0,3,17,1,0,0,0.142857142857143,0.80952380952381,0.952380952380952,1.9047619047619
30,"binary",1,"Purely rule-based","BRP-GABLE full",TRUE,"AUC",0.764326923076923,101.87,NA,27,27,0,2,25,0,0,0,0.0740740740740741,0.925925925925926,1,1.92592592592593
30,"binary",1,"Purely rule-based","BRP-GABLE rule-only",TRUE,"AUC",0.766762820512821,101.88,NA,30,30,0,2,28,0,0,0,0.0666666666666667,0.933333333333333,1,1.93333333333333
30,"binary",1,"Purely rule-based","GABLE",TRUE,"AUC",0.743044871794872,1.62,NA,3,3,0,1,2,0,0,0,0.333333333333333,0.666666666666667,1,1.66666666666667
30,"binary",1,"Purely rule-based","GBM",TRUE,"AUC",0.765961538461538,0.00999999999999091,NA,NA,NA,NA,NA,NA,NA,NA,NA,NA,NA,NA,NA
30,"binary",1,"Purely rule-based","Linear",TRUE,"AUC",0.731217948717949,0,NA,20,0,20,20,0,0,0,0,1,0,1,1
30,"binary",1,"Purely rule-based","Random forest",TRUE,"AUC",0.744647435897436,0.17999999999995,NA,NA,NA,NA,NA,NA,NA,NA,NA,NA,NA,NA,NA
30,"binary",1,"Purely rule-based","RuleFit",TRUE,"AUC",0.779070512820513,10.36,NA,15,15,0,3,11,1,0,0,0.2,0.733333333333333,0.933333333333333,1.86666666666667
31,"binary",1,"Purely rule-based","BRP-GABLE full",TRUE,"AUC",0.87517013416294,101.33,NA,30,30,0,0,30,0,0,0,0,1,1,2
31,"binary",1,"Purely rule-based","BRP-GABLE rule-only",TRUE,"AUC",0.87517013416294,101.26,NA,30,30,0,0,30,0,0,0,0,1,1,2
31,"binary",1,"Purely rule-based","GABLE",TRUE,"AUC",0.857865059303908,2.08000000000004,NA,5,5,0,4,1,0,0,0,0.8,0.2,1,1.2
31,"binary",1,"Purely rule-based","GBM",TRUE,"AUC",0.890854883660639,0.0300000000000864,NA,NA,NA,NA,NA,NA,NA,NA,NA,NA,NA,NA,NA
31,"binary",1,"Purely rule-based","Linear",TRUE,"AUC",0.80588502171236,0.00999999999999091,NA,20,0,20,20,0,0,0,0,1,0,1,1
31,"binary",1,"Purely rule-based","Random forest",TRUE,"AUC",0.867489791950224,0.159999999999968,NA,NA,NA,NA,NA,NA,NA,NA,NA,NA,NA,NA,NA
31,"binary",1,"Purely rule-based","RuleFit",TRUE,"AUC",0.890595631602826,9.43999999999994,NA,26,26,0,6,19,1,0,0,0.230769230769231,0.730769230769231,0.961538461538462,1.80769230769231
32,"binary",1,"Purely rule-based","BRP-GABLE full",TRUE,"AUC",0.756390543916971,89.52,NA,25,25,0,4,21,0,0,0,0.16,0.84,1,1.84
32,"binary",1,"Purely rule-based","BRP-GABLE rule-only",TRUE,"AUC",0.756390543916971,89.49,NA,25,25,0,4,21,0,0,0,0.16,0.84,1,1.84
32,"binary",1,"Purely rule-based","GABLE",TRUE,"AUC",0.700365173938113,1.58000000000004,NA,4,4,0,2,2,0,0,0,0.5,0.5,1,1.5
32,"binary",1,"Purely rule-based","GBM",TRUE,"AUC",0.766160548401563,0.0300000000000864,NA,NA,NA,NA,NA,NA,NA,NA,NA,NA,NA,NA,NA
32,"binary",1,"Purely rule-based","Linear",TRUE,"AUC",0.708245243128964,0.0199999999999818,NA,20,0,20,20,0,0,0,0,1,0,1,1
32,"binary",1,"Purely rule-based","Random forest",TRUE,"AUC",0.770581075020821,0.169999999999959,NA,NA,NA,NA,NA,NA,NA,NA,NA,NA,NA,NA,NA
32,"binary",1,"Purely rule-based","RuleFit",TRUE,"AUC",0.784098917291306,9.41999999999996,NA,20,20,0,3,13,4,0,0,0.15,0.65,0.8,2.05
33,"binary",1,"Purely rule-based","BRP-GABLE full",TRUE,"AUC",0.856493048882055,101.07,NA,35,34,1,8,27,0,0,0,0.228571428571429,0.771428571428571,1,1.77142857142857
33,"binary",1,"Purely rule-based","BRP-GABLE rule-only",TRUE,"AUC",0.857838426548786,101.03,NA,36,36,0,7,29,0,0,0,0.194444444444444,0.805555555555556,1,1.80555555555556
33,"binary",1,"Purely rule-based","GABLE",TRUE,"AUC",0.851816259850086,1.80999999999995,NA,5,5,0,4,1,0,0,0,0.8,0.2,1,1.2
33,"binary",1,"Purely rule-based","GBM",TRUE,"AUC",0.852713178294574,0.0199999999999818,NA,NA,NA,NA,NA,NA,NA,NA,NA,NA,NA,NA,NA
33,"binary",1,"Purely rule-based","Linear",TRUE,"AUC",0.781728489973733,0.00999999999999091,NA,20,0,20,20,0,0,0,0,1,0,1,1
33,"binary",1,"Purely rule-based","Random forest",TRUE,"AUC",0.852328784675508,0.170000000000073,NA,NA,NA,NA,NA,NA,NA,NA,NA,NA,NA,NA,NA
33,"binary",1,"Purely rule-based","RuleFit",TRUE,"AUC",0.861714395541034,9.88,NA,24,24,0,1,21,2,0,0,0.0416666666666667,0.875,0.916666666666667,2.04166666666667
34,"binary",1,"Purely rule-based","BRP-GABLE full",TRUE,"AUC",0.861232069672131,88.77,NA,33,33,0,1,32,0,0,0,0.0303030303030303,0.96969696969697,1,1.96969696969697
34,"binary",1,"Purely rule-based","BRP-GABLE rule-only",TRUE,"AUC",0.86046362704918,88.8100000000001,NA,34,34,0,1,33,0,0,0,0.0294117647058824,0.970588235294118,1,1.97058823529412
34,"binary",1,"Purely rule-based","GABLE",TRUE,"AUC",0.761494620901639,1.53999999999996,NA,4,4,0,1,3,0,0,0,0.25,0.75,1,1.75
34,"binary",1,"Purely rule-based","GBM",TRUE,"AUC",0.876793032786885,0.0300000000000864,NA,NA,NA,NA,NA,NA,NA,NA,NA,NA,NA,NA,NA
34,"binary",1,"Purely rule-based","Linear",TRUE,"AUC",0.823514344262295,0.00999999999999091,NA,20,0,20,20,0,0,0,0,1,0,1,1
34,"binary",1,"Purely rule-based","Random forest",TRUE,"AUC",0.868244108606557,0.139999999999986,NA,NA,NA,NA,NA,NA,NA,NA,NA,NA,NA,NA,NA
34,"binary",1,"Purely rule-based","RuleFit",TRUE,"AUC",0.877049180327869,9.92999999999995,NA,24,24,0,2,21,1,0,0,0.0833333333333333,0.875,0.958333333333333,1.95833333333333
35,"binary",1,"Purely rule-based","BRP-GABLE full",TRUE,"AUC",0.807344486790259,97.1900000000001,NA,36,36,0,4,32,0,0,0,0.111111111111111,0.888888888888889,1,1.88888888888889
35,"binary",1,"Purely rule-based","BRP-GABLE rule-only",TRUE,"AUC",0.805987985272269,97.1899999999999,NA,35,35,0,4,31,0,0,0,0.114285714285714,0.885714285714286,1,1.88571428571429
35,"binary",1,"Purely rule-based","GABLE",TRUE,"AUC",0.7562818939345,2.08999999999992,NA,5,5,0,5,0,0,0,0,1,0,1,1
35,"binary",1,"Purely rule-based","GBM",TRUE,"AUC",0.795297461404302,0.00999999999999091,NA,NA,NA,NA,NA,NA,NA,NA,NA,NA,NA,NA,NA
35,"binary",1,"Purely rule-based","Linear",TRUE,"AUC",0.758348943866675,0,NA,20,0,20,20,0,0,0,0,1,0,1,1
35,"binary",1,"Purely rule-based","Random forest",TRUE,"AUC",0.806181771203411,0.160000000000082,NA,NA,NA,NA,NA,NA,NA,NA,NA,NA,NA,NA,NA
35,"binary",1,"Purely rule-based","RuleFit",TRUE,"AUC",0.823977779213229,9.21000000000004,NA,24,24,0,9,14,1,0,0,0.375,0.583333333333333,0.958333333333333,1.66666666666667
36,"binary",1,"Purely rule-based","BRP-GABLE full",TRUE,"AUC",0.848071465428277,106.7,NA,38,38,0,7,31,0,0,0,0.184210526315789,0.815789473684211,1,1.81578947368421
36,"binary",1,"Purely rule-based","BRP-GABLE rule-only",TRUE,"AUC",0.848071465428277,106.78,NA,38,38,0,7,31,0,0,0,0.184210526315789,0.815789473684211,1,1.81578947368421
36,"binary",1,"Purely rule-based","GABLE",TRUE,"AUC",0.822078173374613,2.12,NA,5,5,0,5,0,0,0,0,1,0,1,1
36,"binary",1,"Purely rule-based","GBM",TRUE,"AUC",0.853779669762642,0.0199999999999818,NA,NA,NA,NA,NA,NA,NA,NA,NA,NA,NA,NA,NA
36,"binary",1,"Purely rule-based","Linear",TRUE,"AUC",0.808114035087719,0.00999999999999091,NA,20,0,20,20,0,0,0,0,1,0,1,1
36,"binary",1,"Purely rule-based","Random forest",TRUE,"AUC",0.847910216718266,0.159999999999968,NA,NA,NA,NA,NA,NA,NA,NA,NA,NA,NA,NA,NA
36,"binary",1,"Purely rule-based","RuleFit",TRUE,"AUC",0.850135448916409,10.0600000000001,NA,28,28,0,2,24,2,0,0,0.0714285714285714,0.857142857142857,0.928571428571429,2
37,"binary",1,"Purely rule-based","BRP-GABLE full",TRUE,"AUC",0.86104590505999,96.2199999999999,NA,35,35,0,6,29,0,0,0,0.171428571428571,0.828571428571429,1,1.82857142857143
37,"binary",1,"Purely rule-based","BRP-GABLE rule-only",TRUE,"AUC",0.86104590505999,96.2,NA,35,35,0,6,29,0,0,0,0.171428571428571,0.828571428571429,1,1.82857142857143
37,"binary",1,"Purely rule-based","GABLE",TRUE,"AUC",0.786156755346896,1.88,NA,4,4,0,3,1,0,0,0,0.75,0.25,1,1.25
37,"binary",1,"Purely rule-based","GBM",TRUE,"AUC",0.838354199269692,0.00999999999999091,NA,NA,NA,NA,NA,NA,NA,NA,NA,NA,NA,NA,NA
37,"binary",1,"Purely rule-based","Linear",TRUE,"AUC",0.785276473656755,0,NA,20,0,20,20,0,0,0,0,1,0,1,1
37,"binary",1,"Purely rule-based","Random forest",TRUE,"AUC",0.835485133020344,0.1400000000001,NA,NA,NA,NA,NA,NA,NA,NA,NA,NA,NA,NA,NA
37,"binary",1,"Purely rule-based","RuleFit",TRUE,"AUC",0.840505998956703,9.3599999999999,NA,24,24,0,3,19,2,0,0,0.125,0.791666666666667,0.916666666666667,1.95833333333333
38,"binary",1,"Purely rule-based","BRP-GABLE full",TRUE,"AUC",0.799135220125786,98.28,NA,37,37,0,4,33,0,0,0,0.108108108108108,0.891891891891892,1,1.89189189189189
38,"binary",1,"Purely rule-based","BRP-GABLE rule-only",TRUE,"AUC",0.799135220125786,98.36,NA,37,37,0,4,33,0,0,0,0.108108108108108,0.891891891891892,1,1.89189189189189
38,"binary",1,"Purely rule-based","GABLE",TRUE,"AUC",0.775550314465409,1.94999999999993,NA,5,5,0,3,2,0,0,0,0.6,0.4,1,1.4
38,"binary",1,"Purely rule-based","GBM",TRUE,"AUC",0.810731132075472,0.0300000000000864,NA,NA,NA,NA,NA,NA,NA,NA,NA,NA,NA,NA,NA
38,"binary",1,"Purely rule-based","Linear",TRUE,"AUC",0.749017295597484,0.00999999999999091,NA,20,0,20,20,0,0,0,0,1,0,1,1
38,"binary",1,"Purely rule-based","Random forest",TRUE,"AUC",0.780791404612159,0.159999999999968,NA,NA,NA,NA,NA,NA,NA,NA,NA,NA,NA,NA,NA
38,"binary",1,"Purely rule-based","RuleFit",TRUE,"AUC",0.762513102725367,10.2800000000001,NA,24,24,0,0,21,3,0,0,0,0.875,0.875,2.125
39,"binary",1,"Purely rule-based","BRP-GABLE full",TRUE,"AUC",0.852342549923195,95.3399999999999,NA,34,34,0,5,29,0,0,0,0.147058823529412,0.852941176470588,1,1.85294117647059
39,"binary",1,"Purely rule-based","BRP-GABLE rule-only",TRUE,"AUC",0.851702508960573,95.38,NA,35,35,0,5,30,0,0,0,0.142857142857143,0.857142857142857,1,1.85714285714286
39,"binary",1,"Purely rule-based","GABLE",TRUE,"AUC",0.841717869943676,2,NA,5,5,0,5,0,0,0,0,1,0,1,1
39,"binary",1,"Purely rule-based","GBM",TRUE,"AUC",0.847030209933436,0.0299999999999727,NA,NA,NA,NA,NA,NA,NA,NA,NA,NA,NA,NA,NA
39,"binary",1,"Purely rule-based","Linear",TRUE,"AUC",0.795890937019969,0,NA,20,0,20,20,0,0,0,0,1,0,1,1
39,"binary",1,"Purely rule-based","Random forest",TRUE,"AUC",0.853750640040963,0.150000000000091,NA,NA,NA,NA,NA,NA,NA,NA,NA,NA,NA,NA,NA
39,"binary",1,"Purely rule-based","RuleFit",TRUE,"AUC",0.835797491039427,9.25,NA,25,25,0,2,22,1,0,0,0.08,0.88,0.96,1.96
40,"binary",1,"Purely rule-based","BRP-GABLE full",TRUE,"AUC",0.845671106557377,113.86,NA,37,37,0,7,30,0,0,0,0.189189189189189,0.810810810810811,1,1.81081081081081
40,"binary",1,"Purely rule-based","BRP-GABLE rule-only",TRUE,"AUC",0.845671106557377,113.98,NA,36,36,0,7,29,0,0,0,0.194444444444444,0.805555555555556,1,1.80555555555556
40,"binary",1,"Purely rule-based","GABLE",TRUE,"AUC",0.836001536885246,2.19999999999993,NA,4,4,0,3,1,0,0,0,0.75,0.25,1,1.25
40,"binary",1,"Purely rule-based","GBM",TRUE,"AUC",0.844006147540984,0.0300000000000864,NA,NA,NA,NA,NA,NA,NA,NA,NA,NA,NA,NA,NA
40,"binary",1,"Purely rule-based","Linear",TRUE,"AUC",0.79188012295082,0.00999999999999091,NA,20,0,20,20,0,0,0,0,1,0,1,1
40,"binary",1,"Purely rule-based","Random forest",TRUE,"AUC",0.816374231557377,0.159999999999968,NA,NA,NA,NA,NA,NA,NA,NA,NA,NA,NA,NA,NA
40,"binary",1,"Purely rule-based","RuleFit",TRUE,"AUC",0.822841956967213,10.85,NA,31,31,0,1,26,4,0,0,0.032258064516129,0.838709677419355,0.870967741935484,2.09677419354839
41,"binary",1,"Purely rule-based","BRP-GABLE full",TRUE,"AUC",0.827343199436223,102.07,NA,38,38,0,3,35,0,0,0,0.0789473684210526,0.921052631578947,1,1.92105263157895
41,"binary",1,"Purely rule-based","BRP-GABLE rule-only",TRUE,"AUC",0.827343199436223,102.05,NA,38,38,0,3,35,0,0,0,0.0789473684210526,0.921052631578947,1,1.92105263157895
41,"binary",1,"Purely rule-based","GABLE",TRUE,"AUC",0.826157985777436,2.14999999999998,NA,5,5,0,5,0,0,0,0,1,0,1,1
41,"binary",1,"Purely rule-based","GBM",TRUE,"AUC",0.820744442308924,0.0299999999999727,NA,NA,NA,NA,NA,NA,NA,NA,NA,NA,NA,NA,NA
41,"binary",1,"Purely rule-based","Linear",TRUE,"AUC",0.800243449292075,0,NA,20,0,20,20,0,0,0,0,1,0,1,1
41,"binary",1,"Purely rule-based","Random forest",TRUE,"AUC",0.831891857261836,0.170000000000073,NA,NA,NA,NA,NA,NA,NA,NA,NA,NA,NA,NA,NA
41,"binary",1,"Purely rule-based","RuleFit",TRUE,"AUC",0.82686270741239,9.6400000000001,NA,30,30,0,1,25,4,0,0,0.0333333333333333,0.833333333333333,0.866666666666667,2.1
42,"binary",1,"Purely rule-based","BRP-GABLE full",TRUE,"AUC",0.828814102564103,103.85,NA,36,36,0,11,25,0,0,0,0.305555555555556,0.694444444444444,1,1.69444444444444
42,"binary",1,"Purely rule-based","BRP-GABLE rule-only",TRUE,"AUC",0.829070512820513,103.87,NA,38,38,0,11,27,0,0,0,0.289473684210526,0.710526315789474,1,1.71052631578947
42,"binary",1,"Purely rule-based","GABLE",TRUE,"AUC",0.80900641025641,1.99000000000001,NA,5,5,0,4,1,0,0,0,0.8,0.2,1,1.2
42,"binary",1,"Purely rule-based","GBM",TRUE,"AUC",0.817564102564103,0.0299999999999727,NA,NA,NA,NA,NA,NA,NA,NA,NA,NA,NA,NA,NA
42,"binary",1,"Purely rule-based","Linear",TRUE,"AUC",0.773974358974359,0,NA,20,0,20,20,0,0,0,0,1,0,1,1
42,"binary",1,"Purely rule-based","Random forest",TRUE,"AUC",0.798846153846154,0.149999999999864,NA,NA,NA,NA,NA,NA,NA,NA,NA,NA,NA,NA,NA
42,"binary",1,"Purely rule-based","RuleFit",TRUE,"AUC",0.849775641025641,10.79,NA,22,22,0,1,20,1,0,0,0.0454545454545455,0.909090909090909,0.954545454545455,2
43,"binary",1,"Purely rule-based","BRP-GABLE full",TRUE,"AUC",0.817065266705554,98.8400000000001,NA,42,42,0,2,40,0,0,0,0.0476190476190476,0.952380952380952,1,1.95238095238095
43,"binary",1,"Purely rule-based","BRP-GABLE rule-only",TRUE,"AUC",0.817065266705554,98.8600000000001,NA,42,42,0,2,40,0,0,0,0.0476190476190476,0.952380952380952,1,1.95238095238095
43,"binary",1,"Purely rule-based","GABLE",TRUE,"AUC",0.785890206753516,2.05999999999995,NA,5,5,0,3,2,0,0,0,0.6,0.4,1,1.4
43,"binary",1,"Purely rule-based","GBM",TRUE,"AUC",0.814634778663556,0.0399999999999636,NA,NA,NA,NA,NA,NA,NA,NA,NA,NA,NA,NA,NA
43,"binary",1,"Purely rule-based","Linear",TRUE,"AUC",0.739386868883272,0,NA,20,0,20,20,0,0,0,0,1,0,1,1
43,"binary",1,"Purely rule-based","Random forest",TRUE,"AUC",0.818912437617474,0.150000000000091,NA,NA,NA,NA,NA,NA,NA,NA,NA,NA,NA,NA,NA
43,"binary",1,"Purely rule-based","RuleFit",TRUE,"AUC",0.845647806079461,10.5799999999999,NA,31,31,0,0,28,3,0,0,0,0.903225806451613,0.903225806451613,2.09677419354839
44,"binary",1,"Purely rule-based","BRP-GABLE full",TRUE,"AUC",0.831413210445468,106.36,NA,50,49,1,16,34,0,0,0,0.32,0.68,1,1.68
44,"binary",1,"Purely rule-based","BRP-GABLE rule-only",TRUE,"AUC",0.824564772145417,106.37,NA,49,49,0,14,35,0,0,0,0.285714285714286,0.714285714285714,1,1.71428571428571
44,"binary",1,"Purely rule-based","GABLE",TRUE,"AUC",0.792978750640041,2.21000000000004,NA,5,5,0,5,0,0,0,0,1,0,1,1
44,"binary",1,"Purely rule-based","GBM",TRUE,"AUC",0.826676907322069,0.0299999999999727,NA,NA,NA,NA,NA,NA,NA,NA,NA,NA,NA,NA,NA
44,"binary",1,"Purely rule-based","Linear",TRUE,"AUC",0.760624679979519,0,NA,20,0,20,20,0,0,0,0,1,0,1,1
44,"binary",1,"Purely rule-based","Random forest",TRUE,"AUC",0.823348694316436,0.170000000000073,NA,NA,NA,NA,NA,NA,NA,NA,NA,NA,NA,NA,NA
44,"binary",1,"Purely rule-based","RuleFit",TRUE,"AUC",0.817780337941628,10.1999999999998,NA,28,28,0,4,23,1,0,0,0.142857142857143,0.821428571428571,0.964285714285714,1.89285714285714
45,"binary",1,"Purely rule-based","BRP-GABLE full",TRUE,"AUC",0.83644709809964,106.85,NA,38,38,0,15,23,0,0,0,0.394736842105263,0.605263157894737,1,1.60526315789474
45,"binary",1,"Purely rule-based","BRP-GABLE rule-only",TRUE,"AUC",0.836382896764253,106.81,NA,39,39,0,16,23,0,0,0,0.41025641025641,0.58974358974359,1,1.58974358974359
45,"binary",1,"Purely rule-based","GABLE",TRUE,"AUC",0.817443502824859,2.28999999999996,NA,5,5,0,4,1,0,0,0,0.8,0.2,1,1.2
45,"binary",1,"Purely rule-based","GBM",TRUE,"AUC",0.822868515665126,0.00999999999999091,NA,NA,NA,NA,NA,NA,NA,NA,NA,NA,NA,NA,NA
45,"binary",1,"Purely rule-based","Linear",TRUE,"AUC",0.780624036979969,0.0200000000002092,NA,20,0,20,20,0,0,0,0,1,0,1,1
45,"binary",1,"Purely rule-based","Random forest",TRUE,"AUC",0.829384951206985,0.169999999999845,NA,NA,NA,NA,NA,NA,NA,NA,NA,NA,NA,NA,NA
45,"binary",1,"Purely rule-based","RuleFit",TRUE,"AUC",0.852433230611197,10.0400000000002,NA,25,25,0,1,18,6,0,0,0.04,0.72,0.76,2.2
46,"binary",1,"Purely rule-based","BRP-GABLE full",TRUE,"AUC",0.797008136331604,112.61,NA,39,39,0,12,27,0,0,0,0.307692307692308,0.692307692307692,1,1.69230769230769
46,"binary",1,"Purely rule-based","BRP-GABLE rule-only",TRUE,"AUC",0.796111217887116,112.78,NA,40,40,0,12,28,0,0,0,0.3,0.7,1,1.7
46,"binary",1,"Purely rule-based","GABLE",TRUE,"AUC",0.812159651483119,2.25,NA,5,5,0,5,0,0,0,0,1,0,1,1
46,"binary",1,"Purely rule-based","GBM",TRUE,"AUC",0.811262733038632,0.0299999999999727,NA,NA,NA,NA,NA,NA,NA,NA,NA,NA,NA,NA,NA
46,"binary",1,"Purely rule-based","Linear",TRUE,"AUC",0.740278044717791,0.0199999999999818,NA,20,0,20,20,0,0,0,0,1,0,1,1
46,"binary",1,"Purely rule-based","Random forest",TRUE,"AUC",0.825805624959959,0.160000000000082,NA,NA,NA,NA,NA,NA,NA,NA,NA,NA,NA,NA,NA
46,"binary",1,"Purely rule-based","RuleFit",TRUE,"AUC",0.817220834134153,10.6099999999999,NA,44,44,0,4,30,10,0,0,0.0909090909090909,0.681818181818182,0.772727272727273,2.13636363636364
47,"binary",1,"Purely rule-based","BRP-GABLE full",TRUE,"AUC",0.837730532786885,101.72,NA,17,17,0,0,17,0,0,0,0,1,1,2
47,"binary",1,"Purely rule-based","BRP-GABLE rule-only",TRUE,"AUC",0.837218237704918,101.76,NA,17,17,0,0,17,0,0,0,0,1,1,2
47,"binary",1,"Purely rule-based","GABLE",TRUE,"AUC",0.827964907786885,2.27999999999997,NA,5,5,0,4,1,0,0,0,0.8,0.2,1,1.2
47,"binary",1,"Purely rule-based","GBM",TRUE,"AUC",0.854636270491803,0.0199999999999818,NA,NA,NA,NA,NA,NA,NA,NA,NA,NA,NA,NA,NA
47,"binary",1,"Purely rule-based","Linear",TRUE,"AUC",0.810130635245902,0.0199999999999818,NA,20,0,20,20,0,0,0,0,1,0,1,1
47,"binary",1,"Purely rule-based","Random forest",TRUE,"AUC",0.854091956967213,0.150000000000091,NA,NA,NA,NA,NA,NA,NA,NA,NA,NA,NA,NA,NA
47,"binary",1,"Purely rule-based","RuleFit",TRUE,"AUC",0.803182633196721,10.3499999999999,NA,14,14,0,0,12,2,0,0,0,0.857142857142857,0.857142857142857,2.14285714285714
48,"binary",1,"Purely rule-based","BRP-GABLE full",TRUE,"AUC",0.837349784718206,102.96,NA,45,44,1,15,30,0,0,0,0.333333333333333,0.666666666666667,1,1.66666666666667
48,"binary",1,"Purely rule-based","BRP-GABLE rule-only",TRUE,"AUC",0.837863890495469,102.98,NA,46,46,0,16,30,0,0,0,0.347826086956522,0.652173913043478,1,1.65217391304348
48,"binary",1,"Purely rule-based","GABLE",TRUE,"AUC",0.818809845125635,2.20000000000005,NA,5,5,0,5,0,0,0,0,1,0,1,1
48,"binary",1,"Purely rule-based","GBM",TRUE,"AUC",0.877000192789666,0.0299999999999727,NA,NA,NA,NA,NA,NA,NA,NA,NA,NA,NA,NA,NA
48,"binary",1,"Purely rule-based","Linear",TRUE,"AUC",0.82147676884519,0,NA,20,0,20,20,0,0,0,0,1,0,1,1
48,"binary",1,"Purely rule-based","Random forest",TRUE,"AUC",0.862316046526573,0.160000000000082,NA,NA,NA,NA,NA,NA,NA,NA,NA,NA,NA,NA,NA
48,"binary",1,"Purely rule-based","RuleFit",TRUE,"AUC",0.852612299980721,9.33999999999992,NA,26,26,0,6,19,1,0,0,0.230769230769231,0.730769230769231,0.961538461538462,1.80769230769231
49,"binary",1,"Purely rule-based","BRP-GABLE full",TRUE,"AUC",0.804981452040276,98.0899999999999,NA,41,41,0,10,31,0,0,0,0.24390243902439,0.75609756097561,1,1.75609756097561
49,"binary",1,"Purely rule-based","BRP-GABLE rule-only",TRUE,"AUC",0.804981452040276,98.1399999999999,NA,43,43,0,12,31,0,0,0,0.27906976744186,0.720930232558139,1,1.72093023255814
49,"binary",1,"Purely rule-based","GABLE",TRUE,"AUC",0.828795707472178,2.05000000000018,NA,5,5,0,4,1,0,0,0,0.8,0.2,1,1.2
49,"binary",1,"Purely rule-based","GBM",TRUE,"AUC",0.82545045045045,0.0299999999999727,NA,NA,NA,NA,NA,NA,NA,NA,NA,NA,NA,NA,NA
49,"binary",1,"Purely rule-based","Linear",TRUE,"AUC",0.814454160042395,0,NA,20,0,20,20,0,0,0,0,1,0,1,1
49,"binary",1,"Purely rule-based","Random forest",TRUE,"AUC",0.824821144674086,0.169999999999845,NA,NA,NA,NA,NA,NA,NA,NA,NA,NA,NA,NA,NA
49,"binary",1,"Purely rule-based","RuleFit",TRUE,"AUC",0.860095389507154,10.74,NA,23,23,0,1,18,4,0,0,0.0434782608695652,0.782608695652174,0.826086956521739,2.1304347826087
50,"binary",1,"Purely rule-based","BRP-GABLE full",TRUE,"AUC",0.88712877624168,97.3299999999999,NA,36,36,0,7,29,0,0,0,0.194444444444444,0.805555555555556,1,1.80555555555556
50,"binary",1,"Purely rule-based","BRP-GABLE rule-only",TRUE,"AUC",0.88712877624168,97.3599999999999,NA,36,36,0,8,28,0,0,0,0.222222222222222,0.777777777777778,1,1.77777777777778
50,"binary",1,"Purely rule-based","GABLE",TRUE,"AUC",0.865751408090118,2.05999999999995,NA,4,4,0,3,1,0,0,0,0.75,0.25,1,1.25
50,"binary",1,"Purely rule-based","GBM",TRUE,"AUC",0.884024577572965,0.0299999999999727,NA,NA,NA,NA,NA,NA,NA,NA,NA,NA,NA,NA,NA
50,"binary",1,"Purely rule-based","Linear",TRUE,"AUC",0.865271377368152,0,NA,20,0,20,20,0,0,0,0,1,0,1,1
50,"binary",1,"Purely rule-based","Random forest",TRUE,"AUC",0.869719662058372,0.180000000000064,NA,NA,NA,NA,NA,NA,NA,NA,NA,NA,NA,NA,NA
50,"binary",1,"Purely rule-based","RuleFit",TRUE,"AUC",0.883128520225294,9.84000000000015,NA,19,19,0,4,15,0,0,0,0.210526315789474,0.789473684210526,1,1.78947368421053
51,"binary",1,"Purely rule-based","BRP-GABLE full",TRUE,"AUC",0.823890916074515,98.8700000000003,NA,34,34,0,7,27,0,0,0,0.205882352941176,0.794117647058823,1,1.79411764705882
51,"binary",1,"Purely rule-based","BRP-GABLE rule-only",TRUE,"AUC",0.823890916074515,98.8500000000001,NA,34,34,0,7,27,0,0,0,0.205882352941176,0.794117647058823,1,1.79411764705882
51,"binary",1,"Purely rule-based","GABLE",TRUE,"AUC",0.844920299596697,2.07999999999993,NA,5,5,0,5,0,0,0,0,1,0,1,1
51,"binary",1,"Purely rule-based","GBM",TRUE,"AUC",0.853082389091607,0.0399999999999636,NA,NA,NA,NA,NA,NA,NA,NA,NA,NA,NA,NA,NA
51,"binary",1,"Purely rule-based","Linear",TRUE,"AUC",0.77299788745919,0.00999999999999091,NA,20,0,20,20,0,0,0,0,1,0,1,1
51,"binary",1,"Purely rule-based","Random forest",TRUE,"AUC",0.832437103898598,0.150000000000091,NA,NA,NA,NA,NA,NA,NA,NA,NA,NA,NA,NA,NA
51,"binary",1,"Purely rule-based","RuleFit",TRUE,"AUC",0.844568209461622,9.3599999999999,NA,29,29,0,6,22,1,0,0,0.206896551724138,0.758620689655172,0.96551724137931,1.82758620689655
52,"binary",1,"Purely rule-based","BRP-GABLE full",TRUE,"AUC",0.81698633651934,100.75,NA,27,27,0,5,22,0,0,0,0.185185185185185,0.814814814814815,1,1.81481481481481
52,"binary",1,"Purely rule-based","BRP-GABLE rule-only",TRUE,"AUC",0.81698633651934,100.75,NA,27,27,0,5,22,0,0,0,0.185185185185185,0.814814814814815,1,1.81481481481481
52,"binary",1,"Purely rule-based","GABLE",TRUE,"AUC",0.815126050420168,2.20000000000005,NA,5,5,0,4,1,0,0,0,0.8,0.2,1,1.2
52,"binary",1,"Purely rule-based","GBM",TRUE,"AUC",0.818076849060235,0.0299999999999727,NA,NA,NA,NA,NA,NA,NA,NA,NA,NA,NA,NA,NA
52,"binary",1,"Purely rule-based","Linear",TRUE,"AUC",0.72948874206171,0,NA,20,0,20,20,0,0,0,0,1,0,1,1
52,"binary",1,"Purely rule-based","Random forest",TRUE,"AUC",0.791263070113542,0.159999999999854,NA,NA,NA,NA,NA,NA,NA,NA,NA,NA,NA,NA,NA
52,"binary",1,"Purely rule-based","RuleFit",TRUE,"AUC",0.813458207710565,10.0800000000002,NA,35,35,0,3,28,4,0,0,0.0857142857142857,0.8,0.885714285714286,2.02857142857143
53,"binary",1,"Purely rule-based","BRP-GABLE full",TRUE,"AUC",0.855126728110599,104.15,NA,26,26,0,5,21,0,0,0,0.192307692307692,0.807692307692308,1,1.80769230769231
53,"binary",1,"Purely rule-based","BRP-GABLE rule-only",TRUE,"AUC",0.855126728110599,104.27,NA,26,26,0,5,21,0,0,0,0.192307692307692,0.807692307692308,1,1.80769230769231
53,"binary",1,"Purely rule-based","GABLE",TRUE,"AUC",0.840245775729647,2.2800000000002,NA,5,5,0,5,0,0,0,0,1,0,1,1
53,"binary",1,"Purely rule-based","GBM",TRUE,"AUC",0.871991807475678,0.0299999999999727,NA,NA,NA,NA,NA,NA,NA,NA,NA,NA,NA,NA,NA
53,"binary",1,"Purely rule-based","Linear",TRUE,"AUC",0.826740911418331,0.00999999999999091,NA,20,0,20,20,0,0,0,0,1,0,1,1
53,"binary",1,"Purely rule-based","Random forest",TRUE,"AUC",0.857910906298003,0.159999999999854,NA,NA,NA,NA,NA,NA,NA,NA,NA,NA,NA,NA,NA
53,"binary",1,"Purely rule-based","RuleFit",TRUE,"AUC",0.845462109575013,9.82999999999993,NA,23,23,0,0,22,1,0,0,0,0.956521739130435,0.956521739130435,2.04347826086957
54,"binary",1,"Purely rule-based","BRP-GABLE full",TRUE,"AUC",0.866391449052739,93.4999999999998,NA,23,23,0,0,23,0,0,0,0,1,1,2
54,"binary",1,"Purely rule-based","BRP-GABLE rule-only",TRUE,"AUC",0.866231438812084,93.53,NA,22,22,0,0,22,0,0,0,0,1,1,2
54,"binary",1,"Purely rule-based","GABLE",TRUE,"AUC",0.828853046594982,1.83000000000015,NA,4,4,0,3,1,0,0,0,0.75,0.25,1,1.25
54,"binary",1,"Purely rule-based","GBM",TRUE,"AUC",0.845302099334357,0.0299999999999727,NA,NA,NA,NA,NA,NA,NA,NA,NA,NA,NA,NA,NA
54,"binary",1,"Purely rule-based","Linear",TRUE,"AUC",0.817012288786482,0,NA,20,0,20,20,0,0,0,0,1,0,1,1
54,"binary",1,"Purely rule-based","Random forest",TRUE,"AUC",0.842229902713774,0.169999999999845,NA,NA,NA,NA,NA,NA,NA,NA,NA,NA,NA,NA,NA
54,"binary",1,"Purely rule-based","RuleFit",TRUE,"AUC",0.859639016897081,9.61999999999989,NA,22,22,0,7,14,1,0,0,0.318181818181818,0.636363636363636,0.954545454545455,1.72727272727273
55,"binary",1,"Purely rule-based","BRP-GABLE full",TRUE,"AUC",0.851614770972723,101.13,NA,28,28,0,1,27,0,0,0,0.0357142857142857,0.964285714285714,1,1.96428571428571
55,"binary",1,"Purely rule-based","BRP-GABLE rule-only",TRUE,"AUC",0.851164436438497,101.12,NA,29,29,0,1,28,0,0,0,0.0344827586206897,0.96551724137931,1,1.96551724137931
55,"binary",1,"Purely rule-based","GABLE",TRUE,"AUC",0.838908903757077,2.30000000000018,NA,5,5,0,5,0,0,0,0,1,0,1,1
55,"binary",1,"Purely rule-based","GBM",TRUE,"AUC",0.848237261966032,0.00999999999999091,NA,NA,NA,NA,NA,NA,NA,NA,NA,NA,NA,NA,NA
55,"binary",1,"Purely rule-based","Linear",TRUE,"AUC",0.783131755018013,0,NA,20,0,20,20,0,0,0,0,1,0,1,1
55,"binary",1,"Purely rule-based","Random forest",TRUE,"AUC",0.860557128152342,0.159999999999854,NA,NA,NA,NA,NA,NA,NA,NA,NA,NA,NA,NA,NA
55,"binary",1,"Purely rule-based","RuleFit",TRUE,"AUC",0.843766083376222,10.53,NA,26,26,0,2,19,5,0,0,0.0769230769230769,0.730769230769231,0.807692307692308,2.11538461538462
56,"binary",1,"Purely rule-based","BRP-GABLE full",TRUE,"AUC",0.822246525990736,96.6099999999999,NA,38,38,0,10,28,0,0,0,0.263157894736842,0.736842105263158,1,1.73684210526316
56,"binary",1,"Purely rule-based","BRP-GABLE rule-only",TRUE,"AUC",0.822246525990736,96.5599999999999,NA,38,38,0,10,28,0,0,0,0.263157894736842,0.736842105263158,1,1.73684210526316
56,"binary",1,"Purely rule-based","GABLE",TRUE,"AUC",0.855378281008749,2.08000000000015,NA,5,5,0,5,0,0,0,0,1,0,1,1
56,"binary",1,"Purely rule-based","GBM",TRUE,"AUC",0.825270200720535,0.0299999999999727,NA,NA,NA,NA,NA,NA,NA,NA,NA,NA,NA,NA,NA
56,"binary",1,"Purely rule-based","Linear",TRUE,"AUC",0.780751415337108,0.0199999999999818,NA,20,0,20,20,0,0,0,0,1,0,1,1
56,"binary",1,"Purely rule-based","Random forest",TRUE,"AUC",0.804490478641276,0.149999999999864,NA,NA,NA,NA,NA,NA,NA,NA,NA,NA,NA,NA,NA
56,"binary",1,"Purely rule-based","RuleFit",TRUE,"AUC",0.821764024704066,9.65999999999985,NA,18,18,0,1,16,1,0,0,0.0555555555555556,0.888888888888889,0.944444444444444,2
57,"binary",1,"Purely rule-based","BRP-GABLE full",TRUE,"AUC",0.821609327951823,105.62,NA,19,19,0,0,19,0,0,0,0,1,1,2
57,"binary",1,"Purely rule-based","BRP-GABLE rule-only",TRUE,"AUC",0.821256967134346,105.63,NA,20,20,0,0,20,0,0,0,0,1,1,2
57,"binary",1,"Purely rule-based","GABLE",TRUE,"AUC",0.821224934332757,2.34999999999991,NA,5,5,0,4,1,0,0,0,0.8,0.2,1,1.2
57,"binary",1,"Purely rule-based","GBM",TRUE,"AUC",0.843359600230636,0.0299999999999727,NA,NA,NA,NA,NA,NA,NA,NA,NA,NA,NA,NA,NA
57,"binary",1,"Purely rule-based","Linear",TRUE,"AUC",0.793772823371132,0.0199999999999818,NA,20,0,20,20,0,0,0,0,1,0,1,1
57,"binary",1,"Purely rule-based","Random forest",TRUE,"AUC",0.828528413095009,0.150000000000091,NA,NA,NA,NA,NA,NA,NA,NA,NA,NA,NA,NA,NA
57,"binary",1,"Purely rule-based","RuleFit",TRUE,"AUC",0.842206419373438,11.1500000000001,NA,16,16,0,0,14,2,0,0,0,0.875,0.875,2.125
58,"binary",1,"Purely rule-based","BRP-GABLE full",TRUE,"AUC",0.86953460085782,102.74,NA,27,27,0,3,24,0,0,0,0.111111111111111,0.888888888888889,1,1.88888888888889
58,"binary",1,"Purely rule-based","BRP-GABLE rule-only",TRUE,"AUC",0.870302797516164,102.82,NA,30,30,0,5,25,0,0,0,0.166666666666667,0.833333333333333,1,1.83333333333333
58,"binary",1,"Purely rule-based","GABLE",TRUE,"AUC",0.844120094744255,2.25,NA,5,5,0,5,0,0,0,0,1,0,1,1
58,"binary",1,"Purely rule-based","GBM",TRUE,"AUC",0.85858779847641,0.0299999999999727,NA,NA,NA,NA,NA,NA,NA,NA,NA,NA,NA,NA,NA
58,"binary",1,"Purely rule-based","Linear",TRUE,"AUC",0.792458869470585,0.0199999999999818,NA,20,0,20,20,0,0,0,0,1,0,1,1
58,"binary",1,"Purely rule-based","Random forest",TRUE,"AUC",0.861724601497983,0.170000000000073,NA,NA,NA,NA,NA,NA,NA,NA,NA,NA,NA,NA,NA
58,"binary",1,"Purely rule-based","RuleFit",TRUE,"AUC",0.871711158056462,10.3900000000001,NA,30,30,0,1,27,2,0,0,0.0333333333333333,0.9,0.933333333333333,2.03333333333333
59,"binary",1,"Purely rule-based","BRP-GABLE full",TRUE,"AUC",0.883026493039964,108.71,NA,29,29,0,1,28,0,0,0,0.0344827586206897,0.96551724137931,1,1.96551724137931
59,"binary",1,"Purely rule-based","BRP-GABLE rule-only",TRUE,"AUC",0.883026493039964,108.71,NA,29,29,0,1,28,0,0,0,0.0344827586206897,0.96551724137931,1,1.96551724137931
59,"binary",1,"Purely rule-based","GABLE",TRUE,"AUC",0.853358137147989,2.15999999999985,NA,5,5,0,5,0,0,0,0,1,0,1,1
59,"binary",1,"Purely rule-based","GBM",TRUE,"AUC",0.881839758804285,0.0299999999999727,NA,NA,NA,NA,NA,NA,NA,NA,NA,NA,NA,NA,NA
59,"binary",1,"Purely rule-based","Linear",TRUE,"AUC",0.843222785297325,0.0199999999999818,NA,20,0,20,20,0,0,0,0,1,0,1,1
59,"binary",1,"Purely rule-based","Random forest",TRUE,"AUC",0.843030341907755,0.150000000000091,NA,NA,NA,NA,NA,NA,NA,NA,NA,NA,NA,NA,NA
59,"binary",1,"Purely rule-based","RuleFit",TRUE,"AUC",0.862916158829944,10.9200000000001,NA,21,21,0,0,21,0,0,0,0,1,1,2
60,"binary",1,"Purely rule-based","BRP-GABLE full",TRUE,"AUC",0.801556794157217,106.15,NA,24,24,0,4,20,0,0,0,0.166666666666667,0.833333333333333,1,1.83333333333333
60,"binary",1,"Purely rule-based","BRP-GABLE rule-only",TRUE,"AUC",0.80091613812544,106.11,NA,25,25,0,3,22,0,0,0,0.12,0.88,1,1.88
60,"binary",1,"Purely rule-based","GABLE",TRUE,"AUC",0.848645012492793,2.05999999999995,NA,5,5,0,5,0,0,0,0,1,0,1,1
60,"binary",1,"Purely rule-based","GBM",TRUE,"AUC",0.826254084182203,0.0299999999999727,NA,NA,NA,NA,NA,NA,NA,NA,NA,NA,NA,NA,NA
60,"binary",1,"Purely rule-based","Linear",TRUE,"AUC",0.743609456083029,0,NA,20,0,20,20,0,0,0,0,1,0,1,1
60,"binary",1,"Purely rule-based","Random forest",TRUE,"AUC",0.818117752578641,0.160000000000082,NA,NA,NA,NA,NA,NA,NA,NA,NA,NA,NA,NA,NA
60,"binary",1,"Purely rule-based","RuleFit",TRUE,"AUC",0.800948170927029,10.3,NA,18,18,0,1,16,1,0,0,0.0555555555555556,0.888888888888889,0.944444444444444,2
61,"binary",1,"Purely rule-based","BRP-GABLE full",TRUE,"AUC",0.811072,102.88,NA,29,29,0,7,22,0,0,0,0.241379310344828,0.758620689655172,1,1.75862068965517
61,"binary",1,"Purely rule-based","BRP-GABLE rule-only",TRUE,"AUC",0.811072,102.87,NA,29,29,0,7,22,0,0,0,0.241379310344828,0.758620689655172,1,1.75862068965517
61,"binary",1,"Purely rule-based","GABLE",TRUE,"AUC",0.83344,2.13999999999987,NA,5,5,0,5,0,0,0,0,1,0,1,1
61,"binary",1,"Purely rule-based","GBM",TRUE,"AUC",0.81696,0.0299999999999727,NA,NA,NA,NA,NA,NA,NA,NA,NA,NA,NA,NA,NA
61,"binary",1,"Purely rule-based","Linear",TRUE,"AUC",0.754432,0,NA,20,0,20,20,0,0,0,0,1,0,1,1
61,"binary",1,"Purely rule-based","Random forest",TRUE,"AUC",0.820288,0.170000000000073,NA,NA,NA,NA,NA,NA,NA,NA,NA,NA,NA,NA,NA
61,"binary",1,"Purely rule-based","RuleFit",TRUE,"AUC",0.822016,10.3600000000001,NA,22,22,0,0,18,4,0,0,0,0.818181818181818,0.818181818181818,2.18181818181818
62,"binary",1,"Purely rule-based","BRP-GABLE full",TRUE,"AUC",0.837852564102564,97.5099999999998,NA,29,29,0,4,25,0,0,0,0.137931034482759,0.862068965517241,1,1.86206896551724
62,"binary",1,"Purely rule-based","BRP-GABLE rule-only",TRUE,"AUC",0.837596153846154,97.5099999999998,NA,29,29,0,4,25,0,0,0,0.137931034482759,0.862068965517241,1,1.86206896551724
62,"binary",1,"Purely rule-based","GABLE",TRUE,"AUC",0.837115384615385,1.91000000000008,NA,5,5,0,5,0,0,0,0,1,0,1,1
62,"binary",1,"Purely rule-based","GBM",TRUE,"AUC",0.828846153846154,0.0200000000002092,NA,NA,NA,NA,NA,NA,NA,NA,NA,NA,NA,NA,NA
62,"binary",1,"Purely rule-based","Linear",TRUE,"AUC",0.773141025641026,0.0199999999999818,NA,20,0,20,20,0,0,0,0,1,0,1,1
62,"binary",1,"Purely rule-based","Random forest",TRUE,"AUC",0.832435897435897,0.149999999999864,NA,NA,NA,NA,NA,NA,NA,NA,NA,NA,NA,NA,NA
62,"binary",1,"Purely rule-based","RuleFit",TRUE,"AUC",0.846794871794872,9.77999999999997,NA,23,23,0,5,18,0,0,0,0.217391304347826,0.782608695652174,1,1.78260869565217
63,"binary",1,"Purely rule-based","BRP-GABLE full",TRUE,"AUC",0.874463450573387,98.01,NA,27,27,0,1,26,0,0,0,0.037037037037037,0.962962962962963,1,1.96296296296296
63,"binary",1,"Purely rule-based","BRP-GABLE rule-only",TRUE,"AUC",0.874463450573387,97.98,NA,27,27,0,1,26,0,0,0,0.037037037037037,0.962962962962963,1,1.96296296296296
63,"binary",1,"Purely rule-based","GABLE",TRUE,"AUC",0.841661861746428,2.09999999999991,NA,5,5,0,5,0,0,0,0,1,0,1,1
63,"binary",1,"Purely rule-based","GBM",TRUE,"AUC",0.861490165929912,0.0199999999999818,NA,NA,NA,NA,NA,NA,NA,NA,NA,NA,NA,NA,NA
63,"binary",1,"Purely rule-based","Linear",TRUE,"AUC",0.780126849894292,0.0199999999999818,NA,20,0,20,20,0,0,0,0,1,0,1,1
63,"binary",1,"Purely rule-based","Random forest",TRUE,"AUC",0.860529181882247,0.150000000000091,NA,NA,NA,NA,NA,NA,NA,NA,NA,NA,NA,NA,NA
63,"binary",1,"Purely rule-based","RuleFit",TRUE,"AUC",0.864148888461785,10,NA,31,31,0,1,28,2,0,0,0.032258064516129,0.903225806451613,0.935483870967742,2.03225806451613
64,"binary",1,"Purely rule-based","BRP-GABLE full",TRUE,"AUC",0.86176282051282,102.94,NA,35,35,0,9,26,0,0,0,0.257142857142857,0.742857142857143,1,1.74285714285714
64,"binary",1,"Purely rule-based","BRP-GABLE rule-only",TRUE,"AUC",0.857852564102564,103.16,NA,30,30,0,6,24,0,0,0,0.2,0.8,1,1.8
64,"binary",1,"Purely rule-based","GABLE",TRUE,"AUC",0.850929487179487,2.03999999999996,NA,5,5,0,5,0,0,0,0,1,0,1,1
64,"binary",1,"Purely rule-based","GBM",TRUE,"AUC",0.884230769230769,0.0299999999999727,NA,NA,NA,NA,NA,NA,NA,NA,NA,NA,NA,NA,NA
64,"binary",1,"Purely rule-based","Linear",TRUE,"AUC",0.813397435897436,0,NA,20,0,20,20,0,0,0,0,1,0,1,1
64,"binary",1,"Purely rule-based","Random forest",TRUE,"AUC",0.878653846153846,0.150000000000091,NA,NA,NA,NA,NA,NA,NA,NA,NA,NA,NA,NA,NA
64,"binary",1,"Purely rule-based","RuleFit",TRUE,"AUC",0.868525641025641,10.8699999999999,NA,33,33,0,1,30,2,0,0,0.0303030303030303,0.909090909090909,0.939393939393939,2.03030303030303
65,"binary",1,"Purely rule-based","BRP-GABLE full",TRUE,"AUC",0.869879672299027,97.1399999999999,NA,37,37,0,7,30,0,0,0,0.189189189189189,0.810810810810811,1,1.81081081081081
65,"binary",1,"Purely rule-based","BRP-GABLE rule-only",TRUE,"AUC",0.86997567844342,97.1700000000001,NA,36,36,0,6,30,0,0,0,0.166666666666667,0.833333333333333,1,1.83333333333333
65,"binary",1,"Purely rule-based","GABLE",TRUE,"AUC",0.859639016897081,1.87000000000012,NA,5,5,0,4,1,0,0,0,0.8,0.2,1,1.2
65,"binary",1,"Purely rule-based","GBM",TRUE,"AUC",0.85663082437276,0.0199999999999818,NA,NA,NA,NA,NA,NA,NA,NA,NA,NA,NA,NA,NA
65,"binary",1,"Purely rule-based","Linear",TRUE,"AUC",0.820340501792115,0.00999999999999091,NA,20,0,20,20,0,0,0,0,1,0,1,1
65,"binary",1,"Purely rule-based","Random forest",TRUE,"AUC",0.869143625192012,0.169999999999845,NA,NA,NA,NA,NA,NA,NA,NA,NA,NA,NA,NA,NA
65,"binary",1,"Purely rule-based","RuleFit",TRUE,"AUC",0.873143881208397,9.8599999999999,NA,28,28,0,4,22,2,0,0,0.142857142857143,0.785714285714286,0.928571428571429,1.92857142857143
66,"binary",1,"Purely rule-based","BRP-GABLE full",TRUE,"AUC",0.863389027591063,102.09,NA,35,35,0,5,30,0,0,0,0.142857142857143,0.857142857142857,1,1.85714285714286
66,"binary",1,"Purely rule-based","BRP-GABLE rule-only",TRUE,"AUC",0.863389027591063,102.19,NA,35,35,0,5,30,0,0,0,0.142857142857143,0.857142857142857,1,1.85714285714286
66,"binary",1,"Purely rule-based","GABLE",TRUE,"AUC",0.840951283528583,2.46000000000004,NA,5,5,0,5,0,0,0,0,1,0,1,1
66,"binary",1,"Purely rule-based","GBM",TRUE,"AUC",0.860700339286857,0.0299999999999727,NA,NA,NA,NA,NA,NA,NA,NA,NA,NA,NA,NA,NA
66,"binary",1,"Purely rule-based","Linear",TRUE,"AUC",0.808911081236797,0.0199999999999818,NA,20,0,20,20,0,0,0,0,1,0,1,1
66,"binary",1,"Purely rule-based","Random forest",TRUE,"AUC",0.838134562447987,0.149999999999864,NA,NA,NA,NA,NA,NA,NA,NA,NA,NA,NA,NA,NA
66,"binary",1,"Purely rule-based","RuleFit",TRUE,"AUC",0.873375584149542,10.6900000000001,NA,23,23,0,2,19,2,0,0,0.0869565217391304,0.826086956521739,0.91304347826087,2
67,"binary",1,"Purely rule-based","BRP-GABLE full",TRUE,"AUC",0.836118046219832,102.05,NA,30,30,0,3,27,0,0,0,0.1,0.9,1,1.9
67,"binary",1,"Purely rule-based","BRP-GABLE rule-only",TRUE,"AUC",0.834613661097241,102.09,NA,29,29,0,3,26,0,0,0,0.103448275862069,0.896551724137931,1,1.89655172413793
67,"binary",1,"Purely rule-based","GABLE",TRUE,"AUC",0.717463670699699,1.95000000000005,NA,4,4,0,3,1,0,0,0,0.75,0.25,1,1.25
67,"binary",1,"Purely rule-based","GBM",TRUE,"AUC",0.803725753792971,0.0199999999999818,NA,NA,NA,NA,NA,NA,NA,NA,NA,NA,NA,NA,NA
67,"binary",1,"Purely rule-based","Linear",TRUE,"AUC",0.759810511490942,0.00999999999999091,NA,20,0,20,20,0,0,0,0,1,0,1,1
67,"binary",1,"Purely rule-based","Random forest",TRUE,"AUC",0.808687023878113,0.160000000000082,NA,NA,NA,NA,NA,NA,NA,NA,NA,NA,NA,NA,NA
67,"binary",1,"Purely rule-based","RuleFit",TRUE,"AUC",0.805902310991614,11.0899999999999,NA,15,15,0,1,14,0,0,0,0.0666666666666667,0.933333333333333,1,1.93333333333333
68,"binary",1,"Purely rule-based","BRP-GABLE full",TRUE,"AUC",0.848773143699148,111.26,NA,33,33,0,10,23,0,0,0,0.303030303030303,0.696969696969697,1,1.6969696969697
68,"binary",1,"Purely rule-based","BRP-GABLE rule-only",TRUE,"AUC",0.848773143699148,111.26,NA,33,33,0,10,23,0,0,0,0.303030303030303,0.696969696969697,1,1.6969696969697
68,"binary",1,"Purely rule-based","GABLE",TRUE,"AUC",0.84351976423858,2.1400000000001,NA,5,5,0,5,0,0,0,0,1,0,1,1
68,"binary",1,"Purely rule-based","GBM",TRUE,"AUC",0.843936190659235,0.0299999999999727,NA,NA,NA,NA,NA,NA,NA,NA,NA,NA,NA,NA,NA
68,"binary",1,"Purely rule-based","Linear",TRUE,"AUC",0.783137933243641,0,NA,20,0,20,20,0,0,0,0,1,0,1,1
68,"binary",1,"Purely rule-based","Random forest",TRUE,"AUC",0.845954257159331,0.179999999999836,NA,NA,NA,NA,NA,NA,NA,NA,NA,NA,NA,NA,NA
68,"binary",1,"Purely rule-based","RuleFit",TRUE,"AUC",0.854026523159716,11.9000000000001,NA,28,28,0,0,24,4,0,0,0,0.857142857142857,0.857142857142857,2.14285714285714
69,"binary",1,"Purely rule-based","BRP-GABLE full",TRUE,"AUC",0.805777148739063,100.37,NA,35,35,0,8,27,0,0,0,0.228571428571429,0.771428571428571,1,1.77142857142857
69,"binary",1,"Purely rule-based","BRP-GABLE rule-only",TRUE,"AUC",0.805777148739063,100.36,NA,35,35,0,8,27,0,0,0,0.228571428571429,0.771428571428571,1,1.77142857142857
69,"binary",1,"Purely rule-based","GABLE",TRUE,"AUC",0.765890375707669,2.02999999999997,NA,5,5,0,4,1,0,0,0,0.8,0.2,1,1.2
69,"binary",1,"Purely rule-based","GBM",TRUE,"AUC",0.783131755018013,0.0299999999999727,NA,NA,NA,NA,NA,NA,NA,NA,NA,NA,NA,NA,NA
69,"binary",1,"Purely rule-based","Linear",TRUE,"AUC",0.721178589809573,0.00999999999999091,NA,20,0,20,20,0,0,0,0,1,0,1,1
69,"binary",1,"Purely rule-based","Random forest",TRUE,"AUC",0.769718219248585,0.159999999999854,NA,NA,NA,NA,NA,NA,NA,NA,NA,NA,NA,NA,NA
69,"binary",1,"Purely rule-based","RuleFit",TRUE,"AUC",0.811631497683994,9.73000000000002,NA,30,30,0,1,25,4,0,0,0.0333333333333333,0.833333333333333,0.866666666666667,2.1
70,"binary",1,"Purely rule-based","BRP-GABLE full",TRUE,"AUC",0.888191598360656,106.63,NA,35,35,0,6,29,0,0,0,0.171428571428571,0.828571428571429,1,1.82857142857143
70,"binary",1,"Purely rule-based","BRP-GABLE rule-only",TRUE,"AUC",0.88812756147541,106.68,NA,33,33,0,6,27,0,0,0,0.181818181818182,0.818181818181818,1,1.81818181818182
70,"binary",1,"Purely rule-based","GABLE",TRUE,"AUC",0.85297131147541,2.22000000000003,NA,5,5,0,4,1,0,0,0,0.8,0.2,1,1.2
70,"binary",1,"Purely rule-based","GBM",TRUE,"AUC",0.86609887295082,0.0299999999999727,NA,NA,NA,NA,NA,NA,NA,NA,NA,NA,NA,NA,NA
70,"binary",1,"Purely rule-based","Linear",TRUE,"AUC",0.820760758196721,0.0199999999999818,NA,20,0,20,20,0,0,0,0,1,0,1,1
70,"binary",1,"Purely rule-based","Random forest",TRUE,"AUC",0.857133709016393,0.160000000000082,NA,NA,NA,NA,NA,NA,NA,NA,NA,NA,NA,NA,NA
70,"binary",1,"Purely rule-based","RuleFit",TRUE,"AUC",0.860911885245902,9.06999999999994,NA,20,20,0,3,17,0,0,0,0.15,0.85,1,1.85
71,"binary",1,"Purely rule-based","BRP-GABLE full",TRUE,"AUC",0.820096618357488,94.2899999999997,NA,27,27,0,1,26,0,0,0,0.037037037037037,0.962962962962963,1,1.96296296296296
71,"binary",1,"Purely rule-based","BRP-GABLE rule-only",TRUE,"AUC",0.820096618357488,94.3,NA,27,27,0,1,26,0,0,0,0.037037037037037,0.962962962962963,1,1.96296296296296
71,"binary",1,"Purely rule-based","GABLE",TRUE,"AUC",0.786537842190016,1.77999999999997,NA,4,4,0,3,1,0,0,0,0.75,0.25,1,1.25
71,"binary",1,"Purely rule-based","GBM",TRUE,"AUC",0.808309178743961,0.00999999999999091,NA,NA,NA,NA,NA,NA,NA,NA,NA,NA,NA,NA,NA
71,"binary",1,"Purely rule-based","Linear",TRUE,"AUC",0.765797101449275,0.0199999999999818,NA,20,0,20,20,0,0,0,0,1,0,1,1
71,"binary",1,"Purely rule-based","Random forest",TRUE,"AUC",0.791014492753623,0.180000000000064,NA,NA,NA,NA,NA,NA,NA,NA,NA,NA,NA,NA,NA
71,"binary",1,"Purely rule-based","RuleFit",TRUE,"AUC",0.836682769726248,11.03,NA,16,16,0,2,14,0,0,0,0.125,0.875,1,1.875
72,"binary",1,"Purely rule-based","BRP-GABLE full",TRUE,"AUC",0.845371736480852,92.9200000000001,NA,29,29,0,4,25,0,0,0,0.137931034482759,0.862068965517241,1,1.86206896551724
72,"binary",1,"Purely rule-based","BRP-GABLE rule-only",TRUE,"AUC",0.845371736480852,92.9000000000003,NA,29,29,0,4,25,0,0,0,0.137931034482759,0.862068965517241,1,1.86206896551724
72,"binary",1,"Purely rule-based","GABLE",TRUE,"AUC",0.860574764256848,2.17000000000007,NA,5,5,0,5,0,0,0,0,1,0,1,1
72,"binary",1,"Purely rule-based","GBM",TRUE,"AUC",0.835781640900635,0.0299999999999727,NA,NA,NA,NA,NA,NA,NA,NA,NA,NA,NA,NA,NA
72,"binary",1,"Purely rule-based","Linear",TRUE,"AUC",0.792930912823145,0.0199999999999818,NA,20,0,20,20,0,0,0,0,1,0,1,1
72,"binary",1,"Purely rule-based","Random forest",TRUE,"AUC",0.847167874783501,0.169999999999845,NA,NA,NA,NA,NA,NA,NA,NA,NA,NA,NA,NA,NA
72,"binary",1,"Purely rule-based","RuleFit",TRUE,"AUC",0.867214061196998,11.0799999999999,NA,24,24,0,2,21,1,0,0,0.0833333333333333,0.875,0.958333333333333,1.95833333333333
73,"binary",1,"Purely rule-based","BRP-GABLE full",TRUE,"AUC",0.819677938808374,107,NA,32,32,0,10,22,0,0,0,0.3125,0.6875,1,1.6875
73,"binary",1,"Purely rule-based","BRP-GABLE rule-only",TRUE,"AUC",0.819291465378422,107.05,NA,34,34,0,12,22,0,0,0,0.352941176470588,0.647058823529412,1,1.64705882352941
73,"binary",1,"Purely rule-based","GABLE",TRUE,"AUC",0.839806763285024,2.04999999999995,NA,5,5,0,5,0,0,0,0,1,0,1,1
73,"binary",1,"Purely rule-based","GBM",TRUE,"AUC",0.831690821256039,0.0399999999999636,NA,NA,NA,NA,NA,NA,NA,NA,NA,NA,NA,NA,NA
73,"binary",1,"Purely rule-based","Linear",TRUE,"AUC",0.742028985507246,0.00999999999999091,NA,20,0,20,20,0,0,0,0,1,0,1,1
73,"binary",1,"Purely rule-based","Random forest",TRUE,"AUC",0.812109500805153,0.150000000000091,NA,NA,NA,NA,NA,NA,NA,NA,NA,NA,NA,NA,NA
73,"binary",1,"Purely rule-based","RuleFit",TRUE,"AUC",0.814685990338164,10.55,NA,24,24,0,2,19,3,0,0,0.0833333333333333,0.791666666666667,0.875,2.04166666666667
74,"binary",1,"Purely rule-based","BRP-GABLE full",TRUE,"AUC",0.840503168811216,106.22,NA,13,13,0,0,13,0,0,0,0,1,1,2
74,"binary",1,"Purely rule-based","BRP-GABLE rule-only",TRUE,"AUC",0.840247103258434,106.47,NA,13,13,0,0,13,0,0,0,0,1,1,2
74,"binary",1,"Purely rule-based","GABLE",TRUE,"AUC",0.850937840087062,2.00999999999999,NA,5,5,0,4,1,0,0,0,0.8,0.2,1,1.2
74,"binary",1,"Purely rule-based","GBM",TRUE,"AUC",0.869598617246015,0.0500000000001819,NA,NA,NA,NA,NA,NA,NA,NA,NA,NA,NA,NA,NA
74,"binary",1,"Purely rule-based","Linear",TRUE,"AUC",0.762115101465975,0.00999999999999091,NA,20,0,20,20,0,0,0,0,1,0,1,1
74,"binary",1,"Purely rule-based","Random forest",TRUE,"AUC",0.846328660136995,0.159999999999854,NA,NA,NA,NA,NA,NA,NA,NA,NA,NA,NA,NA,NA
74,"binary",1,"Purely rule-based","RuleFit",TRUE,"AUC",0.854810831572883,9.99000000000001,NA,14,14,0,0,13,1,0,0,0,0.928571428571429,0.928571428571429,2.07142857142857
75,"binary",1,"Purely rule-based","BRP-GABLE full",TRUE,"AUC",0.846102150537634,96.5800000000002,NA,28,28,0,0,28,0,0,0,0,1,1,2
75,"binary",1,"Purely rule-based","BRP-GABLE rule-only",TRUE,"AUC",0.846102150537634,96.6300000000001,NA,28,28,0,0,28,0,0,0,0,1,1,2
75,"binary",1,"Purely rule-based","GABLE",TRUE,"AUC",0.867255504352279,2.09000000000015,NA,5,5,0,4,1,0,0,0,0.8,0.2,1,1.2
75,"binary",1,"Purely rule-based","GBM",TRUE,"AUC",0.853046594982079,0.0199999999999818,NA,NA,NA,NA,NA,NA,NA,NA,NA,NA,NA,NA,NA
75,"binary",1,"Purely rule-based","Linear",TRUE,"AUC",0.840693804403482,0.00999999999999091,NA,20,0,20,20,0,0,0,0,1,0,1,1
75,"binary",1,"Purely rule-based","Random forest",TRUE,"AUC",0.826836917562724,0.169999999999845,NA,NA,NA,NA,NA,NA,NA,NA,NA,NA,NA,NA,NA
75,"binary",1,"Purely rule-based","RuleFit",TRUE,"AUC",0.813428059395801,9.93000000000006,NA,13,13,0,1,12,0,0,0,0.0769230769230769,0.923076923076923,1,1.92307692307692
76,"binary",1,"Purely rule-based","BRP-GABLE full",TRUE,"AUC",0.82639963880289,103.77,NA,32,32,0,7,25,0,0,0,0.21875,0.78125,1,1.78125
76,"binary",1,"Purely rule-based","BRP-GABLE rule-only",TRUE,"AUC",0.827334881320949,103.8,NA,34,34,0,8,26,0,0,0,0.235294117647059,0.764705882352941,1,1.76470588235294
76,"binary",1,"Purely rule-based","GABLE",TRUE,"AUC",0.837171052631579,2.19999999999982,NA,5,5,0,5,0,0,0,0,1,0,1,1
76,"binary",1,"Purely rule-based","GBM",TRUE,"AUC",0.849393704850361,0.0399999999999636,NA,NA,NA,NA,NA,NA,NA,NA,NA,NA,NA,NA,NA
76,"binary",1,"Purely rule-based","Linear",TRUE,"AUC",0.792827657378741,0,NA,20,0,20,20,0,0,0,0,1,0,1,1
76,"binary",1,"Purely rule-based","Random forest",TRUE,"AUC",0.834752321981424,0.170000000000073,NA,NA,NA,NA,NA,NA,NA,NA,NA,NA,NA,NA,NA
76,"binary",1,"Purely rule-based","RuleFit",TRUE,"AUC",0.854908410732714,9.81000000000017,NA,25,25,0,3,22,0,0,0,0.12,0.88,1,1.88
77,"binary",1,"Purely rule-based","BRP-GABLE full",TRUE,"AUC",0.870014723769285,104.91,NA,30,30,0,2,28,0,0,0,0.0666666666666667,0.933333333333333,1,1.93333333333333
77,"binary",1,"Purely rule-based","BRP-GABLE rule-only",TRUE,"AUC",0.870014723769285,105.16,NA,30,30,0,2,28,0,0,0,0.0666666666666667,0.933333333333333,1,1.93333333333333
77,"binary",1,"Purely rule-based","GABLE",TRUE,"AUC",0.865597592983804,2.01999999999998,NA,5,5,0,5,0,0,0,0,1,0,1,1
77,"binary",1,"Purely rule-based","GBM",TRUE,"AUC",0.867486076435568,0.00999999999999091,NA,NA,NA,NA,NA,NA,NA,NA,NA,NA,NA,NA,NA
77,"binary",1,"Purely rule-based","Linear",TRUE,"AUC",0.801229114653351,0.0199999999999818,NA,20,0,20,20,0,0,0,0,1,0,1,1
77,"binary",1,"Purely rule-based","Random forest",TRUE,"AUC",0.859291978746559,0.139999999999873,NA,NA,NA,NA,NA,NA,NA,NA,NA,NA,NA,NA,NA
77,"binary",1,"Purely rule-based","RuleFit",TRUE,"AUC",0.843832020997375,9.48000000000002,NA,20,20,0,2,18,0,0,0,0.1,0.9,1,1.9
78,"binary",1,"Purely rule-based","BRP-GABLE full",TRUE,"AUC",0.800097402597403,104.87,NA,35,35,0,14,21,0,0,0,0.4,0.6,1,1.6
78,"binary",1,"Purely rule-based","BRP-GABLE rule-only",TRUE,"AUC",0.798668831168831,104.89,NA,36,36,0,15,21,0,0,0,0.416666666666667,0.583333333333333,1,1.58333333333333
78,"binary",1,"Purely rule-based","GABLE",TRUE,"AUC",0.83775974025974,2.1099999999999,NA,5,5,0,5,0,0,0,0,1,0,1,1
78,"binary",1,"Purely rule-based","GBM",TRUE,"AUC",0.811883116883117,0.0199999999999818,NA,NA,NA,NA,NA,NA,NA,NA,NA,NA,NA,NA,NA
78,"binary",1,"Purely rule-based","Linear",TRUE,"AUC",0.745584415584416,0,NA,20,0,20,20,0,0,0,0,1,0,1,1
78,"binary",1,"Purely rule-based","Random forest",TRUE,"AUC",0.834318181818182,0.170000000000073,NA,NA,NA,NA,NA,NA,NA,NA,NA,NA,NA,NA,NA
78,"binary",1,"Purely rule-based","RuleFit",TRUE,"AUC",0.809448051948052,9.5,NA,20,20,0,5,15,0,0,0,0.25,0.75,1,1.75
79,"binary",1,"Purely rule-based","BRP-GABLE full",TRUE,"AUC",0.838185817805383,98.4299999999998,NA,32,32,0,4,28,0,0,0,0.125,0.875,1,1.875
79,"binary",1,"Purely rule-based","BRP-GABLE rule-only",TRUE,"AUC",0.838800465838509,98.5199999999998,NA,34,34,0,5,29,0,0,0,0.147058823529412,0.852941176470588,1,1.85294117647059
79,"binary",1,"Purely rule-based","GABLE",TRUE,"AUC",0.828416149068323,2.02999999999997,NA,5,5,0,4,1,0,0,0,0.8,0.2,1,1.2
79,"binary",1,"Purely rule-based","GBM",TRUE,"AUC",0.84277950310559,0.0199999999999818,NA,NA,NA,NA,NA,NA,NA,NA,NA,NA,NA,NA,NA
79,"binary",1,"Purely rule-based","Linear",TRUE,"AUC",0.80078933747412,0,NA,20,0,20,20,0,0,0,0,1,0,1,1
79,"binary",1,"Purely rule-based","Random forest",TRUE,"AUC",0.833786231884058,0.170000000000073,NA,NA,NA,NA,NA,NA,NA,NA,NA,NA,NA,NA,NA
79,"binary",1,"Purely rule-based","RuleFit",TRUE,"AUC",0.834142080745342,9.1400000000001,NA,30,30,0,4,25,1,0,0,0.133333333333333,0.833333333333333,0.966666666666667,1.9
80,"binary",1,"Purely rule-based","BRP-GABLE full",TRUE,"AUC",0.80474358974359,106.92,NA,35,35,0,3,32,0,0,0,0.0857142857142857,0.914285714285714,1,1.91428571428571
80,"binary",1,"Purely rule-based","BRP-GABLE rule-only",TRUE,"AUC",0.80448717948718,107.05,NA,35,35,0,3,32,0,0,0,0.0857142857142857,0.914285714285714,1,1.91428571428571
80,"binary",1,"Purely rule-based","GABLE",TRUE,"AUC",0.773782051282051,3.91999999999985,NA,5,5,0,4,1,0,0,0,0.8,0.2,1,1.2
80,"binary",1,"Purely rule-based","GBM",TRUE,"AUC",0.813846153846154,0.0299999999999727,NA,NA,NA,NA,NA,NA,NA,NA,NA,NA,NA,NA,NA
80,"binary",1,"Purely rule-based","Linear",TRUE,"AUC",0.770705128205128,0,NA,20,0,20,20,0,0,0,0,1,0,1,1
80,"binary",1,"Purely rule-based","Random forest",TRUE,"AUC",0.813076923076923,0.170000000000073,NA,NA,NA,NA,NA,NA,NA,NA,NA,NA,NA,NA,NA
80,"binary",1,"Purely rule-based","RuleFit",TRUE,"AUC",0.816794871794872,10.8800000000001,NA,23,23,0,0,20,3,0,0,0,0.869565217391304,0.869565217391304,2.1304347826087
81,"binary",1,"Purely rule-based","BRP-GABLE full",TRUE,"AUC",0.866975130133025,91.3600000000001,NA,24,24,0,3,21,0,0,0,0.125,0.875,1,1.875
81,"binary",1,"Purely rule-based","BRP-GABLE rule-only",TRUE,"AUC",0.867489235910288,91.3800000000003,NA,25,25,0,2,23,0,0,0,0.08,0.92,1,1.92
81,"binary",1,"Purely rule-based","GABLE",TRUE,"AUC",0.819195424458582,2.25,NA,4,4,0,3,1,0,0,0,0.75,0.25,1,1.25
81,"binary",1,"Purely rule-based","GBM",TRUE,"AUC",0.843647580489686,0.0299999999999727,NA,NA,NA,NA,NA,NA,NA,NA,NA,NA,NA,NA,NA
81,"binary",1,"Purely rule-based","Linear",TRUE,"AUC",0.7840113103271,0,NA,20,0,20,20,0,0,0,0,1,0,1,1
81,"binary",1,"Purely rule-based","Random forest",TRUE,"AUC",0.847567637041321,0.159999999999854,NA,NA,NA,NA,NA,NA,NA,NA,NA,NA,NA,NA,NA
81,"binary",1,"Purely rule-based","RuleFit",TRUE,"AUC",0.848627980206928,9.5,NA,19,19,0,2,17,0,0,0,0.105263157894737,0.894736842105263,1,1.89473684210526
82,"binary",1,"Purely rule-based","BRP-GABLE full",TRUE,"AUC",0.829449152542373,93.1800000000001,NA,28,28,0,0,28,0,0,0,0,1,1,2
82,"binary",1,"Purely rule-based","BRP-GABLE rule-only",TRUE,"AUC",0.829449152542373,93.1899999999998,NA,28,28,0,0,28,0,0,0,0,1,1,2
82,"binary",1,"Purely rule-based","GABLE",TRUE,"AUC",0.797316384180791,2.08000000000015,NA,5,5,0,4,1,0,0,0,0.8,0.2,1,1.2
82,"binary",1,"Purely rule-based","GBM",TRUE,"AUC",0.839560862865948,0.0299999999999727,NA,NA,NA,NA,NA,NA,NA,NA,NA,NA,NA,NA,NA
82,"binary",1,"Purely rule-based","Linear",TRUE,"AUC",0.790382639958911,0.0200000000002092,NA,20,0,20,20,0,0,0,0,1,0,1,1
82,"binary",1,"Purely rule-based","Random forest",TRUE,"AUC",0.832145608628659,0.149999999999864,NA,NA,NA,NA,NA,NA,NA,NA,NA,NA,NA,NA,NA
82,"binary",1,"Purely rule-based","RuleFit",TRUE,"AUC",0.833333333333333,9.43999999999983,NA,20,20,0,2,18,0,0,0,0.1,0.9,1,1.9
83,"binary",1,"Purely rule-based","BRP-GABLE full",TRUE,"AUC",0.881176926555132,97.7200000000003,NA,34,34,0,5,29,0,0,0,0.147058823529412,0.852941176470588,1,1.85294117647059
83,"binary",1,"Purely rule-based","BRP-GABLE rule-only",TRUE,"AUC",0.881176926555132,97.75,NA,34,34,0,5,29,0,0,0,0.147058823529412,0.852941176470588,1,1.85294117647059
83,"binary",1,"Purely rule-based","GABLE",TRUE,"AUC",0.876849040759641,2.07999999999993,NA,5,5,0,5,0,0,0,0,1,0,1,1
83,"binary",1,"Purely rule-based","GBM",TRUE,"AUC",0.868613138686131,0.0300000000002001,NA,NA,NA,NA,NA,NA,NA,NA,NA,NA,NA,NA,NA
83,"binary",1,"Purely rule-based","Linear",TRUE,"AUC",0.811833860861701,0,NA,20,0,20,20,0,0,0,0,1,0,1,1
83,"binary",1,"Purely rule-based","Random forest",TRUE,"AUC",0.878819197726245,0.159999999999854,NA,NA,NA,NA,NA,NA,NA,NA,NA,NA,NA,NA,NA
83,"binary",1,"Purely rule-based","RuleFit",TRUE,"AUC",0.887087397454945,9.95000000000027,NA,20,20,0,1,17,2,0,0,0.05,0.85,0.9,2.05
84,"binary",1,"Purely rule-based","BRP-GABLE full",TRUE,"AUC",0.895877239199157,99.1299999999999,NA,33,33,0,8,25,0,0,0,0.242424242424242,0.757575757575758,1,1.75757575757576
84,"binary",1,"Purely rule-based","BRP-GABLE rule-only",TRUE,"AUC",0.895613804004215,99.1600000000001,NA,33,33,0,8,25,0,0,0,0.242424242424242,0.757575757575758,1,1.75757575757576
84,"binary",1,"Purely rule-based","GABLE",TRUE,"AUC",0.848327186512118,2.05000000000018,NA,5,5,0,4,1,0,0,0,0.8,0.2,1,1.2
84,"binary",1,"Purely rule-based","GBM",TRUE,"AUC",0.91109062170706,0.0299999999997453,NA,NA,NA,NA,NA,NA,NA,NA,NA,NA,NA,NA,NA
84,"binary",1,"Purely rule-based","Linear",TRUE,"AUC",0.847207586933614,0,NA,20,0,20,20,0,0,0,0,1,0,1,1
84,"binary",1,"Purely rule-based","Random forest",TRUE,"AUC",0.885504478398314,0.159999999999854,NA,NA,NA,NA,NA,NA,NA,NA,NA,NA,NA,NA,NA
84,"binary",1,"Purely rule-based","RuleFit",TRUE,"AUC",0.901442307692308,10.0700000000002,NA,24,24,0,4,18,2,0,0,0.166666666666667,0.75,0.916666666666667,1.91666666666667
85,"binary",1,"Purely rule-based","BRP-GABLE full",TRUE,"AUC",0.848416,101.03,NA,39,39,0,5,34,0,0,0,0.128205128205128,0.871794871794872,1,1.87179487179487
85,"binary",1,"Purely rule-based","BRP-GABLE rule-only",TRUE,"AUC",0.84768,101.02,NA,40,40,0,4,36,0,0,0,0.1,0.9,1,1.9
85,"binary",1,"Purely rule-based","GABLE",TRUE,"AUC",0.835872,2,NA,5,5,0,5,0,0,0,0,1,0,1,1
85,"binary",1,"Purely rule-based","GBM",TRUE,"AUC",0.829952,0.0199999999999818,NA,NA,NA,NA,NA,NA,NA,NA,NA,NA,NA,NA,NA
85,"binary",1,"Purely rule-based","Linear",TRUE,"AUC",0.79424,0.0100000000002183,NA,20,0,20,20,0,0,0,0,1,0,1,1
85,"binary",1,"Purely rule-based","Random forest",TRUE,"AUC",0.835584,0.139999999999873,NA,NA,NA,NA,NA,NA,NA,NA,NA,NA,NA,NA,NA
85,"binary",1,"Purely rule-based","RuleFit",TRUE,"AUC",0.846944,10.3400000000001,NA,16,16,0,1,14,1,0,0,0.0625,0.875,0.9375,2
86,"binary",1,"Purely rule-based","BRP-GABLE full",TRUE,"AUC",0.774171802773498,99.7,NA,38,38,0,11,27,0,0,0,0.289473684210526,0.710526315789474,1,1.71052631578947
86,"binary",1,"Purely rule-based","BRP-GABLE rule-only",TRUE,"AUC",0.774171802773498,99.7299999999998,NA,38,38,0,11,27,0,0,0,0.289473684210526,0.710526315789474,1,1.71052631578947
86,"binary",1,"Purely rule-based","GABLE",TRUE,"AUC",0.708590138674884,2.07999999999993,NA,4,4,0,3,1,0,0,0,0.75,0.25,1,1.25
86,"binary",1,"Purely rule-based","GBM",TRUE,"AUC",0.784797123780175,0.0300000000002001,NA,NA,NA,NA,NA,NA,NA,NA,NA,NA,NA,NA,NA
86,"binary",1,"Purely rule-based","Linear",TRUE,"AUC",0.755007704160247,0,NA,20,0,20,20,0,0,0,0,1,0,1,1
86,"binary",1,"Purely rule-based","Random forest",TRUE,"AUC",0.770448125321007,0.150000000000091,NA,NA,NA,NA,NA,NA,NA,NA,NA,NA,NA,NA,NA
86,"binary",1,"Purely rule-based","RuleFit",TRUE,"AUC",0.782678479712378,10.6399999999999,NA,35,35,0,0,30,5,0,0,0,0.857142857142857,0.857142857142857,2.14285714285714
87,"binary",1,"Purely rule-based","BRP-GABLE full",TRUE,"AUC",0.847561760164694,91.71,NA,22,22,0,0,22,0,0,0,0,1,1,2
87,"binary",1,"Purely rule-based","BRP-GABLE rule-only",TRUE,"AUC",0.847561760164694,91.7400000000002,NA,22,22,0,0,22,0,0,0,0,1,1,2
87,"binary",1,"Purely rule-based","GABLE",TRUE,"AUC",0.802882141019043,1.98000000000002,NA,4,4,0,3,1,0,0,0,0.75,0.25,1,1.25
87,"binary",1,"Purely rule-based","GBM",TRUE,"AUC",0.857501286670098,0.0199999999999818,NA,NA,NA,NA,NA,NA,NA,NA,NA,NA,NA,NA,NA
87,"binary",1,"Purely rule-based","Linear",TRUE,"AUC",0.797992794647452,0,NA,20,0,20,20,0,0,0,0,1,0,1,1
87,"binary",1,"Purely rule-based","Random forest",TRUE,"AUC",0.805712815234174,0.169999999999618,NA,NA,NA,NA,NA,NA,NA,NA,NA,NA,NA,NA,NA
87,"binary",1,"Purely rule-based","RuleFit",TRUE,"AUC",0.845020586721565,9.55000000000018,NA,20,20,0,2,17,1,0,0,0.1,0.85,0.95,1.95
88,"binary",1,"Purely rule-based","BRP-GABLE full",TRUE,"AUC",0.854572233606557,96.6100000000001,NA,36,36,0,1,35,0,0,0,0.0277777777777778,0.972222222222222,1,1.97222222222222
88,"binary",1,"Purely rule-based","BRP-GABLE rule-only",TRUE,"AUC",0.848680840163934,96.6099999999997,NA,38,38,0,1,37,0,0,0,0.0263157894736842,0.973684210526316,1,1.97368421052632
88,"binary",1,"Purely rule-based","GABLE",TRUE,"AUC",0.824378842213115,1.86000000000013,NA,4,4,0,3,1,0,0,0,0.75,0.25,1,1.25
88,"binary",1,"Purely rule-based","GBM",TRUE,"AUC",0.818839651639344,0.0300000000002001,NA,NA,NA,NA,NA,NA,NA,NA,NA,NA,NA,NA,NA
88,"binary",1,"Purely rule-based","Linear",TRUE,"AUC",0.754354508196721,0.0199999999999818,NA,20,0,20,20,0,0,0,0,1,0,1,1
88,"binary",1,"Purely rule-based","Random forest",TRUE,"AUC",0.848712858606557,0.149999999999636,NA,NA,NA,NA,NA,NA,NA,NA,NA,NA,NA,NA,NA
88,"binary",1,"Purely rule-based","RuleFit",TRUE,"AUC",0.861968493852459,9.92000000000007,NA,28,28,0,2,25,1,0,0,0.0714285714285714,0.892857142857143,0.964285714285714,1.96428571428571
89,"binary",1,"Purely rule-based","BRP-GABLE full",TRUE,"AUC",0.879418545081967,108.98,NA,27,26,1,7,20,0,0,0,0.259259259259259,0.740740740740741,1,1.74074074074074
89,"binary",1,"Purely rule-based","BRP-GABLE rule-only",TRUE,"AUC",0.878586065573771,109.01,NA,24,24,0,4,20,0,0,0,0.166666666666667,0.833333333333333,1,1.83333333333333
89,"binary",1,"Purely rule-based","GABLE",TRUE,"AUC",0.869332735655738,2.5,NA,5,5,0,5,0,0,0,0,1,0,1,1
89,"binary",1,"Purely rule-based","GBM",TRUE,"AUC",0.882300204918033,0.0299999999997453,NA,NA,NA,NA,NA,NA,NA,NA,NA,NA,NA,NA,NA
89,"binary",1,"Purely rule-based","Linear",TRUE,"AUC",0.825179303278688,0,NA,20,0,20,20,0,0,0,0,1,0,1,1
89,"binary",1,"Purely rule-based","Random forest",TRUE,"AUC",0.877657530737705,0.170000000000073,NA,NA,NA,NA,NA,NA,NA,NA,NA,NA,NA,NA,NA
89,"binary",1,"Purely rule-based","RuleFit",TRUE,"AUC",0.883773053278688,10.9700000000003,NA,25,25,0,1,24,0,0,0,0.04,0.96,1,1.96
90,"binary",1,"Purely rule-based","BRP-GABLE full",TRUE,"AUC",0.824075853674162,88.9400000000001,NA,38,38,0,2,36,0,0,0,0.0526315789473684,0.947368421052632,1,1.94736842105263
90,"binary",1,"Purely rule-based","BRP-GABLE rule-only",TRUE,"AUC",0.824075853674162,88.9500000000003,NA,38,38,0,2,36,0,0,0,0.0526315789473684,0.947368421052632,1,1.94736842105263
90,"binary",1,"Purely rule-based","GABLE",TRUE,"AUC",0.872413351271702,2.31999999999971,NA,5,5,0,5,0,0,0,0,1,0,1,1
90,"binary",1,"Purely rule-based","GBM",TRUE,"AUC",0.841822025754372,0.0199999999999818,NA,NA,NA,NA,NA,NA,NA,NA,NA,NA,NA,NA,NA
90,"binary",1,"Purely rule-based","Linear",TRUE,"AUC",0.734255878019092,0.0100000000002183,NA,20,0,20,20,0,0,0,0,1,0,1,1
90,"binary",1,"Purely rule-based","Random forest",TRUE,"AUC",0.790793772823371,0.190000000000055,NA,NA,NA,NA,NA,NA,NA,NA,NA,NA,NA,NA,NA
90,"binary",1,"Purely rule-based","RuleFit",TRUE,"AUC",0.833397398936511,13.7200000000003,NA,18,18,0,4,13,1,0,0,0.222222222222222,0.722222222222222,0.944444444444444,1.83333333333333
91,"binary",1,"Purely rule-based","BRP-GABLE full",TRUE,"AUC",0.807707355242567,109.63,NA,47,47,0,12,35,0,0,0,0.25531914893617,0.74468085106383,1,1.74468085106383
91,"binary",1,"Purely rule-based","BRP-GABLE rule-only",TRUE,"AUC",0.807185706833594,109.66,NA,47,47,0,11,36,0,0,0,0.234042553191489,0.765957446808511,1,1.76595744680851
91,"binary",1,"Purely rule-based","GABLE",TRUE,"AUC",0.810217788210746,2.16999999999962,NA,5,5,0,5,0,0,0,0,1,0,1,1
91,"binary",1,"Purely rule-based","GBM",TRUE,"AUC",0.838549817423057,0.0300000000002001,NA,NA,NA,NA,NA,NA,NA,NA,NA,NA,NA,NA,NA
91,"binary",1,"Purely rule-based","Linear",TRUE,"AUC",0.776212832550861,0,NA,20,0,20,20,0,0,0,0,1,0,1,1
91,"binary",1,"Purely rule-based","Random forest",TRUE,"AUC",0.82684533124674,0.170000000000073,NA,NA,NA,NA,NA,NA,NA,NA,NA,NA,NA,NA,NA
91,"binary",1,"Purely rule-based","RuleFit",TRUE,"AUC",0.820063901930099,11.2400000000002,NA,23,23,0,0,21,2,0,0,0,0.91304347826087,0.91304347826087,2.08695652173913
92,"binary",1,"Purely rule-based","BRP-GABLE full",TRUE,"AUC",0.887968669748331,97.8300000000004,NA,34,34,0,11,23,0,0,0,0.323529411764706,0.676470588235294,1,1.67647058823529
92,"binary",1,"Purely rule-based","BRP-GABLE rule-only",TRUE,"AUC",0.888321777092964,97.8900000000003,NA,32,32,0,8,24,0,0,0,0.25,0.75,1,1.75
92,"binary",1,"Purely rule-based","GABLE",TRUE,"AUC",0.872367745249101,2.35999999999967,NA,5,5,0,5,0,0,0,0,1,0,1,1
92,"binary",1,"Purely rule-based","GBM",TRUE,"AUC",0.881420133538778,0.0300000000002001,NA,NA,NA,NA,NA,NA,NA,NA,NA,NA,NA,NA,NA
92,"binary",1,"Purely rule-based","Linear",TRUE,"AUC",0.796738572162301,0,NA,20,0,20,20,0,0,0,0,1,0,1,1
92,"binary",1,"Purely rule-based","Random forest",TRUE,"AUC",0.860939907550077,0.170000000000073,NA,NA,NA,NA,NA,NA,NA,NA,NA,NA,NA,NA,NA
92,"binary",1,"Purely rule-based","RuleFit",TRUE,"AUC",0.895159219311762,9.97000000000025,NA,31,31,0,4,26,1,0,0,0.129032258064516,0.838709677419355,0.967741935483871,1.90322580645161
93,"binary",1,"Purely rule-based","BRP-GABLE full",TRUE,"AUC",0.812980276639344,111.92,NA,31,31,0,5,26,0,0,0,0.161290322580645,0.838709677419355,1,1.83870967741935
93,"binary",1,"Purely rule-based","BRP-GABLE rule-only",TRUE,"AUC",0.813748719262295,111.94,NA,31,31,0,5,26,0,0,0,0.161290322580645,0.838709677419355,1,1.83870967741935
93,"binary",1,"Purely rule-based","GABLE",TRUE,"AUC",0.84266137295082,2.28999999999996,NA,5,5,0,5,0,0,0,0,1,0,1,1
93,"binary",1,"Purely rule-based","GBM",TRUE,"AUC",0.833952356557377,0.0299999999997453,NA,NA,NA,NA,NA,NA,NA,NA,NA,NA,NA,NA,NA
93,"binary",1,"Purely rule-based","Linear",TRUE,"AUC",0.742315573770492,0,NA,20,0,20,20,0,0,0,0,1,0,1,1
93,"binary",1,"Purely rule-based","Random forest",TRUE,"AUC",0.794473616803279,0.190000000000055,NA,NA,NA,NA,NA,NA,NA,NA,NA,NA,NA,NA,NA
93,"binary",1,"Purely rule-based","RuleFit",TRUE,"AUC",0.805744108606557,11.79,NA,27,27,0,2,23,2,0,0,0.0740740740740741,0.851851851851852,0.925925925925926,2
94,"binary",1,"Purely rule-based","BRP-GABLE full",TRUE,"AUC",0.898128078817734,107.11,NA,25,25,0,3,22,0,0,0,0.12,0.88,1,1.88
94,"binary",1,"Purely rule-based","BRP-GABLE rule-only",TRUE,"AUC",0.898128078817734,107.07,NA,25,25,0,3,22,0,0,0,0.12,0.88,1,1.88
94,"binary",1,"Purely rule-based","GABLE",TRUE,"AUC",0.860426929392447,2.23000000000002,NA,5,5,0,5,0,0,0,0,1,0,1,1
94,"binary",1,"Purely rule-based","GBM",TRUE,"AUC",0.902200328407225,0.0299999999997453,NA,NA,NA,NA,NA,NA,NA,NA,NA,NA,NA,NA,NA
94,"binary",1,"Purely rule-based","Linear",TRUE,"AUC",0.861215106732348,0,NA,20,0,20,20,0,0,0,0,1,0,1,1
94,"binary",1,"Purely rule-based","Random forest",TRUE,"AUC",0.893169129720854,0.190000000000055,NA,NA,NA,NA,NA,NA,NA,NA,NA,NA,NA,NA,NA
94,"binary",1,"Purely rule-based","RuleFit",TRUE,"AUC",0.895270935960591,11.71,NA,30,30,0,0,29,1,0,0,0,0.966666666666667,0.966666666666667,2.03333333333333
95,"binary",1,"Purely rule-based","BRP-GABLE full",TRUE,"AUC",0.85582036004869,112.2,NA,37,37,0,10,27,0,0,0,0.27027027027027,0.72972972972973,1,1.72972972972973
95,"binary",1,"Purely rule-based","BRP-GABLE rule-only",TRUE,"AUC",0.85582036004869,112.25,NA,37,37,0,10,27,0,0,0,0.27027027027027,0.72972972972973,1,1.72972972972973
95,"binary",1,"Purely rule-based","GABLE",TRUE,"AUC",0.844032289064002,2.05999999999995,NA,5,5,0,5,0,0,0,0,1,0,1,1
95,"binary",1,"Purely rule-based","GBM",TRUE,"AUC",0.863860593247485,0.0300000000002001,NA,NA,NA,NA,NA,NA,NA,NA,NA,NA,NA,NA,NA
95,"binary",1,"Purely rule-based","Linear",TRUE,"AUC",0.809020436927414,0,NA,20,0,20,20,0,0,0,0,1,0,1,1
95,"binary",1,"Purely rule-based","Random forest",TRUE,"AUC",0.848548914088026,0.159999999999854,NA,NA,NA,NA,NA,NA,NA,NA,NA,NA,NA,NA,NA
95,"binary",1,"Purely rule-based","RuleFit",TRUE,"AUC",0.88830162085976,12.0799999999999,NA,29,29,0,2,27,0,0,0,0.0689655172413793,0.931034482758621,1,1.93103448275862
96,"binary",1,"Purely rule-based","BRP-GABLE full",TRUE,"AUC",0.860849509898136,115.1,NA,45,45,0,7,38,0,0,0,0.155555555555556,0.844444444444444,1,1.84444444444444
96,"binary",1,"Purely rule-based","BRP-GABLE rule-only",TRUE,"AUC",0.860849509898136,115.13,NA,45,45,0,7,38,0,0,0,0.155555555555556,0.844444444444444,1,1.84444444444444
96,"binary",1,"Purely rule-based","GABLE",TRUE,"AUC",0.83288487411109,1.98000000000002,NA,5,5,0,4,1,0,0,0,0.8,0.2,1,1.2
96,"binary",1,"Purely rule-based","GBM",TRUE,"AUC",0.839835992055865,0.0199999999999818,NA,NA,NA,NA,NA,NA,NA,NA,NA,NA,NA,NA,NA
96,"binary",1,"Purely rule-based","Linear",TRUE,"AUC",0.761675956179127,0.0199999999999818,NA,20,0,20,20,0,0,0,0,1,0,1,1
96,"binary",1,"Purely rule-based","Random forest",TRUE,"AUC",0.831475430841181,0.170000000000073,NA,NA,NA,NA,NA,NA,NA,NA,NA,NA,NA,NA,NA
96,"binary",1,"Purely rule-based","RuleFit",TRUE,"AUC",0.843583829841758,10.2399999999998,NA,28,28,0,6,20,2,0,0,0.214285714285714,0.714285714285714,0.928571428571429,1.85714285714286
97,"binary",1,"Purely rule-based","BRP-GABLE full",TRUE,"AUC",0.881987577639752,107.61,NA,27,27,0,4,23,0,0,0,0.148148148148148,0.851851851851852,1,1.85185185185185
97,"binary",1,"Purely rule-based","BRP-GABLE rule-only",TRUE,"AUC",0.881987577639752,107.64,NA,27,27,0,4,23,0,0,0,0.148148148148148,0.851851851851852,1,1.85185185185185
97,"binary",1,"Purely rule-based","GABLE",TRUE,"AUC",0.825569358178054,2.05000000000018,NA,4,4,0,2,2,0,0,0,0.5,0.5,1,1.5
97,"binary",1,"Purely rule-based","GBM",TRUE,"AUC",0.853325569358178,0.0299999999997453,NA,NA,NA,NA,NA,NA,NA,NA,NA,NA,NA,NA,NA
97,"binary",1,"Purely rule-based","Linear",TRUE,"AUC",0.820910973084886,0.0199999999999818,NA,20,0,20,20,0,0,0,0,1,0,1,1
97,"binary",1,"Purely rule-based","Random forest",TRUE,"AUC",0.847955486542443,0.150000000000091,NA,NA,NA,NA,NA,NA,NA,NA,NA,NA,NA,NA,NA
97,"binary",1,"Purely rule-based","RuleFit",TRUE,"AUC",0.863030538302277,9.82999999999993,NA,15,15,0,0,12,3,0,0,0,0.8,0.8,2.2
98,"binary",1,"Purely rule-based","BRP-GABLE full",TRUE,"AUC",0.86936763952893,102.15,NA,42,41,1,8,34,0,0,0,0.19047619047619,0.80952380952381,1,1.80952380952381
98,"binary",1,"Purely rule-based","BRP-GABLE rule-only",TRUE,"AUC",0.86997567844342,102.36,NA,41,41,0,7,34,0,0,0,0.170731707317073,0.829268292682927,1,1.82926829268293
98,"binary",1,"Purely rule-based","GABLE",TRUE,"AUC",0.809171786994368,1.61999999999989,NA,5,5,0,3,2,0,0,0,0.6,0.4,1,1.4
98,"binary",1,"Purely rule-based","GBM",TRUE,"AUC",0.838517665130568,0.0300000000002001,NA,NA,NA,NA,NA,NA,NA,NA,NA,NA,NA,NA,NA
98,"binary",1,"Purely rule-based","Linear",TRUE,"AUC",0.774833589349718,0.00999999999976353,NA,20,0,20,20,0,0,0,0,1,0,1,1
98,"binary",1,"Purely rule-based","Random forest",TRUE,"AUC",0.848950332821301,0.179999999999836,NA,NA,NA,NA,NA,NA,NA,NA,NA,NA,NA,NA,NA
98,"binary",1,"Purely rule-based","RuleFit",TRUE,"AUC",0.869111623143881,9.7800000000002,NA,32,32,0,5,21,6,0,0,0.15625,0.65625,0.8125,2.03125
99,"binary",1,"Purely rule-based","BRP-GABLE full",TRUE,"AUC",0.871959109730849,104.89,NA,39,38,1,14,25,0,0,0,0.358974358974359,0.641025641025641,1,1.64102564102564
99,"binary",1,"Purely rule-based","BRP-GABLE rule-only",TRUE,"AUC",0.872994306418219,104.9,NA,39,39,0,13,26,0,0,0,0.333333333333333,0.666666666666667,1,1.66666666666667
99,"binary",1,"Purely rule-based","GABLE",TRUE,"AUC",0.855881211180124,1.67999999999984,NA,5,5,0,5,0,0,0,0,1,0,1,1
99,"binary",1,"Purely rule-based","GBM",TRUE,"AUC",0.8710533126294,0.0299999999997453,NA,NA,NA,NA,NA,NA,NA,NA,NA,NA,NA,NA,NA
99,"binary",1,"Purely rule-based","Linear",TRUE,"AUC",0.817287784679089,0,NA,20,0,20,20,0,0,0,0,1,0,1,1
99,"binary",1,"Purely rule-based","Random forest",TRUE,"AUC",0.86623317805383,0.120000000000346,NA,NA,NA,NA,NA,NA,NA,NA,NA,NA,NA,NA,NA
99,"binary",1,"Purely rule-based","RuleFit",TRUE,"AUC",0.869565217391304,7.15000000000009,NA,23,23,0,2,21,0,0,0,0.0869565217391304,0.91304347826087,1,1.91304347826087
100,"binary",1,"Purely rule-based","BRP-GABLE full",TRUE,"AUC",0.900649350649351,93.1999999999998,NA,34,34,0,9,25,0,0,0,0.264705882352941,0.735294117647059,1,1.73529411764706
100,"binary",1,"Purely rule-based","BRP-GABLE rule-only",TRUE,"AUC",0.900649350649351,93.1700000000001,NA,34,34,0,9,25,0,0,0,0.264705882352941,0.735294117647059,1,1.73529411764706
100,"binary",1,"Purely rule-based","GABLE",TRUE,"AUC",0.883246753246753,1.1899999999996,NA,5,5,0,5,0,0,0,0,1,0,1,1
100,"binary",1,"Purely rule-based","GBM",TRUE,"AUC",0.894545454545455,0.0199999999999818,NA,NA,NA,NA,NA,NA,NA,NA,NA,NA,NA,NA,NA
100,"binary",1,"Purely rule-based","Linear",TRUE,"AUC",0.828181818181818,0,NA,20,0,20,20,0,0,0,0,1,0,1,1
100,"binary",1,"Purely rule-based","Random forest",TRUE,"AUC",0.874025974025974,0.120000000000346,NA,NA,NA,NA,NA,NA,NA,NA,NA,NA,NA,NA,NA
100,"binary",1,"Purely rule-based","RuleFit",TRUE,"AUC",0.891590909090909,4.94000000000005,NA,22,22,0,7,15,0,0,0,0.318181818181818,0.681818181818182,1,1.68181818181818
1,"binary",2,"Purely linear","BRP-GABLE full",TRUE,"AUC",0.803836038232087,102.92,NA,34,33,1,7,27,0,0,0,0.205882352941176,0.794117647058823,1,1.79411764705882
1,"binary",2,"Purely linear","BRP-GABLE rule-only",TRUE,"AUC",0.803771890435564,102.89,NA,35,35,0,5,30,0,0,0,0.142857142857143,0.857142857142857,1,1.85714285714286
1,"binary",2,"Purely linear","GABLE",TRUE,"AUC",0.717461030213612,1.58,NA,4,4,0,1,3,0,0,0,0.25,0.75,1,1.75
1,"binary",2,"Purely linear","GBM",TRUE,"AUC",0.819359804990698,0.019999999999996,NA,NA,NA,NA,NA,NA,NA,NA,NA,NA,NA,NA,NA
1,"binary",2,"Purely linear","Linear",TRUE,"AUC",0.871127076784912,0.0100000000000051,NA,20,0,20,20,0,0,0,0,1,0,1,1
1,"binary",2,"Purely linear","Random forest",TRUE,"AUC",0.814292129065367,0.170000000000002,NA,NA,NA,NA,NA,NA,NA,NA,NA,NA,NA,NA,NA
1,"binary",2,"Purely linear","RuleFit",TRUE,"AUC",0.834434537173648,11.89,NA,40,40,0,2,29,9,0,0,0.05,0.725,0.775,2.175
2,"binary",2,"Purely linear","BRP-GABLE full",TRUE,"AUC",0.82221795118201,102.61,NA,33,33,0,3,30,0,0,0,0.0909090909090909,0.909090909090909,1,1.90909090909091
2,"binary",2,"Purely linear","BRP-GABLE rule-only",TRUE,"AUC",0.82221795118201,102.58,NA,33,33,0,3,30,0,0,0,0.0909090909090909,0.909090909090909,1,1.90909090909091
2,"binary",2,"Purely linear","GABLE",TRUE,"AUC",0.731661221090397,1.67999999999999,NA,4,4,0,1,3,0,0,0,0.25,0.75,1,1.75
2,"binary",2,"Purely linear","GBM",TRUE,"AUC",0.88147863412134,0.0300000000000011,NA,NA,NA,NA,NA,NA,NA,NA,NA,NA,NA,NA,NA
2,"binary",2,"Purely linear","Linear",TRUE,"AUC",0.90306874239221,0.0200000000000102,NA,20,0,20,20,0,0,0,0,1,0,1,1
2,"binary",2,"Purely linear","Random forest",TRUE,"AUC",0.843551797040169,0.159999999999997,NA,NA,NA,NA,NA,NA,NA,NA,NA,NA,NA,NA,NA
2,"binary",2,"Purely linear","RuleFit",TRUE,"AUC",0.843743993849702,12.24,NA,29,29,0,0,16,13,0,0,0,0.551724137931034,0.551724137931034,2.44827586206897
3,"binary",2,"Purely linear","BRP-GABLE full",TRUE,"AUC",0.822201588114754,97.04,NA,30,30,0,1,29,0,0,0,0.0333333333333333,0.966666666666667,1,1.96666666666667
3,"binary",2,"Purely linear","BRP-GABLE rule-only",TRUE,"AUC",0.822201588114754,97.14,NA,30,30,0,1,29,0,0,0,0.0333333333333333,0.966666666666667,1,1.96666666666667
3,"binary",2,"Purely linear","GABLE",TRUE,"AUC",0.732902151639344,2.28,NA,4,4,0,2,2,0,0,0,0.5,0.5,1,1.5
3,"binary",2,"Purely linear","GBM",TRUE,"AUC",0.84234118852459,0.0300000000000011,NA,NA,NA,NA,NA,NA,NA,NA,NA,NA,NA,NA,NA
3,"binary",2,"Purely linear","Linear",TRUE,"AUC",0.882684426229508,0,NA,20,0,20,20,0,0,0,0,1,0,1,1
3,"binary",2,"Purely linear","Random forest",TRUE,"AUC",0.834080430327869,0.159999999999997,NA,NA,NA,NA,NA,NA,NA,NA,NA,NA,NA,NA,NA
3,"binary",2,"Purely linear","RuleFit",TRUE,"AUC",0.843525870901639,10.86,NA,27,27,0,0,23,4,0,0,0,0.851851851851852,0.851851851851852,2.14814814814815
4,"binary",2,"Purely linear","BRP-GABLE full",TRUE,"AUC",0.804490478641276,109.11,NA,37,36,1,3,34,0,0,0,0.0810810810810811,0.918918918918919,1,1.91891891891892
4,"binary",2,"Purely linear","BRP-GABLE rule-only",TRUE,"AUC",0.812178332475553,109.09,NA,45,45,0,6,39,0,0,0,0.133333333333333,0.866666666666667,1,1.86666666666667
4,"binary",2,"Purely linear","GABLE",TRUE,"AUC",0.698179361811631,1.72,NA,5,5,0,2,3,0,0,0,0.4,0.6,1,1.6
4,"binary",2,"Purely linear","GBM",TRUE,"AUC",0.820380854348945,0.0300000000000011,NA,NA,NA,NA,NA,NA,NA,NA,NA,NA,NA,NA,NA
4,"binary",2,"Purely linear","Linear",TRUE,"AUC",0.8641276376737,0.019999999999996,NA,20,0,20,20,0,0,0,0,1,0,1,1
4,"binary",2,"Purely linear","Random forest",TRUE,"AUC",0.810923829130211,0.150000000000006,NA,NA,NA,NA,NA,NA,NA,NA,NA,NA,NA,NA,NA
4,"binary",2,"Purely linear","RuleFit",TRUE,"AUC",0.813497169325785,12.17,NA,30,30,0,0,24,6,0,0,0,0.8,0.8,2.2
5,"binary",2,"Purely linear","BRP-GABLE full",TRUE,"AUC",0.826739645349209,107.04,NA,39,39,0,3,36,0,0,0,0.0769230769230769,0.923076923076923,1,1.92307692307692
5,"binary",2,"Purely linear","BRP-GABLE rule-only",TRUE,"AUC",0.827059727290186,107.04,NA,40,40,0,3,37,0,0,0,0.075,0.925,1,1.925
5,"binary",2,"Purely linear","GABLE",TRUE,"AUC",0.71163817937392,1.69,NA,5,5,0,3,2,0,0,0,0.6,0.4,1,1.4
5,"binary",2,"Purely linear","GBM",TRUE,"AUC",0.847320914154023,0.0400000000000063,NA,NA,NA,NA,NA,NA,NA,NA,NA,NA,NA,NA,NA
5,"binary",2,"Purely linear","Linear",TRUE,"AUC",0.885602714294859,0.00999999999999091,NA,20,0,20,20,0,0,0,0,1,0,1,1
5,"binary",2,"Purely linear","Random forest",TRUE,"AUC",0.840151078676141,0.150000000000006,NA,NA,NA,NA,NA,NA,NA,NA,NA,NA,NA,NA,NA
5,"binary",2,"Purely linear","RuleFit",TRUE,"AUC",0.820177965559183,12.05,NA,39,39,0,1,28,10,0,0,0.0256410256410256,0.717948717948718,0.743589743589744,2.23076923076923
6,"binary",2,"Purely linear","BRP-GABLE full",TRUE,"AUC",0.826963702707893,91.01,NA,28,28,0,0,28,0,0,0,0,1,1,2
6,"binary",2,"Purely linear","BRP-GABLE rule-only",TRUE,"AUC",0.826963702707893,91,NA,28,28,0,0,28,0,0,0,0,1,1,2
6,"binary",2,"Purely linear","GABLE",TRUE,"AUC",0.744894693041419,1.91,NA,4,4,0,3,1,0,0,0,0.75,0.25,1,1.25
6,"binary",2,"Purely linear","GBM",TRUE,"AUC",0.840279111452532,0.0199999999999818,NA,NA,NA,NA,NA,NA,NA,NA,NA,NA,NA,NA,NA
6,"binary",2,"Purely linear","Linear",TRUE,"AUC",0.875104026630818,0.0300000000000011,NA,20,0,20,20,0,0,0,0,1,0,1,1
6,"binary",2,"Purely linear","Random forest",TRUE,"AUC",0.835637923308367,0.170000000000016,NA,NA,NA,NA,NA,NA,NA,NA,NA,NA,NA,NA,NA
6,"binary",2,"Purely linear","RuleFit",TRUE,"AUC",0.833013251392356,11.64,NA,38,38,0,0,26,12,0,0,0,0.684210526315789,0.684210526315789,2.31578947368421
7,"binary",2,"Purely linear","BRP-GABLE full",TRUE,"AUC",0.77375,116,NA,28,28,0,0,28,0,0,0,0,1,1,2
7,"binary",2,"Purely linear","BRP-GABLE rule-only",TRUE,"AUC",0.77375,116,NA,28,28,0,0,28,0,0,0,0,1,1,2
7,"binary",2,"Purely linear","GABLE",TRUE,"AUC",0.71900641025641,1.97,NA,3,3,0,1,2,0,0,0,0.333333333333333,0.666666666666667,1,1.66666666666667
7,"binary",2,"Purely linear","GBM",TRUE,"AUC",0.802820512820513,0.0300000000000011,NA,NA,NA,NA,NA,NA,NA,NA,NA,NA,NA,NA,NA
7,"binary",2,"Purely linear","Linear",TRUE,"AUC",0.84525641025641,0.0300000000000011,NA,20,0,20,20,0,0,0,0,1,0,1,1
7,"binary",2,"Purely linear","Random forest",TRUE,"AUC",0.79900641025641,0.159999999999997,NA,NA,NA,NA,NA,NA,NA,NA,NA,NA,NA,NA,NA
7,"binary",2,"Purely linear","RuleFit",TRUE,"AUC",0.801923076923077,10.23,NA,33,33,0,5,25,3,0,0,0.151515151515152,0.757575757575758,0.909090909090909,1.93939393939394
8,"binary",2,"Purely linear","BRP-GABLE full",TRUE,"AUC",0.849686379928315,109.45,NA,33,33,0,3,30,0,0,0,0.0909090909090909,0.909090909090909,1,1.90909090909091
8,"binary",2,"Purely linear","BRP-GABLE rule-only",TRUE,"AUC",0.852150537634409,109.46,NA,37,37,0,3,34,0,0,0,0.0810810810810811,0.918918918918919,1,1.91891891891892
8,"binary",2,"Purely linear","GABLE",TRUE,"AUC",0.759632616487455,1.97,NA,5,5,0,3,2,0,0,0,0.6,0.4,1,1.4
8,"binary",2,"Purely linear","GBM",TRUE,"AUC",0.895033282130056,0.039999999999992,NA,NA,NA,NA,NA,NA,NA,NA,NA,NA,NA,NA,NA
8,"binary",2,"Purely linear","Linear",TRUE,"AUC",0.91705069124424,0.0100000000000193,NA,20,0,20,20,0,0,0,0,1,0,1,1
8,"binary",2,"Purely linear","Random forest",TRUE,"AUC",0.856982846902202,0.150000000000006,NA,NA,NA,NA,NA,NA,NA,NA,NA,NA,NA,NA,NA
8,"binary",2,"Purely linear","RuleFit",TRUE,"AUC",0.863543266769073,13.05,NA,43,43,0,0,24,19,0,0,0,0.558139534883721,0.558139534883721,2.44186046511628
9,"binary",2,"Purely linear","BRP-GABLE full",TRUE,"AUC",0.804411477649815,119.57,NA,38,38,0,1,37,0,0,0,0.0263157894736842,0.973684210526316,1,1.97368421052632
9,"binary",2,"Purely linear","BRP-GABLE rule-only",TRUE,"AUC",0.804411477649815,119.58,NA,38,38,0,1,37,0,0,0,0.0263157894736842,0.973684210526316,1,1.97368421052632
9,"binary",2,"Purely linear","GABLE",TRUE,"AUC",0.728284208471599,2.15000000000001,NA,5,5,0,3,2,0,0,0,0.6,0.4,1,1.4
9,"binary",2,"Purely linear","GBM",TRUE,"AUC",0.823736092133516,0.00999999999999091,NA,NA,NA,NA,NA,NA,NA,NA,NA,NA,NA,NA,NA
9,"binary",2,"Purely linear","Linear",TRUE,"AUC",0.859392283167415,0.0200000000000102,NA,20,0,20,20,0,0,0,0,1,0,1,1
9,"binary",2,"Purely linear","Random forest",TRUE,"AUC",0.806103194742664,0.170000000000016,NA,NA,NA,NA,NA,NA,NA,NA,NA,NA,NA,NA,NA
9,"binary",2,"Purely linear","RuleFit",TRUE,"AUC",0.821165983473225,12.73,NA,34,34,0,0,16,18,0,0,0,0.470588235294118,0.470588235294118,2.52941176470588
10,"binary",2,"Purely linear","BRP-GABLE full",TRUE,"AUC",0.824236160454751,120.5,NA,32,31,1,4,28,0,0,0,0.125,0.875,1,1.875
10,"binary",2,"Purely linear","BRP-GABLE rule-only",TRUE,"AUC",0.822104515212196,120.5,NA,31,31,0,4,27,0,0,0,0.129032258064516,0.870967741935484,1,1.87096774193548
10,"binary",2,"Purely linear","GABLE",TRUE,"AUC",0.758478134487436,2.55000000000001,NA,5,5,0,3,2,0,0,0,0.6,0.4,1,1.4
10,"binary",2,"Purely linear","GBM",TRUE,"AUC",0.850074284606938,0.0199999999999818,NA,NA,NA,NA,NA,NA,NA,NA,NA,NA,NA,NA,NA
10,"binary",2,"Purely linear","Linear",TRUE,"AUC",0.871003165170209,0.0299999999999727,NA,20,0,20,20,0,0,0,0,1,0,1,1
10,"binary",2,"Purely linear","Random forest",TRUE,"AUC",0.832988825011304,0.170000000000016,NA,NA,NA,NA,NA,NA,NA,NA,NA,NA,NA,NA,NA
10,"binary",2,"Purely linear","RuleFit",TRUE,"AUC",0.839416058394161,12.9,NA,36,36,0,0,25,11,0,0,0,0.694444444444444,0.694444444444444,2.30555555555556
11,"binary",2,"Purely linear","BRP-GABLE full",TRUE,"AUC",0.750849958303932,122.8,NA,38,36,2,6,32,0,0,0,0.157894736842105,0.842105263157895,1,1.84210526315789
11,"binary",2,"Purely linear","BRP-GABLE rule-only",TRUE,"AUC",0.744820065430752,122.7,NA,52,52,0,15,37,0,0,0,0.288461538461538,0.711538461538462,1,1.71153846153846
11,"binary",2,"Purely linear","GABLE",TRUE,"AUC",0.671050099429085,2.04999999999995,NA,4,4,0,2,2,0,0,0,0.5,0.5,1,1.5
11,"binary",2,"Purely linear","GBM",TRUE,"AUC",0.776060042337546,0.0199999999999818,NA,NA,NA,NA,NA,NA,NA,NA,NA,NA,NA,NA,NA
11,"binary",2,"Purely linear","Linear",TRUE,"AUC",0.839758804285073,0.0100000000000477,NA,20,0,20,20,0,0,0,0,1,0,1,1
11,"binary",2,"Purely linear","Random forest",TRUE,"AUC",0.76467380845468,0.170000000000016,NA,NA,NA,NA,NA,NA,NA,NA,NA,NA,NA,NA,NA
11,"binary",2,"Purely linear","RuleFit",TRUE,"AUC",0.736256334594907,12.11,NA,28,28,0,0,23,5,0,0,0,0.821428571428571,0.821428571428571,2.17857142857143
12,"binary",2,"Purely linear","BRP-GABLE full",TRUE,"AUC",0.857389967326542,103.7,NA,54,52,2,14,40,0,0,0,0.259259259259259,0.740740740740741,1,1.74074074074074
12,"binary",2,"Purely linear","BRP-GABLE rule-only",TRUE,"AUC",0.85774232814402,103.85,NA,51,51,0,12,39,0,0,0,0.235294117647059,0.764705882352941,1,1.76470588235294
12,"binary",2,"Purely linear","GABLE",TRUE,"AUC",0.770581075020821,2.33999999999997,NA,5,5,0,5,0,0,0,0,1,0,1,1
12,"binary",2,"Purely linear","GBM",TRUE,"AUC",0.868345185469921,0.0299999999999727,NA,NA,NA,NA,NA,NA,NA,NA,NA,NA,NA,NA,NA
12,"binary",2,"Purely linear","Linear",TRUE,"AUC",0.886219488756487,0,NA,20,0,20,20,0,0,0,0,1,0,1,1
12,"binary",2,"Purely linear","Random forest",TRUE,"AUC",0.841181369722596,0.160000000000025,NA,NA,NA,NA,NA,NA,NA,NA,NA,NA,NA,NA,NA
12,"binary",2,"Purely linear","RuleFit",TRUE,"AUC",0.859183804215517,12.7,NA,31,31,0,0,18,13,0,0,0,0.580645161290323,0.580645161290323,2.41935483870968
13,"binary",2,"Purely linear","BRP-GABLE full",TRUE,"AUC",0.745837602459016,106.65,NA,46,45,1,11,35,0,0,0,0.239130434782609,0.760869565217391,1,1.76086956521739
13,"binary",2,"Purely linear","BRP-GABLE rule-only",TRUE,"AUC",0.746157786885246,106.68,NA,41,41,0,7,34,0,0,0,0.170731707317073,0.829268292682927,1,1.82926829268293
13,"binary",2,"Purely linear","GABLE",TRUE,"AUC",0.688172387295082,1.79000000000002,NA,5,5,0,2,3,0,0,0,0.4,0.6,1,1.6
13,"binary",2,"Purely linear","GBM",TRUE,"AUC",0.779456967213115,0.0300000000000296,NA,NA,NA,NA,NA,NA,NA,NA,NA,NA,NA,NA,NA
13,"binary",2,"Purely linear","Linear",TRUE,"AUC",0.795402151639344,0.00999999999999091,NA,20,0,20,20,0,0,0,0,1,0,1,1
13,"binary",2,"Purely linear","Random forest",TRUE,"AUC",0.756819928278688,0.169999999999959,NA,NA,NA,NA,NA,NA,NA,NA,NA,NA,NA,NA,NA
13,"binary",2,"Purely linear","RuleFit",TRUE,"AUC",0.761270491803279,12.11,NA,28,28,0,0,14,14,0,0,0,0.5,0.5,2.5
14,"binary",2,"Purely linear","BRP-GABLE full",TRUE,"AUC",0.831971766551206,129.04,NA,45,45,0,11,34,0,0,0,0.244444444444444,0.755555555555556,1,1.75555555555556
14,"binary",2,"Purely linear","BRP-GABLE rule-only",TRUE,"AUC",0.832233187373374,129.08,NA,45,45,0,11,34,0,0,0,0.244444444444444,0.755555555555556,1,1.75555555555556
14,"binary",2,"Purely linear","GABLE",TRUE,"AUC",0.748741912293314,1.69999999999999,NA,4,4,0,2,2,0,0,0,0.5,0.5,1,1.5
14,"binary",2,"Purely linear","GBM",TRUE,"AUC",0.845369583687341,0.0300000000000296,NA,NA,NA,NA,NA,NA,NA,NA,NA,NA,NA,NA,NA
14,"binary",2,"Purely linear","Linear",TRUE,"AUC",0.875367623031174,0.0199999999999818,NA,20,0,20,20,0,0,0,0,1,0,1,1
14,"binary",2,"Purely linear","Random forest",TRUE,"AUC",0.820011763936998,0.170000000000016,NA,NA,NA,NA,NA,NA,NA,NA,NA,NA,NA,NA,NA
14,"binary",2,"Purely linear","RuleFit",TRUE,"AUC",0.85981308411215,11.97,NA,30,30,0,0,21,9,0,0,0,0.7,0.7,2.3
15,"binary",2,"Purely linear","BRP-GABLE full",TRUE,"AUC",0.811277182628777,94.6300000000001,NA,31,31,0,0,31,0,0,0,0,1,1,2
15,"binary",2,"Purely linear","BRP-GABLE rule-only",TRUE,"AUC",0.811277182628777,94.71,NA,31,31,0,0,31,0,0,0,0,1,1,2
15,"binary",2,"Purely linear","GABLE",TRUE,"AUC",0.718455321059722,1.80000000000001,NA,4,4,0,2,2,0,0,0,0.5,0.5,1,1.5
15,"binary",2,"Purely linear","GBM",TRUE,"AUC",0.811533773814869,0.0100000000000477,NA,NA,NA,NA,NA,NA,NA,NA,NA,NA,NA,NA,NA
15,"binary",2,"Purely linear","Linear",TRUE,"AUC",0.852588363589711,0.0199999999999818,NA,20,0,20,20,0,0,0,0,1,0,1,1
15,"binary",2,"Purely linear","Random forest",TRUE,"AUC",0.791134774520495,0.169999999999959,NA,NA,NA,NA,NA,NA,NA,NA,NA,NA,NA,NA,NA
15,"binary",2,"Purely linear","RuleFit",TRUE,"AUC",0.825068958881262,9.86000000000001,NA,27,27,0,0,17,10,0,0,0,0.62962962962963,0.62962962962963,2.37037037037037
16,"binary",2,"Purely linear","BRP-GABLE full",TRUE,"AUC",0.819552248380268,107.86,NA,40,40,0,8,32,0,0,0,0.2,0.8,1,1.8
16,"binary",2,"Purely linear","BRP-GABLE rule-only",TRUE,"AUC",0.8201937263455,107.93,NA,42,42,0,8,34,0,0,0,0.19047619047619,0.80952380952381,1,1.80952380952381
16,"binary",2,"Purely linear","GABLE",TRUE,"AUC",0.743216370517673,1.96000000000004,NA,5,5,0,4,1,0,0,0,0.8,0.2,1,1.2
16,"binary",2,"Purely linear","GBM",TRUE,"AUC",0.826351914811726,0.0400000000000205,NA,NA,NA,NA,NA,NA,NA,NA,NA,NA,NA,NA,NA
16,"binary",2,"Purely linear","Linear",TRUE,"AUC",0.879979472705113,0.00999999999999091,NA,20,0,20,20,0,0,0,0,1,0,1,1
16,"binary",2,"Purely linear","Random forest",TRUE,"AUC",0.816056193469754,0.149999999999977,NA,NA,NA,NA,NA,NA,NA,NA,NA,NA,NA,NA,NA
16,"binary",2,"Purely linear","RuleFit",TRUE,"AUC",0.820065430752454,12.48,NA,39,39,0,0,29,10,0,0,0,0.743589743589744,0.743589743589744,2.25641025641026
17,"binary",2,"Purely linear","BRP-GABLE full",TRUE,"AUC",0.788489853402471,110.97,NA,32,31,1,3,29,0,0,0,0.09375,0.90625,1,1.90625
17,"binary",2,"Purely linear","BRP-GABLE rule-only",TRUE,"AUC",0.787593623967736,111.02,NA,30,30,0,1,29,0,0,0,0.0333333333333333,0.966666666666667,1,1.96666666666667
17,"binary",2,"Purely linear","GABLE",TRUE,"AUC",0.695314000384098,1.81999999999999,NA,4,4,0,3,1,0,0,0,0.75,0.25,1,1.25
17,"binary",2,"Purely linear","GBM",TRUE,"AUC",0.832533128480891,0.0400000000000205,NA,NA,NA,NA,NA,NA,NA,NA,NA,NA,NA,NA,NA
17,"binary",2,"Purely linear","Linear",TRUE,"AUC",0.871967223609244,0,NA,20,0,20,20,0,0,0,0,1,0,1,1
17,"binary",2,"Purely linear","Random forest",TRUE,"AUC",0.82341079316305,0.139999999999986,NA,NA,NA,NA,NA,NA,NA,NA,NA,NA,NA,NA,NA
17,"binary",2,"Purely linear","RuleFit",TRUE,"AUC",0.794699443057423,12.88,NA,33,33,0,0,21,12,0,0,0,0.636363636363636,0.636363636363636,2.36363636363636
18,"binary",2,"Purely linear","BRP-GABLE full",TRUE,"AUC",0.815860215053763,110.64,NA,34,33,1,4,30,0,0,0,0.117647058823529,0.882352941176471,1,1.88235294117647
18,"binary",2,"Purely linear","BRP-GABLE rule-only",TRUE,"AUC",0.816884280593958,110.76,NA,36,36,0,4,32,0,0,0,0.111111111111111,0.888888888888889,1,1.88888888888889
18,"binary",2,"Purely linear","GABLE",TRUE,"AUC",0.654601894521249,2.01999999999998,NA,4,4,0,2,2,0,0,0,0.5,0.5,1,1.5
18,"binary",2,"Purely linear","GBM",TRUE,"AUC",0.833397337429596,0.0300000000000296,NA,NA,NA,NA,NA,NA,NA,NA,NA,NA,NA,NA,NA
18,"binary",2,"Purely linear","Linear",TRUE,"AUC",0.885496671786994,0.00999999999999091,NA,20,0,20,20,0,0,0,0,1,0,1,1
18,"binary",2,"Purely linear","Random forest",TRUE,"AUC",0.829525089605735,0.159999999999968,NA,NA,NA,NA,NA,NA,NA,NA,NA,NA,NA,NA,NA
18,"binary",2,"Purely linear","RuleFit",TRUE,"AUC",0.817716333845366,12.75,NA,33,33,0,0,15,18,0,0,0,0.454545454545455,0.454545454545455,2.54545454545455
19,"binary",2,"Purely linear","BRP-GABLE full",TRUE,"AUC",0.816308243727599,142.24,NA,35,34,1,9,26,0,0,0,0.257142857142857,0.742857142857143,1,1.74285714285714
19,"binary",2,"Purely linear","BRP-GABLE rule-only",TRUE,"AUC",0.815252176139273,142.22,NA,38,38,0,9,29,0,0,0,0.236842105263158,0.763157894736842,1,1.76315789473684
19,"binary",2,"Purely linear","GABLE",TRUE,"AUC",0.730126728110599,2.09000000000003,NA,4,4,0,2,2,0,0,0,0.5,0.5,1,1.5
19,"binary",2,"Purely linear","GBM",TRUE,"AUC",0.838389656938044,0.0300000000000864,NA,NA,NA,NA,NA,NA,NA,NA,NA,NA,NA,NA,NA
19,"binary",2,"Purely linear","Linear",TRUE,"AUC",0.884344598054275,0.0199999999999818,NA,20,0,20,20,0,0,0,0,1,0,1,1
19,"binary",2,"Purely linear","Random forest",TRUE,"AUC",0.82286866359447,0.159999999999968,NA,NA,NA,NA,NA,NA,NA,NA,NA,NA,NA,NA,NA
19,"binary",2,"Purely linear","RuleFit",TRUE,"AUC",0.805171530977983,12.76,NA,23,23,0,0,9,14,0,0,0,0.391304347826087,0.391304347826087,2.60869565217391
20,"binary",2,"Purely linear","BRP-GABLE full",TRUE,"AUC",0.861724601497983,117.33,NA,33,33,0,1,32,0,0,0,0.0303030303030303,0.96969696969697,1,1.96969696969697
20,"binary",2,"Purely linear","BRP-GABLE rule-only",TRUE,"AUC",0.861724601497983,117.3,NA,33,33,0,1,32,0,0,0,0.0303030303030303,0.96969696969697,1,1.96969696969697
20,"binary",2,"Purely linear","GABLE",TRUE,"AUC",0.682318673580437,2.11000000000001,NA,5,5,0,4,1,0,0,0,0.8,0.2,1,1.2
20,"binary",2,"Purely linear","GBM",TRUE,"AUC",0.868894436975866,0.0299999999999727,NA,NA,NA,NA,NA,NA,NA,NA,NA,NA,NA,NA,NA
20,"binary",2,"Purely linear","Linear",TRUE,"AUC",0.891492222008834,0.0199999999999818,NA,20,0,20,20,0,0,0,0,1,0,1,1
20,"binary",2,"Purely linear","Random forest",TRUE,"AUC",0.859964150822611,0.159999999999968,NA,NA,NA,NA,NA,NA,NA,NA,NA,NA,NA,NA,NA
20,"binary",2,"Purely linear","RuleFit",TRUE,"AUC",0.852346200627361,12.26,NA,27,27,0,0,16,11,0,0,0,0.592592592592593,0.592592592592593,2.40740740740741
21,"binary",2,"Purely linear","BRP-GABLE full",TRUE,"AUC",0.824075853674162,109.24,NA,39,39,0,7,32,0,0,0,0.179487179487179,0.82051282051282,1,1.82051282051282
21,"binary",2,"Purely linear","BRP-GABLE rule-only",TRUE,"AUC",0.824460247293228,109.2,NA,37,37,0,6,31,0,0,0,0.162162162162162,0.837837837837838,1,1.83783783783784
21,"binary",2,"Purely linear","GABLE",TRUE,"AUC",0.736946633352553,2.40999999999997,NA,4,4,0,2,2,0,0,0,0.5,0.5,1,1.5
21,"binary",2,"Purely linear","GBM",TRUE,"AUC",0.855852392850279,0.0299999999999727,NA,NA,NA,NA,NA,NA,NA,NA,NA,NA,NA,NA,NA
21,"binary",2,"Purely linear","Linear",TRUE,"AUC",0.888974309693126,0,NA,20,0,20,20,0,0,0,0,1,0,1,1
21,"binary",2,"Purely linear","Random forest",TRUE,"AUC",0.821513229547056,0.170000000000073,NA,NA,NA,NA,NA,NA,NA,NA,NA,NA,NA,NA,NA
21,"binary",2,"Purely linear","RuleFit",TRUE,"AUC",0.821673393555,11.37,NA,30,30,0,1,21,8,0,0,0.0333333333333333,0.7,0.733333333333333,2.23333333333333
22,"binary",2,"Purely linear","BRP-GABLE full",TRUE,"AUC",0.80573268921095,108.71,NA,33,32,1,3,30,0,0,0,0.0909090909090909,0.909090909090909,1,1.90909090909091
22,"binary",2,"Purely linear","BRP-GABLE rule-only",TRUE,"AUC",0.806183574879227,108.61,NA,37,37,0,8,29,0,0,0,0.216216216216216,0.783783783783784,1,1.78378378378378
22,"binary",2,"Purely linear","GABLE",TRUE,"AUC",0.70463768115942,2.13999999999999,NA,5,5,0,3,2,0,0,0,0.6,0.4,1,1.4
22,"binary",2,"Purely linear","GBM",TRUE,"AUC",0.847407407407407,0.0199999999999818,NA,NA,NA,NA,NA,NA,NA,NA,NA,NA,NA,NA,NA
22,"binary",2,"Purely linear","Linear",TRUE,"AUC",0.858486312399356,0.0100000000001046,NA,20,0,20,20,0,0,0,0,1,0,1,1
22,"binary",2,"Purely linear","Random forest",TRUE,"AUC",0.813107890499195,0.159999999999968,NA,NA,NA,NA,NA,NA,NA,NA,NA,NA,NA,NA,NA
22,"binary",2,"Purely linear","RuleFit",TRUE,"AUC",0.824863123993559,13.64,NA,48,48,0,0,30,18,0,0,0,0.625,0.625,2.375
23,"binary",2,"Purely linear","BRP-GABLE full",TRUE,"AUC",0.809102564102564,90.71,NA,31,31,0,2,29,0,0,0,0.0645161290322581,0.935483870967742,1,1.93548387096774
23,"binary",2,"Purely linear","BRP-GABLE rule-only",TRUE,"AUC",0.809102564102564,90.8100000000001,NA,31,31,0,2,29,0,0,0,0.0645161290322581,0.935483870967742,1,1.93548387096774
23,"binary",2,"Purely linear","GABLE",TRUE,"AUC",0.700576923076923,1.90999999999997,NA,5,5,0,3,2,0,0,0,0.6,0.4,1,1.4
23,"binary",2,"Purely linear","GBM",TRUE,"AUC",0.8475,0.00999999999999091,NA,NA,NA,NA,NA,NA,NA,NA,NA,NA,NA,NA,NA
23,"binary",2,"Purely linear","Linear",TRUE,"AUC",0.88801282051282,0.0199999999999818,NA,20,0,20,20,0,0,0,0,1,0,1,1
23,"binary",2,"Purely linear","Random forest",TRUE,"AUC",0.821923076923077,0.170000000000073,NA,NA,NA,NA,NA,NA,NA,NA,NA,NA,NA,NA,NA
23,"binary",2,"Purely linear","RuleFit",TRUE,"AUC",0.835096153846154,10.6899999999999,NA,22,22,0,0,17,5,0,0,0,0.772727272727273,0.772727272727273,2.22727272727273
24,"binary",2,"Purely linear","BRP-GABLE full",TRUE,"AUC",0.827692307692308,107.41,NA,34,34,0,7,27,0,0,0,0.205882352941176,0.794117647058823,1,1.79411764705882
24,"binary",2,"Purely linear","BRP-GABLE rule-only",TRUE,"AUC",0.826282051282051,107.38,NA,39,39,0,8,31,0,0,0,0.205128205128205,0.794871794871795,1,1.79487179487179
24,"binary",2,"Purely linear","GABLE",TRUE,"AUC",0.745128205128205,1.82999999999993,NA,4,4,0,2,2,0,0,0,0.5,0.5,1,1.5
24,"binary",2,"Purely linear","GBM",TRUE,"AUC",0.8475,0.0299999999999727,NA,NA,NA,NA,NA,NA,NA,NA,NA,NA,NA,NA,NA
24,"binary",2,"Purely linear","Linear",TRUE,"AUC",0.890384615384615,0,NA,20,0,20,20,0,0,0,0,1,0,1,1
24,"binary",2,"Purely linear","Random forest",TRUE,"AUC",0.83849358974359,0.170000000000073,NA,NA,NA,NA,NA,NA,NA,NA,NA,NA,NA,NA,NA
24,"binary",2,"Purely linear","RuleFit",TRUE,"AUC",0.833076923076923,12.0600000000001,NA,36,36,0,1,30,5,0,0,0.0277777777777778,0.833333333333333,0.861111111111111,2.11111111111111
25,"binary",2,"Purely linear","BRP-GABLE full",TRUE,"AUC",0.800401138716356,105.75,NA,37,36,1,1,36,0,0,0,0.027027027027027,0.972972972972973,1,1.97297297297297
25,"binary",2,"Purely linear","BRP-GABLE rule-only",TRUE,"AUC",0.79878364389234,105.85,NA,35,35,0,0,35,0,0,0,0,1,1,2
25,"binary",2,"Purely linear","GABLE",TRUE,"AUC",0.682744565217391,1.63,NA,5,5,0,2,3,0,0,0,0.4,0.6,1,1.6
25,"binary",2,"Purely linear","GBM",TRUE,"AUC",0.797036749482402,0.0299999999999727,NA,NA,NA,NA,NA,NA,NA,NA,NA,NA,NA,NA,NA
25,"binary",2,"Purely linear","Linear",TRUE,"AUC",0.849055383022774,0,NA,20,0,20,20,0,0,0,0,1,0,1,1
25,"binary",2,"Purely linear","Random forest",TRUE,"AUC",0.817708333333333,0.169999999999959,NA,NA,NA,NA,NA,NA,NA,NA,NA,NA,NA,NA,NA
25,"binary",2,"Purely linear","RuleFit",TRUE,"AUC",0.814861542443064,12.48,NA,33,33,0,0,24,9,0,0,0,0.727272727272727,0.727272727272727,2.27272727272727
26,"binary",2,"Purely linear","BRP-GABLE full",TRUE,"AUC",0.849573417153121,107.88,NA,36,36,0,4,32,0,0,0,0.111111111111111,0.888888888888889,1,1.88888888888889
26,"binary",2,"Purely linear","BRP-GABLE rule-only",TRUE,"AUC",0.849894156135737,107.89,NA,37,37,0,4,33,0,0,0,0.108108108108108,0.891891891891892,1,1.89189189189189
26,"binary",2,"Purely linear","GABLE",TRUE,"AUC",0.756013855924049,1.88999999999999,NA,5,5,0,4,1,0,0,0,0.8,0.2,1,1.2
26,"binary",2,"Purely linear","GBM",TRUE,"AUC",0.861889794085573,0.0199999999999818,NA,NA,NA,NA,NA,NA,NA,NA,NA,NA,NA,NA,NA
26,"binary",2,"Purely linear","Linear",TRUE,"AUC",0.893129770992366,0.0100000000001046,NA,20,0,20,20,0,0,0,0,1,0,1,1
26,"binary",2,"Purely linear","Random forest",TRUE,"AUC",0.85297325036885,0.189999999999941,NA,NA,NA,NA,NA,NA,NA,NA,NA,NA,NA,NA,NA
26,"binary",2,"Purely linear","RuleFit",TRUE,"AUC",0.875040092372827,11.2900000000001,NA,30,30,0,2,22,6,0,0,0.0666666666666667,0.733333333333333,0.8,2.13333333333333
27,"binary",2,"Purely linear","BRP-GABLE full",TRUE,"AUC",0.790884194053208,110.32,NA,47,46,1,14,33,0,0,0,0.297872340425532,0.702127659574468,1,1.70212765957447
27,"binary",2,"Purely linear","BRP-GABLE rule-only",TRUE,"AUC",0.789971309337506,110.33,NA,46,46,0,12,34,0,0,0,0.260869565217391,0.739130434782609,1,1.73913043478261
27,"binary",2,"Purely linear","GABLE",TRUE,"AUC",0.719385758998435,2.26999999999998,NA,5,5,0,5,0,0,0,0,1,0,1,1
27,"binary",2,"Purely linear","GBM",TRUE,"AUC",0.818661971830986,0.0300000000000864,NA,NA,NA,NA,NA,NA,NA,NA,NA,NA,NA,NA,NA
27,"binary",2,"Purely linear","Linear",TRUE,"AUC",0.85302556077204,0,NA,20,0,20,20,0,0,0,0,1,0,1,1
27,"binary",2,"Purely linear","Random forest",TRUE,"AUC",0.809370109546166,0.169999999999959,NA,NA,NA,NA,NA,NA,NA,NA,NA,NA,NA,NA,NA
27,"binary",2,"Purely linear","RuleFit",TRUE,"AUC",0.789058424621805,11.03,NA,38,38,0,1,29,8,0,0,0.0263157894736842,0.763157894736842,0.789473684210526,2.18421052631579
28,"binary",2,"Purely linear","BRP-GABLE full",TRUE,"AUC",0.864735238835958,103.74,NA,37,36,1,7,30,0,0,0,0.189189189189189,0.810810810810811,1,1.81081081081081
28,"binary",2,"Purely linear","BRP-GABLE rule-only",TRUE,"AUC",0.864411173763692,103.79,NA,37,37,0,7,30,0,0,0,0.189189189189189,0.810810810810811,1,1.81081081081081
28,"binary",2,"Purely linear","GABLE",TRUE,"AUC",0.769946205198004,2.04000000000008,NA,5,5,0,5,0,0,0,0,1,0,1,1
28,"binary",2,"Purely linear","GBM",TRUE,"AUC",0.863179726489079,0.0199999999999818,NA,NA,NA,NA,NA,NA,NA,NA,NA,NA,NA,NA,NA
28,"binary",2,"Purely linear","Linear",TRUE,"AUC",0.904984120811459,0,NA,20,0,20,20,0,0,0,0,1,0,1,1
28,"binary",2,"Purely linear","Random forest",TRUE,"AUC",0.856244733942576,0.169999999999959,NA,NA,NA,NA,NA,NA,NA,NA,NA,NA,NA,NA,NA
28,"binary",2,"Purely linear","RuleFit",TRUE,"AUC",0.850865253742952,12.86,NA,39,39,0,0,25,14,0,0,0,0.641025641025641,0.641025641025641,2.35897435897436
29,"binary",2,"Purely linear","BRP-GABLE full",TRUE,"AUC",0.855702764976959,96.74,NA,29,29,0,2,27,0,0,0,0.0689655172413793,0.931034482758621,1,1.93103448275862
29,"binary",2,"Purely linear","BRP-GABLE rule-only",TRUE,"AUC",0.855702764976959,96.7699999999999,NA,29,29,0,2,27,0,0,0,0.0689655172413793,0.931034482758621,1,1.93103448275862
29,"binary",2,"Purely linear","GABLE",TRUE,"AUC",0.815700204813108,1.63999999999999,NA,3,3,0,1,2,0,0,0,0.333333333333333,0.666666666666667,1,1.66666666666667
29,"binary",2,"Purely linear","GBM",TRUE,"AUC",0.853494623655914,0.0299999999999727,NA,NA,NA,NA,NA,NA,NA,NA,NA,NA,NA,NA,NA
29,"binary",2,"Purely linear","Linear",TRUE,"AUC",0.898681515616999,0,NA,20,0,20,20,0,0,0,0,1,0,1,1
29,"binary",2,"Purely linear","Random forest",TRUE,"AUC",0.839477726574501,0.170000000000073,NA,NA,NA,NA,NA,NA,NA,NA,NA,NA,NA,NA,NA
29,"binary",2,"Purely linear","RuleFit",TRUE,"AUC",0.869047619047619,10.33,NA,26,26,0,0,20,6,0,0,0,0.769230769230769,0.769230769230769,2.23076923076923
30,"binary",2,"Purely linear","BRP-GABLE full",TRUE,"AUC",0.850727144596066,100.01,NA,43,43,0,5,38,0,0,0,0.116279069767442,0.883720930232558,1,1.88372093023256
30,"binary",2,"Purely linear","BRP-GABLE rule-only",TRUE,"AUC",0.851752194246909,100.03,NA,44,44,0,4,40,0,0,0,0.0909090909090909,0.909090909090909,1,1.90909090909091
30,"binary",2,"Purely linear","GABLE",TRUE,"AUC",0.685053494778653,1.5,NA,4,4,0,2,2,0,0,0,0.5,0.5,1,1.5
30,"binary",2,"Purely linear","GBM",TRUE,"AUC",0.850406816580178,0.00999999999999091,NA,NA,NA,NA,NA,NA,NA,NA,NA,NA,NA,NA,NA
30,"binary",2,"Purely linear","Linear",TRUE,"AUC",0.873662630533666,0.0199999999999818,NA,20,0,20,20,0,0,0,0,1,0,1,1
30,"binary",2,"Purely linear","Random forest",TRUE,"AUC",0.833301300531745,0.159999999999968,NA,NA,NA,NA,NA,NA,NA,NA,NA,NA,NA,NA,NA
30,"binary",2,"Purely linear","RuleFit",TRUE,"AUC",0.841053238516241,11.6700000000001,NA,36,36,0,0,25,11,0,0,0,0.694444444444444,0.694444444444444,2.30555555555556
31,"binary",2,"Purely linear","BRP-GABLE full",TRUE,"AUC",0.829588374623904,108.26,NA,28,28,0,2,26,0,0,0,0.0714285714285714,0.928571428571429,1,1.92857142857143
31,"binary",2,"Purely linear","BRP-GABLE rule-only",TRUE,"AUC",0.830804685999616,108.24,NA,30,30,0,3,27,0,0,0,0.1,0.9,1,1.9
31,"binary",2,"Purely linear","GABLE",TRUE,"AUC",0.722264899814352,1.71000000000004,NA,5,5,0,4,1,0,0,0,0.8,0.2,1,1.2
31,"binary",2,"Purely linear","GBM",TRUE,"AUC",0.852378208821458,0.0299999999999727,NA,NA,NA,NA,NA,NA,NA,NA,NA,NA,NA,NA,NA
31,"binary",2,"Purely linear","Linear",TRUE,"AUC",0.866141732283465,0,NA,20,0,20,20,0,0,0,0,1,0,1,1
31,"binary",2,"Purely linear","Random forest",TRUE,"AUC",0.824210998015492,0.169999999999959,NA,NA,NA,NA,NA,NA,NA,NA,NA,NA,NA,NA,NA
31,"binary",2,"Purely linear","RuleFit",TRUE,"AUC",0.817777351001856,12.98,NA,31,31,0,0,16,15,0,0,0,0.516129032258065,0.516129032258065,2.48387096774194
32,"binary",2,"Purely linear","BRP-GABLE full",TRUE,"AUC",0.812018489984592,106.5,NA,49,48,1,18,31,0,0,0,0.36734693877551,0.63265306122449,1,1.63265306122449
32,"binary",2,"Purely linear","BRP-GABLE rule-only",TRUE,"AUC",0.810991268618387,106.48,NA,51,51,0,21,30,0,0,0,0.411764705882353,0.588235294117647,1,1.58823529411765
32,"binary",2,"Purely linear","GABLE",TRUE,"AUC",0.757479455572676,1.84999999999991,NA,5,5,0,4,1,0,0,0,0.8,0.2,1,1.2
32,"binary",2,"Purely linear","GBM",TRUE,"AUC",0.849961479198767,0.0299999999999727,NA,NA,NA,NA,NA,NA,NA,NA,NA,NA,NA,NA,NA
32,"binary",2,"Purely linear","Linear",TRUE,"AUC",0.866525423728814,0.00999999999999091,NA,20,0,20,20,0,0,0,0,1,0,1,1
32,"binary",2,"Purely linear","Random forest",TRUE,"AUC",0.839592963533642,0.170000000000073,NA,NA,NA,NA,NA,NA,NA,NA,NA,NA,NA,NA,NA
32,"binary",2,"Purely linear","RuleFit",TRUE,"AUC",0.803864920390344,13.5600000000001,NA,36,36,0,0,24,12,0,0,0,0.666666666666667,0.666666666666667,2.33333333333333
33,"binary",2,"Purely linear","BRP-GABLE full",TRUE,"AUC",0.839359238291302,119.63,NA,55,55,0,22,33,0,0,0,0.4,0.6,1,1.6
33,"binary",2,"Purely linear","BRP-GABLE rule-only",TRUE,"AUC",0.839359238291302,119.64,NA,55,55,0,22,33,0,0,0,0.4,0.6,1,1.6
33,"binary",2,"Purely linear","GABLE",TRUE,"AUC",0.778178075141534,2.13,NA,5,5,0,4,1,0,0,0,0.8,0.2,1,1.2
33,"binary",2,"Purely linear","GBM",TRUE,"AUC",0.845985589294905,0.0300000000000864,NA,NA,NA,NA,NA,NA,NA,NA,NA,NA,NA,NA,NA
33,"binary",2,"Purely linear","Linear",TRUE,"AUC",0.88387802367473,0.00999999999999091,NA,20,0,20,20,0,0,0,0,1,0,1,1
33,"binary",2,"Purely linear","Random forest",TRUE,"AUC",0.846178589809573,0.159999999999968,NA,NA,NA,NA,NA,NA,NA,NA,NA,NA,NA,NA,NA
33,"binary",2,"Purely linear","RuleFit",TRUE,"AUC",0.827200205867216,11.23,NA,27,27,0,0,20,7,0,0,0,0.740740740740741,0.740740740740741,2.25925925925926
34,"binary",2,"Purely linear","BRP-GABLE full",TRUE,"AUC",0.845144356955381,96.2500000000001,NA,40,40,0,10,30,0,0,0,0.25,0.75,1,1.75
34,"binary",2,"Purely linear","BRP-GABLE rule-only",TRUE,"AUC",0.845336406119967,96.26,NA,43,43,0,12,31,0,0,0,0.27906976744186,0.720930232558139,1,1.72093023255814
34,"binary",2,"Purely linear","GABLE",TRUE,"AUC",0.731771333461366,1.57999999999993,NA,4,4,0,2,2,0,0,0,0.5,0.5,1,1.5
34,"binary",2,"Purely linear","GBM",TRUE,"AUC",0.876384354394725,0.0300000000000864,NA,NA,NA,NA,NA,NA,NA,NA,NA,NA,NA,NA,NA
34,"binary",2,"Purely linear","Linear",TRUE,"AUC",0.870942961398118,0.00999999999999091,NA,20,0,20,20,0,0,0,0,1,0,1,1
34,"binary",2,"Purely linear","Random forest",TRUE,"AUC",0.848825299276615,0.139999999999986,NA,NA,NA,NA,NA,NA,NA,NA,NA,NA,NA,NA,NA
34,"binary",2,"Purely linear","RuleFit",TRUE,"AUC",0.855386979066641,11.6,NA,38,38,0,1,25,12,0,0,0.0263157894736842,0.657894736842105,0.684210526315789,2.28947368421053
35,"binary",2,"Purely linear","BRP-GABLE full",TRUE,"AUC",0.835011867342357,123.59,NA,32,31,1,4,28,0,0,0,0.125,0.875,1,1.875
35,"binary",2,"Purely linear","BRP-GABLE rule-only",TRUE,"AUC",0.836391044967605,123.63,NA,34,34,0,4,30,0,0,0,0.117647058823529,0.882352941176471,1,1.88235294117647
35,"binary",2,"Purely linear","GABLE",TRUE,"AUC",0.731381102059144,1.62,NA,5,5,0,3,2,0,0,0,0.6,0.4,1,1.4
35,"binary",2,"Purely linear","GBM",TRUE,"AUC",0.847648983257425,0.0300000000000864,NA,NA,NA,NA,NA,NA,NA,NA,NA,NA,NA,NA,NA
35,"binary",2,"Purely linear","Linear",TRUE,"AUC",0.842453011739047,0,NA,20,0,20,20,0,0,0,0,1,0,1,1
35,"binary",2,"Purely linear","Random forest",TRUE,"AUC",0.853326063249727,0.159999999999968,NA,NA,NA,NA,NA,NA,NA,NA,NA,NA,NA,NA,NA
35,"binary",2,"Purely linear","RuleFit",TRUE,"AUC",0.82923856565527,11.65,NA,23,23,0,0,17,6,0,0,0,0.739130434782609,0.739130434782609,2.26086956521739
36,"binary",2,"Purely linear","BRP-GABLE full",TRUE,"AUC",0.853101545961896,86.1,NA,35,35,0,4,31,0,0,0,0.114285714285714,0.885714285714286,1,1.88571428571429
36,"binary",2,"Purely linear","BRP-GABLE rule-only",TRUE,"AUC",0.853101545961896,86.13,NA,35,35,0,4,31,0,0,0,0.114285714285714,0.885714285714286,1,1.88571428571429
36,"binary",2,"Purely linear","GABLE",TRUE,"AUC",0.776637372506254,1.7299999999999,NA,5,5,0,2,3,0,0,0,0.4,0.6,1,1.6
36,"binary",2,"Purely linear","GBM",TRUE,"AUC",0.866572583231766,0.0299999999999727,NA,NA,NA,NA,NA,NA,NA,NA,NA,NA,NA,NA,NA
36,"binary",2,"Purely linear","Linear",TRUE,"AUC",0.869908268650972,0,NA,20,0,20,20,0,0,0,0,1,0,1,1
36,"binary",2,"Purely linear","Random forest",TRUE,"AUC",0.848386682917442,0.160000000000082,NA,NA,NA,NA,NA,NA,NA,NA,NA,NA,NA,NA,NA
36,"binary",2,"Purely linear","RuleFit",TRUE,"AUC",0.851273333760985,11.4400000000001,NA,18,18,0,0,9,9,0,0,0,0.5,0.5,2.5
37,"binary",2,"Purely linear","BRP-GABLE full",TRUE,"AUC",0.851319875776398,108.92,NA,32,31,1,4,28,0,0,0,0.125,0.875,1,1.875
37,"binary",2,"Purely linear","BRP-GABLE rule-only",TRUE,"AUC",0.850769927536232,108.89,NA,31,31,0,4,27,0,0,0,0.129032258064516,0.870967741935484,1,1.87096774193548
37,"binary",2,"Purely linear","GABLE",TRUE,"AUC",0.79493400621118,2.09000000000003,NA,5,5,0,4,1,0,0,0,0.8,0.2,1,1.2
37,"binary",2,"Purely linear","GBM",TRUE,"AUC",0.861865942028985,0.0399999999999636,NA,NA,NA,NA,NA,NA,NA,NA,NA,NA,NA,NA,NA
37,"binary",2,"Purely linear","Linear",TRUE,"AUC",0.896674430641822,0,NA,20,0,20,20,0,0,0,0,1,0,1,1
37,"binary",2,"Purely linear","Random forest",TRUE,"AUC",0.835888975155279,0.169999999999959,NA,NA,NA,NA,NA,NA,NA,NA,NA,NA,NA,NA,NA
37,"binary",2,"Purely linear","RuleFit",TRUE,"AUC",0.839706262939959,11.9200000000001,NA,29,29,0,0,15,14,0,0,0,0.517241379310345,0.517241379310345,2.48275862068966
38,"binary",2,"Purely linear","BRP-GABLE full",TRUE,"AUC",0.810301748990967,121.33,NA,43,43,0,6,37,0,0,0,0.13953488372093,0.86046511627907,1,1.86046511627907
38,"binary",2,"Purely linear","BRP-GABLE rule-only",TRUE,"AUC",0.811711192260875,121.33,NA,43,43,0,6,37,0,0,0,0.13953488372093,0.86046511627907,1,1.86046511627907
38,"binary",2,"Purely linear","GABLE",TRUE,"AUC",0.727785252098148,2.18999999999994,NA,5,5,0,4,1,0,0,0,0.8,0.2,1,1.2
38,"binary",2,"Purely linear","GBM",TRUE,"AUC",0.857710295342431,0.0299999999999727,NA,NA,NA,NA,NA,NA,NA,NA,NA,NA,NA,NA,NA
38,"binary",2,"Purely linear","Linear",TRUE,"AUC",0.898327887757063,0,NA,20,0,20,20,0,0,0,0,1,0,1,1
38,"binary",2,"Purely linear","Random forest",TRUE,"AUC",0.822698443205843,0.170000000000073,NA,NA,NA,NA,NA,NA,NA,NA,NA,NA,NA,NA,NA
38,"binary",2,"Purely linear","RuleFit",TRUE,"AUC",0.848741110897559,10.77,NA,26,26,0,0,19,7,0,0,0,0.730769230769231,0.730769230769231,2.26923076923077
39,"binary",2,"Purely linear","BRP-GABLE full",TRUE,"AUC",0.786953460085782,99.5899999999999,NA,39,39,0,3,36,0,0,0,0.0769230769230769,0.923076923076923,1,1.92307692307692
39,"binary",2,"Purely linear","BRP-GABLE rule-only",TRUE,"AUC",0.787785673132322,99.5799999999999,NA,44,44,0,5,39,0,0,0,0.113636363636364,0.886363636363636,1,1.88636363636364
39,"binary",2,"Purely linear","GABLE",TRUE,"AUC",0.734460021765572,2.00999999999999,NA,5,5,0,4,1,0,0,0,0.8,0.2,1,1.2
39,"binary",2,"Purely linear","GBM",TRUE,"AUC",0.823122719416171,0.0299999999999727,NA,NA,NA,NA,NA,NA,NA,NA,NA,NA,NA,NA,NA
39,"binary",2,"Purely linear","Linear",TRUE,"AUC",0.855707061007618,0,NA,20,0,20,20,0,0,0,0,1,0,1,1
39,"binary",2,"Purely linear","Random forest",TRUE,"AUC",0.785161001216311,0.159999999999968,NA,NA,NA,NA,NA,NA,NA,NA,NA,NA,NA,NA,NA
39,"binary",2,"Purely linear","RuleFit",TRUE,"AUC",0.764291658664618,12.24,NA,30,30,0,0,20,10,0,0,0,0.666666666666667,0.666666666666667,2.33333333333333
40,"binary",2,"Purely linear","BRP-GABLE full",TRUE,"AUC",0.841444672131148,102.98,NA,33,32,1,4,29,0,0,0,0.121212121212121,0.878787878787879,1,1.87878787878788
40,"binary",2,"Purely linear","BRP-GABLE rule-only",TRUE,"AUC",0.840067879098361,103.17,NA,33,33,0,3,30,0,0,0,0.0909090909090909,0.909090909090909,1,1.90909090909091
40,"binary",2,"Purely linear","GABLE",TRUE,"AUC",0.749231557377049,1.66999999999996,NA,4,4,0,1,3,0,0,0,0.25,0.75,1,1.75
40,"binary",2,"Purely linear","GBM",TRUE,"AUC",0.852074795081967,0.0300000000000864,NA,NA,NA,NA,NA,NA,NA,NA,NA,NA,NA,NA,NA
40,"binary",2,"Purely linear","Linear",TRUE,"AUC",0.908107069672131,0,NA,20,0,20,20,0,0,0,0,1,0,1,1
40,"binary",2,"Purely linear","Random forest",TRUE,"AUC",0.815189549180328,0.159999999999968,NA,NA,NA,NA,NA,NA,NA,NA,NA,NA,NA,NA,NA
40,"binary",2,"Purely linear","RuleFit",TRUE,"AUC",0.857165727459016,11.74,NA,30,30,0,0,22,8,0,0,0,0.733333333333333,0.733333333333333,2.26666666666667
41,"binary",2,"Purely linear","BRP-GABLE full",TRUE,"AUC",0.765665125834617,96.4400000000002,NA,47,47,0,16,31,0,0,0,0.340425531914894,0.659574468085106,1,1.65957446808511
41,"binary",2,"Purely linear","BRP-GABLE rule-only",TRUE,"AUC",0.771379044684129,96.41,NA,54,54,0,21,33,0,0,0,0.388888888888889,0.611111111111111,1,1.61111111111111
41,"binary",2,"Purely linear","GABLE",TRUE,"AUC",0.700404468412943,2.10000000000002,NA,4,4,0,2,2,0,0,0,0.5,0.5,1,1.5
41,"binary",2,"Purely linear","GBM",TRUE,"AUC",0.773882896764253,0.0300000000000864,NA,NA,NA,NA,NA,NA,NA,NA,NA,NA,NA,NA,NA
41,"binary",2,"Purely linear","Linear",TRUE,"AUC",0.845788392398562,0,NA,20,0,20,20,0,0,0,0,1,0,1,1
41,"binary",2,"Purely linear","Random forest",TRUE,"AUC",0.777221366204417,0.159999999999968,NA,NA,NA,NA,NA,NA,NA,NA,NA,NA,NA,NA,NA
41,"binary",2,"Purely linear","RuleFit",TRUE,"AUC",0.758057267591166,11.7699999999999,NA,18,18,0,0,8,10,0,0,0,0.444444444444444,0.444444444444444,2.55555555555556
42,"binary",2,"Purely linear","BRP-GABLE full",TRUE,"AUC",0.84954193093728,105.09,NA,33,33,0,4,29,0,0,0,0.121212121212121,0.878787878787879,1,1.87878787878788
42,"binary",2,"Purely linear","BRP-GABLE rule-only",TRUE,"AUC",0.84954193093728,104.96,NA,33,33,0,4,29,0,0,0,0.121212121212121,0.878787878787879,1,1.87878787878788
42,"binary",2,"Purely linear","GABLE",TRUE,"AUC",0.781215965148312,1.95000000000005,NA,5,5,0,4,1,0,0,0,0.8,0.2,1,1.2
42,"binary",2,"Purely linear","GBM",TRUE,"AUC",0.856300852072522,0.0299999999999727,NA,NA,NA,NA,NA,NA,NA,NA,NA,NA,NA,NA,NA
42,"binary",2,"Purely linear","Linear",TRUE,"AUC",0.858030623358319,0,NA,20,0,20,20,0,0,0,0,1,0,1,1
42,"binary",2,"Purely linear","Random forest",TRUE,"AUC",0.81513870203088,0.160000000000082,NA,NA,NA,NA,NA,NA,NA,NA,NA,NA,NA,NA,NA
42,"binary",2,"Purely linear","RuleFit",TRUE,"AUC",0.823627394451919,11.0899999999999,NA,18,18,0,0,12,6,0,0,0,0.666666666666667,0.666666666666667,2.33333333333333
43,"binary",2,"Purely linear","BRP-GABLE full",TRUE,"AUC",0.810515873015873,103.47,NA,33,33,0,8,25,0,0,0,0.242424242424242,0.757575757575758,1,1.75757575757576
43,"binary",2,"Purely linear","BRP-GABLE rule-only",TRUE,"AUC",0.810515873015873,103.53,NA,33,33,0,8,25,0,0,0,0.242424242424242,0.757575757575758,1,1.75757575757576
43,"binary",2,"Purely linear","GABLE",TRUE,"AUC",0.717933947772658,1.88999999999987,NA,5,5,0,4,1,0,0,0,0.8,0.2,1,1.2
43,"binary",2,"Purely linear","GBM",TRUE,"AUC",0.841781874039939,0.00999999999999091,NA,NA,NA,NA,NA,NA,NA,NA,NA,NA,NA,NA,NA
43,"binary",2,"Purely linear","Linear",TRUE,"AUC",0.86405529953917,0.0199999999999818,NA,20,0,20,20,0,0,0,0,1,0,1,1
43,"binary",2,"Purely linear","Random forest",TRUE,"AUC",0.811795954941116,0.170000000000073,NA,NA,NA,NA,NA,NA,NA,NA,NA,NA,NA,NA,NA
43,"binary",2,"Purely linear","RuleFit",TRUE,"AUC",0.832405273937532,11.74,NA,32,32,0,0,24,8,0,0,0,0.75,0.75,2.25
44,"binary",2,"Purely linear","BRP-GABLE full",TRUE,"AUC",0.822938012295082,114.71,NA,37,37,0,7,30,0,0,0,0.189189189189189,0.810810810810811,1,1.81081081081081
44,"binary",2,"Purely linear","BRP-GABLE rule-only",TRUE,"AUC",0.825563524590164,114.78,NA,43,43,0,11,32,0,0,0,0.255813953488372,0.744186046511628,1,1.74418604651163
44,"binary",2,"Purely linear","GABLE",TRUE,"AUC",0.758933145491803,1.8900000000001,NA,5,5,0,4,1,0,0,0,0.8,0.2,1,1.2
44,"binary",2,"Purely linear","GBM",TRUE,"AUC",0.819608094262295,0.0199999999999818,NA,NA,NA,NA,NA,NA,NA,NA,NA,NA,NA,NA,NA
44,"binary",2,"Purely linear","Linear",TRUE,"AUC",0.873399077868853,0,NA,20,0,20,20,0,0,0,0,1,0,1,1
44,"binary",2,"Purely linear","Random forest",TRUE,"AUC",0.83984375,0.169999999999845,NA,NA,NA,NA,NA,NA,NA,NA,NA,NA,NA,NA,NA
44,"binary",2,"Purely linear","RuleFit",TRUE,"AUC",0.795850409836066,11.1600000000001,NA,22,22,0,0,13,9,0,0,0,0.590909090909091,0.590909090909091,2.40909090909091
45,"binary",2,"Purely linear","BRP-GABLE full",TRUE,"AUC",0.832830842260568,108.24,NA,40,39,1,7,33,0,0,0,0.175,0.825,1,1.825
45,"binary",2,"Purely linear","BRP-GABLE rule-only",TRUE,"AUC",0.831772403617936,108.42,NA,41,41,0,8,33,0,0,0,0.195121951219512,0.804878048780488,1,1.80487804878049
45,"binary",2,"Purely linear","GABLE",TRUE,"AUC",0.726088908845981,2.13999999999987,NA,5,5,0,4,1,0,0,0,0.8,0.2,1,1.2
45,"binary",2,"Purely linear","GBM",TRUE,"AUC",0.843735967669511,0.00999999999999091,NA,NA,NA,NA,NA,NA,NA,NA,NA,NA,NA,NA,NA
45,"binary",2,"Purely linear","Linear",TRUE,"AUC",0.878632368978126,0,NA,20,0,20,20,0,0,0,0,1,0,1,1
45,"binary",2,"Purely linear","Random forest",TRUE,"AUC",0.845981140547822,0.160000000000082,NA,NA,NA,NA,NA,NA,NA,NA,NA,NA,NA,NA,NA
45,"binary",2,"Purely linear","RuleFit",TRUE,"AUC",0.852331772403618,12.7,NA,31,31,0,0,25,6,0,0,0,0.806451612903226,0.806451612903226,2.19354838709677
46,"binary",2,"Purely linear","BRP-GABLE full",TRUE,"AUC",0.820384294068505,89.23,NA,30,30,0,0,30,0,0,0,0,1,1,2
46,"binary",2,"Purely linear","BRP-GABLE rule-only",TRUE,"AUC",0.820641346957136,89.3099999999999,NA,29,29,0,0,29,0,0,0,0,1,1,2
46,"binary",2,"Purely linear","GABLE",TRUE,"AUC",0.708983998457683,2.1099999999999,NA,5,5,0,3,2,0,0,0,0.6,0.4,1,1.4
46,"binary",2,"Purely linear","GBM",TRUE,"AUC",0.867489235910288,0.00999999999999091,NA,NA,NA,NA,NA,NA,NA,NA,NA,NA,NA,NA,NA
46,"binary",2,"Purely linear","Linear",TRUE,"AUC",0.883426515005462,0.0199999999999818,NA,20,0,20,20,0,0,0,0,1,0,1,1
46,"binary",2,"Purely linear","Random forest",TRUE,"AUC",0.845479082321188,0.160000000000082,NA,NA,NA,NA,NA,NA,NA,NA,NA,NA,NA,NA,NA
46,"binary",2,"Purely linear","RuleFit",TRUE,"AUC",0.853190668980143,10.2,NA,27,27,0,0,24,3,0,0,0,0.888888888888889,0.888888888888889,2.11111111111111
47,"binary",2,"Purely linear","BRP-GABLE full",TRUE,"AUC",0.850519480519481,115.46,NA,38,38,0,6,32,0,0,0,0.157894736842105,0.842105263157895,1,1.84210526315789
47,"binary",2,"Purely linear","BRP-GABLE rule-only",TRUE,"AUC",0.850519480519481,115.37,NA,38,38,0,6,32,0,0,0,0.157894736842105,0.842105263157895,1,1.84210526315789
47,"binary",2,"Purely linear","GABLE",TRUE,"AUC",0.768181818181818,1.87000000000012,NA,5,5,0,3,2,0,0,0,0.6,0.4,1,1.4
47,"binary",2,"Purely linear","GBM",TRUE,"AUC",0.85012987012987,0.0299999999999727,NA,NA,NA,NA,NA,NA,NA,NA,NA,NA,NA,NA,NA
47,"binary",2,"Purely linear","Linear",TRUE,"AUC",0.878961038961039,0,NA,20,0,20,20,0,0,0,0,1,0,1,1
47,"binary",2,"Purely linear","Random forest",TRUE,"AUC",0.833409090909091,0.159999999999854,NA,NA,NA,NA,NA,NA,NA,NA,NA,NA,NA,NA,NA
47,"binary",2,"Purely linear","RuleFit",TRUE,"AUC",0.838993506493506,12.02,NA,30,30,0,0,18,12,0,0,0,0.6,0.6,2.4
48,"binary",2,"Purely linear","BRP-GABLE full",TRUE,"AUC",0.813428534836066,112.9,NA,31,31,0,2,29,0,0,0,0.0645161290322581,0.935483870967742,1,1.93548387096774
48,"binary",2,"Purely linear","BRP-GABLE rule-only",TRUE,"AUC",0.81304431352459,112.89,NA,34,34,0,3,31,0,0,0,0.0882352941176471,0.911764705882353,1,1.91176470588235
48,"binary",2,"Purely linear","GABLE",TRUE,"AUC",0.735751793032787,1.75999999999999,NA,5,5,0,2,3,0,0,0,0.4,0.6,1,1.6
48,"binary",2,"Purely linear","GBM",TRUE,"AUC",0.838050717213115,0.0299999999999727,NA,NA,NA,NA,NA,NA,NA,NA,NA,NA,NA,NA,NA
48,"binary",2,"Purely linear","Linear",TRUE,"AUC",0.882620389344262,0,NA,20,0,20,20,0,0,0,0,1,0,1,1
48,"binary",2,"Purely linear","Random forest",TRUE,"AUC",0.842117059426229,0.160000000000082,NA,NA,NA,NA,NA,NA,NA,NA,NA,NA,NA,NA,NA
48,"binary",2,"Purely linear","RuleFit",TRUE,"AUC",0.837186219262295,13.5599999999999,NA,36,36,0,0,16,20,0,0,0,0.444444444444444,0.444444444444444,2.55555555555556
49,"binary",2,"Purely linear","BRP-GABLE full",TRUE,"AUC",0.861111111111111,112.54,NA,51,51,0,8,43,0,0,0,0.156862745098039,0.843137254901961,1,1.84313725490196
49,"binary",2,"Purely linear","BRP-GABLE rule-only",TRUE,"AUC",0.862071172555044,112.47,NA,50,50,0,7,43,0,0,0,0.14,0.86,1,1.86
49,"binary",2,"Purely linear","GABLE",TRUE,"AUC",0.666058627752176,1.99000000000001,NA,5,5,0,4,1,0,0,0,0.8,0.2,1,1.2
49,"binary",2,"Purely linear","GBM",TRUE,"AUC",0.860279057859703,0.0199999999999818,NA,NA,NA,NA,NA,NA,NA,NA,NA,NA,NA,NA,NA
49,"binary",2,"Purely linear","Linear",TRUE,"AUC",0.874359959037378,0.00999999999999091,NA,20,0,20,20,0,0,0,0,1,0,1,1
49,"binary",2,"Purely linear","Random forest",TRUE,"AUC",0.855126728110599,0.170000000000073,NA,NA,NA,NA,NA,NA,NA,NA,NA,NA,NA,NA,NA
49,"binary",2,"Purely linear","RuleFit",TRUE,"AUC",0.88594470046083,11.8900000000001,NA,47,47,0,0,35,12,0,0,0,0.74468085106383,0.74468085106383,2.25531914893617
50,"binary",2,"Purely linear","BRP-GABLE full",TRUE,"AUC",0.800813008130081,126.46,NA,28,28,0,0,28,0,0,0,0,1,1,2
50,"binary",2,"Purely linear","BRP-GABLE rule-only",TRUE,"AUC",0.800813008130081,126.6,NA,28,28,0,0,28,0,0,0,0,1,1,2
50,"binary",2,"Purely linear","GABLE",TRUE,"AUC",0.691024902375008,1.80999999999995,NA,5,5,0,4,1,0,0,0,0.8,0.2,1,1.2
50,"binary",2,"Purely linear","GBM",TRUE,"AUC",0.836950259266372,0.0199999999999818,NA,NA,NA,NA,NA,NA,NA,NA,NA,NA,NA,NA,NA
50,"binary",2,"Purely linear","Linear",TRUE,"AUC",0.886819025670572,0.00999999999999091,NA,20,0,20,20,0,0,0,0,1,0,1,1
50,"binary",2,"Purely linear","Random forest",TRUE,"AUC",0.828852186159657,0.170000000000073,NA,NA,NA,NA,NA,NA,NA,NA,NA,NA,NA,NA,NA
50,"binary",2,"Purely linear","RuleFit",TRUE,"AUC",0.815728826579604,10.5599999999999,NA,20,20,0,1,13,6,0,0,0.05,0.65,0.7,2.25
51,"binary",2,"Purely linear","BRP-GABLE full",TRUE,"AUC",0.846704404971046,115.52,NA,25,24,1,3,22,0,0,0,0.12,0.88,1,1.88
51,"binary",2,"Purely linear","BRP-GABLE rule-only",TRUE,"AUC",0.851844622291626,115.45,NA,27,27,0,3,24,0,0,0,0.111111111111111,0.888888888888889,1,1.88888888888889
51,"binary",2,"Purely linear","GABLE",TRUE,"AUC",0.782028759190578,2.20000000000005,NA,5,5,0,4,1,0,0,0,0.8,0.2,1,1.2
51,"binary",2,"Purely linear","GBM",TRUE,"AUC",0.896089530873837,0.0299999999999727,NA,NA,NA,NA,NA,NA,NA,NA,NA,NA,NA,NA,NA
51,"binary",2,"Purely linear","Linear",TRUE,"AUC",0.909818465742729,0,NA,20,0,20,20,0,0,0,0,1,0,1,1
51,"binary",2,"Purely linear","Random forest",TRUE,"AUC",0.882620860173076,0.160000000000082,NA,NA,NA,NA,NA,NA,NA,NA,NA,NA,NA,NA,NA
51,"binary",2,"Purely linear","RuleFit",TRUE,"AUC",0.877805973062659,12.6699999999998,NA,32,32,0,0,20,12,0,0,0,0.625,0.625,2.375
52,"binary",2,"Purely linear","BRP-GABLE full",TRUE,"AUC",0.819520702796977,95.96,NA,37,36,1,3,34,0,0,0,0.0810810810810811,0.918918918918919,1,1.91891891891892
52,"binary",2,"Purely linear","BRP-GABLE rule-only",TRUE,"AUC",0.819100833279504,95.99,NA,36,36,0,2,34,0,0,0,0.0555555555555556,0.944444444444444,1,1.94444444444444
52,"binary",2,"Purely linear","GABLE",TRUE,"AUC",0.75343970027776,1.79999999999995,NA,5,5,0,4,1,0,0,0,0.8,0.2,1,1.2
52,"binary",2,"Purely linear","GBM",TRUE,"AUC",0.840384988049868,0.0299999999999727,NA,NA,NA,NA,NA,NA,NA,NA,NA,NA,NA,NA,NA
52,"binary",2,"Purely linear","Linear",TRUE,"AUC",0.87810864931206,0.0199999999999818,NA,20,0,20,20,0,0,0,0,1,0,1,1
52,"binary",2,"Purely linear","Random forest",TRUE,"AUC",0.815677281829339,0.1400000000001,NA,NA,NA,NA,NA,NA,NA,NA,NA,NA,NA,NA,NA
52,"binary",2,"Purely linear","RuleFit",TRUE,"AUC",0.838479426393644,11.51,NA,29,29,0,0,17,12,0,0,0,0.586206896551724,0.586206896551724,2.41379310344828
53,"binary",2,"Purely linear","BRP-GABLE full",TRUE,"AUC",0.83289574795082,98.2499999999998,NA,42,42,0,6,36,0,0,0,0.142857142857143,0.857142857142857,1,1.85714285714286
53,"binary",2,"Purely linear","BRP-GABLE rule-only",TRUE,"AUC",0.834048411885246,98.3099999999997,NA,43,43,0,6,37,0,0,0,0.13953488372093,0.86046511627907,1,1.86046511627907
53,"binary",2,"Purely linear","GABLE",TRUE,"AUC",0.779360911885246,1.73000000000002,NA,5,5,0,4,1,0,0,0,0.8,0.2,1,1.2
53,"binary",2,"Purely linear","GBM",TRUE,"AUC",0.850089651639344,0.0200000000002092,NA,NA,NA,NA,NA,NA,NA,NA,NA,NA,NA,NA,NA
53,"binary",2,"Purely linear","Linear",TRUE,"AUC",0.87781762295082,0.0199999999999818,NA,20,0,20,20,0,0,0,0,1,0,1,1
53,"binary",2,"Purely linear","Random forest",TRUE,"AUC",0.805487961065574,0.169999999999845,NA,NA,NA,NA,NA,NA,NA,NA,NA,NA,NA,NA,NA
53,"binary",2,"Purely linear","RuleFit",TRUE,"AUC",0.831647028688525,12.1400000000001,NA,37,37,0,0,31,6,0,0,0,0.837837837837838,0.837837837837838,2.16216216216216
54,"binary",2,"Purely linear","BRP-GABLE full",TRUE,"AUC",0.859247869818694,101.83,NA,52,51,1,10,42,0,0,0,0.192307692307692,0.807692307692308,1,1.80769230769231
54,"binary",2,"Purely linear","BRP-GABLE rule-only",TRUE,"AUC",0.858799410596451,101.8,NA,51,51,0,8,43,0,0,0,0.156862745098039,0.843137254901961,1,1.84313725490196
54,"binary",2,"Purely linear","GABLE",TRUE,"AUC",0.767794221282593,2.11000000000013,NA,5,5,0,4,1,0,0,0,0.8,0.2,1,1.2
54,"binary",2,"Purely linear","GBM",TRUE,"AUC",0.867896726247678,0.0199999999999818,NA,NA,NA,NA,NA,NA,NA,NA,NA,NA,NA,NA,NA
54,"binary",2,"Purely linear","Linear",TRUE,"AUC",0.911397270805305,0.00999999999999091,NA,20,0,20,20,0,0,0,0,1,0,1,1
54,"binary",2,"Purely linear","Random forest",TRUE,"AUC",0.854667179191492,0.149999999999864,NA,NA,NA,NA,NA,NA,NA,NA,NA,NA,NA,NA,NA
54,"binary",2,"Purely linear","RuleFit",TRUE,"AUC",0.851431866231021,11.6099999999999,NA,22,22,0,1,15,6,0,0,0.0454545454545455,0.681818181818182,0.727272727272727,2.22727272727273
55,"binary",2,"Purely linear","BRP-GABLE full",TRUE,"AUC",0.806457812800307,119.78,NA,46,44,2,10,36,0,0,0,0.217391304347826,0.782608695652174,1,1.78260869565217
55,"binary",2,"Purely linear","BRP-GABLE rule-only",TRUE,"AUC",0.805464795951054,119.7,NA,58,58,0,15,43,0,0,0,0.258620689655172,0.741379310344828,1,1.74137931034483
55,"binary",2,"Purely linear","GABLE",TRUE,"AUC",0.687744250112115,1.53999999999996,NA,4,4,0,2,2,0,0,0,0.5,0.5,1,1.5
55,"binary",2,"Purely linear","GBM",TRUE,"AUC",0.859952591453649,0.0199999999999818,NA,NA,NA,NA,NA,NA,NA,NA,NA,NA,NA,NA,NA
55,"binary",2,"Purely linear","Linear",TRUE,"AUC",0.855788327247101,0.0199999999999818,NA,20,0,20,20,0,0,0,0,1,0,1,1
55,"binary",2,"Purely linear","Random forest",TRUE,"AUC",0.820840540713691,0.170000000000073,NA,NA,NA,NA,NA,NA,NA,NA,NA,NA,NA,NA,NA
55,"binary",2,"Purely linear","RuleFit",TRUE,"AUC",0.823851624063041,11.54,NA,31,31,0,0,18,13,0,0,0,0.580645161290323,0.580645161290323,2.41935483870968
56,"binary",2,"Purely linear","BRP-GABLE full",TRUE,"AUC",0.81824,118.14,NA,28,28,0,0,28,0,0,0,0,1,1,2
56,"binary",2,"Purely linear","BRP-GABLE rule-only",TRUE,"AUC",0.81824,118.1,NA,28,28,0,0,28,0,0,0,0,1,1,2
56,"binary",2,"Purely linear","GABLE",TRUE,"AUC",0.768128,1.99000000000001,NA,5,5,0,4,1,0,0,0,0.8,0.2,1,1.2
56,"binary",2,"Purely linear","GBM",TRUE,"AUC",0.825088,0.0299999999999727,NA,NA,NA,NA,NA,NA,NA,NA,NA,NA,NA,NA,NA
56,"binary",2,"Purely linear","Linear",TRUE,"AUC",0.879552,0,NA,20,0,20,20,0,0,0,0,1,0,1,1
56,"binary",2,"Purely linear","Random forest",TRUE,"AUC",0.823776,0.170000000000073,NA,NA,NA,NA,NA,NA,NA,NA,NA,NA,NA,NA,NA
56,"binary",2,"Purely linear","RuleFit",TRUE,"AUC",0.820256,12.22,NA,40,40,0,1,30,9,0,0,0.025,0.75,0.775,2.2
57,"binary",2,"Purely linear","BRP-GABLE full",TRUE,"AUC",0.800051850411563,109.24,NA,33,33,0,1,32,0,0,0,0.0303030303030303,0.96969696969697,1,1.96969696969697
57,"binary",2,"Purely linear","BRP-GABLE rule-only",TRUE,"AUC",0.800051850411563,109.3,NA,33,33,0,1,32,0,0,0,0.0303030303030303,0.96969696969697,1,1.96969696969697
57,"binary",2,"Purely linear","GABLE",TRUE,"AUC",0.755784561539957,2.20999999999981,NA,5,5,0,4,1,0,0,0,0.8,0.2,1,1.2
57,"binary",2,"Purely linear","GBM",TRUE,"AUC",0.834597187115173,0.0399999999999636,NA,NA,NA,NA,NA,NA,NA,NA,NA,NA,NA,NA,NA
57,"binary",2,"Purely linear","Linear",TRUE,"AUC",0.871994296454728,0.00999999999999091,NA,20,0,20,20,0,0,0,0,1,0,1,1
57,"binary",2,"Purely linear","Random forest",TRUE,"AUC",0.803130468598094,0.150000000000091,NA,NA,NA,NA,NA,NA,NA,NA,NA,NA,NA,NA,NA
57,"binary",2,"Purely linear","RuleFit",TRUE,"AUC",0.805431330611187,11.9300000000001,NA,31,31,0,0,20,11,0,0,0,0.645161290322581,0.645161290322581,2.35483870967742
58,"binary",2,"Purely linear","BRP-GABLE full",TRUE,"AUC",0.833632172131148,110.65,NA,26,26,0,0,26,0,0,0,0,1,1,2
58,"binary",2,"Purely linear","BRP-GABLE rule-only",TRUE,"AUC",0.833536116803279,110.78,NA,28,28,0,0,28,0,0,0,0,1,1,2
58,"binary",2,"Purely linear","GABLE",TRUE,"AUC",0.734182889344262,1.75,NA,5,5,0,2,3,0,0,0,0.4,0.6,1,1.6
58,"binary",2,"Purely linear","GBM",TRUE,"AUC",0.860015368852459,0.0299999999999727,NA,NA,NA,NA,NA,NA,NA,NA,NA,NA,NA,NA,NA
58,"binary",2,"Purely linear","Linear",TRUE,"AUC",0.911116803278688,0.00999999999999091,NA,20,0,20,20,0,0,0,0,1,0,1,1
58,"binary",2,"Purely linear","Random forest",TRUE,"AUC",0.853291495901639,0.150000000000091,NA,NA,NA,NA,NA,NA,NA,NA,NA,NA,NA,NA,NA
58,"binary",2,"Purely linear","RuleFit",TRUE,"AUC",0.875,11.5699999999999,NA,37,37,0,1,21,15,0,0,0.027027027027027,0.567567567567568,0.594594594594595,2.37837837837838
59,"binary",2,"Purely linear","BRP-GABLE full",TRUE,"AUC",0.84672619047619,113.43,NA,43,42,1,16,27,0,0,0,0.372093023255814,0.627906976744186,1,1.62790697674419
59,"binary",2,"Purely linear","BRP-GABLE rule-only",TRUE,"AUC",0.841873706004141,113.42,NA,37,37,0,10,27,0,0,0,0.27027027027027,0.72972972972973,1,1.72972972972973
59,"binary",2,"Purely linear","GABLE",TRUE,"AUC",0.714026915113872,2.00999999999999,NA,4,4,0,3,1,0,0,0,0.75,0.25,1,1.25
59,"binary",2,"Purely linear","GBM",TRUE,"AUC",0.847890786749482,0.0299999999999727,NA,NA,NA,NA,NA,NA,NA,NA,NA,NA,NA,NA,NA
59,"binary",2,"Purely linear","Linear",TRUE,"AUC",0.884963768115942,0,NA,20,0,20,20,0,0,0,0,1,0,1,1
59,"binary",2,"Purely linear","Random forest",TRUE,"AUC",0.840191511387164,0.160000000000082,NA,NA,NA,NA,NA,NA,NA,NA,NA,NA,NA,NA,NA
59,"binary",2,"Purely linear","RuleFit",TRUE,"AUC",0.821849120082816,12.3,NA,23,23,0,0,16,7,0,0,0,0.695652173913043,0.695652173913043,2.30434782608696
60,"binary",2,"Purely linear","BRP-GABLE full",TRUE,"AUC",0.830208,131.42,NA,30,30,0,5,25,0,0,0,0.166666666666667,0.833333333333333,1,1.83333333333333
60,"binary",2,"Purely linear","BRP-GABLE rule-only",TRUE,"AUC",0.830208,131.42,NA,30,30,0,5,25,0,0,0,0.166666666666667,0.833333333333333,1,1.83333333333333
60,"binary",2,"Purely linear","GABLE",TRUE,"AUC",0.815328,1.83999999999992,NA,4,4,0,2,2,0,0,0,0.5,0.5,1,1.5
60,"binary",2,"Purely linear","GBM",TRUE,"AUC",0.84288,0.0299999999999727,NA,NA,NA,NA,NA,NA,NA,NA,NA,NA,NA,NA,NA
60,"binary",2,"Purely linear","Linear",TRUE,"AUC",0.870592,0,NA,20,0,20,20,0,0,0,0,1,0,1,1
60,"binary",2,"Purely linear","Random forest",TRUE,"AUC",0.841056,0.180000000000064,NA,NA,NA,NA,NA,NA,NA,NA,NA,NA,NA,NA,NA
60,"binary",2,"Purely linear","RuleFit",TRUE,"AUC",0.847968,11.3699999999999,NA,26,26,0,0,19,7,0,0,0,0.730769230769231,0.730769230769231,2.26923076923077
61,"binary",2,"Purely linear","BRP-GABLE full",TRUE,"AUC",0.824979006524126,98.02,NA,35,35,0,5,30,0,0,0,0.142857142857143,0.857142857142857,1,1.85714285714286
61,"binary",2,"Purely linear","BRP-GABLE rule-only",TRUE,"AUC",0.824236160454751,98.05,NA,39,39,0,7,32,0,0,0,0.179487179487179,0.82051282051282,1,1.82051282051282
61,"binary",2,"Purely linear","GABLE",TRUE,"AUC",0.67867062851237,1.65000000000009,NA,5,5,0,2,3,0,0,0,0.4,0.6,1,1.6
61,"binary",2,"Purely linear","GBM",TRUE,"AUC",0.870034235514502,0.00999999999999091,NA,NA,NA,NA,NA,NA,NA,NA,NA,NA,NA,NA,NA
61,"binary",2,"Purely linear","Linear",TRUE,"AUC",0.908274659259738,0.0199999999999818,NA,20,0,20,20,0,0,0,0,1,0,1,1
61,"binary",2,"Purely linear","Random forest",TRUE,"AUC",0.869097603513985,0.179999999999836,NA,NA,NA,NA,NA,NA,NA,NA,NA,NA,NA,NA,NA
61,"binary",2,"Purely linear","RuleFit",TRUE,"AUC",0.841773787223048,11.3900000000001,NA,31,31,0,0,24,7,0,0,0,0.774193548387097,0.774193548387097,2.2258064516129
62,"binary",2,"Purely linear","BRP-GABLE full",TRUE,"AUC",0.865946918578497,119,NA,46,46,0,15,31,0,0,0,0.326086956521739,0.673913043478261,1,1.67391304347826
62,"binary",2,"Purely linear","BRP-GABLE rule-only",TRUE,"AUC",0.865754128912024,118.95,NA,45,45,0,14,31,0,0,0,0.311111111111111,0.688888888888889,1,1.68888888888889
62,"binary",2,"Purely linear","GABLE",TRUE,"AUC",0.753068568858043,1.99000000000001,NA,5,5,0,3,2,0,0,0,0.6,0.4,1,1.4
62,"binary",2,"Purely linear","GBM",TRUE,"AUC",0.878028404344194,0.0299999999999727,NA,NA,NA,NA,NA,NA,NA,NA,NA,NA,NA,NA,NA
62,"binary",2,"Purely linear","Linear",TRUE,"AUC",0.905661589872116,0.0200000000002092,NA,20,0,20,20,0,0,0,0,1,0,1,1
62,"binary",2,"Purely linear","Random forest",TRUE,"AUC",0.871377160850845,0.149999999999864,NA,NA,NA,NA,NA,NA,NA,NA,NA,NA,NA,NA,NA
62,"binary",2,"Purely linear","RuleFit",TRUE,"AUC",0.879377932009511,12.5900000000001,NA,43,43,0,0,29,14,0,0,0,0.674418604651163,0.674418604651163,2.32558139534884
63,"binary",2,"Purely linear","BRP-GABLE full",TRUE,"AUC",0.881433350488935,116.06,NA,47,45,2,13,34,0,0,0,0.276595744680851,0.723404255319149,1,1.72340425531915
63,"binary",2,"Purely linear","BRP-GABLE rule-only",TRUE,"AUC",0.876190169840453,116.07,NA,42,42,0,6,36,0,0,0,0.142857142857143,0.857142857142857,1,1.85714285714286
63,"binary",2,"Purely linear","GABLE",TRUE,"AUC",0.763091868244982,1.68000000000006,NA,4,4,0,1,3,0,0,0,0.25,0.75,1,1.75
63,"binary",2,"Purely linear","GBM",TRUE,"AUC",0.893077714873906,0.0299999999999727,NA,NA,NA,NA,NA,NA,NA,NA,NA,NA,NA,NA,NA
63,"binary",2,"Purely linear","Linear",TRUE,"AUC",0.878152341739578,0,NA,20,0,20,20,0,0,0,0,1,0,1,1
63,"binary",2,"Purely linear","Random forest",TRUE,"AUC",0.888799536798765,0.149999999999864,NA,NA,NA,NA,NA,NA,NA,NA,NA,NA,NA,NA,NA
63,"binary",2,"Purely linear","RuleFit",TRUE,"AUC",0.887738033968091,11.48,NA,38,38,0,2,25,11,0,0,0.0526315789473684,0.657894736842105,0.710526315789474,2.23684210526316
64,"binary",2,"Purely linear","BRP-GABLE full",TRUE,"AUC",0.800312317001757,112.43,NA,45,45,0,6,39,0,0,0,0.133333333333333,0.866666666666667,1,1.86666666666667
64,"binary",2,"Purely linear","BRP-GABLE rule-only",TRUE,"AUC",0.800052052833626,112.52,NA,46,46,0,7,39,0,0,0,0.152173913043478,0.847826086956522,1,1.84782608695652
64,"binary",2,"Purely linear","GABLE",TRUE,"AUC",0.734953477779947,1.92999999999984,NA,4,4,0,1,3,0,0,0,0.25,0.75,1,1.75
64,"binary",2,"Purely linear","GBM",TRUE,"AUC",0.844427093499902,0.0299999999999727,NA,NA,NA,NA,NA,NA,NA,NA,NA,NA,NA,NA,NA
64,"binary",2,"Purely linear","Linear",TRUE,"AUC",0.874943067213221,0.0199999999999818,NA,20,0,20,20,0,0,0,0,1,0,1,1
64,"binary",2,"Purely linear","Random forest",TRUE,"AUC",0.849664909883532,0.160000000000082,NA,NA,NA,NA,NA,NA,NA,NA,NA,NA,NA,NA,NA
64,"binary",2,"Purely linear","RuleFit",TRUE,"AUC",0.849111848526254,12.8300000000002,NA,31,31,0,1,25,5,0,0,0.032258064516129,0.806451612903226,0.838709677419355,2.12903225806452
65,"binary",2,"Purely linear","BRP-GABLE full",TRUE,"AUC",0.775814608539786,96.9800000000002,NA,34,34,0,4,30,0,0,0,0.117647058823529,0.882352941176471,1,1.88235294117647
65,"binary",2,"Purely linear","BRP-GABLE rule-only",TRUE,"AUC",0.776518788809935,96.9200000000001,NA,35,35,0,4,31,0,0,0,0.114285714285714,0.885714285714286,1,1.88571428571429
65,"binary",2,"Purely linear","GABLE",TRUE,"AUC",0.738301005057295,2.32999999999993,NA,5,5,0,5,0,0,0,0,1,0,1,1
65,"binary",2,"Purely linear","GBM",TRUE,"AUC",0.794251328340055,0.0199999999999818,NA,NA,NA,NA,NA,NA,NA,NA,NA,NA,NA,NA,NA
65,"binary",2,"Purely linear","Linear",TRUE,"AUC",0.840535177005313,0.00999999999999091,NA,20,0,20,20,0,0,0,0,1,0,1,1
65,"binary",2,"Purely linear","Random forest",TRUE,"AUC",0.778471288649894,0.180000000000064,NA,NA,NA,NA,NA,NA,NA,NA,NA,NA,NA,NA,NA
65,"binary",2,"Purely linear","RuleFit",TRUE,"AUC",0.818257473913322,12,NA,27,27,0,0,20,7,0,0,0,0.740740740740741,0.740740740740741,2.25925925925926
66,"binary",2,"Purely linear","BRP-GABLE full",TRUE,"AUC",0.839195336024089,112.39,NA,48,47,1,13,35,0,0,0,0.270833333333333,0.729166666666667,1,1.72916666666667
66,"binary",2,"Purely linear","BRP-GABLE rule-only",TRUE,"AUC",0.837625728746236,112.41,NA,48,48,0,12,36,0,0,0,0.25,0.75,1,1.75
66,"binary",2,"Purely linear","GABLE",TRUE,"AUC",0.718367608431033,2.02999999999997,NA,5,5,0,3,2,0,0,0,0.6,0.4,1,1.4
66,"binary",2,"Purely linear","GBM",TRUE,"AUC",0.843039272214748,0.0299999999999727,NA,NA,NA,NA,NA,NA,NA,NA,NA,NA,NA,NA,NA
66,"binary",2,"Purely linear","Linear",TRUE,"AUC",0.887821128835928,0,NA,20,0,20,20,0,0,0,0,1,0,1,1
66,"binary",2,"Purely linear","Random forest",TRUE,"AUC",0.840124287270165,0.160000000000082,NA,NA,NA,NA,NA,NA,NA,NA,NA,NA,NA,NA,NA
66,"binary",2,"Purely linear","RuleFit",TRUE,"AUC",0.824940739317061,12.1099999999999,NA,35,35,0,0,24,11,0,0,0,0.685714285714286,0.685714285714286,2.31428571428571
67,"binary",2,"Purely linear","BRP-GABLE full",TRUE,"AUC",0.766477975144772,109.88,NA,34,34,0,4,30,0,0,0,0.117647058823529,0.882352941176471,1,1.88235294117647
67,"binary",2,"Purely linear","BRP-GABLE rule-only",TRUE,"AUC",0.766477975144772,109.9,NA,34,34,0,4,30,0,0,0,0.117647058823529,0.882352941176471,1,1.88235294117647
67,"binary",2,"Purely linear","GABLE",TRUE,"AUC",0.694287201509532,2.38999999999987,NA,4,4,0,3,1,0,0,0,0.75,0.25,1,1.25
67,"binary",2,"Purely linear","GBM",TRUE,"AUC",0.806103194742664,0.00999999999999091,NA,NA,NA,NA,NA,NA,NA,NA,NA,NA,NA,NA,NA
67,"binary",2,"Purely linear","Linear",TRUE,"AUC",0.844101763289739,0.0199999999999818,NA,20,0,20,20,0,0,0,0,1,0,1,1
67,"binary",2,"Purely linear","Random forest",TRUE,"AUC",0.791072939033119,0.190000000000055,NA,NA,NA,NA,NA,NA,NA,NA,NA,NA,NA,NA,NA
67,"binary",2,"Purely linear","RuleFit",TRUE,"AUC",0.77057713579283,11.99,NA,35,35,0,0,24,11,0,0,0,0.685714285714286,0.685714285714286,2.31428571428571
68,"binary",2,"Purely linear","BRP-GABLE full",TRUE,"AUC",0.86650641025641,120.71,NA,33,33,0,5,28,0,0,0,0.151515151515152,0.848484848484849,1,1.84848484848485
68,"binary",2,"Purely linear","BRP-GABLE rule-only",TRUE,"AUC",0.865673076923077,120.56,NA,34,34,0,5,29,0,0,0,0.147058823529412,0.852941176470588,1,1.85294117647059
68,"binary",2,"Purely linear","GABLE",TRUE,"AUC",0.760865384615385,1.66000000000008,NA,5,5,0,3,2,0,0,0,0.6,0.4,1,1.4
68,"binary",2,"Purely linear","GBM",TRUE,"AUC",0.882371794871795,0.00999999999999091,NA,NA,NA,NA,NA,NA,NA,NA,NA,NA,NA,NA,NA
68,"binary",2,"Purely linear","Linear",TRUE,"AUC",0.895,0.0200000000002092,NA,20,0,20,20,0,0,0,0,1,0,1,1
68,"binary",2,"Purely linear","Random forest",TRUE,"AUC",0.863685897435897,0.169999999999845,NA,NA,NA,NA,NA,NA,NA,NA,NA,NA,NA,NA,NA
68,"binary",2,"Purely linear","RuleFit",TRUE,"AUC",0.875641025641026,12.1900000000001,NA,29,29,0,0,15,14,0,0,0,0.517241379310345,0.517241379310345,2.48275862068966
69,"binary",2,"Purely linear","BRP-GABLE full",TRUE,"AUC",0.809650358606557,111.98,NA,29,29,0,2,27,0,0,0,0.0689655172413793,0.931034482758621,1,1.93103448275862
69,"binary",2,"Purely linear","BRP-GABLE rule-only",TRUE,"AUC",0.811123206967213,111.97,NA,29,29,0,2,27,0,0,0,0.0689655172413793,0.931034482758621,1,1.93103448275862
69,"binary",2,"Purely linear","GABLE",TRUE,"AUC",0.733030225409836,2.11000000000013,NA,5,5,0,3,2,0,0,0,0.6,0.4,1,1.4
69,"binary",2,"Purely linear","GBM",TRUE,"AUC",0.799052254098361,0.0299999999999727,NA,NA,NA,NA,NA,NA,NA,NA,NA,NA,NA,NA,NA
69,"binary",2,"Purely linear","Linear",TRUE,"AUC",0.831711065573771,0,NA,20,0,20,20,0,0,0,0,1,0,1,1
69,"binary",2,"Purely linear","Random forest",TRUE,"AUC",0.796971055327869,0.180000000000064,NA,NA,NA,NA,NA,NA,NA,NA,NA,NA,NA,NA,NA
69,"binary",2,"Purely linear","RuleFit",TRUE,"AUC",0.786276895491803,12.0699999999999,NA,26,26,0,0,18,8,0,0,0,0.692307692307692,0.692307692307692,2.30769230769231
70,"binary",2,"Purely linear","BRP-GABLE full",TRUE,"AUC",0.823403164840797,98.8600000000001,NA,37,37,0,6,31,0,0,0,0.162162162162162,0.837837837837838,1,1.83783783783784
70,"binary",2,"Purely linear","BRP-GABLE rule-only",TRUE,"AUC",0.823403164840797,98.8399999999999,NA,37,37,0,6,31,0,0,0,0.162162162162162,0.837837837837838,1,1.83783783783784
70,"binary",2,"Purely linear","GABLE",TRUE,"AUC",0.717214427573836,1.5,NA,5,5,0,3,2,0,0,0,0.6,0.4,1,1.4
70,"binary",2,"Purely linear","GBM",TRUE,"AUC",0.850150554167468,0.040000000000191,NA,NA,NA,NA,NA,NA,NA,NA,NA,NA,NA,NA,NA
70,"binary",2,"Purely linear","Linear",TRUE,"AUC",0.895188673201358,0,NA,20,0,20,20,0,0,0,0,1,0,1,1
70,"binary",2,"Purely linear","Random forest",TRUE,"AUC",0.826414248190147,0.149999999999864,NA,NA,NA,NA,NA,NA,NA,NA,NA,NA,NA,NA,NA
70,"binary",2,"Purely linear","RuleFit",TRUE,"AUC",0.829008905118842,11.1700000000001,NA,28,28,0,0,18,10,0,0,0,0.642857142857143,0.642857142857143,2.35714285714286
71,"binary",2,"Purely linear","BRP-GABLE full",TRUE,"AUC",0.801939324116744,99.1199999999999,NA,30,30,0,2,28,0,0,0,0.0666666666666667,0.933333333333333,1,1.93333333333333
71,"binary",2,"Purely linear","BRP-GABLE rule-only",TRUE,"AUC",0.802963389656938,99.0999999999999,NA,30,30,0,2,28,0,0,0,0.0666666666666667,0.933333333333333,1,1.93333333333333
71,"binary",2,"Purely linear","GABLE",TRUE,"AUC",0.706893241167435,2.00999999999999,NA,4,4,0,2,2,0,0,0,0.5,0.5,1,1.5
71,"binary",2,"Purely linear","GBM",TRUE,"AUC",0.811763952892985,0.0199999999999818,NA,NA,NA,NA,NA,NA,NA,NA,NA,NA,NA,NA,NA
71,"binary",2,"Purely linear","Linear",TRUE,"AUC",0.854006656426011,0.00999999999999091,NA,20,0,20,20,0,0,0,0,1,0,1,1
71,"binary",2,"Purely linear","Random forest",TRUE,"AUC",0.806099590373784,0.169999999999845,NA,NA,NA,NA,NA,NA,NA,NA,NA,NA,NA,NA,NA
71,"binary",2,"Purely linear","RuleFit",TRUE,"AUC",0.834005376344086,9.99000000000001,NA,17,17,0,0,13,4,0,0,0,0.764705882352941,0.764705882352941,2.23529411764706
72,"binary",2,"Purely linear","BRP-GABLE full",TRUE,"AUC",0.826702543404446,109.46,NA,36,35,1,5,31,0,0,0,0.138888888888889,0.861111111111111,1,1.86111111111111
72,"binary",2,"Purely linear","BRP-GABLE rule-only",TRUE,"AUC",0.82606188737267,109.43,NA,40,40,0,6,34,0,0,0,0.15,0.85,1,1.85
72,"binary",2,"Purely linear","GABLE",TRUE,"AUC",0.724517906336088,2.08999999999992,NA,5,5,0,4,1,0,0,0,0.8,0.2,1,1.2
72,"binary",2,"Purely linear","GBM",TRUE,"AUC",0.838939073611378,0.00999999999999091,NA,NA,NA,NA,NA,NA,NA,NA,NA,NA,NA,NA,NA
72,"binary",2,"Purely linear","Linear",TRUE,"AUC",0.867512332628612,0.0199999999999818,NA,20,0,20,20,0,0,0,0,1,0,1,1
72,"binary",2,"Purely linear","Random forest",TRUE,"AUC",0.83807418796848,0.160000000000082,NA,NA,NA,NA,NA,NA,NA,NA,NA,NA,NA,NA,NA
72,"binary",2,"Purely linear","RuleFit",TRUE,"AUC",0.822890640015376,12.8200000000002,NA,35,35,0,0,20,15,0,0,0,0.571428571428571,0.571428571428571,2.42857142857143
73,"binary",2,"Purely linear","BRP-GABLE full",TRUE,"AUC",0.799539170506912,123.03,NA,31,30,1,5,26,0,0,0,0.161290322580645,0.838709677419355,1,1.83870967741935
73,"binary",2,"Purely linear","BRP-GABLE rule-only",TRUE,"AUC",0.79560291858679,123.09,NA,31,31,0,3,28,0,0,0,0.0967741935483871,0.903225806451613,1,1.90322580645161
73,"binary",2,"Purely linear","GABLE",TRUE,"AUC",0.767697132616487,2.3900000000001,NA,5,5,0,4,1,0,0,0,0.8,0.2,1,1.2
73,"binary",2,"Purely linear","GBM",TRUE,"AUC",0.813940092165899,0.0300000000002001,NA,NA,NA,NA,NA,NA,NA,NA,NA,NA,NA,NA,NA
73,"binary",2,"Purely linear","Linear",TRUE,"AUC",0.876280081925243,0,NA,20,0,20,20,0,0,0,0,1,0,1,1
73,"binary",2,"Purely linear","Random forest",TRUE,"AUC",0.830357142857143,0.169999999999845,NA,NA,NA,NA,NA,NA,NA,NA,NA,NA,NA,NA,NA
73,"binary",2,"Purely linear","RuleFit",TRUE,"AUC",0.824724782386073,13.72,NA,26,26,0,0,17,9,0,0,0,0.653846153846154,0.653846153846154,2.34615384615385
74,"binary",2,"Purely linear","BRP-GABLE full",TRUE,"AUC",0.789234511008705,106.72,NA,32,32,0,2,30,0,0,0,0.0625,0.9375,1,1.9375
74,"binary",2,"Purely linear","BRP-GABLE rule-only",TRUE,"AUC",0.789874551971326,106.87,NA,31,31,0,1,30,0,0,0,0.032258064516129,0.967741935483871,1,1.96774193548387
74,"binary",2,"Purely linear","GABLE",TRUE,"AUC",0.67655529953917,1.62999999999988,NA,4,4,0,1,3,0,0,0,0.25,0.75,1,1.75
74,"binary",2,"Purely linear","GBM",TRUE,"AUC",0.81547619047619,0.0299999999999727,NA,NA,NA,NA,NA,NA,NA,NA,NA,NA,NA,NA,NA
74,"binary",2,"Purely linear","Linear",TRUE,"AUC",0.840117767537122,0,NA,20,0,20,20,0,0,0,0,1,0,1,1
74,"binary",2,"Purely linear","Random forest",TRUE,"AUC",0.798771121351767,0.150000000000091,NA,NA,NA,NA,NA,NA,NA,NA,NA,NA,NA,NA,NA
74,"binary",2,"Purely linear","RuleFit",TRUE,"AUC",0.790962621607783,12.6400000000001,NA,31,31,0,0,18,13,0,0,0,0.580645161290323,0.580645161290323,2.41935483870968
75,"binary",2,"Purely linear","BRP-GABLE full",TRUE,"AUC",0.797324114973433,99.21,NA,38,36,2,3,35,0,0,0,0.0789473684210526,0.921052631578947,1,1.92105263157895
75,"binary",2,"Purely linear","BRP-GABLE rule-only",TRUE,"AUC",0.796843992061968,99.22,NA,36,36,0,1,35,0,0,0,0.0277777777777778,0.972222222222222,1,1.97222222222222
75,"binary",2,"Purely linear","GABLE",TRUE,"AUC",0.773157928429678,2.1099999999999,NA,5,5,0,5,0,0,0,0,1,0,1,1
75,"binary",2,"Purely linear","GBM",TRUE,"AUC",0.830228538505858,0.0299999999999727,NA,NA,NA,NA,NA,NA,NA,NA,NA,NA,NA,NA,NA
75,"binary",2,"Purely linear","Linear",TRUE,"AUC",0.86274886370911,0,NA,20,0,20,20,0,0,0,0,1,0,1,1
75,"binary",2,"Purely linear","Random forest",TRUE,"AUC",0.803085589911017,0.160000000000082,NA,NA,NA,NA,NA,NA,NA,NA,NA,NA,NA,NA,NA
75,"binary",2,"Purely linear","RuleFit",TRUE,"AUC",0.821490301517188,12.9400000000001,NA,32,32,0,0,22,10,0,0,0,0.6875,0.6875,2.3125
76,"binary",2,"Purely linear","BRP-GABLE full",TRUE,"AUC",0.851702508960573,118.01,NA,45,45,0,9,36,0,0,0,0.2,0.8,1,1.8
76,"binary",2,"Purely linear","BRP-GABLE rule-only",TRUE,"AUC",0.852982590885817,118.06,NA,45,45,0,9,36,0,0,0,0.2,0.8,1,1.8
76,"binary",2,"Purely linear","GABLE",TRUE,"AUC",0.780081925243216,1.83999999999992,NA,5,5,0,4,1,0,0,0,0.8,0.2,1,1.2
76,"binary",2,"Purely linear","GBM",TRUE,"AUC",0.844982078853047,0.0299999999999727,NA,NA,NA,NA,NA,NA,NA,NA,NA,NA,NA,NA,NA
76,"binary",2,"Purely linear","Linear",TRUE,"AUC",0.890488991295443,0,NA,20,0,20,20,0,0,0,0,1,0,1,1
76,"binary",2,"Purely linear","Random forest",TRUE,"AUC",0.849782386072709,0.170000000000073,NA,NA,NA,NA,NA,NA,NA,NA,NA,NA,NA,NA,NA
76,"binary",2,"Purely linear","RuleFit",TRUE,"AUC",0.862807219662058,12.6900000000001,NA,36,36,0,0,27,9,0,0,0,0.75,0.75,2.25
77,"binary",2,"Purely linear","BRP-GABLE full",TRUE,"AUC",0.792299314498046,113.7,NA,44,44,0,9,35,0,0,0,0.204545454545455,0.795454545454545,1,1.79545454545455
77,"binary",2,"Purely linear","BRP-GABLE rule-only",TRUE,"AUC",0.795310397847396,113.7,NA,44,44,0,9,35,0,0,0,0.204545454545455,0.795454545454545,1,1.79545454545455
77,"binary",2,"Purely linear","GABLE",TRUE,"AUC",0.713370491383176,2.17000000000007,NA,5,5,0,5,0,0,0,0,1,0,1,1
77,"binary",2,"Purely linear","GBM",TRUE,"AUC",0.787622525466077,0.0299999999999727,NA,NA,NA,NA,NA,NA,NA,NA,NA,NA,NA,NA,NA
77,"binary",2,"Purely linear","Linear",TRUE,"AUC",0.859888525850471,0,NA,20,0,20,20,0,0,0,0,1,0,1,1
77,"binary",2,"Purely linear","Random forest",TRUE,"AUC",0.786821705426357,0.170000000000073,NA,NA,NA,NA,NA,NA,NA,NA,NA,NA,NA,NA,NA
77,"binary",2,"Purely linear","RuleFit",TRUE,"AUC",0.770997501441476,11,NA,21,21,0,0,15,6,0,0,0,0.714285714285714,0.714285714285714,2.28571428571429
78,"binary",2,"Purely linear","BRP-GABLE full",TRUE,"AUC",0.819700460829493,104.35,NA,28,27,1,1,27,0,0,0,0.0357142857142857,0.964285714285714,1,1.96428571428571
78,"binary",2,"Purely linear","BRP-GABLE rule-only",TRUE,"AUC",0.815028161802355,104.31,NA,30,30,0,2,28,0,0,0,0.0666666666666667,0.933333333333333,1,1.93333333333333
78,"binary",2,"Purely linear","GABLE",TRUE,"AUC",0.740207373271889,1.78999999999996,NA,5,5,0,4,1,0,0,0,0.8,0.2,1,1.2
78,"binary",2,"Purely linear","GBM",TRUE,"AUC",0.831541218637993,0.0199999999999818,NA,NA,NA,NA,NA,NA,NA,NA,NA,NA,NA,NA,NA
78,"binary",2,"Purely linear","Linear",TRUE,"AUC",0.844406041986687,0.0199999999999818,NA,20,0,20,20,0,0,0,0,1,0,1,1
78,"binary",2,"Purely linear","Random forest",TRUE,"AUC",0.775729646697389,0.1400000000001,NA,NA,NA,NA,NA,NA,NA,NA,NA,NA,NA,NA,NA
78,"binary",2,"Purely linear","RuleFit",TRUE,"AUC",0.797875064004096,13.28,NA,29,29,0,0,11,18,0,0,0,0.379310344827586,0.379310344827586,2.62068965517241
79,"binary",2,"Purely linear","BRP-GABLE full",TRUE,"AUC",0.85601705316194,129.56,NA,41,41,0,10,31,0,0,0,0.24390243902439,0.75609756097561,1,1.75609756097561
79,"binary",2,"Purely linear","BRP-GABLE rule-only",TRUE,"AUC",0.85601705316194,129.52,NA,41,41,0,10,31,0,0,0,0.24390243902439,0.75609756097561,1,1.75609756097561
79,"binary",2,"Purely linear","GABLE",TRUE,"AUC",0.758898004004909,1.96000000000004,NA,5,5,0,3,2,0,0,0,0.6,0.4,1,1.4
79,"binary",2,"Purely linear","GBM",TRUE,"AUC",0.874362121309993,0.0299999999999727,NA,NA,NA,NA,NA,NA,NA,NA,NA,NA,NA,NA,NA
79,"binary",2,"Purely linear","Linear",TRUE,"AUC",0.890446353594729,0,NA,20,0,20,20,0,0,0,0,1,0,1,1
79,"binary",2,"Purely linear","Random forest",TRUE,"AUC",0.875944706414314,0.149999999999864,NA,NA,NA,NA,NA,NA,NA,NA,NA,NA,NA,NA,NA
79,"binary",2,"Purely linear","RuleFit",TRUE,"AUC",0.873877656482139,13.0699999999999,NA,45,45,0,0,34,11,0,0,0,0.755555555555556,0.755555555555556,2.24444444444444
80,"binary",2,"Purely linear","BRP-GABLE full",TRUE,"AUC",0.874815243236296,102.12,NA,59,57,2,16,43,0,0,0,0.271186440677966,0.728813559322034,1,1.72881355932203
80,"binary",2,"Purely linear","BRP-GABLE rule-only",TRUE,"AUC",0.874172611014716,102.06,NA,58,58,0,14,44,0,0,0,0.241379310344828,0.758620689655172,1,1.75862068965517
80,"binary",2,"Purely linear","GABLE",TRUE,"AUC",0.771608508450614,2.06999999999994,NA,5,5,0,5,0,0,0,0,1,0,1,1
80,"binary",2,"Purely linear","GBM",TRUE,"AUC",0.861319966583124,0.0299999999999727,NA,NA,NA,NA,NA,NA,NA,NA,NA,NA,NA,NA,NA
80,"binary",2,"Purely linear","Linear",TRUE,"AUC",0.900970374654585,0,NA,20,0,20,20,0,0,0,0,1,0,1,1
80,"binary",2,"Purely linear","Random forest",TRUE,"AUC",0.842362316046527,0.160000000000082,NA,NA,NA,NA,NA,NA,NA,NA,NA,NA,NA,NA,NA
80,"binary",2,"Purely linear","RuleFit",TRUE,"AUC",0.834490071332177,12.2900000000002,NA,26,26,0,0,19,7,0,0,0,0.730769230769231,0.730769230769231,2.26923076923077
81,"binary",2,"Purely linear","BRP-GABLE full",TRUE,"AUC",0.771764252696456,105.74,NA,34,33,1,3,31,0,0,0,0.0882352941176471,0.911764705882353,1,1.91176470588235
81,"binary",2,"Purely linear","BRP-GABLE rule-only",TRUE,"AUC",0.772438366718028,105.78,NA,34,34,0,2,32,0,0,0,0.0588235294117647,0.941176470588235,1,1.94117647058824
81,"binary",2,"Purely linear","GABLE",TRUE,"AUC",0.650006420133539,1.93000000000006,NA,4,4,0,2,2,0,0,0,0.5,0.5,1,1.5
81,"binary",2,"Purely linear","GBM",TRUE,"AUC",0.805598356445814,0.0299999999999727,NA,NA,NA,NA,NA,NA,NA,NA,NA,NA,NA,NA,NA
81,"binary",2,"Purely linear","Linear",TRUE,"AUC",0.871597329224448,0.0199999999999818,NA,20,0,20,20,0,0,0,0,1,0,1,1
81,"binary",2,"Purely linear","Random forest",TRUE,"AUC",0.795936055469954,0.150000000000091,NA,NA,NA,NA,NA,NA,NA,NA,NA,NA,NA,NA,NA
81,"binary",2,"Purely linear","RuleFit",TRUE,"AUC",0.812339496661531,11.3199999999999,NA,27,27,0,1,9,17,0,0,0.037037037037037,0.333333333333333,0.37037037037037,2.59259259259259
82,"binary",2,"Purely linear","BRP-GABLE full",TRUE,"AUC",0.850266692371956,96.75,NA,37,37,0,7,30,0,0,0,0.189189189189189,0.810810810810811,1,1.81081081081081
82,"binary",2,"Purely linear","BRP-GABLE rule-only",TRUE,"AUC",0.850330955594113,96.8099999999999,NA,36,36,0,7,29,0,0,0,0.194444444444444,0.805555555555556,1,1.80555555555556
82,"binary",2,"Purely linear","GABLE",TRUE,"AUC",0.772443930338667,1.8599999999999,NA,5,5,0,5,0,0,0,0,1,0,1,1
82,"binary",2,"Purely linear","GBM",TRUE,"AUC",0.887924940556519,0.0299999999999727,NA,NA,NA,NA,NA,NA,NA,NA,NA,NA,NA,NA,NA
82,"binary",2,"Purely linear","Linear",TRUE,"AUC",0.868517447464816,0,NA,20,0,20,20,0,0,0,0,1,0,1,1
82,"binary",2,"Purely linear","Random forest",TRUE,"AUC",0.861866203971467,0.180000000000064,NA,NA,NA,NA,NA,NA,NA,NA,NA,NA,NA,NA,NA
82,"binary",2,"Purely linear","RuleFit",TRUE,"AUC",0.854893644367329,10.8499999999999,NA,23,23,0,0,16,7,0,0,0,0.695652173913043,0.695652173913043,2.30434782608696
83,"binary",2,"Purely linear","BRP-GABLE full",TRUE,"AUC",0.833659363588941,98.2599999999998,NA,58,58,0,19,39,0,0,0,0.327586206896552,0.672413793103448,1,1.67241379310345
83,"binary",2,"Purely linear","BRP-GABLE rule-only",TRUE,"AUC",0.833659363588941,98.3000000000002,NA,58,58,0,19,39,0,0,0,0.327586206896552,0.672413793103448,1,1.67241379310345
83,"binary",2,"Purely linear","GABLE",TRUE,"AUC",0.759194053208138,1.91999999999962,NA,5,5,0,5,0,0,0,0,1,0,1,1
83,"binary",2,"Purely linear","GBM",TRUE,"AUC",0.888823682837767,0.0199999999999818,NA,NA,NA,NA,NA,NA,NA,NA,NA,NA,NA,NA,NA
83,"binary",2,"Purely linear","Linear",TRUE,"AUC",0.927947313510694,0.0100000000002183,NA,20,0,20,20,0,0,0,0,1,0,1,1
83,"binary",2,"Purely linear","Random forest",TRUE,"AUC",0.843570683359416,0.170000000000073,NA,NA,NA,NA,NA,NA,NA,NA,NA,NA,NA,NA,NA
83,"binary",2,"Purely linear","RuleFit",TRUE,"AUC",0.844972613458529,12.0300000000002,NA,25,25,0,0,18,7,0,0,0,0.72,0.72,2.28
84,"binary",2,"Purely linear","BRP-GABLE full",TRUE,"AUC",0.84852074795082,108.5,NA,29,29,0,3,26,0,0,0,0.103448275862069,0.896551724137931,1,1.89655172413793
84,"binary",2,"Purely linear","BRP-GABLE rule-only",TRUE,"AUC",0.84852074795082,108.68,NA,29,29,0,3,26,0,0,0,0.103448275862069,0.896551724137931,1,1.89655172413793
84,"binary",2,"Purely linear","GABLE",TRUE,"AUC",0.763319672131148,1.57000000000016,NA,5,5,0,3,2,0,0,0,0.6,0.4,1,1.4
84,"binary",2,"Purely linear","GBM",TRUE,"AUC",0.867571721311475,0.0299999999997453,NA,NA,NA,NA,NA,NA,NA,NA,NA,NA,NA,NA,NA
84,"binary",2,"Purely linear","Linear",TRUE,"AUC",0.892546106557377,0,NA,20,0,20,20,0,0,0,0,1,0,1,1
84,"binary",2,"Purely linear","Random forest",TRUE,"AUC",0.864049692622951,0.150000000000091,NA,NA,NA,NA,NA,NA,NA,NA,NA,NA,NA,NA,NA
84,"binary",2,"Purely linear","RuleFit",TRUE,"AUC",0.850537909836066,10.1700000000001,NA,33,33,0,0,23,10,0,0,0,0.696969696969697,0.696969696969697,2.3030303030303
85,"binary",2,"Purely linear","BRP-GABLE full",TRUE,"AUC",0.874935500515996,97.8400000000001,NA,48,47,1,13,35,0,0,0,0.270833333333333,0.729166666666667,1,1.72916666666667
85,"binary",2,"Purely linear","BRP-GABLE rule-only",TRUE,"AUC",0.873645510835913,97.9300000000003,NA,49,49,0,14,35,0,0,0,0.285714285714286,0.714285714285714,1,1.71428571428571
85,"binary",2,"Purely linear","GABLE",TRUE,"AUC",0.767124613003096,1.5300000000002,NA,5,5,0,3,2,0,0,0,0.6,0.4,1,1.4
85,"binary",2,"Purely linear","GBM",TRUE,"AUC",0.87093653250774,0.0300000000002001,NA,NA,NA,NA,NA,NA,NA,NA,NA,NA,NA,NA,NA
85,"binary",2,"Purely linear","Linear",TRUE,"AUC",0.887125902992776,0.0199999999999818,NA,20,0,20,20,0,0,0,0,1,0,1,1
85,"binary",2,"Purely linear","Random forest",TRUE,"AUC",0.866744066047472,0.159999999999854,NA,NA,NA,NA,NA,NA,NA,NA,NA,NA,NA,NA,NA
85,"binary",2,"Purely linear","RuleFit",TRUE,"AUC",0.892221362229102,11.3099999999999,NA,30,30,0,1,24,5,0,0,0.0333333333333333,0.8,0.833333333333333,2.13333333333333
86,"binary",2,"Purely linear","BRP-GABLE full",TRUE,"AUC",0.819301315704193,99.0799999999999,NA,34,34,0,7,27,0,0,0,0.205882352941176,0.794117647058823,1,1.79411764705882
86,"binary",2,"Purely linear","BRP-GABLE rule-only",TRUE,"AUC",0.820273510920993,99.0700000000002,NA,34,34,0,7,27,0,0,0,0.205882352941176,0.794117647058823,1,1.79411764705882
86,"binary",2,"Purely linear","GABLE",TRUE,"AUC",0.773802579557975,1.9699999999998,NA,5,5,0,5,0,0,0,0,1,0,1,1
86,"binary",2,"Purely linear","GBM",TRUE,"AUC",0.841143301574956,0.0500000000001819,NA,NA,NA,NA,NA,NA,NA,NA,NA,NA,NA,NA,NA
86,"binary",2,"Purely linear","Linear",TRUE,"AUC",0.834856439172986,0,NA,20,0,20,20,0,0,0,0,1,0,1,1
86,"binary",2,"Purely linear","Random forest",TRUE,"AUC",0.821213299630566,0.170000000000073,NA,NA,NA,NA,NA,NA,NA,NA,NA,NA,NA,NA,NA
86,"binary",2,"Purely linear","RuleFit",TRUE,"AUC",0.82610668222179,11.5900000000001,NA,33,33,0,0,27,6,0,0,0,0.818181818181818,0.818181818181818,2.18181818181818
87,"binary",2,"Purely linear","BRP-GABLE full",TRUE,"AUC",0.800492926189104,103.55,NA,40,40,0,5,35,0,0,0,0.125,0.875,1,1.875
87,"binary",2,"Purely linear","BRP-GABLE rule-only",TRUE,"AUC",0.800492926189104,103.51,NA,40,40,0,5,35,0,0,0,0.125,0.875,1,1.875
87,"binary",2,"Purely linear","GABLE",TRUE,"AUC",0.718968055822291,1.7800000000002,NA,5,5,0,4,1,0,0,0,0.8,0.2,1,1.2
87,"binary",2,"Purely linear","GBM",TRUE,"AUC",0.834453620126753,0.0300000000002001,NA,NA,NA,NA,NA,NA,NA,NA,NA,NA,NA,NA,NA
87,"binary",2,"Purely linear","Linear",TRUE,"AUC",0.884130337366366,0.0199999999999818,NA,20,0,20,20,0,0,0,0,1,0,1,1
87,"binary",2,"Purely linear","Random forest",TRUE,"AUC",0.788297804237885,0.159999999999854,NA,NA,NA,NA,NA,NA,NA,NA,NA,NA,NA,NA,NA
87,"binary",2,"Purely linear","RuleFit",TRUE,"AUC",0.759010306638499,10.8299999999999,NA,23,23,0,0,15,8,0,0,0,0.652173913043478,0.652173913043478,2.34782608695652
88,"binary",2,"Purely linear","BRP-GABLE full",TRUE,"AUC",0.789887422360248,96.8000000000002,NA,37,37,0,0,37,0,0,0,0,1,1,2
88,"binary",2,"Purely linear","BRP-GABLE rule-only",TRUE,"AUC",0.790599120082816,96.77,NA,37,37,0,0,37,0,0,0,0,1,1,2
88,"binary",2,"Purely linear","GABLE",TRUE,"AUC",0.752426242236025,1.5,NA,5,5,0,2,3,0,0,0,0.4,0.6,1,1.6
88,"binary",2,"Purely linear","GBM",TRUE,"AUC",0.846208592132505,0.0199999999999818,NA,NA,NA,NA,NA,NA,NA,NA,NA,NA,NA,NA,NA
88,"binary",2,"Purely linear","Linear",TRUE,"AUC",0.872476708074534,0.0199999999999818,NA,20,0,20,20,0,0,0,0,1,0,1,1
88,"binary",2,"Purely linear","Random forest",TRUE,"AUC",0.815217391304348,0.170000000000073,NA,NA,NA,NA,NA,NA,NA,NA,NA,NA,NA,NA,NA
88,"binary",2,"Purely linear","RuleFit",TRUE,"AUC",0.836535973084886,10.1399999999999,NA,20,20,0,0,12,8,0,0,0,0.6,0.6,2.4
89,"binary",2,"Purely linear","BRP-GABLE full",TRUE,"AUC",0.826899686319698,123.43,NA,41,40,1,13,28,0,0,0,0.317073170731707,0.682926829268293,1,1.68292682926829
89,"binary",2,"Purely linear","BRP-GABLE rule-only",TRUE,"AUC",0.829012227130145,123.36,NA,53,53,0,17,36,0,0,0,0.320754716981132,0.679245283018868,1,1.67924528301887
89,"binary",2,"Purely linear","GABLE",TRUE,"AUC",0.7188400230459,2.27999999999975,NA,5,5,0,5,0,0,0,0,1,0,1,1
89,"binary",2,"Purely linear","GBM",TRUE,"AUC",0.827027719096089,0.0300000000002001,NA,NA,NA,NA,NA,NA,NA,NA,NA,NA,NA,NA,NA
89,"binary",2,"Purely linear","Linear",TRUE,"AUC",0.887587222328916,0,NA,20,0,20,20,0,0,0,0,1,0,1,1
89,"binary",2,"Purely linear","Random forest",TRUE,"AUC",0.790346328660137,0.170000000000073,NA,NA,NA,NA,NA,NA,NA,NA,NA,NA,NA,NA,NA
89,"binary",2,"Purely linear","RuleFit",TRUE,"AUC",0.833429357915626,15.4900000000002,NA,40,40,0,0,22,18,0,0,0,0.55,0.55,2.45
90,"binary",2,"Purely linear","BRP-GABLE full",TRUE,"AUC",0.80114513638703,112.43,NA,37,37,0,2,35,0,0,0,0.0540540540540541,0.945945945945946,1,1.94594594594595
90,"binary",2,"Purely linear","BRP-GABLE rule-only",TRUE,"AUC",0.805198147195059,112.39,NA,43,43,0,5,38,0,0,0,0.116279069767442,0.883720930232558,1,1.88372093023256
90,"binary",2,"Purely linear","GABLE",TRUE,"AUC",0.749806999485332,1.65999999999985,NA,4,4,0,2,2,0,0,0,0.5,0.5,1,1.5
90,"binary",2,"Purely linear","GBM",TRUE,"AUC",0.84547092125579,0.0299999999997453,NA,NA,NA,NA,NA,NA,NA,NA,NA,NA,NA,NA,NA
90,"binary",2,"Purely linear","Linear",TRUE,"AUC",0.869917653113742,0,NA,20,0,20,20,0,0,0,0,1,0,1,1
90,"binary",2,"Purely linear","Random forest",TRUE,"AUC",0.814526505404014,0.150000000000091,NA,NA,NA,NA,NA,NA,NA,NA,NA,NA,NA,NA,NA
90,"binary",2,"Purely linear","RuleFit",TRUE,"AUC",0.816070509521359,13.75,NA,38,38,0,0,25,13,0,0,0,0.657894736842105,0.657894736842105,2.34210526315789
91,"binary",2,"Purely linear","BRP-GABLE full",TRUE,"AUC",0.804303278688525,95.9499999999998,NA,39,39,0,5,34,0,0,0,0.128205128205128,0.871794871794872,1,1.87179487179487
91,"binary",2,"Purely linear","BRP-GABLE rule-only",TRUE,"AUC",0.804303278688525,95.9099999999999,NA,39,39,0,5,34,0,0,0,0.128205128205128,0.871794871794872,1,1.87179487179487
91,"binary",2,"Purely linear","GABLE",TRUE,"AUC",0.698162141393443,2.03999999999996,NA,4,4,0,2,2,0,0,0,0.5,0.5,1,1.5
91,"binary",2,"Purely linear","GBM",TRUE,"AUC",0.809362192622951,0.0499999999997272,NA,NA,NA,NA,NA,NA,NA,NA,NA,NA,NA,NA,NA
91,"binary",2,"Purely linear","Linear",TRUE,"AUC",0.853099385245902,0,NA,20,0,20,20,0,0,0,0,1,0,1,1
91,"binary",2,"Purely linear","Random forest",TRUE,"AUC",0.802894467213115,0.180000000000291,NA,NA,NA,NA,NA,NA,NA,NA,NA,NA,NA,NA,NA
91,"binary",2,"Purely linear","RuleFit",TRUE,"AUC",0.825435450819672,12.1700000000001,NA,30,30,0,1,26,3,0,0,0.0333333333333333,0.866666666666667,0.9,2.06666666666667
92,"binary",2,"Purely linear","BRP-GABLE full",TRUE,"AUC",0.874301137459032,116.37,NA,38,37,1,9,29,0,0,0,0.236842105263158,0.763157894736842,1,1.76315789473684
92,"binary",2,"Purely linear","BRP-GABLE rule-only",TRUE,"AUC",0.873337189126663,116.51,NA,41,41,0,12,29,0,0,0,0.292682926829268,0.707317073170732,1,1.70731707317073
92,"binary",2,"Purely linear","GABLE",TRUE,"AUC",0.737034894929632,2.2800000000002,NA,5,5,0,5,0,0,0,0,1,0,1,1
92,"binary",2,"Purely linear","GBM",TRUE,"AUC",0.876421823790245,0.0300000000002001,NA,NA,NA,NA,NA,NA,NA,NA,NA,NA,NA,NA,NA
92,"binary",2,"Purely linear","Linear",TRUE,"AUC",0.908939014202172,0,NA,20,0,20,20,0,0,0,0,1,0,1,1
92,"binary",2,"Purely linear","Random forest",TRUE,"AUC",0.847342715763768,0.179999999999836,NA,NA,NA,NA,NA,NA,NA,NA,NA,NA,NA,NA,NA
92,"binary",2,"Purely linear","RuleFit",TRUE,"AUC",0.880149090675406,12.4699999999998,NA,35,35,0,1,17,17,0,0,0.0285714285714286,0.485714285714286,0.514285714285714,2.45714285714286
93,"binary",2,"Purely linear","BRP-GABLE full",TRUE,"AUC",0.746095750128008,112.39,NA,41,40,1,7,34,0,0,0,0.170731707317073,0.829268292682927,1,1.82926829268293
93,"binary",2,"Purely linear","BRP-GABLE rule-only",TRUE,"AUC",0.74436763952893,112.4,NA,43,43,0,7,36,0,0,0,0.162790697674419,0.837209302325581,1,1.83720930232558
93,"binary",2,"Purely linear","GABLE",TRUE,"AUC",0.684619815668203,2.3100000000004,NA,4,4,0,3,1,0,0,0,0.75,0.25,1,1.25
93,"binary",2,"Purely linear","GBM",TRUE,"AUC",0.768497183819765,0.0299999999997453,NA,NA,NA,NA,NA,NA,NA,NA,NA,NA,NA,NA,NA
93,"binary",2,"Purely linear","Linear",TRUE,"AUC",0.833909370199693,0.0100000000002183,NA,20,0,20,20,0,0,0,0,1,0,1,1
93,"binary",2,"Purely linear","Random forest",TRUE,"AUC",0.761200716845878,0.159999999999854,NA,NA,NA,NA,NA,NA,NA,NA,NA,NA,NA,NA,NA
93,"binary",2,"Purely linear","RuleFit",TRUE,"AUC",0.742639528929852,12.27,NA,37,37,0,3,25,9,0,0,0.0810810810810811,0.675675675675676,0.756756756756757,2.16216216216216
94,"binary",2,"Purely linear","BRP-GABLE full",TRUE,"AUC",0.857884615384615,114.53,NA,50,49,1,14,36,0,0,0,0.28,0.72,1,1.72
94,"binary",2,"Purely linear","BRP-GABLE rule-only",TRUE,"AUC",0.858717948717949,114.52,NA,42,42,0,10,32,0,0,0,0.238095238095238,0.761904761904762,1,1.76190476190476
94,"binary",2,"Purely linear","GABLE",TRUE,"AUC",0.787019230769231,2.26999999999998,NA,5,5,0,3,2,0,0,0,0.6,0.4,1,1.4
94,"binary",2,"Purely linear","GBM",TRUE,"AUC",0.852115384615385,0.0199999999999818,NA,NA,NA,NA,NA,NA,NA,NA,NA,NA,NA,NA,NA
94,"binary",2,"Purely linear","Linear",TRUE,"AUC",0.895,0.00999999999976353,NA,20,0,20,20,0,0,0,0,1,0,1,1
94,"binary",2,"Purely linear","Random forest",TRUE,"AUC",0.874230769230769,0.150000000000091,NA,NA,NA,NA,NA,NA,NA,NA,NA,NA,NA,NA,NA
94,"binary",2,"Purely linear","RuleFit",TRUE,"AUC",0.871794871794872,13.2200000000003,NA,29,29,0,0,21,8,0,0,0,0.724137931034483,0.724137931034483,2.27586206896552
95,"binary",2,"Purely linear","BRP-GABLE full",TRUE,"AUC",0.805282436861384,114.64,NA,44,43,1,13,31,0,0,0,0.295454545454545,0.704545454545455,1,1.70454545454545
95,"binary",2,"Purely linear","BRP-GABLE rule-only",TRUE,"AUC",0.803804382751751,114.63,NA,50,50,0,17,33,0,0,0,0.34,0.66,1,1.66
95,"binary",2,"Purely linear","GABLE",TRUE,"AUC",0.740601503759398,2.13999999999987,NA,5,5,0,4,1,0,0,0,0.8,0.2,1,1.2
95,"binary",2,"Purely linear","GBM",TRUE,"AUC",0.843004948268106,0.0300000000002001,NA,NA,NA,NA,NA,NA,NA,NA,NA,NA,NA,NA,NA
95,"binary",2,"Purely linear","Linear",TRUE,"AUC",0.889531521110469,0,NA,20,0,20,20,0,0,0,0,1,0,1,1
95,"binary",2,"Purely linear","Random forest",TRUE,"AUC",0.822922691343744,0.179999999999836,NA,NA,NA,NA,NA,NA,NA,NA,NA,NA,NA,NA,NA
95,"binary",2,"Purely linear","RuleFit",TRUE,"AUC",0.813540260908682,13.3900000000003,NA,30,30,0,0,24,6,0,0,0,0.8,0.8,2.2
96,"binary",2,"Purely linear","BRP-GABLE full",TRUE,"AUC",0.776765668099301,183.35,NA,37,37,0,2,35,0,0,0,0.0540540540540541,0.945945945945946,1,1.94594594594595
96,"binary",2,"Purely linear","BRP-GABLE rule-only",TRUE,"AUC",0.776765668099301,183.34,NA,37,37,0,2,35,0,0,0,0.0540540540540541,0.945945945945946,1,1.94594594594595
96,"binary",2,"Purely linear","GABLE",TRUE,"AUC",0.749342485085637,1.67000000000007,NA,4,4,0,2,2,0,0,0,0.5,0.5,1,1.5
96,"binary",2,"Purely linear","GBM",TRUE,"AUC",0.815254346013214,0.00999999999976353,NA,NA,NA,NA,NA,NA,NA,NA,NA,NA,NA,NA,NA
96,"binary",2,"Purely linear","Linear",TRUE,"AUC",0.861504907306434,0.0199999999999818,NA,20,0,20,20,0,0,0,0,1,0,1,1
96,"binary",2,"Purely linear","Random forest",TRUE,"AUC",0.801398421964206,0.130000000000109,NA,NA,NA,NA,NA,NA,NA,NA,NA,NA,NA,NA,NA
96,"binary",2,"Purely linear","RuleFit",TRUE,"AUC",0.798094810443261,8.38000000000011,NA,32,32,0,0,23,9,0,0,0,0.71875,0.71875,2.28125
97,"binary",2,"Purely linear","BRP-GABLE full",TRUE,"AUC",0.842439727463312,129.23,NA,39,39,0,3,36,0,0,0,0.0769230769230769,0.923076923076923,1,1.92307692307692
97,"binary",2,"Purely linear","BRP-GABLE rule-only",TRUE,"AUC",0.842505241090147,129.24,NA,38,38,0,2,36,0,0,0,0.0526315789473684,0.947368421052632,1,1.94736842105263
97,"binary",2,"Purely linear","GABLE",TRUE,"AUC",0.728511530398323,1.96000000000004,NA,5,5,0,3,2,0,0,0,0.6,0.4,1,1.4
97,"binary",2,"Purely linear","GBM",TRUE,"AUC",0.857573375262055,0.0300000000002001,NA,NA,NA,NA,NA,NA,NA,NA,NA,NA,NA,NA,NA
97,"binary",2,"Purely linear","Linear",TRUE,"AUC",0.879127358490566,0,NA,20,0,20,20,0,0,0,0,1,0,1,1
97,"binary",2,"Purely linear","Random forest",TRUE,"AUC",0.833759171907757,0.150000000000091,NA,NA,NA,NA,NA,NA,NA,NA,NA,NA,NA,NA,NA
97,"binary",2,"Purely linear","RuleFit",TRUE,"AUC",0.850366876310273,12.3599999999997,NA,41,41,0,1,25,15,0,0,0.024390243902439,0.609756097560976,0.634146341463415,2.34146341463415
98,"binary",2,"Purely linear","BRP-GABLE full",TRUE,"AUC",0.806282051282051,98.5800000000004,NA,57,56,1,15,42,0,0,0,0.263157894736842,0.736842105263158,1,1.73684210526316
98,"binary",2,"Purely linear","BRP-GABLE rule-only",TRUE,"AUC",0.803141025641026,98.6100000000001,NA,55,55,0,14,41,0,0,0,0.254545454545455,0.745454545454545,1,1.74545454545455
98,"binary",2,"Purely linear","GABLE",TRUE,"AUC",0.684102564102564,1.94000000000005,NA,4,4,0,3,1,0,0,0,0.75,0.25,1,1.25
98,"binary",2,"Purely linear","GBM",TRUE,"AUC",0.831474358974359,0.0299999999997453,NA,NA,NA,NA,NA,NA,NA,NA,NA,NA,NA,NA,NA
98,"binary",2,"Purely linear","Linear",TRUE,"AUC",0.867435897435897,0,NA,20,0,20,20,0,0,0,0,1,0,1,1
98,"binary",2,"Purely linear","Random forest",TRUE,"AUC",0.815320512820513,0.170000000000073,NA,NA,NA,NA,NA,NA,NA,NA,NA,NA,NA,NA,NA
98,"binary",2,"Purely linear","RuleFit",TRUE,"AUC",0.819679487179487,10.79,NA,17,17,0,0,13,4,0,0,0,0.764705882352941,0.764705882352941,2.23529411764706
99,"binary",2,"Purely linear","BRP-GABLE full",TRUE,"AUC",0.848098017833087,102.31,NA,30,29,1,1,29,0,0,0,0.0333333333333333,0.966666666666667,1,1.96666666666667
99,"binary",2,"Purely linear","BRP-GABLE rule-only",TRUE,"AUC",0.850022451728783,102.23,NA,28,28,0,0,28,0,0,0,0,1,1,2
99,"binary",2,"Purely linear","GABLE",TRUE,"AUC",0.702065559048047,1.34999999999991,NA,5,5,0,3,2,0,0,0,0.6,0.4,1,1.4
99,"binary",2,"Purely linear","GBM",TRUE,"AUC",0.862146385271666,0.0100000000002183,NA,NA,NA,NA,NA,NA,NA,NA,NA,NA,NA,NA,NA
99,"binary",2,"Purely linear","Linear",TRUE,"AUC",0.896273013022003,0,NA,20,0,20,20,0,0,0,0,1,0,1,1
99,"binary",2,"Purely linear","Random forest",TRUE,"AUC",0.860125729681185,0.139999999999873,NA,NA,NA,NA,NA,NA,NA,NA,NA,NA,NA,NA,NA
99,"binary",2,"Purely linear","RuleFit",TRUE,"AUC",0.855924049008916,8.2800000000002,NA,34,34,0,0,20,14,0,0,0,0.588235294117647,0.588235294117647,2.41176470588235
100,"binary",2,"Purely linear","BRP-GABLE full",TRUE,"AUC",0.782453775038521,96.4399999999996,NA,34,34,0,4,30,0,0,0,0.117647058823529,0.882352941176471,1,1.88235294117647
100,"binary",2,"Purely linear","BRP-GABLE rule-only",TRUE,"AUC",0.782453775038521,96.4699999999998,NA,34,34,0,4,30,0,0,0,0.117647058823529,0.882352941176471,1,1.88235294117647
100,"binary",2,"Purely linear","GABLE",TRUE,"AUC",0.732922444786852,0.989999999999782,NA,5,5,0,4,1,0,0,0,0.8,0.2,1,1.2
100,"binary",2,"Purely linear","GBM",TRUE,"AUC",0.824409347714433,0.0199999999999818,NA,NA,NA,NA,NA,NA,NA,NA,NA,NA,NA,NA,NA
100,"binary",2,"Purely linear","Linear",TRUE,"AUC",0.871918335901387,0,NA,20,0,20,20,0,0,0,0,1,0,1,1
100,"binary",2,"Purely linear","Random forest",TRUE,"AUC",0.769099897277863,0.119999999999891,NA,NA,NA,NA,NA,NA,NA,NA,NA,NA,NA,NA,NA
100,"binary",2,"Purely linear","RuleFit",TRUE,"AUC",0.80457113507961,5.64000000000033,NA,33,33,0,2,26,5,0,0,0.0606060606060606,0.787878787878788,0.848484848484849,2.09090909090909
1,"binary",3,"Mixed linear and rule-based","BRP-GABLE full",TRUE,"AUC",0.814100922131147,97.12,NA,45,45,0,10,35,0,0,0,0.222222222222222,0.777777777777778,1,1.77777777777778
1,"binary",3,"Mixed linear and rule-based","BRP-GABLE rule-only",TRUE,"AUC",0.813972848360656,97.14,NA,45,45,0,10,35,0,0,0,0.222222222222222,0.777777777777778,1,1.77777777777778
1,"binary",3,"Mixed linear and rule-based","GABLE",TRUE,"AUC",0.770747950819672,2.11,NA,5,5,0,4,1,0,0,0,0.8,0.2,1,1.2
1,"binary",3,"Mixed linear and rule-based","GBM",TRUE,"AUC",0.819544057377049,0.0300000000000011,NA,NA,NA,NA,NA,NA,NA,NA,NA,NA,NA,NA,NA
1,"binary",3,"Mixed linear and rule-based","Linear",TRUE,"AUC",0.811539446721312,0.00999999999999091,NA,20,0,20,20,0,0,0,0,1,0,1,1
1,"binary",3,"Mixed linear and rule-based","Random forest",TRUE,"AUC",0.811859631147541,0.190000000000012,NA,NA,NA,NA,NA,NA,NA,NA,NA,NA,NA,NA,NA
1,"binary",3,"Mixed linear and rule-based","RuleFit",TRUE,"AUC",0.813172387295082,9.91,NA,20,20,0,1,18,1,0,0,0.05,0.9,0.95,2
2,"binary",3,"Mixed linear and rule-based","BRP-GABLE full",TRUE,"AUC",0.766416810814274,90.91,NA,34,34,0,1,33,0,0,0,0.0294117647058824,0.970588235294118,1,1.97058823529412
2,"binary",3,"Mixed linear and rule-based","BRP-GABLE rule-only",TRUE,"AUC",0.766416810814274,90.87,NA,34,34,0,1,33,0,0,0,0.0294117647058824,0.970588235294118,1,1.97058823529412
2,"binary",3,"Mixed linear and rule-based","GABLE",TRUE,"AUC",0.674354539047985,1.66,NA,5,5,0,2,3,0,0,0,0.4,0.6,1,1.6
2,"binary",3,"Mixed linear and rule-based","GBM",TRUE,"AUC",0.807610993657505,0.0300000000000011,NA,NA,NA,NA,NA,NA,NA,NA,NA,NA,NA,NA,NA
2,"binary",3,"Mixed linear and rule-based","Linear",TRUE,"AUC",0.788327247101031,0.019999999999996,NA,20,0,20,20,0,0,0,0,1,0,1,1
2,"binary",3,"Mixed linear and rule-based","Random forest",TRUE,"AUC",0.782144916394388,0.170000000000002,NA,NA,NA,NA,NA,NA,NA,NA,NA,NA,NA,NA,NA
2,"binary",3,"Mixed linear and rule-based","RuleFit",TRUE,"AUC",0.820071753475559,9.45999999999999,NA,21,21,0,3,16,2,0,0,0.142857142857143,0.761904761904762,0.904761904761905,1.95238095238095
3,"binary",3,"Mixed linear and rule-based","BRP-GABLE full",TRUE,"AUC",0.785023219814242,94.55,NA,28,28,0,0,28,0,0,0,0,1,1,2
3,"binary",3,"Mixed linear and rule-based","BRP-GABLE rule-only",TRUE,"AUC",0.785087719298246,94.6,NA,28,28,0,0,28,0,0,0,0,1,1,2
3,"binary",3,"Mixed linear and rule-based","GABLE",TRUE,"AUC",0.745839783281734,1.91000000000001,NA,5,5,0,4,1,0,0,0,0.8,0.2,1,1.2
3,"binary",3,"Mixed linear and rule-based","GBM",TRUE,"AUC",0.81765995872033,0.0100000000000051,NA,NA,NA,NA,NA,NA,NA,NA,NA,NA,NA,NA,NA
3,"binary",3,"Mixed linear and rule-based","Linear",TRUE,"AUC",0.842427760577915,0.019999999999996,NA,20,0,20,20,0,0,0,0,1,0,1,1
3,"binary",3,"Mixed linear and rule-based","Random forest",TRUE,"AUC",0.802954076367389,0.169999999999987,NA,NA,NA,NA,NA,NA,NA,NA,NA,NA,NA,NA,NA
3,"binary",3,"Mixed linear and rule-based","RuleFit",TRUE,"AUC",0.82952786377709,10.41,NA,27,27,0,1,26,0,0,0,0.037037037037037,0.962962962962963,1,1.96296296296296
4,"binary",3,"Mixed linear and rule-based","BRP-GABLE full",TRUE,"AUC",0.822459789419288,99.14,NA,27,27,0,5,22,0,0,0,0.185185185185185,0.814814814814815,1,1.81481481481481
4,"binary",3,"Mixed linear and rule-based","BRP-GABLE rule-only",TRUE,"AUC",0.822459789419288,98.99,NA,27,27,0,5,22,0,0,0,0.185185185185185,0.814814814814815,1,1.81481481481481
4,"binary",3,"Mixed linear and rule-based","GABLE",TRUE,"AUC",0.768038240423745,1.8,NA,4,4,0,2,2,0,0,0,0.5,0.5,1,1.5
4,"binary",3,"Mixed linear and rule-based","GBM",TRUE,"AUC",0.86564175440863,0.0400000000000063,NA,NA,NA,NA,NA,NA,NA,NA,NA,NA,NA,NA,NA
4,"binary",3,"Mixed linear and rule-based","Linear",TRUE,"AUC",0.858277889025257,0,NA,20,0,20,20,0,0,0,0,1,0,1,1
4,"binary",3,"Mixed linear and rule-based","Random forest",TRUE,"AUC",0.841483108326336,0.150000000000006,NA,NA,NA,NA,NA,NA,NA,NA,NA,NA,NA,NA,NA
4,"binary",3,"Mixed linear and rule-based","RuleFit",TRUE,"AUC",0.801466313545637,10.51,NA,25,25,0,3,17,5,0,0,0.12,0.68,0.8,2.08
5,"binary",3,"Mixed linear and rule-based","BRP-GABLE full",TRUE,"AUC",0.785860655737705,97.66,NA,45,45,0,2,43,0,0,0,0.0444444444444444,0.955555555555556,1,1.95555555555556
5,"binary",3,"Mixed linear and rule-based","BRP-GABLE rule-only",TRUE,"AUC",0.785860655737705,97.69,NA,45,45,0,2,43,0,0,0,0.0444444444444444,0.955555555555556,1,1.95555555555556
5,"binary",3,"Mixed linear and rule-based","GABLE",TRUE,"AUC",0.7265625,1.7,NA,4,4,0,2,2,0,0,0,0.5,0.5,1,1.5
5,"binary",3,"Mixed linear and rule-based","GBM",TRUE,"AUC",0.787525614754098,0.0499999999999972,NA,NA,NA,NA,NA,NA,NA,NA,NA,NA,NA,NA,NA
5,"binary",3,"Mixed linear and rule-based","Linear",TRUE,"AUC",0.794761782786885,0,NA,20,0,20,20,0,0,0,0,1,0,1,1
5,"binary",3,"Mixed linear and rule-based","Random forest",TRUE,"AUC",0.80968237704918,0.170000000000002,NA,NA,NA,NA,NA,NA,NA,NA,NA,NA,NA,NA,NA
5,"binary",3,"Mixed linear and rule-based","RuleFit",TRUE,"AUC",0.803662909836066,9.28,NA,19,19,0,0,16,3,0,0,0,0.842105263157895,0.842105263157895,2.15789473684211
6,"binary",3,"Mixed linear and rule-based","BRP-GABLE full",TRUE,"AUC",0.773830100505729,101.02,NA,46,46,0,8,38,0,0,0,0.173913043478261,0.826086956521739,1,1.82608695652174
6,"binary",3,"Mixed linear and rule-based","BRP-GABLE rule-only",TRUE,"AUC",0.773830100505729,100.98,NA,46,46,0,8,38,0,0,0,0.173913043478261,0.826086956521739,1,1.82608695652174
6,"binary",3,"Mixed linear and rule-based","GABLE",TRUE,"AUC",0.769541002496639,2,NA,4,4,0,2,2,0,0,0,0.5,0.5,1,1.5
6,"binary",3,"Mixed linear and rule-based","GBM",TRUE,"AUC",0.789066000896229,0.0200000000000102,NA,NA,NA,NA,NA,NA,NA,NA,NA,NA,NA,NA,NA
6,"binary",3,"Mixed linear and rule-based","Linear",TRUE,"AUC",0.796363869150503,0.0300000000000011,NA,20,0,20,20,0,0,0,0,1,0,1,1
6,"binary",3,"Mixed linear and rule-based","Random forest",TRUE,"AUC",0.772005633442161,0.140000000000015,NA,NA,NA,NA,NA,NA,NA,NA,NA,NA,NA,NA,NA
6,"binary",3,"Mixed linear and rule-based","RuleFit",TRUE,"AUC",0.791754689200435,9.75,NA,30,30,0,3,22,5,0,0,0.1,0.733333333333333,0.833333333333333,2.06666666666667
7,"binary",3,"Mixed linear and rule-based","BRP-GABLE full",TRUE,"AUC",0.780384,107.57,NA,30,30,0,4,26,0,0,0,0.133333333333333,0.866666666666667,1,1.86666666666667
7,"binary",3,"Mixed linear and rule-based","BRP-GABLE rule-only",TRUE,"AUC",0.780384,107.58,NA,30,30,0,4,26,0,0,0,0.133333333333333,0.866666666666667,1,1.86666666666667
7,"binary",3,"Mixed linear and rule-based","GABLE",TRUE,"AUC",0.790464,1.84,NA,4,4,0,3,1,0,0,0,0.75,0.25,1,1.25
7,"binary",3,"Mixed linear and rule-based","GBM",TRUE,"AUC",0.807808,0.0300000000000011,NA,NA,NA,NA,NA,NA,NA,NA,NA,NA,NA,NA,NA
7,"binary",3,"Mixed linear and rule-based","Linear",TRUE,"AUC",0.817088,0.0300000000000011,NA,20,0,20,20,0,0,0,0,1,0,1,1
7,"binary",3,"Mixed linear and rule-based","Random forest",TRUE,"AUC",0.818336,0.159999999999997,NA,NA,NA,NA,NA,NA,NA,NA,NA,NA,NA,NA,NA
7,"binary",3,"Mixed linear and rule-based","RuleFit",TRUE,"AUC",0.7992,9.82999999999998,NA,20,20,0,0,16,4,0,0,0,0.8,0.8,2.2
8,"binary",3,"Mixed linear and rule-based","BRP-GABLE full",TRUE,"AUC",0.854865610366284,108.64,NA,34,34,0,0,34,0,0,0,0,1,1,2
8,"binary",3,"Mixed linear and rule-based","BRP-GABLE rule-only",TRUE,"AUC",0.854865610366284,108.58,NA,34,34,0,0,34,0,0,0,0,1,1,2
8,"binary",3,"Mixed linear and rule-based","GABLE",TRUE,"AUC",0.810443261273975,2.30000000000001,NA,5,5,0,5,0,0,0,0,1,0,1,1
8,"binary",3,"Mixed linear and rule-based","GBM",TRUE,"AUC",0.841362499198153,0.0300000000000011,NA,NA,NA,NA,NA,NA,NA,NA,NA,NA,NA,NA,NA
8,"binary",3,"Mixed linear and rule-based","Linear",TRUE,"AUC",0.842581307332093,0.00999999999999091,NA,20,0,20,20,0,0,0,0,1,0,1,1
8,"binary",3,"Mixed linear and rule-based","Random forest",TRUE,"AUC",0.839822952081596,0.159999999999997,NA,NA,NA,NA,NA,NA,NA,NA,NA,NA,NA,NA,NA
8,"binary",3,"Mixed linear and rule-based","RuleFit",TRUE,"AUC",0.833696837513631,12.01,NA,39,39,0,4,27,8,0,0,0.102564102564103,0.692307692307692,0.794871794871795,2.1025641025641
9,"binary",3,"Mixed linear and rule-based","BRP-GABLE full",TRUE,"AUC",0.822938012295082,93.97,NA,39,39,0,9,30,0,0,0,0.230769230769231,0.769230769230769,1,1.76923076923077
9,"binary",3,"Mixed linear and rule-based","BRP-GABLE rule-only",TRUE,"AUC",0.821080942622951,94.02,NA,38,38,0,8,30,0,0,0,0.210526315789474,0.789473684210526,1,1.78947368421053
9,"binary",3,"Mixed linear and rule-based","GABLE",TRUE,"AUC",0.804719518442623,2.20000000000002,NA,4,4,0,2,2,0,0,0,0.5,0.5,1,1.5
9,"binary",3,"Mixed linear and rule-based","GBM",TRUE,"AUC",0.839203381147541,0.0300000000000011,NA,NA,NA,NA,NA,NA,NA,NA,NA,NA,NA,NA,NA
9,"binary",3,"Mixed linear and rule-based","Linear",TRUE,"AUC",0.843301741803279,0.0200000000000102,NA,20,0,20,20,0,0,0,0,1,0,1,1
9,"binary",3,"Mixed linear and rule-based","Random forest",TRUE,"AUC",0.816086065573771,0.139999999999986,NA,NA,NA,NA,NA,NA,NA,NA,NA,NA,NA,NA,NA
9,"binary",3,"Mixed linear and rule-based","RuleFit",TRUE,"AUC",0.819608094262295,10.47,NA,36,36,0,1,29,6,0,0,0.0277777777777778,0.805555555555556,0.833333333333333,2.13888888888889
10,"binary",3,"Mixed linear and rule-based","BRP-GABLE full",TRUE,"AUC",0.761164041739581,96.6,NA,19,19,0,0,19,0,0,0,0,1,1,2
10,"binary",3,"Mixed linear and rule-based","BRP-GABLE rule-only",TRUE,"AUC",0.759802968436062,96.61,NA,21,21,0,0,21,0,0,0,0,1,1,2
10,"binary",3,"Mixed linear and rule-based","GABLE",TRUE,"AUC",0.770918400414803,2.18000000000001,NA,5,5,0,4,1,0,0,0,0.8,0.2,1,1.2
10,"binary",3,"Mixed linear and rule-based","GBM",TRUE,"AUC",0.810616371767451,0.0299999999999727,NA,NA,NA,NA,NA,NA,NA,NA,NA,NA,NA,NA,NA
10,"binary",3,"Mixed linear and rule-based","Linear",TRUE,"AUC",0.813014453302223,0.0300000000000296,NA,20,0,20,20,0,0,0,0,1,0,1,1
10,"binary",3,"Mixed linear and rule-based","Random forest",TRUE,"AUC",0.795514939399832,0.180000000000007,NA,NA,NA,NA,NA,NA,NA,NA,NA,NA,NA,NA,NA
10,"binary",3,"Mixed linear and rule-based","RuleFit",TRUE,"AUC",0.775520124440988,9.97000000000003,NA,21,21,0,3,18,0,0,0,0.142857142857143,0.857142857142857,1,1.85714285714286
11,"binary",3,"Mixed linear and rule-based","BRP-GABLE full",TRUE,"AUC",0.735068177453428,109.58,NA,43,43,0,7,36,0,0,0,0.162790697674419,0.837209302325581,1,1.83720930232558
11,"binary",3,"Mixed linear and rule-based","BRP-GABLE rule-only",TRUE,"AUC",0.735068177453428,109.61,NA,43,43,0,7,36,0,0,0,0.162790697674419,0.837209302325581,1,1.83720930232558
11,"binary",3,"Mixed linear and rule-based","GABLE",TRUE,"AUC",0.667402855130913,2.36000000000001,NA,5,5,0,4,1,0,0,0,0.8,0.2,1,1.2
11,"binary",3,"Mixed linear and rule-based","GBM",TRUE,"AUC",0.745214774982396,0.0299999999999727,NA,NA,NA,NA,NA,NA,NA,NA,NA,NA,NA,NA,NA
11,"binary",3,"Mixed linear and rule-based","Linear",TRUE,"AUC",0.81620894949107,0,NA,20,0,20,20,0,0,0,0,1,0,1,1
11,"binary",3,"Mixed linear and rule-based","Random forest",TRUE,"AUC",0.758018052621471,0.170000000000016,NA,NA,NA,NA,NA,NA,NA,NA,NA,NA,NA,NA,NA
11,"binary",3,"Mixed linear and rule-based","RuleFit",TRUE,"AUC",0.748319569809871,10.16,NA,32,32,0,6,23,3,0,0,0.1875,0.71875,0.90625,1.90625
12,"binary",3,"Mixed linear and rule-based","BRP-GABLE full",TRUE,"AUC",0.796939699792961,100.92,NA,35,35,0,5,30,0,0,0,0.142857142857143,0.857142857142857,1,1.85714285714286
12,"binary",3,"Mixed linear and rule-based","BRP-GABLE rule-only",TRUE,"AUC",0.796939699792961,101.06,NA,35,35,0,5,30,0,0,0,0.142857142857143,0.857142857142857,1,1.85714285714286
12,"binary",3,"Mixed linear and rule-based","GABLE",TRUE,"AUC",0.750258799171843,1.92000000000002,NA,5,5,0,3,2,0,0,0,0.6,0.4,1,1.4
12,"binary",3,"Mixed linear and rule-based","GBM",TRUE,"AUC",0.84174430641822,0.00999999999999091,NA,NA,NA,NA,NA,NA,NA,NA,NA,NA,NA,NA,NA
12,"binary",3,"Mixed linear and rule-based","Linear",TRUE,"AUC",0.824663561076605,0.0199999999999818,NA,20,0,20,20,0,0,0,0,1,0,1,1
12,"binary",3,"Mixed linear and rule-based","Random forest",TRUE,"AUC",0.830227743271222,0.160000000000025,NA,NA,NA,NA,NA,NA,NA,NA,NA,NA,NA,NA,NA
12,"binary",3,"Mixed linear and rule-based","RuleFit",TRUE,"AUC",0.811011904761905,10.48,NA,19,19,0,1,17,1,0,0,0.0526315789473684,0.894736842105263,0.947368421052632,2
13,"binary",3,"Mixed linear and rule-based","BRP-GABLE full",TRUE,"AUC",0.754397791474063,100.18,NA,37,37,0,2,35,0,0,0,0.0540540540540541,0.945945945945946,1,1.94594594594595
13,"binary",3,"Mixed linear and rule-based","BRP-GABLE rule-only",TRUE,"AUC",0.752664355418593,100.25,NA,37,37,0,2,35,0,0,0,0.0540540540540541,0.945945945945946,1,1.94594594594595
13,"binary",3,"Mixed linear and rule-based","GABLE",TRUE,"AUC",0.708943246019517,1.65999999999997,NA,5,5,0,3,2,0,0,0,0.6,0.4,1,1.4
13,"binary",3,"Mixed linear and rule-based","GBM",TRUE,"AUC",0.777863379558295,0.0300000000000296,NA,NA,NA,NA,NA,NA,NA,NA,NA,NA,NA,NA,NA
13,"binary",3,"Mixed linear and rule-based","Linear",TRUE,"AUC",0.770865434001027,0.0199999999999818,NA,20,0,20,20,0,0,0,0,1,0,1,1
13,"binary",3,"Mixed linear and rule-based","Random forest",TRUE,"AUC",0.750449409347714,0.170000000000016,NA,NA,NA,NA,NA,NA,NA,NA,NA,NA,NA,NA,NA
13,"binary",3,"Mixed linear and rule-based","RuleFit",TRUE,"AUC",0.803158705701079,10.03,NA,29,29,0,1,22,6,0,0,0.0344827586206897,0.758620689655172,0.793103448275862,2.17241379310345
14,"binary",3,"Mixed linear and rule-based","BRP-GABLE full",TRUE,"AUC",0.806795426652025,101.5,NA,40,40,0,6,34,0,0,0,0.15,0.85,1,1.85
14,"binary",3,"Mixed linear and rule-based","BRP-GABLE rule-only",TRUE,"AUC",0.806795426652025,101.48,NA,40,40,0,6,34,0,0,0,0.15,0.85,1,1.85
14,"binary",3,"Mixed linear and rule-based","GABLE",TRUE,"AUC",0.785995736709515,1.89999999999998,NA,5,5,0,4,1,0,0,0,0.8,0.2,1,1.2
14,"binary",3,"Mixed linear and rule-based","GBM",TRUE,"AUC",0.826109424455785,0.0299999999999727,NA,NA,NA,NA,NA,NA,NA,NA,NA,NA,NA,NA,NA
14,"binary",3,"Mixed linear and rule-based","Linear",TRUE,"AUC",0.809250048446483,0,NA,20,0,20,20,0,0,0,0,1,0,1,1
14,"binary",3,"Mixed linear and rule-based","Random forest",TRUE,"AUC",0.816097151346812,0.160000000000025,NA,NA,NA,NA,NA,NA,NA,NA,NA,NA,NA,NA,NA
14,"binary",3,"Mixed linear and rule-based","RuleFit",TRUE,"AUC",0.812931981138169,10.67,NA,32,32,0,2,23,7,0,0,0.0625,0.71875,0.78125,2.15625
15,"binary",3,"Mixed linear and rule-based","BRP-GABLE full",TRUE,"AUC",0.803268142048379,96.53,NA,30,30,0,4,26,0,0,0,0.133333333333333,0.866666666666667,1,1.86666666666667
15,"binary",3,"Mixed linear and rule-based","BRP-GABLE rule-only",TRUE,"AUC",0.804908646423057,96.58,NA,34,34,0,6,28,0,0,0,0.176470588235294,0.823529411764706,1,1.82352941176471
15,"binary",3,"Mixed linear and rule-based","GABLE",TRUE,"AUC",0.776408903757077,1.52999999999997,NA,5,5,0,3,2,0,0,0,0.6,0.4,1,1.4
15,"binary",3,"Mixed linear and rule-based","GBM",TRUE,"AUC",0.817485846628924,0.0299999999999727,NA,NA,NA,NA,NA,NA,NA,NA,NA,NA,NA,NA,NA
15,"binary",3,"Mixed linear and rule-based","Linear",TRUE,"AUC",0.824626865671642,0,NA,20,0,20,20,0,0,0,0,1,0,1,1
15,"binary",3,"Mixed linear and rule-based","Random forest",TRUE,"AUC",0.808382655687082,0.180000000000007,NA,NA,NA,NA,NA,NA,NA,NA,NA,NA,NA,NA,NA
15,"binary",3,"Mixed linear and rule-based","RuleFit",TRUE,"AUC",0.756111682964488,9.75,NA,12,12,0,0,11,1,0,0,0,0.916666666666667,0.916666666666667,2.08333333333333
16,"binary",3,"Mixed linear and rule-based","BRP-GABLE full",TRUE,"AUC",0.757648489503328,92.5600000000001,NA,38,38,0,3,35,0,0,0,0.0789473684210526,0.921052631578947,1,1.92105263157895
16,"binary",3,"Mixed linear and rule-based","BRP-GABLE rule-only",TRUE,"AUC",0.758800563236047,92.5700000000001,NA,40,40,0,4,36,0,0,0,0.1,0.9,1,1.9
16,"binary",3,"Mixed linear and rule-based","GABLE",TRUE,"AUC",0.653033794162826,1.66000000000003,NA,5,5,0,2,3,0,0,0,0.4,0.6,1,1.6
16,"binary",3,"Mixed linear and rule-based","GBM",TRUE,"AUC",0.792242703533026,0.0299999999999727,NA,NA,NA,NA,NA,NA,NA,NA,NA,NA,NA,NA,NA
16,"binary",3,"Mixed linear and rule-based","Linear",TRUE,"AUC",0.816436251920123,0,NA,20,0,20,20,0,0,0,0,1,0,1,1
16,"binary",3,"Mixed linear and rule-based","Random forest",TRUE,"AUC",0.756784434203789,0.170000000000016,NA,NA,NA,NA,NA,NA,NA,NA,NA,NA,NA,NA,NA
16,"binary",3,"Mixed linear and rule-based","RuleFit",TRUE,"AUC",0.744495647721454,9.54999999999995,NA,14,14,0,2,11,1,0,0,0.142857142857143,0.785714285714286,0.928571428571429,1.92857142857143
17,"binary",3,"Mixed linear and rule-based","BRP-GABLE full",TRUE,"AUC",0.736978666154142,130.22,NA,39,39,0,2,37,0,0,0,0.0512820512820513,0.948717948717949,1,1.94871794871795
17,"binary",3,"Mixed linear and rule-based","BRP-GABLE rule-only",TRUE,"AUC",0.736914600550964,130.18,NA,41,41,0,3,38,0,0,0,0.0731707317073171,0.926829268292683,1,1.92682926829268
17,"binary",3,"Mixed linear and rule-based","GABLE",TRUE,"AUC",0.726407841629829,2.05000000000001,NA,5,5,0,3,2,0,0,0,0.6,0.4,1,1.4
17,"binary",3,"Mixed linear and rule-based","GBM",TRUE,"AUC",0.754820936639118,0.0299999999999727,NA,NA,NA,NA,NA,NA,NA,NA,NA,NA,NA,NA,NA
17,"binary",3,"Mixed linear and rule-based","Linear",TRUE,"AUC",0.759561791274265,0,NA,20,0,20,20,0,0,0,0,1,0,1,1
17,"binary",3,"Mixed linear and rule-based","Random forest",TRUE,"AUC",0.746108014606958,0.170000000000016,NA,NA,NA,NA,NA,NA,NA,NA,NA,NA,NA,NA,NA
17,"binary",3,"Mixed linear and rule-based","RuleFit",TRUE,"AUC",0.753187263758088,11.06,NA,28,28,0,1,22,5,0,0,0.0357142857142857,0.785714285714286,0.821428571428571,2.14285714285714
18,"binary",3,"Mixed linear and rule-based","BRP-GABLE full",TRUE,"AUC",0.81150487930149,100.31,NA,51,51,0,17,34,0,0,0,0.333333333333333,0.666666666666667,1,1.66666666666667
18,"binary",3,"Mixed linear and rule-based","BRP-GABLE rule-only",TRUE,"AUC",0.810991268618387,100.28,NA,50,50,0,16,34,0,0,0,0.32,0.68,1,1.68
18,"binary",3,"Mixed linear and rule-based","GABLE",TRUE,"AUC",0.834970467385722,2.05000000000001,NA,5,5,0,4,1,0,0,0,0.8,0.2,1,1.2
18,"binary",3,"Mixed linear and rule-based","GBM",TRUE,"AUC",0.849640472521829,0.0200000000000387,NA,NA,NA,NA,NA,NA,NA,NA,NA,NA,NA,NA,NA
18,"binary",3,"Mixed linear and rule-based","Linear",TRUE,"AUC",0.836222393425783,0.00999999999999091,NA,20,0,20,20,0,0,0,0,1,0,1,1
18,"binary",3,"Mixed linear and rule-based","Random forest",TRUE,"AUC",0.864791987673344,0.149999999999977,NA,NA,NA,NA,NA,NA,NA,NA,NA,NA,NA,NA,NA
18,"binary",3,"Mixed linear and rule-based","RuleFit",TRUE,"AUC",0.846751412429379,10.77,NA,31,31,0,1,28,2,0,0,0.032258064516129,0.903225806451613,0.935483870967742,2.03225806451613
19,"binary",3,"Mixed linear and rule-based","BRP-GABLE full",TRUE,"AUC",0.836767650668562,104.1,NA,50,50,0,11,39,0,0,0,0.22,0.78,1,1.78
19,"binary",3,"Mixed linear and rule-based","BRP-GABLE rule-only",TRUE,"AUC",0.833182610942446,104.11,NA,39,39,0,7,32,0,0,0,0.179487179487179,0.82051282051282,1,1.82051282051282
19,"binary",3,"Mixed linear and rule-based","GABLE",TRUE,"AUC",0.763581164007493,2.19999999999999,NA,4,4,0,3,1,0,0,0,0.75,0.25,1,1.25
19,"binary",3,"Mixed linear and rule-based","GBM",TRUE,"AUC",0.845100445707642,0.0199999999999818,NA,NA,NA,NA,NA,NA,NA,NA,NA,NA,NA,NA,NA
19,"binary",3,"Mixed linear and rule-based","Linear",TRUE,"AUC",0.826690782249209,0.00999999999999091,NA,20,0,20,20,0,0,0,0,1,0,1,1
19,"binary",3,"Mixed linear and rule-based","Random forest",TRUE,"AUC",0.837252115496415,0.170000000000016,NA,NA,NA,NA,NA,NA,NA,NA,NA,NA,NA,NA,NA
19,"binary",3,"Mixed linear and rule-based","RuleFit",TRUE,"AUC",0.83108326335508,10.96,NA,28,28,0,1,22,5,0,0,0.0357142857142857,0.785714285714286,0.821428571428571,2.14285714285714
20,"binary",3,"Mixed linear and rule-based","BRP-GABLE full",TRUE,"AUC",0.791207735655738,100.75,NA,30,30,0,2,28,0,0,0,0.0666666666666667,0.933333333333333,1,1.93333333333333
20,"binary",3,"Mixed linear and rule-based","BRP-GABLE rule-only",TRUE,"AUC",0.791784067622951,100.78,NA,30,30,0,2,28,0,0,0,0.0666666666666667,0.933333333333333,1,1.93333333333333
20,"binary",3,"Mixed linear and rule-based","GABLE",TRUE,"AUC",0.751536885245902,2.04000000000002,NA,5,5,0,4,1,0,0,0,0.8,0.2,1,1.2
20,"binary",3,"Mixed linear and rule-based","GBM",TRUE,"AUC",0.829341700819672,0.0299999999999727,NA,NA,NA,NA,NA,NA,NA,NA,NA,NA,NA,NA,NA
20,"binary",3,"Mixed linear and rule-based","Linear",TRUE,"AUC",0.827420594262295,0,NA,20,0,20,20,0,0,0,0,1,0,1,1
20,"binary",3,"Mixed linear and rule-based","Random forest",TRUE,"AUC",0.819095799180328,0.180000000000007,NA,NA,NA,NA,NA,NA,NA,NA,NA,NA,NA,NA,NA
20,"binary",3,"Mixed linear and rule-based","RuleFit",TRUE,"AUC",0.814421106557377,10.97,NA,29,29,0,0,21,8,0,0,0,0.724137931034483,0.724137931034483,2.27586206896552
21,"binary",3,"Mixed linear and rule-based","BRP-GABLE full",TRUE,"AUC",0.829188311688312,99,NA,42,42,0,7,35,0,0,0,0.166666666666667,0.833333333333333,1,1.83333333333333
21,"binary",3,"Mixed linear and rule-based","BRP-GABLE rule-only",TRUE,"AUC",0.828668831168831,98.97,NA,44,44,0,7,37,0,0,0,0.159090909090909,0.840909090909091,1,1.84090909090909
21,"binary",3,"Mixed linear and rule-based","GABLE",TRUE,"AUC",0.73538961038961,1.86000000000001,NA,5,5,0,3,2,0,0,0,0.6,0.4,1,1.4
21,"binary",3,"Mixed linear and rule-based","GBM",TRUE,"AUC",0.847987012987013,0.0299999999999727,NA,NA,NA,NA,NA,NA,NA,NA,NA,NA,NA,NA,NA
21,"binary",3,"Mixed linear and rule-based","Linear",TRUE,"AUC",0.856493506493507,0,NA,20,0,20,20,0,0,0,0,1,0,1,1
21,"binary",3,"Mixed linear and rule-based","Random forest",TRUE,"AUC",0.843051948051948,0.170000000000073,NA,NA,NA,NA,NA,NA,NA,NA,NA,NA,NA,NA,NA
21,"binary",3,"Mixed linear and rule-based","RuleFit",TRUE,"AUC",0.854902597402597,9.95999999999992,NA,26,26,0,1,20,5,0,0,0.0384615384615385,0.769230769230769,0.807692307692308,2.15384615384615
22,"binary",3,"Mixed linear and rule-based","BRP-GABLE full",TRUE,"AUC",0.804751536885246,101.88,NA,36,35,1,8,28,0,0,0,0.222222222222222,0.777777777777778,1,1.77777777777778
22,"binary",3,"Mixed linear and rule-based","BRP-GABLE rule-only",TRUE,"AUC",0.804431352459016,101.92,NA,36,36,0,7,29,0,0,0,0.194444444444444,0.805555555555556,1,1.80555555555556
22,"binary",3,"Mixed linear and rule-based","GABLE",TRUE,"AUC",0.734695184426229,1.89999999999998,NA,4,4,0,2,2,0,0,0,0.5,0.5,1,1.5
22,"binary",3,"Mixed linear and rule-based","GBM",TRUE,"AUC",0.808017418032787,0.0199999999999818,NA,NA,NA,NA,NA,NA,NA,NA,NA,NA,NA,NA,NA
22,"binary",3,"Mixed linear and rule-based","Linear",TRUE,"AUC",0.820696721311475,0.00999999999999091,NA,20,0,20,20,0,0,0,0,1,0,1,1
22,"binary",3,"Mixed linear and rule-based","Random forest",TRUE,"AUC",0.791399846311475,0.170000000000073,NA,NA,NA,NA,NA,NA,NA,NA,NA,NA,NA,NA,NA
22,"binary",3,"Mixed linear and rule-based","RuleFit",TRUE,"AUC",0.773789702868853,11.38,NA,21,21,0,2,8,11,0,0,0.0952380952380952,0.380952380952381,0.476190476190476,2.42857142857143
23,"binary",3,"Mixed linear and rule-based","BRP-GABLE full",TRUE,"AUC",0.803547329863119,96.19,NA,54,53,1,13,41,0,0,0,0.240740740740741,0.759259259259259,1,1.75925925925926
23,"binary",3,"Mixed linear and rule-based","BRP-GABLE rule-only",TRUE,"AUC",0.798406272090483,96.2499999999999,NA,54,54,0,12,42,0,0,0,0.222222222222222,0.777777777777778,1,1.77777777777778
23,"binary",3,"Mixed linear and rule-based","GABLE",TRUE,"AUC",0.765856950067476,1.98000000000002,NA,4,4,0,3,1,0,0,0,0.75,0.25,1,1.25
23,"binary",3,"Mixed linear and rule-based","GBM",TRUE,"AUC",0.817813765182186,0.0100000000001046,NA,NA,NA,NA,NA,NA,NA,NA,NA,NA,NA,NA,NA
23,"binary",3,"Mixed linear and rule-based","Linear",TRUE,"AUC",0.814664867296446,0.0199999999999818,NA,20,0,20,20,0,0,0,0,1,0,1,1
23,"binary",3,"Mixed linear and rule-based","Random forest",TRUE,"AUC",0.805475226527858,0.159999999999968,NA,NA,NA,NA,NA,NA,NA,NA,NA,NA,NA,NA,NA
23,"binary",3,"Mixed linear and rule-based","RuleFit",TRUE,"AUC",0.79281537176274,10.86,NA,34,34,0,1,29,4,0,0,0.0294117647058824,0.852941176470588,0.882352941176471,2.08823529411765
24,"binary",3,"Mixed linear and rule-based","BRP-GABLE full",TRUE,"AUC",0.80449948796723,102.27,NA,34,34,0,8,26,0,0,0,0.235294117647059,0.764705882352941,1,1.76470588235294
24,"binary",3,"Mixed linear and rule-based","BRP-GABLE rule-only",TRUE,"AUC",0.80449948796723,102.25,NA,36,36,0,10,26,0,0,0,0.277777777777778,0.722222222222222,1,1.72222222222222
24,"binary",3,"Mixed linear and rule-based","GABLE",TRUE,"AUC",0.777713773681516,2.15999999999997,NA,5,5,0,4,1,0,0,0,0.8,0.2,1,1.2
24,"binary",3,"Mixed linear and rule-based","GBM",TRUE,"AUC",0.810931899641577,0.0199999999999818,NA,NA,NA,NA,NA,NA,NA,NA,NA,NA,NA,NA,NA
24,"binary",3,"Mixed linear and rule-based","Linear",TRUE,"AUC",0.789426523297491,0.0100000000001046,NA,20,0,20,20,0,0,0,0,1,0,1,1
24,"binary",3,"Mixed linear and rule-based","Random forest",TRUE,"AUC",0.789202508960573,0.169999999999959,NA,NA,NA,NA,NA,NA,NA,NA,NA,NA,NA,NA,NA
24,"binary",3,"Mixed linear and rule-based","RuleFit",TRUE,"AUC",0.786034306195597,10.51,NA,25,25,0,2,19,4,0,0,0.08,0.76,0.84,2.08
25,"binary",3,"Mixed linear and rule-based","BRP-GABLE full",TRUE,"AUC",0.764655006726888,110.63,NA,38,38,0,2,36,0,0,0,0.0526315789473684,0.947368421052632,1,1.94736842105263
25,"binary",3,"Mixed linear and rule-based","BRP-GABLE rule-only",TRUE,"AUC",0.764655006726888,110.64,NA,38,38,0,2,36,0,0,0,0.0526315789473684,0.947368421052632,1,1.94736842105263
25,"binary",3,"Mixed linear and rule-based","GABLE",TRUE,"AUC",0.6321673393555,2,NA,5,5,0,4,1,0,0,0,0.8,0.2,1,1.2
25,"binary",3,"Mixed linear and rule-based","GBM",TRUE,"AUC",0.756871035940803,0.00999999999999091,NA,NA,NA,NA,NA,NA,NA,NA,NA,NA,NA,NA,NA
25,"binary",3,"Mixed linear and rule-based","Linear",TRUE,"AUC",0.778012684989429,0.0199999999999818,NA,20,0,20,20,0,0,0,0,1,0,1,1
25,"binary",3,"Mixed linear and rule-based","Random forest",TRUE,"AUC",0.775385995259145,0.159999999999968,NA,NA,NA,NA,NA,NA,NA,NA,NA,NA,NA,NA,NA
25,"binary",3,"Mixed linear and rule-based","RuleFit",TRUE,"AUC",0.754020116599398,10.48,NA,34,34,0,2,30,2,0,0,0.0588235294117647,0.882352941176471,0.941176470588235,2
26,"binary",3,"Mixed linear and rule-based","BRP-GABLE full",TRUE,"AUC",0.814880339680906,109.42,NA,32,32,0,0,32,0,0,0,0,1,1,2
26,"binary",3,"Mixed linear and rule-based","BRP-GABLE rule-only",TRUE,"AUC",0.813915337107566,109.57,NA,33,33,0,0,33,0,0,0,0,1,1,2
26,"binary",3,"Mixed linear and rule-based","GABLE",TRUE,"AUC",0.731246783324756,1.88999999999999,NA,5,5,0,3,2,0,0,0,0.6,0.4,1,1.4
26,"binary",3,"Mixed linear and rule-based","GBM",TRUE,"AUC",0.811760164693773,0.0299999999999727,NA,NA,NA,NA,NA,NA,NA,NA,NA,NA,NA,NA,NA
26,"binary",3,"Mixed linear and rule-based","Linear",TRUE,"AUC",0.852547606793618,0,NA,20,0,20,20,0,0,0,0,1,0,1,1
26,"binary",3,"Mixed linear and rule-based","Random forest",TRUE,"AUC",0.829001544004117,0.159999999999968,NA,NA,NA,NA,NA,NA,NA,NA,NA,NA,NA,NA,NA
26,"binary",3,"Mixed linear and rule-based","RuleFit",TRUE,"AUC",0.815266340710242,9.73000000000002,NA,24,24,0,4,19,1,0,0,0.166666666666667,0.791666666666667,0.958333333333333,1.875
27,"binary",3,"Mixed linear and rule-based","BRP-GABLE full",TRUE,"AUC",0.798636363636364,97.75,NA,46,45,1,8,38,0,0,0,0.173913043478261,0.826086956521739,1,1.82608695652174
27,"binary",3,"Mixed linear and rule-based","BRP-GABLE rule-only",TRUE,"AUC",0.798766233766234,97.5900000000001,NA,42,42,0,6,36,0,0,0,0.142857142857143,0.857142857142857,1,1.85714285714286
27,"binary",3,"Mixed linear and rule-based","GABLE",TRUE,"AUC",0.780227272727273,2.26999999999998,NA,5,5,0,5,0,0,0,0,1,0,1,1
27,"binary",3,"Mixed linear and rule-based","GBM",TRUE,"AUC",0.821753246753247,0.00999999999999091,NA,NA,NA,NA,NA,NA,NA,NA,NA,NA,NA,NA,NA
27,"binary",3,"Mixed linear and rule-based","Linear",TRUE,"AUC",0.80038961038961,0.0199999999999818,NA,20,0,20,20,0,0,0,0,1,0,1,1
27,"binary",3,"Mixed linear and rule-based","Random forest",TRUE,"AUC",0.786331168831169,0.170000000000073,NA,NA,NA,NA,NA,NA,NA,NA,NA,NA,NA,NA,NA
27,"binary",3,"Mixed linear and rule-based","RuleFit",TRUE,"AUC",0.793506493506493,10.1999999999999,NA,25,25,0,0,22,3,0,0,0,0.88,0.88,2.12
28,"binary",3,"Mixed linear and rule-based","BRP-GABLE full",TRUE,"AUC",0.850728077490538,97.2699999999999,NA,44,44,0,6,38,0,0,0,0.136363636363636,0.863636363636364,1,1.86363636363636
28,"binary",3,"Mixed linear and rule-based","BRP-GABLE rule-only",TRUE,"AUC",0.850728077490538,97.28,NA,44,44,0,6,38,0,0,0,0.136363636363636,0.863636363636364,1,1.86363636363636
28,"binary",3,"Mixed linear and rule-based","GABLE",TRUE,"AUC",0.745557765090769,1.88,NA,5,5,0,2,3,0,0,0,0.4,0.6,1,1.6
28,"binary",3,"Mixed linear and rule-based","GBM",TRUE,"AUC",0.807171723651293,0.0300000000000864,NA,NA,NA,NA,NA,NA,NA,NA,NA,NA,NA,NA,NA
28,"binary",3,"Mixed linear and rule-based","Linear",TRUE,"AUC",0.788761306049137,0,NA,20,0,20,20,0,0,0,0,1,0,1,1
28,"binary",3,"Mixed linear and rule-based","Random forest",TRUE,"AUC",0.832028994804028,0.159999999999968,NA,NA,NA,NA,NA,NA,NA,NA,NA,NA,NA,NA,NA
28,"binary",3,"Mixed linear and rule-based","RuleFit",TRUE,"AUC",0.833728911411893,9.73000000000002,NA,28,28,0,4,21,3,0,0,0.142857142857143,0.75,0.892857142857143,1.96428571428571
29,"binary",3,"Mixed linear and rule-based","BRP-GABLE full",TRUE,"AUC",0.795584,92.78,NA,37,37,0,2,35,0,0,0,0.0540540540540541,0.945945945945946,1,1.94594594594595
29,"binary",3,"Mixed linear and rule-based","BRP-GABLE rule-only",TRUE,"AUC",0.795584,92.8200000000001,NA,37,37,0,2,35,0,0,0,0.0540540540540541,0.945945945945946,1,1.94594594594595
29,"binary",3,"Mixed linear and rule-based","GABLE",TRUE,"AUC",0.815264,1.84000000000003,NA,5,5,0,3,2,0,0,0,0.6,0.4,1,1.4
29,"binary",3,"Mixed linear and rule-based","GBM",TRUE,"AUC",0.825856,0.0300000000000864,NA,NA,NA,NA,NA,NA,NA,NA,NA,NA,NA,NA,NA
29,"binary",3,"Mixed linear and rule-based","Linear",TRUE,"AUC",0.853632,0,NA,20,0,20,20,0,0,0,0,1,0,1,1
29,"binary",3,"Mixed linear and rule-based","Random forest",TRUE,"AUC",0.801152,0.159999999999968,NA,NA,NA,NA,NA,NA,NA,NA,NA,NA,NA,NA,NA
29,"binary",3,"Mixed linear and rule-based","RuleFit",TRUE,"AUC",0.833824,9.94999999999993,NA,28,28,0,4,16,8,0,0,0.142857142857143,0.571428571428571,0.714285714285714,2.14285714285714
30,"binary",3,"Mixed linear and rule-based","BRP-GABLE full",TRUE,"AUC",0.807144251415186,103.63,NA,39,39,0,6,33,0,0,0,0.153846153846154,0.846153846153846,1,1.84615384615385
30,"binary",3,"Mixed linear and rule-based","BRP-GABLE rule-only",TRUE,"AUC",0.807144251415186,103.64,NA,39,39,0,6,33,0,0,0,0.153846153846154,0.846153846153846,1,1.84615384615385
30,"binary",3,"Mixed linear and rule-based","GABLE",TRUE,"AUC",0.745949638883467,2.12,NA,5,5,0,3,2,0,0,0,0.6,0.4,1,1.4
30,"binary",3,"Mixed linear and rule-based","GBM",TRUE,"AUC",0.810007157264624,0.0399999999999636,NA,NA,NA,NA,NA,NA,NA,NA,NA,NA,NA,NA,NA
30,"binary",3,"Mixed linear and rule-based","Linear",TRUE,"AUC",0.836619168455983,0,NA,20,0,20,20,0,0,0,0,1,0,1,1
30,"binary",3,"Mixed linear and rule-based","Random forest",TRUE,"AUC",0.804118680460668,0.169999999999959,NA,NA,NA,NA,NA,NA,NA,NA,NA,NA,NA,NA,NA
30,"binary",3,"Mixed linear and rule-based","RuleFit",TRUE,"AUC",0.79380571279849,9.22000000000003,NA,20,20,0,2,14,4,0,0,0.1,0.7,0.8,2.1
31,"binary",3,"Mixed linear and rule-based","BRP-GABLE full",TRUE,"AUC",0.811175523349436,102.44,NA,38,38,0,2,36,0,0,0,0.0526315789473684,0.947368421052632,1,1.94736842105263
31,"binary",3,"Mixed linear and rule-based","BRP-GABLE rule-only",TRUE,"AUC",0.811175523349436,102.42,NA,38,38,0,2,36,0,0,0,0.0526315789473684,0.947368421052632,1,1.94736842105263
31,"binary",3,"Mixed linear and rule-based","GABLE",TRUE,"AUC",0.741674718196457,1.88999999999999,NA,5,5,0,3,2,0,0,0,0.6,0.4,1,1.4
31,"binary",3,"Mixed linear and rule-based","GBM",TRUE,"AUC",0.815845410628019,0.0299999999999727,NA,NA,NA,NA,NA,NA,NA,NA,NA,NA,NA,NA,NA
31,"binary",3,"Mixed linear and rule-based","Linear",TRUE,"AUC",0.795619967793881,0,NA,20,0,20,20,0,0,0,0,1,0,1,1
31,"binary",3,"Mixed linear and rule-based","Random forest",TRUE,"AUC",0.803574879227053,0.17999999999995,NA,NA,NA,NA,NA,NA,NA,NA,NA,NA,NA,NA,NA
31,"binary",3,"Mixed linear and rule-based","RuleFit",TRUE,"AUC",0.782995169082126,9.75999999999999,NA,26,26,0,1,25,0,0,0,0.0384615384615385,0.961538461538462,1,1.96153846153846
32,"binary",3,"Mixed linear and rule-based","BRP-GABLE full",TRUE,"AUC",0.783168,97.54,NA,39,39,0,6,33,0,0,0,0.153846153846154,0.846153846153846,1,1.84615384615385
32,"binary",3,"Mixed linear and rule-based","BRP-GABLE rule-only",TRUE,"AUC",0.783168,97.5500000000001,NA,39,39,0,6,33,0,0,0,0.153846153846154,0.846153846153846,1,1.84615384615385
32,"binary",3,"Mixed linear and rule-based","GABLE",TRUE,"AUC",0.683264,1.58000000000004,NA,5,5,0,3,2,0,0,0,0.6,0.4,1,1.4
32,"binary",3,"Mixed linear and rule-based","GBM",TRUE,"AUC",0.784192,0.0299999999999727,NA,NA,NA,NA,NA,NA,NA,NA,NA,NA,NA,NA,NA
32,"binary",3,"Mixed linear and rule-based","Linear",TRUE,"AUC",0.811712,0.0199999999999818,NA,20,0,20,20,0,0,0,0,1,0,1,1
32,"binary",3,"Mixed linear and rule-based","Random forest",TRUE,"AUC",0.77104,0.159999999999968,NA,NA,NA,NA,NA,NA,NA,NA,NA,NA,NA,NA,NA
32,"binary",3,"Mixed linear and rule-based","RuleFit",TRUE,"AUC",0.797728,10.0699999999999,NA,27,27,0,2,23,2,0,0,0.0740740740740741,0.851851851851852,0.925925925925926,2
33,"binary",3,"Mixed linear and rule-based","BRP-GABLE full",TRUE,"AUC",0.860655737704918,97.85,NA,50,50,0,6,44,0,0,0,0.12,0.88,1,1.88
33,"binary",3,"Mixed linear and rule-based","BRP-GABLE rule-only",TRUE,"AUC",0.860655737704918,97.8500000000001,NA,50,50,0,6,44,0,0,0,0.12,0.88,1,1.88
33,"binary",3,"Mixed linear and rule-based","GABLE",TRUE,"AUC",0.813236424180328,1.75,NA,5,5,0,3,2,0,0,0,0.6,0.4,1,1.4
33,"binary",3,"Mixed linear and rule-based","GBM",TRUE,"AUC",0.865522540983607,0.0299999999999727,NA,NA,NA,NA,NA,NA,NA,NA,NA,NA,NA,NA,NA
33,"binary",3,"Mixed linear and rule-based","Linear",TRUE,"AUC",0.859310963114754,0,NA,20,0,20,20,0,0,0,0,1,0,1,1
33,"binary",3,"Mixed linear and rule-based","Random forest",TRUE,"AUC",0.86664318647541,0.149999999999977,NA,NA,NA,NA,NA,NA,NA,NA,NA,NA,NA,NA,NA
33,"binary",3,"Mixed linear and rule-based","RuleFit",TRUE,"AUC",0.863921618852459,9.85000000000002,NA,30,30,0,3,24,3,0,0,0.1,0.8,0.9,2
34,"binary",3,"Mixed linear and rule-based","BRP-GABLE full",TRUE,"AUC",0.814032392292427,88.4399999999999,NA,36,36,0,1,35,0,0,0,0.0277777777777778,0.972222222222222,1,1.97222222222222
34,"binary",3,"Mixed linear and rule-based","BRP-GABLE rule-only",TRUE,"AUC",0.814032392292427,88.4200000000001,NA,36,36,0,1,35,0,0,0,0.0277777777777778,0.972222222222222,1,1.97222222222222
34,"binary",3,"Mixed linear and rule-based","GABLE",TRUE,"AUC",0.766628256833749,1.79999999999995,NA,5,5,0,4,1,0,0,0,0.8,0.2,1,1.2
34,"binary",3,"Mixed linear and rule-based","GBM",TRUE,"AUC",0.832981243198259,0.0199999999999818,NA,NA,NA,NA,NA,NA,NA,NA,NA,NA,NA,NA,NA
34,"binary",3,"Mixed linear and rule-based","Linear",TRUE,"AUC",0.850457717175597,0,NA,20,0,20,20,0,0,0,0,1,0,1,1
34,"binary",3,"Mixed linear and rule-based","Random forest",TRUE,"AUC",0.818481531272006,0.170000000000073,NA,NA,NA,NA,NA,NA,NA,NA,NA,NA,NA,NA,NA
34,"binary",3,"Mixed linear and rule-based","RuleFit",TRUE,"AUC",0.842039562127905,8.77999999999997,NA,26,26,0,4,21,1,0,0,0.153846153846154,0.807692307692308,0.961538461538462,1.88461538461538
35,"binary",3,"Mixed linear and rule-based","BRP-GABLE full",TRUE,"AUC",0.73231124510873,97.6800000000001,NA,34,33,1,1,33,0,0,0,0.0294117647058824,0.970588235294118,1,1.97058823529412
35,"binary",3,"Mixed linear and rule-based","BRP-GABLE rule-only",TRUE,"AUC",0.730258515619988,97.67,NA,33,33,0,0,33,0,0,0,0,1,1,2
35,"binary",3,"Mixed linear and rule-based","GABLE",TRUE,"AUC",0.729617037654756,1.86000000000001,NA,3,3,0,1,2,0,0,0,0.333333333333333,0.666666666666667,1,1.66666666666667
35,"binary",3,"Mixed linear and rule-based","GBM",TRUE,"AUC",0.780357944704599,0.0300000000000864,NA,NA,NA,NA,NA,NA,NA,NA,NA,NA,NA,NA,NA
35,"binary",3,"Mixed linear and rule-based","Linear",TRUE,"AUC",0.788376419269998,0.00999999999999091,NA,20,0,20,20,0,0,0,0,1,0,1,1
35,"binary",3,"Mixed linear and rule-based","Random forest",TRUE,"AUC",0.786099172493425,0.159999999999968,NA,NA,NA,NA,NA,NA,NA,NA,NA,NA,NA,NA,NA
35,"binary",3,"Mixed linear and rule-based","RuleFit",TRUE,"AUC",0.7896273013022,9.62,NA,31,31,0,3,25,3,0,0,0.0967741935483871,0.806451612903226,0.903225806451613,2
36,"binary",3,"Mixed linear and rule-based","BRP-GABLE full",TRUE,"AUC",0.788405797101449,97.77,NA,40,39,1,11,29,0,0,0,0.275,0.725,1,1.725
36,"binary",3,"Mixed linear and rule-based","BRP-GABLE rule-only",TRUE,"AUC",0.7856038647343,97.8100000000001,NA,39,39,0,10,29,0,0,0,0.256410256410256,0.743589743589744,1,1.74358974358974
36,"binary",3,"Mixed linear and rule-based","GABLE",TRUE,"AUC",0.808373590982287,2.08000000000004,NA,5,5,0,5,0,0,0,0,1,0,1,1
36,"binary",3,"Mixed linear and rule-based","GBM",TRUE,"AUC",0.825636070853462,0.0199999999999818,NA,NA,NA,NA,NA,NA,NA,NA,NA,NA,NA,NA,NA
36,"binary",3,"Mixed linear and rule-based","Linear",TRUE,"AUC",0.841159420289855,0,NA,20,0,20,20,0,0,0,0,1,0,1,1
36,"binary",3,"Mixed linear and rule-based","Random forest",TRUE,"AUC",0.819291465378422,0.169999999999959,NA,NA,NA,NA,NA,NA,NA,NA,NA,NA,NA,NA,NA
36,"binary",3,"Mixed linear and rule-based","RuleFit",TRUE,"AUC",0.786859903381642,9.14999999999998,NA,31,31,0,4,23,4,0,0,0.129032258064516,0.741935483870968,0.870967741935484,2
37,"binary",3,"Mixed linear and rule-based","BRP-GABLE full",TRUE,"AUC",0.828173374613003,100.97,NA,34,34,0,5,29,0,0,0,0.147058823529412,0.852941176470588,1,1.85294117647059
37,"binary",3,"Mixed linear and rule-based","BRP-GABLE rule-only",TRUE,"AUC",0.829076367389061,101.19,NA,32,32,0,5,27,0,0,0,0.15625,0.84375,1,1.84375
37,"binary",3,"Mixed linear and rule-based","GABLE",TRUE,"AUC",0.84391124871001,2.01999999999998,NA,5,5,0,5,0,0,0,0,1,0,1,1
37,"binary",3,"Mixed linear and rule-based","GBM",TRUE,"AUC",0.835719814241486,0.0299999999999727,NA,NA,NA,NA,NA,NA,NA,NA,NA,NA,NA,NA,NA
37,"binary",3,"Mixed linear and rule-based","Linear",TRUE,"AUC",0.821207430340557,0,NA,20,0,20,20,0,0,0,0,1,0,1,1
37,"binary",3,"Mixed linear and rule-based","Random forest",TRUE,"AUC",0.837429050567595,0.169999999999959,NA,NA,NA,NA,NA,NA,NA,NA,NA,NA,NA,NA,NA
37,"binary",3,"Mixed linear and rule-based","RuleFit",TRUE,"AUC",0.82875386996904,11.34,NA,39,39,0,3,31,5,0,0,0.0769230769230769,0.794871794871795,0.871794871794872,2.05128205128205
38,"binary",3,"Mixed linear and rule-based","BRP-GABLE full",TRUE,"AUC",0.799602793260299,106.66,NA,36,36,0,6,30,0,0,0,0.166666666666667,0.833333333333333,1,1.83333333333333
38,"binary",3,"Mixed linear and rule-based","BRP-GABLE rule-only",TRUE,"AUC",0.799602793260299,106.62,NA,36,36,0,6,30,0,0,0,0.166666666666667,0.833333333333333,1,1.83333333333333
38,"binary",3,"Mixed linear and rule-based","GABLE",TRUE,"AUC",0.737138830162086,1.83999999999992,NA,5,5,0,3,2,0,0,0,0.6,0.4,1,1.4
38,"binary",3,"Mixed linear and rule-based","GBM",TRUE,"AUC",0.817797424562752,0.0299999999999727,NA,NA,NA,NA,NA,NA,NA,NA,NA,NA,NA,NA,NA
38,"binary",3,"Mixed linear and rule-based","Linear",TRUE,"AUC",0.811326798641809,0,NA,20,0,20,20,0,0,0,0,1,0,1,1
38,"binary",3,"Mixed linear and rule-based","Random forest",TRUE,"AUC",0.825613428150426,0.160000000000082,NA,NA,NA,NA,NA,NA,NA,NA,NA,NA,NA,NA,NA
38,"binary",3,"Mixed linear and rule-based","RuleFit",TRUE,"AUC",0.81568325965789,10.38,NA,21,21,0,2,15,4,0,0,0.0952380952380952,0.714285714285714,0.80952380952381,2.0952380952381
39,"binary",3,"Mixed linear and rule-based","BRP-GABLE full",TRUE,"AUC",0.809514637904468,121.69,NA,34,34,0,5,29,0,0,0,0.147058823529412,0.852941176470588,1,1.85294117647059
39,"binary",3,"Mixed linear and rule-based","BRP-GABLE rule-only",TRUE,"AUC",0.811183872624551,121.67,NA,39,39,0,7,32,0,0,0,0.179487179487179,0.82051282051282,1,1.82051282051282
39,"binary",3,"Mixed linear and rule-based","GABLE",TRUE,"AUC",0.775937339496662,1.92999999999995,NA,5,5,0,4,1,0,0,0,0.8,0.2,1,1.2
39,"binary",3,"Mixed linear and rule-based","GBM",TRUE,"AUC",0.802580893682589,0.0300000000000864,NA,NA,NA,NA,NA,NA,NA,NA,NA,NA,NA,NA,NA
39,"binary",3,"Mixed linear and rule-based","Linear",TRUE,"AUC",0.821905495634309,0,NA,20,0,20,20,0,0,0,0,1,0,1,1
39,"binary",3,"Mixed linear and rule-based","Random forest",TRUE,"AUC",0.799627632254751,0.17999999999995,NA,NA,NA,NA,NA,NA,NA,NA,NA,NA,NA,NA,NA
39,"binary",3,"Mixed linear and rule-based","RuleFit",TRUE,"AUC",0.806047765793529,10.7700000000001,NA,31,31,0,0,23,8,0,0,0,0.741935483870968,0.741935483870968,2.25806451612903
40,"binary",3,"Mixed linear and rule-based","BRP-GABLE full",TRUE,"AUC",0.828397435897436,109.2,NA,54,54,0,16,38,0,0,0,0.296296296296296,0.703703703703704,1,1.7037037037037
40,"binary",3,"Mixed linear and rule-based","BRP-GABLE rule-only",TRUE,"AUC",0.829166666666667,109.28,NA,54,54,0,18,36,0,0,0,0.333333333333333,0.666666666666667,1,1.66666666666667
40,"binary",3,"Mixed linear and rule-based","GABLE",TRUE,"AUC",0.826025641025641,2.23000000000002,NA,4,4,0,3,1,0,0,0,0.75,0.25,1,1.25
40,"binary",3,"Mixed linear and rule-based","GBM",TRUE,"AUC",0.865320512820513,0.0299999999999727,NA,NA,NA,NA,NA,NA,NA,NA,NA,NA,NA,NA,NA
40,"binary",3,"Mixed linear and rule-based","Linear",TRUE,"AUC",0.863397435897436,0,NA,20,0,20,20,0,0,0,0,1,0,1,1
40,"binary",3,"Mixed linear and rule-based","Random forest",TRUE,"AUC",0.824294871794872,0.1400000000001,NA,NA,NA,NA,NA,NA,NA,NA,NA,NA,NA,NA,NA
40,"binary",3,"Mixed linear and rule-based","RuleFit",TRUE,"AUC",0.810032051282051,10.8199999999999,NA,20,20,0,0,20,0,0,0,0,1,1,2
41,"binary",3,"Mixed linear and rule-based","BRP-GABLE full",TRUE,"AUC",0.750320020481311,104.56,NA,37,37,0,6,31,0,0,0,0.162162162162162,0.837837837837838,1,1.83783783783784
41,"binary",3,"Mixed linear and rule-based","BRP-GABLE rule-only",TRUE,"AUC",0.750320020481311,104.44,NA,37,37,0,6,31,0,0,0,0.162162162162162,0.837837837837838,1,1.83783783783784
41,"binary",3,"Mixed linear and rule-based","GABLE",TRUE,"AUC",0.69815668202765,2.16000000000008,NA,5,5,0,3,2,0,0,0,0.6,0.4,1,1.4
41,"binary",3,"Mixed linear and rule-based","GBM",TRUE,"AUC",0.772529441884281,0.00999999999999091,NA,NA,NA,NA,NA,NA,NA,NA,NA,NA,NA,NA,NA
41,"binary",3,"Mixed linear and rule-based","Linear",TRUE,"AUC",0.773425499231951,0.0200000000002092,NA,20,0,20,20,0,0,0,0,1,0,1,1
41,"binary",3,"Mixed linear and rule-based","Random forest",TRUE,"AUC",0.791378648233487,0.169999999999845,NA,NA,NA,NA,NA,NA,NA,NA,NA,NA,NA,NA,NA
41,"binary",3,"Mixed linear and rule-based","RuleFit",TRUE,"AUC",0.770321300563236,9.55999999999995,NA,18,18,0,0,15,3,0,0,0,0.833333333333333,0.833333333333333,2.16666666666667
42,"binary",3,"Mixed linear and rule-based","BRP-GABLE full",TRUE,"AUC",0.797403846153846,101.3,NA,42,42,0,6,36,0,0,0,0.142857142857143,0.857142857142857,1,1.85714285714286
42,"binary",3,"Mixed linear and rule-based","BRP-GABLE rule-only",TRUE,"AUC",0.796826923076923,101.3,NA,42,42,0,6,36,0,0,0,0.142857142857143,0.857142857142857,1,1.85714285714286
42,"binary",3,"Mixed linear and rule-based","GABLE",TRUE,"AUC",0.731346153846154,1.87999999999988,NA,5,5,0,4,1,0,0,0,0.8,0.2,1,1.2
42,"binary",3,"Mixed linear and rule-based","GBM",TRUE,"AUC",0.804102564102564,0.0299999999999727,NA,NA,NA,NA,NA,NA,NA,NA,NA,NA,NA,NA,NA
42,"binary",3,"Mixed linear and rule-based","Linear",TRUE,"AUC",0.831217948717949,0,NA,20,0,20,20,0,0,0,0,1,0,1,1
42,"binary",3,"Mixed linear and rule-based","Random forest",TRUE,"AUC",0.798108974358974,0.1400000000001,NA,NA,NA,NA,NA,NA,NA,NA,NA,NA,NA,NA,NA
42,"binary",3,"Mixed linear and rule-based","RuleFit",TRUE,"AUC",0.80400641025641,9.95000000000005,NA,28,28,0,0,25,3,0,0,0,0.892857142857143,0.892857142857143,2.10714285714286
43,"binary",3,"Mixed linear and rule-based","BRP-GABLE full",TRUE,"AUC",0.744636723053989,97.61,NA,52,51,1,7,45,0,0,0,0.134615384615385,0.865384615384615,1,1.86538461538462
43,"binary",3,"Mixed linear and rule-based","BRP-GABLE rule-only",TRUE,"AUC",0.741104413766284,97.61,NA,51,51,0,8,43,0,0,0,0.156862745098039,0.843137254901961,1,1.84313725490196
43,"binary",3,"Mixed linear and rule-based","GABLE",TRUE,"AUC",0.760127033508328,2.26999999999998,NA,5,5,0,5,0,0,0,0,1,0,1,1
43,"binary",3,"Mixed linear and rule-based","GBM",TRUE,"AUC",0.810357119709638,0.0299999999999727,NA,NA,NA,NA,NA,NA,NA,NA,NA,NA,NA,NA,NA
43,"binary",3,"Mixed linear and rule-based","Linear",TRUE,"AUC",0.780219067988852,0,NA,20,0,20,20,0,0,0,0,1,0,1,1
43,"binary",3,"Mixed linear and rule-based","Random forest",TRUE,"AUC",0.790815995851967,0.150000000000091,NA,NA,NA,NA,NA,NA,NA,NA,NA,NA,NA,NA,NA
43,"binary",3,"Mixed linear and rule-based","RuleFit",TRUE,"AUC",0.777302482338454,10.3599999999999,NA,25,25,0,0,22,3,0,0,0,0.88,0.88,2.12
44,"binary",3,"Mixed linear and rule-based","BRP-GABLE full",TRUE,"AUC",0.793397435897436,95.9,NA,49,49,0,14,35,0,0,0,0.285714285714286,0.714285714285714,1,1.71428571428571
44,"binary",3,"Mixed linear and rule-based","BRP-GABLE rule-only",TRUE,"AUC",0.793397435897436,95.87,NA,48,48,0,13,35,0,0,0,0.270833333333333,0.729166666666667,1,1.72916666666667
44,"binary",3,"Mixed linear and rule-based","GABLE",TRUE,"AUC",0.766826923076923,1.85000000000014,NA,3,3,0,1,2,0,0,0,0.333333333333333,0.666666666666667,1,1.66666666666667
44,"binary",3,"Mixed linear and rule-based","GBM",TRUE,"AUC",0.811217948717949,0.040000000000191,NA,NA,NA,NA,NA,NA,NA,NA,NA,NA,NA,NA,NA
44,"binary",3,"Mixed linear and rule-based","Linear",TRUE,"AUC",0.805961538461538,0,NA,20,0,20,20,0,0,0,0,1,0,1,1
44,"binary",3,"Mixed linear and rule-based","Random forest",TRUE,"AUC",0.811826923076923,0.149999999999864,NA,NA,NA,NA,NA,NA,NA,NA,NA,NA,NA,NA,NA
44,"binary",3,"Mixed linear and rule-based","RuleFit",TRUE,"AUC",0.775288461538462,10.1399999999999,NA,18,18,0,1,13,4,0,0,0.0555555555555556,0.722222222222222,0.777777777777778,2.16666666666667
45,"binary",3,"Mixed linear and rule-based","BRP-GABLE full",TRUE,"AUC",0.792875904926645,92.3199999999999,NA,35,35,0,6,29,0,0,0,0.171428571428571,0.828571428571429,1,1.82857142857143
45,"binary",3,"Mixed linear and rule-based","BRP-GABLE rule-only",TRUE,"AUC",0.792267281696457,92.3,NA,34,34,0,5,29,0,0,0,0.147058823529412,0.852941176470588,1,1.85294117647059
45,"binary",3,"Mixed linear and rule-based","GABLE",TRUE,"AUC",0.800403613300019,2.08999999999992,NA,4,4,0,3,1,0,0,0,0.75,0.25,1,1.25
45,"binary",3,"Mixed linear and rule-based","GBM",TRUE,"AUC",0.825421231340893,0.0399999999999636,NA,NA,NA,NA,NA,NA,NA,NA,NA,NA,NA,NA,NA
45,"binary",3,"Mixed linear and rule-based","Linear",TRUE,"AUC",0.821321032737523,0,NA,20,0,20,20,0,0,0,0,1,0,1,1
45,"binary",3,"Mixed linear and rule-based","Random forest",TRUE,"AUC",0.814273816387981,0.170000000000073,NA,NA,NA,NA,NA,NA,NA,NA,NA,NA,NA,NA,NA
45,"binary",3,"Mixed linear and rule-based","RuleFit",TRUE,"AUC",0.828336216285476,10.45,NA,27,27,0,0,21,6,0,0,0,0.777777777777778,0.777777777777778,2.22222222222222
46,"binary",3,"Mixed linear and rule-based","BRP-GABLE full",TRUE,"AUC",0.783560591511427,102.65,NA,52,52,0,14,38,0,0,0,0.269230769230769,0.730769230769231,1,1.73076923076923
46,"binary",3,"Mixed linear and rule-based","BRP-GABLE rule-only",TRUE,"AUC",0.783176493182255,102.69,NA,52,52,0,15,37,0,0,0,0.288461538461538,0.711538461538462,1,1.71153846153846
46,"binary",3,"Mixed linear and rule-based","GABLE",TRUE,"AUC",0.752480635042571,1.92000000000007,NA,5,5,0,4,1,0,0,0,0.8,0.2,1,1.2
46,"binary",3,"Mixed linear and rule-based","GBM",TRUE,"AUC",0.803981819345753,0.0199999999999818,NA,NA,NA,NA,NA,NA,NA,NA,NA,NA,NA,NA,NA
46,"binary",3,"Mixed linear and rule-based","Linear",TRUE,"AUC",0.819345752512643,0.00999999999999091,NA,20,0,20,20,0,0,0,0,1,0,1,1
46,"binary",3,"Mixed linear and rule-based","Random forest",TRUE,"AUC",0.784104730811088,0.160000000000082,NA,NA,NA,NA,NA,NA,NA,NA,NA,NA,NA,NA,NA
46,"binary",3,"Mixed linear and rule-based","RuleFit",TRUE,"AUC",0.8019332949235,9.70000000000005,NA,26,26,0,5,19,2,0,0,0.192307692307692,0.730769230769231,0.923076923076923,1.88461538461538
47,"binary",3,"Mixed linear and rule-based","BRP-GABLE full",TRUE,"AUC",0.739002837977296,106.33,NA,29,28,1,3,26,0,0,0,0.103448275862069,0.896551724137931,1,1.89655172413793
47,"binary",3,"Mixed linear and rule-based","BRP-GABLE rule-only",TRUE,"AUC",0.739164086687306,106.34,NA,28,28,0,2,26,0,0,0,0.0714285714285714,0.928571428571429,1,1.92857142857143
47,"binary",3,"Mixed linear and rule-based","GABLE",TRUE,"AUC",0.701238390092879,1.82999999999993,NA,5,5,0,4,1,0,0,0,0.8,0.2,1,1.2
47,"binary",3,"Mixed linear and rule-based","GBM",TRUE,"AUC",0.784120227038184,0.0399999999999636,NA,NA,NA,NA,NA,NA,NA,NA,NA,NA,NA,NA,NA
47,"binary",3,"Mixed linear and rule-based","Linear",TRUE,"AUC",0.835977812177503,0,NA,20,0,20,20,0,0,0,0,1,0,1,1
47,"binary",3,"Mixed linear and rule-based","Random forest",TRUE,"AUC",0.742711558307534,0.150000000000091,NA,NA,NA,NA,NA,NA,NA,NA,NA,NA,NA,NA,NA
47,"binary",3,"Mixed linear and rule-based","RuleFit",TRUE,"AUC",0.765963622291022,11.22,NA,32,32,0,0,20,12,0,0,0,0.625,0.625,2.375
48,"binary",3,"Mixed linear and rule-based","BRP-GABLE full",TRUE,"AUC",0.803357314148681,107.46,NA,34,34,0,2,32,0,0,0,0.0588235294117647,0.941176470588235,1,1.94117647058824
48,"binary",3,"Mixed linear and rule-based","BRP-GABLE rule-only",TRUE,"AUC",0.803875818264307,107.5,NA,38,38,0,5,33,0,0,0,0.131578947368421,0.868421052631579,1,1.86842105263158
48,"binary",3,"Mixed linear and rule-based","GABLE",TRUE,"AUC",0.768423099358351,2.11999999999989,NA,5,5,0,4,1,0,0,0,0.8,0.2,1,1.2
48,"binary",3,"Mixed linear and rule-based","GBM",TRUE,"AUC",0.825264113033897,0.0299999999999727,NA,NA,NA,NA,NA,NA,NA,NA,NA,NA,NA,NA,NA
48,"binary",3,"Mixed linear and rule-based","Linear",TRUE,"AUC",0.83356017888392,0.00999999999999091,NA,20,0,20,20,0,0,0,0,1,0,1,1
48,"binary",3,"Mixed linear and rule-based","Random forest",TRUE,"AUC",0.810810810810811,0.160000000000082,NA,NA,NA,NA,NA,NA,NA,NA,NA,NA,NA,NA,NA
48,"binary",3,"Mixed linear and rule-based","RuleFit",TRUE,"AUC",0.820370730442673,10.3800000000001,NA,26,26,0,2,22,2,0,0,0.0769230769230769,0.846153846153846,0.923076923076923,2
49,"binary",3,"Mixed linear and rule-based","BRP-GABLE full",TRUE,"AUC",0.840848461188106,100.76,NA,14,14,0,0,14,0,0,0,0,1,1,2
49,"binary",3,"Mixed linear and rule-based","BRP-GABLE rule-only",TRUE,"AUC",0.840848461188106,100.8,NA,14,14,0,0,14,0,0,0,0,1,1,2
49,"binary",3,"Mixed linear and rule-based","GABLE",TRUE,"AUC",0.803077623788145,2.13999999999987,NA,5,5,0,3,2,0,0,0,0.6,0.4,1,1.4
49,"binary",3,"Mixed linear and rule-based","GBM",TRUE,"AUC",0.848265989979829,0.0299999999999727,NA,NA,NA,NA,NA,NA,NA,NA,NA,NA,NA,NA,NA
49,"binary",3,"Mixed linear and rule-based","Linear",TRUE,"AUC",0.811503676231375,0.00999999999999091,NA,20,0,20,20,0,0,0,0,1,0,1,1
49,"binary",3,"Mixed linear and rule-based","Random forest",TRUE,"AUC",0.836977031687162,0.180000000000064,NA,NA,NA,NA,NA,NA,NA,NA,NA,NA,NA,NA,NA
49,"binary",3,"Mixed linear and rule-based","RuleFit",TRUE,"AUC",0.846541739865964,10.4000000000001,NA,26,26,0,2,19,5,0,0,0.0769230769230769,0.730769230769231,0.807692307692308,2.11538461538462
50,"binary",3,"Mixed linear and rule-based","BRP-GABLE full",TRUE,"AUC",0.791047643442623,95.7099999999998,NA,19,19,0,2,17,0,0,0,0.105263157894737,0.894736842105263,1,1.89473684210526
50,"binary",3,"Mixed linear and rule-based","BRP-GABLE rule-only",TRUE,"AUC",0.791047643442623,95.74,NA,19,19,0,2,17,0,0,0,0.105263157894737,0.894736842105263,1,1.89473684210526
50,"binary",3,"Mixed linear and rule-based","GABLE",TRUE,"AUC",0.809970543032787,2.02999999999997,NA,5,5,0,5,0,0,0,0,1,0,1,1
50,"binary",3,"Mixed linear and rule-based","GBM",TRUE,"AUC",0.833952356557377,0.040000000000191,NA,NA,NA,NA,NA,NA,NA,NA,NA,NA,NA,NA,NA
50,"binary",3,"Mixed linear and rule-based","Linear",TRUE,"AUC",0.848552766393443,0.00999999999999091,NA,20,0,20,20,0,0,0,0,1,0,1,1
50,"binary",3,"Mixed linear and rule-based","Random forest",TRUE,"AUC",0.810066598360656,0.139999999999873,NA,NA,NA,NA,NA,NA,NA,NA,NA,NA,NA,NA,NA
50,"binary",3,"Mixed linear and rule-based","RuleFit",TRUE,"AUC",0.813524590163934,9.23000000000002,NA,16,16,0,4,12,0,0,0,0.25,0.75,1,1.75
51,"binary",3,"Mixed linear and rule-based","BRP-GABLE full",TRUE,"AUC",0.817783043032787,97.0799999999999,NA,42,42,0,5,37,0,0,0,0.119047619047619,0.880952380952381,1,1.88095238095238
51,"binary",3,"Mixed linear and rule-based","BRP-GABLE rule-only",TRUE,"AUC",0.817783043032787,97.04,NA,42,42,0,5,37,0,0,0,0.119047619047619,0.880952380952381,1,1.88095238095238
51,"binary",3,"Mixed linear and rule-based","GABLE",TRUE,"AUC",0.779232838114754,1.92000000000007,NA,5,5,0,4,1,0,0,0,0.8,0.2,1,1.2
51,"binary",3,"Mixed linear and rule-based","GBM",TRUE,"AUC",0.843173668032787,0.00999999999999091,NA,NA,NA,NA,NA,NA,NA,NA,NA,NA,NA,NA,NA
51,"binary",3,"Mixed linear and rule-based","Linear",TRUE,"AUC",0.848040471311475,0.0200000000002092,NA,20,0,20,20,0,0,0,0,1,0,1,1
51,"binary",3,"Mixed linear and rule-based","Random forest",TRUE,"AUC",0.855820952868853,0.159999999999854,NA,NA,NA,NA,NA,NA,NA,NA,NA,NA,NA,NA,NA
51,"binary",3,"Mixed linear and rule-based","RuleFit",TRUE,"AUC",0.838498975409836,9.45000000000005,NA,27,27,0,0,23,4,0,0,0,0.851851851851852,0.851851851851852,2.14814814814815
52,"binary",3,"Mixed linear and rule-based","BRP-GABLE full",TRUE,"AUC",0.821924858466289,108,NA,24,24,0,2,22,0,0,0,0.0833333333333333,0.916666666666667,1,1.91666666666667
52,"binary",3,"Mixed linear and rule-based","BRP-GABLE rule-only",TRUE,"AUC",0.821924858466289,108.06,NA,24,24,0,2,22,0,0,0,0.0833333333333333,0.916666666666667,1,1.91666666666667
52,"binary",3,"Mixed linear and rule-based","GABLE",TRUE,"AUC",0.73526762738034,1.84000000000015,NA,5,5,0,3,2,0,0,0,0.6,0.4,1,1.4
52,"binary",3,"Mixed linear and rule-based","GBM",TRUE,"AUC",0.825913535769429,0.0299999999999727,NA,NA,NA,NA,NA,NA,NA,NA,NA,NA,NA,NA,NA
52,"binary",3,"Mixed linear and rule-based","Linear",TRUE,"AUC",0.824498198661863,0,NA,20,0,20,20,0,0,0,0,1,0,1,1
52,"binary",3,"Mixed linear and rule-based","Random forest",TRUE,"AUC",0.811020329387545,0.159999999999854,NA,NA,NA,NA,NA,NA,NA,NA,NA,NA,NA,NA,NA
52,"binary",3,"Mixed linear and rule-based","RuleFit",TRUE,"AUC",0.802882141019043,10.3,NA,15,15,0,1,13,1,0,0,0.0666666666666667,0.866666666666667,0.933333333333333,2
53,"binary",3,"Mixed linear and rule-based","BRP-GABLE full",TRUE,"AUC",0.748645510835913,98.1799999999998,NA,31,31,0,2,29,0,0,0,0.0645161290322581,0.935483870967742,1,1.93548387096774
53,"binary",3,"Mixed linear and rule-based","BRP-GABLE rule-only",TRUE,"AUC",0.748645510835913,98.1000000000001,NA,31,31,0,2,29,0,0,0,0.0645161290322581,0.935483870967742,1,1.93548387096774
53,"binary",3,"Mixed linear and rule-based","GABLE",TRUE,"AUC",0.734036377708978,1.8900000000001,NA,5,5,0,4,1,0,0,0,0.8,0.2,1,1.2
53,"binary",3,"Mixed linear and rule-based","GBM",TRUE,"AUC",0.769736842105263,0.0299999999999727,NA,NA,NA,NA,NA,NA,NA,NA,NA,NA,NA,NA,NA
53,"binary",3,"Mixed linear and rule-based","Linear",TRUE,"AUC",0.76328689370485,0,NA,20,0,20,20,0,0,0,0,1,0,1,1
53,"binary",3,"Mixed linear and rule-based","Random forest",TRUE,"AUC",0.767092363261094,0.169999999999845,NA,NA,NA,NA,NA,NA,NA,NA,NA,NA,NA,NA,NA
53,"binary",3,"Mixed linear and rule-based","RuleFit",TRUE,"AUC",0.759416924664603,10.3699999999999,NA,37,37,0,4,31,2,0,0,0.108108108108108,0.837837837837838,0.945945945945946,1.94594594594595
54,"binary",3,"Mixed linear and rule-based","BRP-GABLE full",TRUE,"AUC",0.773912486386059,95.7199999999998,NA,46,46,0,6,40,0,0,0,0.130434782608696,0.869565217391304,1,1.8695652173913
54,"binary",3,"Mixed linear and rule-based","BRP-GABLE rule-only",TRUE,"AUC",0.773912486386059,95.6800000000001,NA,46,46,0,6,40,0,0,0,0.130434782608696,0.869565217391304,1,1.8695652173913
54,"binary",3,"Mixed linear and rule-based","GABLE",TRUE,"AUC",0.732173745915818,1.63000000000011,NA,4,4,0,2,2,0,0,0,0.5,0.5,1,1.5
54,"binary",3,"Mixed linear and rule-based","GBM",TRUE,"AUC",0.820808507912102,0.040000000000191,NA,NA,NA,NA,NA,NA,NA,NA,NA,NA,NA,NA,NA
54,"binary",3,"Mixed linear and rule-based","Linear",TRUE,"AUC",0.862130821961689,0.00999999999999091,NA,20,0,20,20,0,0,0,0,1,0,1,1
54,"binary",3,"Mixed linear and rule-based","Random forest",TRUE,"AUC",0.805945287974886,0.149999999999864,NA,NA,NA,NA,NA,NA,NA,NA,NA,NA,NA,NA,NA
54,"binary",3,"Mixed linear and rule-based","RuleFit",TRUE,"AUC",0.81376129156256,9.36999999999989,NA,19,19,0,0,17,2,0,0,0,0.894736842105263,0.894736842105263,2.10526315789474
55,"binary",3,"Mixed linear and rule-based","BRP-GABLE full",TRUE,"AUC",0.825389697863878,104.1,NA,43,43,0,10,33,0,0,0,0.232558139534884,0.767441860465116,1,1.76744186046512
55,"binary",3,"Mixed linear and rule-based","BRP-GABLE rule-only",TRUE,"AUC",0.824748219898646,104.12,NA,43,43,0,10,33,0,0,0,0.232558139534884,0.767441860465116,1,1.76744186046512
55,"binary",3,"Mixed linear and rule-based","GABLE",TRUE,"AUC",0.772948874206171,1.91000000000008,NA,5,5,0,4,1,0,0,0,0.8,0.2,1,1.2
55,"binary",3,"Mixed linear and rule-based","GBM",TRUE,"AUC",0.837000449034576,0.0199999999999818,NA,NA,NA,NA,NA,NA,NA,NA,NA,NA,NA,NA,NA
55,"binary",3,"Mixed linear and rule-based","Linear",TRUE,"AUC",0.833985502597986,0,NA,20,0,20,20,0,0,0,0,1,0,1,1
55,"binary",3,"Mixed linear and rule-based","Random forest",TRUE,"AUC",0.823914298543845,0.170000000000073,NA,NA,NA,NA,NA,NA,NA,NA,NA,NA,NA,NA,NA
55,"binary",3,"Mixed linear and rule-based","RuleFit",TRUE,"AUC",0.851818590031432,10.28,NA,24,24,0,3,15,6,0,0,0.125,0.625,0.75,2.125
56,"binary",3,"Mixed linear and rule-based","BRP-GABLE full",TRUE,"AUC",0.755790015440041,106.51,NA,27,27,0,0,27,0,0,0,0,1,1,2
56,"binary",3,"Mixed linear and rule-based","BRP-GABLE rule-only",TRUE,"AUC",0.755854348944931,106.56,NA,27,27,0,0,27,0,0,0,0,1,1,2
56,"binary",3,"Mixed linear and rule-based","GABLE",TRUE,"AUC",0.762416366443644,1.94000000000005,NA,5,5,0,3,2,0,0,0,0.6,0.4,1,1.4
56,"binary",3,"Mixed linear and rule-based","GBM",TRUE,"AUC",0.767884714359238,0.0300000000002001,NA,NA,NA,NA,NA,NA,NA,NA,NA,NA,NA,NA,NA
56,"binary",3,"Mixed linear and rule-based","Linear",TRUE,"AUC",0.774060730828615,0,NA,20,0,20,20,0,0,0,0,1,0,1,1
56,"binary",3,"Mixed linear and rule-based","Random forest",TRUE,"AUC",0.753377509006691,0.169999999999845,NA,NA,NA,NA,NA,NA,NA,NA,NA,NA,NA,NA,NA
56,"binary",3,"Mixed linear and rule-based","RuleFit",TRUE,"AUC",0.763960370560988,10.1500000000001,NA,19,19,0,0,16,3,0,0,0,0.842105263157895,0.842105263157895,2.15789473684211
57,"binary",3,"Mixed linear and rule-based","BRP-GABLE full",TRUE,"AUC",0.799855870020964,97.8200000000002,NA,35,35,0,5,30,0,0,0,0.142857142857143,0.857142857142857,1,1.85714285714286
57,"binary",3,"Mixed linear and rule-based","BRP-GABLE rule-only",TRUE,"AUC",0.803459119496855,97.7500000000002,NA,37,37,0,7,30,0,0,0,0.189189189189189,0.810810810810811,1,1.81081081081081
57,"binary",3,"Mixed linear and rule-based","GABLE",TRUE,"AUC",0.774731394129979,2.12999999999988,NA,4,4,0,3,1,0,0,0,0.75,0.25,1,1.25
57,"binary",3,"Mixed linear and rule-based","GBM",TRUE,"AUC",0.805555555555556,0.0399999999999636,NA,NA,NA,NA,NA,NA,NA,NA,NA,NA,NA,NA,NA
57,"binary",3,"Mixed linear and rule-based","Linear",TRUE,"AUC",0.842767295597484,0.00999999999999091,NA,20,0,20,20,0,0,0,0,1,0,1,1
57,"binary",3,"Mixed linear and rule-based","Random forest",TRUE,"AUC",0.816660115303983,0.150000000000091,NA,NA,NA,NA,NA,NA,NA,NA,NA,NA,NA,NA,NA
57,"binary",3,"Mixed linear and rule-based","RuleFit",TRUE,"AUC",0.813253406708595,10.6700000000001,NA,32,32,0,1,30,1,0,0,0.03125,0.9375,0.96875,2
58,"binary",3,"Mixed linear and rule-based","BRP-GABLE full",TRUE,"AUC",0.802957557134626,104.71,NA,43,42,1,12,31,0,0,0,0.27906976744186,0.720930232558139,1,1.72093023255814
58,"binary",3,"Mixed linear and rule-based","BRP-GABLE rule-only",TRUE,"AUC",0.799852762307151,104.65,NA,47,47,0,14,33,0,0,0,0.297872340425532,0.702127659574468,1,1.70212765957447
58,"binary",3,"Mixed linear and rule-based","GABLE",TRUE,"AUC",0.779879649190193,2.04999999999995,NA,4,4,0,3,1,0,0,0,0.75,0.25,1,1.25
58,"binary",3,"Mixed linear and rule-based","GBM",TRUE,"AUC",0.81537673644453,0.00999999999999091,NA,NA,NA,NA,NA,NA,NA,NA,NA,NA,NA,NA,NA
58,"binary",3,"Mixed linear and rule-based","Linear",TRUE,"AUC",0.810575507329876,0.0199999999999818,NA,20,0,20,20,0,0,0,0,1,0,1,1
58,"binary",3,"Mixed linear and rule-based","Random forest",TRUE,"AUC",0.806254401126688,0.1400000000001,NA,NA,NA,NA,NA,NA,NA,NA,NA,NA,NA,NA,NA
58,"binary",3,"Mixed linear and rule-based","RuleFit",TRUE,"AUC",0.816400998655656,9.67000000000007,NA,32,32,0,7,23,2,0,0,0.21875,0.71875,0.9375,1.84375
59,"binary",3,"Mixed linear and rule-based","BRP-GABLE full",TRUE,"AUC",0.761819231509398,100.35,NA,50,49,1,12,38,0,0,0,0.24,0.76,1,1.76
59,"binary",3,"Mixed linear and rule-based","BRP-GABLE rule-only",TRUE,"AUC",0.758483546090192,100.4,NA,56,56,0,16,40,0,0,0,0.285714285714286,0.714285714285714,1,1.71428571428571
59,"binary",3,"Mixed linear and rule-based","GABLE",TRUE,"AUC",0.773686573866188,1.8900000000001,NA,5,5,0,4,1,0,0,0,0.8,0.2,1,1.2
59,"binary",3,"Mixed linear and rule-based","GBM",TRUE,"AUC",0.789146192828276,0.040000000000191,NA,NA,NA,NA,NA,NA,NA,NA,NA,NA,NA,NA,NA
59,"binary",3,"Mixed linear and rule-based","Linear",TRUE,"AUC",0.818205144653281,0,NA,20,0,20,20,0,0,0,0,1,0,1,1
59,"binary",3,"Mixed linear and rule-based","Random forest",TRUE,"AUC",0.772980948104433,0.169999999999845,NA,NA,NA,NA,NA,NA,NA,NA,NA,NA,NA,NA,NA
59,"binary",3,"Mixed linear and rule-based","RuleFit",TRUE,"AUC",0.792225287061389,11.2,NA,27,27,0,0,22,5,0,0,0,0.814814814814815,0.814814814814815,2.18518518518519
60,"binary",3,"Mixed linear and rule-based","BRP-GABLE full",TRUE,"AUC",0.814396135265701,115.92,NA,20,20,0,2,18,0,0,0,0.1,0.9,1,1.9
60,"binary",3,"Mixed linear and rule-based","BRP-GABLE rule-only",TRUE,"AUC",0.814396135265701,115.87,NA,20,20,0,2,18,0,0,0,0.1,0.9,1,1.9
60,"binary",3,"Mixed linear and rule-based","GABLE",TRUE,"AUC",0.758260869565217,2.28999999999996,NA,5,5,0,5,0,0,0,0,1,0,1,1
60,"binary",3,"Mixed linear and rule-based","GBM",TRUE,"AUC",0.817713365539453,0.00999999999999091,NA,NA,NA,NA,NA,NA,NA,NA,NA,NA,NA,NA,NA
60,"binary",3,"Mixed linear and rule-based","Linear",TRUE,"AUC",0.825958132045089,0,NA,20,0,20,20,0,0,0,0,1,0,1,1
60,"binary",3,"Mixed linear and rule-based","Random forest",TRUE,"AUC",0.824798711755233,0.139999999999873,NA,NA,NA,NA,NA,NA,NA,NA,NA,NA,NA,NA,NA
60,"binary",3,"Mixed linear and rule-based","RuleFit",TRUE,"AUC",0.825217391304348,11.0300000000002,NA,21,21,0,0,17,4,0,0,0,0.80952380952381,0.80952380952381,2.19047619047619
61,"binary",3,"Mixed linear and rule-based","BRP-GABLE full",TRUE,"AUC",0.792842839609844,99.9499999999998,NA,37,37,0,5,32,0,0,0,0.135135135135135,0.864864864864865,1,1.86486486486486
61,"binary",3,"Mixed linear and rule-based","BRP-GABLE rule-only",TRUE,"AUC",0.792842839609844,99.9799999999998,NA,38,38,0,6,32,0,0,0,0.157894736842105,0.842105263157895,1,1.84210526315789
61,"binary",3,"Mixed linear and rule-based","GABLE",TRUE,"AUC",0.726115883986823,1.92000000000007,NA,4,4,0,2,2,0,0,0,0.5,0.5,1,1.5
61,"binary",3,"Mixed linear and rule-based","GBM",TRUE,"AUC",0.824817518248175,0.0299999999999727,NA,NA,NA,NA,NA,NA,NA,NA,NA,NA,NA,NA,NA
61,"binary",3,"Mixed linear and rule-based","Linear",TRUE,"AUC",0.826109424455785,0.0199999999999818,NA,20,0,20,20,0,0,0,0,1,0,1,1
61,"binary",3,"Mixed linear and rule-based","Random forest",TRUE,"AUC",0.769136360700213,0.139999999999873,NA,NA,NA,NA,NA,NA,NA,NA,NA,NA,NA,NA,NA
61,"binary",3,"Mixed linear and rule-based","RuleFit",TRUE,"AUC",0.784316258639623,10.4200000000001,NA,25,25,0,0,21,4,0,0,0,0.84,0.84,2.16
62,"binary",3,"Mixed linear and rule-based","BRP-GABLE full",TRUE,"AUC",0.814586543400103,103.36,NA,33,33,0,4,29,0,0,0,0.121212121212121,0.878787878787879,1,1.87878787878788
62,"binary",3,"Mixed linear and rule-based","BRP-GABLE rule-only",TRUE,"AUC",0.815356959424756,103.36,NA,34,34,0,4,30,0,0,0,0.117647058823529,0.882352941176471,1,1.88235294117647
62,"binary",3,"Mixed linear and rule-based","GABLE",TRUE,"AUC",0.757479455572676,1.89999999999986,NA,4,4,0,2,2,0,0,0,0.5,0.5,1,1.5
62,"binary",3,"Mixed linear and rule-based","GBM",TRUE,"AUC",0.813623523369286,0.0299999999999727,NA,NA,NA,NA,NA,NA,NA,NA,NA,NA,NA,NA,NA
62,"binary",3,"Mixed linear and rule-based","Linear",TRUE,"AUC",0.807652799178223,0,NA,20,0,20,20,0,0,0,0,1,0,1,1
62,"binary",3,"Mixed linear and rule-based","Random forest",TRUE,"AUC",0.812146892655367,0.170000000000073,NA,NA,NA,NA,NA,NA,NA,NA,NA,NA,NA,NA,NA
62,"binary",3,"Mixed linear and rule-based","RuleFit",TRUE,"AUC",0.813623523369286,11.1800000000001,NA,27,27,0,0,21,6,0,0,0,0.777777777777778,0.777777777777778,2.22222222222222
63,"binary",3,"Mixed linear and rule-based","BRP-GABLE full",TRUE,"AUC",0.84834517636515,115.39,NA,35,34,1,4,31,0,0,0,0.114285714285714,0.885714285714286,1,1.88571428571429
63,"binary",3,"Mixed linear and rule-based","BRP-GABLE rule-only",TRUE,"AUC",0.848217143588759,115.39,NA,35,35,0,4,31,0,0,0,0.114285714285714,0.885714285714286,1,1.88571428571429
63,"binary",3,"Mixed linear and rule-based","GABLE",TRUE,"AUC",0.801709237564817,2.13999999999987,NA,5,5,0,4,1,0,0,0,0.8,0.2,1,1.2
63,"binary",3,"Mixed linear and rule-based","GBM",TRUE,"AUC",0.863581076755649,0.0399999999999636,NA,NA,NA,NA,NA,NA,NA,NA,NA,NA,NA,NA,NA
63,"binary",3,"Mixed linear and rule-based","Linear",TRUE,"AUC",0.835797964278855,0,NA,20,0,20,20,0,0,0,0,1,0,1,1
63,"binary",3,"Mixed linear and rule-based","Random forest",TRUE,"AUC",0.846360668331093,0.150000000000091,NA,NA,NA,NA,NA,NA,NA,NA,NA,NA,NA,NA,NA
63,"binary",3,"Mixed linear and rule-based","RuleFit",TRUE,"AUC",0.843735996415082,9.22000000000003,NA,27,27,0,5,20,2,0,0,0.185185185185185,0.740740740740741,0.925925925925926,1.88888888888889
64,"binary",3,"Mixed linear and rule-based","BRP-GABLE full",TRUE,"AUC",0.761840498682604,113.05,NA,28,28,0,2,26,0,0,0,0.0714285714285714,0.928571428571429,1,1.92857142857143
64,"binary",3,"Mixed linear and rule-based","BRP-GABLE rule-only",TRUE,"AUC",0.762643788959578,113.07,NA,28,28,0,3,25,0,0,0,0.107142857142857,0.892857142857143,1,1.89285714285714
64,"binary",3,"Mixed linear and rule-based","GABLE",TRUE,"AUC",0.734464366043313,1.94000000000005,NA,5,5,0,3,2,0,0,0,0.6,0.4,1,1.4
64,"binary",3,"Mixed linear and rule-based","GBM",TRUE,"AUC",0.819548872180451,0.0299999999999727,NA,NA,NA,NA,NA,NA,NA,NA,NA,NA,NA,NA,NA
64,"binary",3,"Mixed linear and rule-based","Linear",TRUE,"AUC",0.833879570721676,0,NA,20,0,20,20,0,0,0,0,1,0,1,1
64,"binary",3,"Mixed linear and rule-based","Random forest",TRUE,"AUC",0.809395283079494,0.160000000000082,NA,NA,NA,NA,NA,NA,NA,NA,NA,NA,NA,NA,NA
64,"binary",3,"Mixed linear and rule-based","RuleFit",TRUE,"AUC",0.782211940106677,10.9499999999998,NA,26,26,0,0,20,6,0,0,0,0.769230769230769,0.769230769230769,2.23076923076923
65,"binary",3,"Mixed linear and rule-based","BRP-GABLE full",TRUE,"AUC",0.722624,103.92,NA,59,59,0,11,48,0,0,0,0.186440677966102,0.813559322033898,1,1.8135593220339
65,"binary",3,"Mixed linear and rule-based","BRP-GABLE rule-only",TRUE,"AUC",0.722496,103.96,NA,62,62,0,13,49,0,0,0,0.209677419354839,0.790322580645161,1,1.79032258064516
65,"binary",3,"Mixed linear and rule-based","GABLE",TRUE,"AUC",0.69408,2.05000000000018,NA,4,4,0,2,2,0,0,0,0.5,0.5,1,1.5
65,"binary",3,"Mixed linear and rule-based","GBM",TRUE,"AUC",0.766976,0.0299999999999727,NA,NA,NA,NA,NA,NA,NA,NA,NA,NA,NA,NA,NA
65,"binary",3,"Mixed linear and rule-based","Linear",TRUE,"AUC",0.774784,0.0200000000002092,NA,20,0,20,20,0,0,0,0,1,0,1,1
65,"binary",3,"Mixed linear and rule-based","Random forest",TRUE,"AUC",0.745504,0.169999999999845,NA,NA,NA,NA,NA,NA,NA,NA,NA,NA,NA,NA,NA
65,"binary",3,"Mixed linear and rule-based","RuleFit",TRUE,"AUC",0.786624,10.6199999999999,NA,34,34,0,6,24,4,0,0,0.176470588235294,0.705882352941177,0.882352941176471,1.94117647058824
66,"binary",3,"Mixed linear and rule-based","BRP-GABLE full",TRUE,"AUC",0.821027647700301,104.11,NA,38,38,0,7,31,0,0,0,0.184210526315789,0.815789473684211,1,1.81578947368421
66,"binary",3,"Mixed linear and rule-based","BRP-GABLE rule-only",TRUE,"AUC",0.820129578548977,104.11,NA,39,39,0,8,31,0,0,0,0.205128205128205,0.794871794871795,1,1.79487179487179
66,"binary",3,"Mixed linear and rule-based","GABLE",TRUE,"AUC",0.777086407081917,2.15000000000009,NA,5,5,0,4,1,0,0,0,0.8,0.2,1,1.2
66,"binary",3,"Mixed linear and rule-based","GBM",TRUE,"AUC",0.827249983963051,0.0199999999999818,NA,NA,NA,NA,NA,NA,NA,NA,NA,NA,NA,NA,NA
66,"binary",3,"Mixed linear and rule-based","Linear",TRUE,"AUC",0.851048816473154,0.00999999999999091,NA,20,0,20,20,0,0,0,0,1,0,1,1
66,"binary",3,"Mixed linear and rule-based","Random forest",TRUE,"AUC",0.809962152800051,0.149999999999864,NA,NA,NA,NA,NA,NA,NA,NA,NA,NA,NA,NA,NA
66,"binary",3,"Mixed linear and rule-based","RuleFit",TRUE,"AUC",0.816120341266278,11.1199999999999,NA,31,31,0,2,22,7,0,0,0.0645161290322581,0.709677419354839,0.774193548387097,2.16129032258065
67,"binary",3,"Mixed linear and rule-based","BRP-GABLE full",TRUE,"AUC",0.778048624029765,99.1499999999999,NA,53,53,0,12,41,0,0,0,0.226415094339623,0.773584905660377,1,1.77358490566038
67,"binary",3,"Mixed linear and rule-based","BRP-GABLE rule-only",TRUE,"AUC",0.778048624029765,99.1899999999998,NA,53,53,0,12,41,0,0,0,0.226415094339623,0.773584905660377,1,1.77358490566038
67,"binary",3,"Mixed linear and rule-based","GABLE",TRUE,"AUC",0.733594201039194,1.80999999999995,NA,4,4,0,2,2,0,0,0,0.5,0.5,1,1.5
67,"binary",3,"Mixed linear and rule-based","GBM",TRUE,"AUC",0.781961639617679,0.0299999999999727,NA,NA,NA,NA,NA,NA,NA,NA,NA,NA,NA,NA,NA
67,"binary",3,"Mixed linear and rule-based","Linear",TRUE,"AUC",0.814741163641029,0,NA,20,0,20,20,0,0,0,0,1,0,1,1
67,"binary",3,"Mixed linear and rule-based","Random forest",TRUE,"AUC",0.772307396240939,0.160000000000082,NA,NA,NA,NA,NA,NA,NA,NA,NA,NA,NA,NA,NA
67,"binary",3,"Mixed linear and rule-based","RuleFit",TRUE,"AUC",0.79485534671884,9.56000000000017,NA,22,22,0,3,17,2,0,0,0.136363636363636,0.772727272727273,0.909090909090909,1.95454545454545
68,"binary",3,"Mixed linear and rule-based","BRP-GABLE full",TRUE,"AUC",0.816692466460268,100.99,NA,43,43,0,5,38,0,0,0,0.116279069767442,0.883720930232558,1,1.88372093023256
68,"binary",3,"Mixed linear and rule-based","BRP-GABLE rule-only",TRUE,"AUC",0.816692466460268,100.97,NA,43,43,0,5,38,0,0,0,0.116279069767442,0.883720930232558,1,1.88372093023256
68,"binary",3,"Mixed linear and rule-based","GABLE",TRUE,"AUC",0.791731166150671,2.02999999999997,NA,4,4,0,3,1,0,0,0,0.75,0.25,1,1.25
68,"binary",3,"Mixed linear and rule-based","GBM",TRUE,"AUC",0.819594943240454,0.0299999999999727,NA,NA,NA,NA,NA,NA,NA,NA,NA,NA,NA,NA,NA
68,"binary",3,"Mixed linear and rule-based","Linear",TRUE,"AUC",0.824432404540764,0,NA,20,0,20,20,0,0,0,0,1,0,1,1
68,"binary",3,"Mixed linear and rule-based","Random forest",TRUE,"AUC",0.815144478844169,0.160000000000082,NA,NA,NA,NA,NA,NA,NA,NA,NA,NA,NA,NA,NA
68,"binary",3,"Mixed linear and rule-based","RuleFit",TRUE,"AUC",0.807017543859649,10.6600000000001,NA,31,31,0,2,29,0,0,0,0.0645161290322581,0.935483870967742,1,1.93548387096774
69,"binary",3,"Mixed linear and rule-based","BRP-GABLE full",TRUE,"AUC",0.737544825819672,105.08,NA,36,36,0,2,34,0,0,0,0.0555555555555556,0.944444444444444,1,1.94444444444444
69,"binary",3,"Mixed linear and rule-based","BRP-GABLE rule-only",TRUE,"AUC",0.737544825819672,105.06,NA,36,36,0,2,34,0,0,0,0.0555555555555556,0.944444444444444,1,1.94444444444444
69,"binary",3,"Mixed linear and rule-based","GABLE",TRUE,"AUC",0.682665215163934,1.81999999999994,NA,5,5,0,3,2,0,0,0,0.6,0.4,1,1.4
69,"binary",3,"Mixed linear and rule-based","GBM",TRUE,"AUC",0.764728483606557,0.00999999999999091,NA,NA,NA,NA,NA,NA,NA,NA,NA,NA,NA,NA,NA
69,"binary",3,"Mixed linear and rule-based","Linear",TRUE,"AUC",0.721375512295082,0.0199999999999818,NA,20,0,20,20,0,0,0,0,1,0,1,1
69,"binary",3,"Mixed linear and rule-based","Random forest",TRUE,"AUC",0.709624743852459,0.180000000000064,NA,NA,NA,NA,NA,NA,NA,NA,NA,NA,NA,NA,NA
69,"binary",3,"Mixed linear and rule-based","RuleFit",TRUE,"AUC",0.730532786885246,10.8299999999999,NA,31,31,0,1,24,6,0,0,0.032258064516129,0.774193548387097,0.806451612903226,2.16129032258065
70,"binary",3,"Mixed linear and rule-based","BRP-GABLE full",TRUE,"AUC",0.812624031752129,103.79,NA,50,50,0,12,38,0,0,0,0.24,0.76,1,1.76
70,"binary",3,"Mixed linear and rule-based","BRP-GABLE rule-only",TRUE,"AUC",0.812624031752129,103.71,NA,50,50,0,12,38,0,0,0,0.24,0.76,1,1.76
70,"binary",3,"Mixed linear and rule-based","GABLE",TRUE,"AUC",0.768356699315025,1.88000000000011,NA,5,5,0,3,2,0,0,0,0.6,0.4,1,1.4
70,"binary",3,"Mixed linear and rule-based","GBM",TRUE,"AUC",0.821586326099481,0.0299999999999727,NA,NA,NA,NA,NA,NA,NA,NA,NA,NA,NA,NA,NA
70,"binary",3,"Mixed linear and rule-based","Linear",TRUE,"AUC",0.82978042378849,0,NA,20,0,20,20,0,0,0,0,1,0,1,1
70,"binary",3,"Mixed linear and rule-based","Random forest",TRUE,"AUC",0.807214646949619,0.169999999999845,NA,NA,NA,NA,NA,NA,NA,NA,NA,NA,NA,NA,NA
70,"binary",3,"Mixed linear and rule-based","RuleFit",TRUE,"AUC",0.774982395493246,10.3399999999999,NA,14,14,0,1,13,0,0,0,0.0714285714285714,0.928571428571429,1,1.92857142857143
71,"binary",3,"Mixed linear and rule-based","BRP-GABLE full",TRUE,"AUC",0.72525974025974,107.66,NA,28,28,0,5,23,0,0,0,0.178571428571429,0.821428571428571,1,1.82142857142857
71,"binary",3,"Mixed linear and rule-based","BRP-GABLE rule-only",TRUE,"AUC",0.72525974025974,107.67,NA,28,28,0,5,23,0,0,0,0.178571428571429,0.821428571428571,1,1.82142857142857
71,"binary",3,"Mixed linear and rule-based","GABLE",TRUE,"AUC",0.707305194805195,2.25,NA,4,4,0,3,1,0,0,0,0.75,0.25,1,1.25
71,"binary",3,"Mixed linear and rule-based","GBM",TRUE,"AUC",0.777532467532468,0.0199999999999818,NA,NA,NA,NA,NA,NA,NA,NA,NA,NA,NA,NA,NA
71,"binary",3,"Mixed linear and rule-based","Linear",TRUE,"AUC",0.81,0.00999999999999091,NA,20,0,20,20,0,0,0,0,1,0,1,1
71,"binary",3,"Mixed linear and rule-based","Random forest",TRUE,"AUC",0.755551948051948,0.169999999999845,NA,NA,NA,NA,NA,NA,NA,NA,NA,NA,NA,NA,NA
71,"binary",3,"Mixed linear and rule-based","RuleFit",TRUE,"AUC",0.729415584415584,10.5900000000001,NA,22,22,0,2,18,2,0,0,0.0909090909090909,0.818181818181818,0.909090909090909,2
72,"binary",3,"Mixed linear and rule-based","BRP-GABLE full",TRUE,"AUC",0.818333440246327,117.59,NA,46,46,0,6,40,0,0,0,0.130434782608696,0.869565217391304,1,1.8695652173913
72,"binary",3,"Mixed linear and rule-based","BRP-GABLE rule-only",TRUE,"AUC",0.818718327025467,117.59,NA,49,49,0,9,40,0,0,0,0.183673469387755,0.816326530612245,1,1.81632653061224
72,"binary",3,"Mixed linear and rule-based","GABLE",TRUE,"AUC",0.799987170440695,2,NA,5,5,0,4,1,0,0,0,0.8,0.2,1,1.2
72,"binary",3,"Mixed linear and rule-based","GBM",TRUE,"AUC",0.828853678876131,0.0299999999999727,NA,NA,NA,NA,NA,NA,NA,NA,NA,NA,NA,NA,NA
72,"binary",3,"Mixed linear and rule-based","Linear",TRUE,"AUC",0.840015395471166,0.0199999999999818,NA,20,0,20,20,0,0,0,0,1,0,1,1
72,"binary",3,"Mixed linear and rule-based","Random forest",TRUE,"AUC",0.830200782603118,0.169999999999845,NA,NA,NA,NA,NA,NA,NA,NA,NA,NA,NA,NA,NA
72,"binary",3,"Mixed linear and rule-based","RuleFit",TRUE,"AUC",0.827795240233498,10.95,NA,25,25,0,1,23,1,0,0,0.04,0.92,0.96,2
73,"binary",3,"Mixed linear and rule-based","BRP-GABLE full",TRUE,"AUC",0.760298181350813,101.26,NA,37,37,0,2,35,0,0,0,0.0540540540540541,0.945945945945946,1,1.94594594594595
73,"binary",3,"Mixed linear and rule-based","BRP-GABLE rule-only",TRUE,"AUC",0.760298181350813,101.19,NA,37,37,0,2,35,0,0,0,0.0540540540540541,0.945945945945946,1,1.94594594594595
73,"binary",3,"Mixed linear and rule-based","GABLE",TRUE,"AUC",0.688516162200373,2.23000000000002,NA,5,5,0,4,1,0,0,0,0.8,0.2,1,1.2
73,"binary",3,"Mixed linear and rule-based","GBM",TRUE,"AUC",0.780990938885676,0.0399999999999636,NA,NA,NA,NA,NA,NA,NA,NA,NA,NA,NA,NA,NA
73,"binary",3,"Mixed linear and rule-based","Linear",TRUE,"AUC",0.780733885997044,0.00999999999999091,NA,20,0,20,20,0,0,0,0,1,0,1,1
73,"binary",3,"Mixed linear and rule-based","Random forest",TRUE,"AUC",0.736777842041,0.170000000000073,NA,NA,NA,NA,NA,NA,NA,NA,NA,NA,NA,NA,NA
73,"binary",3,"Mixed linear and rule-based","RuleFit",TRUE,"AUC",0.753325621746674,11.3299999999999,NA,32,32,0,0,26,6,0,0,0,0.8125,0.8125,2.1875
74,"binary",3,"Mixed linear and rule-based","BRP-GABLE full",TRUE,"AUC",0.805876623376623,97.3400000000001,NA,28,28,0,0,28,0,0,0,0,1,1,2
74,"binary",3,"Mixed linear and rule-based","BRP-GABLE rule-only",TRUE,"AUC",0.805876623376623,97.3100000000002,NA,28,28,0,0,28,0,0,0,0,1,1,2
74,"binary",3,"Mixed linear and rule-based","GABLE",TRUE,"AUC",0.781038961038961,2.07000000000016,NA,5,5,0,4,1,0,0,0,0.8,0.2,1,1.2
74,"binary",3,"Mixed linear and rule-based","GBM",TRUE,"AUC",0.811038961038961,0.0299999999999727,NA,NA,NA,NA,NA,NA,NA,NA,NA,NA,NA,NA,NA
74,"binary",3,"Mixed linear and rule-based","Linear",TRUE,"AUC",0.773636363636364,0,NA,20,0,20,20,0,0,0,0,1,0,1,1
74,"binary",3,"Mixed linear and rule-based","Random forest",TRUE,"AUC",0.789707792207792,0.149999999999864,NA,NA,NA,NA,NA,NA,NA,NA,NA,NA,NA,NA,NA
74,"binary",3,"Mixed linear and rule-based","RuleFit",TRUE,"AUC",0.813246753246753,11.03,NA,25,25,0,0,21,4,0,0,0,0.84,0.84,2.16
75,"binary",3,"Mixed linear and rule-based","BRP-GABLE full",TRUE,"AUC",0.807395993836672,106.18,NA,27,26,1,3,24,0,0,0,0.111111111111111,0.888888888888889,1,1.88888888888889
75,"binary",3,"Mixed linear and rule-based","BRP-GABLE rule-only",TRUE,"AUC",0.807363893168978,106.27,NA,26,26,0,2,24,0,0,0,0.0769230769230769,0.923076923076923,1,1.92307692307692
75,"binary",3,"Mixed linear and rule-based","GABLE",TRUE,"AUC",0.782903184386235,1.89999999999986,NA,4,4,0,2,2,0,0,0,0.5,0.5,1,1.5
75,"binary",3,"Mixed linear and rule-based","GBM",TRUE,"AUC",0.791409861325116,0.00999999999999091,NA,NA,NA,NA,NA,NA,NA,NA,NA,NA,NA,NA,NA
75,"binary",3,"Mixed linear and rule-based","Linear",TRUE,"AUC",0.795069337442219,0.0199999999999818,NA,20,0,20,20,0,0,0,0,1,0,1,1
75,"binary",3,"Mixed linear and rule-based","Random forest",TRUE,"AUC",0.789259116589625,0.180000000000064,NA,NA,NA,NA,NA,NA,NA,NA,NA,NA,NA,NA,NA
75,"binary",3,"Mixed linear and rule-based","RuleFit",TRUE,"AUC",0.804378531073446,10.97,NA,26,26,0,6,18,2,0,0,0.230769230769231,0.692307692307692,0.923076923076923,1.84615384615385
76,"binary",3,"Mixed linear and rule-based","BRP-GABLE full",TRUE,"AUC",0.762179117854171,97.96,NA,24,24,0,2,22,0,0,0,0.0833333333333333,0.916666666666667,1,1.91666666666667
76,"binary",3,"Mixed linear and rule-based","BRP-GABLE rule-only",TRUE,"AUC",0.760194609820114,98.0500000000002,NA,23,23,0,2,21,0,0,0,0.0869565217391304,0.91304347826087,1,1.91304347826087
76,"binary",3,"Mixed linear and rule-based","GABLE",TRUE,"AUC",0.689776582805198,2.1400000000001,NA,5,5,0,3,2,0,0,0,0.6,0.4,1,1.4
76,"binary",3,"Mixed linear and rule-based","GBM",TRUE,"AUC",0.803149606299213,0.0299999999999727,NA,NA,NA,NA,NA,NA,NA,NA,NA,NA,NA,NA,NA
76,"binary",3,"Mixed linear and rule-based","Linear",TRUE,"AUC",0.836758210101786,0.0199999999999818,NA,20,0,20,20,0,0,0,0,1,0,1,1
76,"binary",3,"Mixed linear and rule-based","Random forest",TRUE,"AUC",0.772741821906408,0.159999999999854,NA,NA,NA,NA,NA,NA,NA,NA,NA,NA,NA,NA,NA
76,"binary",3,"Mixed linear and rule-based","RuleFit",TRUE,"AUC",0.791658664618142,10.3699999999999,NA,15,15,0,0,14,1,0,0,0,0.933333333333333,0.933333333333333,2.06666666666667
77,"binary",3,"Mixed linear and rule-based","BRP-GABLE full",TRUE,"AUC",0.792072233606557,101.77,NA,36,36,0,7,29,0,0,0,0.194444444444444,0.805555555555556,1,1.80555555555556
77,"binary",3,"Mixed linear and rule-based","BRP-GABLE rule-only",TRUE,"AUC",0.791431864754098,101.84,NA,36,36,0,7,29,0,0,0,0.194444444444444,0.805555555555556,1,1.80555555555556
77,"binary",3,"Mixed linear and rule-based","GABLE",TRUE,"AUC",0.786917264344262,2.00999999999999,NA,5,5,0,5,0,0,0,0,1,0,1,1
77,"binary",3,"Mixed linear and rule-based","GBM",TRUE,"AUC",0.80859375,0.0199999999999818,NA,NA,NA,NA,NA,NA,NA,NA,NA,NA,NA,NA,NA
77,"binary",3,"Mixed linear and rule-based","Linear",TRUE,"AUC",0.816726434426229,0.0199999999999818,NA,20,0,20,20,0,0,0,0,1,0,1,1
77,"binary",3,"Mixed linear and rule-based","Random forest",TRUE,"AUC",0.805135758196721,0.170000000000073,NA,NA,NA,NA,NA,NA,NA,NA,NA,NA,NA,NA,NA
77,"binary",3,"Mixed linear and rule-based","RuleFit",TRUE,"AUC",0.833696209016393,9.57999999999993,NA,29,29,0,4,22,3,0,0,0.137931034482759,0.758620689655172,0.896551724137931,1.96551724137931
78,"binary",3,"Mixed linear and rule-based","BRP-GABLE full",TRUE,"AUC",0.763839887099878,98.7,NA,39,39,0,7,32,0,0,0,0.179487179487179,0.82051282051282,1,1.82051282051282
78,"binary",3,"Mixed linear and rule-based","BRP-GABLE rule-only",TRUE,"AUC",0.763839887099878,98.72,NA,39,39,0,7,32,0,0,0,0.179487179487179,0.82051282051282,1,1.82051282051282
78,"binary",3,"Mixed linear and rule-based","GABLE",TRUE,"AUC",0.771665918275707,2.00999999999999,NA,5,5,0,4,1,0,0,0,0.8,0.2,1,1.2
78,"binary",3,"Mixed linear and rule-based","GBM",TRUE,"AUC",0.781191866059401,0.0299999999999727,NA,NA,NA,NA,NA,NA,NA,NA,NA,NA,NA,NA,NA
78,"binary",3,"Mixed linear and rule-based","Linear",TRUE,"AUC",0.816601449740201,0.0199999999999818,NA,20,0,20,20,0,0,0,0,1,0,1,1
78,"binary",3,"Mixed linear and rule-based","Random forest",TRUE,"AUC",0.773365834883572,0.160000000000082,NA,NA,NA,NA,NA,NA,NA,NA,NA,NA,NA,NA,NA
78,"binary",3,"Mixed linear and rule-based","RuleFit",TRUE,"AUC",0.761626788119828,10.8,NA,34,34,0,0,31,3,0,0,0,0.911764705882353,0.911764705882353,2.08823529411765
79,"binary",3,"Mixed linear and rule-based","BRP-GABLE full",TRUE,"AUC",0.737372742200328,103.06,NA,40,40,0,2,38,0,0,0,0.05,0.95,1,1.95
79,"binary",3,"Mixed linear and rule-based","BRP-GABLE rule-only",TRUE,"AUC",0.737372742200328,103.06,NA,40,40,0,2,38,0,0,0,0.05,0.95,1,1.95
79,"binary",3,"Mixed linear and rule-based","GABLE",TRUE,"AUC",0.729293924466338,2.03999999999996,NA,5,5,0,5,0,0,0,0,1,0,1,1
79,"binary",3,"Mixed linear and rule-based","GBM",TRUE,"AUC",0.755927750410509,0.0199999999999818,NA,NA,NA,NA,NA,NA,NA,NA,NA,NA,NA,NA,NA
79,"binary",3,"Mixed linear and rule-based","Linear",TRUE,"AUC",0.789556650246305,0.0199999999999818,NA,20,0,20,20,0,0,0,0,1,0,1,1
79,"binary",3,"Mixed linear and rule-based","Random forest",TRUE,"AUC",0.742364532019704,0.170000000000073,NA,NA,NA,NA,NA,NA,NA,NA,NA,NA,NA,NA,NA
79,"binary",3,"Mixed linear and rule-based","RuleFit",TRUE,"AUC",0.744761904761905,11.0700000000002,NA,32,32,0,2,24,6,0,0,0.0625,0.75,0.8125,2.125
80,"binary",3,"Mixed linear and rule-based","BRP-GABLE full",TRUE,"AUC",0.812463916864456,99.6100000000001,NA,32,32,0,5,27,0,0,0,0.15625,0.84375,1,1.84375
80,"binary",3,"Mixed linear and rule-based","BRP-GABLE rule-only",TRUE,"AUC",0.813618577201873,99.6199999999999,NA,32,32,0,5,27,0,0,0,0.15625,0.84375,1,1.84375
80,"binary",3,"Mixed linear and rule-based","GABLE",TRUE,"AUC",0.784463403682084,1.97000000000003,NA,5,5,0,5,0,0,0,0,1,0,1,1
80,"binary",3,"Mixed linear and rule-based","GBM",TRUE,"AUC",0.845852844954776,0.0199999999999818,NA,NA,NA,NA,NA,NA,NA,NA,NA,NA,NA,NA,NA
80,"binary",3,"Mixed linear and rule-based","Linear",TRUE,"AUC",0.860029507986401,0.0199999999999818,NA,20,0,20,20,0,0,0,0,1,0,1,1
80,"binary",3,"Mixed linear and rule-based","Random forest",TRUE,"AUC",0.81416383347232,0.170000000000073,NA,NA,NA,NA,NA,NA,NA,NA,NA,NA,NA,NA,NA
80,"binary",3,"Mixed linear and rule-based","RuleFit",TRUE,"AUC",0.811213034832253,9.16999999999985,NA,22,22,0,2,18,2,0,0,0.0909090909090909,0.818181818181818,0.909090909090909,2
81,"binary",3,"Mixed linear and rule-based","BRP-GABLE full",TRUE,"AUC",0.753393954918033,95.6299999999999,NA,43,43,0,6,37,0,0,0,0.13953488372093,0.86046511627907,1,1.86046511627907
81,"binary",3,"Mixed linear and rule-based","BRP-GABLE rule-only",TRUE,"AUC",0.753393954918033,95.6200000000001,NA,43,43,0,6,37,0,0,0,0.13953488372093,0.86046511627907,1,1.86046511627907
81,"binary",3,"Mixed linear and rule-based","GABLE",TRUE,"AUC",0.692238729508197,2,NA,4,4,0,2,2,0,0,0,0.5,0.5,1,1.5
81,"binary",3,"Mixed linear and rule-based","GBM",TRUE,"AUC",0.792712602459016,0.0299999999999727,NA,NA,NA,NA,NA,NA,NA,NA,NA,NA,NA,NA,NA
81,"binary",3,"Mixed linear and rule-based","Linear",TRUE,"AUC",0.782594774590164,0,NA,20,0,20,20,0,0,0,0,1,0,1,1
81,"binary",3,"Mixed linear and rule-based","Random forest",TRUE,"AUC",0.777792008196721,0.160000000000082,NA,NA,NA,NA,NA,NA,NA,NA,NA,NA,NA,NA,NA
81,"binary",3,"Mixed linear and rule-based","RuleFit",TRUE,"AUC",0.754002305327869,9.83999999999992,NA,21,21,0,2,17,2,0,0,0.0952380952380952,0.80952380952381,0.904761904761905,2
82,"binary",3,"Mixed linear and rule-based","BRP-GABLE full",TRUE,"AUC",0.785521842324716,93.3,NA,39,39,0,5,34,0,0,0,0.128205128205128,0.871794871794872,1,1.87179487179487
82,"binary",3,"Mixed linear and rule-based","BRP-GABLE rule-only",TRUE,"AUC",0.785650137917763,93.3900000000001,NA,39,39,0,4,35,0,0,0,0.102564102564103,0.897435897435897,1,1.8974358974359
82,"binary",3,"Mixed linear and rule-based","GABLE",TRUE,"AUC",0.729296298672141,2.00999999999999,NA,5,5,0,4,1,0,0,0,0.8,0.2,1,1.2
82,"binary",3,"Mixed linear and rule-based","GBM",TRUE,"AUC",0.818333440246327,0.0299999999999727,NA,NA,NA,NA,NA,NA,NA,NA,NA,NA,NA,NA,NA
82,"binary",3,"Mixed linear and rule-based","Linear",TRUE,"AUC",0.850856373083585,0,NA,20,0,20,20,0,0,0,0,1,0,1,1
82,"binary",3,"Mixed linear and rule-based","Random forest",TRUE,"AUC",0.790076335877863,0.160000000000082,NA,NA,NA,NA,NA,NA,NA,NA,NA,NA,NA,NA,NA
82,"binary",3,"Mixed linear and rule-based","RuleFit",TRUE,"AUC",0.795336455192764,9.8599999999999,NA,22,22,0,0,18,4,0,0,0,0.818181818181818,0.818181818181818,2.18181818181818
83,"binary",3,"Mixed linear and rule-based","BRP-GABLE full",TRUE,"AUC",0.807642820380854,110.42,NA,38,38,0,7,31,0,0,0,0.184210526315789,0.815789473684211,1,1.81578947368421
83,"binary",3,"Mixed linear and rule-based","BRP-GABLE rule-only",TRUE,"AUC",0.807642820380854,110.42,NA,38,38,0,7,31,0,0,0,0.184210526315789,0.815789473684211,1,1.81578947368421
83,"binary",3,"Mixed linear and rule-based","GABLE",TRUE,"AUC",0.752927174472465,2.13999999999987,NA,4,4,0,2,2,0,0,0,0.5,0.5,1,1.5
83,"binary",3,"Mixed linear and rule-based","GBM",TRUE,"AUC",0.835048893463716,0.0299999999997453,NA,NA,NA,NA,NA,NA,NA,NA,NA,NA,NA,NA,NA
83,"binary",3,"Mixed linear and rule-based","Linear",TRUE,"AUC",0.839166237776634,0.0100000000002183,NA,20,0,20,20,0,0,0,0,1,0,1,1
83,"binary",3,"Mixed linear and rule-based","Random forest",TRUE,"AUC",0.829323211528564,0.170000000000073,NA,NA,NA,NA,NA,NA,NA,NA,NA,NA,NA,NA,NA
83,"binary",3,"Mixed linear and rule-based","RuleFit",TRUE,"AUC",0.78490092640247,11.54,NA,27,27,0,0,21,6,0,0,0,0.777777777777778,0.777777777777778,2.22222222222222
84,"binary",3,"Mixed linear and rule-based","BRP-GABLE full",TRUE,"AUC",0.822051282051282,106.92,NA,50,50,0,14,36,0,0,0,0.28,0.72,1,1.72
84,"binary",3,"Mixed linear and rule-based","BRP-GABLE rule-only",TRUE,"AUC",0.822051282051282,106.88,NA,50,50,0,14,36,0,0,0,0.28,0.72,1,1.72
84,"binary",3,"Mixed linear and rule-based","GABLE",TRUE,"AUC",0.750576923076923,1.91000000000031,NA,5,5,0,4,1,0,0,0,0.8,0.2,1,1.2
84,"binary",3,"Mixed linear and rule-based","GBM",TRUE,"AUC",0.804807692307692,0.0300000000002001,NA,NA,NA,NA,NA,NA,NA,NA,NA,NA,NA,NA,NA
84,"binary",3,"Mixed linear and rule-based","Linear",TRUE,"AUC",0.830897435897436,0,NA,20,0,20,20,0,0,0,0,1,0,1,1
84,"binary",3,"Mixed linear and rule-based","Random forest",TRUE,"AUC",0.814775641025641,0.149999999999636,NA,NA,NA,NA,NA,NA,NA,NA,NA,NA,NA,NA,NA
84,"binary",3,"Mixed linear and rule-based","RuleFit",TRUE,"AUC",0.816666666666667,9.17000000000007,NA,30,30,0,7,19,4,0,0,0.233333333333333,0.633333333333333,0.866666666666667,1.9
85,"binary",3,"Mixed linear and rule-based","BRP-GABLE full",TRUE,"AUC",0.796754992319508,96.3000000000004,NA,29,29,0,1,28,0,0,0,0.0344827586206897,0.96551724137931,1,1.96551724137931
85,"binary",3,"Mixed linear and rule-based","BRP-GABLE rule-only",TRUE,"AUC",0.796370967741935,96.3400000000004,NA,28,28,0,2,26,0,0,0,0.0714285714285714,0.928571428571429,1,1.92857142857143
85,"binary",3,"Mixed linear and rule-based","GABLE",TRUE,"AUC",0.802355350742448,1.71000000000004,NA,5,5,0,5,0,0,0,0,1,0,1,1
85,"binary",3,"Mixed linear and rule-based","GBM",TRUE,"AUC",0.796530977982591,0.0300000000002001,NA,NA,NA,NA,NA,NA,NA,NA,NA,NA,NA,NA,NA
85,"binary",3,"Mixed linear and rule-based","Linear",TRUE,"AUC",0.788402457757296,0,NA,20,0,20,20,0,0,0,0,1,0,1,1
85,"binary",3,"Mixed linear and rule-based","Random forest",TRUE,"AUC",0.795410906298003,0.179999999999836,NA,NA,NA,NA,NA,NA,NA,NA,NA,NA,NA,NA,NA
85,"binary",3,"Mixed linear and rule-based","RuleFit",TRUE,"AUC",0.788882488479263,9.26999999999998,NA,19,19,0,2,17,0,0,0,0.105263157894737,0.894736842105263,1,1.89473684210526
86,"binary",3,"Mixed linear and rule-based","BRP-GABLE full",TRUE,"AUC",0.725361197110423,103.26,NA,49,48,1,8,41,0,0,0,0.163265306122449,0.836734693877551,1,1.83673469387755
86,"binary",3,"Mixed linear and rule-based","BRP-GABLE rule-only",TRUE,"AUC",0.725586945304438,103.309999999999,NA,49,49,0,7,42,0,0,0,0.142857142857143,0.857142857142857,1,1.85714285714286
86,"binary",3,"Mixed linear and rule-based","GABLE",TRUE,"AUC",0.704398864809082,1.82999999999993,NA,5,5,0,3,2,0,0,0,0.6,0.4,1,1.4
86,"binary",3,"Mixed linear and rule-based","GBM",TRUE,"AUC",0.759481424148607,0.0300000000002001,NA,NA,NA,NA,NA,NA,NA,NA,NA,NA,NA,NA,NA
86,"binary",3,"Mixed linear and rule-based","Linear",TRUE,"AUC",0.771800825593395,0,NA,20,0,20,20,0,0,0,0,1,0,1,1
86,"binary",3,"Mixed linear and rule-based","Random forest",TRUE,"AUC",0.748935758513932,0.170000000000073,NA,NA,NA,NA,NA,NA,NA,NA,NA,NA,NA,NA,NA
86,"binary",3,"Mixed linear and rule-based","RuleFit",TRUE,"AUC",0.742872807017544,9.92000000000007,NA,27,27,0,0,22,5,0,0,0,0.814814814814815,0.814814814814815,2.18518518518519
87,"binary",3,"Mixed linear and rule-based","BRP-GABLE full",TRUE,"AUC",0.797196082197042,92.54,NA,24,24,0,0,24,0,0,0,0,1,1,2
87,"binary",3,"Mixed linear and rule-based","BRP-GABLE rule-only",TRUE,"AUC",0.797196082197042,92.5999999999999,NA,24,24,0,0,24,0,0,0,0,1,1,2
87,"binary",3,"Mixed linear and rule-based","GABLE",TRUE,"AUC",0.8005569425773,2.21000000000004,NA,4,4,0,3,1,0,0,0,0.75,0.25,1,1.25
87,"binary",3,"Mixed linear and rule-based","GBM",TRUE,"AUC",0.823570834133538,0.0300000000002001,NA,NA,NA,NA,NA,NA,NA,NA,NA,NA,NA,NA,NA
87,"binary",3,"Mixed linear and rule-based","Linear",TRUE,"AUC",0.849113373023494,0,NA,20,0,20,20,0,0,0,0,1,0,1,1
87,"binary",3,"Mixed linear and rule-based","Random forest",TRUE,"AUC",0.806574483067665,0.150000000000091,NA,NA,NA,NA,NA,NA,NA,NA,NA,NA,NA,NA,NA
87,"binary",3,"Mixed linear and rule-based","RuleFit",TRUE,"AUC",0.82382689968632,8.52999999999975,NA,35,35,0,8,23,4,0,0,0.228571428571429,0.657142857142857,0.885714285714286,1.88571428571429
88,"binary",3,"Mixed linear and rule-based","BRP-GABLE full",TRUE,"AUC",0.811272141706924,95.7999999999997,NA,29,29,0,0,29,0,0,0,0,1,1,2
88,"binary",3,"Mixed linear and rule-based","BRP-GABLE rule-only",TRUE,"AUC",0.811272141706924,95.8099999999999,NA,29,29,0,0,29,0,0,0,0,1,1,2
88,"binary",3,"Mixed linear and rule-based","GABLE",TRUE,"AUC",0.82219001610306,2.02999999999975,NA,4,4,0,2,2,0,0,0,0.5,0.5,1,1.5
88,"binary",3,"Mixed linear and rule-based","GBM",TRUE,"AUC",0.796714975845411,0.0399999999999636,NA,NA,NA,NA,NA,NA,NA,NA,NA,NA,NA,NA,NA
88,"binary",3,"Mixed linear and rule-based","Linear",TRUE,"AUC",0.8285346215781,0,NA,20,0,20,20,0,0,0,0,1,0,1,1
88,"binary",3,"Mixed linear and rule-based","Random forest",TRUE,"AUC",0.803961352657005,0.150000000000091,NA,NA,NA,NA,NA,NA,NA,NA,NA,NA,NA,NA,NA
88,"binary",3,"Mixed linear and rule-based","RuleFit",TRUE,"AUC",0.819291465378422,9.35000000000036,NA,18,18,0,0,17,1,0,0,0,0.944444444444444,0.944444444444444,2.05555555555556
89,"binary",3,"Mixed linear and rule-based","BRP-GABLE full",TRUE,"AUC",0.831533963112911,98.8200000000002,NA,37,37,0,5,32,0,0,0,0.135135135135135,0.864864864864865,1,1.86486486486486
89,"binary",3,"Mixed linear and rule-based","BRP-GABLE rule-only",TRUE,"AUC",0.831533963112911,98.7799999999997,NA,37,37,0,5,32,0,0,0,0.135135135135135,0.864864864864865,1,1.86486486486486
89,"binary",3,"Mixed linear and rule-based","GABLE",TRUE,"AUC",0.817588843904633,1.94000000000005,NA,5,5,0,4,1,0,0,0,0.8,0.2,1,1.2
89,"binary",3,"Mixed linear and rule-based","GBM",TRUE,"AUC",0.845639740376583,0.0300000000002001,NA,NA,NA,NA,NA,NA,NA,NA,NA,NA,NA,NA,NA
89,"binary",3,"Mixed linear and rule-based","Linear",TRUE,"AUC",0.813765182186235,0,NA,20,0,20,20,0,0,0,0,1,0,1,1
89,"binary",3,"Mixed linear and rule-based","Random forest",TRUE,"AUC",0.837060600218495,0.170000000000073,NA,NA,NA,NA,NA,NA,NA,NA,NA,NA,NA,NA,NA
89,"binary",3,"Mixed linear and rule-based","RuleFit",TRUE,"AUC",0.835903862219652,12.0899999999997,NA,24,24,0,0,23,1,0,0,0,0.958333333333333,0.958333333333333,2.04166666666667
90,"binary",3,"Mixed linear and rule-based","BRP-GABLE full",TRUE,"AUC",0.792554894052877,91.0100000000002,NA,28,28,0,3,25,0,0,0,0.107142857142857,0.892857142857143,1,1.89285714285714
90,"binary",3,"Mixed linear and rule-based","BRP-GABLE rule-only",TRUE,"AUC",0.792298828500096,91.0499999999997,NA,28,28,0,3,25,0,0,0,0.107142857142857,0.892857142857143,1,1.89285714285714
90,"binary",3,"Mixed linear and rule-based","GABLE",TRUE,"AUC",0.755905511811024,1.88999999999987,NA,5,5,0,4,1,0,0,0,0.8,0.2,1,1.2
90,"binary",3,"Mixed linear and rule-based","GBM",TRUE,"AUC",0.821458293323091,0.00999999999976353,NA,NA,NA,NA,NA,NA,NA,NA,NA,NA,NA,NA,NA
90,"binary",3,"Mixed linear and rule-based","Linear",TRUE,"AUC",0.820434031111965,0.0199999999999818,NA,20,0,20,20,0,0,0,0,1,0,1,1
90,"binary",3,"Mixed linear and rule-based","Random forest",TRUE,"AUC",0.804333909480827,0.170000000000073,NA,NA,NA,NA,NA,NA,NA,NA,NA,NA,NA,NA,NA
90,"binary",3,"Mixed linear and rule-based","RuleFit",TRUE,"AUC",0.798444401766852,10,NA,17,17,0,0,16,1,0,0,0,0.941176470588235,0.941176470588235,2.05882352941176
91,"binary",3,"Mixed linear and rule-based","BRP-GABLE full",TRUE,"AUC",0.765830578780219,100.75,NA,57,57,0,15,42,0,0,0,0.263157894736842,0.736842105263158,1,1.73684210526316
91,"binary",3,"Mixed linear and rule-based","BRP-GABLE rule-only",TRUE,"AUC",0.764339879447793,100.98,NA,59,59,0,17,42,0,0,0,0.288135593220339,0.711864406779661,1,1.71186440677966
91,"binary",3,"Mixed linear and rule-based","GABLE",TRUE,"AUC",0.768876790459524,2.01999999999998,NA,5,5,0,5,0,0,0,0,1,0,1,1
91,"binary",3,"Mixed linear and rule-based","GBM",TRUE,"AUC",0.771015619936483,0.0299999999997453,NA,NA,NA,NA,NA,NA,NA,NA,NA,NA,NA,NA,NA
91,"binary",3,"Mixed linear and rule-based","Linear",TRUE,"AUC",0.801477736729535,0,NA,20,0,20,20,0,0,0,0,1,0,1,1
91,"binary",3,"Mixed linear and rule-based","Random forest",TRUE,"AUC",0.769136042517337,0.170000000000073,NA,NA,NA,NA,NA,NA,NA,NA,NA,NA,NA,NA,NA
91,"binary",3,"Mixed linear and rule-based","RuleFit",TRUE,"AUC",0.751442089571586,10.6500000000001,NA,18,18,0,0,16,2,0,0,0,0.888888888888889,0.888888888888889,2.11111111111111
92,"binary",3,"Mixed linear and rule-based","BRP-GABLE full",TRUE,"AUC",0.858542520491803,106.27,NA,37,37,0,6,31,0,0,0,0.162162162162162,0.837837837837838,1,1.83783783783784
92,"binary",3,"Mixed linear and rule-based","BRP-GABLE rule-only",TRUE,"AUC",0.858542520491803,106.28,NA,37,37,0,6,31,0,0,0,0.162162162162162,0.837837837837838,1,1.83783783783784
92,"binary",3,"Mixed linear and rule-based","GABLE",TRUE,"AUC",0.803118596311475,2.32999999999993,NA,5,5,0,4,1,0,0,0,0.8,0.2,1,1.2
92,"binary",3,"Mixed linear and rule-based","GBM",TRUE,"AUC",0.851818647540984,0.0299999999997453,NA,NA,NA,NA,NA,NA,NA,NA,NA,NA,NA,NA,NA
92,"binary",3,"Mixed linear and rule-based","Linear",TRUE,"AUC",0.875448258196721,0.0100000000002183,NA,20,0,20,20,0,0,0,0,1,0,1,1
92,"binary",3,"Mixed linear and rule-based","Random forest",TRUE,"AUC",0.844742571721312,0.190000000000055,NA,NA,NA,NA,NA,NA,NA,NA,NA,NA,NA,NA,NA
92,"binary",3,"Mixed linear and rule-based","RuleFit",TRUE,"AUC",0.820984887295082,10.6399999999999,NA,16,16,0,1,13,2,0,0,0.0625,0.8125,0.875,2.0625
93,"binary",3,"Mixed linear and rule-based","BRP-GABLE full",TRUE,"AUC",0.771317829457364,116.25,NA,46,46,0,8,38,0,0,0,0.173913043478261,0.826086956521739,1,1.82608695652174
93,"binary",3,"Mixed linear and rule-based","BRP-GABLE rule-only",TRUE,"AUC",0.771317829457364,116.1,NA,46,46,0,8,38,0,0,0,0.173913043478261,0.826086956521739,1,1.82608695652174
93,"binary",3,"Mixed linear and rule-based","GABLE",TRUE,"AUC",0.633448651419053,1.60999999999967,NA,5,5,0,2,3,0,0,0,0.4,0.6,1,1.6
93,"binary",3,"Mixed linear and rule-based","GBM",TRUE,"AUC",0.833301300531745,0.0199999999999818,NA,NA,NA,NA,NA,NA,NA,NA,NA,NA,NA,NA,NA
93,"binary",3,"Mixed linear and rule-based","Linear",TRUE,"AUC",0.827022871420334,0.0100000000002183,NA,20,0,20,20,0,0,0,0,1,0,1,1
93,"binary",3,"Mixed linear and rule-based","Random forest",TRUE,"AUC",0.792972003331411,0.190000000000055,NA,NA,NA,NA,NA,NA,NA,NA,NA,NA,NA,NA,NA
93,"binary",3,"Mixed linear and rule-based","RuleFit",TRUE,"AUC",0.77990262028317,10.8200000000002,NA,25,25,0,0,23,2,0,0,0,0.92,0.92,2.08
94,"binary",3,"Mixed linear and rule-based","BRP-GABLE full",TRUE,"AUC",0.824491628712554,104.2,NA,36,36,0,4,32,0,0,0,0.111111111111111,0.888888888888889,1,1.88888888888889
94,"binary",3,"Mixed linear and rule-based","BRP-GABLE rule-only",TRUE,"AUC",0.823144524985567,104.2,NA,36,36,0,4,32,0,0,0,0.111111111111111,0.888888888888889,1,1.88888888888889
94,"binary",3,"Mixed linear and rule-based","GABLE",TRUE,"AUC",0.792193213163128,2.21000000000004,NA,5,5,0,3,2,0,0,0,0.6,0.4,1,1.4
94,"binary",3,"Mixed linear and rule-based","GBM",TRUE,"AUC",0.840015395471166,0.0199999999999818,NA,NA,NA,NA,NA,NA,NA,NA,NA,NA,NA,NA,NA
94,"binary",3,"Mixed linear and rule-based","Linear",TRUE,"AUC",0.859516325614215,0.0199999999999818,NA,20,0,20,20,0,0,0,0,1,0,1,1
94,"binary",3,"Mixed linear and rule-based","Random forest",TRUE,"AUC",0.832927063955353,0.179999999999836,NA,NA,NA,NA,NA,NA,NA,NA,NA,NA,NA,NA,NA
94,"binary",3,"Mixed linear and rule-based","RuleFit",TRUE,"AUC",0.829687600230932,10.3099999999999,NA,28,28,0,1,25,2,0,0,0.0357142857142857,0.892857142857143,0.928571428571429,2.03571428571429
95,"binary",3,"Mixed linear and rule-based","BRP-GABLE full",TRUE,"AUC",0.804166666666667,104.41,NA,31,31,0,1,30,0,0,0,0.032258064516129,0.967741935483871,1,1.96774193548387
95,"binary",3,"Mixed linear and rule-based","BRP-GABLE rule-only",TRUE,"AUC",0.804166666666667,104.43,NA,31,31,0,1,30,0,0,0,0.032258064516129,0.967741935483871,1,1.96774193548387
95,"binary",3,"Mixed linear and rule-based","GABLE",TRUE,"AUC",0.762019230769231,2.23000000000002,NA,5,5,0,4,1,0,0,0,0.8,0.2,1,1.2
95,"binary",3,"Mixed linear and rule-based","GBM",TRUE,"AUC",0.800897435897436,0.0399999999999636,NA,NA,NA,NA,NA,NA,NA,NA,NA,NA,NA,NA,NA
95,"binary",3,"Mixed linear and rule-based","Linear",TRUE,"AUC",0.8325,0,NA,20,0,20,20,0,0,0,0,1,0,1,1
95,"binary",3,"Mixed linear and rule-based","Random forest",TRUE,"AUC",0.806602564102564,0.179999999999836,NA,NA,NA,NA,NA,NA,NA,NA,NA,NA,NA,NA,NA
95,"binary",3,"Mixed linear and rule-based","RuleFit",TRUE,"AUC",0.777564102564103,11.0500000000002,NA,15,15,0,1,14,0,0,0,0.0666666666666667,0.933333333333333,1,1.93333333333333
96,"binary",3,"Mixed linear and rule-based","BRP-GABLE full",TRUE,"AUC",0.781986424180328,98.2800000000002,NA,36,36,0,6,30,0,0,0,0.166666666666667,0.833333333333333,1,1.83333333333333
96,"binary",3,"Mixed linear and rule-based","BRP-GABLE rule-only",TRUE,"AUC",0.781986424180328,98.29,NA,36,36,0,6,30,0,0,0,0.166666666666667,0.833333333333333,1,1.83333333333333
96,"binary",3,"Mixed linear and rule-based","GABLE",TRUE,"AUC",0.741675204918033,1.80999999999995,NA,4,4,0,2,2,0,0,0,0.5,0.5,1,1.5
96,"binary",3,"Mixed linear and rule-based","GBM",TRUE,"AUC",0.812564036885246,0.0100000000002183,NA,NA,NA,NA,NA,NA,NA,NA,NA,NA,NA,NA,NA
96,"binary",3,"Mixed linear and rule-based","Linear",TRUE,"AUC",0.847207991803279,0.0199999999999818,NA,20,0,20,20,0,0,0,0,1,0,1,1
96,"binary",3,"Mixed linear and rule-based","Random forest",TRUE,"AUC",0.807024846311475,0.179999999999836,NA,NA,NA,NA,NA,NA,NA,NA,NA,NA,NA,NA,NA
96,"binary",3,"Mixed linear and rule-based","RuleFit",TRUE,"AUC",0.790119108606557,10.2600000000002,NA,29,29,0,3,25,1,0,0,0.103448275862069,0.862068965517241,0.96551724137931,1.93103448275862
97,"binary",3,"Mixed linear and rule-based","BRP-GABLE full",TRUE,"AUC",0.832157290397075,104.18,NA,38,38,0,4,34,0,0,0,0.105263157894737,0.894736842105263,1,1.89473684210526
97,"binary",3,"Mixed linear and rule-based","BRP-GABLE rule-only",TRUE,"AUC",0.832991211751876,104.2,NA,38,38,0,4,34,0,0,0,0.105263157894737,0.894736842105263,1,1.89473684210526
97,"binary",3,"Mixed linear and rule-based","GABLE",TRUE,"AUC",0.796491115530182,1.75,NA,5,5,0,2,3,0,0,0,0.4,0.6,1,1.6
97,"binary",3,"Mixed linear and rule-based","GBM",TRUE,"AUC",0.846301879530438,0.0299999999997453,NA,NA,NA,NA,NA,NA,NA,NA,NA,NA,NA,NA,NA
97,"binary",3,"Mixed linear and rule-based","Linear",TRUE,"AUC",0.845596253768683,0,NA,20,0,20,20,0,0,0,0,1,0,1,1
97,"binary",3,"Mixed linear and rule-based","Random forest",TRUE,"AUC",0.834049650394509,0.150000000000091,NA,NA,NA,NA,NA,NA,NA,NA,NA,NA,NA,NA,NA
97,"binary",3,"Mixed linear and rule-based","RuleFit",TRUE,"AUC",0.82744242735262,10.8899999999999,NA,26,26,0,0,24,2,0,0,0,0.923076923076923,0.923076923076923,2.07692307692308
98,"binary",3,"Mixed linear and rule-based","BRP-GABLE full",TRUE,"AUC",0.827663527452111,101.96,NA,53,53,0,14,39,0,0,0,0.264150943396226,0.735849056603774,1,1.73584905660377
98,"binary",3,"Mixed linear and rule-based","BRP-GABLE rule-only",TRUE,"AUC",0.827663527452111,101.88,NA,53,53,0,14,39,0,0,0,0.264150943396226,0.735849056603774,1,1.73584905660377
98,"binary",3,"Mixed linear and rule-based","GABLE",TRUE,"AUC",0.784451278108783,2.01999999999998,NA,4,4,0,2,2,0,0,0,0.5,0.5,1,1.5
98,"binary",3,"Mixed linear and rule-based","GBM",TRUE,"AUC",0.833109103722212,0.0300000000002001,NA,NA,NA,NA,NA,NA,NA,NA,NA,NA,NA,NA,NA
98,"binary",3,"Mixed linear and rule-based","Linear",TRUE,"AUC",0.827215068229867,0.0199999999999818,NA,20,0,20,20,0,0,0,0,1,0,1,1
98,"binary",3,"Mixed linear and rule-based","Random forest",TRUE,"AUC",0.806169517586008,0.170000000000073,NA,NA,NA,NA,NA,NA,NA,NA,NA,NA,NA,NA,NA
98,"binary",3,"Mixed linear and rule-based","RuleFit",TRUE,"AUC",0.80338266384778,8.92999999999984,NA,24,24,0,4,19,1,0,0,0.166666666666667,0.791666666666667,0.958333333333333,1.875
99,"binary",3,"Mixed linear and rule-based","BRP-GABLE full",TRUE,"AUC",0.808339783281734,95.6300000000001,NA,31,31,0,3,28,0,0,0,0.0967741935483871,0.903225806451613,1,1.90322580645161
99,"binary",3,"Mixed linear and rule-based","BRP-GABLE rule-only",TRUE,"AUC",0.808404282765738,95.6099999999997,NA,33,33,0,5,28,0,0,0,0.151515151515152,0.848484848484849,1,1.84848484848485
99,"binary",3,"Mixed linear and rule-based","GABLE",TRUE,"AUC",0.770059339525284,1.30999999999995,NA,4,4,0,3,1,0,0,0,0.75,0.25,1,1.25
99,"binary",3,"Mixed linear and rule-based","GBM",TRUE,"AUC",0.834494324045408,0.0100000000002183,NA,NA,NA,NA,NA,NA,NA,NA,NA,NA,NA,NA,NA
99,"binary",3,"Mixed linear and rule-based","Linear",TRUE,"AUC",0.836751805985552,0,NA,20,0,20,20,0,0,0,0,1,0,1,1
99,"binary",3,"Mixed linear and rule-based","Random forest",TRUE,"AUC",0.813725490196078,0.109999999999673,NA,NA,NA,NA,NA,NA,NA,NA,NA,NA,NA,NA,NA
99,"binary",3,"Mixed linear and rule-based","RuleFit",TRUE,"AUC",0.788667440660475,6.47000000000025,NA,29,29,0,1,25,3,0,0,0.0344827586206897,0.862068965517241,0.896551724137931,2.06896551724138
100,"binary",3,"Mixed linear and rule-based","BRP-GABLE full",TRUE,"AUC",0.830389144905274,91,NA,55,55,0,16,39,0,0,0,0.290909090909091,0.709090909090909,1,1.70909090909091
100,"binary",3,"Mixed linear and rule-based","BRP-GABLE rule-only",TRUE,"AUC",0.829557091653866,91.0199999999995,NA,57,57,0,18,39,0,0,0,0.315789473684211,0.684210526315789,1,1.68421052631579
100,"binary",3,"Mixed linear and rule-based","GABLE",TRUE,"AUC",0.731790834613415,1.08000000000038,NA,4,4,0,2,2,0,0,0,0.5,0.5,1,1.5
100,"binary",3,"Mixed linear and rule-based","GBM",TRUE,"AUC",0.820340501792115,0.0100000000002183,NA,NA,NA,NA,NA,NA,NA,NA,NA,NA,NA,NA,NA
100,"binary",3,"Mixed linear and rule-based","Linear",TRUE,"AUC",0.838773681515617,0,NA,20,0,20,20,0,0,0,0,1,0,1,1
100,"binary",3,"Mixed linear and rule-based","Random forest",TRUE,"AUC",0.803507424475166,0.129999999999654,NA,NA,NA,NA,NA,NA,NA,NA,NA,NA,NA,NA,NA
100,"binary",3,"Mixed linear and rule-based","RuleFit",TRUE,"AUC",0.820372503840246,5.28999999999996,NA,21,21,0,3,17,1,0,0,0.142857142857143,0.80952380952381,0.952380952380952,1.9047619047619
1,"binary",4,"Smooth nonlinear misspecified","BRP-GABLE full",TRUE,"AUC",0.803805237315876,163.19,NA,43,43,0,11,32,0,0,0,0.255813953488372,0.744186046511628,1,1.74418604651163
1,"binary",4,"Smooth nonlinear misspecified","BRP-GABLE rule-only",TRUE,"AUC",0.80462356792144,163.2,NA,43,43,0,9,34,0,0,0,0.209302325581395,0.790697674418605,1,1.7906976744186
1,"binary",4,"Smooth nonlinear misspecified","GABLE",TRUE,"AUC",0.695819694489907,5,NA,7,7,0,5,2,0,0,0,0.714285714285714,0.285714285714286,1,1.28571428571429
1,"binary",4,"Smooth nonlinear misspecified","GBM",TRUE,"AUC",0.851609383524277,0.039999999999992,NA,NA,NA,NA,NA,NA,NA,NA,NA,NA,NA,NA,NA
1,"binary",4,"Smooth nonlinear misspecified","Linear",TRUE,"AUC",0.685215493726132,0.0100000000000193,NA,20,0,20,20,0,0,0,0,1,0,1,1
1,"binary",4,"Smooth nonlinear misspecified","Random forest",TRUE,"AUC",0.77986906710311,0.139999999999986,NA,NA,NA,NA,NA,NA,NA,NA,NA,NA,NA,NA,NA
1,"binary",4,"Smooth nonlinear misspecified","RuleFit",TRUE,"AUC",0.693262411347518,9.01000000000002,NA,12,12,0,3,7,2,0,0,0.25,0.583333333333333,0.833333333333333,1.91666666666667
2,"binary",4,"Smooth nonlinear misspecified","BRP-GABLE full",TRUE,"AUC",0.804227941176471,122.51,NA,29,29,0,0,29,0,0,0,0,1,1,2
2,"binary",4,"Smooth nonlinear misspecified","BRP-GABLE rule-only",TRUE,"AUC",0.804301470588235,122.39,NA,32,32,0,0,32,0,0,0,0,1,1,2
2,"binary",4,"Smooth nonlinear misspecified","GABLE",TRUE,"AUC",0.714963235294118,1.73,NA,5,5,0,2,3,0,0,0,0.4,0.6,1,1.6
2,"binary",4,"Smooth nonlinear misspecified","GBM",TRUE,"AUC",0.801544117647059,0.0300000000000011,NA,NA,NA,NA,NA,NA,NA,NA,NA,NA,NA,NA,NA
2,"binary",4,"Smooth nonlinear misspecified","Linear",TRUE,"AUC",0.600882352941177,0.0200000000000102,NA,20,0,20,20,0,0,0,0,1,0,1,1
2,"binary",4,"Smooth nonlinear misspecified","Random forest",TRUE,"AUC",0.810110294117647,0.159999999999997,NA,NA,NA,NA,NA,NA,NA,NA,NA,NA,NA,NA,NA
2,"binary",4,"Smooth nonlinear misspecified","RuleFit",TRUE,"AUC",0.759154411764706,9.78,NA,17,17,0,4,12,1,0,0,0.235294117647059,0.705882352941177,0.941176470588235,1.82352941176471
3,"binary",4,"Smooth nonlinear misspecified","BRP-GABLE full",TRUE,"AUC",0.82321084457439,123.44,NA,28,28,0,4,24,0,0,0,0.142857142857143,0.857142857142857,1,1.85714285714286
3,"binary",4,"Smooth nonlinear misspecified","BRP-GABLE rule-only",TRUE,"AUC",0.824307262941059,123.46,NA,32,32,0,4,28,0,0,0,0.125,0.875,1,1.875
3,"binary",4,"Smooth nonlinear misspecified","GABLE",TRUE,"AUC",0.692803508538773,2.22999999999999,NA,5,5,0,4,1,0,0,0,0.8,0.2,1,1.2
3,"binary",4,"Smooth nonlinear misspecified","GBM",TRUE,"AUC",0.820918333444083,0.0300000000000011,NA,NA,NA,NA,NA,NA,NA,NA,NA,NA,NA,NA,NA
3,"binary",4,"Smooth nonlinear misspecified","Linear",TRUE,"AUC",0.563559040467805,0.0100000000000051,NA,20,0,20,20,0,0,0,0,1,0,1,1
3,"binary",4,"Smooth nonlinear misspecified","Random forest",TRUE,"AUC",0.796199082995548,0.159999999999997,NA,NA,NA,NA,NA,NA,NA,NA,NA,NA,NA,NA,NA
3,"binary",4,"Smooth nonlinear misspecified","RuleFit",TRUE,"AUC",0.626054887367931,7.89000000000001,NA,2,2,0,0,1,1,0,0,0,0.5,0.5,2.5
4,"binary",4,"Smooth nonlinear misspecified","BRP-GABLE full",TRUE,"AUC",0.791436946053458,148.52,NA,35,35,0,7,28,0,0,0,0.2,0.8,1,1.8
4,"binary",4,"Smooth nonlinear misspecified","BRP-GABLE rule-only",TRUE,"AUC",0.792867611138251,148.52,NA,49,49,0,11,38,0,0,0,0.224489795918367,0.775510204081633,1,1.77551020408163
4,"binary",4,"Smooth nonlinear misspecified","GABLE",TRUE,"AUC",0.591143834182427,2.03,NA,4,4,0,2,2,0,0,0,0.5,0.5,1,1.5
4,"binary",4,"Smooth nonlinear misspecified","GBM",TRUE,"AUC",0.81792169725731,0.0300000000000011,NA,NA,NA,NA,NA,NA,NA,NA,NA,NA,NA,NA,NA
4,"binary",4,"Smooth nonlinear misspecified","Linear",TRUE,"AUC",0.633191429967199,0,NA,20,0,20,20,0,0,0,0,1,0,1,1
4,"binary",4,"Smooth nonlinear misspecified","Random forest",TRUE,"AUC",0.802986949542885,0.159999999999997,NA,NA,NA,NA,NA,NA,NA,NA,NA,NA,NA,NA,NA
4,"binary",4,"Smooth nonlinear misspecified","RuleFit",TRUE,"AUC",0.628410914927769,8.48999999999998,NA,1,1,0,0,1,0,0,0,0,1,1,2
5,"binary",4,"Smooth nonlinear misspecified","BRP-GABLE full",TRUE,"AUC",0.811472185065702,112.8,NA,33,33,0,2,31,0,0,0,0.0606060606060606,0.939393939393939,1,1.93939393939394
5,"binary",4,"Smooth nonlinear misspecified","BRP-GABLE rule-only",TRUE,"AUC",0.811472185065702,112.91,NA,33,33,0,2,31,0,0,0,0.0606060606060606,0.939393939393939,1,1.93939393939394
5,"binary",4,"Smooth nonlinear misspecified","GABLE",TRUE,"AUC",0.772405382012747,1.92,NA,4,4,0,2,2,0,0,0,0.5,0.5,1,1.5
5,"binary",4,"Smooth nonlinear misspecified","GBM",TRUE,"AUC",0.815957195688095,0.0300000000000011,NA,NA,NA,NA,NA,NA,NA,NA,NA,NA,NA,NA,NA
5,"binary",4,"Smooth nonlinear misspecified","Linear",TRUE,"AUC",0.619875678652923,0.0200000000000102,NA,20,0,20,20,0,0,0,0,1,0,1,1
5,"binary",4,"Smooth nonlinear misspecified","Random forest",TRUE,"AUC",0.789794633724132,0.159999999999997,NA,NA,NA,NA,NA,NA,NA,NA,NA,NA,NA,NA,NA
5,"binary",4,"Smooth nonlinear misspecified","RuleFit",TRUE,"AUC",0.645880871823117,8.67,NA,3,3,0,0,2,1,0,0,0,0.666666666666667,0.666666666666667,2.33333333333333
6,"binary",4,"Smooth nonlinear misspecified","BRP-GABLE full",TRUE,"AUC",0.74724119810825,170.5,NA,53,53,0,16,37,0,0,0,0.30188679245283,0.69811320754717,1,1.69811320754717
6,"binary",4,"Smooth nonlinear misspecified","BRP-GABLE rule-only",TRUE,"AUC",0.745064184370543,170.55,NA,54,54,0,18,36,0,0,0,0.333333333333333,0.666666666666667,1,1.66666666666667
6,"binary",4,"Smooth nonlinear misspecified","GABLE",TRUE,"AUC",0.708955784100293,4.65999999999997,NA,6,6,0,3,3,0,0,0,0.5,0.5,1,1.5
6,"binary",4,"Smooth nonlinear misspecified","GBM",TRUE,"AUC",0.779070640342317,0.00999999999999091,NA,NA,NA,NA,NA,NA,NA,NA,NA,NA,NA,NA,NA
6,"binary",4,"Smooth nonlinear misspecified","Linear",TRUE,"AUC",0.599429472261842,0.0300000000000296,NA,20,0,20,20,0,0,0,0,1,0,1,1
6,"binary",4,"Smooth nonlinear misspecified","Random forest",TRUE,"AUC",0.736769011335485,0.170000000000016,NA,NA,NA,NA,NA,NA,NA,NA,NA,NA,NA,NA,NA
6,"binary",4,"Smooth nonlinear misspecified","RuleFit",TRUE,"AUC",0.650701899256813,8.92000000000002,NA,2,2,0,0,2,0,0,0,0,1,1,2
7,"binary",4,"Smooth nonlinear misspecified","BRP-GABLE full",TRUE,"AUC",0.792511362816536,132.64,NA,48,48,0,9,39,0,0,0,0.1875,0.8125,1,1.8125
7,"binary",4,"Smooth nonlinear misspecified","BRP-GABLE rule-only",TRUE,"AUC",0.792727797417214,132.6,NA,51,51,0,11,40,0,0,0,0.215686274509804,0.784313725490196,1,1.7843137254902
7,"binary",4,"Smooth nonlinear misspecified","GABLE",TRUE,"AUC",0.71784142558257,1.75,NA,5,5,0,3,2,0,0,0,0.6,0.4,1,1.4
7,"binary",4,"Smooth nonlinear misspecified","GBM",TRUE,"AUC",0.815381285621528,0.0300000000000011,NA,NA,NA,NA,NA,NA,NA,NA,NA,NA,NA,NA,NA
7,"binary",4,"Smooth nonlinear misspecified","Linear",TRUE,"AUC",0.635451987591083,0.0199999999999818,NA,20,0,20,20,0,0,0,0,1,0,1,1
7,"binary",4,"Smooth nonlinear misspecified","Random forest",TRUE,"AUC",0.766214558834139,0.140000000000015,NA,NA,NA,NA,NA,NA,NA,NA,NA,NA,NA,NA,NA
7,"binary",4,"Smooth nonlinear misspecified","RuleFit",TRUE,"AUC",0.752975975759325,10.22,NA,18,18,0,4,12,2,0,0,0.222222222222222,0.666666666666667,0.888888888888889,1.88888888888889
8,"binary",4,"Smooth nonlinear misspecified","BRP-GABLE full",TRUE,"AUC",0.812876190476191,133.53,NA,56,56,0,11,45,0,0,0,0.196428571428571,0.803571428571429,1,1.80357142857143
8,"binary",4,"Smooth nonlinear misspecified","BRP-GABLE rule-only",TRUE,"AUC",0.814019047619048,133.45,NA,60,60,0,14,46,0,0,0,0.233333333333333,0.766666666666667,1,1.76666666666667
8,"binary",4,"Smooth nonlinear misspecified","GABLE",TRUE,"AUC",0.711504761904762,2.38999999999999,NA,5,5,0,4,1,0,0,0,0.8,0.2,1,1.2
8,"binary",4,"Smooth nonlinear misspecified","GBM",TRUE,"AUC",0.804342857142857,0.0400000000000205,NA,NA,NA,NA,NA,NA,NA,NA,NA,NA,NA,NA,NA
8,"binary",4,"Smooth nonlinear misspecified","Linear",TRUE,"AUC",0.677180952380952,0.039999999999992,NA,20,0,20,20,0,0,0,0,1,0,1,1
8,"binary",4,"Smooth nonlinear misspecified","Random forest",TRUE,"AUC",0.785447619047619,0.159999999999997,NA,NA,NA,NA,NA,NA,NA,NA,NA,NA,NA,NA,NA
8,"binary",4,"Smooth nonlinear misspecified","RuleFit",TRUE,"AUC",0.666590476190476,8.94000000000003,NA,7,7,0,3,4,0,0,0,0.428571428571429,0.571428571428571,1,1.57142857142857
9,"binary",4,"Smooth nonlinear misspecified","BRP-GABLE full",TRUE,"AUC",0.820137628554144,130.32,NA,35,35,0,3,32,0,0,0,0.0857142857142857,0.914285714285714,1,1.91428571428571
9,"binary",4,"Smooth nonlinear misspecified","BRP-GABLE rule-only",TRUE,"AUC",0.819381427707199,130.27,NA,36,36,0,3,33,0,0,0,0.0833333333333333,0.916666666666667,1,1.91666666666667
9,"binary",4,"Smooth nonlinear misspecified","GABLE",TRUE,"AUC",0.742362371445856,5.18000000000001,NA,5,5,0,5,0,0,0,0,1,0,1,1
9,"binary",4,"Smooth nonlinear misspecified","GBM",TRUE,"AUC",0.829854809437387,0.0100000000000477,NA,NA,NA,NA,NA,NA,NA,NA,NA,NA,NA,NA,NA
9,"binary",4,"Smooth nonlinear misspecified","Linear",TRUE,"AUC",0.682017543859649,0.0299999999999727,NA,20,0,20,20,0,0,0,0,1,0,1,1
9,"binary",4,"Smooth nonlinear misspecified","Random forest",TRUE,"AUC",0.783537507562008,0.17999999999995,NA,NA,NA,NA,NA,NA,NA,NA,NA,NA,NA,NA,NA
9,"binary",4,"Smooth nonlinear misspecified","RuleFit",TRUE,"AUC",0.705006049606776,7.69,NA,11,11,0,7,4,0,0,0,0.636363636363636,0.363636363636364,1,1.36363636363636
10,"binary",4,"Smooth nonlinear misspecified","BRP-GABLE full",TRUE,"AUC",0.792576574021554,120.34,NA,33,33,0,2,31,0,0,0,0.0606060606060606,0.939393939393939,1,1.93939393939394
10,"binary",4,"Smooth nonlinear misspecified","BRP-GABLE rule-only",TRUE,"AUC",0.792576574021554,120.35,NA,33,33,0,2,31,0,0,0,0.0606060606060606,0.939393939393939,1,1.93939393939394
10,"binary",4,"Smooth nonlinear misspecified","GABLE",TRUE,"AUC",0.798532331253545,1.69,NA,5,5,0,2,3,0,0,0,0.4,0.6,1,1.6
10,"binary",4,"Smooth nonlinear misspecified","GBM",TRUE,"AUC",0.822178105501985,0.0299999999999727,NA,NA,NA,NA,NA,NA,NA,NA,NA,NA,NA,NA,NA
10,"binary",4,"Smooth nonlinear misspecified","Linear",TRUE,"AUC",0.645845150311968,0.0300000000000296,NA,20,0,20,20,0,0,0,0,1,0,1,1
10,"binary",4,"Smooth nonlinear misspecified","Random forest",TRUE,"AUC",0.795164492342598,0.139999999999986,NA,NA,NA,NA,NA,NA,NA,NA,NA,NA,NA,NA,NA
10,"binary",4,"Smooth nonlinear misspecified","RuleFit",TRUE,"AUC",0.720930232558139,8.39000000000004,NA,2,2,0,0,1,1,0,0,0,0.5,0.5,2.5
11,"binary",4,"Smooth nonlinear misspecified","BRP-GABLE full",TRUE,"AUC",0.784527153558052,132.7,NA,37,37,0,6,31,0,0,0,0.162162162162162,0.837837837837838,1,1.83783783783784
11,"binary",4,"Smooth nonlinear misspecified","BRP-GABLE rule-only",TRUE,"AUC",0.784527153558052,132.69,NA,37,37,0,6,31,0,0,0,0.162162162162162,0.837837837837838,1,1.83783783783784
11,"binary",4,"Smooth nonlinear misspecified","GABLE",TRUE,"AUC",0.705134207240949,1.78000000000003,NA,5,5,0,2,3,0,0,0,0.4,0.6,1,1.6
11,"binary",4,"Smooth nonlinear misspecified","GBM",TRUE,"AUC",0.77769975031211,0.0200000000000387,NA,NA,NA,NA,NA,NA,NA,NA,NA,NA,NA,NA,NA
11,"binary",4,"Smooth nonlinear misspecified","Linear",TRUE,"AUC",0.619850187265918,0.00999999999999091,NA,20,0,20,20,0,0,0,0,1,0,1,1
11,"binary",4,"Smooth nonlinear misspecified","Random forest",TRUE,"AUC",0.762835518102372,0.169999999999959,NA,NA,NA,NA,NA,NA,NA,NA,NA,NA,NA,NA,NA
11,"binary",4,"Smooth nonlinear misspecified","RuleFit",TRUE,"AUC",0.712780898876405,8.02999999999997,NA,8,8,0,3,5,0,0,0,0.375,0.625,1,1.625
12,"binary",4,"Smooth nonlinear misspecified","BRP-GABLE full",TRUE,"AUC",0.808847644603459,116.5,NA,27,27,0,1,26,0,0,0,0.037037037037037,0.962962962962963,1,1.96296296296296
12,"binary",4,"Smooth nonlinear misspecified","BRP-GABLE rule-only",TRUE,"AUC",0.808847644603459,116.53,NA,27,27,0,1,26,0,0,0,0.037037037037037,0.962962962962963,1,1.96296296296296
12,"binary",4,"Smooth nonlinear misspecified","GABLE",TRUE,"AUC",0.801617471675611,1.94,NA,5,5,0,3,2,0,0,0,0.6,0.4,1,1.4
12,"binary",4,"Smooth nonlinear misspecified","GBM",TRUE,"AUC",0.851073345259392,0.0300000000000296,NA,NA,NA,NA,NA,NA,NA,NA,NA,NA,NA,NA,NA
12,"binary",4,"Smooth nonlinear misspecified","Linear",TRUE,"AUC",0.698270721526535,0,NA,20,0,20,20,0,0,0,0,1,0,1,1
12,"binary",4,"Smooth nonlinear misspecified","Random forest",TRUE,"AUC",0.802511926058438,0.169999999999959,NA,NA,NA,NA,NA,NA,NA,NA,NA,NA,NA,NA,NA
12,"binary",4,"Smooth nonlinear misspecified","RuleFit",TRUE,"AUC",0.701252236135957,8.5,NA,5,5,0,2,3,0,0,0,0.4,0.6,1,1.6
13,"binary",4,"Smooth nonlinear misspecified","BRP-GABLE full",TRUE,"AUC",0.79396847690387,99.38,NA,37,37,0,6,31,0,0,0,0.162162162162162,0.837837837837838,1,1.83783783783784
13,"binary",4,"Smooth nonlinear misspecified","BRP-GABLE rule-only",TRUE,"AUC",0.793812421972534,99.44,NA,45,45,0,9,36,0,0,0,0.2,0.8,1,1.8
13,"binary",4,"Smooth nonlinear misspecified","GABLE",TRUE,"AUC",0.725928526841448,1.35999999999996,NA,4,4,0,2,2,0,0,0,0.5,0.5,1,1.5
13,"binary",4,"Smooth nonlinear misspecified","GBM",TRUE,"AUC",0.793617353308365,0.00999999999999091,NA,NA,NA,NA,NA,NA,NA,NA,NA,NA,NA,NA,NA
13,"binary",4,"Smooth nonlinear misspecified","Linear",TRUE,"AUC",0.690777153558052,0.0199999999999818,NA,20,0,20,20,0,0,0,0,1,0,1,1
13,"binary",4,"Smooth nonlinear misspecified","Random forest",TRUE,"AUC",0.796309300873908,0.160000000000025,NA,NA,NA,NA,NA,NA,NA,NA,NA,NA,NA,NA,NA
13,"binary",4,"Smooth nonlinear misspecified","RuleFit",TRUE,"AUC",0.714068352059925,8.36000000000001,NA,3,3,0,1,2,0,0,0,0.333333333333333,0.666666666666667,1,1.66666666666667
14,"binary",4,"Smooth nonlinear misspecified","BRP-GABLE full",TRUE,"AUC",0.808200245700246,126.11,NA,52,52,0,11,41,0,0,0,0.211538461538462,0.788461538461538,1,1.78846153846154
14,"binary",4,"Smooth nonlinear misspecified","BRP-GABLE rule-only",TRUE,"AUC",0.80727886977887,126.12,NA,52,52,0,11,41,0,0,0,0.211538461538462,0.788461538461538,1,1.78846153846154
14,"binary",4,"Smooth nonlinear misspecified","GABLE",TRUE,"AUC",0.793496621621622,1.95000000000005,NA,5,5,0,3,2,0,0,0,0.6,0.4,1,1.4
14,"binary",4,"Smooth nonlinear misspecified","GBM",TRUE,"AUC",0.837300368550369,0.0300000000000296,NA,NA,NA,NA,NA,NA,NA,NA,NA,NA,NA,NA,NA
14,"binary",4,"Smooth nonlinear misspecified","Linear",TRUE,"AUC",0.640125921375921,0,NA,20,0,20,20,0,0,0,0,1,0,1,1
14,"binary",4,"Smooth nonlinear misspecified","Random forest",TRUE,"AUC",0.814573095823096,0.159999999999968,NA,NA,NA,NA,NA,NA,NA,NA,NA,NA,NA,NA,NA
14,"binary",4,"Smooth nonlinear misspecified","RuleFit",TRUE,"AUC",0.703316953316953,8.04999999999995,NA,5,5,0,2,3,0,0,0,0.4,0.6,1,1.6
15,"binary",4,"Smooth nonlinear misspecified","BRP-GABLE full",TRUE,"AUC",0.829776422764228,118.89,NA,36,36,0,1,35,0,0,0,0.0277777777777778,0.972222222222222,1,1.97222222222222
15,"binary",4,"Smooth nonlinear misspecified","BRP-GABLE rule-only",TRUE,"AUC",0.829776422764228,118.92,NA,36,36,0,1,35,0,0,0,0.0277777777777778,0.972222222222222,1,1.97222222222222
15,"binary",4,"Smooth nonlinear misspecified","GABLE",TRUE,"AUC",0.739728513356562,1.66000000000003,NA,5,5,0,2,3,0,0,0,0.4,0.6,1,1.6
15,"binary",4,"Smooth nonlinear misspecified","GBM",TRUE,"AUC",0.826582462253194,0.0299999999999727,NA,NA,NA,NA,NA,NA,NA,NA,NA,NA,NA,NA,NA
15,"binary",4,"Smooth nonlinear misspecified","Linear",TRUE,"AUC",0.626016260162602,0,NA,20,0,20,20,0,0,0,0,1,0,1,1
15,"binary",4,"Smooth nonlinear misspecified","Random forest",TRUE,"AUC",0.794788037166086,0.139999999999986,NA,NA,NA,NA,NA,NA,NA,NA,NA,NA,NA,NA,NA
15,"binary",4,"Smooth nonlinear misspecified","RuleFit",TRUE,"AUC",0.666993321718931,8.43000000000001,NA,7,7,0,1,4,2,0,0,0.142857142857143,0.571428571428571,0.714285714285714,2.14285714285714
16,"binary",4,"Smooth nonlinear misspecified","BRP-GABLE full",TRUE,"AUC",0.780964912280702,100.16,NA,48,47,1,10,38,0,0,0,0.208333333333333,0.791666666666667,1,1.79166666666667
16,"binary",4,"Smooth nonlinear misspecified","BRP-GABLE rule-only",TRUE,"AUC",0.777719298245614,100.2,NA,49,49,0,10,39,0,0,0,0.204081632653061,0.795918367346939,1,1.79591836734694
16,"binary",4,"Smooth nonlinear misspecified","GABLE",TRUE,"AUC",0.725043859649123,1.57999999999998,NA,4,4,0,1,3,0,0,0,0.25,0.75,1,1.75
16,"binary",4,"Smooth nonlinear misspecified","GBM",TRUE,"AUC",0.782543859649123,0.0399999999999636,NA,NA,NA,NA,NA,NA,NA,NA,NA,NA,NA,NA,NA
16,"binary",4,"Smooth nonlinear misspecified","Linear",TRUE,"AUC",0.623859649122807,0,NA,20,0,20,20,0,0,0,0,1,0,1,1
16,"binary",4,"Smooth nonlinear misspecified","Random forest",TRUE,"AUC",0.778026315789474,0.170000000000016,NA,NA,NA,NA,NA,NA,NA,NA,NA,NA,NA,NA,NA
16,"binary",4,"Smooth nonlinear misspecified","RuleFit",TRUE,"AUC",0.686535087719298,9.34000000000003,NA,4,4,0,1,3,0,0,0,0.25,0.75,1,1.75
17,"binary",4,"Smooth nonlinear misspecified","BRP-GABLE full",TRUE,"AUC",0.720193508114856,178.89,NA,43,43,0,1,42,0,0,0,0.0232558139534884,0.976744186046512,1,1.97674418604651
17,"binary",4,"Smooth nonlinear misspecified","BRP-GABLE rule-only",TRUE,"AUC",0.720193508114856,178.94,NA,43,43,0,1,42,0,0,0,0.0232558139534884,0.976744186046512,1,1.97674418604651
17,"binary",4,"Smooth nonlinear misspecified","GABLE",TRUE,"AUC",0.664442883895131,2.18999999999994,NA,5,5,0,5,0,0,0,0,1,0,1,1
17,"binary",4,"Smooth nonlinear misspecified","GBM",TRUE,"AUC",0.767868289637953,0.00999999999999091,NA,NA,NA,NA,NA,NA,NA,NA,NA,NA,NA,NA,NA
17,"binary",4,"Smooth nonlinear misspecified","Linear",TRUE,"AUC",0.639200998751561,0,NA,20,0,20,20,0,0,0,0,1,0,1,1
17,"binary",4,"Smooth nonlinear misspecified","Random forest",TRUE,"AUC",0.754954744069913,0.170000000000073,NA,NA,NA,NA,NA,NA,NA,NA,NA,NA,NA,NA,NA
17,"binary",4,"Smooth nonlinear misspecified","RuleFit",TRUE,"AUC",0.600382334581773,7.44000000000005,NA,2,2,0,0,2,0,0,0,0,1,1,2
18,"binary",4,"Smooth nonlinear misspecified","BRP-GABLE full",TRUE,"AUC",0.754071917538752,138.78,NA,32,32,0,7,25,0,0,0,0.21875,0.78125,1,1.78125
18,"binary",4,"Smooth nonlinear misspecified","BRP-GABLE rule-only",TRUE,"AUC",0.754583366118499,138.85,NA,39,39,0,7,32,0,0,0,0.179487179487179,0.82051282051282,1,1.82051282051282
18,"binary",4,"Smooth nonlinear misspecified","GABLE",TRUE,"AUC",0.726453694232434,2.17000000000002,NA,5,5,0,4,1,0,0,0,0.8,0.2,1,1.2
18,"binary",4,"Smooth nonlinear misspecified","GBM",TRUE,"AUC",0.8164293020694,0.0199999999999818,NA,NA,NA,NA,NA,NA,NA,NA,NA,NA,NA,NA,NA
18,"binary",4,"Smooth nonlinear misspecified","Linear",TRUE,"AUC",0.590526398615155,0,NA,20,0,20,20,0,0,0,0,1,0,1,1
18,"binary",4,"Smooth nonlinear misspecified","Random forest",TRUE,"AUC",0.797545046817216,0.139999999999986,NA,NA,NA,NA,NA,NA,NA,NA,NA,NA,NA,NA,NA
18,"binary",4,"Smooth nonlinear misspecified","RuleFit",TRUE,"AUC",0.722480132189787,7.69999999999999,NA,6,6,0,0,6,0,0,0,0,1,1,2
19,"binary",4,"Smooth nonlinear misspecified","BRP-GABLE full",TRUE,"AUC",0.80384150030248,102.99,NA,48,48,0,8,40,0,0,0,0.166666666666667,0.833333333333333,1,1.83333333333333
19,"binary",4,"Smooth nonlinear misspecified","BRP-GABLE rule-only",TRUE,"AUC",0.80384150030248,103.04,NA,48,48,0,8,40,0,0,0,0.166666666666667,0.833333333333333,1,1.83333333333333
19,"binary",4,"Smooth nonlinear misspecified","GABLE",TRUE,"AUC",0.699334543254688,2.01999999999998,NA,4,4,0,3,1,0,0,0,0.75,0.25,1,1.25
19,"binary",4,"Smooth nonlinear misspecified","GBM",TRUE,"AUC",0.8090592861464,0.0200000000000387,NA,NA,NA,NA,NA,NA,NA,NA,NA,NA,NA,NA,NA
19,"binary",4,"Smooth nonlinear misspecified","Linear",TRUE,"AUC",0.681563823351482,0.00999999999999091,NA,20,0,20,20,0,0,0,0,1,0,1,1
19,"binary",4,"Smooth nonlinear misspecified","Random forest",TRUE,"AUC",0.816054143980641,0.149999999999977,NA,NA,NA,NA,NA,NA,NA,NA,NA,NA,NA,NA,NA
19,"binary",4,"Smooth nonlinear misspecified","RuleFit",TRUE,"AUC",0.72485632183908,9.69,NA,6,6,0,1,4,1,0,0,0.166666666666667,0.666666666666667,0.833333333333333,2
20,"binary",4,"Smooth nonlinear misspecified","BRP-GABLE full",TRUE,"AUC",0.809846528973035,108.95,NA,33,33,0,2,31,0,0,0,0.0606060606060606,0.939393939393939,1,1.93939393939394
20,"binary",4,"Smooth nonlinear misspecified","BRP-GABLE rule-only",TRUE,"AUC",0.809846528973035,108.95,NA,33,33,0,2,31,0,0,0,0.0606060606060606,0.939393939393939,1,1.93939393939394
20,"binary",4,"Smooth nonlinear misspecified","GABLE",TRUE,"AUC",0.759215433161216,1.89999999999998,NA,5,5,0,4,1,0,0,0,0.8,0.2,1,1.2
20,"binary",4,"Smooth nonlinear misspecified","GBM",TRUE,"AUC",0.832042455536431,0.0300000000000864,NA,NA,NA,NA,NA,NA,NA,NA,NA,NA,NA,NA,NA
20,"binary",4,"Smooth nonlinear misspecified","Linear",TRUE,"AUC",0.713209982788296,0,NA,20,0,20,20,0,0,0,0,1,0,1,1
20,"binary",4,"Smooth nonlinear misspecified","Random forest",TRUE,"AUC",0.787112736660929,0.159999999999968,NA,NA,NA,NA,NA,NA,NA,NA,NA,NA,NA,NA,NA
20,"binary",4,"Smooth nonlinear misspecified","RuleFit",TRUE,"AUC",0.770869191049914,8.85000000000002,NA,15,15,0,5,7,3,0,0,0.333333333333333,0.466666666666667,0.8,1.86666666666667
21,"binary",4,"Smooth nonlinear misspecified","BRP-GABLE full",TRUE,"AUC",0.804898648648649,132.03,NA,59,56,3,12,47,0,0,0,0.203389830508475,0.796610169491525,1,1.79661016949153
21,"binary",4,"Smooth nonlinear misspecified","BRP-GABLE rule-only",TRUE,"AUC",0.808737714987715,131.99,NA,58,58,0,11,47,0,0,0,0.189655172413793,0.810344827586207,1,1.81034482758621
21,"binary",4,"Smooth nonlinear misspecified","GABLE",TRUE,"AUC",0.792383292383292,1.49000000000001,NA,5,5,0,3,2,0,0,0,0.6,0.4,1,1.4
21,"binary",4,"Smooth nonlinear misspecified","GBM",TRUE,"AUC",0.788390663390663,0.0300000000000864,NA,NA,NA,NA,NA,NA,NA,NA,NA,NA,NA,NA,NA
21,"binary",4,"Smooth nonlinear misspecified","Linear",TRUE,"AUC",0.611025798525799,0,NA,20,0,20,20,0,0,0,0,1,0,1,1
21,"binary",4,"Smooth nonlinear misspecified","Random forest",TRUE,"AUC",0.779867936117936,0.159999999999968,NA,NA,NA,NA,NA,NA,NA,NA,NA,NA,NA,NA,NA
21,"binary",4,"Smooth nonlinear misspecified","RuleFit",TRUE,"AUC",0.692644348894349,14.09,NA,19,19,0,12,7,0,0,0,0.631578947368421,0.368421052631579,1,1.36842105263158
22,"binary",4,"Smooth nonlinear misspecified","BRP-GABLE full",TRUE,"AUC",0.705865377678378,164.83,NA,33,33,0,4,29,0,0,0,0.121212121212121,0.878787878787879,1,1.87878787878788
22,"binary",4,"Smooth nonlinear misspecified","BRP-GABLE rule-only",TRUE,"AUC",0.708318303152731,164.79,NA,33,33,0,4,29,0,0,0,0.121212121212121,0.878787878787879,1,1.87878787878788
22,"binary",4,"Smooth nonlinear misspecified","GABLE",TRUE,"AUC",0.650530264771662,4.45000000000005,NA,5,5,0,3,2,0,0,0,0.6,0.4,1,1.4
22,"binary",4,"Smooth nonlinear misspecified","GBM",TRUE,"AUC",0.767837818339225,0.0399999999999636,NA,NA,NA,NA,NA,NA,NA,NA,NA,NA,NA,NA,NA
22,"binary",4,"Smooth nonlinear misspecified","Linear",TRUE,"AUC",0.606521895967102,0.00999999999999091,NA,20,0,20,20,0,0,0,0,1,0,1,1
22,"binary",4,"Smooth nonlinear misspecified","Random forest",TRUE,"AUC",0.727544910179641,0.149999999999977,NA,NA,NA,NA,NA,NA,NA,NA,NA,NA,NA,NA,NA
22,"binary",4,"Smooth nonlinear misspecified","RuleFit",TRUE,"AUC",0.643315778082389,8.81999999999994,NA,8,8,0,1,6,1,0,0,0.125,0.75,0.875,2
23,"binary",4,"Smooth nonlinear misspecified","BRP-GABLE full",TRUE,"AUC",0.797283292619735,111.87,NA,43,43,0,12,31,0,0,0,0.27906976744186,0.720930232558139,1,1.72093023255814
23,"binary",4,"Smooth nonlinear misspecified","BRP-GABLE rule-only",TRUE,"AUC",0.797283292619735,111.94,NA,43,43,0,12,31,0,0,0,0.27906976744186,0.720930232558139,1,1.72093023255814
23,"binary",4,"Smooth nonlinear misspecified","GABLE",TRUE,"AUC",0.737804426678511,2.28999999999996,NA,5,5,0,5,0,0,0,0,1,0,1,1
23,"binary",4,"Smooth nonlinear misspecified","GBM",TRUE,"AUC",0.827670441927604,0.0499999999999545,NA,NA,NA,NA,NA,NA,NA,NA,NA,NA,NA,NA,NA
23,"binary",4,"Smooth nonlinear misspecified","Linear",TRUE,"AUC",0.670886075949367,0,NA,20,0,20,20,0,0,0,0,1,0,1,1
23,"binary",4,"Smooth nonlinear misspecified","Random forest",TRUE,"AUC",0.812532385816863,0.150000000000091,NA,NA,NA,NA,NA,NA,NA,NA,NA,NA,NA,NA,NA
23,"binary",4,"Smooth nonlinear misspecified","RuleFit",TRUE,"AUC",0.717447627507588,8.32000000000005,NA,4,4,0,1,3,0,0,0,0.25,0.75,1,1.75
24,"binary",4,"Smooth nonlinear misspecified","BRP-GABLE full",TRUE,"AUC",0.777693089430894,121.37,NA,23,23,0,0,23,0,0,0,0,1,1,2
24,"binary",4,"Smooth nonlinear misspecified","BRP-GABLE rule-only",TRUE,"AUC",0.77762049941928,121.37,NA,26,26,0,0,26,0,0,0,0,1,1,2
24,"binary",4,"Smooth nonlinear misspecified","GABLE",TRUE,"AUC",0.724920150987224,1.96000000000004,NA,4,4,0,2,2,0,0,0,0.5,0.5,1,1.5
24,"binary",4,"Smooth nonlinear misspecified","GBM",TRUE,"AUC",0.79188443670151,0.0299999999999727,NA,NA,NA,NA,NA,NA,NA,NA,NA,NA,NA,NA,NA
24,"binary",4,"Smooth nonlinear misspecified","Linear",TRUE,"AUC",0.630226480836237,0,NA,20,0,20,20,0,0,0,0,1,0,1,1
24,"binary",4,"Smooth nonlinear misspecified","Random forest",TRUE,"AUC",0.780850754936121,0.180000000000064,NA,NA,NA,NA,NA,NA,NA,NA,NA,NA,NA,NA,NA
24,"binary",4,"Smooth nonlinear misspecified","RuleFit",TRUE,"AUC",0.715810104529617,9.25,NA,10,10,0,4,6,0,0,0,0.4,0.6,1,1.6
25,"binary",4,"Smooth nonlinear misspecified","BRP-GABLE full",TRUE,"AUC",0.77063244469654,101.01,NA,34,34,0,2,32,0,0,0,0.0588235294117647,0.941176470588235,1,1.94117647058824
25,"binary",4,"Smooth nonlinear misspecified","BRP-GABLE rule-only",TRUE,"AUC",0.77063244469654,101.01,NA,34,34,0,2,32,0,0,0,0.0588235294117647,0.941176470588235,1,1.94117647058824
25,"binary",4,"Smooth nonlinear misspecified","GABLE",TRUE,"AUC",0.597525524673851,1.56000000000006,NA,5,5,0,2,3,0,0,0,0.4,0.6,1,1.6
25,"binary",4,"Smooth nonlinear misspecified","GBM",TRUE,"AUC",0.824163357912649,0.0399999999999636,NA,NA,NA,NA,NA,NA,NA,NA,NA,NA,NA,NA,NA
25,"binary",4,"Smooth nonlinear misspecified","Linear",TRUE,"AUC",0.580686330119115,0,NA,20,0,20,20,0,0,0,0,1,0,1,1
25,"binary",4,"Smooth nonlinear misspecified","Random forest",TRUE,"AUC",0.773893930799773,0.169999999999959,NA,NA,NA,NA,NA,NA,NA,NA,NA,NA,NA,NA,NA
25,"binary",4,"Smooth nonlinear misspecified","RuleFit",TRUE,"AUC",0.671263471355644,9.38999999999999,NA,14,14,0,7,7,0,0,0,0.5,0.5,1,1.5
26,"binary",4,"Smooth nonlinear misspecified","BRP-GABLE full",TRUE,"AUC",0.822148103227545,114.11,NA,42,42,0,10,32,0,0,0,0.238095238095238,0.761904761904762,1,1.76190476190476
26,"binary",4,"Smooth nonlinear misspecified","BRP-GABLE rule-only",TRUE,"AUC",0.822148103227545,114.04,NA,42,42,0,10,32,0,0,0,0.238095238095238,0.761904761904762,1,1.76190476190476
26,"binary",4,"Smooth nonlinear misspecified","GABLE",TRUE,"AUC",0.753588033151405,2.24000000000001,NA,5,5,0,5,0,0,0,0,1,0,1,1
26,"binary",4,"Smooth nonlinear misspecified","GBM",TRUE,"AUC",0.852840105114211,0.0300000000000864,NA,NA,NA,NA,NA,NA,NA,NA,NA,NA,NA,NA,NA
26,"binary",4,"Smooth nonlinear misspecified","Linear",TRUE,"AUC",0.63573883161512,0,NA,20,0,20,20,0,0,0,0,1,0,1,1
26,"binary",4,"Smooth nonlinear misspecified","Random forest",TRUE,"AUC",0.796408597803382,0.159999999999968,NA,NA,NA,NA,NA,NA,NA,NA,NA,NA,NA,NA,NA
26,"binary",4,"Smooth nonlinear misspecified","RuleFit",TRUE,"AUC",0.742301731689239,8.00999999999999,NA,5,5,0,2,3,0,0,0,0.4,0.6,1,1.6
27,"binary",4,"Smooth nonlinear misspecified","BRP-GABLE full",TRUE,"AUC",0.779718693284936,123.14,NA,42,42,0,13,29,0,0,0,0.30952380952381,0.69047619047619,1,1.69047619047619
27,"binary",4,"Smooth nonlinear misspecified","BRP-GABLE rule-only",TRUE,"AUC",0.779718693284936,123.14,NA,42,42,0,13,29,0,0,0,0.30952380952381,0.69047619047619,1,1.69047619047619
27,"binary",4,"Smooth nonlinear misspecified","GABLE",TRUE,"AUC",0.708144283121597,3.72000000000003,NA,4,4,0,2,2,0,0,0,0.5,0.5,1,1.5
27,"binary",4,"Smooth nonlinear misspecified","GBM",TRUE,"AUC",0.787961282516636,0.0300000000000864,NA,NA,NA,NA,NA,NA,NA,NA,NA,NA,NA,NA,NA
27,"binary",4,"Smooth nonlinear misspecified","Linear",TRUE,"AUC",0.578796128251664,0.00999999999999091,NA,20,0,20,20,0,0,0,0,1,0,1,1
27,"binary",4,"Smooth nonlinear misspecified","Random forest",TRUE,"AUC",0.741152450090744,0.159999999999968,NA,NA,NA,NA,NA,NA,NA,NA,NA,NA,NA,NA,NA
27,"binary",4,"Smooth nonlinear misspecified","RuleFit",TRUE,"AUC",0.634944041137326,8.44999999999993,NA,6,6,0,0,5,1,0,0,0,0.833333333333333,0.833333333333333,2.16666666666667
28,"binary",4,"Smooth nonlinear misspecified","BRP-GABLE full",TRUE,"AUC",0.860051406926407,110.74,NA,45,45,0,16,29,0,0,0,0.355555555555556,0.644444444444444,1,1.64444444444444
28,"binary",4,"Smooth nonlinear misspecified","BRP-GABLE rule-only",TRUE,"AUC",0.860051406926407,110.78,NA,45,45,0,16,29,0,0,0,0.355555555555556,0.644444444444444,1,1.64444444444444
28,"binary",4,"Smooth nonlinear misspecified","GABLE",TRUE,"AUC",0.796029491341991,2.19000000000005,NA,4,4,0,2,2,0,0,0,0.5,0.5,1,1.5
28,"binary",4,"Smooth nonlinear misspecified","GBM",TRUE,"AUC",0.850784632034632,0.0299999999999727,NA,NA,NA,NA,NA,NA,NA,NA,NA,NA,NA,NA,NA
28,"binary",4,"Smooth nonlinear misspecified","Linear",TRUE,"AUC",0.650568181818182,0,NA,20,0,20,20,0,0,0,0,1,0,1,1
28,"binary",4,"Smooth nonlinear misspecified","Random forest",TRUE,"AUC",0.827583874458874,0.139999999999986,NA,NA,NA,NA,NA,NA,NA,NA,NA,NA,NA,NA,NA
28,"binary",4,"Smooth nonlinear misspecified","RuleFit",TRUE,"AUC",0.807088744588745,9.83000000000004,NA,13,13,0,2,11,0,0,0,0.153846153846154,0.846153846153846,1,1.84615384615385
29,"binary",4,"Smooth nonlinear misspecified","BRP-GABLE full",TRUE,"AUC",0.745817809920374,114.36,NA,47,47,0,11,36,0,0,0,0.234042553191489,0.765957446808511,1,1.76595744680851
29,"binary",4,"Smooth nonlinear misspecified","BRP-GABLE rule-only",TRUE,"AUC",0.745817809920374,114.39,NA,47,47,0,11,36,0,0,0,0.234042553191489,0.765957446808511,1,1.76595744680851
29,"binary",4,"Smooth nonlinear misspecified","GABLE",TRUE,"AUC",0.742165242165242,2.13999999999999,NA,5,5,0,5,0,0,0,0,1,0,1,1
29,"binary",4,"Smooth nonlinear misspecified","GBM",TRUE,"AUC",0.779750164365549,0.00999999999999091,NA,NA,NA,NA,NA,NA,NA,NA,NA,NA,NA,NA,NA
29,"binary",4,"Smooth nonlinear misspecified","Linear",TRUE,"AUC",0.618891080429542,0.0200000000000955,NA,20,0,20,20,0,0,0,0,1,0,1,1
29,"binary",4,"Smooth nonlinear misspecified","Random forest",TRUE,"AUC",0.766673971802177,0.17999999999995,NA,NA,NA,NA,NA,NA,NA,NA,NA,NA,NA,NA,NA
29,"binary",4,"Smooth nonlinear misspecified","RuleFit",TRUE,"AUC",0.645737453429761,9.07000000000005,NA,8,8,0,2,6,0,0,0,0.25,0.75,1,1.75
30,"binary",4,"Smooth nonlinear misspecified","BRP-GABLE full",TRUE,"AUC",0.795326645461218,113.53,NA,40,40,0,4,36,0,0,0,0.1,0.9,1,1.9
30,"binary",4,"Smooth nonlinear misspecified","BRP-GABLE rule-only",TRUE,"AUC",0.795326645461218,113.53,NA,40,40,0,4,36,0,0,0,0.1,0.9,1,1.9
30,"binary",4,"Smooth nonlinear misspecified","GABLE",TRUE,"AUC",0.733545387815023,2.04999999999995,NA,5,5,0,3,2,0,0,0,0.6,0.4,1,1.4
30,"binary",4,"Smooth nonlinear misspecified","GBM",TRUE,"AUC",0.814615447353397,0.0299999999999727,NA,NA,NA,NA,NA,NA,NA,NA,NA,NA,NA,NA,NA
30,"binary",4,"Smooth nonlinear misspecified","Linear",TRUE,"AUC",0.684446619362205,0,NA,20,0,20,20,0,0,0,0,1,0,1,1
30,"binary",4,"Smooth nonlinear misspecified","Random forest",TRUE,"AUC",0.782236359187668,0.150000000000091,NA,NA,NA,NA,NA,NA,NA,NA,NA,NA,NA,NA,NA
30,"binary",4,"Smooth nonlinear misspecified","RuleFit",TRUE,"AUC",0.684120381698067,13.86,NA,5,5,0,0,4,1,0,0,0,0.8,0.8,2.2
31,"binary",4,"Smooth nonlinear misspecified","BRP-GABLE full",TRUE,"AUC",0.829227941176471,116.33,NA,41,41,0,12,29,0,0,0,0.292682926829268,0.707317073170732,1,1.70731707317073
31,"binary",4,"Smooth nonlinear misspecified","BRP-GABLE rule-only",TRUE,"AUC",0.829227941176471,116.36,NA,41,41,0,12,29,0,0,0,0.292682926829268,0.707317073170732,1,1.70731707317073
31,"binary",4,"Smooth nonlinear misspecified","GABLE",TRUE,"AUC",0.782132352941177,1.66999999999996,NA,5,5,0,3,2,0,0,0,0.6,0.4,1,1.4
31,"binary",4,"Smooth nonlinear misspecified","GBM",TRUE,"AUC",0.853529411764706,0.0300000000000864,NA,NA,NA,NA,NA,NA,NA,NA,NA,NA,NA,NA,NA
31,"binary",4,"Smooth nonlinear misspecified","Linear",TRUE,"AUC",0.684191176470588,0,NA,20,0,20,20,0,0,0,0,1,0,1,1
31,"binary",4,"Smooth nonlinear misspecified","Random forest",TRUE,"AUC",0.828897058823529,0.17999999999995,NA,NA,NA,NA,NA,NA,NA,NA,NA,NA,NA,NA,NA
31,"binary",4,"Smooth nonlinear misspecified","RuleFit",TRUE,"AUC",0.804375,8.12,NA,9,9,0,2,7,0,0,0,0.222222222222222,0.777777777777778,1,1.77777777777778
32,"binary",4,"Smooth nonlinear misspecified","BRP-GABLE full",TRUE,"AUC",0.839874470659407,163.24,NA,39,39,0,7,32,0,0,0,0.179487179487179,0.82051282051282,1,1.82051282051282
32,"binary",4,"Smooth nonlinear misspecified","BRP-GABLE rule-only",TRUE,"AUC",0.841991833030853,163.27,NA,39,39,0,8,31,0,0,0,0.205128205128205,0.794871794871795,1,1.79487179487179
32,"binary",4,"Smooth nonlinear misspecified","GABLE",TRUE,"AUC",0.767052329098609,3.71999999999991,NA,5,5,0,2,3,0,0,0,0.4,0.6,1,1.6
32,"binary",4,"Smooth nonlinear misspecified","GBM",TRUE,"AUC",0.848532970356927,0.0299999999999727,NA,NA,NA,NA,NA,NA,NA,NA,NA,NA,NA,NA,NA
32,"binary",4,"Smooth nonlinear misspecified","Linear",TRUE,"AUC",0.647686025408348,0,NA,20,0,20,20,0,0,0,0,1,0,1,1
32,"binary",4,"Smooth nonlinear misspecified","Random forest",TRUE,"AUC",0.82486388384755,0.170000000000073,NA,NA,NA,NA,NA,NA,NA,NA,NA,NA,NA,NA,NA
32,"binary",4,"Smooth nonlinear misspecified","RuleFit",TRUE,"AUC",0.695553539019964,7.84000000000003,NA,6,6,0,1,5,0,0,0,0.166666666666667,0.833333333333333,1,1.83333333333333
33,"binary",4,"Smooth nonlinear misspecified","BRP-GABLE full",TRUE,"AUC",0.768576290414067,112.55,NA,44,44,0,7,37,0,0,0,0.159090909090909,0.840909090909091,1,1.84090909090909
33,"binary",4,"Smooth nonlinear misspecified","BRP-GABLE rule-only",TRUE,"AUC",0.768576290414067,112.5,NA,44,44,0,7,37,0,0,0,0.159090909090909,0.840909090909091,1,1.84090909090909
33,"binary",4,"Smooth nonlinear misspecified","GABLE",TRUE,"AUC",0.637372376630743,1.94000000000005,NA,4,4,0,2,2,0,0,0,0.5,0.5,1,1.5
33,"binary",4,"Smooth nonlinear misspecified","GBM",TRUE,"AUC",0.803885422575156,0.0199999999999818,NA,NA,NA,NA,NA,NA,NA,NA,NA,NA,NA,NA,NA
33,"binary",4,"Smooth nonlinear misspecified","Linear",TRUE,"AUC",0.607629041406693,0.00999999999999091,NA,20,0,20,20,0,0,0,0,1,0,1,1
33,"binary",4,"Smooth nonlinear misspecified","Random forest",TRUE,"AUC",0.773433068633012,0.149999999999977,NA,NA,NA,NA,NA,NA,NA,NA,NA,NA,NA,NA,NA
33,"binary",4,"Smooth nonlinear misspecified","RuleFit",TRUE,"AUC",0.724049914917754,14.14,NA,9,9,0,0,8,1,0,0,0,0.888888888888889,0.888888888888889,2.11111111111111
34,"binary",4,"Smooth nonlinear misspecified","BRP-GABLE full",TRUE,"AUC",0.798650124843945,133.15,NA,43,43,0,14,29,0,0,0,0.325581395348837,0.674418604651163,1,1.67441860465116
34,"binary",4,"Smooth nonlinear misspecified","BRP-GABLE rule-only",TRUE,"AUC",0.797245630461923,133.19,NA,43,43,0,13,30,0,0,0,0.302325581395349,0.697674418604651,1,1.69767441860465
34,"binary",4,"Smooth nonlinear misspecified","GABLE",TRUE,"AUC",0.713366104868914,2.32000000000005,NA,5,5,0,4,1,0,0,0,0.8,0.2,1,1.2
34,"binary",4,"Smooth nonlinear misspecified","GBM",TRUE,"AUC",0.824048064918851,0.0199999999999818,NA,NA,NA,NA,NA,NA,NA,NA,NA,NA,NA,NA,NA
34,"binary",4,"Smooth nonlinear misspecified","Linear",TRUE,"AUC",0.665028089887641,0,NA,20,0,20,20,0,0,0,0,1,0,1,1
34,"binary",4,"Smooth nonlinear misspecified","Random forest",TRUE,"AUC",0.784488139825218,0.159999999999968,NA,NA,NA,NA,NA,NA,NA,NA,NA,NA,NA,NA,NA
34,"binary",4,"Smooth nonlinear misspecified","RuleFit",TRUE,"AUC",0.73669631710362,8.76999999999998,NA,6,6,0,3,3,0,0,0,0.5,0.5,1,1.5
35,"binary",4,"Smooth nonlinear misspecified","BRP-GABLE full",TRUE,"AUC",0.816505955757232,178.67,NA,34,34,0,4,30,0,0,0,0.117647058823529,0.882352941176471,1,1.88235294117647
35,"binary",4,"Smooth nonlinear misspecified","BRP-GABLE rule-only",TRUE,"AUC",0.816505955757232,178.7,NA,34,34,0,4,30,0,0,0,0.117647058823529,0.882352941176471,1,1.88235294117647
35,"binary",4,"Smooth nonlinear misspecified","GABLE",TRUE,"AUC",0.776623652864436,4.75,NA,7,7,0,4,3,0,0,0,0.571428571428571,0.428571428571429,1,1.42857142857143
35,"binary",4,"Smooth nonlinear misspecified","GBM",TRUE,"AUC",0.810266591038003,0.0300000000000864,NA,NA,NA,NA,NA,NA,NA,NA,NA,NA,NA,NA,NA
35,"binary",4,"Smooth nonlinear misspecified","Linear",TRUE,"AUC",0.640598411798071,0.0199999999999818,NA,20,0,20,20,0,0,0,0,1,0,1,1
35,"binary",4,"Smooth nonlinear misspecified","Random forest",TRUE,"AUC",0.796298922291549,0.159999999999968,NA,NA,NA,NA,NA,NA,NA,NA,NA,NA,NA,NA,NA
35,"binary",4,"Smooth nonlinear misspecified","RuleFit",TRUE,"AUC",0.763754963131027,9.20000000000005,NA,4,4,0,1,3,0,0,0,0.25,0.75,1,1.75
36,"binary",4,"Smooth nonlinear misspecified","BRP-GABLE full",TRUE,"AUC",0.800086573840271,105.25,NA,48,48,0,10,38,0,0,0,0.208333333333333,0.791666666666667,1,1.79166666666667
36,"binary",4,"Smooth nonlinear misspecified","BRP-GABLE rule-only",TRUE,"AUC",0.802106630113267,105.35,NA,48,48,0,11,37,0,0,0,0.229166666666667,0.770833333333333,1,1.77083333333333
36,"binary",4,"Smooth nonlinear misspecified","GABLE",TRUE,"AUC",0.769136425943294,2.08000000000004,NA,5,5,0,3,2,0,0,0,0.6,0.4,1,1.4
36,"binary",4,"Smooth nonlinear misspecified","GBM",TRUE,"AUC",0.849722242262463,0.00999999999999091,NA,NA,NA,NA,NA,NA,NA,NA,NA,NA,NA,NA,NA
36,"binary",4,"Smooth nonlinear misspecified","Linear",TRUE,"AUC",0.659043359065003,0.0200000000000955,NA,20,0,20,20,0,0,0,0,1,0,1,1
36,"binary",4,"Smooth nonlinear misspecified","Random forest",TRUE,"AUC",0.810547579539716,0.159999999999968,NA,NA,NA,NA,NA,NA,NA,NA,NA,NA,NA,NA,NA
36,"binary",4,"Smooth nonlinear misspecified","RuleFit",TRUE,"AUC",0.682165788904119,7.9799999999999,NA,4,4,0,1,2,1,0,0,0.25,0.5,0.75,2
37,"binary",4,"Smooth nonlinear misspecified","BRP-GABLE full",TRUE,"AUC",0.757542552414347,116.84,NA,48,48,0,15,33,0,0,0,0.3125,0.6875,1,1.6875
37,"binary",4,"Smooth nonlinear misspecified","BRP-GABLE rule-only",TRUE,"AUC",0.757542552414347,116.83,NA,48,48,0,15,33,0,0,0,0.3125,0.6875,1,1.6875
37,"binary",4,"Smooth nonlinear misspecified","GABLE",TRUE,"AUC",0.769048140843013,2.19000000000005,NA,5,5,0,5,0,0,0,0,1,0,1,1
37,"binary",4,"Smooth nonlinear misspecified","GBM",TRUE,"AUC",0.764993790634816,0.0399999999999636,NA,NA,NA,NA,NA,NA,NA,NA,NA,NA,NA,NA,NA
37,"binary",4,"Smooth nonlinear misspecified","Linear",TRUE,"AUC",0.619183285849953,0,NA,20,0,20,20,0,0,0,0,1,0,1,1
37,"binary",4,"Smooth nonlinear misspecified","Random forest",TRUE,"AUC",0.729052523924319,0.149999999999977,NA,NA,NA,NA,NA,NA,NA,NA,NA,NA,NA,NA,NA
37,"binary",4,"Smooth nonlinear misspecified","RuleFit",TRUE,"AUC",0.636386879976624,11.52,NA,8,8,0,0,8,0,0,0,0,1,1,2
38,"binary",4,"Smooth nonlinear misspecified","BRP-GABLE full",TRUE,"AUC",0.831218094157686,116.93,NA,53,53,0,12,41,0,0,0,0.226415094339623,0.773584905660377,1,1.77358490566038
38,"binary",4,"Smooth nonlinear misspecified","BRP-GABLE rule-only",TRUE,"AUC",0.83072178105502,116.97,NA,52,52,0,10,42,0,0,0,0.192307692307692,0.807692307692308,1,1.80769230769231
38,"binary",4,"Smooth nonlinear misspecified","GABLE",TRUE,"AUC",0.788216108905275,2.42000000000007,NA,5,5,0,4,1,0,0,0,0.8,0.2,1,1.2
38,"binary",4,"Smooth nonlinear misspecified","GBM",TRUE,"AUC",0.859472490073738,0.00999999999999091,NA,NA,NA,NA,NA,NA,NA,NA,NA,NA,NA,NA,NA
38,"binary",4,"Smooth nonlinear misspecified","Linear",TRUE,"AUC",0.657331253545094,0.0199999999999818,NA,20,0,20,20,0,0,0,0,1,0,1,1
38,"binary",4,"Smooth nonlinear misspecified","Random forest",TRUE,"AUC",0.833664208735111,0.159999999999968,NA,NA,NA,NA,NA,NA,NA,NA,NA,NA,NA,NA,NA
38,"binary",4,"Smooth nonlinear misspecified","RuleFit",TRUE,"AUC",0.734897901304594,8.66999999999996,NA,14,14,0,8,5,1,0,0,0.571428571428571,0.357142857142857,0.928571428571429,1.5
39,"binary",4,"Smooth nonlinear misspecified","BRP-GABLE full",TRUE,"AUC",0.826801470588235,124.4,NA,44,44,0,18,26,0,0,0,0.409090909090909,0.590909090909091,1,1.59090909090909
39,"binary",4,"Smooth nonlinear misspecified","BRP-GABLE rule-only",TRUE,"AUC",0.826875,124.47,NA,46,46,0,20,26,0,0,0,0.434782608695652,0.565217391304348,1,1.56521739130435
39,"binary",4,"Smooth nonlinear misspecified","GABLE",TRUE,"AUC",0.768345588235294,2.61000000000001,NA,5,5,0,5,0,0,0,0,1,0,1,1
39,"binary",4,"Smooth nonlinear misspecified","GBM",TRUE,"AUC",0.838088235294118,0.0299999999999727,NA,NA,NA,NA,NA,NA,NA,NA,NA,NA,NA,NA,NA
39,"binary",4,"Smooth nonlinear misspecified","Linear",TRUE,"AUC",0.671544117647059,0,NA,20,0,20,20,0,0,0,0,1,0,1,1
39,"binary",4,"Smooth nonlinear misspecified","Random forest",TRUE,"AUC",0.804191176470588,0.139999999999986,NA,NA,NA,NA,NA,NA,NA,NA,NA,NA,NA,NA,NA
39,"binary",4,"Smooth nonlinear misspecified","RuleFit",TRUE,"AUC",0.743088235294118,8.04999999999995,NA,5,5,0,0,5,0,0,0,0,1,1,2
40,"binary",4,"Smooth nonlinear misspecified","BRP-GABLE full",TRUE,"AUC",0.807914438502674,138.31,NA,58,58,0,18,40,0,0,0,0.310344827586207,0.689655172413793,1,1.68965517241379
40,"binary",4,"Smooth nonlinear misspecified","BRP-GABLE rule-only",TRUE,"AUC",0.806345811051693,138.27,NA,58,58,0,18,40,0,0,0,0.310344827586207,0.689655172413793,1,1.68965517241379
40,"binary",4,"Smooth nonlinear misspecified","GABLE",TRUE,"AUC",0.776292335115864,2.18000000000006,NA,5,5,0,3,2,0,0,0,0.6,0.4,1,1.4
40,"binary",4,"Smooth nonlinear misspecified","GBM",TRUE,"AUC",0.801853832442068,0.0199999999999818,NA,NA,NA,NA,NA,NA,NA,NA,NA,NA,NA,NA,NA
40,"binary",4,"Smooth nonlinear misspecified","Linear",TRUE,"AUC",0.567058823529412,0,NA,20,0,20,20,0,0,0,0,1,0,1,1
40,"binary",4,"Smooth nonlinear misspecified","Random forest",TRUE,"AUC",0.770053475935829,0.160000000000082,NA,NA,NA,NA,NA,NA,NA,NA,NA,NA,NA,NA,NA
40,"binary",4,"Smooth nonlinear misspecified","RuleFit",TRUE,"AUC",0.649875222816399,7.6099999999999,NA,5,5,0,0,5,0,0,0,0,1,1,2
41,"binary",4,"Smooth nonlinear misspecified","BRP-GABLE full",TRUE,"AUC",0.819007582013362,142.8,NA,57,57,0,16,41,0,0,0,0.280701754385965,0.719298245614035,1,1.71929824561404
41,"binary",4,"Smooth nonlinear misspecified","BRP-GABLE rule-only",TRUE,"AUC",0.820584040237219,142.82,NA,58,58,0,17,41,0,0,0,0.293103448275862,0.706896551724138,1,1.70689655172414
41,"binary",4,"Smooth nonlinear misspecified","GABLE",TRUE,"AUC",0.734329254560468,2.17000000000007,NA,4,4,0,2,2,0,0,0,0.5,0.5,1,1.5
41,"binary",4,"Smooth nonlinear misspecified","GBM",TRUE,"AUC",0.817431123789505,0.00999999999999091,NA,NA,NA,NA,NA,NA,NA,NA,NA,NA,NA,NA,NA
41,"binary",4,"Smooth nonlinear misspecified","Linear",TRUE,"AUC",0.634486900382854,0.0199999999999818,NA,20,0,20,20,0,0,0,0,1,0,1,1
41,"binary",4,"Smooth nonlinear misspecified","Random forest",TRUE,"AUC",0.786727723143908,0.159999999999854,NA,NA,NA,NA,NA,NA,NA,NA,NA,NA,NA,NA,NA
41,"binary",4,"Smooth nonlinear misspecified","RuleFit",TRUE,"AUC",0.658171308460326,6.46000000000004,NA,2,2,0,0,2,0,0,0,0,1,1,2
42,"binary",4,"Smooth nonlinear misspecified","BRP-GABLE full",TRUE,"AUC",0.750164365548981,207.84,NA,30,30,0,7,23,0,0,0,0.233333333333333,0.766666666666667,1,1.76666666666667
42,"binary",4,"Smooth nonlinear misspecified","BRP-GABLE rule-only",TRUE,"AUC",0.750164365548981,207.91,NA,30,30,0,7,23,0,0,0,0.233333333333333,0.766666666666667,1,1.76666666666667
42,"binary",4,"Smooth nonlinear misspecified","GABLE",TRUE,"AUC",0.631638541894952,4.59000000000015,NA,8,8,0,4,4,0,0,0,0.5,0.5,1,1.5
42,"binary",4,"Smooth nonlinear misspecified","GBM",TRUE,"AUC",0.832274088684345,0.0299999999999727,NA,NA,NA,NA,NA,NA,NA,NA,NA,NA,NA,NA,NA
42,"binary",4,"Smooth nonlinear misspecified","Linear",TRUE,"AUC",0.562860691065819,0,NA,20,0,20,20,0,0,0,0,1,0,1,1
42,"binary",4,"Smooth nonlinear misspecified","Random forest",TRUE,"AUC",0.756081525312295,0.159999999999854,NA,NA,NA,NA,NA,NA,NA,NA,NA,NA,NA,NA,NA
42,"binary",4,"Smooth nonlinear misspecified","RuleFit",TRUE,"AUC",0.617210899262181,7.46000000000004,NA,3,3,0,1,2,0,0,0,0.333333333333333,0.666666666666667,1,1.66666666666667
43,"binary",4,"Smooth nonlinear misspecified","BRP-GABLE full",TRUE,"AUC",0.859723147531275,167.96,NA,31,31,0,2,29,0,0,0,0.0645161290322581,0.935483870967742,1,1.93548387096774
43,"binary",4,"Smooth nonlinear misspecified","BRP-GABLE rule-only",TRUE,"AUC",0.860130283514694,167.99,NA,34,34,0,6,28,0,0,0,0.176470588235294,0.823529411764706,1,1.82352941176471
43,"binary",4,"Smooth nonlinear misspecified","GABLE",TRUE,"AUC",0.786623732326597,3.69000000000005,NA,5,5,0,2,3,0,0,0,0.4,0.6,1,1.6
43,"binary",4,"Smooth nonlinear misspecified","GBM",TRUE,"AUC",0.8369975571841,0.00999999999999091,NA,NA,NA,NA,NA,NA,NA,NA,NA,NA,NA,NA,NA
43,"binary",4,"Smooth nonlinear misspecified","Linear",TRUE,"AUC",0.606410541120734,0.0200000000002092,NA,20,0,20,20,0,0,0,0,1,0,1,1
43,"binary",4,"Smooth nonlinear misspecified","Random forest",TRUE,"AUC",0.821563402176327,0.159999999999854,NA,NA,NA,NA,NA,NA,NA,NA,NA,NA,NA,NA,NA
43,"binary",4,"Smooth nonlinear misspecified","RuleFit",TRUE,"AUC",0.606410541120734,9.70000000000005,NA,7,7,0,0,7,0,0,0,0,1,1,2
44,"binary",4,"Smooth nonlinear misspecified","BRP-GABLE full",TRUE,"AUC",0.780609563846558,105.58,NA,47,47,0,4,43,0,0,0,0.0851063829787234,0.914893617021277,1,1.91489361702128
44,"binary",4,"Smooth nonlinear misspecified","BRP-GABLE rule-only",TRUE,"AUC",0.780609563846558,105.59,NA,47,47,0,4,43,0,0,0,0.0851063829787234,0.914893617021277,1,1.91489361702128
44,"binary",4,"Smooth nonlinear misspecified","GABLE",TRUE,"AUC",0.673523008783124,1.68000000000006,NA,5,5,0,3,2,0,0,0,0.6,0.4,1,1.4
44,"binary",4,"Smooth nonlinear misspecified","GBM",TRUE,"AUC",0.7588769611891,0.0199999999999818,NA,NA,NA,NA,NA,NA,NA,NA,NA,NA,NA,NA,NA
44,"binary",4,"Smooth nonlinear misspecified","Linear",TRUE,"AUC",0.584115306658659,0,NA,20,0,20,20,0,0,0,0,1,0,1,1
44,"binary",4,"Smooth nonlinear misspecified","Random forest",TRUE,"AUC",0.76353126642144,0.160000000000082,NA,NA,NA,NA,NA,NA,NA,NA,NA,NA,NA,NA,NA
44,"binary",4,"Smooth nonlinear misspecified","RuleFit",TRUE,"AUC",0.689813077096314,10.55,NA,15,15,0,4,10,1,0,0,0.266666666666667,0.666666666666667,0.933333333333333,1.8
45,"binary",4,"Smooth nonlinear misspecified","BRP-GABLE full",TRUE,"AUC",0.800171660424469,114.33,NA,56,56,0,19,37,0,0,0,0.339285714285714,0.660714285714286,1,1.66071428571429
45,"binary",4,"Smooth nonlinear misspecified","BRP-GABLE rule-only",TRUE,"AUC",0.800171660424469,114.38,NA,56,56,0,19,37,0,0,0,0.339285714285714,0.660714285714286,1,1.66071428571429
45,"binary",4,"Smooth nonlinear misspecified","GABLE",TRUE,"AUC",0.769233770287141,1.76999999999998,NA,5,5,0,4,1,0,0,0,0.8,0.2,1,1.2
45,"binary",4,"Smooth nonlinear misspecified","GBM",TRUE,"AUC",0.794943820224719,0.0199999999999818,NA,NA,NA,NA,NA,NA,NA,NA,NA,NA,NA,NA,NA
45,"binary",4,"Smooth nonlinear misspecified","Linear",TRUE,"AUC",0.677668539325843,0.00999999999999091,NA,20,0,20,20,0,0,0,0,1,0,1,1
45,"binary",4,"Smooth nonlinear misspecified","Random forest",TRUE,"AUC",0.785502496878901,0.149999999999864,NA,NA,NA,NA,NA,NA,NA,NA,NA,NA,NA,NA,NA
45,"binary",4,"Smooth nonlinear misspecified","RuleFit",TRUE,"AUC",0.768570536828964,9.48000000000002,NA,17,17,0,13,4,0,0,0,0.764705882352941,0.235294117647059,1,1.23529411764706
46,"binary",4,"Smooth nonlinear misspecified","BRP-GABLE full",TRUE,"AUC",0.809847322667835,128.44,NA,63,63,0,15,48,0,0,0,0.238095238095238,0.761904761904762,1,1.76190476190476
46,"binary",4,"Smooth nonlinear misspecified","BRP-GABLE rule-only",TRUE,"AUC",0.808386295565783,128.47,NA,64,64,0,16,48,0,0,0,0.25,0.75,1,1.75
46,"binary",4,"Smooth nonlinear misspecified","GABLE",TRUE,"AUC",0.788297172912558,1.69000000000005,NA,4,4,0,2,2,0,0,0,0.5,0.5,1,1.5
46,"binary",4,"Smooth nonlinear misspecified","GBM",TRUE,"AUC",0.813499890422967,0.00999999999999091,NA,NA,NA,NA,NA,NA,NA,NA,NA,NA,NA,NA,NA
46,"binary",4,"Smooth nonlinear misspecified","Linear",TRUE,"AUC",0.578639783767989,0.0200000000002092,NA,20,0,20,20,0,0,0,0,1,0,1,1
46,"binary",4,"Smooth nonlinear misspecified","Random forest",TRUE,"AUC",0.797684272043246,0.159999999999854,NA,NA,NA,NA,NA,NA,NA,NA,NA,NA,NA,NA,NA
46,"binary",4,"Smooth nonlinear misspecified","RuleFit",TRUE,"AUC",0.637044342172547,7.56999999999994,NA,1,1,0,0,1,0,0,0,0,1,1,2
47,"binary",4,"Smooth nonlinear misspecified","BRP-GABLE full",TRUE,"AUC",0.794791666666667,106.94,NA,39,39,0,8,31,0,0,0,0.205128205128205,0.794871794871795,1,1.79487179487179
47,"binary",4,"Smooth nonlinear misspecified","BRP-GABLE rule-only",TRUE,"AUC",0.793472222222222,106.93,NA,39,39,0,8,31,0,0,0,0.205128205128205,0.794871794871795,1,1.79487179487179
47,"binary",4,"Smooth nonlinear misspecified","GABLE",TRUE,"AUC",0.647569444444444,1.99000000000001,NA,5,5,0,3,2,0,0,0,0.6,0.4,1,1.4
47,"binary",4,"Smooth nonlinear misspecified","GBM",TRUE,"AUC",0.81875,0.0399999999999636,NA,NA,NA,NA,NA,NA,NA,NA,NA,NA,NA,NA,NA
47,"binary",4,"Smooth nonlinear misspecified","Linear",TRUE,"AUC",0.695138888888889,0,NA,20,0,20,20,0,0,0,0,1,0,1,1
47,"binary",4,"Smooth nonlinear misspecified","Random forest",TRUE,"AUC",0.774861111111111,0.150000000000091,NA,NA,NA,NA,NA,NA,NA,NA,NA,NA,NA,NA,NA
47,"binary",4,"Smooth nonlinear misspecified","RuleFit",TRUE,"AUC",0.742743055555556,8.3599999999999,NA,5,5,0,1,3,1,0,0,0.2,0.6,0.8,2
48,"binary",4,"Smooth nonlinear misspecified","BRP-GABLE full",TRUE,"AUC",0.839852941176471,121.21,NA,53,53,0,14,39,0,0,0,0.264150943396226,0.735849056603774,1,1.73584905660377
48,"binary",4,"Smooth nonlinear misspecified","BRP-GABLE rule-only",TRUE,"AUC",0.839044117647059,121.24,NA,55,55,0,15,40,0,0,0,0.272727272727273,0.727272727272727,1,1.72727272727273
48,"binary",4,"Smooth nonlinear misspecified","GABLE",TRUE,"AUC",0.704742647058824,2,NA,5,5,0,4,1,0,0,0,0.8,0.2,1,1.2
48,"binary",4,"Smooth nonlinear misspecified","GBM",TRUE,"AUC",0.837720588235294,0.0399999999999636,NA,NA,NA,NA,NA,NA,NA,NA,NA,NA,NA,NA,NA
48,"binary",4,"Smooth nonlinear misspecified","Linear",TRUE,"AUC",0.600514705882353,0,NA,20,0,20,20,0,0,0,0,1,0,1,1
48,"binary",4,"Smooth nonlinear misspecified","Random forest",TRUE,"AUC",0.843272058823529,0.1400000000001,NA,NA,NA,NA,NA,NA,NA,NA,NA,NA,NA,NA,NA
48,"binary",4,"Smooth nonlinear misspecified","RuleFit",TRUE,"AUC",0.635661764705882,7.43000000000006,NA,1,1,0,0,1,0,0,0,0,1,1,2
49,"binary",4,"Smooth nonlinear misspecified","BRP-GABLE full",TRUE,"AUC",0.768085800505668,107.34,NA,41,41,0,5,36,0,0,0,0.121951219512195,0.878048780487805,1,1.8780487804878
49,"binary",4,"Smooth nonlinear misspecified","BRP-GABLE rule-only",TRUE,"AUC",0.767433325177392,107.41,NA,43,43,0,6,37,0,0,0,0.13953488372093,0.86046511627907,1,1.86046511627907
49,"binary",4,"Smooth nonlinear misspecified","GABLE",TRUE,"AUC",0.706141424027404,1.92000000000007,NA,4,4,0,2,2,0,0,0,0.5,0.5,1,1.5
49,"binary",4,"Smooth nonlinear misspecified","GBM",TRUE,"AUC",0.807601337574423,0.00999999999999091,NA,NA,NA,NA,NA,NA,NA,NA,NA,NA,NA,NA,NA
49,"binary",4,"Smooth nonlinear misspecified","Linear",TRUE,"AUC",0.645950574993883,0.0200000000002092,NA,20,0,20,20,0,0,0,0,1,0,1,1
49,"binary",4,"Smooth nonlinear misspecified","Random forest",TRUE,"AUC",0.750876763722372,0.159999999999854,NA,NA,NA,NA,NA,NA,NA,NA,NA,NA,NA,NA,NA
49,"binary",4,"Smooth nonlinear misspecified","RuleFit",TRUE,"AUC",0.5,7.42000000000007,NA,0,0,0,0,0,0,0,0,NA,NA,NA,NA
50,"binary",4,"Smooth nonlinear misspecified","BRP-GABLE full",TRUE,"AUC",0.84,107.25,NA,44,44,0,8,36,0,0,0,0.181818181818182,0.818181818181818,1,1.81818181818182
50,"binary",4,"Smooth nonlinear misspecified","BRP-GABLE rule-only",TRUE,"AUC",0.84,107.26,NA,44,44,0,8,36,0,0,0,0.181818181818182,0.818181818181818,1,1.81818181818182
50,"binary",4,"Smooth nonlinear misspecified","GABLE",TRUE,"AUC",0.683272058823529,1.86999999999989,NA,4,4,0,3,1,0,0,0,0.75,0.25,1,1.25
50,"binary",4,"Smooth nonlinear misspecified","GBM",TRUE,"AUC",0.840220588235294,0.0299999999999727,NA,NA,NA,NA,NA,NA,NA,NA,NA,NA,NA,NA,NA
50,"binary",4,"Smooth nonlinear misspecified","Linear",TRUE,"AUC",0.64375,0,NA,20,0,20,20,0,0,0,0,1,0,1,1
50,"binary",4,"Smooth nonlinear misspecified","Random forest",TRUE,"AUC",0.791727941176471,0.160000000000082,NA,NA,NA,NA,NA,NA,NA,NA,NA,NA,NA,NA,NA
50,"binary",4,"Smooth nonlinear misspecified","RuleFit",TRUE,"AUC",0.716139705882353,7.44000000000005,NA,4,4,0,4,0,0,0,0,1,0,1,1
51,"binary",4,"Smooth nonlinear misspecified","BRP-GABLE full",TRUE,"AUC",0.803176403857062,108.76,NA,22,22,0,2,20,0,0,0,0.0909090909090909,0.909090909090909,1,1.90909090909091
51,"binary",4,"Smooth nonlinear misspecified","BRP-GABLE rule-only",TRUE,"AUC",0.803176403857062,108.99,NA,22,22,0,2,20,0,0,0,0.0909090909090909,0.909090909090909,1,1.90909090909091
51,"binary",4,"Smooth nonlinear misspecified","GABLE",TRUE,"AUC",0.694661089052751,1.91000000000008,NA,5,5,0,3,2,0,0,0,0.6,0.4,1,1.4
51,"binary",4,"Smooth nonlinear misspecified","GBM",TRUE,"AUC",0.84706466250709,0.0299999999999727,NA,NA,NA,NA,NA,NA,NA,NA,NA,NA,NA,NA,NA
51,"binary",4,"Smooth nonlinear misspecified","Linear",TRUE,"AUC",0.679523539421441,0.0199999999999818,NA,20,0,20,20,0,0,0,0,1,0,1,1
51,"binary",4,"Smooth nonlinear misspecified","Random forest",TRUE,"AUC",0.830934486670448,0.170000000000073,NA,NA,NA,NA,NA,NA,NA,NA,NA,NA,NA,NA,NA
51,"binary",4,"Smooth nonlinear misspecified","RuleFit",TRUE,"AUC",0.750106352807714,7.56999999999994,NA,4,4,0,2,2,0,0,0,0.5,0.5,1,1.5
52,"binary",4,"Smooth nonlinear misspecified","BRP-GABLE full",TRUE,"AUC",0.829994192799071,130.62,NA,31,31,0,2,29,0,0,0,0.0645161290322581,0.935483870967742,1,1.93548387096774
52,"binary",4,"Smooth nonlinear misspecified","BRP-GABLE rule-only",TRUE,"AUC",0.829994192799071,130.8,NA,31,31,0,2,29,0,0,0,0.0645161290322581,0.935483870967742,1,1.93548387096774
52,"binary",4,"Smooth nonlinear misspecified","GABLE",TRUE,"AUC",0.795659117305459,1.91000000000008,NA,5,5,0,3,2,0,0,0,0.6,0.4,1,1.4
52,"binary",4,"Smooth nonlinear misspecified","GBM",TRUE,"AUC",0.863603368176539,0.0299999999999727,NA,NA,NA,NA,NA,NA,NA,NA,NA,NA,NA,NA,NA
52,"binary",4,"Smooth nonlinear misspecified","Linear",TRUE,"AUC",0.748620789779326,0,NA,20,0,20,20,0,0,0,0,1,0,1,1
52,"binary",4,"Smooth nonlinear misspecified","Random forest",TRUE,"AUC",0.855727351916376,0.170000000000073,NA,NA,NA,NA,NA,NA,NA,NA,NA,NA,NA,NA,NA
52,"binary",4,"Smooth nonlinear misspecified","RuleFit",TRUE,"AUC",0.799760452961673,8.91999999999985,NA,4,4,0,1,3,0,0,0,0.25,0.75,1,1.75
53,"binary",4,"Smooth nonlinear misspecified","BRP-GABLE full",TRUE,"AUC",0.739184088269454,173.35,NA,43,43,0,8,35,0,0,0,0.186046511627907,0.813953488372093,1,1.81395348837209
53,"binary",4,"Smooth nonlinear misspecified","BRP-GABLE rule-only",TRUE,"AUC",0.739184088269454,173.39,NA,43,43,0,8,35,0,0,0,0.186046511627907,0.813953488372093,1,1.81395348837209
53,"binary",4,"Smooth nonlinear misspecified","GABLE",TRUE,"AUC",0.641949767711963,2.33999999999992,NA,4,4,0,2,2,0,0,0,0.5,0.5,1,1.5
53,"binary",4,"Smooth nonlinear misspecified","GBM",TRUE,"AUC",0.805821718931475,0.0299999999999727,NA,NA,NA,NA,NA,NA,NA,NA,NA,NA,NA,NA,NA
53,"binary",4,"Smooth nonlinear misspecified","Linear",TRUE,"AUC",0.657012195121951,0,NA,20,0,20,20,0,0,0,0,1,0,1,1
53,"binary",4,"Smooth nonlinear misspecified","Random forest",TRUE,"AUC",0.780959639953542,0.180000000000064,NA,NA,NA,NA,NA,NA,NA,NA,NA,NA,NA,NA,NA
53,"binary",4,"Smooth nonlinear misspecified","RuleFit",TRUE,"AUC",0.665686701509872,9.81000000000017,NA,14,14,0,2,12,0,0,0,0.142857142857143,0.857142857142857,1,1.85714285714286
54,"binary",4,"Smooth nonlinear misspecified","BRP-GABLE full",TRUE,"AUC",0.761246594458103,137.08,NA,45,45,0,6,39,0,0,0,0.133333333333333,0.866666666666667,1,1.86666666666667
54,"binary",4,"Smooth nonlinear misspecified","BRP-GABLE rule-only",TRUE,"AUC",0.761246594458103,137.08,NA,45,45,0,6,39,0,0,0,0.133333333333333,0.866666666666667,1,1.86666666666667
54,"binary",4,"Smooth nonlinear misspecified","GABLE",TRUE,"AUC",0.741012691873214,2.01999999999998,NA,5,5,0,4,1,0,0,0,0.8,0.2,1,1.2
54,"binary",4,"Smooth nonlinear misspecified","GBM",TRUE,"AUC",0.757924114559107,0.0199999999999818,NA,NA,NA,NA,NA,NA,NA,NA,NA,NA,NA,NA,NA
54,"binary",4,"Smooth nonlinear misspecified","Linear",TRUE,"AUC",0.597049637849691,0,NA,20,0,20,20,0,0,0,0,1,0,1,1
54,"binary",4,"Smooth nonlinear misspecified","Random forest",TRUE,"AUC",0.73513190245199,0.150000000000091,NA,NA,NA,NA,NA,NA,NA,NA,NA,NA,NA,NA,NA
54,"binary",4,"Smooth nonlinear misspecified","RuleFit",TRUE,"AUC",0.69612598843777,11.0599999999999,NA,12,12,0,7,4,1,0,0,0.583333333333333,0.333333333333333,0.916666666666667,1.5
55,"binary",4,"Smooth nonlinear misspecified","BRP-GABLE full",TRUE,"AUC",0.789350577875619,155.26,NA,37,37,0,6,31,0,0,0,0.162162162162162,0.837837837837838,1,1.83783783783784
55,"binary",4,"Smooth nonlinear misspecified","BRP-GABLE rule-only",TRUE,"AUC",0.789350577875619,155.28,NA,37,37,0,6,31,0,0,0,0.162162162162162,0.837837837837838,1,1.83783783783784
55,"binary",4,"Smooth nonlinear misspecified","GABLE",TRUE,"AUC",0.710580627407815,5.28999999999996,NA,3,3,0,2,1,0,0,0,0.666666666666667,0.333333333333333,1,1.33333333333333
55,"binary",4,"Smooth nonlinear misspecified","GBM",TRUE,"AUC",0.812190423775454,0.0299999999999727,NA,NA,NA,NA,NA,NA,NA,NA,NA,NA,NA,NA,NA
55,"binary",4,"Smooth nonlinear misspecified","Linear",TRUE,"AUC",0.701224545954871,0.0199999999999818,NA,20,0,20,20,0,0,0,0,1,0,1,1
55,"binary",4,"Smooth nonlinear misspecified","Random forest",TRUE,"AUC",0.793581452944414,0.160000000000082,NA,NA,NA,NA,NA,NA,NA,NA,NA,NA,NA,NA,NA
55,"binary",4,"Smooth nonlinear misspecified","RuleFit",TRUE,"AUC",0.709135938359934,10.02,NA,10,10,0,0,10,0,0,0,0,1,1,2
56,"binary",4,"Smooth nonlinear misspecified","BRP-GABLE full",TRUE,"AUC",0.82730275504842,114.82,NA,35,35,0,1,34,0,0,0,0.0285714285714286,0.971428571428571,1,1.97142857142857
56,"binary",4,"Smooth nonlinear misspecified","BRP-GABLE rule-only",TRUE,"AUC",0.82730275504842,114.94,NA,35,35,0,1,34,0,0,0,0.0285714285714286,0.971428571428571,1,1.97142857142857
56,"binary",4,"Smooth nonlinear misspecified","GABLE",TRUE,"AUC",0.770888071466106,1.90999999999985,NA,5,5,0,3,2,0,0,0,0.6,0.4,1,1.4
56,"binary",4,"Smooth nonlinear misspecified","GBM",TRUE,"AUC",0.831243900608062,0.0299999999999727,NA,NA,NA,NA,NA,NA,NA,NA,NA,NA,NA,NA,NA
56,"binary",4,"Smooth nonlinear misspecified","Linear",TRUE,"AUC",0.621499887395841,0,NA,20,0,20,20,0,0,0,0,1,0,1,1
56,"binary",4,"Smooth nonlinear misspecified","Random forest",TRUE,"AUC",0.798325951505142,0.1400000000001,NA,NA,NA,NA,NA,NA,NA,NA,NA,NA,NA,NA,NA
56,"binary",4,"Smooth nonlinear misspecified","RuleFit",TRUE,"AUC",0.630020268748592,7.87000000000012,NA,5,5,0,4,1,0,0,0,0.8,0.2,1,1.2
57,"binary",4,"Smooth nonlinear misspecified","BRP-GABLE full",TRUE,"AUC",0.832539926289926,113.16,NA,49,49,0,13,36,0,0,0,0.26530612244898,0.73469387755102,1,1.73469387755102
57,"binary",4,"Smooth nonlinear misspecified","BRP-GABLE rule-only",TRUE,"AUC",0.834075552825553,113.14,NA,48,48,0,13,35,0,0,0,0.270833333333333,0.729166666666667,1,1.72916666666667
57,"binary",4,"Smooth nonlinear misspecified","GABLE",TRUE,"AUC",0.774723587223587,1.86999999999989,NA,5,5,0,3,2,0,0,0,0.6,0.4,1,1.4
57,"binary",4,"Smooth nonlinear misspecified","GBM",TRUE,"AUC",0.856418918918919,0.00999999999999091,NA,NA,NA,NA,NA,NA,NA,NA,NA,NA,NA,NA,NA
57,"binary",4,"Smooth nonlinear misspecified","Linear",TRUE,"AUC",0.623387592137592,0.0199999999999818,NA,20,0,20,20,0,0,0,0,1,0,1,1
57,"binary",4,"Smooth nonlinear misspecified","Random forest",TRUE,"AUC",0.802979115479115,0.160000000000082,NA,NA,NA,NA,NA,NA,NA,NA,NA,NA,NA,NA,NA
57,"binary",4,"Smooth nonlinear misspecified","RuleFit",TRUE,"AUC",0.739672911547912,9.25,NA,17,17,0,3,10,4,0,0,0.176470588235294,0.588235294117647,0.764705882352941,2.05882352941176
58,"binary",4,"Smooth nonlinear misspecified","BRP-GABLE full",TRUE,"AUC",0.779047619047619,121.47,NA,28,28,0,3,25,0,0,0,0.107142857142857,0.892857142857143,1,1.89285714285714
58,"binary",4,"Smooth nonlinear misspecified","BRP-GABLE rule-only",TRUE,"AUC",0.781942857142857,121.47,NA,30,30,0,4,26,0,0,0,0.133333333333333,0.866666666666667,1,1.86666666666667
58,"binary",4,"Smooth nonlinear misspecified","GABLE",TRUE,"AUC",0.679009523809524,2,NA,4,4,0,2,2,0,0,0,0.5,0.5,1,1.5
58,"binary",4,"Smooth nonlinear misspecified","GBM",TRUE,"AUC",0.821866666666667,0.0299999999999727,NA,NA,NA,NA,NA,NA,NA,NA,NA,NA,NA,NA,NA
58,"binary",4,"Smooth nonlinear misspecified","Linear",TRUE,"AUC",0.665371428571429,0,NA,20,0,20,20,0,0,0,0,1,0,1,1
58,"binary",4,"Smooth nonlinear misspecified","Random forest",TRUE,"AUC",0.760647619047619,0.170000000000073,NA,NA,NA,NA,NA,NA,NA,NA,NA,NA,NA,NA,NA
58,"binary",4,"Smooth nonlinear misspecified","RuleFit",TRUE,"AUC",0.670666666666667,8.72000000000003,NA,4,4,0,1,3,0,0,0,0.25,0.75,1,1.75
59,"binary",4,"Smooth nonlinear misspecified","BRP-GABLE full",TRUE,"AUC",0.811962530712531,178.63,NA,37,37,0,5,32,0,0,0,0.135135135135135,0.864864864864865,1,1.86486486486486
59,"binary",4,"Smooth nonlinear misspecified","BRP-GABLE rule-only",TRUE,"AUC",0.812077702702703,178.65,NA,37,37,0,7,30,0,0,0,0.189189189189189,0.810810810810811,1,1.81081081081081
59,"binary",4,"Smooth nonlinear misspecified","GABLE",TRUE,"AUC",0.694717444717445,5.32000000000016,NA,5,5,0,4,1,0,0,0,0.8,0.2,1,1.2
59,"binary",4,"Smooth nonlinear misspecified","GBM",TRUE,"AUC",0.797604422604423,0.0299999999999727,NA,NA,NA,NA,NA,NA,NA,NA,NA,NA,NA,NA,NA
59,"binary",4,"Smooth nonlinear misspecified","Linear",TRUE,"AUC",0.643427518427518,0,NA,20,0,20,20,0,0,0,0,1,0,1,1
59,"binary",4,"Smooth nonlinear misspecified","Random forest",TRUE,"AUC",0.755105958230958,0.149999999999864,NA,NA,NA,NA,NA,NA,NA,NA,NA,NA,NA,NA,NA
59,"binary",4,"Smooth nonlinear misspecified","RuleFit",TRUE,"AUC",0.694026412776413,8.14999999999986,NA,3,3,0,0,3,0,0,0,0,1,1,2
60,"binary",4,"Smooth nonlinear misspecified","BRP-GABLE full",TRUE,"AUC",0.780772883336986,96.8899999999999,NA,41,41,0,8,33,0,0,0,0.195121951219512,0.804878048780488,1,1.80487804878049
60,"binary",4,"Smooth nonlinear misspecified","BRP-GABLE rule-only",TRUE,"AUC",0.780772883336986,96.9200000000001,NA,41,41,0,8,33,0,0,0,0.195121951219512,0.804878048780488,1,1.80487804878049
60,"binary",4,"Smooth nonlinear misspecified","GABLE",TRUE,"AUC",0.724413762875301,1.82999999999993,NA,5,5,0,4,1,0,0,0,0.8,0.2,1,1.2
60,"binary",4,"Smooth nonlinear misspecified","GBM",TRUE,"AUC",0.786763094455402,0.0500000000001819,NA,NA,NA,NA,NA,NA,NA,NA,NA,NA,NA,NA,NA
60,"binary",4,"Smooth nonlinear misspecified","Linear",TRUE,"AUC",0.622543648184674,0.0199999999999818,NA,20,0,20,20,0,0,0,0,1,0,1,1
60,"binary",4,"Smooth nonlinear misspecified","Random forest",TRUE,"AUC",0.766454817736869,0.149999999999864,NA,NA,NA,NA,NA,NA,NA,NA,NA,NA,NA,NA,NA
60,"binary",4,"Smooth nonlinear misspecified","RuleFit",TRUE,"AUC",0.636934765139893,8.08000000000015,NA,7,7,0,2,4,1,0,0,0.285714285714286,0.571428571428571,0.857142857142857,1.85714285714286
61,"binary",4,"Smooth nonlinear misspecified","BRP-GABLE full",TRUE,"AUC",0.781257957728546,103.08,NA,46,46,0,8,38,0,0,0,0.173913043478261,0.826086956521739,1,1.82608695652174
61,"binary",4,"Smooth nonlinear misspecified","BRP-GABLE rule-only",TRUE,"AUC",0.780663780663781,103.05,NA,42,42,0,5,37,0,0,0,0.119047619047619,0.880952380952381,1,1.88095238095238
61,"binary",4,"Smooth nonlinear misspecified","GABLE",TRUE,"AUC",0.669764875647229,1.6099999999999,NA,4,4,0,1,3,0,0,0,0.25,0.75,1,1.75
61,"binary",4,"Smooth nonlinear misspecified","GBM",TRUE,"AUC",0.782616076733724,0.00999999999999091,NA,NA,NA,NA,NA,NA,NA,NA,NA,NA,NA,NA,NA
61,"binary",4,"Smooth nonlinear misspecified","Linear",TRUE,"AUC",0.604617604617605,0,NA,20,0,20,20,0,0,0,0,1,0,1,1
61,"binary",4,"Smooth nonlinear misspecified","Random forest",TRUE,"AUC",0.740641711229946,0.170000000000073,NA,NA,NA,NA,NA,NA,NA,NA,NA,NA,NA,NA,NA
61,"binary",4,"Smooth nonlinear misspecified","RuleFit",TRUE,"AUC",0.674306086070792,8.51999999999998,NA,9,9,0,0,9,0,0,0,0,1,1,2
62,"binary",4,"Smooth nonlinear misspecified","BRP-GABLE full",TRUE,"AUC",0.817573529411765,111.02,NA,47,47,0,13,34,0,0,0,0.276595744680851,0.723404255319149,1,1.72340425531915
62,"binary",4,"Smooth nonlinear misspecified","BRP-GABLE rule-only",TRUE,"AUC",0.817205882352941,111.1,NA,50,50,0,15,35,0,0,0,0.3,0.7,1,1.7
62,"binary",4,"Smooth nonlinear misspecified","GABLE",TRUE,"AUC",0.720367647058824,1.82000000000016,NA,5,5,0,3,2,0,0,0,0.6,0.4,1,1.4
62,"binary",4,"Smooth nonlinear misspecified","GBM",TRUE,"AUC",0.797426470588235,0.0299999999999727,NA,NA,NA,NA,NA,NA,NA,NA,NA,NA,NA,NA,NA
62,"binary",4,"Smooth nonlinear misspecified","Linear",TRUE,"AUC",0.590955882352941,0,NA,20,0,20,20,0,0,0,0,1,0,1,1
62,"binary",4,"Smooth nonlinear misspecified","Random forest",TRUE,"AUC",0.791727941176471,0.149999999999864,NA,NA,NA,NA,NA,NA,NA,NA,NA,NA,NA,NA,NA
62,"binary",4,"Smooth nonlinear misspecified","RuleFit",TRUE,"AUC",0.686764705882353,8.25,NA,7,7,0,4,3,0,0,0,0.571428571428571,0.428571428571429,1,1.42857142857143
63,"binary",4,"Smooth nonlinear misspecified","BRP-GABLE full",TRUE,"AUC",0.841389510136354,130.59,NA,37,37,0,3,34,0,0,0,0.0810810810810811,0.918918918918919,1,1.91891891891892
63,"binary",4,"Smooth nonlinear misspecified","BRP-GABLE rule-only",TRUE,"AUC",0.847016809753986,130.59,NA,41,41,0,4,37,0,0,0,0.0975609756097561,0.902439024390244,1,1.90243902439024
63,"binary",4,"Smooth nonlinear misspecified","GABLE",TRUE,"AUC",0.747709400476156,2.13000000000011,NA,5,5,0,3,2,0,0,0,0.6,0.4,1,1.4
63,"binary",4,"Smooth nonlinear misspecified","GBM",TRUE,"AUC",0.87403506240531,0.0299999999999727,NA,NA,NA,NA,NA,NA,NA,NA,NA,NA,NA,NA,NA
63,"binary",4,"Smooth nonlinear misspecified","Linear",TRUE,"AUC",0.68999350696198,0,NA,20,0,20,20,0,0,0,0,1,0,1,1
63,"binary",4,"Smooth nonlinear misspecified","Random forest",TRUE,"AUC",0.829702041699733,0.160000000000082,NA,NA,NA,NA,NA,NA,NA,NA,NA,NA,NA,NA,NA
63,"binary",4,"Smooth nonlinear misspecified","RuleFit",TRUE,"AUC",0.766719572902388,10.1699999999998,NA,13,13,0,2,10,1,0,0,0.153846153846154,0.769230769230769,0.923076923076923,1.92307692307692
64,"binary",4,"Smooth nonlinear misspecified","BRP-GABLE full",TRUE,"AUC",0.747234826999433,125.89,NA,54,54,0,15,39,0,0,0,0.277777777777778,0.722222222222222,1,1.72222222222222
64,"binary",4,"Smooth nonlinear misspecified","BRP-GABLE rule-only",TRUE,"AUC",0.747234826999433,125.9,NA,54,54,0,15,39,0,0,0,0.277777777777778,0.722222222222222,1,1.72222222222222
64,"binary",4,"Smooth nonlinear misspecified","GABLE",TRUE,"AUC",0.751418037436188,1.88999999999987,NA,4,4,0,3,1,0,0,0,0.75,0.25,1,1.25
64,"binary",4,"Smooth nonlinear misspecified","GBM",TRUE,"AUC",0.789350538854226,0.0299999999999727,NA,NA,NA,NA,NA,NA,NA,NA,NA,NA,NA,NA,NA
64,"binary",4,"Smooth nonlinear misspecified","Linear",TRUE,"AUC",0.640102098695406,0.0199999999999818,NA,20,0,20,20,0,0,0,0,1,0,1,1
64,"binary",4,"Smooth nonlinear misspecified","Random forest",TRUE,"AUC",0.770703346568349,0.1400000000001,NA,NA,NA,NA,NA,NA,NA,NA,NA,NA,NA,NA,NA
64,"binary",4,"Smooth nonlinear misspecified","RuleFit",TRUE,"AUC",0.690655133295519,8.47000000000003,NA,3,3,0,0,3,0,0,0,0,1,1,2
65,"binary",4,"Smooth nonlinear misspecified","BRP-GABLE full",TRUE,"AUC",0.770855369861082,165.6,NA,49,49,0,21,28,0,0,0,0.428571428571429,0.571428571428571,1,1.57142857142857
65,"binary",4,"Smooth nonlinear misspecified","BRP-GABLE rule-only",TRUE,"AUC",0.772124673859389,165.54,NA,50,50,0,21,29,0,0,0,0.42,0.58,1,1.58
65,"binary",4,"Smooth nonlinear misspecified","GABLE",TRUE,"AUC",0.727134898808265,4.99000000000001,NA,6,6,0,5,1,0,0,0,0.833333333333333,0.166666666666667,1,1.16666666666667
65,"binary",4,"Smooth nonlinear misspecified","GBM",TRUE,"AUC",0.768775121641633,0.0299999999999727,NA,NA,NA,NA,NA,NA,NA,NA,NA,NA,NA,NA,NA
65,"binary",4,"Smooth nonlinear misspecified","Linear",TRUE,"AUC",0.618010013398209,0.00999999999999091,NA,20,0,20,20,0,0,0,0,1,0,1,1
65,"binary",4,"Smooth nonlinear misspecified","Random forest",TRUE,"AUC",0.739440095902969,0.1400000000001,NA,NA,NA,NA,NA,NA,NA,NA,NA,NA,NA,NA,NA
65,"binary",4,"Smooth nonlinear misspecified","RuleFit",TRUE,"AUC",0.672766377547423,8.94000000000005,NA,14,14,0,2,11,1,0,0,0.142857142857143,0.785714285714286,0.928571428571429,1.92857142857143
66,"binary",4,"Smooth nonlinear misspecified","BRP-GABLE full",TRUE,"AUC",0.78365093768905,130.81,NA,35,35,0,4,31,0,0,0,0.114285714285714,0.885714285714286,1,1.88571428571429
66,"binary",4,"Smooth nonlinear misspecified","BRP-GABLE rule-only",TRUE,"AUC",0.78448275862069,130.78,NA,36,36,0,4,32,0,0,0,0.111111111111111,0.888888888888889,1,1.88888888888889
66,"binary",4,"Smooth nonlinear misspecified","GABLE",TRUE,"AUC",0.724969751966122,2.06999999999994,NA,5,5,0,4,1,0,0,0,0.8,0.2,1,1.2
66,"binary",4,"Smooth nonlinear misspecified","GBM",TRUE,"AUC",0.811327888687235,0.0300000000002001,NA,NA,NA,NA,NA,NA,NA,NA,NA,NA,NA,NA,NA
66,"binary",4,"Smooth nonlinear misspecified","Linear",TRUE,"AUC",0.575317604355717,0,NA,20,0,20,20,0,0,0,0,1,0,1,1
66,"binary",4,"Smooth nonlinear misspecified","Random forest",TRUE,"AUC",0.757864488808227,0.149999999999864,NA,NA,NA,NA,NA,NA,NA,NA,NA,NA,NA,NA,NA
66,"binary",4,"Smooth nonlinear misspecified","RuleFit",TRUE,"AUC",0.671392921960073,8.34000000000015,NA,10,10,0,9,1,0,0,0,0.9,0.1,1,1.1
67,"binary",4,"Smooth nonlinear misspecified","BRP-GABLE full",TRUE,"AUC",0.826396766874645,119.1,NA,36,36,0,6,30,0,0,0,0.166666666666667,0.833333333333333,1,1.83333333333333
67,"binary",4,"Smooth nonlinear misspecified","BRP-GABLE rule-only",TRUE,"AUC",0.826893079977311,119.07,NA,37,37,0,6,31,0,0,0,0.162162162162162,0.837837837837838,1,1.83783783783784
67,"binary",4,"Smooth nonlinear misspecified","GABLE",TRUE,"AUC",0.790484968803176,2.00999999999999,NA,5,5,0,4,1,0,0,0,0.8,0.2,1,1.2
67,"binary",4,"Smooth nonlinear misspecified","GBM",TRUE,"AUC",0.858125354509359,0.0299999999999727,NA,NA,NA,NA,NA,NA,NA,NA,NA,NA,NA,NA,NA
67,"binary",4,"Smooth nonlinear misspecified","Linear",TRUE,"AUC",0.68937889960295,0,NA,20,0,20,20,0,0,0,0,1,0,1,1
67,"binary",4,"Smooth nonlinear misspecified","Random forest",TRUE,"AUC",0.85007799205899,0.160000000000082,NA,NA,NA,NA,NA,NA,NA,NA,NA,NA,NA,NA,NA
67,"binary",4,"Smooth nonlinear misspecified","RuleFit",TRUE,"AUC",0.723447249007374,8.57999999999993,NA,4,4,0,1,3,0,0,0,0.25,0.75,1,1.75
68,"binary",4,"Smooth nonlinear misspecified","BRP-GABLE full",TRUE,"AUC",0.79121627031788,130.93,NA,46,46,0,7,39,0,0,0,0.152173913043478,0.847826086956522,1,1.84782608695652
68,"binary",4,"Smooth nonlinear misspecified","BRP-GABLE rule-only",TRUE,"AUC",0.79121627031788,130.94,NA,46,46,0,7,39,0,0,0,0.152173913043478,0.847826086956522,1,1.84782608695652
68,"binary",4,"Smooth nonlinear misspecified","GABLE",TRUE,"AUC",0.614460725438386,2.18000000000006,NA,4,4,0,3,1,0,0,0,0.75,0.25,1,1.25
68,"binary",4,"Smooth nonlinear misspecified","GBM",TRUE,"AUC",0.796941308351349,0.00999999999999091,NA,NA,NA,NA,NA,NA,NA,NA,NA,NA,NA,NA,NA
68,"binary",4,"Smooth nonlinear misspecified","Linear",TRUE,"AUC",0.63487869325006,0.0199999999999818,NA,20,0,20,20,0,0,0,0,1,0,1,1
68,"binary",4,"Smooth nonlinear misspecified","Random forest",TRUE,"AUC",0.740651773560733,0.180000000000064,NA,NA,NA,NA,NA,NA,NA,NA,NA,NA,NA,NA,NA
68,"binary",4,"Smooth nonlinear misspecified","RuleFit",TRUE,"AUC",0.648250460405157,9.6099999999999,NA,8,8,0,1,7,0,0,0,0.125,0.875,1,1.875
69,"binary",4,"Smooth nonlinear misspecified","BRP-GABLE full",TRUE,"AUC",0.73673147661587,137.96,NA,40,40,0,6,34,0,0,0,0.15,0.85,1,1.85
69,"binary",4,"Smooth nonlinear misspecified","BRP-GABLE rule-only",TRUE,"AUC",0.737782448765108,137.97,NA,42,42,0,6,36,0,0,0,0.142857142857143,0.857142857142857,1,1.85714285714286
69,"binary",4,"Smooth nonlinear misspecified","GABLE",TRUE,"AUC",0.726446963441183,2.08999999999992,NA,5,5,0,4,1,0,0,0,0.8,0.2,1,1.2
69,"binary",4,"Smooth nonlinear misspecified","GBM",TRUE,"AUC",0.744088281660536,0.0299999999999727,NA,NA,NA,NA,NA,NA,NA,NA,NA,NA,NA,NA,NA
69,"binary",4,"Smooth nonlinear misspecified","Linear",TRUE,"AUC",0.640942872156745,0.00999999999999091,NA,20,0,20,20,0,0,0,0,1,0,1,1
69,"binary",4,"Smooth nonlinear misspecified","Random forest",TRUE,"AUC",0.72509571353502,0.160000000000082,NA,NA,NA,NA,NA,NA,NA,NA,NA,NA,NA,NA,NA
69,"binary",4,"Smooth nonlinear misspecified","RuleFit",TRUE,"AUC",0.692478042189025,10.3,NA,8,8,0,6,2,0,0,0,0.75,0.25,1,1.25
70,"binary",4,"Smooth nonlinear misspecified","BRP-GABLE full",TRUE,"AUC",0.796029719061992,107.72,NA,39,39,0,5,34,0,0,0,0.128205128205128,0.871794871794872,1,1.87179487179487
70,"binary",4,"Smooth nonlinear misspecified","BRP-GABLE rule-only",TRUE,"AUC",0.796029719061992,107.73,NA,39,39,0,5,34,0,0,0,0.128205128205128,0.871794871794872,1,1.87179487179487
70,"binary",4,"Smooth nonlinear misspecified","GABLE",TRUE,"AUC",0.734231096664345,2.21000000000004,NA,5,5,0,3,2,0,0,0,0.6,0.4,1,1.4
70,"binary",4,"Smooth nonlinear misspecified","GBM",TRUE,"AUC",0.812243634393623,0.0299999999999727,NA,NA,NA,NA,NA,NA,NA,NA,NA,NA,NA,NA,NA
70,"binary",4,"Smooth nonlinear misspecified","Linear",TRUE,"AUC",0.661094342543147,0,NA,20,0,20,20,0,0,0,0,1,0,1,1
70,"binary",4,"Smooth nonlinear misspecified","Random forest",TRUE,"AUC",0.813481928643294,0.1400000000001,NA,NA,NA,NA,NA,NA,NA,NA,NA,NA,NA,NA,NA
70,"binary",4,"Smooth nonlinear misspecified","RuleFit",TRUE,"AUC",0.700294094884297,8.52999999999997,NA,6,6,0,1,3,2,0,0,0.166666666666667,0.5,0.666666666666667,2.16666666666667
71,"binary",4,"Smooth nonlinear misspecified","BRP-GABLE full",TRUE,"AUC",0.769371428571429,116.72,NA,28,28,0,2,26,0,0,0,0.0714285714285714,0.928571428571429,1,1.92857142857143
71,"binary",4,"Smooth nonlinear misspecified","BRP-GABLE rule-only",TRUE,"AUC",0.769371428571429,116.69,NA,28,28,0,2,26,0,0,0,0.0714285714285714,0.928571428571429,1,1.92857142857143
71,"binary",4,"Smooth nonlinear misspecified","GABLE",TRUE,"AUC",0.749180952380952,2,NA,5,5,0,4,1,0,0,0,0.8,0.2,1,1.2
71,"binary",4,"Smooth nonlinear misspecified","GBM",TRUE,"AUC",0.808,0.0199999999999818,NA,NA,NA,NA,NA,NA,NA,NA,NA,NA,NA,NA,NA
71,"binary",4,"Smooth nonlinear misspecified","Linear",TRUE,"AUC",0.668723809523809,0,NA,20,0,20,20,0,0,0,0,1,0,1,1
71,"binary",4,"Smooth nonlinear misspecified","Random forest",TRUE,"AUC",0.793409523809524,0.170000000000073,NA,NA,NA,NA,NA,NA,NA,NA,NA,NA,NA,NA,NA
71,"binary",4,"Smooth nonlinear misspecified","RuleFit",TRUE,"AUC",0.647695238095238,8.38999999999987,NA,3,3,0,1,2,0,0,0,0.333333333333333,0.666666666666667,1,1.66666666666667
72,"binary",4,"Smooth nonlinear misspecified","BRP-GABLE full",TRUE,"AUC",0.727830882352941,123.37,NA,33,33,0,4,29,0,0,0,0.121212121212121,0.878787878787879,1,1.87878787878788
72,"binary",4,"Smooth nonlinear misspecified","BRP-GABLE rule-only",TRUE,"AUC",0.727830882352941,123.38,NA,33,33,0,4,29,0,0,0,0.121212121212121,0.878787878787879,1,1.87878787878788
72,"binary",4,"Smooth nonlinear misspecified","GABLE",TRUE,"AUC",0.665,1.95000000000005,NA,5,5,0,2,3,0,0,0,0.4,0.6,1,1.6
72,"binary",4,"Smooth nonlinear misspecified","GBM",TRUE,"AUC",0.7625,0.0299999999999727,NA,NA,NA,NA,NA,NA,NA,NA,NA,NA,NA,NA,NA
72,"binary",4,"Smooth nonlinear misspecified","Linear",TRUE,"AUC",0.576985294117647,0,NA,20,0,20,20,0,0,0,0,1,0,1,1
72,"binary",4,"Smooth nonlinear misspecified","Random forest",TRUE,"AUC",0.742941176470588,0.169999999999845,NA,NA,NA,NA,NA,NA,NA,NA,NA,NA,NA,NA,NA
72,"binary",4,"Smooth nonlinear misspecified","RuleFit",TRUE,"AUC",0.695955882352941,8.6400000000001,NA,7,7,0,3,4,0,0,0,0.428571428571429,0.571428571428571,1,1.57142857142857
73,"binary",4,"Smooth nonlinear misspecified","BRP-GABLE full",TRUE,"AUC",0.866822788697789,148.37,NA,33,33,0,6,27,0,0,0,0.181818181818182,0.818181818181818,1,1.81818181818182
73,"binary",4,"Smooth nonlinear misspecified","BRP-GABLE rule-only",TRUE,"AUC",0.866822788697789,148.34,NA,33,33,0,6,27,0,0,0,0.181818181818182,0.818181818181818,1,1.81818181818182
73,"binary",4,"Smooth nonlinear misspecified","GABLE",TRUE,"AUC",0.786240786240786,3.83999999999992,NA,5,5,0,3,2,0,0,0,0.6,0.4,1,1.4
73,"binary",4,"Smooth nonlinear misspecified","GBM",TRUE,"AUC",0.860488329238329,0.00999999999999091,NA,NA,NA,NA,NA,NA,NA,NA,NA,NA,NA,NA,NA
73,"binary",4,"Smooth nonlinear misspecified","Linear",TRUE,"AUC",0.702395577395577,0.0199999999999818,NA,20,0,20,20,0,0,0,0,1,0,1,1
73,"binary",4,"Smooth nonlinear misspecified","Random forest",TRUE,"AUC",0.842175982800983,0.160000000000082,NA,NA,NA,NA,NA,NA,NA,NA,NA,NA,NA,NA,NA
73,"binary",4,"Smooth nonlinear misspecified","RuleFit",TRUE,"AUC",0.756871928746929,13.46,NA,5,5,0,4,1,0,0,0,0.8,0.2,1,1.2
74,"binary",4,"Smooth nonlinear misspecified","BRP-GABLE full",TRUE,"AUC",0.77730961298377,116.58,NA,46,46,0,5,41,0,0,0,0.108695652173913,0.891304347826087,1,1.89130434782609
74,"binary",4,"Smooth nonlinear misspecified","BRP-GABLE rule-only",TRUE,"AUC",0.77730961298377,116.61,NA,46,46,0,5,41,0,0,0,0.108695652173913,0.891304347826087,1,1.89130434782609
74,"binary",4,"Smooth nonlinear misspecified","GABLE",TRUE,"AUC",0.678877965043695,2.38999999999987,NA,5,5,0,4,1,0,0,0,0.8,0.2,1,1.2
74,"binary",4,"Smooth nonlinear misspecified","GBM",TRUE,"AUC",0.776451310861423,0.0299999999999727,NA,NA,NA,NA,NA,NA,NA,NA,NA,NA,NA,NA,NA
74,"binary",4,"Smooth nonlinear misspecified","Linear",TRUE,"AUC",0.639357053682896,0,NA,20,0,20,20,0,0,0,0,1,0,1,1
74,"binary",4,"Smooth nonlinear misspecified","Random forest",TRUE,"AUC",0.744694132334582,0.160000000000082,NA,NA,NA,NA,NA,NA,NA,NA,NA,NA,NA,NA,NA
74,"binary",4,"Smooth nonlinear misspecified","RuleFit",TRUE,"AUC",0.703105493133583,12.0600000000002,NA,12,12,0,3,9,0,0,0,0.25,0.75,1,1.75
75,"binary",4,"Smooth nonlinear misspecified","BRP-GABLE full",TRUE,"AUC",0.805344364937388,106.76,NA,48,48,0,11,37,0,0,0,0.229166666666667,0.770833333333333,1,1.77083333333333
75,"binary",4,"Smooth nonlinear misspecified","BRP-GABLE rule-only",TRUE,"AUC",0.805791592128801,106.81,NA,46,46,0,10,36,0,0,0,0.217391304347826,0.782608695652174,1,1.78260869565217
75,"binary",4,"Smooth nonlinear misspecified","GABLE",TRUE,"AUC",0.739415623136553,2.45000000000005,NA,4,4,0,3,1,0,0,0,0.75,0.25,1,1.25
75,"binary",4,"Smooth nonlinear misspecified","GBM",TRUE,"AUC",0.814549791293977,0.0299999999999727,NA,NA,NA,NA,NA,NA,NA,NA,NA,NA,NA,NA,NA
75,"binary",4,"Smooth nonlinear misspecified","Linear",TRUE,"AUC",0.670468097793679,0,NA,20,0,20,20,0,0,0,0,1,0,1,1
75,"binary",4,"Smooth nonlinear misspecified","Random forest",TRUE,"AUC",0.771355098389982,0.180000000000064,NA,NA,NA,NA,NA,NA,NA,NA,NA,NA,NA,NA,NA
75,"binary",4,"Smooth nonlinear misspecified","RuleFit",TRUE,"AUC",0.715116279069767,9.72000000000003,NA,7,7,0,0,7,0,0,0,0,1,1,2
76,"binary",4,"Smooth nonlinear misspecified","BRP-GABLE full",TRUE,"AUC",0.821754385964912,113.04,NA,35,35,0,3,32,0,0,0,0.0857142857142857,0.914285714285714,1,1.91428571428571
76,"binary",4,"Smooth nonlinear misspecified","BRP-GABLE rule-only",TRUE,"AUC",0.821754385964912,113.07,NA,35,35,0,3,32,0,0,0,0.0857142857142857,0.914285714285714,1,1.91428571428571
76,"binary",4,"Smooth nonlinear misspecified","GABLE",TRUE,"AUC",0.794122807017544,1.97000000000003,NA,5,5,0,3,2,0,0,0,0.6,0.4,1,1.4
76,"binary",4,"Smooth nonlinear misspecified","GBM",TRUE,"AUC",0.834122807017544,0.0299999999999727,NA,NA,NA,NA,NA,NA,NA,NA,NA,NA,NA,NA,NA
76,"binary",4,"Smooth nonlinear misspecified","Linear",TRUE,"AUC",0.679298245614035,0.00999999999999091,NA,20,0,20,20,0,0,0,0,1,0,1,1
76,"binary",4,"Smooth nonlinear misspecified","Random forest",TRUE,"AUC",0.83609649122807,0.139999999999873,NA,NA,NA,NA,NA,NA,NA,NA,NA,NA,NA,NA,NA
76,"binary",4,"Smooth nonlinear misspecified","RuleFit",TRUE,"AUC",0.749649122807018,13.1100000000001,NA,11,11,0,3,8,0,0,0,0.272727272727273,0.727272727272727,1,1.72727272727273
77,"binary",4,"Smooth nonlinear misspecified","BRP-GABLE full",TRUE,"AUC",0.776965002868617,131.45,NA,26,26,0,2,24,0,0,0,0.0769230769230769,0.923076923076923,1,1.92307692307692
77,"binary",4,"Smooth nonlinear misspecified","BRP-GABLE rule-only",TRUE,"AUC",0.776965002868617,131.48,NA,26,26,0,2,24,0,0,0,0.0769230769230769,0.923076923076923,1,1.92307692307692
77,"binary",4,"Smooth nonlinear misspecified","GABLE",TRUE,"AUC",0.684236947791165,1.88999999999987,NA,4,4,0,2,2,0,0,0,0.5,0.5,1,1.5
77,"binary",4,"Smooth nonlinear misspecified","GBM",TRUE,"AUC",0.768789443488239,0.0299999999999727,NA,NA,NA,NA,NA,NA,NA,NA,NA,NA,NA,NA,NA
77,"binary",4,"Smooth nonlinear misspecified","Linear",TRUE,"AUC",0.680077452667814,0,NA,20,0,20,20,0,0,0,0,1,0,1,1
77,"binary",4,"Smooth nonlinear misspecified","Random forest",TRUE,"AUC",0.758534136546185,0.269999999999982,NA,NA,NA,NA,NA,NA,NA,NA,NA,NA,NA,NA,NA
77,"binary",4,"Smooth nonlinear misspecified","RuleFit",TRUE,"AUC",0.675523522662077,9.52000000000021,NA,5,5,0,1,4,0,0,0,0.2,0.8,1,1.8
78,"binary",4,"Smooth nonlinear misspecified","BRP-GABLE full",TRUE,"AUC",0.824848532535998,126.59,NA,42,42,0,8,34,0,0,0,0.19047619047619,0.80952380952381,1,1.80952380952381
78,"binary",4,"Smooth nonlinear misspecified","BRP-GABLE rule-only",TRUE,"AUC",0.826973011251869,126.6,NA,43,43,0,8,35,0,0,0,0.186046511627907,0.813953488372093,1,1.81395348837209
78,"binary",4,"Smooth nonlinear misspecified","GABLE",TRUE,"AUC",0.768471162168542,1.7199999999998,NA,5,5,0,3,2,0,0,0,0.6,0.4,1,1.4
78,"binary",4,"Smooth nonlinear misspecified","GBM",TRUE,"AUC",0.836729876465497,0.0299999999999727,NA,NA,NA,NA,NA,NA,NA,NA,NA,NA,NA,NA,NA
78,"binary",4,"Smooth nonlinear misspecified","Linear",TRUE,"AUC",0.641671256589818,0,NA,20,0,20,20,0,0,0,0,1,0,1,1
78,"binary",4,"Smooth nonlinear misspecified","Random forest",TRUE,"AUC",0.779447635533874,0.310000000000173,NA,NA,NA,NA,NA,NA,NA,NA,NA,NA,NA,NA,NA
78,"binary",4,"Smooth nonlinear misspecified","RuleFit",TRUE,"AUC",0.691871901801873,6.8900000000001,NA,5,5,0,3,1,1,0,0,0.6,0.2,0.8,1.6
79,"binary",4,"Smooth nonlinear misspecified","BRP-GABLE full",TRUE,"AUC",0.779714373464373,149.39,NA,53,53,0,16,37,0,0,0,0.30188679245283,0.69811320754717,1,1.69811320754717
79,"binary",4,"Smooth nonlinear misspecified","BRP-GABLE rule-only",TRUE,"AUC",0.775107493857494,149.41,NA,55,55,0,18,37,0,0,0,0.327272727272727,0.672727272727273,1,1.67272727272727
79,"binary",4,"Smooth nonlinear misspecified","GABLE",TRUE,"AUC",0.719287469287469,3.48000000000002,NA,4,4,0,2,2,0,0,0,0.5,0.5,1,1.5
79,"binary",4,"Smooth nonlinear misspecified","GBM",TRUE,"AUC",0.812730343980344,0.0299999999999727,NA,NA,NA,NA,NA,NA,NA,NA,NA,NA,NA,NA,NA
79,"binary",4,"Smooth nonlinear misspecified","Linear",TRUE,"AUC",0.649953931203931,0.0199999999999818,NA,20,0,20,20,0,0,0,0,1,0,1,1
79,"binary",4,"Smooth nonlinear misspecified","Random forest",TRUE,"AUC",0.785127457002457,0.1400000000001,NA,NA,NA,NA,NA,NA,NA,NA,NA,NA,NA,NA,NA
79,"binary",4,"Smooth nonlinear misspecified","RuleFit",TRUE,"AUC",0.663582616707617,8.63000000000011,NA,6,6,0,0,6,0,0,0,0,1,1,2
80,"binary",4,"Smooth nonlinear misspecified","BRP-GABLE full",TRUE,"AUC",0.752461322081575,157.67,NA,36,36,0,7,29,0,0,0,0.194444444444444,0.805555555555556,1,1.80555555555556
80,"binary",4,"Smooth nonlinear misspecified","BRP-GABLE rule-only",TRUE,"AUC",0.752831445702865,157.69,NA,38,38,0,7,31,0,0,0,0.184210526315789,0.815789473684211,1,1.81578947368421
80,"binary",4,"Smooth nonlinear misspecified","GABLE",TRUE,"AUC",0.661188837071582,2.36999999999989,NA,4,4,0,3,1,0,0,0,0.75,0.25,1,1.25
80,"binary",4,"Smooth nonlinear misspecified","GBM",TRUE,"AUC",0.751647050114738,0.00999999999976353,NA,NA,NA,NA,NA,NA,NA,NA,NA,NA,NA,NA,NA
80,"binary",4,"Smooth nonlinear misspecified","Linear",TRUE,"AUC",0.58820045895329,0.0199999999999818,NA,20,0,20,20,0,0,0,0,1,0,1,1
80,"binary",4,"Smooth nonlinear misspecified","Random forest",TRUE,"AUC",0.755422311051891,0.150000000000091,NA,NA,NA,NA,NA,NA,NA,NA,NA,NA,NA,NA,NA
80,"binary",4,"Smooth nonlinear misspecified","RuleFit",TRUE,"AUC",0.703123843363683,9.2800000000002,NA,9,9,0,3,5,1,0,0,0.333333333333333,0.555555555555556,0.888888888888889,1.77777777777778
81,"binary",4,"Smooth nonlinear misspecified","BRP-GABLE full",TRUE,"AUC",0.783352380952381,112,NA,48,48,0,2,46,0,0,0,0.0416666666666667,0.958333333333333,1,1.95833333333333
81,"binary",4,"Smooth nonlinear misspecified","BRP-GABLE rule-only",TRUE,"AUC",0.783695238095238,112.07,NA,51,51,0,2,49,0,0,0,0.0392156862745098,0.96078431372549,1,1.96078431372549
81,"binary",4,"Smooth nonlinear misspecified","GABLE",TRUE,"AUC",0.695352380952381,2.20000000000005,NA,5,5,0,5,0,0,0,0,1,0,1,1
81,"binary",4,"Smooth nonlinear misspecified","GBM",TRUE,"AUC",0.839847619047619,0.0299999999999727,NA,NA,NA,NA,NA,NA,NA,NA,NA,NA,NA,NA,NA
81,"binary",4,"Smooth nonlinear misspecified","Linear",TRUE,"AUC",0.689066666666667,0,NA,20,0,20,20,0,0,0,0,1,0,1,1
81,"binary",4,"Smooth nonlinear misspecified","Random forest",TRUE,"AUC",0.778780952380952,0.169999999999845,NA,NA,NA,NA,NA,NA,NA,NA,NA,NA,NA,NA,NA
81,"binary",4,"Smooth nonlinear misspecified","RuleFit",TRUE,"AUC",0.69272380952381,7.2800000000002,NA,3,3,0,2,1,0,0,0,0.666666666666667,0.333333333333333,1,1.33333333333333
82,"binary",4,"Smooth nonlinear misspecified","BRP-GABLE full",TRUE,"AUC",0.738768354152969,106.88,NA,44,44,0,16,28,0,0,0,0.363636363636364,0.636363636363636,1,1.63636363636364
82,"binary",4,"Smooth nonlinear misspecified","BRP-GABLE rule-only",TRUE,"AUC",0.740229381255022,106.79,NA,44,44,0,16,28,0,0,0,0.363636363636364,0.636363636363636,1,1.63636363636364
82,"binary",4,"Smooth nonlinear misspecified","GABLE",TRUE,"AUC",0.742420921908101,2.05000000000018,NA,5,5,0,5,0,0,0,0,1,0,1,1
82,"binary",4,"Smooth nonlinear misspecified","GBM",TRUE,"AUC",0.774563518153262,0.0199999999999818,NA,NA,NA,NA,NA,NA,NA,NA,NA,NA,NA,NA,NA
82,"binary",4,"Smooth nonlinear misspecified","Linear",TRUE,"AUC",0.625392651033677,0.00999999999976353,NA,20,0,20,20,0,0,0,0,1,0,1,1
82,"binary",4,"Smooth nonlinear misspecified","Random forest",TRUE,"AUC",0.742201767842793,0.150000000000091,NA,NA,NA,NA,NA,NA,NA,NA,NA,NA,NA,NA,NA
82,"binary",4,"Smooth nonlinear misspecified","RuleFit",TRUE,"AUC",0.610417123237636,10.6100000000001,NA,12,12,0,2,9,1,0,0,0.166666666666667,0.75,0.916666666666667,1.91666666666667
83,"binary",4,"Smooth nonlinear misspecified","BRP-GABLE full",TRUE,"AUC",0.862510641591208,99.6599999999999,NA,52,52,0,14,38,0,0,0,0.269230769230769,0.730769230769231,1,1.73076923076923
83,"binary",4,"Smooth nonlinear misspecified","BRP-GABLE rule-only",TRUE,"AUC",0.862936305239533,99.6799999999998,NA,52,52,0,14,38,0,0,0,0.269230769230769,0.730769230769231,1,1.73076923076923
83,"binary",4,"Smooth nonlinear misspecified","GABLE",TRUE,"AUC",0.776449191239068,1.69000000000005,NA,5,5,0,4,1,0,0,0,0.8,0.2,1,1.2
83,"binary",4,"Smooth nonlinear misspecified","GBM",TRUE,"AUC",0.873074839408714,0.0100000000002183,NA,NA,NA,NA,NA,NA,NA,NA,NA,NA,NA,NA,NA
83,"binary",4,"Smooth nonlinear misspecified","Linear",TRUE,"AUC",0.693599566597013,0.0199999999999818,NA,20,0,20,20,0,0,0,0,1,0,1,1
83,"binary",4,"Smooth nonlinear misspecified","Random forest",TRUE,"AUC",0.86220106802879,0.139999999999873,NA,NA,NA,NA,NA,NA,NA,NA,NA,NA,NA,NA,NA
83,"binary",4,"Smooth nonlinear misspecified","RuleFit",TRUE,"AUC",0.817661171735934,8.92000000000007,NA,12,12,0,5,6,1,0,0,0.416666666666667,0.5,0.916666666666667,1.66666666666667
84,"binary",4,"Smooth nonlinear misspecified","BRP-GABLE full",TRUE,"AUC",0.782834145963935,102.62,NA,48,48,0,5,43,0,0,0,0.104166666666667,0.895833333333333,1,1.89583333333333
84,"binary",4,"Smooth nonlinear misspecified","BRP-GABLE rule-only",TRUE,"AUC",0.782834145963935,102.66,NA,48,48,0,5,43,0,0,0,0.104166666666667,0.895833333333333,1,1.89583333333333
84,"binary",4,"Smooth nonlinear misspecified","GABLE",TRUE,"AUC",0.686634161442613,1.69000000000005,NA,5,5,0,3,2,0,0,0,0.6,0.4,1,1.4
84,"binary",4,"Smooth nonlinear misspecified","GBM",TRUE,"AUC",0.794984908288832,0.0300000000002001,NA,NA,NA,NA,NA,NA,NA,NA,NA,NA,NA,NA,NA
84,"binary",4,"Smooth nonlinear misspecified","Linear",TRUE,"AUC",0.619921058741583,0,NA,20,0,20,20,0,0,0,0,1,0,1,1
84,"binary",4,"Smooth nonlinear misspecified","Random forest",TRUE,"AUC",0.767084590975931,0.149999999999636,NA,NA,NA,NA,NA,NA,NA,NA,NA,NA,NA,NA,NA
84,"binary",4,"Smooth nonlinear misspecified","RuleFit",TRUE,"AUC",0.689459020199675,12.23,NA,8,8,0,1,5,2,0,0,0.125,0.625,0.75,2.125
85,"binary",4,"Smooth nonlinear misspecified","BRP-GABLE full",TRUE,"AUC",0.805632798573975,110.03,NA,59,59,0,16,43,0,0,0,0.271186440677966,0.728813559322034,1,1.72881355932203
85,"binary",4,"Smooth nonlinear misspecified","BRP-GABLE rule-only",TRUE,"AUC",0.805632798573975,110.03,NA,59,59,0,16,43,0,0,0,0.271186440677966,0.728813559322034,1,1.72881355932203
85,"binary",4,"Smooth nonlinear misspecified","GABLE",TRUE,"AUC",0.762638146167558,1.87999999999965,NA,5,5,0,4,1,0,0,0,0.8,0.2,1,1.2
85,"binary",4,"Smooth nonlinear misspecified","GBM",TRUE,"AUC",0.843065953654189,0.0199999999999818,NA,NA,NA,NA,NA,NA,NA,NA,NA,NA,NA,NA,NA
85,"binary",4,"Smooth nonlinear misspecified","Linear",TRUE,"AUC",0.705098039215686,0,NA,20,0,20,20,0,0,0,0,1,0,1,1
85,"binary",4,"Smooth nonlinear misspecified","Random forest",TRUE,"AUC",0.777504456327986,0.120000000000346,NA,NA,NA,NA,NA,NA,NA,NA,NA,NA,NA,NA,NA
85,"binary",4,"Smooth nonlinear misspecified","RuleFit",TRUE,"AUC",0.769055258467023,15.1700000000001,NA,9,9,0,0,8,1,0,0,0,0.888888888888889,0.888888888888889,2.11111111111111
86,"binary",4,"Smooth nonlinear misspecified","BRP-GABLE full",TRUE,"AUC",0.798506944444444,107.51,NA,38,38,0,4,34,0,0,0,0.105263157894737,0.894736842105263,1,1.89473684210526
86,"binary",4,"Smooth nonlinear misspecified","BRP-GABLE rule-only",TRUE,"AUC",0.800798611111111,107.5,NA,40,40,0,4,36,0,0,0,0.1,0.9,1,1.9
86,"binary",4,"Smooth nonlinear misspecified","GABLE",TRUE,"AUC",0.752777777777778,2.2199999999998,NA,5,5,0,5,0,0,0,0,1,0,1,1
86,"binary",4,"Smooth nonlinear misspecified","GBM",TRUE,"AUC",0.807291666666667,0.0300000000002001,NA,NA,NA,NA,NA,NA,NA,NA,NA,NA,NA,NA,NA
86,"binary",4,"Smooth nonlinear misspecified","Linear",TRUE,"AUC",0.572777777777778,0.0199999999999818,NA,20,0,20,20,0,0,0,0,1,0,1,1
86,"binary",4,"Smooth nonlinear misspecified","Random forest",TRUE,"AUC",0.76,0.159999999999854,NA,NA,NA,NA,NA,NA,NA,NA,NA,NA,NA,NA,NA
86,"binary",4,"Smooth nonlinear misspecified","RuleFit",TRUE,"AUC",0.703298611111111,8.84000000000015,NA,9,9,0,4,5,0,0,0,0.444444444444444,0.555555555555556,1,1.55555555555556
87,"binary",4,"Smooth nonlinear misspecified","BRP-GABLE full",TRUE,"AUC",0.768051470588235,115.22,NA,27,27,0,2,25,0,0,0,0.0740740740740741,0.925925925925926,1,1.92592592592593
87,"binary",4,"Smooth nonlinear misspecified","BRP-GABLE rule-only",TRUE,"AUC",0.768198529411765,115.24,NA,29,29,0,3,26,0,0,0,0.103448275862069,0.896551724137931,1,1.89655172413793
87,"binary",4,"Smooth nonlinear misspecified","GABLE",TRUE,"AUC",0.764264705882353,2.01000000000022,NA,5,5,0,4,1,0,0,0,0.8,0.2,1,1.2
87,"binary",4,"Smooth nonlinear misspecified","GBM",TRUE,"AUC",0.815441176470588,0.0300000000002001,NA,NA,NA,NA,NA,NA,NA,NA,NA,NA,NA,NA,NA
87,"binary",4,"Smooth nonlinear misspecified","Linear",TRUE,"AUC",0.630220588235294,0,NA,20,0,20,20,0,0,0,0,1,0,1,1
87,"binary",4,"Smooth nonlinear misspecified","Random forest",TRUE,"AUC",0.765073529411765,0.159999999999854,NA,NA,NA,NA,NA,NA,NA,NA,NA,NA,NA,NA,NA
87,"binary",4,"Smooth nonlinear misspecified","RuleFit",TRUE,"AUC",0.683345588235294,13.6599999999999,NA,11,11,0,3,8,0,0,0,0.272727272727273,0.727272727272727,1,1.72727272727273
88,"binary",4,"Smooth nonlinear misspecified","BRP-GABLE full",TRUE,"AUC",0.79850470056999,119.52,NA,41,41,0,5,36,0,0,0,0.121951219512195,0.878048780487805,1,1.8780487804878
88,"binary",4,"Smooth nonlinear misspecified","BRP-GABLE rule-only",TRUE,"AUC",0.801169590643275,119.59,NA,40,40,0,3,37,0,0,0,0.075,0.925,1,1.925
88,"binary",4,"Smooth nonlinear misspecified","GABLE",TRUE,"AUC",0.719335257976164,2.30999999999995,NA,4,4,0,3,1,0,0,0,0.75,0.25,1,1.25
88,"binary",4,"Smooth nonlinear misspecified","GBM",TRUE,"AUC",0.804278629062107,0.0300000000002001,NA,NA,NA,NA,NA,NA,NA,NA,NA,NA,NA,NA,NA
88,"binary",4,"Smooth nonlinear misspecified","Linear",TRUE,"AUC",0.665556295802798,0,NA,20,0,20,20,0,0,0,0,1,0,1,1
88,"binary",4,"Smooth nonlinear misspecified","Random forest",TRUE,"AUC",0.756088533570212,0.170000000000073,NA,NA,NA,NA,NA,NA,NA,NA,NA,NA,NA,NA,NA
88,"binary",4,"Smooth nonlinear misspecified","RuleFit",TRUE,"AUC",0.695943445110667,9.57999999999993,NA,9,9,0,0,9,0,0,0,0,1,1,2
89,"binary",4,"Smooth nonlinear misspecified","BRP-GABLE full",TRUE,"AUC",0.817431774910091,118.63,NA,55,55,0,18,37,0,0,0,0.327272727272727,0.672727272727273,1,1.67272727272727
89,"binary",4,"Smooth nonlinear misspecified","BRP-GABLE rule-only",TRUE,"AUC",0.815034200691065,118.61,NA,53,53,0,16,37,0,0,0,0.30188679245283,0.69811320754717,1,1.69811320754717
89,"binary",4,"Smooth nonlinear misspecified","GABLE",TRUE,"AUC",0.811825682250899,1.92000000000007,NA,5,5,0,3,2,0,0,0,0.6,0.4,1,1.4
89,"binary",4,"Smooth nonlinear misspecified","GBM",TRUE,"AUC",0.83118256822509,0.0299999999997453,NA,NA,NA,NA,NA,NA,NA,NA,NA,NA,NA,NA,NA
89,"binary",4,"Smooth nonlinear misspecified","Linear",TRUE,"AUC",0.583174670333545,0.0199999999999818,NA,20,0,20,20,0,0,0,0,1,0,1,1
89,"binary",4,"Smooth nonlinear misspecified","Random forest",TRUE,"AUC",0.851420915309217,0.170000000000073,NA,NA,NA,NA,NA,NA,NA,NA,NA,NA,NA,NA,NA
89,"binary",4,"Smooth nonlinear misspecified","RuleFit",TRUE,"AUC",0.671179747549538,8.63000000000011,NA,1,1,0,1,0,0,0,0,1,0,1,1
90,"binary",4,"Smooth nonlinear misspecified","BRP-GABLE full",TRUE,"AUC",0.832667110815012,128.65,NA,37,37,0,11,26,0,0,0,0.297297297297297,0.702702702702703,1,1.7027027027027
90,"binary",4,"Smooth nonlinear misspecified","BRP-GABLE rule-only",TRUE,"AUC",0.832667110815012,128.64,NA,37,37,0,11,26,0,0,0,0.297297297297297,0.702702702702703,1,1.7027027027027
90,"binary",4,"Smooth nonlinear misspecified","GABLE",TRUE,"AUC",0.777111555259457,2.52999999999975,NA,5,5,0,5,0,0,0,0,1,0,1,1
90,"binary",4,"Smooth nonlinear misspecified","GBM",TRUE,"AUC",0.826856169960767,0.0100000000002183,NA,NA,NA,NA,NA,NA,NA,NA,NA,NA,NA,NA,NA
90,"binary",4,"Smooth nonlinear misspecified","Linear",TRUE,"AUC",0.689392257013843,0.0199999999999818,NA,20,0,20,20,0,0,0,0,1,0,1,1
90,"binary",4,"Smooth nonlinear misspecified","Random forest",TRUE,"AUC",0.807276630394552,0.190000000000055,NA,NA,NA,NA,NA,NA,NA,NA,NA,NA,NA,NA,NA
90,"binary",4,"Smooth nonlinear misspecified","RuleFit",TRUE,"AUC",0.746317269968169,8.63000000000011,NA,7,7,0,2,5,0,0,0,0.285714285714286,0.714285714285714,1,1.71428571428571
91,"binary",4,"Smooth nonlinear misspecified","BRP-GABLE full",TRUE,"AUC",0.861536753275594,157,NA,45,45,0,11,34,0,0,0,0.244444444444444,0.755555555555556,1,1.75555555555556
91,"binary",4,"Smooth nonlinear misspecified","BRP-GABLE rule-only",TRUE,"AUC",0.859686135169146,157,NA,48,48,0,13,35,0,0,0,0.270833333333333,0.729166666666667,1,1.72916666666667
91,"binary",4,"Smooth nonlinear misspecified","GABLE",TRUE,"AUC",0.757865126952402,2.17000000000007,NA,4,4,0,2,2,0,0,0,0.5,0.5,1,1.5
91,"binary",4,"Smooth nonlinear misspecified","GBM",TRUE,"AUC",0.835887186320231,0.0500000000001819,NA,NA,NA,NA,NA,NA,NA,NA,NA,NA,NA,NA,NA
91,"binary",4,"Smooth nonlinear misspecified","Linear",TRUE,"AUC",0.62173365904212,0,NA,20,0,20,20,0,0,0,0,1,0,1,1
91,"binary",4,"Smooth nonlinear misspecified","Random forest",TRUE,"AUC",0.825967873269672,0.170000000000073,NA,NA,NA,NA,NA,NA,NA,NA,NA,NA,NA,NA,NA
91,"binary",4,"Smooth nonlinear misspecified","RuleFit",TRUE,"AUC",0.664890073284477,8.67000000000007,NA,2,2,0,0,2,0,0,0,0,1,1,2
92,"binary",4,"Smooth nonlinear misspecified","BRP-GABLE full",TRUE,"AUC",0.790287716159809,133.07,NA,37,37,0,2,35,0,0,0,0.0540540540540541,0.945945945945946,1,1.94594594594595
92,"binary",4,"Smooth nonlinear misspecified","BRP-GABLE rule-only",TRUE,"AUC",0.790287716159809,133.06,NA,37,37,0,2,35,0,0,0,0.0540540540540541,0.945945945945946,1,1.94594594594595
92,"binary",4,"Smooth nonlinear misspecified","GABLE",TRUE,"AUC",0.730918306499702,2.51999999999998,NA,5,5,0,3,2,0,0,0,0.6,0.4,1,1.4
92,"binary",4,"Smooth nonlinear misspecified","GBM",TRUE,"AUC",0.811344663088849,0.0300000000002001,NA,NA,NA,NA,NA,NA,NA,NA,NA,NA,NA,NA,NA
92,"binary",4,"Smooth nonlinear misspecified","Linear",TRUE,"AUC",0.612030411449016,0.0199999999999818,NA,20,0,20,20,0,0,0,0,1,0,1,1
92,"binary",4,"Smooth nonlinear misspecified","Random forest",TRUE,"AUC",0.792337507453787,0.170000000000073,NA,NA,NA,NA,NA,NA,NA,NA,NA,NA,NA,NA,NA
92,"binary",4,"Smooth nonlinear misspecified","RuleFit",TRUE,"AUC",0.679039952295766,8.54999999999973,NA,3,3,0,1,2,0,0,0,0.333333333333333,0.666666666666667,1,1.66666666666667
93,"binary",4,"Smooth nonlinear misspecified","BRP-GABLE full",TRUE,"AUC",0.791236374067699,142.14,NA,50,50,0,9,41,0,0,0,0.18,0.82,1,1.82
93,"binary",4,"Smooth nonlinear misspecified","BRP-GABLE rule-only",TRUE,"AUC",0.791810097532989,142.15,NA,54,54,0,13,41,0,0,0,0.240740740740741,0.759259259259259,1,1.75925925925926
93,"binary",4,"Smooth nonlinear misspecified","GABLE",TRUE,"AUC",0.694026104417671,1.80999999999995,NA,4,4,0,2,2,0,0,0,0.5,0.5,1,1.5
93,"binary",4,"Smooth nonlinear misspecified","GBM",TRUE,"AUC",0.80012908777969,0.0300000000002001,NA,NA,NA,NA,NA,NA,NA,NA,NA,NA,NA,NA,NA
93,"binary",4,"Smooth nonlinear misspecified","Linear",TRUE,"AUC",0.673766494549627,0.00999999999976353,NA,20,0,20,20,0,0,0,0,1,0,1,1
93,"binary",4,"Smooth nonlinear misspecified","Random forest",TRUE,"AUC",0.789371772805508,0.179999999999836,NA,NA,NA,NA,NA,NA,NA,NA,NA,NA,NA,NA,NA
93,"binary",4,"Smooth nonlinear misspecified","RuleFit",TRUE,"AUC",0.731999426276535,9.55000000000018,NA,15,15,0,11,4,0,0,0,0.733333333333333,0.266666666666667,1,1.26666666666667
94,"binary",4,"Smooth nonlinear misspecified","BRP-GABLE full",TRUE,"AUC",0.726470588235294,136.97,NA,37,37,0,4,33,0,0,0,0.108108108108108,0.891891891891892,1,1.89189189189189
94,"binary",4,"Smooth nonlinear misspecified","BRP-GABLE rule-only",TRUE,"AUC",0.726470588235294,136.96,NA,37,37,0,4,33,0,0,0,0.108108108108108,0.891891891891892,1,1.89189189189189
94,"binary",4,"Smooth nonlinear misspecified","GABLE",TRUE,"AUC",0.663014705882353,2.03999999999996,NA,4,4,0,2,2,0,0,0,0.5,0.5,1,1.5
94,"binary",4,"Smooth nonlinear misspecified","GBM",TRUE,"AUC",0.753676470588235,0.0100000000002183,NA,NA,NA,NA,NA,NA,NA,NA,NA,NA,NA,NA,NA
94,"binary",4,"Smooth nonlinear misspecified","Linear",TRUE,"AUC",0.62,0.0199999999999818,NA,20,0,20,20,0,0,0,0,1,0,1,1
94,"binary",4,"Smooth nonlinear misspecified","Random forest",TRUE,"AUC",0.669852941176471,0.159999999999854,NA,NA,NA,NA,NA,NA,NA,NA,NA,NA,NA,NA,NA
94,"binary",4,"Smooth nonlinear misspecified","RuleFit",TRUE,"AUC",0.677058823529412,8.43000000000029,NA,6,6,0,2,4,0,0,0,0.333333333333333,0.666666666666667,1,1.66666666666667
95,"binary",4,"Smooth nonlinear misspecified","BRP-GABLE full",TRUE,"AUC",0.760058353808354,119.49,NA,51,51,0,18,33,0,0,0,0.352941176470588,0.647058823529412,1,1.64705882352941
95,"binary",4,"Smooth nonlinear misspecified","BRP-GABLE rule-only",TRUE,"AUC",0.760058353808354,119.56,NA,54,54,0,20,34,0,0,0,0.37037037037037,0.62962962962963,1,1.62962962962963
95,"binary",4,"Smooth nonlinear misspecified","GABLE",TRUE,"AUC",0.74535472972973,1.94000000000005,NA,5,5,0,3,2,0,0,0,0.6,0.4,1,1.4
95,"binary",4,"Smooth nonlinear misspecified","GBM",TRUE,"AUC",0.815110565110565,0.0300000000002001,NA,NA,NA,NA,NA,NA,NA,NA,NA,NA,NA,NA,NA
95,"binary",4,"Smooth nonlinear misspecified","Linear",TRUE,"AUC",0.669456388206388,0,NA,20,0,20,20,0,0,0,0,1,0,1,1
95,"binary",4,"Smooth nonlinear misspecified","Random forest",TRUE,"AUC",0.772804054054054,0.159999999999854,NA,NA,NA,NA,NA,NA,NA,NA,NA,NA,NA,NA,NA
95,"binary",4,"Smooth nonlinear misspecified","RuleFit",TRUE,"AUC",0.715486793611794,9.52999999999975,NA,6,6,0,0,6,0,0,0,0,1,1,2
96,"binary",4,"Smooth nonlinear misspecified","BRP-GABLE full",TRUE,"AUC",0.78417325428195,119.18,NA,54,54,0,12,42,0,0,0,0.222222222222222,0.777777777777778,1,1.77777777777778
96,"binary",4,"Smooth nonlinear misspecified","BRP-GABLE rule-only",TRUE,"AUC",0.783843873517787,119.14,NA,59,59,0,15,44,0,0,0,0.254237288135593,0.745762711864407,1,1.74576271186441
96,"binary",4,"Smooth nonlinear misspecified","GABLE",TRUE,"AUC",0.717473649538867,1.98000000000002,NA,4,4,0,3,1,0,0,0,0.75,0.25,1,1.25
96,"binary",4,"Smooth nonlinear misspecified","GBM",TRUE,"AUC",0.835474308300395,0.0299999999997453,NA,NA,NA,NA,NA,NA,NA,NA,NA,NA,NA,NA,NA
96,"binary",4,"Smooth nonlinear misspecified","Linear",TRUE,"AUC",0.652750329380764,0,NA,20,0,20,20,0,0,0,0,1,0,1,1
96,"binary",4,"Smooth nonlinear misspecified","Random forest",TRUE,"AUC",0.777915019762846,0.159999999999854,NA,NA,NA,NA,NA,NA,NA,NA,NA,NA,NA,NA,NA
96,"binary",4,"Smooth nonlinear misspecified","RuleFit",TRUE,"AUC",0.714591567852437,8.76999999999998,NA,2,2,0,0,2,0,0,0,0,1,1,2
97,"binary",4,"Smooth nonlinear misspecified","BRP-GABLE full",TRUE,"AUC",0.820254914004914,113.91,NA,38,38,0,4,34,0,0,0,0.105263157894737,0.894736842105263,1,1.89473684210526
97,"binary",4,"Smooth nonlinear misspecified","BRP-GABLE rule-only",TRUE,"AUC",0.82117628992629,113.91,NA,41,41,0,6,35,0,0,0,0.146341463414634,0.853658536585366,1,1.85365853658537
97,"binary",4,"Smooth nonlinear misspecified","GABLE",TRUE,"AUC",0.75579699017199,2.19000000000005,NA,5,5,0,4,1,0,0,0,0.8,0.2,1,1.2
97,"binary",4,"Smooth nonlinear misspecified","GBM",TRUE,"AUC",0.818028255528256,0.0300000000002001,NA,NA,NA,NA,NA,NA,NA,NA,NA,NA,NA,NA,NA
97,"binary",4,"Smooth nonlinear misspecified","Linear",TRUE,"AUC",0.642736486486487,0,NA,20,0,20,20,0,0,0,0,1,0,1,1
97,"binary",4,"Smooth nonlinear misspecified","Random forest",TRUE,"AUC",0.77545300982801,0.170000000000073,NA,NA,NA,NA,NA,NA,NA,NA,NA,NA,NA,NA,NA
97,"binary",4,"Smooth nonlinear misspecified","RuleFit",TRUE,"AUC",0.7216292997543,8.79999999999973,NA,12,12,0,4,8,0,0,0,0.333333333333333,0.666666666666667,1,1.66666666666667
98,"binary",4,"Smooth nonlinear misspecified","BRP-GABLE full",TRUE,"AUC",0.823930452348315,115.6,NA,34,34,0,6,28,0,0,0,0.176470588235294,0.823529411764706,1,1.82352941176471
98,"binary",4,"Smooth nonlinear misspecified","BRP-GABLE rule-only",TRUE,"AUC",0.823930452348315,115.57,NA,34,34,0,6,28,0,0,0,0.176470588235294,0.823529411764706,1,1.82352941176471
98,"binary",4,"Smooth nonlinear misspecified","GABLE",TRUE,"AUC",0.755717480701248,1.27999999999975,NA,5,5,0,2,3,0,0,0,0.4,0.6,1,1.6
98,"binary",4,"Smooth nonlinear misspecified","GBM",TRUE,"AUC",0.845177115648222,0.0199999999999818,NA,NA,NA,NA,NA,NA,NA,NA,NA,NA,NA,NA,NA
98,"binary",4,"Smooth nonlinear misspecified","Linear",TRUE,"AUC",0.641584301276964,0,NA,20,0,20,20,0,0,0,0,1,0,1,1
98,"binary",4,"Smooth nonlinear misspecified","Random forest",TRUE,"AUC",0.80019479114061,0.120000000000346,NA,NA,NA,NA,NA,NA,NA,NA,NA,NA,NA,NA,NA
98,"binary",4,"Smooth nonlinear misspecified","RuleFit",TRUE,"AUC",0.757917899141476,5.63000000000011,NA,9,9,0,4,5,0,0,0,0.444444444444444,0.555555555555556,1,1.55555555555556
99,"binary",4,"Smooth nonlinear misspecified","BRP-GABLE full",TRUE,"AUC",0.78088681619661,101.46,NA,32,32,0,7,25,0,0,0,0.21875,0.78125,1,1.78125
99,"binary",4,"Smooth nonlinear misspecified","BRP-GABLE rule-only",TRUE,"AUC",0.78369975571841,101.440000000001,NA,32,32,0,7,25,0,0,0,0.21875,0.78125,1,1.78125
99,"binary",4,"Smooth nonlinear misspecified","GABLE",TRUE,"AUC",0.705788733436968,1.21000000000004,NA,4,4,0,2,2,0,0,0,0.5,0.5,1,1.5
99,"binary",4,"Smooth nonlinear misspecified","GBM",TRUE,"AUC",0.80627729661707,0.0199999999999818,NA,NA,NA,NA,NA,NA,NA,NA,NA,NA,NA,NA,NA
99,"binary",4,"Smooth nonlinear misspecified","Linear",TRUE,"AUC",0.609297505366793,0.00999999999976353,NA,20,0,20,20,0,0,0,0,1,0,1,1
99,"binary",4,"Smooth nonlinear misspecified","Random forest",TRUE,"AUC",0.755163224516989,0.110000000000127,NA,NA,NA,NA,NA,NA,NA,NA,NA,NA,NA,NA,NA
99,"binary",4,"Smooth nonlinear misspecified","RuleFit",TRUE,"AUC",0.724479976312088,3.34999999999991,NA,9,9,0,6,3,0,0,0,0.666666666666667,0.333333333333333,1,1.33333333333333
100,"binary",4,"Smooth nonlinear misspecified","BRP-GABLE full",TRUE,"AUC",0.772901061173533,98.7400000000002,NA,34,34,0,3,31,0,0,0,0.0882352941176471,0.911764705882353,1,1.91176470588235
100,"binary",4,"Smooth nonlinear misspecified","BRP-GABLE rule-only",TRUE,"AUC",0.775124843945069,98.7600000000002,NA,36,36,0,4,32,0,0,0,0.111111111111111,0.888888888888889,1,1.88888888888889
100,"binary",4,"Smooth nonlinear misspecified","GABLE",TRUE,"AUC",0.703105493133583,1.42000000000007,NA,5,5,0,3,2,0,0,0,0.6,0.4,1,1.4
100,"binary",4,"Smooth nonlinear misspecified","GBM",TRUE,"AUC",0.794397627965044,0,NA,NA,NA,NA,NA,NA,NA,NA,NA,NA,NA,NA,NA
100,"binary",4,"Smooth nonlinear misspecified","Linear",TRUE,"AUC",0.583411360799001,0.00999999999976353,NA,20,0,20,20,0,0,0,0,1,0,1,1
100,"binary",4,"Smooth nonlinear misspecified","Random forest",TRUE,"AUC",0.769936017478152,0.0999999999999091,NA,NA,NA,NA,NA,NA,NA,NA,NA,NA,NA,NA,NA
100,"binary",4,"Smooth nonlinear misspecified","RuleFit",TRUE,"AUC",0.651568352059925,4.15000000000009,NA,5,5,0,0,4,1,0,0,0,0.8,0.8,2.2
