"Sim","Outcome","Scenario","Scenario_name","method","fit_ok","metric_name","metric_value","elapsed_time","error_message","n_rules_total","n_rule_terms_selected","n_linear_selected","n_rules_deg1","n_rules_deg2","n_rules_deg3","n_rules_deg4","n_rules_deg5plus","prop_deg1","prop_deg2","prop_deg_le2","avg_rule_degree"
1,"binary",1,"Purely rule-based","BRP-GABLE full",TRUE,"AUC",0.889280614782372,323.22,NA,27,25,2,15,12,0,0,0,0.555555555555556,0.444444444444444,1,1.44444444444444
1,"binary",1,"Purely rule-based","BRP-GABLE rule-only",TRUE,"AUC",0.891424411608991,318.54,NA,30,30,0,17,13,0,0,0,0.566666666666667,0.433333333333333,1,1.43333333333333
1,"binary",1,"Purely rule-based","GABLE",TRUE,"AUC",0.86033033322103,8.13999999999999,NA,5,5,0,5,0,0,0,0,1,0,1,1
1,"binary",1,"Purely rule-based","GBM",TRUE,"AUC",0.883916109159166,0.0600000000000023,NA,NA,NA,NA,NA,NA,NA,NA,NA,NA,NA,NA,NA
1,"binary",1,"Purely rule-based","Linear",TRUE,"AUC",0.795001684555037,0.0200000000000387,NA,20,0,20,20,0,0,0,0,1,0,1,1
1,"binary",1,"Purely rule-based","Random forest",TRUE,"AUC",0.872477178290096,1.06999999999999,NA,NA,NA,NA,NA,NA,NA,NA,NA,NA,NA,NA,NA
1,"binary",1,"Purely rule-based","RuleFit",TRUE,"AUC",0.880769601001107,27.31,NA,74,74,0,0,27,47,0,0,0,0.364864864864865,0.364864864864865,2.63513513513514
2,"binary",1,"Purely rule-based","BRP-GABLE full",TRUE,"AUC",0.88235447611401,339.32,NA,38,37,1,29,9,0,0,0,0.763157894736842,0.236842105263158,1,1.23684210526316
2,"binary",1,"Purely rule-based","BRP-GABLE rule-only",TRUE,"AUC",0.882515054195102,336.3,NA,37,37,0,28,9,0,0,0,0.756756756756757,0.243243243243243,1,1.24324324324324
2,"binary",1,"Purely rule-based","GABLE",TRUE,"AUC",0.853087113608992,6.95999999999998,NA,5,5,0,4,1,0,0,0,0.8,0.2,1,1.2
2,"binary",1,"Purely rule-based","GBM",TRUE,"AUC",0.869269369731032,0.0600000000000023,NA,NA,NA,NA,NA,NA,NA,NA,NA,NA,NA,NA,NA
2,"binary",1,"Purely rule-based","Linear",TRUE,"AUC",0.769132878362104,0.0300000000000296,NA,20,0,20,20,0,0,0,0,1,0,1,1
2,"binary",1,"Purely rule-based","Random forest",TRUE,"AUC",0.864040545965476,1.06999999999999,NA,NA,NA,NA,NA,NA,NA,NA,NA,NA,NA,NA,NA
2,"binary",1,"Purely rule-based","RuleFit",TRUE,"AUC",0.870188679245283,28.58,NA,56,56,0,0,40,16,0,0,0,0.714285714285714,0.714285714285714,2.28571428571429
3,"binary",1,"Purely rule-based","BRP-GABLE full",TRUE,"AUC",0.879709205556622,353.61,NA,29,27,2,22,7,0,0,0,0.758620689655172,0.241379310344828,1,1.24137931034483
3,"binary",1,"Purely rule-based","BRP-GABLE rule-only",TRUE,"AUC",0.879797228090391,355.65,NA,26,26,0,19,7,0,0,0,0.730769230769231,0.269230769230769,1,1.26923076923077
3,"binary",1,"Purely rule-based","GABLE",TRUE,"AUC",0.843683983099674,8.70999999999998,NA,5,5,0,5,0,0,0,0,1,0,1,1
3,"binary",1,"Purely rule-based","GBM",TRUE,"AUC",0.875484123935727,0.0900000000000318,NA,NA,NA,NA,NA,NA,NA,NA,NA,NA,NA,NA,NA
3,"binary",1,"Purely rule-based","Linear",TRUE,"AUC",0.788353818577556,0.0399999999999636,NA,20,0,20,20,0,0,0,0,1,0,1,1
3,"binary",1,"Purely rule-based","Random forest",TRUE,"AUC",0.864171227834326,1.12,NA,NA,NA,NA,NA,NA,NA,NA,NA,NA,NA,NA,NA
3,"binary",1,"Purely rule-based","RuleFit",TRUE,"AUC",0.873667658920684,30.92,NA,57,57,0,1,38,18,0,0,0.0175438596491228,0.666666666666667,0.684210526315789,2.29824561403509
4,"binary",1,"Purely rule-based","BRP-GABLE full",TRUE,"AUC",0.885633730307162,353.69,NA,33,31,2,22,11,0,0,0,0.666666666666667,0.333333333333333,1,1.33333333333333
4,"binary",1,"Purely rule-based","BRP-GABLE rule-only",TRUE,"AUC",0.884933898025588,353.05,NA,29,29,0,18,11,0,0,0,0.620689655172414,0.379310344827586,1,1.37931034482759
4,"binary",1,"Purely rule-based","GABLE",TRUE,"AUC",0.854487171752517,8.21999999999997,NA,5,5,0,4,1,0,0,0,0.8,0.2,1,1.2
4,"binary",1,"Purely rule-based","GBM",TRUE,"AUC",0.871303256633324,0.100000000000023,NA,NA,NA,NA,NA,NA,NA,NA,NA,NA,NA,NA,NA
4,"binary",1,"Purely rule-based","Linear",TRUE,"AUC",0.813949185741118,0.00999999999999091,NA,20,0,20,20,0,0,0,0,1,0,1,1
4,"binary",1,"Purely rule-based","Random forest",TRUE,"AUC",0.86575085166371,1.12,NA,NA,NA,NA,NA,NA,NA,NA,NA,NA,NA,NA,NA
4,"binary",1,"Purely rule-based","RuleFit",TRUE,"AUC",0.875079937739059,34.2,NA,54,54,0,0,34,20,0,0,0,0.62962962962963,0.62962962962963,2.37037037037037
5,"binary",1,"Purely rule-based","BRP-GABLE full",TRUE,"AUC",0.879896820568647,334.62,NA,28,28,0,15,13,0,0,0,0.535714285714286,0.464285714285714,1,1.46428571428571
5,"binary",1,"Purely rule-based","BRP-GABLE rule-only",TRUE,"AUC",0.879896820568647,329.87,NA,28,28,0,15,13,0,0,0,0.535714285714286,0.464285714285714,1,1.46428571428571
5,"binary",1,"Purely rule-based","GABLE",TRUE,"AUC",0.855838963242828,7.05000000000001,NA,5,5,0,4,1,0,0,0,0.8,0.2,1,1.2
5,"binary",1,"Purely rule-based","GBM",TRUE,"AUC",0.870333311987705,0.110000000000014,NA,NA,NA,NA,NA,NA,NA,NA,NA,NA,NA,NA,NA
5,"binary",1,"Purely rule-based","Linear",TRUE,"AUC",0.814689261014344,0.150000000000034,NA,20,0,20,20,0,0,0,0,1,0,1,1
5,"binary",1,"Purely rule-based","Random forest",TRUE,"AUC",0.868112032530738,0.909999999999968,NA,NA,NA,NA,NA,NA,NA,NA,NA,NA,NA,NA,NA
5,"binary",1,"Purely rule-based","RuleFit",TRUE,"AUC",0.881305632044057,27.34,NA,58,58,0,2,44,12,0,0,0.0344827586206897,0.758620689655172,0.793103448275862,2.17241379310345
6,"binary",1,"Purely rule-based","BRP-GABLE full",TRUE,"AUC",0.868582303406762,345.15,NA,35,35,0,23,12,0,0,0,0.657142857142857,0.342857142857143,1,1.34285714285714
6,"binary",1,"Purely rule-based","BRP-GABLE rule-only",TRUE,"AUC",0.86920666303791,340.7,NA,34,34,0,22,12,0,0,0,0.647058823529412,0.352941176470588,1,1.35294117647059
6,"binary",1,"Purely rule-based","GABLE",TRUE,"AUC",0.835893474641393,7.72000000000003,NA,5,5,0,5,0,0,0,0,1,0,1,1
6,"binary",1,"Purely rule-based","GBM",TRUE,"AUC",0.854910428406762,0.0600000000000591,NA,NA,NA,NA,NA,NA,NA,NA,NA,NA,NA,NA,NA
6,"binary",1,"Purely rule-based","Linear",TRUE,"AUC",0.784836065573771,0.0299999999999727,NA,20,0,20,20,0,0,0,0,1,0,1,1
6,"binary",1,"Purely rule-based","Random forest",TRUE,"AUC",0.841882924564549,0.779999999999973,NA,NA,NA,NA,NA,NA,NA,NA,NA,NA,NA,NA,NA
6,"binary",1,"Purely rule-based","RuleFit",TRUE,"AUC",0.853253474001025,27.97,NA,60,60,0,3,30,27,0,0,0.05,0.5,0.55,2.4
7,"binary",1,"Purely rule-based","BRP-GABLE full",TRUE,"AUC",0.861972665002241,325.9,NA,25,25,0,13,12,0,0,0,0.52,0.48,1,1.48
7,"binary",1,"Purely rule-based","BRP-GABLE rule-only",TRUE,"AUC",0.86294891492222,321.02,NA,28,28,0,16,12,0,0,0,0.571428571428571,0.428571428571429,1,1.42857142857143
7,"binary",1,"Purely rule-based","GABLE",TRUE,"AUC",0.835421867998208,7.90999999999997,NA,5,5,0,5,0,0,0,0,1,0,1,1
7,"binary",1,"Purely rule-based","GBM",TRUE,"AUC",0.863435039370079,0.0799999999999272,NA,NA,NA,NA,NA,NA,NA,NA,NA,NA,NA,NA,NA
7,"binary",1,"Purely rule-based","Linear",TRUE,"AUC",0.802233371743166,0.0300000000000864,NA,20,0,20,20,0,0,0,0,1,0,1,1
7,"binary",1,"Purely rule-based","Random forest",TRUE,"AUC",0.8493774406248,0.800000000000068,NA,NA,NA,NA,NA,NA,NA,NA,NA,NA,NA,NA,NA
7,"binary",1,"Purely rule-based","RuleFit",TRUE,"AUC",0.865603594520197,23.37,NA,55,55,0,4,41,10,0,0,0.0727272727272727,0.745454545454545,0.818181818181818,2.10909090909091
8,"binary",1,"Purely rule-based","BRP-GABLE full",TRUE,"AUC",0.888354117407012,322.58,NA,33,32,1,21,12,0,0,0,0.636363636363636,0.363636363636364,1,1.36363636363636
8,"binary",1,"Purely rule-based","BRP-GABLE rule-only",TRUE,"AUC",0.889424327168125,319.42,NA,32,32,0,20,12,0,0,0,0.625,0.375,1,1.375
8,"binary",1,"Purely rule-based","GABLE",TRUE,"AUC",0.864215386215698,7.44000000000005,NA,5,5,0,4,1,0,0,0,0.8,0.2,1,1.2
8,"binary",1,"Purely rule-based","GBM",TRUE,"AUC",0.884129289340711,0.0900000000000318,NA,NA,NA,NA,NA,NA,NA,NA,NA,NA,NA,NA,NA
8,"binary",1,"Purely rule-based","Linear",TRUE,"AUC",0.80520982112494,0.0299999999999727,NA,20,0,20,20,0,0,0,0,1,0,1,1
8,"binary",1,"Purely rule-based","Random forest",TRUE,"AUC",0.878328152317854,0.829999999999927,NA,NA,NA,NA,NA,NA,NA,NA,NA,NA,NA,NA,NA
8,"binary",1,"Purely rule-based","RuleFit",TRUE,"AUC",0.884797420294378,30.28,NA,49,49,0,0,27,22,0,0,0,0.551020408163265,0.551020408163265,2.44897959183673
9,"binary",1,"Purely rule-based","BRP-GABLE full",TRUE,"AUC",0.881301840396975,336.67,NA,32,31,1,23,9,0,0,0,0.71875,0.28125,1,1.28125
9,"binary",1,"Purely rule-based","BRP-GABLE rule-only",TRUE,"AUC",0.881901488656989,337.59,NA,31,31,0,22,9,0,0,0,0.709677419354839,0.290322580645161,1,1.29032258064516
9,"binary",1,"Purely rule-based","GABLE",TRUE,"AUC",0.865491651205937,8.32999999999993,NA,5,5,0,5,0,0,0,0,1,0,1,1
9,"binary",1,"Purely rule-based","GBM",TRUE,"AUC",0.872993291183561,0.110000000000014,NA,NA,NA,NA,NA,NA,NA,NA,NA,NA,NA,NA,NA
9,"binary",1,"Purely rule-based","Linear",TRUE,"AUC",0.808788670269922,0.0499999999999545,NA,20,0,20,20,0,0,0,0,1,0,1,1
9,"binary",1,"Purely rule-based","Random forest",TRUE,"AUC",0.86210102262163,0.840000000000032,NA,NA,NA,NA,NA,NA,NA,NA,NA,NA,NA,NA,NA
9,"binary",1,"Purely rule-based","RuleFit",TRUE,"AUC",0.87282023833,30.1900000000001,NA,48,48,0,0,36,12,0,0,0,0.75,0.75,2.25
10,"binary",1,"Purely rule-based","BRP-GABLE full",TRUE,"AUC",0.88422494424925,334.52,NA,32,31,1,21,11,0,0,0,0.65625,0.34375,1,1.34375
10,"binary",1,"Purely rule-based","BRP-GABLE rule-only",TRUE,"AUC",0.8850812597263,335.53,NA,31,31,0,20,11,0,0,0,0.645161290322581,0.354838709677419,1,1.35483870967742
10,"binary",1,"Purely rule-based","GABLE",TRUE,"AUC",0.848971619258475,8.30999999999995,NA,5,5,0,5,0,0,0,0,1,0,1,1
10,"binary",1,"Purely rule-based","GBM",TRUE,"AUC",0.872621568721824,0.0900000000000318,NA,NA,NA,NA,NA,NA,NA,NA,NA,NA,NA,NA,NA
10,"binary",1,"Purely rule-based","Linear",TRUE,"AUC",0.80292711491874,0.0299999999999727,NA,20,0,20,20,0,0,0,0,1,0,1,1
10,"binary",1,"Purely rule-based","Random forest",TRUE,"AUC",0.867656142208532,0.879999999999995,NA,NA,NA,NA,NA,NA,NA,NA,NA,NA,NA,NA,NA
10,"binary",1,"Purely rule-based","RuleFit",TRUE,"AUC",0.875164444658356,32.03,NA,58,58,0,0,36,22,0,0,0,0.620689655172414,0.620689655172414,2.37931034482759
11,"binary",1,"Purely rule-based","BRP-GABLE full",TRUE,"AUC",0.906451211733415,336.88,NA,32,28,4,22,10,0,0,0,0.6875,0.3125,1,1.3125
11,"binary",1,"Purely rule-based","BRP-GABLE rule-only",TRUE,"AUC",0.906776159280462,333.46,NA,34,34,0,24,10,0,0,0,0.705882352941177,0.294117647058824,1,1.29411764705882
11,"binary",1,"Purely rule-based","GABLE",TRUE,"AUC",0.874730714764253,7.72000000000003,NA,5,5,0,4,1,0,0,0,0.8,0.2,1,1.2
11,"binary",1,"Purely rule-based","GBM",TRUE,"AUC",0.894313819096485,0.0699999999999363,NA,NA,NA,NA,NA,NA,NA,NA,NA,NA,NA,NA,NA
11,"binary",1,"Purely rule-based","Linear",TRUE,"AUC",0.810679942712951,0.0199999999999818,NA,20,0,20,20,0,0,0,0,1,0,1,1
11,"binary",1,"Purely rule-based","Random forest",TRUE,"AUC",0.894947667398133,0.799999999999955,NA,NA,NA,NA,NA,NA,NA,NA,NA,NA,NA,NA,NA
11,"binary",1,"Purely rule-based","RuleFit",TRUE,"AUC",0.895723930982746,28.98,NA,61,61,0,0,38,23,0,0,0,0.622950819672131,0.622950819672131,2.37704918032787
12,"binary",1,"Purely rule-based","BRP-GABLE full",TRUE,"AUC",0.881020278833967,339.77,NA,28,27,1,20,8,0,0,0,0.714285714285714,0.285714285714286,1,1.28571428571429
12,"binary",1,"Purely rule-based","BRP-GABLE rule-only",TRUE,"AUC",0.881643965282123,338.13,NA,27,27,0,19,8,0,0,0,0.703703703703704,0.296296296296296,1,1.2962962962963
12,"binary",1,"Purely rule-based","GABLE",TRUE,"AUC",0.854646965394427,7.86000000000013,NA,5,5,0,5,0,0,0,0,1,0,1,1
12,"binary",1,"Purely rule-based","GBM",TRUE,"AUC",0.872723845277631,0.100000000000136,NA,NA,NA,NA,NA,NA,NA,NA,NA,NA,NA,NA,NA
12,"binary",1,"Purely rule-based","Linear",TRUE,"AUC",0.79538672570631,0.00999999999999091,NA,20,0,20,20,0,0,0,0,1,0,1,1
12,"binary",1,"Purely rule-based","Random forest",TRUE,"AUC",0.862277598626687,0.949999999999818,NA,NA,NA,NA,NA,NA,NA,NA,NA,NA,NA,NA,NA
12,"binary",1,"Purely rule-based","RuleFit",TRUE,"AUC",0.872491216248737,27.1299999999999,NA,47,47,0,0,33,14,0,0,0,0.702127659574468,0.702127659574468,2.29787234042553
13,"binary",1,"Purely rule-based","BRP-GABLE full",TRUE,"AUC",0.893193578878226,335.7,NA,31,31,0,23,8,0,0,0,0.741935483870968,0.258064516129032,1,1.25806451612903
13,"binary",1,"Purely rule-based","BRP-GABLE rule-only",TRUE,"AUC",0.893193578878226,334.5,NA,31,31,0,23,8,0,0,0,0.741935483870968,0.258064516129032,1,1.25806451612903
13,"binary",1,"Purely rule-based","GABLE",TRUE,"AUC",0.844632643906503,7.01999999999998,NA,5,5,0,4,1,0,0,0,0.8,0.2,1,1.2
13,"binary",1,"Purely rule-based","GBM",TRUE,"AUC",0.880322898476425,0.0599999999999454,NA,NA,NA,NA,NA,NA,NA,NA,NA,NA,NA,NA,NA
13,"binary",1,"Purely rule-based","Linear",TRUE,"AUC",0.784652910171582,0,NA,20,0,20,20,0,0,0,0,1,0,1,1
13,"binary",1,"Purely rule-based","Random forest",TRUE,"AUC",0.868689822009324,0.810000000000173,NA,NA,NA,NA,NA,NA,NA,NA,NA,NA,NA,NA,NA
13,"binary",1,"Purely rule-based","RuleFit",TRUE,"AUC",0.878338326471107,27.28,NA,48,48,0,1,38,9,0,0,0.0208333333333333,0.791666666666667,0.8125,2.16666666666667
14,"binary",1,"Purely rule-based","BRP-GABLE full",TRUE,"AUC",0.889482144217164,330.62,NA,24,21,3,17,7,0,0,0,0.708333333333333,0.291666666666667,1,1.29166666666667
14,"binary",1,"Purely rule-based","BRP-GABLE rule-only",TRUE,"AUC",0.877382541457725,332.51,NA,19,19,0,13,6,0,0,0,0.684210526315789,0.315789473684211,1,1.31578947368421
14,"binary",1,"Purely rule-based","GABLE",TRUE,"AUC",0.858979600835368,8.77999999999997,NA,5,5,0,5,0,0,0,0,1,0,1,1
14,"binary",1,"Purely rule-based","GBM",TRUE,"AUC",0.86786440107267,0.0899999999999181,NA,NA,NA,NA,NA,NA,NA,NA,NA,NA,NA,NA,NA
14,"binary",1,"Purely rule-based","Linear",TRUE,"AUC",0.768181471994741,0.00999999999999091,NA,20,0,20,20,0,0,0,0,1,0,1,1
14,"binary",1,"Purely rule-based","Random forest",TRUE,"AUC",0.866539597788921,0.820000000000164,NA,NA,NA,NA,NA,NA,NA,NA,NA,NA,NA,NA,NA
14,"binary",1,"Purely rule-based","RuleFit",TRUE,"AUC",0.871095237522598,28.73,NA,58,58,0,3,30,25,0,0,0.0517241379310345,0.517241379310345,0.568965517241379,2.37931034482759
15,"binary",1,"Purely rule-based","BRP-GABLE full",TRUE,"AUC",0.903468,339.31,NA,19,19,0,13,6,0,0,0,0.684210526315789,0.315789473684211,1,1.31578947368421
15,"binary",1,"Purely rule-based","BRP-GABLE rule-only",TRUE,"AUC",0.903468,339.25,NA,19,19,0,13,6,0,0,0,0.684210526315789,0.315789473684211,1,1.31578947368421
15,"binary",1,"Purely rule-based","GABLE",TRUE,"AUC",0.871032,8.74000000000001,NA,5,5,0,5,0,0,0,0,1,0,1,1
15,"binary",1,"Purely rule-based","GBM",TRUE,"AUC",0.899252,0.0599999999999454,NA,NA,NA,NA,NA,NA,NA,NA,NA,NA,NA,NA,NA
15,"binary",1,"Purely rule-based","Linear",TRUE,"AUC",0.833692,0.00999999999999091,NA,20,0,20,20,0,0,0,0,1,0,1,1
15,"binary",1,"Purely rule-based","Random forest",TRUE,"AUC",0.89381,1,NA,NA,NA,NA,NA,NA,NA,NA,NA,NA,NA,NA,NA
15,"binary",1,"Purely rule-based","RuleFit",TRUE,"AUC",0.905908,28.75,NA,54,54,0,1,33,20,0,0,0.0185185185185185,0.611111111111111,0.62962962962963,2.35185185185185
16,"binary",1,"Purely rule-based","BRP-GABLE full",TRUE,"AUC",0.872527468127362,331.25,NA,30,29,1,18,12,0,0,0,0.6,0.4,1,1.4
16,"binary",1,"Purely rule-based","BRP-GABLE rule-only",TRUE,"AUC",0.875050051252482,329.17,NA,36,36,0,24,12,0,0,0,0.666666666666667,0.333333333333333,1,1.33333333333333
16,"binary",1,"Purely rule-based","GABLE",TRUE,"AUC",0.845111394067525,7.59000000000015,NA,5,5,0,5,0,0,0,0,1,0,1,1
16,"binary",1,"Purely rule-based","GBM",TRUE,"AUC",0.858088682811199,0.0999999999999091,NA,NA,NA,NA,NA,NA,NA,NA,NA,NA,NA,NA,NA
16,"binary",1,"Purely rule-based","Linear",TRUE,"AUC",0.761475751169197,0.00999999999999091,NA,20,0,20,20,0,0,0,0,1,0,1,1
16,"binary",1,"Purely rule-based","Random forest",TRUE,"AUC",0.844923201358191,0.779999999999973,NA,NA,NA,NA,NA,NA,NA,NA,NA,NA,NA,NA,NA
16,"binary",1,"Purely rule-based","RuleFit",TRUE,"AUC",0.852777243897751,21.6999999999998,NA,41,41,0,0,33,8,0,0,0,0.804878048780488,0.804878048780488,2.19512195121951
17,"binary",1,"Purely rule-based","BRP-GABLE full",TRUE,"AUC",0.885971543886175,337.39,NA,29,27,2,22,7,0,0,0,0.758620689655172,0.241379310344828,1,1.24137931034483
17,"binary",1,"Purely rule-based","BRP-GABLE rule-only",TRUE,"AUC",0.886377545510182,337.11,NA,28,28,0,20,8,0,0,0,0.714285714285714,0.285714285714286,1,1.28571428571429
17,"binary",1,"Purely rule-based","GABLE",TRUE,"AUC",0.858331433325733,8.36999999999989,NA,5,5,0,5,0,0,0,0,1,0,1,1
17,"binary",1,"Purely rule-based","GBM",TRUE,"AUC",0.876035504142017,0.0599999999999454,NA,NA,NA,NA,NA,NA,NA,NA,NA,NA,NA,NA,NA
17,"binary",1,"Purely rule-based","Linear",TRUE,"AUC",0.801119204476818,0.0200000000002092,NA,20,0,20,20,0,0,0,0,1,0,1,1
17,"binary",1,"Purely rule-based","Random forest",TRUE,"AUC",0.87126948507794,0.789999999999964,NA,NA,NA,NA,NA,NA,NA,NA,NA,NA,NA,NA,NA
17,"binary",1,"Purely rule-based","RuleFit",TRUE,"AUC",0.881205524822099,29.3400000000001,NA,67,67,0,0,36,31,0,0,0,0.537313432835821,0.537313432835821,2.46268656716418
18,"binary",1,"Purely rule-based","BRP-GABLE full",TRUE,"AUC",0.870962191750127,313.35,NA,32,32,0,18,14,0,0,0,0.5625,0.4375,1,1.4375
18,"binary",1,"Purely rule-based","BRP-GABLE rule-only",TRUE,"AUC",0.872174584565399,310.34,NA,32,32,0,18,14,0,0,0,0.5625,0.4375,1,1.4375
18,"binary",1,"Purely rule-based","GABLE",TRUE,"AUC",0.844495616579772,6.70000000000005,NA,5,5,0,4,1,0,0,0,0.8,0.2,1,1.2
18,"binary",1,"Purely rule-based","GBM",TRUE,"AUC",0.878088500674218,0.0599999999999454,NA,NA,NA,NA,NA,NA,NA,NA,NA,NA,NA,NA,NA
18,"binary",1,"Purely rule-based","Linear",TRUE,"AUC",0.80435261024572,0.0199999999999818,NA,20,0,20,20,0,0,0,0,1,0,1,1
18,"binary",1,"Purely rule-based","Random forest",TRUE,"AUC",0.862151337033199,0.799999999999955,NA,NA,NA,NA,NA,NA,NA,NA,NA,NA,NA,NA,NA
18,"binary",1,"Purely rule-based","RuleFit",TRUE,"AUC",0.876682044982574,23.96,NA,46,46,0,0,30,16,0,0,0,0.652173913043478,0.652173913043478,2.34782608695652
19,"binary",1,"Purely rule-based","BRP-GABLE full",TRUE,"AUC",0.885635016025641,341.53,NA,28,28,0,18,10,0,0,0,0.642857142857143,0.357142857142857,1,1.35714285714286
19,"binary",1,"Purely rule-based","BRP-GABLE rule-only",TRUE,"AUC",0.886356169871795,340.96,NA,30,30,0,20,10,0,0,0,0.666666666666667,0.333333333333333,1,1.33333333333333
19,"binary",1,"Purely rule-based","GABLE",TRUE,"AUC",0.856921073717949,8.33999999999992,NA,5,5,0,5,0,0,0,0,1,0,1,1
19,"binary",1,"Purely rule-based","GBM",TRUE,"AUC",0.868774038461538,0.0800000000001546,NA,NA,NA,NA,NA,NA,NA,NA,NA,NA,NA,NA,NA
19,"binary",1,"Purely rule-based","Linear",TRUE,"AUC",0.79104967948718,0.0199999999999818,NA,20,0,20,20,0,0,0,0,1,0,1,1
19,"binary",1,"Purely rule-based","Random forest",TRUE,"AUC",0.862145432692308,0.829999999999927,NA,NA,NA,NA,NA,NA,NA,NA,NA,NA,NA,NA,NA
19,"binary",1,"Purely rule-based","RuleFit",TRUE,"AUC",0.876889022435897,28.6300000000001,NA,58,58,0,0,30,28,0,0,0,0.517241379310345,0.517241379310345,2.48275862068966
20,"binary",1,"Purely rule-based","BRP-GABLE full",TRUE,"AUC",0.877329018407857,330.58,NA,31,31,0,22,9,0,0,0,0.709677419354839,0.290322580645161,1,1.29032258064516
20,"binary",1,"Purely rule-based","BRP-GABLE rule-only",TRUE,"AUC",0.877329018407857,331.02,NA,31,31,0,22,9,0,0,0,0.709677419354839,0.290322580645161,1,1.29032258064516
20,"binary",1,"Purely rule-based","GABLE",TRUE,"AUC",0.855250404524263,8.32999999999993,NA,5,5,0,5,0,0,0,0,1,0,1,1
20,"binary",1,"Purely rule-based","GBM",TRUE,"AUC",0.864354203047149,0.0899999999999181,NA,NA,NA,NA,NA,NA,NA,NA,NA,NA,NA,NA,NA
20,"binary",1,"Purely rule-based","Linear",TRUE,"AUC",0.802119546932825,0.0199999999999818,NA,20,0,20,20,0,0,0,0,1,0,1,1
20,"binary",1,"Purely rule-based","Random forest",TRUE,"AUC",0.866757317483459,0.840000000000146,NA,NA,NA,NA,NA,NA,NA,NA,NA,NA,NA,NA,NA
20,"binary",1,"Purely rule-based","RuleFit",TRUE,"AUC",0.874249026738653,27.49,NA,50,50,0,0,33,17,0,0,0,0.66,0.66,2.34
21,"binary",1,"Purely rule-based","BRP-GABLE full",TRUE,"AUC",0.870401489415719,327.25,NA,28,27,1,15,13,0,0,0,0.535714285714286,0.464285714285714,1,1.46428571428571
21,"binary",1,"Purely rule-based","BRP-GABLE rule-only",TRUE,"AUC",0.871342448750962,324.21,NA,32,32,0,19,13,0,0,0,0.59375,0.40625,1,1.40625
21,"binary",1,"Purely rule-based","GABLE",TRUE,"AUC",0.853724143767303,7.68999999999983,NA,5,5,0,5,0,0,0,0,1,0,1,1
21,"binary",1,"Purely rule-based","GBM",TRUE,"AUC",0.871693041736684,0.0599999999999454,NA,NA,NA,NA,NA,NA,NA,NA,NA,NA,NA,NA,NA
21,"binary",1,"Purely rule-based","Linear",TRUE,"AUC",0.80087930332741,0.0199999999999818,NA,20,0,20,20,0,0,0,0,1,0,1,1
21,"binary",1,"Purely rule-based","Random forest",TRUE,"AUC",0.859514972738373,0.7800000000002,NA,NA,NA,NA,NA,NA,NA,NA,NA,NA,NA,NA,NA
21,"binary",1,"Purely rule-based","RuleFit",TRUE,"AUC",0.867814354969353,25.3700000000001,NA,60,60,0,0,42,18,0,0,0,0.7,0.7,2.3
22,"binary",1,"Purely rule-based","BRP-GABLE full",TRUE,"AUC",0.898197278911565,310.64,NA,27,27,0,16,11,0,0,0,0.592592592592593,0.407407407407407,1,1.40740740740741
22,"binary",1,"Purely rule-based","BRP-GABLE rule-only",TRUE,"AUC",0.898673469387755,308.81,NA,29,29,0,18,11,0,0,0,0.620689655172414,0.379310344827586,1,1.37931034482759
22,"binary",1,"Purely rule-based","GABLE",TRUE,"AUC",0.868725490196078,6.41000000000008,NA,5,5,0,4,1,0,0,0,0.8,0.2,1,1.2
22,"binary",1,"Purely rule-based","GBM",TRUE,"AUC",0.88655862344938,0.0899999999999181,NA,NA,NA,NA,NA,NA,NA,NA,NA,NA,NA,NA,NA
22,"binary",1,"Purely rule-based","Linear",TRUE,"AUC",0.83108843537415,0.00999999999999091,NA,20,0,20,20,0,0,0,0,1,0,1,1
22,"binary",1,"Purely rule-based","Random forest",TRUE,"AUC",0.887094837935174,0.769999999999982,NA,NA,NA,NA,NA,NA,NA,NA,NA,NA,NA,NA,NA
22,"binary",1,"Purely rule-based","RuleFit",TRUE,"AUC",0.890738295318127,23.79,NA,44,44,0,0,34,10,0,0,0,0.772727272727273,0.772727272727273,2.22727272727273
23,"binary",1,"Purely rule-based","BRP-GABLE full",TRUE,"AUC",0.86464457937487,323.27,NA,38,35,3,29,9,0,0,0,0.763157894736842,0.236842105263158,1,1.23684210526316
23,"binary",1,"Purely rule-based","BRP-GABLE rule-only",TRUE,"AUC",0.865884185904933,337.03,NA,36,36,0,27,9,0,0,0,0.75,0.25,1,1.25
23,"binary",1,"Purely rule-based","GABLE",TRUE,"AUC",0.837273105945305,7.36999999999989,NA,5,5,0,4,1,0,0,0,0.8,0.2,1,1.2
23,"binary",1,"Purely rule-based","GBM",TRUE,"AUC",0.85796992902802,0.0799999999999272,NA,NA,NA,NA,NA,NA,NA,NA,NA,NA,NA,NA,NA
23,"binary",1,"Purely rule-based","Linear",TRUE,"AUC",0.78786907832551,0.0199999999999818,NA,20,0,20,20,0,0,0,0,1,0,1,1
23,"binary",1,"Purely rule-based","Random forest",TRUE,"AUC",0.847570451304891,0.7800000000002,NA,NA,NA,NA,NA,NA,NA,NA,NA,NA,NA,NA,NA
23,"binary",1,"Purely rule-based","RuleFit",TRUE,"AUC",0.855184318877265,30.75,NA,73,73,0,0,52,21,0,0,0,0.712328767123288,0.712328767123288,2.28767123287671
24,"binary",1,"Purely rule-based","BRP-GABLE full",TRUE,"AUC",0.879090065441047,331.28,NA,21,21,0,12,9,0,0,0,0.571428571428571,0.428571428571429,1,1.42857142857143
24,"binary",1,"Purely rule-based","BRP-GABLE rule-only",TRUE,"AUC",0.879762076193219,329.96,NA,21,21,0,12,9,0,0,0,0.571428571428571,0.428571428571429,1,1.42857142857143
24,"binary",1,"Purely rule-based","GABLE",TRUE,"AUC",0.858417734683755,8.1400000000001,NA,5,5,0,5,0,0,0,0,1,0,1,1
24,"binary",1,"Purely rule-based","GBM",TRUE,"AUC",0.874785996575945,0.0799999999999272,NA,NA,NA,NA,NA,NA,NA,NA,NA,NA,NA,NA,NA
24,"binary",1,"Purely rule-based","Linear",TRUE,"AUC",0.794428710859374,0,NA,20,0,20,20,0,0,0,0,1,0,1,1
24,"binary",1,"Purely rule-based","Random forest",TRUE,"AUC",0.865251844029505,0.809999999999945,NA,NA,NA,NA,NA,NA,NA,NA,NA,NA,NA,NA,NA
24,"binary",1,"Purely rule-based","RuleFit",TRUE,"AUC",0.874113985823773,27.1600000000001,NA,55,55,0,0,38,17,0,0,0,0.690909090909091,0.690909090909091,2.30909090909091
25,"binary",1,"Purely rule-based","BRP-GABLE full",TRUE,"AUC",0.875272416408799,293.71,NA,30,30,0,17,13,0,0,0,0.566666666666667,0.433333333333333,1,1.43333333333333
25,"binary",1,"Purely rule-based","BRP-GABLE rule-only",TRUE,"AUC",0.875713901564864,292.62,NA,31,31,0,18,13,0,0,0,0.580645161290323,0.419354838709677,1,1.41935483870968
25,"binary",1,"Purely rule-based","GABLE",TRUE,"AUC",0.861289377465795,6.31000000000017,NA,5,5,0,4,1,0,0,0,0.8,0.2,1,1.2
25,"binary",1,"Purely rule-based","GBM",TRUE,"AUC",0.8638560116231,0.0899999999999181,NA,NA,NA,NA,NA,NA,NA,NA,NA,NA,NA,NA,NA
25,"binary",1,"Purely rule-based","Linear",TRUE,"AUC",0.804715061466774,0.0199999999999818,NA,20,0,20,20,0,0,0,0,1,0,1,1
25,"binary",1,"Purely rule-based","Random forest",TRUE,"AUC",0.853266388129668,0.779999999999973,NA,NA,NA,NA,NA,NA,NA,NA,NA,NA,NA,NA,NA
25,"binary",1,"Purely rule-based","RuleFit",TRUE,"AUC",0.877084512299375,23.5,NA,44,44,0,1,34,9,0,0,0.0227272727272727,0.772727272727273,0.795454545454545,2.18181818181818
26,"binary",1,"Purely rule-based","BRP-GABLE full",TRUE,"AUC",0.871233123312331,315.53,NA,17,17,0,5,12,0,0,0,0.294117647058824,0.705882352941177,1,1.70588235294118
26,"binary",1,"Purely rule-based","BRP-GABLE rule-only",TRUE,"AUC",0.873533353335334,313.8,NA,18,18,0,6,12,0,0,0,0.333333333333333,0.666666666666667,1,1.66666666666667
26,"binary",1,"Purely rule-based","GABLE",TRUE,"AUC",0.845204520452045,6.94000000000005,NA,5,5,0,4,1,0,0,0,0.8,0.2,1,1.2
26,"binary",1,"Purely rule-based","GBM",TRUE,"AUC",0.868090809080908,0.0900000000001455,NA,NA,NA,NA,NA,NA,NA,NA,NA,NA,NA,NA,NA
26,"binary",1,"Purely rule-based","Linear",TRUE,"AUC",0.81017701770177,0.0199999999999818,NA,20,0,20,20,0,0,0,0,1,0,1,1
26,"binary",1,"Purely rule-based","Random forest",TRUE,"AUC",0.858897889788979,0.779999999999745,NA,NA,NA,NA,NA,NA,NA,NA,NA,NA,NA,NA,NA
26,"binary",1,"Purely rule-based","RuleFit",TRUE,"AUC",0.874359435943594,22.9400000000001,NA,56,56,0,3,39,14,0,0,0.0535714285714286,0.696428571428571,0.75,2.19642857142857
27,"binary",1,"Purely rule-based","BRP-GABLE full",TRUE,"AUC",0.8784415241207,305.47,NA,31,30,1,22,9,0,0,0,0.709677419354839,0.290322580645161,1,1.29032258064516
27,"binary",1,"Purely rule-based","BRP-GABLE rule-only",TRUE,"AUC",0.863694423089243,306.36,NA,28,28,0,17,11,0,0,0,0.607142857142857,0.392857142857143,1,1.39285714285714
27,"binary",1,"Purely rule-based","GABLE",TRUE,"AUC",0.846398712281376,6.40999999999985,NA,5,5,0,4,1,0,0,0,0.8,0.2,1,1.2
27,"binary",1,"Purely rule-based","GBM",TRUE,"AUC",0.858799410596451,0.0899999999996908,NA,NA,NA,NA,NA,NA,NA,NA,NA,NA,NA,NA,NA
27,"binary",1,"Purely rule-based","Linear",TRUE,"AUC",0.786305176500737,0.0199999999999818,NA,20,0,20,20,0,0,0,0,1,0,1,1
27,"binary",1,"Purely rule-based","Random forest",TRUE,"AUC",0.853101576013838,0.920000000000073,NA,NA,NA,NA,NA,NA,NA,NA,NA,NA,NA,NA,NA
27,"binary",1,"Purely rule-based","RuleFit",TRUE,"AUC",0.870177061310782,23.3700000000003,NA,54,54,0,1,38,15,0,0,0.0185185185185185,0.703703703703704,0.722222222222222,2.25925925925926
28,"binary",1,"Purely rule-based","BRP-GABLE full",TRUE,"AUC",0.880047943204511,334.59,NA,33,32,1,25,8,0,0,0,0.757575757575758,0.242424242424242,1,1.24242424242424
28,"binary",1,"Purely rule-based","BRP-GABLE rule-only",TRUE,"AUC",0.880075956763073,333.49,NA,34,34,0,26,8,0,0,0,0.764705882352941,0.235294117647059,1,1.23529411764706
28,"binary",1,"Purely rule-based","GABLE",TRUE,"AUC",0.851682214191669,7.65000000000009,NA,5,5,0,5,0,0,0,0,1,0,1,1
28,"binary",1,"Purely rule-based","GBM",TRUE,"AUC",0.868268241829045,0.0900000000001455,NA,NA,NA,NA,NA,NA,NA,NA,NA,NA,NA,NA,NA
28,"binary",1,"Purely rule-based","Linear",TRUE,"AUC",0.783275105150893,0.0199999999999818,NA,20,0,20,20,0,0,0,0,1,0,1,1
28,"binary",1,"Purely rule-based","Random forest",TRUE,"AUC",0.855752184057084,0.799999999999727,NA,NA,NA,NA,NA,NA,NA,NA,NA,NA,NA,NA,NA
28,"binary",1,"Purely rule-based","RuleFit",TRUE,"AUC",0.865618959576435,26.9400000000001,NA,56,56,0,2,33,21,0,0,0.0357142857142857,0.589285714285714,0.625,2.33928571428571
29,"binary",1,"Purely rule-based","BRP-GABLE full",TRUE,"AUC",0.888413992372308,326.28,NA,27,25,2,20,7,0,0,0,0.740740740740741,0.259259259259259,1,1.25925925925926
29,"binary",1,"Purely rule-based","BRP-GABLE rule-only",TRUE,"AUC",0.888860208340837,326.24,NA,25,25,0,18,7,0,0,0,0.72,0.28,1,1.28
29,"binary",1,"Purely rule-based","GABLE",TRUE,"AUC",0.857310938494231,6.44000000000005,NA,5,5,0,4,1,0,0,0,0.8,0.2,1,1.2
29,"binary",1,"Purely rule-based","GBM",TRUE,"AUC",0.87041928293294,0.0799999999999272,NA,NA,NA,NA,NA,NA,NA,NA,NA,NA,NA,NA,NA
29,"binary",1,"Purely rule-based","Linear",TRUE,"AUC",0.790098407629293,0.0100000000002183,NA,20,0,20,20,0,0,0,0,1,0,1,1
29,"binary",1,"Purely rule-based","Random forest",TRUE,"AUC",0.868756478135418,0.769999999999982,NA,NA,NA,NA,NA,NA,NA,NA,NA,NA,NA,NA,NA
29,"binary",1,"Purely rule-based","RuleFit",TRUE,"AUC",0.884564129038455,26.4499999999998,NA,57,57,0,0,45,12,0,0,0,0.789473684210526,0.789473684210526,2.21052631578947
30,"binary",1,"Purely rule-based","BRP-GABLE full",TRUE,"AUC",0.897854561607818,324.55,NA,38,37,1,23,15,0,0,0,0.605263157894737,0.394736842105263,1,1.39473684210526
30,"binary",1,"Purely rule-based","BRP-GABLE rule-only",TRUE,"AUC",0.897498389220383,324.67,NA,42,42,0,25,17,0,0,0,0.595238095238095,0.404761904761905,1,1.4047619047619
30,"binary",1,"Purely rule-based","GABLE",TRUE,"AUC",0.863043713157168,7.63000000000011,NA,5,5,0,4,1,0,0,0,0.8,0.2,1,1.2
30,"binary",1,"Purely rule-based","GBM",TRUE,"AUC",0.878639261402519,0.110000000000127,NA,NA,NA,NA,NA,NA,NA,NA,NA,NA,NA,NA,NA
30,"binary",1,"Purely rule-based","Linear",TRUE,"AUC",0.82102537628212,0,NA,20,0,20,20,0,0,0,0,1,0,1,1
30,"binary",1,"Purely rule-based","Random forest",TRUE,"AUC",0.874025028113607,0.839999999999691,NA,NA,NA,NA,NA,NA,NA,NA,NA,NA,NA,NA,NA
30,"binary",1,"Purely rule-based","RuleFit",TRUE,"AUC",0.888626095029994,26.1399999999999,NA,51,51,0,0,35,16,0,0,0,0.686274509803922,0.686274509803922,2.31372549019608
31,"binary",1,"Purely rule-based","BRP-GABLE full",TRUE,"AUC",0.867693697310317,310.6,NA,31,31,0,22,9,0,0,0,0.709677419354839,0.290322580645161,1,1.29032258064516
31,"binary",1,"Purely rule-based","BRP-GABLE rule-only",TRUE,"AUC",0.868187474909675,310.12,NA,30,30,0,21,9,0,0,0,0.7,0.3,1,1.3
31,"binary",1,"Purely rule-based","GABLE",TRUE,"AUC",0.833745483741469,6.38999999999987,NA,5,5,0,4,1,0,0,0,0.8,0.2,1,1.2
31,"binary",1,"Purely rule-based","GBM",TRUE,"AUC",0.852432757928543,0.0599999999999454,NA,NA,NA,NA,NA,NA,NA,NA,NA,NA,NA,NA,NA
31,"binary",1,"Purely rule-based","Linear",TRUE,"AUC",0.779751103974307,0.0199999999999818,NA,20,0,20,20,0,0,0,0,1,0,1,1
31,"binary",1,"Purely rule-based","Random forest",TRUE,"AUC",0.842420714572461,0.769999999999982,NA,NA,NA,NA,NA,NA,NA,NA,NA,NA,NA,NA,NA
31,"binary",1,"Purely rule-based","RuleFit",TRUE,"AUC",0.866963067041349,21.1700000000001,NA,53,53,0,1,36,16,0,0,0.0188679245283019,0.679245283018868,0.69811320754717,2.28301886792453
32,"binary",1,"Purely rule-based","BRP-GABLE full",TRUE,"AUC",0.883334200280891,331.51,NA,28,27,1,17,11,0,0,0,0.607142857142857,0.392857142857143,1,1.39285714285714
32,"binary",1,"Purely rule-based","BRP-GABLE rule-only",TRUE,"AUC",0.884616615783514,329.01,NA,29,29,0,18,11,0,0,0,0.620689655172414,0.379310344827586,1,1.37931034482759
32,"binary",1,"Purely rule-based","GABLE",TRUE,"AUC",0.869991877368267,6.44999999999982,NA,5,5,0,4,1,0,0,0,0.8,0.2,1,1.2
32,"binary",1,"Purely rule-based","GBM",TRUE,"AUC",0.873008854868978,0.0700000000001637,NA,NA,NA,NA,NA,NA,NA,NA,NA,NA,NA,NA,NA
32,"binary",1,"Purely rule-based","Linear",TRUE,"AUC",0.787767236584653,0,NA,20,0,20,20,0,0,0,0,1,0,1,1
32,"binary",1,"Purely rule-based","Random forest",TRUE,"AUC",0.870856157394996,0.789999999999964,NA,NA,NA,NA,NA,NA,NA,NA,NA,NA,NA,NA,NA
32,"binary",1,"Purely rule-based","RuleFit",TRUE,"AUC",0.880591311584954,24.0500000000002,NA,55,55,0,1,47,7,0,0,0.0181818181818182,0.854545454545454,0.872727272727273,2.10909090909091
33,"binary",1,"Purely rule-based","BRP-GABLE full",TRUE,"AUC",0.89699051829073,327.29,NA,28,26,2,17,11,0,0,0,0.607142857142857,0.392857142857143,1,1.39285714285714
33,"binary",1,"Purely rule-based","BRP-GABLE rule-only",TRUE,"AUC",0.897725270677173,323.46,NA,28,28,0,16,12,0,0,0,0.571428571428571,0.428571428571429,1,1.42857142857143
33,"binary",1,"Purely rule-based","GABLE",TRUE,"AUC",0.864419165225191,8.23000000000002,NA,5,5,0,5,0,0,0,0,1,0,1,1
33,"binary",1,"Purely rule-based","GBM",TRUE,"AUC",0.885066307899289,0.0799999999999272,NA,NA,NA,NA,NA,NA,NA,NA,NA,NA,NA,NA,NA
33,"binary",1,"Purely rule-based","Linear",TRUE,"AUC",0.804736049714908,0.0199999999999818,NA,20,0,20,20,0,0,0,0,1,0,1,1
33,"binary",1,"Purely rule-based","Random forest",TRUE,"AUC",0.873740710487539,0.920000000000073,NA,NA,NA,NA,NA,NA,NA,NA,NA,NA,NA,NA,NA
33,"binary",1,"Purely rule-based","RuleFit",TRUE,"AUC",0.88778709398424,24.7999999999997,NA,53,53,0,0,36,17,0,0,0,0.679245283018868,0.679245283018868,2.32075471698113
34,"binary",1,"Purely rule-based","BRP-GABLE full",TRUE,"AUC",0.90411544435481,328.98,NA,28,27,1,20,8,0,0,0,0.714285714285714,0.285714285714286,1,1.28571428571429
34,"binary",1,"Purely rule-based","BRP-GABLE rule-only",TRUE,"AUC",0.904500740491012,327.51,NA,27,27,0,20,7,0,0,0,0.740740740740741,0.259259259259259,1,1.25925925925926
34,"binary",1,"Purely rule-based","GABLE",TRUE,"AUC",0.881041824698285,8.01999999999998,NA,5,5,0,5,0,0,0,0,1,0,1,1
34,"binary",1,"Purely rule-based","GBM",TRUE,"AUC",0.895949975718316,0.0599999999999454,NA,NA,NA,NA,NA,NA,NA,NA,NA,NA,NA,NA,NA
34,"binary",1,"Purely rule-based","Linear",TRUE,"AUC",0.816888011269912,0.0100000000002183,NA,20,0,20,20,0,0,0,0,1,0,1,1
34,"binary",1,"Purely rule-based","Random forest",TRUE,"AUC",0.893034166937578,0.799999999999727,NA,NA,NA,NA,NA,NA,NA,NA,NA,NA,NA,NA,NA
34,"binary",1,"Purely rule-based","RuleFit",TRUE,"AUC",0.895287747984219,26.5700000000002,NA,51,51,0,1,27,23,0,0,0.0196078431372549,0.529411764705882,0.549019607843137,2.43137254901961
35,"binary",1,"Purely rule-based","BRP-GABLE full",TRUE,"AUC",0.879007980887558,316.57,NA,36,32,4,20,16,0,0,0,0.555555555555556,0.444444444444444,1,1.44444444444444
35,"binary",1,"Purely rule-based","BRP-GABLE rule-only",TRUE,"AUC",0.879982042000874,316.93,NA,30,30,0,15,15,0,0,0,0.5,0.5,1,1.5
35,"binary",1,"Purely rule-based","GABLE",TRUE,"AUC",0.854684512428298,6.64999999999964,NA,5,5,0,4,1,0,0,0,0.8,0.2,1,1.2
35,"binary",1,"Purely rule-based","GBM",TRUE,"AUC",0.852782487744066,0.0799999999999272,NA,NA,NA,NA,NA,NA,NA,NA,NA,NA,NA,NA,NA
35,"binary",1,"Purely rule-based","Linear",TRUE,"AUC",0.779284966990151,0,NA,20,0,20,20,0,0,0,0,1,0,1,1
35,"binary",1,"Purely rule-based","Random forest",TRUE,"AUC",0.855786844963944,0.800000000000182,NA,NA,NA,NA,NA,NA,NA,NA,NA,NA,NA,NA,NA
35,"binary",1,"Purely rule-based","RuleFit",TRUE,"AUC",0.864761836045071,27.5,NA,58,58,0,0,44,14,0,0,0,0.758620689655172,0.758620689655172,2.24137931034483
36,"binary",1,"Purely rule-based","BRP-GABLE full",TRUE,"AUC",0.874927255286785,324.41,NA,34,32,2,24,10,0,0,0,0.705882352941177,0.294117647058824,1,1.29411764705882
36,"binary",1,"Purely rule-based","BRP-GABLE rule-only",TRUE,"AUC",0.878109961911872,323.8,NA,36,36,0,26,10,0,0,0,0.722222222222222,0.277777777777778,1,1.27777777777778
36,"binary",1,"Purely rule-based","GABLE",TRUE,"AUC",0.846020011318074,7.30999999999995,NA,5,5,0,5,0,0,0,0,1,0,1,1
36,"binary",1,"Purely rule-based","GBM",TRUE,"AUC",0.868628064810021,0.069999999999709,NA,NA,NA,NA,NA,NA,NA,NA,NA,NA,NA,NA,NA
36,"binary",1,"Purely rule-based","Linear",TRUE,"AUC",0.785743240260235,0.0199999999999818,NA,20,0,20,20,0,0,0,0,1,0,1,1
36,"binary",1,"Purely rule-based","Random forest",TRUE,"AUC",0.860789696539158,0.769999999999982,NA,NA,NA,NA,NA,NA,NA,NA,NA,NA,NA,NA,NA
36,"binary",1,"Purely rule-based","RuleFit",TRUE,"AUC",0.870775288069064,24.3000000000002,NA,54,54,0,0,48,6,0,0,0,0.888888888888889,0.888888888888889,2.11111111111111
37,"binary",1,"Purely rule-based","BRP-GABLE full",TRUE,"AUC",0.875844216119327,345.83,NA,35,33,2,32,3,0,0,0,0.914285714285714,0.0857142857142857,1,1.08571428571429
37,"binary",1,"Purely rule-based","BRP-GABLE rule-only",TRUE,"AUC",0.877052525446514,342.94,NA,34,34,0,31,3,0,0,0,0.911764705882353,0.0882352941176471,1,1.08823529411765
37,"binary",1,"Purely rule-based","GABLE",TRUE,"AUC",0.847705012483196,8.19000000000005,NA,5,5,0,5,0,0,0,0,1,0,1,1
37,"binary",1,"Purely rule-based","GBM",TRUE,"AUC",0.868388307406696,0.0700000000001637,NA,NA,NA,NA,NA,NA,NA,NA,NA,NA,NA,NA,NA
37,"binary",1,"Purely rule-based","Linear",TRUE,"AUC",0.787037481595288,0.0100000000002183,NA,20,0,20,20,0,0,0,0,1,0,1,1
37,"binary",1,"Purely rule-based","Random forest",TRUE,"AUC",0.860548300364893,0.809999999999945,NA,NA,NA,NA,NA,NA,NA,NA,NA,NA,NA,NA,NA
37,"binary",1,"Purely rule-based","RuleFit",TRUE,"AUC",0.866497823442801,26.5799999999999,NA,59,59,0,0,36,23,0,0,0,0.610169491525424,0.610169491525424,2.38983050847458
38,"binary",1,"Purely rule-based","BRP-GABLE full",TRUE,"AUC",0.897828786119711,333.96,NA,33,32,1,27,6,0,0,0,0.818181818181818,0.181818181818182,1,1.18181818181818
38,"binary",1,"Purely rule-based","BRP-GABLE rule-only",TRUE,"AUC",0.89882248129515,333.570000000001,NA,32,32,0,27,5,0,0,0,0.84375,0.15625,1,1.15625
38,"binary",1,"Purely rule-based","GABLE",TRUE,"AUC",0.879754821336429,8.14000000000033,NA,5,5,0,5,0,0,0,0,1,0,1,1
38,"binary",1,"Purely rule-based","GBM",TRUE,"AUC",0.894230924277606,0.0799999999999272,NA,NA,NA,NA,NA,NA,NA,NA,NA,NA,NA,NA,NA
38,"binary",1,"Purely rule-based","Linear",TRUE,"AUC",0.812826528637771,0,NA,20,0,20,20,0,0,0,0,1,0,1,1
38,"binary",1,"Purely rule-based","Random forest",TRUE,"AUC",0.876160990712074,0.769999999999982,NA,NA,NA,NA,NA,NA,NA,NA,NA,NA,NA,NA,NA
38,"binary",1,"Purely rule-based","RuleFit",TRUE,"AUC",0.884856327399381,25.9199999999996,NA,64,64,0,1,37,26,0,0,0.015625,0.578125,0.59375,2.390625
39,"binary",1,"Purely rule-based","BRP-GABLE full",TRUE,"AUC",0.883427803400922,327.89,NA,33,33,0,22,11,0,0,0,0.666666666666667,0.333333333333333,1,1.33333333333333
39,"binary",1,"Purely rule-based","BRP-GABLE rule-only",TRUE,"AUC",0.884375837530151,329,NA,33,33,0,22,11,0,0,0,0.666666666666667,0.333333333333333,1,1.33333333333333
39,"binary",1,"Purely rule-based","GABLE",TRUE,"AUC",0.851814665327952,7.57999999999993,NA,5,5,0,5,0,0,0,0,1,0,1,1
39,"binary",1,"Purely rule-based","GBM",TRUE,"AUC",0.876153541527495,0.0900000000001455,NA,NA,NA,NA,NA,NA,NA,NA,NA,NA,NA,NA,NA
39,"binary",1,"Purely rule-based","Linear",TRUE,"AUC",0.799812793260557,0.0199999999999818,NA,20,0,20,20,0,0,0,0,1,0,1,1
39,"binary",1,"Purely rule-based","Random forest",TRUE,"AUC",0.874995499837994,0.809999999999945,NA,NA,NA,NA,NA,NA,NA,NA,NA,NA,NA,NA,NA
39,"binary",1,"Purely rule-based","RuleFit",TRUE,"AUC",0.881449732190359,26.7199999999998,NA,58,58,0,1,38,19,0,0,0.0172413793103448,0.655172413793103,0.672413793103448,2.31034482758621
40,"binary",1,"Purely rule-based","BRP-GABLE full",TRUE,"AUC",0.895312926152316,316.8,NA,36,34,2,24,12,0,0,0,0.666666666666667,0.333333333333333,1,1.33333333333333
40,"binary",1,"Purely rule-based","BRP-GABLE rule-only",TRUE,"AUC",0.895296882771013,315.52,NA,34,34,0,22,12,0,0,0,0.647058823529412,0.352941176470588,1,1.35294117647059
40,"binary",1,"Purely rule-based","GABLE",TRUE,"AUC",0.864503617782484,7.44000000000005,NA,5,5,0,5,0,0,0,0,1,0,1,1
40,"binary",1,"Purely rule-based","GBM",TRUE,"AUC",0.878318974507067,0.0799999999999272,NA,NA,NA,NA,NA,NA,NA,NA,NA,NA,NA,NA,NA
40,"binary",1,"Purely rule-based","Linear",TRUE,"AUC",0.808586417673389,0.0199999999999818,NA,20,0,20,20,0,0,0,0,1,0,1,1
40,"binary",1,"Purely rule-based","Random forest",TRUE,"AUC",0.879726781216409,0.949999999999818,NA,NA,NA,NA,NA,NA,NA,NA,NA,NA,NA,NA,NA
40,"binary",1,"Purely rule-based","RuleFit",TRUE,"AUC",0.884788468017519,24.4400000000001,NA,51,51,0,0,26,25,0,0,0,0.509803921568627,0.509803921568627,2.49019607843137
41,"binary",1,"Purely rule-based","BRP-GABLE full",TRUE,"AUC",0.871507954326769,317.26,NA,33,33,0,23,10,0,0,0,0.696969696969697,0.303030303030303,1,1.3030303030303
41,"binary",1,"Purely rule-based","BRP-GABLE rule-only",TRUE,"AUC",0.874651196356405,316.26,NA,33,33,0,23,10,0,0,0,0.696969696969697,0.303030303030303,1,1.3030303030303
41,"binary",1,"Purely rule-based","GABLE",TRUE,"AUC",0.850365241516454,7.09999999999991,NA,5,5,0,5,0,0,0,0,1,0,1,1
41,"binary",1,"Purely rule-based","GBM",TRUE,"AUC",0.866592629418179,0.0599999999999454,NA,NA,NA,NA,NA,NA,NA,NA,NA,NA,NA,NA,NA
41,"binary",1,"Purely rule-based","Linear",TRUE,"AUC",0.805487843992559,0,NA,20,0,20,20,0,0,0,0,1,0,1,1
41,"binary",1,"Purely rule-based","Random forest",TRUE,"AUC",0.851922830200783,0.7800000000002,NA,NA,NA,NA,NA,NA,NA,NA,NA,NA,NA,NA,NA
41,"binary",1,"Purely rule-based","RuleFit",TRUE,"AUC",0.868557155686702,24.25,NA,69,69,0,2,46,21,0,0,0.0289855072463768,0.666666666666667,0.695652173913043,2.27536231884058
42,"binary",1,"Purely rule-based","BRP-GABLE full",TRUE,"AUC",0.886499913996904,317.65,NA,32,29,3,16,16,0,0,0,0.5,0.5,1,1.5
42,"binary",1,"Purely rule-based","BRP-GABLE rule-only",TRUE,"AUC",0.888299978799237,315.150000000001,NA,28,28,0,13,15,0,0,0,0.464285714285714,0.535714285714286,1,1.53571428571429
42,"binary",1,"Purely rule-based","GABLE",TRUE,"AUC",0.871271365769168,6.91000000000031,NA,5,5,0,4,1,0,0,0,0.8,0.2,1,1.2
42,"binary",1,"Purely rule-based","GBM",TRUE,"AUC",0.866571196563076,0.0999999999999091,NA,NA,NA,NA,NA,NA,NA,NA,NA,NA,NA,NA,NA
42,"binary",1,"Purely rule-based","Linear",TRUE,"AUC",0.781784144229192,0.0100000000002183,NA,20,0,20,20,0,0,0,0,1,0,1,1
42,"binary",1,"Purely rule-based","Random forest",TRUE,"AUC",0.869983319399498,0.789999999999964,NA,NA,NA,NA,NA,NA,NA,NA,NA,NA,NA,NA,NA
42,"binary",1,"Purely rule-based","RuleFit",TRUE,"AUC",0.874093467364825,24.9199999999996,NA,54,54,0,0,37,17,0,0,0,0.685185185185185,0.685185185185185,2.31481481481481
43,"binary",1,"Purely rule-based","BRP-GABLE full",TRUE,"AUC",0.899367669025393,325.57,NA,38,36,2,23,15,0,0,0,0.605263157894737,0.394736842105263,1,1.39473684210526
43,"binary",1,"Purely rule-based","BRP-GABLE rule-only",TRUE,"AUC",0.900270712944163,327.78,NA,36,36,0,21,15,0,0,0,0.583333333333333,0.416666666666667,1,1.41666666666667
43,"binary",1,"Purely rule-based","GABLE",TRUE,"AUC",0.861201548990633,7.63000000000011,NA,5,5,0,5,0,0,0,0,1,0,1,1
43,"binary",1,"Purely rule-based","GBM",TRUE,"AUC",0.888004533240426,0.0999999999999091,NA,NA,NA,NA,NA,NA,NA,NA,NA,NA,NA,NA,NA
43,"binary",1,"Purely rule-based","Linear",TRUE,"AUC",0.794598555930656,0.0100000000002183,NA,20,0,20,20,0,0,0,0,1,0,1,1
43,"binary",1,"Purely rule-based","Random forest",TRUE,"AUC",0.879424614854772,0.809999999999945,NA,NA,NA,NA,NA,NA,NA,NA,NA,NA,NA,NA,NA
43,"binary",1,"Purely rule-based","RuleFit",TRUE,"AUC",0.892401616268406,25.6999999999998,NA,49,49,0,0,41,8,0,0,0,0.836734693877551,0.836734693877551,2.16326530612245
44,"binary",1,"Purely rule-based","BRP-GABLE full",TRUE,"AUC",0.877539591425291,319.98,NA,35,33,2,17,18,0,0,0,0.485714285714286,0.514285714285714,1,1.51428571428571
44,"binary",1,"Purely rule-based","BRP-GABLE rule-only",TRUE,"AUC",0.877991607697877,318.94,NA,33,33,0,15,18,0,0,0,0.454545454545455,0.545454545454545,1,1.54545454545455
44,"binary",1,"Purely rule-based","GABLE",TRUE,"AUC",0.832763979503262,7.79999999999973,NA,5,5,0,5,0,0,0,0,1,0,1,1
44,"binary",1,"Purely rule-based","GBM",TRUE,"AUC",0.8635030861111,0.0599999999999454,NA,NA,NA,NA,NA,NA,NA,NA,NA,NA,NA,NA,NA
44,"binary",1,"Purely rule-based","Linear",TRUE,"AUC",0.783284198231136,0.0199999999999818,NA,20,0,20,20,0,0,0,0,1,0,1,1
44,"binary",1,"Purely rule-based","Random forest",TRUE,"AUC",0.860380973715054,0.8100000000004,NA,NA,NA,NA,NA,NA,NA,NA,NA,NA,NA,NA,NA
44,"binary",1,"Purely rule-based","RuleFit",TRUE,"AUC",0.882635774887896,25.1700000000001,NA,51,51,0,0,30,21,0,0,0,0.588235294117647,0.588235294117647,2.41176470588235
45,"binary",1,"Purely rule-based","BRP-GABLE full",TRUE,"AUC",0.883206320632063,331.14,NA,29,28,1,22,7,0,0,0,0.758620689655172,0.241379310344828,1,1.24137931034483
45,"binary",1,"Purely rule-based","BRP-GABLE rule-only",TRUE,"AUC",0.882976297629763,330.73,NA,29,29,0,22,7,0,0,0,0.758620689655172,0.241379310344828,1,1.24137931034483
45,"binary",1,"Purely rule-based","GABLE",TRUE,"AUC",0.843480348034803,8.27999999999975,NA,5,5,0,5,0,0,0,0,1,0,1,1
45,"binary",1,"Purely rule-based","GBM",TRUE,"AUC",0.865080508050805,0.0900000000001455,NA,NA,NA,NA,NA,NA,NA,NA,NA,NA,NA,NA,NA
45,"binary",1,"Purely rule-based","Linear",TRUE,"AUC",0.791963196319632,0.0199999999999818,NA,20,0,20,20,0,0,0,0,1,0,1,1
45,"binary",1,"Purely rule-based","Random forest",TRUE,"AUC",0.855441544154415,0.7800000000002,NA,NA,NA,NA,NA,NA,NA,NA,NA,NA,NA,NA,NA
45,"binary",1,"Purely rule-based","RuleFit",TRUE,"AUC",0.874543454345435,26.2400000000002,NA,44,44,0,2,35,7,0,0,0.0454545454545455,0.795454545454545,0.840909090909091,2.11363636363636
46,"binary",1,"Purely rule-based","BRP-GABLE full",TRUE,"AUC",0.881601031890049,325.89,NA,30,29,1,21,9,0,0,0,0.7,0.3,1,1.3
46,"binary",1,"Purely rule-based","BRP-GABLE rule-only",TRUE,"AUC",0.883271443965086,325.32,NA,33,33,0,23,10,0,0,0,0.696969696969697,0.303030303030303,1,1.3030303030303
46,"binary",1,"Purely rule-based","GABLE",TRUE,"AUC",0.863420779605751,7.80999999999995,NA,5,5,0,5,0,0,0,0,1,0,1,1
46,"binary",1,"Purely rule-based","GBM",TRUE,"AUC",0.879293700102949,0.0999999999999091,NA,NA,NA,NA,NA,NA,NA,NA,NA,NA,NA,NA,NA
46,"binary",1,"Purely rule-based","Linear",TRUE,"AUC",0.809156421873185,0,NA,20,0,20,20,0,0,0,0,1,0,1,1
46,"binary",1,"Purely rule-based","Random forest",TRUE,"AUC",0.864259991427621,0.75,NA,NA,NA,NA,NA,NA,NA,NA,NA,NA,NA,NA,NA
46,"binary",1,"Purely rule-based","RuleFit",TRUE,"AUC",0.876433570075189,25.1999999999998,NA,46,46,0,0,35,11,0,0,0,0.760869565217391,0.760869565217391,2.23913043478261
47,"binary",1,"Purely rule-based","BRP-GABLE full",TRUE,"AUC",0.888554662952156,340.04,NA,23,23,0,19,4,0,0,0,0.826086956521739,0.173913043478261,1,1.17391304347826
47,"binary",1,"Purely rule-based","BRP-GABLE rule-only",TRUE,"AUC",0.888686752244517,338.16,NA,23,23,0,19,4,0,0,0,0.826086956521739,0.173913043478261,1,1.17391304347826
47,"binary",1,"Purely rule-based","GABLE",TRUE,"AUC",0.852724441722604,7.94999999999982,NA,5,5,0,5,0,0,0,0,1,0,1,1
47,"binary",1,"Purely rule-based","GBM",TRUE,"AUC",0.883337135903871,0.0599999999999454,NA,NA,NA,NA,NA,NA,NA,NA,NA,NA,NA,NA,NA
47,"binary",1,"Purely rule-based","Linear",TRUE,"AUC",0.800140895245186,0.0199999999999818,NA,20,0,20,20,0,0,0,0,1,0,1,1
47,"binary",1,"Purely rule-based","Random forest",TRUE,"AUC",0.869391708795145,0.809999999999945,NA,NA,NA,NA,NA,NA,NA,NA,NA,NA,NA,NA,NA
47,"binary",1,"Purely rule-based","RuleFit",TRUE,"AUC",0.877879446505838,22.21,NA,41,41,0,2,32,7,0,0,0.0487804878048781,0.780487804878049,0.829268292682927,2.1219512195122
48,"binary",1,"Purely rule-based","BRP-GABLE full",TRUE,"AUC",0.882391064313261,317.06,NA,30,29,1,20,10,0,0,0,0.666666666666667,0.333333333333333,1,1.33333333333333
48,"binary",1,"Purely rule-based","BRP-GABLE rule-only",TRUE,"AUC",0.88229505048727,315.95,NA,26,26,0,16,10,0,0,0,0.615384615384615,0.384615384615385,1,1.38461538461538
48,"binary",1,"Purely rule-based","GABLE",TRUE,"AUC",0.853246867548927,7.76000000000022,NA,5,5,0,5,0,0,0,0,1,0,1,1
48,"binary",1,"Purely rule-based","GBM",TRUE,"AUC",0.870605367172873,0.0599999999999454,NA,NA,NA,NA,NA,NA,NA,NA,NA,NA,NA,NA,NA
48,"binary",1,"Purely rule-based","Linear",TRUE,"AUC",0.794750444063945,0.0199999999999818,NA,20,0,20,20,0,0,0,0,1,0,1,1
48,"binary",1,"Purely rule-based","Random forest",TRUE,"AUC",0.873197740474628,0.769999999999982,NA,NA,NA,NA,NA,NA,NA,NA,NA,NA,NA,NA,NA
48,"binary",1,"Purely rule-based","RuleFit",TRUE,"AUC",0.874113872397625,26.5,NA,65,65,0,2,36,27,0,0,0.0307692307692308,0.553846153846154,0.584615384615385,2.38461538461538
49,"binary",1,"Purely rule-based","BRP-GABLE full",TRUE,"AUC",0.896736542639815,318.46,NA,29,29,0,18,11,0,0,0,0.620689655172414,0.379310344827586,1,1.37931034482759
49,"binary",1,"Purely rule-based","BRP-GABLE rule-only",TRUE,"AUC",0.896844577643156,317.8,NA,29,29,0,18,11,0,0,0,0.620689655172414,0.379310344827586,1,1.37931034482759
49,"binary",1,"Purely rule-based","GABLE",TRUE,"AUC",0.864710166093814,6.84999999999991,NA,5,5,0,4,1,0,0,0,0.8,0.2,1,1.2
49,"binary",1,"Purely rule-based","GBM",TRUE,"AUC",0.88626915120499,0.0599999999999454,NA,NA,NA,NA,NA,NA,NA,NA,NA,NA,NA,NA,NA
49,"binary",1,"Purely rule-based","Linear",TRUE,"AUC",0.819641563866693,0.0199999999999818,NA,20,0,20,20,0,0,0,0,1,0,1,1
49,"binary",1,"Purely rule-based","Random forest",TRUE,"AUC",0.883576278714303,0.920000000000073,NA,NA,NA,NA,NA,NA,NA,NA,NA,NA,NA,NA,NA
49,"binary",1,"Purely rule-based","RuleFit",TRUE,"AUC",0.888473865532432,26.3899999999999,NA,59,59,0,0,43,16,0,0,0,0.728813559322034,0.728813559322034,2.27118644067797
50,"binary",1,"Purely rule-based","BRP-GABLE full",TRUE,"AUC",0.875194152215337,322.59,NA,25,21,4,17,8,0,0,0,0.68,0.32,1,1.32
50,"binary",1,"Purely rule-based","BRP-GABLE rule-only",TRUE,"AUC",0.863957342556564,322.01,NA,28,28,0,20,8,0,0,0,0.714285714285714,0.285714285714286,1,1.28571428571429
50,"binary",1,"Purely rule-based","GABLE",TRUE,"AUC",0.848419160621928,7.63000000000011,NA,5,5,0,4,1,0,0,0,0.8,0.2,1,1.2
50,"binary",1,"Purely rule-based","GBM",TRUE,"AUC",0.851195337144321,0.0799999999999272,NA,NA,NA,NA,NA,NA,NA,NA,NA,NA,NA,NA,NA
50,"binary",1,"Purely rule-based","Linear",TRUE,"AUC",0.80522729820179,0.0199999999999818,NA,20,0,20,20,0,0,0,0,1,0,1,1
50,"binary",1,"Purely rule-based","Random forest",TRUE,"AUC",0.860612720372772,0.820000000000164,NA,NA,NA,NA,NA,NA,NA,NA,NA,NA,NA,NA,NA
50,"binary",1,"Purely rule-based","RuleFit",TRUE,"AUC",0.859892155449873,27.3899999999999,NA,41,41,0,0,31,10,0,0,0,0.75609756097561,0.75609756097561,2.24390243902439
51,"binary",1,"Purely rule-based","BRP-GABLE full",TRUE,"AUC",0.875828052995392,325.2,NA,27,25,2,15,12,0,0,0,0.555555555555556,0.444444444444444,1,1.44444444444444
51,"binary",1,"Purely rule-based","BRP-GABLE rule-only",TRUE,"AUC",0.877286146313364,322.27,NA,26,26,0,15,11,0,0,0,0.576923076923077,0.423076923076923,1,1.42307692307692
51,"binary",1,"Purely rule-based","GABLE",TRUE,"AUC",0.854626696108551,7.98000000000002,NA,5,5,0,5,0,0,0,0,1,0,1,1
51,"binary",1,"Purely rule-based","GBM",TRUE,"AUC",0.881610423067076,0.0700000000001637,NA,NA,NA,NA,NA,NA,NA,NA,NA,NA,NA,NA,NA
51,"binary",1,"Purely rule-based","Linear",TRUE,"AUC",0.809211789554531,0,NA,20,0,20,20,0,0,0,0,1,0,1,1
51,"binary",1,"Purely rule-based","Random forest",TRUE,"AUC",0.866753472222222,0.75,NA,NA,NA,NA,NA,NA,NA,NA,NA,NA,NA,NA,NA
51,"binary",1,"Purely rule-based","RuleFit",TRUE,"AUC",0.878758240527394,23.0899999999997,NA,51,51,0,0,38,13,0,0,0,0.745098039215686,0.745098039215686,2.25490196078431
52,"binary",1,"Purely rule-based","BRP-GABLE full",TRUE,"AUC",0.879298892841281,339.13,NA,32,32,0,22,10,0,0,0,0.6875,0.3125,1,1.3125
52,"binary",1,"Purely rule-based","BRP-GABLE rule-only",TRUE,"AUC",0.879130838391639,336.679999999999,NA,32,32,0,23,9,0,0,0,0.71875,0.28125,1,1.28125
52,"binary",1,"Purely rule-based","GABLE",TRUE,"AUC",0.844857733905785,7.72000000000025,NA,5,5,0,5,0,0,0,0,1,0,1,1
52,"binary",1,"Purely rule-based","GBM",TRUE,"AUC",0.871646413437954,0.069999999999709,NA,NA,NA,NA,NA,NA,NA,NA,NA,NA,NA,NA,NA
52,"binary",1,"Purely rule-based","Linear",TRUE,"AUC",0.796722137972703,0.0199999999999818,NA,20,0,20,20,0,0,0,0,1,0,1,1
52,"binary",1,"Purely rule-based","Random forest",TRUE,"AUC",0.860136684285709,0.7800000000002,NA,NA,NA,NA,NA,NA,NA,NA,NA,NA,NA,NA,NA
52,"binary",1,"Purely rule-based","RuleFit",TRUE,"AUC",0.869371676423161,23.3800000000001,NA,55,55,0,1,44,10,0,0,0.0181818181818182,0.8,0.818181818181818,2.16363636363636
53,"binary",1,"Purely rule-based","BRP-GABLE full",TRUE,"AUC",0.864161605937922,317.35,NA,29,28,1,22,7,0,0,0,0.758620689655172,0.241379310344828,1,1.24137931034483
53,"binary",1,"Purely rule-based","BRP-GABLE rule-only",TRUE,"AUC",0.864251976094081,315.23,NA,28,28,0,20,8,0,0,0,0.714285714285714,0.285714285714286,1,1.28571428571429
53,"binary",1,"Purely rule-based","GABLE",TRUE,"AUC",0.848509494891074,7.76999999999953,NA,5,5,0,5,0,0,0,0,1,0,1,1
53,"binary",1,"Purely rule-based","GBM",TRUE,"AUC",0.868668064391749,0.0799999999999272,NA,NA,NA,NA,NA,NA,NA,NA,NA,NA,NA,NA,NA
53,"binary",1,"Purely rule-based","Linear",TRUE,"AUC",0.78115962984384,0.0100000000002183,NA,20,0,20,20,0,0,0,0,1,0,1,1
53,"binary",1,"Purely rule-based","Random forest",TRUE,"AUC",0.853363376389692,0.779999999999745,NA,NA,NA,NA,NA,NA,NA,NA,NA,NA,NA,NA,NA
53,"binary",1,"Purely rule-based","RuleFit",TRUE,"AUC",0.855544309491678,25.5800000000008,NA,53,53,0,2,26,25,0,0,0.0377358490566038,0.490566037735849,0.528301886792453,2.43396226415094
54,"binary",1,"Purely rule-based","BRP-GABLE full",TRUE,"AUC",0.89454332196442,318.08,NA,29,28,1,20,9,0,0,0,0.689655172413793,0.310344827586207,1,1.31034482758621
54,"binary",1,"Purely rule-based","BRP-GABLE rule-only",TRUE,"AUC",0.892287553441898,318.379999999999,NA,28,28,0,19,9,0,0,0,0.678571428571429,0.321428571428571,1,1.32142857142857
54,"binary",1,"Purely rule-based","GABLE",TRUE,"AUC",0.872676178123649,8.04999999999927,NA,5,5,0,5,0,0,0,0,1,0,1,1
54,"binary",1,"Purely rule-based","GBM",TRUE,"AUC",0.88925917919649,0.0599999999994907,NA,NA,NA,NA,NA,NA,NA,NA,NA,NA,NA,NA,NA
54,"binary",1,"Purely rule-based","Linear",TRUE,"AUC",0.793197867127828,0.0200000000004366,NA,20,0,20,20,0,0,0,0,1,0,1,1
54,"binary",1,"Purely rule-based","Random forest",TRUE,"AUC",0.879263342460489,0.770000000000437,NA,NA,NA,NA,NA,NA,NA,NA,NA,NA,NA,NA,NA
54,"binary",1,"Purely rule-based","RuleFit",TRUE,"AUC",0.880336183567917,27.3700000000008,NA,58,58,0,1,34,23,0,0,0.0172413793103448,0.586206896551724,0.603448275862069,2.37931034482759
55,"binary",1,"Purely rule-based","BRP-GABLE full",TRUE,"AUC",0.870050769557499,329.13,NA,27,26,1,21,6,0,0,0,0.777777777777778,0.222222222222222,1,1.22222222222222
55,"binary",1,"Purely rule-based","BRP-GABLE rule-only",TRUE,"AUC",0.858881066200778,328.94,NA,26,26,0,20,6,0,0,0,0.769230769230769,0.230769230769231,1,1.23076923076923
55,"binary",1,"Purely rule-based","GABLE",TRUE,"AUC",0.855404934304112,8.27000000000044,NA,5,5,0,5,0,0,0,0,1,0,1,1
55,"binary",1,"Purely rule-based","GBM",TRUE,"AUC",0.863913944197565,0.100000000000364,NA,NA,NA,NA,NA,NA,NA,NA,NA,NA,NA,NA,NA
55,"binary",1,"Purely rule-based","Linear",TRUE,"AUC",0.792009104059561,0.00999999999930878,NA,20,0,20,20,0,0,0,0,1,0,1,1
55,"binary",1,"Purely rule-based","Random forest",TRUE,"AUC",0.866672810838319,0.819999999999709,NA,NA,NA,NA,NA,NA,NA,NA,NA,NA,NA,NA,NA
55,"binary",1,"Purely rule-based","RuleFit",TRUE,"AUC",0.871922070532419,27.1700000000001,NA,64,64,0,1,41,22,0,0,0.015625,0.640625,0.65625,2.328125
56,"binary",1,"Purely rule-based","BRP-GABLE full",TRUE,"AUC",0.8698484903041,319.919999999999,NA,27,27,0,18,9,0,0,0,0.666666666666667,0.333333333333333,1,1.33333333333333
56,"binary",1,"Purely rule-based","BRP-GABLE rule-only",TRUE,"AUC",0.870382594988618,318.15,NA,27,27,0,18,9,0,0,0,0.666666666666667,0.333333333333333,1,1.33333333333333
56,"binary",1,"Purely rule-based","GABLE",TRUE,"AUC",0.843811387031858,7.26999999999953,NA,5,5,0,5,0,0,0,0,1,0,1,1
56,"binary",1,"Purely rule-based","GBM",TRUE,"AUC",0.860238606766926,0.0399999999999636,NA,NA,NA,NA,NA,NA,NA,NA,NA,NA,NA,NA,NA
56,"binary",1,"Purely rule-based","Linear",TRUE,"AUC",0.790130865649667,0.0199999999995271,NA,20,0,20,20,0,0,0,0,1,0,1,1
56,"binary",1,"Purely rule-based","Random forest",TRUE,"AUC",0.851684930246328,0.780000000000655,NA,NA,NA,NA,NA,NA,NA,NA,NA,NA,NA,NA,NA
56,"binary",1,"Purely rule-based","RuleFit",TRUE,"AUC",0.858984360934743,22.7799999999997,NA,53,53,0,1,32,20,0,0,0.0188679245283019,0.60377358490566,0.622641509433962,2.35849056603774
57,"binary",1,"Purely rule-based","BRP-GABLE full",TRUE,"AUC",0.868633749339144,320.19,NA,35,33,2,26,9,0,0,0,0.742857142857143,0.257142857142857,1,1.25714285714286
57,"binary",1,"Purely rule-based","BRP-GABLE rule-only",TRUE,"AUC",0.869234527948221,319.879999999999,NA,36,36,0,27,9,0,0,0,0.75,0.25,1,1.25
57,"binary",1,"Purely rule-based","GABLE",TRUE,"AUC",0.825974462903924,6.96000000000004,NA,5,5,0,4,1,0,0,0,0.8,0.2,1,1.2
57,"binary",1,"Purely rule-based","GBM",TRUE,"AUC",0.849056377064676,0.100000000000364,NA,NA,NA,NA,NA,NA,NA,NA,NA,NA,NA,NA,NA
57,"binary",1,"Purely rule-based","Linear",TRUE,"AUC",0.771603998782422,0.0100000000002183,NA,20,0,20,20,0,0,0,0,1,0,1,1
57,"binary",1,"Purely rule-based","Random forest",TRUE,"AUC",0.858268315737195,0.759999999999309,NA,NA,NA,NA,NA,NA,NA,NA,NA,NA,NA,NA,NA
57,"binary",1,"Purely rule-based","RuleFit",TRUE,"AUC",0.857321088130217,25.2300000000005,NA,50,50,0,0,28,22,0,0,0,0.56,0.56,2.44
58,"binary",1,"Purely rule-based","BRP-GABLE full",TRUE,"AUC",0.876495505982024,322.139999999999,NA,35,33,2,20,15,0,0,0,0.571428571428571,0.428571428571429,1,1.42857142857143
58,"binary",1,"Purely rule-based","BRP-GABLE rule-only",TRUE,"AUC",0.87815151260605,321.36,NA,37,37,0,22,15,0,0,0,0.594594594594595,0.405405405405405,1,1.40540540540541
58,"binary",1,"Purely rule-based","GABLE",TRUE,"AUC",0.845697382789531,7.60999999999967,NA,5,5,0,5,0,0,0,0,1,0,1,1
58,"binary",1,"Purely rule-based","GBM",TRUE,"AUC",0.862911451645807,0.0799999999999272,NA,NA,NA,NA,NA,NA,NA,NA,NA,NA,NA,NA,NA
58,"binary",1,"Purely rule-based","Linear",TRUE,"AUC",0.799271197084788,0,NA,20,0,20,20,0,0,0,0,1,0,1,1
58,"binary",1,"Purely rule-based","Random forest",TRUE,"AUC",0.847241388965556,0.779999999999745,NA,NA,NA,NA,NA,NA,NA,NA,NA,NA,NA,NA,NA
58,"binary",1,"Purely rule-based","RuleFit",TRUE,"AUC",0.859119436477746,26.9200000000001,NA,59,59,0,0,44,15,0,0,0,0.745762711864407,0.745762711864407,2.25423728813559
59,"binary",1,"Purely rule-based","BRP-GABLE full",TRUE,"AUC",0.879226328360359,315.039999999999,NA,28,27,1,17,11,0,0,0,0.607142857142857,0.392857142857143,1,1.39285714285714
59,"binary",1,"Purely rule-based","BRP-GABLE rule-only",TRUE,"AUC",0.878664218186765,313.799999999999,NA,28,28,0,17,11,0,0,0,0.607142857142857,0.392857142857143,1,1.39285714285714
59,"binary",1,"Purely rule-based","GABLE",TRUE,"AUC",0.845899796360087,7.05999999999949,NA,5,5,0,4,1,0,0,0,0.8,0.2,1,1.2
59,"binary",1,"Purely rule-based","GBM",TRUE,"AUC",0.865987733595785,0.089999999999236,NA,NA,NA,NA,NA,NA,NA,NA,NA,NA,NA,NA,NA
59,"binary",1,"Purely rule-based","Linear",TRUE,"AUC",0.804625706638501,0.0200000000004366,NA,20,0,20,20,0,0,0,0,1,0,1,1
59,"binary",1,"Purely rule-based","Random forest",TRUE,"AUC",0.860152589907622,0.770000000000437,NA,NA,NA,NA,NA,NA,NA,NA,NA,NA,NA,NA,NA
59,"binary",1,"Purely rule-based","RuleFit",TRUE,"AUC",0.877752039399722,27.0800000000008,NA,61,61,0,0,48,13,0,0,0,0.786885245901639,0.786885245901639,2.21311475409836
60,"binary",1,"Purely rule-based","BRP-GABLE full",TRUE,"AUC",0.890936073698653,325.89,NA,28,28,0,14,14,0,0,0,0.5,0.5,1,1.5
60,"binary",1,"Purely rule-based","BRP-GABLE rule-only",TRUE,"AUC",0.893484165429955,323.95,NA,28,28,0,14,14,0,0,0,0.5,0.5,1,1.5
60,"binary",1,"Purely rule-based","GABLE",TRUE,"AUC",0.867495229828274,8.30000000000018,NA,5,5,0,5,0,0,0,0,1,0,1,1
60,"binary",1,"Purely rule-based","GBM",TRUE,"AUC",0.889326015736567,0.110000000000582,NA,NA,NA,NA,NA,NA,NA,NA,NA,NA,NA,NA,NA
60,"binary",1,"Purely rule-based","Linear",TRUE,"AUC",0.821389570024521,0.00999999999930878,NA,20,0,20,20,0,0,0,0,1,0,1,1
60,"binary",1,"Purely rule-based","Random forest",TRUE,"AUC",0.881313727294183,0.829999999999927,NA,NA,NA,NA,NA,NA,NA,NA,NA,NA,NA,NA,NA
60,"binary",1,"Purely rule-based","RuleFit",TRUE,"AUC",0.893068150453416,24.4799999999996,NA,70,70,0,2,38,30,0,0,0.0285714285714286,0.542857142857143,0.571428571428571,2.4
61,"binary",1,"Purely rule-based","BRP-GABLE full",TRUE,"AUC",0.885126050420168,321.87,NA,42,40,2,30,12,0,0,0,0.714285714285714,0.285714285714286,1,1.28571428571429
61,"binary",1,"Purely rule-based","BRP-GABLE rule-only",TRUE,"AUC",0.884549819927971,319.66,NA,40,40,0,28,12,0,0,0,0.7,0.3,1,1.3
61,"binary",1,"Purely rule-based","GABLE",TRUE,"AUC",0.869653861544618,7.11999999999989,NA,5,5,0,4,1,0,0,0,0.8,0.2,1,1.2
61,"binary",1,"Purely rule-based","GBM",TRUE,"AUC",0.868197278911565,0.0799999999999272,NA,NA,NA,NA,NA,NA,NA,NA,NA,NA,NA,NA,NA
61,"binary",1,"Purely rule-based","Linear",TRUE,"AUC",0.798039215686275,0.0100000000002183,NA,20,0,20,20,0,0,0,0,1,0,1,1
61,"binary",1,"Purely rule-based","Random forest",TRUE,"AUC",0.860982392957183,0.769999999999527,NA,NA,NA,NA,NA,NA,NA,NA,NA,NA,NA,NA,NA
61,"binary",1,"Purely rule-based","RuleFit",TRUE,"AUC",0.873007202881152,24.71,NA,55,55,0,0,32,23,0,0,0,0.581818181818182,0.581818181818182,2.41818181818182
62,"binary",1,"Purely rule-based","BRP-GABLE full",TRUE,"AUC",0.908781458119877,334.37,NA,26,26,0,18,8,0,0,0,0.692307692307692,0.307692307692308,1,1.30769230769231
62,"binary",1,"Purely rule-based","BRP-GABLE rule-only",TRUE,"AUC",0.909249727843238,326.05,NA,26,26,0,18,8,0,0,0,0.692307692307692,0.307692307692308,1,1.30769230769231
62,"binary",1,"Purely rule-based","GABLE",TRUE,"AUC",0.880463146772541,6.14999999999964,NA,5,5,0,4,1,0,0,0,0.8,0.2,1,1.2
62,"binary",1,"Purely rule-based","GBM",TRUE,"AUC",0.900924932761271,0.0600000000004002,NA,NA,NA,NA,NA,NA,NA,NA,NA,NA,NA,NA,NA
62,"binary",1,"Purely rule-based","Linear",TRUE,"AUC",0.816758452868853,0.0100000000002183,NA,20,0,20,20,0,0,0,0,1,0,1,1
62,"binary",1,"Purely rule-based","Random forest",TRUE,"AUC",0.900076444031762,0.779999999999745,NA,NA,NA,NA,NA,NA,NA,NA,NA,NA,NA,NA,NA
62,"binary",1,"Purely rule-based","RuleFit",TRUE,"AUC",0.90375256147541,24.0100000000002,NA,53,53,0,0,40,13,0,0,0,0.754716981132076,0.754716981132076,2.24528301886792
63,"binary",1,"Purely rule-based","BRP-GABLE full",TRUE,"AUC",0.900799987193802,316.58,NA,31,29,2,22,9,0,0,0,0.709677419354839,0.290322580645161,1,1.29032258064516
63,"binary",1,"Purely rule-based","BRP-GABLE rule-only",TRUE,"AUC",0.900727952328927,314.59,NA,30,30,0,21,9,0,0,0,0.7,0.3,1,1.3
63,"binary",1,"Purely rule-based","GABLE",TRUE,"AUC",0.856508550138267,6.38000000000011,NA,5,5,0,4,1,0,0,0,0.8,0.2,1,1.2
63,"binary",1,"Purely rule-based","GBM",TRUE,"AUC",0.897472376630289,0.0900000000001455,NA,NA,NA,NA,NA,NA,NA,NA,NA,NA,NA,NA,NA
63,"binary",1,"Purely rule-based","Linear",TRUE,"AUC",0.810460262767179,0.0199999999995271,NA,20,0,20,20,0,0,0,0,1,0,1,1
63,"binary",1,"Purely rule-based","Random forest",TRUE,"AUC",0.892846137530565,0.760000000000218,NA,NA,NA,NA,NA,NA,NA,NA,NA,NA,NA,NA,NA
63,"binary",1,"Purely rule-based","RuleFit",TRUE,"AUC",0.895483413972363,26.6599999999999,NA,56,56,0,0,33,23,0,0,0,0.589285714285714,0.589285714285714,2.41071428571429
64,"binary",1,"Purely rule-based","BRP-GABLE full",TRUE,"AUC",0.879342625338049,322.51,NA,33,33,0,24,9,0,0,0,0.727272727272727,0.272727272727273,1,1.27272727272727
64,"binary",1,"Purely rule-based","BRP-GABLE rule-only",TRUE,"AUC",0.879342625338049,321.31,NA,33,33,0,24,9,0,0,0,0.727272727272727,0.272727272727273,1,1.27272727272727
64,"binary",1,"Purely rule-based","GABLE",TRUE,"AUC",0.838846793938327,7.92000000000007,NA,5,5,0,5,0,0,0,0,1,0,1,1
64,"binary",1,"Purely rule-based","GBM",TRUE,"AUC",0.869629226608632,0.0900000000001455,NA,NA,NA,NA,NA,NA,NA,NA,NA,NA,NA,NA,NA
64,"binary",1,"Purely rule-based","Linear",TRUE,"AUC",0.804163799587141,0.0199999999995271,NA,20,0,20,20,0,0,0,0,1,0,1,1
64,"binary",1,"Purely rule-based","Random forest",TRUE,"AUC",0.860123857835528,0.779999999999745,NA,NA,NA,NA,NA,NA,NA,NA,NA,NA,NA,NA,NA
64,"binary",1,"Purely rule-based","RuleFit",TRUE,"AUC",0.872351618633083,25.3600000000006,NA,53,53,0,1,34,18,0,0,0.0188679245283019,0.641509433962264,0.660377358490566,2.32075471698113
65,"binary",1,"Purely rule-based","BRP-GABLE full",TRUE,"AUC",0.880603701733262,310.07,NA,30,30,0,13,17,0,0,0,0.433333333333333,0.566666666666667,1,1.56666666666667
65,"binary",1,"Purely rule-based","BRP-GABLE rule-only",TRUE,"AUC",0.881359728950242,310.610000000001,NA,30,30,0,13,17,0,0,0,0.433333333333333,0.566666666666667,1,1.56666666666667
65,"binary",1,"Purely rule-based","GABLE",TRUE,"AUC",0.853246716881808,7.0600000000004,NA,5,5,0,4,1,0,0,0,0.8,0.2,1,1.2
65,"binary",1,"Purely rule-based","GBM",TRUE,"AUC",0.862623054429959,0.0799999999999272,NA,NA,NA,NA,NA,NA,NA,NA,NA,NA,NA,NA,NA
65,"binary",1,"Purely rule-based","Linear",TRUE,"AUC",0.795260629382658,0.00999999999930878,NA,20,0,20,20,0,0,0,0,1,0,1,1
65,"binary",1,"Purely rule-based","Random forest",TRUE,"AUC",0.858172894224192,0.800000000000182,NA,NA,NA,NA,NA,NA,NA,NA,NA,NA,NA,NA,NA
65,"binary",1,"Purely rule-based","RuleFit",TRUE,"AUC",0.871255365193147,25.3099999999995,NA,54,54,0,0,40,14,0,0,0,0.740740740740741,0.740740740740741,2.25925925925926
66,"binary",1,"Purely rule-based","BRP-GABLE full",TRUE,"AUC",0.885415498486038,336.79,NA,25,23,2,20,5,0,0,0,0.8,0.2,1,1.2
66,"binary",1,"Purely rule-based","BRP-GABLE rule-only",TRUE,"AUC",0.87880292859546,331.14,NA,26,26,0,19,7,0,0,0,0.730769230769231,0.269230769230769,1,1.26923076923077
66,"binary",1,"Purely rule-based","GABLE",TRUE,"AUC",0.864450327624601,6.74000000000069,NA,5,5,0,4,1,0,0,0,0.8,0.2,1,1.2
66,"binary",1,"Purely rule-based","GBM",TRUE,"AUC",0.881918966981208,0.0900000000001455,NA,NA,NA,NA,NA,NA,NA,NA,NA,NA,NA,NA,NA
66,"binary",1,"Purely rule-based","Linear",TRUE,"AUC",0.79206251301687,0.0199999999995271,NA,20,0,20,20,0,0,0,0,1,0,1,1
66,"binary",1,"Purely rule-based","Random forest",TRUE,"AUC",0.870143706243291,0.75,NA,NA,NA,NA,NA,NA,NA,NA,NA,NA,NA,NA,NA
66,"binary",1,"Purely rule-based","RuleFit",TRUE,"AUC",0.876948525288774,23.4799999999996,NA,53,53,0,0,39,14,0,0,0,0.735849056603774,0.735849056603774,2.26415094339623
67,"binary",1,"Purely rule-based","BRP-GABLE full",TRUE,"AUC",0.879939945951356,309.35,NA,35,33,2,26,9,0,0,0,0.742857142857143,0.257142857142857,1,1.25714285714286
67,"binary",1,"Purely rule-based","BRP-GABLE rule-only",TRUE,"AUC",0.879541587428686,307.96,NA,32,32,0,23,9,0,0,0,0.71875,0.28125,1,1.28125
67,"binary",1,"Purely rule-based","GABLE",TRUE,"AUC",0.835455910319287,6.26999999999953,NA,5,5,0,4,1,0,0,0,0.8,0.2,1,1.2
67,"binary",1,"Purely rule-based","GBM",TRUE,"AUC",0.880220198178361,0.100000000000364,NA,NA,NA,NA,NA,NA,NA,NA,NA,NA,NA,NA,NA
67,"binary",1,"Purely rule-based","Linear",TRUE,"AUC",0.795019517565809,0.00999999999930878,NA,20,0,20,20,0,0,0,0,1,0,1,1
67,"binary",1,"Purely rule-based","Random forest",TRUE,"AUC",0.870843759383445,0.789999999999964,NA,NA,NA,NA,NA,NA,NA,NA,NA,NA,NA,NA,NA
67,"binary",1,"Purely rule-based","RuleFit",TRUE,"AUC",0.875319787809028,24.4700000000003,NA,50,50,0,0,40,10,0,0,0,0.8,0.8,2.2
68,"binary",1,"Purely rule-based","BRP-GABLE full",TRUE,"AUC",0.890726615816941,309.92,NA,32,30,2,17,15,0,0,0,0.53125,0.46875,1,1.46875
68,"binary",1,"Purely rule-based","BRP-GABLE rule-only",TRUE,"AUC",0.890692492974709,308.640000000001,NA,29,29,0,15,14,0,0,0,0.517241379310345,0.482758620689655,1,1.48275862068966
68,"binary",1,"Purely rule-based","GABLE",TRUE,"AUC",0.846372942593336,5.39000000000033,NA,5,5,0,2,3,0,0,0,0.4,0.6,1,1.6
68,"binary",1,"Purely rule-based","GBM",TRUE,"AUC",0.87320152549177,0.0799999999999272,NA,NA,NA,NA,NA,NA,NA,NA,NA,NA,NA,NA,NA
68,"binary",1,"Purely rule-based","Linear",TRUE,"AUC",0.791384985949418,0,NA,20,0,20,20,0,0,0,0,1,0,1,1
68,"binary",1,"Purely rule-based","Random forest",TRUE,"AUC",0.866742272179847,0.779999999999745,NA,NA,NA,NA,NA,NA,NA,NA,NA,NA,NA,NA,NA
68,"binary",1,"Purely rule-based","RuleFit",TRUE,"AUC",0.881101967081493,24.8599999999997,NA,55,55,0,0,33,22,0,0,0,0.6,0.6,2.4
69,"binary",1,"Purely rule-based","BRP-GABLE full",TRUE,"AUC",0.870983540746688,335.440000000001,NA,33,32,1,27,6,0,0,0,0.818181818181818,0.181818181818182,1,1.18181818181818
69,"binary",1,"Purely rule-based","BRP-GABLE rule-only",TRUE,"AUC",0.872001204335608,333.49,NA,33,33,0,27,6,0,0,0,0.818181818181818,0.181818181818182,1,1.18181818181818
69,"binary",1,"Purely rule-based","GABLE",TRUE,"AUC",0.827639502207949,8.14999999999964,NA,5,5,0,5,0,0,0,0,1,0,1,1
69,"binary",1,"Purely rule-based","GBM",TRUE,"AUC",0.859710959454035,0.0999999999994543,NA,NA,NA,NA,NA,NA,NA,NA,NA,NA,NA,NA,NA
69,"binary",1,"Purely rule-based","Linear",TRUE,"AUC",0.781971095945403,0.0100000000002183,NA,20,0,20,20,0,0,0,0,1,0,1,1
69,"binary",1,"Purely rule-based","Random forest",TRUE,"AUC",0.851242472902449,0.8100000000004,NA,NA,NA,NA,NA,NA,NA,NA,NA,NA,NA,NA,NA
69,"binary",1,"Purely rule-based","RuleFit",TRUE,"AUC",0.860808912083501,26.8900000000003,NA,66,66,0,1,53,12,0,0,0.0151515151515152,0.803030303030303,0.818181818181818,2.16666666666667
70,"binary",1,"Purely rule-based","BRP-GABLE full",TRUE,"AUC",0.891166716912873,338.4,NA,48,46,2,42,6,0,0,0,0.875,0.125,1,1.125
70,"binary",1,"Purely rule-based","BRP-GABLE rule-only",TRUE,"AUC",0.89132750477339,337.749999999999,NA,46,46,0,40,6,0,0,0,0.869565217391304,0.130434782608696,1,1.1304347826087
70,"binary",1,"Purely rule-based","GABLE",TRUE,"AUC",0.865486885740127,8.57000000000062,NA,5,5,0,5,0,0,0,0,1,0,1,1
70,"binary",1,"Purely rule-based","GBM",TRUE,"AUC",0.879995980303487,0.100000000000364,NA,NA,NA,NA,NA,NA,NA,NA,NA,NA,NA,NA,NA
70,"binary",1,"Purely rule-based","Linear",TRUE,"AUC",0.811005929052357,0.0100000000002183,NA,20,0,20,20,0,0,0,0,1,0,1,1
70,"binary",1,"Purely rule-based","Random forest",TRUE,"AUC",0.867826349110642,0.799999999999272,NA,NA,NA,NA,NA,NA,NA,NA,NA,NA,NA,NA,NA
70,"binary",1,"Purely rule-based","RuleFit",TRUE,"AUC",0.87664757310823,24.7799999999997,NA,65,65,0,1,37,27,0,0,0.0153846153846154,0.569230769230769,0.584615384615385,2.4
71,"binary",1,"Purely rule-based","BRP-GABLE full",TRUE,"AUC",0.910672765618559,329.94,NA,32,29,3,23,9,0,0,0,0.71875,0.28125,1,1.28125
71,"binary",1,"Purely rule-based","BRP-GABLE rule-only",TRUE,"AUC",0.910596728816747,327.809999999999,NA,30,30,0,21,9,0,0,0,0.7,0.3,1,1.3
71,"binary",1,"Purely rule-based","GABLE",TRUE,"AUC",0.87641618543375,7.28999999999996,NA,5,5,0,4,1,0,0,0,0.8,0.2,1,1.2
71,"binary",1,"Purely rule-based","GBM",TRUE,"AUC",0.888421996246183,0.0600000000004002,NA,NA,NA,NA,NA,NA,NA,NA,NA,NA,NA,NA,NA
71,"binary",1,"Purely rule-based","Linear",TRUE,"AUC",0.817275561371704,0.0199999999995271,NA,20,0,20,20,0,0,0,0,1,0,1,1
71,"binary",1,"Purely rule-based","Random forest",TRUE,"AUC",0.889674602507614,0.770000000000437,NA,NA,NA,NA,NA,NA,NA,NA,NA,NA,NA,NA,NA
71,"binary",1,"Purely rule-based","RuleFit",TRUE,"AUC",0.903621352734724,26.5999999999995,NA,58,58,0,1,36,21,0,0,0.0172413793103448,0.620689655172414,0.637931034482759,2.3448275862069
72,"binary",1,"Purely rule-based","BRP-GABLE full",TRUE,"AUC",0.89300628810061,329.639999999999,NA,33,30,3,26,7,0,0,0,0.787878787878788,0.212121212121212,1,1.21212121212121
72,"binary",1,"Purely rule-based","BRP-GABLE rule-only",TRUE,"AUC",0.894494311908991,327.34,NA,32,32,0,25,7,0,0,0,0.78125,0.21875,1,1.21875
72,"binary",1,"Purely rule-based","GABLE",TRUE,"AUC",0.866459863357814,7.52000000000044,NA,5,5,0,5,0,0,0,0,1,0,1,1
72,"binary",1,"Purely rule-based","GBM",TRUE,"AUC",0.874931998911983,0.0599999999994907,NA,NA,NA,NA,NA,NA,NA,NA,NA,NA,NA,NA,NA
72,"binary",1,"Purely rule-based","Linear",TRUE,"AUC",0.797152754444071,0.0100000000002183,NA,20,0,20,20,0,0,0,0,1,0,1,1
72,"binary",1,"Purely rule-based","Random forest",TRUE,"AUC",0.867347877566041,0.800000000000182,NA,NA,NA,NA,NA,NA,NA,NA,NA,NA,NA,NA,NA
72,"binary",1,"Purely rule-based","RuleFit",TRUE,"AUC",0.879410070561129,25.4499999999998,NA,61,61,0,1,44,16,0,0,0.0163934426229508,0.721311475409836,0.737704918032787,2.24590163934426
73,"binary",1,"Purely rule-based","BRP-GABLE full",TRUE,"AUC",0.883312331233123,324.36,NA,38,38,0,28,10,0,0,0,0.736842105263158,0.263157894736842,1,1.26315789473684
73,"binary",1,"Purely rule-based","BRP-GABLE rule-only",TRUE,"AUC",0.883312331233123,322.099999999999,NA,38,38,0,28,10,0,0,0,0.736842105263158,0.263157894736842,1,1.26315789473684
73,"binary",1,"Purely rule-based","GABLE",TRUE,"AUC",0.861674167416742,8.32999999999993,NA,5,5,0,5,0,0,0,0,1,0,1,1
73,"binary",1,"Purely rule-based","GBM",TRUE,"AUC",0.873157315731573,0.0600000000004002,NA,NA,NA,NA,NA,NA,NA,NA,NA,NA,NA,NA,NA
73,"binary",1,"Purely rule-based","Linear",TRUE,"AUC",0.816285628562856,0.0100000000002183,NA,20,0,20,20,0,0,0,0,1,0,1,1
73,"binary",1,"Purely rule-based","Random forest",TRUE,"AUC",0.863406340634063,0.819999999999709,NA,NA,NA,NA,NA,NA,NA,NA,NA,NA,NA,NA,NA
73,"binary",1,"Purely rule-based","RuleFit",TRUE,"AUC",0.877991799179918,25.9499999999998,NA,52,52,0,0,33,19,0,0,0,0.634615384615385,0.634615384615385,2.36538461538462
74,"binary",1,"Purely rule-based","BRP-GABLE full",TRUE,"AUC",0.886678609788551,315.11,NA,33,33,0,25,8,0,0,0,0.757575757575758,0.242424242424242,1,1.24242424242424
74,"binary",1,"Purely rule-based","BRP-GABLE rule-only",TRUE,"AUC",0.886678609788551,313.650000000001,NA,33,33,0,25,8,0,0,0,0.757575757575758,0.242424242424242,1,1.24242424242424
74,"binary",1,"Purely rule-based","GABLE",TRUE,"AUC",0.854019381522628,7.35999999999967,NA,5,5,0,5,0,0,0,0,1,0,1,1
74,"binary",1,"Purely rule-based","GBM",TRUE,"AUC",0.869637618429279,0.0600000000004002,NA,NA,NA,NA,NA,NA,NA,NA,NA,NA,NA,NA,NA
74,"binary",1,"Purely rule-based","Linear",TRUE,"AUC",0.803275140672342,0.00999999999930878,NA,20,0,20,20,0,0,0,0,1,0,1,1
74,"binary",1,"Purely rule-based","Random forest",TRUE,"AUC",0.872178537648888,0.829999999999927,NA,NA,NA,NA,NA,NA,NA,NA,NA,NA,NA,NA,NA
74,"binary",1,"Purely rule-based","RuleFit",TRUE,"AUC",0.874108273617724,24.6100000000006,NA,53,53,0,0,34,19,0,0,0,0.641509433962264,0.641509433962264,2.35849056603774
75,"binary",1,"Purely rule-based","BRP-GABLE full",TRUE,"AUC",0.892358938569893,340.48,NA,34,34,0,30,4,0,0,0,0.882352941176471,0.117647058823529,1,1.11764705882353
75,"binary",1,"Purely rule-based","BRP-GABLE rule-only",TRUE,"AUC",0.892980619595386,339.529999999999,NA,35,35,0,31,4,0,0,0,0.885714285714286,0.114285714285714,1,1.11428571428571
75,"binary",1,"Purely rule-based","GABLE",TRUE,"AUC",0.87024514286631,8.28000000000065,NA,5,5,0,5,0,0,0,0,1,0,1,1
75,"binary",1,"Purely rule-based","GBM",TRUE,"AUC",0.885877412523463,0.089999999999236,NA,NA,NA,NA,NA,NA,NA,NA,NA,NA,NA,NA,NA
75,"binary",1,"Purely rule-based","Linear",TRUE,"AUC",0.808734818950442,0.0200000000004366,NA,20,0,20,20,0,0,0,0,1,0,1,1
75,"binary",1,"Purely rule-based","Random forest",TRUE,"AUC",0.880304342943319,0.829999999999927,NA,NA,NA,NA,NA,NA,NA,NA,NA,NA,NA,NA,NA
75,"binary",1,"Purely rule-based","RuleFit",TRUE,"AUC",0.888538608397106,26.3800000000001,NA,62,62,0,0,49,13,0,0,0,0.790322580645161,0.790322580645161,2.20967741935484
76,"binary",1,"Purely rule-based","BRP-GABLE full",TRUE,"AUC",0.887383871497132,322.08,NA,36,34,2,25,11,0,0,0,0.694444444444444,0.305555555555556,1,1.30555555555556
76,"binary",1,"Purely rule-based","BRP-GABLE rule-only",TRUE,"AUC",0.88767206631683,321.03,NA,33,33,0,22,11,0,0,0,0.666666666666667,0.333333333333333,1,1.33333333333333
76,"binary",1,"Purely rule-based","GABLE",TRUE,"AUC",0.860005363625811,7.16000000000076,NA,5,5,0,4,1,0,0,0,0.8,0.2,1,1.2
76,"binary",1,"Purely rule-based","GBM",TRUE,"AUC",0.867606501995349,0.0799999999999272,NA,NA,NA,NA,NA,NA,NA,NA,NA,NA,NA,NA,NA
76,"binary",1,"Purely rule-based","Linear",TRUE,"AUC",0.799340354079358,0.0200000000004366,NA,20,0,20,20,0,0,0,0,1,0,1,1
76,"binary",1,"Purely rule-based","Random forest",TRUE,"AUC",0.866992086650576,0.759999999999309,NA,NA,NA,NA,NA,NA,NA,NA,NA,NA,NA,NA,NA
76,"binary",1,"Purely rule-based","RuleFit",TRUE,"AUC",0.874953468544736,24.3099999999995,NA,56,56,0,0,47,9,0,0,0,0.839285714285714,0.839285714285714,2.16071428571429
77,"binary",1,"Purely rule-based","BRP-GABLE full",TRUE,"AUC",0.902365005441393,326.06,NA,31,30,1,21,10,0,0,0,0.67741935483871,0.32258064516129,1,1.32258064516129
77,"binary",1,"Purely rule-based","BRP-GABLE rule-only",TRUE,"AUC",0.903263235388259,323.13,NA,31,31,0,20,11,0,0,0,0.645161290322581,0.354838709677419,1,1.35483870967742
77,"binary",1,"Purely rule-based","GABLE",TRUE,"AUC",0.86698394789066,7.61000000000058,NA,5,5,0,5,0,0,0,0,1,0,1,1
77,"binary",1,"Purely rule-based","GBM",TRUE,"AUC",0.890860060175405,0.069999999999709,NA,NA,NA,NA,NA,NA,NA,NA,NA,NA,NA,NA,NA
77,"binary",1,"Purely rule-based","Linear",TRUE,"AUC",0.811763811535753,0,NA,20,0,20,20,0,0,0,0,1,0,1,1
77,"binary",1,"Purely rule-based","Random forest",TRUE,"AUC",0.892686527751104,0.75,NA,NA,NA,NA,NA,NA,NA,NA,NA,NA,NA,NA,NA
77,"binary",1,"Purely rule-based","RuleFit",TRUE,"AUC",0.896307454708405,25.5299999999997,NA,72,72,0,1,44,27,0,0,0.0138888888888889,0.611111111111111,0.625,2.36111111111111
78,"binary",1,"Purely rule-based","BRP-GABLE full",TRUE,"AUC",0.875552555014387,333.410000000001,NA,24,24,0,19,5,0,0,0,0.791666666666667,0.208333333333333,1,1.20833333333333
78,"binary",1,"Purely rule-based","BRP-GABLE rule-only",TRUE,"AUC",0.875552555014387,331.450000000001,NA,24,24,0,19,5,0,0,0,0.791666666666667,0.208333333333333,1,1.20833333333333
78,"binary",1,"Purely rule-based","GABLE",TRUE,"AUC",0.831334088826735,8.5,NA,5,5,0,5,0,0,0,0,1,0,1,1
78,"binary",1,"Purely rule-based","GBM",TRUE,"AUC",0.868325135426211,0.0600000000004002,NA,NA,NA,NA,NA,NA,NA,NA,NA,NA,NA,NA,NA
78,"binary",1,"Purely rule-based","Linear",TRUE,"AUC",0.782220989857099,0,NA,20,0,20,20,0,0,0,0,1,0,1,1
78,"binary",1,"Purely rule-based","Random forest",TRUE,"AUC",0.866223417080581,0.829999999999927,NA,NA,NA,NA,NA,NA,NA,NA,NA,NA,NA,NA,NA
78,"binary",1,"Purely rule-based","RuleFit",TRUE,"AUC",0.867802719776245,25.5600000000004,NA,49,49,0,0,37,12,0,0,0,0.755102040816326,0.755102040816326,2.24489795918367
79,"binary",1,"Purely rule-based","BRP-GABLE full",TRUE,"AUC",0.885562816323916,339.75,NA,25,23,2,18,7,0,0,0,0.72,0.28,1,1.28
79,"binary",1,"Purely rule-based","BRP-GABLE rule-only",TRUE,"AUC",0.875876897943494,339.190000000001,NA,23,23,0,16,7,0,0,0,0.695652173913043,0.304347826086957,1,1.30434782608696
79,"binary",1,"Purely rule-based","GABLE",TRUE,"AUC",0.857570151835479,8.22999999999956,NA,5,5,0,5,0,0,0,0,1,0,1,1
79,"binary",1,"Purely rule-based","GBM",TRUE,"AUC",0.874002979050548,0.0900000000001455,NA,NA,NA,NA,NA,NA,NA,NA,NA,NA,NA,NA,NA
79,"binary",1,"Purely rule-based","Linear",TRUE,"AUC",0.809452879748863,0.0200000000004366,NA,20,0,20,20,0,0,0,0,1,0,1,1
79,"binary",1,"Purely rule-based","Random forest",TRUE,"AUC",0.864495243128964,0.800000000000182,NA,NA,NA,NA,NA,NA,NA,NA,NA,NA,NA,NA,NA
79,"binary",1,"Purely rule-based","RuleFit",TRUE,"AUC",0.879268370811711,23.9700000000003,NA,50,50,0,2,40,8,0,0,0.04,0.8,0.84,2.12
80,"binary",1,"Purely rule-based","BRP-GABLE full",TRUE,"AUC",0.906301641731921,320.749999999999,NA,30,27,3,19,11,0,0,0,0.633333333333333,0.366666666666667,1,1.36666666666667
80,"binary",1,"Purely rule-based","BRP-GABLE rule-only",TRUE,"AUC",0.906959854993018,319.91,NA,27,27,0,16,11,0,0,0,0.592592592592593,0.407407407407407,1,1.40740740740741
80,"binary",1,"Purely rule-based","GABLE",TRUE,"AUC",0.852242126448969,7.77999999999975,NA,5,5,0,5,0,0,0,0,1,0,1,1
80,"binary",1,"Purely rule-based","GBM",TRUE,"AUC",0.871138248792609,0.0799999999999272,NA,NA,NA,NA,NA,NA,NA,NA,NA,NA,NA,NA,NA
80,"binary",1,"Purely rule-based","Linear",TRUE,"AUC",0.788243390858638,0.0199999999995271,NA,20,0,20,20,0,0,0,0,1,0,1,1
80,"binary",1,"Purely rule-based","Random forest",TRUE,"AUC",0.878948779404527,0.8100000000004,NA,NA,NA,NA,NA,NA,NA,NA,NA,NA,NA,NA,NA
80,"binary",1,"Purely rule-based","RuleFit",TRUE,"AUC",0.888699938780165,26.6599999999999,NA,56,56,0,0,36,20,0,0,0,0.642857142857143,0.642857142857143,2.35714285714286
81,"binary",1,"Purely rule-based","BRP-GABLE full",TRUE,"AUC",0.888291655993853,311.25,NA,29,28,1,18,11,0,0,0,0.620689655172414,0.379310344827586,1,1.37931034482759
81,"binary",1,"Purely rule-based","BRP-GABLE rule-only",TRUE,"AUC",0.888942030609631,312.37,NA,28,28,0,17,11,0,0,0,0.607142857142857,0.392857142857143,1,1.39285714285714
81,"binary",1,"Purely rule-based","GABLE",TRUE,"AUC",0.8538818359375,6.52999999999975,NA,5,5,0,4,1,0,0,0,0.8,0.2,1,1.2
81,"binary",1,"Purely rule-based","GBM",TRUE,"AUC",0.88568615522541,0.0799999999999272,NA,NA,NA,NA,NA,NA,NA,NA,NA,NA,NA,NA,NA
81,"binary",1,"Purely rule-based","Linear",TRUE,"AUC",0.810606909579918,0,NA,20,0,20,20,0,0,0,0,1,0,1,1
81,"binary",1,"Purely rule-based","Random forest",TRUE,"AUC",0.880543192879098,0.75,NA,NA,NA,NA,NA,NA,NA,NA,NA,NA,NA,NA,NA
81,"binary",1,"Purely rule-based","RuleFit",TRUE,"AUC",0.889088114754098,23.8900000000003,NA,49,49,0,0,40,9,0,0,0,0.816326530612245,0.816326530612245,2.18367346938776
82,"binary",1,"Purely rule-based","BRP-GABLE full",TRUE,"AUC",0.881751409486334,323.53,NA,33,32,1,19,14,0,0,0,0.575757575757576,0.424242424242424,1,1.42424242424242
82,"binary",1,"Purely rule-based","BRP-GABLE rule-only",TRUE,"AUC",0.882829310904435,320.86,NA,35,35,0,22,13,0,0,0,0.628571428571429,0.371428571428571,1,1.37142857142857
82,"binary",1,"Purely rule-based","GABLE",TRUE,"AUC",0.850079540309105,7.20000000000073,NA,5,5,0,4,1,0,0,0,0.8,0.2,1,1.2
82,"binary",1,"Purely rule-based","GBM",TRUE,"AUC",0.876385944806639,0.0599999999994907,NA,NA,NA,NA,NA,NA,NA,NA,NA,NA,NA,NA,NA
82,"binary",1,"Purely rule-based","Linear",TRUE,"AUC",0.806622882765198,0.0200000000004366,NA,20,0,20,20,0,0,0,0,1,0,1,1
82,"binary",1,"Purely rule-based","Random forest",TRUE,"AUC",0.867520305819465,0.779999999999745,NA,NA,NA,NA,NA,NA,NA,NA,NA,NA,NA,NA,NA
82,"binary",1,"Purely rule-based","RuleFit",TRUE,"AUC",0.880172624509635,25.04,NA,56,56,0,0,27,29,0,0,0,0.482142857142857,0.482142857142857,2.51785714285714
83,"binary",1,"Purely rule-based","BRP-GABLE full",TRUE,"AUC",0.878437163587176,317.43,NA,43,39,4,31,12,0,0,0,0.720930232558139,0.27906976744186,1,1.27906976744186
83,"binary",1,"Purely rule-based","BRP-GABLE rule-only",TRUE,"AUC",0.878084993136678,315.87,NA,38,38,0,27,11,0,0,0,0.710526315789474,0.289473684210526,1,1.28947368421053
83,"binary",1,"Purely rule-based","GABLE",TRUE,"AUC",0.847518198808223,7.32999999999993,NA,5,5,0,5,0,0,0,0,1,0,1,1
83,"binary",1,"Purely rule-based","GBM",TRUE,"AUC",0.858619571872786,0.089999999999236,NA,NA,NA,NA,NA,NA,NA,NA,NA,NA,NA,NA,NA
83,"binary",1,"Purely rule-based","Linear",TRUE,"AUC",0.777176153258177,0.0200000000004366,NA,20,0,20,20,0,0,0,0,1,0,1,1
83,"binary",1,"Purely rule-based","Random forest",TRUE,"AUC",0.852630673245851,0.8100000000004,NA,NA,NA,NA,NA,NA,NA,NA,NA,NA,NA,NA,NA
83,"binary",1,"Purely rule-based","RuleFit",TRUE,"AUC",0.867349797301894,23.8000000000002,NA,54,54,0,1,35,18,0,0,0.0185185185185185,0.648148148148148,0.666666666666667,2.31481481481481
84,"binary",1,"Purely rule-based","BRP-GABLE full",TRUE,"AUC",0.8874775499102,324.49,NA,33,32,1,26,7,0,0,0,0.787878787878788,0.212121212121212,1,1.21212121212121
84,"binary",1,"Purely rule-based","BRP-GABLE rule-only",TRUE,"AUC",0.887003548014192,322.85,NA,33,33,0,26,7,0,0,0,0.787878787878788,0.212121212121212,1,1.21212121212121
84,"binary",1,"Purely rule-based","GABLE",TRUE,"AUC",0.836669346677387,8.20000000000073,NA,5,5,0,5,0,0,0,0,1,0,1,1
84,"binary",1,"Purely rule-based","GBM",TRUE,"AUC",0.866541466165865,0.0600000000004002,NA,NA,NA,NA,NA,NA,NA,NA,NA,NA,NA,NA,NA
84,"binary",1,"Purely rule-based","Linear",TRUE,"AUC",0.781191124764499,0.0199999999995271,NA,20,0,20,20,0,0,0,0,1,0,1,1
84,"binary",1,"Purely rule-based","Random forest",TRUE,"AUC",0.865539462157849,0.799999999999272,NA,NA,NA,NA,NA,NA,NA,NA,NA,NA,NA,NA,NA
84,"binary",1,"Purely rule-based","RuleFit",TRUE,"AUC",0.874611498445994,27.6099999999997,NA,72,72,0,0,47,25,0,0,0,0.652777777777778,0.652777777777778,2.34722222222222
85,"binary",1,"Purely rule-based","BRP-GABLE full",TRUE,"AUC",0.887335354799378,326.23,NA,29,28,1,23,6,0,0,0,0.793103448275862,0.206896551724138,1,1.20689655172414
85,"binary",1,"Purely rule-based","BRP-GABLE rule-only",TRUE,"AUC",0.888737145240731,325.050000000001,NA,27,27,0,21,6,0,0,0,0.777777777777778,0.222222222222222,1,1.22222222222222
85,"binary",1,"Purely rule-based","GABLE",TRUE,"AUC",0.852934334440327,8.39000000000033,NA,5,5,0,5,0,0,0,0,1,0,1,1
85,"binary",1,"Purely rule-based","GBM",TRUE,"AUC",0.879253501467969,0.0700000000006185,NA,NA,NA,NA,NA,NA,NA,NA,NA,NA,NA,NA,NA
85,"binary",1,"Purely rule-based","Linear",TRUE,"AUC",0.797003096372591,0.00999999999930878,NA,20,0,20,20,0,0,0,0,1,0,1,1
85,"binary",1,"Purely rule-based","Random forest",TRUE,"AUC",0.870028557218719,0.809999999999491,NA,NA,NA,NA,NA,NA,NA,NA,NA,NA,NA,NA,NA
85,"binary",1,"Purely rule-based","RuleFit",TRUE,"AUC",0.877161845630585,27.6099999999997,NA,73,73,0,0,45,28,0,0,0,0.616438356164384,0.616438356164384,2.38356164383562
86,"binary",1,"Purely rule-based","BRP-GABLE full",TRUE,"AUC",0.88632315445241,329.440000000001,NA,32,29,3,17,15,0,0,0,0.53125,0.46875,1,1.46875
86,"binary",1,"Purely rule-based","BRP-GABLE rule-only",TRUE,"AUC",0.888562668363814,328.92,NA,42,42,0,28,14,0,0,0,0.666666666666667,0.333333333333333,1,1.33333333333333
86,"binary",1,"Purely rule-based","GABLE",TRUE,"AUC",0.860033382566615,7.65999999999985,NA,5,5,0,5,0,0,0,0,1,0,1,1
86,"binary",1,"Purely rule-based","GBM",TRUE,"AUC",0.871278984593585,0.0600000000004002,NA,NA,NA,NA,NA,NA,NA,NA,NA,NA,NA,NA,NA
86,"binary",1,"Purely rule-based","Linear",TRUE,"AUC",0.781832518782697,0.0199999999995271,NA,20,0,20,20,0,0,0,0,1,0,1,1
86,"binary",1,"Purely rule-based","Random forest",TRUE,"AUC",0.859002685815611,0.920000000000073,NA,NA,NA,NA,NA,NA,NA,NA,NA,NA,NA,NA,NA
86,"binary",1,"Purely rule-based","RuleFit",TRUE,"AUC",0.8709787816564,26.9099999999999,NA,48,48,0,0,32,16,0,0,0,0.666666666666667,0.666666666666667,2.33333333333333
87,"binary",1,"Purely rule-based","BRP-GABLE full",TRUE,"AUC",0.900005647803005,315.56,NA,26,24,2,19,7,0,0,0,0.730769230769231,0.269230769230769,1,1.26923076923077
87,"binary",1,"Purely rule-based","BRP-GABLE rule-only",TRUE,"AUC",0.900074228268061,315.23,NA,23,23,0,16,7,0,0,0,0.695652173913043,0.304347826086957,1,1.30434782608696
87,"binary",1,"Purely rule-based","GABLE",TRUE,"AUC",0.851164254247955,6.96000000000004,NA,5,5,0,4,1,0,0,0,0.8,0.2,1,1.2
87,"binary",1,"Purely rule-based","GBM",TRUE,"AUC",0.901185635216472,0.100000000000364,NA,NA,NA,NA,NA,NA,NA,NA,NA,NA,NA,NA,NA
87,"binary",1,"Purely rule-based","Linear",TRUE,"AUC",0.812371915896145,0.00999999999930878,NA,20,0,20,20,0,0,0,0,1,0,1,1
87,"binary",1,"Purely rule-based","Random forest",TRUE,"AUC",0.877874328314857,0.75,NA,NA,NA,NA,NA,NA,NA,NA,NA,NA,NA,NA,NA
87,"binary",1,"Purely rule-based","RuleFit",TRUE,"AUC",0.891366526278421,26.29,NA,60,60,0,0,43,17,0,0,0,0.716666666666667,0.716666666666667,2.28333333333333
88,"binary",1,"Purely rule-based","BRP-GABLE full",TRUE,"AUC",0.887548051677349,328.190000000001,NA,30,30,0,20,10,0,0,0,0.666666666666667,0.333333333333333,1,1.33333333333333
88,"binary",1,"Purely rule-based","BRP-GABLE rule-only",TRUE,"AUC",0.888249536018215,325.26,NA,32,32,0,22,10,0,0,0,0.6875,0.3125,1,1.3125
88,"binary",1,"Purely rule-based","GABLE",TRUE,"AUC",0.854273643028649,7.40000000000055,NA,5,5,0,4,1,0,0,0,0.8,0.2,1,1.2
88,"binary",1,"Purely rule-based","GBM",TRUE,"AUC",0.879432879974025,0.100000000000364,NA,NA,NA,NA,NA,NA,NA,NA,NA,NA,NA,NA,NA
88,"binary",1,"Purely rule-based","Linear",TRUE,"AUC",0.792909797130729,0.00999999999930878,NA,20,0,20,20,0,0,0,0,1,0,1,1
88,"binary",1,"Purely rule-based","Random forest",TRUE,"AUC",0.871983116274036,0.779999999999745,NA,NA,NA,NA,NA,NA,NA,NA,NA,NA,NA,NA,NA
88,"binary",1,"Purely rule-based","RuleFit",TRUE,"AUC",0.879098171731384,24.8299999999999,NA,54,54,0,1,37,16,0,0,0.0185185185185185,0.685185185185185,0.703703703703704,2.27777777777778
89,"binary",1,"Purely rule-based","BRP-GABLE full",TRUE,"AUC",0.876496568621525,299.37,NA,21,21,0,11,10,0,0,0,0.523809523809524,0.476190476190476,1,1.47619047619048
89,"binary",1,"Purely rule-based","BRP-GABLE rule-only",TRUE,"AUC",0.877229993028438,298.160000000001,NA,22,22,0,12,10,0,0,0,0.545454545454545,0.454545454545455,1,1.45454545454545
89,"binary",1,"Purely rule-based","GABLE",TRUE,"AUC",0.834495931912424,5.97999999999956,NA,5,5,0,3,2,0,0,0,0.6,0.4,1,1.4
89,"binary",1,"Purely rule-based","GBM",TRUE,"AUC",0.863250601448312,0.0799999999999272,NA,NA,NA,NA,NA,NA,NA,NA,NA,NA,NA,NA,NA
89,"binary",1,"Purely rule-based","Linear",TRUE,"AUC",0.777796583531801,0.0100000000002183,NA,20,0,20,20,0,0,0,0,1,0,1,1
89,"binary",1,"Purely rule-based","Random forest",TRUE,"AUC",0.859656015893549,0.800000000000182,NA,NA,NA,NA,NA,NA,NA,NA,NA,NA,NA,NA,NA
89,"binary",1,"Purely rule-based","RuleFit",TRUE,"AUC",0.869647915986637,25.0699999999997,NA,50,50,0,1,39,10,0,0,0.02,0.78,0.8,2.18
90,"binary",1,"Purely rule-based","BRP-GABLE full",TRUE,"AUC",0.885336337638969,326.11,NA,25,24,1,15,10,0,0,0,0.6,0.4,1,1.4
90,"binary",1,"Purely rule-based","BRP-GABLE rule-only",TRUE,"AUC",0.885486954565902,325.14,NA,24,24,0,14,10,0,0,0,0.583333333333333,0.416666666666667,1,1.41666666666667
90,"binary",1,"Purely rule-based","GABLE",TRUE,"AUC",0.85720310391363,8.09000000000015,NA,5,5,0,5,0,0,0,0,1,0,1,1
90,"binary",1,"Purely rule-based","GBM",TRUE,"AUC",0.87892407300302,0.0599999999994907,NA,NA,NA,NA,NA,NA,NA,NA,NA,NA,NA,NA,NA
90,"binary",1,"Purely rule-based","Linear",TRUE,"AUC",0.799908424908425,0.0200000000004366,NA,20,0,20,20,0,0,0,0,1,0,1,1
90,"binary",1,"Purely rule-based","Random forest",TRUE,"AUC",0.863551105327421,0.829999999999927,NA,NA,NA,NA,NA,NA,NA,NA,NA,NA,NA,NA,NA
90,"binary",1,"Purely rule-based","RuleFit",TRUE,"AUC",0.877759302101407,24.5799999999999,NA,49,49,0,2,30,17,0,0,0.0408163265306122,0.612244897959184,0.653061224489796,2.30612244897959
91,"binary",1,"Purely rule-based","BRP-GABLE full",TRUE,"AUC",0.893033540432384,316.57,NA,29,27,2,17,12,0,0,0,0.586206896551724,0.413793103448276,1,1.41379310344828
91,"binary",1,"Purely rule-based","BRP-GABLE rule-only",TRUE,"AUC",0.893185760237783,313.59,NA,31,31,0,18,13,0,0,0,0.580645161290323,0.419354838709677,1,1.41935483870968
91,"binary",1,"Purely rule-based","GABLE",TRUE,"AUC",0.865557865557866,6.58999999999924,NA,5,5,0,4,1,0,0,0,0.8,0.2,1,1.2
91,"binary",1,"Purely rule-based","GBM",TRUE,"AUC",0.879081393532261,0.0600000000004002,NA,NA,NA,NA,NA,NA,NA,NA,NA,NA,NA,NA,NA
91,"binary",1,"Purely rule-based","Linear",TRUE,"AUC",0.792235988767781,0.0199999999995271,NA,20,0,20,20,0,0,0,0,1,0,1,1
91,"binary",1,"Purely rule-based","Random forest",TRUE,"AUC",0.87954205873281,0.770000000000437,NA,NA,NA,NA,NA,NA,NA,NA,NA,NA,NA,NA,NA
91,"binary",1,"Purely rule-based","RuleFit",TRUE,"AUC",0.888154495090911,23.5500000000002,NA,54,54,0,0,38,16,0,0,0,0.703703703703704,0.703703703703704,2.2962962962963
92,"binary",1,"Purely rule-based","BRP-GABLE full",TRUE,"AUC",0.878627703594893,312.37,NA,33,30,3,21,12,0,0,0,0.636363636363636,0.363636363636364,1,1.36363636363636
92,"binary",1,"Purely rule-based","BRP-GABLE rule-only",TRUE,"AUC",0.879918044301029,310.759999999999,NA,31,31,0,19,12,0,0,0,0.612903225806452,0.387096774193548,1,1.38709677419355
92,"binary",1,"Purely rule-based","GABLE",TRUE,"AUC",0.852375390814701,7.97000000000025,NA,5,5,0,5,0,0,0,0,1,0,1,1
92,"binary",1,"Purely rule-based","GBM",TRUE,"AUC",0.874265027552687,0.0900000000001455,NA,NA,NA,NA,NA,NA,NA,NA,NA,NA,NA,NA,NA
92,"binary",1,"Purely rule-based","Linear",TRUE,"AUC",0.792762854241669,0.0199999999995271,NA,20,0,20,20,0,0,0,0,1,0,1,1
92,"binary",1,"Purely rule-based","Random forest",TRUE,"AUC",0.865511580958344,0.75,NA,NA,NA,NA,NA,NA,NA,NA,NA,NA,NA,NA,NA
92,"binary",1,"Purely rule-based","RuleFit",TRUE,"AUC",0.873711164356897,23.5100000000002,NA,57,57,0,0,40,17,0,0,0,0.701754385964912,0.701754385964912,2.29824561403509
93,"binary",1,"Purely rule-based","BRP-GABLE full",TRUE,"AUC",0.880331996193367,317.419999999999,NA,32,29,3,21,11,0,0,0,0.65625,0.34375,1,1.34375
93,"binary",1,"Purely rule-based","BRP-GABLE rule-only",TRUE,"AUC",0.879886282871358,316.439999999999,NA,28,28,0,17,11,0,0,0,0.607142857142857,0.392857142857143,1,1.39285714285714
93,"binary",1,"Purely rule-based","GABLE",TRUE,"AUC",0.86683411032007,7.89999999999964,NA,5,5,0,5,0,0,0,0,1,0,1,1
93,"binary",1,"Purely rule-based","GBM",TRUE,"AUC",0.873110235746208,0.0799999999999272,NA,NA,NA,NA,NA,NA,NA,NA,NA,NA,NA,NA,NA
93,"binary",1,"Purely rule-based","Linear",TRUE,"AUC",0.802151470251647,0.0100000000002183,NA,20,0,20,20,0,0,0,0,1,0,1,1
93,"binary",1,"Purely rule-based","Random forest",TRUE,"AUC",0.8681953428981,0.800000000000182,NA,NA,NA,NA,NA,NA,NA,NA,NA,NA,NA,NA,NA
93,"binary",1,"Purely rule-based","RuleFit",TRUE,"AUC",0.87074715205249,25.6000000000004,NA,66,66,0,0,48,18,0,0,0,0.727272727272727,0.727272727272727,2.27272727272727
94,"binary",1,"Purely rule-based","BRP-GABLE full",TRUE,"AUC",0.87914,337.28,NA,24,24,0,19,5,0,0,0,0.791666666666667,0.208333333333333,1,1.20833333333333
94,"binary",1,"Purely rule-based","BRP-GABLE rule-only",TRUE,"AUC",0.87914,336.13,NA,24,24,0,19,5,0,0,0,0.791666666666667,0.208333333333333,1,1.20833333333333
94,"binary",1,"Purely rule-based","GABLE",TRUE,"AUC",0.84096,8.15999999999985,NA,5,5,0,5,0,0,0,0,1,0,1,1
94,"binary",1,"Purely rule-based","GBM",TRUE,"AUC",0.860526,0.110000000000582,NA,NA,NA,NA,NA,NA,NA,NA,NA,NA,NA,NA,NA
94,"binary",1,"Purely rule-based","Linear",TRUE,"AUC",0.795404,0,NA,20,0,20,20,0,0,0,0,1,0,1,1
94,"binary",1,"Purely rule-based","Random forest",TRUE,"AUC",0.859294,0.779999999999745,NA,NA,NA,NA,NA,NA,NA,NA,NA,NA,NA,NA,NA
94,"binary",1,"Purely rule-based","RuleFit",TRUE,"AUC",0.865932,26.4499999999998,NA,49,49,0,2,33,14,0,0,0.0408163265306122,0.673469387755102,0.714285714285714,2.24489795918367
95,"binary",1,"Purely rule-based","BRP-GABLE full",TRUE,"AUC",0.901422275641026,295.74,NA,26,26,0,16,10,0,0,0,0.615384615384615,0.384615384615385,1,1.38461538461538
95,"binary",1,"Purely rule-based","BRP-GABLE rule-only",TRUE,"AUC",0.902724358974359,294.27,NA,27,27,0,17,10,0,0,0,0.62962962962963,0.37037037037037,1,1.37037037037037
95,"binary",1,"Purely rule-based","GABLE",TRUE,"AUC",0.871887019230769,6.46000000000004,NA,5,5,0,4,1,0,0,0,0.8,0.2,1,1.2
95,"binary",1,"Purely rule-based","GBM",TRUE,"AUC",0.892099358974359,0.0900000000001455,NA,NA,NA,NA,NA,NA,NA,NA,NA,NA,NA,NA,NA
95,"binary",1,"Purely rule-based","Linear",TRUE,"AUC",0.816069711538462,0.0200000000004366,NA,20,0,20,20,0,0,0,0,1,0,1,1
95,"binary",1,"Purely rule-based","Random forest",TRUE,"AUC",0.888135016025641,0.809999999999491,NA,NA,NA,NA,NA,NA,NA,NA,NA,NA,NA,NA,NA
95,"binary",1,"Purely rule-based","RuleFit",TRUE,"AUC",0.903048878205128,24.9700000000003,NA,46,46,0,0,34,12,0,0,0,0.739130434782609,0.739130434782609,2.26086956521739
96,"binary",1,"Purely rule-based","BRP-GABLE full",TRUE,"AUC",0.877992345999263,324.06,NA,31,30,1,24,7,0,0,0,0.774193548387097,0.225806451612903,1,1.2258064516129
96,"binary",1,"Purely rule-based","BRP-GABLE rule-only",TRUE,"AUC",0.880104001537205,322.37,NA,31,31,0,24,7,0,0,0,0.774193548387097,0.225806451612903,1,1.2258064516129
96,"binary",1,"Purely rule-based","GABLE",TRUE,"AUC",0.854307777297401,7.89000000000033,NA,5,5,0,5,0,0,0,0,1,0,1,1
96,"binary",1,"Purely rule-based","GBM",TRUE,"AUC",0.872011657139197,0.089999999999236,NA,NA,NA,NA,NA,NA,NA,NA,NA,NA,NA,NA,NA
96,"binary",1,"Purely rule-based","Linear",TRUE,"AUC",0.79523946774271,0.0200000000004366,NA,20,0,20,20,0,0,0,0,1,0,1,1
96,"binary",1,"Purely rule-based","Random forest",TRUE,"AUC",0.850574850682935,0.770000000000437,NA,NA,NA,NA,NA,NA,NA,NA,NA,NA,NA,NA,NA
96,"binary",1,"Purely rule-based","RuleFit",TRUE,"AUC",0.87160133544699,23.6099999999997,NA,54,54,0,0,41,13,0,0,0,0.759259259259259,0.759259259259259,2.24074074074074
97,"binary",1,"Purely rule-based","BRP-GABLE full",TRUE,"AUC",0.887606086858866,306.18,NA,26,26,0,16,10,0,0,0,0.615384615384615,0.384615384615385,1,1.38461538461538
97,"binary",1,"Purely rule-based","BRP-GABLE rule-only",TRUE,"AUC",0.889128202659993,305.240000000001,NA,32,32,0,22,10,0,0,0,0.6875,0.3125,1,1.3125
97,"binary",1,"Purely rule-based","GABLE",TRUE,"AUC",0.84993622755932,7.17000000000007,NA,5,5,0,4,1,0,0,0,0.8,0.2,1,1.2
97,"binary",1,"Purely rule-based","GBM",TRUE,"AUC",0.881385265758611,0.0999999999994543,NA,NA,NA,NA,NA,NA,NA,NA,NA,NA,NA,NA,NA
97,"binary",1,"Purely rule-based","Linear",TRUE,"AUC",0.816503826346441,0.0100000000002183,NA,20,0,20,20,0,0,0,0,1,0,1,1
97,"binary",1,"Purely rule-based","Random forest",TRUE,"AUC",0.875266721214163,0.800000000000182,NA,NA,NA,NA,NA,NA,NA,NA,NA,NA,NA,NA,NA
97,"binary",1,"Purely rule-based","RuleFit",TRUE,"AUC",0.884642072163129,21.4799999999996,NA,42,42,0,1,30,11,0,0,0.0238095238095238,0.714285714285714,0.738095238095238,2.23809523809524
98,"binary",1,"Purely rule-based","BRP-GABLE full",TRUE,"AUC",0.885043156695705,307.13,NA,29,29,0,18,11,0,0,0,0.620689655172414,0.379310344827586,1,1.37931034482759
98,"binary",1,"Purely rule-based","BRP-GABLE rule-only",TRUE,"AUC",0.885580609969357,306.4,NA,31,31,0,20,11,0,0,0,0.645161290322581,0.354838709677419,1,1.35483870967742
98,"binary",1,"Purely rule-based","GABLE",TRUE,"AUC",0.8624821517383,6.26000000000022,NA,5,5,0,4,1,0,0,0,0.8,0.2,1,1.2
98,"binary",1,"Purely rule-based","GBM",TRUE,"AUC",0.88025621279941,0.0900000000001455,NA,NA,NA,NA,NA,NA,NA,NA,NA,NA,NA,NA,NA
98,"binary",1,"Purely rule-based","Linear",TRUE,"AUC",0.801992587957838,0.0200000000004366,NA,20,0,20,20,0,0,0,0,1,0,1,1
98,"binary",1,"Purely rule-based","Random forest",TRUE,"AUC",0.875485312284417,0.769999999999527,NA,NA,NA,NA,NA,NA,NA,NA,NA,NA,NA,NA,NA
98,"binary",1,"Purely rule-based","RuleFit",TRUE,"AUC",0.877037509425487,22.7700000000004,NA,59,59,0,0,37,22,0,0,0,0.627118644067797,0.627118644067797,2.3728813559322
99,"binary",1,"Purely rule-based","BRP-GABLE full",TRUE,"AUC",0.869219291894508,319.000000000001,NA,26,24,2,17,9,0,0,0,0.653846153846154,0.346153846153846,1,1.34615384615385
99,"binary",1,"Purely rule-based","BRP-GABLE rule-only",TRUE,"AUC",0.868947282102156,321.41,NA,26,26,0,17,9,0,0,0,0.653846153846154,0.346153846153846,1,1.34615384615385
99,"binary",1,"Purely rule-based","GABLE",TRUE,"AUC",0.845960454576365,6.60999999999967,NA,5,5,0,4,1,0,0,0,0.8,0.2,1,1.2
99,"binary",1,"Purely rule-based","GBM",TRUE,"AUC",0.853640731066318,0.0799999999999272,NA,NA,NA,NA,NA,NA,NA,NA,NA,NA,NA,NA,NA
99,"binary",1,"Purely rule-based","Linear",TRUE,"AUC",0.774371877387586,0.00999999999930878,NA,20,0,20,20,0,0,0,0,1,0,1,1
99,"binary",1,"Purely rule-based","Random forest",TRUE,"AUC",0.844244392798141,0.740000000000691,NA,NA,NA,NA,NA,NA,NA,NA,NA,NA,NA,NA,NA
99,"binary",1,"Purely rule-based","RuleFit",TRUE,"AUC",0.859038925401314,19.4300000000003,NA,43,43,0,1,28,14,0,0,0.0232558139534884,0.651162790697674,0.674418604651163,2.30232558139535
100,"binary",1,"Purely rule-based","BRP-GABLE full",TRUE,"AUC",0.885462713818951,319.250000000001,NA,36,34,2,28,8,0,0,0,0.777777777777778,0.222222222222222,1,1.22222222222222
100,"binary",1,"Purely rule-based","BRP-GABLE rule-only",TRUE,"AUC",0.886163431353706,320.509999999999,NA,37,37,0,28,9,0,0,0,0.756756756756757,0.243243243243243,1,1.24324324324324
100,"binary",1,"Purely rule-based","GABLE",TRUE,"AUC",0.863668396437952,6.42999999999938,NA,5,5,0,5,0,0,0,0,1,0,1,1
100,"binary",1,"Purely rule-based","GBM",TRUE,"AUC",0.880559693125761,0.0999999999994543,NA,NA,NA,NA,NA,NA,NA,NA,NA,NA,NA,NA,NA
100,"binary",1,"Purely rule-based","Linear",TRUE,"AUC",0.803202479338843,0.0100000000002183,NA,20,0,20,20,0,0,0,0,1,0,1,1
100,"binary",1,"Purely rule-based","Random forest",TRUE,"AUC",0.869172032160933,0.690000000000509,NA,NA,NA,NA,NA,NA,NA,NA,NA,NA,NA,NA,NA
100,"binary",1,"Purely rule-based","RuleFit",TRUE,"AUC",0.87525826446281,19.8200000000006,NA,64,64,0,1,40,23,0,0,0.015625,0.625,0.640625,2.34375
1,"binary",2,"Purely linear","BRP-GABLE full",TRUE,"AUC",0.853749134414864,340.6,NA,30,23,7,15,15,0,0,0,0.5,0.5,1,1.5
1,"binary",2,"Purely linear","BRP-GABLE rule-only",TRUE,"AUC",0.82166144313556,341.36,NA,49,49,0,31,18,0,0,0,0.63265306122449,0.36734693877551,1,1.36734693877551
1,"binary",2,"Purely linear","GABLE",TRUE,"AUC",0.725240262417394,7.73000000000002,NA,5,5,0,5,0,0,0,0,1,0,1,1
1,"binary",2,"Purely linear","GBM",TRUE,"AUC",0.85092722680532,0.0799999999999841,NA,NA,NA,NA,NA,NA,NA,NA,NA,NA,NA,NA,NA
1,"binary",2,"Purely linear","Linear",TRUE,"AUC",0.866193546837662,0.0100000000000477,NA,20,0,20,20,0,0,0,0,1,0,1,1
1,"binary",2,"Purely linear","Random forest",TRUE,"AUC",0.841376770696991,1.06999999999999,NA,NA,NA,NA,NA,NA,NA,NA,NA,NA,NA,NA,NA
1,"binary",2,"Purely linear","RuleFit",TRUE,"AUC",0.847889173081003,34.11,NA,63,63,0,0,7,56,0,0,0,0.111111111111111,0.111111111111111,2.88888888888889
2,"binary",2,"Purely linear","BRP-GABLE full",TRUE,"AUC",0.864335116064178,336.64,NA,40,34,6,17,23,0,0,0,0.425,0.575,1,1.575
2,"binary",2,"Purely linear","BRP-GABLE rule-only",TRUE,"AUC",0.849728590229248,333.88,NA,56,56,0,29,27,0,0,0,0.517857142857143,0.482142857142857,1,1.48214285714286
2,"binary",2,"Purely linear","GABLE",TRUE,"AUC",0.72531611138001,7.33000000000004,NA,5,5,0,5,0,0,0,0,1,0,1,1
2,"binary",2,"Purely linear","GBM",TRUE,"AUC",0.8614970138925,0.0800000000000409,NA,NA,NA,NA,NA,NA,NA,NA,NA,NA,NA,NA,NA
2,"binary",2,"Purely linear","Linear",TRUE,"AUC",0.880479697269102,0.00999999999999091,NA,20,0,20,20,0,0,0,0,1,0,1,1
2,"binary",2,"Purely linear","Random forest",TRUE,"AUC",0.852100675624322,0.979999999999961,NA,NA,NA,NA,NA,NA,NA,NA,NA,NA,NA,NA,NA
2,"binary",2,"Purely linear","RuleFit",TRUE,"AUC",0.860998995963855,31.61,NA,80,80,0,0,16,64,0,0,0,0.2,0.2,2.8
3,"binary",2,"Purely linear","BRP-GABLE full",TRUE,"AUC",0.882627980336584,339.4,NA,31,24,7,13,18,0,0,0,0.419354838709677,0.580645161290323,1,1.58064516129032
3,"binary",2,"Purely linear","BRP-GABLE rule-only",TRUE,"AUC",0.851289410898144,339.93,NA,47,47,0,25,22,0,0,0,0.531914893617021,0.468085106382979,1,1.46808510638298
3,"binary",2,"Purely linear","GABLE",TRUE,"AUC",0.764439320427215,7.67000000000002,NA,5,5,0,5,0,0,0,0,1,0,1,1
3,"binary",2,"Purely linear","GBM",TRUE,"AUC",0.88397503642856,0.0900000000000318,NA,NA,NA,NA,NA,NA,NA,NA,NA,NA,NA,NA,NA
3,"binary",2,"Purely linear","Linear",TRUE,"AUC",0.901122480024339,0.0299999999999727,NA,20,0,20,20,0,0,0,0,1,0,1,1
3,"binary",2,"Purely linear","Random forest",TRUE,"AUC",0.868785127539991,1.13,NA,NA,NA,NA,NA,NA,NA,NA,NA,NA,NA,NA,NA
3,"binary",2,"Purely linear","RuleFit",TRUE,"AUC",0.879233318922035,35,NA,68,68,0,0,8,60,0,0,0,0.117647058823529,0.117647058823529,2.88235294117647
4,"binary",2,"Purely linear","BRP-GABLE full",TRUE,"AUC",0.871088931254906,342.29,NA,25,17,8,14,11,0,0,0,0.56,0.44,1,1.44
4,"binary",2,"Purely linear","BRP-GABLE rule-only",TRUE,"AUC",0.821386516925936,341.25,NA,45,45,0,30,15,0,0,0,0.666666666666667,0.333333333333333,1,1.33333333333333
4,"binary",2,"Purely linear","GABLE",TRUE,"AUC",0.744362694051491,7.73000000000002,NA,5,5,0,5,0,0,0,0,1,0,1,1
4,"binary",2,"Purely linear","GBM",TRUE,"AUC",0.851327320206988,0.0900000000000318,NA,NA,NA,NA,NA,NA,NA,NA,NA,NA,NA,NA,NA
4,"binary",2,"Purely linear","Linear",TRUE,"AUC",0.878734840353098,0.0199999999999818,NA,20,0,20,20,0,0,0,0,1,0,1,1
4,"binary",2,"Purely linear","Random forest",TRUE,"AUC",0.845087233054038,1.07999999999998,NA,NA,NA,NA,NA,NA,NA,NA,NA,NA,NA,NA,NA
4,"binary",2,"Purely linear","RuleFit",TRUE,"AUC",0.858360435123921,34.53,NA,52,52,0,0,5,47,0,0,0,0.0961538461538462,0.0961538461538462,2.90384615384615
5,"binary",2,"Purely linear","BRP-GABLE full",TRUE,"AUC",0.8585,337.44,NA,33,27,6,17,16,0,0,0,0.515151515151515,0.484848484848485,1,1.48484848484848
5,"binary",2,"Purely linear","BRP-GABLE rule-only",TRUE,"AUC",0.838088,336.38,NA,44,44,0,27,17,0,0,0,0.613636363636364,0.386363636363636,1,1.38636363636364
5,"binary",2,"Purely linear","GABLE",TRUE,"AUC",0.757894,7.54000000000002,NA,5,5,0,5,0,0,0,0,1,0,1,1
5,"binary",2,"Purely linear","GBM",TRUE,"AUC",0.85376,0.0600000000000023,NA,NA,NA,NA,NA,NA,NA,NA,NA,NA,NA,NA,NA
5,"binary",2,"Purely linear","Linear",TRUE,"AUC",0.870644,0.0299999999999727,NA,20,0,20,20,0,0,0,0,1,0,1,1
5,"binary",2,"Purely linear","Random forest",TRUE,"AUC",0.853908,1.06999999999999,NA,NA,NA,NA,NA,NA,NA,NA,NA,NA,NA,NA,NA
5,"binary",2,"Purely linear","RuleFit",TRUE,"AUC",0.856738,33.83,NA,64,64,0,0,6,58,0,0,0,0.09375,0.09375,2.90625
6,"binary",2,"Purely linear","BRP-GABLE full",TRUE,"AUC",0.856974469176984,328.27,NA,23,17,6,16,7,0,0,0,0.695652173913043,0.304347826086957,1,1.30434782608696
6,"binary",2,"Purely linear","BRP-GABLE rule-only",TRUE,"AUC",0.84193782474822,322.39,NA,45,45,0,33,12,0,0,0,0.733333333333333,0.266666666666667,1,1.26666666666667
6,"binary",2,"Purely linear","GABLE",TRUE,"AUC",0.756224340881391,6.17999999999995,NA,5,5,0,4,1,0,0,0,0.8,0.2,1,1.2
6,"binary",2,"Purely linear","GBM",TRUE,"AUC",0.852917121046892,0.07000000000005,NA,NA,NA,NA,NA,NA,NA,NA,NA,NA,NA,NA,NA
6,"binary",2,"Purely linear","Linear",TRUE,"AUC",0.864367502726281,0.0399999999999636,NA,20,0,20,20,0,0,0,0,1,0,1,1
6,"binary",2,"Purely linear","Random forest",TRUE,"AUC",0.840428346911284,0.92999999999995,NA,NA,NA,NA,NA,NA,NA,NA,NA,NA,NA,NA,NA
6,"binary",2,"Purely linear","RuleFit",TRUE,"AUC",0.853322054012445,31.13,NA,72,72,0,0,13,59,0,0,0,0.180555555555556,0.180555555555556,2.81944444444444
7,"binary",2,"Purely linear","BRP-GABLE full",TRUE,"AUC",0.855006720430108,322.71,NA,26,19,7,10,16,0,0,0,0.384615384615385,0.615384615384615,1,1.61538461538462
7,"binary",2,"Purely linear","BRP-GABLE rule-only",TRUE,"AUC",0.83055915578597,320.87,NA,40,40,0,21,19,0,0,0,0.525,0.475,1,1.475
7,"binary",2,"Purely linear","GABLE",TRUE,"AUC",0.767413114439324,7.29999999999995,NA,5,5,0,5,0,0,0,0,1,0,1,1
7,"binary",2,"Purely linear","GBM",TRUE,"AUC",0.84938236047107,0.0599999999999454,NA,NA,NA,NA,NA,NA,NA,NA,NA,NA,NA,NA,NA
7,"binary",2,"Purely linear","Linear",TRUE,"AUC",0.868351574500768,0.0299999999999727,NA,20,0,20,20,0,0,0,0,1,0,1,1
7,"binary",2,"Purely linear","Random forest",TRUE,"AUC",0.827614967357911,0.780000000000086,NA,NA,NA,NA,NA,NA,NA,NA,NA,NA,NA,NA,NA
7,"binary",2,"Purely linear","RuleFit",TRUE,"AUC",0.843589989759345,32.27,NA,61,61,0,0,3,58,0,0,0,0.0491803278688525,0.0491803278688525,2.95081967213115
8,"binary",2,"Purely linear","BRP-GABLE full",TRUE,"AUC",0.8775601122175,322.17,NA,32,26,6,22,10,0,0,0,0.6875,0.3125,1,1.3125
8,"binary",2,"Purely linear","BRP-GABLE rule-only",TRUE,"AUC",0.851187394394744,323.23,NA,50,50,0,40,10,0,0,0,0.8,0.2,1,1.2
8,"binary",2,"Purely linear","GABLE",TRUE,"AUC",0.774092045641538,6.95000000000005,NA,5,5,0,4,1,0,0,0,0.8,0.2,1,1.2
8,"binary",2,"Purely linear","GBM",TRUE,"AUC",0.870317748907324,0.0900000000000318,NA,NA,NA,NA,NA,NA,NA,NA,NA,NA,NA,NA,NA
8,"binary",2,"Purely linear","Linear",TRUE,"AUC",0.895484409553739,0.0399999999999636,NA,20,0,20,20,0,0,0,0,1,0,1,1
8,"binary",2,"Purely linear","Random forest",TRUE,"AUC",0.861558282060853,0.779999999999973,NA,NA,NA,NA,NA,NA,NA,NA,NA,NA,NA,NA,NA
8,"binary",2,"Purely linear","RuleFit",TRUE,"AUC",0.865106217315048,33.7199999999999,NA,71,71,0,0,24,47,0,0,0,0.338028169014085,0.338028169014085,2.66197183098592
9,"binary",2,"Purely linear","BRP-GABLE full",TRUE,"AUC",0.857371871944084,310.46,NA,37,31,6,13,24,0,0,0,0.351351351351351,0.648648648648649,1,1.64864864864865
9,"binary",2,"Purely linear","BRP-GABLE rule-only",TRUE,"AUC",0.841515173375655,305.87,NA,38,38,0,13,25,0,0,0,0.342105263157895,0.657894736842105,1,1.65789473684211
9,"binary",2,"Purely linear","GABLE",TRUE,"AUC",0.753404591288735,6.88999999999999,NA,5,5,0,3,2,0,0,0,0.6,0.4,1,1.4
9,"binary",2,"Purely linear","GBM",TRUE,"AUC",0.868064573013354,0.110000000000014,NA,NA,NA,NA,NA,NA,NA,NA,NA,NA,NA,NA,NA
9,"binary",2,"Purely linear","Linear",TRUE,"AUC",0.88325798746373,0.0299999999999727,NA,20,0,20,20,0,0,0,0,1,0,1,1
9,"binary",2,"Purely linear","Random forest",TRUE,"AUC",0.852037544686513,0.769999999999982,NA,NA,NA,NA,NA,NA,NA,NA,NA,NA,NA,NA,NA
9,"binary",2,"Purely linear","RuleFit",TRUE,"AUC",0.860225396367367,30.59,NA,71,71,0,0,15,56,0,0,0,0.211267605633803,0.211267605633803,2.7887323943662
10,"binary",2,"Purely linear","BRP-GABLE full",TRUE,"AUC",0.87434634695603,321.26,NA,28,21,7,15,13,0,0,0,0.535714285714286,0.464285714285714,1,1.46428571428571
10,"binary",2,"Purely linear","BRP-GABLE rule-only",TRUE,"AUC",0.847492977612508,324.25,NA,38,38,0,24,14,0,0,0,0.631578947368421,0.368421052631579,1,1.36842105263158
10,"binary",2,"Purely linear","GABLE",TRUE,"AUC",0.765885021177357,7.96999999999991,NA,5,5,0,5,0,0,0,0,1,0,1,1
10,"binary",2,"Purely linear","GBM",TRUE,"AUC",0.866602687140115,0.0900000000000318,NA,NA,NA,NA,NA,NA,NA,NA,NA,NA,NA,NA,NA
10,"binary",2,"Purely linear","Linear",TRUE,"AUC",0.891720995836656,0.0299999999999727,NA,20,0,20,20,0,0,0,0,1,0,1,1
10,"binary",2,"Purely linear","Random forest",TRUE,"AUC",0.854391145981511,0.830000000000041,NA,NA,NA,NA,NA,NA,NA,NA,NA,NA,NA,NA,NA
10,"binary",2,"Purely linear","RuleFit",TRUE,"AUC",0.869603981423231,33.4400000000001,NA,62,62,0,0,2,60,0,0,0,0.032258064516129,0.032258064516129,2.96774193548387
11,"binary",2,"Purely linear","BRP-GABLE full",TRUE,"AUC",0.88506630482206,319.81,NA,40,33,7,13,27,0,0,0,0.325,0.675,1,1.675
11,"binary",2,"Purely linear","BRP-GABLE rule-only",TRUE,"AUC",0.865252910967814,317.87,NA,45,45,0,16,29,0,0,0,0.355555555555556,0.644444444444444,1,1.64444444444444
11,"binary",2,"Purely linear","GABLE",TRUE,"AUC",0.763506130143977,7.47000000000003,NA,5,5,0,5,0,0,0,0,1,0,1,1
11,"binary",2,"Purely linear","GBM",TRUE,"AUC",0.875864084120866,0.0599999999999454,NA,NA,NA,NA,NA,NA,NA,NA,NA,NA,NA,NA,NA
11,"binary",2,"Purely linear","Linear",TRUE,"AUC",0.893668119648883,0.0199999999999818,NA,20,0,20,20,0,0,0,0,1,0,1,1
11,"binary",2,"Purely linear","Random forest",TRUE,"AUC",0.873542514739964,0.799999999999955,NA,NA,NA,NA,NA,NA,NA,NA,NA,NA,NA,NA,NA
11,"binary",2,"Purely linear","RuleFit",TRUE,"AUC",0.871971452702027,30.3600000000001,NA,57,57,0,0,2,55,0,0,0,0.0350877192982456,0.0350877192982456,2.96491228070175
12,"binary",2,"Purely linear","BRP-GABLE full",TRUE,"AUC",0.88674,320.28,NA,41,33,8,27,14,0,0,0,0.658536585365854,0.341463414634146,1,1.34146341463415
12,"binary",2,"Purely linear","BRP-GABLE rule-only",TRUE,"AUC",0.858816,319.25,NA,48,48,0,28,20,0,0,0,0.583333333333333,0.416666666666667,1,1.41666666666667
12,"binary",2,"Purely linear","GABLE",TRUE,"AUC",0.760174,7.73000000000002,NA,5,5,0,4,1,0,0,0,0.8,0.2,1,1.2
12,"binary",2,"Purely linear","GBM",TRUE,"AUC",0.881538,0.0699999999999363,NA,NA,NA,NA,NA,NA,NA,NA,NA,NA,NA,NA,NA
12,"binary",2,"Purely linear","Linear",TRUE,"AUC",0.898404,0.00999999999999091,NA,20,0,20,20,0,0,0,0,1,0,1,1
12,"binary",2,"Purely linear","Random forest",TRUE,"AUC",0.873322,0.779999999999973,NA,NA,NA,NA,NA,NA,NA,NA,NA,NA,NA,NA,NA
12,"binary",2,"Purely linear","RuleFit",TRUE,"AUC",0.874464,31.6000000000001,NA,62,62,0,0,3,59,0,0,0,0.0483870967741935,0.0483870967741935,2.95161290322581
13,"binary",2,"Purely linear","BRP-GABLE full",TRUE,"AUC",0.853088400641808,307.66,NA,25,19,6,8,17,0,0,0,0.32,0.68,1,1.68
13,"binary",2,"Purely linear","BRP-GABLE rule-only",TRUE,"AUC",0.822952636654276,305.51,NA,37,37,0,12,25,0,0,0,0.324324324324324,0.675675675675676,1,1.67567567567568
13,"binary",2,"Purely linear","GABLE",TRUE,"AUC",0.745393507496429,6.6400000000001,NA,5,5,0,4,1,0,0,0,0.8,0.2,1,1.2
13,"binary",2,"Purely linear","GBM",TRUE,"AUC",0.857381791700511,0.0999999999999091,NA,NA,NA,NA,NA,NA,NA,NA,NA,NA,NA,NA,NA
13,"binary",2,"Purely linear","Linear",TRUE,"AUC",0.8802211916661,0.00999999999999091,NA,20,0,20,20,0,0,0,0,1,0,1,1
13,"binary",2,"Purely linear","Random forest",TRUE,"AUC",0.84027624950484,0.789999999999964,NA,NA,NA,NA,NA,NA,NA,NA,NA,NA,NA,NA,NA
13,"binary",2,"Purely linear","RuleFit",TRUE,"AUC",0.847660642048024,31.02,NA,61,61,0,0,2,59,0,0,0,0.0327868852459016,0.0327868852459016,2.9672131147541
14,"binary",2,"Purely linear","BRP-GABLE full",TRUE,"AUC",0.87728394765374,310.29,NA,28,22,6,12,16,0,0,0,0.428571428571429,0.571428571428571,1,1.57142857142857
14,"binary",2,"Purely linear","BRP-GABLE rule-only",TRUE,"AUC",0.857258022572424,306.36,NA,52,52,0,28,24,0,0,0,0.538461538461538,0.461538461538462,1,1.46153846153846
14,"binary",2,"Purely linear","GABLE",TRUE,"AUC",0.772317374205344,7.95000000000005,NA,5,5,0,5,0,0,0,0,1,0,1,1
14,"binary",2,"Purely linear","GBM",TRUE,"AUC",0.877323955495277,0.0799999999999272,NA,NA,NA,NA,NA,NA,NA,NA,NA,NA,NA,NA,NA
14,"binary",2,"Purely linear","Linear",TRUE,"AUC",0.890782593388304,0,NA,20,0,20,20,0,0,0,0,1,0,1,1
14,"binary",2,"Purely linear","Random forest",TRUE,"AUC",0.860600677732836,0.809999999999945,NA,NA,NA,NA,NA,NA,NA,NA,NA,NA,NA,NA,NA
14,"binary",2,"Purely linear","RuleFit",TRUE,"AUC",0.868722269564835,31.24,NA,73,73,0,0,13,60,0,0,0,0.178082191780822,0.178082191780822,2.82191780821918
15,"binary",2,"Purely linear","BRP-GABLE full",TRUE,"AUC",0.868580781559026,327.86,NA,24,18,6,17,7,0,0,0,0.708333333333333,0.291666666666667,1,1.29166666666667
15,"binary",2,"Purely linear","BRP-GABLE rule-only",TRUE,"AUC",0.821333007048554,329.09,NA,52,52,0,43,9,0,0,0,0.826923076923077,0.173076923076923,1,1.17307692307692
15,"binary",2,"Purely linear","GABLE",TRUE,"AUC",0.752797156508378,8.20000000000005,NA,5,5,0,5,0,0,0,0,1,0,1,1
15,"binary",2,"Purely linear","GBM",TRUE,"AUC",0.853569007225068,0.100000000000136,NA,NA,NA,NA,NA,NA,NA,NA,NA,NA,NA,NA,NA
15,"binary",2,"Purely linear","Linear",TRUE,"AUC",0.880996987214718,0,NA,20,0,20,20,0,0,0,0,1,0,1,1
15,"binary",2,"Purely linear","Random forest",TRUE,"AUC",0.847731986472554,0.889999999999873,NA,NA,NA,NA,NA,NA,NA,NA,NA,NA,NA,NA,NA
15,"binary",2,"Purely linear","RuleFit",TRUE,"AUC",0.856531646280554,35.5,NA,61,61,0,0,12,49,0,0,0,0.19672131147541,0.19672131147541,2.80327868852459
16,"binary",2,"Purely linear","BRP-GABLE full",TRUE,"AUC",0.866436725499062,328.41,NA,25,18,7,15,10,0,0,0,0.6,0.4,1,1.4
16,"binary",2,"Purely linear","BRP-GABLE rule-only",TRUE,"AUC",0.829946902796506,325.47,NA,47,47,0,28,19,0,0,0,0.595744680851064,0.404255319148936,1,1.40425531914894
16,"binary",2,"Purely linear","GABLE",TRUE,"AUC",0.771117842180867,7.08999999999992,NA,5,5,0,5,0,0,0,0,1,0,1,1
16,"binary",2,"Purely linear","GBM",TRUE,"AUC",0.855981337953497,0.0800000000001546,NA,NA,NA,NA,NA,NA,NA,NA,NA,NA,NA,NA,NA
16,"binary",2,"Purely linear","Linear",TRUE,"AUC",0.871634409548694,0,NA,20,0,20,20,0,0,0,0,1,0,1,1
16,"binary",2,"Purely linear","Random forest",TRUE,"AUC",0.847416562966401,0.779999999999973,NA,NA,NA,NA,NA,NA,NA,NA,NA,NA,NA,NA,NA
16,"binary",2,"Purely linear","RuleFit",TRUE,"AUC",0.847764675754945,29.9400000000001,NA,59,59,0,0,4,55,0,0,0,0.0677966101694915,0.0677966101694915,2.93220338983051
17,"binary",2,"Purely linear","BRP-GABLE full",TRUE,"AUC",0.884456445644564,327.44,NA,33,26,7,19,14,0,0,0,0.575757575757576,0.424242424242424,1,1.42424242424242
17,"binary",2,"Purely linear","BRP-GABLE rule-only",TRUE,"AUC",0.857535753575357,327.64,NA,58,58,0,40,18,0,0,0,0.689655172413793,0.310344827586207,1,1.31034482758621
17,"binary",2,"Purely linear","GABLE",TRUE,"AUC",0.757951795179518,6.43000000000006,NA,4,4,0,3,1,0,0,0,0.75,0.25,1,1.25
17,"binary",2,"Purely linear","GBM",TRUE,"AUC",0.875763576357636,0.0799999999999272,NA,NA,NA,NA,NA,NA,NA,NA,NA,NA,NA,NA,NA
17,"binary",2,"Purely linear","Linear",TRUE,"AUC",0.895473547354735,0.00999999999999091,NA,20,0,20,20,0,0,0,0,1,0,1,1
17,"binary",2,"Purely linear","Random forest",TRUE,"AUC",0.870891089108911,0.769999999999982,NA,NA,NA,NA,NA,NA,NA,NA,NA,NA,NA,NA,NA
17,"binary",2,"Purely linear","RuleFit",TRUE,"AUC",0.871261126112611,30.8199999999999,NA,61,61,0,0,13,48,0,0,0,0.213114754098361,0.213114754098361,2.78688524590164
18,"binary",2,"Purely linear","BRP-GABLE full",TRUE,"AUC",0.880128328213006,321.05,NA,29,23,6,13,16,0,0,0,0.448275862068966,0.551724137931034,1,1.55172413793103
18,"binary",2,"Purely linear","BRP-GABLE rule-only",TRUE,"AUC",0.850452428955453,319.62,NA,37,37,0,19,18,0,0,0,0.513513513513513,0.486486486486487,1,1.48648648648649
18,"binary",2,"Purely linear","GABLE",TRUE,"AUC",0.756530417946749,7.08000000000015,NA,5,5,0,4,1,0,0,0,0.8,0.2,1,1.2
18,"binary",2,"Purely linear","GBM",TRUE,"AUC",0.868999615975422,0.0799999999999272,NA,NA,NA,NA,NA,NA,NA,NA,NA,NA,NA,NA,NA
18,"binary",2,"Purely linear","Linear",TRUE,"AUC",0.894881272401434,0.00999999999999091,NA,20,0,20,20,0,0,0,0,1,0,1,1
18,"binary",2,"Purely linear","Random forest",TRUE,"AUC",0.866805475550435,0.779999999999973,NA,NA,NA,NA,NA,NA,NA,NA,NA,NA,NA,NA,NA
18,"binary",2,"Purely linear","RuleFit",TRUE,"AUC",0.867981550819252,30.22,NA,71,71,0,0,10,61,0,0,0,0.140845070422535,0.140845070422535,2.85915492957746
19,"binary",2,"Purely linear","BRP-GABLE full",TRUE,"AUC",0.862139448557794,321.91,NA,38,30,8,26,12,0,0,0,0.684210526315789,0.315789473684211,1,1.31578947368421
19,"binary",2,"Purely linear","BRP-GABLE rule-only",TRUE,"AUC",0.83436733746935,322.2,NA,52,52,0,37,15,0,0,0,0.711538461538462,0.288461538461538,1,1.28846153846154
19,"binary",2,"Purely linear","GABLE",TRUE,"AUC",0.761521046084184,7.49000000000001,NA,5,5,0,5,0,0,0,0,1,0,1,1
19,"binary",2,"Purely linear","GBM",TRUE,"AUC",0.846415385661543,0.0900000000001455,NA,NA,NA,NA,NA,NA,NA,NA,NA,NA,NA,NA,NA
19,"binary",2,"Purely linear","Linear",TRUE,"AUC",0.876443505774023,0.0199999999999818,NA,20,0,20,20,0,0,0,0,1,0,1,1
19,"binary",2,"Purely linear","Random forest",TRUE,"AUC",0.842863371453486,0.759999999999991,NA,NA,NA,NA,NA,NA,NA,NA,NA,NA,NA,NA,NA
19,"binary",2,"Purely linear","RuleFit",TRUE,"AUC",0.845047380189521,31.55,NA,50,50,0,0,5,45,0,0,0,0.1,0.1,2.9
20,"binary",2,"Purely linear","BRP-GABLE full",TRUE,"AUC",0.881458503663092,319.03,NA,37,31,6,16,21,0,0,0,0.432432432432432,0.567567567567568,1,1.56756756756757
20,"binary",2,"Purely linear","BRP-GABLE rule-only",TRUE,"AUC",0.857590294810754,317.38,NA,48,48,0,26,22,0,0,0,0.541666666666667,0.458333333333333,1,1.45833333333333
20,"binary",2,"Purely linear","GABLE",TRUE,"AUC",0.739714086471409,7.72000000000003,NA,5,5,0,5,0,0,0,0,1,0,1,1
20,"binary",2,"Purely linear","GBM",TRUE,"AUC",0.872170522130845,0.0699999999999363,NA,NA,NA,NA,NA,NA,NA,NA,NA,NA,NA,NA,NA
20,"binary",2,"Purely linear","Linear",TRUE,"AUC",0.897986501867616,0.0200000000002092,NA,20,0,20,20,0,0,0,0,1,0,1,1
20,"binary",2,"Purely linear","Random forest",TRUE,"AUC",0.869505362381571,0.799999999999955,NA,NA,NA,NA,NA,NA,NA,NA,NA,NA,NA,NA,NA
20,"binary",2,"Purely linear","RuleFit",TRUE,"AUC",0.873703489956556,31.3099999999999,NA,56,56,0,0,6,50,0,0,0,0.107142857142857,0.107142857142857,2.89285714285714
21,"binary",2,"Purely linear","BRP-GABLE full",TRUE,"AUC",0.859033744539913,312.2,NA,29,23,6,10,19,0,0,0,0.344827586206897,0.655172413793103,1,1.6551724137931
21,"binary",2,"Purely linear","BRP-GABLE rule-only",TRUE,"AUC",0.845745531928511,311.32,NA,42,42,0,17,25,0,0,0,0.404761904761905,0.595238095238095,1,1.5952380952381
21,"binary",2,"Purely linear","GABLE",TRUE,"AUC",0.768722299556793,5.91999999999985,NA,4,4,0,3,1,0,0,0,0.75,0.25,1,1.25
21,"binary",2,"Purely linear","GBM",TRUE,"AUC",0.861265780252484,0.0900000000001455,NA,NA,NA,NA,NA,NA,NA,NA,NA,NA,NA,NA,NA
21,"binary",2,"Purely linear","Linear",TRUE,"AUC",0.872713963423415,0.0199999999999818,NA,20,0,20,20,0,0,0,0,1,0,1,1
21,"binary",2,"Purely linear","Random forest",TRUE,"AUC",0.851345621529944,0.769999999999982,NA,NA,NA,NA,NA,NA,NA,NA,NA,NA,NA,NA,NA
21,"binary",2,"Purely linear","RuleFit",TRUE,"AUC",0.857283716539465,28.3300000000002,NA,57,57,0,0,3,54,0,0,0,0.0526315789473684,0.0526315789473684,2.94736842105263
22,"binary",2,"Purely linear","BRP-GABLE full",TRUE,"AUC",0.871172748728757,318.14,NA,40,31,9,27,13,0,0,0,0.675,0.325,1,1.325
22,"binary",2,"Purely linear","BRP-GABLE rule-only",TRUE,"AUC",0.843954736154577,317.99,NA,57,57,0,38,19,0,0,0,0.666666666666667,0.333333333333333,1,1.33333333333333
22,"binary",2,"Purely linear","GABLE",TRUE,"AUC",0.77545790774927,7.32999999999993,NA,5,5,0,5,0,0,0,0,1,0,1,1
22,"binary",2,"Purely linear","GBM",TRUE,"AUC",0.857572758345722,0.0799999999999272,NA,NA,NA,NA,NA,NA,NA,NA,NA,NA,NA,NA,NA
22,"binary",2,"Purely linear","Linear",TRUE,"AUC",0.882885409862998,0.00999999999999091,NA,20,0,20,20,0,0,0,0,1,0,1,1
22,"binary",2,"Purely linear","Random forest",TRUE,"AUC",0.85175249139482,0.730000000000018,NA,NA,NA,NA,NA,NA,NA,NA,NA,NA,NA,NA,NA
22,"binary",2,"Purely linear","RuleFit",TRUE,"AUC",0.850991148385752,29.5599999999999,NA,56,56,0,0,5,51,0,0,0,0.0892857142857143,0.0892857142857143,2.91071428571429
23,"binary",2,"Purely linear","BRP-GABLE full",TRUE,"AUC",0.871360272919469,306.74,NA,24,18,6,10,14,0,0,0,0.416666666666667,0.583333333333333,1,1.58333333333333
23,"binary",2,"Purely linear","BRP-GABLE rule-only",TRUE,"AUC",0.846270581075021,307.06,NA,51,51,0,28,23,0,0,0,0.549019607843137,0.450980392156863,1,1.45098039215686
23,"binary",2,"Purely linear","GABLE",TRUE,"AUC",0.754540649625216,7.28999999999996,NA,5,5,0,5,0,0,0,0,1,0,1,1
23,"binary",2,"Purely linear","GBM",TRUE,"AUC",0.866403196873599,0.0599999999999454,NA,NA,NA,NA,NA,NA,NA,NA,NA,NA,NA,NA,NA
23,"binary",2,"Purely linear","Linear",TRUE,"AUC",0.883584790825806,0.0199999999999818,NA,20,0,20,20,0,0,0,0,1,0,1,1
23,"binary",2,"Purely linear","Random forest",TRUE,"AUC",0.862309004420527,0.769999999999982,NA,NA,NA,NA,NA,NA,NA,NA,NA,NA,NA,NA,NA
23,"binary",2,"Purely linear","RuleFit",TRUE,"AUC",0.863522246780703,30.47,NA,65,65,0,0,10,55,0,0,0,0.153846153846154,0.153846153846154,2.84615384615385
24,"binary",2,"Purely linear","BRP-GABLE full",TRUE,"AUC",0.848030273937532,312.03,NA,46,39,7,24,22,0,0,0,0.521739130434783,0.478260869565217,1,1.47826086956522
24,"binary",2,"Purely linear","BRP-GABLE rule-only",TRUE,"AUC",0.824950796850998,311.35,NA,48,48,0,23,25,0,0,0,0.479166666666667,0.520833333333333,1,1.52083333333333
24,"binary",2,"Purely linear","GABLE",TRUE,"AUC",0.725860455069124,7.48000000000002,NA,5,5,0,5,0,0,0,0,1,0,1,1
24,"binary",2,"Purely linear","GBM",TRUE,"AUC",0.841285842293907,0.0899999999999181,NA,NA,NA,NA,NA,NA,NA,NA,NA,NA,NA,NA,NA
24,"binary",2,"Purely linear","Linear",TRUE,"AUC",0.871855798771121,0.0199999999999818,NA,20,0,20,20,0,0,0,0,1,0,1,1
24,"binary",2,"Purely linear","Random forest",TRUE,"AUC",0.835241455453149,0.800000000000182,NA,NA,NA,NA,NA,NA,NA,NA,NA,NA,NA,NA,NA
24,"binary",2,"Purely linear","RuleFit",TRUE,"AUC",0.841775873655914,30.02,NA,71,71,0,0,16,55,0,0,0,0.225352112676056,0.225352112676056,2.77464788732394
25,"binary",2,"Purely linear","BRP-GABLE full",TRUE,"AUC",0.865373524087217,314.08,NA,37,29,8,23,14,0,0,0,0.621621621621622,0.378378378378378,1,1.37837837837838
25,"binary",2,"Purely linear","BRP-GABLE rule-only",TRUE,"AUC",0.839435908937984,314.46,NA,46,46,0,29,17,0,0,0,0.630434782608696,0.369565217391304,1,1.3695652173913
25,"binary",2,"Purely linear","GABLE",TRUE,"AUC",0.766779746551531,7.57999999999993,NA,5,5,0,5,0,0,0,0,1,0,1,1
25,"binary",2,"Purely linear","GBM",TRUE,"AUC",0.857737627965844,0.0599999999999454,NA,NA,NA,NA,NA,NA,NA,NA,NA,NA,NA,NA,NA
25,"binary",2,"Purely linear","Linear",TRUE,"AUC",0.878366362806197,0.0199999999999818,NA,20,0,20,20,0,0,0,0,1,0,1,1
25,"binary",2,"Purely linear","Random forest",TRUE,"AUC",0.836984732212948,0.809999999999945,NA,NA,NA,NA,NA,NA,NA,NA,NA,NA,NA,NA,NA
25,"binary",2,"Purely linear","RuleFit",TRUE,"AUC",0.855204344830901,32.5900000000001,NA,57,57,0,0,13,44,0,0,0,0.228070175438596,0.228070175438596,2.7719298245614
26,"binary",2,"Purely linear","BRP-GABLE full",TRUE,"AUC",0.866477648161274,306.99,NA,36,31,5,12,24,0,0,0,0.333333333333333,0.666666666666667,1,1.66666666666667
26,"binary",2,"Purely linear","BRP-GABLE rule-only",TRUE,"AUC",0.856702347914189,305.67,NA,34,34,0,7,27,0,0,0,0.205882352941176,0.794117647058823,1,1.79411764705882
26,"binary",2,"Purely linear","GABLE",TRUE,"AUC",0.782162179479478,7,NA,5,5,0,5,0,0,0,0,1,0,1,1
26,"binary",2,"Purely linear","GBM",TRUE,"AUC",0.883689545114152,0.0999999999999091,NA,NA,NA,NA,NA,NA,NA,NA,NA,NA,NA,NA,NA
26,"binary",2,"Purely linear","Linear",TRUE,"AUC",0.890873850170797,0.0100000000002183,NA,20,0,20,20,0,0,0,0,1,0,1,1
26,"binary",2,"Purely linear","Random forest",TRUE,"AUC",0.872620749586522,0.760000000000218,NA,NA,NA,NA,NA,NA,NA,NA,NA,NA,NA,NA,NA
26,"binary",2,"Purely linear","RuleFit",TRUE,"AUC",0.872056096847956,27.2399999999998,NA,45,45,0,0,7,38,0,0,0,0.155555555555556,0.155555555555556,2.84444444444444
27,"binary",2,"Purely linear","BRP-GABLE full",TRUE,"AUC",0.872673406065459,318.83,NA,29,23,6,14,15,0,0,0,0.482758620689655,0.517241379310345,1,1.51724137931034
27,"binary",2,"Purely linear","BRP-GABLE rule-only",TRUE,"AUC",0.851720548493644,314.21,NA,45,45,0,30,15,0,0,0,0.666666666666667,0.333333333333333,1,1.33333333333333
27,"binary",2,"Purely linear","GABLE",TRUE,"AUC",0.76709238314483,6.40000000000009,NA,5,5,0,4,1,0,0,0,0.8,0.2,1,1.2
27,"binary",2,"Purely linear","GBM",TRUE,"AUC",0.866333700330297,0.0799999999999272,NA,NA,NA,NA,NA,NA,NA,NA,NA,NA,NA,NA,NA
27,"binary",2,"Purely linear","Linear",TRUE,"AUC",0.883931538384546,0,NA,20,0,20,20,0,0,0,0,1,0,1,1
27,"binary",2,"Purely linear","Random forest",TRUE,"AUC",0.853990591532379,0.769999999999982,NA,NA,NA,NA,NA,NA,NA,NA,NA,NA,NA,NA,NA
27,"binary",2,"Purely linear","RuleFit",TRUE,"AUC",0.862173956560905,30.1999999999998,NA,62,62,0,0,7,55,0,0,0,0.112903225806452,0.112903225806452,2.88709677419355
28,"binary",2,"Purely linear","BRP-GABLE full",TRUE,"AUC",0.866305071075713,326.45,NA,31,25,6,14,17,0,0,0,0.451612903225806,0.548387096774194,1,1.54838709677419
28,"binary",2,"Purely linear","BRP-GABLE rule-only",TRUE,"AUC",0.83276943240246,324.63,NA,32,32,0,15,17,0,0,0,0.46875,0.53125,1,1.53125
28,"binary",2,"Purely linear","GABLE",TRUE,"AUC",0.742197802197802,7.23999999999978,NA,5,5,0,5,0,0,0,0,1,0,1,1
28,"binary",2,"Purely linear","GBM",TRUE,"AUC",0.859183385421918,0.0900000000001455,NA,NA,NA,NA,NA,NA,NA,NA,NA,NA,NA,NA,NA
28,"binary",2,"Purely linear","Linear",TRUE,"AUC",0.883960076620627,0,NA,20,0,20,20,0,0,0,0,1,0,1,1
28,"binary",2,"Purely linear","Random forest",TRUE,"AUC",0.83506805121484,0.970000000000255,NA,NA,NA,NA,NA,NA,NA,NA,NA,NA,NA,NA,NA
28,"binary",2,"Purely linear","RuleFit",TRUE,"AUC",0.854678899082569,31.3200000000002,NA,66,66,0,0,6,60,0,0,0,0.0909090909090909,0.0909090909090909,2.90909090909091
29,"binary",2,"Purely linear","BRP-GABLE full",TRUE,"AUC",0.877321337090164,312.62,NA,42,33,9,23,19,0,0,0,0.547619047619048,0.452380952380952,1,1.45238095238095
29,"binary",2,"Purely linear","BRP-GABLE rule-only",TRUE,"AUC",0.853469598488729,311.72,NA,58,58,0,29,29,0,0,0,0.5,0.5,1,1.5
29,"binary",2,"Purely linear","GABLE",TRUE,"AUC",0.756397685066598,7.05000000000018,NA,5,5,0,3,2,0,0,0,0.6,0.4,1,1.4
29,"binary",2,"Purely linear","GBM",TRUE,"AUC",0.862388735911885,0.0900000000001455,NA,NA,NA,NA,NA,NA,NA,NA,NA,NA,NA,NA,NA
29,"binary",2,"Purely linear","Linear",TRUE,"AUC",0.877449410860656,0.0199999999999818,NA,20,0,20,20,0,0,0,0,1,0,1,1
29,"binary",2,"Purely linear","Random forest",TRUE,"AUC",0.844464411501025,0.809999999999945,NA,NA,NA,NA,NA,NA,NA,NA,NA,NA,NA,NA,NA
29,"binary",2,"Purely linear","RuleFit",TRUE,"AUC",0.860975922131148,30.1199999999999,NA,73,73,0,0,15,58,0,0,0,0.205479452054795,0.205479452054795,2.79452054794521
30,"binary",2,"Purely linear","BRP-GABLE full",TRUE,"AUC",0.87492798156328,310.74,NA,27,21,6,13,14,0,0,0,0.481481481481481,0.518518518518518,1,1.51851851851852
30,"binary",2,"Purely linear","BRP-GABLE rule-only",TRUE,"AUC",0.850809807310672,311.38,NA,38,38,0,20,18,0,0,0,0.526315789473684,0.473684210526316,1,1.47368421052632
30,"binary",2,"Purely linear","GABLE",TRUE,"AUC",0.731117165994495,7.27999999999975,NA,5,5,0,5,0,0,0,0,1,0,1,1
30,"binary",2,"Purely linear","GBM",TRUE,"AUC",0.869758658216503,0.0900000000001455,NA,NA,NA,NA,NA,NA,NA,NA,NA,NA,NA,NA,NA
30,"binary",2,"Purely linear","Linear",TRUE,"AUC",0.887595224377441,0.0199999999999818,NA,20,0,20,20,0,0,0,0,1,0,1,1
30,"binary",2,"Purely linear","Random forest",TRUE,"AUC",0.853832581140772,0.7800000000002,NA,NA,NA,NA,NA,NA,NA,NA,NA,NA,NA,NA,NA
30,"binary",2,"Purely linear","RuleFit",TRUE,"AUC",0.870758914282056,31.4400000000001,NA,64,64,0,0,4,60,0,0,0,0.0625,0.0625,2.9375
31,"binary",2,"Purely linear","BRP-GABLE full",TRUE,"AUC",0.860508,311.43,NA,33,26,7,16,17,0,0,0,0.484848484848485,0.515151515151515,1,1.51515151515152
31,"binary",2,"Purely linear","BRP-GABLE rule-only",TRUE,"AUC",0.835282,309.92,NA,50,50,0,34,16,0,0,0,0.68,0.32,1,1.32
31,"binary",2,"Purely linear","GABLE",TRUE,"AUC",0.718778,6.94999999999982,NA,5,5,0,3,2,0,0,0,0.6,0.4,1,1.4
31,"binary",2,"Purely linear","GBM",TRUE,"AUC",0.850944,0.0999999999999091,NA,NA,NA,NA,NA,NA,NA,NA,NA,NA,NA,NA,NA
31,"binary",2,"Purely linear","Linear",TRUE,"AUC",0.872832,0,NA,20,0,20,20,0,0,0,0,1,0,1,1
31,"binary",2,"Purely linear","Random forest",TRUE,"AUC",0.843796,0.760000000000218,NA,NA,NA,NA,NA,NA,NA,NA,NA,NA,NA,NA,NA
31,"binary",2,"Purely linear","RuleFit",TRUE,"AUC",0.837034,29.3200000000002,NA,62,62,0,0,9,53,0,0,0,0.145161290322581,0.145161290322581,2.85483870967742
32,"binary",2,"Purely linear","BRP-GABLE full",TRUE,"AUC",0.867784611442117,316.92,NA,27,21,6,12,15,0,0,0,0.444444444444444,0.555555555555556,1,1.55555555555556
32,"binary",2,"Purely linear","BRP-GABLE rule-only",TRUE,"AUC",0.847141472868217,315.51,NA,50,50,0,32,18,0,0,0,0.64,0.36,1,1.36
32,"binary",2,"Purely linear","GABLE",TRUE,"AUC",0.751279310013454,7.23000000000002,NA,5,5,0,5,0,0,0,0,1,0,1,1
32,"binary",2,"Purely linear","GBM",TRUE,"AUC",0.85759818053687,0.0799999999999272,NA,NA,NA,NA,NA,NA,NA,NA,NA,NA,NA,NA,NA
32,"binary",2,"Purely linear","Linear",TRUE,"AUC",0.871596514831187,0,NA,20,0,20,20,0,0,0,0,1,0,1,1
32,"binary",2,"Purely linear","Random forest",TRUE,"AUC",0.852124575565379,0.769999999999982,NA,NA,NA,NA,NA,NA,NA,NA,NA,NA,NA,NA,NA
32,"binary",2,"Purely linear","RuleFit",TRUE,"AUC",0.841031215965148,29.5300000000002,NA,68,68,0,0,17,51,0,0,0,0.25,0.25,2.75
33,"binary",2,"Purely linear","BRP-GABLE full",TRUE,"AUC",0.86240540421564,313.6,NA,33,27,6,12,21,0,0,0,0.363636363636364,0.636363636363636,1,1.63636363636364
33,"binary",2,"Purely linear","BRP-GABLE rule-only",TRUE,"AUC",0.839106127365645,313.56,NA,49,49,0,21,28,0,0,0,0.428571428571429,0.571428571428571,1,1.57142857142857
33,"binary",2,"Purely linear","GABLE",TRUE,"AUC",0.72514497016556,5.0300000000002,NA,5,5,0,3,2,0,0,0,0.6,0.4,1,1.4
33,"binary",2,"Purely linear","GBM",TRUE,"AUC",0.853813245610876,0.0599999999999454,NA,NA,NA,NA,NA,NA,NA,NA,NA,NA,NA,NA,NA
33,"binary",2,"Purely linear","Linear",TRUE,"AUC",0.878409150028614,0.0199999999999818,NA,20,0,20,20,0,0,0,0,1,0,1,1
33,"binary",2,"Purely linear","Random forest",TRUE,"AUC",0.850969869416798,0.920000000000073,NA,NA,NA,NA,NA,NA,NA,NA,NA,NA,NA,NA,NA
33,"binary",2,"Purely linear","RuleFit",TRUE,"AUC",0.852572645160258,29.7399999999998,NA,60,60,0,0,6,54,0,0,0,0.1,0.1,2.9
34,"binary",2,"Purely linear","BRP-GABLE full",TRUE,"AUC",0.893944728040838,321.83,NA,21,15,6,11,10,0,0,0,0.523809523809524,0.476190476190476,1,1.47619047619048
34,"binary",2,"Purely linear","BRP-GABLE rule-only",TRUE,"AUC",0.855937254964715,324.07,NA,46,46,0,34,12,0,0,0,0.739130434782609,0.260869565217391,1,1.26086956521739
34,"binary",2,"Purely linear","GABLE",TRUE,"AUC",0.789193643884719,7.36000000000013,NA,5,5,0,5,0,0,0,0,1,0,1,1
34,"binary",2,"Purely linear","GBM",TRUE,"AUC",0.879034580979661,0.0799999999999272,NA,NA,NA,NA,NA,NA,NA,NA,NA,NA,NA,NA,NA
34,"binary",2,"Purely linear","Linear",TRUE,"AUC",0.901925877326335,0.0100000000002183,NA,20,0,20,20,0,0,0,0,1,0,1,1
34,"binary",2,"Purely linear","Random forest",TRUE,"AUC",0.871019426797459,0.880000000000109,NA,NA,NA,NA,NA,NA,NA,NA,NA,NA,NA,NA,NA
34,"binary",2,"Purely linear","RuleFit",TRUE,"AUC",0.881798979052984,30.1499999999996,NA,65,65,0,0,15,50,0,0,0,0.230769230769231,0.230769230769231,2.76923076923077
35,"binary",2,"Purely linear","BRP-GABLE full",TRUE,"AUC",0.887282196515144,313.24,NA,33,27,6,16,17,0,0,0,0.484848484848485,0.515151515151515,1,1.51515151515152
35,"binary",2,"Purely linear","BRP-GABLE rule-only",TRUE,"AUC",0.872985967775484,312.75,NA,48,48,0,24,24,0,0,0,0.5,0.5,1,1.5
35,"binary",2,"Purely linear","GABLE",TRUE,"AUC",0.776552424838797,7.38000000000011,NA,5,5,0,5,0,0,0,0,1,0,1,1
35,"binary",2,"Purely linear","GBM",TRUE,"AUC",0.886150178402854,0.0799999999999272,NA,NA,NA,NA,NA,NA,NA,NA,NA,NA,NA,NA,NA
35,"binary",2,"Purely linear","Linear",TRUE,"AUC",0.895814333029328,0.0199999999999818,NA,20,0,20,20,0,0,0,0,1,0,1,1
35,"binary",2,"Purely linear","Random forest",TRUE,"AUC",0.874991999871998,0.789999999999964,NA,NA,NA,NA,NA,NA,NA,NA,NA,NA,NA,NA,NA
35,"binary",2,"Purely linear","RuleFit",TRUE,"AUC",0.875010000160003,31.0599999999999,NA,65,65,0,0,10,55,0,0,0,0.153846153846154,0.153846153846154,2.84615384615385
36,"binary",2,"Purely linear","BRP-GABLE full",TRUE,"AUC",0.880933671178395,311.260000000001,NA,39,30,9,17,22,0,0,0,0.435897435897436,0.564102564102564,1,1.56410256410256
36,"binary",2,"Purely linear","BRP-GABLE rule-only",TRUE,"AUC",0.856489351465777,310.8,NA,58,58,0,31,27,0,0,0,0.53448275862069,0.46551724137931,1,1.46551724137931
36,"binary",2,"Purely linear","GABLE",TRUE,"AUC",0.764016293540317,7.10000000000036,NA,5,5,0,5,0,0,0,0,1,0,1,1
36,"binary",2,"Purely linear","GBM",TRUE,"AUC",0.874835621271409,0.0899999999996908,NA,NA,NA,NA,NA,NA,NA,NA,NA,NA,NA,NA,NA
36,"binary",2,"Purely linear","Linear",TRUE,"AUC",0.884421707614343,0,NA,20,0,20,20,0,0,0,0,1,0,1,1
36,"binary",2,"Purely linear","Random forest",TRUE,"AUC",0.858614247225608,0.75,NA,NA,NA,NA,NA,NA,NA,NA,NA,NA,NA,NA,NA
36,"binary",2,"Purely linear","RuleFit",TRUE,"AUC",0.86911844890628,29.0099999999998,NA,67,67,0,1,6,60,0,0,0.0149253731343284,0.0895522388059701,0.104477611940299,2.88059701492537
37,"binary",2,"Purely linear","BRP-GABLE full",TRUE,"AUC",0.858733739739836,308.51,NA,31,25,6,15,16,0,0,0,0.483870967741935,0.516129032258065,1,1.51612903225806
37,"binary",2,"Purely linear","BRP-GABLE rule-only",TRUE,"AUC",0.831333301332821,307.64,NA,51,51,0,30,21,0,0,0,0.588235294117647,0.411764705882353,1,1.41176470588235
37,"binary",2,"Purely linear","GABLE",TRUE,"AUC",0.742405878494056,7.30000000000018,NA,5,5,0,5,0,0,0,0,1,0,1,1
37,"binary",2,"Purely linear","GBM",TRUE,"AUC",0.849623593977504,0.0999999999999091,NA,NA,NA,NA,NA,NA,NA,NA,NA,NA,NA,NA,NA
37,"binary",2,"Purely linear","Linear",TRUE,"AUC",0.868965903454455,0.0100000000002183,NA,20,0,20,20,0,0,0,0,1,0,1,1
37,"binary",2,"Purely linear","Random forest",TRUE,"AUC",0.839631434102946,0.789999999999964,NA,NA,NA,NA,NA,NA,NA,NA,NA,NA,NA,NA,NA
37,"binary",2,"Purely linear","RuleFit",TRUE,"AUC",0.854075665210643,30.2399999999998,NA,56,56,0,0,5,51,0,0,0,0.0892857142857143,0.0892857142857143,2.91071428571429
38,"binary",2,"Purely linear","BRP-GABLE full",TRUE,"AUC",0.887329467462252,321.02,NA,30,24,6,18,12,0,0,0,0.6,0.4,1,1.4
38,"binary",2,"Purely linear","BRP-GABLE rule-only",TRUE,"AUC",0.863688025004102,320.49,NA,59,59,0,45,14,0,0,0,0.76271186440678,0.23728813559322,1,1.23728813559322
38,"binary",2,"Purely linear","GABLE",TRUE,"AUC",0.770695016387932,7.59999999999991,NA,5,5,0,5,0,0,0,0,1,0,1,1
38,"binary",2,"Purely linear","GBM",TRUE,"AUC",0.874077053293794,0.0799999999999272,NA,NA,NA,NA,NA,NA,NA,NA,NA,NA,NA,NA,NA
38,"binary",2,"Purely linear","Linear",TRUE,"AUC",0.899791499085557,0.0199999999999818,NA,20,0,20,20,0,0,0,0,1,0,1,1
38,"binary",2,"Purely linear","Random forest",TRUE,"AUC",0.861380908359646,0.789999999999964,NA,NA,NA,NA,NA,NA,NA,NA,NA,NA,NA,NA,NA
38,"binary",2,"Purely linear","RuleFit",TRUE,"AUC",0.877084508902309,30.9200000000001,NA,75,75,0,0,17,58,0,0,0,0.226666666666667,0.226666666666667,2.77333333333333
39,"binary",2,"Purely linear","BRP-GABLE full",TRUE,"AUC",0.853121596514831,324.21,NA,44,38,6,16,28,0,0,0,0.363636363636364,0.636363636363636,1,1.63636363636364
39,"binary",2,"Purely linear","BRP-GABLE rule-only",TRUE,"AUC",0.834872909859696,325.7,NA,51,51,0,23,28,0,0,0,0.450980392156863,0.549019607843137,1,1.54901960784314
39,"binary",2,"Purely linear","GABLE",TRUE,"AUC",0.734714347491832,6.11999999999989,NA,5,5,0,4,1,0,0,0,0.8,0.2,1,1.2
39,"binary",2,"Purely linear","GBM",TRUE,"AUC",0.852500960984048,0.0700000000001637,NA,NA,NA,NA,NA,NA,NA,NA,NA,NA,NA,NA,NA
39,"binary",2,"Purely linear","Linear",TRUE,"AUC",0.879917035043885,0.0199999999999818,NA,20,0,20,20,0,0,0,0,1,0,1,1
39,"binary",2,"Purely linear","Random forest",TRUE,"AUC",0.848584950989814,0.769999999999982,NA,NA,NA,NA,NA,NA,NA,NA,NA,NA,NA,NA,NA
39,"binary",2,"Purely linear","RuleFit",TRUE,"AUC",0.852278733423025,31.2199999999998,NA,54,54,0,0,6,48,0,0,0,0.111111111111111,0.111111111111111,2.88888888888889
40,"binary",2,"Purely linear","BRP-GABLE full",TRUE,"AUC",0.860111047107015,313.66,NA,38,31,7,19,19,0,0,0,0.5,0.5,1,1.5
40,"binary",2,"Purely linear","BRP-GABLE rule-only",TRUE,"AUC",0.836061507936508,314.24,NA,55,55,0,34,21,0,0,0,0.618181818181818,0.381818181818182,1,1.38181818181818
40,"binary",2,"Purely linear","GABLE",TRUE,"AUC",0.731312804019457,6.57999999999993,NA,4,4,0,3,1,0,0,0,0.75,0.25,1,1.25
40,"binary",2,"Purely linear","GBM",TRUE,"AUC",0.848776321684588,0.0900000000001455,NA,NA,NA,NA,NA,NA,NA,NA,NA,NA,NA,NA,NA
40,"binary",2,"Purely linear","Linear",TRUE,"AUC",0.878328213005632,0.0199999999999818,NA,20,0,20,20,0,0,0,0,1,0,1,1
40,"binary",2,"Purely linear","Random forest",TRUE,"AUC",0.843930011520737,0.779999999999745,NA,NA,NA,NA,NA,NA,NA,NA,NA,NA,NA,NA,NA
40,"binary",2,"Purely linear","RuleFit",TRUE,"AUC",0.850906458013313,30.6600000000003,NA,47,47,0,0,7,40,0,0,0,0.148936170212766,0.148936170212766,2.85106382978723
41,"binary",2,"Purely linear","BRP-GABLE full",TRUE,"AUC",0.860211870509353,322.39,NA,36,30,6,27,9,0,0,0,0.75,0.25,1,1.25
41,"binary",2,"Purely linear","BRP-GABLE rule-only",TRUE,"AUC",0.823776623833832,321.82,NA,47,47,0,38,9,0,0,0,0.808510638297872,0.191489361702128,1,1.19148936170213
41,"binary",2,"Purely linear","GABLE",TRUE,"AUC",0.734127714390872,6.92999999999984,NA,5,5,0,5,0,0,0,0,1,0,1,1
41,"binary",2,"Purely linear","GBM",TRUE,"AUC",0.841451168968331,0.0799999999999272,NA,NA,NA,NA,NA,NA,NA,NA,NA,NA,NA,NA,NA
41,"binary",2,"Purely linear","Linear",TRUE,"AUC",0.880930854042982,0,NA,20,0,20,20,0,0,0,0,1,0,1,1
41,"binary",2,"Purely linear","Random forest",TRUE,"AUC",0.83906682562289,0.880000000000109,NA,NA,NA,NA,NA,NA,NA,NA,NA,NA,NA,NA,NA
41,"binary",2,"Purely linear","RuleFit",TRUE,"AUC",0.843935526715847,29.75,NA,54,54,0,0,5,49,0,0,0,0.0925925925925926,0.0925925925925926,2.90740740740741
42,"binary",2,"Purely linear","BRP-GABLE full",TRUE,"AUC",0.870775077507751,324.56,NA,29,22,7,17,12,0,0,0,0.586206896551724,0.413793103448276,1,1.41379310344828
42,"binary",2,"Purely linear","BRP-GABLE rule-only",TRUE,"AUC",0.84017401740174,320.94,NA,38,38,0,25,13,0,0,0,0.657894736842105,0.342105263157895,1,1.34210526315789
42,"binary",2,"Purely linear","GABLE",TRUE,"AUC",0.753351335133513,7.44999999999982,NA,5,5,0,5,0,0,0,0,1,0,1,1
42,"binary",2,"Purely linear","GBM",TRUE,"AUC",0.868802880288029,0.0599999999999454,NA,NA,NA,NA,NA,NA,NA,NA,NA,NA,NA,NA,NA
42,"binary",2,"Purely linear","Linear",TRUE,"AUC",0.883360336033603,0.0199999999999818,NA,20,0,20,20,0,0,0,0,1,0,1,1
42,"binary",2,"Purely linear","Random forest",TRUE,"AUC",0.859381938193819,0.7800000000002,NA,NA,NA,NA,NA,NA,NA,NA,NA,NA,NA,NA,NA
42,"binary",2,"Purely linear","RuleFit",TRUE,"AUC",0.871975197519752,29.7200000000003,NA,77,77,0,0,15,62,0,0,0,0.194805194805195,0.194805194805195,2.80519480519481
43,"binary",2,"Purely linear","BRP-GABLE full",TRUE,"AUC",0.852772742007131,305.77,NA,34,29,5,13,21,0,0,0,0.382352941176471,0.617647058823529,1,1.61764705882353
43,"binary",2,"Purely linear","BRP-GABLE rule-only",TRUE,"AUC",0.828230863738049,305.12,NA,41,41,0,19,22,0,0,0,0.463414634146341,0.536585365853659,1,1.53658536585366
43,"binary",2,"Purely linear","GABLE",TRUE,"AUC",0.740814554244254,7.36000000000013,NA,5,5,0,5,0,0,0,0,1,0,1,1
43,"binary",2,"Purely linear","GBM",TRUE,"AUC",0.849955378403147,0.0799999999999272,NA,NA,NA,NA,NA,NA,NA,NA,NA,NA,NA,NA,NA
43,"binary",2,"Purely linear","Linear",TRUE,"AUC",0.868084152729921,0,NA,20,0,20,20,0,0,0,0,1,0,1,1
43,"binary",2,"Purely linear","Random forest",TRUE,"AUC",0.837005110473469,0.920000000000073,NA,NA,NA,NA,NA,NA,NA,NA,NA,NA,NA,NA,NA
43,"binary",2,"Purely linear","RuleFit",TRUE,"AUC",0.85139407473217,29.3899999999999,NA,53,53,0,0,5,48,0,0,0,0.0943396226415094,0.0943396226415094,2.90566037735849
44,"binary",2,"Purely linear","BRP-GABLE full",TRUE,"AUC",0.894481812107123,317.81,NA,26,20,6,12,14,0,0,0,0.461538461538462,0.538461538461538,1,1.53846153846154
44,"binary",2,"Purely linear","BRP-GABLE rule-only",TRUE,"AUC",0.873697077853224,316.86,NA,46,46,0,30,16,0,0,0,0.652173913043478,0.347826086956522,1,1.34782608695652
44,"binary",2,"Purely linear","GABLE",TRUE,"AUC",0.767554687718821,7.55000000000018,NA,5,5,0,5,0,0,0,0,1,0,1,1
44,"binary",2,"Purely linear","GBM",TRUE,"AUC",0.886135107774919,0.0599999999999454,NA,NA,NA,NA,NA,NA,NA,NA,NA,NA,NA,NA,NA
44,"binary",2,"Purely linear","Linear",TRUE,"AUC",0.904529067417843,0.0199999999999818,NA,20,0,20,20,0,0,0,0,1,0,1,1
44,"binary",2,"Purely linear","Random forest",TRUE,"AUC",0.872034539190698,0.7800000000002,NA,NA,NA,NA,NA,NA,NA,NA,NA,NA,NA,NA,NA
44,"binary",2,"Purely linear","RuleFit",TRUE,"AUC",0.874559357231743,30.0299999999997,NA,51,51,0,0,8,43,0,0,0,0.156862745098039,0.156862745098039,2.84313725490196
45,"binary",2,"Purely linear","BRP-GABLE full",TRUE,"AUC",0.886513072327006,308.45,NA,44,37,7,25,19,0,0,0,0.568181818181818,0.431818181818182,1,1.43181818181818
45,"binary",2,"Purely linear","BRP-GABLE rule-only",TRUE,"AUC",0.861060753404648,309.13,NA,56,56,0,33,23,0,0,0,0.589285714285714,0.410714285714286,1,1.41071428571429
45,"binary",2,"Purely linear","GABLE",TRUE,"AUC",0.740928609446972,6.76999999999998,NA,4,4,0,3,1,0,0,0,0.75,0.25,1,1.25
45,"binary",2,"Purely linear","GBM",TRUE,"AUC",0.883771745524834,0.0599999999999454,NA,NA,NA,NA,NA,NA,NA,NA,NA,NA,NA,NA,NA
45,"binary",2,"Purely linear","Linear",TRUE,"AUC",0.909156031519255,0,NA,20,0,20,20,0,0,0,0,1,0,1,1
45,"binary",2,"Purely linear","Random forest",TRUE,"AUC",0.871966031559275,0.7800000000002,NA,NA,NA,NA,NA,NA,NA,NA,NA,NA,NA,NA,NA
45,"binary",2,"Purely linear","RuleFit",TRUE,"AUC",0.874095062010013,31.0799999999999,NA,72,72,0,0,15,57,0,0,0,0.208333333333333,0.208333333333333,2.79166666666667
46,"binary",2,"Purely linear","BRP-GABLE full",TRUE,"AUC",0.84620615719406,321.56,NA,41,34,7,31,10,0,0,0,0.75609756097561,0.24390243902439,1,1.24390243902439
46,"binary",2,"Purely linear","BRP-GABLE rule-only",TRUE,"AUC",0.822274625576037,320.35,NA,60,60,0,50,10,0,0,0,0.833333333333333,0.166666666666667,1,1.16666666666667
46,"binary",2,"Purely linear","GABLE",TRUE,"AUC",0.737157178059396,7.11999999999989,NA,5,5,0,5,0,0,0,0,1,0,1,1
46,"binary",2,"Purely linear","GBM",TRUE,"AUC",0.838513664874552,0.0799999999999272,NA,NA,NA,NA,NA,NA,NA,NA,NA,NA,NA,NA,NA
46,"binary",2,"Purely linear","Linear",TRUE,"AUC",0.860427067332309,0.0100000000002183,NA,20,0,20,20,0,0,0,0,1,0,1,1
46,"binary",2,"Purely linear","Random forest",TRUE,"AUC",0.823644713261649,0.740000000000236,NA,NA,NA,NA,NA,NA,NA,NA,NA,NA,NA,NA,NA
46,"binary",2,"Purely linear","RuleFit",TRUE,"AUC",0.844030017921147,30.0799999999999,NA,67,67,0,0,11,56,0,0,0,0.164179104477612,0.164179104477612,2.83582089552239
47,"binary",2,"Purely linear","BRP-GABLE full",TRUE,"AUC",0.870941415563841,308.82,NA,30,24,6,14,16,0,0,0,0.466666666666667,0.533333333333333,1,1.53333333333333
47,"binary",2,"Purely linear","BRP-GABLE rule-only",TRUE,"AUC",0.838008673248948,307.85,NA,43,43,0,22,21,0,0,0,0.511627906976744,0.488372093023256,1,1.48837209302326
47,"binary",2,"Purely linear","GABLE",TRUE,"AUC",0.750428061640876,7.53999999999996,NA,5,5,0,5,0,0,0,0,1,0,1,1
47,"binary",2,"Purely linear","GBM",TRUE,"AUC",0.863720375734106,0.0599999999999454,NA,NA,NA,NA,NA,NA,NA,NA,NA,NA,NA,NA,NA
47,"binary",2,"Purely linear","Linear",TRUE,"AUC",0.885159462962667,0.0300000000002001,NA,20,0,20,20,0,0,0,0,1,0,1,1
47,"binary",2,"Purely linear","Random forest",TRUE,"AUC",0.853334880222752,0.799999999999727,NA,NA,NA,NA,NA,NA,NA,NA,NA,NA,NA,NA,NA
47,"binary",2,"Purely linear","RuleFit",TRUE,"AUC",0.863246307468275,28.9400000000001,NA,53,53,0,0,6,47,0,0,0,0.113207547169811,0.113207547169811,2.88679245283019
48,"binary",2,"Purely linear","BRP-GABLE full",TRUE,"AUC",0.88170153137824,307.98,NA,42,31,11,25,17,0,0,0,0.595238095238095,0.404761904761905,1,1.4047619047619
48,"binary",2,"Purely linear","BRP-GABLE rule-only",TRUE,"AUC",0.85691322189971,306.88,NA,39,39,0,19,20,0,0,0,0.487179487179487,0.512820512820513,1,1.51282051282051
48,"binary",2,"Purely linear","GABLE",TRUE,"AUC",0.757225502952657,7.19000000000005,NA,5,5,0,5,0,0,0,0,1,0,1,1
48,"binary",2,"Purely linear","GBM",TRUE,"AUC",0.871031928735862,0.0700000000001637,NA,NA,NA,NA,NA,NA,NA,NA,NA,NA,NA,NA,NA
48,"binary",2,"Purely linear","Linear",TRUE,"AUC",0.885448904013612,0.00999999999976353,NA,20,0,20,20,0,0,0,0,1,0,1,1
48,"binary",2,"Purely linear","Random forest",TRUE,"AUC",0.864852367130417,0.789999999999964,NA,NA,NA,NA,NA,NA,NA,NA,NA,NA,NA,NA,NA
48,"binary",2,"Purely linear","RuleFit",TRUE,"AUC",0.867945150635572,29.3899999999999,NA,89,89,0,1,20,68,0,0,0.0112359550561798,0.224719101123595,0.235955056179775,2.75280898876404
49,"binary",2,"Purely linear","BRP-GABLE full",TRUE,"AUC",0.870580232092837,311.24,NA,41,35,6,19,22,0,0,0,0.463414634146341,0.536585365853659,1,1.53658536585366
49,"binary",2,"Purely linear","BRP-GABLE rule-only",TRUE,"AUC",0.853783513405362,309.26,NA,50,50,0,27,23,0,0,0,0.54,0.46,1,1.46
49,"binary",2,"Purely linear","GABLE",TRUE,"AUC",0.770984393757503,7.42000000000007,NA,5,5,0,5,0,0,0,0,1,0,1,1
49,"binary",2,"Purely linear","GBM",TRUE,"AUC",0.877284913965586,0.069999999999709,NA,NA,NA,NA,NA,NA,NA,NA,NA,NA,NA,NA,NA
49,"binary",2,"Purely linear","Linear",TRUE,"AUC",0.887414965986395,0.0300000000002001,NA,20,0,20,20,0,0,0,0,1,0,1,1
49,"binary",2,"Purely linear","Random forest",TRUE,"AUC",0.86968587434974,0.809999999999945,NA,NA,NA,NA,NA,NA,NA,NA,NA,NA,NA,NA,NA
49,"binary",2,"Purely linear","RuleFit",TRUE,"AUC",0.866598639455782,30.3000000000002,NA,64,64,0,0,9,55,0,0,0,0.140625,0.140625,2.859375
50,"binary",2,"Purely linear","BRP-GABLE full",TRUE,"AUC",0.878496741445293,315.1,NA,25,19,6,14,11,0,0,0,0.56,0.44,1,1.44
50,"binary",2,"Purely linear","BRP-GABLE rule-only",TRUE,"AUC",0.855610798866311,314.37,NA,47,47,0,33,14,0,0,0,0.702127659574468,0.297872340425532,1,1.29787234042553
50,"binary",2,"Purely linear","GABLE",TRUE,"AUC",0.764697522857921,7.48000000000002,NA,5,5,0,5,0,0,0,0,1,0,1,1
50,"binary",2,"Purely linear","GBM",TRUE,"AUC",0.874753806984676,0.0899999999996908,NA,NA,NA,NA,NA,NA,NA,NA,NA,NA,NA,NA,NA
50,"binary",2,"Purely linear","Linear",TRUE,"AUC",0.896518870794703,0.0199999999999818,NA,20,0,20,20,0,0,0,0,1,0,1,1
50,"binary",2,"Purely linear","Random forest",TRUE,"AUC",0.864153496341131,0.800000000000182,NA,NA,NA,NA,NA,NA,NA,NA,NA,NA,NA,NA,NA
50,"binary",2,"Purely linear","RuleFit",TRUE,"AUC",0.87724576067637,31.8800000000001,NA,60,60,0,0,13,47,0,0,0,0.216666666666667,0.216666666666667,2.78333333333333
51,"binary",2,"Purely linear","BRP-GABLE full",TRUE,"AUC",0.86089355500032,311.29,NA,33,27,6,10,23,0,0,0,0.303030303030303,0.696969696969697,1,1.6969696969697
51,"binary",2,"Purely linear","BRP-GABLE rule-only",TRUE,"AUC",0.843111346018323,311.15,NA,31,31,0,9,22,0,0,0,0.290322580645161,0.709677419354839,1,1.70967741935484
51,"binary",2,"Purely linear","GABLE",TRUE,"AUC",0.745293180216542,7.25999999999976,NA,5,5,0,5,0,0,0,0,1,0,1,1
51,"binary",2,"Purely linear","GBM",TRUE,"AUC",0.867808636043308,0.0900000000001455,NA,NA,NA,NA,NA,NA,NA,NA,NA,NA,NA,NA,NA
51,"binary",2,"Purely linear","Linear",TRUE,"AUC",0.890335703760651,0.0199999999999818,NA,20,0,20,20,0,0,0,0,1,0,1,1
51,"binary",2,"Purely linear","Random forest",TRUE,"AUC",0.853323803574861,0.75,NA,NA,NA,NA,NA,NA,NA,NA,NA,NA,NA,NA,NA
51,"binary",2,"Purely linear","RuleFit",TRUE,"AUC",0.850599013389711,29,NA,68,68,0,0,11,57,0,0,0,0.161764705882353,0.161764705882353,2.83823529411765
52,"binary",2,"Purely linear","BRP-GABLE full",TRUE,"AUC",0.875323501294005,330.06,NA,44,36,8,21,23,0,0,0,0.477272727272727,0.522727272727273,1,1.52272727272727
52,"binary",2,"Purely linear","BRP-GABLE rule-only",TRUE,"AUC",0.852913411653647,326.37,NA,38,38,0,14,24,0,0,0,0.368421052631579,0.631578947368421,1,1.63157894736842
52,"binary",2,"Purely linear","GABLE",TRUE,"AUC",0.758267033068132,7.2199999999998,NA,5,5,0,5,0,0,0,0,1,0,1,1
52,"binary",2,"Purely linear","GBM",TRUE,"AUC",0.863479453917816,0.0900000000001455,NA,NA,NA,NA,NA,NA,NA,NA,NA,NA,NA,NA,NA
52,"binary",2,"Purely linear","Linear",TRUE,"AUC",0.888967555870223,0.0199999999999818,NA,20,0,20,20,0,0,0,0,1,0,1,1
52,"binary",2,"Purely linear","Random forest",TRUE,"AUC",0.85249740998964,0.75,NA,NA,NA,NA,NA,NA,NA,NA,NA,NA,NA,NA,NA
52,"binary",2,"Purely linear","RuleFit",TRUE,"AUC",0.865291461165845,28.1199999999999,NA,48,48,0,0,3,45,0,0,0,0.0625,0.0625,2.9375
53,"binary",2,"Purely linear","BRP-GABLE full",TRUE,"AUC",0.855802320928371,316.54,NA,31,25,6,8,23,0,0,0,0.258064516129032,0.741935483870968,1,1.74193548387097
53,"binary",2,"Purely linear","BRP-GABLE rule-only",TRUE,"AUC",0.841258503401361,315.31,NA,47,47,0,19,28,0,0,0,0.404255319148936,0.595744680851064,1,1.59574468085106
53,"binary",2,"Purely linear","GABLE",TRUE,"AUC",0.758841536614646,6.80999999999949,NA,5,5,0,5,0,0,0,0,1,0,1,1
53,"binary",2,"Purely linear","GBM",TRUE,"AUC",0.85390156062425,0.0900000000001455,NA,NA,NA,NA,NA,NA,NA,NA,NA,NA,NA,NA,NA
53,"binary",2,"Purely linear","Linear",TRUE,"AUC",0.874357743097239,0.0199999999995271,NA,20,0,20,20,0,0,0,0,1,0,1,1
53,"binary",2,"Purely linear","Random forest",TRUE,"AUC",0.845662264905962,0.800000000000182,NA,NA,NA,NA,NA,NA,NA,NA,NA,NA,NA,NA,NA
53,"binary",2,"Purely linear","RuleFit",TRUE,"AUC",0.85922569027611,29.9100000000008,NA,57,57,0,0,4,53,0,0,0,0.0701754385964912,0.0701754385964912,2.92982456140351
54,"binary",2,"Purely linear","BRP-GABLE full",TRUE,"AUC",0.890326414738254,316.280000000001,NA,30,23,7,17,13,0,0,0,0.566666666666667,0.433333333333333,1,1.43333333333333
54,"binary",2,"Purely linear","BRP-GABLE rule-only",TRUE,"AUC",0.862625934090644,315.12,NA,46,46,0,30,16,0,0,0,0.652173913043478,0.347826086956522,1,1.34782608695652
54,"binary",2,"Purely linear","GABLE",TRUE,"AUC",0.779257465698144,7.66999999999916,NA,5,5,0,5,0,0,0,0,1,0,1,1
54,"binary",2,"Purely linear","GBM",TRUE,"AUC",0.884086428230117,0.0600000000004002,NA,NA,NA,NA,NA,NA,NA,NA,NA,NA,NA,NA,NA
54,"binary",2,"Purely linear","Linear",TRUE,"AUC",0.898907400045776,0.0200000000004366,NA,20,0,20,20,0,0,0,0,1,0,1,1
54,"binary",2,"Purely linear","Random forest",TRUE,"AUC",0.879257867241677,0.75,NA,NA,NA,NA,NA,NA,NA,NA,NA,NA,NA,NA,NA
54,"binary",2,"Purely linear","RuleFit",TRUE,"AUC",0.884777083107465,31.8600000000006,NA,81,81,0,0,12,69,0,0,0,0.148148148148148,0.148148148148148,2.85185185185185
55,"binary",2,"Purely linear","BRP-GABLE full",TRUE,"AUC",0.866415465661863,318.28,NA,30,22,8,16,14,0,0,0,0.533333333333333,0.466666666666667,1,1.46666666666667
55,"binary",2,"Purely linear","BRP-GABLE rule-only",TRUE,"AUC",0.837401349605398,318.9,NA,30,30,0,15,15,0,0,0,0.5,0.5,1,1.5
55,"binary",2,"Purely linear","GABLE",TRUE,"AUC",0.755109020436082,7.53999999999996,NA,5,5,0,5,0,0,0,0,1,0,1,1
55,"binary",2,"Purely linear","GBM",TRUE,"AUC",0.866731466925868,0.110000000000582,NA,NA,NA,NA,NA,NA,NA,NA,NA,NA,NA,NA,NA
55,"binary",2,"Purely linear","Linear",TRUE,"AUC",0.875755503022012,0.00999999999930878,NA,20,0,20,20,0,0,0,0,1,0,1,1
55,"binary",2,"Purely linear","Random forest",TRUE,"AUC",0.849623398493594,0.809999999999491,NA,NA,NA,NA,NA,NA,NA,NA,NA,NA,NA,NA,NA
55,"binary",2,"Purely linear","RuleFit",TRUE,"AUC",0.855959423837695,31.8400000000001,NA,91,91,0,2,22,67,0,0,0.021978021978022,0.241758241758242,0.263736263736264,2.71428571428571
56,"binary",2,"Purely linear","BRP-GABLE full",TRUE,"AUC",0.872115815412186,323.18,NA,36,29,7,25,11,0,0,0,0.694444444444444,0.305555555555556,1,1.30555555555556
56,"binary",2,"Purely linear","BRP-GABLE rule-only",TRUE,"AUC",0.851406490015361,321.089999999999,NA,52,52,0,37,15,0,0,0,0.711538461538462,0.288461538461538,1,1.28846153846154
56,"binary",2,"Purely linear","GABLE",TRUE,"AUC",0.773069476446493,6.42000000000007,NA,5,5,0,4,1,0,0,0,0.8,0.2,1,1.2
56,"binary",2,"Purely linear","GBM",TRUE,"AUC",0.860723086277522,0.0799999999999272,NA,NA,NA,NA,NA,NA,NA,NA,NA,NA,NA,NA,NA
56,"binary",2,"Purely linear","Linear",TRUE,"AUC",0.877992191500256,0.0199999999995271,NA,20,0,20,20,0,0,0,0,1,0,1,1
56,"binary",2,"Purely linear","Random forest",TRUE,"AUC",0.854266673067076,0.75,NA,NA,NA,NA,NA,NA,NA,NA,NA,NA,NA,NA,NA
56,"binary",2,"Purely linear","RuleFit",TRUE,"AUC",0.853634632616487,29.6900000000005,NA,62,62,0,0,10,52,0,0,0,0.161290322580645,0.161290322580645,2.83870967741935
57,"binary",2,"Purely linear","BRP-GABLE full",TRUE,"AUC",0.875912058371736,314.28,NA,29,23,6,16,13,0,0,0,0.551724137931034,0.448275862068966,1,1.44827586206897
57,"binary",2,"Purely linear","BRP-GABLE rule-only",TRUE,"AUC",0.841123831925243,314.219999999999,NA,56,56,0,39,17,0,0,0,0.696428571428571,0.303571428571429,1,1.30357142857143
57,"binary",2,"Purely linear","GABLE",TRUE,"AUC",0.757308467741935,7.28000000000065,NA,5,5,0,5,0,0,0,0,1,0,1,1
57,"binary",2,"Purely linear","GBM",TRUE,"AUC",0.866149433563748,0.0599999999994907,NA,NA,NA,NA,NA,NA,NA,NA,NA,NA,NA,NA,NA
57,"binary",2,"Purely linear","Linear",TRUE,"AUC",0.890869015616999,0.0200000000004366,NA,20,0,20,20,0,0,0,0,1,0,1,1
57,"binary",2,"Purely linear","Random forest",TRUE,"AUC",0.853362615207373,0.779999999999745,NA,NA,NA,NA,NA,NA,NA,NA,NA,NA,NA,NA,NA
57,"binary",2,"Purely linear","RuleFit",TRUE,"AUC",0.863697276625704,29.9899999999998,NA,60,60,0,0,6,54,0,0,0,0.1,0.1,2.9
58,"binary",2,"Purely linear","BRP-GABLE full",TRUE,"AUC",0.886450977566412,316.580000000001,NA,33,25,8,23,10,0,0,0,0.696969696969697,0.303030303030303,1,1.3030303030303
58,"binary",2,"Purely linear","BRP-GABLE rule-only",TRUE,"AUC",0.869691838401307,316.26,NA,47,47,0,33,14,0,0,0,0.702127659574468,0.297872340425532,1,1.29787234042553
58,"binary",2,"Purely linear","GABLE",TRUE,"AUC",0.769080959472226,7.52999999999975,NA,5,5,0,5,0,0,0,0,1,0,1,1
58,"binary",2,"Purely linear","GBM",TRUE,"AUC",0.875894701445934,0.069999999999709,NA,NA,NA,NA,NA,NA,NA,NA,NA,NA,NA,NA,NA
58,"binary",2,"Purely linear","Linear",TRUE,"AUC",0.883460633136379,0.0100000000002183,NA,20,0,20,20,0,0,0,0,1,0,1,1
58,"binary",2,"Purely linear","Random forest",TRUE,"AUC",0.863949336279643,0.780000000000655,NA,NA,NA,NA,NA,NA,NA,NA,NA,NA,NA,NA,NA
58,"binary",2,"Purely linear","RuleFit",TRUE,"AUC",0.864886070679413,29.4399999999996,NA,64,64,0,0,10,54,0,0,0,0.15625,0.15625,2.84375
59,"binary",2,"Purely linear","BRP-GABLE full",TRUE,"AUC",0.87212030075188,318.58,NA,35,27,8,20,15,0,0,0,0.571428571428571,0.428571428571429,1,1.42857142857143
59,"binary",2,"Purely linear","BRP-GABLE rule-only",TRUE,"AUC",0.841319298245614,320.95,NA,53,53,0,34,19,0,0,0,0.641509433962264,0.358490566037736,1,1.35849056603774
59,"binary",2,"Purely linear","GABLE",TRUE,"AUC",0.761591979949875,7.3700000000008,NA,5,5,0,5,0,0,0,0,1,0,1,1
59,"binary",2,"Purely linear","GBM",TRUE,"AUC",0.866357894736842,0.0799999999999272,NA,NA,NA,NA,NA,NA,NA,NA,NA,NA,NA,NA,NA
59,"binary",2,"Purely linear","Linear",TRUE,"AUC",0.885188972431078,0.0100000000002183,NA,20,0,20,20,0,0,0,0,1,0,1,1
59,"binary",2,"Purely linear","Random forest",TRUE,"AUC",0.847097744360902,0.799999999999272,NA,NA,NA,NA,NA,NA,NA,NA,NA,NA,NA,NA,NA
59,"binary",2,"Purely linear","RuleFit",TRUE,"AUC",0.86563007518797,30.4699999999993,NA,65,65,0,0,7,58,0,0,0,0.107692307692308,0.107692307692308,2.89230769230769
60,"binary",2,"Purely linear","BRP-GABLE full",TRUE,"AUC",0.864333829341269,314.77,NA,31,24,7,17,14,0,0,0,0.548387096774194,0.451612903225806,1,1.45161290322581
60,"binary",2,"Purely linear","BRP-GABLE rule-only",TRUE,"AUC",0.83777540440647,313.790000000001,NA,56,56,0,36,20,0,0,0,0.642857142857143,0.357142857142857,1,1.35714285714286
60,"binary",2,"Purely linear","GABLE",TRUE,"AUC",0.751918030688491,7.80999999999949,NA,5,5,0,5,0,0,0,0,1,0,1,1
60,"binary",2,"Purely linear","GBM",TRUE,"AUC",0.857361717787485,0.0999999999994543,NA,NA,NA,NA,NA,NA,NA,NA,NA,NA,NA,NA,NA
60,"binary",2,"Purely linear","Linear",TRUE,"AUC",0.876698027168435,0.0100000000002183,NA,20,0,20,20,0,0,0,0,1,0,1,1
60,"binary",2,"Purely linear","Random forest",TRUE,"AUC",0.842181474903599,0.8100000000004,NA,NA,NA,NA,NA,NA,NA,NA,NA,NA,NA,NA,NA
60,"binary",2,"Purely linear","RuleFit",TRUE,"AUC",0.847737563801021,31.0500000000002,NA,83,83,0,0,17,66,0,0,0,0.204819277108434,0.204819277108434,2.79518072289157
61,"binary",2,"Purely linear","BRP-GABLE full",TRUE,"AUC",0.851369136913691,320.51,NA,43,36,7,23,20,0,0,0,0.534883720930233,0.465116279069767,1,1.46511627906977
61,"binary",2,"Purely linear","BRP-GABLE rule-only",TRUE,"AUC",0.832907290729073,319.510000000001,NA,46,46,0,27,19,0,0,0,0.58695652173913,0.41304347826087,1,1.41304347826087
61,"binary",2,"Purely linear","GABLE",TRUE,"AUC",0.75049704970497,7.17000000000007,NA,5,5,0,5,0,0,0,0,1,0,1,1
61,"binary",2,"Purely linear","GBM",TRUE,"AUC",0.844180418041804,0.0900000000001455,NA,NA,NA,NA,NA,NA,NA,NA,NA,NA,NA,NA,NA
61,"binary",2,"Purely linear","Linear",TRUE,"AUC",0.874455445544554,0,NA,20,0,20,20,0,0,0,0,1,0,1,1
61,"binary",2,"Purely linear","Random forest",TRUE,"AUC",0.828966896689669,0.779999999999745,NA,NA,NA,NA,NA,NA,NA,NA,NA,NA,NA,NA,NA
61,"binary",2,"Purely linear","RuleFit",TRUE,"AUC",0.843992399239924,28.2399999999998,NA,59,59,0,0,4,55,0,0,0,0.0677966101694915,0.0677966101694915,2.93220338983051
62,"binary",2,"Purely linear","BRP-GABLE full",TRUE,"AUC",0.887285988607574,313.62,NA,35,29,6,19,16,0,0,0,0.542857142857143,0.457142857142857,1,1.45714285714286
62,"binary",2,"Purely linear","BRP-GABLE rule-only",TRUE,"AUC",0.857981959303545,311.87,NA,61,61,0,40,21,0,0,0,0.655737704918033,0.344262295081967,1,1.34426229508197
62,"binary",2,"Purely linear","GABLE",TRUE,"AUC",0.765934872763067,7.02000000000044,NA,5,5,0,5,0,0,0,0,1,0,1,1
62,"binary",2,"Purely linear","GBM",TRUE,"AUC",0.870977957431702,0.0999999999994543,NA,NA,NA,NA,NA,NA,NA,NA,NA,NA,NA,NA,NA
62,"binary",2,"Purely linear","Linear",TRUE,"AUC",0.895229220119088,0.0100000000002183,NA,20,0,20,20,0,0,0,0,1,0,1,1
62,"binary",2,"Purely linear","Random forest",TRUE,"AUC",0.866314485807878,0.760000000000218,NA,NA,NA,NA,NA,NA,NA,NA,NA,NA,NA,NA,NA
62,"binary",2,"Purely linear","RuleFit",TRUE,"AUC",0.870495877103807,29.8299999999999,NA,74,74,0,0,7,67,0,0,0,0.0945945945945946,0.0945945945945946,2.90540540540541
63,"binary",2,"Purely linear","BRP-GABLE full",TRUE,"AUC",0.886591255566804,325.07,NA,40,33,7,19,21,0,0,0,0.475,0.525,1,1.525
63,"binary",2,"Purely linear","BRP-GABLE rule-only",TRUE,"AUC",0.874577363065633,314.56,NA,44,44,0,22,22,0,0,0,0.5,0.5,1,1.5
63,"binary",2,"Purely linear","GABLE",TRUE,"AUC",0.786046679124036,7.36999999999989,NA,5,5,0,5,0,0,0,0,1,0,1,1
63,"binary",2,"Purely linear","GBM",TRUE,"AUC",0.884066437525758,0.0799999999999272,NA,NA,NA,NA,NA,NA,NA,NA,NA,NA,NA,NA,NA
63,"binary",2,"Purely linear","Linear",TRUE,"AUC",0.895666195847455,0.0199999999995271,NA,20,0,20,20,0,0,0,0,1,0,1,1
63,"binary",2,"Purely linear","Random forest",TRUE,"AUC",0.877586337973503,0.8100000000004,NA,NA,NA,NA,NA,NA,NA,NA,NA,NA,NA,NA,NA
63,"binary",2,"Purely linear","RuleFit",TRUE,"AUC",0.880165173516219,30.0799999999999,NA,61,61,0,1,6,54,0,0,0.0163934426229508,0.0983606557377049,0.114754098360656,2.86885245901639
64,"binary",2,"Purely linear","BRP-GABLE full",TRUE,"AUC",0.861596872987105,314.7,NA,32,25,7,12,20,0,0,0,0.375,0.625,1,1.625
64,"binary",2,"Purely linear","BRP-GABLE rule-only",TRUE,"AUC",0.833979459974155,313.54,NA,49,49,0,24,25,0,0,0,0.489795918367347,0.510204081632653,1,1.51020408163265
64,"binary",2,"Purely linear","GABLE",TRUE,"AUC",0.765632063884521,7,NA,5,5,0,5,0,0,0,0,1,0,1,1
64,"binary",2,"Purely linear","GBM",TRUE,"AUC",0.856647902988986,0.069999999999709,NA,NA,NA,NA,NA,NA,NA,NA,NA,NA,NA,NA,NA
64,"binary",2,"Purely linear","Linear",TRUE,"AUC",0.87791207076587,0.0200000000004366,NA,20,0,20,20,0,0,0,0,1,0,1,1
64,"binary",2,"Purely linear","Random forest",TRUE,"AUC",0.850334665594456,0.940000000000509,NA,NA,NA,NA,NA,NA,NA,NA,NA,NA,NA,NA,NA
64,"binary",2,"Purely linear","RuleFit",TRUE,"AUC",0.857292029237731,30.9000000000005,NA,66,66,0,0,14,52,0,0,0,0.212121212121212,0.212121212121212,2.78787878787879
65,"binary",2,"Purely linear","BRP-GABLE full",TRUE,"AUC",0.875780449538934,311.71,NA,35,30,5,11,24,0,0,0,0.314285714285714,0.685714285714286,1,1.68571428571429
65,"binary",2,"Purely linear","BRP-GABLE rule-only",TRUE,"AUC",0.852771196209016,310.449999999999,NA,47,47,0,21,26,0,0,0,0.446808510638298,0.553191489361702,1,1.5531914893617
65,"binary",2,"Purely linear","GABLE",TRUE,"AUC",0.751983142289959,8,NA,5,5,0,5,0,0,0,0,1,0,1,1
65,"binary",2,"Purely linear","GBM",TRUE,"AUC",0.868994540855533,0.089999999999236,NA,NA,NA,NA,NA,NA,NA,NA,NA,NA,NA,NA,NA
65,"binary",2,"Purely linear","Linear",TRUE,"AUC",0.886990906762295,0.0200000000004366,NA,20,0,20,20,0,0,0,0,1,0,1,1
65,"binary",2,"Purely linear","Random forest",TRUE,"AUC",0.857163726306353,0.850000000000364,NA,NA,NA,NA,NA,NA,NA,NA,NA,NA,NA,NA,NA
65,"binary",2,"Purely linear","RuleFit",TRUE,"AUC",0.863737512807377,30.3100000000004,NA,62,62,0,0,15,47,0,0,0,0.241935483870968,0.241935483870968,2.75806451612903
66,"binary",2,"Purely linear","BRP-GABLE full",TRUE,"AUC",0.866038823755526,305.7,NA,31,25,6,13,18,0,0,0,0.419354838709677,0.580645161290323,1,1.58064516129032
66,"binary",2,"Purely linear","BRP-GABLE rule-only",TRUE,"AUC",0.845942244858735,304.239999999999,NA,54,54,0,30,24,0,0,0,0.555555555555556,0.444444444444444,1,1.44444444444444
66,"binary",2,"Purely linear","GABLE",TRUE,"AUC",0.777115766544942,5.97999999999956,NA,5,5,0,4,1,0,0,0,0.8,0.2,1,1.2
66,"binary",2,"Purely linear","GBM",TRUE,"AUC",0.863994730604139,0.0800000000008367,NA,NA,NA,NA,NA,NA,NA,NA,NA,NA,NA,NA,NA
66,"binary",2,"Purely linear","Linear",TRUE,"AUC",0.882976167595618,0.0199999999995271,NA,20,0,20,20,0,0,0,0,1,0,1,1
66,"binary",2,"Purely linear","Random forest",TRUE,"AUC",0.856038583509514,0.779999999999745,NA,NA,NA,NA,NA,NA,NA,NA,NA,NA,NA,NA,NA
66,"binary",2,"Purely linear","RuleFit",TRUE,"AUC",0.858757367544365,28.6100000000006,NA,64,64,0,0,9,55,0,0,0,0.140625,0.140625,2.859375
67,"binary",2,"Purely linear","BRP-GABLE full",TRUE,"AUC",0.862744388270167,309.399999999999,NA,26,20,6,9,17,0,0,0,0.346153846153846,0.653846153846154,1,1.65384615384615
67,"binary",2,"Purely linear","BRP-GABLE rule-only",TRUE,"AUC",0.839076784471767,306.91,NA,42,42,0,16,26,0,0,0,0.380952380952381,0.619047619047619,1,1.61904761904762
67,"binary",2,"Purely linear","GABLE",TRUE,"AUC",0.744738186308224,7.38000000000011,NA,5,5,0,5,0,0,0,0,1,0,1,1
67,"binary",2,"Purely linear","GBM",TRUE,"AUC",0.860311063383086,0.100000000000364,NA,NA,NA,NA,NA,NA,NA,NA,NA,NA,NA,NA,NA
67,"binary",2,"Purely linear","Linear",TRUE,"AUC",0.888996142878402,0.0100000000002183,NA,20,0,20,20,0,0,0,0,1,0,1,1
67,"binary",2,"Purely linear","Random forest",TRUE,"AUC",0.853968330578247,0.759999999999309,NA,NA,NA,NA,NA,NA,NA,NA,NA,NA,NA,NA,NA
67,"binary",2,"Purely linear","RuleFit",TRUE,"AUC",0.853322795628864,30.0900000000001,NA,57,57,0,0,9,48,0,0,0,0.157894736842105,0.157894736842105,2.84210526315789
68,"binary",2,"Purely linear","BRP-GABLE full",TRUE,"AUC",0.867195504610656,313.290000000001,NA,31,25,6,15,16,0,0,0,0.483870967741935,0.516129032258065,1,1.51612903225806
68,"binary",2,"Purely linear","BRP-GABLE rule-only",TRUE,"AUC",0.845304895619877,312.85,NA,41,41,0,20,21,0,0,0,0.48780487804878,0.51219512195122,1,1.51219512195122
68,"binary",2,"Purely linear","GABLE",TRUE,"AUC",0.767632156121926,6.97999999999956,NA,5,5,0,5,0,0,0,0,1,0,1,1
68,"binary",2,"Purely linear","GBM",TRUE,"AUC",0.862356717469262,0.100000000000364,NA,NA,NA,NA,NA,NA,NA,NA,NA,NA,NA,NA,NA
68,"binary",2,"Purely linear","Linear",TRUE,"AUC",0.881691854508197,0.0100000000002183,NA,20,0,20,20,0,0,0,0,1,0,1,1
68,"binary",2,"Purely linear","Random forest",TRUE,"AUC",0.858484487064549,0.75,NA,NA,NA,NA,NA,NA,NA,NA,NA,NA,NA,NA,NA
68,"binary",2,"Purely linear","RuleFit",TRUE,"AUC",0.855832959784836,30.1400000000003,NA,57,57,0,0,6,51,0,0,0,0.105263157894737,0.105263157894737,2.89473684210526
69,"binary",2,"Purely linear","BRP-GABLE full",TRUE,"AUC",0.857200011202196,315.32,NA,26,20,6,9,17,0,0,0,0.346153846153846,0.653846153846154,1,1.65384615384615
69,"binary",2,"Purely linear","BRP-GABLE rule-only",TRUE,"AUC",0.828810446847582,318.58,NA,36,36,0,13,23,0,0,0,0.361111111111111,0.638888888888889,1,1.63888888888889
69,"binary",2,"Purely linear","GABLE",TRUE,"AUC",0.752643518129553,7.41000000000076,NA,5,5,0,5,0,0,0,0,1,0,1,1
69,"binary",2,"Purely linear","GBM",TRUE,"AUC",0.848268260579073,0.069999999999709,NA,NA,NA,NA,NA,NA,NA,NA,NA,NA,NA,NA,NA
69,"binary",2,"Purely linear","Linear",TRUE,"AUC",0.877519993918808,0.0100000000002183,NA,20,0,20,20,0,0,0,0,1,0,1,1
69,"binary",2,"Purely linear","Random forest",TRUE,"AUC",0.841340902816952,0.789999999999964,NA,NA,NA,NA,NA,NA,NA,NA,NA,NA,NA,NA,NA
69,"binary",2,"Purely linear","RuleFit",TRUE,"AUC",0.851894971414397,30.1699999999992,NA,65,65,0,0,11,54,0,0,0,0.169230769230769,0.169230769230769,2.83076923076923
70,"binary",2,"Purely linear","BRP-GABLE full",TRUE,"AUC",0.896057347670251,313.22,NA,26,20,6,10,16,0,0,0,0.384615384615385,0.615384615384615,1,1.61538461538462
70,"binary",2,"Purely linear","BRP-GABLE rule-only",TRUE,"AUC",0.868709597414234,311.12,NA,37,37,0,18,19,0,0,0,0.486486486486487,0.513513513513513,1,1.51351351351351
70,"binary",2,"Purely linear","GABLE",TRUE,"AUC",0.788020433307732,7.75,NA,5,5,0,5,0,0,0,0,1,0,1,1
70,"binary",2,"Purely linear","GBM",TRUE,"AUC",0.890709005376344,0.0600000000004002,NA,NA,NA,NA,NA,NA,NA,NA,NA,NA,NA,NA,NA
70,"binary",2,"Purely linear","Linear",TRUE,"AUC",0.90203373015873,0.0199999999995271,NA,20,0,20,20,0,0,0,0,1,0,1,1
70,"binary",2,"Purely linear","Random forest",TRUE,"AUC",0.885892697132616,0.779999999999745,NA,NA,NA,NA,NA,NA,NA,NA,NA,NA,NA,NA,NA
70,"binary",2,"Purely linear","RuleFit",TRUE,"AUC",0.890504992319508,31.04,NA,66,66,0,0,8,58,0,0,0,0.121212121212121,0.121212121212121,2.87878787878788
71,"binary",2,"Purely linear","BRP-GABLE full",TRUE,"AUC",0.90192310771645,317,NA,36,29,7,26,10,0,0,0,0.722222222222222,0.277777777777778,1,1.27777777777778
71,"binary",2,"Purely linear","BRP-GABLE rule-only",TRUE,"AUC",0.876120878768955,314.579999999999,NA,61,61,0,51,10,0,0,0,0.836065573770492,0.163934426229508,1,1.16393442622951
71,"binary",2,"Purely linear","GABLE",TRUE,"AUC",0.778572400762198,7.05999999999949,NA,5,5,0,5,0,0,0,0,1,0,1,1
71,"binary",2,"Purely linear","GBM",TRUE,"AUC",0.89417703479528,0.0700000000006185,NA,NA,NA,NA,NA,NA,NA,NA,NA,NA,NA,NA,NA
71,"binary",2,"Purely linear","Linear",TRUE,"AUC",0.904100815038991,0.00999999999930878,NA,20,0,20,20,0,0,0,0,1,0,1,1
71,"binary",2,"Purely linear","Random forest",TRUE,"AUC",0.880708475444749,0.779999999999745,NA,NA,NA,NA,NA,NA,NA,NA,NA,NA,NA,NA,NA
71,"binary",2,"Purely linear","RuleFit",TRUE,"AUC",0.890678291780756,29.5800000000008,NA,66,66,0,0,8,58,0,0,0,0.121212121212121,0.121212121212121,2.87878787878788
72,"binary",2,"Purely linear","BRP-GABLE full",TRUE,"AUC",0.883957159323771,314.73,NA,28,22,6,13,15,0,0,0,0.464285714285714,0.535714285714286,1,1.53571428571429
72,"binary",2,"Purely linear","BRP-GABLE rule-only",TRUE,"AUC",0.855983046234631,314.66,NA,49,49,0,28,21,0,0,0,0.571428571428571,0.428571428571429,1,1.42857142857143
72,"binary",2,"Purely linear","GABLE",TRUE,"AUC",0.765801101434426,7.05000000000018,NA,5,5,0,5,0,0,0,0,1,0,1,1
72,"binary",2,"Purely linear","GBM",TRUE,"AUC",0.874115490522541,0.0799999999999272,NA,NA,NA,NA,NA,NA,NA,NA,NA,NA,NA,NA,NA
72,"binary",2,"Purely linear","Linear",TRUE,"AUC",0.882008036629098,0.0100000000002183,NA,20,0,20,20,0,0,0,0,1,0,1,1
72,"binary",2,"Purely linear","Random forest",TRUE,"AUC",0.865060274718238,0.809999999999491,NA,NA,NA,NA,NA,NA,NA,NA,NA,NA,NA,NA,NA
72,"binary",2,"Purely linear","RuleFit",TRUE,"AUC",0.875524301997951,29.8000000000002,NA,74,74,0,0,8,66,0,0,0,0.108108108108108,0.108108108108108,2.89189189189189
73,"binary",2,"Purely linear","BRP-GABLE full",TRUE,"AUC",0.8692263683682,313.610000000001,NA,31,25,6,12,19,0,0,0,0.387096774193548,0.612903225806452,1,1.61290322580645
73,"binary",2,"Purely linear","BRP-GABLE rule-only",TRUE,"AUC",0.848950394277278,311.780000000001,NA,37,37,0,14,23,0,0,0,0.378378378378378,0.621621621621622,1,1.62162162162162
73,"binary",2,"Purely linear","GABLE",TRUE,"AUC",0.7666102556101,7.27999999999975,NA,5,5,0,5,0,0,0,0,1,0,1,1
73,"binary",2,"Purely linear","GBM",TRUE,"AUC",0.874135330524783,0.0799999999999272,NA,NA,NA,NA,NA,NA,NA,NA,NA,NA,NA,NA,NA
73,"binary",2,"Purely linear","Linear",TRUE,"AUC",0.889990438125873,0.0100000000002183,NA,20,0,20,20,0,0,0,0,1,0,1,1
73,"binary",2,"Purely linear","Random forest",TRUE,"AUC",0.855197618733272,0.800000000000182,NA,NA,NA,NA,NA,NA,NA,NA,NA,NA,NA,NA,NA
73,"binary",2,"Purely linear","RuleFit",TRUE,"AUC",0.867698068821489,29.8699999999999,NA,76,76,0,0,9,67,0,0,0,0.118421052631579,0.118421052631579,2.88157894736842
74,"binary",2,"Purely linear","BRP-GABLE full",TRUE,"AUC",0.864889411689392,315.01,NA,38,31,7,21,17,0,0,0,0.552631578947368,0.447368421052632,1,1.44736842105263
74,"binary",2,"Purely linear","BRP-GABLE rule-only",TRUE,"AUC",0.847739021189424,314.240000000001,NA,47,47,0,24,23,0,0,0,0.51063829787234,0.48936170212766,1,1.48936170212766
74,"binary",2,"Purely linear","GABLE",TRUE,"AUC",0.740909672876256,7.63000000000011,NA,5,5,0,5,0,0,0,0,1,0,1,1
74,"binary",2,"Purely linear","GBM",TRUE,"AUC",0.856029143460726,0.109999999999673,NA,NA,NA,NA,NA,NA,NA,NA,NA,NA,NA,NA,NA
74,"binary",2,"Purely linear","Linear",TRUE,"AUC",0.882685967607708,0.0100000000002183,NA,20,0,20,20,0,0,0,0,1,0,1,1
74,"binary",2,"Purely linear","Random forest",TRUE,"AUC",0.851760050572947,0.8100000000004,NA,NA,NA,NA,NA,NA,NA,NA,NA,NA,NA,NA,NA
74,"binary",2,"Purely linear","RuleFit",TRUE,"AUC",0.857043403111196,31.04,NA,77,77,0,0,13,64,0,0,0,0.168831168831169,0.168831168831169,2.83116883116883
75,"binary",2,"Purely linear","BRP-GABLE full",TRUE,"AUC",0.890543916970978,310.09,NA,30,23,7,16,14,0,0,0,0.533333333333333,0.466666666666667,1,1.46666666666667
75,"binary",2,"Purely linear","BRP-GABLE rule-only",TRUE,"AUC",0.865061823307066,307.059999999999,NA,50,50,0,30,20,0,0,0,0.6,0.4,1,1.4
75,"binary",2,"Purely linear","GABLE",TRUE,"AUC",0.77852721186495,7.61999999999989,NA,5,5,0,5,0,0,0,0,1,0,1,1
75,"binary",2,"Purely linear","GBM",TRUE,"AUC",0.887604907425203,0.100000000000364,NA,NA,NA,NA,NA,NA,NA,NA,NA,NA,NA,NA,NA
75,"binary",2,"Purely linear","Linear",TRUE,"AUC",0.892553975270677,0.0299999999997453,NA,20,0,20,20,0,0,0,0,1,0,1,1
75,"binary",2,"Purely linear","Random forest",TRUE,"AUC",0.875268274713306,0.779999999999745,NA,NA,NA,NA,NA,NA,NA,NA,NA,NA,NA,NA,NA
75,"binary",2,"Purely linear","RuleFit",TRUE,"AUC",0.885200445255942,32.4399999999996,NA,61,61,0,0,7,54,0,0,0,0.114754098360656,0.114754098360656,2.88524590163934
76,"binary",2,"Purely linear","BRP-GABLE full",TRUE,"AUC",0.880619298645885,320.16,NA,34,28,6,25,9,0,0,0,0.735294117647059,0.264705882352941,1,1.26470588235294
76,"binary",2,"Purely linear","BRP-GABLE rule-only",TRUE,"AUC",0.842791727207592,320.27,NA,45,45,0,31,14,0,0,0,0.688888888888889,0.311111111111111,1,1.31111111111111
76,"binary",2,"Purely linear","GABLE",TRUE,"AUC",0.760902370002121,7.6899999999996,NA,5,5,0,5,0,0,0,0,1,0,1,1
76,"binary",2,"Purely linear","GBM",TRUE,"AUC",0.870352358194139,0.0600000000004002,NA,NA,NA,NA,NA,NA,NA,NA,NA,NA,NA,NA,NA
76,"binary",2,"Purely linear","Linear",TRUE,"AUC",0.891330539444665,0.0200000000004366,NA,20,0,20,20,0,0,0,0,1,0,1,1
76,"binary",2,"Purely linear","Random forest",TRUE,"AUC",0.863395655463093,0.779999999999745,NA,NA,NA,NA,NA,NA,NA,NA,NA,NA,NA,NA,NA
76,"binary",2,"Purely linear","RuleFit",TRUE,"AUC",0.869619863027406,29.2200000000003,NA,63,63,0,0,6,57,0,0,0,0.0952380952380952,0.0952380952380952,2.9047619047619
77,"binary",2,"Purely linear","BRP-GABLE full",TRUE,"AUC",0.883405147408892,315.8,NA,28,19,9,13,15,0,0,0,0.464285714285714,0.535714285714286,1,1.53571428571429
77,"binary",2,"Purely linear","BRP-GABLE rule-only",TRUE,"AUC",0.859664494240871,314.089999999999,NA,50,50,0,31,19,0,0,0,0.62,0.38,1,1.38
77,"binary",2,"Purely linear","GABLE",TRUE,"AUC",0.769104744529928,7.53999999999996,NA,5,5,0,5,0,0,0,0,1,0,1,1
77,"binary",2,"Purely linear","GBM",TRUE,"AUC",0.877772043320491,0.0900000000001455,NA,NA,NA,NA,NA,NA,NA,NA,NA,NA,NA,NA,NA
77,"binary",2,"Purely linear","Linear",TRUE,"AUC",0.889678376961885,0,NA,20,0,20,20,0,0,0,0,1,0,1,1
77,"binary",2,"Purely linear","Random forest",TRUE,"AUC",0.864451432480766,0.800000000000182,NA,NA,NA,NA,NA,NA,NA,NA,NA,NA,NA,NA,NA
77,"binary",2,"Purely linear","RuleFit",TRUE,"AUC",0.872991106256826,29.3800000000001,NA,80,80,0,0,15,65,0,0,0,0.1875,0.1875,2.8125
78,"binary",2,"Purely linear","BRP-GABLE full",TRUE,"AUC",0.852809280928093,316.31,NA,41,35,6,22,19,0,0,0,0.536585365853659,0.463414634146341,1,1.46341463414634
78,"binary",2,"Purely linear","BRP-GABLE rule-only",TRUE,"AUC",0.84027202720272,314.830000000001,NA,46,46,0,24,22,0,0,0,0.521739130434783,0.478260869565217,1,1.47826086956522
78,"binary",2,"Purely linear","GABLE",TRUE,"AUC",0.770929092909291,7.21000000000004,NA,5,5,0,5,0,0,0,0,1,0,1,1
78,"binary",2,"Purely linear","GBM",TRUE,"AUC",0.857087708770877,0.110000000000582,NA,NA,NA,NA,NA,NA,NA,NA,NA,NA,NA,NA,NA
78,"binary",2,"Purely linear","Linear",TRUE,"AUC",0.876255625562556,0,NA,20,0,20,20,0,0,0,0,1,0,1,1
78,"binary",2,"Purely linear","Random forest",TRUE,"AUC",0.848838883888389,0.759999999999309,NA,NA,NA,NA,NA,NA,NA,NA,NA,NA,NA,NA,NA
78,"binary",2,"Purely linear","RuleFit",TRUE,"AUC",0.854983498349835,29.4499999999998,NA,55,55,0,0,3,52,0,0,0,0.0545454545454545,0.0545454545454545,2.94545454545455
79,"binary",2,"Purely linear","BRP-GABLE full",TRUE,"AUC",0.871526819256574,321.96,NA,34,28,6,21,13,0,0,0,0.617647058823529,0.382352941176471,1,1.38235294117647
79,"binary",2,"Purely linear","BRP-GABLE rule-only",TRUE,"AUC",0.84701401474689,322.340000000001,NA,48,48,0,34,14,0,0,0,0.708333333333333,0.291666666666667,1,1.29166666666667
79,"binary",2,"Purely linear","GABLE",TRUE,"AUC",0.753297646338682,8.06999999999971,NA,5,5,0,5,0,0,0,0,1,0,1,1
79,"binary",2,"Purely linear","GBM",TRUE,"AUC",0.863733291725178,0.0700000000006185,NA,NA,NA,NA,NA,NA,NA,NA,NA,NA,NA,NA,NA
79,"binary",2,"Purely linear","Linear",TRUE,"AUC",0.890218482822633,0.00999999999930878,NA,20,0,20,20,0,0,0,0,1,0,1,1
79,"binary",2,"Purely linear","Random forest",TRUE,"AUC",0.859184400142428,0.789999999999964,NA,NA,NA,NA,NA,NA,NA,NA,NA,NA,NA,NA,NA
79,"binary",2,"Purely linear","RuleFit",TRUE,"AUC",0.858456257426456,30.4399999999996,NA,61,61,0,0,8,53,0,0,0,0.131147540983607,0.131147540983607,2.86885245901639
80,"binary",2,"Purely linear","BRP-GABLE full",TRUE,"AUC",0.883184714395492,301.64,NA,32,26,6,13,19,0,0,0,0.40625,0.59375,1,1.59375
80,"binary",2,"Purely linear","BRP-GABLE rule-only",TRUE,"AUC",0.858682601178279,301.95,NA,40,40,0,17,23,0,0,0,0.425,0.575,1,1.575
80,"binary",2,"Purely linear","GABLE",TRUE,"AUC",0.780401511270492,7.44000000000051,NA,5,5,0,5,0,0,0,0,1,0,1,1
80,"binary",2,"Purely linear","GBM",TRUE,"AUC",0.874307601178279,0.0799999999999272,NA,NA,NA,NA,NA,NA,NA,NA,NA,NA,NA,NA,NA
80,"binary",2,"Purely linear","Linear",TRUE,"AUC",0.889976626536885,0,NA,20,0,20,20,0,0,0,0,1,0,1,1
80,"binary",2,"Purely linear","Random forest",TRUE,"AUC",0.868084016393443,0.829999999999927,NA,NA,NA,NA,NA,NA,NA,NA,NA,NA,NA,NA,NA
80,"binary",2,"Purely linear","RuleFit",TRUE,"AUC",0.869214667648566,29.6400000000003,NA,68,68,0,0,11,57,0,0,0,0.161764705882353,0.161764705882353,2.83823529411765
81,"binary",2,"Purely linear","BRP-GABLE full",TRUE,"AUC",0.880419121413934,313.690000000001,NA,34,27,7,17,17,0,0,0,0.5,0.5,1,1.5
81,"binary",2,"Purely linear","BRP-GABLE rule-only",TRUE,"AUC",0.851520475794057,312.799999999999,NA,51,51,0,31,20,0,0,0,0.607843137254902,0.392156862745098,1,1.3921568627451
81,"binary",2,"Purely linear","GABLE",TRUE,"AUC",0.758272765112705,5.36000000000058,NA,5,5,0,4,1,0,0,0,0.8,0.2,1,1.2
81,"binary",2,"Purely linear","GBM",TRUE,"AUC",0.878413966444672,0.0700000000006185,NA,NA,NA,NA,NA,NA,NA,NA,NA,NA,NA,NA,NA
81,"binary",2,"Purely linear","Linear",TRUE,"AUC",0.885001761014344,0.00999999999930878,NA,20,0,20,20,0,0,0,0,1,0,1,1
81,"binary",2,"Purely linear","Random forest",TRUE,"AUC",0.854396132172131,0.759999999999309,NA,NA,NA,NA,NA,NA,NA,NA,NA,NA,NA,NA,NA
81,"binary",2,"Purely linear","RuleFit",TRUE,"AUC",0.870817590932377,28.9099999999999,NA,67,67,0,0,13,54,0,0,0,0.194029850746269,0.194029850746269,2.80597014925373
82,"binary",2,"Purely linear","BRP-GABLE full",TRUE,"AUC",0.862244163159495,324.26,NA,28,22,6,15,13,0,0,0,0.535714285714286,0.464285714285714,1,1.46428571428571
82,"binary",2,"Purely linear","BRP-GABLE rule-only",TRUE,"AUC",0.832523883439215,323.1,NA,49,49,0,33,16,0,0,0,0.673469387755102,0.326530612244898,1,1.3265306122449
82,"binary",2,"Purely linear","GABLE",TRUE,"AUC",0.741558784464963,7.11999999999989,NA,5,5,0,5,0,0,0,0,1,0,1,1
82,"binary",2,"Purely linear","GBM",TRUE,"AUC",0.858405610407899,0.0700000000006185,NA,NA,NA,NA,NA,NA,NA,NA,NA,NA,NA,NA,NA
82,"binary",2,"Purely linear","Linear",TRUE,"AUC",0.882075018802708,0.0199999999995271,NA,20,0,20,20,0,0,0,0,1,0,1,1
82,"binary",2,"Purely linear","Random forest",TRUE,"AUC",0.860165863884399,0.789999999999964,NA,NA,NA,NA,NA,NA,NA,NA,NA,NA,NA,NA,NA
82,"binary",2,"Purely linear","RuleFit",TRUE,"AUC",0.860953977372742,30.1899999999996,NA,63,63,0,0,16,47,0,0,0,0.253968253968254,0.253968253968254,2.74603174603175
83,"binary",2,"Purely linear","BRP-GABLE full",TRUE,"AUC",0.873656905510296,314.580000000001,NA,36,30,6,13,23,0,0,0,0.361111111111111,0.638888888888889,1,1.63888888888889
83,"binary",2,"Purely linear","BRP-GABLE rule-only",TRUE,"AUC",0.853855282571044,311.52,NA,36,36,0,12,24,0,0,0,0.333333333333333,0.666666666666667,1,1.66666666666667
83,"binary",2,"Purely linear","GABLE",TRUE,"AUC",0.778194961190583,7.05999999999949,NA,5,5,0,5,0,0,0,0,1,0,1,1
83,"binary",2,"Purely linear","GBM",TRUE,"AUC",0.867903650009622,0.0900000000001455,NA,NA,NA,NA,NA,NA,NA,NA,NA,NA,NA,NA,NA
83,"binary",2,"Purely linear","Linear",TRUE,"AUC",0.882974372955289,0.0100000000002183,NA,20,0,20,20,0,0,0,0,1,0,1,1
83,"binary",2,"Purely linear","Random forest",TRUE,"AUC",0.862649544550645,0.789999999999964,NA,NA,NA,NA,NA,NA,NA,NA,NA,NA,NA,NA,NA
83,"binary",2,"Purely linear","RuleFit",TRUE,"AUC",0.865606357046635,30.0100000000002,NA,59,59,0,0,3,56,0,0,0,0.0508474576271186,0.0508474576271186,2.94915254237288
84,"binary",2,"Purely linear","BRP-GABLE full",TRUE,"AUC",0.905805971582181,316.669999999999,NA,36,28,8,25,11,0,0,0,0.694444444444444,0.305555555555556,1,1.30555555555556
84,"binary",2,"Purely linear","BRP-GABLE rule-only",TRUE,"AUC",0.882230462749616,321.04,NA,48,48,0,31,17,0,0,0,0.645833333333333,0.354166666666667,1,1.35416666666667
84,"binary",2,"Purely linear","GABLE",TRUE,"AUC",0.794822868663594,7.01000000000022,NA,5,5,0,5,0,0,0,0,1,0,1,1
84,"binary",2,"Purely linear","GBM",TRUE,"AUC",0.900013600870456,0.0799999999999272,NA,NA,NA,NA,NA,NA,NA,NA,NA,NA,NA,NA,NA
84,"binary",2,"Purely linear","Linear",TRUE,"AUC",0.915914618535586,0.0200000000004366,NA,20,0,20,20,0,0,0,0,1,0,1,1
84,"binary",2,"Purely linear","Random forest",TRUE,"AUC",0.891649065540195,0.809999999999491,NA,NA,NA,NA,NA,NA,NA,NA,NA,NA,NA,NA,NA
84,"binary",2,"Purely linear","RuleFit",TRUE,"AUC",0.901065668202765,30.5,NA,76,76,0,0,24,52,0,0,0,0.315789473684211,0.315789473684211,2.68421052631579
85,"binary",2,"Purely linear","BRP-GABLE full",TRUE,"AUC",0.856894948620529,306.22,NA,34,26,8,15,19,0,0,0,0.441176470588235,0.558823529411765,1,1.55882352941176
85,"binary",2,"Purely linear","BRP-GABLE rule-only",TRUE,"AUC",0.829568043732666,304.280000000001,NA,38,38,0,13,25,0,0,0,0.342105263157895,0.657894736842105,1,1.65789473684211
85,"binary",2,"Purely linear","GABLE",TRUE,"AUC",0.745338976258036,7.35000000000036,NA,5,5,0,5,0,0,0,0,1,0,1,1
85,"binary",2,"Purely linear","GBM",TRUE,"AUC",0.845989836323122,0.0600000000004002,NA,NA,NA,NA,NA,NA,NA,NA,NA,NA,NA,NA,NA
85,"binary",2,"Purely linear","Linear",TRUE,"AUC",0.870966190544895,0,NA,20,0,20,20,0,0,0,0,1,0,1,1
85,"binary",2,"Purely linear","Random forest",TRUE,"AUC",0.851227977364177,0.779999999999745,NA,NA,NA,NA,NA,NA,NA,NA,NA,NA,NA,NA,NA
85,"binary",2,"Purely linear","RuleFit",TRUE,"AUC",0.855315891566072,30.1099999999997,NA,92,92,0,1,12,79,0,0,0.0108695652173913,0.130434782608696,0.141304347826087,2.84782608695652
86,"binary",2,"Purely linear","BRP-GABLE full",TRUE,"AUC",0.867431926308331,310.61,NA,26,20,6,11,15,0,0,0,0.423076923076923,0.576923076923077,1,1.57692307692308
86,"binary",2,"Purely linear","BRP-GABLE rule-only",TRUE,"AUC",0.824794007490637,310.850000000001,NA,32,32,0,16,16,0,0,0,0.5,0.5,1,1.5
86,"binary",2,"Purely linear","GABLE",TRUE,"AUC",0.731308836926814,7.19999999999982,NA,5,5,0,5,0,0,0,0,1,0,1,1
86,"binary",2,"Purely linear","GBM",TRUE,"AUC",0.859625468164794,0.0900000000001455,NA,NA,NA,NA,NA,NA,NA,NA,NA,NA,NA,NA,NA
86,"binary",2,"Purely linear","Linear",TRUE,"AUC",0.884081384755542,0.0199999999995271,NA,20,0,20,20,0,0,0,0,1,0,1,1
86,"binary",2,"Purely linear","Random forest",TRUE,"AUC",0.849600161959713,0.800000000000182,NA,NA,NA,NA,NA,NA,NA,NA,NA,NA,NA,NA,NA
86,"binary",2,"Purely linear","RuleFit",TRUE,"AUC",0.856702095353781,28.6099999999997,NA,60,60,0,0,12,48,0,0,0,0.2,0.2,2.8
87,"binary",2,"Purely linear","BRP-GABLE full",TRUE,"AUC",0.867295960032666,322.449999999999,NA,32,25,7,20,12,0,0,0,0.625,0.375,1,1.375
87,"binary",2,"Purely linear","BRP-GABLE rule-only",TRUE,"AUC",0.837656722870731,321.28,NA,48,48,0,33,15,0,0,0,0.6875,0.3125,1,1.3125
87,"binary",2,"Purely linear","GABLE",TRUE,"AUC",0.762459768458471,7.28000000000065,NA,5,5,0,4,1,0,0,0,0.8,0.2,1,1.2
87,"binary",2,"Purely linear","GBM",TRUE,"AUC",0.858288898496421,0.0799999999999272,NA,NA,NA,NA,NA,NA,NA,NA,NA,NA,NA,NA,NA
87,"binary",2,"Purely linear","Linear",TRUE,"AUC",0.878536772829899,0.0200000000004366,NA,20,0,20,20,0,0,0,0,1,0,1,1
87,"binary",2,"Purely linear","Random forest",TRUE,"AUC",0.857592352404285,0.759999999999309,NA,NA,NA,NA,NA,NA,NA,NA,NA,NA,NA,NA,NA
87,"binary",2,"Purely linear","RuleFit",TRUE,"AUC",0.85603713311236,31.2699999999995,NA,61,61,0,0,11,50,0,0,0,0.180327868852459,0.180327868852459,2.81967213114754
88,"binary",2,"Purely linear","BRP-GABLE full",TRUE,"AUC",0.898339900057659,313.87,NA,24,18,6,12,12,0,0,0,0.5,0.5,1,1.5
88,"binary",2,"Purely linear","BRP-GABLE rule-only",TRUE,"AUC",0.876425459670703,311.12,NA,48,48,0,31,17,0,0,0,0.645833333333333,0.354166666666667,1,1.35416666666667
88,"binary",2,"Purely linear","GABLE",TRUE,"AUC",0.788263181497854,6.94000000000051,NA,5,5,0,5,0,0,0,0,1,0,1,1
88,"binary",2,"Purely linear","GBM",TRUE,"AUC",0.887030319046704,0.0599999999994907,NA,NA,NA,NA,NA,NA,NA,NA,NA,NA,NA,NA,NA
88,"binary",2,"Purely linear","Linear",TRUE,"AUC",0.902468127362419,0.0200000000004366,NA,20,0,20,20,0,0,0,0,1,0,1,1
88,"binary",2,"Purely linear","Random forest",TRUE,"AUC",0.884091309500929,0.949999999999818,NA,NA,NA,NA,NA,NA,NA,NA,NA,NA,NA,NA,NA
88,"binary",2,"Purely linear","RuleFit",TRUE,"AUC",0.892469889166506,29.9200000000001,NA,55,55,0,0,10,45,0,0,0,0.181818181818182,0.181818181818182,2.81818181818182
89,"binary",2,"Purely linear","BRP-GABLE full",TRUE,"AUC",0.874006983150746,319,NA,27,19,8,15,12,0,0,0,0.555555555555556,0.444444444444444,1,1.44444444444444
89,"binary",2,"Purely linear","BRP-GABLE rule-only",TRUE,"AUC",0.842708933948363,317.219999999998,NA,32,32,0,18,14,0,0,0,0.5625,0.4375,1,1.4375
89,"binary",2,"Purely linear","GABLE",TRUE,"AUC",0.779057755141265,7.10000000000036,NA,5,5,0,5,0,0,0,0,1,0,1,1
89,"binary",2,"Purely linear","GBM",TRUE,"AUC",0.863476199628419,0.089999999999236,NA,NA,NA,NA,NA,NA,NA,NA,NA,NA,NA,NA,NA
89,"binary",2,"Purely linear","Linear",TRUE,"AUC",0.884313537061951,0.0200000000004366,NA,20,0,20,20,0,0,0,0,1,0,1,1
89,"binary",2,"Purely linear","Random forest",TRUE,"AUC",0.849221602921391,0.8100000000004,NA,NA,NA,NA,NA,NA,NA,NA,NA,NA,NA,NA,NA
89,"binary",2,"Purely linear","RuleFit",TRUE,"AUC",0.860701358190787,31.04,NA,60,60,0,0,3,57,0,0,0,0.05,0.05,2.95
90,"binary",2,"Purely linear","BRP-GABLE full",TRUE,"AUC",0.893176646237944,316.5,NA,34,23,11,22,12,0,0,0,0.647058823529412,0.352941176470588,1,1.35294117647059
90,"binary",2,"Purely linear","BRP-GABLE rule-only",TRUE,"AUC",0.864552354119257,316.580000000001,NA,41,41,0,29,12,0,0,0,0.707317073170732,0.292682926829268,1,1.29268292682927
90,"binary",2,"Purely linear","GABLE",TRUE,"AUC",0.793067880349496,7.52999999999975,NA,5,5,0,5,0,0,0,0,1,0,1,1
90,"binary",2,"Purely linear","GBM",TRUE,"AUC",0.892169257381833,0.089999999999236,NA,NA,NA,NA,NA,NA,NA,NA,NA,NA,NA,NA,NA
90,"binary",2,"Purely linear","Linear",TRUE,"AUC",0.894998775882067,0.0200000000004366,NA,20,0,20,20,0,0,0,0,1,0,1,1
90,"binary",2,"Purely linear","Random forest",TRUE,"AUC",0.874794809739965,0.800000000000182,NA,NA,NA,NA,NA,NA,NA,NA,NA,NA,NA,NA,NA
90,"binary",2,"Purely linear","RuleFit",TRUE,"AUC",0.886514233882782,31,NA,56,56,0,0,10,46,0,0,0,0.178571428571429,0.178571428571429,2.82142857142857
91,"binary",2,"Purely linear","BRP-GABLE full",TRUE,"AUC",0.869125394309138,311.639999999999,NA,33,28,5,9,24,0,0,0,0.272727272727273,0.727272727272727,1,1.72727272727273
91,"binary",2,"Purely linear","BRP-GABLE rule-only",TRUE,"AUC",0.856945845542906,311.36,NA,37,37,0,10,27,0,0,0,0.27027027027027,0.72972972972973,1,1.72972972972973
91,"binary",2,"Purely linear","GABLE",TRUE,"AUC",0.784967414452931,6.34999999999945,NA,5,5,0,4,1,0,0,0,0.8,0.2,1,1.2
91,"binary",2,"Purely linear","GBM",TRUE,"AUC",0.878508750860675,0.0799999999999272,NA,NA,NA,NA,NA,NA,NA,NA,NA,NA,NA,NA,NA
91,"binary",2,"Purely linear","Linear",TRUE,"AUC",0.89736353300988,0.0100000000002183,NA,20,0,20,20,0,0,0,0,1,0,1,1
91,"binary",2,"Purely linear","Random forest",TRUE,"AUC",0.870448431570351,0.760000000000218,NA,NA,NA,NA,NA,NA,NA,NA,NA,NA,NA,NA,NA
91,"binary",2,"Purely linear","RuleFit",TRUE,"AUC",0.874625706553938,28.6500000000005,NA,56,56,0,0,3,53,0,0,0,0.0535714285714286,0.0535714285714286,2.94642857142857
92,"binary",2,"Purely linear","BRP-GABLE full",TRUE,"AUC",0.869140726680042,307.65,NA,30,24,6,9,21,0,0,0,0.3,0.7,1,1.7
92,"binary",2,"Purely linear","BRP-GABLE rule-only",TRUE,"AUC",0.846424466683486,308.299999999999,NA,44,44,0,18,26,0,0,0,0.409090909090909,0.590909090909091,1,1.59090909090909
92,"binary",2,"Purely linear","GABLE",TRUE,"AUC",0.753811405985319,5.9399999999996,NA,5,5,0,4,1,0,0,0,0.8,0.2,1,1.2
92,"binary",2,"Purely linear","GBM",TRUE,"AUC",0.864018805739435,0.0999999999994543,NA,NA,NA,NA,NA,NA,NA,NA,NA,NA,NA,NA,NA
92,"binary",2,"Purely linear","Linear",TRUE,"AUC",0.885159244086164,0.0100000000002183,NA,20,0,20,20,0,0,0,0,1,0,1,1
92,"binary",2,"Purely linear","Random forest",TRUE,"AUC",0.846100091706012,0.8100000000004,NA,NA,NA,NA,NA,NA,NA,NA,NA,NA,NA,NA,NA
92,"binary",2,"Purely linear","RuleFit",TRUE,"AUC",0.86336404884046,29.4300000000003,NA,54,54,0,0,8,46,0,0,0,0.148148148148148,0.148148148148148,2.85185185185185
93,"binary",2,"Purely linear","BRP-GABLE full",TRUE,"AUC",0.887460759818054,326.65,NA,19,12,7,14,5,0,0,0,0.736842105263158,0.263157894736842,1,1.26315789473684
93,"binary",2,"Purely linear","BRP-GABLE rule-only",TRUE,"AUC",0.860927589852008,328.530000000001,NA,61,61,0,53,8,0,0,0,0.868852459016393,0.131147540983607,1,1.13114754098361
93,"binary",2,"Purely linear","GABLE",TRUE,"AUC",0.771063569094753,7.1899999999996,NA,5,5,0,5,0,0,0,0,1,0,1,1
93,"binary",2,"Purely linear","GBM",TRUE,"AUC",0.87451149977577,0.089999999999236,NA,NA,NA,NA,NA,NA,NA,NA,NA,NA,NA,NA,NA
93,"binary",2,"Purely linear","Linear",TRUE,"AUC",0.890527900570184,0.0200000000004366,NA,20,0,20,20,0,0,0,0,1,0,1,1
93,"binary",2,"Purely linear","Random forest",TRUE,"AUC",0.872109039656608,0.780000000000655,NA,NA,NA,NA,NA,NA,NA,NA,NA,NA,NA,NA,NA
93,"binary",2,"Purely linear","RuleFit",TRUE,"AUC",0.872052982253828,30.5799999999999,NA,79,79,0,1,14,64,0,0,0.0126582278481013,0.177215189873418,0.189873417721519,2.79746835443038
94,"binary",2,"Purely linear","BRP-GABLE full",TRUE,"AUC",0.866661863419672,316.35,NA,33,26,7,22,11,0,0,0,0.666666666666667,0.333333333333333,1,1.33333333333333
94,"binary",2,"Purely linear","BRP-GABLE rule-only",TRUE,"AUC",0.833401379332429,316.190000000001,NA,46,46,0,29,17,0,0,0,0.630434782608696,0.369565217391304,1,1.3695652173913
94,"binary",2,"Purely linear","GABLE",TRUE,"AUC",0.752296552469469,7.28000000000065,NA,5,5,0,5,0,0,0,0,1,0,1,1
94,"binary",2,"Purely linear","GBM",TRUE,"AUC",0.85760974418707,0.089999999999236,NA,NA,NA,NA,NA,NA,NA,NA,NA,NA,NA,NA,NA
94,"binary",2,"Purely linear","Linear",TRUE,"AUC",0.87416693684931,0.0200000000004366,NA,20,0,20,20,0,0,0,0,1,0,1,1
94,"binary",2,"Purely linear","Random forest",TRUE,"AUC",0.83702783081363,0.800000000000182,NA,NA,NA,NA,NA,NA,NA,NA,NA,NA,NA,NA,NA
94,"binary",2,"Purely linear","RuleFit",TRUE,"AUC",0.850831161865421,30.5799999999999,NA,65,65,0,0,11,54,0,0,0,0.169230769230769,0.169230769230769,2.83076923076923
95,"binary",2,"Purely linear","BRP-GABLE full",TRUE,"AUC",0.880479697269102,308.76,NA,33,24,9,21,12,0,0,0,0.636363636363636,0.363636363636364,1,1.36363636363636
95,"binary",2,"Purely linear","BRP-GABLE rule-only",TRUE,"AUC",0.846306467032813,310.339999999999,NA,39,39,0,22,17,0,0,0,0.564102564102564,0.435897435897436,1,1.43589743589744
95,"binary",2,"Purely linear","GABLE",TRUE,"AUC",0.762405446596077,7.63999999999942,NA,5,5,0,5,0,0,0,0,1,0,1,1
95,"binary",2,"Purely linear","GBM",TRUE,"AUC",0.866911208803517,0.0799999999999272,NA,NA,NA,NA,NA,NA,NA,NA,NA,NA,NA,NA,NA
95,"binary",2,"Purely linear","Linear",TRUE,"AUC",0.891280086083099,0.0200000000004366,NA,20,0,20,20,0,0,0,0,1,0,1,1
95,"binary",2,"Purely linear","Random forest",TRUE,"AUC",0.865627162577853,0.8100000000004,NA,NA,NA,NA,NA,NA,NA,NA,NA,NA,NA,NA,NA
95,"binary",2,"Purely linear","RuleFit",TRUE,"AUC",0.868567268421663,29.7600000000002,NA,62,62,0,0,5,57,0,0,0,0.0806451612903226,0.0806451612903226,2.91935483870968
96,"binary",2,"Purely linear","BRP-GABLE full",TRUE,"AUC",0.859088,329.06,NA,27,21,6,21,6,0,0,0,0.777777777777778,0.222222222222222,1,1.22222222222222
96,"binary",2,"Purely linear","BRP-GABLE rule-only",TRUE,"AUC",0.814016,328.860000000001,NA,35,35,0,28,7,0,0,0,0.8,0.2,1,1.2
96,"binary",2,"Purely linear","GABLE",TRUE,"AUC",0.734368,7.13999999999942,NA,5,5,0,5,0,0,0,0,1,0,1,1
96,"binary",2,"Purely linear","GBM",TRUE,"AUC",0.836416,0.0599999999994907,NA,NA,NA,NA,NA,NA,NA,NA,NA,NA,NA,NA,NA
96,"binary",2,"Purely linear","Linear",TRUE,"AUC",0.876112,0.0200000000004366,NA,20,0,20,20,0,0,0,0,1,0,1,1
96,"binary",2,"Purely linear","Random forest",TRUE,"AUC",0.83909,0.780000000000655,NA,NA,NA,NA,NA,NA,NA,NA,NA,NA,NA,NA,NA
96,"binary",2,"Purely linear","RuleFit",TRUE,"AUC",0.84656,29.8900000000003,NA,64,64,0,0,17,47,0,0,0,0.265625,0.265625,2.734375
97,"binary",2,"Purely linear","BRP-GABLE full",TRUE,"AUC",0.879317543155359,322.71,NA,32,26,6,19,13,0,0,0,0.59375,0.40625,1,1.40625
97,"binary",2,"Purely linear","BRP-GABLE rule-only",TRUE,"AUC",0.856007627458852,323.14,NA,57,57,0,36,21,0,0,0,0.631578947368421,0.368421052631579,1,1.36842105263158
97,"binary",2,"Purely linear","GABLE",TRUE,"AUC",0.785706543556804,6.80000000000018,NA,5,5,0,5,0,0,0,0,1,0,1,1
97,"binary",2,"Purely linear","GBM",TRUE,"AUC",0.872701726214372,0.0600000000004002,NA,NA,NA,NA,NA,NA,NA,NA,NA,NA,NA,NA,NA
97,"binary",2,"Purely linear","Linear",TRUE,"AUC",0.885909273384183,0.0199999999995271,NA,20,0,20,20,0,0,0,0,1,0,1,1
97,"binary",2,"Purely linear","Random forest",TRUE,"AUC",0.858125250903252,0.779999999999745,NA,NA,NA,NA,NA,NA,NA,NA,NA,NA,NA,NA,NA
97,"binary",2,"Purely linear","RuleFit",TRUE,"AUC",0.860449618627057,26.7299999999996,NA,64,64,0,0,8,56,0,0,0,0.125,0.125,2.875
98,"binary",2,"Purely linear","BRP-GABLE full",TRUE,"AUC",0.879367936793679,313.999999999999,NA,29,23,6,19,10,0,0,0,0.655172413793103,0.344827586206897,1,1.3448275862069
98,"binary",2,"Purely linear","BRP-GABLE rule-only",TRUE,"AUC",0.836603660366037,312.79,NA,44,44,0,32,12,0,0,0,0.727272727272727,0.272727272727273,1,1.27272727272727
98,"binary",2,"Purely linear","GABLE",TRUE,"AUC",0.763272327232723,6.69999999999982,NA,5,5,0,5,0,0,0,0,1,0,1,1
98,"binary",2,"Purely linear","GBM",TRUE,"AUC",0.872391239123912,0.0700000000006185,NA,NA,NA,NA,NA,NA,NA,NA,NA,NA,NA,NA,NA
98,"binary",2,"Purely linear","Linear",TRUE,"AUC",0.888708870887089,0.0199999999995271,NA,20,0,20,20,0,0,0,0,1,0,1,1
98,"binary",2,"Purely linear","Random forest",TRUE,"AUC",0.86000800080008,0.739999999999782,NA,NA,NA,NA,NA,NA,NA,NA,NA,NA,NA,NA,NA
98,"binary",2,"Purely linear","RuleFit",TRUE,"AUC",0.872639263926393,27.5900000000001,NA,68,68,0,0,5,63,0,0,0,0.0735294117647059,0.0735294117647059,2.92647058823529
99,"binary",2,"Purely linear","BRP-GABLE full",TRUE,"AUC",0.874239951356887,303.829999999999,NA,39,31,8,24,15,0,0,0,0.615384615384615,0.384615384615385,1,1.38461538461538
99,"binary",2,"Purely linear","BRP-GABLE rule-only",TRUE,"AUC",0.848644313236047,304.599999999999,NA,48,48,0,25,23,0,0,0,0.520833333333333,0.479166666666667,1,1.47916666666667
99,"binary",2,"Purely linear","GABLE",TRUE,"AUC",0.766719070020481,7,NA,5,5,0,5,0,0,0,0,1,0,1,1
99,"binary",2,"Purely linear","GBM",TRUE,"AUC",0.867223502304147,0.0799999999999272,NA,NA,NA,NA,NA,NA,NA,NA,NA,NA,NA,NA,NA
99,"binary",2,"Purely linear","Linear",TRUE,"AUC",0.879532290066564,0.00999999999930878,NA,20,0,20,20,0,0,0,0,1,0,1,1
99,"binary",2,"Purely linear","Random forest",TRUE,"AUC",0.846310163850486,0.740000000000691,NA,NA,NA,NA,NA,NA,NA,NA,NA,NA,NA,NA,NA
99,"binary",2,"Purely linear","RuleFit",TRUE,"AUC",0.865271377368152,26,NA,60,60,0,0,7,53,0,0,0,0.116666666666667,0.116666666666667,2.88333333333333
100,"binary",2,"Purely linear","BRP-GABLE full",TRUE,"AUC",0.873876,305.13,NA,35,29,6,20,15,0,0,0,0.571428571428571,0.428571428571429,1,1.42857142857143
100,"binary",2,"Purely linear","BRP-GABLE rule-only",TRUE,"AUC",0.852888,307.12,NA,47,47,0,28,19,0,0,0,0.595744680851064,0.404255319148936,1,1.40425531914894
100,"binary",2,"Purely linear","GABLE",TRUE,"AUC",0.774016,6.35999999999967,NA,5,5,0,5,0,0,0,0,1,0,1,1
100,"binary",2,"Purely linear","GBM",TRUE,"AUC",0.86452,0.0900000000001455,NA,NA,NA,NA,NA,NA,NA,NA,NA,NA,NA,NA,NA
100,"binary",2,"Purely linear","Linear",TRUE,"AUC",0.88012,0.0100000000002183,NA,20,0,20,20,0,0,0,0,1,0,1,1
100,"binary",2,"Purely linear","Random forest",TRUE,"AUC",0.857778,0.850000000000364,NA,NA,NA,NA,NA,NA,NA,NA,NA,NA,NA,NA,NA
100,"binary",2,"Purely linear","RuleFit",TRUE,"AUC",0.864876,23.3299999999999,NA,63,63,0,0,7,56,0,0,0,0.111111111111111,0.111111111111111,2.88888888888889
1,"binary",3,"Mixed linear and rule-based","BRP-GABLE full",TRUE,"AUC",0.844002408671216,347.06,NA,37,27,10,26,11,0,0,0,0.702702702702703,0.297297297297297,1,1.2972972972973
1,"binary",3,"Mixed linear and rule-based","BRP-GABLE rule-only",TRUE,"AUC",0.831250501806503,347.43,NA,41,41,0,29,12,0,0,0,0.707317073170732,0.292682926829268,1,1.29268292682927
1,"binary",3,"Mixed linear and rule-based","GABLE",TRUE,"AUC",0.803141308711361,7.88999999999999,NA,5,5,0,5,0,0,0,0,1,0,1,1
1,"binary",3,"Mixed linear and rule-based","GBM",TRUE,"AUC",0.83811320754717,0.0799999999999841,NA,NA,NA,NA,NA,NA,NA,NA,NA,NA,NA,NA,NA
1,"binary",3,"Mixed linear and rule-based","Linear",TRUE,"AUC",0.833753512645524,0.0200000000000387,NA,20,0,20,20,0,0,0,0,1,0,1,1
1,"binary",3,"Mixed linear and rule-based","Random forest",TRUE,"AUC",0.833518667201927,1.07999999999998,NA,NA,NA,NA,NA,NA,NA,NA,NA,NA,NA,NA,NA
1,"binary",3,"Mixed linear and rule-based","RuleFit",TRUE,"AUC",0.832697711762344,33.62,NA,77,77,0,0,33,44,0,0,0,0.428571428571429,0.428571428571429,2.57142857142857
2,"binary",3,"Mixed linear and rule-based","BRP-GABLE full",TRUE,"AUC",0.842464492161855,341.53,NA,45,40,5,26,19,0,0,0,0.577777777777778,0.422222222222222,1,1.42222222222222
2,"binary",3,"Mixed linear and rule-based","BRP-GABLE rule-only",TRUE,"AUC",0.829918656226482,338.5,NA,42,42,0,23,19,0,0,0,0.547619047619048,0.452380952380952,1,1.45238095238095
2,"binary",3,"Mixed linear and rule-based","GABLE",TRUE,"AUC",0.783630366207106,7.49000000000001,NA,5,5,0,4,1,0,0,0,0.8,0.2,1,1.2
2,"binary",3,"Mixed linear and rule-based","GBM",TRUE,"AUC",0.841251541208307,0.0900000000000318,NA,NA,NA,NA,NA,NA,NA,NA,NA,NA,NA,NA,NA
2,"binary",3,"Mixed linear and rule-based","Linear",TRUE,"AUC",0.827680901827032,0.0299999999999727,NA,20,0,20,20,0,0,0,0,1,0,1,1
2,"binary",3,"Mixed linear and rule-based","Random forest",TRUE,"AUC",0.83374365502554,1.07999999999998,NA,NA,NA,NA,NA,NA,NA,NA,NA,NA,NA,NA,NA
2,"binary",3,"Mixed linear and rule-based","RuleFit",TRUE,"AUC",0.845314726745769,31.14,NA,85,85,0,0,43,42,0,0,0,0.505882352941176,0.505882352941176,2.49411764705882
3,"binary",3,"Mixed linear and rule-based","BRP-GABLE full",TRUE,"AUC",0.831004401760704,344.83,NA,31,24,7,16,15,0,0,0,0.516129032258065,0.483870967741935,1,1.48387096774194
3,"binary",3,"Mixed linear and rule-based","BRP-GABLE rule-only",TRUE,"AUC",0.821886754701881,346.38,NA,34,34,0,18,16,0,0,0,0.529411764705882,0.470588235294118,1,1.47058823529412
3,"binary",3,"Mixed linear and rule-based","GABLE",TRUE,"AUC",0.79859343737495,7.34000000000003,NA,5,5,0,4,1,0,0,0,0.8,0.2,1,1.2
3,"binary",3,"Mixed linear and rule-based","GBM",TRUE,"AUC",0.845058023209284,0.0600000000000023,NA,NA,NA,NA,NA,NA,NA,NA,NA,NA,NA,NA,NA
3,"binary",3,"Mixed linear and rule-based","Linear",TRUE,"AUC",0.833025210084034,0.0300000000000296,NA,20,0,20,20,0,0,0,0,1,0,1,1
3,"binary",3,"Mixed linear and rule-based","Random forest",TRUE,"AUC",0.837949179671869,1.01999999999998,NA,NA,NA,NA,NA,NA,NA,NA,NA,NA,NA,NA,NA
3,"binary",3,"Mixed linear and rule-based","RuleFit",TRUE,"AUC",0.840732292917167,33.22,NA,88,88,0,2,29,57,0,0,0.0227272727272727,0.329545454545455,0.352272727272727,2.625
4,"binary",3,"Mixed linear and rule-based","BRP-GABLE full",TRUE,"AUC",0.842811038503428,347.76,NA,39,34,5,30,9,0,0,0,0.769230769230769,0.230769230769231,1,1.23076923076923
4,"binary",3,"Mixed linear and rule-based","BRP-GABLE rule-only",TRUE,"AUC",0.828588474597988,349,NA,44,44,0,35,9,0,0,0,0.795454545454545,0.204545454545455,1,1.20454545454545
4,"binary",3,"Mixed linear and rule-based","GABLE",TRUE,"AUC",0.811571048753924,7.79000000000002,NA,5,5,0,5,0,0,0,0,1,0,1,1
4,"binary",3,"Mixed linear and rule-based","GBM",TRUE,"AUC",0.83861874559549,0.0600000000000023,NA,NA,NA,NA,NA,NA,NA,NA,NA,NA,NA,NA,NA
4,"binary",3,"Mixed linear and rule-based","Linear",TRUE,"AUC",0.836784867704529,0.0299999999999727,NA,20,0,20,20,0,0,0,0,1,0,1,1
4,"binary",3,"Mixed linear and rule-based","Random forest",TRUE,"AUC",0.829893811262733,1.06999999999999,NA,NA,NA,NA,NA,NA,NA,NA,NA,NA,NA,NA,NA
4,"binary",3,"Mixed linear and rule-based","RuleFit",TRUE,"AUC",0.836006070215901,32.99,NA,60,60,0,0,29,31,0,0,0,0.483333333333333,0.483333333333333,2.51666666666667
5,"binary",3,"Mixed linear and rule-based","BRP-GABLE full",TRUE,"AUC",0.837832647901298,343.11,NA,43,36,7,17,26,0,0,0,0.395348837209302,0.604651162790698,1,1.6046511627907
5,"binary",3,"Mixed linear and rule-based","BRP-GABLE rule-only",TRUE,"AUC",0.822746475492471,341.67,NA,53,53,0,28,25,0,0,0,0.528301886792453,0.471698113207547,1,1.47169811320755
5,"binary",3,"Mixed linear and rule-based","GABLE",TRUE,"AUC",0.786919316381559,7.52999999999997,NA,5,5,0,5,0,0,0,0,1,0,1,1
5,"binary",3,"Mixed linear and rule-based","GBM",TRUE,"AUC",0.831287705429582,0.089999999999975,NA,NA,NA,NA,NA,NA,NA,NA,NA,NA,NA,NA,NA
5,"binary",3,"Mixed linear and rule-based","Linear",TRUE,"AUC",0.845789793730297,0.0199999999999818,NA,20,0,20,20,0,0,0,0,1,0,1,1
5,"binary",3,"Mixed linear and rule-based","Random forest",TRUE,"AUC",0.836040389816133,1.10000000000002,NA,NA,NA,NA,NA,NA,NA,NA,NA,NA,NA,NA,NA
5,"binary",3,"Mixed linear and rule-based","RuleFit",TRUE,"AUC",0.835938375126018,30.98,NA,68,68,0,0,22,46,0,0,0,0.323529411764706,0.323529411764706,2.67647058823529
6,"binary",3,"Mixed linear and rule-based","BRP-GABLE full",TRUE,"AUC",0.808349929275242,337.17,NA,30,25,5,12,18,0,0,0,0.4,0.6,1,1.6
6,"binary",3,"Mixed linear and rule-based","BRP-GABLE rule-only",TRUE,"AUC",0.799454237274552,337.24,NA,28,28,0,11,17,0,0,0,0.392857142857143,0.607142857142857,1,1.60714285714286
6,"binary",3,"Mixed linear and rule-based","GABLE",TRUE,"AUC",0.761429161040075,7.4899999999999,NA,5,5,0,4,1,0,0,0,0.8,0.2,1,1.2
6,"binary",3,"Mixed linear and rule-based","GBM",TRUE,"AUC",0.807348162158047,0.0699999999999363,NA,NA,NA,NA,NA,NA,NA,NA,NA,NA,NA,NA,NA
6,"binary",3,"Mixed linear and rule-based","Linear",TRUE,"AUC",0.813286637628777,0.0300000000000864,NA,20,0,20,20,0,0,0,0,1,0,1,1
6,"binary",3,"Mixed linear and rule-based","Random forest",TRUE,"AUC",0.804380927956916,0.790000000000077,NA,NA,NA,NA,NA,NA,NA,NA,NA,NA,NA,NA,NA
6,"binary",3,"Mixed linear and rule-based","RuleFit",TRUE,"AUC",0.801824418273835,31.8100000000001,NA,60,60,0,0,20,40,0,0,0,0.333333333333333,0.333333333333333,2.66666666666667
7,"binary",3,"Mixed linear and rule-based","BRP-GABLE full",TRUE,"AUC",0.834909736892644,330.5,NA,34,28,6,19,15,0,0,0,0.558823529411765,0.441176470588235,1,1.44117647058824
7,"binary",3,"Mixed linear and rule-based","BRP-GABLE rule-only",TRUE,"AUC",0.8157928429678,332.13,NA,42,42,0,27,15,0,0,0,0.642857142857143,0.357142857142857,1,1.35714285714286
7,"binary",3,"Mixed linear and rule-based","GABLE",TRUE,"AUC",0.774082165034249,7.78000000000009,NA,5,5,0,5,0,0,0,0,1,0,1,1
7,"binary",3,"Mixed linear and rule-based","GBM",TRUE,"AUC",0.830596632737981,0.100000000000023,NA,NA,NA,NA,NA,NA,NA,NA,NA,NA,NA,NA,NA
7,"binary",3,"Mixed linear and rule-based","Linear",TRUE,"AUC",0.834761698994943,0.0299999999999727,NA,20,0,20,20,0,0,0,0,1,0,1,1
7,"binary",3,"Mixed linear and rule-based","Random forest",TRUE,"AUC",0.829686399718328,0.789999999999964,NA,NA,NA,NA,NA,NA,NA,NA,NA,NA,NA,NA,NA
7,"binary",3,"Mixed linear and rule-based","RuleFit",TRUE,"AUC",0.834461622175277,31.1899999999999,NA,69,69,0,0,31,38,0,0,0,0.449275362318841,0.449275362318841,2.55072463768116
8,"binary",3,"Mixed linear and rule-based","BRP-GABLE full",TRUE,"AUC",0.854937443699329,319.91,NA,36,31,5,14,22,0,0,0,0.388888888888889,0.611111111111111,1,1.61111111111111
8,"binary",3,"Mixed linear and rule-based","BRP-GABLE rule-only",TRUE,"AUC",0.842944650185167,322.6,NA,39,39,0,18,21,0,0,0,0.461538461538462,0.538461538461538,1,1.53846153846154
8,"binary",3,"Mixed linear and rule-based","GABLE",TRUE,"AUC",0.79982183965569,6.31999999999994,NA,5,5,0,4,1,0,0,0,0.8,0.2,1,1.2
8,"binary",3,"Mixed linear and rule-based","GBM",TRUE,"AUC",0.85267540786708,0.1099999999999,NA,NA,NA,NA,NA,NA,NA,NA,NA,NA,NA,NA,NA
8,"binary",3,"Mixed linear and rule-based","Linear",TRUE,"AUC",0.852403162846562,0.0300000000000864,NA,20,0,20,20,0,0,0,0,1,0,1,1
8,"binary",3,"Mixed linear and rule-based","Random forest",TRUE,"AUC",0.847004303873486,0.800000000000068,NA,NA,NA,NA,NA,NA,NA,NA,NA,NA,NA,NA,NA
8,"binary",3,"Mixed linear and rule-based","RuleFit",TRUE,"AUC",0.853203883495146,32.4100000000001,NA,69,69,0,0,33,36,0,0,0,0.478260869565217,0.478260869565217,2.52173913043478
9,"binary",3,"Mixed linear and rule-based","BRP-GABLE full",TRUE,"AUC",0.840856788812179,323.63,NA,33,27,6,16,17,0,0,0,0.484848484848485,0.515151515151515,1,1.51515151515152
9,"binary",3,"Mixed linear and rule-based","BRP-GABLE rule-only",TRUE,"AUC",0.835942403321586,323.06,NA,29,29,0,12,17,0,0,0,0.413793103448276,0.586206896551724,1,1.58620689655172
9,"binary",3,"Mixed linear and rule-based","GABLE",TRUE,"AUC",0.801418996121598,6.75,NA,4,4,0,3,1,0,0,0,0.75,0.25,1,1.25
9,"binary",3,"Mixed linear and rule-based","GBM",TRUE,"AUC",0.838668147218333,0.0999999999999091,NA,NA,NA,NA,NA,NA,NA,NA,NA,NA,NA,NA,NA
9,"binary",3,"Mixed linear and rule-based","Linear",TRUE,"AUC",0.847567550169781,0.0300000000000864,NA,20,0,20,20,0,0,0,0,1,0,1,1
9,"binary",3,"Mixed linear and rule-based","Random forest",TRUE,"AUC",0.825506123368577,0.830000000000041,NA,NA,NA,NA,NA,NA,NA,NA,NA,NA,NA,NA,NA
9,"binary",3,"Mixed linear and rule-based","RuleFit",TRUE,"AUC",0.832621220167689,30.23,NA,93,93,0,1,39,53,0,0,0.010752688172043,0.419354838709677,0.43010752688172,2.55913978494624
10,"binary",3,"Mixed linear and rule-based","BRP-GABLE full",TRUE,"AUC",0.842599705524614,329.31,NA,37,31,6,14,23,0,0,0,0.378378378378378,0.621621621621622,1,1.62162162162162
10,"binary",3,"Mixed linear and rule-based","BRP-GABLE rule-only",TRUE,"AUC",0.837934511234876,331.8,NA,47,47,0,21,26,0,0,0,0.446808510638298,0.553191489361702,1,1.5531914893617
10,"binary",3,"Mixed linear and rule-based","GABLE",TRUE,"AUC",0.799302621471097,7.88999999999999,NA,5,5,0,5,0,0,0,0,1,0,1,1
10,"binary",3,"Mixed linear and rule-based","GBM",TRUE,"AUC",0.849765539978234,0.0600000000000591,NA,NA,NA,NA,NA,NA,NA,NA,NA,NA,NA,NA,NA
10,"binary",3,"Mixed linear and rule-based","Linear",TRUE,"AUC",0.852106139171628,0.0499999999999545,NA,20,0,20,20,0,0,0,0,1,0,1,1
10,"binary",3,"Mixed linear and rule-based","Random forest",TRUE,"AUC",0.846672748223545,0.829999999999927,NA,NA,NA,NA,NA,NA,NA,NA,NA,NA,NA,NA,NA
10,"binary",3,"Mixed linear and rule-based","RuleFit",TRUE,"AUC",0.850689776582805,34.95,NA,77,77,0,0,24,53,0,0,0,0.311688311688312,0.311688311688312,2.68831168831169
11,"binary",3,"Mixed linear and rule-based","BRP-GABLE full",TRUE,"AUC",0.832460984393757,343.34,NA,36,31,5,13,23,0,0,0,0.361111111111111,0.638888888888889,1,1.63888888888889
11,"binary",3,"Mixed linear and rule-based","BRP-GABLE rule-only",TRUE,"AUC",0.826380552220888,340.61,NA,37,37,0,11,26,0,0,0,0.297297297297297,0.702702702702703,1,1.7027027027027
11,"binary",3,"Mixed linear and rule-based","GABLE",TRUE,"AUC",0.766952781112445,7.54000000000019,NA,5,5,0,4,1,0,0,0,0.8,0.2,1,1.2
11,"binary",3,"Mixed linear and rule-based","GBM",TRUE,"AUC",0.844923969587835,0.0699999999999363,NA,NA,NA,NA,NA,NA,NA,NA,NA,NA,NA,NA,NA
11,"binary",3,"Mixed linear and rule-based","Linear",TRUE,"AUC",0.851736694677871,0.00999999999999091,NA,20,0,20,20,0,0,0,0,1,0,1,1
11,"binary",3,"Mixed linear and rule-based","Random forest",TRUE,"AUC",0.852058823529412,0.819999999999936,NA,NA,NA,NA,NA,NA,NA,NA,NA,NA,NA,NA,NA
11,"binary",3,"Mixed linear and rule-based","RuleFit",TRUE,"AUC",0.852486994797919,30.28,NA,56,56,0,0,18,38,0,0,0,0.321428571428571,0.321428571428571,2.67857142857143
12,"binary",3,"Mixed linear and rule-based","BRP-GABLE full",TRUE,"AUC",0.846413817492083,321.76,NA,37,32,5,13,24,0,0,0,0.351351351351351,0.648648648648649,1,1.64864864864865
12,"binary",3,"Mixed linear and rule-based","BRP-GABLE rule-only",TRUE,"AUC",0.83450073138191,323.22,NA,48,48,0,19,29,0,0,0,0.395833333333333,0.604166666666667,1,1.60416666666667
12,"binary",3,"Mixed linear and rule-based","GABLE",TRUE,"AUC",0.792655237819678,7.31999999999994,NA,5,5,0,4,1,0,0,0,0.8,0.2,1,1.2
12,"binary",3,"Mixed linear and rule-based","GBM",TRUE,"AUC",0.853293629743936,0.100000000000136,NA,NA,NA,NA,NA,NA,NA,NA,NA,NA,NA,NA,NA
12,"binary",3,"Mixed linear and rule-based","Linear",TRUE,"AUC",0.838288244844159,0.00999999999999091,NA,20,0,20,20,0,0,0,0,1,0,1,1
12,"binary",3,"Mixed linear and rule-based","Random forest",TRUE,"AUC",0.838318384208581,0.829999999999927,NA,NA,NA,NA,NA,NA,NA,NA,NA,NA,NA,NA,NA
12,"binary",3,"Mixed linear and rule-based","RuleFit",TRUE,"AUC",0.845143945604475,28.6300000000001,NA,72,72,0,0,25,47,0,0,0,0.347222222222222,0.347222222222222,2.65277777777778
13,"binary",3,"Mixed linear and rule-based","BRP-GABLE full",TRUE,"AUC",0.842729044210324,331.61,NA,36,28,8,19,17,0,0,0,0.527777777777778,0.472222222222222,1,1.47222222222222
13,"binary",3,"Mixed linear and rule-based","BRP-GABLE rule-only",TRUE,"AUC",0.82432308067814,330.29,NA,49,49,0,28,21,0,0,0,0.571428571428571,0.428571428571429,1,1.42857142857143
13,"binary",3,"Mixed linear and rule-based","GABLE",TRUE,"AUC",0.79439138280803,7.57000000000016,NA,5,5,0,5,0,0,0,0,1,0,1,1
13,"binary",3,"Mixed linear and rule-based","GBM",TRUE,"AUC",0.836094894745898,0.0599999999999454,NA,NA,NA,NA,NA,NA,NA,NA,NA,NA,NA,NA,NA
13,"binary",3,"Mixed linear and rule-based","Linear",TRUE,"AUC",0.830116957894358,0.0199999999999818,NA,20,0,20,20,0,0,0,0,1,0,1,1
13,"binary",3,"Mixed linear and rule-based","Random forest",TRUE,"AUC",0.815816324489134,0.799999999999955,NA,NA,NA,NA,NA,NA,NA,NA,NA,NA,NA,NA,NA
13,"binary",3,"Mixed linear and rule-based","RuleFit",TRUE,"AUC",0.823538826579812,31.8599999999999,NA,77,77,0,0,35,42,0,0,0,0.454545454545455,0.454545454545455,2.54545454545455
14,"binary",3,"Mixed linear and rule-based","BRP-GABLE full",TRUE,"AUC",0.83684734738939,333.63,NA,40,36,4,26,14,0,0,0,0.65,0.35,1,1.35
14,"binary",3,"Mixed linear and rule-based","BRP-GABLE rule-only",TRUE,"AUC",0.826123304493218,335.08,NA,42,42,0,28,14,0,0,0,0.666666666666667,0.333333333333333,1,1.33333333333333
14,"binary",3,"Mixed linear and rule-based","GABLE",TRUE,"AUC",0.792117168468674,7.75,NA,5,5,0,5,0,0,0,0,1,0,1,1
14,"binary",3,"Mixed linear and rule-based","GBM",TRUE,"AUC",0.841539366157465,0.0799999999999272,NA,NA,NA,NA,NA,NA,NA,NA,NA,NA,NA,NA,NA
14,"binary",3,"Mixed linear and rule-based","Linear",TRUE,"AUC",0.829651318605274,0,NA,20,0,20,20,0,0,0,0,1,0,1,1
14,"binary",3,"Mixed linear and rule-based","Random forest",TRUE,"AUC",0.827697310789243,0.870000000000118,NA,NA,NA,NA,NA,NA,NA,NA,NA,NA,NA,NA,NA
14,"binary",3,"Mixed linear and rule-based","RuleFit",TRUE,"AUC",0.831999327997312,30.8799999999999,NA,69,69,0,0,34,35,0,0,0,0.492753623188406,0.492753623188406,2.50724637681159
15,"binary",3,"Mixed linear and rule-based","BRP-GABLE full",TRUE,"AUC",0.826322115384615,336.92,NA,29,24,5,13,16,0,0,0,0.448275862068966,0.551724137931034,1,1.55172413793103
15,"binary",3,"Mixed linear and rule-based","BRP-GABLE rule-only",TRUE,"AUC",0.812892628205128,338.76,NA,35,35,0,19,16,0,0,0,0.542857142857143,0.457142857142857,1,1.45714285714286
15,"binary",3,"Mixed linear and rule-based","GABLE",TRUE,"AUC",0.792353766025641,8.43999999999983,NA,5,5,0,5,0,0,0,0,1,0,1,1
15,"binary",3,"Mixed linear and rule-based","GBM",TRUE,"AUC",0.827648237179487,0.0599999999999454,NA,NA,NA,NA,NA,NA,NA,NA,NA,NA,NA,NA,NA
15,"binary",3,"Mixed linear and rule-based","Linear",TRUE,"AUC",0.817784455128205,0.0199999999999818,NA,20,0,20,20,0,0,0,0,1,0,1,1
15,"binary",3,"Mixed linear and rule-based","Random forest",TRUE,"AUC",0.826538461538462,0.860000000000127,NA,NA,NA,NA,NA,NA,NA,NA,NA,NA,NA,NA,NA
15,"binary",3,"Mixed linear and rule-based","RuleFit",TRUE,"AUC",0.827744391025641,33.3900000000001,NA,64,64,0,0,22,42,0,0,0,0.34375,0.34375,2.65625
16,"binary",3,"Mixed linear and rule-based","BRP-GABLE full",TRUE,"AUC",0.815025340912273,325.13,NA,43,39,4,23,20,0,0,0,0.534883720930233,0.465116279069767,1,1.46511627906977
16,"binary",3,"Mixed linear and rule-based","BRP-GABLE rule-only",TRUE,"AUC",0.808639111007996,321.71,NA,38,38,0,18,20,0,0,0,0.473684210526316,0.526315789473684,1,1.52631578947368
16,"binary",3,"Mixed linear and rule-based","GABLE",TRUE,"AUC",0.796546675680325,6.8900000000001,NA,5,5,0,4,1,0,0,0,0.8,0.2,1,1.2
16,"binary",3,"Mixed linear and rule-based","GBM",TRUE,"AUC",0.826493753775136,0.0900000000001455,NA,NA,NA,NA,NA,NA,NA,NA,NA,NA,NA,NA,NA
16,"binary",3,"Mixed linear and rule-based","Linear",TRUE,"AUC",0.819181490533659,0.0199999999999818,NA,20,0,20,20,0,0,0,0,1,0,1,1
16,"binary",3,"Mixed linear and rule-based","Random forest",TRUE,"AUC",0.818715473757055,0.809999999999945,NA,NA,NA,NA,NA,NA,NA,NA,NA,NA,NA,NA,NA
16,"binary",3,"Mixed linear and rule-based","RuleFit",TRUE,"AUC",0.819503502126077,26.1599999999999,NA,62,62,0,0,23,39,0,0,0,0.370967741935484,0.370967741935484,2.62903225806452
17,"binary",3,"Mixed linear and rule-based","BRP-GABLE full",TRUE,"AUC",0.837978947368421,316.25,NA,43,36,7,17,26,0,0,0,0.395348837209302,0.604651162790698,1,1.6046511627907
17,"binary",3,"Mixed linear and rule-based","BRP-GABLE rule-only",TRUE,"AUC",0.826466165413534,313.52,NA,39,39,0,13,26,0,0,0,0.333333333333333,0.666666666666667,1,1.66666666666667
17,"binary",3,"Mixed linear and rule-based","GABLE",TRUE,"AUC",0.801950877192982,7.62999999999988,NA,5,5,0,4,1,0,0,0,0.8,0.2,1,1.2
17,"binary",3,"Mixed linear and rule-based","GBM",TRUE,"AUC",0.82873984962406,0.0700000000001637,NA,NA,NA,NA,NA,NA,NA,NA,NA,NA,NA,NA,NA
17,"binary",3,"Mixed linear and rule-based","Linear",TRUE,"AUC",0.822636591478697,0.00999999999999091,NA,20,0,20,20,0,0,0,0,1,0,1,1
17,"binary",3,"Mixed linear and rule-based","Random forest",TRUE,"AUC",0.832146365914787,0.759999999999991,NA,NA,NA,NA,NA,NA,NA,NA,NA,NA,NA,NA,NA
17,"binary",3,"Mixed linear and rule-based","RuleFit",TRUE,"AUC",0.818879197994987,26.54,NA,57,57,0,0,18,39,0,0,0,0.315789473684211,0.315789473684211,2.68421052631579
18,"binary",3,"Mixed linear and rule-based","BRP-GABLE full",TRUE,"AUC",0.85013701370137,328.99,NA,30,25,5,11,19,0,0,0,0.366666666666667,0.633333333333333,1,1.63333333333333
18,"binary",3,"Mixed linear and rule-based","BRP-GABLE rule-only",TRUE,"AUC",0.843176317631763,327.95,NA,35,35,0,16,19,0,0,0,0.457142857142857,0.542857142857143,1,1.54285714285714
18,"binary",3,"Mixed linear and rule-based","GABLE",TRUE,"AUC",0.797305730573057,7.05999999999995,NA,5,5,0,4,1,0,0,0,0.8,0.2,1,1.2
18,"binary",3,"Mixed linear and rule-based","GBM",TRUE,"AUC",0.84988498849885,0.100000000000136,NA,NA,NA,NA,NA,NA,NA,NA,NA,NA,NA,NA,NA
18,"binary",3,"Mixed linear and rule-based","Linear",TRUE,"AUC",0.842196219621962,0.00999999999999091,NA,20,0,20,20,0,0,0,0,1,0,1,1
18,"binary",3,"Mixed linear and rule-based","Random forest",TRUE,"AUC",0.853855385538554,0.809999999999945,NA,NA,NA,NA,NA,NA,NA,NA,NA,NA,NA,NA,NA
18,"binary",3,"Mixed linear and rule-based","RuleFit",TRUE,"AUC",0.852543254325433,31.24,NA,69,69,0,0,31,38,0,0,0,0.449275362318841,0.449275362318841,2.55072463768116
19,"binary",3,"Mixed linear and rule-based","BRP-GABLE full",TRUE,"AUC",0.846123384493538,326.61,NA,36,31,5,15,21,0,0,0,0.416666666666667,0.583333333333333,1,1.58333333333333
19,"binary",3,"Mixed linear and rule-based","BRP-GABLE rule-only",TRUE,"AUC",0.838061352245409,327.24,NA,36,36,0,13,23,0,0,0,0.361111111111111,0.638888888888889,1,1.63888888888889
19,"binary",3,"Mixed linear and rule-based","GABLE",TRUE,"AUC",0.795905183620734,7.37000000000012,NA,5,5,0,4,1,0,0,0,0.8,0.2,1,1.2
19,"binary",3,"Mixed linear and rule-based","GBM",TRUE,"AUC",0.836995347981392,0.0799999999999272,NA,NA,NA,NA,NA,NA,NA,NA,NA,NA,NA,NA,NA
19,"binary",3,"Mixed linear and rule-based","Linear",TRUE,"AUC",0.820959283837135,0.0199999999999818,NA,20,0,20,20,0,0,0,0,1,0,1,1
19,"binary",3,"Mixed linear and rule-based","Random forest",TRUE,"AUC",0.831979327917312,0.809999999999945,NA,NA,NA,NA,NA,NA,NA,NA,NA,NA,NA,NA,NA
19,"binary",3,"Mixed linear and rule-based","RuleFit",TRUE,"AUC",0.844131376525506,29.3199999999999,NA,78,78,0,0,29,49,0,0,0,0.371794871794872,0.371794871794872,2.62820512820513
20,"binary",3,"Mixed linear and rule-based","BRP-GABLE full",TRUE,"AUC",0.849741264679024,324.91,NA,34,30,4,10,24,0,0,0,0.294117647058824,0.705882352941177,1,1.70588235294118
20,"binary",3,"Mixed linear and rule-based","BRP-GABLE rule-only",TRUE,"AUC",0.841849036351111,325.05,NA,34,34,0,9,25,0,0,0,0.264705882352941,0.735294117647059,1,1.73529411764706
20,"binary",3,"Mixed linear and rule-based","GABLE",TRUE,"AUC",0.80883625178231,7.76999999999998,NA,5,5,0,5,0,0,0,0,1,0,1,1
20,"binary",3,"Mixed linear and rule-based","GBM",TRUE,"AUC",0.856634197920505,0.0699999999999363,NA,NA,NA,NA,NA,NA,NA,NA,NA,NA,NA,NA,NA
20,"binary",3,"Mixed linear and rule-based","Linear",TRUE,"AUC",0.857234976529582,0.0199999999999818,NA,20,0,20,20,0,0,0,0,1,0,1,1
20,"binary",3,"Mixed linear and rule-based","Random forest",TRUE,"AUC",0.851862013169067,0.830000000000155,NA,NA,NA,NA,NA,NA,NA,NA,NA,NA,NA,NA,NA
20,"binary",3,"Mixed linear and rule-based","RuleFit",TRUE,"AUC",0.852316602316602,28.26,NA,64,64,0,0,23,41,0,0,0,0.359375,0.359375,2.640625
21,"binary",3,"Mixed linear and rule-based","BRP-GABLE full",TRUE,"AUC",0.828522681653954,335.86,NA,54,47,7,43,11,0,0,0,0.796296296296296,0.203703703703704,1,1.2037037037037
21,"binary",3,"Mixed linear and rule-based","BRP-GABLE rule-only",TRUE,"AUC",0.81835006021678,333.16,NA,45,45,0,35,10,0,0,0,0.777777777777778,0.222222222222222,1,1.22222222222222
21,"binary",3,"Mixed linear and rule-based","GABLE",TRUE,"AUC",0.784150943396226,7.59000000000015,NA,5,5,0,5,0,0,0,0,1,0,1,1
21,"binary",3,"Mixed linear and rule-based","GBM",TRUE,"AUC",0.828414291449217,0.0599999999999454,NA,NA,NA,NA,NA,NA,NA,NA,NA,NA,NA,NA,NA
21,"binary",3,"Mixed linear and rule-based","Linear",TRUE,"AUC",0.82103974307507,0.00999999999999091,NA,20,0,20,20,0,0,0,0,1,0,1,1
21,"binary",3,"Mixed linear and rule-based","Random forest",TRUE,"AUC",0.823767563227619,0.789999999999964,NA,NA,NA,NA,NA,NA,NA,NA,NA,NA,NA,NA,NA
21,"binary",3,"Mixed linear and rule-based","RuleFit",TRUE,"AUC",0.827555198715375,27.8699999999999,NA,71,71,0,0,35,36,0,0,0,0.492957746478873,0.492957746478873,2.50704225352113
22,"binary",3,"Mixed linear and rule-based","BRP-GABLE full",TRUE,"AUC",0.851595650990376,330.14,NA,43,35,8,31,12,0,0,0,0.720930232558139,0.27906976744186,1,1.27906976744186
22,"binary",3,"Mixed linear and rule-based","BRP-GABLE rule-only",TRUE,"AUC",0.84076115674689,328.48,NA,53,53,0,41,12,0,0,0,0.773584905660377,0.226415094339623,1,1.22641509433962
22,"binary",3,"Mixed linear and rule-based","GABLE",TRUE,"AUC",0.809656770908392,7.57999999999993,NA,5,5,0,5,0,0,0,0,1,0,1,1
22,"binary",3,"Mixed linear and rule-based","GBM",TRUE,"AUC",0.842768730684857,0.0800000000001546,NA,NA,NA,NA,NA,NA,NA,NA,NA,NA,NA,NA,NA
22,"binary",3,"Mixed linear and rule-based","Linear",TRUE,"AUC",0.838945733455029,0.00999999999999091,NA,20,0,20,20,0,0,0,0,1,0,1,1
22,"binary",3,"Mixed linear and rule-based","Random forest",TRUE,"AUC",0.834039887271621,0.809999999999945,NA,NA,NA,NA,NA,NA,NA,NA,NA,NA,NA,NA,NA
22,"binary",3,"Mixed linear and rule-based","RuleFit",TRUE,"AUC",0.835242830379017,29.4200000000001,NA,71,71,0,0,31,40,0,0,0,0.436619718309859,0.436619718309859,2.56338028169014
23,"binary",3,"Mixed linear and rule-based","BRP-GABLE full",TRUE,"AUC",0.828432494508892,327,NA,49,42,7,39,10,0,0,0,0.795918367346939,0.204081632653061,1,1.20408163265306
23,"binary",3,"Mixed linear and rule-based","BRP-GABLE rule-only",TRUE,"AUC",0.816113138905954,325.86,NA,44,44,0,34,10,0,0,0,0.772727272727273,0.227272727272727,1,1.22727272727273
23,"binary",3,"Mixed linear and rule-based","GABLE",TRUE,"AUC",0.786226253719297,7.90000000000009,NA,5,5,0,5,0,0,0,0,1,0,1,1
23,"binary",3,"Mixed linear and rule-based","GBM",TRUE,"AUC",0.820843321728725,0.0600000000001728,NA,NA,NA,NA,NA,NA,NA,NA,NA,NA,NA,NA,NA
23,"binary",3,"Mixed linear and rule-based","Linear",TRUE,"AUC",0.823316829894113,0.0199999999999818,NA,20,0,20,20,0,0,0,0,1,0,1,1
23,"binary",3,"Mixed linear and rule-based","Random forest",TRUE,"AUC",0.818839619497348,0.829999999999927,NA,NA,NA,NA,NA,NA,NA,NA,NA,NA,NA,NA,NA
23,"binary",3,"Mixed linear and rule-based","RuleFit",TRUE,"AUC",0.825812422953835,30,NA,62,62,0,1,21,40,0,0,0.0161290322580645,0.338709677419355,0.354838709677419,2.62903225806452
24,"binary",3,"Mixed linear and rule-based","BRP-GABLE full",TRUE,"AUC",0.836228605745171,322.82,NA,36,32,4,13,23,0,0,0,0.361111111111111,0.638888888888889,1,1.63888888888889
24,"binary",3,"Mixed linear and rule-based","BRP-GABLE rule-only",TRUE,"AUC",0.836266639975978,322.5,NA,44,44,0,20,24,0,0,0,0.454545454545455,0.545454545454545,1,1.54545454545455
24,"binary",3,"Mixed linear and rule-based","GABLE",TRUE,"AUC",0.820888799919928,7.88000000000011,NA,5,5,0,5,0,0,0,0,1,0,1,1
24,"binary",3,"Mixed linear and rule-based","GBM",TRUE,"AUC",0.857583825442899,0.0799999999999272,NA,NA,NA,NA,NA,NA,NA,NA,NA,NA,NA,NA,NA
24,"binary",3,"Mixed linear and rule-based","Linear",TRUE,"AUC",0.838226403763387,0.00999999999999091,NA,20,0,20,20,0,0,0,0,1,0,1,1
24,"binary",3,"Mixed linear and rule-based","Random forest",TRUE,"AUC",0.838834951456311,0.809999999999945,NA,NA,NA,NA,NA,NA,NA,NA,NA,NA,NA,NA,NA
24,"binary",3,"Mixed linear and rule-based","RuleFit",TRUE,"AUC",0.841379241317185,29.1399999999999,NA,55,55,0,0,31,24,0,0,0,0.563636363636364,0.563636363636364,2.43636363636364
25,"binary",3,"Mixed linear and rule-based","BRP-GABLE full",TRUE,"AUC",0.857696434004259,315.84,NA,32,27,5,18,14,0,0,0,0.5625,0.4375,1,1.4375
25,"binary",3,"Mixed linear and rule-based","BRP-GABLE rule-only",TRUE,"AUC",0.850835054682871,314.85,NA,45,45,0,28,17,0,0,0,0.622222222222222,0.377777777777778,1,1.37777777777778
25,"binary",3,"Mixed linear and rule-based","GABLE",TRUE,"AUC",0.801712542633425,6.63999999999987,NA,5,5,0,4,1,0,0,0,0.8,0.2,1,1.2
25,"binary",3,"Mixed linear and rule-based","GBM",TRUE,"AUC",0.850642904036765,0.0599999999999454,NA,NA,NA,NA,NA,NA,NA,NA,NA,NA,NA,NA,NA
25,"binary",3,"Mixed linear and rule-based","Linear",TRUE,"AUC",0.838033017886023,0.00999999999999091,NA,20,0,20,20,0,0,0,0,1,0,1,1
25,"binary",3,"Mixed linear and rule-based","Random forest",TRUE,"AUC",0.841627836223599,0.830000000000155,NA,NA,NA,NA,NA,NA,NA,NA,NA,NA,NA,NA,NA
25,"binary",3,"Mixed linear and rule-based","RuleFit",TRUE,"AUC",0.848473202991145,28.6400000000001,NA,68,68,0,0,36,32,0,0,0,0.529411764705882,0.529411764705882,2.47058823529412
26,"binary",3,"Mixed linear and rule-based","BRP-GABLE full",TRUE,"AUC",0.831638513040311,304.55,NA,37,30,7,19,18,0,0,0,0.513513513513513,0.486486486486487,1,1.48648648648649
26,"binary",3,"Mixed linear and rule-based","BRP-GABLE rule-only",TRUE,"AUC",0.818826311934977,302.79,NA,35,35,0,17,18,0,0,0,0.485714285714286,0.514285714285714,1,1.51428571428571
26,"binary",3,"Mixed linear and rule-based","GABLE",TRUE,"AUC",0.745824979289976,6.25,NA,5,5,0,4,1,0,0,0,0.8,0.2,1,1.2
26,"binary",3,"Mixed linear and rule-based","GBM",TRUE,"AUC",0.838045614077213,0.0899999999996908,NA,NA,NA,NA,NA,NA,NA,NA,NA,NA,NA,NA,NA
26,"binary",3,"Mixed linear and rule-based","Linear",TRUE,"AUC",0.840518811104575,0,NA,20,0,20,20,0,0,0,0,1,0,1,1
26,"binary",3,"Mixed linear and rule-based","Random forest",TRUE,"AUC",0.819462619908035,0.769999999999982,NA,NA,NA,NA,NA,NA,NA,NA,NA,NA,NA,NA,NA
26,"binary",3,"Mixed linear and rule-based","RuleFit",TRUE,"AUC",0.8337195202478,26.9100000000003,NA,62,62,0,0,24,38,0,0,0,0.387096774193548,0.387096774193548,2.61290322580645
27,"binary",3,"Mixed linear and rule-based","BRP-GABLE full",TRUE,"AUC",0.834537232438951,320.27,NA,42,35,7,23,19,0,0,0,0.547619047619048,0.452380952380952,1,1.45238095238095
27,"binary",3,"Mixed linear and rule-based","BRP-GABLE rule-only",TRUE,"AUC",0.827836398351924,316.74,NA,38,38,0,19,19,0,0,0,0.5,0.5,1,1.5
27,"binary",3,"Mixed linear and rule-based","GABLE",TRUE,"AUC",0.801782735403477,7.06999999999971,NA,5,5,0,4,1,0,0,0,0.8,0.2,1,1.2
27,"binary",3,"Mixed linear and rule-based","GBM",TRUE,"AUC",0.833451914380464,0.0700000000001637,NA,NA,NA,NA,NA,NA,NA,NA,NA,NA,NA,NA,NA
27,"binary",3,"Mixed linear and rule-based","Linear",TRUE,"AUC",0.830859210129635,0.0100000000002183,NA,20,0,20,20,0,0,0,0,1,0,1,1
27,"binary",3,"Mixed linear and rule-based","Random forest",TRUE,"AUC",0.819867350015074,0.789999999999964,NA,NA,NA,NA,NA,NA,NA,NA,NA,NA,NA,NA,NA
27,"binary",3,"Mixed linear and rule-based","RuleFit",TRUE,"AUC",0.835465782333434,28.04,NA,79,79,0,0,32,47,0,0,0,0.40506329113924,0.40506329113924,2.59493670886076
28,"binary",3,"Mixed linear and rule-based","BRP-GABLE full",TRUE,"AUC",0.84967037717497,328.1,NA,37,30,7,21,16,0,0,0,0.567567567567568,0.432432432432432,1,1.43243243243243
28,"binary",3,"Mixed linear and rule-based","BRP-GABLE rule-only",TRUE,"AUC",0.834041812265091,326.72,NA,42,42,0,25,17,0,0,0,0.595238095238095,0.404761904761905,1,1.4047619047619
28,"binary",3,"Mixed linear and rule-based","GABLE",TRUE,"AUC",0.811136328157835,7.44000000000005,NA,5,5,0,5,0,0,0,0,1,0,1,1
28,"binary",3,"Mixed linear and rule-based","GBM",TRUE,"AUC",0.852422237432504,0.0599999999999454,NA,NA,NA,NA,NA,NA,NA,NA,NA,NA,NA,NA,NA
28,"binary",3,"Mixed linear and rule-based","Linear",TRUE,"AUC",0.84287378267709,0.0199999999999818,NA,20,0,20,20,0,0,0,0,1,0,1,1
28,"binary",3,"Mixed linear and rule-based","Random forest",TRUE,"AUC",0.831864340294039,0.809999999999945,NA,NA,NA,NA,NA,NA,NA,NA,NA,NA,NA,NA,NA
28,"binary",3,"Mixed linear and rule-based","RuleFit",TRUE,"AUC",0.834622204610317,28.27,NA,60,60,0,0,16,44,0,0,0,0.266666666666667,0.266666666666667,2.73333333333333
29,"binary",3,"Mixed linear and rule-based","BRP-GABLE full",TRUE,"AUC",0.838884799411115,319.61,NA,46,41,5,27,19,0,0,0,0.58695652173913,0.41304347826087,1,1.41304347826087
29,"binary",3,"Mixed linear and rule-based","BRP-GABLE rule-only",TRUE,"AUC",0.829475444464003,318.18,NA,48,48,0,29,19,0,0,0,0.604166666666667,0.395833333333333,1,1.39583333333333
29,"binary",3,"Mixed linear and rule-based","GABLE",TRUE,"AUC",0.791541982045415,7.46000000000004,NA,5,5,0,4,1,0,0,0,0.8,0.2,1,1.2
29,"binary",3,"Mixed linear and rule-based","GBM",TRUE,"AUC",0.831083676049351,0.0599999999999454,NA,NA,NA,NA,NA,NA,NA,NA,NA,NA,NA,NA,NA
29,"binary",3,"Mixed linear and rule-based","Linear",TRUE,"AUC",0.835384295338529,0.0100000000002183,NA,20,0,20,20,0,0,0,0,1,0,1,1
29,"binary",3,"Mixed linear and rule-based","Random forest",TRUE,"AUC",0.825818917924181,0.829999999999927,NA,NA,NA,NA,NA,NA,NA,NA,NA,NA,NA,NA,NA
29,"binary",3,"Mixed linear and rule-based","RuleFit",TRUE,"AUC",0.830279560256677,28.3899999999999,NA,80,80,0,2,29,49,0,0,0.025,0.3625,0.3875,2.5875
30,"binary",3,"Mixed linear and rule-based","BRP-GABLE full",TRUE,"AUC",0.852442556323605,315.57,NA,40,34,6,22,18,0,0,0,0.55,0.45,1,1.45
30,"binary",3,"Mixed linear and rule-based","BRP-GABLE rule-only",TRUE,"AUC",0.848804323476703,317.67,NA,48,48,0,30,18,0,0,0,0.625,0.375,1,1.375
30,"binary",3,"Mixed linear and rule-based","GABLE",TRUE,"AUC",0.812606006784434,7.44999999999982,NA,5,5,0,5,0,0,0,0,1,0,1,1
30,"binary",3,"Mixed linear and rule-based","GBM",TRUE,"AUC",0.842885944700461,0.0900000000001455,NA,NA,NA,NA,NA,NA,NA,NA,NA,NA,NA,NA,NA
30,"binary",3,"Mixed linear and rule-based","Linear",TRUE,"AUC",0.840493791602663,0.0199999999999818,NA,20,0,20,20,0,0,0,0,1,0,1,1
30,"binary",3,"Mixed linear and rule-based","Random forest",TRUE,"AUC",0.840095766129032,0.829999999999927,NA,NA,NA,NA,NA,NA,NA,NA,NA,NA,NA,NA,NA
30,"binary",3,"Mixed linear and rule-based","RuleFit",TRUE,"AUC",0.85762688812084,28.1000000000004,NA,65,65,0,0,25,40,0,0,0,0.384615384615385,0.384615384615385,2.61538461538462
31,"binary",3,"Mixed linear and rule-based","BRP-GABLE full",TRUE,"AUC",0.839730363470364,318.7,NA,35,30,5,8,27,0,0,0,0.228571428571429,0.771428571428571,1,1.77142857142857
31,"binary",3,"Mixed linear and rule-based","BRP-GABLE rule-only",TRUE,"AUC",0.834278509115919,316.54,NA,39,39,0,10,29,0,0,0,0.256410256410256,0.743589743589744,1,1.74358974358974
31,"binary",3,"Mixed linear and rule-based","GABLE",TRUE,"AUC",0.789583760673448,6.97000000000025,NA,5,5,0,4,1,0,0,0,0.8,0.2,1,1.2
31,"binary",3,"Mixed linear and rule-based","GBM",TRUE,"AUC",0.841759474884467,0.080000000000382,NA,NA,NA,NA,NA,NA,NA,NA,NA,NA,NA,NA,NA
31,"binary",3,"Mixed linear and rule-based","Linear",TRUE,"AUC",0.826409417972819,0.0199999999999818,NA,20,0,20,20,0,0,0,0,1,0,1,1
31,"binary",3,"Mixed linear and rule-based","Random forest",TRUE,"AUC",0.833580687846648,0.779999999999745,NA,NA,NA,NA,NA,NA,NA,NA,NA,NA,NA,NA,NA
31,"binary",3,"Mixed linear and rule-based","RuleFit",TRUE,"AUC",0.837144201648226,27.5,NA,67,67,0,0,27,40,0,0,0,0.402985074626866,0.402985074626866,2.59701492537313
32,"binary",3,"Mixed linear and rule-based","BRP-GABLE full",TRUE,"AUC",0.818541854185419,324.55,NA,41,36,5,21,20,0,0,0,0.51219512195122,0.48780487804878,1,1.48780487804878
32,"binary",3,"Mixed linear and rule-based","BRP-GABLE rule-only",TRUE,"AUC",0.810601060106011,322.4,NA,41,41,0,21,20,0,0,0,0.51219512195122,0.48780487804878,1,1.48780487804878
32,"binary",3,"Mixed linear and rule-based","GABLE",TRUE,"AUC",0.798573857385739,7.2199999999998,NA,5,5,0,5,0,0,0,0,1,0,1,1
32,"binary",3,"Mixed linear and rule-based","GBM",TRUE,"AUC",0.827738773877388,0.0799999999999272,NA,NA,NA,NA,NA,NA,NA,NA,NA,NA,NA,NA,NA
32,"binary",3,"Mixed linear and rule-based","Linear",TRUE,"AUC",0.822322232223222,0,NA,20,0,20,20,0,0,0,0,1,0,1,1
32,"binary",3,"Mixed linear and rule-based","Random forest",TRUE,"AUC",0.811179117911791,0.800000000000182,NA,NA,NA,NA,NA,NA,NA,NA,NA,NA,NA,NA,NA
32,"binary",3,"Mixed linear and rule-based","RuleFit",TRUE,"AUC",0.815287528752875,27.9200000000001,NA,52,52,0,0,24,28,0,0,0,0.461538461538462,0.461538461538462,2.53846153846154
33,"binary",3,"Mixed linear and rule-based","BRP-GABLE full",TRUE,"AUC",0.834712432731338,321.98,NA,33,28,5,10,23,0,0,0,0.303030303030303,0.696969696969697,1,1.6969696969697
33,"binary",3,"Mixed linear and rule-based","BRP-GABLE rule-only",TRUE,"AUC",0.829369006928221,321.03,NA,30,30,0,5,25,0,0,0,0.166666666666667,0.833333333333333,1,1.83333333333333
33,"binary",3,"Mixed linear and rule-based","GABLE",TRUE,"AUC",0.786783886776273,7.57999999999993,NA,5,5,0,5,0,0,0,0,1,0,1,1
33,"binary",3,"Mixed linear and rule-based","GBM",TRUE,"AUC",0.836856214362135,0.069999999999709,NA,NA,NA,NA,NA,NA,NA,NA,NA,NA,NA,NA,NA
33,"binary",3,"Mixed linear and rule-based","Linear",TRUE,"AUC",0.822691227325001,0,NA,20,0,20,20,0,0,0,0,1,0,1,1
33,"binary",3,"Mixed linear and rule-based","Random forest",TRUE,"AUC",0.830571127468855,0.800000000000182,NA,NA,NA,NA,NA,NA,NA,NA,NA,NA,NA,NA,NA
33,"binary",3,"Mixed linear and rule-based","RuleFit",TRUE,"AUC",0.83003017322557,27.2199999999998,NA,59,59,0,0,29,30,0,0,0,0.491525423728814,0.491525423728814,2.50847457627119
34,"binary",3,"Mixed linear and rule-based","BRP-GABLE full",TRUE,"AUC",0.857836052447203,318.9,NA,40,32,8,23,17,0,0,0,0.575,0.425,1,1.425
34,"binary",3,"Mixed linear and rule-based","BRP-GABLE rule-only",TRUE,"AUC",0.842628365528976,318.26,NA,45,45,0,27,18,0,0,0,0.6,0.4,1,1.4
34,"binary",3,"Mixed linear and rule-based","GABLE",TRUE,"AUC",0.814579121209088,7.51999999999998,NA,5,5,0,5,0,0,0,0,1,0,1,1
34,"binary",3,"Mixed linear and rule-based","GBM",TRUE,"AUC",0.859169252327094,0.0799999999999272,NA,NA,NA,NA,NA,NA,NA,NA,NA,NA,NA,NA,NA
34,"binary",3,"Mixed linear and rule-based","Linear",TRUE,"AUC",0.843222900610549,0.0100000000002183,NA,20,0,20,20,0,0,0,0,1,0,1,1
34,"binary",3,"Mixed linear and rule-based","Random forest",TRUE,"AUC",0.858362526273646,0.7800000000002,NA,NA,NA,NA,NA,NA,NA,NA,NA,NA,NA,NA,NA
34,"binary",3,"Mixed linear and rule-based","RuleFit",TRUE,"AUC",0.860718646782104,29.4299999999998,NA,87,87,0,1,32,54,0,0,0.0114942528735632,0.367816091954023,0.379310344827586,2.60919540229885
35,"binary",3,"Mixed linear and rule-based","BRP-GABLE full",TRUE,"AUC",0.848064903846154,322.33,NA,35,30,5,16,19,0,0,0,0.457142857142857,0.542857142857143,1,1.54285714285714
35,"binary",3,"Mixed linear and rule-based","BRP-GABLE rule-only",TRUE,"AUC",0.836322115384615,323.01,NA,39,39,0,21,18,0,0,0,0.538461538461538,0.461538461538462,1,1.46153846153846
35,"binary",3,"Mixed linear and rule-based","GABLE",TRUE,"AUC",0.791051682692308,7.51999999999998,NA,5,5,0,5,0,0,0,0,1,0,1,1
35,"binary",3,"Mixed linear and rule-based","GBM",TRUE,"AUC",0.837960737179487,0.0899999999996908,NA,NA,NA,NA,NA,NA,NA,NA,NA,NA,NA,NA,NA
35,"binary",3,"Mixed linear and rule-based","Linear",TRUE,"AUC",0.829827724358974,0.0199999999999818,NA,20,0,20,20,0,0,0,0,1,0,1,1
35,"binary",3,"Mixed linear and rule-based","Random forest",TRUE,"AUC",0.841708733974359,0.840000000000146,NA,NA,NA,NA,NA,NA,NA,NA,NA,NA,NA,NA,NA
35,"binary",3,"Mixed linear and rule-based","RuleFit",TRUE,"AUC",0.84119391025641,30.8600000000001,NA,75,75,0,0,21,54,0,0,0,0.28,0.28,2.72
36,"binary",3,"Mixed linear and rule-based","BRP-GABLE full",TRUE,"AUC",0.844109551775456,323.89,NA,42,36,6,20,22,0,0,0,0.476190476190476,0.523809523809524,1,1.52380952380952
36,"binary",3,"Mixed linear and rule-based","BRP-GABLE rule-only",TRUE,"AUC",0.835002240322607,324.1,NA,47,47,0,25,22,0,0,0,0.531914893617021,0.468085106382979,1,1.46808510638298
36,"binary",3,"Mixed linear and rule-based","GABLE",TRUE,"AUC",0.799303099646349,6.88999999999987,NA,5,5,0,5,0,0,0,0,1,0,1,1
36,"binary",3,"Mixed linear and rule-based","GBM",TRUE,"AUC",0.841241138723976,0.110000000000127,NA,NA,NA,NA,NA,NA,NA,NA,NA,NA,NA,NA,NA
36,"binary",3,"Mixed linear and rule-based","Linear",TRUE,"AUC",0.822534444960074,0.00999999999976353,NA,20,0,20,20,0,0,0,0,1,0,1,1
36,"binary",3,"Mixed linear and rule-based","Random forest",TRUE,"AUC",0.832155830439583,0.800000000000182,NA,NA,NA,NA,NA,NA,NA,NA,NA,NA,NA,NA,NA
36,"binary",3,"Mixed linear and rule-based","RuleFit",TRUE,"AUC",0.842649341505177,26.8099999999999,NA,63,63,0,0,23,40,0,0,0,0.365079365079365,0.365079365079365,2.63492063492063
37,"binary",3,"Mixed linear and rule-based","BRP-GABLE full",TRUE,"AUC",0.811390224358974,324.19,NA,55,50,5,23,32,0,0,0,0.418181818181818,0.581818181818182,1,1.58181818181818
37,"binary",3,"Mixed linear and rule-based","BRP-GABLE rule-only",TRUE,"AUC",0.806961137820513,320.28,NA,53,53,0,22,31,0,0,0,0.415094339622642,0.584905660377358,1,1.58490566037736
37,"binary",3,"Mixed linear and rule-based","GABLE",TRUE,"AUC",0.786694711538461,7.63999999999987,NA,5,5,0,5,0,0,0,0,1,0,1,1
37,"binary",3,"Mixed linear and rule-based","GBM",TRUE,"AUC",0.832459935897436,0.0799999999999272,NA,NA,NA,NA,NA,NA,NA,NA,NA,NA,NA,NA,NA
37,"binary",3,"Mixed linear and rule-based","Linear",TRUE,"AUC",0.817652243589744,0.00999999999976353,NA,20,0,20,20,0,0,0,0,1,0,1,1
37,"binary",3,"Mixed linear and rule-based","Random forest",TRUE,"AUC",0.812439903846154,0.990000000000236,NA,NA,NA,NA,NA,NA,NA,NA,NA,NA,NA,NA,NA
37,"binary",3,"Mixed linear and rule-based","RuleFit",TRUE,"AUC",0.814375,26.25,NA,61,61,0,2,21,38,0,0,0.0327868852459016,0.344262295081967,0.377049180327869,2.59016393442623
38,"binary",3,"Mixed linear and rule-based","BRP-GABLE full",TRUE,"AUC",0.849713740458015,324.17,NA,39,32,7,23,16,0,0,0,0.58974358974359,0.41025641025641,1,1.41025641025641
38,"binary",3,"Mixed linear and rule-based","BRP-GABLE rule-only",TRUE,"AUC",0.841095884918853,324.79,NA,41,41,0,24,17,0,0,0,0.585365853658537,0.414634146341463,1,1.41463414634146
38,"binary",3,"Mixed linear and rule-based","GABLE",TRUE,"AUC",0.816010087241003,7.4699999999998,NA,5,5,0,5,0,0,0,0,1,0,1,1
38,"binary",3,"Mixed linear and rule-based","GBM",TRUE,"AUC",0.84888984219642,0.0900000000001455,NA,NA,NA,NA,NA,NA,NA,NA,NA,NA,NA,NA,NA
38,"binary",3,"Mixed linear and rule-based","Linear",TRUE,"AUC",0.8365313682725,0.0199999999999818,NA,20,0,20,20,0,0,0,0,1,0,1,1
38,"binary",3,"Mixed linear and rule-based","Random forest",TRUE,"AUC",0.834558823529412,0.860000000000127,NA,NA,NA,NA,NA,NA,NA,NA,NA,NA,NA,NA,NA
38,"binary",3,"Mixed linear and rule-based","RuleFit",TRUE,"AUC",0.844064725126692,27.7400000000002,NA,69,69,0,1,25,43,0,0,0.0144927536231884,0.36231884057971,0.376811594202899,2.60869565217391
39,"binary",3,"Mixed linear and rule-based","BRP-GABLE full",TRUE,"AUC",0.836756436341499,318.39,NA,50,41,9,39,11,0,0,0,0.78,0.22,1,1.22
39,"binary",3,"Mixed linear and rule-based","BRP-GABLE rule-only",TRUE,"AUC",0.816343981800413,316.97,NA,42,42,0,30,12,0,0,0,0.714285714285714,0.285714285714286,1,1.28571428571429
39,"binary",3,"Mixed linear and rule-based","GABLE",TRUE,"AUC",0.796185856870504,7.5600000000004,NA,5,5,0,5,0,0,0,0,1,0,1,1
39,"binary",3,"Mixed linear and rule-based","GBM",TRUE,"AUC",0.837056825646037,0.0999999999999091,NA,NA,NA,NA,NA,NA,NA,NA,NA,NA,NA,NA,NA
39,"binary",3,"Mixed linear and rule-based","Linear",TRUE,"AUC",0.831237283519441,0.0100000000002183,NA,20,0,20,20,0,0,0,0,1,0,1,1
39,"binary",3,"Mixed linear and rule-based","Random forest",TRUE,"AUC",0.825265544145212,0.779999999999745,NA,NA,NA,NA,NA,NA,NA,NA,NA,NA,NA,NA,NA
39,"binary",3,"Mixed linear and rule-based","RuleFit",TRUE,"AUC",0.833522244829299,28,NA,64,64,0,0,40,24,0,0,0,0.625,0.625,2.375
40,"binary",3,"Mixed linear and rule-based","BRP-GABLE full",TRUE,"AUC",0.83285721144613,314.97,NA,45,41,4,19,26,0,0,0,0.422222222222222,0.577777777777778,1,1.57777777777778
40,"binary",3,"Mixed linear and rule-based","BRP-GABLE rule-only",TRUE,"AUC",0.824118974457461,316.18,NA,44,44,0,18,26,0,0,0,0.409090909090909,0.590909090909091,1,1.59090909090909
40,"binary",3,"Mixed linear and rule-based","GABLE",TRUE,"AUC",0.789640147877857,6.94000000000005,NA,5,5,0,5,0,0,0,0,1,0,1,1
40,"binary",3,"Mixed linear and rule-based","GBM",TRUE,"AUC",0.848037097496959,0.069999999999709,NA,NA,NA,NA,NA,NA,NA,NA,NA,NA,NA,NA,NA
40,"binary",3,"Mixed linear and rule-based","Linear",TRUE,"AUC",0.832253056782536,0.0199999999999818,NA,20,0,20,20,0,0,0,0,1,0,1,1
40,"binary",3,"Mixed linear and rule-based","Random forest",TRUE,"AUC",0.822228490493566,0.829999999999927,NA,NA,NA,NA,NA,NA,NA,NA,NA,NA,NA,NA,NA
40,"binary",3,"Mixed linear and rule-based","RuleFit",TRUE,"AUC",0.829460341847513,28.5500000000002,NA,61,61,0,0,25,36,0,0,0,0.409836065573771,0.409836065573771,2.59016393442623
41,"binary",3,"Mixed linear and rule-based","BRP-GABLE full",TRUE,"AUC",0.814592821861569,306.43,NA,38,32,6,18,20,0,0,0,0.473684210526316,0.526315789473684,1,1.52631578947368
41,"binary",3,"Mixed linear and rule-based","BRP-GABLE rule-only",TRUE,"AUC",0.809645423054718,307.5,NA,46,46,0,22,24,0,0,0,0.478260869565217,0.521739130434783,1,1.52173913043478
41,"binary",3,"Mixed linear and rule-based","GABLE",TRUE,"AUC",0.773534222849445,7.40000000000009,NA,5,5,0,5,0,0,0,0,1,0,1,1
41,"binary",3,"Mixed linear and rule-based","GBM",TRUE,"AUC",0.820370132785939,0.0700000000001637,NA,NA,NA,NA,NA,NA,NA,NA,NA,NA,NA,NA,NA
41,"binary",3,"Mixed linear and rule-based","Linear",TRUE,"AUC",0.820173680159087,0,NA,20,0,20,20,0,0,0,0,1,0,1,1
41,"binary",3,"Mixed linear and rule-based","Random forest",TRUE,"AUC",0.81355442940535,0.789999999999964,NA,NA,NA,NA,NA,NA,NA,NA,NA,NA,NA,NA,NA
41,"binary",3,"Mixed linear and rule-based","RuleFit",TRUE,"AUC",0.824816376932452,27.5599999999999,NA,57,57,0,0,17,40,0,0,0,0.298245614035088,0.298245614035088,2.70175438596491
42,"binary",3,"Mixed linear and rule-based","BRP-GABLE full",TRUE,"AUC",0.812681026067754,328.69,NA,48,41,7,28,20,0,0,0,0.583333333333333,0.416666666666667,1,1.41666666666667
42,"binary",3,"Mixed linear and rule-based","BRP-GABLE rule-only",TRUE,"AUC",0.799311100798515,324.74,NA,39,39,0,19,20,0,0,0,0.487179487179487,0.512820512820513,1,1.51282051282051
42,"binary",3,"Mixed linear and rule-based","GABLE",TRUE,"AUC",0.786901313789186,7.2199999999998,NA,5,5,0,5,0,0,0,0,1,0,1,1
42,"binary",3,"Mixed linear and rule-based","GBM",TRUE,"AUC",0.810772751276184,0.0900000000001455,NA,NA,NA,NA,NA,NA,NA,NA,NA,NA,NA,NA,NA
42,"binary",3,"Mixed linear and rule-based","Linear",TRUE,"AUC",0.817509721399882,0.0199999999999818,NA,20,0,20,20,0,0,0,0,1,0,1,1
42,"binary",3,"Mixed linear and rule-based","Random forest",TRUE,"AUC",0.804229809092509,0.800000000000182,NA,NA,NA,NA,NA,NA,NA,NA,NA,NA,NA,NA,NA
42,"binary",3,"Mixed linear and rule-based","RuleFit",TRUE,"AUC",0.80808836472452,26.9499999999998,NA,61,61,0,0,21,40,0,0,0,0.344262295081967,0.344262295081967,2.65573770491803
43,"binary",3,"Mixed linear and rule-based","BRP-GABLE full",TRUE,"AUC",0.841555366221465,324.33,NA,34,28,6,12,22,0,0,0,0.352941176470588,0.647058823529412,1,1.64705882352941
43,"binary",3,"Mixed linear and rule-based","BRP-GABLE rule-only",TRUE,"AUC",0.826585306341225,322.53,NA,38,38,0,14,24,0,0,0,0.368421052631579,0.631578947368421,1,1.63157894736842
43,"binary",3,"Mixed linear and rule-based","GABLE",TRUE,"AUC",0.790125160500642,7.09999999999991,NA,5,5,0,5,0,0,0,0,1,0,1,1
43,"binary",3,"Mixed linear and rule-based","GBM",TRUE,"AUC",0.851135404541618,0.0799999999999272,NA,NA,NA,NA,NA,NA,NA,NA,NA,NA,NA,NA,NA
43,"binary",3,"Mixed linear and rule-based","Linear",TRUE,"AUC",0.842615370461482,0.0100000000002183,NA,20,0,20,20,0,0,0,0,1,0,1,1
43,"binary",3,"Mixed linear and rule-based","Random forest",TRUE,"AUC",0.841103364413458,0.809999999999945,NA,NA,NA,NA,NA,NA,NA,NA,NA,NA,NA,NA,NA
43,"binary",3,"Mixed linear and rule-based","RuleFit",TRUE,"AUC",0.849441397765591,28.6500000000001,NA,77,77,0,0,38,39,0,0,0,0.493506493506494,0.493506493506494,2.50649350649351
44,"binary",3,"Mixed linear and rule-based","BRP-GABLE full",TRUE,"AUC",0.827931311725247,321.150000000001,NA,35,30,5,17,18,0,0,0,0.485714285714286,0.514285714285714,1,1.51428571428571
44,"binary",3,"Mixed linear and rule-based","BRP-GABLE rule-only",TRUE,"AUC",0.818373273493094,321.92,NA,30,30,0,12,18,0,0,0,0.4,0.6,1,1.6
44,"binary",3,"Mixed linear and rule-based","GABLE",TRUE,"AUC",0.786657146628587,7.98000000000002,NA,5,5,0,4,1,0,0,0,0.8,0.2,1,1.2
44,"binary",3,"Mixed linear and rule-based","GBM",TRUE,"AUC",0.832811331245325,0.0899999999996908,NA,NA,NA,NA,NA,NA,NA,NA,NA,NA,NA,NA,NA
44,"binary",3,"Mixed linear and rule-based","Linear",TRUE,"AUC",0.82437129748519,0.0199999999999818,NA,20,0,20,20,0,0,0,0,1,0,1,1
44,"binary",3,"Mixed linear and rule-based","Random forest",TRUE,"AUC",0.823933295733183,0.820000000000164,NA,NA,NA,NA,NA,NA,NA,NA,NA,NA,NA,NA,NA
44,"binary",3,"Mixed linear and rule-based","RuleFit",TRUE,"AUC",0.816615266461066,28.5799999999999,NA,55,55,0,0,31,24,0,0,0,0.563636363636364,0.563636363636364,2.43636363636364
45,"binary",3,"Mixed linear and rule-based","BRP-GABLE full",TRUE,"AUC",0.868015112865188,323.46,NA,39,34,5,19,20,0,0,0,0.487179487179487,0.512820512820513,1,1.51282051282051
45,"binary",3,"Mixed linear and rule-based","BRP-GABLE rule-only",TRUE,"AUC",0.864301070093533,324.54,NA,48,48,0,23,25,0,0,0,0.479166666666667,0.520833333333333,1,1.52083333333333
45,"binary",3,"Mixed linear and rule-based","GABLE",TRUE,"AUC",0.816243121400266,7.80999999999995,NA,5,5,0,5,0,0,0,0,1,0,1,1
45,"binary",3,"Mixed linear and rule-based","GBM",TRUE,"AUC",0.865255651281064,0.0799999999999272,NA,NA,NA,NA,NA,NA,NA,NA,NA,NA,NA,NA,NA
45,"binary",3,"Mixed linear and rule-based","Linear",TRUE,"AUC",0.848193515265277,0.0100000000002183,NA,20,0,20,20,0,0,0,0,1,0,1,1
45,"binary",3,"Mixed linear and rule-based","Random forest",TRUE,"AUC",0.854422358056184,0.829999999999927,NA,NA,NA,NA,NA,NA,NA,NA,NA,NA,NA,NA,NA
45,"binary",3,"Mixed linear and rule-based","RuleFit",TRUE,"AUC",0.866627360382474,29.3200000000002,NA,86,86,0,2,47,37,0,0,0.0232558139534884,0.546511627906977,0.569767441860465,2.40697674418605
46,"binary",3,"Mixed linear and rule-based","BRP-GABLE full",TRUE,"AUC",0.834891228070175,326.42,NA,39,34,5,20,19,0,0,0,0.512820512820513,0.487179487179487,1,1.48717948717949
46,"binary",3,"Mixed linear and rule-based","BRP-GABLE rule-only",TRUE,"AUC",0.818780952380952,325.599999999999,NA,43,43,0,23,20,0,0,0,0.534883720930233,0.465116279069767,1,1.46511627906977
46,"binary",3,"Mixed linear and rule-based","GABLE",TRUE,"AUC",0.784421052631579,7.35000000000036,NA,5,5,0,4,1,0,0,0,0.8,0.2,1,1.2
46,"binary",3,"Mixed linear and rule-based","GBM",TRUE,"AUC",0.832577443609023,0.0700000000001637,NA,NA,NA,NA,NA,NA,NA,NA,NA,NA,NA,NA,NA
46,"binary",3,"Mixed linear and rule-based","Linear",TRUE,"AUC",0.838929323308271,0.00999999999976353,NA,20,0,20,20,0,0,0,0,1,0,1,1
46,"binary",3,"Mixed linear and rule-based","Random forest",TRUE,"AUC",0.828816040100251,0.759999999999764,NA,NA,NA,NA,NA,NA,NA,NA,NA,NA,NA,NA,NA
46,"binary",3,"Mixed linear and rule-based","RuleFit",TRUE,"AUC",0.826434085213033,27.04,NA,65,65,0,1,29,35,0,0,0.0153846153846154,0.446153846153846,0.461538461538462,2.52307692307692
47,"binary",3,"Mixed linear and rule-based","BRP-GABLE full",TRUE,"AUC",0.837333183806213,319.29,NA,40,37,3,18,22,0,0,0,0.45,0.55,1,1.55
47,"binary",3,"Mixed linear and rule-based","BRP-GABLE rule-only",TRUE,"AUC",0.832172495554238,317.54,NA,51,51,0,28,23,0,0,0,0.549019607843137,0.450980392156863,1,1.45098039215686
47,"binary",3,"Mixed linear and rule-based","GABLE",TRUE,"AUC",0.790981111520531,7.51999999999998,NA,5,5,0,5,0,0,0,0,1,0,1,1
47,"binary",3,"Mixed linear and rule-based","GBM",TRUE,"AUC",0.840373123568144,0.0599999999999454,NA,NA,NA,NA,NA,NA,NA,NA,NA,NA,NA,NA,NA
47,"binary",3,"Mixed linear and rule-based","Linear",TRUE,"AUC",0.845307518544033,0.0199999999999818,NA,20,0,20,20,0,0,0,0,1,0,1,1
47,"binary",3,"Mixed linear and rule-based","Random forest",TRUE,"AUC",0.833952802832471,0.809999999999945,NA,NA,NA,NA,NA,NA,NA,NA,NA,NA,NA,NA,NA
47,"binary",3,"Mixed linear and rule-based","RuleFit",TRUE,"AUC",0.842315641070828,27.7600000000002,NA,52,52,0,0,21,31,0,0,0,0.403846153846154,0.403846153846154,2.59615384615385
48,"binary",3,"Mixed linear and rule-based","BRP-GABLE full",TRUE,"AUC",0.812791512361125,326.11,NA,33,29,4,19,14,0,0,0,0.575757575757576,0.424242424242424,1,1.42424242424242
48,"binary",3,"Mixed linear and rule-based","BRP-GABLE rule-only",TRUE,"AUC",0.799179261335202,324.79,NA,34,34,0,22,12,0,0,0,0.647058823529412,0.352941176470588,1,1.35294117647059
48,"binary",3,"Mixed linear and rule-based","GABLE",TRUE,"AUC",0.780034030627565,7.48999999999978,NA,5,5,0,5,0,0,0,0,1,0,1,1
48,"binary",3,"Mixed linear and rule-based","GBM",TRUE,"AUC",0.819885897307577,0.0799999999999272,NA,NA,NA,NA,NA,NA,NA,NA,NA,NA,NA,NA,NA
48,"binary",3,"Mixed linear and rule-based","Linear",TRUE,"AUC",0.830619557601842,0,NA,20,0,20,20,0,0,0,0,1,0,1,1
48,"binary",3,"Mixed linear and rule-based","Random forest",TRUE,"AUC",0.816156540886798,0.820000000000164,NA,NA,NA,NA,NA,NA,NA,NA,NA,NA,NA,NA,NA
48,"binary",3,"Mixed linear and rule-based","RuleFit",TRUE,"AUC",0.816823140826744,27.48,NA,66,66,0,0,30,36,0,0,0,0.454545454545455,0.454545454545455,2.54545454545455
49,"binary",3,"Mixed linear and rule-based","BRP-GABLE full",TRUE,"AUC",0.850626622558412,317.96,NA,41,34,7,13,28,0,0,0,0.317073170731707,0.682926829268293,1,1.68292682926829
49,"binary",3,"Mixed linear and rule-based","BRP-GABLE rule-only",TRUE,"AUC",0.838754195151025,315.25,NA,35,35,0,8,27,0,0,0,0.228571428571429,0.771428571428571,1,1.77142857142857
49,"binary",3,"Mixed linear and rule-based","GABLE",TRUE,"AUC",0.792326523754855,7.47000000000025,NA,5,5,0,5,0,0,0,0,1,0,1,1
49,"binary",3,"Mixed linear and rule-based","GBM",TRUE,"AUC",0.849482581372929,0.0599999999999454,NA,NA,NA,NA,NA,NA,NA,NA,NA,NA,NA,NA,NA
49,"binary",3,"Mixed linear and rule-based","Linear",TRUE,"AUC",0.841786304306955,0.0100000000002183,NA,20,0,20,20,0,0,0,0,1,0,1,1
49,"binary",3,"Mixed linear and rule-based","Random forest",TRUE,"AUC",0.845248428943442,0.799999999999727,NA,NA,NA,NA,NA,NA,NA,NA,NA,NA,NA,NA,NA
49,"binary",3,"Mixed linear and rule-based","RuleFit",TRUE,"AUC",0.84878855638803,28.25,NA,56,56,0,0,34,22,0,0,0,0.607142857142857,0.607142857142857,2.39285714285714
50,"binary",3,"Mixed linear and rule-based","BRP-GABLE full",TRUE,"AUC",0.825443514661096,319.52,NA,42,37,5,21,21,0,0,0,0.5,0.5,1,1.5
50,"binary",3,"Mixed linear and rule-based","BRP-GABLE rule-only",TRUE,"AUC",0.813369670920726,320.72,NA,42,42,0,21,21,0,0,0,0.5,0.5,1,1.5
50,"binary",3,"Mixed linear and rule-based","GABLE",TRUE,"AUC",0.789950335962606,7.69000000000005,NA,5,5,0,5,0,0,0,0,1,0,1,1
50,"binary",3,"Mixed linear and rule-based","GBM",TRUE,"AUC",0.828248872454268,0.0799999999999272,NA,NA,NA,NA,NA,NA,NA,NA,NA,NA,NA,NA,NA
50,"binary",3,"Mixed linear and rule-based","Linear",TRUE,"AUC",0.842403723402127,0.0100000000002183,NA,20,0,20,20,0,0,0,0,1,0,1,1
50,"binary",3,"Mixed linear and rule-based","Random forest",TRUE,"AUC",0.822566122003049,0.860000000000127,NA,NA,NA,NA,NA,NA,NA,NA,NA,NA,NA,NA,NA
50,"binary",3,"Mixed linear and rule-based","RuleFit",TRUE,"AUC",0.829503479684167,29.1799999999998,NA,63,63,0,0,26,37,0,0,0,0.412698412698413,0.412698412698413,2.58730158730159
51,"binary",3,"Mixed linear and rule-based","BRP-GABLE full",TRUE,"AUC",0.834939903846154,325.94,NA,34,29,5,21,13,0,0,0,0.617647058823529,0.382352941176471,1,1.38235294117647
51,"binary",3,"Mixed linear and rule-based","BRP-GABLE rule-only",TRUE,"AUC",0.824913862179487,325.04,NA,39,39,0,28,11,0,0,0,0.717948717948718,0.282051282051282,1,1.28205128205128
51,"binary",3,"Mixed linear and rule-based","GABLE",TRUE,"AUC",0.789304887820513,7.82000000000016,NA,5,5,0,5,0,0,0,0,1,0,1,1
51,"binary",3,"Mixed linear and rule-based","GBM",TRUE,"AUC",0.817471955128205,0.0599999999999454,NA,NA,NA,NA,NA,NA,NA,NA,NA,NA,NA,NA,NA
51,"binary",3,"Mixed linear and rule-based","Linear",TRUE,"AUC",0.815793269230769,0.0199999999999818,NA,20,0,20,20,0,0,0,0,1,0,1,1
51,"binary",3,"Mixed linear and rule-based","Random forest",TRUE,"AUC",0.81390625,0.789999999999964,NA,NA,NA,NA,NA,NA,NA,NA,NA,NA,NA,NA,NA
51,"binary",3,"Mixed linear and rule-based","RuleFit",TRUE,"AUC",0.821386217948718,27.25,NA,57,57,0,0,18,39,0,0,0,0.315789473684211,0.315789473684211,2.68421052631579
52,"binary",3,"Mixed linear and rule-based","BRP-GABLE full",TRUE,"AUC",0.835251726553899,327.23,NA,33,27,6,18,15,0,0,0,0.545454545454545,0.454545454545455,1,1.45454545454545
52,"binary",3,"Mixed linear and rule-based","BRP-GABLE rule-only",TRUE,"AUC",0.831710539485537,325.32,NA,52,52,0,32,20,0,0,0,0.615384615384615,0.384615384615385,1,1.38461538461538
52,"binary",3,"Mixed linear and rule-based","GABLE",TRUE,"AUC",0.790405364828346,7.60999999999967,NA,5,5,0,5,0,0,0,0,1,0,1,1
52,"binary",3,"Mixed linear and rule-based","GBM",TRUE,"AUC",0.835676108497648,0.0799999999999272,NA,NA,NA,NA,NA,NA,NA,NA,NA,NA,NA,NA,NA
52,"binary",3,"Mixed linear and rule-based","Linear",TRUE,"AUC",0.835115604043639,0,NA,20,0,20,20,0,0,0,0,1,0,1,1
52,"binary",3,"Mixed linear and rule-based","Random forest",TRUE,"AUC",0.82045240716645,0.800000000000182,NA,NA,NA,NA,NA,NA,NA,NA,NA,NA,NA,NA,NA
52,"binary",3,"Mixed linear and rule-based","RuleFit",TRUE,"AUC",0.827272545290762,27.5799999999999,NA,69,69,0,0,29,40,0,0,0,0.420289855072464,0.420289855072464,2.57971014492754
53,"binary",3,"Mixed linear and rule-based","BRP-GABLE full",TRUE,"AUC",0.838207820782078,320.529999999999,NA,40,35,5,13,27,0,0,0,0.325,0.675,1,1.675
53,"binary",3,"Mixed linear and rule-based","BRP-GABLE rule-only",TRUE,"AUC",0.832851285128513,319.32,NA,38,38,0,10,28,0,0,0,0.263157894736842,0.736842105263158,1,1.73684210526316
53,"binary",3,"Mixed linear and rule-based","GABLE",TRUE,"AUC",0.795425542554255,7.59000000000015,NA,5,5,0,5,0,0,0,0,1,0,1,1
53,"binary",3,"Mixed linear and rule-based","GBM",TRUE,"AUC",0.846192619261926,0.0900000000001455,NA,NA,NA,NA,NA,NA,NA,NA,NA,NA,NA,NA,NA
53,"binary",3,"Mixed linear and rule-based","Linear",TRUE,"AUC",0.833371337133713,0.0199999999995271,NA,20,0,20,20,0,0,0,0,1,0,1,1
53,"binary",3,"Mixed linear and rule-based","Random forest",TRUE,"AUC",0.83000700070007,0.829999999999927,NA,NA,NA,NA,NA,NA,NA,NA,NA,NA,NA,NA,NA
53,"binary",3,"Mixed linear and rule-based","RuleFit",TRUE,"AUC",0.844764476447645,27.4700000000003,NA,62,62,0,0,27,35,0,0,0,0.435483870967742,0.435483870967742,2.56451612903226
54,"binary",3,"Mixed linear and rule-based","BRP-GABLE full",TRUE,"AUC",0.855615700677333,305.84,NA,45,41,4,31,14,0,0,0,0.688888888888889,0.311111111111111,1,1.31111111111111
54,"binary",3,"Mixed linear and rule-based","BRP-GABLE rule-only",TRUE,"AUC",0.844447511712296,304.28,NA,42,42,0,28,14,0,0,0,0.666666666666667,0.333333333333333,1,1.33333333333333
54,"binary",3,"Mixed linear and rule-based","GABLE",TRUE,"AUC",0.795397897988006,6.98000000000047,NA,5,5,0,4,1,0,0,0,0.8,0.2,1,1.2
54,"binary",3,"Mixed linear and rule-based","GBM",TRUE,"AUC",0.850954787138279,0.0799999999999272,NA,NA,NA,NA,NA,NA,NA,NA,NA,NA,NA,NA,NA
54,"binary",3,"Mixed linear and rule-based","Linear",TRUE,"AUC",0.853015190977432,0.0100000000002183,NA,20,0,20,20,0,0,0,0,1,0,1,1
54,"binary",3,"Mixed linear and rule-based","Random forest",TRUE,"AUC",0.832571183952055,0.829999999999927,NA,NA,NA,NA,NA,NA,NA,NA,NA,NA,NA,NA,NA
54,"binary",3,"Mixed linear and rule-based","RuleFit",TRUE,"AUC",0.842425115322603,27.9099999999999,NA,61,61,0,0,26,35,0,0,0,0.426229508196721,0.426229508196721,2.57377049180328
55,"binary",3,"Mixed linear and rule-based","BRP-GABLE full",TRUE,"AUC",0.851966761667689,322.88,NA,43,37,6,19,24,0,0,0,0.441860465116279,0.558139534883721,1,1.55813953488372
55,"binary",3,"Mixed linear and rule-based","BRP-GABLE rule-only",TRUE,"AUC",0.84952158767953,322.41,NA,39,39,0,16,23,0,0,0,0.41025641025641,0.58974358974359,1,1.58974358974359
55,"binary",3,"Mixed linear and rule-based","GABLE",TRUE,"AUC",0.805055497432567,7.56999999999971,NA,5,5,0,4,1,0,0,0,0.8,0.2,1,1.2
55,"binary",3,"Mixed linear and rule-based","GBM",TRUE,"AUC",0.850178978718969,0.0799999999999272,NA,NA,NA,NA,NA,NA,NA,NA,NA,NA,NA,NA,NA
55,"binary",3,"Mixed linear and rule-based","Linear",TRUE,"AUC",0.833158964368604,0.0100000000002183,NA,20,0,20,20,0,0,0,0,1,0,1,1
55,"binary",3,"Mixed linear and rule-based","Random forest",TRUE,"AUC",0.852315499597148,0.800000000000182,NA,NA,NA,NA,NA,NA,NA,NA,NA,NA,NA,NA,NA
55,"binary",3,"Mixed linear and rule-based","RuleFit",TRUE,"AUC",0.856239803424045,28.7699999999995,NA,78,78,0,1,42,35,0,0,0.0128205128205128,0.538461538461538,0.551282051282051,2.43589743589744
56,"binary",3,"Mixed linear and rule-based","BRP-GABLE full",TRUE,"AUC",0.837088069261575,312.78,NA,31,23,8,8,23,0,0,0,0.258064516129032,0.741935483870968,1,1.74193548387097
56,"binary",3,"Mixed linear and rule-based","BRP-GABLE rule-only",TRUE,"AUC",0.821264967933715,312.68,NA,33,33,0,8,25,0,0,0,0.242424242424242,0.757575757575758,1,1.75757575757576
56,"binary",3,"Mixed linear and rule-based","GABLE",TRUE,"AUC",0.795673952094611,6.75,NA,5,5,0,4,1,0,0,0,0.8,0.2,1,1.2
56,"binary",3,"Mixed linear and rule-based","GBM",TRUE,"AUC",0.834723605826742,0.0599999999994907,NA,NA,NA,NA,NA,NA,NA,NA,NA,NA,NA,NA,NA
56,"binary",3,"Mixed linear and rule-based","Linear",TRUE,"AUC",0.825193737972643,0,NA,20,0,20,20,0,0,0,0,1,0,1,1
56,"binary",3,"Mixed linear and rule-based","Random forest",TRUE,"AUC",0.828908466059348,0.779999999999745,NA,NA,NA,NA,NA,NA,NA,NA,NA,NA,NA,NA,NA
56,"binary",3,"Mixed linear and rule-based","RuleFit",TRUE,"AUC",0.825737844617545,27.4400000000005,NA,72,72,0,0,39,33,0,0,0,0.541666666666667,0.541666666666667,2.45833333333333
57,"binary",3,"Mixed linear and rule-based","BRP-GABLE full",TRUE,"AUC",0.834065380184332,323.76,NA,41,34,7,23,18,0,0,0,0.560975609756098,0.439024390243902,1,1.4390243902439
57,"binary",3,"Mixed linear and rule-based","BRP-GABLE rule-only",TRUE,"AUC",0.825316820276498,320.44,NA,51,51,0,31,20,0,0,0,0.607843137254902,0.392156862745098,1,1.3921568627451
57,"binary",3,"Mixed linear and rule-based","GABLE",TRUE,"AUC",0.785146249359959,7.52000000000044,NA,5,5,0,5,0,0,0,0,1,0,1,1
57,"binary",3,"Mixed linear and rule-based","GBM",TRUE,"AUC",0.836965565796211,0.069999999999709,NA,NA,NA,NA,NA,NA,NA,NA,NA,NA,NA,NA,NA
57,"binary",3,"Mixed linear and rule-based","Linear",TRUE,"AUC",0.813944092421915,0.0100000000002183,NA,20,0,20,20,0,0,0,0,1,0,1,1
57,"binary",3,"Mixed linear and rule-based","Random forest",TRUE,"AUC",0.827246943804403,0.789999999999964,NA,NA,NA,NA,NA,NA,NA,NA,NA,NA,NA,NA,NA
57,"binary",3,"Mixed linear and rule-based","RuleFit",TRUE,"AUC",0.83955573156682,27.8999999999996,NA,57,57,0,0,26,31,0,0,0,0.456140350877193,0.456140350877193,2.54385964912281
58,"binary",3,"Mixed linear and rule-based","BRP-GABLE full",TRUE,"AUC",0.846480699058959,313.69,NA,36,31,5,11,25,0,0,0,0.305555555555556,0.694444444444444,1,1.69444444444444
58,"binary",3,"Mixed linear and rule-based","BRP-GABLE rule-only",TRUE,"AUC",0.837680446194226,312.75,NA,34,34,0,8,26,0,0,0,0.235294117647059,0.764705882352941,1,1.76470588235294
58,"binary",3,"Mixed linear and rule-based","GABLE",TRUE,"AUC",0.801899286217272,7.61000000000058,NA,5,5,0,5,0,0,0,0,1,0,1,1
58,"binary",3,"Mixed linear and rule-based","GBM",TRUE,"AUC",0.847949074963191,0.0599999999994907,NA,NA,NA,NA,NA,NA,NA,NA,NA,NA,NA,NA,NA
58,"binary",3,"Mixed linear and rule-based","Linear",TRUE,"AUC",0.845956564880609,0,NA,20,0,20,20,0,0,0,0,1,0,1,1
58,"binary",3,"Mixed linear and rule-based","Random forest",TRUE,"AUC",0.833645413225786,0.779999999999745,NA,NA,NA,NA,NA,NA,NA,NA,NA,NA,NA,NA,NA
58,"binary",3,"Mixed linear and rule-based","RuleFit",TRUE,"AUC",0.846344664234044,28.0199999999995,NA,61,61,0,2,28,31,0,0,0.0327868852459016,0.459016393442623,0.491803278688525,2.47540983606557
59,"binary",3,"Mixed linear and rule-based","BRP-GABLE full",TRUE,"AUC",0.842257476119618,316.15,NA,42,36,6,17,25,0,0,0,0.404761904761905,0.595238095238095,1,1.5952380952381
59,"binary",3,"Mixed linear and rule-based","BRP-GABLE rule-only",TRUE,"AUC",0.836703387254196,316.34,NA,45,45,0,22,23,0,0,0,0.488888888888889,0.511111111111111,1,1.51111111111111
59,"binary",3,"Mixed linear and rule-based","GABLE",TRUE,"AUC",0.799836797388758,7.79999999999927,NA,5,5,0,4,1,0,0,0,0.8,0.2,1,1.2
59,"binary",3,"Mixed linear and rule-based","GBM",TRUE,"AUC",0.833297332757324,0.0599999999994907,NA,NA,NA,NA,NA,NA,NA,NA,NA,NA,NA,NA,NA
59,"binary",3,"Mixed linear and rule-based","Linear",TRUE,"AUC",0.824365189843038,0.0200000000004366,NA,20,0,20,20,0,0,0,0,1,0,1,1
59,"binary",3,"Mixed linear and rule-based","Random forest",TRUE,"AUC",0.836083377334037,0.830000000000837,NA,NA,NA,NA,NA,NA,NA,NA,NA,NA,NA,NA,NA
59,"binary",3,"Mixed linear and rule-based","RuleFit",TRUE,"AUC",0.838095409526552,28.1400000000003,NA,72,72,0,1,34,37,0,0,0.0138888888888889,0.472222222222222,0.486111111111111,2.5
60,"binary",3,"Mixed linear and rule-based","BRP-GABLE full",TRUE,"AUC",0.81964911438583,321.679999999999,NA,42,37,5,19,23,0,0,0,0.452380952380952,0.547619047619048,1,1.54761904761905
60,"binary",3,"Mixed linear and rule-based","BRP-GABLE rule-only",TRUE,"AUC",0.807728923662779,321.83,NA,44,44,0,20,24,0,0,0,0.454545454545455,0.545454545454545,1,1.54545454545455
60,"binary",3,"Mixed linear and rule-based","GABLE",TRUE,"AUC",0.782876526024416,7.9399999999996,NA,5,5,0,4,1,0,0,0,0.8,0.2,1,1.2
60,"binary",3,"Mixed linear and rule-based","GBM",TRUE,"AUC",0.829613273812381,0.100000000000364,NA,NA,NA,NA,NA,NA,NA,NA,NA,NA,NA,NA,NA
60,"binary",3,"Mixed linear and rule-based","Linear",TRUE,"AUC",0.817509080145282,0.0100000000002183,NA,20,0,20,20,0,0,0,0,1,0,1,1
60,"binary",3,"Mixed linear and rule-based","Random forest",TRUE,"AUC",0.82058712939407,0.819999999999709,NA,NA,NA,NA,NA,NA,NA,NA,NA,NA,NA,NA,NA
60,"binary",3,"Mixed linear and rule-based","RuleFit",TRUE,"AUC",0.833169330709291,28.3000000000002,NA,68,68,0,0,34,34,0,0,0,0.5,0.5,2.5
61,"binary",3,"Mixed linear and rule-based","BRP-GABLE full",TRUE,"AUC",0.825098877519976,320.870000000001,NA,41,37,4,22,19,0,0,0,0.536585365853659,0.463414634146341,1,1.46341463414634
61,"binary",3,"Mixed linear and rule-based","BRP-GABLE rule-only",TRUE,"AUC",0.820681414228755,319.560000000001,NA,51,51,0,29,22,0,0,0,0.568627450980392,0.431372549019608,1,1.43137254901961
61,"binary",3,"Mixed linear and rule-based","GABLE",TRUE,"AUC",0.793117804358617,6.85999999999967,NA,5,5,0,4,1,0,0,0,0.8,0.2,1,1.2
61,"binary",3,"Mixed linear and rule-based","GBM",TRUE,"AUC",0.829826584041889,0.0799999999999272,NA,NA,NA,NA,NA,NA,NA,NA,NA,NA,NA,NA,NA
61,"binary",3,"Mixed linear and rule-based","Linear",TRUE,"AUC",0.822392755920642,0.0100000000002183,NA,20,0,20,20,0,0,0,0,1,0,1,1
61,"binary",3,"Mixed linear and rule-based","Random forest",TRUE,"AUC",0.813816031768907,0.800000000000182,NA,NA,NA,NA,NA,NA,NA,NA,NA,NA,NA,NA,NA
61,"binary",3,"Mixed linear and rule-based","RuleFit",TRUE,"AUC",0.82585146755056,24.5799999999999,NA,60,60,0,0,41,19,0,0,0,0.683333333333333,0.683333333333333,2.31666666666667
62,"binary",3,"Mixed linear and rule-based","BRP-GABLE full",TRUE,"AUC",0.867795400602989,324.1,NA,39,32,7,19,20,0,0,0,0.487179487179487,0.512820512820513,1,1.51282051282051
62,"binary",3,"Mixed linear and rule-based","BRP-GABLE rule-only",TRUE,"AUC",0.853057444351787,322.62,NA,39,39,0,19,20,0,0,0,0.487179487179487,0.512820512820513,1,1.51282051282051
62,"binary",3,"Mixed linear and rule-based","GABLE",TRUE,"AUC",0.825989078837642,7.5600000000004,NA,5,5,0,5,0,0,0,0,1,0,1,1
62,"binary",3,"Mixed linear and rule-based","GBM",TRUE,"AUC",0.865726634165116,0.0900000000001455,NA,NA,NA,NA,NA,NA,NA,NA,NA,NA,NA,NA,NA
62,"binary",3,"Mixed linear and rule-based","Linear",TRUE,"AUC",0.860298126884341,0.0200000000004366,NA,20,0,20,20,0,0,0,0,1,0,1,1
62,"binary",3,"Mixed linear and rule-based","Random forest",TRUE,"AUC",0.846664715504522,0.779999999999745,NA,NA,NA,NA,NA,NA,NA,NA,NA,NA,NA,NA,NA
62,"binary",3,"Mixed linear and rule-based","RuleFit",TRUE,"AUC",0.864199114760408,27.9899999999998,NA,57,57,0,0,18,39,0,0,0,0.315789473684211,0.315789473684211,2.68421052631579
63,"binary",3,"Mixed linear and rule-based","BRP-GABLE full",TRUE,"AUC",0.851662925933483,321.630000000001,NA,45,40,5,27,18,0,0,0,0.6,0.4,1,1.4
63,"binary",3,"Mixed linear and rule-based","BRP-GABLE rule-only",TRUE,"AUC",0.84767414413225,319.76,NA,50,50,0,31,19,0,0,0,0.62,0.38,1,1.38
63,"binary",3,"Mixed linear and rule-based","GABLE",TRUE,"AUC",0.786762205392257,7.49000000000069,NA,5,5,0,5,0,0,0,0,1,0,1,1
63,"binary",3,"Mixed linear and rule-based","GBM",TRUE,"AUC",0.856567887305912,0.0600000000004002,NA,NA,NA,NA,NA,NA,NA,NA,NA,NA,NA,NA,NA
63,"binary",3,"Mixed linear and rule-based","Linear",TRUE,"AUC",0.837276106116799,0.0199999999995271,NA,20,0,20,20,0,0,0,0,1,0,1,1
63,"binary",3,"Mixed linear and rule-based","Random forest",TRUE,"AUC",0.859166396613736,0.779999999999745,NA,NA,NA,NA,NA,NA,NA,NA,NA,NA,NA,NA,NA
63,"binary",3,"Mixed linear and rule-based","RuleFit",TRUE,"AUC",0.858848334273518,27.6499999999996,NA,65,65,0,0,22,43,0,0,0,0.338461538461538,0.338461538461538,2.66153846153846
64,"binary",3,"Mixed linear and rule-based","BRP-GABLE full",TRUE,"AUC",0.853235864633931,319.260000000001,NA,43,37,6,22,21,0,0,0,0.511627906976744,0.488372093023256,1,1.48837209302326
64,"binary",3,"Mixed linear and rule-based","BRP-GABLE rule-only",TRUE,"AUC",0.847402571378188,316.63,NA,42,42,0,21,21,0,0,0,0.5,0.5,1,1.5
64,"binary",3,"Mixed linear and rule-based","GABLE",TRUE,"AUC",0.781254508728899,7.35999999999967,NA,5,5,0,5,0,0,0,0,1,0,1,1
64,"binary",3,"Mixed linear and rule-based","GBM",TRUE,"AUC",0.845865595793456,0.0799999999999272,NA,NA,NA,NA,NA,NA,NA,NA,NA,NA,NA,NA,NA
64,"binary",3,"Mixed linear and rule-based","Linear",TRUE,"AUC",0.846947690729252,0.0100000000002183,NA,20,0,20,20,0,0,0,0,1,0,1,1
64,"binary",3,"Mixed linear and rule-based","Random forest",TRUE,"AUC",0.842256608794626,0.920000000000073,NA,NA,NA,NA,NA,NA,NA,NA,NA,NA,NA,NA,NA
64,"binary",3,"Mixed linear and rule-based","RuleFit",TRUE,"AUC",0.843446913224002,28.8500000000004,NA,68,68,0,0,33,35,0,0,0,0.485294117647059,0.485294117647059,2.51470588235294
65,"binary",3,"Mixed linear and rule-based","BRP-GABLE full",TRUE,"AUC",0.83830217887844,298.98,NA,35,29,6,12,23,0,0,0,0.342857142857143,0.657142857142857,1,1.65714285714286
65,"binary",3,"Mixed linear and rule-based","BRP-GABLE rule-only",TRUE,"AUC",0.826329747870923,297.97,NA,39,39,0,14,25,0,0,0,0.358974358974359,0.641025641025641,1,1.64102564102564
65,"binary",3,"Mixed linear and rule-based","GABLE",TRUE,"AUC",0.794602605693805,7.42000000000007,NA,5,5,0,5,0,0,0,0,1,0,1,1
65,"binary",3,"Mixed linear and rule-based","GBM",TRUE,"AUC",0.845390434055626,0.0799999999999272,NA,NA,NA,NA,NA,NA,NA,NA,NA,NA,NA,NA,NA
65,"binary",3,"Mixed linear and rule-based","Linear",TRUE,"AUC",0.848346540475457,0.0199999999995271,NA,20,0,20,20,0,0,0,0,1,0,1,1
65,"binary",3,"Mixed linear and rule-based","Random forest",TRUE,"AUC",0.832155957614474,0.930000000000291,NA,NA,NA,NA,NA,NA,NA,NA,NA,NA,NA,NA,NA
65,"binary",3,"Mixed linear and rule-based","RuleFit",TRUE,"AUC",0.838018168654072,28.4899999999998,NA,60,60,0,0,20,40,0,0,0,0.333333333333333,0.333333333333333,2.66666666666667
66,"binary",3,"Mixed linear and rule-based","BRP-GABLE full",TRUE,"AUC",0.831685428355179,314.320000000001,NA,41,34,7,25,16,0,0,0,0.609756097560976,0.390243902439024,1,1.39024390243902
66,"binary",3,"Mixed linear and rule-based","BRP-GABLE rule-only",TRUE,"AUC",0.825077789925153,314.09,NA,35,35,0,18,17,0,0,0,0.514285714285714,0.485714285714286,1,1.48571428571429
66,"binary",3,"Mixed linear and rule-based","GABLE",TRUE,"AUC",0.789406553976397,6.85999999999967,NA,5,5,0,4,1,0,0,0,0.8,0.2,1,1.2
66,"binary",3,"Mixed linear and rule-based","GBM",TRUE,"AUC",0.839710705575645,0.089999999999236,NA,NA,NA,NA,NA,NA,NA,NA,NA,NA,NA,NA,NA
66,"binary",3,"Mixed linear and rule-based","Linear",TRUE,"AUC",0.823047442843928,0,NA,20,0,20,20,0,0,0,0,1,0,1,1
66,"binary",3,"Mixed linear and rule-based","Random forest",TRUE,"AUC",0.829180532695796,0.780000000000655,NA,NA,NA,NA,NA,NA,NA,NA,NA,NA,NA,NA,NA
66,"binary",3,"Mixed linear and rule-based","RuleFit",TRUE,"AUC",0.83273464124528,25.3100000000004,NA,70,70,0,1,30,39,0,0,0.0142857142857143,0.428571428571429,0.442857142857143,2.54285714285714
67,"binary",3,"Mixed linear and rule-based","BRP-GABLE full",TRUE,"AUC",0.827066702556335,323.02,NA,35,28,7,20,15,0,0,0,0.571428571428571,0.428571428571429,1,1.42857142857143
67,"binary",3,"Mixed linear and rule-based","BRP-GABLE rule-only",TRUE,"AUC",0.811109191638778,322.31,NA,42,42,0,23,19,0,0,0,0.547619047619048,0.452380952380952,1,1.45238095238095
67,"binary",3,"Mixed linear and rule-based","GABLE",TRUE,"AUC",0.782803893761224,6.85999999999967,NA,5,5,0,4,1,0,0,0,0.8,0.2,1,1.2
67,"binary",3,"Mixed linear and rule-based","GBM",TRUE,"AUC",0.833181337907927,0.0600000000004002,NA,NA,NA,NA,NA,NA,NA,NA,NA,NA,NA,NA,NA
67,"binary",3,"Mixed linear and rule-based","Linear",TRUE,"AUC",0.822707714805694,0.00999999999930878,NA,20,0,20,20,0,0,0,0,1,0,1,1
67,"binary",3,"Mixed linear and rule-based","Random forest",TRUE,"AUC",0.829210038929577,0.800000000000182,NA,NA,NA,NA,NA,NA,NA,NA,NA,NA,NA,NA,NA
67,"binary",3,"Mixed linear and rule-based","RuleFit",TRUE,"AUC",0.829649955204872,26.5299999999997,NA,65,65,0,0,33,32,0,0,0,0.507692307692308,0.507692307692308,2.49230769230769
68,"binary",3,"Mixed linear and rule-based","BRP-GABLE full",TRUE,"AUC",0.840433787762417,313.78,NA,35,29,6,16,19,0,0,0,0.457142857142857,0.542857142857143,1,1.54285714285714
68,"binary",3,"Mixed linear and rule-based","BRP-GABLE rule-only",TRUE,"AUC",0.834091381848438,312.6,NA,36,36,0,16,20,0,0,0,0.444444444444444,0.555555555555556,1,1.55555555555556
68,"binary",3,"Mixed linear and rule-based","GABLE",TRUE,"AUC",0.801505296338966,7.93000000000029,NA,5,5,0,5,0,0,0,0,1,0,1,1
68,"binary",3,"Mixed linear and rule-based","GBM",TRUE,"AUC",0.851410490271377,0.089999999999236,NA,NA,NA,NA,NA,NA,NA,NA,NA,NA,NA,NA,NA
68,"binary",3,"Mixed linear and rule-based","Linear",TRUE,"AUC",0.842153897849462,0.0200000000004366,NA,20,0,20,20,0,0,0,0,1,0,1,1
68,"binary",3,"Mixed linear and rule-based","Random forest",TRUE,"AUC",0.833109318996416,0.770000000000437,NA,NA,NA,NA,NA,NA,NA,NA,NA,NA,NA,NA,NA
68,"binary",3,"Mixed linear and rule-based","RuleFit",TRUE,"AUC",0.843301971326165,27.7799999999997,NA,90,90,0,0,40,50,0,0,0,0.444444444444444,0.444444444444444,2.55555555555556
69,"binary",3,"Mixed linear and rule-based","BRP-GABLE full",TRUE,"AUC",0.839117794486216,318.95,NA,55,47,8,31,24,0,0,0,0.563636363636364,0.436363636363636,1,1.43636363636364
69,"binary",3,"Mixed linear and rule-based","BRP-GABLE rule-only",TRUE,"AUC",0.836635588972431,318.8,NA,60,60,0,35,25,0,0,0,0.583333333333333,0.416666666666667,1,1.41666666666667
69,"binary",3,"Mixed linear and rule-based","GABLE",TRUE,"AUC",0.783733333333333,7.69000000000051,NA,4,4,0,3,1,0,0,0,0.75,0.25,1,1.25
69,"binary",3,"Mixed linear and rule-based","GBM",TRUE,"AUC",0.828334837092732,0.0799999999999272,NA,NA,NA,NA,NA,NA,NA,NA,NA,NA,NA,NA,NA
69,"binary",3,"Mixed linear and rule-based","Linear",TRUE,"AUC",0.817259147869674,0,NA,20,0,20,20,0,0,0,0,1,0,1,1
69,"binary",3,"Mixed linear and rule-based","Random forest",TRUE,"AUC",0.832206516290727,0.829999999999927,NA,NA,NA,NA,NA,NA,NA,NA,NA,NA,NA,NA,NA
69,"binary",3,"Mixed linear and rule-based","RuleFit",TRUE,"AUC",0.838131328320802,26.8999999999996,NA,63,63,0,1,31,31,0,0,0.0158730158730159,0.492063492063492,0.507936507936508,2.47619047619048
70,"binary",3,"Mixed linear and rule-based","BRP-GABLE full",TRUE,"AUC",0.857567836294823,324.91,NA,40,33,7,27,13,0,0,0,0.675,0.325,1,1.325
70,"binary",3,"Mixed linear and rule-based","BRP-GABLE rule-only",TRUE,"AUC",0.83892287831163,326.25,NA,40,40,0,26,14,0,0,0,0.65,0.35,1,1.35
70,"binary",3,"Mixed linear and rule-based","GABLE",TRUE,"AUC",0.810142568477773,7.44999999999982,NA,5,5,0,4,1,0,0,0,0.8,0.2,1,1.2
70,"binary",3,"Mixed linear and rule-based","GBM",TRUE,"AUC",0.851754442234909,0.0799999999999272,NA,NA,NA,NA,NA,NA,NA,NA,NA,NA,NA,NA,NA
70,"binary",3,"Mixed linear and rule-based","Linear",TRUE,"AUC",0.842300660722304,0.0100000000002183,NA,20,0,20,20,0,0,0,0,1,0,1,1
70,"binary",3,"Mixed linear and rule-based","Random forest",TRUE,"AUC",0.846622618513054,0.829999999999927,NA,NA,NA,NA,NA,NA,NA,NA,NA,NA,NA,NA,NA
70,"binary",3,"Mixed linear and rule-based","RuleFit",TRUE,"AUC",0.855727596382064,28.9400000000005,NA,70,70,0,0,26,44,0,0,0,0.371428571428571,0.371428571428571,2.62857142857143
71,"binary",3,"Mixed linear and rule-based","BRP-GABLE full",TRUE,"AUC",0.845801746819323,321.86,NA,38,33,5,20,18,0,0,0,0.526315789473684,0.473684210526316,1,1.47368421052632
71,"binary",3,"Mixed linear and rule-based","BRP-GABLE rule-only",TRUE,"AUC",0.840229305076669,319.89,NA,38,38,0,18,20,0,0,0,0.473684210526316,0.526315789473684,1,1.52631578947368
71,"binary",3,"Mixed linear and rule-based","GABLE",TRUE,"AUC",0.822474780846659,7.51999999999953,NA,5,5,0,5,0,0,0,0,1,0,1,1
71,"binary",3,"Mixed linear and rule-based","GBM",TRUE,"AUC",0.84911757992239,0.0799999999999272,NA,NA,NA,NA,NA,NA,NA,NA,NA,NA,NA,NA,NA
71,"binary",3,"Mixed linear and rule-based","Linear",TRUE,"AUC",0.837580242760631,0.0200000000004366,NA,20,0,20,20,0,0,0,0,1,0,1,1
71,"binary",3,"Mixed linear and rule-based","Random forest",TRUE,"AUC",0.841210439267794,0.760000000000218,NA,NA,NA,NA,NA,NA,NA,NA,NA,NA,NA,NA,NA
71,"binary",3,"Mixed linear and rule-based","RuleFit",TRUE,"AUC",0.844065739995435,24.7200000000003,NA,63,63,0,0,33,30,0,0,0,0.523809523809524,0.523809523809524,2.47619047619048
72,"binary",3,"Mixed linear and rule-based","BRP-GABLE full",TRUE,"AUC",0.849332735224851,316.67,NA,40,34,6,20,20,0,0,0,0.5,0.5,1,1.5
72,"binary",3,"Mixed linear and rule-based","BRP-GABLE rule-only",TRUE,"AUC",0.842001233598744,316.719999999999,NA,43,43,0,23,20,0,0,0,0.534883720930233,0.465116279069767,1,1.46511627906977
72,"binary",3,"Mixed linear and rule-based","GABLE",TRUE,"AUC",0.822353770486551,7.19999999999982,NA,5,5,0,5,0,0,0,0,1,0,1,1
72,"binary",3,"Mixed linear and rule-based","GBM",TRUE,"AUC",0.855708998862526,0.089999999999236,NA,NA,NA,NA,NA,NA,NA,NA,NA,NA,NA,NA,NA
72,"binary",3,"Mixed linear and rule-based","Linear",TRUE,"AUC",0.839956583732517,0.0200000000004366,NA,20,0,20,20,0,0,0,0,1,0,1,1
72,"binary",3,"Mixed linear and rule-based","Random forest",TRUE,"AUC",0.851093016549448,0.800000000000182,NA,NA,NA,NA,NA,NA,NA,NA,NA,NA,NA,NA,NA
72,"binary",3,"Mixed linear and rule-based","RuleFit",TRUE,"AUC",0.84145252246912,27,NA,51,51,0,0,22,29,0,0,0,0.431372549019608,0.431372549019608,2.56862745098039
73,"binary",3,"Mixed linear and rule-based","BRP-GABLE full",TRUE,"AUC",0.851262645455236,315.67,NA,42,35,7,23,19,0,0,0,0.547619047619048,0.452380952380952,1,1.45238095238095
73,"binary",3,"Mixed linear and rule-based","BRP-GABLE rule-only",TRUE,"AUC",0.839312215239749,314.86,NA,46,46,0,23,23,0,0,0,0.5,0.5,1,1.5
73,"binary",3,"Mixed linear and rule-based","GABLE",TRUE,"AUC",0.817135416875008,7.11999999999989,NA,5,5,0,4,1,0,0,0,0.8,0.2,1,1.2
73,"binary",3,"Mixed linear and rule-based","GBM",TRUE,"AUC",0.863515086543116,0.0900000000001455,NA,NA,NA,NA,NA,NA,NA,NA,NA,NA,NA,NA,NA
73,"binary",3,"Mixed linear and rule-based","Linear",TRUE,"AUC",0.846422471208964,0.0200000000004366,NA,20,0,20,20,0,0,0,0,1,0,1,1
73,"binary",3,"Mixed linear and rule-based","Random forest",TRUE,"AUC",0.84706049417779,0.800000000000182,NA,NA,NA,NA,NA,NA,NA,NA,NA,NA,NA,NA,NA
73,"binary",3,"Mixed linear and rule-based","RuleFit",TRUE,"AUC",0.850472617014213,27.6899999999996,NA,63,63,0,0,21,42,0,0,0,0.333333333333333,0.333333333333333,2.66666666666667
74,"binary",3,"Mixed linear and rule-based","BRP-GABLE full",TRUE,"AUC",0.853690636200717,322.56,NA,44,37,7,28,16,0,0,0,0.636363636363636,0.363636363636364,1,1.36363636363636
74,"binary",3,"Mixed linear and rule-based","BRP-GABLE rule-only",TRUE,"AUC",0.838551667306708,321.77,NA,49,49,0,34,15,0,0,0,0.693877551020408,0.306122448979592,1,1.30612244897959
74,"binary",3,"Mixed linear and rule-based","GABLE",TRUE,"AUC",0.806963645673323,7.44999999999982,NA,5,5,0,5,0,0,0,0,1,0,1,1
74,"binary",3,"Mixed linear and rule-based","GBM",TRUE,"AUC",0.847734254992319,0.0900000000001455,NA,NA,NA,NA,NA,NA,NA,NA,NA,NA,NA,NA,NA
74,"binary",3,"Mixed linear and rule-based","Linear",TRUE,"AUC",0.847174219150026,0.0199999999995271,NA,20,0,20,20,0,0,0,0,1,0,1,1
74,"binary",3,"Mixed linear and rule-based","Random forest",TRUE,"AUC",0.833751360087046,0.850000000000364,NA,NA,NA,NA,NA,NA,NA,NA,NA,NA,NA,NA,NA
74,"binary",3,"Mixed linear and rule-based","RuleFit",TRUE,"AUC",0.845630120327701,28.0799999999999,NA,60,60,0,0,25,35,0,0,0,0.416666666666667,0.416666666666667,2.58333333333333
75,"binary",3,"Mixed linear and rule-based","BRP-GABLE full",TRUE,"AUC",0.857477822814592,329.94,NA,33,28,5,19,14,0,0,0,0.575757575757576,0.424242424242424,1,1.42424242424242
75,"binary",3,"Mixed linear and rule-based","BRP-GABLE rule-only",TRUE,"AUC",0.85133383216162,328.829999999999,NA,33,33,0,18,15,0,0,0,0.545454545454545,0.454545454545455,1,1.45454545454545
75,"binary",3,"Mixed linear and rule-based","GABLE",TRUE,"AUC",0.827119986875748,7.77999999999975,NA,5,5,0,5,0,0,0,0,1,0,1,1
75,"binary",3,"Mixed linear and rule-based","GBM",TRUE,"AUC",0.862739527606945,0.0900000000001455,NA,NA,NA,NA,NA,NA,NA,NA,NA,NA,NA,NA,NA
75,"binary",3,"Mixed linear and rule-based","Linear",TRUE,"AUC",0.852140093390258,0.0199999999995271,NA,20,0,20,20,0,0,0,0,1,0,1,1
75,"binary",3,"Mixed linear and rule-based","Random forest",TRUE,"AUC",0.855741260168295,0.850000000000364,NA,NA,NA,NA,NA,NA,NA,NA,NA,NA,NA,NA,NA
75,"binary",3,"Mixed linear and rule-based","RuleFit",TRUE,"AUC",0.85828208339502,28.4000000000005,NA,55,55,0,0,20,35,0,0,0,0.363636363636364,0.363636363636364,2.63636363636364
76,"binary",3,"Mixed linear and rule-based","BRP-GABLE full",TRUE,"AUC",0.869811667946749,321.58,NA,34,27,7,13,21,0,0,0,0.382352941176471,0.617647058823529,1,1.61764705882353
76,"binary",3,"Mixed linear and rule-based","BRP-GABLE rule-only",TRUE,"AUC",0.85916498655914,322.93,NA,43,43,0,20,23,0,0,0,0.465116279069767,0.534883720930233,1,1.53488372093023
76,"binary",3,"Mixed linear and rule-based","GABLE",TRUE,"AUC",0.831641225038402,6.75,NA,5,5,0,4,1,0,0,0,0.8,0.2,1,1.2
76,"binary",3,"Mixed linear and rule-based","GBM",TRUE,"AUC",0.880500352022529,0.0900000000001455,NA,NA,NA,NA,NA,NA,NA,NA,NA,NA,NA,NA,NA
76,"binary",3,"Mixed linear and rule-based","Linear",TRUE,"AUC",0.861903161802355,0.0300000000006548,NA,20,0,20,20,0,0,0,0,1,0,1,1
76,"binary",3,"Mixed linear and rule-based","Random forest",TRUE,"AUC",0.865169370839734,0.789999999999964,NA,NA,NA,NA,NA,NA,NA,NA,NA,NA,NA,NA,NA
76,"binary",3,"Mixed linear and rule-based","RuleFit",TRUE,"AUC",0.864467325908858,27.5599999999995,NA,64,64,0,0,25,39,0,0,0,0.390625,0.390625,2.609375
77,"binary",3,"Mixed linear and rule-based","BRP-GABLE full",TRUE,"AUC",0.859391009221312,329.660000000001,NA,37,30,7,27,10,0,0,0,0.72972972972973,0.27027027027027,1,1.27027027027027
77,"binary",3,"Mixed linear and rule-based","BRP-GABLE rule-only",TRUE,"AUC",0.847742299564549,328.22,NA,41,41,0,29,12,0,0,0,0.707317073170732,0.292682926829268,1,1.29268292682927
77,"binary",3,"Mixed linear and rule-based","GABLE",TRUE,"AUC",0.818193279328893,7.80000000000018,NA,5,5,0,5,0,0,0,0,1,0,1,1
77,"binary",3,"Mixed linear and rule-based","GBM",TRUE,"AUC",0.855476754610656,0.0599999999994907,NA,NA,NA,NA,NA,NA,NA,NA,NA,NA,NA,NA,NA
77,"binary",3,"Mixed linear and rule-based","Linear",TRUE,"AUC",0.8427734375,0.0200000000004366,NA,20,0,20,20,0,0,0,0,1,0,1,1
77,"binary",3,"Mixed linear and rule-based","Random forest",TRUE,"AUC",0.848076492059426,0.760000000000218,NA,NA,NA,NA,NA,NA,NA,NA,NA,NA,NA,NA,NA
77,"binary",3,"Mixed linear and rule-based","RuleFit",TRUE,"AUC",0.84771228227459,28.9200000000001,NA,69,69,0,0,28,41,0,0,0,0.405797101449275,0.405797101449275,2.59420289855072
78,"binary",3,"Mixed linear and rule-based","BRP-GABLE full",TRUE,"AUC",0.831922379528561,314.02,NA,38,33,5,14,24,0,0,0,0.368421052631579,0.631578947368421,1,1.63157894736842
78,"binary",3,"Mixed linear and rule-based","BRP-GABLE rule-only",TRUE,"AUC",0.821553370078173,313.03,NA,42,42,0,16,26,0,0,0,0.380952380952381,0.619047619047619,1,1.61904761904762
78,"binary",3,"Mixed linear and rule-based","GABLE",TRUE,"AUC",0.766764332688898,6.75,NA,5,5,0,3,2,0,0,0,0.6,0.4,1,1.4
78,"binary",3,"Mixed linear and rule-based","GBM",TRUE,"AUC",0.835192590190969,0.0600000000004002,NA,NA,NA,NA,NA,NA,NA,NA,NA,NA,NA,NA,NA
78,"binary",3,"Mixed linear and rule-based","Linear",TRUE,"AUC",0.816628040555415,0.0199999999995271,NA,20,0,20,20,0,0,0,0,1,0,1,1
78,"binary",3,"Mixed linear and rule-based","Random forest",TRUE,"AUC",0.829292601798816,0.809999999999491,NA,NA,NA,NA,NA,NA,NA,NA,NA,NA,NA,NA,NA
78,"binary",3,"Mixed linear and rule-based","RuleFit",TRUE,"AUC",0.828988396155801,26.9099999999999,NA,71,71,0,0,36,35,0,0,0,0.507042253521127,0.507042253521127,2.49295774647887
79,"binary",3,"Mixed linear and rule-based","BRP-GABLE full",TRUE,"AUC",0.847606246799795,322.43,NA,57,48,9,37,20,0,0,0,0.649122807017544,0.350877192982456,1,1.35087719298246
79,"binary",3,"Mixed linear and rule-based","BRP-GABLE rule-only",TRUE,"AUC",0.837791618663595,321.559999999999,NA,60,60,0,40,20,0,0,0,0.666666666666667,0.333333333333333,1,1.33333333333333
79,"binary",3,"Mixed linear and rule-based","GABLE",TRUE,"AUC",0.802477358550947,7.60999999999967,NA,5,5,0,5,0,0,0,0,1,0,1,1
79,"binary",3,"Mixed linear and rule-based","GBM",TRUE,"AUC",0.845684123783922,0.069999999999709,NA,NA,NA,NA,NA,NA,NA,NA,NA,NA,NA,NA,NA
79,"binary",3,"Mixed linear and rule-based","Linear",TRUE,"AUC",0.849874391961085,0.0200000000004366,NA,20,0,20,20,0,0,0,0,1,0,1,1
79,"binary",3,"Mixed linear and rule-based","Random forest",TRUE,"AUC",0.85050043202765,0.820000000000618,NA,NA,NA,NA,NA,NA,NA,NA,NA,NA,NA,NA,NA
79,"binary",3,"Mixed linear and rule-based","RuleFit",TRUE,"AUC",0.840431787634409,28.3100000000004,NA,61,61,0,0,18,43,0,0,0,0.295081967213115,0.295081967213115,2.70491803278689
80,"binary",3,"Mixed linear and rule-based","BRP-GABLE full",TRUE,"AUC",0.854129651860744,319.570000000001,NA,38,35,3,14,24,0,0,0,0.368421052631579,0.631578947368421,1,1.63157894736842
80,"binary",3,"Mixed linear and rule-based","BRP-GABLE rule-only",TRUE,"AUC",0.843611444577831,319.719999999999,NA,43,43,0,20,23,0,0,0,0.465116279069767,0.534883720930233,1,1.53488372093023
80,"binary",3,"Mixed linear and rule-based","GABLE",TRUE,"AUC",0.804925970388155,7.81999999999971,NA,5,5,0,4,1,0,0,0,0.8,0.2,1,1.2
80,"binary",3,"Mixed linear and rule-based","GBM",TRUE,"AUC",0.860140056022409,0.0900000000001455,NA,NA,NA,NA,NA,NA,NA,NA,NA,NA,NA,NA,NA
80,"binary",3,"Mixed linear and rule-based","Linear",TRUE,"AUC",0.840260104041617,0.0199999999995271,NA,20,0,20,20,0,0,0,0,1,0,1,1
80,"binary",3,"Mixed linear and rule-based","Random forest",TRUE,"AUC",0.847268907563025,0.8100000000004,NA,NA,NA,NA,NA,NA,NA,NA,NA,NA,NA,NA,NA
80,"binary",3,"Mixed linear and rule-based","RuleFit",TRUE,"AUC",0.855126050420168,26,NA,76,76,0,0,31,45,0,0,0,0.407894736842105,0.407894736842105,2.59210526315789
81,"binary",3,"Mixed linear and rule-based","BRP-GABLE full",TRUE,"AUC",0.83732,322.559999999999,NA,36,31,5,19,17,0,0,0,0.527777777777778,0.472222222222222,1,1.47222222222222
81,"binary",3,"Mixed linear and rule-based","BRP-GABLE rule-only",TRUE,"AUC",0.826384,320.81,NA,38,38,0,23,15,0,0,0,0.605263157894737,0.394736842105263,1,1.39473684210526
81,"binary",3,"Mixed linear and rule-based","GABLE",TRUE,"AUC",0.799044,6.90000000000055,NA,5,5,0,5,0,0,0,0,1,0,1,1
81,"binary",3,"Mixed linear and rule-based","GBM",TRUE,"AUC",0.83953,0.0799999999999272,NA,NA,NA,NA,NA,NA,NA,NA,NA,NA,NA,NA,NA
81,"binary",3,"Mixed linear and rule-based","Linear",TRUE,"AUC",0.837012,0,NA,20,0,20,20,0,0,0,0,1,0,1,1
81,"binary",3,"Mixed linear and rule-based","Random forest",TRUE,"AUC",0.825922,0.779999999999745,NA,NA,NA,NA,NA,NA,NA,NA,NA,NA,NA,NA,NA
81,"binary",3,"Mixed linear and rule-based","RuleFit",TRUE,"AUC",0.832376,26.5999999999995,NA,60,60,0,0,18,42,0,0,0,0.3,0.3,2.7
82,"binary",3,"Mixed linear and rule-based","BRP-GABLE full",TRUE,"AUC",0.850371385852464,323.009999999999,NA,44,38,6,24,20,0,0,0,0.545454545454545,0.454545454545455,1,1.45454545454545
82,"binary",3,"Mixed linear and rule-based","BRP-GABLE rule-only",TRUE,"AUC",0.846888015039824,320.979999999999,NA,46,46,0,25,21,0,0,0,0.543478260869565,0.456521739130435,1,1.45652173913043
82,"binary",3,"Mixed linear and rule-based","GABLE",TRUE,"AUC",0.809885718179668,7.39999999999964,NA,5,5,0,5,0,0,0,0,1,0,1,1
82,"binary",3,"Mixed linear and rule-based","GBM",TRUE,"AUC",0.859699123344998,0.069999999999709,NA,NA,NA,NA,NA,NA,NA,NA,NA,NA,NA,NA,NA
82,"binary",3,"Mixed linear and rule-based","Linear",TRUE,"AUC",0.840346172501012,0,NA,20,0,20,20,0,0,0,0,1,0,1,1
82,"binary",3,"Mixed linear and rule-based","Random forest",TRUE,"AUC",0.844763519607489,0.820000000000618,NA,NA,NA,NA,NA,NA,NA,NA,NA,NA,NA,NA,NA
82,"binary",3,"Mixed linear and rule-based","RuleFit",TRUE,"AUC",0.852900737961527,28.6400000000003,NA,75,75,0,0,28,47,0,0,0,0.373333333333333,0.373333333333333,2.62666666666667
83,"binary",3,"Mixed linear and rule-based","BRP-GABLE full",TRUE,"AUC",0.841671368942568,323.96,NA,29,23,6,15,14,0,0,0,0.517241379310345,0.482758620689655,1,1.48275862068966
83,"binary",3,"Mixed linear and rule-based","BRP-GABLE rule-only",TRUE,"AUC",0.835046162342574,320.02,NA,36,36,0,21,15,0,0,0,0.583333333333333,0.416666666666667,1,1.41666666666667
83,"binary",3,"Mixed linear and rule-based","GABLE",TRUE,"AUC",0.824973287070942,8.0600000000004,NA,5,5,0,4,1,0,0,0,0.8,0.2,1,1.2
83,"binary",3,"Mixed linear and rule-based","GBM",TRUE,"AUC",0.857859203854666,0.0599999999994907,NA,NA,NA,NA,NA,NA,NA,NA,NA,NA,NA,NA,NA
83,"binary",3,"Mixed linear and rule-based","Linear",TRUE,"AUC",0.828140820156956,0.0200000000004366,NA,20,0,20,20,0,0,0,0,1,0,1,1
83,"binary",3,"Mixed linear and rule-based","Random forest",TRUE,"AUC",0.835562412207508,0.800000000000182,NA,NA,NA,NA,NA,NA,NA,NA,NA,NA,NA,NA,NA
83,"binary",3,"Mixed linear and rule-based","RuleFit",TRUE,"AUC",0.840310710383826,26.4499999999998,NA,54,54,0,0,24,30,0,0,0,0.444444444444444,0.444444444444444,2.55555555555556
84,"binary",3,"Mixed linear and rule-based","BRP-GABLE full",TRUE,"AUC",0.854523418093672,318.23,NA,52,46,6,26,26,0,0,0,0.5,0.5,1,1.5
84,"binary",3,"Mixed linear and rule-based","BRP-GABLE rule-only",TRUE,"AUC",0.837685350741403,316.549999999999,NA,53,53,0,27,26,0,0,0,0.509433962264151,0.490566037735849,1,1.49056603773585
84,"binary",3,"Mixed linear and rule-based","GABLE",TRUE,"AUC",0.807047228188913,7.55999999999949,NA,5,5,0,5,0,0,0,0,1,0,1,1
84,"binary",3,"Mixed linear and rule-based","GBM",TRUE,"AUC",0.853863415453662,0.0900000000001455,NA,NA,NA,NA,NA,NA,NA,NA,NA,NA,NA,NA,NA
84,"binary",3,"Mixed linear and rule-based","Linear",TRUE,"AUC",0.850487401949608,0,NA,20,0,20,20,0,0,0,0,1,0,1,1
84,"binary",3,"Mixed linear and rule-based","Random forest",TRUE,"AUC",0.834253337013348,0.829999999999927,NA,NA,NA,NA,NA,NA,NA,NA,NA,NA,NA,NA,NA
84,"binary",3,"Mixed linear and rule-based","RuleFit",TRUE,"AUC",0.845759383037532,28.7700000000004,NA,58,58,0,0,25,33,0,0,0,0.431034482758621,0.431034482758621,2.56896551724138
85,"binary",3,"Mixed linear and rule-based","BRP-GABLE full",TRUE,"AUC",0.835865384615385,317.31,NA,40,37,3,20,20,0,0,0,0.5,0.5,1,1.5
85,"binary",3,"Mixed linear and rule-based","BRP-GABLE rule-only",TRUE,"AUC",0.83388421474359,315.850000000001,NA,38,38,0,18,20,0,0,0,0.473684210526316,0.526315789473684,1,1.52631578947368
85,"binary",3,"Mixed linear and rule-based","GABLE",TRUE,"AUC",0.805695112179487,7.97999999999956,NA,5,5,0,5,0,0,0,0,1,0,1,1
85,"binary",3,"Mixed linear and rule-based","GBM",TRUE,"AUC",0.837766426282051,0.069999999999709,NA,NA,NA,NA,NA,NA,NA,NA,NA,NA,NA,NA,NA
85,"binary",3,"Mixed linear and rule-based","Linear",TRUE,"AUC",0.813469551282051,0,NA,20,0,20,20,0,0,0,0,1,0,1,1
85,"binary",3,"Mixed linear and rule-based","Random forest",TRUE,"AUC",0.836488381410256,0.8100000000004,NA,NA,NA,NA,NA,NA,NA,NA,NA,NA,NA,NA,NA
85,"binary",3,"Mixed linear and rule-based","RuleFit",TRUE,"AUC",0.832181490384615,26.8299999999999,NA,56,56,0,0,31,25,0,0,0,0.553571428571429,0.553571428571429,2.44642857142857
86,"binary",3,"Mixed linear and rule-based","BRP-GABLE full",TRUE,"AUC",0.833487511563367,323.08,NA,33,28,5,13,20,0,0,0,0.393939393939394,0.606060606060606,1,1.60606060606061
86,"binary",3,"Mixed linear and rule-based","BRP-GABLE rule-only",TRUE,"AUC",0.820576586534033,321.990000000001,NA,44,44,0,25,19,0,0,0,0.568181818181818,0.431818181818182,1,1.43181818181818
86,"binary",3,"Mixed linear and rule-based","GABLE",TRUE,"AUC",0.790371669650116,7.6899999999996,NA,5,5,0,5,0,0,0,0,1,0,1,1
86,"binary",3,"Mixed linear and rule-based","GBM",TRUE,"AUC",0.842225612808406,0.0999999999994543,NA,NA,NA,NA,NA,NA,NA,NA,NA,NA,NA,NA,NA
86,"binary",3,"Mixed linear and rule-based","Linear",TRUE,"AUC",0.831701446872585,0,NA,20,0,20,20,0,0,0,0,1,0,1,1
86,"binary",3,"Mixed linear and rule-based","Random forest",TRUE,"AUC",0.828878183179756,0.8100000000004,NA,NA,NA,NA,NA,NA,NA,NA,NA,NA,NA,NA,NA
86,"binary",3,"Mixed linear and rule-based","RuleFit",TRUE,"AUC",0.828625891530609,27.2600000000002,NA,73,73,0,0,25,48,0,0,0,0.342465753424658,0.342465753424658,2.65753424657534
87,"binary",3,"Mixed linear and rule-based","BRP-GABLE full",TRUE,"AUC",0.845902756892231,328.87,NA,41,33,8,20,21,0,0,0,0.48780487804878,0.51219512195122,1,1.51219512195122
87,"binary",3,"Mixed linear and rule-based","BRP-GABLE rule-only",TRUE,"AUC",0.832344862155388,329.969999999999,NA,43,43,0,22,21,0,0,0,0.511627906976744,0.488372093023256,1,1.48837209302326
87,"binary",3,"Mixed linear and rule-based","GABLE",TRUE,"AUC",0.796519298245614,7.59000000000015,NA,5,5,0,5,0,0,0,0,1,0,1,1
87,"binary",3,"Mixed linear and rule-based","GBM",TRUE,"AUC",0.83833984962406,0.100000000000364,NA,NA,NA,NA,NA,NA,NA,NA,NA,NA,NA,NA,NA
87,"binary",3,"Mixed linear and rule-based","Linear",TRUE,"AUC",0.837016541353383,0,NA,20,0,20,20,0,0,0,0,1,0,1,1
87,"binary",3,"Mixed linear and rule-based","Random forest",TRUE,"AUC",0.823332330827068,0.809999999999491,NA,NA,NA,NA,NA,NA,NA,NA,NA,NA,NA,NA,NA
87,"binary",3,"Mixed linear and rule-based","RuleFit",TRUE,"AUC",0.832372932330827,28.75,NA,66,66,0,0,32,34,0,0,0,0.484848484848485,0.484848484848485,2.51515151515152
88,"binary",3,"Mixed linear and rule-based","BRP-GABLE full",TRUE,"AUC",0.844390040962622,325.349999999999,NA,44,39,5,19,25,0,0,0,0.431818181818182,0.568181818181818,1,1.56818181818182
88,"binary",3,"Mixed linear and rule-based","BRP-GABLE rule-only",TRUE,"AUC",0.837611607142857,325.57,NA,47,47,0,23,24,0,0,0,0.48936170212766,0.51063829787234,1,1.51063829787234
88,"binary",3,"Mixed linear and rule-based","GABLE",TRUE,"AUC",0.802973390296979,7.42000000000007,NA,5,5,0,5,0,0,0,0,1,0,1,1
88,"binary",3,"Mixed linear and rule-based","GBM",TRUE,"AUC",0.848770321300563,0.0600000000004002,NA,NA,NA,NA,NA,NA,NA,NA,NA,NA,NA,NA,NA
88,"binary",3,"Mixed linear and rule-based","Linear",TRUE,"AUC",0.844982078853047,0.0199999999995271,NA,20,0,20,20,0,0,0,0,1,0,1,1
88,"binary",3,"Mixed linear and rule-based","Random forest",TRUE,"AUC",0.842527921786994,0.800000000000182,NA,NA,NA,NA,NA,NA,NA,NA,NA,NA,NA,NA,NA
88,"binary",3,"Mixed linear and rule-based","RuleFit",TRUE,"AUC",0.8508544546851,26.2299999999996,NA,55,55,0,0,23,32,0,0,0,0.418181818181818,0.418181818181818,2.58181818181818
89,"binary",3,"Mixed linear and rule-based","BRP-GABLE full",TRUE,"AUC",0.835579634076201,308.809999999999,NA,35,31,4,16,19,0,0,0,0.457142857142857,0.542857142857143,1,1.54285714285714
89,"binary",3,"Mixed linear and rule-based","BRP-GABLE rule-only",TRUE,"AUC",0.826751290064393,306.41,NA,31,31,0,12,19,0,0,0,0.387096774193548,0.612903225806452,1,1.61290322580645
89,"binary",3,"Mixed linear and rule-based","GABLE",TRUE,"AUC",0.776256782138993,6.78000000000065,NA,5,5,0,4,1,0,0,0,0.8,0.2,1,1.2
89,"binary",3,"Mixed linear and rule-based","GBM",TRUE,"AUC",0.837530316010473,0.109999999999673,NA,NA,NA,NA,NA,NA,NA,NA,NA,NA,NA,NA,NA
89,"binary",3,"Mixed linear and rule-based","Linear",TRUE,"AUC",0.830958327803049,0,NA,20,0,20,20,0,0,0,0,1,0,1,1
89,"binary",3,"Mixed linear and rule-based","Random forest",TRUE,"AUC",0.837783703560698,0.819999999999709,NA,NA,NA,NA,NA,NA,NA,NA,NA,NA,NA,NA,NA
89,"binary",3,"Mixed linear and rule-based","RuleFit",TRUE,"AUC",0.83183512916732,29.3999999999996,NA,71,71,0,0,35,36,0,0,0,0.492957746478873,0.492957746478873,2.50704225352113
90,"binary",3,"Mixed linear and rule-based","BRP-GABLE full",TRUE,"AUC",0.856903367262019,320.86,NA,32,26,6,16,16,0,0,0,0.5,0.5,1,1.5
90,"binary",3,"Mixed linear and rule-based","BRP-GABLE rule-only",TRUE,"AUC",0.846396677549453,320.08,NA,40,40,0,22,18,0,0,0,0.55,0.45,1,1.45
90,"binary",3,"Mixed linear and rule-based","GABLE",TRUE,"AUC",0.80728866589847,6.90000000000055,NA,5,5,0,4,1,0,0,0,0.8,0.2,1,1.2
90,"binary",3,"Mixed linear and rule-based","GBM",TRUE,"AUC",0.858919883490173,0.0700000000006185,NA,NA,NA,NA,NA,NA,NA,NA,NA,NA,NA,NA,NA
90,"binary",3,"Mixed linear and rule-based","Linear",TRUE,"AUC",0.854062640035849,0.0199999999995271,NA,20,0,20,20,0,0,0,0,1,0,1,1
90,"binary",3,"Mixed linear and rule-based","Random forest",TRUE,"AUC",0.855068897637795,0.849999999999454,NA,NA,NA,NA,NA,NA,NA,NA,NA,NA,NA,NA,NA
90,"binary",3,"Mixed linear and rule-based","RuleFit",TRUE,"AUC",0.853274438256194,27.3499999999995,NA,76,76,0,0,25,51,0,0,0,0.328947368421053,0.328947368421053,2.67105263157895
91,"binary",3,"Mixed linear and rule-based","BRP-GABLE full",TRUE,"AUC",0.851202835755808,319.690000000001,NA,40,36,4,18,22,0,0,0,0.45,0.55,1,1.55
91,"binary",3,"Mixed linear and rule-based","BRP-GABLE rule-only",TRUE,"AUC",0.843373301167029,318.090000000001,NA,33,33,0,12,21,0,0,0,0.363636363636364,0.636363636363636,1,1.63636363636364
91,"binary",3,"Mixed linear and rule-based","GABLE",TRUE,"AUC",0.817450220243168,7.34000000000015,NA,5,5,0,5,0,0,0,0,1,0,1,1
91,"binary",3,"Mixed linear and rule-based","GBM",TRUE,"AUC",0.852403071001916,0.0900000000001455,NA,NA,NA,NA,NA,NA,NA,NA,NA,NA,NA,NA,NA
91,"binary",3,"Mixed linear and rule-based","Linear",TRUE,"AUC",0.855347648139035,0.0199999999995271,NA,20,0,20,20,0,0,0,0,1,0,1,1
91,"binary",3,"Mixed linear and rule-based","Random forest",TRUE,"AUC",0.838448335873831,0.800000000000182,NA,NA,NA,NA,NA,NA,NA,NA,NA,NA,NA,NA,NA
91,"binary",3,"Mixed linear and rule-based","RuleFit",TRUE,"AUC",0.857168004928966,24.8499999999995,NA,64,64,0,1,42,21,0,0,0.015625,0.65625,0.671875,2.3125
92,"binary",3,"Mixed linear and rule-based","BRP-GABLE full",TRUE,"AUC",0.849490664519566,304.78,NA,41,36,5,17,24,0,0,0,0.414634146341463,0.585365853658537,1,1.58536585365854
92,"binary",3,"Mixed linear and rule-based","BRP-GABLE rule-only",TRUE,"AUC",0.841999847780195,303.12,NA,47,47,0,20,27,0,0,0,0.425531914893617,0.574468085106383,1,1.57446808510638
92,"binary",3,"Mixed linear and rule-based","GABLE",TRUE,"AUC",0.809559003200622,7.39000000000033,NA,5,5,0,4,1,0,0,0,0.8,0.2,1,1.2
92,"binary",3,"Mixed linear and rule-based","GBM",TRUE,"AUC",0.828652574317314,0.0900000000001455,NA,NA,NA,NA,NA,NA,NA,NA,NA,NA,NA,NA,NA
92,"binary",3,"Mixed linear and rule-based","Linear",TRUE,"AUC",0.837341120578115,0.0199999999995271,NA,20,0,20,20,0,0,0,0,1,0,1,1
92,"binary",3,"Mixed linear and rule-based","Random forest",TRUE,"AUC",0.832482104158405,0.819999999999709,NA,NA,NA,NA,NA,NA,NA,NA,NA,NA,NA,NA,NA
92,"binary",3,"Mixed linear and rule-based","RuleFit",TRUE,"AUC",0.836113347674041,26.2600000000002,NA,65,65,0,2,26,37,0,0,0.0307692307692308,0.4,0.430769230769231,2.53846153846154
93,"binary",3,"Mixed linear and rule-based","BRP-GABLE full",TRUE,"AUC",0.856769421656849,317.280000000001,NA,42,34,8,21,21,0,0,0,0.5,0.5,1,1.5
93,"binary",3,"Mixed linear and rule-based","BRP-GABLE rule-only",TRUE,"AUC",0.843630917245893,318.679999999999,NA,38,38,0,15,23,0,0,0,0.394736842105263,0.605263157894737,1,1.60526315789474
93,"binary",3,"Mixed linear and rule-based","GABLE",TRUE,"AUC",0.808505896666787,6.76000000000022,NA,5,5,0,4,1,0,0,0,0.8,0.2,1,1.2
93,"binary",3,"Mixed linear and rule-based","GBM",TRUE,"AUC",0.847011913796634,0.0799999999999272,NA,NA,NA,NA,NA,NA,NA,NA,NA,NA,NA,NA,NA
93,"binary",3,"Mixed linear and rule-based","Linear",TRUE,"AUC",0.840643433357827,0.0100000000002183,NA,20,0,20,20,0,0,0,0,1,0,1,1
93,"binary",3,"Mixed linear and rule-based","Random forest",TRUE,"AUC",0.84194844984119,0.800000000000182,NA,NA,NA,NA,NA,NA,NA,NA,NA,NA,NA,NA,NA
93,"binary",3,"Mixed linear and rule-based","RuleFit",TRUE,"AUC",0.841205594304506,27.6300000000001,NA,85,85,0,0,34,51,0,0,0,0.4,0.4,2.6
94,"binary",3,"Mixed linear and rule-based","BRP-GABLE full",TRUE,"AUC",0.837105393686299,315.130000000001,NA,42,38,4,16,26,0,0,0,0.380952380952381,0.619047619047619,1,1.61904761904762
94,"binary",3,"Mixed linear and rule-based","BRP-GABLE rule-only",TRUE,"AUC",0.828997263956223,313.570000000001,NA,38,38,0,16,22,0,0,0,0.421052631578947,0.578947368421053,1,1.57894736842105
94,"binary",3,"Mixed linear and rule-based","GABLE",TRUE,"AUC",0.797554760876174,6.75,NA,5,5,0,4,1,0,0,0,0.8,0.2,1,1.2
94,"binary",3,"Mixed linear and rule-based","GBM",TRUE,"AUC",0.832997327957247,0.0600000000004002,NA,NA,NA,NA,NA,NA,NA,NA,NA,NA,NA,NA,NA
94,"binary",3,"Mixed linear and rule-based","Linear",TRUE,"AUC",0.835877374037985,0,NA,20,0,20,20,0,0,0,0,1,0,1,1
94,"binary",3,"Mixed linear and rule-based","Random forest",TRUE,"AUC",0.830641290260644,0.779999999999745,NA,NA,NA,NA,NA,NA,NA,NA,NA,NA,NA,NA,NA
94,"binary",3,"Mixed linear and rule-based","RuleFit",TRUE,"AUC",0.841761468183491,27.6099999999997,NA,66,66,0,1,26,39,0,0,0.0151515151515152,0.393939393939394,0.409090909090909,2.57575757575758
95,"binary",3,"Mixed linear and rule-based","BRP-GABLE full",TRUE,"AUC",0.853043795240327,316.42,NA,39,34,5,19,20,0,0,0,0.487179487179487,0.512820512820513,1,1.51282051282051
95,"binary",3,"Mixed linear and rule-based","BRP-GABLE rule-only",TRUE,"AUC",0.850812573355926,315.28,NA,41,41,0,17,24,0,0,0,0.414634146341463,0.585365853658537,1,1.58536585365854
95,"binary",3,"Mixed linear and rule-based","GABLE",TRUE,"AUC",0.811886363909485,7.86999999999989,NA,5,5,0,5,0,0,0,0,1,0,1,1
95,"binary",3,"Mixed linear and rule-based","GBM",TRUE,"AUC",0.855351127027428,0.0900000000001455,NA,NA,NA,NA,NA,NA,NA,NA,NA,NA,NA,NA,NA
95,"binary",3,"Mixed linear and rule-based","Linear",TRUE,"AUC",0.839267902851718,0,NA,20,0,20,20,0,0,0,0,1,0,1,1
95,"binary",3,"Mixed linear and rule-based","Random forest",TRUE,"AUC",0.852767396119997,0.829999999999927,NA,NA,NA,NA,NA,NA,NA,NA,NA,NA,NA,NA,NA
95,"binary",3,"Mixed linear and rule-based","RuleFit",TRUE,"AUC",0.85526299977167,29.5600000000004,NA,71,71,0,0,32,39,0,0,0,0.450704225352113,0.450704225352113,2.54929577464789
96,"binary",3,"Mixed linear and rule-based","BRP-GABLE full",TRUE,"AUC",0.838640373513209,321.87,NA,40,34,6,21,19,0,0,0,0.525,0.475,1,1.475
96,"binary",3,"Mixed linear and rule-based","BRP-GABLE rule-only",TRUE,"AUC",0.827142119855492,322.34,NA,41,41,0,20,21,0,0,0,0.48780487804878,0.51219512195122,1,1.51219512195122
96,"binary",3,"Mixed linear and rule-based","GABLE",TRUE,"AUC",0.773025513000548,6.98999999999978,NA,5,5,0,5,0,0,0,0,1,0,1,1
96,"binary",3,"Mixed linear and rule-based","GBM",TRUE,"AUC",0.830382755019984,0.0799999999999272,NA,NA,NA,NA,NA,NA,NA,NA,NA,NA,NA,NA,NA
96,"binary",3,"Mixed linear and rule-based","Linear",TRUE,"AUC",0.827406171609635,0.0200000000004366,NA,20,0,20,20,0,0,0,0,1,0,1,1
96,"binary",3,"Mixed linear and rule-based","Random forest",TRUE,"AUC",0.822127136918836,0.789999999999964,NA,NA,NA,NA,NA,NA,NA,NA,NA,NA,NA,NA,NA
96,"binary",3,"Mixed linear and rule-based","RuleFit",TRUE,"AUC",0.838704386059668,26.1400000000003,NA,67,67,0,1,20,46,0,0,0.0149253731343284,0.298507462686567,0.313432835820896,2.67164179104478
97,"binary",3,"Mixed linear and rule-based","BRP-GABLE full",TRUE,"AUC",0.859442939945838,303.379999999999,NA,47,40,7,24,23,0,0,0,0.51063829787234,0.48936170212766,1,1.48936170212766
97,"binary",3,"Mixed linear and rule-based","BRP-GABLE rule-only",TRUE,"AUC",0.849044565604362,304.219999999999,NA,54,54,0,31,23,0,0,0,0.574074074074074,0.425925925925926,1,1.42592592592593
97,"binary",3,"Mixed linear and rule-based","GABLE",TRUE,"AUC",0.815911372809421,7.02999999999975,NA,5,5,0,4,1,0,0,0,0.8,0.2,1,1.2
97,"binary",3,"Mixed linear and rule-based","GBM",TRUE,"AUC",0.859878955642403,0.0799999999999272,NA,NA,NA,NA,NA,NA,NA,NA,NA,NA,NA,NA,NA
97,"binary",3,"Mixed linear and rule-based","Linear",TRUE,"AUC",0.845054421959191,0,NA,20,0,20,20,0,0,0,0,1,0,1,1
97,"binary",3,"Mixed linear and rule-based","Random forest",TRUE,"AUC",0.843010348372541,0.760000000000218,NA,NA,NA,NA,NA,NA,NA,NA,NA,NA,NA,NA,NA
97,"binary",3,"Mixed linear and rule-based","RuleFit",TRUE,"AUC",0.854830773907861,25.2200000000003,NA,57,57,0,0,22,35,0,0,0,0.385964912280702,0.385964912280702,2.6140350877193
98,"binary",3,"Mixed linear and rule-based","BRP-GABLE full",TRUE,"AUC",0.841069357318018,314.33,NA,41,37,4,19,22,0,0,0,0.463414634146341,0.536585365853659,1,1.53658536585366
98,"binary",3,"Mixed linear and rule-based","BRP-GABLE rule-only",TRUE,"AUC",0.82745756725625,311.66,NA,41,41,0,18,23,0,0,0,0.439024390243902,0.560975609756098,1,1.5609756097561
98,"binary",3,"Mixed linear and rule-based","GABLE",TRUE,"AUC",0.778948382358253,7.0600000000004,NA,5,5,0,5,0,0,0,0,1,0,1,1
98,"binary",3,"Mixed linear and rule-based","GBM",TRUE,"AUC",0.833714615968117,0.0799999999999272,NA,NA,NA,NA,NA,NA,NA,NA,NA,NA,NA,NA,NA
98,"binary",3,"Mixed linear and rule-based","Linear",TRUE,"AUC",0.84737456804691,0.0100000000002183,NA,20,0,20,20,0,0,0,0,1,0,1,1
98,"binary",3,"Mixed linear and rule-based","Random forest",TRUE,"AUC",0.828914468271265,0.6899999999996,NA,NA,NA,NA,NA,NA,NA,NA,NA,NA,NA,NA,NA
98,"binary",3,"Mixed linear and rule-based","RuleFit",TRUE,"AUC",0.834561464767478,23.7199999999993,NA,64,64,0,0,27,37,0,0,0,0.421875,0.421875,2.578125
99,"binary",3,"Mixed linear and rule-based","BRP-GABLE full",TRUE,"AUC",0.837441323955847,309.56,NA,54,47,7,22,32,0,0,0,0.407407407407407,0.592592592592593,1,1.59259259259259
99,"binary",3,"Mixed linear and rule-based","BRP-GABLE rule-only",TRUE,"AUC",0.831443550841891,310.530000000001,NA,53,53,0,20,33,0,0,0,0.377358490566038,0.622641509433962,1,1.62264150943396
99,"binary",3,"Mixed linear and rule-based","GABLE",TRUE,"AUC",0.787520626732245,6.92000000000007,NA,5,5,0,5,0,0,0,0,1,0,1,1
99,"binary",3,"Mixed linear and rule-based","GBM",TRUE,"AUC",0.839604126948525,0.0599999999994907,NA,NA,NA,NA,NA,NA,NA,NA,NA,NA,NA,NA,NA
99,"binary",3,"Mixed linear and rule-based","Linear",TRUE,"AUC",0.829655233182204,0,NA,20,0,20,20,0,0,0,0,1,0,1,1
99,"binary",3,"Mixed linear and rule-based","Random forest",TRUE,"AUC",0.814683830243996,0.770000000000437,NA,NA,NA,NA,NA,NA,NA,NA,NA,NA,NA,NA,NA
99,"binary",3,"Mixed linear and rule-based","RuleFit",TRUE,"AUC",0.828762075650042,22.1699999999992,NA,58,58,0,0,21,37,0,0,0,0.362068965517241,0.362068965517241,2.63793103448276
100,"binary",3,"Mixed linear and rule-based","BRP-GABLE full",TRUE,"AUC",0.85703197826774,307.679999999999,NA,35,29,6,17,18,0,0,0,0.485714285714286,0.514285714285714,1,1.51428571428571
100,"binary",3,"Mixed linear and rule-based","BRP-GABLE rule-only",TRUE,"AUC",0.841290893015031,308.910000000001,NA,32,32,0,15,17,0,0,0,0.46875,0.53125,1,1.53125
100,"binary",3,"Mixed linear and rule-based","GABLE",TRUE,"AUC",0.817046141043645,6.61999999999989,NA,5,5,0,5,0,0,0,0,1,0,1,1
100,"binary",3,"Mixed linear and rule-based","GBM",TRUE,"AUC",0.861732899648331,0.0399999999999636,NA,NA,NA,NA,NA,NA,NA,NA,NA,NA,NA,NA,NA
100,"binary",3,"Mixed linear and rule-based","Linear",TRUE,"AUC",0.855427663822109,0.0200000000004366,NA,20,0,20,20,0,0,0,0,1,0,1,1
100,"binary",3,"Mixed linear and rule-based","Random forest",TRUE,"AUC",0.847682145700557,0.659999999999854,NA,NA,NA,NA,NA,NA,NA,NA,NA,NA,NA,NA,NA
100,"binary",3,"Mixed linear and rule-based","RuleFit",TRUE,"AUC",0.856179811243004,19.75,NA,58,58,0,0,30,28,0,0,0,0.517241379310345,0.517241379310345,2.48275862068966
1,"binary",4,"Smooth nonlinear misspecified","BRP-GABLE full",TRUE,"AUC",0.857334678353804,346.58,NA,51,51,0,20,31,0,0,0,0.392156862745098,0.607843137254902,1,1.6078431372549
1,"binary",4,"Smooth nonlinear misspecified","BRP-GABLE rule-only",TRUE,"AUC",0.857334678353804,341.9,NA,51,51,0,20,31,0,0,0,0.392156862745098,0.607843137254902,1,1.6078431372549
1,"binary",4,"Smooth nonlinear misspecified","GABLE",TRUE,"AUC",0.796620181668643,7.88999999999999,NA,5,5,0,4,1,0,0,0,0.8,0.2,1,1.2
1,"binary",4,"Smooth nonlinear misspecified","GBM",TRUE,"AUC",0.866802077511349,0.0999999999999659,NA,NA,NA,NA,NA,NA,NA,NA,NA,NA,NA,NA,NA
1,"binary",4,"Smooth nonlinear misspecified","Linear",TRUE,"AUC",0.701723534677445,0.0100000000000477,NA,20,0,20,20,0,0,0,0,1,0,1,1
1,"binary",4,"Smooth nonlinear misspecified","Random forest",TRUE,"AUC",0.847342448573415,1.06,NA,NA,NA,NA,NA,NA,NA,NA,NA,NA,NA,NA,NA
1,"binary",4,"Smooth nonlinear misspecified","RuleFit",TRUE,"AUC",0.760554548304865,18.42,NA,6,6,0,2,3,1,0,0,0.333333333333333,0.5,0.833333333333333,1.83333333333333
2,"binary",4,"Smooth nonlinear misspecified","BRP-GABLE full",TRUE,"AUC",0.856010631178416,384.98,NA,46,44,2,21,25,0,0,0,0.456521739130435,0.543478260869565,1,1.54347826086957
2,"binary",4,"Smooth nonlinear misspecified","BRP-GABLE rule-only",TRUE,"AUC",0.85711246868965,385.64,NA,44,44,0,21,23,0,0,0,0.477272727272727,0.522727272727273,1,1.52272727272727
2,"binary",4,"Smooth nonlinear misspecified","GABLE",TRUE,"AUC",0.755525918277596,7.69,NA,5,5,0,3,2,0,0,0,0.6,0.4,1,1.4
2,"binary",4,"Smooth nonlinear misspecified","GBM",TRUE,"AUC",0.843928660203828,0.0600000000000023,NA,NA,NA,NA,NA,NA,NA,NA,NA,NA,NA,NA,NA
2,"binary",4,"Smooth nonlinear misspecified","Linear",TRUE,"AUC",0.669128472819748,0.0400000000000205,NA,20,0,20,20,0,0,0,0,1,0,1,1
2,"binary",4,"Smooth nonlinear misspecified","Random forest",TRUE,"AUC",0.827427388668999,1.13999999999999,NA,NA,NA,NA,NA,NA,NA,NA,NA,NA,NA,NA,NA
2,"binary",4,"Smooth nonlinear misspecified","RuleFit",TRUE,"AUC",0.767328247194019,23.25,NA,19,19,0,4,12,3,0,0,0.210526315789474,0.631578947368421,0.842105263157895,1.94736842105263
3,"binary",4,"Smooth nonlinear misspecified","BRP-GABLE full",TRUE,"AUC",0.860313735793331,358.23,NA,41,40,1,17,24,0,0,0,0.414634146341463,0.585365853658537,1,1.58536585365854
3,"binary",4,"Smooth nonlinear misspecified","BRP-GABLE rule-only",TRUE,"AUC",0.857206274715867,360.04,NA,42,42,0,18,24,0,0,0,0.428571428571429,0.571428571428571,1,1.57142857142857
3,"binary",4,"Smooth nonlinear misspecified","GABLE",TRUE,"AUC",0.756537672303281,8.82999999999998,NA,5,5,0,4,1,0,0,0,0.8,0.2,1,1.2
3,"binary",4,"Smooth nonlinear misspecified","GBM",TRUE,"AUC",0.866272722742901,0.110000000000014,NA,NA,NA,NA,NA,NA,NA,NA,NA,NA,NA,NA,NA
3,"binary",4,"Smooth nonlinear misspecified","Linear",TRUE,"AUC",0.698993019537142,0.0199999999999818,NA,20,0,20,20,0,0,0,0,1,0,1,1
3,"binary",4,"Smooth nonlinear misspecified","Random forest",TRUE,"AUC",0.854375133063658,1.09000000000003,NA,NA,NA,NA,NA,NA,NA,NA,NA,NA,NA,NA,NA
3,"binary",4,"Smooth nonlinear misspecified","RuleFit",TRUE,"AUC",0.71035835458577,22.22,NA,10,10,0,5,4,1,0,0,0.5,0.4,0.9,1.6
4,"binary",4,"Smooth nonlinear misspecified","BRP-GABLE full",TRUE,"AUC",0.856355698529412,352.25,NA,44,44,0,17,27,0,0,0,0.386363636363636,0.613636363636364,1,1.61363636363636
4,"binary",4,"Smooth nonlinear misspecified","BRP-GABLE rule-only",TRUE,"AUC",0.857375919117647,351.71,NA,44,44,0,17,27,0,0,0,0.386363636363636,0.613636363636364,1,1.61363636363636
4,"binary",4,"Smooth nonlinear misspecified","GABLE",TRUE,"AUC",0.784524356617647,7.83000000000004,NA,5,5,0,5,0,0,0,0,1,0,1,1
4,"binary",4,"Smooth nonlinear misspecified","GBM",TRUE,"AUC",0.844271599264706,0.089999999999975,NA,NA,NA,NA,NA,NA,NA,NA,NA,NA,NA,NA,NA
4,"binary",4,"Smooth nonlinear misspecified","Linear",TRUE,"AUC",0.696907169117647,0.0200000000000387,NA,20,0,20,20,0,0,0,0,1,0,1,1
4,"binary",4,"Smooth nonlinear misspecified","Random forest",TRUE,"AUC",0.818125,1.07999999999998,NA,NA,NA,NA,NA,NA,NA,NA,NA,NA,NA,NA,NA
4,"binary",4,"Smooth nonlinear misspecified","RuleFit",TRUE,"AUC",0.759685202205882,26.03,NA,9,9,0,0,8,1,0,0,0,0.888888888888889,0.888888888888889,2.11111111111111
5,"binary",4,"Smooth nonlinear misspecified","BRP-GABLE full",TRUE,"AUC",0.861049652081613,338.11,NA,45,44,1,17,28,0,0,0,0.377777777777778,0.622222222222222,1,1.62222222222222
5,"binary",4,"Smooth nonlinear misspecified","BRP-GABLE rule-only",TRUE,"AUC",0.861901167590518,333.77,NA,46,46,0,16,30,0,0,0,0.347826086956522,0.652173913043478,1,1.65217391304348
5,"binary",4,"Smooth nonlinear misspecified","GABLE",TRUE,"AUC",0.78829578959783,8.33999999999997,NA,5,5,0,5,0,0,0,0,1,0,1,1
5,"binary",4,"Smooth nonlinear misspecified","GBM",TRUE,"AUC",0.860200495341432,0.0600000000000023,NA,NA,NA,NA,NA,NA,NA,NA,NA,NA,NA,NA,NA
5,"binary",4,"Smooth nonlinear misspecified","Linear",TRUE,"AUC",0.679632032079255,0.0100000000000477,NA,20,0,20,20,0,0,0,0,1,0,1,1
5,"binary",4,"Smooth nonlinear misspecified","Random forest",TRUE,"AUC",0.826267248496285,1.06999999999999,NA,NA,NA,NA,NA,NA,NA,NA,NA,NA,NA,NA,NA
5,"binary",4,"Smooth nonlinear misspecified","RuleFit",TRUE,"AUC",0.801570939969336,24.25,NA,17,17,0,1,9,7,0,0,0.0588235294117647,0.529411764705882,0.588235294117647,2.35294117647059
6,"binary",4,"Smooth nonlinear misspecified","BRP-GABLE full",TRUE,"AUC",0.822072050703049,340.55,NA,40,40,0,12,28,0,0,0,0.3,0.7,1,1.7
6,"binary",4,"Smooth nonlinear misspecified","BRP-GABLE rule-only",TRUE,"AUC",0.822072050703049,335.96,NA,40,40,0,12,28,0,0,0,0.3,0.7,1,1.7
6,"binary",4,"Smooth nonlinear misspecified","GABLE",TRUE,"AUC",0.724124271807814,7.77999999999997,NA,5,5,0,5,0,0,0,0,1,0,1,1
6,"binary",4,"Smooth nonlinear misspecified","GBM",TRUE,"AUC",0.831227822159813,0.0800000000000409,NA,NA,NA,NA,NA,NA,NA,NA,NA,NA,NA,NA,NA
6,"binary",4,"Smooth nonlinear misspecified","Linear",TRUE,"AUC",0.635960834171426,0.0299999999999727,NA,20,0,20,20,0,0,0,0,1,0,1,1
6,"binary",4,"Smooth nonlinear misspecified","Random forest",TRUE,"AUC",0.803727300328279,0.779999999999973,NA,NA,NA,NA,NA,NA,NA,NA,NA,NA,NA,NA,NA
6,"binary",4,"Smooth nonlinear misspecified","RuleFit",TRUE,"AUC",0.709975521357141,21.02,NA,22,22,0,6,14,2,0,0,0.272727272727273,0.636363636363636,0.909090909090909,1.81818181818182
7,"binary",4,"Smooth nonlinear misspecified","BRP-GABLE full",TRUE,"AUC",0.856250923103777,332.67,NA,57,54,3,32,25,0,0,0,0.56140350877193,0.43859649122807,1,1.43859649122807
7,"binary",4,"Smooth nonlinear misspecified","BRP-GABLE rule-only",TRUE,"AUC",0.856078610398736,329.05,NA,54,54,0,29,25,0,0,0,0.537037037037037,0.462962962962963,1,1.46296296296296
7,"binary",4,"Smooth nonlinear misspecified","GABLE",TRUE,"AUC",0.761273055216152,7.74000000000001,NA,5,5,0,5,0,0,0,0,1,0,1,1
7,"binary",4,"Smooth nonlinear misspecified","GBM",TRUE,"AUC",0.852137796456177,0.0599999999999454,NA,NA,NA,NA,NA,NA,NA,NA,NA,NA,NA,NA,NA
7,"binary",4,"Smooth nonlinear misspecified","Linear",TRUE,"AUC",0.705891304250529,0.0299999999999727,NA,20,0,20,20,0,0,0,0,1,0,1,1
7,"binary",4,"Smooth nonlinear misspecified","Random forest",TRUE,"AUC",0.848239501233043,0.780000000000086,NA,NA,NA,NA,NA,NA,NA,NA,NA,NA,NA,NA,NA
7,"binary",4,"Smooth nonlinear misspecified","RuleFit",TRUE,"AUC",0.763123738424838,18.76,NA,9,9,0,1,7,1,0,0,0.111111111111111,0.777777777777778,0.888888888888889,2
8,"binary",4,"Smooth nonlinear misspecified","BRP-GABLE full",TRUE,"AUC",0.846492874522072,335.66,NA,46,43,3,13,33,0,0,0,0.282608695652174,0.717391304347826,1,1.71739130434783
8,"binary",4,"Smooth nonlinear misspecified","BRP-GABLE rule-only",TRUE,"AUC",0.846773259182018,337.87,NA,43,43,0,11,32,0,0,0,0.255813953488372,0.744186046511628,1,1.74418604651163
8,"binary",4,"Smooth nonlinear misspecified","GABLE",TRUE,"AUC",0.740301239717298,9.62,NA,5,5,0,4,1,0,0,0,0.8,0.2,1,1.2
8,"binary",4,"Smooth nonlinear misspecified","GBM",TRUE,"AUC",0.83747190360329,0.110000000000014,NA,NA,NA,NA,NA,NA,NA,NA,NA,NA,NA,NA,NA
8,"binary",4,"Smooth nonlinear misspecified","Linear",TRUE,"AUC",0.700071834086433,0.00999999999999091,NA,20,0,20,20,0,0,0,0,1,0,1,1
8,"binary",4,"Smooth nonlinear misspecified","Random forest",TRUE,"AUC",0.816927354883559,0.799999999999955,NA,NA,NA,NA,NA,NA,NA,NA,NA,NA,NA,NA,NA
8,"binary",4,"Smooth nonlinear misspecified","RuleFit",TRUE,"AUC",0.771257096512571,24.1700000000001,NA,27,27,0,5,14,8,0,0,0.185185185185185,0.518518518518518,0.703703703703704,2.11111111111111
9,"binary",4,"Smooth nonlinear misspecified","BRP-GABLE full",TRUE,"AUC",0.851908937131335,336.62,NA,54,50,4,34,20,0,0,0,0.62962962962963,0.37037037037037,1,1.37037037037037
9,"binary",4,"Smooth nonlinear misspecified","BRP-GABLE rule-only",TRUE,"AUC",0.851744143777355,339.83,NA,51,51,0,31,20,0,0,0,0.607843137254902,0.392156862745098,1,1.3921568627451
9,"binary",4,"Smooth nonlinear misspecified","GABLE",TRUE,"AUC",0.714168350951682,8.36000000000001,NA,5,5,0,5,0,0,0,0,1,0,1,1
9,"binary",4,"Smooth nonlinear misspecified","GBM",TRUE,"AUC",0.848506439057964,0.0800000000000409,NA,NA,NA,NA,NA,NA,NA,NA,NA,NA,NA,NA,NA
9,"binary",4,"Smooth nonlinear misspecified","Linear",TRUE,"AUC",0.709343298484386,0.0299999999999727,NA,20,0,20,20,0,0,0,0,1,0,1,1
9,"binary",4,"Smooth nonlinear misspecified","Random forest",TRUE,"AUC",0.839912950334191,0.809999999999945,NA,NA,NA,NA,NA,NA,NA,NA,NA,NA,NA,NA,NA
9,"binary",4,"Smooth nonlinear misspecified","RuleFit",TRUE,"AUC",0.708948279121167,23.11,NA,12,12,0,0,12,0,0,0,0,1,1,2
10,"binary",4,"Smooth nonlinear misspecified","BRP-GABLE full",TRUE,"AUC",0.85741629011702,327.01,NA,46,45,1,17,29,0,0,0,0.369565217391304,0.630434782608696,1,1.6304347826087
10,"binary",4,"Smooth nonlinear misspecified","BRP-GABLE rule-only",TRUE,"AUC",0.858734793187348,328.8,NA,50,50,0,20,30,0,0,0,0.4,0.6,1,1.6
10,"binary",4,"Smooth nonlinear misspecified","GABLE",TRUE,"AUC",0.736496350364964,9.03999999999996,NA,5,5,0,4,1,0,0,0,0.8,0.2,1,1.2
10,"binary",4,"Smooth nonlinear misspecified","GBM",TRUE,"AUC",0.869451975437377,0.110000000000014,NA,NA,NA,NA,NA,NA,NA,NA,NA,NA,NA,NA,NA
10,"binary",4,"Smooth nonlinear misspecified","Linear",TRUE,"AUC",0.732698412698413,0.0299999999999727,NA,20,0,20,20,0,0,0,0,1,0,1,1
10,"binary",4,"Smooth nonlinear misspecified","Random forest",TRUE,"AUC",0.834758428919013,0.860000000000014,NA,NA,NA,NA,NA,NA,NA,NA,NA,NA,NA,NA,NA
10,"binary",4,"Smooth nonlinear misspecified","RuleFit",TRUE,"AUC",0.729628084810567,23.5600000000001,NA,6,6,0,0,6,0,0,0,0,1,1,2
11,"binary",4,"Smooth nonlinear misspecified","BRP-GABLE full",TRUE,"AUC",0.880718293143443,331.69,NA,57,56,1,28,29,0,0,0,0.491228070175439,0.508771929824561,1,1.50877192982456
11,"binary",4,"Smooth nonlinear misspecified","BRP-GABLE rule-only",TRUE,"AUC",0.881048713384043,323.81,NA,54,54,0,24,30,0,0,0,0.444444444444444,0.555555555555556,1,1.55555555555556
11,"binary",4,"Smooth nonlinear misspecified","GABLE",TRUE,"AUC",0.777343960727194,7.31999999999994,NA,5,5,0,5,0,0,0,0,1,0,1,1
11,"binary",4,"Smooth nonlinear misspecified","GBM",TRUE,"AUC",0.868434302566039,0.0999999999999091,NA,NA,NA,NA,NA,NA,NA,NA,NA,NA,NA,NA,NA
11,"binary",4,"Smooth nonlinear misspecified","Linear",TRUE,"AUC",0.702675729621837,0.00999999999999091,NA,20,0,20,20,0,0,0,0,1,0,1,1
11,"binary",4,"Smooth nonlinear misspecified","Random forest",TRUE,"AUC",0.847062631493769,0.75,NA,NA,NA,NA,NA,NA,NA,NA,NA,NA,NA,NA,NA
11,"binary",4,"Smooth nonlinear misspecified","RuleFit",TRUE,"AUC",0.716002679326033,18.24,NA,7,7,0,2,5,0,0,0,0.285714285714286,0.714285714285714,1,1.71428571428571
12,"binary",4,"Smooth nonlinear misspecified","BRP-GABLE full",TRUE,"AUC",0.847264993854695,305.1,NA,55,50,5,25,30,0,0,0,0.454545454545455,0.545454545454545,1,1.54545454545455
12,"binary",4,"Smooth nonlinear misspecified","BRP-GABLE rule-only",TRUE,"AUC",0.843310823562988,303.87,NA,53,53,0,24,29,0,0,0,0.452830188679245,0.547169811320755,1,1.54716981132075
12,"binary",4,"Smooth nonlinear misspecified","GABLE",TRUE,"AUC",0.732529610244938,5.72000000000003,NA,5,5,0,4,1,0,0,0,0.8,0.2,1,1.2
12,"binary",4,"Smooth nonlinear misspecified","GBM",TRUE,"AUC",0.835653358743135,0.0800000000001546,NA,NA,NA,NA,NA,NA,NA,NA,NA,NA,NA,NA,NA
12,"binary",4,"Smooth nonlinear misspecified","Linear",TRUE,"AUC",0.687371972804147,0.0199999999999818,NA,20,0,20,20,0,0,0,0,1,0,1,1
12,"binary",4,"Smooth nonlinear misspecified","Random forest",TRUE,"AUC",0.820978277381133,0.759999999999991,NA,NA,NA,NA,NA,NA,NA,NA,NA,NA,NA,NA,NA
12,"binary",4,"Smooth nonlinear misspecified","RuleFit",TRUE,"AUC",0.690667881918072,19.3799999999999,NA,10,10,0,1,8,1,0,0,0.1,0.8,0.9,2
13,"binary",4,"Smooth nonlinear misspecified","BRP-GABLE full",TRUE,"AUC",0.880423766984461,332.03,NA,50,46,4,22,28,0,0,0,0.44,0.56,1,1.56
13,"binary",4,"Smooth nonlinear misspecified","BRP-GABLE rule-only",TRUE,"AUC",0.878457886044591,330.53,NA,45,45,0,17,28,0,0,0,0.377777777777778,0.622222222222222,1,1.62222222222222
13,"binary",4,"Smooth nonlinear misspecified","GABLE",TRUE,"AUC",0.773431048720066,7.30999999999995,NA,5,5,0,4,1,0,0,0,0.8,0.2,1,1.2
13,"binary",4,"Smooth nonlinear misspecified","GBM",TRUE,"AUC",0.881193228736581,0.0800000000001546,NA,NA,NA,NA,NA,NA,NA,NA,NA,NA,NA,NA,NA
13,"binary",4,"Smooth nonlinear misspecified","Linear",TRUE,"AUC",0.717067975377224,0.00999999999999091,NA,20,0,20,20,0,0,0,0,1,0,1,1
13,"binary",4,"Smooth nonlinear misspecified","Random forest",TRUE,"AUC",0.857034944823962,0.799999999999955,NA,NA,NA,NA,NA,NA,NA,NA,NA,NA,NA,NA,NA
13,"binary",4,"Smooth nonlinear misspecified","RuleFit",TRUE,"AUC",0.788116507769687,24.4000000000001,NA,26,26,0,6,17,3,0,0,0.230769230769231,0.653846153846154,0.884615384615385,1.88461538461538
14,"binary",4,"Smooth nonlinear misspecified","BRP-GABLE full",TRUE,"AUC",0.851390476190476,342.1,NA,51,51,0,30,21,0,0,0,0.588235294117647,0.411764705882353,1,1.41176470588235
14,"binary",4,"Smooth nonlinear misspecified","BRP-GABLE rule-only",TRUE,"AUC",0.852921428571429,342.52,NA,56,56,0,36,20,0,0,0,0.642857142857143,0.357142857142857,1,1.35714285714286
14,"binary",4,"Smooth nonlinear misspecified","GABLE",TRUE,"AUC",0.755683333333333,7.86000000000013,NA,5,5,0,4,1,0,0,0,0.8,0.2,1,1.2
14,"binary",4,"Smooth nonlinear misspecified","GBM",TRUE,"AUC",0.868247619047619,0.1099999999999,NA,NA,NA,NA,NA,NA,NA,NA,NA,NA,NA,NA,NA
14,"binary",4,"Smooth nonlinear misspecified","Linear",TRUE,"AUC",0.655128571428571,0.0199999999999818,NA,20,0,20,20,0,0,0,0,1,0,1,1
14,"binary",4,"Smooth nonlinear misspecified","Random forest",TRUE,"AUC",0.832640476190476,0.819999999999936,NA,NA,NA,NA,NA,NA,NA,NA,NA,NA,NA,NA,NA
14,"binary",4,"Smooth nonlinear misspecified","RuleFit",TRUE,"AUC",0.715209523809524,19.6099999999999,NA,26,26,0,5,19,2,0,0,0.192307692307692,0.730769230769231,0.923076923076923,1.88461538461538
15,"binary",4,"Smooth nonlinear misspecified","BRP-GABLE full",TRUE,"AUC",0.853444913951707,325.57,NA,39,38,1,13,26,0,0,0,0.333333333333333,0.666666666666667,1,1.66666666666667
15,"binary",4,"Smooth nonlinear misspecified","BRP-GABLE rule-only",TRUE,"AUC",0.851410127592804,325.98,NA,39,39,0,13,26,0,0,0,0.333333333333333,0.666666666666667,1,1.66666666666667
15,"binary",4,"Smooth nonlinear misspecified","GABLE",TRUE,"AUC",0.741797769305236,8.75,NA,5,5,0,4,1,0,0,0,0.8,0.2,1,1.2
15,"binary",4,"Smooth nonlinear misspecified","GBM",TRUE,"AUC",0.852451607871205,0.0900000000001455,NA,NA,NA,NA,NA,NA,NA,NA,NA,NA,NA,NA,NA
15,"binary",4,"Smooth nonlinear misspecified","Linear",TRUE,"AUC",0.679366302836772,0.0199999999999818,NA,20,0,20,20,0,0,0,0,1,0,1,1
15,"binary",4,"Smooth nonlinear misspecified","Random forest",TRUE,"AUC",0.82067728334228,0.849999999999909,NA,NA,NA,NA,NA,NA,NA,NA,NA,NA,NA,NA,NA
15,"binary",4,"Smooth nonlinear misspecified","RuleFit",TRUE,"AUC",0.817791419487151,17.79,NA,16,16,0,4,11,1,0,0,0.25,0.6875,0.9375,1.8125
16,"binary",4,"Smooth nonlinear misspecified","BRP-GABLE full",TRUE,"AUC",0.857770387878122,306.75,NA,63,60,3,32,31,0,0,0,0.507936507936508,0.492063492063492,1,1.49206349206349
16,"binary",4,"Smooth nonlinear misspecified","BRP-GABLE rule-only",TRUE,"AUC",0.858216988218912,303.95,NA,61,61,0,30,31,0,0,0,0.491803278688525,0.508196721311475,1,1.50819672131148
16,"binary",4,"Smooth nonlinear misspecified","GABLE",TRUE,"AUC",0.765383664046611,7.58999999999992,NA,5,5,0,5,0,0,0,0,1,0,1,1
16,"binary",4,"Smooth nonlinear misspecified","GBM",TRUE,"AUC",0.855846571025486,0.0599999999999454,NA,NA,NA,NA,NA,NA,NA,NA,NA,NA,NA,NA,NA
16,"binary",4,"Smooth nonlinear misspecified","Linear",TRUE,"AUC",0.683284779860386,0.00999999999999091,NA,20,0,20,20,0,0,0,0,1,0,1,1
16,"binary",4,"Smooth nonlinear misspecified","Random forest",TRUE,"AUC",0.825191465582,0.790000000000191,NA,NA,NA,NA,NA,NA,NA,NA,NA,NA,NA,NA,NA
16,"binary",4,"Smooth nonlinear misspecified","RuleFit",TRUE,"AUC",0.778060242950585,18.47,NA,13,13,0,2,9,2,0,0,0.153846153846154,0.692307692307692,0.846153846153846,2
17,"binary",4,"Smooth nonlinear misspecified","BRP-GABLE full",TRUE,"AUC",0.848646223470662,327.65,NA,41,39,2,13,28,0,0,0,0.317073170731707,0.682926829268293,1,1.68292682926829
17,"binary",4,"Smooth nonlinear misspecified","BRP-GABLE rule-only",TRUE,"AUC",0.847907400905119,326.32,NA,42,42,0,12,30,0,0,0,0.285714285714286,0.714285714285714,1,1.71428571428571
17,"binary",4,"Smooth nonlinear misspecified","GABLE",TRUE,"AUC",0.785417154338327,8.3599999999999,NA,5,5,0,5,0,0,0,0,1,0,1,1
17,"binary",4,"Smooth nonlinear misspecified","GBM",TRUE,"AUC",0.843710986267166,0.0900000000001455,NA,NA,NA,NA,NA,NA,NA,NA,NA,NA,NA,NA,NA
17,"binary",4,"Smooth nonlinear misspecified","Linear",TRUE,"AUC",0.699881983458177,0,NA,20,0,20,20,0,0,0,0,1,0,1,1
17,"binary",4,"Smooth nonlinear misspecified","Random forest",TRUE,"AUC",0.818327676342072,0.799999999999955,NA,NA,NA,NA,NA,NA,NA,NA,NA,NA,NA,NA,NA
17,"binary",4,"Smooth nonlinear misspecified","RuleFit",TRUE,"AUC",0.768190152933833,18.3100000000002,NA,27,27,0,7,17,3,0,0,0.259259259259259,0.62962962962963,0.888888888888889,1.85185185185185
18,"binary",4,"Smooth nonlinear misspecified","BRP-GABLE full",TRUE,"AUC",0.867249586906916,341.97,NA,51,49,2,34,17,0,0,0,0.666666666666667,0.333333333333333,1,1.33333333333333
18,"binary",4,"Smooth nonlinear misspecified","BRP-GABLE rule-only",TRUE,"AUC",0.869133094657329,352.6,NA,54,54,0,35,19,0,0,0,0.648148148148148,0.351851851851852,1,1.35185185185185
18,"binary",4,"Smooth nonlinear misspecified","GABLE",TRUE,"AUC",0.762486230230545,7.83999999999992,NA,5,5,0,4,1,0,0,0,0.8,0.2,1,1.2
18,"binary",4,"Smooth nonlinear misspecified","GBM",TRUE,"AUC",0.862019533401526,0.0999999999999091,NA,NA,NA,NA,NA,NA,NA,NA,NA,NA,NA,NA,NA
18,"binary",4,"Smooth nonlinear misspecified","Linear",TRUE,"AUC",0.65350834054607,0.00999999999999091,NA,20,0,20,20,0,0,0,0,1,0,1,1
18,"binary",4,"Smooth nonlinear misspecified","Random forest",TRUE,"AUC",0.825679636478086,0.7800000000002,NA,NA,NA,NA,NA,NA,NA,NA,NA,NA,NA,NA,NA
18,"binary",4,"Smooth nonlinear misspecified","RuleFit",TRUE,"AUC",0.725376701550083,22.55,NA,25,25,0,4,14,7,0,0,0.16,0.56,0.72,2.12
19,"binary",4,"Smooth nonlinear misspecified","BRP-GABLE full",TRUE,"AUC",0.870503797515366,333.09,NA,43,40,3,15,28,0,0,0,0.348837209302326,0.651162790697674,1,1.65116279069767
19,"binary",4,"Smooth nonlinear misspecified","BRP-GABLE rule-only",TRUE,"AUC",0.869384969638447,332.09,NA,41,41,0,13,28,0,0,0,0.317073170731707,0.682926829268293,1,1.68292682926829
19,"binary",4,"Smooth nonlinear misspecified","GABLE",TRUE,"AUC",0.777963733264006,7.50999999999999,NA,5,5,0,4,1,0,0,0,0.8,0.2,1,1.2
19,"binary",4,"Smooth nonlinear misspecified","GBM",TRUE,"AUC",0.869062320105476,0.0800000000001546,NA,NA,NA,NA,NA,NA,NA,NA,NA,NA,NA,NA,NA
19,"binary",4,"Smooth nonlinear misspecified","Linear",TRUE,"AUC",0.713756476202856,0.0199999999999818,NA,20,0,20,20,0,0,0,0,1,0,1,1
19,"binary",4,"Smooth nonlinear misspecified","Random forest",TRUE,"AUC",0.847558541159867,0.799999999999955,NA,NA,NA,NA,NA,NA,NA,NA,NA,NA,NA,NA,NA
19,"binary",4,"Smooth nonlinear misspecified","RuleFit",TRUE,"AUC",0.719269372899296,17.5,NA,9,9,0,2,7,0,0,0,0.222222222222222,0.777777777777778,1,1.77777777777778
20,"binary",4,"Smooth nonlinear misspecified","BRP-GABLE full",TRUE,"AUC",0.854620387174834,320.82,NA,45,44,1,12,33,0,0,0,0.266666666666667,0.733333333333333,1,1.73333333333333
20,"binary",4,"Smooth nonlinear misspecified","BRP-GABLE rule-only",TRUE,"AUC",0.854105225347852,319.75,NA,42,42,0,11,31,0,0,0,0.261904761904762,0.738095238095238,1,1.73809523809524
20,"binary",4,"Smooth nonlinear misspecified","GABLE",TRUE,"AUC",0.704795731246219,6.72000000000003,NA,4,4,0,2,2,0,0,0,0.5,0.5,1,1.5
20,"binary",4,"Smooth nonlinear misspecified","GBM",TRUE,"AUC",0.858110726709014,0.0799999999999272,NA,NA,NA,NA,NA,NA,NA,NA,NA,NA,NA,NA,NA
20,"binary",4,"Smooth nonlinear misspecified","Linear",TRUE,"AUC",0.664601293103448,0.00999999999999091,NA,20,0,20,20,0,0,0,0,1,0,1,1
20,"binary",4,"Smooth nonlinear misspecified","Random forest",TRUE,"AUC",0.825915475650333,0.800000000000182,NA,NA,NA,NA,NA,NA,NA,NA,NA,NA,NA,NA,NA
20,"binary",4,"Smooth nonlinear misspecified","RuleFit",TRUE,"AUC",0.674202680732002,18.6599999999999,NA,8,8,0,2,6,0,0,0,0.25,0.75,1,1.75
21,"binary",4,"Smooth nonlinear misspecified","BRP-GABLE full",TRUE,"AUC",0.877853781101191,326.98,NA,52,50,2,27,25,0,0,0,0.519230769230769,0.480769230769231,1,1.48076923076923
21,"binary",4,"Smooth nonlinear misspecified","BRP-GABLE rule-only",TRUE,"AUC",0.878869895755874,325.58,NA,52,52,0,26,26,0,0,0,0.5,0.5,1,1.5
21,"binary",4,"Smooth nonlinear misspecified","GABLE",TRUE,"AUC",0.768480585282041,7.36999999999989,NA,5,5,0,5,0,0,0,0,1,0,1,1
21,"binary",4,"Smooth nonlinear misspecified","GBM",TRUE,"AUC",0.876131004891206,0.0800000000001546,NA,NA,NA,NA,NA,NA,NA,NA,NA,NA,NA,NA,NA
21,"binary",4,"Smooth nonlinear misspecified","Linear",TRUE,"AUC",0.712818286368822,0,NA,20,0,20,20,0,0,0,0,1,0,1,1
21,"binary",4,"Smooth nonlinear misspecified","Random forest",TRUE,"AUC",0.849208585245091,0.779999999999973,NA,NA,NA,NA,NA,NA,NA,NA,NA,NA,NA,NA,NA
21,"binary",4,"Smooth nonlinear misspecified","RuleFit",TRUE,"AUC",0.736660031130058,19.3199999999999,NA,12,12,0,1,11,0,0,0,0.0833333333333333,0.916666666666667,1,1.91666666666667
22,"binary",4,"Smooth nonlinear misspecified","BRP-GABLE full",TRUE,"AUC",0.866737967914438,325.46,NA,57,53,4,33,24,0,0,0,0.578947368421053,0.421052631578947,1,1.42105263157895
22,"binary",4,"Smooth nonlinear misspecified","BRP-GABLE rule-only",TRUE,"AUC",0.868841354723708,321.74,NA,53,53,0,30,23,0,0,0,0.566037735849057,0.433962264150943,1,1.43396226415094
22,"binary",4,"Smooth nonlinear misspecified","GABLE",TRUE,"AUC",0.77309046345811,7.45000000000005,NA,5,5,0,5,0,0,0,0,1,0,1,1
22,"binary",4,"Smooth nonlinear misspecified","GBM",TRUE,"AUC",0.85569073083779,0.0899999999999181,NA,NA,NA,NA,NA,NA,NA,NA,NA,NA,NA,NA,NA
22,"binary",4,"Smooth nonlinear misspecified","Linear",TRUE,"AUC",0.684670231729055,0,NA,20,0,20,20,0,0,0,0,1,0,1,1
22,"binary",4,"Smooth nonlinear misspecified","Random forest",TRUE,"AUC",0.836800356506239,0.769999999999982,NA,NA,NA,NA,NA,NA,NA,NA,NA,NA,NA,NA,NA
22,"binary",4,"Smooth nonlinear misspecified","RuleFit",TRUE,"AUC",0.716530748663102,20.7,NA,8,8,0,1,6,1,0,0,0.125,0.75,0.875,2
23,"binary",4,"Smooth nonlinear misspecified","BRP-GABLE full",TRUE,"AUC",0.865290232881474,313.58,NA,54,53,1,26,28,0,0,0,0.481481481481481,0.518518518518518,1,1.51851851851852
23,"binary",4,"Smooth nonlinear misspecified","BRP-GABLE rule-only",TRUE,"AUC",0.866854362182829,310.69,NA,54,54,0,26,28,0,0,0,0.481481481481481,0.518518518518518,1,1.51851851851852
23,"binary",4,"Smooth nonlinear misspecified","GABLE",TRUE,"AUC",0.731011470281543,6,NA,4,4,0,1,3,0,0,0,0.25,0.75,1,1.75
23,"binary",4,"Smooth nonlinear misspecified","GBM",TRUE,"AUC",0.853692503765496,0.0800000000001546,NA,NA,NA,NA,NA,NA,NA,NA,NA,NA,NA,NA,NA
23,"binary",4,"Smooth nonlinear misspecified","Linear",TRUE,"AUC",0.692003244120032,0,NA,20,0,20,20,0,0,0,0,1,0,1,1
23,"binary",4,"Smooth nonlinear misspecified","Random forest",TRUE,"AUC",0.823209361603522,0.769999999999982,NA,NA,NA,NA,NA,NA,NA,NA,NA,NA,NA,NA,NA
23,"binary",4,"Smooth nonlinear misspecified","RuleFit",TRUE,"AUC",0.7151500405515,23.0599999999999,NA,13,13,0,1,8,4,0,0,0.0769230769230769,0.615384615384615,0.692307692307692,2.23076923076923
24,"binary",4,"Smooth nonlinear misspecified","BRP-GABLE full",TRUE,"AUC",0.846810322568955,321.92,NA,44,42,2,23,21,0,0,0,0.522727272727273,0.477272727272727,1,1.47727272727273
24,"binary",4,"Smooth nonlinear misspecified","BRP-GABLE rule-only",TRUE,"AUC",0.848918956871521,322.22,NA,43,43,0,22,21,0,0,0,0.511627906976744,0.488372093023256,1,1.48837209302326
24,"binary",4,"Smooth nonlinear misspecified","GABLE",TRUE,"AUC",0.777442822263192,7.55000000000018,NA,5,5,0,5,0,0,0,0,1,0,1,1
24,"binary",4,"Smooth nonlinear misspecified","GBM",TRUE,"AUC",0.844189817855671,0.0799999999999272,NA,NA,NA,NA,NA,NA,NA,NA,NA,NA,NA,NA,NA
24,"binary",4,"Smooth nonlinear misspecified","Linear",TRUE,"AUC",0.675890903655117,0,NA,20,0,20,20,0,0,0,0,1,0,1,1
24,"binary",4,"Smooth nonlinear misspecified","Random forest",TRUE,"AUC",0.831270752268311,0.799999999999955,NA,NA,NA,NA,NA,NA,NA,NA,NA,NA,NA,NA,NA
24,"binary",4,"Smooth nonlinear misspecified","RuleFit",TRUE,"AUC",0.722183467038716,22.26,NA,15,15,0,0,11,4,0,0,0,0.733333333333333,0.733333333333333,2.26666666666667
25,"binary",4,"Smooth nonlinear misspecified","BRP-GABLE full",TRUE,"AUC",0.82794222504866,342.47,NA,44,43,1,27,17,0,0,0,0.613636363636364,0.386363636363636,1,1.38636363636364
25,"binary",4,"Smooth nonlinear misspecified","BRP-GABLE rule-only",TRUE,"AUC",0.825489969358848,342.45,NA,49,49,0,31,18,0,0,0,0.63265306122449,0.36734693877551,1,1.36734693877551
25,"binary",4,"Smooth nonlinear misspecified","GABLE",TRUE,"AUC",0.739858549652155,7.63999999999987,NA,5,5,0,4,1,0,0,0,0.8,0.2,1,1.2
25,"binary",4,"Smooth nonlinear misspecified","GBM",TRUE,"AUC",0.848902025399395,0.0599999999999454,NA,NA,NA,NA,NA,NA,NA,NA,NA,NA,NA,NA,NA
25,"binary",4,"Smooth nonlinear misspecified","Linear",TRUE,"AUC",0.69572758281783,0.0199999999999818,NA,20,0,20,20,0,0,0,0,1,0,1,1
25,"binary",4,"Smooth nonlinear misspecified","Random forest",TRUE,"AUC",0.829440558092925,0.830000000000155,NA,NA,NA,NA,NA,NA,NA,NA,NA,NA,NA,NA,NA
25,"binary",4,"Smooth nonlinear misspecified","RuleFit",TRUE,"AUC",0.7148012179376,20.8399999999999,NA,13,13,0,3,8,2,0,0,0.230769230769231,0.615384615384615,0.846153846153846,1.92307692307692
26,"binary",4,"Smooth nonlinear misspecified","BRP-GABLE full",TRUE,"AUC",0.872993732193732,317.46,NA,47,41,6,19,28,0,0,0,0.404255319148936,0.595744680851064,1,1.59574468085106
26,"binary",4,"Smooth nonlinear misspecified","BRP-GABLE rule-only",TRUE,"AUC",0.873536182336182,316.4,NA,43,43,0,14,29,0,0,0,0.325581395348837,0.674418604651163,1,1.67441860465116
26,"binary",4,"Smooth nonlinear misspecified","GABLE",TRUE,"AUC",0.763865527065527,7.2800000000002,NA,5,5,0,4,1,0,0,0,0.8,0.2,1,1.2
26,"binary",4,"Smooth nonlinear misspecified","GBM",TRUE,"AUC",0.868754415954416,0.0999999999999091,NA,NA,NA,NA,NA,NA,NA,NA,NA,NA,NA,NA,NA
26,"binary",4,"Smooth nonlinear misspecified","Linear",TRUE,"AUC",0.667291168091168,0.0100000000002183,NA,20,0,20,20,0,0,0,0,1,0,1,1
26,"binary",4,"Smooth nonlinear misspecified","Random forest",TRUE,"AUC",0.836672364672365,0.75,NA,NA,NA,NA,NA,NA,NA,NA,NA,NA,NA,NA,NA
26,"binary",4,"Smooth nonlinear misspecified","RuleFit",TRUE,"AUC",0.734181196581197,18.1199999999999,NA,9,9,0,1,7,1,0,0,0.111111111111111,0.777777777777778,0.888888888888889,2
27,"binary",4,"Smooth nonlinear misspecified","BRP-GABLE full",TRUE,"AUC",0.849593748061775,307.63,NA,41,40,1,16,25,0,0,0,0.390243902439024,0.609756097560976,1,1.60975609756098
27,"binary",4,"Smooth nonlinear misspecified","BRP-GABLE rule-only",TRUE,"AUC",0.848336585575313,306.92,NA,39,39,0,14,25,0,0,0,0.358974358974359,0.641025641025641,1,1.64102564102564
27,"binary",4,"Smooth nonlinear misspecified","GABLE",TRUE,"AUC",0.722343618051613,6.82000000000016,NA,5,5,0,4,1,0,0,0,0.8,0.2,1,1.2
27,"binary",4,"Smooth nonlinear misspecified","GBM",TRUE,"AUC",0.85099165549454,0.0599999999999454,NA,NA,NA,NA,NA,NA,NA,NA,NA,NA,NA,NA,NA
27,"binary",4,"Smooth nonlinear misspecified","Linear",TRUE,"AUC",0.670971712651301,0.0199999999999818,NA,20,0,20,20,0,0,0,0,1,0,1,1
27,"binary",4,"Smooth nonlinear misspecified","Random forest",TRUE,"AUC",0.827589826287339,0.759999999999764,NA,NA,NA,NA,NA,NA,NA,NA,NA,NA,NA,NA,NA
27,"binary",4,"Smooth nonlinear misspecified","RuleFit",TRUE,"AUC",0.744306986197453,18.54,NA,9,9,0,0,8,1,0,0,0,0.888888888888889,0.888888888888889,2.11111111111111
28,"binary",4,"Smooth nonlinear misspecified","BRP-GABLE full",TRUE,"AUC",0.869600043691176,329.51,NA,67,64,3,37,30,0,0,0,0.552238805970149,0.447761194029851,1,1.44776119402985
28,"binary",4,"Smooth nonlinear misspecified","BRP-GABLE rule-only",TRUE,"AUC",0.868054923449418,329.96,NA,68,68,0,39,29,0,0,0,0.573529411764706,0.426470588235294,1,1.42647058823529
28,"binary",4,"Smooth nonlinear misspecified","GABLE",TRUE,"AUC",0.776071344049808,7.97000000000025,NA,5,5,0,5,0,0,0,0,1,0,1,1
28,"binary",4,"Smooth nonlinear misspecified","GBM",TRUE,"AUC",0.861394294660574,0.0799999999999272,NA,NA,NA,NA,NA,NA,NA,NA,NA,NA,NA,NA,NA
28,"binary",4,"Smooth nonlinear misspecified","Linear",TRUE,"AUC",0.668734412262657,0.0100000000002183,NA,20,0,20,20,0,0,0,0,1,0,1,1
28,"binary",4,"Smooth nonlinear misspecified","Random forest",TRUE,"AUC",0.841951721250296,0.809999999999945,NA,NA,NA,NA,NA,NA,NA,NA,NA,NA,NA,NA,NA
28,"binary",4,"Smooth nonlinear misspecified","RuleFit",TRUE,"AUC",0.71771859241594,15.6599999999999,NA,6,6,0,0,5,1,0,0,0,0.833333333333333,0.833333333333333,2.16666666666667
29,"binary",4,"Smooth nonlinear misspecified","BRP-GABLE full",TRUE,"AUC",0.85649045951514,308.79,NA,46,44,2,21,25,0,0,0,0.456521739130435,0.543478260869565,1,1.54347826086957
29,"binary",4,"Smooth nonlinear misspecified","BRP-GABLE rule-only",TRUE,"AUC",0.854888364933428,306.02,NA,47,47,0,21,26,0,0,0,0.446808510638298,0.553191489361702,1,1.5531914893617
29,"binary",4,"Smooth nonlinear misspecified","GABLE",TRUE,"AUC",0.775411452302226,7.57000000000016,NA,5,5,0,5,0,0,0,0,1,0,1,1
29,"binary",4,"Smooth nonlinear misspecified","GBM",TRUE,"AUC",0.855588264017746,0.0599999999999454,NA,NA,NA,NA,NA,NA,NA,NA,NA,NA,NA,NA,NA
29,"binary",4,"Smooth nonlinear misspecified","Linear",TRUE,"AUC",0.658807334756384,0,NA,20,0,20,20,0,0,0,0,1,0,1,1
29,"binary",4,"Smooth nonlinear misspecified","Random forest",TRUE,"AUC",0.828108505285284,0.769999999999982,NA,NA,NA,NA,NA,NA,NA,NA,NA,NA,NA,NA,NA
29,"binary",4,"Smooth nonlinear misspecified","RuleFit",TRUE,"AUC",0.726144137356939,17.4400000000001,NA,15,15,0,5,9,1,0,0,0.333333333333333,0.6,0.933333333333333,1.73333333333333
30,"binary",4,"Smooth nonlinear misspecified","BRP-GABLE full",TRUE,"AUC",0.854416339969586,331.72,NA,60,56,4,38,22,0,0,0,0.633333333333333,0.366666666666667,1,1.36666666666667
30,"binary",4,"Smooth nonlinear misspecified","BRP-GABLE rule-only",TRUE,"AUC",0.85183531676828,330.98,NA,56,56,0,34,22,0,0,0,0.607142857142857,0.392857142857143,1,1.39285714285714
30,"binary",4,"Smooth nonlinear misspecified","GABLE",TRUE,"AUC",0.778652845403686,8.65999999999985,NA,5,5,0,5,0,0,0,0,1,0,1,1
30,"binary",4,"Smooth nonlinear misspecified","GBM",TRUE,"AUC",0.870274518557789,0.0799999999999272,NA,NA,NA,NA,NA,NA,NA,NA,NA,NA,NA,NA,NA
30,"binary",4,"Smooth nonlinear misspecified","Linear",TRUE,"AUC",0.691030595588543,0.0100000000002183,NA,20,0,20,20,0,0,0,0,1,0,1,1
30,"binary",4,"Smooth nonlinear misspecified","Random forest",TRUE,"AUC",0.848856676479205,0.809999999999945,NA,NA,NA,NA,NA,NA,NA,NA,NA,NA,NA,NA,NA
30,"binary",4,"Smooth nonlinear misspecified","RuleFit",TRUE,"AUC",0.779224855951002,19.9700000000003,NA,19,19,0,2,16,1,0,0,0.105263157894737,0.842105263157895,0.947368421052632,1.94736842105263
31,"binary",4,"Smooth nonlinear misspecified","BRP-GABLE full",TRUE,"AUC",0.830219047619048,314.25,NA,38,36,2,18,20,0,0,0,0.473684210526316,0.526315789473684,1,1.52631578947368
31,"binary",4,"Smooth nonlinear misspecified","BRP-GABLE rule-only",TRUE,"AUC",0.829783333333333,314.11,NA,43,43,0,21,22,0,0,0,0.488372093023256,0.511627906976744,1,1.51162790697674
31,"binary",4,"Smooth nonlinear misspecified","GABLE",TRUE,"AUC",0.723614285714286,7.48000000000002,NA,5,5,0,4,1,0,0,0,0.8,0.2,1,1.2
31,"binary",4,"Smooth nonlinear misspecified","GBM",TRUE,"AUC",0.840235714285714,0.0700000000001637,NA,NA,NA,NA,NA,NA,NA,NA,NA,NA,NA,NA,NA
31,"binary",4,"Smooth nonlinear misspecified","Linear",TRUE,"AUC",0.670628571428571,0.0199999999999818,NA,20,0,20,20,0,0,0,0,1,0,1,1
31,"binary",4,"Smooth nonlinear misspecified","Random forest",TRUE,"AUC",0.811804761904762,0.769999999999982,NA,NA,NA,NA,NA,NA,NA,NA,NA,NA,NA,NA,NA
31,"binary",4,"Smooth nonlinear misspecified","RuleFit",TRUE,"AUC",0.715954761904762,19.8499999999999,NA,19,19,0,0,16,3,0,0,0,0.842105263157895,0.842105263157895,2.15789473684211
32,"binary",4,"Smooth nonlinear misspecified","BRP-GABLE full",TRUE,"AUC",0.850986601931815,336.14,NA,32,31,1,11,21,0,0,0,0.34375,0.65625,1,1.65625
32,"binary",4,"Smooth nonlinear misspecified","BRP-GABLE rule-only",TRUE,"AUC",0.84894736107817,333.55,NA,38,38,0,16,22,0,0,0,0.421052631578947,0.578947368421053,1,1.57894736842105
32,"binary",4,"Smooth nonlinear misspecified","GABLE",TRUE,"AUC",0.768389208997772,7.40999999999985,NA,5,5,0,5,0,0,0,0,1,0,1,1
32,"binary",4,"Smooth nonlinear misspecified","GBM",TRUE,"AUC",0.842301807646339,0.0599999999999454,NA,NA,NA,NA,NA,NA,NA,NA,NA,NA,NA,NA,NA
32,"binary",4,"Smooth nonlinear misspecified","Linear",TRUE,"AUC",0.666499248945501,0,NA,20,0,20,20,0,0,0,0,1,0,1,1
32,"binary",4,"Smooth nonlinear misspecified","Random forest",TRUE,"AUC",0.81965623561254,0.7800000000002,NA,NA,NA,NA,NA,NA,NA,NA,NA,NA,NA,NA,NA
32,"binary",4,"Smooth nonlinear misspecified","RuleFit",TRUE,"AUC",0.710669624379741,18.77,NA,9,9,0,0,6,3,0,0,0,0.666666666666667,0.666666666666667,2.33333333333333
33,"binary",4,"Smooth nonlinear misspecified","BRP-GABLE full",TRUE,"AUC",0.842849392617054,330.86,NA,49,47,2,27,22,0,0,0,0.551020408163265,0.448979591836735,1,1.44897959183673
33,"binary",4,"Smooth nonlinear misspecified","BRP-GABLE rule-only",TRUE,"AUC",0.841092109918622,329.23,NA,49,49,0,27,22,0,0,0,0.551020408163265,0.448979591836735,1,1.44897959183673
33,"binary",4,"Smooth nonlinear misspecified","GABLE",TRUE,"AUC",0.748442033258639,7.38999999999987,NA,5,5,0,5,0,0,0,0,1,0,1,1
33,"binary",4,"Smooth nonlinear misspecified","GBM",TRUE,"AUC",0.84834768250973,0.0799999999999272,NA,NA,NA,NA,NA,NA,NA,NA,NA,NA,NA,NA,NA
33,"binary",4,"Smooth nonlinear misspecified","Linear",TRUE,"AUC",0.675702323387192,0.0100000000002183,NA,20,0,20,20,0,0,0,0,1,0,1,1
33,"binary",4,"Smooth nonlinear misspecified","Random forest",TRUE,"AUC",0.828234461611039,0.960000000000036,NA,NA,NA,NA,NA,NA,NA,NA,NA,NA,NA,NA,NA
33,"binary",4,"Smooth nonlinear misspecified","RuleFit",TRUE,"AUC",0.724333058143649,25,NA,12,12,0,0,10,2,0,0,0,0.833333333333333,0.833333333333333,2.16666666666667
34,"binary",4,"Smooth nonlinear misspecified","BRP-GABLE full",TRUE,"AUC",0.879178779069767,311.62,NA,51,50,1,23,28,0,0,0,0.450980392156863,0.549019607843137,1,1.54901960784314
34,"binary",4,"Smooth nonlinear misspecified","BRP-GABLE rule-only",TRUE,"AUC",0.878766491502683,309.88,NA,56,56,0,27,29,0,0,0,0.482142857142857,0.517857142857143,1,1.51785714285714
34,"binary",4,"Smooth nonlinear misspecified","GABLE",TRUE,"AUC",0.743149504323196,7.11000000000013,NA,5,5,0,4,1,0,0,0,0.8,0.2,1,1.2
34,"binary",4,"Smooth nonlinear misspecified","GBM",TRUE,"AUC",0.885856905933214,0.0799999999999272,NA,NA,NA,NA,NA,NA,NA,NA,NA,NA,NA,NA,NA
34,"binary",4,"Smooth nonlinear misspecified","Linear",TRUE,"AUC",0.702249180083482,0.0100000000002183,NA,20,0,20,20,0,0,0,0,1,0,1,1
34,"binary",4,"Smooth nonlinear misspecified","Random forest",TRUE,"AUC",0.855554934406679,0.809999999999945,NA,NA,NA,NA,NA,NA,NA,NA,NA,NA,NA,NA,NA
34,"binary",4,"Smooth nonlinear misspecified","RuleFit",TRUE,"AUC",0.789167318872988,18.3199999999997,NA,14,14,0,0,12,2,0,0,0,0.857142857142857,0.857142857142857,2.14285714285714
35,"binary",4,"Smooth nonlinear misspecified","BRP-GABLE full",TRUE,"AUC",0.858656769401613,324.19,NA,45,44,1,24,21,0,0,0,0.533333333333333,0.466666666666667,1,1.46666666666667
35,"binary",4,"Smooth nonlinear misspecified","BRP-GABLE rule-only",TRUE,"AUC",0.860135897762648,323.48,NA,48,48,0,27,21,0,0,0,0.5625,0.4375,1,1.4375
35,"binary",4,"Smooth nonlinear misspecified","GABLE",TRUE,"AUC",0.778858932114835,7.10999999999967,NA,5,5,0,3,2,0,0,0,0.6,0.4,1,1.4
35,"binary",4,"Smooth nonlinear misspecified","GBM",TRUE,"AUC",0.855518741694125,0.0799999999999272,NA,NA,NA,NA,NA,NA,NA,NA,NA,NA,NA,NA,NA
35,"binary",4,"Smooth nonlinear misspecified","Linear",TRUE,"AUC",0.674842074602683,0.00999999999976353,NA,20,0,20,20,0,0,0,0,1,0,1,1
35,"binary",4,"Smooth nonlinear misspecified","Random forest",TRUE,"AUC",0.833297682547196,0.830000000000382,NA,NA,NA,NA,NA,NA,NA,NA,NA,NA,NA,NA,NA
35,"binary",4,"Smooth nonlinear misspecified","RuleFit",TRUE,"AUC",0.728438859660301,20.1400000000003,NA,15,15,0,3,10,2,0,0,0.2,0.666666666666667,0.866666666666667,1.93333333333333
36,"binary",4,"Smooth nonlinear misspecified","BRP-GABLE full",TRUE,"AUC",0.853843613633683,336.66,NA,44,43,1,19,25,0,0,0,0.431818181818182,0.568181818181818,1,1.56818181818182
36,"binary",4,"Smooth nonlinear misspecified","BRP-GABLE rule-only",TRUE,"AUC",0.854626724849629,335.57,NA,43,43,0,18,25,0,0,0,0.418604651162791,0.581395348837209,1,1.58139534883721
36,"binary",4,"Smooth nonlinear misspecified","GABLE",TRUE,"AUC",0.769366670597948,7.38000000000011,NA,5,5,0,3,2,0,0,0,0.6,0.4,1,1.4
36,"binary",4,"Smooth nonlinear misspecified","GBM",TRUE,"AUC",0.86338247434839,0.0799999999999272,NA,NA,NA,NA,NA,NA,NA,NA,NA,NA,NA,NA,NA
36,"binary",4,"Smooth nonlinear misspecified","Linear",TRUE,"AUC",0.674348390140347,0,NA,20,0,20,20,0,0,0,0,1,0,1,1
36,"binary",4,"Smooth nonlinear misspecified","Random forest",TRUE,"AUC",0.831006014860243,0.789999999999964,NA,NA,NA,NA,NA,NA,NA,NA,NA,NA,NA,NA,NA
36,"binary",4,"Smooth nonlinear misspecified","RuleFit",TRUE,"AUC",0.800021228918505,19.25,NA,21,21,0,0,14,7,0,0,0,0.666666666666667,0.666666666666667,2.33333333333333
37,"binary",4,"Smooth nonlinear misspecified","BRP-GABLE full",TRUE,"AUC",0.871098006840429,328.75,NA,53,51,2,29,24,0,0,0,0.547169811320755,0.452830188679245,1,1.45283018867925
37,"binary",4,"Smooth nonlinear misspecified","BRP-GABLE rule-only",TRUE,"AUC",0.870767779219248,326.29,NA,56,56,0,31,25,0,0,0,0.553571428571429,0.446428571428571,1,1.44642857142857
37,"binary",4,"Smooth nonlinear misspecified","GABLE",TRUE,"AUC",0.773126547941974,7.55999999999995,NA,5,5,0,5,0,0,0,0,1,0,1,1
37,"binary",4,"Smooth nonlinear misspecified","GBM",TRUE,"AUC",0.872369383181979,0.0799999999999272,NA,NA,NA,NA,NA,NA,NA,NA,NA,NA,NA,NA,NA
37,"binary",4,"Smooth nonlinear misspecified","Linear",TRUE,"AUC",0.686585682273853,0.0199999999999818,NA,20,0,20,20,0,0,0,0,1,0,1,1
37,"binary",4,"Smooth nonlinear misspecified","Random forest",TRUE,"AUC",0.848019813657271,0.7800000000002,NA,NA,NA,NA,NA,NA,NA,NA,NA,NA,NA,NA,NA
37,"binary",4,"Smooth nonlinear misspecified","RuleFit",TRUE,"AUC",0.745243542870622,17.6399999999999,NA,7,7,0,0,6,1,0,0,0,0.857142857142857,0.857142857142857,2.14285714285714
38,"binary",4,"Smooth nonlinear misspecified","BRP-GABLE full",TRUE,"AUC",0.8554745982633,337.51,NA,35,34,1,14,21,0,0,0,0.4,0.6,1,1.6
38,"binary",4,"Smooth nonlinear misspecified","BRP-GABLE rule-only",TRUE,"AUC",0.856541618543814,337.369999999999,NA,42,42,0,20,22,0,0,0,0.476190476190476,0.523809523809524,1,1.52380952380952
38,"binary",4,"Smooth nonlinear misspecified","GABLE",TRUE,"AUC",0.768758406646419,7.67000000000007,NA,5,5,0,4,1,0,0,0,0.8,0.2,1,1.2
38,"binary",4,"Smooth nonlinear misspecified","GBM",TRUE,"AUC",0.85619228228271,0.0599999999999454,NA,NA,NA,NA,NA,NA,NA,NA,NA,NA,NA,NA,NA
38,"binary",4,"Smooth nonlinear misspecified","Linear",TRUE,"AUC",0.710416874604917,0.0199999999999818,NA,20,0,20,20,0,0,0,0,1,0,1,1
38,"binary",4,"Smooth nonlinear misspecified","Random forest",TRUE,"AUC",0.825880826429783,0.809999999999945,NA,NA,NA,NA,NA,NA,NA,NA,NA,NA,NA,NA,NA
38,"binary",4,"Smooth nonlinear misspecified","RuleFit",TRUE,"AUC",0.76908873141032,22.7200000000003,NA,15,15,0,1,10,4,0,0,0.0666666666666667,0.666666666666667,0.733333333333333,2.2
39,"binary",4,"Smooth nonlinear misspecified","BRP-GABLE full",TRUE,"AUC",0.875377347942755,320.93,NA,55,52,3,30,25,0,0,0,0.545454545454545,0.454545454545455,1,1.45454545454545
39,"binary",4,"Smooth nonlinear misspecified","BRP-GABLE rule-only",TRUE,"AUC",0.875330761776983,320.37,NA,51,51,0,26,25,0,0,0,0.509803921568627,0.490196078431373,1,1.49019607843137
39,"binary",4,"Smooth nonlinear misspecified","GABLE",TRUE,"AUC",0.727624664579606,6.51999999999998,NA,5,5,0,3,2,0,0,0,0.6,0.4,1,1.4
39,"binary",4,"Smooth nonlinear misspecified","GBM",TRUE,"AUC",0.886294815891473,0.0599999999999454,NA,NA,NA,NA,NA,NA,NA,NA,NA,NA,NA,NA,NA
39,"binary",4,"Smooth nonlinear misspecified","Linear",TRUE,"AUC",0.701210308586762,0.0100000000002183,NA,20,0,20,20,0,0,0,0,1,0,1,1
39,"binary",4,"Smooth nonlinear misspecified","Random forest",TRUE,"AUC",0.852722495527728,0.75,NA,NA,NA,NA,NA,NA,NA,NA,NA,NA,NA,NA,NA
39,"binary",4,"Smooth nonlinear misspecified","RuleFit",TRUE,"AUC",0.773821835867621,32.2199999999998,NA,17,17,0,4,10,3,0,0,0.235294117647059,0.588235294117647,0.823529411764706,1.94117647058824
40,"binary",4,"Smooth nonlinear misspecified","BRP-GABLE full",TRUE,"AUC",0.871575502571295,316.77,NA,61,57,4,30,31,0,0,0,0.491803278688525,0.508196721311475,1,1.50819672131148
40,"binary",4,"Smooth nonlinear misspecified","BRP-GABLE rule-only",TRUE,"AUC",0.870874240299205,318.09,NA,58,58,0,27,31,0,0,0,0.46551724137931,0.53448275862069,1,1.53448275862069
40,"binary",4,"Smooth nonlinear misspecified","GABLE",TRUE,"AUC",0.7465100514259,7.27999999999975,NA,5,5,0,5,0,0,0,0,1,0,1,1
40,"binary",4,"Smooth nonlinear misspecified","GBM",TRUE,"AUC",0.864672744273025,0.0999999999999091,NA,NA,NA,NA,NA,NA,NA,NA,NA,NA,NA,NA,NA
40,"binary",4,"Smooth nonlinear misspecified","Linear",TRUE,"AUC",0.671594202898551,0.0100000000002183,NA,20,0,20,20,0,0,0,0,1,0,1,1
40,"binary",4,"Smooth nonlinear misspecified","Random forest",TRUE,"AUC",0.852405329593268,0.970000000000255,NA,NA,NA,NA,NA,NA,NA,NA,NA,NA,NA,NA,NA
40,"binary",4,"Smooth nonlinear misspecified","RuleFit",TRUE,"AUC",0.679240299205236,21.4400000000001,NA,9,9,0,1,6,2,0,0,0.111111111111111,0.666666666666667,0.777777777777778,2.11111111111111
41,"binary",4,"Smooth nonlinear misspecified","BRP-GABLE full",TRUE,"AUC",0.845898870569322,340.89,NA,66,61,5,47,19,0,0,0,0.712121212121212,0.287878787878788,1,1.28787878787879
41,"binary",4,"Smooth nonlinear misspecified","BRP-GABLE rule-only",TRUE,"AUC",0.844232497437218,339.29,NA,67,67,0,49,18,0,0,0,0.73134328358209,0.26865671641791,1,1.26865671641791
41,"binary",4,"Smooth nonlinear misspecified","GABLE",TRUE,"AUC",0.755467645717331,7.38999999999987,NA,5,5,0,5,0,0,0,0,1,0,1,1
41,"binary",4,"Smooth nonlinear misspecified","GBM",TRUE,"AUC",0.848732608077168,0.0900000000001455,NA,NA,NA,NA,NA,NA,NA,NA,NA,NA,NA,NA,NA
41,"binary",4,"Smooth nonlinear misspecified","Linear",TRUE,"AUC",0.674298565293377,0.00999999999976353,NA,20,0,20,20,0,0,0,0,1,0,1,1
41,"binary",4,"Smooth nonlinear misspecified","Random forest",TRUE,"AUC",0.829838014080627,0.789999999999964,NA,NA,NA,NA,NA,NA,NA,NA,NA,NA,NA,NA,NA
41,"binary",4,"Smooth nonlinear misspecified","RuleFit",TRUE,"AUC",0.721388283003446,17.9200000000001,NA,12,12,0,1,11,0,0,0,0.0833333333333333,0.916666666666667,1,1.91666666666667
42,"binary",4,"Smooth nonlinear misspecified","BRP-GABLE full",TRUE,"AUC",0.854867338662959,326.53,NA,47,43,4,30,17,0,0,0,0.638297872340426,0.361702127659574,1,1.36170212765957
42,"binary",4,"Smooth nonlinear misspecified","BRP-GABLE rule-only",TRUE,"AUC",0.854800139033716,324.360000000001,NA,45,45,0,28,17,0,0,0,0.622222222222222,0.377777777777778,1,1.37777777777778
42,"binary",4,"Smooth nonlinear misspecified","GABLE",TRUE,"AUC",0.769310624493106,6.73000000000002,NA,5,5,0,4,1,0,0,0,0.8,0.2,1,1.2
42,"binary",4,"Smooth nonlinear misspecified","GBM",TRUE,"AUC",0.851433205885761,0.0999999999999091,NA,NA,NA,NA,NA,NA,NA,NA,NA,NA,NA,NA,NA
42,"binary",4,"Smooth nonlinear misspecified","Linear",TRUE,"AUC",0.695766423357664,0.0100000000002183,NA,20,0,20,20,0,0,0,0,1,0,1,1
42,"binary",4,"Smooth nonlinear misspecified","Random forest",TRUE,"AUC",0.835043448036149,0.7800000000002,NA,NA,NA,NA,NA,NA,NA,NA,NA,NA,NA,NA,NA
42,"binary",4,"Smooth nonlinear misspecified","RuleFit",TRUE,"AUC",0.780776271579191,22.5699999999997,NA,27,27,0,2,19,6,0,0,0.0740740740740741,0.703703703703704,0.777777777777778,2.14814814814815
43,"binary",4,"Smooth nonlinear misspecified","BRP-GABLE full",TRUE,"AUC",0.867354883559263,324.8,NA,43,42,1,12,31,0,0,0,0.27906976744186,0.720930232558139,1,1.72093023255814
43,"binary",4,"Smooth nonlinear misspecified","BRP-GABLE rule-only",TRUE,"AUC",0.867310856215966,322.48,NA,44,44,0,13,31,0,0,0,0.295454545454545,0.704545454545455,1,1.70454545454545
43,"binary",4,"Smooth nonlinear misspecified","GABLE",TRUE,"AUC",0.758959564361024,7.82999999999993,NA,5,5,0,5,0,0,0,0,1,0,1,1
43,"binary",4,"Smooth nonlinear misspecified","GBM",TRUE,"AUC",0.868395319198239,0.0600000000004002,NA,NA,NA,NA,NA,NA,NA,NA,NA,NA,NA,NA,NA
43,"binary",4,"Smooth nonlinear misspecified","Linear",TRUE,"AUC",0.6908585331943,0,NA,20,0,20,20,0,0,0,0,1,0,1,1
43,"binary",4,"Smooth nonlinear misspecified","Random forest",TRUE,"AUC",0.851345151199166,0.75,NA,NA,NA,NA,NA,NA,NA,NA,NA,NA,NA,NA,NA
43,"binary",4,"Smooth nonlinear misspecified","RuleFit",TRUE,"AUC",0.794123508284092,19.6199999999999,NA,16,16,0,0,13,3,0,0,0,0.8125,0.8125,2.1875
44,"binary",4,"Smooth nonlinear misspecified","BRP-GABLE full",TRUE,"AUC",0.857642776477203,368.9,NA,50,48,2,25,25,0,0,0,0.5,0.5,1,1.5
44,"binary",4,"Smooth nonlinear misspecified","BRP-GABLE rule-only",TRUE,"AUC",0.858180778309317,320.07,NA,50,50,0,25,25,0,0,0,0.5,0.5,1,1.5
44,"binary",4,"Smooth nonlinear misspecified","GABLE",TRUE,"AUC",0.753086240239629,7.32999999999993,NA,5,5,0,4,1,0,0,0,0.8,0.2,1,1.2
44,"binary",4,"Smooth nonlinear misspecified","GBM",TRUE,"AUC",0.851579350423374,0.0700000000001637,NA,NA,NA,NA,NA,NA,NA,NA,NA,NA,NA,NA,NA
44,"binary",4,"Smooth nonlinear misspecified","Linear",TRUE,"AUC",0.663739161201828,0,NA,20,0,20,20,0,0,0,0,1,0,1,1
44,"binary",4,"Smooth nonlinear misspecified","Random forest",TRUE,"AUC",0.813347292299788,0.789999999999964,NA,NA,NA,NA,NA,NA,NA,NA,NA,NA,NA,NA,NA
44,"binary",4,"Smooth nonlinear misspecified","RuleFit",TRUE,"AUC",0.721293240079682,20.6300000000001,NA,11,11,0,1,9,1,0,0,0.0909090909090909,0.818181818181818,0.909090909090909,2
45,"binary",4,"Smooth nonlinear misspecified","BRP-GABLE full",TRUE,"AUC",0.867440745123351,325.23,NA,52,52,0,24,28,0,0,0,0.461538461538462,0.538461538461538,1,1.53846153846154
45,"binary",4,"Smooth nonlinear misspecified","BRP-GABLE rule-only",TRUE,"AUC",0.867427298479633,325.16,NA,51,51,0,24,27,0,0,0,0.470588235294118,0.529411764705882,1,1.52941176470588
45,"binary",4,"Smooth nonlinear misspecified","GABLE",TRUE,"AUC",0.766418351979346,7.80999999999995,NA,5,5,0,5,0,0,0,0,1,0,1,1
45,"binary",4,"Smooth nonlinear misspecified","GBM",TRUE,"AUC",0.863897554503729,0.0700000000001637,NA,NA,NA,NA,NA,NA,NA,NA,NA,NA,NA,NA,NA
45,"binary",4,"Smooth nonlinear misspecified","Linear",TRUE,"AUC",0.686074655765921,0.0199999999999818,NA,20,0,20,20,0,0,0,0,1,0,1,1
45,"binary",4,"Smooth nonlinear misspecified","Random forest",TRUE,"AUC",0.830614870195066,0.820000000000164,NA,NA,NA,NA,NA,NA,NA,NA,NA,NA,NA,NA,NA
45,"binary",4,"Smooth nonlinear misspecified","RuleFit",TRUE,"AUC",0.735630020080321,18.4699999999998,NA,15,15,0,1,11,3,0,0,0.0666666666666667,0.733333333333333,0.8,2.13333333333333
46,"binary",4,"Smooth nonlinear misspecified","BRP-GABLE full",TRUE,"AUC",0.830546715871249,319.55,NA,36,36,0,12,24,0,0,0,0.333333333333333,0.666666666666667,1,1.66666666666667
46,"binary",4,"Smooth nonlinear misspecified","BRP-GABLE rule-only",TRUE,"AUC",0.830546715871249,317.28,NA,35,35,0,11,24,0,0,0,0.314285714285714,0.685714285714286,1,1.68571428571429
46,"binary",4,"Smooth nonlinear misspecified","GABLE",TRUE,"AUC",0.735567707876274,6.47000000000025,NA,5,5,0,4,1,0,0,0,0.8,0.2,1,1.2
46,"binary",4,"Smooth nonlinear misspecified","GBM",TRUE,"AUC",0.833463426800486,0.0700000000001637,NA,NA,NA,NA,NA,NA,NA,NA,NA,NA,NA,NA,NA
46,"binary",4,"Smooth nonlinear misspecified","Linear",TRUE,"AUC",0.690837878906845,0,NA,20,0,20,20,0,0,0,0,1,0,1,1
46,"binary",4,"Smooth nonlinear misspecified","Random forest",TRUE,"AUC",0.830595212252495,0.759999999999764,NA,NA,NA,NA,NA,NA,NA,NA,NA,NA,NA,NA,NA
46,"binary",4,"Smooth nonlinear misspecified","RuleFit",TRUE,"AUC",0.725930784117204,17.1399999999999,NA,17,17,0,4,10,3,0,0,0.235294117647059,0.588235294117647,0.823529411764706,1.94117647058824
47,"binary",4,"Smooth nonlinear misspecified","BRP-GABLE full",TRUE,"AUC",0.836933635616139,339.03,NA,40,40,0,13,27,0,0,0,0.325,0.675,1,1.675
47,"binary",4,"Smooth nonlinear misspecified","BRP-GABLE rule-only",TRUE,"AUC",0.838022043831007,337.92,NA,40,40,0,13,27,0,0,0,0.325,0.675,1,1.675
47,"binary",4,"Smooth nonlinear misspecified","GABLE",TRUE,"AUC",0.721165499836026,7.2199999999998,NA,5,5,0,4,1,0,0,0,0.8,0.2,1,1.2
47,"binary",4,"Smooth nonlinear misspecified","GBM",TRUE,"AUC",0.842147538724043,0.0900000000001455,NA,NA,NA,NA,NA,NA,NA,NA,NA,NA,NA,NA,NA
47,"binary",4,"Smooth nonlinear misspecified","Linear",TRUE,"AUC",0.653881434797694,0,NA,20,0,20,20,0,0,0,0,1,0,1,1
47,"binary",4,"Smooth nonlinear misspecified","Random forest",TRUE,"AUC",0.806648320571866,0.75,NA,NA,NA,NA,NA,NA,NA,NA,NA,NA,NA,NA,NA
47,"binary",4,"Smooth nonlinear misspecified","RuleFit",TRUE,"AUC",0.71458039249236,18.0700000000002,NA,13,13,0,1,12,0,0,0,0.0769230769230769,0.923076923076923,1,1.92307692307692
48,"binary",4,"Smooth nonlinear misspecified","BRP-GABLE full",TRUE,"AUC",0.844279943225243,321.75,NA,50,47,3,28,22,0,0,0,0.56,0.44,1,1.44
48,"binary",4,"Smooth nonlinear misspecified","BRP-GABLE rule-only",TRUE,"AUC",0.845122830003275,319.88,NA,49,49,0,26,23,0,0,0,0.530612244897959,0.469387755102041,1,1.46938775510204
48,"binary",4,"Smooth nonlinear misspecified","GABLE",TRUE,"AUC",0.750795938421225,7.5300000000002,NA,5,5,0,5,0,0,0,0,1,0,1,1
48,"binary",4,"Smooth nonlinear misspecified","GBM",TRUE,"AUC",0.844225352112676,0.0599999999999454,NA,NA,NA,NA,NA,NA,NA,NA,NA,NA,NA,NA,NA
48,"binary",4,"Smooth nonlinear misspecified","Linear",TRUE,"AUC",0.6887345780107,0.0199999999999818,NA,20,0,20,20,0,0,0,0,1,0,1,1
48,"binary",4,"Smooth nonlinear misspecified","Random forest",TRUE,"AUC",0.825004913200131,0.769999999999982,NA,NA,NA,NA,NA,NA,NA,NA,NA,NA,NA,NA,NA
48,"binary",4,"Smooth nonlinear misspecified","RuleFit",TRUE,"AUC",0.768714925210176,18.6900000000001,NA,9,9,0,0,6,3,0,0,0,0.666666666666667,0.666666666666667,2.33333333333333
49,"binary",4,"Smooth nonlinear misspecified","BRP-GABLE full",TRUE,"AUC",0.858710294951787,349.219999999999,NA,37,36,1,11,26,0,0,0,0.297297297297297,0.702702702702703,1,1.7027027027027
49,"binary",4,"Smooth nonlinear misspecified","BRP-GABLE rule-only",TRUE,"AUC",0.860165999007374,338.89,NA,40,40,0,14,26,0,0,0,0.35,0.65,1,1.65
49,"binary",4,"Smooth nonlinear misspecified","GABLE",TRUE,"AUC",0.755685443845718,8.51000000000022,NA,5,5,0,5,0,0,0,0,1,0,1,1
49,"binary",4,"Smooth nonlinear misspecified","GBM",TRUE,"AUC",0.842210099971639,0.0900000000001455,NA,NA,NA,NA,NA,NA,NA,NA,NA,NA,NA,NA,NA
49,"binary",4,"Smooth nonlinear misspecified","Linear",TRUE,"AUC",0.665090577141237,0.0199999999999818,NA,20,0,20,20,0,0,0,0,1,0,1,1
49,"binary",4,"Smooth nonlinear misspecified","Random forest",TRUE,"AUC",0.820102010068066,0.769999999999982,NA,NA,NA,NA,NA,NA,NA,NA,NA,NA,NA,NA,NA
49,"binary",4,"Smooth nonlinear misspecified","RuleFit",TRUE,"AUC",0.695316931366988,20.1399999999999,NA,10,10,0,3,7,0,0,0,0.3,0.7,1,1.7
50,"binary",4,"Smooth nonlinear misspecified","BRP-GABLE full",TRUE,"AUC",0.872034956304619,342.059999999999,NA,47,44,3,17,30,0,0,0,0.361702127659574,0.638297872340426,1,1.63829787234043
50,"binary",4,"Smooth nonlinear misspecified","BRP-GABLE rule-only",TRUE,"AUC",0.872824984394507,341.33,NA,50,50,0,18,32,0,0,0,0.36,0.64,1,1.64
50,"binary",4,"Smooth nonlinear misspecified","GABLE",TRUE,"AUC",0.767146535580524,8.67000000000007,NA,5,5,0,5,0,0,0,0,1,0,1,1
50,"binary",4,"Smooth nonlinear misspecified","GBM",TRUE,"AUC",0.868084815855181,0.0900000000001455,NA,NA,NA,NA,NA,NA,NA,NA,NA,NA,NA,NA,NA
50,"binary",4,"Smooth nonlinear misspecified","Linear",TRUE,"AUC",0.673172206616729,0.0199999999999818,NA,20,0,20,20,0,0,0,0,1,0,1,1
50,"binary",4,"Smooth nonlinear misspecified","Random forest",TRUE,"AUC",0.838663584581773,0.75,NA,NA,NA,NA,NA,NA,NA,NA,NA,NA,NA,NA,NA
50,"binary",4,"Smooth nonlinear misspecified","RuleFit",TRUE,"AUC",0.787411731429463,23.5799999999999,NA,17,17,0,1,13,3,0,0,0.0588235294117647,0.764705882352941,0.823529411764706,2.11764705882353
51,"binary",4,"Smooth nonlinear misspecified","BRP-GABLE full",TRUE,"AUC",0.868743955655148,341.19,NA,41,40,1,18,23,0,0,0,0.439024390243902,0.560975609756098,1,1.5609756097561
51,"binary",4,"Smooth nonlinear misspecified","BRP-GABLE rule-only",TRUE,"AUC",0.86658332350513,341.17,NA,44,44,0,21,23,0,0,0,0.477272727272727,0.522727272727273,1,1.52272727272727
51,"binary",4,"Smooth nonlinear misspecified","GABLE",TRUE,"AUC",0.781009553013327,8.07999999999993,NA,5,5,0,4,1,0,0,0,0.8,0.2,1,1.2
51,"binary",4,"Smooth nonlinear misspecified","GBM",TRUE,"AUC",0.862514447458427,0.080000000000382,NA,NA,NA,NA,NA,NA,NA,NA,NA,NA,NA,NA,NA
51,"binary",4,"Smooth nonlinear misspecified","Linear",TRUE,"AUC",0.718230923457955,0.0199999999999818,NA,20,0,20,20,0,0,0,0,1,0,1,1
51,"binary",4,"Smooth nonlinear misspecified","Random forest",TRUE,"AUC",0.844255218775799,0.759999999999764,NA,NA,NA,NA,NA,NA,NA,NA,NA,NA,NA,NA,NA
51,"binary",4,"Smooth nonlinear misspecified","RuleFit",TRUE,"AUC",0.752025002948461,20.0500000000002,NA,19,19,0,2,14,3,0,0,0.105263157894737,0.736842105263158,0.842105263157895,2.05263157894737
52,"binary",4,"Smooth nonlinear misspecified","BRP-GABLE full",TRUE,"AUC",0.835558593877162,324.049999999999,NA,45,43,2,14,31,0,0,0,0.311111111111111,0.688888888888889,1,1.68888888888889
52,"binary",4,"Smooth nonlinear misspecified","BRP-GABLE rule-only",TRUE,"AUC",0.836277094930498,322.75,NA,44,44,0,13,31,0,0,0,0.295454545454545,0.704545454545455,1,1.70454545454545
52,"binary",4,"Smooth nonlinear misspecified","GABLE",TRUE,"AUC",0.745234408062093,8.72999999999956,NA,5,5,0,4,1,0,0,0,0.8,0.2,1,1.2
52,"binary",4,"Smooth nonlinear misspecified","GBM",TRUE,"AUC",0.835123772851356,0.0599999999994907,NA,NA,NA,NA,NA,NA,NA,NA,NA,NA,NA,NA,NA
52,"binary",4,"Smooth nonlinear misspecified","Linear",TRUE,"AUC",0.679543879719668,0.0200000000004366,NA,20,0,20,20,0,0,0,0,1,0,1,1
52,"binary",4,"Smooth nonlinear misspecified","Random forest",TRUE,"AUC",0.814947612204752,0.770000000000437,NA,NA,NA,NA,NA,NA,NA,NA,NA,NA,NA,NA,NA
52,"binary",4,"Smooth nonlinear misspecified","RuleFit",TRUE,"AUC",0.711448581832387,19.5799999999999,NA,9,9,0,0,8,1,0,0,0,0.888888888888889,0.888888888888889,2.11111111111111
53,"binary",4,"Smooth nonlinear misspecified","BRP-GABLE full",TRUE,"AUC",0.862191276931161,318.95,NA,58,57,1,35,23,0,0,0,0.603448275862069,0.396551724137931,1,1.39655172413793
53,"binary",4,"Smooth nonlinear misspecified","BRP-GABLE rule-only",TRUE,"AUC",0.863476841077997,318.280000000001,NA,60,60,0,37,23,0,0,0,0.616666666666667,0.383333333333333,1,1.38333333333333
53,"binary",4,"Smooth nonlinear misspecified","GABLE",TRUE,"AUC",0.76939841228136,6.61999999999989,NA,5,5,0,4,1,0,0,0,0.8,0.2,1,1.2
53,"binary",4,"Smooth nonlinear misspecified","GBM",TRUE,"AUC",0.854201073492981,0.069999999999709,NA,NA,NA,NA,NA,NA,NA,NA,NA,NA,NA,NA,NA
53,"binary",4,"Smooth nonlinear misspecified","Linear",TRUE,"AUC",0.669051685308911,0,NA,20,0,20,20,0,0,0,0,1,0,1,1
53,"binary",4,"Smooth nonlinear misspecified","Random forest",TRUE,"AUC",0.822997991892501,0.770000000000437,NA,NA,NA,NA,NA,NA,NA,NA,NA,NA,NA,NA,NA
53,"binary",4,"Smooth nonlinear misspecified","RuleFit",TRUE,"AUC",0.717257994895278,20.6599999999999,NA,22,22,0,4,16,2,0,0,0.181818181818182,0.727272727272727,0.909090909090909,1.90909090909091
54,"binary",4,"Smooth nonlinear misspecified","BRP-GABLE full",TRUE,"AUC",0.857919313369631,322.639999999999,NA,44,42,2,22,22,0,0,0,0.5,0.5,1,1.5
54,"binary",4,"Smooth nonlinear misspecified","BRP-GABLE rule-only",TRUE,"AUC",0.858432112068966,321.58,NA,42,42,0,21,21,0,0,0,0.5,0.5,1,1.5
54,"binary",4,"Smooth nonlinear misspecified","GABLE",TRUE,"AUC",0.738952378251664,8.23000000000047,NA,5,5,0,4,1,0,0,0,0.8,0.2,1,1.2
54,"binary",4,"Smooth nonlinear misspecified","GBM",TRUE,"AUC",0.857829514519056,0.100000000000364,NA,NA,NA,NA,NA,NA,NA,NA,NA,NA,NA,NA,NA
54,"binary",4,"Smooth nonlinear misspecified","Linear",TRUE,"AUC",0.660820288868724,0.00999999999930878,NA,20,0,20,20,0,0,0,0,1,0,1,1
54,"binary",4,"Smooth nonlinear misspecified","Random forest",TRUE,"AUC",0.835453058832426,0.779999999999745,NA,NA,NA,NA,NA,NA,NA,NA,NA,NA,NA,NA,NA
54,"binary",4,"Smooth nonlinear misspecified","RuleFit",TRUE,"AUC",0.779392581669691,20.6999999999998,NA,18,18,0,2,15,1,0,0,0.111111111111111,0.833333333333333,0.944444444444444,1.94444444444444
55,"binary",4,"Smooth nonlinear misspecified","BRP-GABLE full",TRUE,"AUC",0.846893302775656,338.97,NA,46,44,2,21,25,0,0,0,0.456521739130435,0.543478260869565,1,1.54347826086957
55,"binary",4,"Smooth nonlinear misspecified","BRP-GABLE rule-only",TRUE,"AUC",0.848771326712503,338.47,NA,46,46,0,20,26,0,0,0,0.434782608695652,0.565217391304348,1,1.56521739130435
55,"binary",4,"Smooth nonlinear misspecified","GABLE",TRUE,"AUC",0.77633396015749,7.28999999999996,NA,5,5,0,3,2,0,0,0,0.6,0.4,1,1.4
55,"binary",4,"Smooth nonlinear misspecified","GBM",TRUE,"AUC",0.838891500656207,0.0599999999994907,NA,NA,NA,NA,NA,NA,NA,NA,NA,NA,NA,NA,NA
55,"binary",4,"Smooth nonlinear misspecified","Linear",TRUE,"AUC",0.681357857828446,0.0100000000002183,NA,20,0,20,20,0,0,0,0,1,0,1,1
55,"binary",4,"Smooth nonlinear misspecified","Random forest",TRUE,"AUC",0.822432469491293,0.780000000000655,NA,NA,NA,NA,NA,NA,NA,NA,NA,NA,NA,NA,NA
55,"binary",4,"Smooth nonlinear misspecified","RuleFit",TRUE,"AUC",0.778356447474094,18.4299999999994,NA,18,18,0,0,15,3,0,0,0,0.833333333333333,0.833333333333333,2.16666666666667
56,"binary",4,"Smooth nonlinear misspecified","BRP-GABLE full",TRUE,"AUC",0.860521019677996,333.82,NA,43,42,1,10,33,0,0,0,0.232558139534884,0.767441860465116,1,1.76744186046512
56,"binary",4,"Smooth nonlinear misspecified","BRP-GABLE rule-only",TRUE,"AUC",0.860739974657126,331.860000000001,NA,40,40,0,10,30,0,0,0,0.25,0.75,1,1.75
56,"binary",4,"Smooth nonlinear misspecified","GABLE",TRUE,"AUC",0.771303853607633,5.53999999999996,NA,5,5,0,3,2,0,0,0,0.6,0.4,1,1.4
56,"binary",4,"Smooth nonlinear misspecified","GBM",TRUE,"AUC",0.860870415921288,0.0799999999999272,NA,NA,NA,NA,NA,NA,NA,NA,NA,NA,NA,NA,NA
56,"binary",4,"Smooth nonlinear misspecified","Linear",TRUE,"AUC",0.694404069767442,0,NA,20,0,20,20,0,0,0,0,1,0,1,1
56,"binary",4,"Smooth nonlinear misspecified","Random forest",TRUE,"AUC",0.819858284883721,0.770000000000437,NA,NA,NA,NA,NA,NA,NA,NA,NA,NA,NA,NA,NA
56,"binary",4,"Smooth nonlinear misspecified","RuleFit",TRUE,"AUC",0.730517665474061,19.9399999999996,NA,31,31,0,6,20,5,0,0,0.193548387096774,0.645161290322581,0.838709677419355,1.96774193548387
57,"binary",4,"Smooth nonlinear misspecified","BRP-GABLE full",TRUE,"AUC",0.858600236140732,327.77,NA,39,35,4,20,19,0,0,0,0.512820512820513,0.487179487179487,1,1.48717948717949
57,"binary",4,"Smooth nonlinear misspecified","BRP-GABLE rule-only",TRUE,"AUC",0.8536557478801,325.86,NA,38,38,0,19,19,0,0,0,0.5,0.5,1,1.5
57,"binary",4,"Smooth nonlinear misspecified","GABLE",TRUE,"AUC",0.76585666350879,8.01000000000022,NA,5,5,0,4,1,0,0,0,0.8,0.2,1,1.2
57,"binary",4,"Smooth nonlinear misspecified","GBM",TRUE,"AUC",0.85694351756355,0.0999999999994543,NA,NA,NA,NA,NA,NA,NA,NA,NA,NA,NA,NA,NA
57,"binary",4,"Smooth nonlinear misspecified","Linear",TRUE,"AUC",0.673673108424064,0.0100000000002183,NA,20,0,20,20,0,0,0,0,1,0,1,1
57,"binary",4,"Smooth nonlinear misspecified","Random forest",TRUE,"AUC",0.829717331143042,0.75,NA,NA,NA,NA,NA,NA,NA,NA,NA,NA,NA,NA,NA
57,"binary",4,"Smooth nonlinear misspecified","RuleFit",TRUE,"AUC",0.764587290401766,23.6400000000003,NA,28,28,0,9,15,4,0,0,0.321428571428571,0.535714285714286,0.857142857142857,1.82142857142857
58,"binary",4,"Smooth nonlinear misspecified","BRP-GABLE full",TRUE,"AUC",0.846928305758625,319.3,NA,44,43,1,11,33,0,0,0,0.25,0.75,1,1.75
58,"binary",4,"Smooth nonlinear misspecified","BRP-GABLE rule-only",TRUE,"AUC",0.850031605562579,316.170000000001,NA,45,45,0,11,34,0,0,0,0.244444444444444,0.755555555555556,1,1.75555555555556
58,"binary",4,"Smooth nonlinear misspecified","GABLE",TRUE,"AUC",0.771402462485571,6.68000000000029,NA,5,5,0,3,2,0,0,0,0.6,0.4,1,1.4
58,"binary",4,"Smooth nonlinear misspecified","GBM",TRUE,"AUC",0.849303303468367,0.0799999999999272,NA,NA,NA,NA,NA,NA,NA,NA,NA,NA,NA,NA,NA
58,"binary",4,"Smooth nonlinear misspecified","Linear",TRUE,"AUC",0.669561552978252,0,NA,20,0,20,20,0,0,0,0,1,0,1,1
58,"binary",4,"Smooth nonlinear misspecified","Random forest",TRUE,"AUC",0.818116858132249,0.809999999999491,NA,NA,NA,NA,NA,NA,NA,NA,NA,NA,NA,NA,NA
58,"binary",4,"Smooth nonlinear misspecified","RuleFit",TRUE,"AUC",0.732868868978911,19.7299999999996,NA,26,26,0,9,13,4,0,0,0.346153846153846,0.5,0.846153846153846,1.80769230769231
59,"binary",4,"Smooth nonlinear misspecified","BRP-GABLE full",TRUE,"AUC",0.851491064355439,348.61,NA,43,42,1,24,19,0,0,0,0.558139534883721,0.441860465116279,1,1.44186046511628
59,"binary",4,"Smooth nonlinear misspecified","BRP-GABLE rule-only",TRUE,"AUC",0.852800193348282,348.38,NA,44,44,0,25,19,0,0,0,0.568181818181818,0.431818181818182,1,1.43181818181818
59,"binary",4,"Smooth nonlinear misspecified","GABLE",TRUE,"AUC",0.735647694366493,8.63000000000011,NA,5,5,0,5,0,0,0,0,1,0,1,1
59,"binary",4,"Smooth nonlinear misspecified","GBM",TRUE,"AUC",0.856727580326812,0.0600000000004002,NA,NA,NA,NA,NA,NA,NA,NA,NA,NA,NA,NA,NA
59,"binary",4,"Smooth nonlinear misspecified","Linear",TRUE,"AUC",0.678361552336068,0.0199999999995271,NA,20,0,20,20,0,0,0,0,1,0,1,1
59,"binary",4,"Smooth nonlinear misspecified","Random forest",TRUE,"AUC",0.838811534657232,0.809999999999491,NA,NA,NA,NA,NA,NA,NA,NA,NA,NA,NA,NA,NA
59,"binary",4,"Smooth nonlinear misspecified","RuleFit",TRUE,"AUC",0.703315564984268,19.4499999999998,NA,11,11,0,1,10,0,0,0,0.0909090909090909,0.909090909090909,1,1.90909090909091
60,"binary",4,"Smooth nonlinear misspecified","BRP-GABLE full",TRUE,"AUC",0.835906500252507,307.610000000001,NA,46,44,2,14,32,0,0,0,0.304347826086957,0.695652173913043,1,1.69565217391304
60,"binary",4,"Smooth nonlinear misspecified","BRP-GABLE rule-only",TRUE,"AUC",0.837919792944232,307.29,NA,47,47,0,15,32,0,0,0,0.319148936170213,0.680851063829787,1,1.68085106382979
60,"binary",4,"Smooth nonlinear misspecified","GABLE",TRUE,"AUC",0.737313776062333,7.96000000000004,NA,5,5,0,4,1,0,0,0,0.8,0.2,1,1.2
60,"binary",4,"Smooth nonlinear misspecified","GBM",TRUE,"AUC",0.834544765889907,0.0600000000004002,NA,NA,NA,NA,NA,NA,NA,NA,NA,NA,NA,NA,NA
60,"binary",4,"Smooth nonlinear misspecified","Linear",TRUE,"AUC",0.671659692662867,0,NA,20,0,20,20,0,0,0,0,1,0,1,1
60,"binary",4,"Smooth nonlinear misspecified","Random forest",TRUE,"AUC",0.805470384532141,0.779999999999745,NA,NA,NA,NA,NA,NA,NA,NA,NA,NA,NA,NA,NA
60,"binary",4,"Smooth nonlinear misspecified","RuleFit",TRUE,"AUC",0.743310818122791,23.3600000000006,NA,17,17,0,3,11,3,0,0,0.176470588235294,0.647058823529412,0.823529411764706,2
61,"binary",4,"Smooth nonlinear misspecified","BRP-GABLE full",TRUE,"AUC",0.864173680094043,337.72,NA,44,43,1,18,26,0,0,0,0.409090909090909,0.590909090909091,1,1.59090909090909
61,"binary",4,"Smooth nonlinear misspecified","BRP-GABLE rule-only",TRUE,"AUC",0.863265095846271,335.400000000001,NA,49,49,0,21,28,0,0,0,0.428571428571429,0.571428571428571,1,1.57142857142857
61,"binary",4,"Smooth nonlinear misspecified","GABLE",TRUE,"AUC",0.782951400109592,7.8100000000004,NA,5,5,0,5,0,0,0,0,1,0,1,1
61,"binary",4,"Smooth nonlinear misspecified","GBM",TRUE,"AUC",0.862358853310478,0.0600000000004002,NA,NA,NA,NA,NA,NA,NA,NA,NA,NA,NA,NA,NA
61,"binary",4,"Smooth nonlinear misspecified","Linear",TRUE,"AUC",0.700963380308076,0.0199999999995271,NA,20,0,20,20,0,0,0,0,1,0,1,1
61,"binary",4,"Smooth nonlinear misspecified","Random forest",TRUE,"AUC",0.83778492780502,0.969999999999345,NA,NA,NA,NA,NA,NA,NA,NA,NA,NA,NA,NA,NA
61,"binary",4,"Smooth nonlinear misspecified","RuleFit",TRUE,"AUC",0.784246366833865,20.3299999999999,NA,10,10,0,0,8,2,0,0,0,0.8,0.8,2.2
62,"binary",4,"Smooth nonlinear misspecified","BRP-GABLE full",TRUE,"AUC",0.877885867776087,331.5,NA,67,61,6,49,18,0,0,0,0.73134328358209,0.26865671641791,1,1.26865671641791
62,"binary",4,"Smooth nonlinear misspecified","BRP-GABLE rule-only",TRUE,"AUC",0.87780714602646,331.070000000001,NA,59,59,0,41,18,0,0,0,0.694915254237288,0.305084745762712,1,1.30508474576271
62,"binary",4,"Smooth nonlinear misspecified","GABLE",TRUE,"AUC",0.757496457521267,8.28999999999996,NA,5,5,0,4,1,0,0,0,0.8,0.2,1,1.2
62,"binary",4,"Smooth nonlinear misspecified","GBM",TRUE,"AUC",0.868286585336762,0.0700000000006185,NA,NA,NA,NA,NA,NA,NA,NA,NA,NA,NA,NA,NA
62,"binary",4,"Smooth nonlinear misspecified","Linear",TRUE,"AUC",0.67084766625795,0,NA,20,0,20,20,0,0,0,0,1,0,1,1
62,"binary",4,"Smooth nonlinear misspecified","Random forest",TRUE,"AUC",0.848517884150211,0.789999999999964,NA,NA,NA,NA,NA,NA,NA,NA,NA,NA,NA,NA,NA
62,"binary",4,"Smooth nonlinear misspecified","RuleFit",TRUE,"AUC",0.719478623466715,21.8599999999997,NA,17,17,0,0,14,3,0,0,0,0.823529411764706,0.823529411764706,2.17647058823529
63,"binary",4,"Smooth nonlinear misspecified","BRP-GABLE full",TRUE,"AUC",0.875172701258436,310.05,NA,38,37,1,15,23,0,0,0,0.394736842105263,0.605263157894737,1,1.60526315789474
63,"binary",4,"Smooth nonlinear misspecified","BRP-GABLE rule-only",TRUE,"AUC",0.872833330991621,309.240000000001,NA,41,41,0,17,24,0,0,0,0.414634146341463,0.585365853658537,1,1.58536585365854
63,"binary",4,"Smooth nonlinear misspecified","GABLE",TRUE,"AUC",0.75856012813848,6.97999999999956,NA,5,5,0,4,1,0,0,0,0.8,0.2,1,1.2
63,"binary",4,"Smooth nonlinear misspecified","GBM",TRUE,"AUC",0.871449379212154,0.0900000000001455,NA,NA,NA,NA,NA,NA,NA,NA,NA,NA,NA,NA,NA
63,"binary",4,"Smooth nonlinear misspecified","Linear",TRUE,"AUC",0.713828745919567,0,NA,20,0,20,20,0,0,0,0,1,0,1,1
63,"binary",4,"Smooth nonlinear misspecified","Random forest",TRUE,"AUC",0.852097471419405,0.770000000000437,NA,NA,NA,NA,NA,NA,NA,NA,NA,NA,NA,NA,NA
63,"binary",4,"Smooth nonlinear misspecified","RuleFit",TRUE,"AUC",0.799846852036587,18.3299999999999,NA,17,17,0,1,13,3,0,0,0.0588235294117647,0.764705882352941,0.823529411764706,2.11764705882353
64,"binary",4,"Smooth nonlinear misspecified","BRP-GABLE full",TRUE,"AUC",0.853107153718785,317.67,NA,48,46,2,28,20,0,0,0,0.583333333333333,0.416666666666667,1,1.41666666666667
64,"binary",4,"Smooth nonlinear misspecified","BRP-GABLE rule-only",TRUE,"AUC",0.849906589878881,316.450000000001,NA,47,47,0,27,20,0,0,0,0.574468085106383,0.425531914893617,1,1.42553191489362
64,"binary",4,"Smooth nonlinear misspecified","GABLE",TRUE,"AUC",0.742236339674923,8.14999999999964,NA,5,5,0,5,0,0,0,0,1,0,1,1
64,"binary",4,"Smooth nonlinear misspecified","GBM",TRUE,"AUC",0.855501542353163,0.0799999999999272,NA,NA,NA,NA,NA,NA,NA,NA,NA,NA,NA,NA,NA
64,"binary",4,"Smooth nonlinear misspecified","Linear",TRUE,"AUC",0.67703269595609,0.00999999999930878,NA,20,0,20,20,0,0,0,0,1,0,1,1
64,"binary",4,"Smooth nonlinear misspecified","Random forest",TRUE,"AUC",0.830995264324092,0.770000000000437,NA,NA,NA,NA,NA,NA,NA,NA,NA,NA,NA,NA,NA
64,"binary",4,"Smooth nonlinear misspecified","RuleFit",TRUE,"AUC",0.719629642145102,20.5200000000004,NA,14,14,0,1,9,4,0,0,0.0714285714285714,0.642857142857143,0.714285714285714,2.21428571428571
65,"binary",4,"Smooth nonlinear misspecified","BRP-GABLE full",TRUE,"AUC",0.860227675509462,322.35,NA,55,51,4,29,26,0,0,0,0.527272727272727,0.472727272727273,1,1.47272727272727
65,"binary",4,"Smooth nonlinear misspecified","BRP-GABLE rule-only",TRUE,"AUC",0.859811083645202,322.129999999999,NA,49,49,0,23,26,0,0,0,0.469387755102041,0.530612244897959,1,1.53061224489796
65,"binary",4,"Smooth nonlinear misspecified","GABLE",TRUE,"AUC",0.724340472935339,8.58000000000084,NA,5,5,0,5,0,0,0,0,1,0,1,1
65,"binary",4,"Smooth nonlinear misspecified","GBM",TRUE,"AUC",0.861700707515686,0.100000000000364,NA,NA,NA,NA,NA,NA,NA,NA,NA,NA,NA,NA,NA
65,"binary",4,"Smooth nonlinear misspecified","Linear",TRUE,"AUC",0.649809656645446,0.00999999999930878,NA,20,0,20,20,0,0,0,0,1,0,1,1
65,"binary",4,"Smooth nonlinear misspecified","Random forest",TRUE,"AUC",0.841784854469041,0.809999999999491,NA,NA,NA,NA,NA,NA,NA,NA,NA,NA,NA,NA,NA
65,"binary",4,"Smooth nonlinear misspecified","RuleFit",TRUE,"AUC",0.72031725426834,18.1099999999997,NA,23,23,0,5,17,1,0,0,0.217391304347826,0.739130434782609,0.956521739130435,1.82608695652174
66,"binary",4,"Smooth nonlinear misspecified","BRP-GABLE full",TRUE,"AUC",0.850039265103368,307.68,NA,44,43,1,23,21,0,0,0,0.522727272727273,0.477272727272727,1,1.47727272727273
66,"binary",4,"Smooth nonlinear misspecified","BRP-GABLE rule-only",TRUE,"AUC",0.849959365183724,306.34,NA,45,45,0,24,21,0,0,0,0.533333333333333,0.466666666666667,1,1.46666666666667
66,"binary",4,"Smooth nonlinear misspecified","GABLE",TRUE,"AUC",0.769580046022354,6.30000000000018,NA,5,5,0,4,1,0,0,0,0.8,0.2,1,1.2
66,"binary",4,"Smooth nonlinear misspecified","GBM",TRUE,"AUC",0.850192216378114,0.0799999999999272,NA,NA,NA,NA,NA,NA,NA,NA,NA,NA,NA,NA,NA
66,"binary",4,"Smooth nonlinear misspecified","Linear",TRUE,"AUC",0.663237818686537,0.0199999999995271,NA,20,0,20,20,0,0,0,0,1,0,1,1
66,"binary",4,"Smooth nonlinear misspecified","Random forest",TRUE,"AUC",0.822610764117174,0.779999999999745,NA,NA,NA,NA,NA,NA,NA,NA,NA,NA,NA,NA,NA
66,"binary",4,"Smooth nonlinear misspecified","RuleFit",TRUE,"AUC",0.693366936956681,17.8100000000004,NA,9,9,0,2,7,0,0,0,0.222222222222222,0.777777777777778,1,1.77777777777778
67,"binary",4,"Smooth nonlinear misspecified","BRP-GABLE full",TRUE,"AUC",0.851504080624079,330.46,NA,55,53,2,30,25,0,0,0,0.545454545454545,0.454545454545455,1,1.45454545454545
67,"binary",4,"Smooth nonlinear misspecified","BRP-GABLE rule-only",TRUE,"AUC",0.851171534009819,328.549999999999,NA,52,52,0,27,25,0,0,0,0.519230769230769,0.480769230769231,1,1.48076923076923
67,"binary",4,"Smooth nonlinear misspecified","GABLE",TRUE,"AUC",0.769602930105168,8.0600000000004,NA,5,5,0,5,0,0,0,0,1,0,1,1
67,"binary",4,"Smooth nonlinear misspecified","GBM",TRUE,"AUC",0.844315069442199,0.069999999999709,NA,NA,NA,NA,NA,NA,NA,NA,NA,NA,NA,NA,NA
67,"binary",4,"Smooth nonlinear misspecified","Linear",TRUE,"AUC",0.64869683295537,0.0100000000002183,NA,20,0,20,20,0,0,0,0,1,0,1,1
67,"binary",4,"Smooth nonlinear misspecified","Random forest",TRUE,"AUC",0.803594274655791,0.75,NA,NA,NA,NA,NA,NA,NA,NA,NA,NA,NA,NA,NA
67,"binary",4,"Smooth nonlinear misspecified","RuleFit",TRUE,"AUC",0.791345474363889,20.9499999999998,NA,27,27,0,3,19,5,0,0,0.111111111111111,0.703703703703704,0.814814814814815,2.07407407407407
68,"binary",4,"Smooth nonlinear misspecified","BRP-GABLE full",TRUE,"AUC",0.841191055497625,314.280000000001,NA,38,36,2,11,27,0,0,0,0.289473684210526,0.710526315789474,1,1.71052631578947
68,"binary",4,"Smooth nonlinear misspecified","BRP-GABLE rule-only",TRUE,"AUC",0.839930483142162,313.47,NA,37,37,0,11,26,0,0,0,0.297297297297297,0.702702702702703,1,1.7027027027027
68,"binary",4,"Smooth nonlinear misspecified","GABLE",TRUE,"AUC",0.777768508863399,6.08999999999924,NA,5,5,0,4,1,0,0,0,0.8,0.2,1,1.2
68,"binary",4,"Smooth nonlinear misspecified","GBM",TRUE,"AUC",0.846319082377477,0.0700000000006185,NA,NA,NA,NA,NA,NA,NA,NA,NA,NA,NA,NA,NA
68,"binary",4,"Smooth nonlinear misspecified","Linear",TRUE,"AUC",0.679763642683351,0.00999999999930878,NA,20,0,20,20,0,0,0,0,1,0,1,1
68,"binary",4,"Smooth nonlinear misspecified","Random forest",TRUE,"AUC",0.815766423357664,0.75,NA,NA,NA,NA,NA,NA,NA,NA,NA,NA,NA,NA,NA
68,"binary",4,"Smooth nonlinear misspecified","RuleFit",TRUE,"AUC",0.696494033136369,17.1100000000006,NA,7,7,0,0,6,1,0,0,0,0.857142857142857,0.857142857142857,2.14285714285714
69,"binary",4,"Smooth nonlinear misspecified","BRP-GABLE full",TRUE,"AUC",0.858823931623932,325.319999999999,NA,42,41,1,18,24,0,0,0,0.428571428571429,0.571428571428571,1,1.57142857142857
69,"binary",4,"Smooth nonlinear misspecified","BRP-GABLE rule-only",TRUE,"AUC",0.863133903133903,323.049999999999,NA,43,43,0,18,25,0,0,0,0.418604651162791,0.581395348837209,1,1.58139534883721
69,"binary",4,"Smooth nonlinear misspecified","GABLE",TRUE,"AUC",0.77522735042735,7.47999999999956,NA,5,5,0,4,1,0,0,0,0.8,0.2,1,1.2
69,"binary",4,"Smooth nonlinear misspecified","GBM",TRUE,"AUC",0.868756695156695,0.0900000000001455,NA,NA,NA,NA,NA,NA,NA,NA,NA,NA,NA,NA,NA
69,"binary",4,"Smooth nonlinear misspecified","Linear",TRUE,"AUC",0.702436467236467,0.0199999999995271,NA,20,0,20,20,0,0,0,0,1,0,1,1
69,"binary",4,"Smooth nonlinear misspecified","Random forest",TRUE,"AUC",0.847361823361823,0.800000000000182,NA,NA,NA,NA,NA,NA,NA,NA,NA,NA,NA,NA,NA
69,"binary",4,"Smooth nonlinear misspecified","RuleFit",TRUE,"AUC",0.76834415954416,21.1600000000008,NA,7,7,0,0,6,1,0,0,0,0.857142857142857,0.857142857142857,2.14285714285714
70,"binary",4,"Smooth nonlinear misspecified","BRP-GABLE full",TRUE,"AUC",0.857232177211015,315.4,NA,44,43,1,13,31,0,0,0,0.295454545454545,0.704545454545455,1,1.70454545454545
70,"binary",4,"Smooth nonlinear misspecified","BRP-GABLE rule-only",TRUE,"AUC",0.858537624361018,313.31,NA,46,46,0,12,34,0,0,0,0.260869565217391,0.739130434782609,1,1.73913043478261
70,"binary",4,"Smooth nonlinear misspecified","GABLE",TRUE,"AUC",0.769219846461093,7.94999999999982,NA,5,5,0,5,0,0,0,0,1,0,1,1
70,"binary",4,"Smooth nonlinear misspecified","GBM",TRUE,"AUC",0.859964455193389,0.0900000000001455,NA,NA,NA,NA,NA,NA,NA,NA,NA,NA,NA,NA,NA
70,"binary",4,"Smooth nonlinear misspecified","Linear",TRUE,"AUC",0.727372249399952,0.0199999999995271,NA,20,0,20,20,0,0,0,0,1,0,1,1
70,"binary",4,"Smooth nonlinear misspecified","Random forest",TRUE,"AUC",0.855026658604958,0.789999999999964,NA,NA,NA,NA,NA,NA,NA,NA,NA,NA,NA,NA,NA
70,"binary",4,"Smooth nonlinear misspecified","RuleFit",TRUE,"AUC",0.715666739954928,19.6400000000003,NA,9,9,0,1,8,0,0,0,0.111111111111111,0.888888888888889,1,1.88888888888889
71,"binary",4,"Smooth nonlinear misspecified","BRP-GABLE full",TRUE,"AUC",0.858638940686745,355.280000000001,NA,42,41,1,23,19,0,0,0,0.547619047619048,0.452380952380952,1,1.45238095238095
71,"binary",4,"Smooth nonlinear misspecified","BRP-GABLE rule-only",TRUE,"AUC",0.860687310466934,333.8,NA,46,46,0,27,19,0,0,0,0.58695652173913,0.41304347826087,1,1.41304347826087
71,"binary",4,"Smooth nonlinear misspecified","GABLE",TRUE,"AUC",0.741931306624475,7.6899999999996,NA,5,5,0,5,0,0,0,0,1,0,1,1
71,"binary",4,"Smooth nonlinear misspecified","GBM",TRUE,"AUC",0.862123523761089,0.069999999999709,NA,NA,NA,NA,NA,NA,NA,NA,NA,NA,NA,NA,NA
71,"binary",4,"Smooth nonlinear misspecified","Linear",TRUE,"AUC",0.662871296453259,0,NA,20,0,20,20,0,0,0,0,1,0,1,1
71,"binary",4,"Smooth nonlinear misspecified","Random forest",TRUE,"AUC",0.832652897854627,0.780000000000655,NA,NA,NA,NA,NA,NA,NA,NA,NA,NA,NA,NA,NA
71,"binary",4,"Smooth nonlinear misspecified","RuleFit",TRUE,"AUC",0.724383605507525,18.4399999999996,NA,21,21,0,6,12,3,0,0,0.285714285714286,0.571428571428571,0.857142857142857,1.85714285714286
72,"binary",4,"Smooth nonlinear misspecified","BRP-GABLE full",TRUE,"AUC",0.847145474949217,332.02,NA,45,44,1,26,19,0,0,0,0.577777777777778,0.422222222222222,1,1.42222222222222
72,"binary",4,"Smooth nonlinear misspecified","BRP-GABLE rule-only",TRUE,"AUC",0.847765766533612,329.84,NA,49,49,0,29,20,0,0,0,0.591836734693878,0.408163265306122,1,1.40816326530612
72,"binary",4,"Smooth nonlinear misspecified","GABLE",TRUE,"AUC",0.724824921516542,7.4399999999996,NA,4,4,0,3,1,0,0,0,0.75,0.25,1,1.25
72,"binary",4,"Smooth nonlinear misspecified","GBM",TRUE,"AUC",0.862183994583102,0.0799999999999272,NA,NA,NA,NA,NA,NA,NA,NA,NA,NA,NA,NA,NA
72,"binary",4,"Smooth nonlinear misspecified","Linear",TRUE,"AUC",0.698656666240512,0.00999999999930878,NA,20,0,20,20,0,0,0,0,1,0,1,1
72,"binary",4,"Smooth nonlinear misspecified","Random forest",TRUE,"AUC",0.841605466142023,0.770000000000437,NA,NA,NA,NA,NA,NA,NA,NA,NA,NA,NA,NA,NA
72,"binary",4,"Smooth nonlinear misspecified","RuleFit",TRUE,"AUC",0.768744880226904,24.8900000000003,NA,15,15,0,0,13,2,0,0,0,0.866666666666667,0.866666666666667,2.13333333333333
73,"binary",4,"Smooth nonlinear misspecified","BRP-GABLE full",TRUE,"AUC",0.857088188763248,322.749999999999,NA,41,38,3,13,28,0,0,0,0.317073170731707,0.682926829268293,1,1.68292682926829
73,"binary",4,"Smooth nonlinear misspecified","BRP-GABLE rule-only",TRUE,"AUC",0.858177889573873,321.69,NA,39,39,0,10,29,0,0,0,0.256410256410256,0.743589743589744,1,1.74358974358974
73,"binary",4,"Smooth nonlinear misspecified","GABLE",TRUE,"AUC",0.760254154630178,8.69999999999982,NA,5,5,0,5,0,0,0,0,1,0,1,1
73,"binary",4,"Smooth nonlinear misspecified","GBM",TRUE,"AUC",0.851016665188843,0.0799999999999272,NA,NA,NA,NA,NA,NA,NA,NA,NA,NA,NA,NA,NA
73,"binary",4,"Smooth nonlinear misspecified","Linear",TRUE,"AUC",0.659929344452793,0,NA,20,0,20,20,0,0,0,0,1,0,1,1
73,"binary",4,"Smooth nonlinear misspecified","Random forest",TRUE,"AUC",0.837300902094932,0.75,NA,NA,NA,NA,NA,NA,NA,NA,NA,NA,NA,NA,NA
73,"binary",4,"Smooth nonlinear misspecified","RuleFit",TRUE,"AUC",0.758364095408323,16.8000000000002,NA,14,14,0,4,10,0,0,0,0.285714285714286,0.714285714285714,1,1.71428571428571
74,"binary",4,"Smooth nonlinear misspecified","BRP-GABLE full",TRUE,"AUC",0.846618705035971,357.41,NA,49,48,1,23,26,0,0,0,0.469387755102041,0.530612244897959,1,1.53061224489796
74,"binary",4,"Smooth nonlinear misspecified","BRP-GABLE rule-only",TRUE,"AUC",0.84910012973228,356.01,NA,54,54,0,28,26,0,0,0,0.518518518518518,0.481481481481481,1,1.48148148148148
74,"binary",4,"Smooth nonlinear misspecified","GABLE",TRUE,"AUC",0.77378936195306,7.17000000000007,NA,5,5,0,4,1,0,0,0,0.8,0.2,1,1.2
74,"binary",4,"Smooth nonlinear misspecified","GBM",TRUE,"AUC",0.848821795022998,0.100000000000364,NA,NA,NA,NA,NA,NA,NA,NA,NA,NA,NA,NA,NA
74,"binary",4,"Smooth nonlinear misspecified","Linear",TRUE,"AUC",0.693581790305461,0.00999999999930878,NA,20,0,20,20,0,0,0,0,1,0,1,1
74,"binary",4,"Smooth nonlinear misspecified","Random forest",TRUE,"AUC",0.820728859535323,0.779999999999745,NA,NA,NA,NA,NA,NA,NA,NA,NA,NA,NA,NA,NA
74,"binary",4,"Smooth nonlinear misspecified","RuleFit",TRUE,"AUC",0.718202618233282,20.0900000000001,NA,21,21,0,3,17,1,0,0,0.142857142857143,0.80952380952381,0.952380952380952,1.9047619047619
75,"binary",4,"Smooth nonlinear misspecified","BRP-GABLE full",TRUE,"AUC",0.867408088235294,322.360000000001,NA,56,55,1,27,29,0,0,0,0.482142857142857,0.517857142857143,1,1.51785714285714
75,"binary",4,"Smooth nonlinear misspecified","BRP-GABLE rule-only",TRUE,"AUC",0.866275275735294,321.02,NA,54,54,0,24,30,0,0,0,0.444444444444444,0.555555555555556,1,1.55555555555556
75,"binary",4,"Smooth nonlinear misspecified","GABLE",TRUE,"AUC",0.726325827205882,7.0600000000004,NA,5,5,0,5,0,0,0,0,1,0,1,1
75,"binary",4,"Smooth nonlinear misspecified","GBM",TRUE,"AUC",0.8563671875,0.109999999999673,NA,NA,NA,NA,NA,NA,NA,NA,NA,NA,NA,NA,NA
75,"binary",4,"Smooth nonlinear misspecified","Linear",TRUE,"AUC",0.706879595588235,0,NA,20,0,20,20,0,0,0,0,1,0,1,1
75,"binary",4,"Smooth nonlinear misspecified","Random forest",TRUE,"AUC",0.8402734375,0.789999999999964,NA,NA,NA,NA,NA,NA,NA,NA,NA,NA,NA,NA,NA
75,"binary",4,"Smooth nonlinear misspecified","RuleFit",TRUE,"AUC",0.793497242647059,25.2399999999998,NA,15,15,0,1,11,3,0,0,0.0666666666666667,0.733333333333333,0.8,2.13333333333333
76,"binary",4,"Smooth nonlinear misspecified","BRP-GABLE full",TRUE,"AUC",0.861650303880318,325.93,NA,42,37,5,16,26,0,0,0,0.380952380952381,0.619047619047619,1,1.61904761904762
76,"binary",4,"Smooth nonlinear misspecified","BRP-GABLE rule-only",TRUE,"AUC",0.862223001402525,324.25,NA,36,36,0,10,26,0,0,0,0.277777777777778,0.722222222222222,1,1.72222222222222
76,"binary",4,"Smooth nonlinear misspecified","GABLE",TRUE,"AUC",0.748548387096774,7.68000000000029,NA,5,5,0,4,1,0,0,0,0.8,0.2,1,1.2
76,"binary",4,"Smooth nonlinear misspecified","GBM",TRUE,"AUC",0.852012622720898,0.0900000000001455,NA,NA,NA,NA,NA,NA,NA,NA,NA,NA,NA,NA,NA
76,"binary",4,"Smooth nonlinear misspecified","Linear",TRUE,"AUC",0.644740532959327,0,NA,20,0,20,20,0,0,0,0,1,0,1,1
76,"binary",4,"Smooth nonlinear misspecified","Random forest",TRUE,"AUC",0.833230481533427,0.760000000000218,NA,NA,NA,NA,NA,NA,NA,NA,NA,NA,NA,NA,NA
76,"binary",4,"Smooth nonlinear misspecified","RuleFit",TRUE,"AUC",0.764784946236559,19.5099999999993,NA,20,20,0,6,11,3,0,0,0.3,0.55,0.85,1.85
77,"binary",4,"Smooth nonlinear misspecified","BRP-GABLE full",TRUE,"AUC",0.866860298336202,327.17,NA,45,44,1,24,21,0,0,0,0.533333333333333,0.466666666666667,1,1.46666666666667
77,"binary",4,"Smooth nonlinear misspecified","BRP-GABLE rule-only",TRUE,"AUC",0.868260990390132,324.64,NA,44,44,0,23,21,0,0,0,0.522727272727273,0.477272727272727,1,1.47727272727273
77,"binary",4,"Smooth nonlinear misspecified","GABLE",TRUE,"AUC",0.760203761474469,7.86999999999989,NA,5,5,0,4,1,0,0,0,0.8,0.2,1,1.2
77,"binary",4,"Smooth nonlinear misspecified","GBM",TRUE,"AUC",0.86984993545611,0.0799999999999272,NA,NA,NA,NA,NA,NA,NA,NA,NA,NA,NA,NA,NA
77,"binary",4,"Smooth nonlinear misspecified","Linear",TRUE,"AUC",0.672708691910499,0,NA,20,0,20,20,0,0,0,0,1,0,1,1
77,"binary",4,"Smooth nonlinear misspecified","Random forest",TRUE,"AUC",0.854980188611589,0.779999999999745,NA,NA,NA,NA,NA,NA,NA,NA,NA,NA,NA,NA,NA
77,"binary",4,"Smooth nonlinear misspecified","RuleFit",TRUE,"AUC",0.813084929001721,16.8000000000002,NA,15,15,0,5,9,1,0,0,0.333333333333333,0.6,0.933333333333333,1.73333333333333
78,"binary",4,"Smooth nonlinear misspecified","BRP-GABLE full",TRUE,"AUC",0.843941605839416,319.58,NA,39,39,0,14,25,0,0,0,0.358974358974359,0.641025641025641,1,1.64102564102564
78,"binary",4,"Smooth nonlinear misspecified","BRP-GABLE rule-only",TRUE,"AUC",0.844242845556714,317.76,NA,47,47,0,20,27,0,0,0,0.425531914893617,0.574468085106383,1,1.57446808510638
78,"binary",4,"Smooth nonlinear misspecified","GABLE",TRUE,"AUC",0.742020623334492,7.00999999999931,NA,5,5,0,4,1,0,0,0,0.8,0.2,1,1.2
78,"binary",4,"Smooth nonlinear misspecified","GBM",TRUE,"AUC",0.843216313289306,0.0900000000001455,NA,NA,NA,NA,NA,NA,NA,NA,NA,NA,NA,NA,NA
78,"binary",4,"Smooth nonlinear misspecified","Linear",TRUE,"AUC",0.636593673965937,0,NA,20,0,20,20,0,0,0,0,1,0,1,1
78,"binary",4,"Smooth nonlinear misspecified","Random forest",TRUE,"AUC",0.819728884254432,0.800000000000182,NA,NA,NA,NA,NA,NA,NA,NA,NA,NA,NA,NA,NA
78,"binary",4,"Smooth nonlinear misspecified","RuleFit",TRUE,"AUC",0.697314332058858,18.4900000000007,NA,14,14,0,0,9,5,0,0,0,0.642857142857143,0.642857142857143,2.35714285714286
79,"binary",4,"Smooth nonlinear misspecified","BRP-GABLE full",TRUE,"AUC",0.881228571428571,311.99,NA,53,50,3,28,25,0,0,0,0.528301886792453,0.471698113207547,1,1.47169811320755
79,"binary",4,"Smooth nonlinear misspecified","BRP-GABLE rule-only",TRUE,"AUC",0.880897619047619,310.81,NA,48,48,0,24,24,0,0,0,0.5,0.5,1,1.5
79,"binary",4,"Smooth nonlinear misspecified","GABLE",TRUE,"AUC",0.807042857142857,6.64000000000033,NA,5,5,0,4,1,0,0,0,0.8,0.2,1,1.2
79,"binary",4,"Smooth nonlinear misspecified","GBM",TRUE,"AUC",0.881578571428571,0.0900000000001455,NA,NA,NA,NA,NA,NA,NA,NA,NA,NA,NA,NA,NA
79,"binary",4,"Smooth nonlinear misspecified","Linear",TRUE,"AUC",0.705828571428571,0.0200000000004366,NA,20,0,20,20,0,0,0,0,1,0,1,1
79,"binary",4,"Smooth nonlinear misspecified","Random forest",TRUE,"AUC",0.858688095238095,0.819999999999709,NA,NA,NA,NA,NA,NA,NA,NA,NA,NA,NA,NA,NA
79,"binary",4,"Smooth nonlinear misspecified","RuleFit",TRUE,"AUC",0.79722619047619,18.6799999999994,NA,21,21,0,4,10,7,0,0,0.19047619047619,0.476190476190476,0.666666666666667,2.14285714285714
80,"binary",4,"Smooth nonlinear misspecified","BRP-GABLE full",TRUE,"AUC",0.854374621899577,365.35,NA,47,45,2,16,31,0,0,0,0.340425531914894,0.659574468085106,1,1.65957446808511
80,"binary",4,"Smooth nonlinear misspecified","BRP-GABLE rule-only",TRUE,"AUC",0.853308851330913,355.87,NA,45,45,0,14,31,0,0,0,0.311111111111111,0.688888888888889,1,1.68888888888889
80,"binary",4,"Smooth nonlinear misspecified","GABLE",TRUE,"AUC",0.772499338324259,7.85999999999967,NA,5,5,0,3,2,0,0,0,0.6,0.4,1,1.4
80,"binary",4,"Smooth nonlinear misspecified","GBM",TRUE,"AUC",0.873411978221416,0.0700000000006185,NA,NA,NA,NA,NA,NA,NA,NA,NA,NA,NA,NA,NA
80,"binary",4,"Smooth nonlinear misspecified","Linear",TRUE,"AUC",0.669941961584997,0.0199999999995271,NA,20,0,20,20,0,0,0,0,1,0,1,1
80,"binary",4,"Smooth nonlinear misspecified","Random forest",TRUE,"AUC",0.84572084845735,0.739999999999782,NA,NA,NA,NA,NA,NA,NA,NA,NA,NA,NA,NA,NA
80,"binary",4,"Smooth nonlinear misspecified","RuleFit",TRUE,"AUC",0.745323370387175,15.75,NA,12,12,0,5,6,1,0,0,0.416666666666667,0.5,0.916666666666667,1.66666666666667
81,"binary",4,"Smooth nonlinear misspecified","BRP-GABLE full",TRUE,"AUC",0.865345174522096,324.150000000001,NA,47,45,2,23,24,0,0,0,0.48936170212766,0.51063829787234,1,1.51063829787234
81,"binary",4,"Smooth nonlinear misspecified","BRP-GABLE rule-only",TRUE,"AUC",0.866460123055491,322.53,NA,49,49,0,24,25,0,0,0,0.489795918367347,0.510204081632653,1,1.51020408163265
81,"binary",4,"Smooth nonlinear misspecified","GABLE",TRUE,"AUC",0.781774823930036,7.18000000000029,NA,5,5,0,5,0,0,0,0,1,0,1,1
81,"binary",4,"Smooth nonlinear misspecified","GBM",TRUE,"AUC",0.87180510409411,0.0900000000001455,NA,NA,NA,NA,NA,NA,NA,NA,NA,NA,NA,NA,NA
81,"binary",4,"Smooth nonlinear misspecified","Linear",TRUE,"AUC",0.721374119650182,0.0100000000002183,NA,20,0,20,20,0,0,0,0,1,0,1,1
81,"binary",4,"Smooth nonlinear misspecified","Random forest",TRUE,"AUC",0.850838750870676,0.789999999999964,NA,NA,NA,NA,NA,NA,NA,NA,NA,NA,NA,NA,NA
81,"binary",4,"Smooth nonlinear misspecified","RuleFit",TRUE,"AUC",0.761076929030261,16.2799999999997,NA,19,19,0,1,16,2,0,0,0.0526315789473684,0.842105263157895,0.894736842105263,2.05263157894737
82,"binary",4,"Smooth nonlinear misspecified","BRP-GABLE full",TRUE,"AUC",0.869427745009074,319.419999999999,NA,54,50,4,25,29,0,0,0,0.462962962962963,0.537037037037037,1,1.53703703703704
82,"binary",4,"Smooth nonlinear misspecified","BRP-GABLE rule-only",TRUE,"AUC",0.868078399122807,317.740000000001,NA,50,50,0,21,29,0,0,0,0.42,0.58,1,1.58
82,"binary",4,"Smooth nonlinear misspecified","GABLE",TRUE,"AUC",0.776802593768905,7.90999999999985,NA,5,5,0,4,1,0,0,0,0.8,0.2,1,1.2
82,"binary",4,"Smooth nonlinear misspecified","GBM",TRUE,"AUC",0.877871200090744,0.0999999999994543,NA,NA,NA,NA,NA,NA,NA,NA,NA,NA,NA,NA,NA
82,"binary",4,"Smooth nonlinear misspecified","Linear",TRUE,"AUC",0.681105376588022,0.0100000000002183,NA,20,0,20,20,0,0,0,0,1,0,1,1
82,"binary",4,"Smooth nonlinear misspecified","Random forest",TRUE,"AUC",0.842965441621295,0.760000000000218,NA,NA,NA,NA,NA,NA,NA,NA,NA,NA,NA,NA,NA
82,"binary",4,"Smooth nonlinear misspecified","RuleFit",TRUE,"AUC",0.756111048094374,23.0299999999997,NA,20,20,0,3,15,2,0,0,0.15,0.75,0.9,1.95
83,"binary",4,"Smooth nonlinear misspecified","BRP-GABLE full",TRUE,"AUC",0.854885109299473,333.93,NA,44,43,1,14,30,0,0,0,0.318181818181818,0.681818181818182,1,1.68181818181818
83,"binary",4,"Smooth nonlinear misspecified","BRP-GABLE rule-only",TRUE,"AUC",0.855572740062045,333.380000000001,NA,47,47,0,17,30,0,0,0,0.361702127659574,0.638297872340426,1,1.63829787234043
83,"binary",4,"Smooth nonlinear misspecified","GABLE",TRUE,"AUC",0.742260208498665,7.94000000000051,NA,5,5,0,5,0,0,0,0,1,0,1,1
83,"binary",4,"Smooth nonlinear misspecified","GBM",TRUE,"AUC",0.851268847846476,0.0799999999999272,NA,NA,NA,NA,NA,NA,NA,NA,NA,NA,NA,NA,NA
83,"binary",4,"Smooth nonlinear misspecified","Linear",TRUE,"AUC",0.673706803260948,0.0100000000002183,NA,20,0,20,20,0,0,0,0,1,0,1,1
83,"binary",4,"Smooth nonlinear misspecified","Random forest",TRUE,"AUC",0.827039445205974,0.799999999999272,NA,NA,NA,NA,NA,NA,NA,NA,NA,NA,NA,NA,NA
83,"binary",4,"Smooth nonlinear misspecified","RuleFit",TRUE,"AUC",0.730022635451988,19.6999999999998,NA,9,9,0,2,6,1,0,0,0.222222222222222,0.666666666666667,0.888888888888889,1.88888888888889
84,"binary",4,"Smooth nonlinear misspecified","BRP-GABLE full",TRUE,"AUC",0.84078027235922,304.429999999999,NA,48,45,3,25,23,0,0,0,0.520833333333333,0.479166666666667,1,1.47916666666667
84,"binary",4,"Smooth nonlinear misspecified","BRP-GABLE rule-only",TRUE,"AUC",0.840844068212489,303.789999999999,NA,45,45,0,22,23,0,0,0,0.488888888888889,0.511111111111111,1,1.51111111111111
84,"binary",4,"Smooth nonlinear misspecified","GABLE",TRUE,"AUC",0.755836093730831,7.92000000000007,NA,5,5,0,5,0,0,0,0,1,0,1,1
84,"binary",4,"Smooth nonlinear misspecified","GBM",TRUE,"AUC",0.848634523371365,0.0799999999999272,NA,NA,NA,NA,NA,NA,NA,NA,NA,NA,NA,NA,NA
84,"binary",4,"Smooth nonlinear misspecified","Linear",TRUE,"AUC",0.694854619065145,0.0100000000002183,NA,20,0,20,20,0,0,0,0,1,0,1,1
84,"binary",4,"Smooth nonlinear misspecified","Random forest",TRUE,"AUC",0.825933014354067,0.800000000000182,NA,NA,NA,NA,NA,NA,NA,NA,NA,NA,NA,NA,NA
84,"binary",4,"Smooth nonlinear misspecified","RuleFit",TRUE,"AUC",0.752759170653908,21.1300000000001,NA,17,17,0,0,14,3,0,0,0,0.823529411764706,0.823529411764706,2.17647058823529
85,"binary",4,"Smooth nonlinear misspecified","BRP-GABLE full",TRUE,"AUC",0.865528683337324,315.439999999999,NA,47,45,2,20,27,0,0,0,0.425531914893617,0.574468085106383,1,1.57446808510638
85,"binary",4,"Smooth nonlinear misspecified","BRP-GABLE rule-only",TRUE,"AUC",0.866528043160616,313.629999999999,NA,50,50,0,23,27,0,0,0,0.46,0.54,1,1.54
85,"binary",4,"Smooth nonlinear misspecified","GABLE",TRUE,"AUC",0.781565354222967,5.85000000000036,NA,5,5,0,3,2,0,0,0,0.6,0.4,1,1.4
85,"binary",4,"Smooth nonlinear misspecified","GBM",TRUE,"AUC",0.868504772004242,0.069999999999709,NA,NA,NA,NA,NA,NA,NA,NA,NA,NA,NA,NA,NA
85,"binary",4,"Smooth nonlinear misspecified","Linear",TRUE,"AUC",0.672982099486393,0.0100000000002183,NA,20,0,20,20,0,0,0,0,1,0,1,1
85,"binary",4,"Smooth nonlinear misspecified","Random forest",TRUE,"AUC",0.840407856092185,0.760000000000218,NA,NA,NA,NA,NA,NA,NA,NA,NA,NA,NA,NA,NA
85,"binary",4,"Smooth nonlinear misspecified","RuleFit",TRUE,"AUC",0.721581774022509,20.21,NA,19,19,0,2,14,3,0,0,0.105263157894737,0.736842105263158,0.842105263157895,2.05263157894737
86,"binary",4,"Smooth nonlinear misspecified","BRP-GABLE full",TRUE,"AUC",0.833482389710302,332.990000000001,NA,41,40,1,11,30,0,0,0,0.268292682926829,0.731707317073171,1,1.73170731707317
86,"binary",4,"Smooth nonlinear misspecified","BRP-GABLE rule-only",TRUE,"AUC",0.833407861521818,330.66,NA,42,42,0,11,31,0,0,0,0.261904761904762,0.738095238095238,1,1.73809523809524
86,"binary",4,"Smooth nonlinear misspecified","GABLE",TRUE,"AUC",0.720300516889049,7.42000000000007,NA,5,5,0,5,0,0,0,0,1,0,1,1
86,"binary",4,"Smooth nonlinear misspecified","GBM",TRUE,"AUC",0.863786512802019,0.0599999999994907,NA,NA,NA,NA,NA,NA,NA,NA,NA,NA,NA,NA,NA
86,"binary",4,"Smooth nonlinear misspecified","Linear",TRUE,"AUC",0.675398485394879,0,NA,20,0,20,20,0,0,0,0,1,0,1,1
86,"binary",4,"Smooth nonlinear misspecified","Random forest",TRUE,"AUC",0.831246544055776,0.770000000000437,NA,NA,NA,NA,NA,NA,NA,NA,NA,NA,NA,NA,NA
86,"binary",4,"Smooth nonlinear misspecified","RuleFit",TRUE,"AUC",0.772030292102416,17.3299999999999,NA,18,18,0,3,13,2,0,0,0.166666666666667,0.722222222222222,0.888888888888889,1.94444444444444
87,"binary",4,"Smooth nonlinear misspecified","BRP-GABLE full",TRUE,"AUC",0.879294488439493,328.55,NA,55,54,1,31,24,0,0,0,0.563636363636364,0.436363636363636,1,1.43636363636364
87,"binary",4,"Smooth nonlinear misspecified","BRP-GABLE rule-only",TRUE,"AUC",0.879272118075751,327.2,NA,54,54,0,30,24,0,0,0,0.555555555555556,0.444444444444444,1,1.44444444444444
87,"binary",4,"Smooth nonlinear misspecified","GABLE",TRUE,"AUC",0.765822061155603,7.24000000000069,NA,5,5,0,5,0,0,0,0,1,0,1,1
87,"binary",4,"Smooth nonlinear misspecified","GBM",TRUE,"AUC",0.871527001029037,0.0799999999999272,NA,NA,NA,NA,NA,NA,NA,NA,NA,NA,NA,NA,NA
87,"binary",4,"Smooth nonlinear misspecified","Linear",TRUE,"AUC",0.719371243643088,0,NA,20,0,20,20,0,0,0,0,1,0,1,1
87,"binary",4,"Smooth nonlinear misspecified","Random forest",TRUE,"AUC",0.859205901799074,0.759999999999309,NA,NA,NA,NA,NA,NA,NA,NA,NA,NA,NA,NA,NA
87,"binary",4,"Smooth nonlinear misspecified","RuleFit",TRUE,"AUC",0.807903200950492,18.8199999999997,NA,23,23,0,7,15,1,0,0,0.304347826086957,0.652173913043478,0.956521739130435,1.73913043478261
88,"binary",4,"Smooth nonlinear misspecified","BRP-GABLE full",TRUE,"AUC",0.870042209529384,331.13,NA,42,42,0,19,23,0,0,0,0.452380952380952,0.547619047619048,1,1.54761904761905
88,"binary",4,"Smooth nonlinear misspecified","BRP-GABLE rule-only",TRUE,"AUC",0.872287591861747,329.359999999999,NA,45,45,0,21,24,0,0,0,0.466666666666667,0.533333333333333,1,1.53333333333333
88,"binary",4,"Smooth nonlinear misspecified","GABLE",TRUE,"AUC",0.735049457861353,8.25,NA,5,5,0,5,0,0,0,0,1,0,1,1
88,"binary",4,"Smooth nonlinear misspecified","GBM",TRUE,"AUC",0.878362928783423,0.0900000000001455,NA,NA,NA,NA,NA,NA,NA,NA,NA,NA,NA,NA,NA
88,"binary",4,"Smooth nonlinear misspecified","Linear",TRUE,"AUC",0.713482812078419,0.0200000000004366,NA,20,0,20,20,0,0,0,0,1,0,1,1
88,"binary",4,"Smooth nonlinear misspecified","Random forest",TRUE,"AUC",0.854688093071326,0.75,NA,NA,NA,NA,NA,NA,NA,NA,NA,NA,NA,NA,NA
88,"binary",4,"Smooth nonlinear misspecified","RuleFit",TRUE,"AUC",0.721261621339821,16.8299999999999,NA,6,6,0,3,3,0,0,0,0.5,0.5,1,1.5
89,"binary",4,"Smooth nonlinear misspecified","BRP-GABLE full",TRUE,"AUC",0.857343994273982,338.940000000001,NA,49,47,2,27,22,0,0,0,0.551020408163265,0.448979591836735,1,1.44897959183673
89,"binary",4,"Smooth nonlinear misspecified","BRP-GABLE rule-only",TRUE,"AUC",0.857873745079204,337.56,NA,49,49,0,27,22,0,0,0,0.551020408163265,0.448979591836735,1,1.44897959183673
89,"binary",4,"Smooth nonlinear misspecified","GABLE",TRUE,"AUC",0.769534855248535,7.84000000000015,NA,5,5,0,5,0,0,0,0,1,0,1,1
89,"binary",4,"Smooth nonlinear misspecified","GBM",TRUE,"AUC",0.860833286244373,0.0700000000006185,NA,NA,NA,NA,NA,NA,NA,NA,NA,NA,NA,NA,NA
89,"binary",4,"Smooth nonlinear misspecified","Linear",TRUE,"AUC",0.690220564690814,0.00999999999930878,NA,20,0,20,20,0,0,0,0,1,0,1,1
89,"binary",4,"Smooth nonlinear misspecified","Random forest",TRUE,"AUC",0.825980392156863,0.779999999999745,NA,NA,NA,NA,NA,NA,NA,NA,NA,NA,NA,NA,NA
89,"binary",4,"Smooth nonlinear misspecified","RuleFit",TRUE,"AUC",0.777966133619634,30.4099999999999,NA,29,29,0,5,16,8,0,0,0.172413793103448,0.551724137931034,0.724137931034483,2.10344827586207
90,"binary",4,"Smooth nonlinear misspecified","BRP-GABLE full",TRUE,"AUC",0.837961664329126,325.759999999999,NA,48,45,3,26,22,0,0,0,0.541666666666667,0.458333333333333,1,1.45833333333333
90,"binary",4,"Smooth nonlinear misspecified","BRP-GABLE rule-only",TRUE,"AUC",0.837092099111734,322.799999999999,NA,44,44,0,22,22,0,0,0,0.5,0.5,1,1.5
90,"binary",4,"Smooth nonlinear misspecified","GABLE",TRUE,"AUC",0.771701729780271,7.06999999999971,NA,5,5,0,5,0,0,0,0,1,0,1,1
90,"binary",4,"Smooth nonlinear misspecified","GBM",TRUE,"AUC",0.8540603085554,0.0999999999994543,NA,NA,NA,NA,NA,NA,NA,NA,NA,NA,NA,NA,NA
90,"binary",4,"Smooth nonlinear misspecified","Linear",TRUE,"AUC",0.689130434782609,0.0100000000002183,NA,20,0,20,20,0,0,0,0,1,0,1,1
90,"binary",4,"Smooth nonlinear misspecified","Random forest",TRUE,"AUC",0.840993454885461,0.730000000000473,NA,NA,NA,NA,NA,NA,NA,NA,NA,NA,NA,NA,NA
90,"binary",4,"Smooth nonlinear misspecified","RuleFit",TRUE,"AUC",0.782784011220196,21.1400000000003,NA,17,17,0,1,11,5,0,0,0.0588235294117647,0.647058823529412,0.705882352941177,2.23529411764706
91,"binary",4,"Smooth nonlinear misspecified","BRP-GABLE full",TRUE,"AUC",0.848605731244339,325.940000000001,NA,51,49,2,30,21,0,0,0,0.588235294117647,0.411764705882353,1,1.41176470588235
91,"binary",4,"Smooth nonlinear misspecified","BRP-GABLE rule-only",TRUE,"AUC",0.847789115646258,324.950000000001,NA,53,53,0,32,21,0,0,0,0.60377358490566,0.39622641509434,1,1.39622641509434
91,"binary",4,"Smooth nonlinear misspecified","GABLE",TRUE,"AUC",0.767042936154632,7.36999999999989,NA,5,5,0,5,0,0,0,0,1,0,1,1
91,"binary",4,"Smooth nonlinear misspecified","GBM",TRUE,"AUC",0.866462874101482,0.0900000000001455,NA,NA,NA,NA,NA,NA,NA,NA,NA,NA,NA,NA,NA
91,"binary",4,"Smooth nonlinear misspecified","Linear",TRUE,"AUC",0.654434294964445,0,NA,20,0,20,20,0,0,0,0,1,0,1,1
91,"binary",4,"Smooth nonlinear misspecified","Random forest",TRUE,"AUC",0.84433957719065,0.909999999999854,NA,NA,NA,NA,NA,NA,NA,NA,NA,NA,NA,NA,NA
91,"binary",4,"Smooth nonlinear misspecified","RuleFit",TRUE,"AUC",0.741190668902122,17.1099999999997,NA,11,11,0,2,7,2,0,0,0.181818181818182,0.636363636363636,0.818181818181818,2
92,"binary",4,"Smooth nonlinear misspecified","BRP-GABLE full",TRUE,"AUC",0.8279998648329,314.329999999999,NA,39,37,2,10,29,0,0,0,0.256410256410256,0.743589743589744,1,1.74358974358974
92,"binary",4,"Smooth nonlinear misspecified","BRP-GABLE rule-only",TRUE,"AUC",0.829995993260955,312.53,NA,38,38,0,9,29,0,0,0,0.236842105263158,0.763157894736842,1,1.76315789473684
92,"binary",4,"Smooth nonlinear misspecified","GABLE",TRUE,"AUC",0.747370275789159,6.69999999999982,NA,5,5,0,4,1,0,0,0,0.8,0.2,1,1.2
92,"binary",4,"Smooth nonlinear misspecified","GBM",TRUE,"AUC",0.842658254123803,0.0799999999999272,NA,NA,NA,NA,NA,NA,NA,NA,NA,NA,NA,NA,NA
92,"binary",4,"Smooth nonlinear misspecified","Linear",TRUE,"AUC",0.672996992532018,0,NA,20,0,20,20,0,0,0,0,1,0,1,1
92,"binary",4,"Smooth nonlinear misspecified","Random forest",TRUE,"AUC",0.807179303985981,0.779999999999745,NA,NA,NA,NA,NA,NA,NA,NA,NA,NA,NA,NA,NA
92,"binary",4,"Smooth nonlinear misspecified","RuleFit",TRUE,"AUC",0.732818089219941,27.3500000000004,NA,24,24,0,2,18,4,0,0,0.0833333333333333,0.75,0.833333333333333,2.08333333333333
93,"binary",4,"Smooth nonlinear misspecified","BRP-GABLE full",TRUE,"AUC",0.859555235004207,348.37,NA,31,29,2,12,19,0,0,0,0.387096774193548,0.612903225806452,1,1.61290322580645
93,"binary",4,"Smooth nonlinear misspecified","BRP-GABLE rule-only",TRUE,"AUC",0.857684817886765,347.95,NA,37,37,0,15,22,0,0,0,0.405405405405405,0.594594594594595,1,1.59459459459459
93,"binary",4,"Smooth nonlinear misspecified","GABLE",TRUE,"AUC",0.78523380213968,7.94000000000051,NA,5,5,0,3,2,0,0,0,0.6,0.4,1,1.4
93,"binary",4,"Smooth nonlinear misspecified","GBM",TRUE,"AUC",0.869508354369516,0.069999999999709,NA,NA,NA,NA,NA,NA,NA,NA,NA,NA,NA,NA,NA
93,"binary",4,"Smooth nonlinear misspecified","Linear",TRUE,"AUC",0.711821132347638,0.0100000000002183,NA,20,0,20,20,0,0,0,0,1,0,1,1
93,"binary",4,"Smooth nonlinear misspecified","Random forest",TRUE,"AUC",0.841579516768842,0.949999999999818,NA,NA,NA,NA,NA,NA,NA,NA,NA,NA,NA,NA,NA
93,"binary",4,"Smooth nonlinear misspecified","RuleFit",TRUE,"AUC",0.75357134270946,19.6199999999999,NA,14,14,0,2,10,2,0,0,0.142857142857143,0.714285714285714,0.857142857142857,2
94,"binary",4,"Smooth nonlinear misspecified","BRP-GABLE full",TRUE,"AUC",0.84816972512285,313.590000000001,NA,46,44,2,20,26,0,0,0,0.434782608695652,0.565217391304348,1,1.56521739130435
94,"binary",4,"Smooth nonlinear misspecified","BRP-GABLE rule-only",TRUE,"AUC",0.848882351812039,312.35,NA,45,45,0,19,26,0,0,0,0.422222222222222,0.577777777777778,1,1.57777777777778
94,"binary",4,"Smooth nonlinear misspecified","GABLE",TRUE,"AUC",0.757359010288698,7.58999999999924,NA,5,5,0,5,0,0,0,0,1,0,1,1
94,"binary",4,"Smooth nonlinear misspecified","GBM",TRUE,"AUC",0.846506929514742,0.069999999999709,NA,NA,NA,NA,NA,NA,NA,NA,NA,NA,NA,NA,NA
94,"binary",4,"Smooth nonlinear misspecified","Linear",TRUE,"AUC",0.671611064189189,0.0100000000002183,NA,20,0,20,20,0,0,0,0,1,0,1,1
94,"binary",4,"Smooth nonlinear misspecified","Random forest",TRUE,"AUC",0.836458173372236,0.780000000000655,NA,NA,NA,NA,NA,NA,NA,NA,NA,NA,NA,NA,NA
94,"binary",4,"Smooth nonlinear misspecified","RuleFit",TRUE,"AUC",0.707405558968059,16.3299999999999,NA,11,11,0,3,8,0,0,0,0.272727272727273,0.727272727272727,1,1.72727272727273
95,"binary",4,"Smooth nonlinear misspecified","BRP-GABLE full",TRUE,"AUC",0.860752665174264,337.34,NA,51,50,1,30,21,0,0,0,0.588235294117647,0.411764705882353,1,1.41176470588235
95,"binary",4,"Smooth nonlinear misspecified","BRP-GABLE rule-only",TRUE,"AUC",0.861798297520425,336.07,NA,50,50,0,30,20,0,0,0,0.6,0.4,1,1.4
95,"binary",4,"Smooth nonlinear misspecified","GABLE",TRUE,"AUC",0.776503215319464,7.78999999999996,NA,5,5,0,5,0,0,0,0,1,0,1,1
95,"binary",4,"Smooth nonlinear misspecified","GBM",TRUE,"AUC",0.869269815921178,0.0599999999994907,NA,NA,NA,NA,NA,NA,NA,NA,NA,NA,NA,NA,NA
95,"binary",4,"Smooth nonlinear misspecified","Linear",TRUE,"AUC",0.702118356075837,0.0200000000004366,NA,20,0,20,20,0,0,0,0,1,0,1,1
95,"binary",4,"Smooth nonlinear misspecified","Random forest",TRUE,"AUC",0.849958887637299,0.730000000000473,NA,NA,NA,NA,NA,NA,NA,NA,NA,NA,NA,NA,NA
95,"binary",4,"Smooth nonlinear misspecified","RuleFit",TRUE,"AUC",0.80570012214887,17.0100000000002,NA,16,16,0,6,9,1,0,0,0.375,0.5625,0.9375,1.6875
96,"binary",4,"Smooth nonlinear misspecified","BRP-GABLE full",TRUE,"AUC",0.859709438235079,306.61,NA,46,44,2,13,33,0,0,0,0.282608695652174,0.717391304347826,1,1.71739130434783
96,"binary",4,"Smooth nonlinear misspecified","BRP-GABLE rule-only",TRUE,"AUC",0.859188947329973,306.64,NA,46,46,0,13,33,0,0,0,0.282608695652174,0.717391304347826,1,1.71739130434783
96,"binary",4,"Smooth nonlinear misspecified","GABLE",TRUE,"AUC",0.76329534662868,7.09000000000015,NA,4,4,0,3,1,0,0,0,0.75,0.25,1,1.25
96,"binary",4,"Smooth nonlinear misspecified","GBM",TRUE,"AUC",0.864001205347359,0.069999999999709,NA,NA,NA,NA,NA,NA,NA,NA,NA,NA,NA,NA,NA
96,"binary",4,"Smooth nonlinear misspecified","Linear",TRUE,"AUC",0.664981919789612,0.0200000000004366,NA,20,0,20,20,0,0,0,0,1,0,1,1
96,"binary",4,"Smooth nonlinear misspecified","Random forest",TRUE,"AUC",0.833808167141501,0.789999999999964,NA,NA,NA,NA,NA,NA,NA,NA,NA,NA,NA,NA,NA
96,"binary",4,"Smooth nonlinear misspecified","RuleFit",TRUE,"AUC",0.744929779384908,20.6700000000001,NA,22,22,0,5,14,3,0,0,0.227272727272727,0.636363636363636,0.863636363636364,1.90909090909091
97,"binary",4,"Smooth nonlinear misspecified","BRP-GABLE full",TRUE,"AUC",0.838935612977001,321.5,NA,46,45,1,27,19,0,0,0,0.58695652173913,0.41304347826087,1,1.41304347826087
97,"binary",4,"Smooth nonlinear misspecified","BRP-GABLE rule-only",TRUE,"AUC",0.838403050591121,319.75,NA,50,50,0,32,18,0,0,0,0.64,0.36,1,1.36
97,"binary",4,"Smooth nonlinear misspecified","GABLE",TRUE,"AUC",0.755018997030561,6.88999999999942,NA,5,5,0,5,0,0,0,0,1,0,1,1
97,"binary",4,"Smooth nonlinear misspecified","GBM",TRUE,"AUC",0.846550563455615,0.0599999999994907,NA,NA,NA,NA,NA,NA,NA,NA,NA,NA,NA,NA,NA
97,"binary",4,"Smooth nonlinear misspecified","Linear",TRUE,"AUC",0.680139803389956,0.0200000000004366,NA,20,0,20,20,0,0,0,0,1,0,1,1
97,"binary",4,"Smooth nonlinear misspecified","Random forest",TRUE,"AUC",0.817349545362327,0.770000000000437,NA,NA,NA,NA,NA,NA,NA,NA,NA,NA,NA,NA,NA
97,"binary",4,"Smooth nonlinear misspecified","RuleFit",TRUE,"AUC",0.695106881351556,16.4000000000005,NA,7,7,0,0,6,1,0,0,0,0.857142857142857,0.857142857142857,2.14285714285714
98,"binary",4,"Smooth nonlinear misspecified","BRP-GABLE full",TRUE,"AUC",0.852209611205023,330.68,NA,40,39,1,11,29,0,0,0,0.275,0.725,1,1.725
98,"binary",4,"Smooth nonlinear misspecified","BRP-GABLE rule-only",TRUE,"AUC",0.852171730802922,332.220000000001,NA,38,38,0,9,29,0,0,0,0.236842105263158,0.763157894736842,1,1.76315789473684
98,"binary",4,"Smooth nonlinear misspecified","GABLE",TRUE,"AUC",0.77323607540094,6.3100000000004,NA,5,5,0,3,2,0,0,0,0.6,0.4,1,1.4
98,"binary",4,"Smooth nonlinear misspecified","GBM",TRUE,"AUC",0.860313649729392,0.0799999999999272,NA,NA,NA,NA,NA,NA,NA,NA,NA,NA,NA,NA,NA
98,"binary",4,"Smooth nonlinear misspecified","Linear",TRUE,"AUC",0.669971731749933,0,NA,20,0,20,20,0,0,0,0,1,0,1,1
98,"binary",4,"Smooth nonlinear misspecified","Random forest",TRUE,"AUC",0.831436945703179,0.839999999999236,NA,NA,NA,NA,NA,NA,NA,NA,NA,NA,NA,NA,NA
98,"binary",4,"Smooth nonlinear misspecified","RuleFit",TRUE,"AUC",0.706540524927672,15.6899999999996,NA,16,16,0,3,11,2,0,0,0.1875,0.6875,0.875,1.9375
99,"binary",4,"Smooth nonlinear misspecified","BRP-GABLE full",TRUE,"AUC",0.847614322450805,312.29,NA,50,49,1,24,26,0,0,0,0.48,0.52,1,1.52
99,"binary",4,"Smooth nonlinear misspecified","BRP-GABLE rule-only",TRUE,"AUC",0.84790781529517,312.49,NA,52,52,0,23,29,0,0,0,0.442307692307692,0.557692307692308,1,1.55769230769231
99,"binary",4,"Smooth nonlinear misspecified","GABLE",TRUE,"AUC",0.758525268336315,6.34000000000015,NA,5,5,0,5,0,0,0,0,1,0,1,1
99,"binary",4,"Smooth nonlinear misspecified","GBM",TRUE,"AUC",0.834859030262373,0.0600000000004002,NA,NA,NA,NA,NA,NA,NA,NA,NA,NA,NA,NA,NA
99,"binary",4,"Smooth nonlinear misspecified","Linear",TRUE,"AUC",0.686489080202743,0,NA,20,0,20,20,0,0,0,0,1,0,1,1
99,"binary",4,"Smooth nonlinear misspecified","Random forest",TRUE,"AUC",0.826715768485391,0.710000000000036,NA,NA,NA,NA,NA,NA,NA,NA,NA,NA,NA,NA,NA
99,"binary",4,"Smooth nonlinear misspecified","RuleFit",TRUE,"AUC",0.700513845408468,16.0900000000001,NA,11,11,0,0,9,2,0,0,0,0.818181818181818,0.818181818181818,2.18181818181818
100,"binary",4,"Smooth nonlinear misspecified","BRP-GABLE full",TRUE,"AUC",0.871477745757285,289.59,NA,49,48,1,13,36,0,0,0,0.26530612244898,0.73469387755102,1,1.73469387755102
100,"binary",4,"Smooth nonlinear misspecified","BRP-GABLE rule-only",TRUE,"AUC",0.871583695918329,288.14,NA,48,48,0,12,36,0,0,0,0.25,0.75,1,1.75
100,"binary",4,"Smooth nonlinear misspecified","GABLE",TRUE,"AUC",0.761266033791038,6.14999999999964,NA,5,5,0,4,1,0,0,0,0.8,0.2,1,1.2
100,"binary",4,"Smooth nonlinear misspecified","GBM",TRUE,"AUC",0.868668889265601,0.0799999999999272,NA,NA,NA,NA,NA,NA,NA,NA,NA,NA,NA,NA,NA
100,"binary",4,"Smooth nonlinear misspecified","Linear",TRUE,"AUC",0.655360607259234,0.00999999999930878,NA,20,0,20,20,0,0,0,0,1,0,1,1
100,"binary",4,"Smooth nonlinear misspecified","Random forest",TRUE,"AUC",0.833738298393325,0.690000000000509,NA,NA,NA,NA,NA,NA,NA,NA,NA,NA,NA,NA,NA
100,"binary",4,"Smooth nonlinear misspecified","RuleFit",TRUE,"AUC",0.752427435911925,12.9700000000003,NA,14,14,0,0,12,2,0,0,0,0.857142857142857,0.857142857142857,2.14285714285714
